ASV	BLAST_Top1_Accession	BLAST_Top1_TaxID	BLAST_Top1_Evalue	BLAST_Top1_Bitscore	BLAST_Top1_Pident	BLAST_Top1_Qcovus	BLAST_Top1_AlignmentLength	BLAST_AmbiguousTopHit	BLAST_SelectionStatus	BLAST_Top1_Kingdom	BLAST_Top1_Phylum	BLAST_Top1_Class	BLAST_Top1_Order	BLAST_Top1_Family	BLAST_Top1_Genus	BLAST_Top1_Species	BLAST_Top2_Accession	BLAST_Top2_Species	BLAST_Top2_Evalue	BLAST_Top2_Bitscore	BLAST_Top2_Pident	BLAST_Top2_Qcovus	BLAST_Top2_AlignmentLength
00b0c1b2dd29f6dde895345a89eab2d4	NR_171785	900002	1.99e-19	83.3	77.273	73	110	False	candidate_available	Fungi	Basidiomycota	Tremellomycetes	Tremellales	Tremellaceae	Cryptococcus	Cryptococcus_neoformans	NR_111475	Malassezia_globosa	3.5899999999999997e-16	72.5	83.58200000000002	55	67
00ee2a2c090f05308822650762e66a5b	NR_130691	900007	2.48e-32	125.0	91.011	45	89	False	candidate_available	Fungi	Ascomycota	Saccharomycetes	Saccharomycetales	Saccharomycetaceae	Nakaseomyces	Nakaseomyces_glabratus	NR_171785	Cryptococcus_neoformans	8.66e-32	123.0	90.909	43	88
010b07e3b6da2a38547e45cd063dd63d	NR_130667	900010	8.979999999999995e-119	412.0	100.0	100	228	False	candidate_available	Fungi	Basidiomycota	Tremellomycetes	Trichosporonales	Trichosporonaceae	Cutaneotrichosporon	Cutaneotrichosporon_dermatis	NR_171785	Cryptococcus_neoformans	7.4e-25	100.0	71.795	84	195
01bb26a8a1751eb3c5b4b7ecb7e47993	NR_130691	900007	2.48e-32	125.0	91.011	63	89	False	candidate_available	Fungi	Ascomycota	Saccharomycetes	Saccharomycetales	Saccharomycetaceae	Nakaseomyces	Nakaseomyces_glabratus	NR_171785	Cryptococcus_neoformans	8.66e-32	123.0	90.909	45	88
031b9c6bdcad084cb3a095a0d198cebd	NR_111007	900009	6.66e-08	44.6	100.0	56	24	False	candidate_available	Fungi	Ascomycota	Saccharomycetes	Saccharomycetales	Saccharomycetaceae	Saccharomyces	Saccharomyces_cerevisiae	NR_130691	Nakaseomyces_glabratus	6.66e-08	44.6	100.0	44	24
034dd71309f0853471154f43bc02abd1	NR_121481	900001	9.89e-06	37.4	100.0	53	20	False	candidate_available	Fungi	Ascomycota	Eurotiomycetes	Eurotiales	Aspergillaceae	Aspergillus	Aspergillus_fumigatus	NR_130690	Fusarium_keratoplasticum	9.89e-06	37.4	100.0	49	20
04054fce3ae97d78e67d2d454985add2	NR_121481	900001	9.89e-06	37.4	100.0	56	20	False	candidate_available	Fungi	Ascomycota	Eurotiomycetes	Eurotiales	Aspergillaceae	Aspergillus	Aspergillus_fumigatus	NR_077145	Penicillium_chrysogenum	9.89e-06	37.4	100.0	53	20
04afb5de4ef391d0ab8c50f4bfe0e962	NR_121481	900001	2.82e-06	39.2	100.0	45	21	False	candidate_available	Fungi	Ascomycota	Eurotiomycetes	Eurotiales	Aspergillaceae	Aspergillus	Aspergillus_fumigatus	NR_111007	Saccharomyces_cerevisiae	2.82e-06	39.2	100.0	43	21
05697bc7833ce61e4a0e0ca5e59744b4	NR_171785	900002	5.690000000000001e-20	85.1	89.06200000000003	62	64	False	candidate_available	Fungi	Basidiomycota	Tremellomycetes	Tremellales	Tremellaceae	Cryptococcus	Cryptococcus_neoformans	NR_130667	Cutaneotrichosporon_dermatis	6.93e-19	81.5	89.06200000000003	69	64
05b496404be4e237c87028a88f649e1a	NR_121481	900001	0.00042	31.9	100.0	46	17	False	candidate_available	Fungi	Ascomycota	Eurotiomycetes	Eurotiales	Aspergillaceae	Aspergillus	Aspergillus_fumigatus	NR_130691	Nakaseomyces_glabratus	0.00042	31.9	100.0	45	17
0768181f519364a9439b4901c0812f7d	NR_130691	900007	2.48e-32	125.0	91.011	51	89	False	candidate_available	Fungi	Ascomycota	Saccharomycetes	Saccharomycetales	Saccharomycetaceae	Nakaseomyces	Nakaseomyces_glabratus	NR_171785	Cryptococcus_neoformans	8.66e-32	123.0	90.909	45	88
091b9ab07282fb2810730607e7c73a6b	NR_125332	900006	0.000127	31.9	100.0	76	17	False	candidate_available	Fungi	Ascomycota	Saccharomycetes	Saccharomycetales	Debaryomycetaceae	Candida	Candida_albicans	NR_130691	Nakaseomyces_glabratus	0.000127	31.9	100.0	48	17
0ae1e837235a2579609ba6290feae7d9	NR_130691	900007	1.0499999999999999e-30	121.0	89.88799999999998	51	89	False	candidate_available	Fungi	Ascomycota	Saccharomycetes	Saccharomycetales	Saccharomycetaceae	Nakaseomyces	Nakaseomyces_glabratus	NR_171785	Cryptococcus_neoformans	3.68e-30	119.0	89.773	45	88
0b670ea5bad69a636e48836a55475086	NR_130691	900007	2.48e-32	125.0	91.011	47	89	False	candidate_available	Fungi	Ascomycota	Saccharomycetes	Saccharomycetales	Saccharomycetaceae	Nakaseomyces	Nakaseomyces_glabratus	NR_171785	Cryptococcus_neoformans	8.66e-32	123.0	90.909	40	88
0b9eb13a7db8bebd0a71d05bfce5f411	NR_171785	900002	5.67e-20	85.1	89.06200000000003	55	64	False	candidate_available	Fungi	Basidiomycota	Tremellomycetes	Tremellales	Tremellaceae	Cryptococcus	Cryptococcus_neoformans	NR_130667	Cutaneotrichosporon_dermatis	6.9e-19	81.5	89.06200000000003	61	64
0d2054ad18668ff06200cd375bad78fc	NR_130667	900010	1.9599999999999998e-19	82.4	90.0	59	60	False	candidate_available	Fungi	Basidiomycota	Tremellomycetes	Trichosporonales	Trichosporonaceae	Cutaneotrichosporon	Cutaneotrichosporon_dermatis	NR_111475	Malassezia_globosa	1.01e-16	73.4	86.667	59	60
0d2a77295862dea2a5fc3940be192278	NR_077145	900004	0.001	30.1	100.0	44	16	False	candidate_available	Fungi	Ascomycota	Eurotiomycetes	Eurotiales	Aspergillaceae	Penicillium	Penicillium_chrysogenum	NR_144900	Trichophyton_interdigitale	0.001	30.1	100.0	43	16
0d3edc0897c2b3a22e9e71d741ee679e	NR_171785	900002	3.84e-22	92.4	92.063	45	63	False	candidate_available	Fungi	Basidiomycota	Tremellomycetes	Tremellales	Tremellaceae	Cryptococcus	Cryptococcus_neoformans	NR_130667	Cutaneotrichosporon_dermatis	4.670000000000001e-21	88.7	92.063	56	63
0dc05c777d2a965f0a5d08d7b7a56458	NR_144900	900003	4.09e-28	112.0	93.421	62	76	False	candidate_available	Fungi	Ascomycota	Eurotiomycetes	Onygenales	Arthrodermataceae	Trichophyton	Trichophyton_interdigitale	NR_121481	Aspergillus_fumigatus	1.74e-26	105.0	88.235	72	85
0e3a92d5368de742d7e37a8b3d7f4bfa	NR_144900	900003	6.829999999999997e-89	313.0	100.0	82	173	False	candidate_available	Fungi	Ascomycota	Eurotiomycetes	Onygenales	Arthrodermataceae	Trichophyton	Trichophyton_interdigitale	NR_121481	Aspergillus_fumigatus	2.91e-68	244.0	92.814	100	167
0f360b09103c67271c91a7874e444b09	NR_171785	900002	3.15e-23	96.0	75.155	77	161	False	candidate_available	Fungi	Basidiomycota	Tremellomycetes	Tremellales	Tremellaceae	Cryptococcus	Cryptococcus_neoformans	NR_111475	Malassezia_globosa	4.379999999999999e-15	68.9	85.484	45	62
0f3757bb9559984673430e50398b09b4	NR_077145	900004	7.4e-25	101.0	71.545	100	246	False	candidate_available	Fungi	Ascomycota	Eurotiomycetes	Eurotiales	Aspergillaceae	Penicillium	Penicillium_chrysogenum	NR_130690	Fusarium_keratoplasticum	3.15e-23	96.0	70.196	100	255
0fa00e784c08052273ca73e81a15e062	NR_130667	900010	1.99e-19	83.3	89.23100000000002	43	65	False	candidate_available	Fungi	Basidiomycota	Tremellomycetes	Trichosporonales	Trichosporonaceae	Cutaneotrichosporon	Cutaneotrichosporon_dermatis	NR_171785	Cryptococcus_neoformans	2.95e-17	76.1	85.93799999999997	54	64
0fb48a8ab7edb9fc5d7e0721fd6a71ed	NR_130691	900007	1.96e-06	39.2	100.0	53	21	False	candidate_available	Fungi	Ascomycota	Saccharomycetes	Saccharomycetales	Saccharomycetaceae	Nakaseomyces	Nakaseomyces_glabratus	NR_111007	Saccharomyces_cerevisiae	1.96e-06	39.2	100.0	47	21
103944e65cf9b9d2dac28c3bd3fabb2e	NR_171785	900002	1.53e-14	67.1	82.81200000000003	57	64	False	candidate_available	Fungi	Basidiomycota	Tremellomycetes	Tremellales	Tremellaceae	Cryptococcus	Cryptococcus_neoformans	NR_130667	Cutaneotrichosporon_dermatis	1.53e-14	67.1	75.758	71	99
1081bb0a739150388231c3df65f909dc	NR_130667	900010	9.89e-06	38.3	95.652	50	23	False	candidate_available	Fungi	Basidiomycota	Tremellomycetes	Trichosporonales	Trichosporonaceae	Cutaneotrichosporon	Cutaneotrichosporon_dermatis	NR_121481	Aspergillus_fumigatus	9.89e-06	38.3	95.652	44	23
10bd3d3bd7cf83389aa23b472f7e1b02	NR_125332	900006	1.3399999999999996e-78	279.0	89.13	100	230	False	candidate_available	Fungi	Ascomycota	Saccharomycetes	Saccharomycetales	Debaryomycetaceae	Candida	Candida_albicans	NR_130691	Nakaseomyces_glabratus	4.99e-27	108.0	85.87	64	92
11472a6b13e3d38e37aa6d6f3b131991	NR_144900	900003	7.48e-06	37.4	100.0	58	20	False	candidate_available	Fungi	Ascomycota	Eurotiomycetes	Onygenales	Arthrodermataceae	Trichophyton	Trichophyton_interdigitale	NR_130691	Nakaseomyces_glabratus	7.48e-06	37.4	100.0	43	20
115c4ab3a2c4442ff28c495a79bd59ea	NR_171785	900002	5.690000000000001e-20	84.2	76.991	75	113	False	candidate_available	Fungi	Basidiomycota	Tremellomycetes	Tremellales	Tremellaceae	Cryptococcus	Cryptococcus_neoformans	NR_130667	Cutaneotrichosporon_dermatis	6.93e-19	80.6	87.87899999999998	48	66
117e36b53921c2986d9b3bf373166f23	NR_130667	900010	6.93e-19	80.6	92.593	50	54	False	candidate_available	Fungi	Basidiomycota	Tremellomycetes	Trichosporonales	Trichosporonaceae	Cutaneotrichosporon	Cutaneotrichosporon_dermatis	NR_130691	Nakaseomyces_glabratus	1.03e-16	74.3	90.566	54	53
119831b712be8db7b70c0d6d950624da	NR_130691	900007	8.11e-26	104.0	86.20700000000002	56	87	False	candidate_available	Fungi	Ascomycota	Saccharomycetes	Saccharomycetales	Saccharomycetaceae	Nakaseomyces	Nakaseomyces_glabratus	NR_130667	Cutaneotrichosporon_dermatis	2.8300000000000003e-25	103.0	85.39299999999999	48	89
120b958eec2e26323850dffc01440286	NR_130667	900010	6.93e-19	80.6	87.87899999999998	55	66	False	candidate_available	Fungi	Basidiomycota	Tremellomycetes	Trichosporonales	Trichosporonaceae	Cutaneotrichosporon	Cutaneotrichosporon_dermatis	NR_171785	Cryptococcus_neoformans	6.93e-19	80.6	87.5	61	64
127a250c366f54f7a8ff08616edff9c2	NR_144900	900003	1.91e-06	37.4	100.0	87	20	False	candidate_available	Fungi	Ascomycota	Eurotiomycetes	Onygenales	Arthrodermataceae	Trichophyton	Trichophyton_interdigitale	NR_130690	Fusarium_keratoplasticum	1.91e-06	37.4	100.0	76	20
12cc799b99ed75d931516e3b1cc680ad	NR_130667	900010	4.670000000000001e-21	87.8	81.633	67	98	False	candidate_available	Fungi	Basidiomycota	Tremellomycetes	Trichosporonales	Trichosporonaceae	Cutaneotrichosporon	Cutaneotrichosporon_dermatis	NR_171785	Cryptococcus_neoformans	2.95e-17	76.1	85.93799999999997	65	64
1458c99c0a4aa2958f73d7262165066a	NR_077145	900004	1.1999999999999992e-156	539.0	99.668	100	301	False	candidate_available	Fungi	Ascomycota	Eurotiomycetes	Eurotiales	Aspergillaceae	Penicillium	Penicillium_chrysogenum	NR_121481	Aspergillus_fumigatus	2.6399999999999986e-133	462.0	94.426	100	305
1498268fea63f9f27158b65ab52ae8ed	NR_171785	900002	2.42e-18	79.7	77.273	76	110	False	candidate_available	Fungi	Basidiomycota	Tremellomycetes	Tremellales	Tremellaceae	Cryptococcus	Cryptococcus_neoformans	NR_111475	Malassezia_globosa	2.27e-12	59.9	82.258	37	62
14f563b611081c3d96a3656b7e727a14	NR_130691	900007	2.48e-32	125.0	91.011	51	89	False	candidate_available	Fungi	Ascomycota	Saccharomycetes	Saccharomycetales	Saccharomycetaceae	Nakaseomyces	Nakaseomyces_glabratus	NR_171785	Cryptococcus_neoformans	8.66e-32	123.0	90.909	49	88
15341b177fd17d7c5a13510e07a8a807	NR_144900	900003	7.11e-14	65.3	73.387	50	124	False	candidate_available	Fungi	Ascomycota	Eurotiomycetes	Onygenales	Arthrodermataceae	Trichophyton	Trichophyton_interdigitale	NR_130690	Fusarium_keratoplasticum	2.48e-13	62.6	77.778	47	90
1540d97c8f1d072ae65b7a4c33585746	NR_077145	900004	2.12e-25	102.0	87.95200000000001	65	83	False	candidate_available	Fungi	Ascomycota	Eurotiomycetes	Eurotiales	Aspergillaceae	Penicillium	Penicillium_chrysogenum	NR_121481	Aspergillus_fumigatus	2.12e-25	102.0	87.95200000000001	60	83
158508c453d93903d315196a844918ef	NR_130691	900007	3.2200000000000003e-05	35.6	100.0	56	19	False	candidate_available	Fungi	Ascomycota	Saccharomycetes	Saccharomycetales	Saccharomycetaceae	Nakaseomyces	Nakaseomyces_glabratus	NR_111007	Saccharomyces_cerevisiae	3.2200000000000003e-05	35.6	100.0	46	19
16703d0a4083f43db27f62158cbd405a	NR_077145	900004	6.08e-26	104.0	88.095	59	84	False	candidate_available	Fungi	Ascomycota	Eurotiomycetes	Eurotiales	Aspergillaceae	Penicillium	Penicillium_chrysogenum	NR_121481	Aspergillus_fumigatus	6.08e-26	104.0	88.095	56	84
169e5e3b66682ea6eb26c477ce213b7c	NR_121481	900001	2.82e-06	39.2	100.0	46	21	False	candidate_available	Fungi	Ascomycota	Eurotiomycetes	Eurotiales	Aspergillaceae	Aspergillus	Aspergillus_fumigatus	NR_111007	Saccharomyces_cerevisiae	2.82e-06	39.2	100.0	42	21
17952accf0a19bde02e3576f0b21a02f	NR_121481	900001	3.1e-23	95.1	85.714	64	84	False	candidate_available	Fungi	Ascomycota	Eurotiomycetes	Eurotiales	Aspergillaceae	Aspergillus	Aspergillus_fumigatus	NR_077145	Penicillium_chrysogenum	3.1e-23	95.1	85.714	60	84
17fd2c848707f61d8529a69db689f25d	NR_171785	900002	6.93e-19	80.6	78.218	59	101	False	candidate_available	Fungi	Basidiomycota	Tremellomycetes	Tremellales	Tremellaceae	Cryptococcus	Cryptococcus_neoformans	NR_111475	Malassezia_globosa	2.42e-18	79.7	91.071	53	56
188f2c973193c37c726eb3e8437e22d6	NR_130667	900010	1.53e-14	67.1	83.333	59	66	False	candidate_available	Fungi	Basidiomycota	Tremellomycetes	Trichosporonales	Trichosporonaceae	Cutaneotrichosporon	Cutaneotrichosporon_dermatis	NR_171785	Cryptococcus_neoformans	1.53e-14	67.1	81.15899999999998	63	69
194c5d7ddd16e9c0363bffc3aef8ceb8	NR_111007	900009	6.65e-06	37.4	100.0	55	20	False	candidate_available	Fungi	Ascomycota	Saccharomycetes	Saccharomycetales	Saccharomycetaceae	Saccharomyces	Saccharomyces_cerevisiae	NR_130690	Fusarium_keratoplasticum	6.65e-06	37.4	100.0	45	20
1a06f4d3b11bdcb6ad8457f0d779d84b	NR_111475	900008	6.93e-19	80.6	89.831	58	59	False	candidate_available	Fungi	Basidiomycota	Malasseziomycetes	Malasseziales	Malasseziaceae	Malassezia	Malassezia_globosa	NR_130667	Cutaneotrichosporon_dermatis	2.42e-18	78.8	87.69200000000002	50	65
1ad0453306a32c66b7332becae773259	NR_121481	900001	0.76	21.1	100.0	36	11	False	candidate_available	Fungi	Ascomycota	Eurotiomycetes	Eurotiales	Aspergillaceae	Aspergillus	Aspergillus_fumigatus	NR_111475	Malassezia_globosa	0.76	21.1	100.0	35	11
1b0ea89e8460365693bf9a78cd7193ef	NR_130667	900010	0.16	22.9	69.643	52	56	False	candidate_available	Fungi	Basidiomycota	Tremellomycetes	Trichosporonales	Trichosporonaceae	Cutaneotrichosporon	Cutaneotrichosporon_dermatis	NR_171785	Cryptococcus_neoformans	0.57	22.0	92.857	38	14
1b2e8a0293b43f376c41093828fde254	NR_171785	900002	9.629999999999999e-30	116.0	100.0	56	64	False	candidate_available	Fungi	Basidiomycota	Tremellomycetes	Tremellales	Tremellaceae	Cryptococcus	Cryptococcus_neoformans	NR_130667	Cutaneotrichosporon_dermatis	1.99e-19	83.3	89.23100000000002	54	65
1b7d4ee38520a8d71abb44031eecc577	NR_130667	900010	2.37e-06	39.2	100.0	58	21	False	candidate_available	Fungi	Basidiomycota	Tremellomycetes	Trichosporonales	Trichosporonaceae	Cutaneotrichosporon	Cutaneotrichosporon_dermatis	NR_111007	Saccharomyces_cerevisiae	2.37e-06	39.2	100.0	44	21
1c8aea5d6f2451aac5a804b66803af1e	NR_077145	900004	0.00016	30.1	100.0	86	16	False	candidate_available	Fungi	Ascomycota	Eurotiomycetes	Eurotiales	Aspergillaceae	Penicillium	Penicillium_chrysogenum	NR_111007	Saccharomyces_cerevisiae	0.00016	30.1	100.0	72	16
1c8bbb1b54f02065db91f0386a39e0ad	NR_130691	900007	1.04e-30	121.0	89.88799999999998	66	89	False	candidate_available	Fungi	Ascomycota	Saccharomycetes	Saccharomycetales	Saccharomycetaceae	Nakaseomyces	Nakaseomyces_glabratus	NR_171785	Cryptococcus_neoformans	3.64e-30	119.0	89.773	43	88
1c99b355daab861d42ef02ad4aecd425	NR_111007	900009	2.13e-05	36.5	95.455	53	22	False	candidate_available	Fungi	Ascomycota	Saccharomycetes	Saccharomycetales	Saccharomycetaceae	Saccharomyces	Saccharomyces_cerevisiae	NR_121481	Aspergillus_fumigatus	2.13e-05	36.5	95.455	48	22
1d1e47a562efc72e0e1a703adb1156bc	NR_130691	900007	8.66e-32	123.0	81.89	60	127	False	candidate_available	Fungi	Ascomycota	Saccharomycetes	Saccharomycetales	Saccharomycetaceae	Nakaseomyces	Nakaseomyces_glabratus	NR_171785	Cryptococcus_neoformans	3.68e-30	119.0	89.773	40	88
1eb57cce3c3583ae58927522adab0277	NR_144900	900003	4.09e-28	112.0	93.421	65	76	False	candidate_available	Fungi	Ascomycota	Eurotiomycetes	Onygenales	Arthrodermataceae	Trichophyton	Trichophyton_interdigitale	NR_121481	Aspergillus_fumigatus	1.74e-26	105.0	88.235	70	85
1f918dc743f502eb0290572adf274b34	NR_111007	900009	9.89e-06	37.4	100.0	45	20	False	candidate_available	Fungi	Ascomycota	Saccharomycetes	Saccharomycetales	Saccharomycetaceae	Saccharomyces	Saccharomyces_cerevisiae	NR_144900	Trichophyton_interdigitale	9.89e-06	37.4	100.0	40	20
210606b4fff7f1b545874ba7442c65b1	NR_125332	900006	0.00012	33.7	100.0	40	18	True	candidate_available	Fungi	Ascomycota	Saccharomycetes	Saccharomycetales	Debaryomycetaceae	Candida	Candida_albicans	NR_130691	Nakaseomyces_glabratus	0.00012	33.7	100.0	40	18
21feee196968505b63639074b75a7d27	NR_130691	900007	2.1199999999999996e-44	165.0	91.129	70	124	False	candidate_available	Fungi	Ascomycota	Saccharomycetes	Saccharomycetales	Saccharomycetaceae	Nakaseomyces	Nakaseomyces_glabratus	NR_111007	Saccharomyces_cerevisiae	7.4e-44	163.0	91.736	75	121
22381edf2faa88f0c0f8bece81941d9f	NR_171785	900002	4.670000000000001e-21	88.7	78.07	58	114	False	candidate_available	Fungi	Basidiomycota	Tremellomycetes	Tremellales	Tremellaceae	Cryptococcus	Cryptococcus_neoformans	NR_111475	Malassezia_globosa	2.95e-17	76.1	88.13600000000002	61	59
224d56ff798feaccbf5f4ce5eaf3ded3	NR_171785	900002	1.34e-21	89.7	75.484	71	155	False	candidate_available	Fungi	Basidiomycota	Tremellomycetes	Tremellales	Tremellaceae	Cryptococcus	Cryptococcus_neoformans	NR_111475	Malassezia_globosa	3.5899999999999997e-16	71.6	86.441	53	59
23ce5b9dd49c380e94ec122f11c8077f	NR_130691	900007	2.48e-32	125.0	91.011	51	89	False	candidate_available	Fungi	Ascomycota	Saccharomycetes	Saccharomycetales	Saccharomycetaceae	Nakaseomyces	Nakaseomyces_glabratus	NR_171785	Cryptococcus_neoformans	8.66e-32	123.0	90.909	47	88
240d740ef91d43f334788e266d661f7b	NR_171785	900002	1.99e-19	83.3	86.765	66	68	False	candidate_available	Fungi	Basidiomycota	Tremellomycetes	Tremellales	Tremellaceae	Cryptococcus	Cryptococcus_neoformans	NR_130667	Cutaneotrichosporon_dermatis	3.5899999999999997e-16	72.5	85.93799999999997	49	64
247c8459db6ae8b1257380e69c42b883	NR_077145	900004	7.1499999999999974e-62	223.0	100.0	90	123	False	candidate_available	Fungi	Ascomycota	Eurotiomycetes	Eurotiales	Aspergillaceae	Penicillium	Penicillium_chrysogenum	NR_121481	Aspergillus_fumigatus	1.2899999999999997e-58	212.0	98.387	91	124
24b8daa5b10dcf42144074fc7fbfb3d6	NR_130691	900007	2.48e-32	125.0	91.011	62	89	False	candidate_available	Fungi	Ascomycota	Saccharomycetes	Saccharomycetales	Saccharomycetaceae	Nakaseomyces	Nakaseomyces_glabratus	NR_171785	Cryptococcus_neoformans	8.66e-32	123.0	90.909	42	88
24d7b4411285b730ba3e4413dd9c2988	NR_171785	900002	4.670000000000001e-21	87.8	78.182	75	110	False	candidate_available	Fungi	Basidiomycota	Tremellomycetes	Tremellales	Tremellaceae	Cryptococcus	Cryptococcus_neoformans	NR_111475	Malassezia_globosa	3.5899999999999997e-16	72.5	83.58200000000002	54	67
25a303dbf5b2a6790682c1e63eb0bc86	NR_121481	900001	0.00042	31.9	100.0	53	17	False	candidate_available	Fungi	Ascomycota	Eurotiomycetes	Eurotiales	Aspergillaceae	Aspergillus	Aspergillus_fumigatus	NR_130690	Fusarium_keratoplasticum	0.00042	31.9	100.0	49	17
25d556970166dcb7050422023be88e22	NR_111007	900009	9.89e-06	37.4	100.0	53	20	False	candidate_available	Fungi	Ascomycota	Saccharomycetes	Saccharomycetales	Saccharomycetaceae	Saccharomyces	Saccharomyces_cerevisiae	NR_121481	Aspergillus_fumigatus	9.89e-06	37.4	100.0	46	20
260b8bebae425ab1944a3e6b09292088	NR_144900	900003	9.89e-06	37.4	100.0	48	20	False	candidate_available	Fungi	Ascomycota	Eurotiomycetes	Onygenales	Arthrodermataceae	Trichophyton	Trichophyton_interdigitale	NR_130691	Nakaseomyces_glabratus	9.89e-06	37.4	100.0	45	20
26461f63a0aa3891866f330d837eb06e	NR_144900	900003	3.45e-05	35.6	100.0	50	19	False	candidate_available	Fungi	Ascomycota	Eurotiomycetes	Onygenales	Arthrodermataceae	Trichophyton	Trichophyton_interdigitale	NR_111007	Saccharomyces_cerevisiae	3.45e-05	35.6	100.0	42	19
267cae1380db2b4584c9e1a67d952b7c	NR_111007	900009	6.629999999999998e-122	423.0	99.177	84	243	False	candidate_available	Fungi	Ascomycota	Saccharomycetes	Saccharomycetales	Saccharomycetaceae	Saccharomyces	Saccharomyces_cerevisiae	NR_130691	Nakaseomyces_glabratus	9.88e-25	100.0	87.95200000000001	67	83
26c2e693490c7955c44b198bdf3e0088	NR_111007	900009	9.62e-49	179.0	89.43700000000003	81	142	False	candidate_available	Fungi	Ascomycota	Saccharomycetes	Saccharomycetales	Saccharomycetaceae	Saccharomyces	Saccharomyces_cerevisiae	NR_130691	Nakaseomyces_glabratus	3.829999999999999e-41	154.0	89.744	74	117
26c3adb423a4d6b98b84d34fa5beca3f	NR_130690	900005	5.06e-06	38.3	84.848	58	33	False	candidate_available	Fungi	Ascomycota	Sordariomycetes	Hypocreales	Nectriaceae	Fusarium	Fusarium_keratoplasticum	NR_121481	Aspergillus_fumigatus	5.06e-06	38.3	84.848	49	33
28545e23c1f29aea79e54c2490f42375	NR_171785	900002	1.459999999999999e-155	535.0	100.0	98	296	False	candidate_available	Fungi	Basidiomycota	Tremellomycetes	Tremellales	Tremellaceae	Cryptococcus	Cryptococcus_neoformans	NR_130667	Cutaneotrichosporon_dermatis	1.1299999999999999e-36	140.0	71.336	100	307
28b1e3694b1bcb9d577830df4fd6c876	NR_121481	900001	8.979999999999995e-119	412.0	100.0	100	228	False	candidate_available	Fungi	Ascomycota	Eurotiomycetes	Eurotiales	Aspergillaceae	Aspergillus	Aspergillus_fumigatus	NR_077145	Penicillium_chrysogenum	2.4099999999999987e-94	331.0	93.043	100	230
291a78fb09fc52eec65489c0f9391ea3	NR_111007	900009	0.000208	31.9	100.0	61	17	False	candidate_available	Fungi	Ascomycota	Saccharomycetes	Saccharomycetales	Saccharomycetaceae	Saccharomyces	Saccharomyces_cerevisiae	NR_130691	Nakaseomyces_glabratus	0.000208	31.9	100.0	58	17
29555bd5b7d79e088911358e619af0af	NR_111007	900009	3.45e-05	36.5	95.455	53	22	False	candidate_available	Fungi	Ascomycota	Saccharomycetes	Saccharomycetales	Saccharomycetaceae	Saccharomyces	Saccharomyces_cerevisiae	NR_130691	Nakaseomyces_glabratus	3.45e-05	36.5	95.455	48	22
299858db667f2d7fa90d17f8f1e54be0	NR_111007	900009	0.005	28.3	100.0	45	15	False	candidate_available	Fungi	Ascomycota	Saccharomycetes	Saccharomycetales	Saccharomycetaceae	Saccharomyces	Saccharomyces_cerevisiae	NR_121481	Aspergillus_fumigatus	0.005	28.3	100.0	41	15
29d62dfd66a91504472270a3fc584aad	NR_111007	900009	1.0799999999999999e-105	369.0	98.148	85	216	False	candidate_available	Fungi	Ascomycota	Saccharomycetes	Saccharomycetales	Saccharomycetaceae	Saccharomyces	Saccharomyces_cerevisiae	NR_130691	Nakaseomyces_glabratus	2.8999999999999985e-81	288.0	92.079	97	202
2a28786ae739c0770d1372c549046931	NR_077145	900004	2.0100000000000003e-23	93.3	100.0	100	51	False	candidate_available	Fungi	Ascomycota	Eurotiomycetes	Eurotiales	Aspergillaceae	Penicillium	Penicillium_chrysogenum	NR_111007	Saccharomyces_cerevisiae	2.9799999999999998e-21	86.9	98.077	100	52
2abd97d819164ca22fea7fc261ffc6f7	NR_130691	900007	0.018000000000000002	26.5	100.0	45	14	False	candidate_available	Fungi	Ascomycota	Saccharomycetes	Saccharomycetales	Saccharomycetaceae	Nakaseomyces	Nakaseomyces_glabratus	NR_144900	Trichophyton_interdigitale	0.018000000000000002	26.5	100.0	42	14
2b01ef55e239b98907664a9962dd835b	NR_111007	900009	2.82e-06	39.2	100.0	50	21	False	candidate_available	Fungi	Ascomycota	Saccharomycetes	Saccharomycetales	Saccharomycetaceae	Saccharomyces	Saccharomyces_cerevisiae	NR_121481	Aspergillus_fumigatus	2.82e-06	39.2	100.0	34	21
2cd0dea7da04cbdb02a749d6ce0ce2a8	NR_111007	900009	4.14e-34	129.0	100.0	100	71	True	candidate_available	Fungi	Ascomycota	Saccharomycetes	Saccharomycetales	Saccharomycetaceae	Saccharomyces	Saccharomyces_cerevisiae	NR_130691	Nakaseomyces_glabratus	4.14e-34	129.0	100.0	100	71
2d5840001771d889fbe752a80463af2c	NR_111007	900009	6.07e-45	168.0	92.562	75	121	False	candidate_available	Fungi	Ascomycota	Saccharomycetes	Saccharomycetales	Saccharomycetaceae	Saccharomyces	Saccharomyces_cerevisiae	NR_130691	Nakaseomyces_glabratus	9.01e-43	160.0	90.323	70	124
2e39d48abc07a6ccc13a028ccde00e00	NR_130690	900005	3.819999999999999e-117	407.0	99.561	100	228	False	candidate_available	Fungi	Ascomycota	Sordariomycetes	Hypocreales	Nectriaceae	Fusarium	Fusarium_keratoplasticum	NR_144900	Trichophyton_interdigitale	2.42e-18	78.8	85.714	71	70
2e723fe0c70769428c06e39a8f19d9d8	NR_130691	900007	8.11e-26	104.0	86.20700000000002	55	87	False	candidate_available	Fungi	Ascomycota	Saccharomycetes	Saccharomycetales	Saccharomycetaceae	Nakaseomyces	Nakaseomyces_glabratus	NR_111007	Saccharomyces_cerevisiae	2.8300000000000003e-25	103.0	88.60799999999998	66	79
2ebd8a5b8c3455f415eca2f216a9d915	NR_130691	900007	3.53e-33	127.0	82.81200000000003	81	128	False	candidate_available	Fungi	Ascomycota	Saccharomycetes	Saccharomycetales	Saccharomycetaceae	Nakaseomyces	Nakaseomyces_glabratus	NR_171785	Cryptococcus_neoformans	1.2299999999999999e-32	126.0	82.54	81	126
2ec4fcc1eb3651a961c3fb1428c3433b	NR_130667	900010	1.1e-22	94.2	92.424	61	66	False	candidate_available	Fungi	Basidiomycota	Tremellomycetes	Trichosporonales	Trichosporonaceae	Cutaneotrichosporon	Cutaneotrichosporon_dermatis	NR_111475	Malassezia_globosa	1.99e-19	83.3	87.14299999999999	39	70
2f43c6a7f9331f447cc24981f1887474	NR_121481	900001	4.81e-08	44.6	93.103	59	29	False	candidate_available	Fungi	Ascomycota	Eurotiomycetes	Eurotiales	Aspergillaceae	Aspergillus	Aspergillus_fumigatus	NR_111007	Saccharomyces_cerevisiae	4.81e-08	44.6	93.103	48	29
3039df4ad5007ae4944976c043d3d432	NR_111007	900009	2.83e-06	39.2	100.0	64	21	False	candidate_available	Fungi	Ascomycota	Saccharomycetes	Saccharomycetales	Saccharomycetaceae	Saccharomyces	Saccharomyces_cerevisiae	NR_121481	Aspergillus_fumigatus	2.83e-06	39.2	100.0	53	21
3055f49397f6797b6af3d93deaed571e	NR_111475	900008	1.6100000000000002e-20	86.9	91.667	52	60	False	candidate_available	Fungi	Basidiomycota	Malasseziomycetes	Malasseziales	Malasseziaceae	Malassezia	Malassezia_globosa	NR_130667	Cutaneotrichosporon_dermatis	2.91e-17	76.1	86.36399999999998	59	66
30b0fb5596b860a51ac563e7ee8466cb	NR_171785	900002	1.98e-19	83.3	86.765	51	68	False	candidate_available	Fungi	Basidiomycota	Tremellomycetes	Tremellales	Tremellaceae	Cryptococcus	Cryptococcus_neoformans	NR_130667	Cutaneotrichosporon_dermatis	6.9e-19	80.6	87.87899999999998	43	66
31169ddba661462ce73f8c72d905380f	NR_121481	900001	0.22	22.9	100.0	43	12	False	candidate_available	Fungi	Ascomycota	Eurotiomycetes	Eurotiales	Aspergillaceae	Aspergillus	Aspergillus_fumigatus	NR_144900	Trichophyton_interdigitale	0.22	22.9	100.0	38	12
315a14f72987afaafb1b8701eaa0b075	NR_171785	900002	3.819999999999999e-117	407.0	99.561	100	228	False	candidate_available	Fungi	Basidiomycota	Tremellomycetes	Tremellales	Tremellaceae	Cryptococcus	Cryptococcus_neoformans	NR_130667	Cutaneotrichosporon_dermatis	3.15e-23	96.0	71.282	91	195
32be290b5fe51f5e4611e2e1a37fa1db	NR_111007	900009	3.45e-05	35.6	100.0	46	19	False	candidate_available	Fungi	Ascomycota	Saccharomycetes	Saccharomycetales	Saccharomycetaceae	Saccharomyces	Saccharomyces_cerevisiae	NR_130691	Nakaseomyces_glabratus	3.45e-05	35.6	100.0	35	19
3307422fad2c09efd87bd795d113550c	NR_111475	900008	2.42e-18	79.7	91.071	54	56	False	candidate_available	Fungi	Basidiomycota	Malasseziomycetes	Malasseziales	Malasseziaceae	Malassezia	Malassezia_globosa	NR_171785	Cryptococcus_neoformans	2.95e-17	76.1	85.93799999999997	54	64
337831ba7d77685699981e28fb64cf23	NR_144900	900003	3.45e-05	35.6	100.0	54	19	False	candidate_available	Fungi	Ascomycota	Eurotiomycetes	Onygenales	Arthrodermataceae	Trichophyton	Trichophyton_interdigitale	NR_121481	Aspergillus_fumigatus	3.45e-05	35.6	100.0	48	19
338ebd69d5b03851738ff9768b025122	NR_130691	900007	1.57e-28	113.0	88.506	56	87	False	candidate_available	Fungi	Ascomycota	Saccharomycetes	Saccharomycetales	Saccharomycetaceae	Nakaseomyces	Nakaseomyces_glabratus	NR_130667	Cutaneotrichosporon_dermatis	5.460000000000001e-28	112.0	87.64	48	89
3454e06b84a4908c00458fd5cde8cfe4	NR_130667	900010	1.53e-14	67.1	83.333	63	66	False	candidate_available	Fungi	Basidiomycota	Tremellomycetes	Trichosporonales	Trichosporonaceae	Cutaneotrichosporon	Cutaneotrichosporon_dermatis	NR_171785	Cryptococcus_neoformans	1.53e-14	67.1	81.15899999999998	63	69
35f06e1185ad3c6c3effe47fae6c598c	NR_125332	900006	2.0299999999999995e-147	508.0	100.0	97	281	False	candidate_available	Fungi	Ascomycota	Saccharomycetes	Saccharomycetales	Debaryomycetaceae	Candida	Candida_albicans	NR_130691	Nakaseomyces_glabratus	5.11e-41	154.0	87.402	73	127
36a7dafd8a4806c2f7c373b5c9916b22	NR_121481	900001	3.06e-05	35.6	100.0	57	19	False	candidate_available	Fungi	Ascomycota	Eurotiomycetes	Eurotiales	Aspergillaceae	Aspergillus	Aspergillus_fumigatus	NR_130690	Fusarium_keratoplasticum	3.06e-05	35.6	100.0	55	19
380916886b4dd08f02461044249c308d	NR_171785	900002	1.74e-26	105.0	85.56700000000002	75	97	False	candidate_available	Fungi	Basidiomycota	Tremellomycetes	Tremellales	Tremellaceae	Cryptococcus	Cryptococcus_neoformans	NR_130667	Cutaneotrichosporon_dermatis	2.42e-18	78.8	82.14299999999999	61	84
385c77a0d40dfabdc66dff6fc5e92f33	NR_130667	900010	3.5899999999999997e-16	71.6	84.848	68	66	False	candidate_available	Fungi	Basidiomycota	Tremellomycetes	Trichosporonales	Trichosporonaceae	Cutaneotrichosporon	Cutaneotrichosporon_dermatis	NR_171785	Cryptococcus_neoformans	3.5899999999999997e-16	71.6	82.609	71	69
38af596704a7b2a9f8c44337022e99fa	NR_121481	900001	2.82e-06	39.2	100.0	47	21	False	candidate_available	Fungi	Ascomycota	Eurotiomycetes	Eurotiales	Aspergillaceae	Aspergillus	Aspergillus_fumigatus	NR_130690	Fusarium_keratoplasticum	2.82e-06	39.2	100.0	42	21
38b1cb46f1899335c80c5e172caaf2c2	NR_171785	900002	1.6299999999999993e-20	86.0	92.982	47	57	False	candidate_available	Fungi	Basidiomycota	Tremellomycetes	Tremellales	Tremellaceae	Cryptococcus	Cryptococcus_neoformans	NR_130691	Nakaseomyces_glabratus	6.93e-19	80.6	92.593	39	54
38da37bf49a104ddf2f0adc044079d2e	NR_121481	900001	2.82e-06	39.2	100.0	46	21	False	candidate_available	Fungi	Ascomycota	Eurotiomycetes	Eurotiales	Aspergillaceae	Aspergillus	Aspergillus_fumigatus	NR_130690	Fusarium_keratoplasticum	2.82e-06	39.2	100.0	43	21
397362a873a8f2418d7c6e6697262abc	NR_171785	900002	1.43e-27	110.0	77.215	79	158	False	candidate_available	Fungi	Basidiomycota	Tremellomycetes	Tremellales	Tremellaceae	Cryptococcus	Cryptococcus_neoformans	NR_130667	Cutaneotrichosporon_dermatis	6.93e-19	80.6	87.87899999999998	57	66
3b19d4888b7cb5cae6d71495a64c1f99	NR_121481	900001	3.1e-23	95.1	85.714	60	84	False	candidate_available	Fungi	Ascomycota	Eurotiomycetes	Eurotiales	Aspergillaceae	Aspergillus	Aspergillus_fumigatus	NR_077145	Penicillium_chrysogenum	3.1e-23	95.1	85.714	56	84
3c9ae85851f407a4c95023d2f0cf58be	NR_111007	900009	9.89e-06	38.3	95.652	47	23	False	candidate_available	Fungi	Ascomycota	Saccharomycetes	Saccharomycetales	Saccharomycetaceae	Saccharomyces	Saccharomyces_cerevisiae	NR_130691	Nakaseomyces_glabratus	9.89e-06	38.3	95.652	39	23
3ca224352821ab4798e0ab4bb73ab267	NR_111475	900008	2.95e-17	75.2	87.302	42	63	False	candidate_available	Fungi	Basidiomycota	Malasseziomycetes	Malasseziales	Malasseziaceae	Malassezia	Malassezia_globosa	NR_130667	Cutaneotrichosporon_dermatis	1.03e-16	74.3	87.931	61	58
3cd81fadba0bfa954ab5979c1601a3f1	NR_130667	900010	1.99e-19	83.3	87.14299999999999	51	70	False	candidate_available	Fungi	Basidiomycota	Tremellomycetes	Trichosporonales	Trichosporonaceae	Cutaneotrichosporon	Cutaneotrichosporon_dermatis	NR_171785	Cryptococcus_neoformans	6.93e-19	80.6	87.5	63	64
3cdd5c9296b323dd20d1dc2d8c42357a	NR_121481	900001	2.82e-06	39.2	100.0	47	21	False	candidate_available	Fungi	Ascomycota	Eurotiomycetes	Eurotiales	Aspergillaceae	Aspergillus	Aspergillus_fumigatus	NR_130690	Fusarium_keratoplasticum	2.82e-06	39.2	100.0	43	21
3d5f170d59af5aa3757284a921c5a385	NR_130667	900010	3.819999999999999e-117	407.0	99.561	100	228	False	candidate_available	Fungi	Basidiomycota	Tremellomycetes	Trichosporonales	Trichosporonaceae	Cutaneotrichosporon	Cutaneotrichosporon_dermatis	NR_171785	Cryptococcus_neoformans	3.15e-23	96.0	71.282	84	195
3d6bfcea85715e48dbcf0dd76406cc95	NR_111475	900008	6.519999999999999e-13	60.8	87.5	65	48	False	candidate_available	Fungi	Basidiomycota	Malasseziomycetes	Malasseziales	Malasseziaceae	Malassezia	Malassezia_globosa	NR_130667	Cutaneotrichosporon_dermatis	2.28e-12	59.0	84.615	59	52
3e386a41fce9acea998443c7cd0b8976	NR_130690	900005	1.34e-21	90.6	70.238	100	252	False	candidate_available	Fungi	Ascomycota	Sordariomycetes	Hypocreales	Nectriaceae	Fusarium	Fusarium_keratoplasticum	NR_144900	Trichophyton_interdigitale	1.6299999999999993e-20	86.9	83.146	91	89
3ee47f1d98e4915c5a3a26a8c46c4890	NR_171785	900002	5.690000000000001e-20	84.2	78.30199999999998	64	106	False	candidate_available	Fungi	Basidiomycota	Tremellomycetes	Tremellales	Tremellaceae	Cryptococcus	Cryptococcus_neoformans	NR_111475	Malassezia_globosa	3.5899999999999997e-16	72.5	83.58200000000002	52	67
417ff10c1dde2640f0c95e9274677e6e	NR_111475	900008	1.03e-16	73.4	89.09100000000002	54	55	False	candidate_available	Fungi	Basidiomycota	Malasseziomycetes	Malasseziales	Malasseziaceae	Malassezia	Malassezia_globosa	NR_130667	Cutaneotrichosporon_dermatis	1.53e-14	67.1	84.74600000000002	49	59
424a42c649741aeff084e4e4be42d5e8	NR_121481	900001	3.45e-05	35.6	100.0	47	19	False	candidate_available	Fungi	Ascomycota	Eurotiomycetes	Eurotiales	Aspergillaceae	Aspergillus	Aspergillus_fumigatus	NR_111007	Saccharomyces_cerevisiae	3.45e-05	35.6	100.0	42	19
429ef104fcabfbb4b403c2c09309eadf	NR_121481	900001	4.3599999999999987e-91	321.0	92.14	100	229	False	candidate_available	Fungi	Ascomycota	Eurotiomycetes	Eurotiales	Aspergillaceae	Aspergillus	Aspergillus_fumigatus	NR_077145	Penicillium_chrysogenum	4.079999999999998e-85	301.0	90.351	100	228
43071ca5a252d644aa64b30a517cdb84	NR_130667	900010	1.34e-21	89.7	67.528	100	271	False	candidate_available	Fungi	Basidiomycota	Tremellomycetes	Trichosporonales	Trichosporonaceae	Cutaneotrichosporon	Cutaneotrichosporon_dermatis	NR_171785	Cryptococcus_neoformans	5.690000000000001e-20	85.1	85.52600000000002	64	76
43f18b9991f72cfc8bf12cbd1b48c96b	NR_121481	900001	3.19e-06	37.4	100.0	57	20	False	candidate_available	Fungi	Ascomycota	Eurotiomycetes	Eurotiales	Aspergillaceae	Aspergillus	Aspergillus_fumigatus	NR_077145	Penicillium_chrysogenum	3.19e-06	37.4	100.0	53	20
442a16533e54a9749b2cc6af051e2025	NR_171785	900002	1.6299999999999993e-20	86.0	92.982	47	57	False	candidate_available	Fungi	Basidiomycota	Tremellomycetes	Tremellales	Tremellaceae	Cryptococcus	Cryptococcus_neoformans	NR_130691	Nakaseomyces_glabratus	6.93e-19	80.6	92.593	43	54
448deac40229a7efe42560189717e686	NR_121481	900001	5.3099999999999975e-90	317.0	92.14	100	229	False	candidate_available	Fungi	Ascomycota	Eurotiomycetes	Eurotiales	Aspergillaceae	Aspergillus	Aspergillus_fumigatus	NR_077145	Penicillium_chrysogenum	6.059999999999998e-83	293.0	90.222	99	225
45abd68f253254c6fa3ef6981b6b7e84	NR_130691	900007	9.88e-25	101.0	85.227	45	88	False	candidate_available	Fungi	Ascomycota	Saccharomycetes	Saccharomycetales	Saccharomycetaceae	Nakaseomyces	Nakaseomyces_glabratus	NR_171785	Cryptococcus_neoformans	3.45e-24	99.6	85.057	56	87
460ee956051055b9917825569ff923c6	NR_130691	900007	2.48e-32	125.0	91.011	62	89	False	candidate_available	Fungi	Ascomycota	Saccharomycetes	Saccharomycetales	Saccharomycetaceae	Nakaseomyces	Nakaseomyces_glabratus	NR_171785	Cryptococcus_neoformans	2.48e-32	125.0	82.677	55	127
464e19f539c8d48eeb059761e4076133	NR_130691	900007	5.85e-06	37.4	100.0	51	20	False	candidate_available	Fungi	Ascomycota	Saccharomycetes	Saccharomycetales	Saccharomycetaceae	Nakaseomyces	Nakaseomyces_glabratus	NR_130667	Cutaneotrichosporon_dermatis	5.85e-06	37.4	100.0	49	20
46af2089e83994319d971cbc29507615	NR_130690	900005	0.003	29.2	95.0	58	20	False	candidate_available	Fungi	Ascomycota	Sordariomycetes	Hypocreales	Nectriaceae	Fusarium	Fusarium_keratoplasticum	NR_130667	Cutaneotrichosporon_dermatis	0.003	29.2	95.0	40	20
4829c7cee3b18ec5924817979293801f	NR_171785	900002	3.5899999999999997e-16	71.6	84.375	49	64	False	candidate_available	Fungi	Basidiomycota	Tremellomycetes	Tremellales	Tremellaceae	Cryptococcus	Cryptococcus_neoformans	NR_111475	Malassezia_globosa	1.25e-15	70.7	87.5	48	56
484bd431a65762338ef456a194b5348e	NR_125332	900006	4.14e-34	129.0	100.0	100	71	False	candidate_available	Fungi	Ascomycota	Saccharomycetes	Saccharomycetales	Debaryomycetaceae	Candida	Candida_albicans	NR_111007	Saccharomyces_cerevisiae	1.11e-28	111.0	94.366	100	71
4895bce8e320a5bf47a9ca23b5631654	NR_130691	900007	7.029999999999998e-33	128.0	82.677	60	127	False	candidate_available	Fungi	Ascomycota	Saccharomycetes	Saccharomycetales	Saccharomycetaceae	Nakaseomyces	Nakaseomyces_glabratus	NR_171785	Cryptococcus_neoformans	2.4500000000000002e-32	125.0	82.677	50	127
4932e029d9172067e8f5fd3ec92cf65f	NR_077145	900004	8.999999999999997e-62	223.0	81.857	100	237	False	candidate_available	Fungi	Ascomycota	Eurotiomycetes	Eurotiales	Aspergillaceae	Penicillium	Penicillium_chrysogenum	NR_121481	Aspergillus_fumigatus	1.3399999999999999e-59	216.0	81.435	100	237
4941117af711ee0d06af22a61b399b2d	NR_130691	900007	2.48e-32	125.0	91.011	53	89	False	candidate_available	Fungi	Ascomycota	Saccharomycetes	Saccharomycetales	Saccharomycetaceae	Nakaseomyces	Nakaseomyces_glabratus	NR_171785	Cryptococcus_neoformans	8.66e-32	123.0	90.909	52	88
4951881ce90885c4c3b8b071badab83f	NR_130690	900005	0.008	26.5	100.0	63	14	False	candidate_available	Fungi	Ascomycota	Sordariomycetes	Hypocreales	Nectriaceae	Fusarium	Fusarium_keratoplasticum	NR_130690	Fusarium_keratoplasticum	0.008	26.5	100.0	63	14
4aae9ea7e4bfc0aaa35d3772535cb612	NR_130667	900010	1.53e-14	67.1	83.333	62	66	False	candidate_available	Fungi	Basidiomycota	Tremellomycetes	Trichosporonales	Trichosporonaceae	Cutaneotrichosporon	Cutaneotrichosporon_dermatis	NR_171785	Cryptococcus_neoformans	1.53e-14	67.1	81.15899999999998	61	69
4b3032f1ababa735f461201a632784c8	NR_130667	900010	1.99e-19	82.4	79.048	78	105	False	candidate_available	Fungi	Basidiomycota	Tremellomycetes	Trichosporonales	Trichosporonaceae	Cutaneotrichosporon	Cutaneotrichosporon_dermatis	NR_171785	Cryptococcus_neoformans	2.95e-17	76.1	85.93799999999997	61	64
4bc9878d9cb5210bbfa8e56b3f990fe1	NR_121481	900001	0.22	22.9	100.0	38	12	True	candidate_available	Fungi	Ascomycota	Eurotiomycetes	Eurotiales	Aspergillaceae	Aspergillus	Aspergillus_fumigatus	NR_130690	Fusarium_keratoplasticum	0.22	22.9	100.0	38	12
4bfd955490a13cf9d93564394b8053c5	NR_121481	900001	0.005	28.3	100.0	43	15	False	candidate_available	Fungi	Ascomycota	Eurotiomycetes	Eurotiales	Aspergillaceae	Aspergillus	Aspergillus_fumigatus	NR_130667	Cutaneotrichosporon_dermatis	0.005	28.3	100.0	41	15
4c2a20f52c5307c38f027444128a1e56	NR_171785	900002	1.1e-22	93.3	79.09100000000002	61	110	False	candidate_available	Fungi	Basidiomycota	Tremellomycetes	Tremellales	Tremellaceae	Cryptococcus	Cryptococcus_neoformans	NR_130667	Cutaneotrichosporon_dermatis	6.93e-19	80.6	87.87899999999998	45	66
4d1c9fd884a315a755aa7c59427b2d62	NR_130667	900010	5.690000000000001e-20	85.1	89.39399999999998	46	66	False	candidate_available	Fungi	Basidiomycota	Tremellomycetes	Trichosporonales	Trichosporonaceae	Cutaneotrichosporon	Cutaneotrichosporon_dermatis	NR_130691	Nakaseomyces_glabratus	2.95e-17	76.1	85.93799999999997	54	64
4e69eeb85eb9ec34c929b61a9a698d0e	NR_111007	900009	7.379999999999997e-82	290.0	99.394	85	165	False	candidate_available	Fungi	Ascomycota	Saccharomycetes	Saccharomycetales	Saccharomycetaceae	Saccharomyces	Saccharomyces_cerevisiae	NR_130691	Nakaseomyces_glabratus	1.74e-45	169.0	89.92200000000003	98	129
4f6650e0c14cacd7abd09857e6585ff4	NR_130667	900010	6.93e-19	80.6	78.788	81	99	False	candidate_available	Fungi	Basidiomycota	Tremellomycetes	Trichosporonales	Trichosporonaceae	Cutaneotrichosporon	Cutaneotrichosporon_dermatis	NR_171785	Cryptococcus_neoformans	8.45e-18	77.0	78.218	63	101
4ff375ae9b66ece9a7f74f5a13354b9d	NR_111007	900009	0.00042	31.9	100.0	55	17	False	candidate_available	Fungi	Ascomycota	Saccharomycetes	Saccharomycetales	Saccharomycetaceae	Saccharomyces	Saccharomyces_cerevisiae	NR_121481	Aspergillus_fumigatus	0.00042	31.9	100.0	52	17
5028db85c93296a70c563f0a3ef6eeb2	NR_130667	900010	2.95e-17	76.1	86.36399999999998	45	66	False	candidate_available	Fungi	Basidiomycota	Tremellomycetes	Trichosporonales	Trichosporonaceae	Cutaneotrichosporon	Cutaneotrichosporon_dermatis	NR_111475	Malassezia_globosa	3.5899999999999997e-16	71.6	91.837	46	49
5105a2d6db57cdbabd078e95db2396c5	NR_130691	900007	4.88e-06	37.4	100.0	57	20	False	candidate_available	Fungi	Ascomycota	Saccharomycetes	Saccharomycetales	Saccharomycetaceae	Nakaseomyces	Nakaseomyces_glabratus	NR_077145	Penicillium_chrysogenum	4.88e-06	37.4	100.0	55	20
5187486fe872390b9182d5481d070c1e	NR_077145	900004	6.08e-26	104.0	88.095	57	84	True	candidate_available	Fungi	Ascomycota	Eurotiomycetes	Eurotiales	Aspergillaceae	Penicillium	Penicillium_chrysogenum	NR_121481	Aspergillus_fumigatus	6.08e-26	104.0	88.095	57	84
52e9f5f2067648d12ec4ece62907a916	NR_171785	900002	6.93e-19	80.6	85.507	51	69	False	candidate_available	Fungi	Basidiomycota	Tremellomycetes	Tremellales	Tremellaceae	Cryptococcus	Cryptococcus_neoformans	NR_111475	Malassezia_globosa	1.03e-16	73.4	87.09700000000002	43	62
52ecfb22e1c990982f5951c06b4908b3	NR_130667	900010	5.690000000000001e-20	84.2	90.476	64	63	False	candidate_available	Fungi	Basidiomycota	Tremellomycetes	Trichosporonales	Trichosporonaceae	Cutaneotrichosporon	Cutaneotrichosporon_dermatis	NR_171785	Cryptococcus_neoformans	3.5899999999999997e-16	72.5	83.58200000000002	55	67
5302560500e967552b1490312b4bb3b3	NR_144900	900003	0.00012	33.7	100.0	47	18	False	candidate_available	Fungi	Ascomycota	Eurotiomycetes	Onygenales	Arthrodermataceae	Trichophyton	Trichophyton_interdigitale	NR_111007	Saccharomyces_cerevisiae	0.00012	33.7	100.0	44	18
53926185040b69b43d226af323a0598e	NR_130691	900007	8.979999999999995e-119	412.0	100.0	100	228	False	candidate_available	Fungi	Ascomycota	Saccharomycetes	Saccharomycetales	Saccharomycetaceae	Nakaseomyces	Nakaseomyces_glabratus	NR_111007	Saccharomyces_cerevisiae	2.1199999999999996e-44	166.0	89.92200000000003	65	129
5508856d9d35057c551dd5960df94f40	NR_130691	900007	2.48e-32	125.0	91.011	50	89	False	candidate_available	Fungi	Ascomycota	Saccharomycetes	Saccharomycetales	Saccharomycetaceae	Nakaseomyces	Nakaseomyces_glabratus	NR_171785	Cryptococcus_neoformans	8.66e-32	123.0	90.909	43	88
5535856acc809af76ab3ddb22e9e211d	NR_125332	900006	1.64e-05	35.6	100.0	57	19	False	candidate_available	Fungi	Ascomycota	Saccharomycetes	Saccharomycetales	Debaryomycetaceae	Candida	Candida_albicans	NR_130667	Cutaneotrichosporon_dermatis	1.64e-05	35.6	100.0	43	19
55c1f51cc4845985dae3c90e77b5d5b1	NR_111007	900009	6.899999999999996e-114	396.0	99.123	100	228	False	candidate_available	Fungi	Ascomycota	Saccharomycetes	Saccharomycetales	Saccharomycetaceae	Saccharomyces	Saccharomyces_cerevisiae	NR_130691	Nakaseomyces_glabratus	1.74e-45	169.0	89.92200000000003	88	129
567a9deab0960d0e2e0fb43ebc9b535e	NR_121481	900001	2.83e-06	39.2	100.0	46	21	False	candidate_available	Fungi	Ascomycota	Eurotiomycetes	Eurotiales	Aspergillaceae	Aspergillus	Aspergillus_fumigatus	NR_130690	Fusarium_keratoplasticum	2.83e-06	39.2	100.0	43	21
56a66d4f4883495fe6e8252edcc6c71c	NR_130690	900005	3.3e-07	41.0	100.0	60	22	False	candidate_available	Fungi	Ascomycota	Sordariomycetes	Hypocreales	Nectriaceae	Fusarium	Fusarium_keratoplasticum	NR_121481	Aspergillus_fumigatus	3.3e-07	41.0	100.0	49	22
56b3fd0a76a57716fa9dc86ef499f86a	NR_130691	900007	0.00012	33.7	100.0	46	18	False	candidate_available	Fungi	Ascomycota	Saccharomycetes	Saccharomycetales	Saccharomycetaceae	Nakaseomyces	Nakaseomyces_glabratus	NR_144900	Trichophyton_interdigitale	0.00012	33.7	100.0	42	18
56c2041c40052605a6924e3e9ceef831	NR_130667	900010	2.95e-17	76.1	86.36399999999998	48	66	False	candidate_available	Fungi	Basidiomycota	Tremellomycetes	Trichosporonales	Trichosporonaceae	Cutaneotrichosporon	Cutaneotrichosporon_dermatis	NR_111475	Malassezia_globosa	3.5899999999999997e-16	71.6	91.837	46	49
57953a259caf82bc29a84735e0ceb763	NR_111007	900009	2.4100000000000006e-05	35.6	91.667	56	24	False	candidate_available	Fungi	Ascomycota	Saccharomycetes	Saccharomycetales	Saccharomycetaceae	Saccharomyces	Saccharomyces_cerevisiae	NR_111475	Malassezia_globosa	2.4100000000000006e-05	35.6	91.667	50	24
579ecb5e770eff08feca9199a9d1b0c7	NR_125332	900006	8.98e-05	34.6	74.51	38	51	False	candidate_available	Fungi	Ascomycota	Saccharomycetes	Saccharomycetales	Debaryomycetaceae	Candida	Candida_albicans	NR_121481	Aspergillus_fumigatus	0.000314	31.9	73.077	49	52
588b3566dfb1cd5eec4c04e15e8a68e4	NR_111007	900009	5.64e-06	37.4	100.0	53	20	False	candidate_available	Fungi	Ascomycota	Saccharomycetes	Saccharomycetales	Saccharomycetaceae	Saccharomyces	Saccharomyces_cerevisiae	NR_130690	Fusarium_keratoplasticum	5.64e-06	37.4	100.0	45	20
58b2e2109c1625d12106aa0c3bbdc3d8	NR_111007	900009	9.89e-06	38.3	95.652	50	23	False	candidate_available	Fungi	Ascomycota	Saccharomycetes	Saccharomycetales	Saccharomycetaceae	Saccharomyces	Saccharomyces_cerevisiae	NR_121481	Aspergillus_fumigatus	9.89e-06	38.3	95.652	40	23
593628bb9050300495d659b459fd5aa3	NR_111007	900009	2.83e-06	39.2	100.0	56	21	False	candidate_available	Fungi	Ascomycota	Saccharomycetes	Saccharomycetales	Saccharomycetaceae	Saccharomyces	Saccharomyces_cerevisiae	NR_130691	Nakaseomyces_glabratus	2.83e-06	39.2	100.0	48	21
59e39ce5b0fa28367628aaac73e3ace5	NR_077145	900004	3.64e-06	38.3	96.0	61	25	False	candidate_available	Fungi	Ascomycota	Eurotiomycetes	Eurotiales	Aspergillaceae	Penicillium	Penicillium_chrysogenum	NR_130667	Cutaneotrichosporon_dermatis	3.64e-06	38.3	96.0	58	25
59e40ac1498d94cbe3008b752b9b8303	NR_130691	900007	8.66e-32	123.0	81.89	60	127	False	candidate_available	Fungi	Ascomycota	Saccharomycetes	Saccharomycetales	Saccharomycetaceae	Nakaseomyces	Nakaseomyces_glabratus	NR_171785	Cryptococcus_neoformans	1.0499999999999999e-30	121.0	81.89	53	127
59f88c9bea61b29af23eed08c6f6a96e	NR_171785	900002	1.34e-21	89.7	88.406	59	69	False	candidate_available	Fungi	Basidiomycota	Tremellomycetes	Tremellales	Tremellaceae	Cryptococcus	Cryptococcus_neoformans	NR_130667	Cutaneotrichosporon_dermatis	5.690000000000001e-20	85.1	89.39399999999998	68	66
5a06576196c23f808bdfe0399228553a	NR_130667	900010	6.93e-19	80.6	87.87899999999998	41	66	False	candidate_available	Fungi	Basidiomycota	Tremellomycetes	Trichosporonales	Trichosporonaceae	Cutaneotrichosporon	Cutaneotrichosporon_dermatis	NR_171785	Cryptococcus_neoformans	6.93e-19	80.6	87.5	54	64
5aa08add5073423bc935416fc4122a79	NR_144900	900003	3.45e-05	35.6	100.0	47	19	False	candidate_available	Fungi	Ascomycota	Eurotiomycetes	Onygenales	Arthrodermataceae	Trichophyton	Trichophyton_interdigitale	NR_121481	Aspergillus_fumigatus	3.45e-05	35.6	100.0	43	19
5aa8bf9dfef378818c857e66263bb473	NR_144900	900003	4.09e-28	112.0	93.421	64	76	False	candidate_available	Fungi	Ascomycota	Eurotiomycetes	Onygenales	Arthrodermataceae	Trichophyton	Trichophyton_interdigitale	NR_121481	Aspergillus_fumigatus	1.74e-26	105.0	88.235	69	85
5cae4f6bc86eca0f1eedf3d66b889b17	NR_111007	900009	0.000416	31.9	100.0	47	17	False	candidate_available	Fungi	Ascomycota	Saccharomycetes	Saccharomycetales	Saccharomycetaceae	Saccharomyces	Saccharomyces_cerevisiae	NR_130691	Nakaseomyces_glabratus	0.000416	31.9	100.0	43	17
5cf5a5092050bcd623fa6eb69cef27bc	NR_077145	900004	1.1e-22	94.2	70.518	100	251	False	candidate_available	Fungi	Ascomycota	Eurotiomycetes	Eurotiales	Aspergillaceae	Penicillium	Penicillium_chrysogenum	NR_121481	Aspergillus_fumigatus	5.690000000000001e-20	85.1	94.444	63	54
5d8ceac78519a012a4994ba03709767a	NR_111475	900008	2.95e-17	76.1	84.507	40	71	False	candidate_available	Fungi	Basidiomycota	Malasseziomycetes	Malasseziales	Malasseziaceae	Malassezia	Malassezia_globosa	NR_130667	Cutaneotrichosporon_dermatis	1.03e-16	74.3	87.931	56	58
5e1d83eccf923b1343d8824231f1bbe1	NR_130691	900007	1.87e-06	37.4	100.0	64	20	False	candidate_available	Fungi	Ascomycota	Saccharomycetes	Saccharomycetales	Saccharomycetaceae	Nakaseomyces	Nakaseomyces_glabratus	NR_121481	Aspergillus_fumigatus	1.87e-06	37.4	100.0	57	20
5eb88a9a6282b223cd88dbc003040251	NR_171785	900002	8.979999999999995e-119	412.0	100.0	100	228	False	candidate_available	Fungi	Basidiomycota	Tremellomycetes	Tremellales	Tremellaceae	Cryptococcus	Cryptococcus_neoformans	NR_130667	Cutaneotrichosporon_dermatis	7.4e-25	100.0	71.795	91	195
5f75d4aac0231ac26b212754cfe7bc3e	NR_125332	900006	9.78e-06	38.3	95.652	42	23	True	candidate_available	Fungi	Ascomycota	Saccharomycetes	Saccharomycetales	Debaryomycetaceae	Candida	Candida_albicans	NR_130667	Cutaneotrichosporon_dermatis	9.78e-06	38.3	95.652	42	23
615431307bb72c4d99dcb3c243d810db	NR_111007	900009	0.017	26.5	100.0	44	14	False	candidate_available	Fungi	Ascomycota	Saccharomycetes	Saccharomycetales	Saccharomycetaceae	Saccharomyces	Saccharomyces_cerevisiae	NR_130691	Nakaseomyces_glabratus	0.017	26.5	100.0	38	14
61645f9cde6903edbbd03f5235efd2d1	NR_171785	900002	1.34e-21	89.7	90.625	52	64	False	candidate_available	Fungi	Basidiomycota	Tremellomycetes	Tremellales	Tremellaceae	Cryptococcus	Cryptococcus_neoformans	NR_130691	Nakaseomyces_glabratus	1.6299999999999993e-20	86.0	84.416	62	77
621f2a9745265d827cc94a1d025b8a38	NR_111007	900009	8.23e-06	37.4	100.0	47	20	False	candidate_available	Fungi	Ascomycota	Saccharomycetes	Saccharomycetales	Saccharomycetaceae	Saccharomyces	Saccharomyces_cerevisiae	NR_130691	Nakaseomyces_glabratus	8.23e-06	37.4	100.0	43	20
628fa4d9864efdb099121fdc264211a5	NR_077145	900004	3.139999999999999e-99	348.0	93.939	100	231	False	candidate_available	Fungi	Ascomycota	Eurotiomycetes	Eurotiales	Aspergillaceae	Penicillium	Penicillium_chrysogenum	NR_121481	Aspergillus_fumigatus	2.7499999999999997e-87	307.0	90.598	100	234
638e7ccf3419acc06aafd317364cba75	NR_111007	900009	3.05e-07	41.0	100.0	64	22	False	candidate_available	Fungi	Ascomycota	Saccharomycetes	Saccharomycetales	Saccharomycetaceae	Saccharomyces	Saccharomyces_cerevisiae	NR_121481	Aspergillus_fumigatus	3.05e-07	41.0	100.0	53	22
641f531733565284c1dd59890b5a5e83	NR_171785	900002	6.93e-19	80.6	87.5	56	64	False	candidate_available	Fungi	Basidiomycota	Tremellomycetes	Tremellales	Tremellaceae	Cryptococcus	Cryptococcus_neoformans	NR_130667	Cutaneotrichosporon_dermatis	2.42e-18	78.8	87.69200000000002	55	65
644c895ef79df8c731420be73cf8b6c0	NR_144900	900003	0.00031800000000000003	31.9	100.0	50	17	False	candidate_available	Fungi	Ascomycota	Eurotiomycetes	Onygenales	Arthrodermataceae	Trichophyton	Trichophyton_interdigitale	NR_121481	Aspergillus_fumigatus	0.00031800000000000003	31.9	100.0	45	17
6579df31fdeb07e99320f5c35e866053	NR_130690	900005	1.1e-22	94.2	89.855	79	69	False	candidate_available	Fungi	Ascomycota	Sordariomycetes	Hypocreales	Nectriaceae	Fusarium	Fusarium_keratoplasticum	NR_144900	Trichophyton_interdigitale	1.25e-15	69.8	82.85700000000001	43	70
661bf01ab3c55eee56f097097463b355	NR_077145	900004	9.599999999999993e-87	306.0	90.254	100	236	False	candidate_available	Fungi	Ascomycota	Eurotiomycetes	Eurotiales	Aspergillaceae	Penicillium	Penicillium_chrysogenum	NR_121481	Aspergillus_fumigatus	4.079999999999998e-85	301.0	89.36200000000002	100	235
66b54e2a443f697f121c66c80dc95df9	NR_130691	900007	2.0599999999999995e-62	224.0	100.0	100	124	False	candidate_available	Fungi	Ascomycota	Saccharomycetes	Saccharomycetales	Saccharomycetaceae	Nakaseomyces	Nakaseomyces_glabratus	NR_111007	Saccharomyces_cerevisiae	5.529999999999998e-57	207.0	97.581	84	124
6734e9cf02163049e17ba80c6b32c086	NR_111007	900009	0.000319	31.9	100.0	78	17	False	candidate_available	Fungi	Ascomycota	Saccharomycetes	Saccharomycetales	Saccharomycetaceae	Saccharomyces	Saccharomyces_cerevisiae	NR_130691	Nakaseomyces_glabratus	0.000319	31.9	100.0	61	17
674495db5026d621602634dd1d9ca190	NR_121481	900001	3.75e-27	105.0	100.0	100	58	True	candidate_available	Fungi	Ascomycota	Eurotiomycetes	Eurotiales	Aspergillaceae	Aspergillus	Aspergillus_fumigatus	NR_130667	Cutaneotrichosporon_dermatis	3.75e-27	105.0	100.0	100	58
6790f42c7414d04cbfca2d0bc9403137	NR_130691	900007	2.48e-32	125.0	91.011	52	89	False	candidate_available	Fungi	Ascomycota	Saccharomycetes	Saccharomycetales	Saccharomycetaceae	Nakaseomyces	Nakaseomyces_glabratus	NR_171785	Cryptococcus_neoformans	8.66e-32	123.0	90.909	47	88
679ca3aecfbd02b0d7659b6327a70872	NR_130691	900007	1.2799999999999998e-29	116.0	88.764	51	89	False	candidate_available	Fungi	Ascomycota	Saccharomycetes	Saccharomycetales	Saccharomycetaceae	Nakaseomyces	Nakaseomyces_glabratus	NR_171785	Cryptococcus_neoformans	4.48e-29	114.0	88.63600000000002	43	88
67f44c83f92569ef7a21c13966f48c49	NR_077145	900004	5.669999999999998e-96	337.0	93.421	100	228	False	candidate_available	Fungi	Ascomycota	Eurotiomycetes	Eurotiales	Aspergillaceae	Penicillium	Penicillium_chrysogenum	NR_121481	Aspergillus_fumigatus	2.9399999999999993e-93	327.0	92.672	100	232
690485dcc88ee46eafca88455c1350fb	NR_130691	900007	2.48e-32	125.0	91.011	50	89	False	candidate_available	Fungi	Ascomycota	Saccharomycetes	Saccharomycetales	Saccharomycetaceae	Nakaseomyces	Nakaseomyces_glabratus	NR_171785	Cryptococcus_neoformans	8.66e-32	123.0	90.909	41	88
6976a055044853c7e68d7943cfd3806a	NR_111007	900009	0.00042	31.9	100.0	46	17	False	candidate_available	Fungi	Ascomycota	Saccharomycetes	Saccharomycetales	Saccharomycetaceae	Saccharomyces	Saccharomyces_cerevisiae	NR_144900	Trichophyton_interdigitale	0.00042	31.9	100.0	43	17
6a84d445d0bc5b70a398f6fdf01eb66f	NR_144900	900003	0.76	21.1	100.0	54	11	False	candidate_available	Fungi	Ascomycota	Eurotiomycetes	Onygenales	Arthrodermataceae	Trichophyton	Trichophyton_interdigitale	NR_144900	Trichophyton_interdigitale	0.76	21.1	82.609	54	23
6a9936467ea0ec25f21c078e03632613	NR_125332	900006	3.819999999999999e-117	407.0	99.561	100	228	False	candidate_available	Fungi	Ascomycota	Saccharomycetes	Saccharomycetales	Debaryomycetaceae	Candida	Candida_albicans	NR_130691	Nakaseomyces_glabratus	7.4e-25	100.0	84.78299999999999	68	92
6a9c03927332a86761ef8140c19e76a2	NR_130691	900007	4.74e-08	44.6	100.0	56	24	False	candidate_available	Fungi	Ascomycota	Saccharomycetes	Saccharomycetales	Saccharomycetaceae	Nakaseomyces	Nakaseomyces_glabratus	NR_121481	Aspergillus_fumigatus	4.74e-08	44.6	100.0	53	24
6b364ee32451dd49784a71f534ef2bae	NR_121481	900001	4.14e-49	179.0	100.0	94	99	False	candidate_available	Fungi	Ascomycota	Eurotiomycetes	Eurotiales	Aspergillaceae	Aspergillus	Aspergillus_fumigatus	NR_077145	Penicillium_chrysogenum	1.11e-43	161.0	97.917	91	96
6c1fc4704aa612ba09b1cc742f0c67b2	NR_130691	900007	6.649999999999999e-46	171.0	88.806	73	134	False	candidate_available	Fungi	Ascomycota	Saccharomycetes	Saccharomycetales	Saccharomycetaceae	Nakaseomyces	Nakaseomyces_glabratus	NR_111007	Saccharomyces_cerevisiae	8.1e-45	168.0	88.806	63	134
6d4528949a1b4da8c05713abbbd208fd	NR_130667	900010	1.53e-14	67.1	83.333	66	66	False	candidate_available	Fungi	Basidiomycota	Tremellomycetes	Trichosporonales	Trichosporonaceae	Cutaneotrichosporon	Cutaneotrichosporon_dermatis	NR_171785	Cryptococcus_neoformans	1.53e-14	67.1	81.15899999999998	66	69
6d536c0697e3374ffb3ec10414641759	NR_111007	900009	0.062	24.7	100.0	52	13	False	candidate_available	Fungi	Ascomycota	Saccharomycetes	Saccharomycetales	Saccharomycetaceae	Saccharomyces	Saccharomyces_cerevisiae	NR_130691	Nakaseomyces_glabratus	0.062	24.7	100.0	49	13
6d5d5e8e8195643d12ad9f89722821ba	NR_121481	900001	6.08e-26	104.0	84.848	64	99	False	candidate_available	Fungi	Ascomycota	Eurotiomycetes	Eurotiales	Aspergillaceae	Aspergillus	Aspergillus_fumigatus	NR_144900	Trichophyton_interdigitale	6.08e-26	104.0	83.81	61	105
6e0e8ddf7043ec51d326dff163480dc7	NR_121481	900001	6.08e-26	104.0	88.095	59	84	False	candidate_available	Fungi	Ascomycota	Eurotiomycetes	Eurotiales	Aspergillaceae	Aspergillus	Aspergillus_fumigatus	NR_077145	Penicillium_chrysogenum	6.08e-26	104.0	88.095	58	84
6e82328c42ba7c3e6116b76beafea40d	NR_144900	900003	0.001	30.1	100.0	54	16	False	candidate_available	Fungi	Ascomycota	Eurotiomycetes	Onygenales	Arthrodermataceae	Trichophyton	Trichophyton_interdigitale	NR_111007	Saccharomyces_cerevisiae	0.001	30.1	100.0	48	16
6ea70f7a936fb3c83b92541a31d0699e	NR_130691	900007	1.7899999999999993e-21	89.7	82.022	46	89	False	candidate_available	Fungi	Ascomycota	Saccharomycetes	Saccharomycetales	Saccharomycetaceae	Nakaseomyces	Nakaseomyces_glabratus	NR_171785	Cryptococcus_neoformans	6.2299999999999986e-21	87.8	81.818	58	88
6eee9ddd3be2fa1716629021008b521e	NR_144900	900003	3.4e-05	35.6	100.0	48	19	False	candidate_available	Fungi	Ascomycota	Eurotiomycetes	Onygenales	Arthrodermataceae	Trichophyton	Trichophyton_interdigitale	NR_077145	Penicillium_chrysogenum	3.4e-05	35.6	100.0	39	19
6f44fdcac884f9349154a511f9ec5467	NR_130691	900007	0.000735	31.0	94.737	63	19	False	candidate_available	Fungi	Ascomycota	Saccharomycetes	Saccharomycetales	Saccharomycetaceae	Nakaseomyces	Nakaseomyces_glabratus	NR_121481	Aspergillus_fumigatus	0.000735	31.0	94.737	61	19
6ff253a77431f16f031f09943020be98	NR_130667	900010	1.99e-19	83.3	89.23100000000002	62	65	False	candidate_available	Fungi	Basidiomycota	Tremellomycetes	Trichosporonales	Trichosporonaceae	Cutaneotrichosporon	Cutaneotrichosporon_dermatis	NR_111475	Malassezia_globosa	6.93e-19	80.6	81.395	54	86
6ff9a3e427e998643e8d98a2a3d9157b	NR_144900	900003	3.44e-05	35.6	100.0	51	19	False	candidate_available	Fungi	Ascomycota	Eurotiomycetes	Onygenales	Arthrodermataceae	Trichophyton	Trichophyton_interdigitale	NR_130690	Fusarium_keratoplasticum	3.44e-05	35.6	100.0	45	19
7022c374ae44a6ea810bc3bc7018547c	NR_130690	900005	3.45e-05	36.5	95.455	55	22	False	candidate_available	Fungi	Ascomycota	Sordariomycetes	Hypocreales	Nectriaceae	Fusarium	Fusarium_keratoplasticum	NR_111007	Saccharomyces_cerevisiae	3.45e-05	36.5	95.455	50	22
705dc39cc2275d1e72dc907ff947628d	NR_130667	900010	4.670000000000001e-21	87.8	81.0	57	100	False	candidate_available	Fungi	Basidiomycota	Tremellomycetes	Trichosporonales	Trichosporonaceae	Cutaneotrichosporon	Cutaneotrichosporon_dermatis	NR_171785	Cryptococcus_neoformans	5.690000000000001e-20	85.1	89.06200000000003	57	64
708ed5611c17651ff5806fa18df950fa	NR_111007	900009	3.45e-05	35.6	100.0	50	19	False	candidate_available	Fungi	Ascomycota	Saccharomycetes	Saccharomycetales	Saccharomycetaceae	Saccharomyces	Saccharomyces_cerevisiae	NR_130691	Nakaseomyces_glabratus	3.45e-05	35.6	100.0	43	19
70c24fbf5a1015511f7eeaa619943c09	NR_111007	900009	9.89e-06	37.4	100.0	54	20	False	candidate_available	Fungi	Ascomycota	Saccharomycetes	Saccharomycetales	Saccharomycetaceae	Saccharomyces	Saccharomyces_cerevisiae	NR_130691	Nakaseomyces_glabratus	9.89e-06	37.4	100.0	49	20
70d60c1f3f6ba9ae04d78ef6f824c9b8	NR_130690	900005	5.320000000000001e-05	33.7	100.0	66	18	False	candidate_available	Fungi	Ascomycota	Sordariomycetes	Hypocreales	Nectriaceae	Fusarium	Fusarium_keratoplasticum	NR_130667	Cutaneotrichosporon_dermatis	5.320000000000001e-05	33.7	100.0	61	18
719c06db40daf054bc4b27a72600de75	NR_130667	900010	1.85e-89	315.0	93.365	93	211	False	candidate_available	Fungi	Basidiomycota	Tremellomycetes	Trichosporonales	Trichosporonaceae	Cutaneotrichosporon	Cutaneotrichosporon_dermatis	NR_171785	Cryptococcus_neoformans	2.95e-17	76.1	69.744	84	195
722fb57e17229696cb75e47ad882962f	NR_171785	900002	1.34e-21	89.7	75.484	71	155	False	candidate_available	Fungi	Basidiomycota	Tremellomycetes	Tremellales	Tremellaceae	Cryptococcus	Cryptococcus_neoformans	NR_111475	Malassezia_globosa	3.5899999999999997e-16	71.6	86.441	53	59
7243d6f6c59327bcf48abb33a65296e7	NR_130691	900007	2.48e-32	125.0	91.011	62	89	False	candidate_available	Fungi	Ascomycota	Saccharomycetes	Saccharomycetales	Saccharomycetaceae	Nakaseomyces	Nakaseomyces_glabratus	NR_171785	Cryptococcus_neoformans	8.66e-32	123.0	90.909	37	88
725402e2a81677678ca9799ecc96fe7f	NR_111007	900009	3.45e-05	35.6	100.0	56	19	False	candidate_available	Fungi	Ascomycota	Saccharomycetes	Saccharomycetales	Saccharomycetaceae	Saccharomyces	Saccharomyces_cerevisiae	NR_130691	Nakaseomyces_glabratus	3.45e-05	35.6	100.0	46	19
72dd04cf016a807b3f0ed8e3b52565b4	NR_125332	900006	8.979999999999995e-119	412.0	100.0	100	228	False	candidate_available	Fungi	Ascomycota	Saccharomycetes	Saccharomycetales	Debaryomycetaceae	Candida	Candida_albicans	NR_130691	Nakaseomyces_glabratus	6.08e-26	104.0	85.87	68	92
7332820fcc90af10ffa68c99d5c2d874	NR_125332	900006	1.63e-06	37.4	100.0	71	20	True	candidate_available	Fungi	Ascomycota	Saccharomycetes	Saccharomycetales	Debaryomycetaceae	Candida	Candida_albicans	NR_130690	Fusarium_keratoplasticum	1.63e-06	37.4	100.0	71	20
734b3bd502cf4e15ab36e06823ea19d1	NR_130691	900007	2.48e-32	125.0	91.011	51	89	False	candidate_available	Fungi	Ascomycota	Saccharomycetes	Saccharomycetales	Saccharomycetaceae	Nakaseomyces	Nakaseomyces_glabratus	NR_171785	Cryptococcus_neoformans	8.66e-32	123.0	90.909	47	88
75107df2ba22157d21ca3da014ea641a	NR_144900	900003	0.005	28.3	100.0	44	15	False	candidate_available	Fungi	Ascomycota	Eurotiomycetes	Onygenales	Arthrodermataceae	Trichophyton	Trichophyton_interdigitale	NR_077145	Penicillium_chrysogenum	0.005	28.3	100.0	40	15
754268c86474386269e578a4eb485b8a	NR_125332	900006	3.819999999999999e-117	407.0	99.561	100	228	False	candidate_available	Fungi	Ascomycota	Saccharomycetes	Saccharomycetales	Debaryomycetaceae	Candida	Candida_albicans	NR_130691	Nakaseomyces_glabratus	7.4e-25	100.0	84.78299999999999	68	92
75460142a37c38afe494aff9cc6ce051	NR_121481	900001	0.66	22.0	84.211	47	19	False	candidate_available	Fungi	Ascomycota	Eurotiomycetes	Eurotiales	Aspergillaceae	Aspergillus	Aspergillus_fumigatus	NR_121481	Aspergillus_fumigatus	2.3	19.3	100.0	47	10
79b8b59b62b6bcd94537b80830d7f47d	NR_130691	900007	2.0299999999999995e-147	508.0	100.0	93	281	False	candidate_available	Fungi	Ascomycota	Saccharomycetes	Saccharomycetales	Saccharomycetaceae	Nakaseomyces	Nakaseomyces_glabratus	NR_111007	Saccharomyces_cerevisiae	2.3199999999999997e-26	105.0	88.37200000000001	52	86
7afb59c70eff2cec5a071dd7c3ca79e0	NR_130690	900005	9.89e-06	37.4	100.0	49	20	False	candidate_available	Fungi	Ascomycota	Sordariomycetes	Hypocreales	Nectriaceae	Fusarium	Fusarium_keratoplasticum	NR_121481	Aspergillus_fumigatus	9.89e-06	37.4	100.0	47	20
7b3895e4ce4378f120ee488c628004dc	NR_144900	900003	7.66e-07	37.4	100.0	91	20	False	candidate_available	Fungi	Ascomycota	Eurotiomycetes	Onygenales	Arthrodermataceae	Trichophyton	Trichophyton_interdigitale	NR_121481	Aspergillus_fumigatus	7.66e-07	37.4	100.0	85	20
7c26a2bc5ea2beb04c6da14fd04a67c3	NR_171785	900002	1.02e-16	73.4	82.85700000000001	60	70	False	candidate_available	Fungi	Basidiomycota	Tremellomycetes	Tremellales	Tremellaceae	Cryptococcus	Cryptococcus_neoformans	NR_130691	Nakaseomyces_glabratus	1.52e-14	66.2	84.615	49	65
7eb255283c6c52bd61ca80e88b608ef1	NR_111007	900009	3.45e-05	35.6	100.0	47	19	True	candidate_available	Fungi	Ascomycota	Saccharomycetes	Saccharomycetales	Saccharomycetaceae	Saccharomyces	Saccharomyces_cerevisiae	NR_130691	Nakaseomyces_glabratus	3.45e-05	35.6	100.0	47	19
7ec116ba801fe0dd6ad02c5516ba27b6	NR_111007	900009	6.599999999999996e-122	423.0	99.177	84	243	False	candidate_available	Fungi	Ascomycota	Saccharomycetes	Saccharomycetales	Saccharomycetaceae	Saccharomyces	Saccharomyces_cerevisiae	NR_130691	Nakaseomyces_glabratus	9.840000000000002e-25	100.0	87.95200000000001	68	83
7ec84e73c19db6fd14a892be88d602d6	NR_130691	900007	2.4500000000000002e-32	125.0	91.011	66	89	False	candidate_available	Fungi	Ascomycota	Saccharomycetes	Saccharomycetales	Saccharomycetaceae	Nakaseomyces	Nakaseomyces_glabratus	NR_171785	Cryptococcus_neoformans	8.57e-32	123.0	90.909	43	88
7f21c32326f029d0dc23b6548c9be2eb	NR_130667	900010	1.99e-19	83.3	89.23100000000002	43	65	False	candidate_available	Fungi	Basidiomycota	Tremellomycetes	Trichosporonales	Trichosporonaceae	Cutaneotrichosporon	Cutaneotrichosporon_dermatis	NR_171785	Cryptococcus_neoformans	2.95e-17	76.1	85.93799999999997	54	64
80031c9738d7445f1f857a5681c053a2	NR_111007	900009	0.005	28.3	100.0	53	15	False	candidate_available	Fungi	Ascomycota	Saccharomycetes	Saccharomycetales	Saccharomycetaceae	Saccharomyces	Saccharomyces_cerevisiae	NR_130691	Nakaseomyces_glabratus	0.005	28.3	100.0	52	15
80d69bc60273cafc5a73ae55b234f7c9	NR_130690	900005	5.690000000000001e-20	84.2	90.164	61	61	False	candidate_available	Fungi	Ascomycota	Sordariomycetes	Hypocreales	Nectriaceae	Fusarium	Fusarium_keratoplasticum	NR_144900	Trichophyton_interdigitale	1.99e-19	83.3	85.333	68	75
80e1bf7ccd84a6512dc5cc240266fbbc	NR_111475	900008	8.979999999999995e-119	412.0	100.0	100	228	False	candidate_available	Fungi	Basidiomycota	Malasseziomycetes	Malasseziales	Malasseziaceae	Malassezia	Malassezia_globosa	NR_130667	Cutaneotrichosporon_dermatis	2.42e-18	79.7	88.525	54	61
810614b36a07abd1a925d29282f91909	NR_130691	900007	2.48e-32	125.0	91.011	47	89	False	candidate_available	Fungi	Ascomycota	Saccharomycetes	Saccharomycetales	Saccharomycetaceae	Nakaseomyces	Nakaseomyces_glabratus	NR_171785	Cryptococcus_neoformans	8.66e-32	123.0	90.909	41	88
816d201ed9172ccf13a16767c31c90c9	NR_111475	900008	2.12e-25	102.0	94.118	57	68	False	candidate_available	Fungi	Basidiomycota	Malasseziomycetes	Malasseziales	Malasseziaceae	Malassezia	Malassezia_globosa	NR_130667	Cutaneotrichosporon_dermatis	1.53e-14	66.2	83.60700000000001	48	61
830623f85c074e3be00b07789c2ab817	NR_130691	900007	1.31e-14	67.1	80.0	78	85	False	candidate_available	Fungi	Ascomycota	Saccharomycetes	Saccharomycetales	Saccharomycetaceae	Nakaseomyces	Nakaseomyces_glabratus	NR_111007	Saccharomyces_cerevisiae	1.31e-14	67.1	80.0	57	85
84b5c1c947a868e466363aca6892af10	NR_121481	900001	6.08e-26	104.0	88.095	57	84	False	candidate_available	Fungi	Ascomycota	Eurotiomycetes	Eurotiales	Aspergillaceae	Aspergillus	Aspergillus_fumigatus	NR_077145	Penicillium_chrysogenum	6.08e-26	104.0	88.095	56	84
852a848e6c1fce8ec025e60eb1d8ad45	NR_130667	900010	2.7499999999999997e-87	307.0	100.0	90	170	False	candidate_available	Fungi	Basidiomycota	Tremellomycetes	Trichosporonales	Trichosporonaceae	Cutaneotrichosporon	Cutaneotrichosporon_dermatis	NR_171785	Cryptococcus_neoformans	2.4199999999999997e-56	205.0	78.26100000000002	100	253
8578ebd1501eab5abc643bb43fb0b7e2	NR_130691	900007	6.58e-06	37.4	100.0	40	20	False	candidate_available	Fungi	Ascomycota	Saccharomycetes	Saccharomycetales	Saccharomycetaceae	Nakaseomyces	Nakaseomyces_glabratus	NR_121481	Aspergillus_fumigatus	6.58e-06	37.4	100.0	37	20
85d8f5af58655f5e9a0875198e40a4cf	NR_130691	900007	6.65e-06	37.4	100.0	58	20	False	candidate_available	Fungi	Ascomycota	Saccharomycetes	Saccharomycetales	Saccharomycetaceae	Nakaseomyces	Nakaseomyces_glabratus	NR_121481	Aspergillus_fumigatus	6.65e-06	37.4	100.0	51	20
861e3c2d2e021bc75d515a994d56517e	NR_130690	900005	1.86e-13	62.6	83.051	45	59	False	candidate_available	Fungi	Ascomycota	Sordariomycetes	Hypocreales	Nectriaceae	Fusarium	Fusarium_keratoplasticum	NR_121481	Aspergillus_fumigatus	6.490000000000001e-13	61.7	86.275	58	51
870b996b7364a3020227bc4b918ba54f	NR_111007	900009	0.000403	31.9	100.0	57	17	False	candidate_available	Fungi	Ascomycota	Saccharomycetes	Saccharomycetales	Saccharomycetaceae	Saccharomyces	Saccharomyces_cerevisiae	NR_130691	Nakaseomyces_glabratus	0.000403	31.9	100.0	45	17
88be853cbd81bb124d987055745dd220	NR_171785	900002	5.690000000000001e-20	85.1	89.06200000000003	53	64	False	candidate_available	Fungi	Basidiomycota	Tremellomycetes	Tremellales	Tremellaceae	Cryptococcus	Cryptococcus_neoformans	NR_130667	Cutaneotrichosporon_dermatis	6.93e-19	81.5	89.06200000000003	70	64
88d9e26258cbe6803242c238c2455096	NR_171785	900002	1.449999999999999e-155	535.0	100.0	99	296	False	candidate_available	Fungi	Basidiomycota	Tremellomycetes	Tremellales	Tremellaceae	Cryptococcus	Cryptococcus_neoformans	NR_130667	Cutaneotrichosporon_dermatis	3.9199999999999995e-36	138.0	71.242	100	306
891d74d20e746b1fb0158d4e1d1738cf	NR_144900	900003	0.00012	33.7	100.0	45	18	False	candidate_available	Fungi	Ascomycota	Eurotiomycetes	Onygenales	Arthrodermataceae	Trichophyton	Trichophyton_interdigitale	NR_121481	Aspergillus_fumigatus	0.00012	33.7	100.0	44	18
89280dfd2d6284d8379415b8579079b4	NR_111007	900009	0.00012	33.7	100.0	63	18	False	candidate_available	Fungi	Ascomycota	Saccharomycetes	Saccharomycetales	Saccharomycetaceae	Saccharomyces	Saccharomyces_cerevisiae	NR_130691	Nakaseomyces_glabratus	0.00012	33.7	100.0	42	18
8965aa6d2863f5cb3cd73c6b457b8c10	NR_130691	900007	7.69e-06	37.4	100.0	54	20	False	candidate_available	Fungi	Ascomycota	Saccharomycetes	Saccharomycetales	Saccharomycetaceae	Nakaseomyces	Nakaseomyces_glabratus	NR_111007	Saccharomyces_cerevisiae	7.69e-06	37.4	100.0	51	20
89b2c9df3eca133597ce82b96537e5cb	NR_121481	900001	2.83e-06	40.1	95.833	43	24	False	candidate_available	Fungi	Ascomycota	Eurotiomycetes	Eurotiales	Aspergillaceae	Aspergillus	Aspergillus_fumigatus	NR_077145	Penicillium_chrysogenum	2.83e-06	40.1	95.833	38	24
8a52693c2a3066f0951f6e0ab114cf44	NR_111007	900009	9.89e-06	37.4	100.0	45	20	False	candidate_available	Fungi	Ascomycota	Saccharomycetes	Saccharomycetales	Saccharomycetaceae	Saccharomyces	Saccharomyces_cerevisiae	NR_130667	Cutaneotrichosporon_dermatis	9.89e-06	37.4	100.0	39	20
8abbc3706d83fc336ad674b159566a26	NR_125332	900006	5.690000000000001e-20	85.1	81.72	48	93	False	candidate_available	Fungi	Ascomycota	Saccharomycetes	Saccharomycetales	Debaryomycetaceae	Candida	Candida_albicans	NR_144900	Trichophyton_interdigitale	6.93e-19	80.6	87.87899999999998	58	66
8c82b71188e096be2feb08fd7d64d6a6	NR_130667	900010	2.65e-19	82.4	88.06	49	67	False	candidate_available	Fungi	Basidiomycota	Tremellomycetes	Trichosporonales	Trichosporonaceae	Cutaneotrichosporon	Cutaneotrichosporon_dermatis	NR_144900	Trichophyton_interdigitale	4.79e-16	71.6	88.889	39	54
8c9faa9e15875e19c83d12df14a5a3ff	NR_111007	900009	9.89e-06	37.4	100.0	56	20	False	candidate_available	Fungi	Ascomycota	Saccharomycetes	Saccharomycetales	Saccharomycetaceae	Saccharomyces	Saccharomyces_cerevisiae	NR_121481	Aspergillus_fumigatus	9.89e-06	37.4	100.0	47	20
8d231a317ba8cf704dcdc9a1d5d1de99	NR_171785	900002	8.45e-18	77.9	72.54899999999998	70	153	False	candidate_available	Fungi	Basidiomycota	Tremellomycetes	Tremellales	Tremellaceae	Cryptococcus	Cryptococcus_neoformans	NR_111475	Malassezia_globosa	1.03e-16	73.4	87.09700000000002	46	62
8d3e05b052f65c88c539505f87882851	NR_130691	900007	2.4500000000000002e-32	125.0	91.011	53	89	False	candidate_available	Fungi	Ascomycota	Saccharomycetes	Saccharomycetales	Saccharomycetaceae	Nakaseomyces	Nakaseomyces_glabratus	NR_171785	Cryptococcus_neoformans	8.57e-32	123.0	90.909	44	88
8eedab30efdc40b9d88bdabe03635ba4	NR_125332	900006	9.85e-06	37.4	100.0	41	20	True	candidate_available	Fungi	Ascomycota	Saccharomycetes	Saccharomycetales	Debaryomycetaceae	Candida	Candida_albicans	NR_130691	Nakaseomyces_glabratus	9.85e-06	37.4	100.0	41	20
8f5b156b2473d6552ed30cec420b2b02	NR_130691	900007	1.53e-05	35.6	100.0	53	19	False	candidate_available	Fungi	Ascomycota	Saccharomycetes	Saccharomycetales	Saccharomycetaceae	Nakaseomyces	Nakaseomyces_glabratus	NR_121481	Aspergillus_fumigatus	1.53e-05	35.6	100.0	47	19
8fa01d73021156ed6e2382e0d80dec3a	NR_125332	900006	3.819999999999999e-117	407.0	99.561	100	228	False	candidate_available	Fungi	Ascomycota	Saccharomycetes	Saccharomycetales	Debaryomycetaceae	Candida	Candida_albicans	NR_130691	Nakaseomyces_glabratus	1.43e-27	109.0	86.95700000000002	68	92
90aa0385993cdfbec9b8925a1163afb6	NR_111007	900009	0.00042	31.9	100.0	52	17	True	candidate_available	Fungi	Ascomycota	Saccharomycetes	Saccharomycetales	Saccharomycetaceae	Saccharomyces	Saccharomyces_cerevisiae	NR_121481	Aspergillus_fumigatus	0.00042	31.9	100.0	52	17
90c790cd51b041fe427de8b5a8538108	NR_130691	900007	3.41e-05	35.6	100.0	52	19	False	candidate_available	Fungi	Ascomycota	Saccharomycetes	Saccharomycetales	Saccharomycetaceae	Nakaseomyces	Nakaseomyces_glabratus	NR_111007	Saccharomyces_cerevisiae	3.41e-05	35.6	100.0	47	19
92ebee3e1d5e106289f51862c1333f71	NR_171785	900002	5.690000000000001e-20	84.2	78.641	71	103	False	candidate_available	Fungi	Basidiomycota	Tremellomycetes	Tremellales	Tremellaceae	Cryptococcus	Cryptococcus_neoformans	NR_111475	Malassezia_globosa	3.5899999999999997e-16	72.5	83.58200000000002	60	67
934f533a78b5de1479b59f1a682d064c	NR_111007	900009	6.72e-06	37.4	100.0	46	20	False	candidate_available	Fungi	Ascomycota	Saccharomycetes	Saccharomycetales	Saccharomycetaceae	Saccharomyces	Saccharomyces_cerevisiae	NR_130691	Nakaseomyces_glabratus	6.72e-06	37.4	100.0	43	20
9382063e0b2044656cf90225daa688cc	NR_111007	900009	0.005	28.3	100.0	44	15	False	candidate_available	Fungi	Ascomycota	Saccharomycetes	Saccharomycetales	Saccharomycetaceae	Saccharomyces	Saccharomyces_cerevisiae	NR_121481	Aspergillus_fumigatus	0.005	28.3	100.0	37	15
93ca18c8326c68730665b16f4afc4c27	NR_121481	900001	3.15e-23	95.1	85.714	64	84	False	candidate_available	Fungi	Ascomycota	Eurotiomycetes	Eurotiales	Aspergillaceae	Aspergillus	Aspergillus_fumigatus	NR_077145	Penicillium_chrysogenum	3.15e-23	95.1	85.714	60	84
94c0d2deeddd5f1e709b971ddca5b96f	NR_130690	900005	1.98e-57	208.0	79.116	100	249	False	candidate_available	Fungi	Ascomycota	Sordariomycetes	Hypocreales	Nectriaceae	Fusarium	Fusarium_keratoplasticum	NR_121481	Aspergillus_fumigatus	3.15e-23	95.1	85.714	61	84
94dddfcdc76df2a1fd9cc9fef269a37a	NR_111475	900008	2.95e-17	76.1	93.878	47	49	False	candidate_available	Fungi	Basidiomycota	Malasseziomycetes	Malasseziales	Malasseziaceae	Malassezia	Malassezia_globosa	NR_130667	Cutaneotrichosporon_dermatis	4.379999999999999e-15	68.9	82.609	51	69
955eb7ae0fe2a3213438ef5bec2de66e	NR_111007	900009	9.89e-06	37.4	100.0	51	20	False	candidate_available	Fungi	Ascomycota	Saccharomycetes	Saccharomycetales	Saccharomycetaceae	Saccharomyces	Saccharomyces_cerevisiae	NR_130690	Fusarium_keratoplasticum	9.89e-06	37.4	100.0	47	20
957a4979ef8eb030190ed5fa5f7c5e47	NR_111475	900008	1.6299999999999993e-20	86.0	90.323	43	62	False	candidate_available	Fungi	Basidiomycota	Malasseziomycetes	Malasseziales	Malasseziaceae	Malassezia	Malassezia_globosa	NR_130667	Cutaneotrichosporon_dermatis	1.99e-19	82.4	87.69200000000002	48	65
96089fcd4be16af3744dff9823059e84	NR_171785	900002	1.6299999999999993e-20	86.0	78.378	73	111	False	candidate_available	Fungi	Basidiomycota	Tremellomycetes	Tremellales	Tremellaceae	Cryptococcus	Cryptococcus_neoformans	NR_111475	Malassezia_globosa	3.5899999999999997e-16	72.5	83.58200000000002	61	67
96800d25db2a29d576ee27c9b1735e9f	NR_111007	900009	5.57e-06	37.4	100.0	57	20	False	candidate_available	Fungi	Ascomycota	Saccharomycetes	Saccharomycetales	Saccharomycetaceae	Saccharomyces	Saccharomyces_cerevisiae	NR_121481	Aspergillus_fumigatus	5.57e-06	37.4	100.0	51	20
96bf17ba3b4f9d5e0a21bebcbe3e6347	NR_130667	900010	1.87e-13	63.5	86.538	45	52	False	candidate_available	Fungi	Basidiomycota	Tremellomycetes	Trichosporonales	Trichosporonaceae	Cutaneotrichosporon	Cutaneotrichosporon_dermatis	NR_171785	Cryptococcus_neoformans	9.68e-11	54.5	85.10600000000002	44	47
9787c7e873499f9e560ca6b6422ce0e8	NR_111007	900009	0.000403	31.9	100.0	61	17	False	candidate_available	Fungi	Ascomycota	Saccharomycetes	Saccharomycetales	Saccharomycetaceae	Saccharomyces	Saccharomyces_cerevisiae	NR_130667	Cutaneotrichosporon_dermatis	0.000403	31.9	100.0	44	17
98889d06c709abb06729cab49128dd46	NR_130667	900010	5.690000000000001e-20	85.1	89.39399999999998	46	66	False	candidate_available	Fungi	Basidiomycota	Tremellomycetes	Trichosporonales	Trichosporonaceae	Cutaneotrichosporon	Cutaneotrichosporon_dermatis	NR_171785	Cryptococcus_neoformans	5.690000000000001e-20	85.1	89.06200000000003	56	64
9899e5944be6d8cfc566fec1d4cdf106	NR_171785	900002	6.92e-76	269.0	84.615	100	247	False	candidate_available	Fungi	Basidiomycota	Tremellomycetes	Tremellales	Tremellaceae	Cryptococcus	Cryptococcus_neoformans	NR_130667	Cutaneotrichosporon_dermatis	9.609999999999994e-68	242.0	90.341	93	176
99b9ce04c0575bc120dc13c27c6fbd61	NR_171785	900002	7.38e-101	352.0	100.0	91	195	False	candidate_available	Fungi	Basidiomycota	Tremellomycetes	Tremellales	Tremellaceae	Cryptococcus	Cryptococcus_neoformans	NR_130667	Cutaneotrichosporon_dermatis	9.01e-43	159.0	75.877	100	228
9a507bbaa2506b564c6ecc67ac11ca51	NR_144900	900003	4.69e-21	87.8	81.053	73	95	False	candidate_available	Fungi	Ascomycota	Eurotiomycetes	Onygenales	Arthrodermataceae	Trichophyton	Trichophyton_interdigitale	NR_121481	Aspergillus_fumigatus	2e-19	83.3	73.85600000000002	87	153
9a8e760195cd584b7811142a27f29b00	NR_130667	900010	2.67e-06	37.4	100.0	61	20	False	candidate_available	Fungi	Basidiomycota	Tremellomycetes	Trichosporonales	Trichosporonaceae	Cutaneotrichosporon	Cutaneotrichosporon_dermatis	NR_111007	Saccharomyces_cerevisiae	2.67e-06	37.4	100.0	53	20
9ab532e02e09a25a4e7fc6d767fa9aa1	NR_144900	900003	0.22	22.9	88.235	35	17	False	candidate_available	Fungi	Ascomycota	Eurotiomycetes	Onygenales	Arthrodermataceae	Trichophyton	Trichophyton_interdigitale	NR_144900	Trichophyton_interdigitale	0.76	22.0	84.211	35	19
9b515710aedd7956e1b33b0f43a5da4d	NR_121481	900001	3.45e-05	35.6	100.0	40	19	True	candidate_available	Fungi	Ascomycota	Eurotiomycetes	Eurotiales	Aspergillaceae	Aspergillus	Aspergillus_fumigatus	NR_130690	Fusarium_keratoplasticum	3.45e-05	35.6	100.0	40	19
9b61ba42a163f182fb0517d16e21353b	NR_077145	900004	4.3599999999999995e-72	257.0	90.0	96	200	False	candidate_available	Fungi	Ascomycota	Eurotiomycetes	Eurotiales	Aspergillaceae	Penicillium	Penicillium_chrysogenum	NR_121481	Aspergillus_fumigatus	4.3599999999999995e-72	257.0	86.344	99	227
9c44645f431c91d96352598dc69d9dd4	NR_077145	900004	6.08e-26	104.0	88.095	58	84	False	candidate_available	Fungi	Ascomycota	Eurotiomycetes	Eurotiales	Aspergillaceae	Penicillium	Penicillium_chrysogenum	NR_121481	Aspergillus_fumigatus	6.08e-26	104.0	88.095	54	84
9c6a6a6806ecf36a83eea035327a4777	NR_144900	900003	8.979999999999995e-119	412.0	100.0	100	228	False	candidate_available	Fungi	Ascomycota	Eurotiomycetes	Onygenales	Arthrodermataceae	Trichophyton	Trichophyton_interdigitale	NR_121481	Aspergillus_fumigatus	1.86e-32	125.0	76.571	84	175
9c70c6df883ccc8bc958aa9b237f3dcd	NR_130690	900005	4.670000000000001e-21	88.7	82.55799999999998	53	86	False	candidate_available	Fungi	Ascomycota	Sordariomycetes	Hypocreales	Nectriaceae	Fusarium	Fusarium_keratoplasticum	NR_077145	Penicillium_chrysogenum	2.95e-17	76.1	80.46	73	87
9cb444debe2d75a0faae9e99b58b96cd	NR_111007	900009	9.89e-06	37.4	100.0	54	20	False	candidate_available	Fungi	Ascomycota	Saccharomycetes	Saccharomycetales	Saccharomycetaceae	Saccharomyces	Saccharomyces_cerevisiae	NR_121481	Aspergillus_fumigatus	9.89e-06	37.4	100.0	48	20
9d85d8067d02e30a806463de2845ccdd	NR_130691	900007	0.76	22.0	92.857	41	14	False	candidate_available	Fungi	Ascomycota	Saccharomycetes	Saccharomycetales	Saccharomycetaceae	Nakaseomyces	Nakaseomyces_glabratus	NR_171785	Cryptococcus_neoformans	2.7	20.2	93.333	41	15
9da0998852867aa3521b3fce0470f933	NR_111475	900008	2.95e-17	76.1	88.889	56	63	False	candidate_available	Fungi	Basidiomycota	Malasseziomycetes	Malasseziales	Malasseziaceae	Malassezia	Malassezia_globosa	NR_171785	Cryptococcus_neoformans	3.5899999999999997e-16	72.5	84.05799999999998	56	69
9dca25bcfb9f6faab9371fc6704b590a	NR_130667	900010	3.5899999999999997e-16	71.6	84.848	70	66	False	candidate_available	Fungi	Basidiomycota	Tremellomycetes	Trichosporonales	Trichosporonaceae	Cutaneotrichosporon	Cutaneotrichosporon_dermatis	NR_171785	Cryptococcus_neoformans	3.5899999999999997e-16	71.6	82.609	73	69
a0a05fb837d128e0f13ab3295773109e	NR_130667	900010	2.67e-06	37.4	100.0	68	20	False	candidate_available	Fungi	Basidiomycota	Tremellomycetes	Trichosporonales	Trichosporonaceae	Cutaneotrichosporon	Cutaneotrichosporon_dermatis	NR_111007	Saccharomyces_cerevisiae	2.67e-06	37.4	100.0	53	20
a0e94e321165b221002d4815536f2eea	NR_130667	900010	6.93e-19	81.5	89.06200000000003	42	64	False	candidate_available	Fungi	Basidiomycota	Tremellomycetes	Trichosporonales	Trichosporonaceae	Cutaneotrichosporon	Cutaneotrichosporon_dermatis	NR_171785	Cryptococcus_neoformans	3.5899999999999997e-16	71.6	84.375	61	64
a1ddc0359a09921a4282096b4bd79a1c	NR_130691	900007	7.029999999999998e-33	128.0	82.677	60	127	False	candidate_available	Fungi	Ascomycota	Saccharomycetes	Saccharomycetales	Saccharomycetaceae	Nakaseomyces	Nakaseomyces_glabratus	NR_171785	Cryptococcus_neoformans	2.4500000000000002e-32	125.0	82.677	49	127
a264df5dbe2ffe5b564231684a02d56d	NR_111007	900009	9.62e-49	179.0	89.43700000000003	89	142	False	candidate_available	Fungi	Ascomycota	Saccharomycetes	Saccharomycetales	Saccharomycetaceae	Saccharomyces	Saccharomyces_cerevisiae	NR_130691	Nakaseomyces_glabratus	3.829999999999999e-41	154.0	89.744	74	117
a35b5bb74ae271253c48bf3dc7eaf278	NR_130667	900010	4.670000000000001e-21	87.8	90.769	67	65	False	candidate_available	Fungi	Basidiomycota	Tremellomycetes	Trichosporonales	Trichosporonaceae	Cutaneotrichosporon	Cutaneotrichosporon_dermatis	NR_111475	Malassezia_globosa	8.45e-18	77.9	88.71	54	62
a4d6aeda4e809ef4f25111f66e15a8ca	NR_130691	900007	1.2799999999999998e-29	116.0	88.764	49	89	False	candidate_available	Fungi	Ascomycota	Saccharomycetes	Saccharomycetales	Saccharomycetaceae	Nakaseomyces	Nakaseomyces_glabratus	NR_171785	Cryptococcus_neoformans	4.48e-29	114.0	88.63600000000002	41	88
a536855c690075a22d2f70db5665151c	NR_121481	900001	3.47e-06	37.4	100.0	50	20	False	candidate_available	Fungi	Ascomycota	Eurotiomycetes	Eurotiales	Aspergillaceae	Aspergillus	Aspergillus_fumigatus	NR_144900	Trichophyton_interdigitale	3.47e-06	37.4	100.0	49	20
a554710d9573066da22c4a4f87f01d3a	NR_171785	900002	6.93e-19	80.6	72.848	75	151	False	candidate_available	Fungi	Basidiomycota	Tremellomycetes	Tremellales	Tremellaceae	Cryptococcus	Cryptococcus_neoformans	NR_130667	Cutaneotrichosporon_dermatis	2.42e-18	79.7	86.765	61	68
a5af3fc8194eb0b464eafe3cdb571633	NR_111007	900009	8.409999999999996e-113	392.0	98.684	100	228	False	candidate_available	Fungi	Ascomycota	Saccharomycetes	Saccharomycetales	Saccharomycetaceae	Saccharomyces	Saccharomyces_cerevisiae	NR_130691	Nakaseomyces_glabratus	1.74e-45	169.0	89.92200000000003	84	129
a5fb812775e585a48c8358419981538a	NR_171785	900002	2.95e-17	76.1	85.93799999999997	66	64	False	candidate_available	Fungi	Basidiomycota	Tremellomycetes	Tremellales	Tremellaceae	Cryptococcus	Cryptococcus_neoformans	NR_130667	Cutaneotrichosporon_dermatis	1.03e-16	74.3	86.154	63	65
a7c166e09c38af96a5fccc7a43c6065d	NR_121481	900001	8.12e-07	41.0	100.0	41	22	True	candidate_available	Fungi	Ascomycota	Eurotiomycetes	Eurotiales	Aspergillaceae	Aspergillus	Aspergillus_fumigatus	NR_144900	Trichophyton_interdigitale	8.12e-07	41.0	100.0	41	22
a8006bd4661f54caf04a33bfd953834d	NR_130691	900007	1.96e-06	39.2	100.0	57	21	False	candidate_available	Fungi	Ascomycota	Saccharomycetes	Saccharomycetales	Saccharomycetaceae	Nakaseomyces	Nakaseomyces_glabratus	NR_111007	Saccharomyces_cerevisiae	1.96e-06	39.2	100.0	45	21
a810f4bd2f53d48fc7f37e94bf363fc4	NR_144900	900003	8.14e-06	37.4	100.0	47	20	False	candidate_available	Fungi	Ascomycota	Eurotiomycetes	Onygenales	Arthrodermataceae	Trichophyton	Trichophyton_interdigitale	NR_111007	Saccharomyces_cerevisiae	8.14e-06	37.4	100.0	40	20
a841082e3b16121e246a0a2ca1534c20	NR_121481	900001	2.58e-24	99.6	86.905	55	84	False	candidate_available	Fungi	Ascomycota	Eurotiomycetes	Eurotiales	Aspergillaceae	Aspergillus	Aspergillus_fumigatus	NR_077145	Penicillium_chrysogenum	2.58e-24	99.6	86.905	53	84
a84c1b186e95fc28c77e0c58812ca7e5	NR_171785	900002	1.99e-19	82.4	77.982	63	109	False	candidate_available	Fungi	Basidiomycota	Tremellomycetes	Tremellales	Tremellaceae	Cryptococcus	Cryptococcus_neoformans	NR_130667	Cutaneotrichosporon_dermatis	1.03e-16	74.3	86.154	61	65
a8667283551f577f6feb70486539d8d1	NR_121481	900001	0.22	22.9	77.419	43	31	True	candidate_available	Fungi	Ascomycota	Eurotiomycetes	Eurotiales	Aspergillaceae	Aspergillus	Aspergillus_fumigatus	NR_130690	Fusarium_keratoplasticum	0.22	22.9	77.419	43	31
a920043b0a1f468a1d704fb1d44f1538	NR_130691	900007	3.68e-30	119.0	89.773	56	88	False	candidate_available	Fungi	Ascomycota	Saccharomycetes	Saccharomycetales	Saccharomycetaceae	Nakaseomyces	Nakaseomyces_glabratus	NR_171785	Cryptococcus_neoformans	1.2799999999999998e-29	117.0	89.655	50	87
a98e7da7571b7fd9f95c9e1ddfda6826	NR_171785	900002	6.93e-19	80.6	87.5	56	64	False	candidate_available	Fungi	Basidiomycota	Tremellomycetes	Tremellales	Tremellaceae	Cryptococcus	Cryptococcus_neoformans	NR_130667	Cutaneotrichosporon_dermatis	2.42e-18	78.8	87.69200000000002	55	65
a9a8701bb82e83502dac035e738a9a66	NR_130691	900007	1.0499999999999999e-30	121.0	89.88799999999998	49	89	False	candidate_available	Fungi	Ascomycota	Saccharomycetes	Saccharomycetales	Saccharomycetaceae	Nakaseomyces	Nakaseomyces_glabratus	NR_144900	Trichophyton_interdigitale	1.2799999999999998e-29	116.0	88.764	64	89
aa1b583b09e5b061d90381b8d2a27bba	NR_171785	900002	6.93e-19	81.5	83.117	57	77	False	candidate_available	Fungi	Basidiomycota	Tremellomycetes	Tremellales	Tremellaceae	Cryptococcus	Cryptococcus_neoformans	NR_130667	Cutaneotrichosporon_dermatis	6.93e-19	80.6	87.87899999999998	48	66
aacdd1d59dacc3d196e6ad9d3bf8f7c6	NR_121481	900001	7.4e-25	101.0	87.059	66	85	False	candidate_available	Fungi	Ascomycota	Eurotiomycetes	Eurotiales	Aspergillaceae	Aspergillus	Aspergillus_fumigatus	NR_077145	Penicillium_chrysogenum	7.4e-25	101.0	87.059	64	85
ab224c39466ee6d32bd0cb957ff3bf07	NR_121481	900001	1.1799999999999995e-156	538.0	100.0	100	298	False	candidate_available	Fungi	Ascomycota	Eurotiomycetes	Eurotiales	Aspergillaceae	Aspergillus	Aspergillus_fumigatus	NR_077145	Penicillium_chrysogenum	3.179999999999999e-132	457.0	94.667	100	300
ab4ff24c6768499d28626cb4e300616a	NR_111475	900008	2.95e-17	75.2	87.302	42	63	False	candidate_available	Fungi	Basidiomycota	Malasseziomycetes	Malasseziales	Malasseziaceae	Malassezia	Malassezia_globosa	NR_130667	Cutaneotrichosporon_dermatis	1.03e-16	74.3	87.931	61	58
ab7c9f9f3b22be975b8ce431693e3ece	NR_130667	900010	1.1e-22	94.2	92.424	58	66	False	candidate_available	Fungi	Basidiomycota	Tremellomycetes	Trichosporonales	Trichosporonaceae	Cutaneotrichosporon	Cutaneotrichosporon_dermatis	NR_111475	Malassezia_globosa	1.99e-19	82.4	90.0	41	60
ab861263ab8cf4788c4354708ba995e6	NR_171785	900002	1.6299999999999993e-20	86.0	92.982	47	57	False	candidate_available	Fungi	Basidiomycota	Tremellomycetes	Tremellales	Tremellaceae	Cryptococcus	Cryptococcus_neoformans	NR_130691	Nakaseomyces_glabratus	6.93e-19	80.6	92.593	43	54
ad19965cbabe7075d634d4d224ccbdd8	NR_130691	900007	0.22	22.9	88.235	35	17	False	candidate_available	Fungi	Ascomycota	Saccharomycetes	Saccharomycetales	Saccharomycetaceae	Nakaseomyces	Nakaseomyces_glabratus	NR_125332	Candida_albicans	0.76	21.1	100.0	22	11
adda5ef25aa444e1e8e3dbf448184191	NR_130667	900010	1.86e-32	125.0	76.503	81	183	False	candidate_available	Fungi	Basidiomycota	Tremellomycetes	Trichosporonales	Trichosporonaceae	Cutaneotrichosporon	Cutaneotrichosporon_dermatis	NR_171785	Cryptococcus_neoformans	2.7599999999999998e-30	119.0	77.215	72	158
aec4b0133013dab9debc4e68fe3659ff	NR_171785	900002	4.670000000000001e-21	87.8	78.182	73	110	False	candidate_available	Fungi	Basidiomycota	Tremellomycetes	Tremellales	Tremellaceae	Cryptococcus	Cryptococcus_neoformans	NR_111475	Malassezia_globosa	3.5899999999999997e-16	72.5	83.58200000000002	57	67
af01a0d35b83bc29b5aed222ed1a3fa5	NR_130667	900010	1.87e-13	63.5	86.538	45	52	False	candidate_available	Fungi	Basidiomycota	Tremellomycetes	Trichosporonales	Trichosporonaceae	Cutaneotrichosporon	Cutaneotrichosporon_dermatis	NR_171785	Cryptococcus_neoformans	9.68e-11	54.5	85.10600000000002	51	47
aff14a00453aec3e51788b5e8539956b	NR_130691	900007	0.062	24.7	100.0	43	13	False	candidate_available	Fungi	Ascomycota	Saccharomycetes	Saccharomycetales	Saccharomycetaceae	Nakaseomyces	Nakaseomyces_glabratus	NR_144900	Trichophyton_interdigitale	0.062	24.7	100.0	42	13
b0ae62f3189358ff6ca6e936a7f09b21	NR_171785	900002	1.34e-21	90.6	78.899	67	109	False	candidate_available	Fungi	Basidiomycota	Tremellomycetes	Tremellales	Tremellaceae	Cryptococcus	Cryptococcus_neoformans	NR_130667	Cutaneotrichosporon_dermatis	4.670000000000001e-21	87.8	81.0	59	100
b1b361c336fa35c9c85cc4d6e884e225	NR_130690	900005	1.74e-26	105.0	72.376	79	181	False	candidate_available	Fungi	Ascomycota	Sordariomycetes	Hypocreales	Nectriaceae	Fusarium	Fusarium_keratoplasticum	NR_121481	Aspergillus_fumigatus	1.86e-13	63.5	80.597	61	67
b1b896a1775460c058fc891882a5bad8	NR_130691	900007	1.0499999999999999e-30	121.0	89.88799999999998	62	89	False	candidate_available	Fungi	Ascomycota	Saccharomycetes	Saccharomycetales	Saccharomycetaceae	Nakaseomyces	Nakaseomyces_glabratus	NR_171785	Cryptococcus_neoformans	3.68e-30	119.0	89.773	37	88
b26396e1664e227b62d104f34fd92b40	NR_111475	900008	1.86e-13	62.6	87.755	53	49	False	candidate_available	Fungi	Basidiomycota	Malasseziomycetes	Malasseziales	Malasseziaceae	Malassezia	Malassezia_globosa	NR_130667	Cutaneotrichosporon_dermatis	1.86e-13	62.6	85.185	54	54
b2d71c8a1835967453bd96a5aecac0d2	NR_111007	900009	9.89e-06	37.4	100.0	50	20	False	candidate_available	Fungi	Ascomycota	Saccharomycetes	Saccharomycetales	Saccharomycetaceae	Saccharomyces	Saccharomyces_cerevisiae	NR_130691	Nakaseomyces_glabratus	9.89e-06	37.4	100.0	42	20
b2d80c0c3ae31c0fa0081d4ec7136a6b	NR_111007	900009	1.5e-05	35.6	100.0	59	19	False	candidate_available	Fungi	Ascomycota	Saccharomycetes	Saccharomycetales	Saccharomycetaceae	Saccharomyces	Saccharomyces_cerevisiae	NR_121481	Aspergillus_fumigatus	1.5e-05	35.6	100.0	48	19
b3243e1a3accfd9f8cc3834cc9ca2539	NR_125332	900006	2.2e-31	122.0	78.808	80	151	False	candidate_available	Fungi	Ascomycota	Saccharomycetes	Saccharomycetales	Debaryomycetaceae	Candida	Candida_albicans	NR_130691	Nakaseomyces_glabratus	5.91e-26	104.0	77.69800000000002	83	139
b356543b7a64ebdabe2aacf2a2b4e4af	NR_121481	900001	0.00012	33.7	100.0	36	18	False	candidate_available	Fungi	Ascomycota	Eurotiomycetes	Eurotiales	Aspergillaceae	Aspergillus	Aspergillus_fumigatus	NR_144900	Trichophyton_interdigitale	0.00012	33.7	100.0	35	18
b407c9e0ae8d92182c419ee74b4da114	NR_144900	900003	1.06e-07	41.0	92.593	86	27	False	candidate_available	Fungi	Ascomycota	Eurotiomycetes	Onygenales	Arthrodermataceae	Trichophyton	Trichophyton_interdigitale	NR_130690	Fusarium_keratoplasticum	1.06e-07	41.0	92.593	80	27
b52a1a66de4c1b1ac1df6e2151141f35	NR_130690	900005	9.89e-06	37.4	100.0	46	20	False	candidate_available	Fungi	Ascomycota	Sordariomycetes	Hypocreales	Nectriaceae	Fusarium	Fusarium_keratoplasticum	NR_121481	Aspergillus_fumigatus	9.89e-06	37.4	100.0	38	20
b67b81c102e2f5fa366b3d4d0869f235	NR_121481	900001	9.37e-06	37.4	100.0	53	20	False	candidate_available	Fungi	Ascomycota	Eurotiomycetes	Eurotiales	Aspergillaceae	Aspergillus	Aspergillus_fumigatus	NR_130690	Fusarium_keratoplasticum	9.37e-06	37.4	100.0	50	20
b6d153f4aa1b7adc86d16ea7f46db14a	NR_125332	900006	5.690000000000001e-20	85.1	81.72	51	93	False	candidate_available	Fungi	Ascomycota	Saccharomycetes	Saccharomycetales	Debaryomycetaceae	Candida	Candida_albicans	NR_144900	Trichophyton_interdigitale	6.93e-19	80.6	87.87899999999998	59	66
b7961057390a6c976529ef24c7f377f3	NR_111007	900009	9.04e-07	39.2	100.0	61	21	False	candidate_available	Fungi	Ascomycota	Saccharomycetes	Saccharomycetales	Saccharomycetaceae	Saccharomyces	Saccharomyces_cerevisiae	NR_130691	Nakaseomyces_glabratus	9.04e-07	39.2	100.0	57	21
b7b0fcf787b97ca7ed398fae36e66b47	NR_130691	900007	1.0499999999999999e-30	121.0	89.88799999999998	47	89	False	candidate_available	Fungi	Ascomycota	Saccharomycetes	Saccharomycetales	Saccharomycetaceae	Nakaseomyces	Nakaseomyces_glabratus	NR_171785	Cryptococcus_neoformans	3.68e-30	119.0	89.773	41	88
b7bfeefde3acfbb774c0c51ff1d9ab5a	NR_121481	900001	2.58e-24	99.6	86.905	72	84	False	candidate_available	Fungi	Ascomycota	Eurotiomycetes	Eurotiales	Aspergillaceae	Aspergillus	Aspergillus_fumigatus	NR_077145	Penicillium_chrysogenum	2.58e-24	99.6	86.905	64	84
b818ea92d26b8c0d7b99eb77906b9e01	NR_077145	900004	1.9100000000000003e-27	110.0	89.412	48	85	False	candidate_available	Fungi	Ascomycota	Eurotiomycetes	Eurotiales	Aspergillaceae	Penicillium	Penicillium_chrysogenum	NR_130691	Nakaseomyces_glabratus	1.9100000000000003e-27	109.0	88.235	54	85
b96feb915f752cb0cac454b227ea516d	NR_077145	900004	8.539999999999999e-22	88.7	98.039	100	51	False	candidate_available	Fungi	Ascomycota	Eurotiomycetes	Eurotiales	Aspergillaceae	Penicillium	Penicillium_chrysogenum	NR_111007	Saccharomyces_cerevisiae	2.9799999999999998e-21	86.0	100.0	100	47
ba931772211836a80a6f9001b2507e01	NR_130691	900007	0.004	28.3	100.0	62	15	False	candidate_available	Fungi	Ascomycota	Saccharomycetes	Saccharomycetales	Saccharomycetaceae	Nakaseomyces	Nakaseomyces_glabratus	NR_111007	Saccharomyces_cerevisiae	0.004	28.3	100.0	58	15
bab512ce52e946dd049bf21f3f71d7f8	NR_077145	900004	6.08e-26	104.0	88.095	59	84	False	candidate_available	Fungi	Ascomycota	Eurotiomycetes	Eurotiales	Aspergillaceae	Penicillium	Penicillium_chrysogenum	NR_121481	Aspergillus_fumigatus	6.08e-26	104.0	88.095	54	84
bbc5e3ab547288791a3a60ebe42ab10c	NR_121481	900001	1.9600000000000001e-31	120.0	100.0	100	66	True	candidate_available	Fungi	Ascomycota	Eurotiomycetes	Eurotiales	Aspergillaceae	Aspergillus	Aspergillus_fumigatus	NR_130667	Cutaneotrichosporon_dermatis	1.9600000000000001e-31	120.0	100.0	100	66
bcfb019abaec65a6eeefd25b4a00e7f3	NR_130667	900010	4.14e-34	129.0	100.0	100	71	True	candidate_available	Fungi	Basidiomycota	Tremellomycetes	Trichosporonales	Trichosporonaceae	Cutaneotrichosporon	Cutaneotrichosporon_dermatis	NR_130690	Fusarium_keratoplasticum	4.14e-34	129.0	100.0	100	71
bd59c047dfd8722ab82188dd160d6676	NR_130691	900007	2.48e-32	125.0	91.011	51	89	False	candidate_available	Fungi	Ascomycota	Saccharomycetes	Saccharomycetales	Saccharomycetaceae	Nakaseomyces	Nakaseomyces_glabratus	NR_171785	Cryptococcus_neoformans	8.66e-32	123.0	90.909	48	88
bed7b9d2faf1441d064e85f99538ff52	NR_077145	900004	8.539999999999999e-22	88.7	98.039	100	51	False	candidate_available	Fungi	Ascomycota	Eurotiomycetes	Eurotiales	Aspergillaceae	Penicillium	Penicillium_chrysogenum	NR_111007	Saccharomyces_cerevisiae	2.9799999999999998e-21	86.0	100.0	92	47
bf60bfa70e65550fe55e453011d1dc47	NR_111007	900009	9.89e-06	38.3	95.652	49	23	False	candidate_available	Fungi	Ascomycota	Saccharomycetes	Saccharomycetales	Saccharomycetaceae	Saccharomyces	Saccharomyces_cerevisiae	NR_144900	Trichophyton_interdigitale	9.89e-06	38.3	95.652	45	23
bfa6afd86523df0a5ddd44a01da73ddb	NR_130691	900007	1.0499999999999999e-30	121.0	89.88799999999998	49	89	False	candidate_available	Fungi	Ascomycota	Saccharomycetes	Saccharomycetales	Saccharomycetaceae	Nakaseomyces	Nakaseomyces_glabratus	NR_171785	Cryptococcus_neoformans	3.68e-30	119.0	89.773	41	88
bfd09568df5b64763bb30e17f8d02f3c	NR_130691	900007	9.89e-06	37.4	100.0	50	20	False	candidate_available	Fungi	Ascomycota	Saccharomycetes	Saccharomycetales	Saccharomycetaceae	Nakaseomyces	Nakaseomyces_glabratus	NR_111007	Saccharomyces_cerevisiae	9.89e-06	37.4	100.0	49	20
c0b1830e2feafc77fb275d5a16f99809	NR_130691	900007	1.2799999999999998e-29	116.0	88.764	53	89	False	candidate_available	Fungi	Ascomycota	Saccharomycetes	Saccharomycetales	Saccharomycetaceae	Nakaseomyces	Nakaseomyces_glabratus	NR_171785	Cryptococcus_neoformans	4.48e-29	114.0	88.63600000000002	52	88
c12e357adf22e7dfbf24ddb92f3e037b	NR_121481	900001	2.58e-24	99.6	86.905	64	84	False	candidate_available	Fungi	Ascomycota	Eurotiomycetes	Eurotiales	Aspergillaceae	Aspergillus	Aspergillus_fumigatus	NR_077145	Penicillium_chrysogenum	2.58e-24	99.6	86.905	54	84
c159022850229d28f9c8462163c7d352	NR_130667	900010	1.53e-14	67.1	83.333	63	66	False	candidate_available	Fungi	Basidiomycota	Tremellomycetes	Trichosporonales	Trichosporonaceae	Cutaneotrichosporon	Cutaneotrichosporon_dermatis	NR_171785	Cryptococcus_neoformans	1.53e-14	67.1	81.15899999999998	63	69
c2084f73dc59a63c76060a2d438c90dd	NR_130691	900007	0.001	30.1	100.0	49	16	False	candidate_available	Fungi	Ascomycota	Saccharomycetes	Saccharomycetales	Saccharomycetaceae	Nakaseomyces	Nakaseomyces_glabratus	NR_111007	Saccharomyces_cerevisiae	0.001	30.1	100.0	45	16
c208ad125626e378ec600060758c2b74	NR_130667	900010	2.67e-06	37.4	100.0	61	20	False	candidate_available	Fungi	Basidiomycota	Tremellomycetes	Trichosporonales	Trichosporonaceae	Cutaneotrichosporon	Cutaneotrichosporon_dermatis	NR_125332	Candida_albicans	2.67e-06	37.4	100.0	47	20
c2203519577ce726b6acdcbc0b212be6	NR_130667	900010	6.93e-19	81.5	80.208	66	96	False	candidate_available	Fungi	Basidiomycota	Tremellomycetes	Trichosporonales	Trichosporonaceae	Cutaneotrichosporon	Cutaneotrichosporon_dermatis	NR_121481	Aspergillus_fumigatus	2.42e-18	79.7	86.765	46	68
c2e2bbe0f275c3ae873e4c8011264301	NR_130691	900007	2.95e-06	37.4	100.0	74	20	False	candidate_available	Fungi	Ascomycota	Saccharomycetes	Saccharomycetales	Saccharomycetaceae	Nakaseomyces	Nakaseomyces_glabratus	NR_111007	Saccharomyces_cerevisiae	2.95e-06	37.4	100.0	70	20
c37e09b9fad0c4eba3557a245868649d	NR_130691	900007	1.04e-30	121.0	89.88799999999998	66	89	False	candidate_available	Fungi	Ascomycota	Saccharomycetes	Saccharomycetales	Saccharomycetaceae	Nakaseomyces	Nakaseomyces_glabratus	NR_171785	Cryptococcus_neoformans	3.64e-30	119.0	89.773	43	88
c3fa753391ecc001d88bbc94b9693dd6	NR_130690	900005	9.2e-06	37.4	100.0	45	20	False	candidate_available	Fungi	Ascomycota	Sordariomycetes	Hypocreales	Nectriaceae	Fusarium	Fusarium_keratoplasticum	NR_121481	Aspergillus_fumigatus	9.2e-06	37.4	100.0	43	20
c4de8920d09cfcb35cb11ca9ed00200f	NR_111007	900009	0.00042	31.9	100.0	58	17	False	candidate_available	Fungi	Ascomycota	Saccharomycetes	Saccharomycetales	Saccharomycetaceae	Saccharomyces	Saccharomyces_cerevisiae	NR_121481	Aspergillus_fumigatus	0.00042	31.9	100.0	38	17
c4f98e0590c3c3c748b905428148ad3a	NR_130691	900007	1.0499999999999999e-30	121.0	89.88799999999998	53	89	False	candidate_available	Fungi	Ascomycota	Saccharomycetes	Saccharomycetales	Saccharomycetaceae	Nakaseomyces	Nakaseomyces_glabratus	NR_171785	Cryptococcus_neoformans	3.68e-30	119.0	89.773	41	88
c694e89dc307e53cba3c2902c5b6c85d	NR_130667	900010	2.8099999999999982e-158	544.0	100.0	100	301	False	candidate_available	Fungi	Basidiomycota	Tremellomycetes	Trichosporonales	Trichosporonaceae	Cutaneotrichosporon	Cutaneotrichosporon_dermatis	NR_171785	Cryptococcus_neoformans	8.1e-45	168.0	72.615	98	325
c736e249da125d2afbdc5153e798f4ff	NR_130691	900007	2.48e-32	125.0	91.011	49	89	False	candidate_available	Fungi	Ascomycota	Saccharomycetes	Saccharomycetales	Saccharomycetaceae	Nakaseomyces	Nakaseomyces_glabratus	NR_171785	Cryptococcus_neoformans	8.66e-32	123.0	90.909	41	88
c7ddb05d44bb0ae81e055fa6ff76c7ad	NR_130667	900010	6.93e-19	80.6	92.593	57	54	False	candidate_available	Fungi	Basidiomycota	Tremellomycetes	Trichosporonales	Trichosporonaceae	Cutaneotrichosporon	Cutaneotrichosporon_dermatis	NR_130691	Nakaseomyces_glabratus	1.03e-16	74.3	90.566	49	53
c7e72cd68f619fbd50765269dd08f1d2	NR_171785	900002	8.29e-18	77.9	84.286	64	70	False	candidate_available	Fungi	Basidiomycota	Tremellomycetes	Tremellales	Tremellaceae	Cryptococcus	Cryptococcus_neoformans	NR_130667	Cutaneotrichosporon_dermatis	8.29e-18	77.0	85.507	69	69
c9724494bb18bcad90882e40457e048a	NR_125332	900006	3.819999999999999e-117	407.0	99.561	100	228	False	candidate_available	Fungi	Ascomycota	Saccharomycetes	Saccharomycetales	Debaryomycetaceae	Candida	Candida_albicans	NR_130691	Nakaseomyces_glabratus	7.4e-25	100.0	84.78299999999999	68	92
c97fecfe6785166d168fafdd986ee02f	NR_130691	900007	2.48e-32	125.0	91.011	49	89	False	candidate_available	Fungi	Ascomycota	Saccharomycetes	Saccharomycetales	Saccharomycetaceae	Nakaseomyces	Nakaseomyces_glabratus	NR_171785	Cryptococcus_neoformans	8.66e-32	123.0	90.909	40	88
c9a08cedfce3e1d4e0167bcd82f1eed8	NR_111007	900009	1.96e-05	35.6	100.0	71	19	False	candidate_available	Fungi	Ascomycota	Saccharomycetes	Saccharomycetales	Saccharomycetaceae	Saccharomyces	Saccharomyces_cerevisiae	NR_130691	Nakaseomyces_glabratus	1.96e-05	35.6	100.0	52	19
c9cf851cc8b151e77a0a03db7e8e5217	NR_171785	900002	3.819999999999999e-117	407.0	99.561	100	228	False	candidate_available	Fungi	Basidiomycota	Tremellomycetes	Tremellales	Tremellaceae	Cryptococcus	Cryptococcus_neoformans	NR_130667	Cutaneotrichosporon_dermatis	7.4e-25	100.0	71.795	91	195
c9e58beca8becb5fcc7e538ede488f9e	NR_130690	900005	7.41e-08	41.0	100.0	76	22	False	candidate_available	Fungi	Ascomycota	Sordariomycetes	Hypocreales	Nectriaceae	Fusarium	Fusarium_keratoplasticum	NR_111007	Saccharomyces_cerevisiae	7.41e-08	41.0	100.0	61	22
c9e7884f1c2075801461d85650da4f8d	NR_130691	900007	1.0499999999999999e-30	121.0	89.88799999999998	51	89	False	candidate_available	Fungi	Ascomycota	Saccharomycetes	Saccharomycetales	Saccharomycetaceae	Nakaseomyces	Nakaseomyces_glabratus	NR_171785	Cryptococcus_neoformans	3.68e-30	119.0	89.773	47	88
cbf18da6c0f768134b965e6c94579fb5	NR_130691	900007	2.48e-32	125.0	91.011	47	89	False	candidate_available	Fungi	Ascomycota	Saccharomycetes	Saccharomycetales	Saccharomycetaceae	Nakaseomyces	Nakaseomyces_glabratus	NR_171785	Cryptococcus_neoformans	8.66e-32	123.0	90.909	41	88
cc56f99c558815f04df56c615a4708ea	NR_130667	900010	1.53e-14	67.1	83.333	62	66	False	candidate_available	Fungi	Basidiomycota	Tremellomycetes	Trichosporonales	Trichosporonaceae	Cutaneotrichosporon	Cutaneotrichosporon_dermatis	NR_171785	Cryptococcus_neoformans	1.53e-14	67.1	81.15899999999998	66	69
cc572ce0686826cfa6fa0474048bea08	NR_130667	900010	4.670000000000001e-21	87.8	90.769	60	65	False	candidate_available	Fungi	Basidiomycota	Tremellomycetes	Trichosporonales	Trichosporonaceae	Cutaneotrichosporon	Cutaneotrichosporon_dermatis	NR_111475	Malassezia_globosa	8.45e-18	77.9	88.71	44	62
cc654ac138d65ef720d9e6927b4275cf	NR_121481	900001	0.001	30.1	100.0	46	16	False	candidate_available	Fungi	Ascomycota	Eurotiomycetes	Eurotiales	Aspergillaceae	Aspergillus	Aspergillus_fumigatus	NR_077145	Penicillium_chrysogenum	0.001	30.1	100.0	41	16
cca066ec93ac3b58cb278c7a3039a50d	NR_130691	900007	1.49e-31	123.0	82.031	82	128	False	candidate_available	Fungi	Ascomycota	Saccharomycetes	Saccharomycetales	Saccharomycetaceae	Nakaseomyces	Nakaseomyces_glabratus	NR_171785	Cryptococcus_neoformans	1.49e-31	122.0	81.74600000000002	81	126
ccd031f4267764c6dbee39b62a142b1b	NR_111007	900009	4.43e-07	41.0	100.0	52	22	False	candidate_available	Fungi	Ascomycota	Saccharomycetes	Saccharomycetales	Saccharomycetaceae	Saccharomyces	Saccharomyces_cerevisiae	NR_144900	Trichophyton_interdigitale	4.43e-07	41.0	100.0	49	22
ccd3ca0ed71b6faaaccf15455d97d962	NR_111475	900008	0.76	21.1	100.0	31	11	False	candidate_available	Fungi	Basidiomycota	Malasseziomycetes	Malasseziales	Malasseziaceae	Malassezia	Malassezia_globosa	NR_171785	Cryptococcus_neoformans	2.7	19.3	100.0	37	10
ccd9b87685ec477410a892a19c6f56e2	NR_121481	900001	2.33e-07	42.8	100.0	35	23	False	candidate_available	Fungi	Ascomycota	Eurotiomycetes	Eurotiales	Aspergillaceae	Aspergillus	Aspergillus_fumigatus	NR_077145	Penicillium_chrysogenum	2.33e-07	42.8	100.0	34	23
ccf3654d7cb955da43f548b2d4a6463a	NR_111475	900008	2.42e-18	79.7	91.071	53	56	False	candidate_available	Fungi	Basidiomycota	Malasseziomycetes	Malasseziales	Malasseziaceae	Malassezia	Malassezia_globosa	NR_171785	Cryptococcus_neoformans	8.45e-18	77.0	85.507	54	69
cd2d016625f7659f938c0f3d984dcfed	NR_130667	900010	1.1e-22	94.2	92.424	61	66	False	candidate_available	Fungi	Basidiomycota	Tremellomycetes	Trichosporonales	Trichosporonaceae	Cutaneotrichosporon	Cutaneotrichosporon_dermatis	NR_111475	Malassezia_globosa	1.99e-19	83.3	87.14299999999999	44	70
cdd4c8be3d7c15248e9dee490ecf867a	NR_171785	900002	1.67e-15	69.8	77.273	58	88	False	candidate_available	Fungi	Basidiomycota	Tremellomycetes	Tremellales	Tremellaceae	Cryptococcus	Cryptococcus_neoformans	NR_144900	Trichophyton_interdigitale	2.04e-14	67.1	76.404	62	89
ce2917ca97a6ed458f6df0078d2e50b8	NR_077145	900004	2.12e-25	102.0	84.946	68	93	False	candidate_available	Fungi	Ascomycota	Eurotiomycetes	Eurotiales	Aspergillaceae	Penicillium	Penicillium_chrysogenum	NR_121481	Aspergillus_fumigatus	9.02e-24	96.9	85.882	71	85
cfa201d304dab9c66d991e37660ea7cd	NR_130691	900007	0.00024700000000000004	31.9	100.0	55	17	False	candidate_available	Fungi	Ascomycota	Saccharomycetes	Saccharomycetales	Saccharomycetaceae	Nakaseomyces	Nakaseomyces_glabratus	NR_121481	Aspergillus_fumigatus	0.00024700000000000004	31.9	100.0	48	17
d00069f184bac3614964ebeeb9e0c463	NR_171785	900002	3.15e-23	96.0	75.155	77	161	False	candidate_available	Fungi	Basidiomycota	Tremellomycetes	Tremellales	Tremellaceae	Cryptococcus	Cryptococcus_neoformans	NR_111475	Malassezia_globosa	4.379999999999999e-15	68.9	85.484	48	62
d06e13114c26fb411371fc6585f90fcc	NR_111475	900008	2.42e-18	79.7	91.071	64	56	False	candidate_available	Fungi	Basidiomycota	Malasseziomycetes	Malasseziales	Malasseziaceae	Malassezia	Malassezia_globosa	NR_171785	Cryptococcus_neoformans	2.95e-17	76.1	85.93799999999997	58	64
d0b4254cf72c2997dd42ad82af681f04	NR_171785	900002	4.659999999999998e-78	277.0	91.282	92	195	False	candidate_available	Fungi	Basidiomycota	Tremellomycetes	Tremellales	Tremellaceae	Cryptococcus	Cryptococcus_neoformans	NR_130667	Cutaneotrichosporon_dermatis	1.43e-65	235.0	83.333	100	228
d0ba115d2648c5cea27a7c508f335db2	NR_111007	900009	3.44e-05	35.6	100.0	48	19	False	candidate_available	Fungi	Ascomycota	Saccharomycetes	Saccharomycetales	Saccharomycetaceae	Saccharomyces	Saccharomyces_cerevisiae	NR_130691	Nakaseomyces_glabratus	3.44e-05	35.6	100.0	43	19
d17228a9992e50708dfe3ab981c02b40	NR_077145	900004	2.8099999999999982e-158	544.0	100.0	100	301	False	candidate_available	Fungi	Ascomycota	Eurotiomycetes	Eurotiales	Aspergillaceae	Penicillium	Penicillium_chrysogenum	NR_121481	Aspergillus_fumigatus	6.199999999999996e-135	466.0	94.754	100	305
d1e17b274ba99de355a3817e54d6236e	NR_171785	900002	1.34e-21	89.7	75.484	71	155	False	candidate_available	Fungi	Basidiomycota	Tremellomycetes	Tremellales	Tremellaceae	Cryptococcus	Cryptococcus_neoformans	NR_111475	Malassezia_globosa	3.5899999999999997e-16	71.6	86.441	54	59
d25e7da93e6b99dc8a029aa614772d33	NR_130691	900007	3.45e-05	35.6	100.0	47	19	False	candidate_available	Fungi	Ascomycota	Saccharomycetes	Saccharomycetales	Saccharomycetaceae	Nakaseomyces	Nakaseomyces_glabratus	NR_111007	Saccharomyces_cerevisiae	3.45e-05	35.6	100.0	38	19
d30bd92498a8cd6f581788d3c914949d	NR_077145	900004	3.1499999999999987e-80	284.0	100.0	82	157	False	candidate_available	Fungi	Ascomycota	Eurotiomycetes	Eurotiales	Aspergillaceae	Penicillium	Penicillium_chrysogenum	NR_121481	Aspergillus_fumigatus	2.9499999999999983e-74	264.0	97.468	87	158
d64a586df2febe320546417d9621d507	NR_130691	900007	2.48e-32	125.0	91.011	49	89	False	candidate_available	Fungi	Ascomycota	Saccharomycetes	Saccharomycetales	Saccharomycetaceae	Nakaseomyces	Nakaseomyces_glabratus	NR_171785	Cryptococcus_neoformans	8.66e-32	123.0	90.909	41	88
d67ec88ac6b0a4537d390059cf1dac96	NR_130667	900010	6.93e-19	80.6	78.788	81	99	False	candidate_available	Fungi	Basidiomycota	Tremellomycetes	Trichosporonales	Trichosporonaceae	Cutaneotrichosporon	Cutaneotrichosporon_dermatis	NR_171785	Cryptococcus_neoformans	8.45e-18	77.0	78.218	62	101
d6cc98cce9c2687e7e03206bda7d9f64	NR_171785	900002	4.670000000000001e-21	87.8	78.182	73	110	False	candidate_available	Fungi	Basidiomycota	Tremellomycetes	Tremellales	Tremellaceae	Cryptococcus	Cryptococcus_neoformans	NR_111475	Malassezia_globosa	3.5899999999999997e-16	72.5	83.58200000000002	57	67
d7fc1469409e75228a73f2e6c5a2a3c7	NR_144900	900003	9.89e-06	37.4	100.0	40	20	False	candidate_available	Fungi	Ascomycota	Eurotiomycetes	Onygenales	Arthrodermataceae	Trichophyton	Trichophyton_interdigitale	NR_077145	Penicillium_chrysogenum	9.89e-06	37.4	100.0	36	20
d88567ebe660f0a6651f4846b34d71e2	NR_171785	900002	1.99e-19	83.3	86.765	67	68	False	candidate_available	Fungi	Basidiomycota	Tremellomycetes	Tremellales	Tremellaceae	Cryptococcus	Cryptococcus_neoformans	NR_130667	Cutaneotrichosporon_dermatis	6.93e-19	80.6	87.87899999999998	62	66
daf9001a3300ede6912762d783d25c18	NR_171785	900002	4.670000000000001e-21	87.8	88.235	59	68	False	candidate_available	Fungi	Basidiomycota	Tremellomycetes	Tremellales	Tremellaceae	Cryptococcus	Cryptococcus_neoformans	NR_130691	Nakaseomyces_glabratus	2.95e-17	76.1	85.93799999999997	51	64
dbd506df66b81dcdb231c7b21f39140b	NR_130667	900010	2.95e-17	76.1	86.36399999999998	45	66	False	candidate_available	Fungi	Basidiomycota	Tremellomycetes	Trichosporonales	Trichosporonaceae	Cutaneotrichosporon	Cutaneotrichosporon_dermatis	NR_111475	Malassezia_globosa	3.5899999999999997e-16	71.6	91.837	49	49
dc4c92957db247364b6bca5eb5bd2b66	NR_130691	900007	7.029999999999998e-33	128.0	82.677	60	127	False	candidate_available	Fungi	Ascomycota	Saccharomycetes	Saccharomycetales	Saccharomycetaceae	Nakaseomyces	Nakaseomyces_glabratus	NR_171785	Cryptococcus_neoformans	2.4500000000000002e-32	125.0	82.677	53	127
dedfb065825f7af0f11dc63cd4a5b596	NR_125332	900006	0.013	26.5	71.93	34	57	False	candidate_available	Fungi	Ascomycota	Saccharomycetes	Saccharomycetales	Debaryomycetaceae	Candida	Candida_albicans	NR_130690	Fusarium_keratoplasticum	0.16	22.9	88.235	28	17
dfeb122bae0ce9f357229be0b4e90619	NR_171785	900002	1.34e-21	90.6	78.899	67	109	False	candidate_available	Fungi	Basidiomycota	Tremellomycetes	Tremellales	Tremellaceae	Cryptococcus	Cryptococcus_neoformans	NR_130667	Cutaneotrichosporon_dermatis	4.670000000000001e-21	87.8	81.0	58	100
e05fc0449f67499fe6ddec89784dbb5d	NR_121481	900001	8.5e-25	101.0	87.059	64	85	False	candidate_available	Fungi	Ascomycota	Eurotiomycetes	Eurotiales	Aspergillaceae	Aspergillus	Aspergillus_fumigatus	NR_077145	Penicillium_chrysogenum	8.5e-25	101.0	87.059	62	85
e09cee250683d1d9c0efe6766aea6426	NR_130667	900010	9.89e-06	38.3	95.652	47	23	False	candidate_available	Fungi	Basidiomycota	Tremellomycetes	Trichosporonales	Trichosporonaceae	Cutaneotrichosporon	Cutaneotrichosporon_dermatis	NR_121481	Aspergillus_fumigatus	9.89e-06	38.3	95.652	46	23
e2708925a7f42bb9e1f62f04f1ee3e26	NR_130691	900007	3.45e-05	35.6	100.0	55	19	False	candidate_available	Fungi	Ascomycota	Saccharomycetes	Saccharomycetales	Saccharomycetaceae	Nakaseomyces	Nakaseomyces_glabratus	NR_125332	Candida_albicans	3.45e-05	35.6	100.0	52	19
e2b964f9c965bdcdf26553e425dbd793	NR_111007	900009	0.000416	31.9	100.0	44	17	False	candidate_available	Fungi	Ascomycota	Saccharomycetes	Saccharomycetales	Saccharomycetaceae	Saccharomyces	Saccharomyces_cerevisiae	NR_130691	Nakaseomyces_glabratus	0.000416	31.9	100.0	43	17
e2d6b080c35429edc1bf79320290191c	NR_111007	900009	9.89e-06	37.4	100.0	53	20	False	candidate_available	Fungi	Ascomycota	Saccharomycetes	Saccharomycetales	Saccharomycetaceae	Saccharomyces	Saccharomyces_cerevisiae	NR_121481	Aspergillus_fumigatus	9.89e-06	37.4	100.0	46	20
e43a7fd010f2b357ee8e0655e81440be	NR_130691	900007	6.66e-27	108.0	87.35600000000002	52	87	False	candidate_available	Fungi	Ascomycota	Saccharomycetes	Saccharomycetales	Saccharomycetaceae	Nakaseomyces	Nakaseomyces_glabratus	NR_130667	Cutaneotrichosporon_dermatis	6.66e-27	107.0	86.51700000000002	49	89
e56ef4932dbe840d72fbf03dd085350e	NR_111007	900009	2.02e-05	35.6	100.0	53	19	False	candidate_available	Fungi	Ascomycota	Saccharomycetes	Saccharomycetales	Saccharomycetaceae	Saccharomyces	Saccharomyces_cerevisiae	NR_130690	Fusarium_keratoplasticum	2.02e-05	35.6	100.0	50	19
e7d607347edf89506f50e84573edc326	NR_121481	900001	7.34e-06	37.4	100.0	52	20	False	candidate_available	Fungi	Ascomycota	Eurotiomycetes	Eurotiales	Aspergillaceae	Aspergillus	Aspergillus_fumigatus	NR_144900	Trichophyton_interdigitale	7.34e-06	37.4	100.0	50	20
e82b717c2dd3e0adf38d29ca295ddd59	NR_111007	900009	3.45e-05	35.6	100.0	38	19	False	candidate_available	Fungi	Ascomycota	Saccharomycetes	Saccharomycetales	Saccharomycetaceae	Saccharomyces	Saccharomyces_cerevisiae	NR_130691	Nakaseomyces_glabratus	3.45e-05	35.6	100.0	36	19
e9158b4ef80d8a3ac9e727f88e44cb72	NR_171785	900002	1.6299999999999993e-20	86.0	78.378	73	111	False	candidate_available	Fungi	Basidiomycota	Tremellomycetes	Tremellales	Tremellaceae	Cryptococcus	Cryptococcus_neoformans	NR_111475	Malassezia_globosa	3.5899999999999997e-16	72.5	83.58200000000002	61	67
e98dc9729afccefe7d09d64fb570d0f7	NR_111007	900009	9.89e-06	37.4	100.0	58	20	False	candidate_available	Fungi	Ascomycota	Saccharomycetes	Saccharomycetales	Saccharomycetaceae	Saccharomyces	Saccharomyces_cerevisiae	NR_121481	Aspergillus_fumigatus	9.89e-06	37.4	100.0	53	20
e99579856827fee5f22ab107b3a13376	NR_130691	900007	2.8300000000000003e-25	103.0	85.39299999999999	51	89	False	candidate_available	Fungi	Ascomycota	Saccharomycetes	Saccharomycetales	Saccharomycetaceae	Nakaseomyces	Nakaseomyces_glabratus	NR_171785	Cryptococcus_neoformans	9.88e-25	101.0	85.227	50	88
ea7f5040ec9eea16e64fd85b2b7d0572	NR_171785	900002	2.04e-14	67.1	76.404	43	89	False	candidate_available	Fungi	Basidiomycota	Tremellomycetes	Tremellales	Tremellaceae	Cryptococcus	Cryptococcus_neoformans	NR_130691	Nakaseomyces_glabratus	7.11e-14	64.4	75.556	52	90
ea97745628171c1b7140643a9f70461e	NR_121481	900001	9.89e-06	37.4	100.0	41	20	False	candidate_available	Fungi	Ascomycota	Eurotiomycetes	Eurotiales	Aspergillaceae	Aspergillus	Aspergillus_fumigatus	NR_130690	Fusarium_keratoplasticum	9.89e-06	37.4	100.0	34	20
eb0a24cde4475b6ba4de24cc713e47bd	NR_171785	900002	4.36e-83	294.0	99.394	98	165	False	candidate_available	Fungi	Basidiomycota	Tremellomycetes	Tremellales	Tremellaceae	Cryptococcus	Cryptococcus_neoformans	NR_130667	Cutaneotrichosporon_dermatis	9.62e-60	216.0	92.617	92	149
eb419687cb6c69004db4a72c323e21f8	NR_111007	900009	3.45e-05	35.6	100.0	56	19	False	candidate_available	Fungi	Ascomycota	Saccharomycetes	Saccharomycetales	Saccharomycetaceae	Saccharomyces	Saccharomyces_cerevisiae	NR_130691	Nakaseomyces_glabratus	3.45e-05	35.6	100.0	54	19
eb56c19be8e5fbe1c2a1ca33be8c1b24	NR_121481	900001	3e-05	35.6	100.0	42	19	False	candidate_available	Fungi	Ascomycota	Eurotiomycetes	Eurotiales	Aspergillaceae	Aspergillus	Aspergillus_fumigatus	NR_111007	Saccharomyces_cerevisiae	3e-05	35.6	100.0	41	19
ec4276f41a3a82838b695987e7bb5ed1	NR_111007	900009	0.005	28.3	100.0	44	15	False	candidate_available	Fungi	Ascomycota	Saccharomycetes	Saccharomycetales	Saccharomycetaceae	Saccharomyces	Saccharomyces_cerevisiae	NR_130667	Cutaneotrichosporon_dermatis	0.005	28.3	100.0	43	15
ec6e9c6d65a5399d0933b26589fe40db	NR_111007	900009	9.89e-06	37.4	100.0	59	20	False	candidate_available	Fungi	Ascomycota	Saccharomycetes	Saccharomycetales	Saccharomycetaceae	Saccharomyces	Saccharomyces_cerevisiae	NR_130691	Nakaseomyces_glabratus	9.89e-06	37.4	100.0	57	20
eca677b652afb80f02a64e9a83fef553	NR_111007	900009	0.21	22.9	100.0	44	12	False	candidate_available	Fungi	Ascomycota	Saccharomycetes	Saccharomycetales	Saccharomycetaceae	Saccharomyces	Saccharomyces_cerevisiae	NR_121481	Aspergillus_fumigatus	0.21	22.9	100.0	43	12
ee7eded8ff16d52a1a8b95d1ac582d73	NR_171785	900002	6.93e-19	80.6	78.218	59	101	False	candidate_available	Fungi	Basidiomycota	Tremellomycetes	Tremellales	Tremellaceae	Cryptococcus	Cryptococcus_neoformans	NR_111475	Malassezia_globosa	2.42e-18	79.7	91.071	53	56
ef16d0695cbd2892a71d4e49c28bd4ea	NR_171785	900002	1.34e-21	90.6	78.899	65	109	False	candidate_available	Fungi	Basidiomycota	Tremellomycetes	Tremellales	Tremellaceae	Cryptococcus	Cryptococcus_neoformans	NR_130667	Cutaneotrichosporon_dermatis	4.670000000000001e-21	87.8	81.0	58	100
ef25c954c06d510896f91b6ee3f9d1aa	NR_130691	900007	8.66e-32	123.0	90.909	56	88	False	candidate_available	Fungi	Ascomycota	Saccharomycetes	Saccharomycetales	Saccharomycetaceae	Nakaseomyces	Nakaseomyces_glabratus	NR_171785	Cryptococcus_neoformans	3.02e-31	122.0	90.805	50	87
ef2a10e078a78c78b0dfca20f3bc56d6	NR_077145	900004	2.58e-119	414.0	100.0	100	229	False	candidate_available	Fungi	Ascomycota	Eurotiomycetes	Eurotiales	Aspergillaceae	Penicillium	Penicillium_chrysogenum	NR_121481	Aspergillus_fumigatus	5.699999999999998e-96	336.0	93.133	100	233
ef625af92358d0ebe325ddb17b618ef9	NR_130691	900007	1.0499999999999999e-30	121.0	89.88799999999998	63	89	False	candidate_available	Fungi	Ascomycota	Saccharomycetes	Saccharomycetales	Saccharomycetaceae	Nakaseomyces	Nakaseomyces_glabratus	NR_171785	Cryptococcus_neoformans	3.68e-30	119.0	89.773	45	88
f0affb04ad14d212d17e6dadefab055f	NR_171785	900002	1.34e-21	89.7	75.484	71	155	False	candidate_available	Fungi	Basidiomycota	Tremellomycetes	Tremellales	Tremellaceae	Cryptococcus	Cryptococcus_neoformans	NR_111475	Malassezia_globosa	3.5899999999999997e-16	71.6	86.441	54	59
f1997867c1a1b8dbf76c227712592c2b	NR_111475	900008	2.95e-17	76.1	84.507	43	71	False	candidate_available	Fungi	Basidiomycota	Malasseziomycetes	Malasseziales	Malasseziaceae	Malassezia	Malassezia_globosa	NR_130667	Cutaneotrichosporon_dermatis	1.03e-16	74.3	87.931	59	58
f1e26dc5de94e5ab231af0b5370bb2e2	NR_111007	900009	2.83e-06	39.2	92.308	58	26	False	candidate_available	Fungi	Ascomycota	Saccharomycetes	Saccharomycetales	Saccharomycetaceae	Saccharomyces	Saccharomyces_cerevisiae	NR_130667	Cutaneotrichosporon_dermatis	2.83e-06	39.2	92.308	50	26
f212910f88c465884b6e3ce383c1d163	NR_111475	900008	2.42e-18	79.7	91.071	52	56	False	candidate_available	Fungi	Basidiomycota	Malasseziomycetes	Malasseziales	Malasseziaceae	Malassezia	Malassezia_globosa	NR_171785	Cryptococcus_neoformans	8.45e-18	77.0	85.507	51	69
f235e5de715614a0b7c2b48197a6a8ba	NR_130691	900007	5.460000000000001e-28	112.0	87.64	47	89	False	candidate_available	Fungi	Ascomycota	Saccharomycetes	Saccharomycetales	Saccharomycetaceae	Nakaseomyces	Nakaseomyces_glabratus	NR_171785	Cryptococcus_neoformans	1.9100000000000003e-27	110.0	87.5	46	88
f32c3a43668f703f0abe5a6d1c0b37a5	NR_121481	900001	2.0100000000000003e-23	93.3	100.0	100	51	True	candidate_available	Fungi	Ascomycota	Eurotiomycetes	Eurotiales	Aspergillaceae	Aspergillus	Aspergillus_fumigatus	NR_130667	Cutaneotrichosporon_dermatis	2.0100000000000003e-23	93.3	100.0	100	51
f3556e55c63ed4a9ecddd5ef5c6d9ae8	NR_130691	900007	1.0499999999999999e-30	121.0	89.88799999999998	50	89	False	candidate_available	Fungi	Ascomycota	Saccharomycetes	Saccharomycetales	Saccharomycetaceae	Nakaseomyces	Nakaseomyces_glabratus	NR_171785	Cryptococcus_neoformans	3.68e-30	119.0	89.773	43	88
f3668a5d3a3b9ae5ec04a62d6b276380	NR_130690	900005	1.35e-06	37.4	100.0	84	20	False	candidate_available	Fungi	Ascomycota	Sordariomycetes	Hypocreales	Nectriaceae	Fusarium	Fusarium_keratoplasticum	NR_077145	Penicillium_chrysogenum	1.35e-06	37.4	100.0	82	20
f401ef7c85b3ea9e632f2b89384dcadf	NR_111475	900008	2.42e-18	79.7	91.071	49	56	False	candidate_available	Fungi	Basidiomycota	Malasseziomycetes	Malasseziales	Malasseziaceae	Malassezia	Malassezia_globosa	NR_171785	Cryptococcus_neoformans	2.42e-18	79.7	83.333	59	78
f52aa5980a9162ead1e2a406681ba1b7	NR_111007	900009	0.00042	31.9	100.0	58	17	False	candidate_available	Fungi	Ascomycota	Saccharomycetes	Saccharomycetales	Saccharomycetaceae	Saccharomyces	Saccharomyces_cerevisiae	NR_121481	Aspergillus_fumigatus	0.00042	31.9	100.0	38	17
f68813f6ebcb8f7323b15cb6dad97526	NR_171785	900002	4.670000000000001e-21	87.8	78.378	62	111	False	candidate_available	Fungi	Basidiomycota	Tremellomycetes	Tremellales	Tremellaceae	Cryptococcus	Cryptococcus_neoformans	NR_111475	Malassezia_globosa	2.95e-17	76.1	88.13600000000002	61	59
f6f997289cd3527af5c901a89ed81029	NR_121481	900001	9.62e-05	33.7	100.0	55	18	False	candidate_available	Fungi	Ascomycota	Eurotiomycetes	Eurotiales	Aspergillaceae	Aspergillus	Aspergillus_fumigatus	NR_077145	Penicillium_chrysogenum	9.62e-05	33.7	100.0	48	18
f948e144edae90d5a6361cefa3a96d1e	NR_171785	900002	4.670000000000001e-21	87.8	78.182	68	110	False	candidate_available	Fungi	Basidiomycota	Tremellomycetes	Tremellales	Tremellaceae	Cryptococcus	Cryptococcus_neoformans	NR_111475	Malassezia_globosa	3.5899999999999997e-16	72.5	83.58200000000002	54	67
f94cceab17230de007f8fd723ae80e47	NR_111475	900008	0.22	22.9	100.0	40	12	False	candidate_available	Fungi	Basidiomycota	Malasseziomycetes	Malasseziales	Malasseziaceae	Malassezia	Malassezia_globosa	NR_111007	Saccharomyces_cerevisiae	0.76	21.1	100.0	48	11
f995e145056827d946990165fee89f13	NR_171785	900002	1.9100000000000003e-27	110.0	87.5	52	88	False	candidate_available	Fungi	Basidiomycota	Tremellomycetes	Tremellales	Tremellaceae	Cryptococcus	Cryptococcus_neoformans	NR_121481	Aspergillus_fumigatus	6.66e-27	107.0	86.51700000000002	54	89
f99e1af2943587a660911231516d2b0d	NR_121481	900001	2.7499999999999997e-87	308.0	91.266	100	229	False	candidate_available	Fungi	Ascomycota	Eurotiomycetes	Eurotiales	Aspergillaceae	Aspergillus	Aspergillus_fumigatus	NR_077145	Penicillium_chrysogenum	4.9799999999999975e-84	297.0	90.868	97	219
f9e0459672e12d102a630e4436ffb437	NR_171785	900002	1.99e-19	82.4	77.193	73	114	False	candidate_available	Fungi	Basidiomycota	Tremellomycetes	Tremellales	Tremellaceae	Cryptococcus	Cryptococcus_neoformans	NR_130667	Cutaneotrichosporon_dermatis	6.93e-19	80.6	87.87899999999998	52	66
fa6042518061af83ea6007686638c607	NR_111007	900009	6.72e-06	37.4	100.0	45	20	False	candidate_available	Fungi	Ascomycota	Saccharomycetes	Saccharomycetales	Saccharomycetaceae	Saccharomyces	Saccharomyces_cerevisiae	NR_121481	Aspergillus_fumigatus	6.72e-06	37.4	100.0	44	20
fb16acc3ac783ab7d6101776190a58e0	NR_111007	900009	7.990000000000002e-07	37.4	100.0	86	20	True	candidate_available	Fungi	Ascomycota	Saccharomycetes	Saccharomycetales	Saccharomycetaceae	Saccharomyces	Saccharomyces_cerevisiae	NR_125332	Candida_albicans	7.990000000000002e-07	37.4	100.0	86	20
fb1e99770074de04d7dff1b96c37c523	NR_077145	900004	1.6299999999999991e-77	276.0	88.26100000000002	100	230	False	candidate_available	Fungi	Ascomycota	Eurotiomycetes	Eurotiales	Aspergillaceae	Penicillium	Penicillium_chrysogenum	NR_121481	Aspergillus_fumigatus	7.89e-69	246.0	88.44200000000002	89	199
fb35ca8ff15793fd70c07633f55dad71	NR_130691	900007	1.57e-28	113.0	88.506	58	87	False	candidate_available	Fungi	Ascomycota	Saccharomycetes	Saccharomycetales	Saccharomycetaceae	Nakaseomyces	Nakaseomyces_glabratus	NR_130667	Cutaneotrichosporon_dermatis	5.460000000000001e-28	112.0	87.64	48	89
fbea4bf29a9ade946b3674af59bbdb75	NR_171785	900002	1.43e-27	109.0	83.486	61	109	False	candidate_available	Fungi	Basidiomycota	Tremellomycetes	Tremellales	Tremellaceae	Cryptococcus	Cryptococcus_neoformans	NR_125332	Candida_albicans	3.5899999999999997e-16	71.6	84.375	42	64
fc7fa41febb165d9e2c1aa251fe03adb	NR_130691	900007	1.0499999999999999e-30	121.0	89.88799999999998	51	89	False	candidate_available	Fungi	Ascomycota	Saccharomycetes	Saccharomycetales	Saccharomycetaceae	Nakaseomyces	Nakaseomyces_glabratus	NR_171785	Cryptococcus_neoformans	3.68e-30	119.0	89.773	45	88
fcbc999ca804479fd39bdcaef8c7c1c0	NR_121481	900001	2.2599999999999992e-88	312.0	94.5	94	200	False	candidate_available	Fungi	Ascomycota	Eurotiomycetes	Eurotiales	Aspergillaceae	Aspergillus	Aspergillus_fumigatus	NR_077145	Penicillium_chrysogenum	7.379999999999997e-82	290.0	88.31200000000003	100	231
fe389004a774f698876b52bcd5148b90	NR_144900	900003	4.11e-28	112.0	93.421	65	76	False	candidate_available	Fungi	Ascomycota	Eurotiomycetes	Onygenales	Arthrodermataceae	Trichophyton	Trichophyton_interdigitale	NR_121481	Aspergillus_fumigatus	1.7500000000000002e-26	105.0	88.235	70	85
feb42ca1b6adcd738ff9ba386892f11e	NR_077145	900004	1.0999999999999993e-117	409.0	99.563	100	229	False	candidate_available	Fungi	Ascomycota	Eurotiomycetes	Eurotiales	Aspergillaceae	Penicillium	Penicillium_chrysogenum	NR_121481	Aspergillus_fumigatus	2.4199999999999994e-94	332.0	92.704	100	233
fed98bc28374334a8e2df19c0ed70b46	NR_171785	900002	4.670000000000001e-21	87.8	78.182	73	110	False	candidate_available	Fungi	Basidiomycota	Tremellomycetes	Tremellales	Tremellaceae	Cryptococcus	Cryptococcus_neoformans	NR_111475	Malassezia_globosa	3.5899999999999997e-16	72.5	83.58200000000002	57	67
ff05b9a82953ffcc6645056118fff882	NR_130690	900005	1.03e-54	199.0	78.83800000000002	100	241	False	candidate_available	Fungi	Ascomycota	Sordariomycetes	Hypocreales	Nectriaceae	Fusarium	Fusarium_keratoplasticum	NR_144900	Trichophyton_interdigitale	5.690000000000001e-20	84.2	90.164	57	61
ff27b8703c571d06a3bb9d893ed7daea	NR_111007	900009	0.00012	33.7	100.0	50	18	False	candidate_available	Fungi	Ascomycota	Saccharomycetes	Saccharomycetales	Saccharomycetaceae	Saccharomyces	Saccharomyces_cerevisiae	NR_130691	Nakaseomyces_glabratus	0.00012	33.7	100.0	38	18
ff7f232a0ba2b8cdee78935456caded9	NR_111007	900009	3.45e-05	36.5	95.455	50	22	False	candidate_available	Fungi	Ascomycota	Saccharomycetes	Saccharomycetales	Saccharomycetaceae	Saccharomyces	Saccharomyces_cerevisiae	NR_144900	Trichophyton_interdigitale	3.45e-05	36.5	95.455	49	22
