Sample	0	1	2	3	4	5	6	7	8	9	10	11	12	13	14	15	16	17	18	19	20	21	22	23	24	25	26	27	28	29	30	31	32	33	34	35	36	37	38	39	40	41	42	43	44	45	46	47	48	49	50	51	52	53	54	55	56	57	58	59	60	61	62	63	64	65
1D_1 - nextera_transposase_sequence	(1, 0.0)	(2, 0.0)	(3, 0.0)	(4, 0.0)	(5, 0.0)	(6, 0.0)	(7, 0.0)	(8, 0.0)	(9, 0.0)	(10, 0.000810142990237777)	(15, 0.26167618584680197)	(20, 1.4031676590918298)	(25, 1.554259326771175)	(30, 1.5651962571393851)	(35, 1.8517843399359986)	(40, 1.9672297160448817)	(45, 1.968647466277798)	(50, 1.9696601450155953)	(55, 1.9696601450155953)	(60, 1.9696601450155953)	(65, 1.9696601450155953)	(70, 1.9696601450155953)	(75, 1.9696601450155953)	(80, 1.9696601450155953)	(85, 1.9696601450155953)	(90, 1.9696601450155953)	(95, 1.9696601450155953)	(100, 1.9696601450155953)	(105, 1.9696601450155953)	(110, 1.9696601450155953)	(115, 1.9696601450155953)	(120, 1.9696601450155953)	(125, 1.9696601450155953)	(130, 1.9696601450155953)	(135, 1.9696601450155953)	(140, 1.9696601450155953)	(145, 1.9696601450155953)	(150, 1.9696601450155953)	(155, 1.9696601450155953)	(160, 1.9696601450155953)	(165, 1.9696601450155953)	(170, 1.9696601450155953)	(175, 1.9696601450155953)	(180, 1.9696601450155953)	(185, 1.9696601450155953)	(190, 1.9696601450155953)	(195, 1.9696601450155953)	(200, 1.9696601450155953)	(205, 1.9696601450155953)	(210, 1.9696601450155953)	(215, 1.9696601450155953)	(220, 1.9696601450155953)	(225, 1.9696601450155953)	(230, 1.9696601450155953)	(235, 1.9696601450155953)	(240, 1.9696601450155953)	(245, 1.9696601450155953)	(250, 1.9696601450155953)	(255, 1.9696601450155953)	(260, 1.9696601450155953)	(265, 1.9696601450155953)	(270, 1.9696601450155953)	(275, 1.9696601450155953)	(280, 1.9696601450155953)	(285, 1.9696601450155953)	(290, 1.9696601450155953)
1D_1 - polyg	(1, 0.0)	(2, 0.0)	(3, 0.0010126787377972212)	(4, 0.0010126787377972212)	(5, 0.0010126787377972212)	(6, 0.0010126787377972212)	(7, 0.0010126787377972212)	(8, 0.0010126787377972212)	(9, 0.0010126787377972212)	(10, 0.0010126787377972212)	(15, 0.0010126787377972212)	(20, 0.0010126787377972212)	(25, 0.0010126787377972212)	(30, 0.0010126787377972212)	(35, 0.0010126787377972212)	(40, 0.0010126787377972212)	(45, 0.0010126787377972212)	(50, 0.0010126787377972212)	(55, 0.0010126787377972212)	(60, 0.007291286912139994)	(65, 0.00810142990237777)	(70, 0.00810142990237777)	(75, 0.00951918013529388)	(80, 0.01255721634868554)	(85, 0.02005103900838498)	(90, 0.5401628387410378)	(95, 1.527322072345769)	(100, 1.646818163405841)	(105, 1.6622108802203588)	(110, 2.018268724429862)	(115, 2.0709280187953176)	(120, 2.072143233280674)	(125, 2.072953376270912)	(130, 2.072953376270912)	(135, 2.072953376270912)	(140, 2.072953376270912)	(145, 2.072953376270912)	(150, 2.072953376270912)	(155, 2.072953376270912)	(160, 2.072953376270912)	(165, 2.072953376270912)	(170, 2.072953376270912)	(175, 2.072953376270912)	(180, 2.072953376270912)	(185, 2.072953376270912)	(190, 2.072953376270912)	(195, 2.072953376270912)	(200, 2.072953376270912)	(205, 2.072953376270912)	(210, 2.072953376270912)	(215, 2.072953376270912)	(220, 2.072953376270912)	(225, 2.072953376270912)	(230, 2.072953376270912)	(235, 2.072953376270912)	(240, 2.072953376270912)	(245, 2.072953376270912)	(250, 2.072953376270912)	(255, 2.072953376270912)	(260, 2.072953376270912)	(265, 2.072953376270912)	(270, 2.072953376270912)	(275, 2.072953376270912)	(280, 2.072953376270912)	(285, 2.072953376270912)	(290, 2.072953376270912)
1D_2 - nextera_transposase_sequence	(1, 0.0)	(2, 0.0)	(3, 0.0)	(4, 0.0)	(5, 0.0)	(6, 0.0)	(7, 0.0)	(8, 0.0)	(9, 0.0)	(10, 0.000810142990237777)	(15, 0.2637015433223964)	(20, 1.411471624741767)	(25, 1.558310041722364)	(30, 1.5700571150808118)	(35, 1.8558350548871876)	(40, 1.972293109733868)	(45, 1.973710859966784)	(50, 1.9747235387045812)	(55, 1.9747235387045812)	(60, 1.9747235387045812)	(65, 1.9747235387045812)	(70, 1.9747235387045812)	(75, 1.9747235387045812)	(80, 1.9747235387045812)	(85, 1.9747235387045812)	(90, 1.9747235387045812)	(95, 1.9747235387045812)	(100, 1.9747235387045812)	(105, 1.9747235387045812)	(110, 1.9747235387045812)	(115, 1.9747235387045812)	(120, 1.9747235387045812)	(125, 1.9747235387045812)	(130, 1.9747235387045812)	(135, 1.9747235387045812)	(140, 1.9747235387045812)	(145, 1.9747235387045812)	(150, 1.9747235387045812)	(155, 1.9747235387045812)	(160, 1.9747235387045812)	(165, 1.9747235387045812)	(170, 1.9747235387045812)	(175, 1.9747235387045812)	(180, 1.9747235387045812)	(185, 1.9747235387045812)	(190, 1.9747235387045812)	(195, 1.9747235387045812)	(200, 1.9747235387045812)	(205, 1.9747235387045812)	(210, 1.9747235387045812)	(215, 1.9749260744521409)	(220, 1.9757362174423787)	(225, 1.9757362174423787)	(230, 1.9757362174423787)	(235, 1.9767488961801756)	(240, 1.9767488961801756)	(245, 1.9767488961801756)	(250, 1.9767488961801756)	(255, 1.9767488961801756)	(260, 1.9767488961801756)	(265, 1.9767488961801756)	(270, 1.9767488961801756)	(275, 1.9767488961801756)	(280, 1.9767488961801756)	(285, 1.9767488961801756)	(290, 1.9767488961801758)
1D_2 - polyg	(1, 0.8020415603353992)	(2, 0.8020415603353992)	(3, 0.8040669178109936)	(4, 0.8040669178109936)	(5, 0.8040669178109936)	(6, 0.8071049540243853)	(7, 0.8071049540243853)	(8, 0.8071049540243853)	(9, 0.8071049540243853)	(10, 0.8075100255195041)	(15, 0.8081176327621826)	(20, 0.8081176327621826)	(25, 0.8117632762182524)	(30, 0.8338396727022319)	(35, 0.8344472799449104)	(40, 0.8344472799449104)	(45, 0.8344472799449104)	(50, 0.8344472799449104)	(55, 0.8344472799449104)	(60, 0.8346498156924698)	(65, 0.8354599586827074)	(70, 0.8354599586827074)	(75, 0.841130959614372)	(80, 0.8474095677887148)	(85, 0.8478146392838337)	(90, 0.8494349252643092)	(95, 1.66909709563738)	(100, 2.395795357880666)	(105, 2.464252440555758)	(110, 2.5440515250941793)	(115, 2.85717179082108)	(120, 2.885526795479402)	(125, 2.8865394742171993)	(130, 2.8871470814598776)	(135, 2.8871470814598776)	(140, 2.8871470814598776)	(145, 2.8871470814598776)	(150, 2.8871470814598776)	(155, 2.8871470814598776)	(160, 2.8871470814598776)	(165, 2.8871470814598776)	(170, 2.8871470814598776)	(175, 2.8871470814598776)	(180, 2.8871470814598776)	(185, 2.8871470814598776)	(190, 2.8871470814598776)	(195, 2.8871470814598776)	(200, 2.8871470814598776)	(205, 2.8871470814598776)	(210, 2.8871470814598776)	(215, 2.8871470814598776)	(220, 2.8871470814598776)	(225, 2.8871470814598776)	(230, 2.8871470814598776)	(235, 2.8871470814598776)	(240, 2.8871470814598776)	(245, 2.8871470814598776)	(250, 2.8871470814598776)	(255, 2.8871470814598776)	(260, 2.8871470814598776)	(265, 2.8871470814598776)	(270, 2.8871470814598776)	(275, 2.8871470814598776)	(280, 2.8871470814598776)	(285, 2.8871470814598776)	(290, 2.8871470814598776)
1Q_1 - nextera_transposase_sequence	(1, 0.0)	(2, 0.0)	(3, 0.0)	(4, 0.0)	(5, 0.0)	(6, 0.0)	(7, 0.0)	(8, 0.0)	(9, 0.0)	(10, 0.0005191872124189581)	(15, 0.12759025745195895)	(20, 0.7116758714232869)	(25, 0.8144749394822405)	(30, 0.8183688435753828)	(35, 0.8918338341326653)	(40, 0.936354137597591)	(45, 0.9381712928410574)	(50, 0.9384308864472668)	(55, 0.9384308864472668)	(60, 0.9384308864472668)	(65, 0.9384308864472668)	(70, 0.9384308864472668)	(75, 0.9384308864472668)	(80, 0.9384308864472668)	(85, 0.9384308864472668)	(90, 0.9384308864472668)	(95, 0.9384308864472668)	(100, 0.9384308864472668)	(105, 0.9384308864472668)	(110, 0.9384308864472668)	(115, 0.9384308864472668)	(120, 0.9384308864472668)	(125, 0.9399884480845235)	(130, 0.9403778384938379)	(135, 0.9403778384938379)	(140, 0.9403778384938379)	(145, 0.9403778384938379)	(150, 0.9403778384938379)	(155, 0.9403778384938379)	(160, 0.9403778384938379)	(165, 0.9403778384938379)	(170, 0.9403778384938379)	(175, 0.9403778384938379)	(180, 0.9403778384938379)	(185, 0.9406374321000476)	(190, 0.9410268225093616)	(195, 0.9410268225093616)	(200, 0.9410268225093616)	(205, 0.9416758065248854)	(210, 0.9416758065248854)	(215, 0.9416758065248854)	(220, 0.9416758065248854)	(225, 0.9416758065248854)	(230, 0.9416758065248854)	(235, 0.9416758065248854)	(240, 0.9416758065248854)	(245, 0.9416758065248854)	(250, 0.9416758065248854)	(255, 0.9416758065248854)	(260, 0.9416758065248854)	(265, 0.9416758065248854)	(270, 0.9416758065248854)	(275, 0.9420651969341994)	(280, 0.9427141809497233)	(285, 0.9429737745559328)	(290, 0.9429737745559327)
1Q_1 - polyg	(1, 0.0)	(2, 0.0)	(3, 0.0006489840155236977)	(4, 0.0006489840155236977)	(5, 0.0006489840155236977)	(6, 0.0006489840155236977)	(7, 0.0006489840155236977)	(8, 0.0006489840155236977)	(9, 0.0006489840155236977)	(10, 0.0006489840155236977)	(15, 0.0006489840155236977)	(20, 0.0006489840155236977)	(25, 0.0006489840155236977)	(30, 0.0006489840155236977)	(35, 0.0006489840155236977)	(40, 0.0006489840155236977)	(45, 0.0006489840155236977)	(50, 0.0006489840155236977)	(55, 0.0009085776217331767)	(60, 0.0036343104869327064)	(65, 0.003893904093142186)	(70, 0.003893904093142186)	(75, 0.004283294502456405)	(80, 0.005451465730399061)	(85, 0.009345369823541245)	(90, 0.26777080480507764)	(95, 0.7846216747681505)	(100, 0.8634083342527272)	(105, 0.868081019164498)	(110, 0.9625730918247484)	(115, 0.9893112332643247)	(120, 0.9902198108860578)	(125, 0.9903496076891626)	(130, 0.9903496076891626)	(135, 0.9903496076891626)	(140, 0.9903496076891626)	(145, 0.9903496076891626)	(150, 0.9903496076891626)	(155, 0.9903496076891626)	(160, 0.9903496076891626)	(165, 0.9903496076891626)	(170, 0.9903496076891626)	(175, 0.9903496076891626)	(180, 0.9903496076891626)	(185, 0.9903496076891626)	(190, 0.9903496076891626)	(195, 0.9906092012953721)	(200, 0.9928157469481527)	(205, 0.9929455437512574)	(210, 0.9929455437512574)	(215, 0.9929455437512574)	(220, 0.9929455437512574)	(225, 0.9929455437512574)	(230, 0.9929455437512574)	(235, 0.9929455437512574)	(240, 0.9929455437512574)	(245, 0.9929455437512574)	(250, 0.9929455437512574)	(255, 0.9929455437512574)	(260, 0.9933349341605716)	(265, 0.993594527766781)	(270, 0.993594527766781)	(275, 0.9937243245698859)	(280, 0.9942435117823049)	(285, 0.9942435117823049)	(290, 0.9942435117823049)
1Q_2 - nextera_transposase_sequence	(1, 0.0)	(2, 0.0)	(3, 0.0)	(4, 0.0)	(5, 0.0)	(6, 0.0)	(7, 0.0)	(8, 0.0)	(9, 0.0)	(10, 0.0005191872124189581)	(15, 0.1281094446643779)	(20, 0.7153101819102196)	(25, 0.8183688435753828)	(30, 0.8222627476685249)	(35, 0.8955979414227027)	(40, 0.9402480416907333)	(45, 0.9420651969341994)	(50, 0.942324790540409)	(55, 0.942324790540409)	(60, 0.942324790540409)	(65, 0.942324790540409)	(70, 0.942324790540409)	(75, 0.942324790540409)	(80, 0.942324790540409)	(85, 0.942324790540409)	(90, 0.942324790540409)	(95, 0.942324790540409)	(100, 0.942324790540409)	(105, 0.942324790540409)	(110, 0.942324790540409)	(115, 0.942324790540409)	(120, 0.942324790540409)	(125, 0.9438823521776658)	(130, 0.9442717425869802)	(135, 0.9442717425869802)	(140, 0.9442717425869802)	(145, 0.9442717425869802)	(150, 0.9442717425869802)	(155, 0.9442717425869802)	(160, 0.9442717425869802)	(165, 0.9442717425869802)	(170, 0.9442717425869802)	(175, 0.9442717425869802)	(180, 0.9442717425869802)	(185, 0.9445313361931896)	(190, 0.9449207266025038)	(195, 0.9449207266025038)	(200, 0.9449207266025038)	(205, 0.9455697106180276)	(210, 0.9455697106180276)	(215, 0.9455697106180276)	(220, 0.9455697106180276)	(225, 0.9455697106180276)	(230, 0.9455697106180276)	(235, 0.9455697106180276)	(240, 0.9455697106180276)	(245, 0.9455697106180276)	(250, 0.9455697106180276)	(255, 0.9455697106180276)	(260, 0.9455697106180276)	(265, 0.9455697106180276)	(270, 0.9455697106180276)	(275, 0.9459591010273417)	(280, 0.9466080850428653)	(285, 0.9468676786490748)	(290, 0.9468676786490748)
1Q_2 - polyg	(1, 0.8294015718392856)	(2, 0.8300505558548092)	(3, 0.8313485238858567)	(4, 0.8319975079013804)	(5, 0.8319975079013804)	(6, 0.8319975079013804)	(7, 0.8319975079013804)	(8, 0.8319975079013804)	(9, 0.8319975079013804)	(10, 0.8322571015075898)	(15, 0.8330358823262184)	(20, 0.8340742567510564)	(25, 0.83472324076658)	(30, 0.8458857658335874)	(35, 0.8462751562429018)	(40, 0.8462751562429018)	(45, 0.8469241402584254)	(50, 0.8469241402584254)	(55, 0.8469241402584254)	(60, 0.8469241402584254)	(65, 0.8469241402584254)	(70, 0.8469241402584254)	(75, 0.8482221082894729)	(80, 0.8504286539422534)	(85, 0.8513372315639867)	(90, 0.8528947932012434)	(95, 1.2542265084010982)	(100, 1.659711721300304)	(105, 1.70176588550624)	(110, 1.7213652027750554)	(115, 1.8087184512645453)	(120, 1.8255920356681614)	(125, 1.826890003699209)	(130, 1.826890003699209)	(135, 1.826890003699209)	(140, 1.826890003699209)	(145, 1.826890003699209)	(150, 1.826890003699209)	(155, 1.826890003699209)	(160, 1.826890003699209)	(165, 1.826890003699209)	(170, 1.826890003699209)	(175, 1.826890003699209)	(180, 1.8270198005023137)	(185, 1.8275389877147326)	(190, 1.8275389877147326)	(195, 1.8275389877147326)	(200, 1.827928378124047)	(205, 1.829485939761304)	(210, 1.829485939761304)	(215, 1.829485939761304)	(220, 1.829485939761304)	(225, 1.829485939761304)	(230, 1.829485939761304)	(235, 1.829485939761304)	(240, 1.829485939761304)	(245, 1.829485939761304)	(250, 1.829485939761304)	(255, 1.829485939761304)	(260, 1.829485939761304)	(265, 1.8300051269737228)	(270, 1.8301349237768274)	(275, 1.8301349237768274)	(280, 1.8303945173830367)	(285, 1.8307839077923511)	(290, 1.8307839077923511)
1Z_1 - nextera_transposase_sequence	(1, 0.0)	(2, 0.0)	(3, 0.0)	(4, 0.0)	(5, 0.0)	(6, 0.0)	(7, 0.0)	(8, 0.0)	(9, 0.0)	(10, 0.0)	(15, 0.07234837314459845)	(20, 0.3914282905730856)	(25, 0.436252826108326)	(30, 0.4386120121891281)	(35, 0.4891379140863069)	(40, 0.509190995773125)	(45, 0.509190995773125)	(50, 0.5095841934532587)	(55, 0.5101739899734592)	(60, 0.5101739899734592)	(65, 0.5101739899734592)	(70, 0.5101739899734592)	(75, 0.5101739899734592)	(80, 0.5101739899734592)	(85, 0.5101739899734592)	(90, 0.5101739899734592)	(95, 0.5101739899734592)	(100, 0.5101739899734592)	(105, 0.5101739899734592)	(110, 0.5101739899734592)	(115, 0.5101739899734592)	(120, 0.5101739899734592)	(125, 0.5101739899734592)	(130, 0.5101739899734592)	(135, 0.5101739899734592)	(140, 0.5101739899734592)	(145, 0.5101739899734592)	(150, 0.5101739899734592)	(155, 0.5101739899734592)	(160, 0.5101739899734592)	(165, 0.5101739899734592)	(170, 0.5101739899734592)	(175, 0.5101739899734592)	(180, 0.5101739899734592)	(185, 0.5109603853337266)	(190, 0.514105966774796)	(195, 0.514105966774796)	(200, 0.514105966774796)	(205, 0.5148923621350633)	(210, 0.5150889609751302)	(215, 0.5160719551754644)	(220, 0.5160719551754644)	(225, 0.5160719551754644)	(230, 0.5160719551754644)	(235, 0.5160719551754644)	(240, 0.5160719551754644)	(245, 0.5160719551754644)	(250, 0.5160719551754644)	(255, 0.5160719551754644)	(260, 0.5160719551754644)	(265, 0.5160719551754644)	(270, 0.5160719551754644)	(275, 0.5160719551754644)	(280, 0.5160719551754644)	(285, 0.5160719551754644)	(290, 0.5160719551754644)
1Z_1 - polyg	(1, 0.0)	(2, 0.0)	(3, 0.0)	(4, 0.0)	(5, 0.0)	(6, 0.0)	(7, 0.0)	(8, 0.0)	(9, 0.0)	(10, 0.0)	(15, 0.0)	(20, 0.0)	(25, 0.0)	(30, 0.0)	(35, 0.0)	(40, 0.0)	(45, 0.0)	(50, 0.0)	(55, 0.0)	(60, 0.0047183721616042475)	(65, 0.00491497100167109)	(70, 0.00491497100167109)	(75, 0.00491497100167109)	(80, 0.0060945640420721515)	(85, 0.00982994200334218)	(90, 0.1547232871326059)	(95, 0.4354664307480586)	(100, 0.4702644254398899)	(105, 0.47242701268062526)	(110, 0.5357318391821488)	(115, 0.5445787869851568)	(120, 0.5445787869851568)	(125, 0.5451685835053575)	(130, 0.545561781185491)	(135, 0.545561781185491)	(140, 0.545561781185491)	(145, 0.545561781185491)	(150, 0.545561781185491)	(155, 0.545561781185491)	(160, 0.545561781185491)	(165, 0.545561781185491)	(170, 0.545561781185491)	(175, 0.545561781185491)	(180, 0.545561781185491)	(185, 0.545561781185491)	(190, 0.545561781185491)	(195, 0.545561781185491)	(200, 0.545561781185491)	(205, 0.545561781185491)	(210, 0.545561781185491)	(215, 0.545561781185491)	(220, 0.545561781185491)	(225, 0.545561781185491)	(230, 0.545561781185491)	(235, 0.545561781185491)	(240, 0.545561781185491)	(245, 0.545561781185491)	(250, 0.545561781185491)	(255, 0.545561781185491)	(260, 0.5471345719060258)	(265, 0.5494937579868279)	(270, 0.5494937579868279)	(275, 0.5494937579868279)	(280, 0.5500835545070284)	(285, 0.5506733510272289)	(290, 0.5514597463874963)
1Z_2 - nextera_transposase_sequence	(1, 0.0)	(2, 0.0)	(3, 0.0)	(4, 0.0)	(5, 0.0)	(6, 0.0)	(7, 0.0)	(8, 0.0)	(9, 0.0)	(10, 0.0)	(15, 0.07313476850486582)	(20, 0.39673645925489043)	(25, 0.4431337855106655)	(30, 0.4454929715914676)	(35, 0.4968052688489138)	(40, 0.5170549493757987)	(45, 0.5170549493757987)	(50, 0.5174481470559323)	(55, 0.5180379435761329)	(60, 0.5180379435761329)	(65, 0.5180379435761329)	(70, 0.5180379435761329)	(75, 0.5180379435761329)	(80, 0.5180379435761329)	(85, 0.5180379435761329)	(90, 0.5180379435761329)	(95, 0.5180379435761329)	(100, 0.5180379435761329)	(105, 0.5180379435761329)	(110, 0.5180379435761329)	(115, 0.5180379435761329)	(120, 0.5180379435761329)	(125, 0.5180379435761329)	(130, 0.5180379435761329)	(135, 0.5180379435761329)	(140, 0.5180379435761329)	(145, 0.5180379435761329)	(150, 0.5180379435761329)	(155, 0.5180379435761329)	(160, 0.5180379435761329)	(165, 0.5180379435761329)	(170, 0.5180379435761329)	(175, 0.5180379435761329)	(180, 0.5180379435761329)	(185, 0.5188243389364002)	(190, 0.5219699203774698)	(195, 0.5219699203774698)	(200, 0.5219699203774698)	(205, 0.5227563157377372)	(210, 0.522952914577804)	(215, 0.5239359087781382)	(220, 0.5239359087781382)	(225, 0.5239359087781382)	(230, 0.5239359087781382)	(235, 0.5239359087781382)	(240, 0.5239359087781382)	(245, 0.5239359087781382)	(250, 0.5239359087781382)	(255, 0.5239359087781382)	(260, 0.5239359087781382)	(265, 0.5239359087781382)	(270, 0.5239359087781382)	(275, 0.5239359087781382)	(280, 0.5239359087781382)	(285, 0.5239359087781382)	(290, 0.5239359087781382)
1Z_2 - polyg	(1, 0.8286641108817459)	(2, 0.8316130934827485)	(3, 0.8365280644844195)	(4, 0.8394770470854221)	(5, 0.8394770470854221)	(6, 0.8404600412857565)	(7, 0.8404600412857565)	(8, 0.8404600412857565)	(9, 0.8404600412857565)	(10, 0.841049837805957)	(15, 0.8414430354860907)	(20, 0.8414430354860907)	(25, 0.8465546053278287)	(30, 0.8752580359775877)	(35, 0.8768308266981226)	(40, 0.8768308266981226)	(45, 0.8776172220583899)	(50, 0.8778138208984567)	(55, 0.8778138208984567)	(60, 0.8778138208984567)	(65, 0.8778138208984567)	(70, 0.8780104197385235)	(75, 0.8827287919001277)	(80, 0.8856777745011304)	(85, 0.8856777745011304)	(90, 0.8858743733411973)	(95, 1.1172712080998721)	(100, 1.324682984370392)	(105, 1.3449326648972773)	(110, 1.3586945837019564)	(115, 1.414332055440873)	(120, 1.4184606310822767)	(125, 1.4184606310822767)	(130, 1.419247026442544)	(135, 1.4194436252826108)	(140, 1.4194436252826108)	(145, 1.4194436252826108)	(150, 1.4194436252826108)	(155, 1.4194436252826108)	(160, 1.4194436252826108)	(165, 1.4194436252826108)	(170, 1.4194436252826108)	(175, 1.4194436252826108)	(180, 1.4194436252826108)	(185, 1.4194436252826108)	(190, 1.4194436252826108)	(195, 1.4200334218028112)	(200, 1.4204266194829451)	(205, 1.4204266194829451)	(210, 1.4204266194829451)	(215, 1.4204266194829451)	(220, 1.4204266194829451)	(225, 1.4204266194829451)	(230, 1.4204266194829451)	(235, 1.4204266194829451)	(240, 1.4204266194829451)	(245, 1.4204266194829451)	(250, 1.4204266194829451)	(255, 1.4204266194829451)	(260, 1.4204266194829451)	(265, 1.4227858055637472)	(270, 1.424358596284282)	(275, 1.424358596284282)	(280, 1.424555195124349)	(285, 1.425341590484616)	(290, 1.425341590484616)
2D_1 - nextera_transposase_sequence	(1, 0.0)	(2, 0.0)	(3, 0.0)	(4, 0.0)	(5, 0.0)	(6, 0.0)	(7, 0.0)	(8, 0.0)	(9, 0.0)	(10, 0.0)	(15, 0.283152114865486)	(20, 1.559843881891804)	(25, 1.7699514429224508)	(30, 1.7844934936859087)	(35, 2.478333180112492)	(40, 2.738920043793302)	(45, 2.7437673940477882)	(50, 2.7437673940477882)	(55, 2.745438894135542)	(60, 2.745438894135542)	(65, 2.745438894135542)	(70, 2.745438894135542)	(75, 2.745438894135542)	(80, 2.745438894135542)	(85, 2.745438894135542)	(90, 2.745438894135542)	(95, 2.745438894135542)	(100, 2.745438894135542)	(105, 2.745438894135542)	(110, 2.745438894135542)	(115, 2.745438894135542)	(120, 2.745438894135542)	(125, 2.745438894135542)	(130, 2.745438894135542)	(135, 2.745438894135542)	(140, 2.745438894135542)	(145, 2.745438894135542)	(150, 2.745438894135542)	(155, 2.745438894135542)	(160, 2.745438894135542)	(165, 2.745438894135542)	(170, 2.745438894135542)	(175, 2.745438894135542)	(180, 2.745438894135542)	(185, 2.7456060441443175)	(190, 2.746274644179419)	(195, 2.746274644179419)	(200, 2.746274644179419)	(205, 2.7469432442145196)	(210, 2.7471103942232955)	(215, 2.7479461442671727)	(220, 2.7479461442671727)	(225, 2.7479461442671727)	(230, 2.7479461442671727)	(235, 2.7479461442671727)	(240, 2.7479461442671727)	(245, 2.7479461442671727)	(250, 2.7479461442671727)	(255, 2.7479461442671727)	(260, 2.7479461442671727)	(265, 2.7479461442671727)	(270, 2.7484475942934985)	(275, 2.7487818943110494)	(280, 2.7487818943110494)	(285, 2.7487818943110494)	(290, 2.7487818943110494)
2D_1 - polyg	(1, 0.0)	(2, 0.0)	(3, 0.0)	(4, 0.0)	(5, 0.0)	(6, 0.0)	(7, 0.0)	(8, 0.0)	(9, 0.0)	(10, 0.0)	(15, 0.0)	(20, 0.0)	(25, 0.0)	(30, 0.0)	(35, 0.0)	(40, 0.0)	(45, 0.0)	(50, 0.0)	(55, 0.0)	(60, 0.008524650447544146)	(65, 0.010864750570399404)	(70, 0.010864750570399404)	(75, 0.014542050763457664)	(80, 0.017885050938965176)	(85, 0.022063801158349557)	(90, 0.5937168311701336)	(95, 1.7119503898773956)	(100, 1.8785989486264447)	(105, 1.916040550592129)	(110, 2.784050546162654)	(115, 2.8968768020860316)	(120, 2.900888402296641)	(125, 2.901389852322967)	(130, 2.9033956524282716)	(135, 2.9033956524282716)	(140, 2.9033956524282716)	(145, 2.9033956524282716)	(150, 2.9033956524282716)	(155, 2.9033956524282716)	(160, 2.9033956524282716)	(165, 2.9033956524282716)	(170, 2.9033956524282716)	(175, 2.9033956524282716)	(180, 2.9033956524282716)	(185, 2.9033956524282716)	(190, 2.9033956524282716)	(195, 2.9033956524282716)	(200, 2.9033956524282716)	(205, 2.9033956524282716)	(210, 2.9033956524282716)	(215, 2.9033956524282716)	(220, 2.9033956524282716)	(225, 2.9033956524282716)	(230, 2.9033956524282716)	(235, 2.9033956524282716)	(240, 2.9033956524282716)	(245, 2.9033956524282716)	(250, 2.9033956524282716)	(255, 2.9033956524282716)	(260, 2.903729952445823)	(265, 2.9042314024721487)	(270, 2.9042314024721487)	(275, 2.9042314024721487)	(280, 2.9050671525160254)	(285, 2.905234302524801)	(290, 2.9059029025599026)
2D_2 - nextera_transposase_sequence	(1, 0.0)	(2, 0.0)	(3, 0.0)	(4, 0.0)	(5, 0.0)	(6, 0.0)	(7, 0.0)	(8, 0.0)	(9, 0.0)	(10, 0.0)	(15, 0.2846564649444644)	(20, 1.568034232321797)	(25, 1.7744644931593858)	(30, 1.7881707938789666)	(35, 2.48635638053371)	(40, 2.750620544407579)	(45, 2.7554678946620643)	(50, 2.7554678946620643)	(55, 2.7563036447059415)	(60, 2.7563036447059415)	(65, 2.7563036447059415)	(70, 2.7563036447059415)	(75, 2.7563036447059415)	(80, 2.7563036447059415)	(85, 2.7563036447059415)	(90, 2.7563036447059415)	(95, 2.7563036447059415)	(100, 2.7563036447059415)	(105, 2.7563036447059415)	(110, 2.7563036447059415)	(115, 2.7563036447059415)	(120, 2.7563036447059415)	(125, 2.7563036447059415)	(130, 2.7563036447059415)	(135, 2.7563036447059415)	(140, 2.7563036447059415)	(145, 2.7563036447059415)	(150, 2.7563036447059415)	(155, 2.7563036447059415)	(160, 2.7563036447059415)	(165, 2.7563036447059415)	(170, 2.7563036447059415)	(175, 2.7563036447059415)	(180, 2.7563036447059415)	(185, 2.756470794714717)	(190, 2.757139394749818)	(195, 2.757139394749818)	(200, 2.757139394749818)	(205, 2.75780799478492)	(210, 2.7579751447936953)	(215, 2.758810894837572)	(220, 2.758810894837572)	(225, 2.758810894837572)	(230, 2.758810894837572)	(235, 2.758810894837572)	(240, 2.758810894837572)	(245, 2.758810894837572)	(250, 2.758810894837572)	(255, 2.758810894837572)	(260, 2.758810894837572)	(265, 2.758810894837572)	(270, 2.7593123448638983)	(275, 2.7596466448814487)	(280, 2.7596466448814487)	(285, 2.7596466448814487)	(290, 2.7596466448814487)
2D_2 - polyg	(1, 0.9410545494053638)	(2, 0.9477405497563789)	(3, 0.9510835499318864)	(4, 0.9519192999757633)	(5, 0.9519192999757633)	(6, 0.9527550500196401)	(7, 0.9527550500196401)	(8, 0.9527550500196401)	(9, 0.953590800063517)	(10, 0.9535908000635172)	(15, 0.9542594000986186)	(20, 0.9544265501073939)	(25, 0.9577695502829012)	(30, 0.9739831011341128)	(35, 0.9744845511604389)	(40, 0.9744845511604389)	(45, 0.9744845511604389)	(50, 0.9744845511604389)	(55, 0.9744845511604389)	(60, 0.9744845511604389)	(65, 0.9744845511604389)	(70, 0.9746517011692143)	(75, 0.9756546012218665)	(80, 0.9761560512481926)	(85, 0.9761560512481926)	(90, 0.9769918012920696)	(95, 1.8707428982140022)	(100, 2.730228243336983)	(105, 2.8251694483213963)	(110, 3.0140489582375705)	(115, 3.774247198147978)	(120, 3.828570950999975)	(125, 3.831078201131605)	(130, 3.8322482511930334)	(135, 3.833585451263237)	(140, 3.833585451263237)	(145, 3.833585451263237)	(150, 3.833585451263237)	(155, 3.833585451263237)	(160, 3.833585451263237)	(165, 3.833585451263237)	(170, 3.833585451263237)	(175, 3.833585451263237)	(180, 3.833585451263237)	(185, 3.833585451263237)	(190, 3.833585451263237)	(195, 3.834086901289562)	(200, 3.834421201307113)	(205, 3.834421201307113)	(210, 3.834421201307113)	(215, 3.834421201307113)	(220, 3.834421201307113)	(225, 3.834421201307113)	(230, 3.834421201307113)	(235, 3.834421201307113)	(240, 3.834421201307113)	(245, 3.834421201307113)	(250, 3.834421201307113)	(255, 3.834421201307113)	(260, 3.834421201307113)	(265, 3.8349226513334393)	(270, 3.8352569513509898)	(275, 3.8352569513509898)	(280, 3.835424101359765)	(285, 3.836092701394867)	(290, 3.836092701394867)
2Q_1 - nextera_transposase_sequence	(1, 0.0)	(2, 0.0)	(3, 0.0)	(4, 0.0)	(5, 0.0)	(6, 0.0)	(7, 0.0)	(8, 0.0)	(9, 0.0)	(10, 0.0011080946312815114)	(15, 0.47204831292592386)	(20, 2.5362900991744697)	(25, 2.8255027979389444)	(30, 2.84461743032855)	(35, 3.1655493379134576)	(40, 3.304615214139288)	(45, 3.305723308770569)	(50, 3.3076624743753116)	(55, 3.3102941991246055)	(60, 3.3111252700980662)	(65, 3.3111252700980662)	(70, 3.3111252700980662)	(75, 3.311679317413707)	(80, 3.3118178292426173)	(85, 3.3118178292426173)	(90, 3.3118178292426173)	(95, 3.3118178292426173)	(100, 3.3118178292426173)	(105, 3.3118178292426173)	(110, 3.3118178292426173)	(115, 3.3118178292426173)	(120, 3.3118178292426173)	(125, 3.3118178292426173)	(130, 3.3118178292426173)	(135, 3.3118178292426173)	(140, 3.3118178292426173)	(145, 3.3118178292426173)	(150, 3.3118178292426173)	(155, 3.3118178292426173)	(160, 3.3118178292426173)	(165, 3.3118178292426173)	(170, 3.3118178292426173)	(175, 3.3118178292426173)	(180, 3.3118178292426173)	(185, 3.3119563410715274)	(190, 3.3125103883871683)	(195, 3.3125103883871683)	(200, 3.3125103883871683)	(205, 3.3125103883871683)	(210, 3.3125103883871683)	(215, 3.3145880658208204)	(220, 3.3145880658208204)	(225, 3.3145880658208204)	(230, 3.3152806249653723)	(235, 3.3152806249653723)	(240, 3.3152806249653723)	(245, 3.3152806249653723)	(250, 3.3152806249653723)	(255, 3.3152806249653723)	(260, 3.315834672281013)	(265, 3.315973184109923)	(270, 3.315973184109923)	(275, 3.315973184109923)	(280, 3.315973184109923)	(285, 3.3163887195966533)	(290, 3.317358302399025)
2Q_1 - polyg	(1, 0.0)	(2, 0.0)	(3, 0.0)	(4, 0.0)	(5, 0.0)	(6, 0.0)	(7, 0.0)	(8, 0.0)	(9, 0.0)	(10, 0.0)	(15, 0.0)	(20, 0.0)	(25, 0.0)	(30, 0.0)	(35, 0.0)	(40, 0.0)	(45, 0.0)	(50, 0.0)	(55, 0.0)	(60, 0.004293866696215856)	(65, 0.0062330323009585015)	(70, 0.0062330323009585015)	(75, 0.008172197905701147)	(80, 0.011080946312815115)	(85, 0.018699096902875502)	(90, 0.9003268879162281)	(95, 2.7062441132472714)	(100, 2.9620754612443903)	(105, 2.9877001495927757)	(110, 3.3780264834616878)	(115, 3.4616876281234417)	(120, 3.4632112582414534)	(125, 3.4651504238461968)	(130, 3.4683361959111307)	(135, 3.4690287550556818)	(140, 3.4690287550556818)	(145, 3.4690287550556818)	(150, 3.4697213142002328)	(155, 3.4697213142002328)	(160, 3.4697213142002328)	(165, 3.4697213142002328)	(170, 3.4697213142002328)	(175, 3.4697213142002328)	(180, 3.4697213142002328)	(185, 3.4697213142002328)	(190, 3.4697213142002328)	(195, 3.4697213142002328)	(200, 3.4697213142002328)	(205, 3.4697213142002328)	(210, 3.4697213142002328)	(215, 3.4697213142002328)	(220, 3.4697213142002328)	(225, 3.4697213142002328)	(230, 3.4697213142002328)	(235, 3.4697213142002328)	(240, 3.4697213142002328)	(245, 3.4697213142002328)	(250, 3.4697213142002328)	(255, 3.4697213142002328)	(260, 3.4699983378580534)	(265, 3.4704138733447834)	(270, 3.4704138733447834)	(275, 3.4704138733447834)	(280, 3.4704138733447834)	(285, 3.4704138733447834)	(290, 3.4724915507784364)
2Q_2 - nextera_transposase_sequence	(1, 0.0)	(2, 0.0)	(3, 0.0)	(4, 0.0)	(5, 0.0)	(6, 0.0)	(7, 0.0)	(8, 0.0)	(9, 0.0)	(10, 0.0005540473156407557)	(15, 0.47094021829464233)	(20, 2.5419690841597875)	(25, 2.83727630339631)	(30, 2.856944983101557)	(35, 3.181201174580309)	(40, 3.320544074463959)	(45, 3.3216521690952403)	(50, 3.323591334699983)	(55, 3.326500083107097)	(60, 3.327746689567289)	(65, 3.327746689567289)	(70, 3.327746689567289)	(75, 3.327746689567289)	(80, 3.327746689567289)	(85, 3.327746689567289)	(90, 3.327746689567289)	(95, 3.327746689567289)	(100, 3.327746689567289)	(105, 3.327746689567289)	(110, 3.327746689567289)	(115, 3.327746689567289)	(120, 3.327746689567289)	(125, 3.327746689567289)	(130, 3.327746689567289)	(135, 3.327746689567289)	(140, 3.327746689567289)	(145, 3.327746689567289)	(150, 3.327746689567289)	(155, 3.327746689567289)	(160, 3.327746689567289)	(165, 3.327746689567289)	(170, 3.327746689567289)	(175, 3.327746689567289)	(180, 3.327746689567289)	(185, 3.3278852013961995)	(190, 3.3284392487118395)	(195, 3.3284392487118395)	(200, 3.3284392487118395)	(205, 3.3284392487118395)	(210, 3.3284392487118395)	(215, 3.330516926145493)	(220, 3.330516926145493)	(225, 3.330516926145493)	(230, 3.3312094852900436)	(235, 3.3312094852900436)	(240, 3.3312094852900436)	(245, 3.3312094852900436)	(250, 3.3312094852900436)	(255, 3.3312094852900436)	(260, 3.3317635326056845)	(265, 3.3319020444345946)	(270, 3.3319020444345946)	(275, 3.3319020444345946)	(280, 3.3319020444345946)	(285, 3.3323175799213254)	(290, 3.3332871627236966)
2Q_2 - polyg	(1, 0.726494542633941)	(2, 0.7271871017784919)	(3, 0.7278796609230428)	(4, 0.7285722200675938)	(5, 0.7285722200675938)	(6, 0.7285722200675938)	(7, 0.7285722200675938)	(8, 0.7285722200675938)	(9, 0.7285722200675938)	(10, 0.7285722200675938)	(15, 0.7285722200675938)	(20, 0.7285722200675938)	(25, 0.7292647792121447)	(30, 0.7349437641974623)	(35, 0.7366059061443847)	(40, 0.7368829298022052)	(45, 0.7375754889467561)	(50, 0.7375754889467561)	(55, 0.7375754889467561)	(60, 0.7375754889467561)	(65, 0.7375754889467561)	(70, 0.7379910244334866)	(75, 0.7396531663804089)	(80, 0.7410382846695108)	(85, 0.741176796498421)	(90, 0.7428389384453432)	(95, 2.212310931353538)	(100, 3.537315086708405)	(105, 3.6740262618427613)	(110, 3.7677987700149593)	(115, 4.12765250152363)	(120, 4.162418970580087)	(125, 4.1636655770402795)	(130, 4.166020278131752)	(135, 4.169067538367777)	(140, 4.169206050196687)	(145, 4.169206050196687)	(150, 4.169344562025597)	(155, 4.169898609341238)	(160, 4.169898609341238)	(165, 4.169898609341238)	(170, 4.169898609341238)	(175, 4.169898609341238)	(180, 4.169898609341238)	(185, 4.169898609341238)	(190, 4.169898609341238)	(195, 4.170314144827969)	(200, 4.170591168485789)	(205, 4.170591168485789)	(210, 4.170591168485789)	(215, 4.170591168485789)	(220, 4.170591168485789)	(225, 4.170591168485789)	(230, 4.170591168485789)	(235, 4.170591168485789)	(240, 4.170591168485789)	(245, 4.170591168485789)	(250, 4.170591168485789)	(255, 4.170591168485789)	(260, 4.170591168485789)	(265, 4.171006703972519)	(270, 4.17128372763034)	(275, 4.17128372763034)	(280, 4.17128372763034)	(285, 4.17128372763034)	(290, 4.17128372763034)
2Z_1 - nextera_transposase_sequence	(1, 0.0)	(2, 0.0)	(3, 0.0)	(4, 0.0)	(5, 0.0)	(6, 0.0)	(7, 0.0)	(8, 0.0)	(9, 0.0)	(10, 0.0)	(15, 0.07889408031417375)	(20, 0.43461872244185945)	(25, 0.49054585937568485)	(30, 0.49405226294520366)	(35, 0.5582194482673983)	(40, 0.6083610193115176)	(45, 0.6101142210962771)	(50, 0.6101142210962771)	(55, 0.6101142210962771)	(60, 0.6101142210962771)	(65, 0.6101142210962771)	(70, 0.6101142210962771)	(75, 0.6101142210962771)	(80, 0.6101142210962771)	(85, 0.6101142210962771)	(90, 0.6101142210962771)	(95, 0.6101142210962771)	(100, 0.6101142210962771)	(105, 0.6101142210962771)	(110, 0.6101142210962771)	(115, 0.6101142210962771)	(120, 0.6101142210962771)	(125, 0.6101142210962771)	(130, 0.6101142210962771)	(135, 0.6101142210962771)	(140, 0.6101142210962771)	(145, 0.6101142210962771)	(150, 0.6101142210962771)	(155, 0.6101142210962771)	(160, 0.6101142210962771)	(165, 0.6101142210962771)	(170, 0.6101142210962771)	(175, 0.6101142210962771)	(180, 0.6101142210962771)	(185, 0.6109908219886568)	(190, 0.6118674228810365)	(195, 0.6118674228810365)	(200, 0.6118674228810365)	(205, 0.6127440237734162)	(210, 0.6127440237734162)	(215, 0.6127440237734162)	(220, 0.6127440237734162)	(225, 0.6127440237734162)	(230, 0.6127440237734162)	(235, 0.6127440237734162)	(240, 0.6127440237734162)	(245, 0.6127440237734162)	(250, 0.6127440237734162)	(255, 0.6127440237734162)	(260, 0.6143219053796998)	(265, 0.6144972255581757)	(270, 0.6144972255581757)	(275, 0.6144972255581757)	(280, 0.6144972255581757)	(285, 0.6144972255581757)	(290, 0.6144972255581757)
2Z_1 - polyg	(1, 0.0)	(2, 0.0)	(3, 0.0)	(4, 0.0)	(5, 0.0)	(6, 0.0)	(7, 0.0)	(8, 0.0)	(9, 0.0)	(10, 0.0)	(15, 0.0)	(20, 0.0)	(25, 0.0)	(30, 0.0)	(35, 0.0)	(40, 0.0)	(45, 0.0)	(50, 0.0)	(55, 0.0)	(60, 0.0057855658897060765)	(65, 0.007012807139037668)	(70, 0.007012807139037668)	(75, 0.008415368566845199)	(80, 0.010869851065508385)	(85, 0.014200934456551278)	(90, 0.18250830579345528)	(95, 0.49983782883490974)	(100, 0.5427912725615156)	(105, 0.5487521586296975)	(110, 0.6357109671537645)	(115, 0.6691971212426694)	(120, 0.670599682670477)	(125, 0.670599682670477)	(130, 0.670599682670477)	(135, 0.670599682670477)	(140, 0.670599682670477)	(145, 0.670599682670477)	(150, 0.670599682670477)	(155, 0.670599682670477)	(160, 0.670599682670477)	(165, 0.670599682670477)	(170, 0.670599682670477)	(175, 0.670599682670477)	(180, 0.670599682670477)	(185, 0.670599682670477)	(190, 0.670599682670477)	(195, 0.670599682670477)	(200, 0.670599682670477)	(205, 0.670599682670477)	(210, 0.670599682670477)	(215, 0.670599682670477)	(220, 0.670599682670477)	(225, 0.670599682670477)	(230, 0.670599682670477)	(235, 0.670599682670477)	(240, 0.670599682670477)	(245, 0.670599682670477)	(250, 0.670599682670477)	(255, 0.670599682670477)	(260, 0.6718269239198085)	(265, 0.6723528844552363)	(270, 0.6723528844552363)	(275, 0.6725282046337122)	(280, 0.6732294853476161)	(285, 0.6732294853476161)	(290, 0.6732294853476161)
2Z_2 - nextera_transposase_sequence	(1, 0.0)	(2, 0.0)	(3, 0.0)	(4, 0.0)	(5, 0.0)	(6, 0.0)	(7, 0.0)	(8, 0.0)	(9, 0.0)	(10, 0.0)	(15, 0.08222516370521665)	(20, 0.45162477975402576)	(25, 0.5091297982941347)	(30, 0.5133374825775572)	(35, 0.5815370320046986)	(40, 0.6329058442981494)	(45, 0.6346590460829089)	(50, 0.6346590460829089)	(55, 0.6346590460829089)	(60, 0.6346590460829089)	(65, 0.6346590460829089)	(70, 0.6346590460829089)	(75, 0.6346590460829089)	(80, 0.6346590460829089)	(85, 0.6346590460829089)	(90, 0.6346590460829089)	(95, 0.6346590460829089)	(100, 0.6346590460829089)	(105, 0.6346590460829089)	(110, 0.6346590460829089)	(115, 0.6346590460829089)	(120, 0.6346590460829089)	(125, 0.6346590460829089)	(130, 0.6346590460829089)	(135, 0.6346590460829089)	(140, 0.6346590460829089)	(145, 0.6346590460829089)	(150, 0.6346590460829089)	(155, 0.6346590460829089)	(160, 0.6346590460829089)	(165, 0.6346590460829089)	(170, 0.6346590460829089)	(175, 0.6346590460829089)	(180, 0.6346590460829089)	(185, 0.6355356469752886)	(190, 0.6364122478676684)	(195, 0.6364122478676684)	(200, 0.6364122478676684)	(205, 0.637288848760048)	(210, 0.637288848760048)	(215, 0.637288848760048)	(220, 0.637288848760048)	(225, 0.637288848760048)	(230, 0.637288848760048)	(235, 0.637288848760048)	(240, 0.637288848760048)	(245, 0.637288848760048)	(250, 0.637288848760048)	(255, 0.637288848760048)	(260, 0.6388667303663315)	(265, 0.6390420505448074)	(270, 0.6390420505448074)	(275, 0.6390420505448074)	(280, 0.6390420505448074)	(285, 0.6390420505448074)	(290, 0.6390420505448074)
2Z_2 - polyg	(1, 0.8055962200969521)	(2, 0.8073494218817114)	(3, 0.8091026236664709)	(4, 0.8099792245588506)	(5, 0.8108558254512304)	(6, 0.8108558254512304)	(7, 0.8108558254512304)	(8, 0.8108558254512304)	(9, 0.8108558254512304)	(10, 0.8112064658081822)	(15, 0.8120830667005619)	(20, 0.8126090272359898)	(25, 0.8136609483068454)	(30, 0.8262840011571132)	(35, 0.8266346415140651)	(40, 0.8266346415140651)	(45, 0.8266346415140651)	(50, 0.8266346415140651)	(55, 0.8266346415140651)	(60, 0.8266346415140651)	(65, 0.8266346415140651)	(70, 0.8271606020494928)	(75, 0.8282125231203488)	(80, 0.8283878432988245)	(85, 0.8283878432988245)	(90, 0.8289138038342523)	(95, 1.085407224944555)	(100, 1.3278750317767822)	(105, 1.353296457655794)	(110, 1.3727569974666234)	(115, 1.4586638849198348)	(120, 1.4793516659799963)	(125, 1.4797023063369479)	(130, 1.4797023063369479)	(135, 1.4797023063369479)	(140, 1.4798776265154239)	(145, 1.4805789072293276)	(150, 1.4805789072293276)	(155, 1.4805789072293276)	(160, 1.4805789072293276)	(165, 1.4805789072293276)	(170, 1.4805789072293276)	(175, 1.4805789072293276)	(180, 1.4805789072293276)	(185, 1.4814555081217073)	(190, 1.4814555081217073)	(195, 1.4814555081217073)	(200, 1.4814555081217073)	(205, 1.4814555081217073)	(210, 1.4814555081217073)	(215, 1.4814555081217073)	(220, 1.4814555081217073)	(225, 1.4814555081217073)	(230, 1.4814555081217073)	(235, 1.4814555081217073)	(240, 1.4814555081217073)	(245, 1.4814555081217073)	(250, 1.4814555081217073)	(255, 1.4814555081217073)	(260, 1.4816308283001833)	(265, 1.4828580695495146)	(270, 1.4832087099064666)	(275, 1.4832087099064666)	(280, 1.4835593502634186)	(285, 1.4840853107988463)	(290, 1.4840853107988463)
3D_1 - nextera_transposase_sequence	(1, 0.0)	(2, 0.0)	(3, 0.0)	(4, 0.0)	(5, 0.0)	(6, 0.0)	(7, 0.0)	(8, 0.0)	(9, 0.0)	(10, 0.0005686381826323683)	(15, 0.19959200210396127)	(20, 1.0902215556519081)	(25, 1.225557443118412)	(30, 1.239773397684221)	(35, 1.6655412369302067)	(40, 1.8136714835059387)	(45, 1.816941153056075)	(50, 1.8189313866952879)	(55, 1.8189313866952879)	(60, 1.8189313866952879)	(65, 1.8189313866952879)	(70, 1.8189313866952879)	(75, 1.8189313866952879)	(80, 1.8189313866952879)	(85, 1.8189313866952879)	(90, 1.8189313866952879)	(95, 1.8189313866952879)	(100, 1.8189313866952879)	(105, 1.8189313866952879)	(110, 1.8189313866952879)	(115, 1.8189313866952879)	(120, 1.8189313866952879)	(125, 1.8189313866952879)	(130, 1.8189313866952879)	(135, 1.8189313866952879)	(140, 1.8189313866952879)	(145, 1.8189313866952879)	(150, 1.8189313866952879)	(155, 1.8189313866952879)	(160, 1.8189313866952879)	(165, 1.8189313866952879)	(170, 1.8189313866952879)	(175, 1.8189313866952879)	(180, 1.8189313866952879)	(185, 1.8189313866952879)	(190, 1.8189313866952879)	(195, 1.8189313866952879)	(200, 1.8189313866952879)	(205, 1.8196421844235786)	(210, 1.8196421844235786)	(215, 1.8196421844235786)	(220, 1.8196421844235786)	(225, 1.8196421844235786)	(230, 1.8196421844235786)	(235, 1.8196421844235786)	(240, 1.8196421844235786)	(245, 1.8196421844235786)	(250, 1.8196421844235786)	(255, 1.8196421844235786)	(260, 1.8200686630605527)	(265, 1.8203529821518694)	(270, 1.8203529821518694)	(275, 1.8203529821518694)	(280, 1.8203529821518694)	(285, 1.8203529821518694)	(290, 1.8203529821518691)
3D_1 - polyg	(1, 0.0)	(2, 0.0)	(3, 0.0)	(4, 0.0)	(5, 0.0)	(6, 0.0)	(7, 0.0)	(8, 0.0)	(9, 0.0)	(10, 0.0)	(15, 0.0)	(20, 0.0)	(25, 0.0)	(30, 0.0)	(35, 0.0)	(40, 0.0)	(45, 0.0)	(50, 0.0)	(55, 0.0)	(60, 0.00824525364816934)	(65, 0.009951168196066446)	(70, 0.009951168196066446)	(75, 0.01037764683304072)	(80, 0.010946285015673091)	(85, 0.015211071385415853)	(90, 0.40202719512108437)	(95, 1.184189015331907)	(100, 1.3087207773283958)	(105, 1.335446771912117)	(110, 1.8678342704016717)	(115, 1.937634607319795)	(120, 1.9411885959612474)	(125, 1.9426101914178282)	(130, 1.943320989146119)	(135, 1.943320989146119)	(140, 1.943320989146119)	(145, 1.943320989146119)	(150, 1.943320989146119)	(155, 1.943320989146119)	(160, 1.943747467783093)	(165, 1.9440317868744093)	(170, 1.9440317868744093)	(175, 1.9440317868744093)	(180, 1.9440317868744093)	(185, 1.9440317868744093)	(190, 1.9440317868744093)	(195, 1.9440317868744093)	(200, 1.9440317868744093)	(205, 1.9440317868744093)	(210, 1.9440317868744093)	(215, 1.9440317868744093)	(220, 1.9440317868744093)	(225, 1.9440317868744093)	(230, 1.9440317868744093)	(235, 1.9440317868744093)	(240, 1.9440317868744093)	(245, 1.9440317868744093)	(250, 1.9440317868744093)	(255, 1.9440317868744093)	(260, 1.9440317868744093)	(265, 1.9440317868744093)	(270, 1.9440317868744093)	(275, 1.9440317868744093)	(280, 1.9447425846026996)	(285, 1.9447425846026996)	(290, 1.9447425846026996)
3D_2 - nextera_transposase_sequence	(1, 0.0)	(2, 0.0)	(3, 0.0)	(4, 0.0)	(5, 0.0)	(6, 0.0)	(7, 0.0)	(8, 0.0)	(9, 0.0)	(10, 0.0005686381826323683)	(15, 0.20030279983225174)	(20, 1.0966187352065222)	(25, 1.2370723663167174)	(30, 1.2515726399738425)	(35, 1.6874338069615529)	(40, 1.8392602017243953)	(45, 1.841961233091899)	(50, 1.8438093071854542)	(55, 1.8442357858224283)	(60, 1.844520104913745)	(65, 1.844520104913745)	(70, 1.844520104913745)	(75, 1.844520104913745)	(80, 1.844520104913745)	(85, 1.844520104913745)	(90, 1.844520104913745)	(95, 1.844520104913745)	(100, 1.844520104913745)	(105, 1.844520104913745)	(110, 1.844520104913745)	(115, 1.844520104913745)	(120, 1.844520104913745)	(125, 1.844520104913745)	(130, 1.844520104913745)	(135, 1.844520104913745)	(140, 1.844520104913745)	(145, 1.844520104913745)	(150, 1.844520104913745)	(155, 1.844520104913745)	(160, 1.844520104913745)	(165, 1.844520104913745)	(170, 1.844520104913745)	(175, 1.844520104913745)	(180, 1.844520104913745)	(185, 1.844520104913745)	(190, 1.844520104913745)	(195, 1.844520104913745)	(200, 1.844520104913745)	(205, 1.8452309026420353)	(210, 1.8452309026420353)	(215, 1.8452309026420353)	(220, 1.8452309026420353)	(225, 1.8452309026420353)	(230, 1.8452309026420353)	(235, 1.8452309026420353)	(240, 1.8452309026420353)	(245, 1.8452309026420353)	(250, 1.8452309026420353)	(255, 1.8452309026420353)	(260, 1.8456573812790094)	(265, 1.8459417003703256)	(270, 1.8459417003703256)	(275, 1.8459417003703256)	(280, 1.8459417003703256)	(285, 1.8459417003703256)	(290, 1.8459417003703256)
3D_2 - polyg	(1, 0.8323441398281292)	(2, 0.8344765330130005)	(3, 0.8358981284695814)	(4, 0.8373197239261624)	(5, 0.8373197239261624)	(6, 0.8373197239261624)	(7, 0.8373197239261624)	(8, 0.8373197239261624)	(9, 0.8373197239261624)	(10, 0.8390256384740595)	(15, 0.8417266698415631)	(20, 0.8422953080241955)	(25, 0.8457071371199898)	(30, 0.8631927612359351)	(35, 0.8643300376011999)	(40, 0.8643300376011999)	(45, 0.867741866696994)	(50, 0.8678840262426523)	(55, 0.8678840262426523)	(60, 0.8678840262426523)	(65, 0.8678840262426523)	(70, 0.8678840262426523)	(75, 0.8698742598818654)	(80, 0.8731439294320016)	(85, 0.873712567614634)	(90, 0.8745655248885825)	(95, 1.505753907610511)	(100, 2.0930149907240896)	(105, 2.160967253548658)	(110, 2.2842195796342235)	(115, 2.748512655753552)	(120, 2.77623376715688)	(125, 2.7802142344353067)	(130, 2.7806407130722812)	(135, 2.7813515108005715)	(140, 2.7814936703462294)	(145, 2.782915265802811)	(150, 2.783483903985443)	(155, 2.783483903985443)	(160, 2.783483903985443)	(165, 2.783483903985443)	(170, 2.783483903985443)	(175, 2.783483903985443)	(180, 2.783768223076759)	(185, 2.784194701713733)	(190, 2.784194701713733)	(195, 2.784763339896366)	(200, 2.784905499442024)	(205, 2.784905499442024)	(210, 2.784905499442024)	(215, 2.784905499442024)	(220, 2.784905499442024)	(225, 2.784905499442024)	(230, 2.784905499442024)	(235, 2.784905499442024)	(240, 2.784905499442024)	(245, 2.784905499442024)	(250, 2.784905499442024)	(255, 2.784905499442024)	(260, 2.784905499442024)	(265, 2.784905499442024)	(270, 2.784905499442024)	(275, 2.784905499442024)	(280, 2.78518981853334)	(285, 2.7856162971703142)	(290, 2.7856162971703142)
3Q_1 - nextera_transposase_sequence	(1, 0.0)	(2, 0.0)	(3, 0.0)	(4, 0.0)	(5, 0.0)	(6, 0.0)	(7, 0.0)	(8, 0.0)	(9, 0.0)	(10, 0.0007869430410626878)	(15, 0.31886932023860115)	(20, 1.7322190219871885)	(25, 1.9376111557045501)	(30, 1.9492579127122778)	(35, 2.205801344098714)	(40, 2.2989754001605363)	(45, 2.3005492862426618)	(50, 2.301808395108362)	(55, 2.301808395108362)	(60, 2.301808395108362)	(65, 2.301808395108362)	(70, 2.301808395108362)	(75, 2.301808395108362)	(80, 2.301808395108362)	(85, 2.301808395108362)	(90, 2.301808395108362)	(95, 2.301808395108362)	(100, 2.301808395108362)	(105, 2.301808395108362)	(110, 2.301808395108362)	(115, 2.301808395108362)	(120, 2.301808395108362)	(125, 2.301808395108362)	(130, 2.301808395108362)	(135, 2.301808395108362)	(140, 2.301808395108362)	(145, 2.301808395108362)	(150, 2.301808395108362)	(155, 2.301808395108362)	(160, 2.301808395108362)	(165, 2.301808395108362)	(170, 2.301808395108362)	(175, 2.301808395108362)	(180, 2.301808395108362)	(185, 2.302123172324787)	(190, 2.304956167272613)	(195, 2.304956167272613)	(200, 2.304956167272613)	(205, 2.304956167272613)	(210, 2.305585721705463)	(215, 2.3057431103136756)	(220, 2.305900498921888)	(225, 2.3065300533547384)	(230, 2.3065300533547384)	(235, 2.3065300533547384)	(240, 2.3065300533547384)	(245, 2.3065300533547384)	(250, 2.3065300533547384)	(255, 2.3065300533547384)	(260, 2.3077891622204385)	(265, 2.3081039394368634)	(270, 2.3081039394368634)	(275, 2.3081039394368634)	(280, 2.3081039394368634)	(285, 2.3081039394368634)	(290, 2.3081039394368634)
3Q_1 - polyg	(1, 0.0)	(2, 0.0)	(3, 0.0007869430410626879)	(4, 0.0007869430410626879)	(5, 0.0007869430410626879)	(6, 0.0007869430410626879)	(7, 0.0007869430410626879)	(8, 0.0007869430410626879)	(9, 0.0007869430410626879)	(10, 0.0007869430410626878)	(15, 0.0007869430410626878)	(20, 0.0007869430410626878)	(25, 0.0007869430410626878)	(30, 0.0007869430410626878)	(35, 0.0007869430410626878)	(40, 0.0007869430410626878)	(45, 0.0007869430410626878)	(50, 0.0007869430410626878)	(55, 0.0007869430410626878)	(60, 0.006138155720288965)	(65, 0.007082487369564192)	(70, 0.007082487369564192)	(75, 0.007554653194201804)	(80, 0.008026819018839415)	(85, 0.016683192470528983)	(90, 0.6556809418134316)	(95, 1.8872468010765382)	(100, 2.050773565009364)	(105, 2.0680863119127437)	(110, 2.383178305554244)	(115, 2.4244141209059284)	(120, 2.425830618379842)	(125, 2.4269323386373296)	(130, 2.4269323386373296)	(135, 2.4269323386373296)	(140, 2.4269323386373296)	(145, 2.4274045044619674)	(150, 2.427719281678392)	(155, 2.427719281678392)	(160, 2.427719281678392)	(165, 2.427719281678392)	(170, 2.427719281678392)	(175, 2.427719281678392)	(180, 2.427719281678392)	(185, 2.427719281678392)	(190, 2.427719281678392)	(195, 2.427719281678392)	(200, 2.427719281678392)	(205, 2.427719281678392)	(210, 2.427719281678392)	(215, 2.427719281678392)	(220, 2.427719281678392)	(225, 2.427719281678392)	(230, 2.427719281678392)	(235, 2.427719281678392)	(240, 2.427719281678392)	(245, 2.427719281678392)	(250, 2.427719281678392)	(255, 2.427719281678392)	(260, 2.4288210019358796)	(265, 2.4316539968837056)	(270, 2.4316539968837056)	(275, 2.4316539968837056)	(280, 2.4316539968837056)	(285, 2.4324409399247684)	(290, 2.4324409399247684)
3Q_2 - nextera_transposase_sequence	(1, 0.0)	(2, 0.0)	(3, 0.0)	(4, 0.0)	(5, 0.0)	(6, 0.0)	(7, 0.0)	(8, 0.0)	(9, 0.0)	(10, 0.001416497473912838)	(15, 0.3204432063207265)	(20, 1.7405606182224531)	(25, 1.950989187402616)	(30, 1.9634228874514061)	(35, 2.21052300234509)	(40, 2.3044840014479755)	(45, 2.3060578875301005)	(50, 2.3073169963958007)	(55, 2.3073169963958007)	(60, 2.3073169963958007)	(65, 2.3073169963958007)	(70, 2.3079465508286505)	(75, 2.3081039394368634)	(80, 2.3081039394368634)	(85, 2.3081039394368634)	(90, 2.3081039394368634)	(95, 2.3081039394368634)	(100, 2.3081039394368634)	(105, 2.3081039394368634)	(110, 2.3081039394368634)	(115, 2.3081039394368634)	(120, 2.3081039394368634)	(125, 2.3081039394368634)	(130, 2.3081039394368634)	(135, 2.3081039394368634)	(140, 2.3081039394368634)	(145, 2.3081039394368634)	(150, 2.3081039394368634)	(155, 2.3081039394368634)	(160, 2.3081039394368634)	(165, 2.3081039394368634)	(170, 2.3081039394368634)	(175, 2.3081039394368634)	(180, 2.3081039394368634)	(185, 2.3084187166532883)	(190, 2.3117238774257522)	(195, 2.312038654642177)	(200, 2.312038654642177)	(205, 2.312038654642177)	(210, 2.312668209075027)	(215, 2.3128255976832395)	(220, 2.312982986291452)	(225, 2.3136125407243022)	(230, 2.3136125407243022)	(235, 2.3136125407243022)	(240, 2.3136125407243022)	(245, 2.3136125407243022)	(250, 2.3136125407243022)	(255, 2.3136125407243022)	(260, 2.3148716495900024)	(265, 2.3151864268064277)	(270, 2.315501204022853)	(275, 2.3159733698474905)	(280, 2.3159733698474905)	(285, 2.3159733698474905)	(290, 2.3159733698474905)
3Q_2 - polyg	(1, 0.8215685348694461)	(2, 0.8223554779105089)	(3, 0.8270771361568849)	(4, 0.8270771361568849)	(5, 0.8270771361568849)	(6, 0.8270771361568849)	(7, 0.8270771361568849)	(8, 0.8270771361568849)	(9, 0.8270771361568849)	(10, 0.8273919133733101)	(15, 0.8284936336307979)	(20, 0.8291231880636479)	(25, 0.8368352298660623)	(30, 0.8541479767694413)	(35, 0.854620142594079)	(40, 0.854620142594079)	(45, 0.8561940286762045)	(50, 0.8561940286762045)	(55, 0.8561940286762045)	(60, 0.8561940286762045)	(65, 0.8561940286762045)	(70, 0.8561940286762045)	(75, 0.8585548577993924)	(80, 0.8609156869225807)	(85, 0.8612304641390057)	(90, 0.8634339046539813)	(95, 1.8598611832475567)	(100, 2.7893983033508034)	(105, 2.8825723594126256)	(110, 2.9563876166643057)	(115, 3.230086406345909)	(120, 3.2507043140217506)	(125, 3.2527503659285144)	(130, 3.253222531753152)	(135, 3.253222531753152)	(140, 3.253222531753152)	(145, 3.253379920361364)	(150, 3.254009474794215)	(155, 3.254009474794215)	(160, 3.254009474794215)	(165, 3.254009474794215)	(170, 3.254009474794215)	(175, 3.254009474794215)	(180, 3.254009474794215)	(185, 3.254009474794215)	(190, 3.254009474794215)	(195, 3.254009474794215)	(200, 3.254009474794215)	(205, 3.254009474794215)	(210, 3.254009474794215)	(215, 3.254009474794215)	(220, 3.254009474794215)	(225, 3.254009474794215)	(230, 3.254009474794215)	(235, 3.254009474794215)	(240, 3.254009474794215)	(245, 3.254009474794215)	(250, 3.254009474794215)	(255, 3.254009474794215)	(260, 3.254009474794215)	(265, 3.25558336087634)	(270, 3.2579441899995283)	(275, 3.2579441899995283)	(280, 3.2579441899995283)	(285, 3.2581015786077403)	(290, 3.2587311330405906)
3Z_1 - nextera_transposase_sequence	(1, 0.0)	(2, 0.0)	(3, 0.0)	(4, 0.0)	(5, 0.0)	(6, 0.0)	(7, 0.0)	(8, 0.0)	(9, 0.0)	(10, 0.0)	(15, 0.049268199961984414)	(20, 0.2702147880631059)	(25, 0.30762212507127923)	(30, 0.3083824367990876)	(35, 0.364797567002471)	(40, 0.40372552746626117)	(45, 0.40372552746626117)	(50, 0.4040296521573845)	(55, 0.40448583919406955)	(60, 0.40448583919406955)	(65, 0.40448583919406955)	(70, 0.40448583919406955)	(75, 0.40448583919406955)	(80, 0.40448583919406955)	(85, 0.40448583919406955)	(90, 0.40448583919406955)	(95, 0.40448583919406955)	(100, 0.40448583919406955)	(105, 0.40448583919406955)	(110, 0.40448583919406955)	(115, 0.40448583919406955)	(120, 0.40448583919406955)	(125, 0.40448583919406955)	(130, 0.4050940885763163)	(135, 0.405246150921878)	(140, 0.405246150921878)	(145, 0.405246150921878)	(150, 0.405246150921878)	(155, 0.405246150921878)	(160, 0.405246150921878)	(165, 0.405246150921878)	(170, 0.405246150921878)	(175, 0.405246150921878)	(180, 0.405246150921878)	(185, 0.40555027561300133)	(190, 0.40676677437749476)	(195, 0.40676677437749476)	(200, 0.40676677437749476)	(205, 0.4075270861053032)	(210, 0.40767914845086484)	(215, 0.40904770956091996)	(220, 0.40904770956091996)	(225, 0.40904770956091996)	(230, 0.40904770956091996)	(235, 0.40904770956091996)	(240, 0.40904770956091996)	(245, 0.40904770956091996)	(250, 0.40904770956091996)	(255, 0.40904770956091996)	(260, 0.40904770956091996)	(265, 0.40904770956091996)	(270, 0.40904770956091996)	(275, 0.40904770956091996)	(280, 0.40904770956091996)	(285, 0.40904770956091996)	(290, 0.40904770956091996)
3Z_1 - polyg	(1, 0.0)	(2, 0.0)	(3, 0.0)	(4, 0.0)	(5, 0.0)	(6, 0.0)	(7, 0.0)	(8, 0.0)	(9, 0.0)	(10, 0.0)	(15, 0.0)	(20, 0.0)	(25, 0.0)	(30, 0.0)	(35, 0.0)	(40, 0.0)	(45, 0.0)	(50, 0.0)	(55, 0.0)	(60, 0.0024329975289868844)	(65, 0.0038015586390420077)	(70, 0.0038015586390420077)	(75, 0.004257745675727048)	(80, 0.006386618513590572)	(85, 0.011252613571564343)	(90, 0.11024520053221823)	(95, 0.3064056263067858)	(100, 0.33651397072799843)	(105, 0.3384907812203003)	(110, 0.4151302033833872)	(115, 0.43946017867325604)	(120, 0.43946017867325604)	(125, 0.4400684280555027)	(130, 0.4402204904010644)	(135, 0.44082873978331116)	(140, 0.4409808021288729)	(145, 0.4409808021288729)	(150, 0.4409808021288729)	(155, 0.4409808021288729)	(160, 0.4409808021288729)	(165, 0.4409808021288729)	(170, 0.4409808021288729)	(175, 0.4409808021288729)	(180, 0.4409808021288729)	(185, 0.4409808021288729)	(190, 0.4409808021288729)	(195, 0.4409808021288729)	(200, 0.4409808021288729)	(205, 0.44174111385668124)	(210, 0.44174111385668124)	(215, 0.44174111385668124)	(220, 0.4421973008933663)	(225, 0.4425014255844896)	(230, 0.4425014255844896)	(235, 0.4425014255844896)	(240, 0.4425014255844896)	(245, 0.4425014255844896)	(250, 0.4425014255844896)	(255, 0.4425014255844896)	(260, 0.44310967496673637)	(265, 0.44402204904010645)	(270, 0.44402204904010645)	(275, 0.4441741113856681)	(280, 0.44478236076791483)	(285, 0.4450864854590382)	(290, 0.44630298422353165)
3Z_2 - nextera_transposase_sequence	(1, 0.0)	(2, 0.0)	(3, 0.0)	(4, 0.0)	(5, 0.0)	(6, 0.0)	(7, 0.0)	(8, 0.0)	(9, 0.0)	(10, 0.0)	(15, 0.050180574035354496)	(20, 0.2758410948488881)	(25, 0.3137046188937464)	(30, 0.3146169929671165)	(35, 0.3713362478616233)	(40, 0.4120889564721536)	(45, 0.4120889564721536)	(50, 0.41239308116327694)	(55, 0.412849268199962)	(60, 0.413305455236647)	(65, 0.41360957992777037)	(70, 0.41360957992777037)	(75, 0.41360957992777037)	(80, 0.41360957992777037)	(85, 0.41360957992777037)	(90, 0.41360957992777037)	(95, 0.41360957992777037)	(100, 0.41360957992777037)	(105, 0.41360957992777037)	(110, 0.41360957992777037)	(115, 0.41360957992777037)	(120, 0.41360957992777037)	(125, 0.41360957992777037)	(130, 0.4142178293100171)	(135, 0.4143698916555788)	(140, 0.4143698916555788)	(145, 0.4143698916555788)	(150, 0.4143698916555788)	(155, 0.4143698916555788)	(160, 0.4143698916555788)	(165, 0.4143698916555788)	(170, 0.4143698916555788)	(175, 0.4143698916555788)	(180, 0.4143698916555788)	(185, 0.41467401634670215)	(190, 0.41589051511119557)	(195, 0.41589051511119557)	(200, 0.41589051511119557)	(205, 0.416650826839004)	(210, 0.41680288918456565)	(215, 0.4181714502946208)	(220, 0.4181714502946208)	(225, 0.4181714502946208)	(230, 0.4181714502946208)	(235, 0.4181714502946208)	(240, 0.4181714502946208)	(245, 0.4181714502946208)	(250, 0.4181714502946208)	(255, 0.4181714502946208)	(260, 0.4181714502946208)	(265, 0.4181714502946208)	(270, 0.4181714502946208)	(275, 0.4181714502946208)	(280, 0.4181714502946208)	(285, 0.4181714502946208)	(290, 0.4181714502946208)
3Z_2 - polyg	(1, 0.9998099220680479)	(2, 1.007413039346132)	(3, 1.0142558448964076)	(4, 1.0157764683520243)	(5, 1.0157764683520243)	(6, 1.0165367800798328)	(7, 1.0165367800798328)	(8, 1.0165367800798328)	(9, 1.0165367800798328)	(10, 1.0172970918076412)	(15, 1.0198821516821899)	(20, 1.0210986504466832)	(25, 1.023227523284547)	(30, 1.0499904961034026)	(35, 1.0527276183235128)	(40, 1.053031743014636)	(45, 1.0536399923968827)	(50, 1.0537920547424444)	(55, 1.0537920547424444)	(60, 1.0537920547424444)	(65, 1.053944117088006)	(70, 1.054856491161376)	(75, 1.0598745485649117)	(80, 1.0627637331305835)	(85, 1.0641322942406386)	(90, 1.0659570423873788)	(95, 1.2215168218969776)	(100, 1.372210606348603)	(105, 1.3868085915225243)	(110, 1.4023189507698157)	(115, 1.4737882531838051)	(120, 1.48869036304885)	(125, 1.48869036304885)	(130, 1.4892986124310967)	(135, 1.4894506747766585)	(140, 1.4902109865044668)	(145, 1.4902109865044668)	(150, 1.4902109865044668)	(155, 1.4902109865044668)	(160, 1.4902109865044668)	(165, 1.4902109865044668)	(170, 1.4902109865044668)	(175, 1.4902109865044668)	(180, 1.4902109865044668)	(185, 1.4902109865044668)	(190, 1.4902109865044668)	(195, 1.4902109865044668)	(200, 1.4902109865044668)	(205, 1.4903630488500286)	(210, 1.4909712982322751)	(215, 1.4909712982322751)	(220, 1.4909712982322751)	(225, 1.4909712982322751)	(230, 1.4909712982322751)	(235, 1.4909712982322751)	(240, 1.4909712982322751)	(245, 1.4909712982322751)	(250, 1.4909712982322751)	(255, 1.4909712982322751)	(260, 1.4909712982322751)	(265, 1.491883672305645)	(270, 1.492491921687892)	(275, 1.492491921687892)	(280, 1.4927960463790153)	(285, 1.4932522334157003)	(290, 1.4932522334157003)
4D_1 - nextera_transposase_sequence	(1, 0.0)	(2, 0.0)	(3, 0.0)	(4, 0.0)	(5, 0.0)	(6, 0.0)	(7, 0.0)	(8, 0.0)	(9, 0.0)	(10, 0.0005555208355033366)	(15, 0.5866300022915234)	(20, 3.164524439444757)	(25, 3.5763042587616054)	(30, 3.6244956912415196)	(35, 4.171128193376803)	(40, 4.367088168100605)	(45, 4.368754730607114)	(50, 4.371393454575756)	(55, 4.372643376455638)	(60, 4.373198897291142)	(65, 4.3733377775000175)	(70, 4.3733377775000175)	(75, 4.3733377775000175)	(80, 4.3733377775000175)	(85, 4.3733377775000175)	(90, 4.3733377775000175)	(95, 4.3733377775000175)	(100, 4.3733377775000175)	(105, 4.3733377775000175)	(110, 4.3733377775000175)	(115, 4.3733377775000175)	(120, 4.3733377775000175)	(125, 4.3733377775000175)	(130, 4.3733377775000175)	(135, 4.3733377775000175)	(140, 4.3733377775000175)	(145, 4.3733377775000175)	(150, 4.3733377775000175)	(155, 4.3733377775000175)	(160, 4.3733377775000175)	(165, 4.3733377775000175)	(170, 4.3733377775000175)	(175, 4.3733377775000175)	(180, 4.3733377775000175)	(185, 4.374309938962147)	(190, 4.377504183766292)	(195, 4.377504183766292)	(200, 4.377504183766292)	(205, 4.378059704601796)	(210, 4.378198584810671)	(215, 4.378198584810671)	(220, 4.378198584810671)	(225, 4.378198584810671)	(230, 4.378198584810671)	(235, 4.378198584810671)	(240, 4.378198584810671)	(245, 4.378198584810671)	(250, 4.378198584810671)	(255, 4.378198584810671)	(260, 4.378198584810671)	(265, 4.378198584810671)	(270, 4.378198584810671)	(275, 4.378476345228423)	(280, 4.3788929858550505)	(285, 4.37958738689943)	(290, 4.37958738689943)
4D_1 - polyg	(1, 0.0)	(2, 0.0)	(3, 0.0)	(4, 0.0)	(5, 0.0)	(6, 0.0)	(7, 0.0)	(8, 0.0)	(9, 0.0)	(10, 0.0)	(15, 0.0)	(20, 0.0)	(25, 0.0)	(30, 0.0)	(35, 0.0)	(40, 0.0)	(45, 0.0)	(50, 0.0)	(55, 0.0)	(60, 0.02222083342013347)	(65, 0.031942448041441855)	(70, 0.031942448041441855)	(75, 0.035136692845586036)	(80, 0.047080390808907774)	(85, 0.06888458360241374)	(90, 0.9593844829142624)	(95, 3.409509127901728)	(100, 3.838926733745808)	(105, 3.8935066558340106)	(110, 4.504857335305433)	(115, 4.662208611961752)	(120, 4.665958377601401)	(125, 4.669013742196668)	(130, 4.669847023449924)	(135, 4.670541424494303)	(140, 4.6708191849120535)	(145, 4.671513585956434)	(150, 4.6719302265830605)	(155, 4.6719302265830605)	(160, 4.6719302265830605)	(165, 4.6719302265830605)	(170, 4.6719302265830605)	(175, 4.6719302265830605)	(180, 4.6719302265830605)	(185, 4.6719302265830605)	(190, 4.6719302265830605)	(195, 4.6719302265830605)	(200, 4.6719302265830605)	(205, 4.6719302265830605)	(210, 4.6719302265830605)	(215, 4.6719302265830605)	(220, 4.6719302265830605)	(225, 4.6719302265830605)	(230, 4.6719302265830605)	(235, 4.6719302265830605)	(240, 4.6719302265830605)	(245, 4.6719302265830605)	(250, 4.6719302265830605)	(255, 4.6719302265830605)	(260, 4.673180148462943)	(265, 4.676096632849336)	(270, 4.676096632849336)	(275, 4.676096632849336)	(280, 4.676652153684839)	(285, 4.676791033893715)	(290, 4.676791033893715)
4D_2 - nextera_transposase_sequence	(1, 0.0)	(2, 0.0)	(3, 0.0)	(4, 0.0)	(5, 0.0)	(6, 0.0)	(7, 0.0)	(8, 0.0)	(9, 0.0)	(10, 0.0)	(15, 0.5856578408293927)	(20, 3.1727183717684313)	(25, 3.590747800484692)	(30, 3.639633634008985)	(35, 4.196404391392204)	(40, 4.397641814053288)	(45, 4.400002777604177)	(50, 4.403058142199446)	(55, 4.403197022408322)	(60, 4.403752543243826)	(65, 4.404030303661576)	(70, 4.404724704705957)	(75, 4.40528022554146)	(80, 4.40528022554146)	(85, 4.40528022554146)	(90, 4.40528022554146)	(95, 4.40528022554146)	(100, 4.40528022554146)	(105, 4.40528022554146)	(110, 4.40528022554146)	(115, 4.40528022554146)	(120, 4.40528022554146)	(125, 4.40528022554146)	(130, 4.40528022554146)	(135, 4.40528022554146)	(140, 4.40528022554146)	(145, 4.40528022554146)	(150, 4.40528022554146)	(155, 4.40528022554146)	(160, 4.40528022554146)	(165, 4.40528022554146)	(170, 4.40528022554146)	(175, 4.40528022554146)	(180, 4.40528022554146)	(185, 4.40625238700359)	(190, 4.409446631807734)	(195, 4.409446631807734)	(200, 4.409446631807734)	(205, 4.410002152643238)	(210, 4.410141032852113)	(215, 4.410141032852113)	(220, 4.410141032852113)	(225, 4.410141032852113)	(230, 4.410141032852113)	(235, 4.410141032852113)	(240, 4.410141032852113)	(245, 4.410141032852113)	(250, 4.410141032852113)	(255, 4.410141032852113)	(260, 4.410141032852113)	(265, 4.410141032852113)	(270, 4.410141032852113)	(275, 4.410418793269865)	(280, 4.410835433896493)	(285, 4.411529834940872)	(290, 4.411529834940872)
4D_2 - polyg	(1, 0.9284141963349513)	(2, 0.9332750036456054)	(3, 0.9374414099118805)	(4, 0.9388302120006389)	(5, 0.9388302120006389)	(6, 0.9388302120006389)	(7, 0.939524613045018)	(8, 0.939524613045018)	(9, 0.939524613045018)	(10, 0.9395246130450181)	(15, 0.9398023734627697)	(20, 0.940357894298273)	(25, 0.9418855765959071)	(30, 0.9581345610343798)	(35, 0.9603566443763931)	(40, 0.9603566443763931)	(45, 0.9609121652118965)	(50, 0.9610510454207724)	(55, 0.9610510454207724)	(60, 0.9610510454207724)	(65, 0.9610510454207724)	(70, 0.9611899256296482)	(75, 0.9629953683450341)	(80, 0.9631342485539098)	(85, 0.9631342485539098)	(90, 0.9649396912692957)	(95, 2.8060746203362292)	(100, 4.484303064391809)	(105, 4.723315903867119)	(110, 4.881778222194447)	(115, 5.473269031796623)	(120, 5.511044448610851)	(125, 5.513822052788367)	(130, 5.516460776757008)	(135, 5.517294058010263)	(140, 5.518543979890145)	(145, 5.52007166218778)	(150, 5.520904943441035)	(155, 5.521182703858787)	(160, 5.521182703858787)	(165, 5.521182703858787)	(170, 5.521182703858787)	(175, 5.521182703858787)	(180, 5.521182703858787)	(185, 5.521182703858787)	(190, 5.521599344485415)	(195, 5.522710386156421)	(200, 5.5232659069919245)	(205, 5.5232659069919245)	(210, 5.5232659069919245)	(215, 5.5232659069919245)	(220, 5.5232659069919245)	(225, 5.5232659069919245)	(230, 5.5232659069919245)	(235, 5.5232659069919245)	(240, 5.5232659069919245)	(245, 5.5232659069919245)	(250, 5.5232659069919245)	(255, 5.5232659069919245)	(260, 5.5232659069919245)	(265, 5.525904630960565)	(270, 5.527432313258199)	(275, 5.527432313258199)	(280, 5.527571193467075)	(285, 5.528126714302578)	(290, 5.528126714302578)
4Q_1 - nextera_transposase_sequence	(1, 0.0)	(2, 0.0)	(3, 0.0)	(4, 0.0)	(5, 0.0)	(6, 0.0)	(7, 0.0)	(8, 0.0)	(9, 0.0)	(10, 0.0014262537662013514)	(15, 0.9279563566347543)	(20, 5.084594676507818)	(25, 5.923231891034212)	(30, 6.0168297944411755)	(35, 7.557183861938635)	(40, 8.159776078158707)	(45, 8.164233121178086)	(50, 8.166194220106613)	(55, 8.16815531903514)	(60, 8.16886844591824)	(65, 8.16886844591824)	(70, 8.16886844591824)	(75, 8.16886844591824)	(80, 8.16886844591824)	(85, 8.16886844591824)	(90, 8.16886844591824)	(95, 8.16886844591824)	(100, 8.16886844591824)	(105, 8.16886844591824)	(110, 8.16886844591824)	(115, 8.16886844591824)	(120, 8.16886844591824)	(125, 8.16886844591824)	(130, 8.16886844591824)	(135, 8.16886844591824)	(140, 8.16886844591824)	(145, 8.16886844591824)	(150, 8.16886844591824)	(155, 8.16886844591824)	(160, 8.16886844591824)	(165, 8.16886844591824)	(170, 8.16886844591824)	(175, 8.16886844591824)	(180, 8.16886844591824)	(185, 8.169403291080565)	(190, 8.170651263125992)	(195, 8.170651263125992)	(200, 8.170651263125992)	(205, 8.170651263125992)	(210, 8.170651263125992)	(215, 8.170651263125992)	(220, 8.170651263125992)	(225, 8.170651263125992)	(230, 8.171186108288316)	(235, 8.171542671729867)	(240, 8.171542671729867)	(245, 8.171542671729867)	(250, 8.171542671729867)	(255, 8.171542671729867)	(260, 8.171542671729867)	(265, 8.171542671729867)	(270, 8.171542671729867)	(275, 8.171542671729867)	(280, 8.172077516892193)	(285, 8.172434080333744)	(290, 8.172434080333744)
4Q_1 - polyg	(1, 0.0)	(2, 0.0)	(3, 0.0)	(4, 0.0)	(5, 0.0)	(6, 0.0)	(7, 0.0)	(8, 0.0)	(9, 0.0)	(10, 0.0)	(15, 0.0)	(20, 0.0)	(25, 0.0)	(30, 0.0)	(35, 0.0)	(40, 0.0)	(45, 0.0)	(50, 0.0)	(55, 0.0005348451623255068)	(60, 0.02513772262929882)	(65, 0.028525075324027028)	(70, 0.028881638765577367)	(75, 0.03369524522650692)	(80, 0.043500739869141214)	(85, 0.07273894207626892)	(90, 1.9721523952149185)	(95, 5.6189049936709985)	(100, 6.313847141252608)	(105, 6.427234315665615)	(110, 8.371218198998056)	(115, 8.618851509154767)	(120, 8.626695904868875)	(125, 8.6279438769143)	(130, 8.630261539284376)	(135, 8.630618102725927)	(140, 8.630618102725927)	(145, 8.630618102725927)	(150, 8.630618102725927)	(155, 8.630618102725927)	(160, 8.630618102725927)	(165, 8.630618102725927)	(170, 8.630618102725927)	(175, 8.630618102725927)	(180, 8.630618102725927)	(185, 8.630618102725927)	(190, 8.630618102725927)	(195, 8.630618102725927)	(200, 8.630618102725927)	(205, 8.630618102725927)	(210, 8.630618102725927)	(215, 8.630618102725927)	(220, 8.630618102725927)	(225, 8.630618102725927)	(230, 8.630618102725927)	(235, 8.630618102725927)	(240, 8.630618102725927)	(245, 8.630618102725927)	(250, 8.630618102725927)	(255, 8.630618102725927)	(260, 8.631509511329803)	(265, 8.63240091993368)	(270, 8.63240091993368)	(275, 8.63240091993368)	(280, 8.63240091993368)	(285, 8.63240091993368)	(290, 8.63240091993368)
4Q_2 - nextera_transposase_sequence	(1, 0.0)	(2, 0.0)	(3, 0.0)	(4, 0.0)	(5, 0.0)	(6, 0.0)	(7, 0.0)	(8, 0.0)	(9, 0.0)	(10, 0.0005348451623255068)	(15, 0.9322351179333582)	(20, 5.133800431441764)	(25, 5.980638605123817)	(30, 6.0735233816476795)	(35, 7.6242177889501)	(40, 8.229662512702571)	(45, 8.236972063254353)	(50, 8.239289725624431)	(55, 8.240715979390634)	(60, 8.241072542832184)	(65, 8.241072542832184)	(70, 8.241072542832184)	(75, 8.241072542832184)	(80, 8.241072542832184)	(85, 8.241072542832184)	(90, 8.241072542832184)	(95, 8.241072542832184)	(100, 8.241072542832184)	(105, 8.241072542832184)	(110, 8.241072542832184)	(115, 8.241072542832184)	(120, 8.241072542832184)	(125, 8.241072542832184)	(130, 8.241072542832184)	(135, 8.241072542832184)	(140, 8.241072542832184)	(145, 8.241072542832184)	(150, 8.241072542832184)	(155, 8.241072542832184)	(160, 8.241072542832184)	(165, 8.241072542832184)	(170, 8.241072542832184)	(175, 8.241072542832184)	(180, 8.241072542832184)	(185, 8.241607387994508)	(190, 8.242855360039934)	(195, 8.242855360039934)	(200, 8.242855360039934)	(205, 8.242855360039934)	(210, 8.242855360039934)	(215, 8.242855360039934)	(220, 8.242855360039934)	(225, 8.242855360039934)	(230, 8.24339020520226)	(235, 8.243746768643812)	(240, 8.243746768643812)	(245, 8.243746768643812)	(250, 8.243746768643812)	(255, 8.243746768643812)	(260, 8.243746768643812)	(265, 8.243746768643812)	(270, 8.243746768643812)	(275, 8.243746768643812)	(280, 8.244281613806136)	(285, 8.244638177247687)	(290, 8.244638177247687)
4Q_2 - polyg	(1, 0.9021055071223547)	(2, 0.9056711415378581)	(3, 0.9074539587456099)	(4, 0.9092367759533615)	(5, 0.9092367759533615)	(6, 0.9092367759533615)	(7, 0.9101281845572373)	(8, 0.9101281845572373)	(9, 0.9101281845572373)	(10, 0.9122675652065393)	(15, 0.9167246082259185)	(20, 0.9172594533882441)	(25, 0.9176160168297945)	(30, 0.9349093437449859)	(35, 0.9372270061150629)	(40, 0.9377618512773885)	(45, 0.9377618512773885)	(50, 0.9377618512773885)	(55, 0.9377618512773885)	(60, 0.9377618512773885)	(65, 0.9377618512773885)	(70, 0.9390098233228148)	(75, 0.9450714018291706)	(80, 0.9489935996862242)	(85, 0.9493501631277745)	(90, 0.9529157975432778)	(95, 3.8580164375746557)	(100, 6.700183630172399)	(105, 7.173165035388921)	(110, 7.611559786775063)	(115, 9.294895794334206)	(120, 9.426824267707833)	(125, 9.433420691376512)	(130, 9.434133818259614)	(135, 9.43645148062969)	(140, 9.436629762350467)	(145, 9.438234297837443)	(150, 9.438234297837443)	(155, 9.438234297837443)	(160, 9.438234297837443)	(165, 9.438234297837443)	(170, 9.438234297837443)	(175, 9.438234297837443)	(180, 9.438234297837443)	(185, 9.438234297837443)	(190, 9.438234297837443)	(195, 9.438234297837443)	(200, 9.438234297837443)	(205, 9.438234297837443)	(210, 9.438234297837443)	(215, 9.438234297837443)	(220, 9.438234297837443)	(225, 9.438234297837443)	(230, 9.438234297837443)	(235, 9.438234297837443)	(240, 9.438234297837443)	(245, 9.438234297837443)	(250, 9.438234297837443)	(255, 9.438234297837443)	(260, 9.438234297837443)	(265, 9.43948226988287)	(270, 9.440017115045194)	(275, 9.440017115045194)	(280, 9.440017115045194)	(285, 9.440017115045194)	(290, 9.440017115045194)
4Z_1 - nextera_transposase_sequence	(1, 0.0)	(2, 0.0)	(3, 0.0)	(4, 0.0)	(5, 0.0)	(6, 0.0)	(7, 0.0)	(8, 0.0)	(9, 0.0)	(10, 0.0)	(15, 0.10853981548231369)	(20, 0.5953489879067206)	(25, 0.6713268587443401)	(30, 0.67472885296095)	(35, 0.767878694606219)	(40, 0.8236065998687803)	(45, 0.8245785982163831)	(50, 0.8245785982163831)	(55, 0.8245785982163831)	(60, 0.8245785982163831)	(65, 0.8245785982163831)	(70, 0.8245785982163831)	(75, 0.8245785982163831)	(80, 0.8245785982163831)	(85, 0.8245785982163831)	(90, 0.8245785982163831)	(95, 0.8245785982163831)	(100, 0.8245785982163831)	(105, 0.8245785982163831)	(110, 0.8245785982163831)	(115, 0.8245785982163831)	(120, 0.8250645973901845)	(125, 0.8253885968393855)	(130, 0.8253885968393855)	(135, 0.8253885968393855)	(140, 0.8253885968393855)	(145, 0.8253885968393855)	(150, 0.8253885968393855)	(155, 0.8253885968393855)	(160, 0.8253885968393855)	(165, 0.8253885968393855)	(170, 0.8253885968393855)	(175, 0.8253885968393855)	(180, 0.8253885968393855)	(185, 0.8257125962885864)	(190, 0.8261985954623878)	(195, 0.8261985954623878)	(200, 0.8261985954623878)	(205, 0.8261985954623878)	(210, 0.8261985954623878)	(215, 0.8261985954623878)	(220, 0.8261985954623878)	(225, 0.8261985954623878)	(230, 0.8261985954623878)	(235, 0.8261985954623878)	(240, 0.8261985954623878)	(245, 0.8261985954623878)	(250, 0.8261985954623878)	(255, 0.8261985954623878)	(260, 0.8261985954623878)	(265, 0.8261985954623878)	(270, 0.8261985954623878)	(275, 0.8261985954623878)	(280, 0.8261985954623878)	(285, 0.8261985954623878)	(290, 0.8261985954623877)
4Z_1 - polyg	(1, 0.0)	(2, 0.0)	(3, 0.0)	(4, 0.0008099986230023409)	(5, 0.0008099986230023409)	(6, 0.0008099986230023409)	(7, 0.0008099986230023409)	(8, 0.0008099986230023409)	(9, 0.0008099986230023409)	(10, 0.000809998623002341)	(15, 0.000809998623002341)	(20, 0.000809998623002341)	(25, 0.000809998623002341)	(30, 0.000809998623002341)	(35, 0.000809998623002341)	(40, 0.000809998623002341)	(45, 0.000809998623002341)	(50, 0.000809998623002341)	(55, 0.000809998623002341)	(60, 0.008909984853025752)	(65, 0.012149979345035113)	(70, 0.012149979345035113)	(75, 0.012149979345035113)	(80, 0.012635978518836516)	(85, 0.015389973837044477)	(90, 0.19132167475315293)	(95, 0.6452449030836647)	(100, 0.7208987744720834)	(105, 0.725596766485497)	(110, 0.8344605814170116)	(115, 0.8796585045805422)	(120, 0.8804685032035445)	(125, 0.8812785018265469)	(130, 0.8812785018265469)	(135, 0.8812785018265469)	(140, 0.8812785018265469)	(145, 0.8812785018265469)	(150, 0.8812785018265469)	(155, 0.8812785018265469)	(160, 0.8812785018265469)	(165, 0.8812785018265469)	(170, 0.8812785018265469)	(175, 0.8812785018265469)	(180, 0.8812785018265469)	(185, 0.8812785018265469)	(190, 0.8812785018265469)	(195, 0.8817645010003483)	(200, 0.8820885004495492)	(205, 0.8820885004495492)	(210, 0.8820885004495492)	(215, 0.8820885004495492)	(220, 0.8820885004495492)	(225, 0.8820885004495492)	(230, 0.8820885004495492)	(235, 0.8820885004495492)	(240, 0.8820885004495492)	(245, 0.8820885004495492)	(250, 0.8820885004495492)	(255, 0.8820885004495492)	(260, 0.8824124998987501)	(265, 0.8828984990725516)	(270, 0.8828984990725516)	(275, 0.8828984990725516)	(280, 0.8828984990725516)	(285, 0.8828984990725516)	(290, 0.8828984990725516)
4Z_2 - nextera_transposase_sequence	(1, 0.0)	(2, 0.0)	(3, 0.0)	(4, 0.0)	(5, 0.0)	(6, 0.0)	(7, 0.0)	(8, 0.0)	(9, 0.0)	(10, 0.0)	(15, 0.106919818236309)	(20, 0.5888689989227018)	(25, 0.6672768656293284)	(30, 0.6706788598459382)	(35, 0.7628567031436047)	(40, 0.8187466081307662)	(45, 0.819718606478369)	(50, 0.8203666053767709)	(55, 0.8205286051013714)	(60, 0.8205286051013714)	(65, 0.8205286051013714)	(70, 0.8205286051013714)	(75, 0.8205286051013714)	(80, 0.8205286051013714)	(85, 0.8205286051013714)	(90, 0.8205286051013714)	(95, 0.8205286051013714)	(100, 0.8205286051013714)	(105, 0.8205286051013714)	(110, 0.8205286051013714)	(115, 0.8205286051013714)	(120, 0.8210146042751727)	(125, 0.8213386037243737)	(130, 0.8213386037243737)	(135, 0.8213386037243737)	(140, 0.8213386037243737)	(145, 0.8213386037243737)	(150, 0.8213386037243737)	(155, 0.8213386037243737)	(160, 0.8213386037243737)	(165, 0.8213386037243737)	(170, 0.8213386037243737)	(175, 0.8213386037243737)	(180, 0.8213386037243737)	(185, 0.8216626031735746)	(190, 0.8221486023473761)	(195, 0.8221486023473761)	(200, 0.8221486023473761)	(205, 0.8221486023473761)	(210, 0.8221486023473761)	(215, 0.8221486023473761)	(220, 0.8221486023473761)	(225, 0.8221486023473761)	(230, 0.8221486023473761)	(235, 0.8221486023473761)	(240, 0.8221486023473761)	(245, 0.8221486023473761)	(250, 0.8221486023473761)	(255, 0.8221486023473761)	(260, 0.8221486023473761)	(265, 0.8221486023473761)	(270, 0.8221486023473761)	(275, 0.8221486023473761)	(280, 0.8221486023473761)	(285, 0.8221486023473761)	(290, 0.822148602347376)
4Z_2 - polyg	(1, 0.7322387551941162)	(2, 0.7338587524401209)	(3, 0.7354787496861256)	(4, 0.7362887483091278)	(5, 0.7370987469321302)	(6, 0.7379087455551325)	(7, 0.7379087455551325)	(8, 0.7379087455551325)	(9, 0.7379087455551325)	(10, 0.7382327450043334)	(15, 0.7388807439027353)	(20, 0.7395287428011372)	(25, 0.7416347392209433)	(30, 0.7720906874458313)	(35, 0.7735486849672355)	(40, 0.7735486849672355)	(45, 0.7735486849672355)	(50, 0.7735486849672355)	(55, 0.7735486849672355)	(60, 0.7735486849672355)	(65, 0.7735486849672355)	(70, 0.7748446827640393)	(75, 0.7790566756036515)	(80, 0.7811626720234577)	(85, 0.781648671197259)	(90, 0.7818106709218595)	(95, 1.1255740865240529)	(100, 1.4473055395805825)	(105, 1.4824594798188842)	(110, 1.506597438784354)	(115, 1.619673246555481)	(120, 1.639113213507537)	(125, 1.6395992126813386)	(130, 1.6402472115797404)	(135, 1.6402472115797404)	(140, 1.6402472115797404)	(145, 1.6402472115797404)	(150, 1.6402472115797404)	(155, 1.6402472115797404)	(160, 1.6402472115797404)	(165, 1.6402472115797404)	(170, 1.6402472115797404)	(175, 1.6402472115797404)	(180, 1.6402472115797404)	(185, 1.6402472115797404)	(190, 1.6402472115797404)	(195, 1.640895210478142)	(200, 1.641867208825745)	(205, 1.641867208825745)	(210, 1.641867208825745)	(215, 1.641867208825745)	(220, 1.641867208825745)	(225, 1.641867208825745)	(230, 1.641867208825745)	(235, 1.641867208825745)	(240, 1.641867208825745)	(245, 1.641867208825745)	(250, 1.641867208825745)	(255, 1.641867208825745)	(260, 1.641867208825745)	(265, 1.6425152077241467)	(270, 1.6426772074487475)	(275, 1.6426772074487475)	(280, 1.6426772074487475)	(285, 1.6426772074487475)	(290, 1.6426772074487472)
ST1D_1 - nextera_transposase_sequence	(1, 0.0)	(2, 0.0)	(3, 0.0)	(4, 0.0)	(5, 0.0)	(6, 0.0)	(7, 0.0)	(8, 0.0)	(9, 0.0)	(10, 0.0022974311847565442)	(15, 0.34849159283775827)	(20, 1.8458423675028357)	(25, 2.0224573898309957)	(30, 2.046724006719986)	(35, 2.4892666886837156)	(40, 2.7350918254526655)	(45, 2.7368148988412333)	(50, 2.7371020777393276)	(55, 2.742989245150266)	(60, 2.7468661602745432)	(65, 2.7468661602745432)	(70, 2.7468661602745432)	(75, 2.7468661602745432)	(80, 2.7468661602745432)	(85, 2.7468661602745432)	(90, 2.7468661602745432)	(95, 2.7468661602745432)	(100, 2.7468661602745432)	(105, 2.7468661602745432)	(110, 2.7468661602745432)	(115, 2.7468661602745432)	(120, 2.7468661602745432)	(125, 2.749020002010252)	(130, 2.749594359806441)	(135, 2.7497379492554885)	(140, 2.7497379492554885)	(145, 2.7497379492554885)	(150, 2.7497379492554885)	(155, 2.7497379492554885)	(160, 2.7497379492554885)	(165, 2.7497379492554885)	(170, 2.7497379492554885)	(175, 2.7497379492554885)	(180, 2.7497379492554885)	(185, 2.7501687176026306)	(190, 2.751891790991198)	(195, 2.751891790991198)	(200, 2.7520353804402453)	(205, 2.7526097382364343)	(210, 2.7526097382364343)	(215, 2.7547635799721437)	(220, 2.7547635799721437)	(225, 2.7547635799721437)	(230, 2.7547635799721437)	(235, 2.7547635799721437)	(240, 2.7547635799721437)	(245, 2.7547635799721437)	(250, 2.7547635799721437)	(255, 2.7547635799721437)	(260, 2.7547635799721437)	(265, 2.7547635799721437)	(270, 2.754907169421191)	(275, 2.7563430639116637)	(280, 2.7569174217078527)	(285, 2.7569174217078527)	(290, 2.7569174217078527)
ST1D_1 - polyg	(1, 0.0)	(2, 0.0)	(3, 0.0007179472452364201)	(4, 0.0007179472452364201)	(5, 0.0007179472452364201)	(6, 0.0007179472452364201)	(7, 0.0007179472452364201)	(8, 0.0007179472452364201)	(9, 0.0007179472452364201)	(10, 0.0007179472452364201)	(15, 0.0007179472452364201)	(20, 0.0007179472452364201)	(25, 0.0007179472452364201)	(30, 0.0007179472452364201)	(35, 0.0007179472452364201)	(40, 0.0007179472452364201)	(45, 0.0007179472452364201)	(50, 0.0007179472452364201)	(55, 0.0007179472452364201)	(60, 0.0030153784299929644)	(65, 0.00430768347141852)	(70, 0.004594862369513088)	(75, 0.005456399063796793)	(80, 0.0066051146561750635)	(85, 0.011630745372830004)	(90, 0.7155062246026163)	(95, 1.986416438120127)	(100, 2.1328776761483565)	(105, 2.1617391554068606)	(110, 2.7234610800798356)	(115, 2.872363338741869)	(120, 2.875091538273768)	(125, 2.8759530749680513)	(130, 2.8831325474204155)	(135, 2.8854299786051723)	(140, 2.8854299786051723)	(145, 2.8857171575032665)	(150, 2.886865873095645)	(155, 2.886865873095645)	(160, 2.886865873095645)	(165, 2.886865873095645)	(170, 2.886865873095645)	(175, 2.886865873095645)	(180, 2.886865873095645)	(185, 2.886865873095645)	(190, 2.886865873095645)	(195, 2.8871530519937396)	(200, 2.8887325359332596)	(205, 2.8897376620765907)	(210, 2.8897376620765907)	(215, 2.8897376620765907)	(220, 2.8897376620765907)	(225, 2.8897376620765907)	(230, 2.8897376620765907)	(235, 2.8897376620765907)	(240, 2.8897376620765907)	(245, 2.8897376620765907)	(250, 2.8897376620765907)	(255, 2.8897376620765907)	(260, 2.8907427882199217)	(265, 2.8926094510575364)	(270, 2.8926094510575364)	(275, 2.892896629955631)	(280, 2.8933273983027727)	(285, 2.893614577200867)	(290, 2.895481240038482)
ST1D_2 - nextera_transposase_sequence	(1, 0.0)	(2, 0.0)	(3, 0.0)	(4, 0.0)	(5, 0.0)	(6, 0.0)	(7, 0.0)	(8, 0.0)	(9, 0.0)	(10, 0.0011487155923782721)	(15, 0.34734287724538)	(20, 1.8485705670347343)	(25, 2.0234625159743262)	(30, 2.04916502735379)	(35, 2.4950102666456067)	(40, 2.743132834599314)	(45, 2.746291802478354)	(50, 2.747153339172638)	(55, 2.7521789698892922)	(60, 2.7547635799721437)	(65, 2.7547635799721437)	(70, 2.7547635799721437)	(75, 2.7561994744626164)	(80, 2.7561994744626164)	(85, 2.7561994744626164)	(90, 2.7561994744626164)	(95, 2.7561994744626164)	(100, 2.7561994744626164)	(105, 2.7561994744626164)	(110, 2.7561994744626164)	(115, 2.7561994744626164)	(120, 2.7561994744626164)	(125, 2.758353316198326)	(130, 2.758927673994515)	(135, 2.759071263443562)	(140, 2.759071263443562)	(145, 2.759071263443562)	(150, 2.759071263443562)	(155, 2.759071263443562)	(160, 2.759071263443562)	(165, 2.759071263443562)	(170, 2.759071263443562)	(175, 2.759071263443562)	(180, 2.759071263443562)	(185, 2.759932800137846)	(190, 2.7633789469149805)	(195, 2.7633789469149805)	(200, 2.763522536364028)	(205, 2.7640968941602173)	(210, 2.7640968941602173)	(215, 2.7662507358959263)	(220, 2.7662507358959263)	(225, 2.7662507358959263)	(230, 2.7662507358959263)	(235, 2.7662507358959263)	(240, 2.7662507358959263)	(245, 2.7662507358959263)	(250, 2.7662507358959263)	(255, 2.7662507358959263)	(260, 2.7662507358959263)	(265, 2.7662507358959263)	(270, 2.7663943253449736)	(275, 2.7678302198354463)	(280, 2.7684045776316357)	(285, 2.7684045776316357)	(290, 2.7684045776316357)
ST1D_2 - polyg	(1, 0.8105624398719182)	(2, 0.8198957540599917)	(3, 0.8213316485504645)	(4, 0.8242034375314102)	(5, 0.8242034375314102)	(6, 0.8242034375314102)	(7, 0.8263572792671194)	(8, 0.8263572792671194)	(9, 0.8263572792671194)	(10, 0.8269316370633085)	(15, 0.8283675315537815)	(20, 0.830664962738538)	(25, 0.8391367402323278)	(30, 0.8705828295736829)	(35, 0.8715879557170139)	(40, 0.8723059029622503)	(45, 0.8737417974527231)	(50, 0.8746033341470069)	(55, 0.8754648708412907)	(60, 0.8766135864336688)	(65, 0.8767571758827162)	(70, 0.8776187125769999)	(75, 0.8799161437617563)	(80, 0.8802033226598509)	(85, 0.8804905015579454)	(90, 0.8835058799879384)	(95, 1.99101130048964)	(100, 2.8907427882199217)	(105, 2.9911118131039727)	(110, 3.1127320764470223)	(115, 3.637120744367704)	(120, 3.716238530792757)	(125, 3.717961604181325)	(130, 3.7191103197737028)	(135, 3.727869276165587)	(140, 3.7283000445127294)	(145, 3.7283000445127294)	(150, 3.728874402308918)	(155, 3.729735939003202)	(160, 3.729735939003202)	(165, 3.729735939003202)	(170, 3.729735939003202)	(175, 3.729735939003202)	(180, 3.729735939003202)	(185, 3.729735939003202)	(190, 3.729735939003202)	(195, 3.729735939003202)	(200, 3.7304538862484384)	(205, 3.7320333701879584)	(210, 3.732607727984148)	(215, 3.732607727984148)	(220, 3.732607727984148)	(225, 3.732607727984148)	(230, 3.732607727984148)	(235, 3.732607727984148)	(240, 3.732607727984148)	(245, 3.732607727984148)	(250, 3.732607727984148)	(255, 3.732607727984148)	(260, 3.732607727984148)	(265, 3.7343308013727152)	(270, 3.7354795169650936)	(275, 3.7354795169650936)	(280, 3.7359102853122352)	(285, 3.73619746421033)	(290, 3.73619746421033)
ST1Q_1 - nextera_transposase_sequence	(1, 0.0)	(2, 0.0)	(3, 0.0)	(4, 0.0)	(5, 0.0)	(6, 0.0)	(7, 0.0)	(8, 0.0)	(9, 0.0)	(10, 0.0011463699479118156)	(15, 0.2692536415157877)	(20, 1.4206389579497174)	(25, 1.559349721647047)	(30, 1.5798410844659707)	(35, 2.175953457380115)	(40, 2.402791410823165)	(45, 2.411245889189015)	(50, 2.4143984065457724)	(55, 2.4185539976069528)	(60, 2.4207034412592874)	(65, 2.422422996181155)	(70, 2.423855958616045)	(75, 2.423855958616045)	(80, 2.423855958616045)	(85, 2.423855958616045)	(90, 2.423855958616045)	(95, 2.423855958616045)	(100, 2.423855958616045)	(105, 2.423855958616045)	(110, 2.423855958616045)	(115, 2.423855958616045)	(120, 2.423855958616045)	(125, 2.423855958616045)	(130, 2.4255755135379125)	(135, 2.4260054022683795)	(140, 2.4265785872423358)	(145, 2.4267218834858246)	(150, 2.4267218834858246)	(155, 2.4267218834858246)	(160, 2.4267218834858246)	(165, 2.4267218834858246)	(170, 2.4267218834858246)	(175, 2.4267218834858246)	(180, 2.42729506845978)	(185, 2.4277249571902475)	(190, 2.4288713271381592)	(195, 2.4288713271381592)	(200, 2.429014623381648)	(205, 2.4313073632774715)	(210, 2.4318805482514274)	(215, 2.43431658439074)	(220, 2.4346031768777183)	(225, 2.4346031768777183)	(230, 2.4346031768777183)	(235, 2.4346031768777183)	(240, 2.435176361851674)	(245, 2.435319658095163)	(250, 2.435319658095163)	(255, 2.435319658095163)	(260, 2.435319658095163)	(265, 2.435319658095163)	(270, 2.4356062505821408)	(275, 2.4360361393126078)	(280, 2.436752620530053)	(285, 2.438042286721454)	(290, 2.4381855829649424)
ST1Q_1 - polyg	(1, 0.0)	(2, 0.0)	(3, 0.0)	(4, 0.0)	(5, 0.0)	(6, 0.0)	(7, 0.0)	(8, 0.0)	(9, 0.0)	(10, 0.0)	(15, 0.0)	(20, 0.0)	(25, 0.0)	(30, 0.0)	(35, 0.0)	(40, 0.0)	(45, 0.0)	(50, 0.0)	(55, 0.0)	(60, 0.0077379971484047546)	(65, 0.008597774609338617)	(70, 0.008597774609338617)	(75, 0.00945755207027248)	(80, 0.013326550644474855)	(85, 0.019344992871011886)	(90, 0.5584254608765431)	(95, 1.5377119888802113)	(100, 1.6486232813406798)	(105, 1.6782856037428977)	(110, 2.4172643314155517)	(115, 2.514419184501078)	(120, 2.523876736571351)	(125, 2.526599365197641)	(130, 2.5310415487457996)	(135, 2.5329043999111565)	(140, 2.5344806585895348)	(145, 2.535770324780936)	(150, 2.5363435097548916)	(155, 2.5363435097548916)	(160, 2.5363435097548916)	(165, 2.5363435097548916)	(170, 2.5363435097548916)	(175, 2.5363435097548916)	(180, 2.5363435097548916)	(185, 2.5363435097548916)	(190, 2.5363435097548916)	(195, 2.5363435097548916)	(200, 2.5363435097548916)	(205, 2.538349657163738)	(210, 2.5384929534072262)	(215, 2.5392094346246714)	(220, 2.5392094346246714)	(225, 2.5392094346246714)	(230, 2.5392094346246714)	(235, 2.5392094346246714)	(240, 2.5392094346246714)	(245, 2.5392094346246714)	(250, 2.5392094346246714)	(255, 2.539925915842116)	(260, 2.540499100816072)	(265, 2.541358878277006)	(270, 2.541358878277006)	(275, 2.541645470763984)	(280, 2.5442248031467853)	(285, 2.5446546918772524)	(290, 2.54637424679912)
ST1Q_2 - nextera_transposase_sequence	(1, 0.0)	(2, 0.0)	(3, 0.0)	(4, 0.0)	(5, 0.0)	(6, 0.0)	(7, 0.0)	(8, 0.0)	(9, 0.0)	(10, 0.0)	(15, 0.2688237527853207)	(20, 1.4286635475851002)	(25, 1.5665145338214959)	(30, 1.5860028229359968)	(35, 2.175523568649648)	(40, 2.403364595797121)	(45, 2.4121056666499485)	(50, 2.4148282952762394)	(55, 2.417407627659041)	(60, 2.4192704788243975)	(65, 2.4209900337462655)	(70, 2.422422996181155)	(75, 2.4231394773986)	(80, 2.4231394773986)	(85, 2.4231394773986)	(90, 2.4231394773986)	(95, 2.4231394773986)	(100, 2.4231394773986)	(105, 2.4231394773986)	(110, 2.4231394773986)	(115, 2.4231394773986)	(120, 2.4231394773986)	(125, 2.4231394773986)	(130, 2.424285847346512)	(135, 2.4245724398334896)	(140, 2.425145624807446)	(145, 2.4252889210509347)	(150, 2.4252889210509347)	(155, 2.4252889210509347)	(160, 2.4252889210509347)	(165, 2.4252889210509347)	(170, 2.4252889210509347)	(175, 2.4252889210509347)	(180, 2.4258621060248906)	(185, 2.4264352909988465)	(190, 2.428154845920714)	(195, 2.428154845920714)	(200, 2.428298142164203)	(205, 2.4305908820600264)	(210, 2.4311640670339827)	(215, 2.4336001031732954)	(220, 2.433886695660273)	(225, 2.433886695660273)	(230, 2.433886695660273)	(235, 2.433886695660273)	(240, 2.4344598806342295)	(245, 2.4346031768777183)	(250, 2.4346031768777183)	(255, 2.4346031768777183)	(260, 2.4346031768777183)	(265, 2.4346031768777183)	(270, 2.434889769364696)	(275, 2.4356062505821408)	(280, 2.436752620530053)	(285, 2.438042286721454)	(290, 2.4381855829649424)
ST1Q_2 - polyg	(1, 0.907065221285224)	(2, 0.9221113268515666)	(3, 0.9235442892864564)	(4, 0.9249772517213461)	(5, 0.925693732938791)	(6, 0.9264102141562359)	(7, 0.9278431765911257)	(8, 0.9278431765911257)	(9, 0.9278431765911257)	(10, 0.9298493239999713)	(15, 0.9345781000351077)	(20, 0.9361543587134864)	(25, 0.9458985032707368)	(30, 0.9736979745075981)	(35, 0.9744144557250431)	(40, 0.9747010482120212)	(45, 0.9769937881078448)	(50, 0.9778535655687787)	(55, 0.9779968618122676)	(60, 0.9779968618122676)	(65, 0.9779968618122676)	(70, 0.9782834542992456)	(75, 0.981292675412514)	(80, 0.9830122303343817)	(85, 0.9830122303343817)	(90, 0.9832988228213597)	(95, 1.831182695545636)	(100, 2.5265993651976415)	(105, 2.6015433005423763)	(110, 2.7697730903984352)	(115, 3.410450595037651)	(120, 3.460604280258793)	(125, 3.469488647355109)	(130, 3.4716380910074442)	(135, 3.47636686704258)	(140, 3.4776565332339806)	(145, 3.479089495668871)	(150, 3.4802358656167827)	(155, 3.4806657543472497)	(160, 3.4806657543472497)	(165, 3.4806657543472497)	(170, 3.4806657543472497)	(175, 3.4806657543472497)	(180, 3.4806657543472497)	(185, 3.4806657543472497)	(190, 3.4806657543472497)	(195, 3.4806657543472497)	(200, 3.4806657543472497)	(205, 3.481238939321206)	(210, 3.4828151979995843)	(215, 3.4829584942430736)	(220, 3.4835316792170294)	(225, 3.4835316792170294)	(230, 3.4835316792170294)	(235, 3.4835316792170294)	(240, 3.4835316792170294)	(245, 3.4835316792170294)	(250, 3.4835316792170294)	(255, 3.4836749754605187)	(260, 3.484248160434474)	(265, 3.485107937895408)	(270, 3.4856811228693645)	(275, 3.4863976040868088)	(280, 3.487400677791231)	(285, 3.4899800101740333)	(290, 3.4899800101740333)
ST1Z_1 - nextera_transposase_sequence	(1, 0.0)	(2, 0.0)	(3, 0.0)	(4, 0.0)	(5, 0.0)	(6, 0.0)	(7, 0.0)	(8, 0.0)	(9, 0.0)	(10, 0.0)	(15, 0.12542322979537762)	(20, 0.6674517886059179)	(25, 0.7344325040482851)	(30, 0.7406153393198881)	(35, 0.9855733843662595)	(40, 1.0948034741645813)	(45, 1.106580303253349)	(50, 1.1180627116148976)	(55, 1.123803915795672)	(60, 1.1239511261592816)	(65, 1.1239511261592816)	(70, 1.1239511261592816)	(75, 1.1239511261592816)	(80, 1.1239511261592816)	(85, 1.12453996761372)	(90, 1.1254232297953777)	(95, 1.1260120712498158)	(100, 1.1261592816134256)	(105, 1.1261592816134256)	(110, 1.1291034888856175)	(115, 1.1307228028853231)	(120, 1.1320476961578094)	(125, 1.1320476961578094)	(130, 1.132930958339467)	(135, 1.1342558516119534)	(140, 1.1342558516119534)	(145, 1.1342558516119534)	(150, 1.1342558516119534)	(155, 1.1342558516119534)	(160, 1.1342558516119534)	(165, 1.1342558516119534)	(170, 1.1349919034300016)	(175, 1.136169586338878)	(180, 1.1372000588841455)	(185, 1.1374944796113646)	(190, 1.1386721625202414)	(195, 1.1386721625202414)	(200, 1.1386721625202414)	(205, 1.1394082143382893)	(210, 1.1395554247018989)	(215, 1.1408803179743854)	(220, 1.1411747387016047)	(225, 1.143235683792139)	(230, 1.1438245252465773)	(235, 1.1438245252465773)	(240, 1.1444133667010157)	(245, 1.1455910496098927)	(250, 1.1467687325187694)	(255, 1.1467687325187694)	(260, 1.1467687325187694)	(265, 1.1467687325187694)	(270, 1.1467687325187694)	(275, 1.1467687325187694)	(280, 1.1472103636095983)	(285, 1.1480936257912557)	(290, 1.1482408361548653)
ST1Z_1 - polyg	(1, 0.0)	(2, 0.0)	(3, 0.0007360518180479906)	(4, 0.0007360518180479906)	(5, 0.0007360518180479906)	(6, 0.0007360518180479906)	(7, 0.0007360518180479906)	(8, 0.0007360518180479906)	(9, 0.0007360518180479906)	(10, 0.0007360518180479906)	(15, 0.0007360518180479906)	(20, 0.0007360518180479906)	(25, 0.0007360518180479906)	(30, 0.0007360518180479906)	(35, 0.0007360518180479906)	(40, 0.0007360518180479906)	(45, 0.0007360518180479906)	(50, 0.0007360518180479906)	(55, 0.0007360518180479906)	(60, 0.0027969969085823642)	(65, 0.0036802590902399535)	(70, 0.0036802590902399535)	(75, 0.00471073163550714)	(80, 0.006035624907993522)	(85, 0.007654938907699102)	(90, 0.26041513322537907)	(95, 0.7223612542322979)	(100, 0.7744737229500958)	(105, 0.7852200794935964)	(110, 1.093036949801266)	(115, 1.1467687325187694)	(120, 1.16119534815251)	(125, 1.1723833357868394)	(130, 1.176946857058737)	(135, 1.176946857058737)	(140, 1.176946857058737)	(145, 1.176946857058737)	(150, 1.176946857058737)	(155, 1.176946857058737)	(160, 1.1778301192403944)	(165, 1.178418960694833)	(170, 1.179155012512881)	(175, 1.179155012512881)	(180, 1.1793022228764904)	(185, 1.1840129545119977)	(190, 1.1856322685117031)	(195, 1.1865155306933608)	(200, 1.1865155306933608)	(205, 1.1876932136022376)	(210, 1.1887236861475048)	(215, 1.1887236861475048)	(220, 1.1893125276019432)	(225, 1.1894597379655527)	(230, 1.1894597379655527)	(235, 1.1894597379655527)	(240, 1.1894597379655527)	(245, 1.1901957897836009)	(250, 1.1916678934196967)	(255, 1.1924039452377448)	(260, 1.1929927866921832)	(265, 1.1938760488738407)	(270, 1.1938760488738407)	(275, 1.1940232592374502)	(280, 1.1946121006918886)	(285, 1.1950537317827172)	(290, 1.1960842043279847)
ST1Z_2 - nextera_transposase_sequence	(1, 0.0)	(2, 0.0)	(3, 0.0)	(4, 0.0)	(5, 0.0)	(6, 0.0)	(7, 0.0)	(8, 0.0)	(9, 0.0)	(10, 0.0)	(15, 0.126012071249816)	(20, 0.6668629471514794)	(25, 0.7317827175033123)	(30, 0.7360518180479907)	(35, 0.9754158692771971)	(40, 1.0830266450758135)	(45, 1.0953923156190195)	(50, 1.1077579861622258)	(55, 1.1134991903430003)	(60, 1.1136464007066098)	(65, 1.1136464007066098)	(70, 1.1136464007066098)	(75, 1.1136464007066098)	(80, 1.1136464007066098)	(85, 1.1142352421610482)	(90, 1.1151185043427057)	(95, 1.115707345797144)	(100, 1.1158545561607538)	(105, 1.1158545561607538)	(110, 1.1199764463418225)	(115, 1.1218901810687474)	(120, 1.1232150743412337)	(125, 1.1232150743412337)	(130, 1.1240983365228912)	(135, 1.1254232297953777)	(140, 1.1254232297953777)	(145, 1.1254232297953777)	(150, 1.1254232297953777)	(155, 1.1254232297953777)	(160, 1.1254232297953777)	(165, 1.1254232297953777)	(170, 1.1261592816134256)	(175, 1.1273369645223024)	(180, 1.1283674370675696)	(185, 1.1288090681583984)	(190, 1.1305755925217136)	(195, 1.1305755925217136)	(200, 1.1305755925217136)	(205, 1.1313116443397615)	(210, 1.131458854703371)	(215, 1.1327837479758576)	(220, 1.1330781687030769)	(225, 1.1345502723391727)	(230, 1.1357279552480495)	(235, 1.1357279552480495)	(240, 1.1363167967024879)	(245, 1.1374944796113649)	(250, 1.1386721625202414)	(255, 1.1386721625202414)	(260, 1.1386721625202414)	(265, 1.1386721625202414)	(270, 1.1386721625202414)	(275, 1.1386721625202414)	(280, 1.1391137936110702)	(285, 1.1394082143382893)	(290, 1.1394082143382893)
ST1Z_2 - polyg	(1, 0.9988223170911232)	(2, 1.0363609598115708)	(3, 1.0474017370822906)	(4, 1.0540262034447225)	(5, 1.0554983070808186)	(6, 1.0554983070808186)	(7, 1.0562343588988665)	(8, 1.0569704107169144)	(9, 1.0569704107169144)	(10, 1.0588841454438391)	(15, 1.0624171941704694)	(20, 1.0649197703518327)	(25, 1.0738996025320182)	(30, 1.1064330928897395)	(35, 1.1077579861622258)	(40, 1.1077579861622258)	(45, 1.1077579861622258)	(50, 1.1077579861622258)	(55, 1.1077579861622258)	(60, 1.1077579861622258)	(65, 1.1079051965258355)	(70, 1.1089356690711027)	(75, 1.110702193434418)	(80, 1.1133519799793905)	(85, 1.1143824525246577)	(90, 1.1155601354335345)	(95, 1.5142058000883263)	(100, 1.8432209627557783)	(105, 1.8735462976593553)	(110, 1.94141027528338)	(115, 2.2106580303253347)	(120, 2.241424996319741)	(125, 2.2589430295892834)	(130, 2.267628441042249)	(135, 2.270719858678051)	(140, 2.270719858678051)	(145, 2.270719858678051)	(150, 2.270719858678051)	(155, 2.270719858678051)	(160, 2.270719858678051)	(165, 2.2718975415869274)	(170, 2.272339172677756)	(175, 2.272928014132195)	(180, 2.272928014132195)	(185, 2.2741056970410716)	(190, 2.2780803768585307)	(195, 2.280288532312675)	(200, 2.281024584130723)	(205, 2.281024584130723)	(210, 2.282643898130428)	(215, 2.2832327395848666)	(220, 2.2832327395848666)	(225, 2.2832327395848666)	(230, 2.2832327395848666)	(235, 2.2832327395848666)	(240, 2.2832327395848666)	(245, 2.2835271603120857)	(250, 2.284263212130134)	(255, 2.2857353157662295)	(260, 2.2861769468570587)	(265, 2.2873546297659355)	(270, 2.2883851023112025)	(275, 2.2883851023112025)	(280, 2.288679523038422)	(285, 2.289121154129251)	(290, 2.289121154129251)
ST2D_1 - nextera_transposase_sequence	(1, 0.0)	(2, 0.0)	(3, 0.0)	(4, 0.0)	(5, 0.0)	(6, 0.0)	(7, 0.0)	(8, 0.0)	(9, 0.0)	(10, 0.0005657788653304856)	(15, 0.28105065135291873)	(20, 1.4807847352862133)	(25, 1.6127526556245493)	(30, 1.6291602427191332)	(35, 2.0451491534533726)	(40, 2.2544873336256526)	(45, 2.2597207881299592)	(50, 2.261842458874949)	(55, 2.262691127172944)	(60, 2.263681240187273)	(65, 2.2645299084852684)	(70, 2.2645299084852684)	(75, 2.2645299084852684)	(80, 2.2645299084852684)	(85, 2.2648127979179336)	(90, 2.2652371320669316)	(95, 2.2652371320669316)	(100, 2.265378576783264)	(105, 2.2660858003649276)	(110, 2.266651579230258)	(115, 2.266651579230258)	(120, 2.266651579230258)	(125, 2.266651579230258)	(130, 2.266651579230258)	(135, 2.266651579230258)	(140, 2.266651579230258)	(145, 2.266651579230258)	(150, 2.266651579230258)	(155, 2.2669344686629236)	(160, 2.267358802811921)	(165, 2.267358802811921)	(170, 2.267358802811921)	(175, 2.267358802811921)	(180, 2.267358802811921)	(185, 2.2676416922445863)	(190, 2.268773249975247)	(195, 2.268773249975247)	(200, 2.268773249975247)	(205, 2.2701876971385735)	(210, 2.2701876971385735)	(215, 2.274148149195887)	(220, 2.274996817493882)	(225, 2.275138262210215)	(230, 2.275138262210215)	(235, 2.275138262210215)	(240, 2.275138262210215)	(245, 2.275138262210215)	(250, 2.275138262210215)	(255, 2.275138262210215)	(260, 2.275138262210215)	(265, 2.275138262210215)	(270, 2.27542115164288)	(275, 2.275845485791878)	(280, 2.275845485791878)	(285, 2.275845485791878)	(290, 2.275845485791878)
ST2D_1 - polyg	(1, 0.0)	(2, 0.0)	(3, 0.001414447163326214)	(4, 0.001414447163326214)	(5, 0.001414447163326214)	(6, 0.001414447163326214)	(7, 0.001414447163326214)	(8, 0.002121670744989321)	(9, 0.002121670744989321)	(10, 0.002121670744989321)	(15, 0.002121670744989321)	(20, 0.002121670744989321)	(25, 0.002121670744989321)	(30, 0.002121670744989321)	(35, 0.002121670744989321)	(40, 0.002121670744989321)	(45, 0.002121670744989321)	(50, 0.002121670744989321)	(55, 0.002121670744989321)	(60, 0.003394673191982914)	(65, 0.09151473146720604)	(70, 0.15884241644153382)	(75, 0.17341122222379385)	(80, 0.17935190030976395)	(85, 0.20665073056195987)	(90, 0.4828922615595694)	(95, 1.6000226311546133)	(100, 1.729303101882629)	(105, 1.7468422467078741)	(110, 2.138078332083905)	(115, 2.3526499667604917)	(120, 2.360853760307784)	(125, 2.3641069887834343)	(130, 2.3653799912304274)	(135, 2.3662286595284234)	(140, 2.367077327826419)	(145, 2.367077327826419)	(150, 2.367077327826419)	(155, 2.367077327826419)	(160, 2.367360217259084)	(165, 2.367784551408082)	(170, 2.367784551408082)	(175, 2.368067440840748)	(180, 2.3686332197060778)	(185, 2.369198998571408)	(190, 2.369198998571408)	(195, 2.369198998571408)	(200, 2.369198998571408)	(205, 2.369198998571408)	(210, 2.369198998571408)	(215, 2.369198998571408)	(220, 2.369198998571408)	(225, 2.369198998571408)	(230, 2.3694818880040733)	(235, 2.3699062221530713)	(240, 2.3699062221530713)	(245, 2.3699062221530713)	(250, 2.3699062221530713)	(255, 2.3699062221530713)	(260, 2.3701891115857365)	(265, 2.3713206693163977)	(270, 2.3713206693163977)	(275, 2.3713206693163977)	(280, 2.3725936717633913)	(285, 2.3727351164797237)	(290, 2.373442340061387)
ST2D_2 - nextera_transposase_sequence	(1, 0.0)	(2, 0.0)	(3, 0.0)	(4, 0.0)	(5, 0.0)	(6, 0.0)	(7, 0.0)	(8, 0.0)	(9, 0.0)	(10, 0.0)	(15, 0.28204076436724707)	(20, 1.4912516442948276)	(25, 1.6215222280371715)	(30, 1.6387784834297516)	(35, 2.046563600616699)	(40, 2.255053112490983)	(45, 2.2604280117116224)	(50, 2.262125348307614)	(55, 2.262408237740279)	(60, 2.2629740166056096)	(65, 2.2638226849036056)	(70, 2.2638226849036056)	(75, 2.2638226849036056)	(80, 2.2638226849036056)	(85, 2.264105574336271)	(90, 2.2645299084852684)	(95, 2.2645299084852684)	(100, 2.2646713532016007)	(105, 2.2652371320669316)	(110, 2.2652371320669316)	(115, 2.2652371320669316)	(120, 2.2652371320669316)	(125, 2.2652371320669316)	(130, 2.2652371320669316)	(135, 2.2652371320669316)	(140, 2.265802910932262)	(145, 2.2659443556485948)	(150, 2.2659443556485948)	(155, 2.26622724508126)	(160, 2.266651579230258)	(165, 2.266651579230258)	(170, 2.266651579230258)	(175, 2.266651579230258)	(180, 2.266651579230258)	(185, 2.267358802811921)	(190, 2.2701876971385735)	(195, 2.2701876971385735)	(200, 2.2701876971385735)	(205, 2.2716021443018994)	(210, 2.2716021443018994)	(215, 2.2755625963592125)	(220, 2.276411264657209)	(225, 2.2765527093735414)	(230, 2.2765527093735414)	(235, 2.2765527093735414)	(240, 2.2765527093735414)	(245, 2.2765527093735414)	(250, 2.2765527093735414)	(255, 2.2765527093735414)	(260, 2.2765527093735414)	(265, 2.2765527093735414)	(270, 2.276835598806206)	(275, 2.2772599329552046)	(280, 2.2772599329552046)	(285, 2.2772599329552046)	(290, 2.2772599329552046)
ST2D_2 - polyg	(1, 0.7567292323795245)	(2, 0.7652159153594817)	(3, 0.7659231389411448)	(4, 0.7687520332677973)	(5, 0.7687520332677973)	(6, 0.7687520332677973)	(7, 0.7687520332677973)	(8, 0.7687520332677973)	(9, 0.7687520332677973)	(10, 0.7703079251474562)	(15, 0.7729953747577759)	(20, 0.7744098219211022)	(25, 0.7790774975600787)	(30, 0.7984554236976478)	(35, 0.7991626472793109)	(40, 0.7991626472793109)	(45, 0.7998698708609739)	(50, 0.7998698708609739)	(55, 0.7998698708609739)	(60, 0.7998698708609739)	(65, 0.7998698708609739)	(70, 0.8001527602936391)	(75, 0.8042546570672853)	(80, 0.8059519936632767)	(85, 0.8062348830959418)	(90, 0.808780887989929)	(95, 1.6976194854241222)	(100, 2.4188460940041585)	(105, 2.4914072334827937)	(110, 2.602865669952899)	(115, 3.07345224119153)	(120, 3.1397898131515296)	(125, 3.1450232676558367)	(130, 3.147144938400826)	(135, 3.1477107172661563)	(140, 3.14898371971315)	(145, 3.1492666091458155)	(150, 3.1492666091458155)	(155, 3.1492666091458155)	(160, 3.1492666091458155)	(165, 3.1498323880111463)	(170, 3.1499738327274787)	(175, 3.1499738327274787)	(180, 3.1503981668764762)	(185, 3.151246835174472)	(190, 3.1513882798908046)	(195, 3.1513882798908046)	(200, 3.1513882798908046)	(205, 3.1513882798908046)	(210, 3.1513882798908046)	(215, 3.1513882798908046)	(220, 3.1513882798908046)	(225, 3.1513882798908046)	(230, 3.1513882798908046)	(235, 3.1519540587561354)	(240, 3.152095503472468)	(245, 3.152095503472468)	(250, 3.152095503472468)	(255, 3.152095503472468)	(260, 3.152095503472468)	(265, 3.1529441717704634)	(270, 3.153509950635794)	(275, 3.153509950635794)	(280, 3.1540757295011246)	(285, 3.15492439779912)	(290, 3.15492439779912)
ST2Q_1 - nextera_transposase_sequence	(1, 0.0)	(2, 0.0)	(3, 0.0)	(4, 0.0)	(5, 0.0)	(6, 0.0)	(7, 0.0)	(8, 0.0)	(9, 0.0)	(10, 0.0012774655084312723)	(15, 0.34667220235053653)	(20, 1.8377938170669392)	(25, 2.009612927950945)	(30, 2.0335654062340316)	(35, 2.681240419008687)	(40, 3.006355390904446)	(45, 3.0154573326520184)	(50, 3.01960909555442)	(55, 3.022164026571282)	(60, 3.0243995912110373)	(65, 3.0243995912110373)	(70, 3.0243995912110373)	(75, 3.0243995912110373)	(80, 3.0245592743995915)	(85, 3.025198007153807)	(90, 3.025198007153807)	(95, 3.025198007153807)	(100, 3.025198007153807)	(105, 3.025198007153807)	(110, 3.025836739908022)	(115, 3.0259964230965766)	(120, 3.0259964230965766)	(125, 3.0259964230965766)	(130, 3.0266351558507916)	(135, 3.0267948390393458)	(140, 3.0267948390393458)	(145, 3.0267948390393458)	(150, 3.0267948390393458)	(155, 3.0267948390393458)	(160, 3.0267948390393458)	(165, 3.0267948390393458)	(170, 3.0267948390393458)	(175, 3.0267948390393458)	(180, 3.0267948390393458)	(185, 3.0267948390393458)	(190, 3.0267948390393458)	(195, 3.0267948390393458)	(200, 3.0267948390393458)	(205, 3.0275932549821154)	(210, 3.0275932549821154)	(215, 3.0291900868676547)	(220, 3.0291900868676547)	(225, 3.0291900868676547)	(230, 3.0291900868676547)	(235, 3.0291900868676547)	(240, 3.0291900868676547)	(245, 3.0291900868676547)	(250, 3.0291900868676547)	(255, 3.0291900868676547)	(260, 3.0291900868676547)	(265, 3.0291900868676547)	(270, 3.0291900868676547)	(275, 3.0291900868676547)	(280, 3.0291900868676547)	(285, 3.0291900868676547)	(290, 3.0291900868676547)
ST2Q_1 - polyg	(1, 0.0)	(2, 0.0)	(3, 0.0007984159427695452)	(4, 0.0007984159427695452)	(5, 0.0007984159427695452)	(6, 0.0007984159427695452)	(7, 0.0007984159427695452)	(8, 0.0007984159427695452)	(9, 0.0007984159427695452)	(10, 0.0007984159427695452)	(15, 0.0007984159427695452)	(20, 0.0007984159427695452)	(25, 0.0007984159427695452)	(30, 0.0007984159427695452)	(35, 0.0007984159427695452)	(40, 0.0007984159427695452)	(45, 0.0007984159427695452)	(50, 0.0007984159427695452)	(55, 0.0007984159427695452)	(60, 0.005429228410832908)	(65, 0.008782575370464998)	(70, 0.008782575370464998)	(75, 0.009261624936126724)	(80, 0.011018140010219724)	(85, 0.019641032192130814)	(90, 0.6096704138988247)	(95, 1.9564384261624936)	(100, 2.1127682677567705)	(105, 2.144704905467552)	(110, 2.898249872253449)	(115, 3.1607690342360755)	(120, 3.1738630556974963)	(125, 3.1768970362800206)	(130, 3.1805697496167604)	(135, 3.182485947879407)	(140, 3.182485947879407)	(145, 3.182485947879407)	(150, 3.182485947879407)	(155, 3.182645631067961)	(160, 3.1834440470107306)	(165, 3.184721512519162)	(170, 3.184881195707716)	(175, 3.184881195707716)	(180, 3.184881195707716)	(185, 3.1856796116504853)	(190, 3.1856796116504853)	(195, 3.1856796116504853)	(200, 3.1856796116504853)	(205, 3.186478027593255)	(210, 3.186478027593255)	(215, 3.186478027593255)	(220, 3.186478027593255)	(225, 3.186478027593255)	(230, 3.186478027593255)	(235, 3.186478027593255)	(240, 3.186478027593255)	(245, 3.186478027593255)	(250, 3.186478027593255)	(255, 3.186478027593255)	(260, 3.186478027593255)	(265, 3.1872764435360246)	(270, 3.1872764435360246)	(275, 3.1872764435360246)	(280, 3.1879151762902405)	(285, 3.188234542667348)	(290, 3.189671691364333)
ST2Q_2 - nextera_transposase_sequence	(1, 0.0)	(2, 0.0)	(3, 0.0)	(4, 0.0)	(5, 0.0)	(6, 0.0)	(7, 0.0)	(8, 0.0)	(9, 0.0)	(10, 0.0006387327542156362)	(15, 0.34252043944813493)	(20, 1.8318855390904445)	(25, 2.003385283597343)	(30, 2.027337761880429)	(35, 2.681879151762902)	(40, 3.01593638221768)	(45, 3.026475472662238)	(50, 3.0307869187531935)	(55, 3.0331821665815024)	(60, 3.0347789984670412)	(65, 3.0347789984670412)	(70, 3.0347789984670412)	(75, 3.0347789984670412)	(80, 3.0349386816555954)	(85, 3.035577414409811)	(90, 3.035577414409811)	(95, 3.035577414409811)	(100, 3.035577414409811)	(105, 3.035577414409811)	(110, 3.0362161471640268)	(115, 3.0363758303525805)	(120, 3.0363758303525805)	(125, 3.0363758303525805)	(130, 3.0370145631067964)	(135, 3.03717424629535)	(140, 3.03717424629535)	(145, 3.03717424629535)	(150, 3.03717424629535)	(155, 3.03717424629535)	(160, 3.03717424629535)	(165, 3.03717424629535)	(170, 3.03717424629535)	(175, 3.03717424629535)	(180, 3.03717424629535)	(185, 3.0373339294839043)	(190, 3.03797266223812)	(195, 3.03797266223812)	(200, 3.03797266223812)	(205, 3.038771078180889)	(210, 3.038771078180889)	(215, 3.0403679100664283)	(220, 3.0403679100664283)	(225, 3.0403679100664283)	(230, 3.0403679100664283)	(235, 3.0403679100664283)	(240, 3.0403679100664283)	(245, 3.0403679100664283)	(250, 3.0403679100664283)	(255, 3.0403679100664283)	(260, 3.0403679100664283)	(265, 3.0403679100664283)	(270, 3.0403679100664283)	(275, 3.0403679100664283)	(280, 3.0403679100664283)	(285, 3.0403679100664283)	(290, 3.0403679100664283)
ST2Q_2 - polyg	(1, 0.9293561573837507)	(2, 0.953308635666837)	(3, 0.9557038834951457)	(4, 0.9588975472662238)	(5, 0.9588975472662238)	(6, 0.9588975472662238)	(7, 0.9596959632089933)	(8, 0.9596959632089933)	(9, 0.9596959632089933)	(10, 0.9611331119059786)	(15, 0.9635283597342873)	(20, 0.9670413898824732)	(25, 0.9771014307613693)	(30, 1.0036088400613183)	(35, 1.0036088400613183)	(40, 1.003928206438426)	(45, 1.0052056719468574)	(50, 1.0052056719468574)	(55, 1.0052056719468574)	(60, 1.0052056719468574)	(65, 1.0066428206438427)	(70, 1.0069621870209504)	(75, 1.0104752171691365)	(80, 1.0131898313745529)	(85, 1.0133495145631068)	(90, 1.014946346448646)	(95, 2.1145247828308635)	(100, 3.0076328564128767)	(105, 3.099291006642821)	(110, 3.282766990291262)	(115, 4.030243995912111)	(120, 4.130205671946857)	(125, 4.141223811957078)	(130, 4.1421819110884)	(135, 4.1472917731221255)	(140, 4.147770822687788)	(145, 4.147770822687788)	(150, 4.147770822687788)	(155, 4.147770822687788)	(160, 4.14824987225345)	(165, 4.148569238630557)	(170, 4.148569238630557)	(175, 4.149367654573327)	(180, 4.149367654573327)	(185, 4.149527337761881)	(190, 4.150166070516096)	(195, 4.150804803270311)	(200, 4.150964486458865)	(205, 4.151124169647419)	(210, 4.151762902401635)	(215, 4.151762902401635)	(220, 4.151762902401635)	(225, 4.151762902401635)	(230, 4.151762902401635)	(235, 4.151762902401635)	(240, 4.151762902401635)	(245, 4.151762902401635)	(250, 4.151762902401635)	(255, 4.151762902401635)	(260, 4.151762902401635)	(265, 4.15240163515585)	(270, 4.152561318344405)	(275, 4.152561318344405)	(280, 4.153040367910067)	(285, 4.153359734287174)	(290, 4.153359734287174)
ST2Z_1 - nextera_transposase_sequence	(1, 0.0)	(2, 0.0)	(3, 0.0)	(4, 0.0)	(5, 0.0)	(6, 0.0)	(7, 0.0)	(8, 0.0)	(9, 0.0)	(10, 0.001427155599603568)	(15, 0.08658077304261645)	(20, 0.46160555004955406)	(25, 0.5153617443012884)	(30, 0.5188503468780972)	(35, 0.8670763131813676)	(40, 1.0824182358771062)	(45, 1.089236868186323)	(50, 1.094311199207136)	(55, 1.0954212091179385)	(60, 1.0957383548067394)	(65, 1.0957383548067394)	(70, 1.0957383548067394)	(75, 1.0957383548067394)	(80, 1.0957383548067394)	(85, 1.0957383548067394)	(90, 1.0957383548067394)	(95, 1.0957383548067394)	(100, 1.0957383548067394)	(105, 1.0957383548067394)	(110, 1.0982755203171457)	(115, 1.1001783944499506)	(120, 1.1020812685827552)	(125, 1.1020812685827552)	(130, 1.1020812685827552)	(135, 1.1020812685827552)	(140, 1.1033498513379585)	(145, 1.1043012884043606)	(150, 1.104459861248761)	(155, 1.104459861248761)	(160, 1.104459861248761)	(165, 1.104459861248761)	(170, 1.104459861248761)	(175, 1.1082656095143706)	(180, 1.1098513379583748)	(185, 1.1109613478691773)	(190, 1.1147670961347869)	(195, 1.1147670961347869)	(200, 1.1149256689791873)	(205, 1.115559960356789)	(210, 1.1157185332011894)	(215, 1.1166699702675917)	(220, 1.1179385530227948)	(225, 1.1179385530227948)	(230, 1.1179385530227948)	(235, 1.1179385530227948)	(240, 1.1179385530227948)	(245, 1.1179385530227948)	(250, 1.1190485629335976)	(255, 1.1195242814667987)	(260, 1.1195242814667987)	(265, 1.1195242814667987)	(270, 1.1195242814667987)	(275, 1.1195242814667987)	(280, 1.1195242814667987)	(285, 1.1195242814667987)	(290, 1.1195242814667987)
ST2Z_1 - polyg	(1, 0.0)	(2, 0.0)	(3, 0.0)	(4, 0.0)	(5, 0.0)	(6, 0.0)	(7, 0.0)	(8, 0.0)	(9, 0.0)	(10, 0.0)	(15, 0.0)	(20, 0.0)	(25, 0.0)	(30, 0.0)	(35, 0.0)	(40, 0.0)	(45, 0.0)	(50, 0.0)	(55, 0.0)	(60, 0.001744301288404361)	(65, 0.0023785926660059467)	(70, 0.0023785926660059467)	(75, 0.0023785926660059467)	(80, 0.0030128840436075325)	(85, 0.006025768087215065)	(90, 0.17030723488602578)	(95, 0.498394449950446)	(100, 0.5412091179385531)	(105, 0.5472348860257681)	(110, 0.9852130822596632)	(115, 1.1330029732408324)	(120, 1.1415659068384538)	(125, 1.145213082259663)	(130, 1.1463230921704657)	(135, 1.1464816650148661)	(140, 1.1464816650148661)	(145, 1.1469573835480673)	(150, 1.1488602576808722)	(155, 1.1488602576808722)	(160, 1.1488602576808722)	(165, 1.1488602576808722)	(170, 1.1488602576808722)	(175, 1.1488602576808722)	(180, 1.1488602576808722)	(185, 1.1518731417244799)	(190, 1.1539345887016847)	(195, 1.155203171456888)	(200, 1.155203171456888)	(205, 1.155203171456888)	(210, 1.155203171456888)	(215, 1.156788899900892)	(220, 1.157581764122894)	(225, 1.157581764122894)	(230, 1.157581764122894)	(235, 1.157581764122894)	(240, 1.157581764122894)	(245, 1.157581764122894)	(250, 1.1617046580773043)	(255, 1.1629732408325075)	(260, 1.1647175421209117)	(265, 1.1678889990089196)	(270, 1.1678889990089196)	(275, 1.16804757185332)	(280, 1.1686818632309217)	(285, 1.1688404360753222)	(290, 1.1694747274529236)
ST2Z_2 - nextera_transposase_sequence	(1, 0.0)	(2, 0.0)	(3, 0.0)	(4, 0.0)	(5, 0.0)	(6, 0.0)	(7, 0.0)	(8, 0.0)	(9, 0.0)	(10, 0.0007928642220019821)	(15, 0.08467789890981169)	(20, 0.4558969276511398)	(25, 0.5094945490584737)	(30, 0.5125074331020812)	(35, 0.862794846382557)	(40, 1.0776610505450939)	(45, 1.0849554013875125)	(50, 1.0895540138751239)	(55, 1.0906640237859269)	(60, 1.0909811694747276)	(65, 1.0909811694747276)	(70, 1.0909811694747276)	(75, 1.0933597621407334)	(80, 1.0933597621407334)	(85, 1.0933597621407334)	(90, 1.0933597621407334)	(95, 1.0933597621407334)	(100, 1.0933597621407334)	(105, 1.0933597621407334)	(110, 1.0958969276511399)	(115, 1.0977998017839443)	(120, 1.0997026759167492)	(125, 1.0997026759167492)	(130, 1.0997026759167492)	(135, 1.0997026759167492)	(140, 1.1003369672943508)	(145, 1.1011298315163527)	(150, 1.1012884043607531)	(155, 1.1012884043607531)	(160, 1.1012884043607531)	(165, 1.1012884043607531)	(170, 1.1012884043607531)	(175, 1.1050941526263625)	(180, 1.1066798810703666)	(185, 1.1082656095143706)	(190, 1.113974231912785)	(195, 1.113974231912785)	(200, 1.1141328047571855)	(205, 1.1147670961347869)	(210, 1.1147670961347869)	(215, 1.1150842418235878)	(220, 1.1163528245787908)	(225, 1.1163528245787908)	(230, 1.1163528245787908)	(235, 1.1163528245787908)	(240, 1.1163528245787908)	(245, 1.1163528245787908)	(250, 1.1174628344895936)	(255, 1.1179385530227948)	(260, 1.1179385530227948)	(265, 1.1179385530227948)	(270, 1.1179385530227948)	(275, 1.1179385530227948)	(280, 1.1179385530227948)	(285, 1.1179385530227948)	(290, 1.1179385530227948)
ST2Z_2 - polyg	(1, 0.7873141724479683)	(2, 0.7936570862239841)	(3, 0.79603567888999)	(4, 0.79603567888999)	(5, 0.796828543111992)	(6, 0.796828543111992)	(7, 0.796828543111992)	(8, 0.796828543111992)	(9, 0.796828543111992)	(10, 0.7976214073339941)	(15, 0.7993657086223983)	(20, 0.8001585728444004)	(25, 0.8125272547076312)	(30, 0.8480475718533201)	(35, 0.8491575817641228)	(40, 0.8491575817641228)	(45, 0.8531219028741328)	(50, 0.8531219028741328)	(55, 0.8531219028741328)	(60, 0.8531219028741328)	(65, 0.8534390485629336)	(70, 0.855183349851338)	(75, 0.8602576808721505)	(80, 0.861209117938553)	(85, 0.8621605550049555)	(90, 0.8640634291377601)	(95, 1.1345887016848366)	(100, 1.371655104063429)	(105, 1.3954410307234886)	(110, 1.4828146679881071)	(115, 1.9120713577799802)	(120, 1.9861248761149652)	(125, 1.994846382556987)	(130, 1.9969078295341922)	(135, 1.998017839444995)	(140, 1.998017839444995)	(145, 1.998017839444995)	(150, 1.9994449950445987)	(155, 2.001189296333003)	(160, 2.001189296333003)	(165, 2.001189296333003)	(170, 2.001189296333003)	(175, 2.001189296333003)	(180, 2.0016650148662043)	(185, 2.002616451932606)	(190, 2.0051536174430127)	(195, 2.007690782953419)	(200, 2.008325074331021)	(205, 2.008325074331021)	(210, 2.008325074331021)	(215, 2.0084836471754217)	(220, 2.010227948463826)	(225, 2.010703666997027)	(230, 2.010703666997027)	(235, 2.010703666997027)	(240, 2.010703666997027)	(245, 2.010703666997027)	(250, 2.011655104063429)	(255, 2.015619425173439)	(260, 2.0162537165510406)	(265, 2.019583746283449)	(270, 2.0218037661050543)	(275, 2.0218037661050543)	(280, 2.0222794846382555)	(285, 2.0225966303270564)	(290, 2.0225966303270564)
ST3D_1 - nextera_transposase_sequence	(1, 0.0)	(2, 0.0)	(3, 0.0)	(4, 0.0)	(5, 0.0)	(6, 0.0)	(7, 0.0)	(8, 0.0)	(9, 0.0)	(10, 0.0010729541781506293)	(15, 0.29519651826369186)	(20, 1.5559176775906813)	(25, 1.6937922894830373)	(30, 1.711093675605716)	(35, 1.9896594041080733)	(40, 2.1142562080458154)	(45, 2.1188162633029552)	(50, 2.1217668872928694)	(55, 2.1217668872928694)	(60, 2.1217668872928694)	(65, 2.1217668872928694)	(70, 2.1221692451096756)	(75, 2.1224374836542137)	(80, 2.1224374836542137)	(85, 2.1224374836542137)	(90, 2.1224374836542137)	(95, 2.1224374836542137)	(100, 2.1224374836542137)	(105, 2.1224374836542137)	(110, 2.1224374836542137)	(115, 2.1224374836542137)	(120, 2.1224374836542137)	(125, 2.1224374836542137)	(130, 2.1224374836542137)	(135, 2.1224374836542137)	(140, 2.122973960743289)	(145, 2.123108080015558)	(150, 2.123108080015558)	(155, 2.123108080015558)	(160, 2.123108080015558)	(165, 2.123108080015558)	(170, 2.1237786763769018)	(175, 2.1248516305550527)	(180, 2.1256563461886655)	(185, 2.125924584733203)	(190, 2.1264610618222783)	(195, 2.1264610618222783)	(200, 2.1264610618222783)	(205, 2.1272657774558916)	(210, 2.127802254544967)	(215, 2.1311552363516877)	(220, 2.1311552363516877)	(225, 2.1311552363516877)	(230, 2.1311552363516877)	(235, 2.1311552363516877)	(240, 2.1311552363516877)	(245, 2.1311552363516877)	(250, 2.1311552363516877)	(255, 2.1311552363516877)	(260, 2.132898786891182)	(265, 2.13316702543572)	(270, 2.13316702543572)	(275, 2.13316702543572)	(280, 2.13316702543572)	(285, 2.1338376217970643)	(290, 2.1338376217970643)
ST3D_1 - polyg	(1, 0.0)	(2, 0.0)	(3, 0.0)	(4, 0.0)	(5, 0.0)	(6, 0.0)	(7, 0.0)	(8, 0.0)	(9, 0.0)	(10, 0.0)	(15, 0.0)	(20, 0.0)	(25, 0.0)	(30, 0.0)	(35, 0.0)	(40, 0.0)	(45, 0.0)	(50, 0.0)	(55, 0.0)	(60, 0.006705963613441434)	(65, 0.00804715633612972)	(70, 0.00804715633612972)	(75, 0.008583633425205035)	(80, 0.010461303236968636)	(85, 0.016899028305872414)	(90, 0.6189604415206442)	(95, 1.68775692223094)	(100, 1.798941798941799)	(105, 1.8209373595938871)	(110, 2.170318063854186)	(115, 2.2320129290978468)	(120, 2.237243580716331)	(125, 2.239791846889439)	(130, 2.239791846889439)	(135, 2.239791846889439)	(140, 2.239791846889439)	(145, 2.2407306817953208)	(150, 2.241803635973471)	(155, 2.241803635973471)	(160, 2.241803635973471)	(165, 2.241803635973471)	(170, 2.241803635973471)	(175, 2.241803635973471)	(180, 2.241803635973471)	(185, 2.241803635973471)	(190, 2.241803635973471)	(195, 2.241803635973471)	(200, 2.241803635973471)	(205, 2.241803635973471)	(210, 2.241803635973471)	(215, 2.2424742323348155)	(220, 2.2424742323348155)	(225, 2.2424742323348155)	(230, 2.2424742323348155)	(235, 2.2424742323348155)	(240, 2.2426083516070845)	(245, 2.2431448286961593)	(250, 2.2444860214188473)	(255, 2.245156617780192)	(260, 2.2456930948692673)	(265, 2.24649781050288)	(270, 2.24649781050288)	(275, 2.24649781050288)	(280, 2.2475707646810306)	(285, 2.2481072417701062)	(290, 2.250521388670945)
ST3D_2 - nextera_transposase_sequence	(1, 0.0)	(2, 0.0)	(3, 0.0)	(4, 0.0)	(5, 0.0)	(6, 0.0)	(7, 0.0)	(8, 0.0)	(9, 0.0)	(10, 0.0)	(15, 0.29492827971915425)	(20, 1.5645013110158863)	(25, 1.7051924276258876)	(30, 1.7224938137485666)	(35, 1.9994501109836977)	(40, 2.123644557104633)	(45, 2.1290093279953863)	(50, 2.1324964290743758)	(55, 2.1324964290743758)	(60, 2.1324964290743758)	(65, 2.1324964290743758)	(70, 2.133032906163451)	(75, 2.134508218158408)	(80, 2.134508218158408)	(85, 2.134508218158408)	(90, 2.134508218158408)	(95, 2.134508218158408)	(100, 2.134508218158408)	(105, 2.134508218158408)	(110, 2.134508218158408)	(115, 2.134508218158408)	(120, 2.134508218158408)	(125, 2.134508218158408)	(130, 2.134508218158408)	(135, 2.134508218158408)	(140, 2.1350446952474837)	(145, 2.1351788145197523)	(150, 2.1351788145197523)	(155, 2.1351788145197523)	(160, 2.1351788145197523)	(165, 2.1351788145197523)	(170, 2.1358494108810966)	(175, 2.1369223650592466)	(180, 2.13772708069286)	(185, 2.138531796326473)	(190, 2.1412141817718497)	(195, 2.1412141817718497)	(200, 2.1412141817718497)	(205, 2.142018897405463)	(210, 2.142555374494538)	(215, 2.1452377599399144)	(220, 2.1452377599399144)	(225, 2.1452377599399144)	(230, 2.1452377599399144)	(235, 2.1452377599399144)	(240, 2.1452377599399144)	(245, 2.1452377599399144)	(250, 2.1452377599399144)	(255, 2.1452377599399144)	(260, 2.146981310479409)	(265, 2.147249549023947)	(270, 2.147249549023947)	(275, 2.147249549023947)	(280, 2.147249549023947)	(285, 2.147920145385291)	(290, 2.147920145385291)
ST3D_2 - polyg	(1, 0.8073980190583486)	(2, 0.8174569644785108)	(3, 0.8181275608398548)	(4, 0.818798157201199)	(5, 0.8194687535625431)	(6, 0.8194687535625431)	(7, 0.8201393499238873)	(8, 0.8201393499238873)	(9, 0.8201393499238873)	(10, 0.8221511390079197)	(15, 0.824162928091952)	(20, 0.825772359359178)	(25, 0.8342218735121143)	(30, 0.8652034254062138)	(35, 0.8660081410398268)	(40, 0.8664104988566332)	(45, 0.8672152144902462)	(50, 0.8677516915793216)	(55, 0.8677516915793216)	(60, 0.8677516915793216)	(65, 0.8677516915793216)	(70, 0.8681540493961281)	(75, 0.870568196296967)	(80, 0.8723117468364616)	(85, 0.8724458661087306)	(90, 0.8748600130095694)	(95, 1.8130243225300258)	(100, 2.5697252566707576)	(105, 2.646575599680796)	(110, 2.7270471630420934)	(115, 3.0341802965377114)	(120, 3.0682465916939936)	(125, 3.0745501974906286)	(130, 3.0753549131242415)	(135, 3.0753549131242415)	(140, 3.0753549131242415)	(145, 3.0753549131242415)	(150, 3.0766961058469295)	(155, 3.077366702208274)	(160, 3.077366702208274)	(165, 3.077366702208274)	(170, 3.077366702208274)	(175, 3.077366702208274)	(180, 3.077366702208274)	(185, 3.077366702208274)	(190, 3.077366702208274)	(195, 3.077366702208274)	(200, 3.077366702208274)	(205, 3.077366702208274)	(210, 3.077366702208274)	(215, 3.0775008214805424)	(220, 3.078037298569618)	(225, 3.078037298569618)	(230, 3.078037298569618)	(235, 3.078037298569618)	(240, 3.078037298569618)	(245, 3.0783055371141557)	(250, 3.0789761334755)	(255, 3.080183206925919)	(260, 3.0807196840149946)	(265, 3.081926757465414)	(270, 3.082731473099027)	(275, 3.082731473099027)	(280, 3.082865592371296)	(285, 3.0839385465494464)	(290, 3.0840726658217155)
ST3Q_1 - nextera_transposase_sequence	(1, 0.0)	(2, 0.0)	(3, 0.0)	(4, 0.0)	(5, 0.0)	(6, 0.0)	(7, 0.0)	(8, 0.0)	(9, 0.0)	(10, 0.001792208374093628)	(15, 0.3429092022432475)	(20, 1.8086369508561528)	(25, 1.9886045417547216)	(30, 2.015637018063967)	(35, 2.567338495889122)	(40, 2.8275074115283805)	(45, 2.8333320887441844)	(50, 2.8428905334060173)	(55, 2.844234689686588)	(60, 2.8451307938736345)	(65, 2.8451307938736345)	(70, 2.8466243008520458)	(75, 2.8472217036434104)	(80, 2.8473710543412514)	(85, 2.847968457132615)	(90, 2.8488645613196626)	(95, 2.8488645613196626)	(100, 2.8488645613196626)	(105, 2.8488645613196626)	(110, 2.8490139120175035)	(115, 2.8496113148088686)	(120, 2.8496113148088686)	(125, 2.8496113148088686)	(130, 2.8502087176002333)	(135, 2.8503580682980743)	(140, 2.8503580682980743)	(145, 2.850507418995915)	(150, 2.85110482178728)	(155, 2.85110482178728)	(160, 2.85110482178728)	(165, 2.85110482178728)	(170, 2.85110482178728)	(175, 2.85110482178728)	(180, 2.85110482178728)	(185, 2.8522996273700087)	(190, 2.855585342722514)	(195, 2.855585342722514)	(200, 2.855585342722514)	(205, 2.856182745513878)	(210, 2.856481446909561)	(215, 2.8593191101685425)	(220, 2.8593191101685425)	(225, 2.8593191101685425)	(230, 2.8593191101685425)	(235, 2.8593191101685425)	(240, 2.8593191101685425)	(245, 2.8593191101685425)	(250, 2.8593191101685425)	(255, 2.8593191101685425)	(260, 2.8605139157512713)	(265, 2.8608126171469537)	(270, 2.8608126171469537)	(275, 2.8608126171469537)	(280, 2.8617087213340002)	(285, 2.862306124125365)	(290, 2.862306124125365)
ST3Q_1 - polyg	(1, 0.0)	(2, 0.0)	(3, 0.0007467534892056783)	(4, 0.0007467534892056783)	(5, 0.0007467534892056783)	(6, 0.0007467534892056783)	(7, 0.0007467534892056783)	(8, 0.0007467534892056783)	(9, 0.0007467534892056783)	(10, 0.0007467534892056783)	(15, 0.0007467534892056783)	(20, 0.0007467534892056783)	(25, 0.0007467534892056783)	(30, 0.0007467534892056783)	(35, 0.0007467534892056783)	(40, 0.0007467534892056783)	(45, 0.0007467534892056783)	(50, 0.0007467534892056783)	(55, 0.0007467534892056783)	(60, 0.0023896111654581704)	(65, 0.009558444661832683)	(70, 0.013889614899225616)	(75, 0.014188316294907887)	(80, 0.016279226064683787)	(85, 0.02210390328048808)	(90, 0.5585716099258474)	(95, 1.9212473770283693)	(100, 2.0912084711715813)	(105, 2.119435753063556)	(110, 2.760000896104187)	(115, 2.958338622837215)	(120, 2.967598366103366)	(125, 2.976559407973834)	(130, 2.9780529149522446)	(135, 2.9787996684414506)	(140, 2.978949019139292)	(145, 2.980442526117703)	(150, 2.981637331700432)	(155, 2.9817866823982735)	(160, 2.982533435887479)	(165, 2.9832801893766847)	(170, 2.9832801893766847)	(175, 2.9832801893766847)	(180, 2.9832801893766847)	(185, 2.9834295400745257)	(190, 2.9840269428658903)	(195, 2.9840269428658903)	(200, 2.984325644261573)	(205, 2.9858191512399843)	(210, 2.9862672033335076)	(215, 2.9862672033335076)	(220, 2.9864165540313485)	(225, 2.987013956822713)	(230, 2.987013956822713)	(235, 2.987013956822713)	(240, 2.987013956822713)	(245, 2.987013956822713)	(250, 2.987013956822713)	(255, 2.987013956822713)	(260, 2.988507463801125)	(265, 2.9914944777579473)	(270, 2.9914944777579473)	(275, 2.9914944777579473)	(280, 2.9920918805493115)	(285, 2.9925399326428352)	(290, 2.995228245203976)
ST3Q_2 - nextera_transposase_sequence	(1, 0.0)	(2, 0.0)	(3, 0.0)	(4, 0.0)	(5, 0.0)	(6, 0.0)	(7, 0.0)	(8, 0.0)	(9, 0.0)	(10, 0.0005974027913645426)	(15, 0.3399221882864248)	(20, 1.8049031834101246)	(25, 1.9847214236108517)	(30, 2.0126500041071447)	(35, 2.5682346000761687)	(40, 2.835721699909643)	(45, 2.8427411827081763)	(50, 2.8518515752764855)	(55, 2.8518515752764855)	(60, 2.8518515752764855)	(65, 2.8518515752764855)	(70, 2.8533450822548967)	(75, 2.8540918357441023)	(80, 2.8540918357441023)	(85, 2.8546892385354665)	(90, 2.855585342722514)	(95, 2.855585342722514)	(100, 2.855585342722514)	(105, 2.855585342722514)	(110, 2.855734693420355)	(115, 2.8563320962117196)	(120, 2.8563320962117196)	(125, 2.8563320962117196)	(130, 2.8575269017944485)	(135, 2.857825603190131)	(140, 2.857825603190131)	(145, 2.8579749538879717)	(150, 2.8585723566793364)	(155, 2.8585723566793364)	(160, 2.8585723566793364)	(165, 2.8585723566793364)	(170, 2.8585723566793364)	(175, 2.8585723566793364)	(180, 2.8585723566793364)	(185, 2.860215214355589)	(190, 2.8652931380821878)	(195, 2.8652931380821878)	(200, 2.8652931380821878)	(205, 2.865890540873552)	(210, 2.8661892422692348)	(215, 2.8690269055282163)	(220, 2.8690269055282163)	(225, 2.8690269055282163)	(230, 2.8690269055282163)	(235, 2.8690269055282163)	(240, 2.8690269055282163)	(245, 2.8690269055282163)	(250, 2.8690269055282163)	(255, 2.8690269055282163)	(260, 2.870221711110945)	(265, 2.8705204125066275)	(270, 2.8705204125066275)	(275, 2.8705204125066275)	(280, 2.871416516693674)	(285, 2.8720139194850387)	(290, 2.8720139194850387)
ST3Q_2 - polyg	(1, 0.7945457125148417)	(2, 0.8005197404284872)	(3, 0.8005197404284872)	(4, 0.8020132474068985)	(5, 0.8027600008961042)	(6, 0.8027600008961042)	(7, 0.8035067543853098)	(8, 0.8035067543853098)	(9, 0.8035067543853098)	(10, 0.8044028585723568)	(15, 0.8061950669464503)	(20, 0.8072405218313381)	(25, 0.8199353311478348)	(30, 0.8433833907088932)	(35, 0.8438314428024165)	(40, 0.8439807935002577)	(45, 0.8456236511765102)	(50, 0.8460717032700336)	(55, 0.8460717032700336)	(60, 0.8460717032700336)	(65, 0.8468184567592392)	(70, 0.8469678074570803)	(75, 0.8496561200182209)	(80, 0.852045731183679)	(85, 0.85219508188152)	(90, 0.8569743042124364)	(95, 1.9448447872872687)	(100, 2.822728189197464)	(105, 2.926676274894894)	(110, 3.0764750248295534)	(115, 3.708377827395398)	(120, 3.782455773524602)	(125, 3.7930596730713217)	(130, 3.797241492610874)	(135, 3.7994817530784912)	(140, 3.7994817530784912)	(145, 3.800079155869855)	(150, 3.801273961452585)	(155, 3.8024687670353137)	(160, 3.8024687670353137)	(165, 3.803663572618043)	(170, 3.8039622740137253)	(175, 3.8039622740137253)	(180, 3.8039622740137253)	(185, 3.8047090275029314)	(190, 3.805157079596454)	(195, 3.805455780992136)	(200, 3.805455780992136)	(205, 3.805754482387819)	(210, 3.8069492879705478)	(215, 3.8069492879705478)	(220, 3.8069492879705478)	(225, 3.807397340064071)	(230, 3.807696041459754)	(235, 3.807696041459754)	(240, 3.807696041459754)	(245, 3.807696041459754)	(250, 3.807696041459754)	(255, 3.807696041459754)	(260, 3.807696041459754)	(265, 3.8106830554165767)	(270, 3.8121765623949875)	(275, 3.8121765623949875)	(280, 3.812325913092829)	(285, 3.8129233158841935)	(290, 3.8129233158841935)
ST3Z_1 - nextera_transposase_sequence	(1, 0.0)	(2, 0.0)	(3, 0.0)	(4, 0.0)	(5, 0.0)	(6, 0.0)	(7, 0.0)	(8, 0.0)	(9, 0.0)	(10, 0.0)	(15, 0.087420888648944)	(20, 0.4665049206772517)	(25, 0.5089144589206381)	(30, 0.5141180832449802)	(35, 0.8630210941921048)	(40, 1.001047229395274)	(45, 1.0102836625709806)	(50, 1.0134058371655859)	(55, 1.0134058371655859)	(60, 1.0134058371655859)	(65, 1.0134058371655859)	(70, 1.0134058371655859)	(75, 1.0134058371655859)	(80, 1.0134058371655859)	(85, 1.0134058371655859)	(90, 1.0134058371655859)	(95, 1.0135359277736944)	(100, 1.0140562902061285)	(105, 1.014186380814237)	(110, 1.0157474681115397)	(115, 1.0160076493277568)	(120, 1.0160076493277568)	(125, 1.0160076493277568)	(130, 1.0160076493277568)	(135, 1.0160076493277568)	(140, 1.0160076493277568)	(145, 1.0160076493277568)	(150, 1.0160076493277568)	(155, 1.0160076493277568)	(160, 1.0160076493277568)	(165, 1.0160076493277568)	(170, 1.0160076493277568)	(175, 1.0160076493277568)	(180, 1.0160076493277568)	(185, 1.0173085554088421)	(190, 1.0218617266926415)	(195, 1.0218617266926415)	(200, 1.0218617266926415)	(205, 1.0229024515575098)	(210, 1.0231626327737269)	(215, 1.0244635388548124)	(220, 1.0264148979764407)	(225, 1.0264148979764407)	(230, 1.0264148979764407)	(235, 1.0264148979764407)	(240, 1.0264148979764407)	(245, 1.0264148979764407)	(250, 1.0264148979764407)	(255, 1.0264148979764407)	(260, 1.0264148979764407)	(265, 1.0264148979764407)	(270, 1.0266750791926575)	(275, 1.0270653510169834)	(280, 1.0270653510169834)	(285, 1.0275857134494175)	(290, 1.027715804057526)
ST3Z_1 - polyg	(1, 0.0)	(2, 0.0)	(3, 0.0)	(4, 0.0)	(5, 0.0)	(6, 0.0)	(7, 0.0)	(8, 0.0)	(9, 0.0)	(10, 0.0)	(15, 0.0)	(20, 0.0)	(25, 0.0)	(30, 0.0)	(35, 0.0)	(40, 0.0)	(45, 0.0)	(50, 0.0)	(55, 0.0)	(60, 0.0003902718243256428)	(65, 0.0006504530405427381)	(70, 0.0006504530405427381)	(75, 0.0006504530405427381)	(80, 0.0006504530405427381)	(85, 0.0014309966891940238)	(90, 0.16222298831135884)	(95, 0.49538503567734926)	(100, 0.5312900435153084)	(105, 0.5432583794612947)	(110, 0.9503118922329403)	(115, 1.0433266770305516)	(120, 1.0523029289900416)	(125, 1.0554251035846467)	(130, 1.0556852848008638)	(135, 1.0556852848008638)	(140, 1.0556852848008638)	(145, 1.0556852848008638)	(150, 1.0556852848008638)	(155, 1.0556852848008638)	(160, 1.0556852848008638)	(165, 1.0556852848008638)	(170, 1.0559454660170808)	(175, 1.0563357378414064)	(180, 1.0565959190576237)	(185, 1.0581570063549264)	(190, 1.0582870969630347)	(195, 1.0582870969630347)	(200, 1.0582870969630347)	(205, 1.0582870969630347)	(210, 1.0582870969630347)	(215, 1.0582870969630347)	(220, 1.0582870969630347)	(225, 1.0582870969630347)	(230, 1.0582870969630347)	(235, 1.0582870969630347)	(240, 1.0582870969630347)	(245, 1.0582870969630347)	(250, 1.0582870969630347)	(255, 1.0582870969630347)	(260, 1.060238456084663)	(265, 1.0641411743279194)	(270, 1.0641411743279194)	(275, 1.0641411743279194)	(280, 1.0653119898008963)	(285, 1.0654420804090048)	(290, 1.0660925334495477)
ST3Z_2 - nextera_transposase_sequence	(1, 0.0)	(2, 0.0)	(3, 0.0)	(4, 0.0)	(5, 0.0)	(6, 0.0)	(7, 0.0)	(8, 0.0)	(9, 0.0)	(10, 0.0)	(15, 0.08729079804083544)	(20, 0.4675456455421201)	(25, 0.5112560898665921)	(30, 0.5168499860152596)	(35, 0.8695256245975322)	(40, 1.0095031189223294)	(45, 1.0184793708818192)	(50, 1.0216015454764242)	(55, 1.0218617266926415)	(60, 1.0218617266926415)	(65, 1.0218617266926415)	(70, 1.0218617266926415)	(75, 1.0218617266926415)	(80, 1.0218617266926415)	(85, 1.0218617266926415)	(90, 1.0218617266926415)	(95, 1.02199181730075)	(100, 1.0225121797331842)	(105, 1.0226422703412927)	(110, 1.0242033576385952)	(115, 1.0244635388548124)	(120, 1.0244635388548124)	(125, 1.0244635388548124)	(130, 1.0244635388548124)	(135, 1.0244635388548124)	(140, 1.0244635388548124)	(145, 1.0244635388548124)	(150, 1.0244635388548124)	(155, 1.0244635388548124)	(160, 1.0244635388548124)	(165, 1.0244635388548124)	(170, 1.0244635388548124)	(175, 1.0244635388548124)	(180, 1.0244635388548124)	(185, 1.026024626152115)	(190, 1.0316185223007825)	(195, 1.0316185223007825)	(200, 1.0316185223007825)	(205, 1.0326592471656508)	(210, 1.032919428381868)	(215, 1.0342203344629535)	(220, 1.0361716935845817)	(225, 1.0361716935845817)	(230, 1.0361716935845817)	(235, 1.0361716935845817)	(240, 1.0361716935845817)	(245, 1.0361716935845817)	(250, 1.0361716935845817)	(255, 1.0361716935845817)	(260, 1.0361716935845817)	(265, 1.0361716935845817)	(270, 1.0364318748007988)	(275, 1.0368221466251244)	(280, 1.0368221466251244)	(285, 1.0373425090575588)	(290, 1.037472599665667)
ST3Z_2 - polyg	(1, 0.7102947202726699)	(2, 0.71744970371864)	(3, 0.7181001567591828)	(4, 0.7187506097997255)	(5, 0.7187506097997255)	(6, 0.7187506097997255)	(7, 0.7194010628402683)	(8, 0.7194010628402683)	(9, 0.7194010628402683)	(10, 0.7196612440564852)	(15, 0.720051515880811)	(20, 0.720051515880811)	(25, 0.7256454120294785)	(30, 0.7614203292593291)	(35, 0.7616805104755462)	(40, 0.7616805104755462)	(45, 0.7616805104755462)	(50, 0.7616805104755462)	(55, 0.7616805104755462)	(60, 0.7616805104755462)	(65, 0.762330963516089)	(70, 0.7640221414215)	(75, 0.7661035911512368)	(80, 0.7672744066242138)	(85, 0.7676646784485394)	(90, 0.7681850408809736)	(95, 1.046709032841374)	(100, 1.2781402246664801)	(105, 1.297133453450328)	(110, 1.3934005034506536)	(115, 1.7727447166951784)	(120, 1.806178002979075)	(125, 1.8146338925061307)	(130, 1.8160648891953248)	(135, 1.8160648891953248)	(140, 1.8160648891953248)	(145, 1.8160648891953248)	(150, 1.8160648891953248)	(155, 1.8160648891953248)	(160, 1.8160648891953248)	(165, 1.816585251627759)	(170, 1.8167153422358673)	(175, 1.8177560671007356)	(180, 1.8180162483169529)	(185, 1.8187967919656043)	(190, 1.8199676074385809)	(195, 1.8199676074385809)	(200, 1.8199676074385809)	(205, 1.8199676074385809)	(210, 1.8199676074385809)	(215, 1.8199676074385809)	(220, 1.8199676074385809)	(225, 1.8199676074385809)	(230, 1.8199676074385809)	(235, 1.8199676074385809)	(240, 1.8199676074385809)	(245, 1.8199676074385809)	(250, 1.8199676074385809)	(255, 1.8199676074385809)	(260, 1.8199676074385809)	(265, 1.8236101444656203)	(270, 1.8258216848034656)	(275, 1.8258216848034656)	(280, 1.8260818660196825)	(285, 1.8271225908845508)	(290, 1.827122590884551)
ST4D_1 - nextera_transposase_sequence	(1, 0.0)	(2, 0.0)	(3, 0.0)	(4, 0.0)	(5, 0.0)	(6, 0.0)	(7, 0.0)	(8, 0.0)	(9, 0.0)	(10, 0.0005241433532071022)	(15, 0.21096769966585857)	(20, 1.1151149839481096)	(25, 1.2376334927602701)	(30, 1.2555854026076132)	(35, 1.4550219485029152)	(40, 1.5521195046845313)	(45, 1.5547402214505668)	(50, 1.5567057590250932)	(55, 1.5601126908209395)	(60, 1.5606368341741466)	(65, 1.5607678700124485)	(70, 1.5619471925571644)	(75, 1.5619471925571644)	(80, 1.5619471925571644)	(85, 1.5619471925571644)	(90, 1.5619471925571644)	(95, 1.5624713359103712)	(100, 1.5626023717486732)	(105, 1.5626023717486732)	(110, 1.5626023717486732)	(115, 1.5626023717486732)	(120, 1.5626023717486732)	(125, 1.5626023717486732)	(130, 1.5636506584550875)	(135, 1.563912730131691)	(140, 1.5644368734848981)	(145, 1.5645679093232)	(150, 1.5645679093232)	(155, 1.5645679093232)	(160, 1.5645679093232)	(165, 1.5645679093232)	(170, 1.5645679093232)	(175, 1.5645679093232)	(180, 1.5645679093232)	(185, 1.565092052676407)	(190, 1.5671886260892354)	(195, 1.5675817336041407)	(200, 1.5678438052807442)	(205, 1.5695472711786673)	(210, 1.5698093428552709)	(215, 1.574395597195833)	(220, 1.574395597195833)	(225, 1.5757059555788508)	(230, 1.5757059555788508)	(235, 1.5758369914171526)	(240, 1.5763611347703597)	(245, 1.5783266723448863)	(250, 1.5788508156980934)	(255, 1.5789818515363951)	(260, 1.5789818515363951)	(265, 1.5789818515363951)	(270, 1.5789818515363951)	(275, 1.5789818515363951)	(280, 1.5789818515363951)	(285, 1.5789818515363951)	(290, 1.5789818515363951)
ST4D_1 - polyg	(1, 0.0)	(2, 0.0)	(3, 0.0)	(4, 0.0)	(5, 0.0)	(6, 0.0)	(7, 0.0)	(8, 0.0)	(9, 0.0)	(10, 0.0)	(15, 0.0)	(20, 0.0)	(25, 0.0)	(30, 0.0)	(35, 0.0)	(40, 0.0)	(45, 0.0)	(50, 0.0)	(55, 0.0)	(60, 0.004717290178863919)	(65, 0.010613902902443819)	(70, 0.011138046255650921)	(75, 0.01323461966847933)	(80, 0.015593264757911288)	(85, 0.019393304068662777)	(90, 0.32876891829915483)	(95, 1.1933433794142698)	(100, 1.3114066697241695)	(105, 1.329751687086418)	(110, 1.554085042259058)	(115, 1.635720369521064)	(120, 1.638603157963703)	(125, 1.6408307672148332)	(130, 1.643975627334076)	(135, 1.644499770687283)	(140, 1.6448928782021883)	(145, 1.646203236585206)	(150, 1.6484308458363361)	(155, 1.6484308458363361)	(160, 1.6484308458363361)	(165, 1.6484308458363361)	(170, 1.6489549891895436)	(175, 1.6490860250278452)	(180, 1.6490860250278452)	(185, 1.6490860250278452)	(190, 1.6490860250278452)	(195, 1.6490860250278452)	(200, 1.6490860250278452)	(205, 1.6503963834108628)	(210, 1.6503963834108628)	(215, 1.6510515626023718)	(220, 1.6510515626023718)	(225, 1.6510515626023718)	(230, 1.6510515626023718)	(235, 1.6510515626023718)	(240, 1.6510515626023718)	(245, 1.6510515626023718)	(250, 1.6510515626023718)	(255, 1.6510515626023718)	(260, 1.6518377776321824)	(265, 1.6536722793684073)	(270, 1.6540653868833126)	(275, 1.6543274585599161)	(280, 1.656030924457839)	(285, 1.6570792111642536)	(290, 1.660879250475005)
ST4D_2 - nextera_transposase_sequence	(1, 0.0)	(2, 0.0)	(3, 0.0)	(4, 0.0)	(5, 0.0)	(6, 0.0)	(7, 0.0)	(8, 0.0)	(9, 0.0)	(10, 0.0)	(15, 0.20952630544453904)	(20, 1.1153770556247131)	(25, 1.2398611020114)	(30, 1.2554543667693114)	(35, 1.4581668086221584)	(40, 1.5530367555526439)	(45, 1.5559195439952827)	(50, 1.5573609382166023)	(55, 1.5607678700124485)	(60, 1.5612920133656556)	(65, 1.5614230492039574)	(70, 1.562733407586975)	(75, 1.5652230885147087)	(80, 1.5652230885147087)	(85, 1.5652230885147087)	(90, 1.5652230885147087)	(95, 1.565747231867916)	(100, 1.5658782677062177)	(105, 1.5658782677062177)	(110, 1.5658782677062177)	(115, 1.5658782677062177)	(120, 1.5658782677062177)	(125, 1.5658782677062177)	(130, 1.5669265544126318)	(135, 1.5671886260892354)	(140, 1.5677127694424424)	(145, 1.5678438052807442)	(150, 1.5678438052807442)	(155, 1.5678438052807442)	(160, 1.5678438052807442)	(165, 1.5678438052807442)	(170, 1.5678438052807442)	(175, 1.5678438052807442)	(180, 1.5678438052807442)	(185, 1.5683679486339515)	(190, 1.5704645220467799)	(195, 1.5708576295616852)	(200, 1.5711197012382887)	(205, 1.5728231671362118)	(210, 1.5730852388128154)	(215, 1.5776714931533775)	(220, 1.5776714931533775)	(225, 1.5789818515363951)	(230, 1.5789818515363951)	(235, 1.5791128873746971)	(240, 1.5796370307279042)	(245, 1.5816025683024306)	(250, 1.582126711655638)	(255, 1.5822577474939397)	(260, 1.5822577474939397)	(265, 1.5825198191705432)	(270, 1.5833060342003538)	(275, 1.5838301775535608)	(280, 1.5842232850684663)	(285, 1.5842232850684663)	(290, 1.5842232850684663)
ST4D_2 - polyg	(1, 0.7469042783201205)	(2, 0.755421607809736)	(3, 0.7573871453842626)	(4, 0.7580423245757715)	(5, 0.7586975037672804)	(6, 0.7586975037672804)	(7, 0.7600078621502981)	(8, 0.7600078621502981)	(9, 0.760663041341807)	(10, 0.7617113280482212)	(15, 0.7630216864312389)	(20, 0.7642010089759549)	(25, 0.7766494136146236)	(30, 0.819629168577606)	(35, 0.8209395269606239)	(40, 0.8209395269606239)	(45, 0.8229050645351503)	(50, 0.8229050645351503)	(55, 0.8229050645351503)	(60, 0.8229050645351503)	(65, 0.8231671362117539)	(70, 0.8246085304330734)	(75, 0.8276223547140142)	(80, 0.831291358186464)	(85, 0.8314223940247658)	(90, 0.83247068073118)	(95, 1.5024569219681583)	(100, 2.0507108694227876)	(105, 2.126056476446308)	(110, 2.1816156718862607)	(115, 2.4110594247526698)	(120, 2.4381838432811374)	(125, 2.440804560047173)	(130, 2.443163205136605)	(135, 2.4457839219026405)	(140, 2.4457839219026405)	(145, 2.446439101094149)	(150, 2.448273602830374)	(155, 2.449714997051694)	(160, 2.4498460328899956)	(165, 2.4503701762432026)	(170, 2.4505012120815044)	(175, 2.4510253554347115)	(180, 2.4510253554347115)	(185, 2.4510253554347115)	(190, 2.4510253554347115)	(195, 2.4510253554347115)	(200, 2.4510253554347115)	(205, 2.4514184629496163)	(210, 2.452335713817729)	(215, 2.452466749656031)	(220, 2.452990893009238)	(225, 2.452990893009238)	(230, 2.452990893009238)	(235, 2.452990893009238)	(240, 2.452990893009238)	(245, 2.453515036362445)	(250, 2.454301251392256)	(255, 2.454301251392256)	(260, 2.454301251392256)	(265, 2.4562667889667824)	(270, 2.4575771473498)	(275, 2.458232326541309)	(280, 2.4587564698945163)	(285, 2.4601978641158357)	(290, 2.4601978641158357)
ST4Q_1 - nextera_transposase_sequence	(1, 0.0)	(2, 0.0)	(3, 0.0)	(4, 0.0)	(5, 0.0)	(6, 0.0)	(7, 0.0)	(8, 0.0)	(9, 0.0)	(10, 0.0009953034120245092)	(15, 0.254051195919256)	(20, 1.350626730117259)	(25, 1.5055208236135733)	(30, 1.5265466081925911)	(35, 1.909116357189512)	(40, 2.1370408385431245)	(45, 2.1451276787658236)	(50, 2.1461229821778485)	(55, 2.1510994992379704)	(60, 2.1523436285030013)	(65, 2.1535877577680322)	(70, 2.1535877577680322)	(75, 2.1535877577680322)	(80, 2.1535877577680322)	(85, 2.1535877577680322)	(90, 2.1535877577680322)	(95, 2.1535877577680322)	(100, 2.1535877577680322)	(105, 2.1537121706945355)	(110, 2.1557027775185844)	(115, 2.156076016298093)	(120, 2.156076016298093)	(125, 2.156076016298093)	(130, 2.1568224938571117)	(135, 2.1579422101956394)	(140, 2.158439861901652)	(145, 2.1585642748281546)	(150, 2.1585642748281546)	(155, 2.1585642748281546)	(160, 2.1585642748281546)	(165, 2.1585642748281546)	(170, 2.1585642748281546)	(175, 2.1585642748281546)	(180, 2.1585642748281546)	(185, 2.158937513607664)	(190, 2.159808404093185)	(195, 2.159808404093185)	(200, 2.159808404093185)	(205, 2.159808404093185)	(210, 2.1599328170196883)	(215, 2.1641628565207927)	(220, 2.1642872694472954)	(225, 2.164784921153308)	(230, 2.164784921153308)	(235, 2.164784921153308)	(240, 2.164784921153308)	(245, 2.1652825728593204)	(250, 2.1664022891978476)	(255, 2.1666511150508536)	(260, 2.1666511150508536)	(265, 2.1666511150508536)	(270, 2.1672731796833693)	(275, 2.1672731796833693)	(280, 2.1672731796833693)	(285, 2.1672731796833693)	(290, 2.1672731796833693)
ST4Q_1 - polyg	(1, 0.0)	(2, 0.0)	(3, 0.0006220646325153183)	(4, 0.0006220646325153183)	(5, 0.0006220646325153183)	(6, 0.0006220646325153183)	(7, 0.0006220646325153183)	(8, 0.0006220646325153183)	(9, 0.0006220646325153183)	(10, 0.0006220646325153183)	(15, 0.0006220646325153183)	(20, 0.0006220646325153183)	(25, 0.0006220646325153183)	(30, 0.0006220646325153183)	(35, 0.0006220646325153183)	(40, 0.0006220646325153183)	(45, 0.0006220646325153183)	(50, 0.0006220646325153183)	(55, 0.0006220646325153183)	(60, 0.0032347360890796553)	(65, 0.005598581692637865)	(70, 0.005598581692637865)	(75, 0.006096233398650121)	(80, 0.006593885104662374)	(85, 0.011072750458772668)	(90, 0.494416969923175)	(95, 1.4527697427762742)	(100, 1.5901216136356566)	(105, 1.6122671145532022)	(110, 2.065005754097851)	(115, 2.243165064850238)	(120, 2.251625143852446)	(125, 2.2526204472644706)	(130, 2.2584678548101147)	(135, 2.258841093589624)	(140, 2.2598363970016484)	(145, 2.2599608099281516)	(150, 2.2599608099281516)	(155, 2.2599608099281516)	(160, 2.2599608099281516)	(165, 2.260334048707661)	(170, 2.260582874560667)	(175, 2.260582874560667)	(180, 2.260831700413673)	(185, 2.262822307237722)	(190, 2.2630711330907283)	(195, 2.2630711330907283)	(200, 2.2630711330907283)	(205, 2.2639420235762495)	(210, 2.264937326988274)	(215, 2.2655593916207892)	(220, 2.2655593916207892)	(225, 2.2655593916207892)	(230, 2.2655593916207892)	(235, 2.2655593916207892)	(240, 2.2655593916207892)	(245, 2.2655593916207892)	(250, 2.2655593916207892)	(255, 2.2655593916207892)	(260, 2.2661814562533045)	(265, 2.26680352088582)	(270, 2.26680352088582)	(275, 2.26680352088582)	(280, 2.26680352088582)	(285, 2.267301172591832)	(290, 2.270535908680912)
ST4Q_2 - nextera_transposase_sequence	(1, 0.0)	(2, 0.0)	(3, 0.0)	(4, 0.0)	(5, 0.0)	(6, 0.0)	(7, 0.0)	(8, 0.0)	(9, 0.0)	(10, 0.0)	(15, 0.2545488476252683)	(20, 1.3579670927809402)	(25, 1.5153494448073155)	(30, 1.535877577680321)	(35, 1.9203135205747877)	(40, 2.151970389723492)	(45, 2.161301359211222)	(50, 2.1622966626232465)	(55, 2.1657802245653324)	(60, 2.1666511150508536)	(65, 2.1678952443158845)	(70, 2.1678952443158845)	(75, 2.1678952443158845)	(80, 2.1678952443158845)	(85, 2.1678952443158845)	(90, 2.1678952443158845)	(95, 2.1678952443158845)	(100, 2.1678952443158845)	(105, 2.1680196572423873)	(110, 2.1700102640664367)	(115, 2.1703835028459455)	(120, 2.1703835028459455)	(125, 2.1703835028459455)	(130, 2.1711299804049644)	(135, 2.1722496967434917)	(140, 2.1727473484495037)	(145, 2.172871761376007)	(150, 2.172871761376007)	(155, 2.172871761376007)	(160, 2.172871761376007)	(165, 2.172871761376007)	(170, 2.172871761376007)	(175, 2.172871761376007)	(180, 2.172871761376007)	(185, 2.1733694130820194)	(190, 2.174737955273553)	(195, 2.174737955273553)	(200, 2.174737955273553)	(205, 2.174737955273553)	(210, 2.1748623682000563)	(215, 2.17909240770116)	(220, 2.179216820627663)	(225, 2.1797144723336754)	(230, 2.1797144723336754)	(235, 2.1797144723336754)	(240, 2.1797144723336754)	(245, 2.180212124039688)	(250, 2.181331840378215)	(255, 2.1815806662312216)	(260, 2.1815806662312216)	(265, 2.182202730863737)	(270, 2.182824795496252)	(275, 2.182824795496252)	(280, 2.182824795496252)	(285, 2.182824795496252)	(290, 2.182824795496252)
ST4Q_2 - polyg	(1, 0.7458554943858667)	(2, 0.7514540760785046)	(3, 0.7539423346085659)	(4, 0.7551864638735964)	(5, 0.7551864638735964)	(6, 0.7558085285061118)	(7, 0.7558085285061118)	(8, 0.7558085285061118)	(9, 0.7558085285061118)	(10, 0.7566794189916333)	(15, 0.7599141550807129)	(20, 0.7616559360517557)	(25, 0.7673789306708967)	(30, 0.7931324064570309)	(35, 0.7931324064570309)	(40, 0.7931324064570309)	(45, 0.7931324064570309)	(50, 0.7931324064570309)	(55, 0.7931324064570309)	(60, 0.7931324064570309)	(65, 0.7931324064570309)	(70, 0.7942521227955585)	(75, 0.7964915554726136)	(80, 0.7974868588846381)	(85, 0.7974868588846381)	(90, 0.7997262915616932)	(95, 1.6029361450654722)	(100, 2.2823551366987034)	(105, 2.372181269633915)	(110, 2.4733289788809056)	(115, 2.9355230008397877)	(120, 3.0180087711113184)	(125, 3.022985288171441)	(130, 3.0249758949954897)	(135, 3.0300768249821157)	(140, 3.0305744766881277)	(145, 3.031320954247146)	(150, 3.031320954247146)	(155, 3.031320954247146)	(160, 3.031320954247146)	(165, 3.031320954247146)	(170, 3.031320954247146)	(175, 3.031320954247146)	(180, 3.031320954247146)	(185, 3.0320674318061647)	(190, 3.0338092127772076)	(195, 3.0338092127772076)	(200, 3.0338092127772076)	(205, 3.033933625703711)	(210, 3.0351777549687413)	(215, 3.0357998196012566)	(220, 3.036297471307269)	(225, 3.036297471307269)	(230, 3.036297471307269)	(235, 3.036297471307269)	(240, 3.036297471307269)	(245, 3.036297471307269)	(250, 3.036297471307269)	(255, 3.036297471307269)	(260, 3.036297471307269)	(265, 3.0370439488662875)	(270, 3.0375416005722995)	(275, 3.0375416005722995)	(280, 3.0375416005722995)	(285, 3.0375416005722995)	(290, 3.0375416005722995)
ST4Z_1 - nextera_transposase_sequence	(1, 0.0)	(2, 0.0)	(3, 0.0)	(4, 0.0)	(5, 0.0)	(6, 0.0)	(7, 0.0)	(8, 0.0)	(9, 0.0)	(10, 0.0)	(15, 0.058682156211422754)	(20, 0.3219169504362398)	(25, 0.3627082053636922)	(30, 0.3660478402700333)	(35, 0.7034702384857141)	(40, 0.8969305177030467)	(45, 0.9169683271410938)	(50, 0.9362905005277817)	(55, 0.9378410453057257)	(60, 0.9380795906561786)	(65, 0.9380795906561786)	(70, 0.9380795906561786)	(75, 0.9380795906561786)	(80, 0.9410614075368404)	(85, 0.9422541342891051)	(90, 0.9440432244175021)	(95, 0.944520315118408)	(100, 0.9446395877936344)	(105, 0.9446395877936344)	(110, 0.9465479505972579)	(115, 0.9473828593238431)	(120, 0.9488141314265608)	(125, 0.9488141314265608)	(130, 0.9492912221274666)	(135, 0.9494104948026931)	(140, 0.9494104948026931)	(145, 0.9494104948026931)	(150, 0.9494104948026931)	(155, 0.9494104948026931)	(160, 0.9494104948026931)	(165, 0.9494104948026931)	(170, 0.9494104948026931)	(175, 0.9510803122558638)	(180, 0.9517959483072225)	(185, 0.952153766332902)	(190, 0.9535850384356197)	(195, 0.9535850384356197)	(200, 0.9535850384356197)	(205, 0.9540621291365255)	(210, 0.9546584925126578)	(215, 0.9602643082483018)	(220, 0.9607413989492077)	(225, 0.9607413989492077)	(230, 0.9607413989492077)	(235, 0.9607413989492077)	(240, 0.9607413989492077)	(245, 0.9607413989492077)	(250, 0.9610992169748872)	(255, 0.9613377623253401)	(260, 0.9618148530262459)	(265, 0.9619341257014724)	(270, 0.9621726710519253)	(275, 0.962888307103284)	(280, 0.9634846704794164)	(285, 0.9637232158298694)	(290, 0.9637232158298694)
ST4Z_1 - polyg	(1, 0.0)	(2, 0.0)	(3, 0.0)	(4, 0.0)	(5, 0.0)	(6, 0.0)	(7, 0.0)	(8, 0.0)	(9, 0.0)	(10, 0.0)	(15, 0.0)	(20, 0.0)	(25, 0.0)	(30, 0.0)	(35, 0.0)	(40, 0.0)	(45, 0.0)	(50, 0.0)	(55, 0.0)	(60, 0.0005963633761323449)	(65, 0.0005963633761323449)	(70, 0.0009541814018117519)	(75, 0.002146908154076442)	(80, 0.002981816880661725)	(85, 0.004413088983379353)	(90, 0.11700649439716608)	(95, 0.35185439191808354)	(100, 0.38644346773375954)	(105, 0.3959852817518771)	(110, 0.8030629222998158)	(115, 0.9396301354341228)	(120, 0.9646773972316811)	(125, 0.9792286636093104)	(130, 0.9810177537377076)	(135, 0.9810177537377076)	(140, 0.9810177537377076)	(145, 0.9810177537377076)	(150, 0.981375571763387)	(155, 0.9837610252679163)	(160, 0.9853115700458603)	(165, 0.9869813874990309)	(170, 0.9875777508751632)	(175, 0.9875777508751632)	(180, 0.9875777508751632)	(185, 0.9896053863540132)	(190, 0.9902017497301456)	(195, 0.9917522945080897)	(200, 0.9918715671833163)	(205, 0.9923486578842219)	(210, 0.9923486578842219)	(215, 0.9923486578842219)	(220, 0.9923486578842219)	(225, 0.9923486578842219)	(230, 0.9923486578842219)	(235, 0.9923486578842219)	(240, 0.9923486578842219)	(245, 0.9923486578842219)	(250, 0.9944955660382984)	(255, 0.9953304747648838)	(260, 0.9960461108162425)	(265, 0.9971195648932808)	(270, 0.9971195648932808)	(275, 0.9971195648932808)	(280, 0.9975966555941866)	(285, 0.9990279276969043)	(290, 1.004275925406869)
ST4Z_2 - nextera_transposase_sequence	(1, 0.0)	(2, 0.0)	(3, 0.0)	(4, 0.0)	(5, 0.0)	(6, 0.0)	(7, 0.0)	(8, 0.0)	(9, 0.0)	(10, 0.0)	(15, 0.05915924691232862)	(20, 0.32322894986373096)	(25, 0.36306602338937155)	(30, 0.365451476893901)	(35, 0.6959560599464465)	(40, 0.8873887036849293)	(45, 0.9071879677725232)	(50, 0.9261523231335318)	(55, 0.9271065045353437)	(60, 0.9273450498857965)	(65, 0.9273450498857965)	(70, 0.9273450498857965)	(75, 0.9273450498857965)	(80, 0.9303268667664583)	(85, 0.9315195935187228)	(90, 0.9333086836471198)	(95, 0.9337857743480257)	(100, 0.9339050470232522)	(105, 0.9339050470232522)	(110, 0.9358134098268757)	(115, 0.9366483185534611)	(120, 0.9380795906561786)	(125, 0.9380795906561786)	(130, 0.9385566813570845)	(135, 0.9386759540323111)	(140, 0.9386759540323111)	(145, 0.9386759540323111)	(150, 0.9386759540323111)	(155, 0.9386759540323111)	(160, 0.9386759540323111)	(165, 0.9386759540323111)	(170, 0.9386759540323111)	(175, 0.9403457714854815)	(180, 0.9410614075368404)	(185, 0.9417770435881991)	(190, 0.9446395877936344)	(195, 0.9446395877936344)	(200, 0.9446395877936344)	(205, 0.9451166784945404)	(210, 0.9457130418706725)	(215, 0.9525115843585814)	(220, 0.9529886750594873)	(225, 0.9529886750594873)	(230, 0.9529886750594873)	(235, 0.9529886750594873)	(240, 0.9529886750594873)	(245, 0.9529886750594873)	(250, 0.9533464930851666)	(255, 0.9538235837860725)	(260, 0.9546584925126578)	(265, 0.9547777651878843)	(270, 0.9550163105383372)	(275, 0.955731946589696)	(280, 0.9563283099658284)	(285, 0.9565668553162812)	(290, 0.9565668553162813)
ST4Z_2 - polyg	(1, 1.0340940942134862)	(2, 1.0591413560110448)	(3, 1.0657013531485005)	(4, 1.0657013531485005)	(5, 1.0657013531485005)	(6, 1.0657013531485005)	(7, 1.0662977165246328)	(8, 1.0662977165246328)	(9, 1.0662977165246328)	(10, 1.0673711706016709)	(15, 1.0708300781832387)	(20, 1.0728577136620885)	(25, 1.0794177107995444)	(30, 1.1042264272466498)	(35, 1.1050613359732353)	(40, 1.1051806086484617)	(45, 1.1056576993493676)	(50, 1.1056576993493676)	(55, 1.1056576993493676)	(60, 1.1056576993493676)	(65, 1.1061347900502736)	(70, 1.1062540627255)	(75, 1.1074467894777646)	(80, 1.108043152853897)	(85, 1.108043152853897)	(90, 1.109116606930935)	(95, 1.2970903430878504)	(100, 1.470274267516683)	(105, 1.486733896697936)	(110, 1.5730873135618995)	(115, 1.971696594168759)	(120, 2.0337183852865226)	(125, 2.0654449168967632)	(130, 2.07164709600854)	(135, 2.072959095436031)	(140, 2.072959095436031)	(145, 2.072959095436031)	(150, 2.072959095436031)	(155, 2.0741518221882957)	(160, 2.075940912316693)	(165, 2.078326365821222)	(170, 2.079042001872581)	(175, 2.079519092573487)	(180, 2.079519092573487)	(185, 2.079996183274393)	(190, 2.0819045460780163)	(195, 2.0829780001550544)	(200, 2.083693636206413)	(205, 2.0838129088816393)	(210, 2.0842899995825457)	(215, 2.0842899995825457)	(220, 2.0842899995825457)	(225, 2.0842899995825457)	(230, 2.0842899995825457)	(235, 2.0842899995825457)	(240, 2.0842899995825457)	(245, 2.0842899995825457)	(250, 2.084647817608225)	(255, 2.0865561804118484)	(260, 2.086675453087075)	(265, 2.0881067251897925)	(270, 2.0890609065916044)	(275, 2.0890609065916044)	(280, 2.089180179266831)	(285, 2.089776542642963)	(290, 2.090253633343869)
STD_1 - nextera_transposase_sequence	(1, 0.0)	(2, 0.0)	(3, 0.0)	(4, 0.0)	(5, 0.0)	(6, 0.0)	(7, 0.0)	(8, 0.0)	(9, 0.0)	(10, 0.0005751712932007563)	(15, 0.0647067704850851)	(20, 0.3386320988719453)	(25, 0.3898223439668126)	(30, 0.39844991336482394)	(35, 0.5567658118183322)	(40, 0.6183091401908131)	(45, 0.620466032540316)	(50, 0.6224791320665186)	(55, 0.6234856818296199)	(60, 0.6246360244160215)	(65, 0.6247798172393216)	(70, 0.6247798172393216)	(75, 0.6247798172393216)	(80, 0.6247798172393216)	(85, 0.625067402885922)	(90, 0.6257863670024228)	(95, 0.6262177454723235)	(100, 0.6262177454723235)	(105, 0.6265053311189238)	(110, 0.6293811875849276)	(115, 0.6306753229946294)	(120, 0.6325446296975319)	(125, 0.632688422520832)	(130, 0.6367146215732373)	(135, 0.6450546053246483)	(140, 0.6556952742488622)	(145, 0.6578521665983651)	(150, 0.6585711307148661)	(155, 0.6595776804779674)	(160, 0.6712248991652826)	(165, 0.6765452336273896)	(170, 0.6765452336273896)	(175, 0.6781269546836918)	(180, 0.6801400542098944)	(185, 0.6801400542098944)	(190, 0.683591081969099)	(195, 0.708035861930131)	(200, 0.7215523873203489)	(205, 0.7408206256425741)	(210, 0.8017887827218544)	(215, 0.8224949492770814)	(220, 0.8258021842129859)	(225, 0.8637634895642359)	(230, 0.8873455125854669)	(235, 0.8953979106902775)	(240, 0.9022999662086866)	(245, 0.9028751375018873)	(250, 0.9721832783325786)	(255, 1.0049680420450215)	(260, 1.0079876913343255)	(265, 1.0097132052139277)	(270, 1.0262493798934496)	(275, 1.07988410298442)	(280, 1.0964202776639418)	(285, 1.0998713054231462)	(290, 1.106485775294955)
STD_1 - polyg	(1, 0.0)	(2, 0.0)	(3, 0.0)	(4, 0.0)	(5, 0.0)	(6, 0.0)	(7, 0.0)	(8, 0.0)	(9, 0.0)	(10, 0.0)	(15, 0.0)	(20, 0.0)	(25, 0.0)	(30, 0.0)	(35, 0.0)	(40, 0.0)	(45, 0.0)	(50, 0.0)	(55, 0.0)	(60, 0.0)	(65, 0.0)	(70, 0.0)	(75, 0.0004313784699005672)	(80, 0.0015817210563020799)	(85, 0.0034510277592045375)	(90, 0.11417150170035013)	(95, 0.3655213568290806)	(100, 0.41929987274335134)	(105, 0.4292215775510644)	(110, 0.6105443277326028)	(115, 0.6564142383653632)	(120, 0.6591463020080668)	(125, 0.6613031943575696)	(130, 0.662309744120671)	(135, 0.6628849154138717)	(140, 0.6628849154138717)	(145, 0.6636038795303726)	(150, 0.6636038795303726)	(155, 0.6636038795303726)	(160, 0.6640352580002732)	(165, 0.664754222116774)	(170, 0.6650418077633745)	(175, 0.6650418077633745)	(180, 0.6654731862332751)	(185, 0.668492835522579)	(190, 0.6697869709322808)	(195, 0.6713686919885828)	(200, 0.6715124848118831)	(205, 0.6766890264506898)	(210, 0.6843100460855999)	(215, 0.6953820934797144)	(220, 0.697251400182617)	(225, 0.698114157122418)	(230, 0.6991207068855193)	(235, 0.7119182681592362)	(240, 0.7168072241514426)	(245, 0.7168072241514426)	(250, 0.7193954949708461)	(255, 0.7211210088504483)	(260, 0.7211210088504483)	(265, 0.7252910007261538)	(270, 0.7511737089201878)	(275, 0.7658405768968072)	(280, 0.7849650223957323)	(285, 0.8531228206400219)	(290, 0.868508652733142)
STD_2 - nextera_transposase_sequence	(1, 0.0)	(2, 0.0)	(3, 0.0)	(4, 0.0)	(5, 0.0)	(6, 0.0)	(7, 0.0)	(8, 0.0)	(9, 0.0)	(10, 0.0)	(15, 0.06628849154138718)	(20, 0.3484100108563582)	(25, 0.3985937061881241)	(30, 0.40707748276283534)	(35, 0.5607920108707374)	(40, 0.6226229248898187)	(45, 0.6250674028859219)	(50, 0.6275118808820253)	(55, 0.6285184306451266)	(60, 0.6290936019383273)	(65, 0.6290936019383273)	(70, 0.629668773231528)	(75, 0.6298125660548282)	(80, 0.6298125660548282)	(85, 0.6301001517014285)	(90, 0.6308191158179295)	(95, 0.6312504942878301)	(100, 0.6312504942878301)	(105, 0.6315380799344305)	(110, 0.6344139364004342)	(115, 0.635708071810136)	(120, 0.6375773785130384)	(125, 0.6377211713363387)	(130, 0.641747370388744)	(135, 0.6503749397867553)	(140, 0.6614469871808698)	(145, 0.6636038795303726)	(150, 0.6643228436468736)	(155, 0.6653293934099749)	(160, 0.6769766120972902)	(165, 0.6822969465593972)	(170, 0.6822969465593972)	(175, 0.6835910819690989)	(180, 0.685172803025401)	(185, 0.685172803025401)	(190, 0.6886238307846054)	(195, 0.7142189533320392)	(200, 0.7277354787222569)	(205, 0.7465723385745817)	(210, 0.8069653243606612)	(215, 0.8275276980925883)	(220, 0.8308349330284927)	(225, 0.8687962383797425)	(230, 0.8923782614009734)	(235, 0.9001430738591838)	(240, 0.9066137509076923)	(245, 0.9071889222008929)	(250, 0.9753467204451827)	(255, 1.0088504482741265)	(260, 1.012301476033331)	(265, 1.0140269899129335)	(270, 1.0302755789458549)	(275, 1.0834789235669249)	(280, 1.1007340623629474)	(285, 1.1041850901221522)	(290, 1.1107995599939606)
STD_2 - polyg	(1, 0.8009260257820532)	(2, 0.8174622004615749)	(3, 0.8196190928110778)	(4, 0.8224949492770816)	(5, 0.8224949492770816)	(6, 0.8224949492770816)	(7, 0.8232139133935825)	(8, 0.8232139133935825)	(9, 0.8232139133935825)	(10, 0.8239328775100836)	(15, 0.8279590765624887)	(20, 0.8345735464342976)	(25, 0.8409004306595058)	(30, 0.8549921273429243)	(35, 0.8562862627526261)	(40, 0.85930591204193)	(45, 0.8629007326244347)	(50, 0.8634759039176355)	(55, 0.8634759039176355)	(60, 0.8647700393273372)	(65, 0.8657765890904384)	(70, 0.8666393460302396)	(75, 0.8670707245001402)	(80, 0.8670707245001402)	(85, 0.8670707245001402)	(90, 0.867645895793341)	(95, 1.0702499838233073)	(100, 1.2486968775388418)	(105, 1.281481641251285)	(110, 1.329220858586948)	(115, 1.4968832905549685)	(120, 1.5105436087684863)	(125, 1.514857393467492)	(130, 1.515576357583993)	(135, 1.5178770427567962)	(140, 1.5184522140499968)	(145, 1.5185960068732969)	(150, 1.5191711781664976)	(155, 1.5191711781664976)	(160, 1.5191711781664976)	(165, 1.5197463494596986)	(170, 1.5206091063994995)	(175, 1.5206091063994995)	(180, 1.5206091063994995)	(185, 1.5219032418092013)	(190, 1.5242039269820042)	(195, 1.5260732336849068)	(200, 1.527079783448008)	(205, 1.5276549547412088)	(210, 1.535275974376119)	(215, 1.5433283724809292)	(220, 1.5529624916420421)	(225, 1.5532500772886426)	(230, 1.553681455758543)	(235, 1.5569886906944475)	(240, 1.5713679730244663)	(245, 1.5716555586710668)	(250, 1.5716555586710668)	(255, 1.575537964900172)	(260, 1.576400721839973)	(265, 1.5775510644263746)	(270, 1.5857472553544851)	(275, 1.6157999554242248)	(280, 1.6310419946940449)	(285, 1.657068495711379)	(290, 1.7176052743207586)
STQ_1 - nextera_transposase_sequence	(1, 0.0)	(2, 0.0)	(3, 0.0)	(4, 0.0)	(5, 0.0)	(6, 0.0)	(7, 0.0)	(8, 0.0)	(9, 0.0)	(10, 0.0)	(15, 0.04283619249002422)	(20, 0.22864158794038403)	(25, 0.25347020906517514)	(30, 0.2561986289689983)	(35, 0.3306844923433716)	(40, 0.3724293168718666)	(45, 0.37297500085263124)	(50, 0.3737935268237782)	(55, 0.37515773677568975)	(60, 0.3758398417516456)	(65, 0.3758398417516456)	(70, 0.3758398417516456)	(75, 0.3758398417516456)	(80, 0.3758398417516456)	(85, 0.3766583677227926)	(90, 0.377886156679513)	(95, 0.377886156679513)	(100, 0.377886156679513)	(105, 0.37802257767470415)	(110, 0.37911394563623346)	(115, 0.38061457658333614)	(120, 0.3826608915112036)	(125, 0.3826608915112036)	(130, 0.3844343644486886)	(135, 0.38538931141502675)	(140, 0.39166467719382014)	(145, 0.3928924661505406)	(150, 0.3928924661505406)	(155, 0.3928924661505406)	(160, 0.3937109921216876)	(165, 0.3942566761024522)	(170, 0.4018962518331571)	(175, 0.40489751372736266)	(180, 0.41676614030899356)	(185, 0.4201766651887725)	(190, 0.4201766651887725)	(195, 0.4208587701647284)	(200, 0.4295897138569626)	(205, 0.45701033389038576)	(210, 0.4679240135056785)	(215, 0.47065243340950175)	(220, 0.47119811739026635)	(225, 0.4773370621738685)	(230, 0.4818389550151768)	(235, 0.4893421097506906)	(240, 0.4946625285631459)	(245, 0.4958903175198663)	(250, 0.6241260529995566)	(255, 0.6998397053306504)	(260, 0.6998397053306504)	(265, 0.6998397053306504)	(270, 0.6998397053306504)	(275, 0.6998397053306504)	(280, 0.7380375839841752)	(285, 0.781419460454964)	(290, 0.7973807168923297)
STQ_1 - polyg	(1, 0.0)	(2, 0.0)	(3, 0.0)	(4, 0.0)	(5, 0.0)	(6, 0.0)	(7, 0.0)	(8, 0.0)	(9, 0.0)	(10, 0.0)	(15, 0.0)	(20, 0.0)	(25, 0.0)	(30, 0.0)	(35, 0.0)	(40, 0.0)	(45, 0.0)	(50, 0.0)	(55, 0.0)	(60, 0.0012277889567204393)	(65, 0.002046314927867399)	(70, 0.002046314927867399)	(75, 0.002046314927867399)	(80, 0.0021827359230585587)	(85, 0.0043654718461171175)	(90, 0.09071996180212134)	(95, 0.2512874731421165)	(100, 0.27175062242079057)	(105, 0.2751611473005696)	(110, 0.366836056069029)	(115, 0.39139183520343784)	(120, 0.39221036117458474)	(125, 0.3928924661505406)	(130, 0.39466593908802566)	(135, 0.39493878107840796)	(140, 0.39493878107840796)	(145, 0.39562088605436374)	(150, 0.39562088605436374)	(155, 0.39562088605436374)	(160, 0.3968486750110841)	(165, 0.3976672009822312)	(170, 0.3976672009822312)	(175, 0.3976672009822312)	(180, 0.3979400429726135)	(185, 0.39889498993895156)	(190, 0.4012141468572013)	(195, 0.40312404078987757)	(200, 0.40312404078987757)	(205, 0.40503393472255383)	(210, 0.4068074076600389)	(215, 0.41362845741959686)	(220, 0.41403772040517034)	(225, 0.41403772040517034)	(230, 0.41403772040517034)	(235, 0.4149926673715084)	(240, 0.415401930357082)	(245, 0.424814979025272)	(250, 0.42617918897718365)	(255, 0.4405033934722554)	(260, 0.442686129395314)	(265, 0.442686129395314)	(270, 0.44336823437126976)	(275, 0.45578254493366527)	(280, 0.4823846389959415)	(285, 0.49357116060161654)	(290, 0.4952082125439105)
STQ_2 - nextera_transposase_sequence	(1, 0.0)	(2, 0.0)	(3, 0.0)	(4, 0.0)	(5, 0.0)	(6, 0.0)	(7, 0.0)	(8, 0.0)	(9, 0.0)	(10, 0.0)	(15, 0.04392756045155349)	(20, 0.2345076907336039)	(25, 0.2600184168343508)	(30, 0.2630196787285563)	(35, 0.33559564817025345)	(40, 0.37652194672760136)	(45, 0.3767947887179838)	(50, 0.3772040517035572)	(55, 0.3785682616554688)	(60, 0.3792503666314246)	(65, 0.3792503666314246)	(70, 0.37979605061218924)	(75, 0.37993247160738036)	(80, 0.37993247160738036)	(85, 0.3807509975785273)	(90, 0.38197878653524775)	(95, 0.38197878653524775)	(100, 0.38197878653524775)	(105, 0.3821152075304389)	(110, 0.3832065754919682)	(115, 0.3849800484294533)	(120, 0.3874356263428942)	(125, 0.3874356263428942)	(130, 0.3893455202755704)	(135, 0.3908461512226732)	(140, 0.3971215170014665)	(145, 0.39834930595818696)	(150, 0.39834930595818696)	(155, 0.39834930595818696)	(160, 0.39916783192933397)	(165, 0.39971351591009857)	(170, 0.4073530916408036)	(175, 0.410354353535009)	(180, 0.42331434807816926)	(185, 0.42727055693871285)	(190, 0.4283619249002422)	(195, 0.429044029876198)	(200, 0.4375021315780499)	(205, 0.4645134886258996)	(210, 0.47542716824119235)	(215, 0.4781555881450156)	(220, 0.4787012721257802)	(225, 0.4855223218853381)	(230, 0.4907063197026022)	(235, 0.49780021145254255)	(240, 0.5028477882746154)	(245, 0.5040755772313359)	(250, 0.6289007878312473)	(255, 0.7025681252344735)	(260, 0.7025681252344735)	(265, 0.7025681252344735)	(270, 0.7025681252344735)	(275, 0.7025681252344735)	(280, 0.7389925309505132)	(285, 0.7821015654309199)	(290, 0.7987449268442414)
STQ_2 - polyg	(1, 0.7271239043688824)	(2, 0.7332628491524845)	(3, 0.7339449541284404)	(4, 0.7339449541284404)	(5, 0.7346270591043962)	(6, 0.7346270591043962)	(7, 0.7346270591043962)	(8, 0.7346270591043962)	(9, 0.7346270591043962)	(10, 0.7358548480611166)	(15, 0.7372190580130281)	(20, 0.7384468469697486)	(25, 0.7430851608062481)	(30, 0.7624569421233928)	(35, 0.7632754680945397)	(40, 0.7681866239214215)	(45, 0.772006411786774)	(50, 0.7900139831520071)	(55, 0.792469561065448)	(60, 0.7926059820606391)	(65, 0.7931516660414037)	(70, 0.7949251389788887)	(75, 0.7956072439548448)	(80, 0.7962893489308003)	(85, 0.7966986119163739)	(90, 0.7973807168923297)	(95, 0.934074554073872)	(100, 1.0492138740152108)	(105, 1.0635380785102826)	(110, 1.0826370178370452)	(115, 1.1685822448074759)	(120, 1.181405818355445)	(125, 1.1824971863169744)	(130, 1.1829064493025476)	(135, 1.184816343235224)	(140, 1.184816343235224)	(145, 1.1854984482111797)	(150, 1.1861805531871354)	(155, 1.1861805531871354)	(160, 1.1861805531871354)	(165, 1.1878176051294296)	(170, 1.188226868115003)	(175, 1.1884997101053851)	(180, 1.1889089730909588)	(185, 1.1894546570717233)	(190, 1.1902731830428703)	(195, 1.193547286927458)	(200, 1.194365812898605)	(205, 1.1949114968793697)	(210, 1.1970942328024283)	(215, 1.1996862317110604)	(220, 1.2052794925138979)	(225, 1.2052794925138979)	(230, 1.2052794925138979)	(235, 1.2052794925138979)	(240, 1.2066437024658094)	(245, 1.2085535963984857)	(250, 1.2164660141195731)	(255, 1.2202858019849256)	(260, 1.2339279015040414)	(265, 1.2340643224992325)	(270, 1.235428532451144)	(275, 1.2363834794174824)	(280, 1.2552095767538625)	(285, 1.2805838818594182)	(290, 1.283721564748815)
STZ_1 - nextera_transposase_sequence	(1, 0.0)	(2, 0.0)	(3, 0.0)	(4, 0.0)	(5, 0.0)	(6, 0.0)	(7, 0.0)	(8, 0.0)	(9, 0.0)	(10, 0.0)	(15, 0.05430350822169452)	(20, 0.2924862225010081)	(25, 0.3281509028182266)	(30, 0.3349612437833236)	(35, 0.5874815179891572)	(40, 0.7175948743223264)	(45, 0.7247636542855862)	(50, 0.7270935077736457)	(55, 0.7276311662708903)	(60, 0.7276311662708903)	(65, 0.7276311662708903)	(70, 0.7276311662708903)	(75, 0.7276311662708903)	(80, 0.7276311662708903)	(85, 0.7288857027644609)	(90, 0.7321116537479277)	(95, 0.7321116537479277)	(100, 0.7321116537479277)	(105, 0.7321116537479277)	(110, 0.7344415072359873)	(115, 0.7394596532102693)	(120, 0.7464492136744478)	(125, 0.7464492136744478)	(130, 0.7500336036560779)	(135, 0.7509297011514853)	(140, 0.7516465791478113)	(145, 0.7518257986468928)	(150, 0.7518257986468928)	(155, 0.7518257986468928)	(160, 0.7518257986468928)	(165, 0.7518257986468928)	(170, 0.7521842376450558)	(175, 0.7785295040100362)	(180, 0.7978852099108383)	(185, 0.8011111608943053)	(190, 0.8011111608943053)	(195, 0.8011111608943053)	(200, 0.8079215018594024)	(205, 0.8360589632151978)	(210, 0.8367758412115238)	(215, 0.8378511582060127)	(220, 0.8392849141986648)	(225, 0.8478874501545768)	(230, 0.8530848156279405)	(235, 0.8530848156279405)	(240, 0.8530848156279405)	(245, 0.8530848156279405)	(250, 0.8530848156279405)	(255, 0.8530848156279405)	(260, 0.8530848156279405)	(265, 0.8530848156279405)	(270, 0.8530848156279405)	(275, 0.8534432546261034)	(280, 0.9276401272458443)	(285, 0.9745956360051974)	(290, 0.9767462699941754)
STZ_1 - polyg	(1, 0.0)	(2, 0.0)	(3, 0.0)	(4, 0.0)	(5, 0.0)	(6, 0.0)	(7, 0.0)	(8, 0.0)	(9, 0.0)	(10, 0.0)	(15, 0.0)	(20, 0.0)	(25, 0.0)	(30, 0.0)	(35, 0.0)	(40, 0.0)	(45, 0.0)	(50, 0.0)	(55, 0.0)	(60, 0.0)	(65, 0.0016129754917335007)	(70, 0.0032259509834670014)	(75, 0.004301267977956002)	(80, 0.0044804874770375015)	(85, 0.010573950445808503)	(90, 0.09892916349298804)	(95, 0.31506787938527714)	(100, 0.34983646220708814)	(105, 0.3622026076437116)	(110, 0.6507460011649268)	(115, 0.7489582866615889)	(120, 0.7566647251220934)	(125, 0.7582777006138268)	(130, 0.7589945786101527)	(135, 0.7589945786101527)	(140, 0.7589945786101527)	(145, 0.7598906761055603)	(150, 0.7598906761055603)	(155, 0.7598906761055603)	(160, 0.7615036515972937)	(165, 0.7650880415789236)	(170, 0.7658049195752498)	(175, 0.7661633585734128)	(180, 0.7663425780724943)	(185, 0.7688516510596353)	(190, 0.7756619920247323)	(195, 0.7813970159953403)	(200, 0.7817554549935033)	(205, 0.7853398449751332)	(210, 0.7858775034723778)	(215, 0.7865943814687038)	(220, 0.7869528204668668)	(225, 0.7878489179622743)	(230, 0.7885657959586003)	(235, 0.7885657959586003)	(240, 0.7885657959586003)	(245, 0.7892826739549264)	(250, 0.8188538913033738)	(255, 0.8403602311931537)	(260, 0.8450199381692729)	(265, 0.8450199381692729)	(270, 0.8451991576683543)	(275, 0.8529055961288587)	(280, 0.8781755454993503)	(285, 0.8790716429947578)	(290, 0.8808638379855729)
STZ_2 - nextera_transposase_sequence	(1, 0.0)	(2, 0.0)	(3, 0.0)	(4, 0.0)	(5, 0.0)	(6, 0.0)	(7, 0.0)	(8, 0.0)	(9, 0.0)	(10, 0.0)	(15, 0.05304897172812402)	(20, 0.2865719790313186)	(25, 0.32277431784578164)	(30, 0.3290470003136341)	(35, 0.5797750795286527)	(40, 0.7113221918544739)	(45, 0.7177740938214077)	(50, 0.7195662888122227)	(55, 0.7195662888122227)	(60, 0.7195662888122227)	(65, 0.7195662888122227)	(70, 0.7210000448048749)	(75, 0.7213584838030378)	(80, 0.7213584838030378)	(85, 0.7226130202966082)	(90, 0.7258389712800752)	(95, 0.7258389712800752)	(100, 0.7258389712800752)	(105, 0.7258389712800752)	(110, 0.7281688247681348)	(115, 0.7342622877369058)	(120, 0.7428648236928178)	(125, 0.7428648236928178)	(130, 0.7464492136744478)	(135, 0.7473453111698553)	(140, 0.7480621891661812)	(145, 0.7482414086652628)	(150, 0.7482414086652628)	(155, 0.7482414086652628)	(160, 0.7482414086652628)	(165, 0.7482414086652628)	(170, 0.7485998476634258)	(175, 0.7733321385366729)	(180, 0.7932255029347193)	(185, 0.7968098929163493)	(190, 0.7975267709126753)	(195, 0.7975267709126753)	(200, 0.8039786728796093)	(205, 0.8306823782427528)	(210, 0.8313992562390787)	(215, 0.8324745732335679)	(220, 0.8339083292262199)	(225, 0.8425108651821318)	(230, 0.8477082306554953)	(235, 0.8477082306554953)	(240, 0.8477082306554953)	(245, 0.8477082306554953)	(250, 0.8477082306554953)	(255, 0.8477082306554953)	(260, 0.8477082306554953)	(265, 0.8477082306554953)	(270, 0.8477082306554953)	(275, 0.8480666696536583)	(280, 0.9236972982660514)	(285, 0.9710112460235674)	(290, 0.9731618800125453)
STZ_2 - polyg	(1, 0.7177740938214078)	(2, 0.7356960437295578)	(3, 0.7365921412249653)	(4, 0.7365921412249653)	(5, 0.7365921412249653)	(6, 0.7365921412249653)	(7, 0.7365921412249653)	(8, 0.7365921412249653)	(9, 0.7365921412249653)	(10, 0.7371297997222097)	(15, 0.7387427752139433)	(20, 0.7408934092029213)	(25, 0.7435817016891437)	(30, 0.7523634571441372)	(35, 0.7563062861239302)	(40, 0.7702854070522873)	(45, 0.7758412115238137)	(50, 0.8048747703750168)	(55, 0.8098929163492988)	(60, 0.8106097943456249)	(65, 0.8116851113401138)	(70, 0.8136565258300104)	(75, 0.8136565258300104)	(80, 0.8141941843272548)	(85, 0.8145526233254177)	(90, 0.8149110623235808)	(95, 0.9824812939647833)	(100, 1.1315919172005915)	(105, 1.150768403602312)	(110, 1.2208432277431784)	(115, 1.512791791746942)	(120, 1.5559836910255835)	(125, 1.5624355929925176)	(130, 1.5635109099870064)	(135, 1.563690129486088)	(140, 1.563690129486088)	(145, 1.5640485684842511)	(150, 1.5658407634750662)	(155, 1.5663784219723107)	(160, 1.5663784219723107)	(165, 1.569425153456696)	(170, 1.5708589094493481)	(175, 1.5708589094493481)	(180, 1.5708589094493481)	(185, 1.5715757874456742)	(190, 1.5735472019355705)	(195, 1.5853756888749495)	(200, 1.5878847618620906)	(205, 1.5887808593574981)	(210, 1.592365249339128)	(215, 1.5925444688382095)	(220, 1.5932613468345356)	(225, 1.5932613468345356)	(230, 1.5932613468345356)	(235, 1.5932613468345356)	(240, 1.5932613468345356)	(245, 1.5932613468345356)	(250, 1.6007885657959584)	(255, 1.6305390026434874)	(260, 1.6455934405663335)	(265, 1.646131099063578)	(270, 1.6470271965589856)	(275, 1.6470271965589856)	(280, 1.6679958779515212)	(285, 1.6819749988798782)	(290, 1.6819749988798782)
