Sample	0	1	2	3	4	5	6	7	8	9	10	11	12	13	14	15	16	17	18	19	20	21	22	23	24	25	26	27	28	29	30	31	32	33	34	35	36	37	38	39	40	41	42	43	44	45	46	47	48	49	50	51	52	53	54	55	56	57	58	59	60	61	62	63	64	65	66	67	68	69	70	71	72	73	74	75	76	77	78	79	80	81	82	83	84	85	86	87	88	89	90	91	92	93	94	95	96	97	98	99	100
1D_1	(0.0, 0.0)	(1.0, 0.0)	(2.0, 0.0)	(3.0, 0.0)	(4.0, 0.0)	(5.0, 0.0)	(6.0, 0.0)	(7.0, 0.0)	(8.0, 0.0)	(9.0, 0.0)	(10.0, 0.0)	(11.0, 0.0)	(12.0, 0.0)	(13.0, 0.0)	(14.0, 0.0)	(15.0, 0.0)	(16.0, 0.0)	(17.0, 0.0)	(18.0, 0.0)	(19.0, 0.0)	(20.0, 0.0)	(21.0, 0.0)	(22.0, 0.0)	(23.0, 0.0)	(24.0, 0.0)	(25.0, 0.0)	(26.0, 0.0)	(27.0, 0.0)	(28.0, 0.0)	(29.0, 0.0)	(30.0, 0.0)	(31.0, 0.0)	(32.0, 0.000897631151391478)	(33.0, 0.001795262302782956)	(34.0, 0.000897631151391478)	(35.0, 0.001795262302782956)	(36.0, 0.000897631151391478)	(37.0, 0.0026928934541744338)	(38.0, 0.006283418059740346)	(39.0, 0.007181049211131824)	(40.0, 0.01346446727087217)	(41.0, 0.48561845290278954)	(42.0, 5.015962873975579)	(43.0, 0.4999805513250532)	(44.0, 1.0924171112434287)	(45.0, 19.87265606065593)	(46.0, 10.122586494241697)	(47.0, 3.156071128292436)	(48.0, 34.4636504265244)	(49.0, 3.382274178443089)	(50.0, 0.17324281221855523)	(51.0, 0.007181049211131824)	(52.0, 0.003590524605565912)	(53.0, 0.007181049211131824)	(54.0, 0.003590524605565912)	(55.0, 0.0053857869083488675)	(56.0, 0.008078680362523303)	(57.0, 0.03321235260148468)	(58.0, 0.2567225092979627)	(59.0, 2.0026150987543874)	(60.0, 15.321666123101139)	(61.0, 1.8141125569621768)	(62.0, 0.012566836119480692)	(63.0, 0.0026928934541744338)	(64.0, 0.000897631151391478)	(65.0, 0.0)	(66.0, 0.000897631151391478)	(67.0, 0.000897631151391478)	(68.0, 0.0)	(69.0, 0.0)	(70.0, 0.0)	(71.0, 0.0)	(72.0, 0.0)	(73.0, 0.000897631151391478)	(74.0, 0.0)	(75.0, 0.0)	(76.0, 0.0)	(77.0, 0.0)	(78.0, 0.000897631151391478)	(79.0, 0.001795262302782956)	(80.0, 0.07629864786827562)	(81.0, 0.3626429851621571)	(82.0, 0.011669204968089214)	(83.0, 0.13643993501150464)	(84.0, 1.3931235469595737)	(85.0, 0.20106937791169108)	(86.0, 0.012566836119480692)	(87.0, 0.007181049211131824)	(88.0, 0.001795262302782956)	(89.0, 0.0)	(90.0, 0.006283418059740346)	(91.0, 0.00448815575695739)	(92.0, 0.0)	(93.0, 0.0)	(94.0, 0.0)	(95.0, 0.0)	(96.0, 0.0)	(97.0, 0.0)	(98.0, 0.0)	(99.0, 0.0)	(100.0, 0.0011968415351886373)
1D_2	(0.0, 0.0)	(1.0, 0.0)	(2.0, 0.0)	(3.0, 0.0)	(4.0, 0.0)	(5.0, 0.0)	(6.0, 0.0)	(7.0, 0.0)	(8.0, 0.0)	(9.0, 0.0)	(10.0, 0.0)	(11.0, 0.0)	(12.0, 0.0)	(13.0, 0.0)	(14.0, 0.0)	(15.0, 0.0)	(16.0, 0.0)	(17.0, 0.0)	(18.0, 0.0)	(19.0, 0.0)	(20.0, 0.0)	(21.0, 0.0)	(22.0, 0.0)	(23.0, 0.0)	(24.0, 0.0)	(25.0, 0.0)	(26.0, 0.0)	(27.0, 0.0)	(28.0, 0.0007428371923725477)	(29.0, 0.0007428371923725477)	(30.0, 0.0022285115771176435)	(31.0, 0.0007428371923725477)	(32.0, 0.0007428371923725477)	(33.0, 0.003714185961862739)	(34.0, 0.004457023154235287)	(35.0, 0.0066855347313529295)	(36.0, 0.004457023154235287)	(37.0, 0.005199860346607833)	(38.0, 0.017085255424568596)	(39.0, 0.04531306873472541)	(40.0, 4.176973532710836)	(41.0, 0.38553250284135226)	(42.0, 0.037884696810999936)	(43.0, 0.044570231542352866)	(44.0, 0.04531306873472541)	(45.0, 20.629331669378022)	(46.0, 22.015465870345196)	(47.0, 1.7634954946924284)	(48.0, 19.70078517891234)	(49.0, 9.998588609334492)	(50.0, 0.9448889086978807)	(51.0, 0.05868413819743127)	(52.0, 0.022285115771176433)	(53.0, 0.011142557885588216)	(54.0, 0.008914046308470574)	(55.0, 0.014856743847450955)	(56.0, 0.014856743847450955)	(57.0, 0.016342418232196048)	(58.0, 0.03417051084913719)	(59.0, 0.2674213892541172)	(60.0, 1.1929965309503117)	(61.0, 12.435837437508821)	(62.0, 3.4712781999569153)	(63.0, 0.015599581039823502)	(64.0, 0.0066855347313529295)	(65.0, 0.005199860346607833)	(66.0, 0.008914046308470574)	(67.0, 0.008171209116098024)	(68.0, 0.007428371923725478)	(69.0, 0.0022285115771176435)	(70.0, 0.0029713487694901907)	(71.0, 0.0022285115771176435)	(72.0, 0.0014856743847450954)	(73.0, 0.0007428371923725477)	(74.0, 0.0029713487694901907)	(75.0, 0.0007428371923725477)	(76.0, 0.0022285115771176435)	(77.0, 0.0029713487694901907)	(78.0, 0.0022285115771176435)	(79.0, 0.07279804485250968)	(80.0, 0.3015919001032544)	(81.0, 0.00965688350084312)	(82.0, 0.12108246235672529)	(83.0, 1.1424836018689783)	(84.0, 0.13891055497366642)	(85.0, 0.0014856743847450954)	(86.0, 0.0014856743847450954)	(87.0, 0.0014856743847450954)	(88.0, 0.0014856743847450954)	(89.0, 0.0)	(90.0, 0.0007428371923725477)	(91.0, 0.0)	(92.0, 0.0007428371923725477)	(93.0, 0.0)	(94.0, 0.0)	(95.0, 0.0)	(96.0, 0.0007428371923725477)	(97.0, 0.0)	(98.0, 0.0)	(99.0, 0.0029713487694901907)	(100.0, 0.7458085411420461)
1Q_1	(0.0, 0.0)	(1.0, 0.0)	(2.0, 0.0)	(3.0, 0.0)	(4.0, 0.0)	(5.0, 0.0)	(6.0, 0.0)	(7.0, 0.0)	(8.0, 0.0)	(9.0, 0.0)	(10.0, 0.0)	(11.0, 0.0)	(12.0, 0.0)	(13.0, 0.0)	(14.0, 0.0)	(15.0, 0.0)	(16.0, 0.0)	(17.0, 0.0)	(18.0, 0.0)	(19.0, 0.0)	(20.0, 0.0)	(21.0, 0.0)	(22.0, 0.0)	(23.0, 0.0)	(24.0, 0.0)	(25.0, 0.0)	(26.0, 0.0)	(27.0, 0.0)	(28.0, 0.0)	(29.0, 0.0)	(30.0, 0.0)	(31.0, 0.0011483868992022538)	(32.0, 0.0011483868992022538)	(33.0, 0.0)	(34.0, 0.0)	(35.0, 0.0005741934496011269)	(36.0, 0.0011483868992022538)	(37.0, 0.0017225803488033805)	(38.0, 0.0028709672480056346)	(39.0, 0.005167741046410142)	(40.0, 0.01320644934082592)	(41.0, 0.40193541472078886)	(42.0, 3.5967477683014586)	(43.0, 0.370928968442328)	(44.0, 0.8503804988592689)	(45.0, 19.465732134927805)	(46.0, 11.021643265093632)	(47.0, 3.1379672020701586)	(48.0, 36.17016797072379)	(49.0, 3.8654703027147868)	(50.0, 0.2153225436004226)	(51.0, 0.014354836240028174)	(52.0, 0.004019354147207888)	(53.0, 0.006890321395213522)	(54.0, 0.01090967554242141)	(55.0, 0.007464514844814651)	(56.0, 0.006890321395213522)	(57.0, 0.03158063972806198)	(58.0, 0.2905418854981702)	(59.0, 2.1652834984458496)	(60.0, 15.165597390864965)	(61.0, 2.0883415761992987)	(62.0, 0.012058062441623666)	(63.0, 0.0022967737984045077)	(64.0, 0.0022967737984045077)	(65.0, 0.0022967737984045077)	(66.0, 0.0005741934496011269)	(67.0, 0.0)	(68.0, 0.0022967737984045077)	(69.0, 0.0)	(70.0, 0.0)	(71.0, 0.0)	(72.0, 0.0005741934496011269)	(73.0, 0.0005741934496011269)	(74.0, 0.0)	(75.0, 0.0)	(76.0, 0.0011483868992022538)	(77.0, 0.0011483868992022538)	(78.0, 0.0)	(79.0, 0.0005741934496011269)	(80.0, 0.10048385368019722)	(81.0, 0.0746451484481465)	(82.0, 0.004593547596809015)	(83.0, 0.19235480561637752)	(84.0, 0.6459676308012678)	(85.0, 0.030432252828859727)	(86.0, 0.004593547596809015)	(87.0, 0.0011483868992022538)	(88.0, 0.0)	(89.0, 0.0005741934496011269)	(90.0, 0.0028709672480056346)	(91.0, 0.0005741934496011269)	(92.0, 0.0)	(93.0, 0.0)	(94.0, 0.0)	(95.0, 0.0)	(96.0, 0.0)	(97.0, 0.0)	(98.0, 0.0)	(99.0, 0.0)	(100.0, 0.0007655912661348359)
1Q_2	(0.0, 0.0)	(1.0, 0.0)	(2.0, 0.0)	(3.0, 0.0)	(4.0, 0.0)	(5.0, 0.0)	(6.0, 0.0)	(7.0, 0.0)	(8.0, 0.0)	(9.0, 0.0)	(10.0, 0.0)	(11.0, 0.0)	(12.0, 0.0)	(13.0, 0.0)	(14.0, 0.0)	(15.0, 0.0)	(16.0, 0.0)	(17.0, 0.0)	(18.0, 0.0)	(19.0, 0.0)	(20.0, 0.0)	(21.0, 0.0004738228660597522)	(22.0, 0.0004738228660597522)	(23.0, 0.0)	(24.0, 0.0)	(25.0, 0.0)	(26.0, 0.0)	(27.0, 0.0)	(28.0, 0.0009476457321195044)	(29.0, 0.0004738228660597522)	(30.0, 0.0014214685981792567)	(31.0, 0.0009476457321195044)	(32.0, 0.0023691143302987613)	(33.0, 0.004738228660597523)	(34.0, 0.005212051526657276)	(35.0, 0.007107342990896284)	(36.0, 0.009950280187254797)	(37.0, 0.013740863115732816)	(38.0, 0.019900560374509595)	(39.0, 0.03695818355266068)	(40.0, 2.9879269933727977)	(41.0, 0.2809769595734331)	(42.0, 0.034589069222361914)	(43.0, 0.043117880811437456)	(44.0, 0.05117286953445324)	(45.0, 20.668627240392453)	(46.0, 22.31989992861069)	(47.0, 1.7597781245459199)	(48.0, 19.714821811014172)	(49.0, 11.47219923303872)	(50.0, 1.067522917232622)	(51.0, 0.06586137838230557)	(52.0, 0.024164966169047366)	(53.0, 0.01895291464239009)	(54.0, 0.011845571651493808)	(55.0, 0.011845571651493808)	(56.0, 0.010897925919374302)	(57.0, 0.01895291464239009)	(58.0, 0.027007903365405882)	(59.0, 0.2648669821274015)	(60.0, 1.3058558188606773)	(61.0, 12.216101132752533)	(62.0, 3.5622003070372172)	(63.0, 0.01705762317815108)	(64.0, 0.006633520124836531)	(65.0, 0.00426440579453777)	(66.0, 0.006633520124836531)	(67.0, 0.0023691143302987613)	(68.0, 0.005685874392717027)	(69.0, 0.003790582928478018)	(70.0, 0.0028429371963585135)	(71.0, 0.001895291464239009)	(72.0, 0.0014214685981792567)	(73.0, 0.001895291464239009)	(74.0, 0.0033167600624182656)	(75.0, 0.001895291464239009)	(76.0, 0.0014214685981792567)	(77.0, 0.0009476457321195044)	(78.0, 0.0023691143302987613)	(79.0, 0.0023691143302987613)	(80.0, 0.0028429371963585135)	(81.0, 0.08860487595317368)	(82.0, 0.006159697258776779)	(83.0, 0.022269674704808357)	(84.0, 0.5321030785851018)	(85.0, 0.46292494014037794)	(86.0, 0.001895291464239009)	(87.0, 0.0004738228660597522)	(88.0, 0.0)	(89.0, 0.0004738228660597522)	(90.0, 0.0004738228660597522)	(91.0, 0.0)	(92.0, 0.0)	(93.0, 0.0)	(94.0, 0.0)	(95.0, 0.0004738228660597522)	(96.0, 0.0004738228660597522)	(97.0, 0.0004738228660597522)	(98.0, 0.0004738228660597522)	(99.0, 0.0009476457321195044)	(100.0, 0.7682248068382012)
1Z_1	(0.0, 0.0)	(1.0, 0.0)	(2.0, 0.0)	(3.0, 0.0)	(4.0, 0.0)	(5.0, 0.0)	(6.0, 0.0)	(7.0, 0.0)	(8.0, 0.0)	(9.0, 0.0)	(10.0, 0.0)	(11.0, 0.0)	(12.0, 0.0)	(13.0, 0.0)	(14.0, 0.0)	(15.0, 0.0)	(16.0, 0.0)	(17.0, 0.0)	(18.0, 0.0)	(19.0, 0.0)	(20.0, 0.0)	(21.0, 0.0)	(22.0, 0.0)	(23.0, 0.0)	(24.0, 0.0)	(25.0, 0.0008783255601521261)	(26.0, 0.0008783255601521261)	(27.0, 0.0)	(28.0, 0.0)	(29.0, 0.0008783255601521261)	(30.0, 0.0)	(31.0, 0.0)	(32.0, 0.0)	(33.0, 0.0)	(34.0, 0.0)	(35.0, 0.0008783255601521261)	(36.0, 0.0035133022406085043)	(37.0, 0.002634976680456378)	(38.0, 0.0017566511203042522)	(39.0, 0.005269953360912756)	(40.0, 0.00878325560152126)	(41.0, 0.3996381298692174)	(42.0, 3.7829481875752067)	(43.0, 0.32937208505704724)	(44.0, 0.9037970013965377)	(45.0, 23.110502138722737)	(46.0, 9.011620247160812)	(47.0, 3.0117783457616403)	(48.0, 35.25335300782588)	(49.0, 3.1303522963821773)	(50.0, 0.1686385075492082)	(51.0, 0.01317488340228189)	(52.0, 0.005269953360912756)	(53.0, 0.002634976680456378)	(54.0, 0.007904930041369135)	(55.0, 0.007904930041369135)	(56.0, 0.006148278921064882)	(57.0, 0.030741394605324407)	(58.0, 0.2670109702862463)	(59.0, 1.9999473004663908)	(60.0, 15.839723151783442)	(61.0, 1.9217763256128517)	(62.0, 0.016688185642890395)	(63.0, 0.002634976680456378)	(64.0, 0.0)	(65.0, 0.0)	(66.0, 0.0008783255601521261)	(67.0, 0.0008783255601521261)	(68.0, 0.0)	(69.0, 0.0)	(70.0, 0.0)	(71.0, 0.0)	(72.0, 0.0)	(73.0, 0.0)	(74.0, 0.0)	(75.0, 0.0)	(76.0, 0.0)	(77.0, 0.0)	(78.0, 0.0008783255601521261)	(79.0, 0.00439162780076063)	(80.0, 0.060604463650496695)	(81.0, 0.011418232281977638)	(82.0, 0.006148278921064882)	(83.0, 0.3214671550156781)	(84.0, 0.32673710837659087)	(85.0, 0.009661581161673385)	(86.0, 0.0035133022406085043)	(87.0, 0.0)	(88.0, 0.0)	(89.0, 0.0)	(90.0, 0.00439162780076063)	(91.0, 0.0)	(92.0, 0.0)	(93.0, 0.0)	(94.0, 0.0)	(95.0, 0.0)	(96.0, 0.0)	(97.0, 0.0)	(98.0, 0.0)	(99.0, 0.0)	(100.0, 0.0)
1Z_2	(0.0, 0.0)	(1.0, 0.0)	(2.0, 0.0)	(3.0, 0.0)	(4.0, 0.0)	(5.0, 0.0)	(6.0, 0.0)	(7.0, 0.0)	(8.0, 0.0)	(9.0, 0.0)	(10.0, 0.0)	(11.0, 0.0)	(12.0, 0.0)	(13.0, 0.0)	(14.0, 0.0)	(15.0, 0.0)	(16.0, 0.0)	(17.0, 0.0)	(18.0, 0.0)	(19.0, 0.0)	(20.0, 0.0)	(21.0, 0.0)	(22.0, 0.0)	(23.0, 0.0)	(24.0, 0.0)	(25.0, 0.0)	(26.0, 0.0)	(27.0, 0.0)	(28.0, 0.0)	(29.0, 0.000713120950067271)	(30.0, 0.0)	(31.0, 0.0)	(32.0, 0.0)	(33.0, 0.001426241900134542)	(34.0, 0.002139362850201813)	(35.0, 0.002139362850201813)	(36.0, 0.0035656047503363547)	(37.0, 0.004278725700403626)	(38.0, 0.011409935201076336)	(39.0, 0.029951079902825382)	(40.0, 3.076403778590207)	(41.0, 0.3045026456787247)	(42.0, 0.024246112302287213)	(43.0, 0.027098596102556296)	(44.0, 0.044213498904170805)	(45.0, 21.70169675244719)	(46.0, 23.482359764765164)	(47.0, 1.684391684058894)	(48.0, 19.813352476669056)	(49.0, 9.857470892779887)	(50.0, 0.9085160903857032)	(51.0, 0.06988585310659255)	(52.0, 0.026385475152489027)	(53.0, 0.019967386601883585)	(54.0, 0.017114902801614505)	(55.0, 0.012836177101210877)	(56.0, 0.012836177101210877)	(57.0, 0.009270572350874523)	(58.0, 0.024959233252354485)	(59.0, 0.2517316953737467)	(60.0, 1.1873463818620063)	(61.0, 12.549502479283833)	(62.0, 3.497858260079964)	(63.0, 0.017114902801614505)	(64.0, 0.014262419001345419)	(65.0, 0.008557451400807253)	(66.0, 0.007131209500672709)	(67.0, 0.007844330450739982)	(68.0, 0.010696814251009065)	(69.0, 0.0035656047503363547)	(70.0, 0.0035656047503363547)	(71.0, 0.004278725700403626)	(72.0, 0.0035656047503363547)	(73.0, 0.004278725700403626)	(74.0, 0.002852483800269084)	(75.0, 0.000713120950067271)	(76.0, 0.001426241900134542)	(77.0, 0.001426241900134542)	(78.0, 0.001426241900134542)	(79.0, 0.000713120950067271)	(80.0, 0.052770950304978054)	(81.0, 0.04207413605396899)	(82.0, 0.002139362850201813)	(83.0, 0.07559082070713073)	(84.0, 0.2945189523777829)	(85.0, 0.005704967600538168)	(86.0, 0.0)	(87.0, 0.0)	(88.0, 0.0)	(89.0, 0.000713120950067271)	(90.0, 0.0)	(91.0, 0.0)	(92.0, 0.0)	(93.0, 0.0)	(94.0, 0.0)	(95.0, 0.0)	(96.0, 0.0)	(97.0, 0.0)	(98.0, 0.000713120950067271)	(99.0, 0.000713120950067271)	(100.0, 0.7720722819395046)
2D_1	(0.0, 0.0)	(1.0, 0.0)	(2.0, 0.0)	(3.0, 0.0)	(4.0, 0.0)	(5.0, 0.0)	(6.0, 0.0)	(7.0, 0.0)	(8.0, 0.0)	(9.0, 0.0)	(10.0, 0.0)	(11.0, 0.0)	(12.0, 0.0)	(13.0, 0.0)	(14.0, 0.0)	(15.0, 0.0)	(16.0, 0.0)	(17.0, 0.0)	(18.0, 0.0)	(19.0, 0.0)	(20.0, 0.0)	(21.0, 0.0)	(22.0, 0.0)	(23.0, 0.0)	(24.0, 0.0)	(25.0, 0.0)	(26.0, 0.0)	(27.0, 0.0007412788542794028)	(28.0, 0.0)	(29.0, 0.0007412788542794028)	(30.0, 0.0014825577085588056)	(31.0, 0.0007412788542794028)	(32.0, 0.0014825577085588056)	(33.0, 0.0014825577085588056)	(34.0, 0.0007412788542794028)	(35.0, 0.0007412788542794028)	(36.0, 0.0007412788542794028)	(37.0, 0.0)	(38.0, 0.0014825577085588056)	(39.0, 0.0022238365628382086)	(40.0, 0.014084298231308655)	(41.0, 0.4759010244473766)	(42.0, 5.505478050733125)	(43.0, 0.5344620539354494)	(44.0, 1.1756682628871329)	(45.0, 19.704674504455085)	(46.0, 10.02950289840032)	(47.0, 3.356510652177136)	(48.0, 36.61769284369394)	(49.0, 3.2060310447584173)	(50.0, 0.13565403033313073)	(51.0, 0.0066715096885146255)	(52.0, 0.005188951979955819)	(53.0, 0.005188951979955819)	(54.0, 0.0059302308342352224)	(55.0, 0.005188951979955819)	(56.0, 0.0059302308342352224)	(57.0, 0.022979644482661488)	(58.0, 0.19199122325836532)	(59.0, 1.6434152199374361)	(60.0, 12.635839350046702)	(61.0, 1.453647833241909)	(62.0, 0.0059302308342352224)	(63.0, 0.0022238365628382086)	(64.0, 0.0)	(65.0, 0.0)	(66.0, 0.0)	(67.0, 0.0)	(68.0, 0.0007412788542794028)	(69.0, 0.0)	(70.0, 0.0)	(71.0, 0.0)	(72.0, 0.0)	(73.0, 0.0)	(74.0, 0.0)	(75.0, 0.0)	(76.0, 0.0)	(77.0, 0.0022238365628382086)	(78.0, 0.0014825577085588056)	(79.0, 0.0007412788542794028)	(80.0, 0.16604646335858622)	(81.0, 0.8398689418985633)	(82.0, 0.06374998146802865)	(83.0, 0.20014529065543873)	(84.0, 1.5418600169011578)	(85.0, 0.38398244651673064)	(86.0, 0.01630813479414686)	(87.0, 0.0074127885427940285)	(88.0, 0.0029651154171176112)	(89.0, 0.0)	(90.0, 0.00815406739707343)	(91.0, 0.0059302308342352224)	(92.0, 0.0)	(93.0, 0.0)	(94.0, 0.0)	(95.0, 0.0)	(96.0, 0.0)	(97.0, 0.0)	(98.0, 0.0)	(99.0, 0.0)	(100.0, 0.0)
2D_2	(0.0, 0.0)	(1.0, 0.0)	(2.0, 0.0)	(3.0, 0.0)	(4.0, 0.0)	(5.0, 0.0)	(6.0, 0.0)	(7.0, 0.0)	(8.0, 0.0)	(9.0, 0.0)	(10.0, 0.0)	(11.0, 0.0)	(12.0, 0.0)	(13.0, 0.0)	(14.0, 0.0)	(15.0, 0.0)	(16.0, 0.0)	(17.0, 0.0)	(18.0, 0.0)	(19.0, 0.0)	(20.0, 0.0)	(21.0, 0.0)	(22.0, 0.0)	(23.0, 0.0)	(24.0, 0.0)	(25.0, 0.0)	(26.0, 0.0)	(27.0, 0.0)	(28.0, 0.0)	(29.0, 0.0006163670095721796)	(30.0, 0.0)	(31.0, 0.0006163670095721796)	(32.0, 0.0012327340191443591)	(33.0, 0.0)	(34.0, 0.0024654680382887183)	(35.0, 0.004314569067005258)	(36.0, 0.009245505143582695)	(37.0, 0.014176441220160131)	(38.0, 0.017258276268021032)	(39.0, 0.04191295665090822)	(40.0, 4.562964971862846)	(41.0, 0.4437842468919694)	(42.0, 0.03821475459347514)	(43.0, 0.038831121603047324)	(44.0, 0.04807662674663001)	(45.0, 20.766637286505876)	(46.0, 21.874865169716657)	(47.0, 1.9008758575206022)	(48.0, 21.009485888277315)	(49.0, 10.340172952582886)	(50.0, 0.926399615386986)	(51.0, 0.05608939787106835)	(52.0, 0.02034011131588193)	(53.0, 0.01479280822973231)	(54.0, 0.014176441220160131)	(55.0, 0.011710973181871413)	(56.0, 0.009245505143582695)	(57.0, 0.009861872153154873)	(58.0, 0.01602554224887667)	(59.0, 0.20155201213010276)	(60.0, 0.9676962050283221)	(61.0, 10.326612878372297)	(62.0, 2.8396028130990314)	(63.0, 0.012943707201015772)	(64.0, 0.005547303086149617)	(65.0, 0.004930936076577437)	(66.0, 0.005547303086149617)	(67.0, 0.0036982020574330777)	(68.0, 0.0036982020574330777)	(69.0, 0.003081835047860898)	(70.0, 0.0018491010287165388)	(71.0, 0.004314569067005258)	(72.0, 0.0036982020574330777)	(73.0, 0.0024654680382887183)	(74.0, 0.0018491010287165388)	(75.0, 0.0024654680382887183)	(76.0, 0.0018491010287165388)	(77.0, 0.0024654680382887183)	(78.0, 0.0018491010287165388)	(79.0, 0.0012327340191443591)	(80.0, 0.1540917523930449)	(81.0, 0.7193003001707337)	(82.0, 0.02034011131588193)	(83.0, 0.18059553380464863)	(84.0, 1.2956034541207215)	(85.0, 0.1300534390197299)	(86.0, 0.0006163670095721796)	(87.0, 0.0006163670095721796)	(88.0, 0.0006163670095721796)	(89.0, 0.0)	(90.0, 0.0)	(91.0, 0.0)	(92.0, 0.0)	(93.0, 0.0)	(94.0, 0.0)	(95.0, 0.0006163670095721796)	(96.0, 0.0)	(97.0, 0.0006163670095721796)	(98.0, 0.0)	(99.0, 0.0012327340191443591)	(100.0, 0.9023613020136628)
2Q_1	(0.0, 0.0)	(1.0, 0.0)	(2.0, 0.0)	(3.0, 0.0)	(4.0, 0.0)	(5.0, 0.0)	(6.0, 0.0)	(7.0, 0.0)	(8.0, 0.0)	(9.0, 0.0)	(10.0, 0.0)	(11.0, 0.0)	(12.0, 0.0)	(13.0, 0.0)	(14.0, 0.0)	(15.0, 0.0)	(16.0, 0.0)	(17.0, 0.0)	(18.0, 0.0)	(19.0, 0.0)	(20.0, 0.0)	(21.0, 0.0)	(22.0, 0.0)	(23.0, 0.0)	(24.0, 0.0)	(25.0, 0.0)	(26.0, 0.0)	(27.0, 0.0)	(28.0, 0.0)	(29.0, 0.0)	(30.0, 0.000612189925802581)	(31.0, 0.001224379851605162)	(32.0, 0.0)	(33.0, 0.0)	(34.0, 0.0018365697774077431)	(35.0, 0.0018365697774077431)	(36.0, 0.0)	(37.0, 0.000612189925802581)	(38.0, 0.001224379851605162)	(39.0, 0.004897519406420648)	(40.0, 0.011631608590249039)	(41.0, 0.3764968043685873)	(42.0, 3.795577539976002)	(43.0, 0.3887406028846389)	(44.0, 0.8686975047138624)	(45.0, 18.658936748536867)	(46.0, 10.574356588387982)	(47.0, 2.913411856894483)	(48.0, 35.216837671719276)	(49.0, 3.5721282170580597)	(50.0, 0.18549354751818203)	(51.0, 0.011631608590249039)	(52.0, 0.0030609496290129046)	(53.0, 0.004897519406420648)	(54.0, 0.004897519406420648)	(55.0, 0.0036731395548154863)	(56.0, 0.0073462791096309725)	(57.0, 0.0385679653255626)	(58.0, 0.2803829860175821)	(59.0, 2.070426329064329)	(60.0, 15.075176922888556)	(61.0, 1.8475891960721895)	(62.0, 0.0073462791096309725)	(63.0, 0.0018365697774077431)	(64.0, 0.000612189925802581)	(65.0, 0.0018365697774077431)	(66.0, 0.001224379851605162)	(67.0, 0.0)	(68.0, 0.0)	(69.0, 0.0)	(70.0, 0.0)	(71.0, 0.0)	(72.0, 0.0)	(73.0, 0.0)	(74.0, 0.000612189925802581)	(75.0, 0.0)	(76.0, 0.0)	(77.0, 0.0018365697774077431)	(78.0, 0.0018365697774077431)	(79.0, 0.004897519406420648)	(80.0, 0.07468717094791488)	(81.0, 0.39914783162328277)	(82.0, 0.07652374072532263)	(83.0, 0.1805960281117614)	(84.0, 1.9822709797487574)	(85.0, 1.2843744643338149)	(86.0, 0.03795577539976002)	(87.0, 0.008570658961236134)	(88.0, 0.002448759703210324)	(89.0, 0.0)	(90.0, 0.004897519406420648)	(91.0, 0.004285329480618067)	(92.0, 0.0)	(93.0, 0.0)	(94.0, 0.0)	(95.0, 0.0)	(96.0, 0.0)	(97.0, 0.0)	(98.0, 0.0)	(99.0, 0.0)	(100.0, 0.0)
2Q_2	(0.0, 0.0)	(1.0, 0.0)	(2.0, 0.0)	(3.0, 0.0)	(4.0, 0.0)	(5.0, 0.0)	(6.0, 0.0)	(7.0, 0.0)	(8.0, 0.0)	(9.0, 0.0)	(10.0, 0.0)	(11.0, 0.0)	(12.0, 0.0)	(13.0, 0.0)	(14.0, 0.0)	(15.0, 0.0)	(16.0, 0.0)	(17.0, 0.0)	(18.0, 0.0)	(19.0, 0.0)	(20.0, 0.0)	(21.0, 0.0)	(22.0, 0.0)	(23.0, 0.0)	(24.0, 0.0005049858940606926)	(25.0, 0.0)	(26.0, 0.0)	(27.0, 0.0)	(28.0, 0.0)	(29.0, 0.0005049858940606926)	(30.0, 0.0015149576821820777)	(31.0, 0.0015149576821820777)	(32.0, 0.0030299153643641554)	(33.0, 0.002524929470303463)	(34.0, 0.005554844834667618)	(35.0, 0.005049858940606926)	(36.0, 0.0045448730465462335)	(37.0, 0.010099717881213851)	(38.0, 0.012624647351517315)	(39.0, 0.028279210067398784)	(40.0, 3.181411132582363)	(41.0, 0.28329708656804853)	(42.0, 0.034339040796127096)	(43.0, 0.038883913842673326)	(44.0, 0.04241881510109818)	(45.0, 20.003501235532152)	(46.0, 21.520983847184535)	(47.0, 1.5881806368208782)	(48.0, 19.11119116072691)	(49.0, 11.124334260262996)	(50.0, 0.9412937065291308)	(51.0, 0.05857836371104034)	(52.0, 0.020199435762427703)	(53.0, 0.011109689669335236)	(54.0, 0.011614675563395929)	(55.0, 0.011614675563395929)	(56.0, 0.008584760199031774)	(57.0, 0.013129633245578008)	(58.0, 0.029794167749580863)	(59.0, 0.2883469455086554)	(60.0, 1.249840087800214)	(61.0, 12.206014045341)	(62.0, 3.442993825705802)	(63.0, 0.01969444986836701)	(64.0, 0.007069802516849696)	(65.0, 0.0040398871524855405)	(66.0, 0.0020199435762427703)	(67.0, 0.002524929470303463)	(68.0, 0.0045448730465462335)	(69.0, 0.003534901258424848)	(70.0, 0.0030299153643641554)	(71.0, 0.002524929470303463)	(72.0, 0.0005049858940606926)	(73.0, 0.0010099717881213851)	(74.0, 0.0005049858940606926)	(75.0, 0.002524929470303463)	(76.0, 0.005049858940606926)	(77.0, 0.0045448730465462335)	(78.0, 0.002524929470303463)	(79.0, 0.009594731987153158)	(80.0, 0.34339040796127096)	(81.0, 0.028279210067398784)	(82.0, 0.07372794053286111)	(83.0, 1.897232003986022)	(84.0, 1.6149448892060947)	(85.0, 0.003534901258424848)	(86.0, 0.0010099717881213851)	(87.0, 0.0)	(88.0, 0.0010099717881213851)	(89.0, 0.0005049858940606926)	(90.0, 0.0005049858940606926)	(91.0, 0.0010099717881213851)	(92.0, 0.0)	(93.0, 0.0005049858940606926)	(94.0, 0.0010099717881213851)	(95.0, 0.0)	(96.0, 0.0005049858940606926)	(97.0, 0.0005049858940606926)	(98.0, 0.002524929470303463)	(99.0, 0.0020199435762427703)	(100.0, 0.6551350332280698)
2Z_1	(0.0, 0.0)	(1.0, 0.0)	(2.0, 0.0)	(3.0, 0.0)	(4.0, 0.0)	(5.0, 0.0)	(6.0, 0.0)	(7.0, 0.0)	(8.0, 0.0)	(9.0, 0.0)	(10.0, 0.0)	(11.0, 0.0)	(12.0, 0.0)	(13.0, 0.0)	(14.0, 0.0)	(15.0, 0.0)	(16.0, 0.0)	(17.0, 0.0)	(18.0, 0.0)	(19.0, 0.0)	(20.0, 0.0)	(21.0, 0.0)	(22.0, 0.0)	(23.0, 0.0)	(24.0, 0.0)	(25.0, 0.0)	(26.0, 0.0)	(27.0, 0.0)	(28.0, 0.0)	(29.0, 0.0)	(30.0, 0.0)	(31.0, 0.0)	(32.0, 0.0)	(33.0, 0.0015647003598810829)	(34.0, 0.0015647003598810829)	(35.0, 0.0015647003598810829)	(36.0, 0.0007823501799405414)	(37.0, 0.0007823501799405414)	(38.0, 0.0031294007197621657)	(39.0, 0.0031294007197621657)	(40.0, 0.007823501799405413)	(41.0, 0.43968080112658425)	(42.0, 4.629948364888124)	(43.0, 0.4553278047253951)	(44.0, 0.8316382412767954)	(45.0, 18.58707557502738)	(46.0, 9.775465498357065)	(47.0, 2.9111250195587544)	(48.0, 36.95196369895165)	(49.0, 3.336723517446409)	(50.0, 0.18541699264590833)	(51.0, 0.010170552339227038)	(52.0, 0.004694101079643249)	(53.0, 0.00547645125958379)	(54.0, 0.0031294007197621657)	(55.0, 0.0062588014395243315)	(56.0, 0.009388202159286497)	(57.0, 0.031294007197621654)	(58.0, 0.24722265686121106)	(59.0, 2.031763417305586)	(60.0, 16.671882334532935)	(61.0, 1.9347519949929586)	(62.0, 0.013299953058989202)	(63.0, 0.0015647003598810829)	(64.0, 0.0015647003598810829)	(65.0, 0.0015647003598810829)	(66.0, 0.0023470505398216243)	(67.0, 0.0)	(68.0, 0.0)	(69.0, 0.0007823501799405414)	(70.0, 0.0)	(71.0, 0.0)	(72.0, 0.0)	(73.0, 0.0007823501799405414)	(74.0, 0.0)	(75.0, 0.0)	(76.0, 0.0)	(77.0, 0.0)	(78.0, 0.0)	(79.0, 0.0007823501799405414)	(80.0, 0.0062588014395243315)	(81.0, 0.10405257393209201)	(82.0, 0.010170552339227038)	(83.0, 0.007823501799405413)	(84.0, 0.3919574401502112)	(85.0, 0.3536222813331247)	(86.0, 0.0062588014395243315)	(87.0, 0.0062588014395243315)	(88.0, 0.0015647003598810829)	(89.0, 0.0007823501799405414)	(90.0, 0.0023470505398216243)	(91.0, 0.00547645125958379)	(92.0, 0.0)	(93.0, 0.0)	(94.0, 0.0)	(95.0, 0.0)	(96.0, 0.0)	(97.0, 0.0)	(98.0, 0.0)	(99.0, 0.0)	(100.0, 0.0)
2Z_2	(0.0, 0.0)	(1.0, 0.0)	(2.0, 0.0)	(3.0, 0.0)	(4.0, 0.0)	(5.0, 0.0)	(6.0, 0.0)	(7.0, 0.0)	(8.0, 0.0)	(9.0, 0.0)	(10.0, 0.0)	(11.0, 0.0)	(12.0, 0.0)	(13.0, 0.0)	(14.0, 0.0)	(15.0, 0.0)	(16.0, 0.0)	(17.0, 0.0)	(18.0, 0.0)	(19.0, 0.0)	(20.0, 0.0)	(21.0, 0.0)	(22.0, 0.0)	(23.0, 0.0)	(24.0, 0.0)	(25.0, 0.0)	(26.0, 0.0006497247332879969)	(27.0, 0.0)	(28.0, 0.0)	(29.0, 0.0012994494665759938)	(30.0, 0.0006497247332879969)	(31.0, 0.0006497247332879969)	(32.0, 0.0006497247332879969)	(33.0, 0.0012994494665759938)	(34.0, 0.0025988989331519876)	(35.0, 0.005847522599591972)	(36.0, 0.007796696799455964)	(37.0, 0.007146972066167967)	(38.0, 0.01624311833219992)	(39.0, 0.040932658197143805)	(40.0, 3.851568218931246)	(41.0, 0.35539942910853434)	(42.0, 0.029887337731247857)	(43.0, 0.0422321076637198)	(44.0, 0.05327742812961574)	(45.0, 19.752931341421682)	(46.0, 21.155037315857182)	(47.0, 1.6048200912213526)	(48.0, 20.962718794803934)	(49.0, 10.802973140379525)	(50.0, 0.9434003127341715)	(51.0, 0.06042440019578372)	(52.0, 0.024039815131655887)	(53.0, 0.01624311833219992)	(54.0, 0.014943668865623929)	(55.0, 0.014943668865623929)	(56.0, 0.009745870999319953)	(57.0, 0.012344769932471942)	(58.0, 0.02339009039836789)	(59.0, 0.2579407191153348)	(60.0, 1.272810752511186)	(61.0, 13.599388392451065)	(62.0, 3.599475022415503)	(63.0, 0.0214409161985039)	(64.0, 0.013644219399047936)	(65.0, 0.009745870999319953)	(66.0, 0.003898348399727982)	(67.0, 0.0032486236664399848)	(68.0, 0.004548073133015979)	(69.0, 0.004548073133015979)	(70.0, 0.0025988989331519876)	(71.0, 0.0032486236664399848)	(72.0, 0.0032486236664399848)	(73.0, 0.0025988989331519876)	(74.0, 0.001949174199863991)	(75.0, 0.0006497247332879969)	(76.0, 0.0012994494665759938)	(77.0, 0.001949174199863991)	(78.0, 0.0012994494665759938)	(79.0, 0.001949174199863991)	(80.0, 0.040932658197143805)	(81.0, 0.08836256372716758)	(82.0, 0.007146972066167967)	(83.0, 0.03573486033083983)	(84.0, 0.3794392442401902)	(85.0, 0.05392715286290375)	(86.0, 0.0)	(87.0, 0.0006497247332879969)	(88.0, 0.0006497247332879969)	(89.0, 0.0)	(90.0, 0.0)	(91.0, 0.0)	(92.0, 0.0)	(93.0, 0.0)	(94.0, 0.0)	(95.0, 0.0)	(96.0, 0.0012994494665759938)	(97.0, 0.0012994494665759938)	(98.0, 0.0)	(99.0, 0.0006497247332879969)	(100.0, 0.7623436870579184)
3D_1	(0.0, 0.0)	(1.0, 0.0)	(2.0, 0.0)	(3.0, 0.0)	(4.0, 0.0)	(5.0, 0.0)	(6.0, 0.0)	(7.0, 0.0)	(8.0, 0.0)	(9.0, 0.0)	(10.0, 0.0)	(11.0, 0.0)	(12.0, 0.0)	(13.0, 0.0)	(14.0, 0.0)	(15.0, 0.0)	(16.0, 0.0)	(17.0, 0.0)	(18.0, 0.0)	(19.0, 0.0)	(20.0, 0.0)	(21.0, 0.0)	(22.0, 0.0)	(23.0, 0.0)	(24.0, 0.0)	(25.0, 0.0)	(26.0, 0.0)	(27.0, 0.0)	(28.0, 0.0)	(29.0, 0.0)	(30.0, 0.0006249375062493751)	(31.0, 0.0006249375062493751)	(32.0, 0.0006249375062493751)	(33.0, 0.0012498750124987502)	(34.0, 0.0012498750124987502)	(35.0, 0.0012498750124987502)	(36.0, 0.0012498750124987502)	(37.0, 0.0018748125187481252)	(38.0, 0.0018748125187481252)	(39.0, 0.004374562543745625)	(40.0, 0.011873812618738126)	(41.0, 0.4068343165683432)	(42.0, 4.712653734626537)	(43.0, 0.4749525047495251)	(44.0, 1.1536346365363463)	(45.0, 17.56949305069493)	(46.0, 10.28084691530847)	(47.0, 3.3927857214278574)	(48.0, 35.786421357864214)	(49.0, 3.4990250974902506)	(50.0, 0.15123487651234876)	(51.0, 0.010623937606239376)	(52.0, 0.005624437556244376)	(53.0, 0.008124187581241876)	(54.0, 0.00624937506249375)	(55.0, 0.00624937506249375)	(56.0, 0.005624437556244376)	(57.0, 0.030621937806219378)	(58.0, 0.25934906509349065)	(59.0, 2.0204229577042296)	(60.0, 15.851539846015397)	(61.0, 1.9560543945605442)	(62.0, 0.011873812618738126)	(63.0, 0.0018748125187481252)	(64.0, 0.0006249375062493751)	(65.0, 0.0006249375062493751)	(66.0, 0.0018748125187481252)	(67.0, 0.0006249375062493751)	(68.0, 0.0006249375062493751)	(69.0, 0.0006249375062493751)	(70.0, 0.0018748125187481252)	(71.0, 0.0006249375062493751)	(72.0, 0.0006249375062493751)	(73.0, 0.0)	(74.0, 0.0)	(75.0, 0.0)	(76.0, 0.0006249375062493751)	(77.0, 0.0012498750124987502)	(78.0, 0.003124687531246875)	(79.0, 0.022497750224977502)	(80.0, 0.49182581741825815)	(81.0, 0.164983501649835)	(82.0, 0.0324967503249675)	(83.0, 0.7355514448555145)	(84.0, 0.8586641335866414)	(85.0, 0.034996500349965)	(86.0, 0.004999500049995001)	(87.0, 0.0018748125187481252)	(88.0, 0.0)	(89.0, 0.0018748125187481252)	(90.0, 0.008124187581241876)	(91.0, 0.0)	(92.0, 0.0)	(93.0, 0.0)	(94.0, 0.0)	(95.0, 0.0)	(96.0, 0.0)	(97.0, 0.0)	(98.0, 0.0)	(99.0, 0.0)	(100.0, 0.0)
3D_2	(0.0, 0.0)	(1.0, 0.0)	(2.0, 0.0)	(3.0, 0.0)	(4.0, 0.0)	(5.0, 0.0)	(6.0, 0.0)	(7.0, 0.0)	(8.0, 0.0)	(9.0, 0.0)	(10.0, 0.0)	(11.0, 0.0)	(12.0, 0.0)	(13.0, 0.0)	(14.0, 0.0)	(15.0, 0.0)	(16.0, 0.0)	(17.0, 0.0)	(18.0, 0.0)	(19.0, 0.0)	(20.0, 0.0)	(21.0, 0.0)	(22.0, 0.0)	(23.0, 0.0005275615752285222)	(24.0, 0.0)	(25.0, 0.0)	(26.0, 0.0)	(27.0, 0.0010551231504570444)	(28.0, 0.0010551231504570444)	(29.0, 0.0)	(30.0, 0.0005275615752285222)	(31.0, 0.0005275615752285222)	(32.0, 0.0010551231504570444)	(33.0, 0.0031653694513711327)	(34.0, 0.004748054177056699)	(35.0, 0.005275615752285221)	(36.0, 0.004220492601828178)	(37.0, 0.010023669929341922)	(38.0, 0.0073858620531993095)	(39.0, 0.03956711814213916)	(40.0, 4.006302602285397)	(41.0, 0.38037189573976443)	(42.0, 0.036401748690768024)	(43.0, 0.03429150238985394)	(44.0, 0.04378761074396734)	(45.0, 19.668550647669765)	(46.0, 20.533751631044538)	(47.0, 2.0010410548417843)	(48.0, 20.789618995030374)	(49.0, 10.545955888818158)	(50.0, 0.9306186187031131)	(51.0, 0.05222859594762369)	(52.0, 0.022685147734826452)	(53.0, 0.020047339858683844)	(54.0, 0.01266147780548453)	(55.0, 0.013716600955941577)	(56.0, 0.010551231504570442)	(57.0, 0.014244162531170099)	(58.0, 0.031126132938482806)	(59.0, 0.285938373773859)	(60.0, 1.2656202189732246)	(61.0, 13.079306573065521)	(62.0, 3.5831982189521225)	(63.0, 0.021630024584369408)	(64.0, 0.010023669929341922)	(65.0, 0.010023669929341922)	(66.0, 0.006330738902742265)	(67.0, 0.004220492601828178)	(68.0, 0.0036929310265996548)	(69.0, 0.004220492601828178)	(70.0, 0.0036929310265996548)	(71.0, 0.0010551231504570444)	(72.0, 0.004220492601828178)	(73.0, 0.005275615752285221)	(74.0, 0.0031653694513711327)	(75.0, 0.0010551231504570444)	(76.0, 0.0031653694513711327)	(77.0, 0.0036929310265996548)	(78.0, 0.0026378078761426105)	(79.0, 0.0031653694513711327)	(80.0, 0.09021302936407728)	(81.0, 0.44104147689104456)	(82.0, 0.018992216708226796)	(83.0, 0.12450453175393122)	(84.0, 0.914264209871029)	(85.0, 0.09496108354113399)	(86.0, 0.002110246300914089)	(87.0, 0.0005275615752285222)	(88.0, 0.0005275615752285222)	(89.0, 0.0005275615752285222)	(90.0, 0.0010551231504570444)	(91.0, 0.0005275615752285222)	(92.0, 0.0)	(93.0, 0.0005275615752285222)	(94.0, 0.0)	(95.0, 0.0)	(96.0, 0.0005275615752285222)	(97.0, 0.0005275615752285222)	(98.0, 0.0010551231504570444)	(99.0, 0.0005275615752285222)	(100.0, 0.7751638078691013)
3Q_1	(0.0, 0.0)	(1.0, 0.0)	(2.0, 0.0)	(3.0, 0.0)	(4.0, 0.0)	(5.0, 0.0)	(6.0, 0.0)	(7.0, 0.0)	(8.0, 0.0)	(9.0, 0.0)	(10.0, 0.0)	(11.0, 0.0)	(12.0, 0.0)	(13.0, 0.0)	(14.0, 0.0)	(15.0, 0.0)	(16.0, 0.0)	(17.0, 0.0)	(18.0, 0.0)	(19.0, 0.0)	(20.0, 0.0)	(21.0, 0.0)	(22.0, 0.0)	(23.0, 0.0)	(24.0, 0.0)	(25.0, 0.0)	(26.0, 0.0)	(27.0, 0.0006991181789369674)	(28.0, 0.0013982363578739349)	(29.0, 0.0006991181789369674)	(30.0, 0.0013982363578739349)	(31.0, 0.0013982363578739349)	(32.0, 0.0)	(33.0, 0.0006991181789369674)	(34.0, 0.0020973545368109026)	(35.0, 0.0006991181789369674)	(36.0, 0.0020973545368109026)	(37.0, 0.0)	(38.0, 0.0020973545368109026)	(39.0, 0.003495590894684837)	(40.0, 0.009787654505117545)	(41.0, 0.35095732582635764)	(42.0, 3.2662801319935117)	(43.0, 0.33138201681612256)	(44.0, 0.8312515147560543)	(45.0, 18.762234568131394)	(46.0, 10.147001249091145)	(47.0, 3.0062081694289597)	(48.0, 36.956086056787036)	(49.0, 3.6158392214619957)	(50.0, 0.1803724901657376)	(51.0, 0.010486772684054511)	(52.0, 0.0062920636104327075)	(53.0, 0.0062920636104327075)	(54.0, 0.004194709073621805)	(55.0, 0.007690299968306642)	(56.0, 0.011885009041928445)	(57.0, 0.0321594362311005)	(58.0, 0.25308078077518226)	(59.0, 2.1952310818620777)	(60.0, 15.366617573034544)	(61.0, 1.9680176737075634)	(62.0, 0.013283245399802381)	(63.0, 0.0027964727157478698)	(64.0, 0.0006991181789369674)	(65.0, 0.0)	(66.0, 0.0006991181789369674)	(67.0, 0.0)	(68.0, 0.0)	(69.0, 0.0)	(70.0, 0.0)	(71.0, 0.0006991181789369674)	(72.0, 0.0)	(73.0, 0.0)	(74.0, 0.0006991181789369674)	(75.0, 0.0)	(76.0, 0.0)	(77.0, 0.0)	(78.0, 0.0)	(79.0, 0.0)	(80.0, 0.0055929454314957395)	(81.0, 0.2929305169745894)	(82.0, 0.2642666716381737)	(83.0, 0.013982363578739348)	(84.0, 0.4124797255728108)	(85.0, 1.5939894479762857)	(86.0, 0.045442681630902884)	(87.0, 0.00838941814724361)	(88.0, 0.0013982363578739349)	(89.0, 0.0)	(90.0, 0.0)	(91.0, 0.0055929454314957395)	(92.0, 0.0)	(93.0, 0.0)	(94.0, 0.0)	(95.0, 0.0)	(96.0, 0.0)	(97.0, 0.0)	(98.0, 0.0)	(99.0, 0.0)	(100.0, 0.0009321575719159565)
3Q_2	(0.0, 0.0)	(1.0, 0.0)	(2.0, 0.0)	(3.0, 0.0)	(4.0, 0.0)	(5.0, 0.0)	(6.0, 0.0)	(7.0, 0.0)	(8.0, 0.0)	(9.0, 0.0)	(10.0, 0.0)	(11.0, 0.0)	(12.0, 0.0)	(13.0, 0.0)	(14.0, 0.0)	(15.0, 0.0)	(16.0, 0.0)	(17.0, 0.0)	(18.0, 0.0)	(19.0, 0.0)	(20.0, 0.0)	(21.0, 0.0)	(22.0, 0.0)	(23.0, 0.0)	(24.0, 0.0)	(25.0, 0.0)	(26.0, 0.0)	(27.0, 0.0005766923999630917)	(28.0, 0.0005766923999630917)	(29.0, 0.0)	(30.0, 0.0011533847999261834)	(31.0, 0.0023067695998523667)	(32.0, 0.0023067695998523667)	(33.0, 0.0046135391997047335)	(34.0, 0.005190231599667825)	(35.0, 0.007497001199520192)	(36.0, 0.008073693599483284)	(37.0, 0.008650385999446375)	(38.0, 0.016147387198966568)	(39.0, 0.03748500599760096)	(40.0, 2.724871589825608)	(41.0, 0.2491311167840556)	(42.0, 0.03287146679789622)	(43.0, 0.04036846799741642)	(44.0, 0.051325623596715164)	(45.0, 19.78689293513364)	(46.0, 21.232660781841112)	(47.0, 1.6677944206932613)	(48.0, 20.538323132285548)	(49.0, 11.10421216128933)	(50.0, 0.974033463537662)	(51.0, 0.07727678159505429)	(52.0, 0.02825792759819149)	(53.0, 0.014417309999077293)	(54.0, 0.011533847999261833)	(55.0, 0.02018423399870821)	(56.0, 0.011533847999261833)	(57.0, 0.013263925199151108)	(58.0, 0.021337618798634394)	(59.0, 0.28834619998154587)	(60.0, 1.3402331375142251)	(61.0, 12.4750099960016)	(62.0, 3.5501184141727924)	(63.0, 0.02364438839848676)	(64.0, 0.016147387198966568)	(65.0, 0.009227078399409467)	(66.0, 0.0069203087995571)	(67.0, 0.0069203087995571)	(68.0, 0.0069203087995571)	(69.0, 0.0023067695998523667)	(70.0, 0.001730077199889275)	(71.0, 0.0011533847999261834)	(72.0, 0.002883461999815458)	(73.0, 0.002883461999815458)	(74.0, 0.004036846799741642)	(75.0, 0.0023067695998523667)	(76.0, 0.0023067695998523667)	(77.0, 0.0005766923999630917)	(78.0, 0.0023067695998523667)	(79.0, 0.00980377079937256)	(80.0, 0.26066496478331747)	(81.0, 0.03114138959800695)	(82.0, 0.0622827791960139)	(83.0, 1.3062082859164028)	(84.0, 1.131470488727586)	(85.0, 0.002883461999815458)	(86.0, 0.0005766923999630917)	(87.0, 0.0005766923999630917)	(88.0, 0.0)	(89.0, 0.0005766923999630917)	(90.0, 0.0005766923999630917)	(91.0, 0.0)	(92.0, 0.0005766923999630917)	(93.0, 0.0011533847999261834)	(94.0, 0.0005766923999630917)	(95.0, 0.0011533847999261834)	(96.0, 0.0011533847999261834)	(97.0, 0.0005766923999630917)	(98.0, 0.0005766923999630917)	(99.0, 0.0)	(100.0, 0.7466244271522139)
3Z_1	(0.0, 0.0)	(1.0, 0.0)	(2.0, 0.0)	(3.0, 0.0)	(4.0, 0.0)	(5.0, 0.0)	(6.0, 0.0)	(7.0, 0.0)	(8.0, 0.0)	(9.0, 0.0)	(10.0, 0.0)	(11.0, 0.0)	(12.0, 0.0)	(13.0, 0.0)	(14.0, 0.0)	(15.0, 0.0)	(16.0, 0.0)	(17.0, 0.0)	(18.0, 0.0)	(19.0, 0.0)	(20.0, 0.0)	(21.0, 0.0)	(22.0, 0.0)	(23.0, 0.0)	(24.0, 0.0)	(25.0, 0.0)	(26.0, 0.0)	(27.0, 0.0)	(28.0, 0.0)	(29.0, 0.0)	(30.0, 0.0)	(31.0, 0.0013611275580691046)	(32.0, 0.0013611275580691046)	(33.0, 0.0006805637790345523)	(34.0, 0.0006805637790345523)	(35.0, 0.0013611275580691046)	(36.0, 0.0020416913371036566)	(37.0, 0.0020416913371036566)	(38.0, 0.003402818895172761)	(39.0, 0.005444510232276418)	(40.0, 0.0156529669177947)	(41.0, 0.44304702015149344)	(42.0, 4.622389187202678)	(43.0, 0.39812981073521303)	(44.0, 0.8030652592607715)	(45.0, 20.002450029604525)	(46.0, 9.679658629208436)	(47.0, 3.063898133213554)	(48.0, 37.74406718525626)	(49.0, 3.3864853644759316)	(50.0, 0.18307165656029456)	(51.0, 0.008847329127449179)	(52.0, 0.005444510232276418)	(53.0, 0.007486201569380074)	(54.0, 0.008847329127449179)	(55.0, 0.004763946453241866)	(56.0, 0.00612507401131097)	(57.0, 0.029944806277520296)	(58.0, 0.279711713183201)	(59.0, 1.9219121119935754)	(60.0, 15.045904026895881)	(61.0, 1.8096190884528744)	(62.0, 0.011569584243587387)	(63.0, 0.0020416913371036566)	(64.0, 0.0006805637790345523)	(65.0, 0.0006805637790345523)	(66.0, 0.0)	(67.0, 0.0020416913371036566)	(68.0, 0.0)	(69.0, 0.0)	(70.0, 0.0)	(71.0, 0.0)	(72.0, 0.0)	(73.0, 0.0)	(74.0, 0.0)	(75.0, 0.0006805637790345523)	(76.0, 0.0006805637790345523)	(77.0, 0.0)	(78.0, 0.0)	(79.0, 0.0013611275580691046)	(80.0, 0.08370934482124992)	(81.0, 0.05444510232276418)	(82.0, 0.003402818895172761)	(83.0, 0.0741814519147662)	(84.0, 0.2552114171379571)	(85.0, 0.008847329127449179)	(86.0, 0.006805637790345522)	(87.0, 0.0006805637790345523)	(88.0, 0.0006805637790345523)	(89.0, 0.0006805637790345523)	(90.0, 0.002722255116138209)	(91.0, 0.0)	(92.0, 0.0)	(93.0, 0.0)	(94.0, 0.0)	(95.0, 0.0)	(96.0, 0.0)	(97.0, 0.0)	(98.0, 0.0)	(99.0, 0.0)	(100.0, 0.0)
3Z_2	(0.0, 0.0)	(1.0, 0.0)	(2.0, 0.0)	(3.0, 0.0)	(4.0, 0.0)	(5.0, 0.0)	(6.0, 0.0)	(7.0, 0.0)	(8.0, 0.0)	(9.0, 0.0)	(10.0, 0.0)	(11.0, 0.0)	(12.0, 0.0)	(13.0, 0.0)	(14.0, 0.0)	(15.0, 0.0)	(16.0, 0.0)	(17.0, 0.0)	(18.0, 0.0)	(19.0, 0.0)	(20.0, 0.0)	(21.0, 0.0)	(22.0, 0.0)	(23.0, 0.0)	(24.0, 0.0)	(25.0, 0.0)	(26.0, 0.0)	(27.0, 0.0)	(28.0, 0.0)	(29.0, 0.0)	(30.0, 0.0005613530854772345)	(31.0, 0.0)	(32.0, 0.0)	(33.0, 0.002806765427386172)	(34.0, 0.006174883940249579)	(35.0, 0.0033681185128634065)	(36.0, 0.004490824683817876)	(37.0, 0.00505217776929511)	(38.0, 0.009543002453112985)	(39.0, 0.023576829590043844)	(40.0, 3.8267439836983073)	(41.0, 0.34298673522659023)	(42.0, 0.028629007359338956)	(43.0, 0.035926597470543005)	(44.0, 0.04097877523983811)	(45.0, 20.487142207577147)	(46.0, 21.959009997698455)	(47.0, 1.6705867823802498)	(48.0, 21.15627508546601)	(49.0, 11.018238361747157)	(50.0, 0.9312847688067319)	(51.0, 0.058380720889632386)	(52.0, 0.025260888846475548)	(53.0, 0.02189277033361214)	(54.0, 0.017401945649794266)	(55.0, 0.013472474051453626)	(56.0, 0.013472474051453626)	(57.0, 0.017963298735271502)	(58.0, 0.026944948102907252)	(59.0, 0.2756243649693221)	(60.0, 1.1794028325876695)	(61.0, 12.153294300582125)	(62.0, 3.2092555896733495)	(63.0, 0.015156533307885328)	(64.0, 0.011227061709544689)	(65.0, 0.007297590111204048)	(66.0, 0.006736237025726813)	(67.0, 0.00392947159834064)	(68.0, 0.006174883940249579)	(69.0, 0.0033681185128634065)	(70.0, 0.0033681185128634065)	(71.0, 0.002245412341908938)	(72.0, 0.002806765427386172)	(73.0, 0.0033681185128634065)	(74.0, 0.002806765427386172)	(75.0, 0.00392947159834064)	(76.0, 0.002806765427386172)	(77.0, 0.004490824683817876)	(78.0, 0.0016840592564317032)	(79.0, 0.029751713530293423)	(80.0, 0.07241454802656325)	(81.0, 0.002806765427386172)	(82.0, 0.0325584789576796)	(83.0, 0.22959341196018887)	(84.0, 0.022454123419089377)	(85.0, 0.002245412341908938)	(86.0, 0.0005613530854772345)	(87.0, 0.0005613530854772345)	(88.0, 0.001122706170954469)	(89.0, 0.0005613530854772345)	(90.0, 0.0005613530854772345)	(91.0, 0.0)	(92.0, 0.0)	(93.0, 0.0)	(94.0, 0.0)	(95.0, 0.0)	(96.0, 0.0)	(97.0, 0.0)	(98.0, 0.0)	(99.0, 0.001122706170954469)	(100.0, 0.9565456576531923)
4D_1	(0.0, 0.0)	(1.0, 0.0)	(2.0, 0.0)	(3.0, 0.0)	(4.0, 0.0)	(5.0, 0.0)	(6.0, 0.0)	(7.0, 0.0)	(8.0, 0.0)	(9.0, 0.0)	(10.0, 0.0)	(11.0, 0.0)	(12.0, 0.0)	(13.0, 0.0)	(14.0, 0.0)	(15.0, 0.0)	(16.0, 0.0)	(17.0, 0.0)	(18.0, 0.0)	(19.0, 0.0)	(20.0, 0.0)	(21.0, 0.0)	(22.0, 0.0)	(23.0, 0.0)	(24.0, 0.0)	(25.0, 0.0)	(26.0, 0.0006135684527644327)	(27.0, 0.0)	(28.0, 0.0)	(29.0, 0.0006135684527644327)	(30.0, 0.0)	(31.0, 0.0012271369055288654)	(32.0, 0.0006135684527644327)	(33.0, 0.001840705358293298)	(34.0, 0.0006135684527644327)	(35.0, 0.003067842263822163)	(36.0, 0.004294979169351029)	(37.0, 0.0006135684527644327)	(38.0, 0.0012271369055288654)	(39.0, 0.004908547622115462)	(40.0, 0.01902062203569741)	(41.0, 0.4712205717230843)	(42.0, 5.069916125192507)	(43.0, 0.4614034764788533)	(44.0, 0.8951963725833073)	(45.0, 18.411962130555096)	(46.0, 10.237389634374559)	(47.0, 2.953718531607979)	(48.0, 35.338475036967495)	(49.0, 3.254980641915315)	(50.0, 0.18713837809315195)	(51.0, 0.015952779771875248)	(52.0, 0.009817095244230923)	(53.0, 0.006749252980408758)	(54.0, 0.004908547622115462)	(55.0, 0.006749252980408758)	(56.0, 0.0055221160748798945)	(57.0, 0.025156306563341738)	(58.0, 0.22272534835348906)	(59.0, 1.7492836588313976)	(60.0, 13.416287788147086)	(61.0, 1.608162914695578)	(62.0, 0.00920352679146649)	(63.0, 0.003067842263822163)	(64.0, 0.0012271369055288654)	(65.0, 0.0006135684527644327)	(66.0, 0.0)	(67.0, 0.0006135684527644327)	(68.0, 0.0012271369055288654)	(69.0, 0.0)	(70.0, 0.0)	(71.0, 0.0)	(72.0, 0.0)	(73.0, 0.0006135684527644327)	(74.0, 0.0006135684527644327)	(75.0, 0.0006135684527644327)	(76.0, 0.0)	(77.0, 0.0)	(78.0, 0.002454273811057731)	(79.0, 0.01840705358293298)	(80.0, 0.17609414594339218)	(81.0, 0.5706186610709224)	(82.0, 0.1711855983212767)	(83.0, 0.6313619378946012)	(84.0, 2.491701486676361)	(85.0, 1.3756204710978581)	(86.0, 0.07915033040661182)	(87.0, 0.023315601205048442)	(88.0, 0.00920352679146649)	(89.0, 0.003067842263822163)	(90.0, 0.021474895846755142)	(91.0, 0.015952779771875248)	(92.0, 0.0012271369055288654)	(93.0, 0.0)	(94.0, 0.0)	(95.0, 0.0)	(96.0, 0.0)	(97.0, 0.0)	(98.0, 0.0)	(99.0, 0.0)	(100.0, 0.0)
4D_2	(0.0, 0.0)	(1.0, 0.0)	(2.0, 0.0)	(3.0, 0.0)	(4.0, 0.0)	(5.0, 0.0)	(6.0, 0.0)	(7.0, 0.0)	(8.0, 0.0)	(9.0, 0.0)	(10.0, 0.0)	(11.0, 0.0)	(12.0, 0.0)	(13.0, 0.0)	(14.0, 0.0)	(15.0, 0.0)	(16.0, 0.0)	(17.0, 0.0)	(18.0, 0.0)	(19.0, 0.0)	(20.0, 0.0)	(21.0, 0.0)	(22.0, 0.0)	(23.0, 0.0)	(24.0, 0.0)	(25.0, 0.0)	(26.0, 0.0005069828437005692)	(27.0, 0.0005069828437005692)	(28.0, 0.0010139656874011383)	(29.0, 0.0005069828437005692)	(30.0, 0.0005069828437005692)	(31.0, 0.0005069828437005692)	(32.0, 0.0010139656874011383)	(33.0, 0.005576811280706261)	(34.0, 0.006590776968107399)	(35.0, 0.005576811280706261)	(36.0, 0.009125691186610246)	(37.0, 0.009632674030310815)	(38.0, 0.010139656874011384)	(39.0, 0.037009747590141556)	(40.0, 4.215562345370233)	(41.0, 0.3726323901199184)	(42.0, 0.028898022090932445)	(43.0, 0.03447483337163871)	(44.0, 0.04461449024565009)	(45.0, 19.98424973298904)	(46.0, 21.09150026363108)	(47.0, 1.56759095272216)	(48.0, 19.999459218300057)	(49.0, 10.168554896102316)	(50.0, 0.8963456676626064)	(51.0, 0.05424716427596091)	(52.0, 0.023828193653926754)	(53.0, 0.015209485311017077)	(54.0, 0.019772330904322198)	(55.0, 0.014195519623615939)	(56.0, 0.013688536779915368)	(57.0, 0.012167588248813662)	(58.0, 0.023828193653926754)	(59.0, 0.2621101301931943)	(60.0, 1.0601011261778903)	(61.0, 10.92041045331026)	(62.0, 2.961793772898725)	(63.0, 0.014195519623615939)	(64.0, 0.008618708342909677)	(65.0, 0.004562845593305123)	(66.0, 0.004055862749604553)	(67.0, 0.004562845593305123)	(68.0, 0.005576811280706261)	(69.0, 0.0020279313748022766)	(70.0, 0.0030418970622034156)	(71.0, 0.002534914218502846)	(72.0, 0.0010139656874011383)	(73.0, 0.0005069828437005692)	(74.0, 0.002534914218502846)	(75.0, 0.0005069828437005692)	(76.0, 0.0015209485311017078)	(77.0, 0.004055862749604553)	(78.0, 0.0035488799059039846)	(79.0, 0.012167588248813662)	(80.0, 0.5592020766017278)	(81.0, 0.043093541714548385)	(82.0, 0.06134492408776887)	(83.0, 2.3970148850162913)	(84.0, 2.1039788013573624)	(85.0, 0.006083794124406831)	(86.0, 0.0015209485311017078)	(87.0, 0.0)	(88.0, 0.0)	(89.0, 0.0010139656874011383)	(90.0, 0.0)	(91.0, 0.0)	(92.0, 0.0)	(93.0, 0.0)	(94.0, 0.0)	(95.0, 0.0)	(96.0, 0.0010139656874011383)	(97.0, 0.0010139656874011383)	(98.0, 0.0005069828437005692)	(99.0, 0.0010139656874011383)	(100.0, 0.874714399664701)
4Q_1	(0.0, 0.0)	(1.0, 0.0)	(2.0, 0.0)	(3.0, 0.0)	(4.0, 0.0)	(5.0, 0.0)	(6.0, 0.0)	(7.0, 0.0)	(8.0, 0.0)	(9.0, 0.0)	(10.0, 0.0)	(11.0, 0.0)	(12.0, 0.0)	(13.0, 0.0)	(14.0, 0.0)	(15.0, 0.0)	(16.0, 0.0)	(17.0, 0.0)	(18.0, 0.0)	(19.0, 0.0)	(20.0, 0.0)	(21.0, 0.0)	(22.0, 0.0)	(23.0, 0.0)	(24.0, 0.0)	(25.0, 0.0)	(26.0, 0.0007803416335671757)	(27.0, 0.0007803416335671757)	(28.0, 0.0)	(29.0, 0.0)	(30.0, 0.0)	(31.0, 0.0007803416335671757)	(32.0, 0.0)	(33.0, 0.0)	(34.0, 0.0015606832671343513)	(35.0, 0.0007803416335671757)	(36.0, 0.0)	(37.0, 0.0015606832671343513)	(38.0, 0.0007803416335671757)	(39.0, 0.00546239143497023)	(40.0, 0.014046149404209162)	(41.0, 0.30511357872476574)	(42.0, 3.248562220540153)	(43.0, 0.315258019961139)	(44.0, 0.8716416046945353)	(45.0, 19.474205807302436)	(46.0, 9.378926093843885)	(47.0, 2.6656470202654723)	(48.0, 32.27414962270482)	(49.0, 2.74914357505716)	(50.0, 0.13734012750782293)	(51.0, 0.008583757969238933)	(52.0, 0.006242733068537405)	(53.0, 0.004682049801403054)	(54.0, 0.00546239143497023)	(55.0, 0.004682049801403054)	(56.0, 0.007803416335671757)	(57.0, 0.026531615541283974)	(58.0, 0.22083668229951073)	(59.0, 1.7464045759233393)	(60.0, 13.870572536656548)	(61.0, 1.52790891852453)	(62.0, 0.01092478286994046)	(63.0, 0.0)	(64.0, 0.0007803416335671757)	(65.0, 0.0007803416335671757)	(66.0, 0.0007803416335671757)	(67.0, 0.0)	(68.0, 0.0007803416335671757)	(69.0, 0.0)	(70.0, 0.0)	(71.0, 0.0)	(72.0, 0.0)	(73.0, 0.0)	(74.0, 0.0)	(75.0, 0.0)	(76.0, 0.002341024900701527)	(77.0, 0.0039017081678358787)	(78.0, 0.00546239143497023)	(79.0, 0.036676056777657264)	(80.0, 1.8681378707598186)	(81.0, 0.2052298496281672)	(82.0, 0.10066407073016567)	(83.0, 4.605576321313471)	(84.0, 4.135030316272465)	(85.0, 0.08271621315812062)	(86.0, 0.021069224106313744)	(87.0, 0.010144441236373284)	(88.0, 0.0007803416335671757)	(89.0, 0.007803416335671757)	(90.0, 0.024190590640582446)	(91.0, 0.0)	(92.0, 0.0)	(93.0, 0.0)	(94.0, 0.0)	(95.0, 0.0)	(96.0, 0.0)	(97.0, 0.0)	(98.0, 0.0)	(99.0, 0.0)	(100.0, 0.0)
4Q_2	(0.0, 0.0)	(1.0, 0.0)	(2.0, 0.0)	(3.0, 0.0)	(4.0, 0.0)	(5.0, 0.0)	(6.0, 0.0)	(7.0, 0.0)	(8.0, 0.0)	(9.0, 0.0)	(10.0, 0.0)	(11.0, 0.0)	(12.0, 0.0)	(13.0, 0.0)	(14.0, 0.0)	(15.0, 0.0)	(16.0, 0.0)	(17.0, 0.0)	(18.0, 0.0)	(19.0, 0.0)	(20.0, 0.0)	(21.0, 0.0)	(22.0, 0.0)	(23.0, 0.0)	(24.0, 0.0)	(25.0, 0.0)	(26.0, 0.0)	(27.0, 0.0)	(28.0, 0.0)	(29.0, 0.0)	(30.0, 0.0006399317406143345)	(31.0, 0.0006399317406143345)	(32.0, 0.001279863481228669)	(33.0, 0.0031996587030716723)	(34.0, 0.0019197952218430034)	(35.0, 0.0031996587030716723)	(36.0, 0.0038395904436860067)	(37.0, 0.00575938566552901)	(38.0, 0.0063993174061433445)	(39.0, 0.026877133105802052)	(40.0, 2.656996587030717)	(41.0, 0.2425341296928328)	(42.0, 0.028796928327645053)	(43.0, 0.02815699658703072)	(44.0, 0.032636518771331065)	(45.0, 20.177047781569968)	(46.0, 21.41019624573379)	(47.0, 1.3995307167235496)	(48.0, 17.671715017064848)	(49.0, 9.611774744027304)	(50.0, 0.8331911262798636)	(51.0, 0.05631399317406144)	(52.0, 0.025597269624573378)	(53.0, 0.020477815699658702)	(54.0, 0.019197952218430035)	(55.0, 0.01727815699658703)	(56.0, 0.013438566552901026)	(57.0, 0.007679180887372013)	(58.0, 0.02111774744027304)	(59.0, 0.2572525597269625)	(60.0, 1.1281996587030718)	(61.0, 11.273677474402731)	(62.0, 3.063353242320819)	(63.0, 0.01983788395904437)	(64.0, 0.010878839590443687)	(65.0, 0.0063993174061433445)	(66.0, 0.004479522184300341)	(67.0, 0.00703924914675768)	(68.0, 0.004479522184300341)	(69.0, 0.002559726962457338)	(70.0, 0.001279863481228669)	(71.0, 0.0)	(72.0, 0.0031996587030716723)	(73.0, 0.0019197952218430034)	(74.0, 0.0)	(75.0, 0.0038395904436860067)	(76.0, 0.002559726962457338)	(77.0, 0.0031996587030716723)	(78.0, 0.002559726962457338)	(79.0, 0.008319112627986349)	(80.0, 0.033276450511945395)	(81.0, 1.5665529010238908)	(82.0, 0.11198805460750853)	(83.0, 0.1503839590443686)	(84.0, 3.88438566552901)	(85.0, 3.2534129692832767)	(86.0, 0.005119453924914676)	(87.0, 0.0019197952218430034)	(88.0, 0.001279863481228669)	(89.0, 0.0)	(90.0, 0.001279863481228669)	(91.0, 0.001279863481228669)	(92.0, 0.0006399317406143345)	(93.0, 0.0006399317406143345)	(94.0, 0.0006399317406143345)	(95.0, 0.0)	(96.0, 0.0)	(97.0, 0.0)	(98.0, 0.0)	(99.0, 0.0031996587030716723)	(100.0, 0.8515358361774708)
4Z_1	(0.0, 0.0)	(1.0, 0.0)	(2.0, 0.0)	(3.0, 0.0)	(4.0, 0.0)	(5.0, 0.0)	(6.0, 0.0)	(7.0, 0.0)	(8.0, 0.0)	(9.0, 0.0)	(10.0, 0.0)	(11.0, 0.0)	(12.0, 0.0)	(13.0, 0.0)	(14.0, 0.0)	(15.0, 0.0)	(16.0, 0.0)	(17.0, 0.0)	(18.0, 0.0)	(19.0, 0.0)	(20.0, 0.0)	(21.0, 0.0)	(22.0, 0.0)	(23.0, 0.0)	(24.0, 0.0)	(25.0, 0.0007233726526557421)	(26.0, 0.0)	(27.0, 0.0)	(28.0, 0.0)	(29.0, 0.0)	(30.0, 0.0)	(31.0, 0.0)	(32.0, 0.0)	(33.0, 0.0)	(34.0, 0.0021701179579672264)	(35.0, 0.0021701179579672264)	(36.0, 0.0014467453053114841)	(37.0, 0.0014467453053114841)	(38.0, 0.0021701179579672264)	(39.0, 0.004340235915934453)	(40.0, 0.015190825705770584)	(41.0, 0.504914111553708)	(42.0, 4.724346794494651)	(43.0, 0.4492144172992158)	(44.0, 0.8767276550187595)	(45.0, 20.42876708365081)	(46.0, 9.101474715714547)	(47.0, 3.0945882080612646)	(48.0, 38.26496658018345)	(49.0, 3.439636963378054)	(50.0, 0.1736094366373781)	(51.0, 0.011573962442491873)	(52.0, 0.008680471831868906)	(53.0, 0.00723372652655742)	(54.0, 0.005063608568590195)	(55.0, 0.005063608568590195)	(56.0, 0.005786981221245937)	(57.0, 0.01736094366373781)	(58.0, 0.2763283533144935)	(59.0, 1.8713650524204046)	(60.0, 13.996537456235952)	(61.0, 1.6507363933604036)	(62.0, 0.015914198358426324)	(63.0, 0.0028934906106229683)	(64.0, 0.0021701179579672264)	(65.0, 0.0007233726526557421)	(66.0, 0.0)	(67.0, 0.0)	(68.0, 0.0)	(69.0, 0.0)	(70.0, 0.0)	(71.0, 0.0007233726526557421)	(72.0, 0.0)	(73.0, 0.0)	(74.0, 0.0)	(75.0, 0.0)	(76.0, 0.0)	(77.0, 0.0)	(78.0, 0.0007233726526557421)	(79.0, 0.005063608568590195)	(80.0, 0.0549763216018364)	(81.0, 0.11646299707757446)	(82.0, 0.015914198358426324)	(83.0, 0.08752809097134479)	(84.0, 0.5251685458280687)	(85.0, 0.20616120600688648)	(86.0, 0.006510353873901679)	(87.0, 0.0007233726526557421)	(88.0, 0.0)	(89.0, 0.0021701179579672264)	(90.0, 0.01012721713718039)	(91.0, 0.0014467453053114841)	(92.0, 0.0)	(93.0, 0.0)	(94.0, 0.0)	(95.0, 0.0)	(96.0, 0.0)	(97.0, 0.0)	(98.0, 0.0)	(99.0, 0.0)	(100.0, 0.0009644968702076561)
4Z_2	(0.0, 0.0)	(1.0, 0.0)	(2.0, 0.0)	(3.0, 0.0)	(4.0, 0.0)	(5.0, 0.0)	(6.0, 0.0)	(7.0, 0.0)	(8.0, 0.0)	(9.0, 0.0)	(10.0, 0.0)	(11.0, 0.0)	(12.0, 0.0)	(13.0, 0.0)	(14.0, 0.0)	(15.0, 0.0)	(16.0, 0.0)	(17.0, 0.0)	(18.0, 0.0)	(19.0, 0.0)	(20.0, 0.0)	(21.0, 0.0)	(22.0, 0.0)	(23.0, 0.0)	(24.0, 0.0)	(25.0, 0.0)	(26.0, 0.0)	(27.0, 0.000597853705198338)	(28.0, 0.0)	(29.0, 0.0)	(30.0, 0.0)	(31.0, 0.0)	(32.0, 0.0)	(33.0, 0.00298926852599169)	(34.0, 0.002391414820793352)	(35.0, 0.0017935611155950138)	(36.0, 0.0035871222311900275)	(37.0, 0.008369951872776732)	(38.0, 0.01135922039876842)	(39.0, 0.0346755149015036)	(40.0, 3.9243117209218905)	(41.0, 0.37485427315935793)	(42.0, 0.0346755149015036)	(43.0, 0.034077661196305266)	(44.0, 0.052611126057453744)	(45.0, 20.408334080650466)	(46.0, 21.947209517830988)	(47.0, 1.790571847069022)	(48.0, 21.921501808507458)	(49.0, 10.807999282575553)	(50.0, 0.983469345051266)	(51.0, 0.06695961498221385)	(52.0, 0.031088392670313575)	(53.0, 0.01972917227154515)	(54.0, 0.013152781514363436)	(55.0, 0.01494634262995845)	(56.0, 0.016142050040355127)	(57.0, 0.01494634262995845)	(58.0, 0.02152273338714017)	(59.0, 0.2929483155471856)	(60.0, 1.1048336472065285)	(61.0, 11.320957761635727)	(62.0, 2.958180133321376)	(63.0, 0.025109855618330193)	(64.0, 0.013152781514363436)	(65.0, 0.010163512988371745)	(66.0, 0.006576390757181718)	(67.0, 0.005380683346785042)	(68.0, 0.004184975936388366)	(69.0, 0.004184975936388366)	(70.0, 0.004184975936388366)	(71.0, 0.001195707410396676)	(72.0, 0.00298926852599169)	(73.0, 0.002391414820793352)	(74.0, 0.0017935611155950138)	(75.0, 0.0017935611155950138)	(76.0, 0.00298926852599169)	(77.0, 0.00298926852599169)	(78.0, 0.001195707410396676)	(79.0, 0.005380683346785042)	(80.0, 0.11359220398768421)	(81.0, 0.008369951872776732)	(82.0, 0.016739903745553463)	(83.0, 0.4549666696559352)	(84.0, 0.4011598361880848)	(85.0, 0.001195707410396676)	(86.0, 0.0)	(87.0, 0.0)	(88.0, 0.0)	(89.0, 0.0)	(90.0, 0.0)	(91.0, 0.0)	(92.0, 0.0)	(93.0, 0.0)	(94.0, 0.0)	(95.0, 0.0)	(96.0, 0.0)	(97.0, 0.000597853705198338)	(98.0, 0.0017935611155950138)	(99.0, 0.001195707410396676)	(100.0, 0.6839446387469015)
PBSD_1	(0.0, 0.0)	(1.0, 0.0)	(2.0, 0.0)	(3.0, 0.0)	(4.0, 0.0)	(5.0, 0.0)	(6.0, 0.0)	(7.0, 0.0)	(8.0, 0.0)	(9.0, 0.0)	(10.0, 0.0)	(11.0, 0.0)	(12.0, 0.0)	(13.0, 0.0)	(14.0, 0.0)	(15.0, 0.0)	(16.0, 0.0)	(17.0, 0.0)	(18.0, 0.0)	(19.0, 0.0)	(20.0, 0.0)	(21.0, 0.0)	(22.0, 0.0)	(23.0, 0.0)	(24.0, 0.0)	(25.0, 0.0)	(26.0, 0.0)	(27.0, 0.0)	(28.0, 0.0)	(29.0, 0.0)	(30.0, 0.0)	(31.0, 0.0)	(32.0, 0.0)	(33.0, 0.0)	(34.0, 0.0)	(35.0, 0.0037196845707484004)	(36.0, 0.0037196845707484004)	(37.0, 0.0)	(38.0, 0.0)	(39.0, 0.0)	(40.0, 0.0)	(41.0, 0.0)	(42.0, 0.007439369141496801)	(43.0, 0.0037196845707484004)	(44.0, 0.0)	(45.0, 0.007439369141496801)	(46.0, 0.0)	(47.0, 0.0)	(48.0, 0.0669543222734712)	(49.0, 12.46466299657789)	(50.0, 1.2312155929177206)	(51.0, 0.04091653027823241)	(52.0, 33.19818479392948)	(53.0, 30.646481178396073)	(54.0, 0.08555274512721321)	(55.0, 0.0)	(56.0, 0.0)	(57.0, 0.0037196845707484004)	(58.0, 0.0037196845707484004)	(59.0, 0.0)	(60.0, 0.0)	(61.0, 0.0)	(62.0, 0.0)	(63.0, 0.0)	(64.0, 0.011159053712245202)	(65.0, 0.0334771611367356)	(66.0, 0.0037196845707484004)	(67.0, 0.0037196845707484004)	(68.0, 0.0)	(69.0, 0.0)	(70.0, 0.0037196845707484004)	(71.0, 0.0632346377027228)	(72.0, 0.11902990626394881)	(73.0, 0.014878738282993602)	(74.0, 0.0)	(75.0, 0.007439369141496801)	(76.0, 0.018598422853742)	(77.0, 0.04091653027823241)	(78.0, 0.08555274512721321)	(79.0, 1.0973069483707782)	(80.0, 9.793929474780539)	(81.0, 6.11516143431037)	(82.0, 0.5170361553340277)	(83.0, 1.8895997619401874)	(84.0, 2.257848534444279)	(85.0, 0.1339086445469424)	(86.0, 0.022318107424490405)	(87.0, 0.0)	(88.0, 0.0)	(89.0, 0.0)	(90.0, 0.0)	(91.0, 0.0)	(92.0, 0.0)	(93.0, 0.0)	(94.0, 0.0)	(95.0, 0.0)	(96.0, 0.0)	(97.0, 0.0)	(98.0, 0.0)	(99.0, 0.0)	(100.0, 0.0)
PBSD_2	(0.0, 0.0)	(1.0, 0.0)	(2.0, 0.0)	(3.0, 0.0)	(4.0, 0.0)	(5.0, 0.0)	(6.0, 0.0)	(7.0, 0.0)	(8.0, 0.0)	(9.0, 0.0)	(10.0, 0.0)	(11.0, 0.0)	(12.0, 0.0)	(13.0, 0.0)	(14.0, 0.0)	(15.0, 0.0)	(16.0, 0.0)	(17.0, 0.0)	(18.0, 0.0)	(19.0, 0.0)	(20.0, 0.0)	(21.0, 0.0)	(22.0, 0.0)	(23.0, 0.0)	(24.0, 0.0)	(25.0, 0.0)	(26.0, 0.0)	(27.0, 0.0)	(28.0, 0.0)	(29.0, 0.0)	(30.0, 0.0)	(31.0, 0.0)	(32.0, 0.0)	(33.0, 0.0)	(34.0, 0.0)	(35.0, 0.00507880614196956)	(36.0, 0.00507880614196956)	(37.0, 0.0)	(38.0, 0.00507880614196956)	(39.0, 0.0)	(40.0, 0.00507880614196956)	(41.0, 0.0)	(42.0, 0.01015761228393912)	(43.0, 0.01015761228393912)	(44.0, 0.01015761228393912)	(45.0, 0.015236418425908681)	(46.0, 0.03555164299378693)	(47.0, 0.025394030709847804)	(48.0, 0.0914185105554521)	(49.0, 16.937818483468483)	(50.0, 1.340804821479964)	(51.0, 0.26409791938241717)	(52.0, 47.81695982664341)	(53.0, 4.804550610303204)	(54.0, 0.05586686756166517)	(55.0, 0.025394030709847804)	(56.0, 0.025394030709847804)	(57.0, 0.015236418425908681)	(58.0, 0.00507880614196956)	(59.0, 0.00507880614196956)	(60.0, 0.015236418425908681)	(61.0, 0.00507880614196956)	(62.0, 0.01015761228393912)	(63.0, 0.0)	(64.0, 0.01015761228393912)	(65.0, 0.05078806141969561)	(66.0, 0.015236418425908681)	(67.0, 0.00507880614196956)	(68.0, 0.00507880614196956)	(69.0, 0.01015761228393912)	(70.0, 0.0)	(71.0, 0.0)	(72.0, 0.19807343953681283)	(73.0, 0.030472836851817363)	(74.0, 0.02031522456787824)	(75.0, 0.02031522456787824)	(76.0, 0.030472836851817363)	(77.0, 0.08126089827151296)	(78.0, 0.07110328598757386)	(79.0, 0.11173373512333035)	(80.0, 4.799471804161235)	(81.0, 15.871269193654877)	(82.0, 0.30472836851817364)	(83.0, 1.04115525910376)	(84.0, 4.438876568081396)	(85.0, 0.44185613435135174)	(86.0, 0.00507880614196956)	(87.0, 0.01015761228393912)	(88.0, 0.015236418425908681)	(89.0, 0.0)	(90.0, 0.0)	(91.0, 0.0)	(92.0, 0.0)	(93.0, 0.0)	(94.0, 0.0)	(95.0, 0.0)	(96.0, 0.0)	(97.0, 0.00507880614196956)	(98.0, 0.01015761228393912)	(99.0, 0.00507880614196956)	(100.0, 0.8464676903282606)
PBSQ_1	(0.0, 0.0)	(1.0, 0.0)	(2.0, 0.0)	(3.0, 0.0)	(4.0, 0.0)	(5.0, 0.0)	(6.0, 0.0)	(7.0, 0.0)	(8.0, 0.0)	(9.0, 0.0)	(10.0, 0.0)	(11.0, 0.0)	(12.0, 0.0)	(13.0, 0.0)	(14.0, 0.0)	(15.0, 0.0)	(16.0, 0.0)	(17.0, 0.0)	(18.0, 0.0)	(19.0, 0.0)	(20.0, 0.0)	(21.0, 0.0)	(22.0, 0.0)	(23.0, 0.0)	(24.0, 0.0)	(25.0, 0.0)	(26.0, 0.0)	(27.0, 0.0)	(28.0, 0.0)	(29.0, 0.0)	(30.0, 0.0)	(31.0, 0.0)	(32.0, 0.0)	(33.0, 0.0)	(34.0, 0.0)	(35.0, 0.0)	(36.0, 0.0)	(37.0, 0.0)	(38.0, 0.0)	(39.0, 0.0)	(40.0, 0.0)	(41.0, 0.0)	(42.0, 0.0)	(43.0, 0.0)	(44.0, 0.0)	(45.0, 0.0)	(46.0, 0.0)	(47.0, 0.0)	(48.0, 0.0)	(49.0, 0.0)	(50.0, 0.0)	(51.0, 0.4897959183673469)	(52.0, 0.5061224489795919)	(53.0, 0.0)	(54.0, 0.0)	(55.0, 0.0)	(56.0, 0.0326530612244898)	(57.0, 1.420408163265306)	(58.0, 0.0)	(59.0, 0.0163265306122449)	(60.0, 1.8285714285714287)	(61.0, 0.0816326530612245)	(62.0, 0.0)	(63.0, 0.0)	(64.0, 0.0)	(65.0, 0.0)	(66.0, 0.0)	(67.0, 0.0)	(68.0, 0.0)	(69.0, 0.0)	(70.0, 0.0)	(71.0, 0.1142857142857143)	(72.0, 0.1306122448979592)	(73.0, 0.0326530612244898)	(74.0, 0.0)	(75.0, 0.0326530612244898)	(76.0, 0.0163265306122449)	(77.0, 0.0326530612244898)	(78.0, 0.14693877551020407)	(79.0, 0.5877551020408163)	(80.0, 4.8)	(81.0, 15.379591836734694)	(82.0, 2.3020408163265307)	(83.0, 8.03265306122449)	(84.0, 43.00408163265306)	(85.0, 19.13469387755102)	(86.0, 1.2081632653061225)	(87.0, 0.31020408163265306)	(88.0, 0.09795918367346938)	(89.0, 0.0)	(90.0, 0.19591836734693877)	(91.0, 0.0653061224489796)	(92.0, 0.0)	(93.0, 0.0)	(94.0, 0.0)	(95.0, 0.0)	(96.0, 0.0)	(97.0, 0.0)	(98.0, 0.0)	(99.0, 0.0)	(100.0, 0.0)
PBSQ_2	(0.0, 0.0)	(1.0, 0.0)	(2.0, 0.0)	(3.0, 0.0)	(4.0, 0.0)	(5.0, 0.0)	(6.0, 0.0)	(7.0, 0.0)	(8.0, 0.0)	(9.0, 0.0)	(10.0, 0.0)	(11.0, 0.0)	(12.0, 0.0)	(13.0, 0.0)	(14.0, 0.0)	(15.0, 0.0)	(16.0, 0.0)	(17.0, 0.0)	(18.0, 0.0)	(19.0, 0.0)	(20.0, 0.0)	(21.0, 0.0)	(22.0, 0.0)	(23.0, 0.0)	(24.0, 0.0)	(25.0, 0.0)	(26.0, 0.0)	(27.0, 0.0)	(28.0, 0.0)	(29.0, 0.0)	(30.0, 0.0)	(31.0, 0.0)	(32.0, 0.0)	(33.0, 0.0)	(34.0, 0.0)	(35.0, 0.0)	(36.0, 0.0)	(37.0, 0.0)	(38.0, 0.0)	(39.0, 0.0)	(40.0, 0.0)	(41.0, 0.0)	(42.0, 0.0)	(43.0, 0.0)	(44.0, 0.0)	(45.0, 0.0)	(46.0, 0.0)	(47.0, 0.0)	(48.0, 0.0)	(49.0, 0.0)	(50.0, 0.0)	(51.0, 0.4496011602610588)	(52.0, 0.4496011602610588)	(53.0, 0.0)	(54.0, 0.0)	(55.0, 0.0)	(56.0, 0.971718636693256)	(57.0, 1.203770848440899)	(58.0, 0.0)	(59.0, 0.0)	(60.0, 0.0)	(61.0, 1.5808556925308197)	(62.0, 1.551849166062364)	(63.0, 0.0)	(64.0, 0.0)	(65.0, 0.0)	(66.0, 0.0)	(67.0, 0.0)	(68.0, 0.0)	(69.0, 0.0)	(70.0, 0.0)	(71.0, 0.0)	(72.0, 0.0145032632342277)	(73.0, 0.145032632342277)	(74.0, 0.0580130529369108)	(75.0, 0.0145032632342277)	(76.0, 0.0435097897026831)	(77.0, 0.0870195794053662)	(78.0, 0.1885424220449601)	(79.0, 0.4931109499637419)	(80.0, 15.155910079767947)	(81.0, 1.0877447425670776)	(82.0, 1.7258883248730965)	(83.0, 41.24728063814358)	(84.0, 31.834662799129802)	(85.0, 0.0725163161711385)	(86.0, 0.0145032632342277)	(87.0, 0.0145032632342277)	(88.0, 0.0)	(89.0, 0.0)	(90.0, 0.0)	(91.0, 0.0)	(92.0, 0.0)	(93.0, 0.0)	(94.0, 0.0145032632342277)	(95.0, 0.0)	(96.0, 0.0)	(97.0, 0.0145032632342277)	(98.0, 0.0)	(99.0, 0.0)	(100.0, 1.56635242929659)
PBSZ_1	(0.0, 0.0)	(1.0, 0.0)	(2.0, 0.0)	(3.0, 0.0)	(4.0, 0.0)	(5.0, 0.0)	(6.0, 0.0)	(7.0, 0.0)	(8.0, 0.0)	(9.0, 0.0)	(10.0, 0.0)	(11.0, 0.0)	(12.0, 0.0)	(13.0, 0.0)	(14.0, 0.0)	(15.0, 0.0)	(16.0, 0.0)	(17.0, 0.0)	(18.0, 0.0)	(19.0, 0.0)	(20.0, 0.0)	(21.0, 0.0)	(22.0, 0.0)	(23.0, 0.0)	(24.0, 0.0)	(25.0, 0.0)	(26.0, 0.0)	(27.0, 0.0)	(28.0, 0.0)	(29.0, 0.0)	(30.0, 0.0)	(31.0, 0.0)	(32.0, 0.0)	(33.0, 0.0)	(34.0, 0.0)	(35.0, 0.0)	(36.0, 0.0)	(37.0, 0.0012152440209994167)	(38.0, 0.0)	(39.0, 0.0012152440209994167)	(40.0, 0.0012152440209994167)	(41.0, 0.0012152440209994167)	(42.0, 0.0012152440209994167)	(43.0, 0.0024304880419988334)	(44.0, 0.00364573206299825)	(45.0, 0.004860976083997667)	(46.0, 0.01093719618899475)	(47.0, 1.0341726618705036)	(48.0, 1.0779214466264826)	(49.0, 0.36943418238382264)	(50.0, 17.588226715924556)	(51.0, 20.31644954306825)	(52.0, 1.2176745090414154)	(53.0, 39.49664592650205)	(54.0, 1.5883239354462377)	(55.0, 5.927960334435155)	(56.0, 5.765117635621233)	(57.0, 0.01093719618899475)	(58.0, 0.0012152440209994167)	(59.0, 0.004860976083997667)	(60.0, 0.00364573206299825)	(61.0, 0.0)	(62.0, 0.0012152440209994167)	(63.0, 0.0012152440209994167)	(64.0, 0.0)	(65.0, 0.0)	(66.0, 0.0024304880419988334)	(67.0, 0.0)	(68.0, 0.0012152440209994167)	(69.0, 0.0012152440209994167)	(70.0, 0.0)	(71.0, 0.0)	(72.0, 0.0)	(73.0, 0.0)	(74.0, 0.0)	(75.0, 0.0)	(76.0, 0.0024304880419988334)	(77.0, 0.006076220104997083)	(78.0, 0.04253354073497958)	(79.0, 0.03524207660898308)	(80.0, 1.3015263464903755)	(81.0, 0.9794866809255299)	(82.0, 0.032811588566984254)	(83.0, 0.8494555706785922)	(84.0, 2.1655648454209606)	(85.0, 0.08992805755395684)	(86.0, 0.03524207660898308)	(87.0, 0.01093719618899475)	(88.0, 0.0)	(89.0, 0.0)	(90.0, 0.01093719618899475)	(91.0, 0.0)	(92.0, 0.0)	(93.0, 0.0)	(94.0, 0.0)	(95.0, 0.0)	(96.0, 0.0)	(97.0, 0.0)	(98.0, 0.0)	(99.0, 0.0)	(100.0, 0.0)
PBSZ_2	(0.0, 0.0)	(1.0, 0.0)	(2.0, 0.0)	(3.0, 0.0)	(4.0, 0.0)	(5.0, 0.0)	(6.0, 0.0)	(7.0, 0.0)	(8.0, 0.0)	(9.0, 0.0)	(10.0, 0.0)	(11.0, 0.0)	(12.0, 0.0)	(13.0, 0.0)	(14.0, 0.0)	(15.0, 0.0)	(16.0, 0.0)	(17.0, 0.0)	(18.0, 0.0)	(19.0, 0.0)	(20.0, 0.0)	(21.0, 0.0)	(22.0, 0.0)	(23.0, 0.0)	(24.0, 0.0)	(25.0, 0.0)	(26.0, 0.0)	(27.0, 0.0)	(28.0, 0.0)	(29.0, 0.0)	(30.0, 0.0)	(31.0, 0.0)	(32.0, 0.0)	(33.0, 0.0012128464698082085)	(34.0, 0.0012128464698082085)	(35.0, 0.0)	(36.0, 0.0012128464698082085)	(37.0, 0.002425692939616417)	(38.0, 0.0)	(39.0, 0.0036385394094246254)	(40.0, 0.0036385394094246254)	(41.0, 0.006064232349041042)	(42.0, 0.00848992528865746)	(43.0, 0.006064232349041042)	(44.0, 0.004851385879232834)	(45.0, 0.018192697047123126)	(46.0, 0.020618389986739545)	(47.0, 0.060642323490410426)	(48.0, 1.0842847440085384)	(49.0, 0.08004786700734176)	(50.0, 17.270933730068887)	(51.0, 23.211455739189493)	(52.0, 0.3019987709822439)	(53.0, 38.762573175070344)	(54.0, 1.7440732235842038)	(55.0, 5.851984216824606)	(56.0, 5.7707235033474555)	(57.0, 0.026682622335780583)	(58.0, 0.01576700410750671)	(59.0, 0.006064232349041042)	(60.0, 0.007277078818849251)	(61.0, 0.009702771758465668)	(62.0, 0.0036385394094246254)	(63.0, 0.007277078818849251)	(64.0, 0.002425692939616417)	(65.0, 0.0012128464698082085)	(66.0, 0.0036385394094246254)	(67.0, 0.0012128464698082085)	(68.0, 0.004851385879232834)	(69.0, 0.0012128464698082085)	(70.0, 0.0012128464698082085)	(71.0, 0.002425692939616417)	(72.0, 0.0036385394094246254)	(73.0, 0.007277078818849251)	(74.0, 0.0)	(75.0, 0.0)	(76.0, 0.006064232349041042)	(77.0, 0.00848992528865746)	(78.0, 0.0436624729130955)	(79.0, 0.01576700410750671)	(80.0, 0.4851385879232834)	(81.0, 1.3426210420776867)	(82.0, 0.03274685468482163)	(83.0, 0.4160063391442155)	(84.0, 2.385669006112746)	(85.0, 0.28016753452569615)	(86.0, 0.0)	(87.0, 0.002425692939616417)	(88.0, 0.0012128464698082085)	(89.0, 0.0)	(90.0, 0.0)	(91.0, 0.002425692939616417)	(92.0, 0.0)	(93.0, 0.0)	(94.0, 0.0)	(95.0, 0.0012128464698082085)	(96.0, 0.0)	(97.0, 0.0012128464698082085)	(98.0, 0.0)	(99.0, 0.0)	(100.0, 0.653319965070019)
ST1D_1	(0.0, 0.0)	(1.0, 0.0)	(2.0, 0.0)	(3.0, 0.0)	(4.0, 0.0)	(5.0, 0.0)	(6.0, 0.0)	(7.0, 0.0)	(8.0, 0.0)	(9.0, 0.0)	(10.0, 0.0)	(11.0, 0.0)	(12.0, 0.0)	(13.0, 0.0)	(14.0, 0.0)	(15.0, 0.0)	(16.0, 0.0)	(17.0, 0.0)	(18.0, 0.0)	(19.0, 0.0)	(20.0, 0.0)	(21.0, 0.0)	(22.0, 0.0)	(23.0, 0.0006291550447748674)	(24.0, 0.0)	(25.0, 0.0)	(26.0, 0.0012583100895497347)	(27.0, 0.0)	(28.0, 0.0)	(29.0, 0.0012583100895497347)	(30.0, 0.001887465134324602)	(31.0, 0.001887465134324602)	(32.0, 0.003774930268649204)	(33.0, 0.0012583100895497347)	(34.0, 0.0012583100895497347)	(35.0, 0.0025166201790994694)	(36.0, 0.005662395402973806)	(37.0, 0.005033240358198939)	(38.0, 0.005033240358198939)	(39.0, 0.006291550447748672)	(40.0, 0.013841410985047082)	(41.0, 0.30514019671581066)	(42.0, 3.4383323196946503)	(43.0, 0.38755950758131824)	(44.0, 0.7581318289537151)	(45.0, 16.19759662772896)	(46.0, 8.93588910093744)	(47.0, 3.0866346496654993)	(48.0, 36.6212276912107)	(49.0, 3.665457290858377)	(50.0, 0.16043453641759117)	(51.0, 0.015099721074596817)	(52.0, 0.010066480716397878)	(53.0, 0.016358031164146553)	(54.0, 0.013212255940272215)	(55.0, 0.010066480716397878)	(56.0, 0.01698718620892142)	(57.0, 0.03334521737306797)	(58.0, 0.2598410334920202)	(59.0, 1.996938112115429)	(60.0, 17.74343057274081)	(61.0, 2.576389908353082)	(62.0, 0.015099721074596817)	(63.0, 0.013841410985047082)	(64.0, 0.006920705492523541)	(65.0, 0.008179015582073276)	(66.0, 0.028311977014869028)	(67.0, 0.0025166201790994694)	(68.0, 0.0006291550447748674)	(69.0, 0.0006291550447748674)	(70.0, 0.0006291550447748674)	(71.0, 0.0)	(72.0, 0.0012583100895497347)	(73.0, 0.001887465134324602)	(74.0, 0.0012583100895497347)	(75.0, 0.0)	(76.0, 0.0)	(77.0, 0.006291550447748672)	(78.0, 0.003145775223874336)	(79.0, 0.005662395402973806)	(80.0, 0.2900404756412138)	(81.0, 0.5127613614915169)	(82.0, 0.05976972925361239)	(83.0, 0.12331438877587399)	(84.0, 1.5489797202357234)	(85.0, 1.0236352578487091)	(86.0, 0.035232682507392574)	(87.0, 0.0025166201790994694)	(88.0, 0.0012583100895497347)	(89.0, 0.0)	(90.0, 0.003145775223874336)	(91.0, 0.0025166201790994694)	(92.0, 0.0)	(93.0, 0.0)	(94.0, 0.0)	(95.0, 0.0)	(96.0, 0.0)	(97.0, 0.0)	(98.0, 0.0)	(99.0, 0.0)	(100.0, 0.0008388733930331563)
ST1D_2	(0.0, 0.0)	(1.0, 0.0)	(2.0, 0.0)	(3.0, 0.0)	(4.0, 0.0)	(5.0, 0.0)	(6.0, 0.0)	(7.0, 0.0)	(8.0, 0.0)	(9.0, 0.0)	(10.0, 0.0)	(11.0, 0.0)	(12.0, 0.0)	(13.0, 0.0)	(14.0, 0.0)	(15.0, 0.0)	(16.0, 0.0)	(17.0, 0.0)	(18.0, 0.0)	(19.0, 0.0)	(20.0, 0.0)	(21.0, 0.0)	(22.0, 0.0005384169464939186)	(23.0, 0.0)	(24.0, 0.0)	(25.0, 0.0)	(26.0, 0.0)	(27.0, 0.0)	(28.0, 0.0010768338929878372)	(29.0, 0.0021536677859756745)	(30.0, 0.0016152508394817557)	(31.0, 0.0)	(32.0, 0.0005384169464939186)	(33.0, 0.00376891862545743)	(34.0, 0.005384169464939186)	(35.0, 0.004845752518445268)	(36.0, 0.005922586411433105)	(37.0, 0.006461003357927023)	(38.0, 0.012383589769360126)	(39.0, 0.03068976595015336)	(40.0, 2.9532169515191433)	(41.0, 0.31066657812699106)	(42.0, 0.025305596485214174)	(43.0, 0.03015134900365944)	(44.0, 0.04253493877301957)	(45.0, 17.506627015249766)	(46.0, 19.148798702056215)	(47.0, 1.706243303439228)	(48.0, 23.296762857845366)	(49.0, 9.272078235571772)	(50.0, 0.9750730901004865)	(51.0, 0.05384169464939186)	(52.0, 0.0317665998431412)	(53.0, 0.02799768121768377)	(54.0, 0.018844593127287153)	(55.0, 0.014537257555335801)	(56.0, 0.01830617618079323)	(57.0, 0.021536677859756746)	(58.0, 0.03661235236158646)	(59.0, 0.2487486292801904)	(60.0, 1.1791331128216818)	(61.0, 14.555025314570102)	(62.0, 4.272338470429244)	(63.0, 0.025844013431708092)	(64.0, 0.010768338929878373)	(65.0, 0.010229921983384453)	(66.0, 0.009153088090396616)	(67.0, 0.016690925341311478)	(68.0, 0.014537257555335801)	(69.0, 0.017767759234299314)	(70.0, 0.02369034564573242)	(71.0, 0.004307335571951349)	(72.0, 0.004845752518445268)	(73.0, 0.006999420304420943)	(74.0, 0.004845752518445268)	(75.0, 0.00376891862545743)	(76.0, 0.00376891862545743)	(77.0, 0.006461003357927023)	(78.0, 0.005922586411433105)	(79.0, 0.0032305016789635115)	(80.0, 0.017229342287805396)	(81.0, 0.5254949397780645)	(82.0, 0.04145810488003173)	(83.0, 0.03876602014756214)	(84.0, 1.341735030662845)	(85.0, 1.277124997083575)	(86.0, 0.005922586411433105)	(87.0, 0.0)	(88.0, 0.0)	(89.0, 0.0010768338929878372)	(90.0, 0.0005384169464939186)	(91.0, 0.0010768338929878372)	(92.0, 0.0005384169464939186)	(93.0, 0.0)	(94.0, 0.0)	(95.0, 0.0)	(96.0, 0.0)	(97.0, 0.0010768338929878372)	(98.0, 0.0016152508394817557)	(99.0, 0.00753783725091486)	(100.0, 0.7444511646855867)
ST1Q_1	(0.0, 0.0)	(1.0, 0.0)	(2.0, 0.0)	(3.0, 0.0)	(4.0, 0.0)	(5.0, 0.0)	(6.0, 0.0)	(7.0, 0.0)	(8.0, 0.0)	(9.0, 0.0)	(10.0, 0.0)	(11.0, 0.0)	(12.0, 0.0)	(13.0, 0.0)	(14.0, 0.0)	(15.0, 0.0)	(16.0, 0.0)	(17.0, 0.0)	(18.0, 0.0)	(19.0, 0.0)	(20.0, 0.0)	(21.0, 0.0)	(22.0, 0.0006319235119781102)	(23.0, 0.0)	(24.0, 0.0)	(25.0, 0.0)	(26.0, 0.0)	(27.0, 0.0)	(28.0, 0.0012638470239562205)	(29.0, 0.0006319235119781102)	(30.0, 0.0012638470239562205)	(31.0, 0.0018957705359343305)	(32.0, 0.0012638470239562205)	(33.0, 0.002527694047912441)	(34.0, 0.0031596175598905506)	(35.0, 0.002527694047912441)	(36.0, 0.0006319235119781102)	(37.0, 0.003791541071868661)	(38.0, 0.0031596175598905506)	(39.0, 0.0056873116078029915)	(40.0, 0.010110776191649764)	(41.0, 0.25782479288706894)	(42.0, 3.0850505854771337)	(43.0, 0.37346679557906315)	(44.0, 0.7785297667570318)	(45.0, 17.430346230892212)	(46.0, 10.277603998811983)	(47.0, 3.173519877154069)	(48.0, 37.568484710610626)	(49.0, 3.716974097455244)	(50.0, 0.17314704228200217)	(51.0, 0.014534240775496534)	(52.0, 0.005055388095824882)	(53.0, 0.006951158631759212)	(54.0, 0.0056873116078029915)	(55.0, 0.006319235119781101)	(56.0, 0.008846929167693543)	(57.0, 0.03601964018275228)	(58.0, 0.2552970988391565)	(59.0, 1.7744412216345335)	(60.0, 15.657168856281636)	(61.0, 2.1940384335879983)	(62.0, 0.009478852679671652)	(63.0, 0.0031596175598905506)	(64.0, 0.0006319235119781102)	(65.0, 0.0)	(66.0, 0.0)	(67.0, 0.0)	(68.0, 0.0006319235119781102)	(69.0, 0.0)	(70.0, 0.0)	(71.0, 0.0006319235119781102)	(72.0, 0.0012638470239562205)	(73.0, 0.0012638470239562205)	(74.0, 0.0018957705359343305)	(75.0, 0.0006319235119781102)	(76.0, 0.0056873116078029915)	(77.0, 0.006951158631759212)	(78.0, 0.005055388095824882)	(79.0, 0.030964252086927397)	(80.0, 0.7147054920472425)	(81.0, 0.0815181330451762)	(82.0, 0.024013093455168187)	(83.0, 1.0407780242279474)	(84.0, 1.1753777322792849)	(85.0, 0.03475579315879606)	(86.0, 0.009478852679671652)	(87.0, 0.0031596175598905506)	(88.0, 0.0)	(89.0, 0.002527694047912441)	(90.0, 0.007583082143737322)	(91.0, 0.0)	(92.0, 0.0)	(93.0, 0.0)	(94.0, 0.0)	(95.0, 0.0)	(96.0, 0.0)	(97.0, 0.0)	(98.0, 0.0)	(99.0, 0.0)	(100.0, 0.0)
ST1Q_2	(0.0, 0.0)	(1.0, 0.0)	(2.0, 0.0)	(3.0, 0.0)	(4.0, 0.0)	(5.0, 0.0)	(6.0, 0.0)	(7.0, 0.0)	(8.0, 0.0)	(9.0, 0.0)	(10.0, 0.0)	(11.0, 0.0)	(12.0, 0.0)	(13.0, 0.0)	(14.0, 0.0)	(15.0, 0.0)	(16.0, 0.0)	(17.0, 0.0)	(18.0, 0.0)	(19.0, 0.0)	(20.0, 0.0)	(21.0, 0.0)	(22.0, 0.0)	(23.0, 0.0)	(24.0, 0.0005307714763408615)	(25.0, 0.0)	(26.0, 0.0)	(27.0, 0.0)	(28.0, 0.0)	(29.0, 0.0005307714763408615)	(30.0, 0.001061542952681723)	(31.0, 0.0005307714763408615)	(32.0, 0.003184628858045169)	(33.0, 0.005307714763408615)	(34.0, 0.004776943287067754)	(35.0, 0.002123085905363446)	(36.0, 0.004246171810726892)	(37.0, 0.007961572145112924)	(38.0, 0.009553886574135508)	(39.0, 0.027600116769724802)	(40.0, 2.614049520978743)	(41.0, 0.2680395955521351)	(42.0, 0.01751545871924843)	(43.0, 0.02813088824606566)	(44.0, 0.03290783153313341)	(45.0, 19.064780658687404)	(46.0, 20.826941960139063)	(47.0, 1.6533531488017834)	(48.0, 21.44475995859983)	(49.0, 11.307555531965715)	(50.0, 1.1114354714577641)	(51.0, 0.05201560468140443)	(52.0, 0.01804623019558929)	(53.0, 0.016984687242907567)	(54.0, 0.016453915766566705)	(55.0, 0.014861601337544123)	(56.0, 0.011146201003158093)	(57.0, 0.011146201003158093)	(58.0, 0.031846288580451694)	(59.0, 0.2457471935458189)	(60.0, 1.0753430110665854)	(61.0, 12.628114965101778)	(62.0, 3.747777394442823)	(63.0, 0.019107773148271015)	(64.0, 0.009553886574135508)	(65.0, 0.007961572145112924)	(66.0, 0.009553886574135508)	(67.0, 0.007961572145112924)	(68.0, 0.01061542952681723)	(69.0, 0.0015923144290225844)	(70.0, 0.003715400334386031)	(71.0, 0.003184628858045169)	(72.0, 0.005838486239749477)	(73.0, 0.004776943287067754)	(74.0, 0.004776943287067754)	(75.0, 0.003184628858045169)	(76.0, 0.006369257716090338)	(77.0, 0.0069000291924312005)	(78.0, 0.006369257716090338)	(79.0, 0.015392372813884985)	(80.0, 0.6151641410790585)	(81.0, 0.04883097582335926)	(82.0, 0.034500145962156)	(83.0, 1.0249197208142036)	(84.0, 0.9723733446564584)	(85.0, 0.002123085905363446)	(86.0, 0.0)	(87.0, 0.0005307714763408615)	(88.0, 0.001061542952681723)	(89.0, 0.001061542952681723)	(90.0, 0.0005307714763408615)	(91.0, 0.0)	(92.0, 0.001061542952681723)	(93.0, 0.001061542952681723)	(94.0, 0.0005307714763408615)	(95.0, 0.0005307714763408615)	(96.0, 0.001061542952681723)	(97.0, 0.0005307714763408615)	(98.0, 0.0005307714763408615)	(99.0, 0.004776943287067754)	(100.0, 0.8556036198614572)
ST1Z_1	(0.0, 0.0)	(1.0, 0.0)	(2.0, 0.0)	(3.0, 0.0)	(4.0, 0.0)	(5.0, 0.0)	(6.0, 0.0)	(7.0, 0.0)	(8.0, 0.0)	(9.0, 0.0)	(10.0, 0.0)	(11.0, 0.0)	(12.0, 0.0)	(13.0, 0.0)	(14.0, 0.0)	(15.0, 0.0)	(16.0, 0.0)	(17.0, 0.0)	(18.0, 0.0)	(19.0, 0.0)	(20.0, 0.0)	(21.0, 0.0)	(22.0, 0.0)	(23.0, 0.0)	(24.0, 0.0)	(25.0, 0.0)	(26.0, 0.0)	(27.0, 0.000651430432658379)	(28.0, 0.001302860865316758)	(29.0, 0.0)	(30.0, 0.0032571521632918953)	(31.0, 0.002605721730633516)	(32.0, 0.003908582595950274)	(33.0, 0.003908582595950274)	(34.0, 0.0058628738939254105)	(35.0, 0.0032571521632918953)	(36.0, 0.003908582595950274)	(37.0, 0.0032571521632918953)	(38.0, 0.0032571521632918953)	(39.0, 0.009120026057217305)	(40.0, 0.013028608653167581)	(41.0, 0.33744096411704033)	(42.0, 3.339232397806851)	(43.0, 0.40323543781553656)	(44.0, 0.8247109277455079)	(45.0, 19.413278323652353)	(46.0, 8.875739644970414)	(47.0, 3.071494489984257)	(48.0, 37.44552413006894)	(49.0, 3.5020900059714455)	(50.0, 0.14852613864611042)	(51.0, 0.023451495575701642)	(52.0, 0.01824005211443461)	(53.0, 0.009771456489875685)	(54.0, 0.0058628738939254105)	(55.0, 0.008468595624558928)	(56.0, 0.011074317355192443)	(57.0, 0.026057217306335163)	(58.0, 0.23060637316106614)	(59.0, 1.8526681504804299)	(60.0, 16.55284729384941)	(61.0, 2.3190923402638295)	(62.0, 0.010422886922534064)	(63.0, 0.001302860865316758)	(64.0, 0.000651430432658379)	(65.0, 0.000651430432658379)	(66.0, 0.000651430432658379)	(67.0, 0.004560013028608653)	(68.0, 0.0032571521632918953)	(69.0, 0.000651430432658379)	(70.0, 0.0)	(71.0, 0.000651430432658379)	(72.0, 0.0)	(73.0, 0.002605721730633516)	(74.0, 0.0)	(75.0, 0.0)	(76.0, 0.0)	(77.0, 0.000651430432658379)	(78.0, 0.007165734759242169)	(79.0, 0.012377178220509202)	(80.0, 0.023451495575701642)	(81.0, 0.30226372075348784)	(82.0, 0.04234297812279463)	(83.0, 0.006514304326583791)	(84.0, 0.5126757505021442)	(85.0, 0.5556701590575972)	(86.0, 0.022800065143043263)	(87.0, 0.003908582595950274)	(88.0, 0.002605721730633516)	(89.0, 0.0)	(90.0, 0.001954291297975137)	(91.0, 0.002605721730633516)	(92.0, 0.0)	(93.0, 0.0)	(94.0, 0.0)	(95.0, 0.0)	(96.0, 0.0)	(97.0, 0.0)	(98.0, 0.0)	(99.0, 0.0)	(100.0, 0.0008685739102111719)
ST1Z_2	(0.0, 0.0)	(1.0, 0.0)	(2.0, 0.0)	(3.0, 0.0)	(4.0, 0.0)	(5.0, 0.0)	(6.0, 0.0)	(7.0, 0.0)	(8.0, 0.0)	(9.0, 0.0)	(10.0, 0.0)	(11.0, 0.0)	(12.0, 0.0)	(13.0, 0.0)	(14.0, 0.0)	(15.0, 0.0)	(16.0, 0.0)	(17.0, 0.0)	(18.0, 0.0)	(19.0, 0.0)	(20.0, 0.0)	(21.0, 0.0)	(22.0, 0.0)	(23.0, 0.0)	(24.0, 0.0)	(25.0, 0.0)	(26.0, 0.0005454505785412471)	(27.0, 0.0)	(28.0, 0.0)	(29.0, 0.0005454505785412471)	(30.0, 0.0)	(31.0, 0.0)	(32.0, 0.0010909011570824942)	(33.0, 0.005454505785412471)	(34.0, 0.005454505785412471)	(35.0, 0.00381815404978873)	(36.0, 0.004909055206871224)	(37.0, 0.007090857521036212)	(38.0, 0.014727165620613672)	(39.0, 0.04036334281205228)	(40.0, 2.7959796656024327)	(41.0, 0.2978160158835209)	(42.0, 0.0278179795056036)	(43.0, 0.055090508432665955)	(44.0, 0.0567268601682897)	(45.0, 19.4114951891259)	(46.0, 21.167300601450176)	(47.0, 1.7459873019105319)	(48.0, 23.144558948662198)	(49.0, 9.238841899331643)	(50.0, 0.9572657653398887)	(51.0, 0.07799943273139834)	(52.0, 0.03436338644809857)	(53.0, 0.019636220827484896)	(54.0, 0.019090770248943647)	(55.0, 0.014181715042072425)	(56.0, 0.014727165620613672)	(57.0, 0.017454418513319907)	(58.0, 0.02618162776997986)	(59.0, 0.22908924298732378)	(60.0, 1.0570832212129369)	(61.0, 13.24790365160981)	(62.0, 3.8579719420222403)	(63.0, 0.035999738183722305)	(64.0, 0.019636220827484896)	(65.0, 0.01527261619915492)	(66.0, 0.011999912727907437)	(67.0, 0.012545363306448683)	(68.0, 0.014181715042072425)	(69.0, 0.0092726598352012)	(70.0, 0.007090857521036212)	(71.0, 0.005454505785412471)	(72.0, 0.004909055206871224)	(73.0, 0.004909055206871224)	(74.0, 0.004909055206871224)	(75.0, 0.0021818023141649883)	(76.0, 0.0016363517356237413)	(77.0, 0.00763630809957746)	(78.0, 0.009818110413742448)	(79.0, 0.019636220827484896)	(80.0, 0.26399808001396363)	(81.0, 0.021272572563108636)	(82.0, 0.0092726598352012)	(83.0, 0.48926916895149863)	(84.0, 0.4549057825034001)	(85.0, 0.0021818023141649883)	(86.0, 0.0)	(87.0, 0.0005454505785412471)	(88.0, 0.0)	(89.0, 0.0)	(90.0, 0.0)	(91.0, 0.0)	(92.0, 0.0005454505785412471)	(93.0, 0.0)	(94.0, 0.0)	(95.0, 0.0005454505785412471)	(96.0, 0.0005454505785412471)	(97.0, 0.0021818023141649883)	(98.0, 0.0021818023141649883)	(99.0, 0.011999912727907437)	(100.0, 0.9549021461661937)
ST2D_1	(0.0, 0.0)	(1.0, 0.0)	(2.0, 0.0)	(3.0, 0.0)	(4.0, 0.0)	(5.0, 0.0)	(6.0, 0.0)	(7.0, 0.0)	(8.0, 0.0)	(9.0, 0.0)	(10.0, 0.0)	(11.0, 0.0)	(12.0, 0.0)	(13.0, 0.0)	(14.0, 0.0)	(15.0, 0.0)	(16.0, 0.0)	(17.0, 0.0)	(18.0, 0.0)	(19.0, 0.0)	(20.0, 0.0)	(21.0, 0.0)	(22.0, 0.0)	(23.0, 0.0)	(24.0, 0.0)	(25.0, 0.0006226223608594679)	(26.0, 0.0006226223608594679)	(27.0, 0.0)	(28.0, 0.0)	(29.0, 0.0018678670825784038)	(30.0, 0.0037357341651568076)	(31.0, 0.0043583565260162755)	(32.0, 0.0031131118042973397)	(33.0, 0.0049809788868757435)	(34.0, 0.0031131118042973397)	(35.0, 0.0012452447217189359)	(36.0, 0.0024904894434378717)	(37.0, 0.0049809788868757435)	(38.0, 0.0056036012477352105)	(39.0, 0.010584580134610954)	(40.0, 0.017433426104065102)	(41.0, 0.34431016555528576)	(42.0, 3.938709054796994)	(43.0, 0.4862680638312444)	(44.0, 0.7726743498265997)	(45.0, 16.526265324292858)	(46.0, 10.026087876920013)	(47.0, 3.2033920466219628)	(48.0, 36.1787175224611)	(49.0, 3.678452907957736)	(50.0, 0.17806999520580782)	(51.0, 0.019923915547502974)	(52.0, 0.013697691938908293)	(53.0, 0.029263250960394994)	(54.0, 0.013697691938908293)	(55.0, 0.008716713052032551)	(56.0, 0.015565559021486697)	(57.0, 0.035489474568989675)	(58.0, 0.26461450336527387)	(59.0, 1.9861653311417027)	(60.0, 17.125850657800523)	(61.0, 2.364719726544259)	(62.0, 0.011207202495470421)	(63.0, 0.0056036012477352105)	(64.0, 0.0024904894434378717)	(65.0, 0.0006226223608594679)	(66.0, 0.0)	(67.0, 0.0012452447217189359)	(68.0, 0.0012452447217189359)	(69.0, 0.0006226223608594679)	(70.0, 0.0)	(71.0, 0.0006226223608594679)	(72.0, 0.0006226223608594679)	(73.0, 0.0)	(74.0, 0.0)	(75.0, 0.0012452447217189359)	(76.0, 0.0)	(77.0, 0.0)	(78.0, 0.0006226223608594679)	(79.0, 0.007471468330313615)	(80.0, 0.02428227207351925)	(81.0, 0.10211006718095274)	(82.0, 0.30570757918199876)	(83.0, 0.28080268474762005)	(84.0, 0.10709104606782847)	(85.0, 0.3797996401242754)	(86.0, 1.0372888531918736)	(87.0, 0.3648567034636482)	(88.0, 0.07035632677711987)	(89.0, 0.013697691938908293)	(90.0, 0.0012452447217189359)	(91.0, 0.0)	(92.0, 0.0012452447217189359)	(93.0, 0.0)	(94.0, 0.0)	(95.0, 0.0)	(96.0, 0.0)	(97.0, 0.0)	(98.0, 0.0)	(99.0, 0.0)	(100.0, 0.0024904894434378717)
ST2D_2	(0.0, 0.0)	(1.0, 0.0)	(2.0, 0.0)	(3.0, 0.0)	(4.0, 0.0005295404118765324)	(5.0, 0.0)	(6.0, 0.0)	(7.0, 0.0)	(8.0, 0.0)	(9.0, 0.0)	(10.0, 0.0)	(11.0, 0.0)	(12.0, 0.0)	(13.0, 0.0)	(14.0, 0.0)	(15.0, 0.0)	(16.0, 0.0)	(17.0, 0.0)	(18.0, 0.0005295404118765324)	(19.0, 0.0005295404118765324)	(20.0, 0.0005295404118765324)	(21.0, 0.0005295404118765324)	(22.0, 0.0)	(23.0, 0.0)	(24.0, 0.0005295404118765324)	(25.0, 0.0005295404118765324)	(26.0, 0.001588621235629597)	(27.0, 0.002647702059382662)	(28.0, 0.00211816164750613)	(29.0, 0.002647702059382662)	(30.0, 0.00423632329501226)	(31.0, 0.003177242471259194)	(32.0, 0.005295404118765324)	(33.0, 0.00900218700190105)	(34.0, 0.01112034864940718)	(35.0, 0.013238510296913308)	(36.0, 0.010590808237530648)	(37.0, 0.01694529318004904)	(38.0, 0.02012253565130823)	(39.0, 0.04130415212636952)	(40.0, 3.3784678277722766)	(41.0, 0.33361045948221535)	(42.0, 0.027536101417579683)	(43.0, 0.04183369253824606)	(44.0, 0.04289277336199912)	(45.0, 18.4015293127095)	(46.0, 20.141599106135786)	(47.0, 1.7157109344799648)	(48.0, 22.238049596754976)	(49.0, 9.870103736966687)	(50.0, 1.0114221866841768)	(51.0, 0.0524245007757767)	(52.0, 0.021711156886937824)	(53.0, 0.03283150553634501)	(54.0, 0.017474833591925566)	(55.0, 0.01694529318004904)	(56.0, 0.013238510296913308)	(57.0, 0.009531727413777584)	(58.0, 0.028065641829456214)	(59.0, 0.23511594287318038)	(60.0, 1.1972908712528396)	(61.0, 14.124960946394625)	(62.0, 3.911185482120068)	(63.0, 0.011649889061283713)	(64.0, 0.006884025354394921)	(65.0, 0.005295404118765324)	(66.0, 0.005295404118765324)	(67.0, 0.00847264659002452)	(68.0, 0.00847264659002452)	(69.0, 0.004765863706888792)	(70.0, 0.00211816164750613)	(71.0, 0.00423632329501226)	(72.0, 0.004765863706888792)	(73.0, 0.002647702059382662)	(74.0, 0.001588621235629597)	(75.0, 0.00423632329501226)	(76.0, 0.003177242471259194)	(77.0, 0.003706782883135726)	(78.0, 0.003177242471259194)	(79.0, 0.00423632329501226)	(80.0, 0.4564638350375709)	(81.0, 0.34473080813162255)	(82.0, 0.010061267825654115)	(83.0, 0.22664329628315585)	(84.0, 1.150691315007705)	(85.0, 0.014827131532542904)	(86.0, 0.001588621235629597)	(87.0, 0.001059080823753065)	(88.0, 0.0)	(89.0, 0.0)	(90.0, 0.0005295404118765324)	(91.0, 0.0)	(92.0, 0.0005295404118765324)	(93.0, 0.0)	(94.0, 0.0005295404118765324)	(95.0, 0.0)	(96.0, 0.001059080823753065)	(97.0, 0.0)	(98.0, 0.0005295404118765324)	(99.0, 0.00211816164750613)	(100.0, 0.6926388587345019)
ST2Q_1	(0.0, 0.0)	(1.0, 0.0)	(2.0, 0.0)	(3.0, 0.0)	(4.0, 0.0)	(5.0, 0.0)	(6.0, 0.0)	(7.0, 0.0)	(8.0, 0.0)	(9.0, 0.0)	(10.0, 0.0)	(11.0, 0.0)	(12.0, 0.0)	(13.0, 0.0)	(14.0, 0.0)	(15.0, 0.0)	(16.0, 0.0)	(17.0, 0.0)	(18.0, 0.0)	(19.0, 0.0)	(20.0, 0.0)	(21.0, 0.0)	(22.0, 0.0006997982248451696)	(23.0, 0.0)	(24.0, 0.0)	(25.0, 0.0)	(26.0, 0.0013995964496903391)	(27.0, 0.0013995964496903391)	(28.0, 0.0)	(29.0, 0.0006997982248451696)	(30.0, 0.0013995964496903391)	(31.0, 0.0027991928993806783)	(32.0, 0.004898587573916187)	(33.0, 0.0020993946745355087)	(34.0, 0.0020993946745355087)	(35.0, 0.0027991928993806783)	(36.0, 0.0069979822484516965)	(37.0, 0.007697780473296865)	(38.0, 0.009797175147832375)	(39.0, 0.009797175147832375)	(40.0, 0.01959435029566475)	(41.0, 0.2820186846126034)	(42.0, 2.7089189283756516)	(43.0, 0.3491993141977396)	(44.0, 0.8236625106427645)	(45.0, 17.620219503376525)	(46.0, 9.466170587480608)	(47.0, 3.252662149080348)	(48.0, 37.46719695821038)	(49.0, 4.00424544256406)	(50.0, 0.17704895088582792)	(51.0, 0.01539556094659373)	(52.0, 0.0055983857987613565)	(53.0, 0.009097376922987205)	(54.0, 0.009097376922987205)	(55.0, 0.004898587573916187)	(56.0, 0.007697780473296865)	(57.0, 0.048985875739161876)	(58.0, 0.2603249396424031)	(59.0, 1.7837856751303374)	(60.0, 15.492832899847208)	(61.0, 2.3912105342959444)	(62.0, 0.011896569822367883)	(63.0, 0.0013995964496903391)	(64.0, 0.0006997982248451696)	(65.0, 0.0)	(66.0, 0.0)	(67.0, 0.0013995964496903391)	(68.0, 0.0013995964496903391)	(69.0, 0.0)	(70.0, 0.0)	(71.0, 0.0)	(72.0, 0.0020993946745355087)	(73.0, 0.0020993946745355087)	(74.0, 0.0006997982248451696)	(75.0, 0.0)	(76.0, 0.0006997982248451696)	(77.0, 0.0034989911242258483)	(78.0, 0.008397578698142035)	(79.0, 0.04198789349071018)	(80.0, 0.2484283698200352)	(81.0, 0.6711064976265176)	(82.0, 0.24492937869580936)	(83.0, 0.16515238106346003)	(84.0, 1.3883996780928165)	(85.0, 0.8971413242515075)	(86.0, 0.03708930591679399)	(87.0, 0.004198789349071017)	(88.0, 0.0006997982248451696)	(89.0, 0.0013995964496903391)	(90.0, 0.0055983857987613565)	(91.0, 0.0034989911242258483)	(92.0, 0.0006997982248451696)	(93.0, 0.0)	(94.0, 0.0)	(95.0, 0.0)	(96.0, 0.0)	(97.0, 0.0)	(98.0, 0.0)	(99.0, 0.0)	(100.0, 0.0009330642997935594)
ST2Q_2	(0.0, 0.0)	(1.0, 0.0)	(2.0, 0.0)	(3.0, 0.0)	(4.0, 0.0)	(5.0, 0.0)	(6.0, 0.0)	(7.0, 0.0)	(8.0, 0.0)	(9.0, 0.0)	(10.0, 0.0)	(11.0, 0.0)	(12.0, 0.0)	(13.0, 0.0)	(14.0, 0.0)	(15.0, 0.0)	(16.0, 0.0)	(17.0, 0.0)	(18.0, 0.0)	(19.0, 0.0)	(20.0, 0.0)	(21.0, 0.0)	(22.0, 0.0)	(23.0, 0.0005933591246766194)	(24.0, 0.0005933591246766194)	(25.0, 0.0005933591246766194)	(26.0, 0.0)	(27.0, 0.0011867182493532388)	(28.0, 0.0011867182493532388)	(29.0, 0.0)	(30.0, 0.0011867182493532388)	(31.0, 0.001780077374029858)	(32.0, 0.0005933591246766194)	(33.0, 0.004153513872736336)	(34.0, 0.004746872997412955)	(35.0, 0.007120309496119432)	(36.0, 0.007713668620796052)	(37.0, 0.011273823368855768)	(38.0, 0.013647259867562246)	(39.0, 0.021954287613034917)	(40.0, 2.319440818360905)	(41.0, 0.2397170863693542)	(42.0, 0.02966795623383097)	(43.0, 0.036788265729950406)	(44.0, 0.03916170222865688)	(45.0, 18.611302304606845)	(46.0, 20.388412883013316)	(47.0, 1.762869959414236)	(48.0, 21.691429520803172)	(49.0, 11.426316663897659)	(50.0, 1.1623905252414972)	(51.0, 0.05399568034557237)	(52.0, 0.023141005862388157)	(53.0, 0.024327724111741396)	(54.0, 0.01602069636626872)	(55.0, 0.011867182493532387)	(56.0, 0.007713668620796052)	(57.0, 0.011273823368855768)	(58.0, 0.039755061353333496)	(59.0, 0.20411553888875708)	(60.0, 1.0312581586879646)	(61.0, 12.47062872332851)	(62.0, 3.8200460446680755)	(63.0, 0.021360928488358296)	(64.0, 0.013053900742885627)	(65.0, 0.011867182493532387)	(66.0, 0.007713668620796052)	(67.0, 0.011273823368855768)	(68.0, 0.007120309496119432)	(69.0, 0.008900386870149291)	(70.0, 0.004746872997412955)	(71.0, 0.002966795623383097)	(72.0, 0.008307027745472671)	(73.0, 0.004153513872736336)	(74.0, 0.001780077374029858)	(75.0, 0.002966795623383097)	(76.0, 0.006526950371442813)	(77.0, 0.005933591246766194)	(78.0, 0.003560154748059716)	(79.0, 0.031448033607860824)	(80.0, 0.7434789832198041)	(81.0, 0.04924880734815941)	(82.0, 0.039755061353333496)	(83.0, 1.3320912348990106)	(84.0, 1.2709752450573188)	(85.0, 0.002966795623383097)	(86.0, 0.0005933591246766194)	(87.0, 0.0005933591246766194)	(88.0, 0.0)	(89.0, 0.0)	(90.0, 0.0)	(91.0, 0.0)	(92.0, 0.0)	(93.0, 0.0)	(94.0, 0.0011867182493532388)	(95.0, 0.001780077374029858)	(96.0, 0.0005933591246766194)	(97.0, 0.0)	(98.0, 0.0011867182493532388)	(99.0, 0.00949374599482591)	(100.0, 0.8924121235136263)
ST2Z_1	(0.0, 0.0)	(1.0, 0.0)	(2.0, 0.0)	(3.0, 0.0)	(4.0, 0.0)	(5.0, 0.0)	(6.0, 0.0)	(7.0, 0.0)	(8.0, 0.0)	(9.0, 0.0)	(10.0, 0.0)	(11.0, 0.0)	(12.0, 0.0)	(13.0, 0.0)	(14.0, 0.0)	(15.0, 0.0)	(16.0, 0.0)	(17.0, 0.0)	(18.0, 0.0)	(19.0, 0.0)	(20.0, 0.0)	(21.0, 0.0)	(22.0, 0.0)	(23.0, 0.0)	(24.0, 0.0)	(25.0, 0.0)	(26.0, 0.0)	(27.0, 0.0)	(28.0, 0.0)	(29.0, 0.0007005499316963817)	(30.0, 0.0021016497950891453)	(31.0, 0.003502749658481908)	(32.0, 0.0028021997267855267)	(33.0, 0.0028021997267855267)	(34.0, 0.0021016497950891453)	(35.0, 0.0)	(36.0, 0.0021016497950891453)	(37.0, 0.0021016497950891453)	(38.0, 0.007706049248660198)	(39.0, 0.008406599180356581)	(40.0, 0.012609898770534868)	(41.0, 0.3089425198781043)	(42.0, 2.856842621457844)	(43.0, 0.3103436197414971)	(44.0, 0.7685032750709306)	(45.0, 18.547759991593402)	(46.0, 8.149497355424009)	(47.0, 3.146870293180146)	(48.0, 39.28123577007951)	(49.0, 3.567200252197975)	(50.0, 0.15131878524641842)	(51.0, 0.03642859644821184)	(52.0, 0.03082419699464079)	(53.0, 0.014711548565624014)	(54.0, 0.008406599180356581)	(55.0, 0.008406599180356581)	(56.0, 0.022417597814284214)	(57.0, 0.11769238852499211)	(58.0, 0.3019370205611405)	(59.0, 1.98255630670076)	(60.0, 16.49795089144979)	(61.0, 2.386773617289572)	(62.0, 0.011208798907142107)	(63.0, 0.0014010998633927634)	(64.0, 0.0007005499316963817)	(65.0, 0.0)	(66.0, 0.0)	(67.0, 0.003502749658481908)	(68.0, 0.0042032995901782905)	(69.0, 0.0)	(70.0, 0.0007005499316963817)	(71.0, 0.0)	(72.0, 0.0)	(73.0, 0.0007005499316963817)	(74.0, 0.0028021997267855267)	(75.0, 0.0007005499316963817)	(76.0, 0.0)	(77.0, 0.0007005499316963817)	(78.0, 0.0007005499316963817)	(79.0, 0.012609898770534868)	(80.0, 0.23538477704998423)	(81.0, 0.41472555956425794)	(82.0, 0.05534344460401416)	(83.0, 0.03642859644821184)	(84.0, 0.3565799152334583)	(85.0, 0.30263757049283685)	(86.0, 0.011208798907142107)	(87.0, 0.0014010998633927634)	(88.0, 0.0)	(89.0, 0.0)	(90.0, 0.0014010998633927634)	(91.0, 0.0014010998633927634)	(92.0, 0.0)	(93.0, 0.0)	(94.0, 0.0)	(95.0, 0.0)	(96.0, 0.0)	(97.0, 0.0)	(98.0, 0.0)	(99.0, 0.0)	(100.0, 0.0)
ST2Z_2	(0.0, 0.0)	(1.0, 0.0)	(2.0, 0.0)	(3.0, 0.0)	(4.0, 0.0)	(5.0, 0.0)	(6.0, 0.0)	(7.0, 0.0)	(8.0, 0.0)	(9.0, 0.0)	(10.0, 0.0)	(11.0, 0.0)	(12.0, 0.0)	(13.0, 0.0)	(14.0, 0.0)	(15.0, 0.0)	(16.0, 0.0)	(17.0, 0.0)	(18.0, 0.0)	(19.0, 0.0)	(20.0, 0.0)	(21.0, 0.0)	(22.0, 0.0)	(23.0, 0.0)	(24.0, 0.0)	(25.0, 0.0)	(26.0, 0.0)	(27.0, 0.0)	(28.0, 0.0005968225169199183)	(29.0, 0.0005968225169199183)	(30.0, 0.0)	(31.0, 0.0005968225169199183)	(32.0, 0.0023872900676796733)	(33.0, 0.004774580135359347)	(34.0, 0.00358093510151951)	(35.0, 0.005371402652279265)	(36.0, 0.006565047686119102)	(37.0, 0.004177757618439429)	(38.0, 0.011936450338398368)	(39.0, 0.029841125845995915)	(40.0, 2.4350358690332667)	(41.0, 0.24469723193716653)	(42.0, 0.020291965575277224)	(43.0, 0.02506654571063657)	(44.0, 0.044761688768993876)	(45.0, 18.511047184788186)	(46.0, 20.32538763622474)	(47.0, 1.7659978275660384)	(48.0, 25.325566682979815)	(49.0, 9.390405481217995)	(50.0, 0.9376081740811917)	(51.0, 0.06624729937811094)	(52.0, 0.03998710863363453)	(53.0, 0.019695143058357307)	(54.0, 0.016711030473757715)	(55.0, 0.017904675507597553)	(56.0, 0.017307852990677632)	(57.0, 0.015517385439917878)	(58.0, 0.10683123052866539)	(59.0, 0.2273893789464889)	(60.0, 1.09576614106497)	(61.0, 13.499528510211633)	(62.0, 3.836971961278155)	(63.0, 0.02208243312603698)	(64.0, 0.011936450338398368)	(65.0, 0.010145982787638612)	(66.0, 0.012533272855318285)	(67.0, 0.009549160270718693)	(68.0, 0.002984112584599592)	(69.0, 0.00716187020303902)	(70.0, 0.002984112584599592)	(71.0, 0.004177757618439429)	(72.0, 0.005371402652279265)	(73.0, 0.009549160270718693)	(74.0, 0.005371402652279265)	(75.0, 0.00358093510151951)	(76.0, 0.00358093510151951)	(77.0, 0.00358093510151951)	(78.0, 0.009549160270718693)	(79.0, 0.1557706769160987)	(80.0, 0.4219535194623823)	(81.0, 0.004177757618439429)	(82.0, 0.05132673645511298)	(83.0, 0.38017594327798804)	(84.0, 0.057891784141232076)	(85.0, 0.0023872900676796733)	(86.0, 0.0011936450338398367)	(87.0, 0.001790467550759755)	(88.0, 0.0)	(89.0, 0.0)	(90.0, 0.0005968225169199183)	(91.0, 0.0)	(92.0, 0.0)	(93.0, 0.0)	(94.0, 0.0)	(95.0, 0.0)	(96.0, 0.0)	(97.0, 0.0)	(98.0, 0.0005968225169199183)	(99.0, 0.008952337753798776)	(100.0, 0.7328980507776597)
ST3D_1	(0.0, 0.0)	(1.0, 0.0)	(2.0, 0.0)	(3.0, 0.0)	(4.0, 0.0)	(5.0, 0.0)	(6.0, 0.0)	(7.0, 0.0)	(8.0, 0.0)	(9.0, 0.0)	(10.0, 0.0)	(11.0, 0.0)	(12.0, 0.0)	(13.0, 0.0)	(14.0, 0.0)	(15.0, 0.0)	(16.0, 0.0)	(17.0, 0.0)	(18.0, 0.0)	(19.0, 0.0)	(20.0, 0.0)	(21.0, 0.0005875440658049354)	(22.0, 0.0)	(23.0, 0.0005875440658049354)	(24.0, 0.0)	(25.0, 0.0005875440658049354)	(26.0, 0.0)	(27.0, 0.0011750881316098707)	(28.0, 0.0011750881316098707)	(29.0, 0.0023501762632197414)	(30.0, 0.0011750881316098707)	(31.0, 0.002937720329024677)	(32.0, 0.002937720329024677)	(33.0, 0.0017626321974148062)	(34.0, 0.0005875440658049354)	(35.0, 0.0011750881316098707)	(36.0, 0.005875440658049354)	(37.0, 0.005875440658049354)	(38.0, 0.005287896592244419)	(39.0, 0.0099882491186839)	(40.0, 0.01880141010575793)	(41.0, 0.381903642773208)	(42.0, 4.17508813160987)	(43.0, 0.49823736780258515)	(44.0, 0.7796709753231492)	(45.0, 15.883078730904817)	(46.0, 9.573443008225617)	(47.0, 3.118096357226792)	(48.0, 36.4283196239718)	(49.0, 3.7303172737955346)	(50.0, 0.18860164512338426)	(51.0, 0.015863689776733254)	(52.0, 0.013513513513513514)	(53.0, 0.019388954171562868)	(54.0, 0.012338425381903644)	(55.0, 0.010575793184488837)	(56.0, 0.02467685076380729)	(57.0, 0.1598119858989424)	(58.0, 0.34371327849588723)	(59.0, 1.8777908343125735)	(60.0, 17.35605170387779)	(61.0, 2.5258519388954173)	(62.0, 0.01410105757931845)	(63.0, 0.0035252643948296123)	(64.0, 0.0011750881316098707)	(65.0, 0.0)	(66.0, 0.0)	(67.0, 0.0005875440658049354)	(68.0, 0.0005875440658049354)	(69.0, 0.0)	(70.0, 0.0)	(71.0, 0.0)	(72.0, 0.0)	(73.0, 0.0)	(74.0, 0.0011750881316098707)	(75.0, 0.0005875440658049354)	(76.0, 0.0)	(77.0, 0.0)	(78.0, 0.0)	(79.0, 0.0011750881316098707)	(80.0, 0.026439482961222092)	(81.0, 0.34136310223266747)	(82.0, 0.04935370152761458)	(83.0, 0.027614571092831962)	(84.0, 1.017626321974148)	(85.0, 1.2831962397179788)	(86.0, 0.038190364277320796)	(87.0, 0.0035252643948296123)	(88.0, 0.0011750881316098707)	(89.0, 0.0)	(90.0, 0.0023501762632197414)	(91.0, 0.007050528789659225)	(92.0, 0.0)	(93.0, 0.0)	(94.0, 0.0)	(95.0, 0.0)	(96.0, 0.0)	(97.0, 0.0)	(98.0, 0.0)	(99.0, 0.0)	(100.0, 0.0)
ST3D_2	(0.0, 0.0)	(1.0, 0.0)	(2.0, 0.0)	(3.0, 0.0)	(4.0, 0.0)	(5.0, 0.0)	(6.0, 0.0)	(7.0, 0.0)	(8.0, 0.0)	(9.0, 0.0)	(10.0, 0.0)	(11.0, 0.0)	(12.0, 0.0)	(13.0, 0.0)	(14.0, 0.0)	(15.0, 0.0)	(16.0, 0.0)	(17.0, 0.0)	(18.0, 0.0)	(19.0, 0.0)	(20.0, 0.0)	(21.0, 0.0)	(22.0, 0.0)	(23.0, 0.0)	(24.0, 0.0)	(25.0, 0.0)	(26.0, 0.0)	(27.0, 0.0)	(28.0, 0.0010089816180365555)	(29.0, 0.0010089816180365555)	(30.0, 0.0025224540450913885)	(31.0, 0.0015134724270548332)	(32.0, 0.0025224540450913885)	(33.0, 0.007567362135274165)	(34.0, 0.008576343753310721)	(35.0, 0.009585325371347276)	(36.0, 0.008576343753310721)	(37.0, 0.007567362135274165)	(38.0, 0.008576343753310721)	(39.0, 0.03985477391244394)	(40.0, 3.6177035914700695)	(41.0, 0.3591974560210137)	(42.0, 0.02623352206895044)	(43.0, 0.038845792294407384)	(44.0, 0.04641315442968155)	(45.0, 17.901856358013585)	(46.0, 19.456697031407916)	(47.0, 1.7304034749326926)	(48.0, 22.63801607307718)	(49.0, 9.954108152739638)	(50.0, 1.0367286125325608)	(51.0, 0.06053889708219332)	(52.0, 0.022702086405822497)	(53.0, 0.021188613978767666)	(54.0, 0.01513472427054833)	(55.0, 0.012107779416438666)	(56.0, 0.01513472427054833)	(57.0, 0.017152687506621443)	(58.0, 0.1584101140317392)	(59.0, 0.25880378502637646)	(60.0, 1.07204296916384)	(61.0, 14.280116840071369)	(62.0, 4.3209637792415485)	(63.0, 0.02219759559680422)	(64.0, 0.008071852944292444)	(65.0, 0.007567362135274165)	(66.0, 0.006053889708219333)	(67.0, 0.008071852944292444)	(68.0, 0.007567362135274165)	(69.0, 0.006053889708219333)	(70.0, 0.005549398899201055)	(71.0, 0.002017963236073111)	(72.0, 0.002017963236073111)	(73.0, 0.0025224540450913885)	(74.0, 0.0015134724270548332)	(75.0, 0.0)	(76.0, 0.0015134724270548332)	(77.0, 0.0025224540450913885)	(78.0, 0.004035926472146222)	(79.0, 0.08273649267899755)	(80.0, 0.3077393935011494)	(81.0, 0.017152687506621443)	(82.0, 0.10039367099463727)	(83.0, 1.2920009618958093)	(84.0, 0.18666159933676277)	(85.0, 0.002017963236073111)	(86.0, 0.0010089816180365555)	(87.0, 0.0010089816180365555)	(88.0, 0.0005044908090182777)	(89.0, 0.0)	(90.0, 0.0005044908090182777)	(91.0, 0.0)	(92.0, 0.0)	(93.0, 0.0)	(94.0, 0.002017963236073111)	(95.0, 0.0005044908090182777)	(96.0, 0.0)	(97.0, 0.0015134724270548332)	(98.0, 0.0010089816180365555)	(99.0, 0.00655838051723761)	(100.0, 0.7500096694071655)
ST3Q_1	(0.0, 0.0)	(1.0, 0.0)	(2.0, 0.0)	(3.0, 0.0)	(4.0, 0.0)	(5.0, 0.0)	(6.0, 0.0)	(7.0, 0.0)	(8.0, 0.0)	(9.0, 0.0)	(10.0, 0.0)	(11.0, 0.0)	(12.0, 0.0)	(13.0, 0.0)	(14.0, 0.0)	(15.0, 0.0)	(16.0, 0.0)	(17.0, 0.0)	(18.0, 0.0)	(19.0, 0.0)	(20.0, 0.0)	(21.0, 0.0)	(22.0, 0.0)	(23.0, 0.0)	(24.0, 0.0)	(25.0, 0.0013162022300853117)	(26.0, 0.0006581011150426559)	(27.0, 0.0)	(28.0, 0.0013162022300853117)	(29.0, 0.0013162022300853117)	(30.0, 0.0013162022300853117)	(31.0, 0.0006581011150426559)	(32.0, 0.0019743033451279676)	(33.0, 0.0006581011150426559)	(34.0, 0.0013162022300853117)	(35.0, 0.0)	(36.0, 0.0032905055752132793)	(37.0, 0.0032905055752132793)	(38.0, 0.003948606690255935)	(39.0, 0.003948606690255935)	(40.0, 0.009871516725639838)	(41.0, 0.27706056943295815)	(42.0, 3.088468532895184)	(43.0, 0.3731433322291859)	(44.0, 0.7568162822990543)	(45.0, 16.970453453604968)	(46.0, 10.244660057869025)	(47.0, 3.2161401492134596)	(48.0, 37.147175539697756)	(49.0, 3.7426210412475838)	(50.0, 0.1750548966013465)	(51.0, 0.012503921185810462)	(52.0, 0.013820123415895773)	(53.0, 0.01118771895572515)	(54.0, 0.006581011150426559)	(55.0, 0.008555314495554526)	(56.0, 0.011845820070767805)	(57.0, 0.03685366244238873)	(58.0, 0.24283931145074)	(59.0, 2.0980263547559868)	(60.0, 15.741778671820327)	(61.0, 2.2882175770033144)	(62.0, 0.01118771895572515)	(63.0, 0.0026324044601706235)	(64.0, 0.0)	(65.0, 0.0006581011150426559)	(66.0, 0.0)	(67.0, 0.0)	(68.0, 0.0006581011150426559)	(69.0, 0.0)	(70.0, 0.0)	(71.0, 0.0)	(72.0, 0.0013162022300853117)	(73.0, 0.0013162022300853117)	(74.0, 0.0019743033451279676)	(75.0, 0.0032905055752132793)	(76.0, 0.0013162022300853117)	(77.0, 0.0006581011150426559)	(78.0, 0.0019743033451279676)	(79.0, 0.01711062899110905)	(80.0, 0.09147605499092916)	(81.0, 0.4771233084059255)	(82.0, 0.44356015153875006)	(83.0, 0.09739896502631308)	(84.0, 0.5705736667419826)	(85.0, 1.367534117058639)	(86.0, 0.3731433322291859)	(87.0, 0.026982145716748892)	(88.0, 0.003948606690255935)	(89.0, 0.0)	(90.0, 0.0019743033451279676)	(91.0, 0.0019743033451279676)	(92.0, 0.0006581011150426559)	(93.0, 0.0)	(94.0, 0.0)	(95.0, 0.0)	(96.0, 0.0)	(97.0, 0.0)	(98.0, 0.0)	(99.0, 0.0)	(100.0, 0.0008774681533902077)
ST3Q_2	(0.0, 0.0)	(1.0, 0.0)	(2.0, 0.0)	(3.0, 0.0)	(4.0, 0.0)	(5.0, 0.0)	(6.0, 0.0)	(7.0, 0.0)	(8.0, 0.0)	(9.0, 0.0)	(10.0, 0.0)	(11.0, 0.0)	(12.0, 0.0)	(13.0, 0.0)	(14.0, 0.0)	(15.0, 0.0)	(16.0, 0.0)	(17.0, 0.0)	(18.0, 0.0)	(19.0, 0.0)	(20.0, 0.0)	(21.0, 0.0)	(22.0, 0.0)	(23.0, 0.0)	(24.0, 0.0)	(25.0, 0.0)	(26.0, 0.0)	(27.0, 0.0)	(28.0, 0.0)	(29.0, 0.0005557006551710725)	(30.0, 0.0005557006551710725)	(31.0, 0.0)	(32.0, 0.0016671019655132174)	(33.0, 0.005557006551710725)	(34.0, 0.0033342039310264348)	(35.0, 0.007224108517223942)	(36.0, 0.005557006551710725)	(37.0, 0.009446911137908232)	(38.0, 0.010002611793079303)	(39.0, 0.02500652948269826)	(40.0, 2.6045689707868167)	(41.0, 0.27507182430968086)	(42.0, 0.02278372686201397)	(43.0, 0.042233249793001505)	(44.0, 0.04945735831022545)	(45.0, 18.764344023161602)	(46.0, 20.58092946491584)	(47.0, 1.686551488444205)	(48.0, 21.593416058637533)	(49.0, 11.012319883525143)	(50.0, 1.1136241129628293)	(51.0, 0.06835118058604191)	(52.0, 0.030007835379237915)	(53.0, 0.02056092424132968)	(54.0, 0.012781115068934666)	(55.0, 0.00889121048273716)	(56.0, 0.013892516379276812)	(57.0, 0.015559618344790029)	(58.0, 0.031119236689580058)	(59.0, 0.22450306468911324)	(60.0, 1.3625780064794697)	(61.0, 12.971164693003173)	(62.0, 3.8843475796457962)	(63.0, 0.0222280262068429)	(64.0, 0.017226720310303246)	(65.0, 0.0077798091723950144)	(66.0, 0.009446911137908232)	(67.0, 0.009446911137908232)	(68.0, 0.00889121048273716)	(69.0, 0.00444560524136858)	(70.0, 0.007224108517223942)	(71.0, 0.007224108517223942)	(72.0, 0.006112707206881797)	(73.0, 0.006112707206881797)	(74.0, 0.0033342039310264348)	(75.0, 0.0033342039310264348)	(76.0, 0.005001305896539652)	(77.0, 0.0038899045861975072)	(78.0, 0.01166971375859252)	(79.0, 0.17949131162025642)	(80.0, 0.613493523308864)	(81.0, 0.020005223586158607)	(82.0, 0.12892255199968883)	(83.0, 1.4915005584791585)	(84.0, 0.23617277844770582)	(85.0, 0.001111401310342145)	(86.0, 0.0016671019655132174)	(87.0, 0.0005557006551710725)	(88.0, 0.001111401310342145)	(89.0, 0.0005557006551710725)	(90.0, 0.001111401310342145)	(91.0, 0.0005557006551710725)	(92.0, 0.0)	(93.0, 0.0)	(94.0, 0.0)	(95.0, 0.001111401310342145)	(96.0, 0.0005557006551710725)	(97.0, 0.0005557006551710725)	(98.0, 0.0016671019655132174)	(99.0, 0.006112707206881797)	(100.0, 0.722410851722392)
ST3Z_1	(0.0, 0.0)	(1.0, 0.0)	(2.0, 0.0)	(3.0, 0.0)	(4.0, 0.0)	(5.0, 0.0)	(6.0, 0.0)	(7.0, 0.0)	(8.0, 0.0)	(9.0, 0.0)	(10.0, 0.0)	(11.0, 0.0)	(12.0, 0.0)	(13.0, 0.0)	(14.0, 0.0)	(15.0, 0.0)	(16.0, 0.0)	(17.0, 0.0)	(18.0, 0.0)	(19.0, 0.0)	(20.0, 0.0)	(21.0, 0.0)	(22.0, 0.0)	(23.0, 0.0)	(24.0, 0.0)	(25.0, 0.0)	(26.0, 0.0005747621921430008)	(27.0, 0.0005747621921430008)	(28.0, 0.0)	(29.0, 0.0017242865764290024)	(30.0, 0.004598097537144006)	(31.0, 0.003448573152858005)	(32.0, 0.002299048768572003)	(33.0, 0.002299048768572003)	(34.0, 0.0040233353450010055)	(35.0, 0.003448573152858005)	(36.0, 0.005172859729287008)	(37.0, 0.0040233353450010055)	(38.0, 0.004598097537144006)	(39.0, 0.006322384113573009)	(40.0, 0.014369054803575022)	(41.0, 0.3299134982900825)	(42.0, 2.9962353076414634)	(43.0, 0.3385349311722275)	(44.0, 0.8190361238037761)	(45.0, 18.776906055119692)	(46.0, 8.209903152570625)	(47.0, 3.2497054343765264)	(48.0, 38.887835158203295)	(49.0, 3.5922637008937555)	(50.0, 0.17702675518004427)	(51.0, 0.017817627956433026)	(52.0, 0.016093341380004022)	(53.0, 0.025289536454292036)	(54.0, 0.014943816995718022)	(55.0, 0.010345719458574015)	(56.0, 0.016093341380004022)	(57.0, 0.03678478029715205)	(58.0, 0.2540448889272064)	(59.0, 1.8886685633819007)	(60.0, 16.607178779779865)	(61.0, 2.4254964508434633)	(62.0, 0.007471908497859011)	(63.0, 0.0005747621921430008)	(64.0, 0.0)	(65.0, 0.0)	(66.0, 0.0005747621921430008)	(67.0, 0.0011495243842860015)	(68.0, 0.0017242865764290024)	(69.0, 0.0)	(70.0, 0.0)	(71.0, 0.0005747621921430008)	(72.0, 0.0005747621921430008)	(73.0, 0.0011495243842860015)	(74.0, 0.0011495243842860015)	(75.0, 0.0)	(76.0, 0.0)	(77.0, 0.0005747621921430008)	(78.0, 0.0)	(79.0, 0.004598097537144006)	(80.0, 0.08161623128430612)	(81.0, 0.31037158375722046)	(82.0, 0.20978820013219532)	(83.0, 0.029887633991436045)	(84.0, 0.16840532229789926)	(85.0, 0.3845159065436676)	(86.0, 0.044256688795011066)	(87.0, 0.0017242865764290024)	(88.0, 0.0005747621921430008)	(89.0, 0.0)	(90.0, 0.0005747621921430008)	(91.0, 0.0005747621921430008)	(92.0, 0.0)	(93.0, 0.0)	(94.0, 0.0)	(95.0, 0.0)	(96.0, 0.0)	(97.0, 0.0)	(98.0, 0.0)	(99.0, 0.0)	(100.0, 0.0)
ST3Z_2	(0.0, 0.0)	(1.0, 0.0)	(2.0, 0.0)	(3.0, 0.0)	(4.0, 0.0)	(5.0, 0.0)	(6.0, 0.0)	(7.0, 0.0)	(8.0, 0.0)	(9.0, 0.0)	(10.0, 0.0)	(11.0, 0.0)	(12.0, 0.0)	(13.0, 0.0)	(14.0, 0.0)	(15.0, 0.0)	(16.0, 0.0)	(17.0, 0.0)	(18.0, 0.0)	(19.0, 0.0)	(20.0, 0.0)	(21.0, 0.0)	(22.0, 0.0)	(23.0, 0.0009743423189347192)	(24.0, 0.0004871711594673596)	(25.0, 0.0)	(26.0, 0.0)	(27.0, 0.0004871711594673596)	(28.0, 0.0004871711594673596)	(29.0, 0.0009743423189347192)	(30.0, 0.0019486846378694385)	(31.0, 0.0009743423189347192)	(32.0, 0.0019486846378694385)	(33.0, 0.005358882754140955)	(34.0, 0.006820396232543033)	(35.0, 0.01071776550828191)	(36.0, 0.008769080870412473)	(37.0, 0.007794738551477754)	(38.0, 0.010230594348814551)	(39.0, 0.02728158493017213)	(40.0, 2.555699902565768)	(41.0, 0.26063657031503734)	(42.0, 0.02728158493017213)	(43.0, 0.0384865215979214)	(44.0, 0.05212731406300747)	(45.0, 18.716628775576485)	(46.0, 20.457291328353364)	(47.0, 1.8449171809028906)	(48.0, 24.63527119194544)	(49.0, 9.598246183825918)	(50.0, 0.976778174732056)	(51.0, 0.05699902565768107)	(52.0, 0.021922702176031178)	(53.0, 0.02728158493017213)	(54.0, 0.017538161740824947)	(55.0, 0.014615134784020786)	(56.0, 0.009743423189347192)	(57.0, 0.01120493666774927)	(58.0, 0.03264046768431309)	(59.0, 0.2275089314712569)	(60.0, 1.0503410198116272)	(61.0, 13.508281909710945)	(62.0, 3.9227021760311795)	(63.0, 0.015102305943488147)	(64.0, 0.01071776550828191)	(65.0, 0.01071776550828191)	(66.0, 0.01120493666774927)	(67.0, 0.007794738551477754)	(68.0, 0.008281909710945112)	(69.0, 0.006333225073075674)	(70.0, 0.004871711594673596)	(71.0, 0.003897369275738877)	(72.0, 0.0029230269568041576)	(73.0, 0.0019486846378694385)	(74.0, 0.0029230269568041576)	(75.0, 0.0004871711594673596)	(76.0, 0.0004871711594673596)	(77.0, 0.0014615134784020788)	(78.0, 0.007307567392010393)	(79.0, 0.01120493666774927)	(80.0, 0.3760961351088016)	(81.0, 0.029717440727508933)	(82.0, 0.014615134784020786)	(83.0, 0.34881455017862945)	(84.0, 0.31958428061058786)	(85.0, 0.0)	(86.0, 0.0004871711594673596)	(87.0, 0.0004871711594673596)	(88.0, 0.0)	(89.0, 0.0009743423189347192)	(90.0, 0.0009743423189347192)	(91.0, 0.0)	(92.0, 0.0)	(93.0, 0.0)	(94.0, 0.0004871711594673596)	(95.0, 0.0004871711594673596)	(96.0, 0.0)	(97.0, 0.0004871711594673596)	(98.0, 0.003897369275738877)	(99.0, 0.0034101981162715164)	(100.0, 0.6424163689509557)
ST4D_1	(0.0, 0.0)	(1.0, 0.0)	(2.0, 0.0)	(3.0, 0.0)	(4.0, 0.0)	(5.0, 0.0)	(6.0, 0.0)	(7.0, 0.0)	(8.0, 0.0)	(9.0, 0.0)	(10.0, 0.0)	(11.0, 0.0)	(12.0, 0.0)	(13.0, 0.0)	(14.0, 0.0)	(15.0, 0.0)	(16.0, 0.0)	(17.0, 0.0)	(18.0, 0.0)	(19.0, 0.0)	(20.0, 0.0)	(21.0, 0.0)	(22.0, 0.0)	(23.0, 0.0)	(24.0, 0.0)	(25.0, 0.0)	(26.0, 0.0)	(27.0, 0.0)	(28.0, 0.0)	(29.0, 0.0005768676088837611)	(30.0, 0.0005768676088837611)	(31.0, 0.004038073262186329)	(32.0, 0.0017306028266512836)	(33.0, 0.0005768676088837611)	(34.0, 0.0011537352177675222)	(35.0, 0.0005768676088837611)	(36.0, 0.003461205653302567)	(37.0, 0.00519180847995385)	(38.0, 0.0074992789154888955)	(39.0, 0.012691087395442745)	(40.0, 0.024805307182001732)	(41.0, 0.38650129795212)	(42.0, 4.259013556388809)	(43.0, 0.4591866166714739)	(44.0, 0.7458898182867032)	(45.0, 15.877704066916642)	(46.0, 9.690798961638304)	(47.0, 3.1871935390827804)	(48.0, 36.71820017306028)	(49.0, 3.666570522065186)	(50.0, 0.1678684741851745)	(51.0, 0.021344101528699165)	(52.0, 0.013267955004326508)	(53.0, 0.017882895875396595)	(54.0, 0.012691087395442745)	(55.0, 0.012114219786558985)	(56.0, 0.011537352177675224)	(57.0, 0.027689645226420537)	(58.0, 0.25728295356215747)	(59.0, 2.0103836169599076)	(60.0, 17.79867320449957)	(61.0, 2.654167868474185)	(62.0, 0.013267955004326508)	(63.0, 0.002884338044418806)	(64.0, 0.002884338044418806)	(65.0, 0.004038073262186329)	(66.0, 0.009229881742140178)	(67.0, 0.004614940871070089)	(68.0, 0.0)	(69.0, 0.0)	(70.0, 0.0011537352177675222)	(71.0, 0.0005768676088837611)	(72.0, 0.0)	(73.0, 0.0011537352177675222)	(74.0, 0.004038073262186329)	(75.0, 0.0005768676088837611)	(76.0, 0.0005768676088837611)	(77.0, 0.0023074704355350445)	(78.0, 0.006345543697721372)	(79.0, 0.0207672339198154)	(80.0, 0.09691375829247188)	(81.0, 0.20421113354485146)	(82.0, 0.06172483415056245)	(83.0, 0.23478511681569078)	(84.0, 0.818575137006057)	(85.0, 0.4084222670897029)	(86.0, 0.023651571964234206)	(87.0, 0.0074992789154888955)	(88.0, 0.0)	(89.0, 0.002884338044418806)	(90.0, 0.005768676088837612)	(91.0, 0.0017306028266512836)	(92.0, 0.0005768676088837611)	(93.0, 0.0)	(94.0, 0.0)	(95.0, 0.0)	(96.0, 0.0)	(97.0, 0.0)	(98.0, 0.0)	(99.0, 0.0)	(100.0, 0.0)
ST4D_2	(0.0, 0.0)	(1.0, 0.0)	(2.0, 0.0)	(3.0, 0.0)	(4.0, 0.0)	(5.0, 0.0)	(6.0, 0.0)	(7.0, 0.0)	(8.0, 0.0)	(9.0, 0.0)	(10.0, 0.0)	(11.0, 0.0)	(12.0, 0.0)	(13.0, 0.0)	(14.0, 0.0)	(15.0, 0.0)	(16.0, 0.0)	(17.0, 0.0)	(18.0, 0.0)	(19.0, 0.0)	(20.0, 0.0)	(21.0, 0.0)	(22.0, 0.0)	(23.0, 0.0)	(24.0, 0.0004905495626750649)	(25.0, 0.0)	(26.0, 0.0)	(27.0, 0.0)	(28.0, 0.0)	(29.0, 0.0)	(30.0, 0.0009810991253501298)	(31.0, 0.0014716486880251946)	(32.0, 0.0014716486880251946)	(33.0, 0.007848793002801039)	(34.0, 0.0073582434401259725)	(35.0, 0.0058865947521007786)	(36.0, 0.006377144314775844)	(37.0, 0.0058865947521007786)	(38.0, 0.017659784256302335)	(39.0, 0.04709275801680623)	(40.0, 3.62810456554478)	(41.0, 0.3669310728809485)	(42.0, 0.038753415451330125)	(43.0, 0.04414946064075584)	(44.0, 0.03826286588865506)	(45.0, 17.853060783996312)	(46.0, 19.412517843740343)	(47.0, 1.7340927040563545)	(48.0, 22.99598239908169)	(49.0, 9.518133164584283)	(50.0, 0.9482323046509004)	(51.0, 0.06180924489705817)	(52.0, 0.028451874635153765)	(53.0, 0.03041407288585402)	(54.0, 0.01618813556827714)	(55.0, 0.015697586005602077)	(56.0, 0.01324483819222675)	(57.0, 0.0181503338189774)	(58.0, 0.0264896763844535)	(59.0, 0.24135038483613191)	(60.0, 1.164564661790604)	(61.0, 14.544303983752998)	(62.0, 4.4375113439586364)	(63.0, 0.025508577259103375)	(64.0, 0.014716486880251945)	(65.0, 0.013735387754901818)	(66.0, 0.010792090378851427)	(67.0, 0.010792090378851427)	(68.0, 0.0073582434401259725)	(69.0, 0.010301540816176362)	(70.0, 0.011282639941526493)	(71.0, 0.0034338469387254545)	(72.0, 0.006377144314775844)	(73.0, 0.004414946064075584)	(74.0, 0.005396045189425713)	(75.0, 0.0024527478133753245)	(76.0, 0.0014716486880251946)	(77.0, 0.0029432973760503893)	(78.0, 0.0029432973760503893)	(79.0, 0.0034338469387254545)	(80.0, 0.0073582434401259725)	(81.0, 0.22663389795587996)	(82.0, 0.014225937317576882)	(83.0, 0.02599912682177844)	(84.0, 0.8172555714166582)	(85.0, 0.7804643542160282)	(86.0, 0.003924396501400519)	(87.0, 0.0009810991253501298)	(88.0, 0.0019621982507002597)	(89.0, 0.0004905495626750649)	(90.0, 0.0004905495626750649)	(91.0, 0.0004905495626750649)	(92.0, 0.0)	(93.0, 0.0)	(94.0, 0.0)	(95.0, 0.0)	(96.0, 0.0009810991253501298)	(97.0, 0.0009810991253501298)	(98.0, 0.0014716486880251946)	(99.0, 0.0073582434401259725)	(100.0, 0.6926559824971865)
ST4Q_1	(0.0, 0.0)	(1.0, 0.0)	(2.0, 0.0)	(3.0, 0.0)	(4.0, 0.0)	(5.0, 0.0)	(6.0, 0.0)	(7.0, 0.0)	(8.0, 0.0)	(9.0, 0.0)	(10.0, 0.0)	(11.0, 0.0)	(12.0, 0.0)	(13.0, 0.0)	(14.0, 0.0)	(15.0, 0.0)	(16.0, 0.0)	(17.0, 0.0)	(18.0, 0.0)	(19.0, 0.0)	(20.0, 0.0)	(21.0, 0.0)	(22.0, 0.0)	(23.0, 0.0)	(24.0, 0.0)	(25.0, 0.0)	(26.0, 0.0005508994351444459)	(27.0, 0.0)	(28.0, 0.0)	(29.0, 0.0011017988702888917)	(30.0, 0.0022035977405777834)	(31.0, 0.004407195481155567)	(32.0, 0.0022035977405777834)	(33.0, 0.002754497175722229)	(34.0, 0.003305396610866675)	(35.0, 0.0011017988702888917)	(36.0, 0.0022035977405777834)	(37.0, 0.004407195481155567)	(38.0, 0.006059893786588904)	(39.0, 0.00661079322173335)	(40.0, 0.012119787573177807)	(41.0, 0.2936293989319896)	(42.0, 3.147288472980219)	(43.0, 0.36634812437105646)	(44.0, 0.8257982532815242)	(45.0, 17.628231025187123)	(46.0, 10.36186747563188)	(47.0, 3.2040311148000966)	(48.0, 37.721186123210494)	(49.0, 3.7174693883547203)	(50.0, 0.1746351209407893)	(51.0, 0.019281480230055603)	(52.0, 0.012670687008322254)	(53.0, 0.009365290397455579)	(54.0, 0.006059893786588904)	(55.0, 0.007161692656877795)	(56.0, 0.008263491527166687)	(57.0, 0.026994072322077844)	(58.0, 0.2214615729280672)	(59.0, 1.7292733269184155)	(60.0, 15.701184801051848)	(61.0, 2.197537846791194)	(62.0, 0.007161692656877795)	(63.0, 0.0022035977405777834)	(64.0, 0.002754497175722229)	(65.0, 0.0)	(66.0, 0.0005508994351444459)	(67.0, 0.0011017988702888917)	(68.0, 0.0011017988702888917)	(69.0, 0.0)	(70.0, 0.0)	(71.0, 0.0)	(72.0, 0.0005508994351444459)	(73.0, 0.0011017988702888917)	(74.0, 0.0011017988702888917)	(75.0, 0.0)	(76.0, 0.0)	(77.0, 0.0016526983054333374)	(78.0, 0.006059893786588904)	(79.0, 0.008263491527166687)	(80.0, 0.06280253560646683)	(81.0, 0.3949948949985676)	(82.0, 0.3140126780323341)	(83.0, 0.031952167238377856)	(84.0, 0.2853659074048229)	(85.0, 1.250541717777892)	(86.0, 0.1862040090788227)	(87.0, 0.004958094916300012)	(88.0, 0.0)	(89.0, 0.0005508994351444459)	(90.0, 0.0005508994351444459)	(91.0, 0.004407195481155567)	(92.0, 0.0)	(93.0, 0.0)	(94.0, 0.0)	(95.0, 0.0)	(96.0, 0.0)	(97.0, 0.0)	(98.0, 0.0)	(99.0, 0.0005508994351444459)	(100.0, 0.0007345325801925944)
ST4Q_2	(0.0, 0.0)	(1.0, 0.0)	(2.0, 0.0)	(3.0, 0.0)	(4.0, 0.0)	(5.0, 0.0)	(6.0, 0.0)	(7.0, 0.0)	(8.0, 0.0)	(9.0, 0.0)	(10.0, 0.0)	(11.0, 0.0)	(12.0, 0.0)	(13.0, 0.0)	(14.0, 0.0)	(15.0, 0.0)	(16.0, 0.0)	(17.0, 0.00046056277700932025)	(18.0, 0.00046056277700932025)	(19.0, 0.0)	(20.0, 0.0)	(21.0, 0.00046056277700932025)	(22.0, 0.0)	(23.0, 0.00046056277700932025)	(24.0, 0.0)	(25.0, 0.0009211255540186405)	(26.0, 0.0)	(27.0, 0.0009211255540186405)	(28.0, 0.00046056277700932025)	(29.0, 0.001381688331027961)	(30.0, 0.00046056277700932025)	(31.0, 0.001842251108037281)	(32.0, 0.002763376662055922)	(33.0, 0.002763376662055922)	(34.0, 0.004605627770093203)	(35.0, 0.006447878878130484)	(36.0, 0.007369004432149124)	(37.0, 0.006447878878130484)	(38.0, 0.01381688331027961)	(39.0, 0.026252078289531258)	(40.0, 2.645933153918545)	(41.0, 0.28048273119867606)	(42.0, 0.021646450519438053)	(43.0, 0.039608398822801545)	(44.0, 0.04651684047794134)	(45.0, 19.33857044384435)	(46.0, 21.009031636057156)	(47.0, 1.6925682055092521)	(48.0, 21.835741820788883)	(49.0, 10.948498335065562)	(50.0, 1.1048901020453594)	(51.0, 0.05526753324111844)	(52.0, 0.021646450519438053)	(53.0, 0.019804199411400773)	(54.0, 0.014277446087288927)	(55.0, 0.011974632202242326)	(56.0, 0.015198571641307569)	(57.0, 0.012435194979251647)	(58.0, 0.023949264404484652)	(59.0, 0.20541099854615685)	(60.0, 1.0219888021836816)	(61.0, 12.62264402949444)	(62.0, 3.6752909605343755)	(63.0, 0.0271732038435499)	(64.0, 0.011053506648223688)	(65.0, 0.007829567209158445)	(66.0, 0.012435194979251647)	(67.0, 0.008750692763177085)	(68.0, 0.005987316101121163)	(69.0, 0.006908441655139805)	(70.0, 0.006447878878130484)	(71.0, 0.004605627770093203)	(72.0, 0.003684502216074562)	(73.0, 0.001381688331027961)	(74.0, 0.003223939439065242)	(75.0, 0.003223939439065242)	(76.0, 0.006447878878130484)	(77.0, 0.006908441655139805)	(78.0, 0.004145064993083883)	(79.0, 0.02072532496541941)	(80.0, 0.46516840477941346)	(81.0, 0.03131826883663378)	(82.0, 0.03316051994467106)	(83.0, 0.98928884501602)	(84.0, 0.9215861167956498)	(85.0, 0.003223939439065242)	(86.0, 0.0)	(87.0, 0.00046056277700932025)	(88.0, 0.00046056277700932025)	(89.0, 0.001842251108037281)	(90.0, 0.0009211255540186405)	(91.0, 0.0)	(92.0, 0.0)	(93.0, 0.00046056277700932025)	(94.0, 0.00046056277700932025)	(95.0, 0.0009211255540186405)	(96.0, 0.0009211255540186405)	(97.0, 0.0009211255540186405)	(98.0, 0.001842251108037281)	(99.0, 0.009211255540186406)	(100.0, 0.6552273107585879)
ST4Z_1	(0.0, 0.0)	(1.0, 0.0)	(2.0, 0.0)	(3.0, 0.0)	(4.0, 0.0)	(5.0, 0.0)	(6.0, 0.0)	(7.0, 0.0)	(8.0, 0.0)	(9.0, 0.0)	(10.0, 0.0)	(11.0, 0.0)	(12.0, 0.0)	(13.0, 0.0)	(14.0, 0.0)	(15.0, 0.0)	(16.0, 0.0)	(17.0, 0.0)	(18.0, 0.0)	(19.0, 0.0)	(20.0, 0.0)	(21.0, 0.0)	(22.0, 0.0)	(23.0, 0.0)	(24.0, 0.0)	(25.0, 0.0)	(26.0, 0.0005269425737983074)	(27.0, 0.001053885147596615)	(28.0, 0.0)	(29.0, 0.0)	(30.0, 0.0005269425737983074)	(31.0, 0.00421554059038646)	(32.0, 0.0015808277213949222)	(33.0, 0.001053885147596615)	(34.0, 0.002634712868991537)	(35.0, 0.00210777029519323)	(36.0, 0.0036885980165881523)	(37.0, 0.004742483164184767)	(38.0, 0.00421554059038646)	(39.0, 0.006850253459377997)	(40.0, 0.010538851475966149)	(41.0, 0.3272313383287489)	(42.0, 2.7964842391476177)	(43.0, 0.31827331457417773)	(44.0, 0.7825097220904865)	(45.0, 18.529408665043682)	(46.0, 8.071179402868674)	(47.0, 3.296025799108413)	(48.0, 39.730943121818584)	(49.0, 3.6633047730458337)	(50.0, 0.16177137015608037)	(51.0, 0.018969932656739068)	(52.0, 0.021604645525730607)	(53.0, 0.014754392066352609)	(54.0, 0.013173564344957686)	(55.0, 0.006850253459377997)	(56.0, 0.0057963683117813825)	(57.0, 0.025293243542318756)	(58.0, 0.2545132631445825)	(59.0, 1.9122746003140578)	(60.0, 16.412153403522083)	(61.0, 2.4197202988818276)	(62.0, 0.011065794049764457)	(63.0, 0.0036885980165881523)	(64.0, 0.0031616554427898445)	(65.0, 0.0031616554427898445)	(66.0, 0.0005269425737983074)	(67.0, 0.00210777029519323)	(68.0, 0.0015808277213949222)	(69.0, 0.0)	(70.0, 0.0)	(71.0, 0.0005269425737983074)	(72.0, 0.001053885147596615)	(73.0, 0.0005269425737983074)	(74.0, 0.0031616554427898445)	(75.0, 0.0005269425737983074)	(76.0, 0.00210777029519323)	(77.0, 0.001053885147596615)	(78.0, 0.0015808277213949222)	(79.0, 0.004742483164184767)	(80.0, 0.06270616628199858)	(81.0, 0.359901777904244)	(82.0, 0.26821377006333846)	(83.0, 0.02055076037813399)	(84.0, 0.07851444349594781)	(85.0, 0.2908723007366657)	(86.0, 0.04637094649425106)	(87.0, 0.002634712868991537)	(88.0, 0.0015808277213949222)	(89.0, 0.0005269425737983074)	(90.0, 0.0005269425737983074)	(91.0, 0.0005269425737983074)	(92.0, 0.0005269425737983074)	(93.0, 0.0)	(94.0, 0.0)	(95.0, 0.0)	(96.0, 0.0)	(97.0, 0.0)	(98.0, 0.0)	(99.0, 0.0)	(100.0, 0.0)
ST4Z_2	(0.0, 0.0)	(1.0, 0.0)	(2.0, 0.0)	(3.0, 0.0)	(4.0, 0.0)	(5.0, 0.0)	(6.0, 0.0)	(7.0, 0.0)	(8.0, 0.0)	(9.0, 0.0)	(10.0, 0.0)	(11.0, 0.0)	(12.0, 0.0)	(13.0, 0.0)	(14.0, 0.0)	(15.0, 0.0)	(16.0, 0.0)	(17.0, 0.0)	(18.0, 0.0)	(19.0, 0.0)	(20.0, 0.0)	(21.0, 0.00044915491502737603)	(22.0, 0.00044915491502737603)	(23.0, 0.0)	(24.0, 0.00044915491502737603)	(25.0, 0.00044915491502737603)	(26.0, 0.0008983098300547521)	(27.0, 0.0008983098300547521)	(28.0, 0.00044915491502737603)	(29.0, 0.0017966196601095041)	(30.0, 0.0017966196601095041)	(31.0, 0.0022457745751368803)	(32.0, 0.006288168810383264)	(33.0, 0.004940704065301137)	(34.0, 0.005839013895355889)	(35.0, 0.008983098300547521)	(36.0, 0.005389858980328512)	(37.0, 0.008084788470492769)	(38.0, 0.010779717960657024)	(39.0, 0.021559435921314048)	(40.0, 2.4025296404814345)	(41.0, 0.23760295004948193)	(42.0, 0.017067886771040288)	(43.0, 0.02964422439180682)	(44.0, 0.04446633658771022)	(45.0, 18.37223264427979)	(46.0, 20.18457272641525)	(47.0, 1.8388402221220777)	(48.0, 25.419473261059316)	(49.0, 9.668957855794323)	(50.0, 0.9760136303544881)	(51.0, 0.05524605454836725)	(52.0, 0.02964422439180682)	(53.0, 0.020661126091259297)	(54.0, 0.016169576940985537)	(55.0, 0.010779717960657024)	(56.0, 0.016169576940985537)	(57.0, 0.01482211219590341)	(58.0, 0.024254365411478306)	(59.0, 0.21604351412816786)	(60.0, 1.0685395428501276)	(61.0, 13.341697595973178)	(62.0, 3.873961142111118)	(63.0, 0.017517041686067665)	(64.0, 0.013923802365848658)	(65.0, 0.010330563045629649)	(66.0, 0.005389858980328512)	(67.0, 0.006288168810383264)	(68.0, 0.008533943385520144)	(69.0, 0.004940704065301137)	(70.0, 0.0044915491502737605)	(71.0, 0.004042394235246384)	(72.0, 0.004042394235246384)	(73.0, 0.004940704065301137)	(74.0, 0.001347464745082128)	(75.0, 0.005839013895355889)	(76.0, 0.004042394235246384)	(77.0, 0.002694929490164256)	(78.0, 0.0035932393202190082)	(79.0, 0.02380521049645093)	(80.0, 0.1630432341549375)	(81.0, 0.3970529448842004)	(82.0, 0.006737323725410641)	(83.0, 0.02964422439180682)	(84.0, 0.27263703342161727)	(85.0, 0.03727985794727221)	(86.0, 0.0)	(87.0, 0.00044915491502737603)	(88.0, 0.00044915491502737603)	(89.0, 0.00044915491502737603)	(90.0, 0.00044915491502737603)	(91.0, 0.0)	(92.0, 0.0)	(93.0, 0.0)	(94.0, 0.0)	(95.0, 0.00044915491502737603)	(96.0, 0.00044915491502737603)	(97.0, 0.0)	(98.0, 0.0022457745751368803)	(99.0, 0.004042394235246384)	(100.0, 0.9977227845807991)
STD_1	(0.0, 0.0)	(1.0, 0.0)	(2.0, 0.0)	(3.0, 0.0)	(4.0, 0.0)	(5.0, 0.0)	(6.0, 0.0)	(7.0, 0.0)	(8.0, 0.0)	(9.0, 0.0)	(10.0, 0.0)	(11.0, 0.0)	(12.0, 0.0)	(13.0, 0.0)	(14.0, 0.0)	(15.0, 0.0)	(16.0, 0.0)	(17.0, 0.0)	(18.0, 0.0)	(19.0, 0.0)	(20.0, 0.0)	(21.0, 0.0)	(22.0, 0.0)	(23.0, 0.0)	(24.0, 0.0004852319651409356)	(25.0, 0.0009704639302818713)	(26.0, 0.0004852319651409356)	(27.0, 0.0009704639302818713)	(28.0, 0.0009704639302818713)	(29.0, 0.0029113917908456135)	(30.0, 0.0009704639302818713)	(31.0, 0.0009704639302818713)	(32.0, 0.0009704639302818713)	(33.0, 0.0009704639302818713)	(34.0, 0.0019409278605637425)	(35.0, 0.01552742288450994)	(36.0, 0.20525312125461576)	(37.0, 0.2775526840606152)	(38.0, 0.12761600683206606)	(39.0, 0.9403795484431333)	(40.0, 1.0495567405998436)	(41.0, 6.620019700417784)	(42.0, 4.360294438756448)	(43.0, 2.9007166876125132)	(44.0, 0.9432909402339787)	(45.0, 3.461159607350294)	(46.0, 3.817805101728881)	(47.0, 3.186033083115383)	(48.0, 2.545526889129348)	(49.0, 2.4557589755782754)	(50.0, 1.7055903574703886)	(51.0, 28.18130207145526)	(52.0, 25.717294152469588)	(53.0, 4.155526549466973)	(54.0, 0.6317720186134982)	(55.0, 0.22563286379053507)	(56.0, 0.4206961137771911)	(57.0, 0.8428479234498052)	(58.0, 2.101539641025392)	(59.0, 0.9204850378723549)	(60.0, 0.21738392038313917)	(61.0, 1.0029744719463138)	(62.0, 0.2955062667708298)	(63.0, 0.024261598257046782)	(64.0, 0.03930378917641578)	(65.0, 0.0004852319651409356)	(66.0, 0.0014556958954228068)	(67.0, 0.0029113917908456135)	(68.0, 0.0009704639302818713)	(69.0, 0.0)	(70.0, 0.0)	(71.0, 0.0009704639302818713)	(72.0, 0.0019409278605637425)	(73.0, 0.0029113917908456135)	(74.0, 0.0009704639302818713)	(75.0, 0.0)	(76.0, 0.0)	(77.0, 0.0009704639302818713)	(78.0, 0.0014556958954228068)	(79.0, 0.009704639302818712)	(80.0, 0.057257371886630395)	(81.0, 0.11694090359896547)	(82.0, 0.01892404664049649)	(83.0, 0.055801675991207604)	(84.0, 0.23242611130250818)	(85.0, 0.08540082586480467)	(86.0, 0.004367087686268421)	(87.0, 0.0019409278605637425)	(88.0, 0.0009704639302818713)	(89.0, 0.0)	(90.0, 0.0)	(91.0, 0.0)	(92.0, 0.0)	(93.0, 0.0)	(94.0, 0.0)	(95.0, 0.0)	(96.0, 0.0)	(97.0, 0.0)	(98.0, 0.0)	(99.0, 0.0)	(100.0, 0.0)
STD_2	(0.0, 0.0)	(1.0, 0.0)	(2.0, 0.0)	(3.0, 0.0)	(4.0, 0.0)	(5.0, 0.0)	(6.0, 0.0)	(7.0, 0.0)	(8.0, 0.0)	(9.0, 0.0)	(10.0, 0.0)	(11.0, 0.0)	(12.0, 0.0)	(13.0, 0.0)	(14.0, 0.0)	(15.0, 0.0)	(16.0, 0.0)	(17.0, 0.0)	(18.0, 0.0)	(19.0, 0.0)	(20.0, 0.0)	(21.0, 0.0)	(22.0, 0.0)	(23.0, 0.00045482662009242074)	(24.0, 0.00045482662009242074)	(25.0, 0.00045482662009242074)	(26.0, 0.0)	(27.0, 0.0)	(28.0, 0.0)	(29.0, 0.0)	(30.0, 0.0009096532401848415)	(31.0, 0.0013644798602772622)	(32.0, 0.001819306480369683)	(33.0, 0.4352690754284467)	(34.0, 0.6235672961467088)	(35.0, 0.2164974711639923)	(36.0, 0.29882108940072044)	(37.0, 0.26652839937415856)	(38.0, 0.083233271476913)	(39.0, 1.4163300949677982)	(40.0, 5.6680493395917475)	(41.0, 5.7230833606229305)	(42.0, 4.763399192227922)	(43.0, 4.487319433831823)	(44.0, 0.9937961649019394)	(45.0, 0.17692755521595166)	(46.0, 3.970181566786741)	(47.0, 3.8723938434668703)	(48.0, 1.2212094749481497)	(49.0, 3.478968817086926)	(50.0, 0.48029691081759635)	(51.0, 23.496343193974457)	(52.0, 23.6018629698359)	(53.0, 6.180184113815813)	(54.0, 0.3829640141178183)	(55.0, 0.3174689808245097)	(56.0, 0.5057672015427719)	(57.0, 0.1928464869191864)	(58.0, 1.285340028381181)	(59.0, 0.6381217479896663)	(60.0, 1.3653895135174472)	(61.0, 0.8464323399919951)	(62.0, 0.8054979441836773)	(63.0, 0.6017356183822726)	(64.0, 0.2606156533129571)	(65.0, 0.008186879161663574)	(66.0, 0.0395699159480406)	(67.0, 0.04002474256813302)	(68.0, 0.004548266200924207)	(69.0, 0.003638612960739366)	(70.0, 0.004548266200924207)	(71.0, 0.0031837863406469456)	(72.0, 0.006367572681293891)	(73.0, 0.004093439580831787)	(74.0, 0.001819306480369683)	(75.0, 0.001819306480369683)	(76.0, 0.0027289597205545245)	(77.0, 0.0027289597205545245)	(78.0, 0.004093439580831787)	(79.0, 0.0027289597205545245)	(80.0, 0.13053523996652475)	(81.0, 0.1118873485427355)	(82.0, 0.004093439580831787)	(83.0, 0.060491940472291963)	(84.0, 0.23696466906815125)	(85.0, 0.0027289597205545245)	(86.0, 0.0)	(87.0, 0.0)	(88.0, 0.00045482662009242074)	(89.0, 0.0)	(90.0, 0.0)	(91.0, 0.0)	(92.0, 0.00045482662009242074)	(93.0, 0.0)	(94.0, 0.00045482662009242074)	(95.0, 0.0013644798602772622)	(96.0, 0.00045482662009242074)	(97.0, 0.0009096532401848415)	(98.0, 0.0009096532401848415)	(99.0, 0.0068223993013863116)	(100.0, 0.6494924134919717)
STQ_1	(0.0, 0.0)	(1.0, 0.0)	(2.0, 0.0)	(3.0, 0.0)	(4.0, 0.0)	(5.0, 0.0)	(6.0, 0.0)	(7.0, 0.0)	(8.0, 0.0)	(9.0, 0.0)	(10.0, 0.0)	(11.0, 0.0)	(12.0, 0.0)	(13.0, 0.0)	(14.0, 0.0)	(15.0, 0.0)	(16.0, 0.0)	(17.0, 0.0)	(18.0, 0.0)	(19.0, 0.0)	(20.0, 0.0)	(21.0, 0.0)	(22.0, 0.0)	(23.0, 0.0)	(24.0, 0.0)	(25.0, 0.00045511227619853814)	(26.0, 0.0009102245523970763)	(27.0, 0.00045511227619853814)	(28.0, 0.00045511227619853814)	(29.0, 0.0009102245523970763)	(30.0, 0.0)	(31.0, 0.00045511227619853814)	(32.0, 0.08009976061094272)	(33.0, 0.5179177703139365)	(34.0, 0.004551122761985381)	(35.0, 0.007736908695375149)	(36.0, 0.07099751508697195)	(37.0, 0.0728179641917661)	(38.0, 0.056433922248618734)	(39.0, 0.6480798813067183)	(40.0, 0.547044955990643)	(41.0, 4.039121451262026)	(42.0, 3.0041961351865503)	(43.0, 2.6860726541237723)	(44.0, 2.3806923167945535)	(45.0, 5.998834912572932)	(46.0, 1.5806049352375233)	(47.0, 1.7016648007063342)	(48.0, 2.87676469785096)	(49.0, 6.0648261926217195)	(50.0, 3.4602186359374856)	(51.0, 14.869883400234837)	(52.0, 13.710257320480961)	(53.0, 3.5949318696922528)	(54.0, 0.30447011277682207)	(55.0, 0.02776184884811083)	(56.0, 2.6123444653796093)	(57.0, 8.537451189208378)	(58.0, 5.98063042152499)	(59.0, 0.8483292828340752)	(60.0, 1.3571448076240409)	(61.0, 0.5752619171149523)	(62.0, 0.6426185339923359)	(63.0, 7.296360012014964)	(64.0, 3.4825191374712143)	(65.0, 0.0018204491047941525)	(66.0, 0.0)	(67.0, 0.003640898209588305)	(68.0, 0.0022755613809926907)	(69.0, 0.0)	(70.0, 0.0009102245523970763)	(71.0, 0.0013653368285956146)	(72.0, 0.00045511227619853814)	(73.0, 0.0022755613809926907)	(74.0, 0.00045511227619853814)	(75.0, 0.0)	(76.0, 0.0)	(77.0, 0.0013653368285956146)	(78.0, 0.0)	(79.0, 0.003185785933389767)	(80.0, 0.04460100306745674)	(81.0, 0.050517462658037735)	(82.0, 0.008192020971573687)	(83.0, 0.019569827876537143)	(84.0, 0.15064216342171613)	(85.0, 0.060985045010604116)	(86.0, 0.0027306736571912293)	(87.0, 0.0009102245523970763)	(88.0, 0.0)	(89.0, 0.0)	(90.0, 0.0013653368285956146)	(91.0, 0.00045511227619853814)	(92.0, 0.0)	(93.0, 0.0)	(94.0, 0.0)	(95.0, 0.0)	(96.0, 0.0)	(97.0, 0.0)	(98.0, 0.0)	(99.0, 0.0)	(100.0, 0.0)
STQ_2	(0.0, 0.0)	(1.0, 0.0)	(2.0, 0.0)	(3.0, 0.0)	(4.0, 0.0)	(5.0, 0.0)	(6.0, 0.0)	(7.0, 0.0)	(8.0, 0.0)	(9.0, 0.0)	(10.0, 0.0)	(11.0, 0.0)	(12.0, 0.0)	(13.0, 0.0)	(14.0, 0.0)	(15.0, 0.0)	(16.0, 0.0)	(17.0, 0.0)	(18.0, 0.0)	(19.0, 0.0)	(20.0, 0.0)	(21.0, 0.0)	(22.0, 0.0)	(23.0, 0.0)	(24.0, 0.0)	(25.0, 0.0)	(26.0, 0.0004743923034592687)	(27.0, 0.0)	(28.0, 0.0004743923034592687)	(29.0, 0.0)	(30.0, 0.0)	(31.0, 0.0009487846069185374)	(32.0, 0.0009487846069185374)	(33.0, 0.5498206797092924)	(34.0, 0.6741114632156208)	(35.0, 0.10531509136795765)	(36.0, 0.07780033776732007)	(37.0, 0.08206986849845348)	(38.0, 0.5578853488680999)	(39.0, 1.5104650942143114)	(40.0, 3.757187043397408)	(41.0, 4.500559782918082)	(42.0, 2.671303060779142)	(43.0, 3.680809882540466)	(44.0, 1.155145258923319)	(45.0, 1.4198561642535912)	(46.0, 5.544222850528473)	(47.0, 2.5033681853545606)	(48.0, 2.385244501793203)	(49.0, 3.354902370063948)	(50.0, 3.61961327539422)	(51.0, 13.7526328772842)	(52.0, 13.968006983054707)	(53.0, 4.387180022391317)	(54.0, 0.234824190212338)	(55.0, 0.28368659746864267)	(56.0, 1.4037268259359759)	(57.0, 1.0265849446858575)	(58.0, 8.688969430159965)	(59.0, 1.5764056243951496)	(60.0, 1.0076092525474867)	(61.0, 0.9525797453462116)	(62.0, 0.8391999848194464)	(63.0, 0.04269530731133418)	(64.0, 0.012334199889940986)	(65.0, 0.013282984496859523)	(66.0, 0.11432854513368375)	(67.0, 7.497770356173741)	(68.0, 5.013377862957551)	(69.0, 0.009962238372644643)	(70.0, 0.006167099944970493)	(71.0, 0.007590276855348299)	(72.0, 0.008539061462266836)	(73.0, 0.004743923034592687)	(74.0, 0.004743923034592687)	(75.0, 0.002846353820755612)	(76.0, 0.004743923034592687)	(77.0, 0.0023719615172963435)	(78.0, 0.002846353820755612)	(79.0, 0.028937930511015387)	(80.0, 0.0815954761949942)	(81.0, 0.002846353820755612)	(82.0, 0.015654946014155867)	(83.0, 0.18501299834911478)	(84.0, 0.026565968993719047)	(85.0, 0.0009487846069185374)	(86.0, 0.0)	(87.0, 0.001423176910377806)	(88.0, 0.0018975692138370748)	(89.0, 0.0)	(90.0, 0.0)	(91.0, 0.0004743923034592687)	(92.0, 0.0004743923034592687)	(93.0, 0.0004743923034592687)	(94.0, 0.0004743923034592687)	(95.0, 0.0009487846069185374)	(96.0, 0.0018975692138370748)	(97.0, 0.001423176910377806)	(98.0, 0.0018975692138370748)	(99.0, 0.006167099944970493)	(100.0, 0.6186075637108843)
STZ_1	(0.0, 0.0)	(1.0, 0.0)	(2.0, 0.0)	(3.0, 0.0)	(4.0, 0.0)	(5.0, 0.0)	(6.0, 0.0)	(7.0, 0.0)	(8.0, 0.0)	(9.0, 0.0)	(10.0, 0.0)	(11.0, 0.0)	(12.0, 0.0)	(13.0, 0.0)	(14.0, 0.0)	(15.0, 0.0)	(16.0, 0.0)	(17.0, 0.0)	(18.0, 0.0)	(19.0, 0.0)	(20.0, 0.0)	(21.0, 0.0)	(22.0, 0.0)	(23.0, 0.0)	(24.0, 0.0)	(25.0, 0.0)	(26.0, 0.0)	(27.0, 0.0)	(28.0, 0.0)	(29.0, 0.0018296029761541745)	(30.0, 0.0006098676587180582)	(31.0, 0.0012197353174361165)	(32.0, 0.0)	(33.0, 0.0)	(34.0, 0.0006098676587180582)	(35.0, 0.0012197353174361165)	(36.0, 0.012807220833079223)	(37.0, 0.01707629444410563)	(38.0, 0.008538147222052815)	(39.0, 0.6062084527657499)	(40.0, 1.5374763676282246)	(41.0, 0.4165396109044337)	(42.0, 8.193571994877113)	(43.0, 6.717082393120692)	(44.0, 2.588278343599439)	(45.0, 0.25004574007440383)	(46.0, 0.014026956150515338)	(47.0, 0.5641275843142038)	(48.0, 0.24882600475696773)	(49.0, 7.819723120082942)	(50.0, 2.0186619503567726)	(51.0, 13.301823504299568)	(52.0, 13.348173446362138)	(53.0, 1.2294931999756054)	(54.0, 0.6141367323290845)	(55.0, 0.17259254741721047)	(56.0, 0.6946392632798682)	(57.0, 3.3335366225529057)	(58.0, 4.795389400500091)	(59.0, 1.362444349576142)	(60.0, 0.07074464841129474)	(61.0, 0.2506556077331219)	(62.0, 6.190766603647009)	(63.0, 20.229920107336707)	(64.0, 2.653534183082271)	(65.0, 0.005488808928462524)	(66.0, 0.003049338293590291)	(67.0, 0.003049338293590291)	(68.0, 0.003659205952308349)	(69.0, 0.008538147222052815)	(70.0, 0.004878941269744466)	(71.0, 0.0006098676587180582)	(72.0, 0.0012197353174361165)	(73.0, 0.0012197353174361165)	(74.0, 0.004269073611026407)	(75.0, 0.0)	(76.0, 0.0012197353174361165)	(77.0, 0.0006098676587180582)	(78.0, 0.0)	(79.0, 0.002439470634872233)	(80.0, 0.03537232420564737)	(81.0, 0.1896688418613161)	(82.0, 0.12319326706104776)	(83.0, 0.03720192718180155)	(84.0, 0.08050253095078368)	(85.0, 0.18478990059157163)	(86.0, 0.03903153015795573)	(87.0, 0.003659205952308349)	(88.0, 0.0)	(89.0, 0.0)	(90.0, 0.0)	(91.0, 0.0)	(92.0, 0.0)	(93.0, 0.0)	(94.0, 0.0)	(95.0, 0.0)	(96.0, 0.0)	(97.0, 0.0)	(98.0, 0.0)	(99.0, 0.0)	(100.0, 0.0)
STZ_2	(0.0, 0.0)	(1.0, 0.0)	(2.0, 0.0)	(3.0, 0.0)	(4.0, 0.0)	(5.0, 0.0)	(6.0, 0.0)	(7.0, 0.0)	(8.0, 0.0)	(9.0, 0.0)	(10.0, 0.0)	(11.0, 0.0)	(12.0, 0.0)	(13.0, 0.0)	(14.0, 0.0)	(15.0, 0.0)	(16.0, 0.0)	(17.0, 0.0)	(18.0, 0.0)	(19.0, 0.0)	(20.0, 0.0)	(21.0, 0.0)	(22.0, 0.0)	(23.0, 0.0)	(24.0, 0.0006033049042655668)	(25.0, 0.0006033049042655668)	(26.0, 0.0006033049042655668)	(27.0, 0.0018099147127966998)	(28.0, 0.0018099147127966998)	(29.0, 0.0012066098085311335)	(30.0, 0.0006033049042655668)	(31.0, 0.0012066098085311335)	(32.0, 0.007842963755452367)	(33.0, 0.012066098085311335)	(34.0, 0.011462793181045768)	(35.0, 0.0126694029895769)	(36.0, 0.022925586362091535)	(37.0, 0.02956194030901277)	(38.0, 0.02413219617062267)	(39.0, 1.289262580415516)	(40.0, 3.4171189777601696)	(41.0, 0.13333038384269025)	(42.0, 2.5308640733940524)	(43.0, 9.074309065058388)	(44.0, 0.5254785716153086)	(45.0, 0.046454477628448634)	(46.0, 0.015685927510904734)	(47.0, 0.24916492546167907)	(48.0, 3.2928381674814626)	(49.0, 3.5136477624426607)	(50.0, 0.2950160981858621)	(51.0, 13.150840303180821)	(52.0, 14.470268128809618)	(53.0, 1.955311194724702)	(54.0, 0.1828013859924667)	(55.0, 0.21658646063133843)	(56.0, 0.6364866740001729)	(57.0, 0.19607409388630917)	(58.0, 4.323282943967051)	(59.0, 1.7725098087322348)	(60.0, 0.6388998936172351)	(61.0, 0.4488588487735816)	(62.0, 0.08928912583130387)	(63.0, 3.618019510880603)	(64.0, 3.517267591868254)	(65.0, 0.072396588511868)	(66.0, 1.3206344354373254)	(67.0, 18.455097021483684)	(68.0, 9.009152135397708)	(69.0, 0.015082622606639166)	(70.0, 0.012066098085311335)	(71.0, 0.007239658851186799)	(72.0, 0.013272707893842467)	(73.0, 0.008446268659717935)	(74.0, 0.010859488276780202)	(75.0, 0.007239658851186799)	(76.0, 0.005429744138390101)	(77.0, 0.006033049042655668)	(78.0, 0.005429744138390101)	(79.0, 0.013876012798108033)	(80.0, 0.26967729220670833)	(81.0, 0.01870245203223257)	(82.0, 0.009652878468249068)	(83.0, 0.2015038380246993)	(84.0, 0.17616503204554548)	(85.0, 0.0018099147127966998)	(86.0, 0.002413219617062267)	(87.0, 0.004223134329858967)	(88.0, 0.0012066098085311335)	(89.0, 0.0012066098085311335)	(90.0, 0.0012066098085311335)	(91.0, 0.0)	(92.0, 0.0006033049042655668)	(93.0, 0.0006033049042655668)	(94.0, 0.0018099147127966998)	(95.0, 0.004223134329858967)	(96.0, 0.002413219617062267)	(97.0, 0.0006033049042655668)	(98.0, 0.002413219617062267)	(99.0, 0.008446268659717935)	(100.0, 0.6000872781094901)
