ASV	QIIME_Taxon_Normalized	QIIME_Confidence	QIIME_Taxon_Original	QIIME_Kingdom	QIIME_Phylum	QIIME_Class	QIIME_Order	QIIME_Family	QIIME_Genus	QIIME_Species	BLAST_Top1_Accession	BLAST_Top1_TaxID	BLAST_Top1_Evalue	BLAST_Top1_Bitscore	BLAST_Top1_Pident	BLAST_Top1_Qcovus	BLAST_Top1_AlignmentLength	BLAST_AmbiguousTopHit	BLAST_SelectionStatus	BLAST_Top1_Kingdom	BLAST_Top1_Phylum	BLAST_Top1_Class	BLAST_Top1_Order	BLAST_Top1_Family	BLAST_Top1_Genus	BLAST_Top1_Species	BLAST_Top2_Accession	BLAST_Top2_Species	BLAST_Top2_Evalue	BLAST_Top2_Bitscore	BLAST_Top2_Pident	BLAST_Top2_Qcovus	BLAST_Top2_AlignmentLength	QIIME_ConfidenceNumeric	QIIME_GenusResolved	QIIME_SpeciesResolved	Reconcile_Mode	Species_Min_Pident	Species_Min_Qcovus	Species_Max_Evalue	BLAST_CutoffPass	BLAST_GenusMatch	Final_Kingdom	Final_Phylum	Final_Class	Final_Order	Final_Family	Final_Genus	Final_Species	Final_Taxon	Replacement_Status	Replacement_Reason
80656d9a953b600388a8d5b3284216b9	k__Fungi; p__Ascomycota; c__Saccharomycetes; o__Saccharomycetales; f__Saccharomycetales_fam_Incertae_sedis; g__Candida; s__Candida_albicans	0.9996976931064251	k__Fungi;p__Ascomycota;c__Saccharomycetes;o__Saccharomycetales;f__Saccharomycetales_fam_Incertae_sedis;g__Candida;s__Candida_albicans;sh__SH1382505.10FU	Fungi	Ascomycota	Saccharomycetes	Saccharomycetales	Saccharomycetales_fam_Incertae_sedis	Candida	Candida_albicans	NR_125332	5476	2.05e-73	271.0	100.0	100	150	False	candidate_available	Eukaryota	Ascomycota	Pichiomycetes	Serinales	Debaryomycetaceae	Candida	Candida_albicans								0.9996976931064251	True	True	species_missing_top1_rescue	99.0	99.0	1e-10	True	True	Fungi	Ascomycota	Saccharomycetes	Saccharomycetales	Saccharomycetales_fam_Incertae_sedis	Candida	Candida_albicans	k__Fungi; p__Ascomycota; c__Saccharomycetes; o__Saccharomycetales; f__Saccharomycetales_fam_Incertae_sedis; g__Candida; s__Candida_albicans	qiime_retained_resolved_species	QIIME/UNITE already had a resolved species-level assignment; BLAST did not overwrite it in species_missing_top1_rescue mode.
6092927047fe7a692354e4fd7c745e4c	k__Fungi; p__Basidiomycota; c__Tremellomycetes; o__Trichosporonales; f__Trichosporonaceae; g__Cutaneotrichosporon; s__Cutaneotrichosporon_mucoides	0.8754459545954456	k__Fungi;p__Basidiomycota;c__Tremellomycetes;o__Trichosporonales;f__Trichosporonaceae;g__Cutaneotrichosporon;s__Cutaneotrichosporon_mucoides;sh__SH1205828.10FU	Fungi	Basidiomycota	Tremellomycetes	Trichosporonales	Trichosporonaceae	Cutaneotrichosporon	Cutaneotrichosporon_mucoides	NR_130667	129132	1.98e-80	295.0	100.0	100	163	False	candidate_available	Eukaryota	Basidiomycota	Tremellomycetes	Trichosporonales	Trichosporonaceae	Cutaneotrichosporon	Cutaneotrichosporon_dermatis								0.8754459545954456	True	True	species_missing_top1_rescue	99.0	99.0	1e-10	True	True	Fungi	Basidiomycota	Tremellomycetes	Trichosporonales	Trichosporonaceae	Cutaneotrichosporon	Cutaneotrichosporon_mucoides	k__Fungi; p__Basidiomycota; c__Tremellomycetes; o__Trichosporonales; f__Trichosporonaceae; g__Cutaneotrichosporon; s__Cutaneotrichosporon_mucoides	qiime_retained_resolved_species	QIIME/UNITE already had a resolved species-level assignment; BLAST did not overwrite it in species_missing_top1_rescue mode.
301628c5f05bcb9636f353d42fcc04c6	k__Fungi; p__Basidiomycota; c__Tremellomycetes; o__Tremellales; f__Cryptococcaceae; g__Cryptococcus; s__Cryptococcus_neoformans	0.9999816034109835	k__Fungi;p__Basidiomycota;c__Tremellomycetes;o__Tremellales;f__Cryptococcaceae;g__Cryptococcus;s__Cryptococcus_neoformans;sh__SH1330342.10FU	Fungi	Basidiomycota	Tremellomycetes	Tremellales	Cryptococcaceae	Cryptococcus	Cryptococcus_neoformans	NR_130682	5207	7.47e-93	336.0	100.0	100	186	True	candidate_available	Eukaryota	Basidiomycota	Tremellomycetes	Tremellales	Cryptococcaceae	Cryptococcus	Cryptococcus_neoformans	NR_165941	Cryptococcus_gattii	7.47e-93	336.0	100.0	100	186	0.9999816034109835	True	True	species_missing_top1_rescue	99.0	99.0	1e-10	True	True	Fungi	Basidiomycota	Tremellomycetes	Tremellales	Cryptococcaceae	Cryptococcus	Cryptococcus_neoformans	k__Fungi; p__Basidiomycota; c__Tremellomycetes; o__Tremellales; f__Cryptococcaceae; g__Cryptococcus; s__Cryptococcus_neoformans	qiime_retained_resolved_species	QIIME/UNITE already had a resolved species-level assignment; BLAST did not overwrite it in species_missing_top1_rescue mode.
2d783fc0a24c9350fd6e4c008ade61f1	k__Fungi; p__Ascomycota; c__Eurotiomycetes; o__Eurotiales; f__Aspergillaceae; g__Penicillium; s__Penicillium_g	0.9998848289167741	k__Fungi;p__Ascomycota;c__Eurotiomycetes;o__Eurotiales;f__Aspergillaceae;g__Penicillium	Fungi	Ascomycota	Eurotiomycetes	Eurotiales	Aspergillaceae	Penicillium	Penicillium_g	NR_077145	5076	1.98e-80	295.0	100.0	100	163	True	candidate_available	Eukaryota	Ascomycota	Eurotiomycetes	Eurotiales	Aspergillaceae	Penicillium	Penicillium_chrysogenum	NR_103695	Penicillium_flavigenum	1.98e-80	295.0	100.0	100	163	0.9998848289167741	True	False	species_missing_top1_rescue	99.0	99.0	1e-10	True	True	Fungi	Ascomycota	Eurotiomycetes	Eurotiales	Aspergillaceae	Penicillium	Penicillium_chrysogenum	k__Fungi; p__Ascomycota; c__Eurotiomycetes; o__Eurotiales; f__Aspergillaceae; g__Penicillium; s__Penicillium_chrysogenum	blast_top1_species_rescued_ambiguous_missing_qiime_species	QIIME/UNITE species was missing or placeholder-like and BLAST top1 species passed cutoffs; top1 was used despite ambiguous top-hit conflict.
d6f3e15b67c356651253d4bfee7bb46f	k__Fungi; p__Ascomycota; c__Saccharomycetes; o__Saccharomycetales; f__Saccharomycetaceae; g__Nakaseomyces; s__Nakaseomyces_glabratus	0.9997567272936798	k__Fungi;p__Ascomycota;c__Saccharomycetes;o__Saccharomycetales;f__Saccharomycetaceae;g__Nakaseomyces;s__Nakaseomyces_glabratus;sh__SH1215233.10FU	Fungi	Ascomycota	Saccharomycetes	Saccharomycetales	Saccharomycetaceae	Nakaseomyces	Nakaseomyces_glabratus	NR_130691	5478	4.29e-116	414.0	100.0	100	229	False	candidate_available	Eukaryota	Ascomycota	Saccharomycetes	Saccharomycetales	Saccharomycetaceae	Nakaseomyces	Nakaseomyces_glabratus								0.9997567272936798	True	True	species_missing_top1_rescue	99.0	99.0	1e-10	True	True	Fungi	Ascomycota	Saccharomycetes	Saccharomycetales	Saccharomycetaceae	Nakaseomyces	Nakaseomyces_glabratus	k__Fungi; p__Ascomycota; c__Saccharomycetes; o__Saccharomycetales; f__Saccharomycetaceae; g__Nakaseomyces; s__Nakaseomyces_glabratus	qiime_retained_resolved_species	QIIME/UNITE already had a resolved species-level assignment; BLAST did not overwrite it in species_missing_top1_rescue mode.
315affd4c31c0bc2a94bf5db590086cd	k__Fungi; p__Ascomycota; c__Saccharomycetes; o__Saccharomycetales; f__Saccharomycetaceae; g__Saccharomyces; s__Saccharomyces_cerevisiae	0.8931383801572788	k__Fungi;p__Ascomycota;c__Saccharomycetes;o__Saccharomycetales;f__Saccharomycetaceae;g__Saccharomyces;s__Saccharomyces_cerevisiae;sh__SH1085902.10FU	Fungi	Ascomycota	Saccharomycetes	Saccharomycetales	Saccharomycetaceae	Saccharomyces	Saccharomyces_cerevisiae	NR_111007	4932	7.86e-113	403.0	99.138	100	232	False	candidate_available	Eukaryota	Ascomycota	Saccharomycetes	Saccharomycetales	Saccharomycetaceae	Saccharomyces	Saccharomyces_cerevisiae								0.8931383801572788	True	True	species_missing_top1_rescue	99.0	99.0	1e-10	True	True	Fungi	Ascomycota	Saccharomycetes	Saccharomycetales	Saccharomycetaceae	Saccharomyces	Saccharomyces_cerevisiae	k__Fungi; p__Ascomycota; c__Saccharomycetes; o__Saccharomycetales; f__Saccharomycetaceae; g__Saccharomyces; s__Saccharomyces_cerevisiae	qiime_retained_resolved_species	QIIME/UNITE already had a resolved species-level assignment; BLAST did not overwrite it in species_missing_top1_rescue mode.
e6042d9d33d4676b7a7d6c7d232be5b0	k__Fungi; p__Ascomycota; c__Eurotiomycetes; o__Eurotiales; f__Aspergillaceae; g__Aspergillus; s__Aspergillus_fumigatus	0.9996156804781894	k__Fungi;p__Ascomycota;c__Eurotiomycetes;o__Eurotiales;f__Aspergillaceae;g__Aspergillus;s__Aspergillus_fumigatus;sh__SH1222513.10FU	Fungi	Ascomycota	Eurotiomycetes	Eurotiales	Aspergillaceae	Aspergillus	Aspergillus_fumigatus	NR_121481	746128	1.65e-81	298.0	100.0	100	165	False	candidate_available	Eukaryota	Ascomycota	Eurotiomycetes	Eurotiales	Aspergillaceae	Aspergillus	Aspergillus_fumigatus								0.9996156804781894	True	True	species_missing_top1_rescue	99.0	99.0	1e-10	True	True	Fungi	Ascomycota	Eurotiomycetes	Eurotiales	Aspergillaceae	Aspergillus	Aspergillus_fumigatus	k__Fungi; p__Ascomycota; c__Eurotiomycetes; o__Eurotiales; f__Aspergillaceae; g__Aspergillus; s__Aspergillus_fumigatus	qiime_retained_resolved_species	QIIME/UNITE already had a resolved species-level assignment; BLAST did not overwrite it in species_missing_top1_rescue mode.
1452b25fcc2cf988fd7ab91920806410	k__Fungi; p__Ascomycota; c__Eurotiomycetes; o__Onygenales; f__Arthrodermataceae; g__Trichophyton; s__Trichophyton_mentagrophytes	0.9976978130842997	k__Fungi;p__Ascomycota;c__Eurotiomycetes;o__Onygenales;f__Arthrodermataceae;g__Trichophyton;s__Trichophyton_mentagrophytes;sh__SH1372247.10FU	Fungi	Ascomycota	Eurotiomycetes	Onygenales	Arthrodermataceae	Trichophyton	Trichophyton_mentagrophytes	NR_144900	101480	1.3000000000000001e-89	325.0	100.0	100	180	False	candidate_available	Eukaryota	Ascomycota	Eurotiomycetes	Onygenales	Arthrodermataceae	Trichophyton	Trichophyton_interdigitale	NR_173767	Trichophyton_indotineae	1.93e-87	319.0	99.441	99	179	0.9976978130842997	True	True	species_missing_top1_rescue	99.0	99.0	1e-10	True	True	Fungi	Ascomycota	Eurotiomycetes	Onygenales	Arthrodermataceae	Trichophyton	Trichophyton_mentagrophytes	k__Fungi; p__Ascomycota; c__Eurotiomycetes; o__Onygenales; f__Arthrodermataceae; g__Trichophyton; s__Trichophyton_mentagrophytes	qiime_retained_resolved_species	QIIME/UNITE already had a resolved species-level assignment; BLAST did not overwrite it in species_missing_top1_rescue mode.
abc7679572c0b1ba3de8661e079cb062	k__Fungi; p__Basidiomycota; c__Tremellomycetes; o__Trichosporonales; f__Trichosporonaceae; g__Cutaneotrichosporon; s__Cutaneotrichosporon_debeurmannianum	0.9974345615659138	k__Fungi;p__Basidiomycota;c__Tremellomycetes;o__Trichosporonales;f__Trichosporonaceae;g__Cutaneotrichosporon;s__Cutaneotrichosporon_debeurmannianum;sh__SH1205817.10FU	Fungi	Basidiomycota	Tremellomycetes	Trichosporonales	Trichosporonaceae	Cutaneotrichosporon	Cutaneotrichosporon_debeurmannianum	NR_154752	129131	1.65e-81	298.0	100.0	100	165	False	candidate_available	Eukaryota	Basidiomycota	Tremellomycetes	Trichosporonales	Trichosporonaceae	Cutaneotrichosporon	Cutaneotrichosporon_debeurmannianum								0.9974345615659138	True	True	species_missing_top1_rescue	99.0	99.0	1e-10	True	True	Fungi	Basidiomycota	Tremellomycetes	Trichosporonales	Trichosporonaceae	Cutaneotrichosporon	Cutaneotrichosporon_debeurmannianum	k__Fungi; p__Basidiomycota; c__Tremellomycetes; o__Trichosporonales; f__Trichosporonaceae; g__Cutaneotrichosporon; s__Cutaneotrichosporon_debeurmannianum	qiime_retained_resolved_species	QIIME/UNITE already had a resolved species-level assignment; BLAST did not overwrite it in species_missing_top1_rescue mode.
e399dc7c0823811b06f9eea10fa4ea6c	k__Fungi; p__Ascomycota; c__Dothideomycetes; o__Cladosporiales; f__Cladosporiaceae; g__Cladosporium; s__Cladosporium_g	0.9262702243264822	k__Fungi;p__Ascomycota;c__Dothideomycetes;o__Cladosporiales;f__Cladosporiaceae;g__Cladosporium	Fungi	Ascomycota	Dothideomycetes	Cladosporiales	Cladosporiaceae	Cladosporium	Cladosporium_g	NR_111530	887084	2.46e-72	268.0	100.0	100	148	True	candidate_available	Eukaryota	Ascomycota	Dothideomycetes	Cladosporiales	Cladosporiaceae	Cladosporium	Cladosporium_angustisporum	NR_111532	Cladosporium_exile	2.46e-72	268.0	100.0	100	148	0.9262702243264822	True	False	species_missing_top1_rescue	99.0	99.0	1e-10	True	True	Fungi	Ascomycota	Dothideomycetes	Cladosporiales	Cladosporiaceae	Cladosporium	Cladosporium_angustisporum	k__Fungi; p__Ascomycota; c__Dothideomycetes; o__Cladosporiales; f__Cladosporiaceae; g__Cladosporium; s__Cladosporium_angustisporum	blast_top1_species_rescued_ambiguous_missing_qiime_species	QIIME/UNITE species was missing or placeholder-like and BLAST top1 species passed cutoffs; top1 was used despite ambiguous top-hit conflict.
fd56d5d2d7ab0969f3ea9d3294133409	k__Fungi; p__Basidiomycota; c__Agaricomycetes; o__Polyporales; f__Irpicaceae; g__Irpex; s__Irpex_hacksungii	0.9897200851436955	k__Fungi;p__Basidiomycota;c__Agaricomycetes;o__Polyporales;f__Irpicaceae;g__Irpex;s__Irpex_hacksungii;sh__SH1080352.10FU	Fungi	Basidiomycota	Agaricomycetes	Polyporales	Irpicaceae	Irpex	Irpex_hacksungii																								0.9897200851436955	True	True	species_missing_top1_rescue	99.0	99.0	1e-10	False	False	Fungi	Basidiomycota	Agaricomycetes	Polyporales	Irpicaceae	Irpex	Irpex_hacksungii	k__Fungi; p__Basidiomycota; c__Agaricomycetes; o__Polyporales; f__Irpicaceae; g__Irpex; s__Irpex_hacksungii	qiime_retained_no_blast_species	No BLAST species-level top hit was available.
5fe8ba6be9294240d26f875ee767f4fe	k__Fungi; p__Ascomycota; c__Saccharomycetes; o__Saccharomycetales; f__Saccharomycetaceae; g__Kazachstania; s__Kazachstania_servazzii	0.996026665199341	k__Fungi;p__Ascomycota;c__Saccharomycetes;o__Saccharomycetales;f__Saccharomycetaceae;g__Kazachstania;s__Kazachstania_servazzii;sh__SH1277533.10FU	Fungi	Ascomycota	Saccharomycetes	Saccharomycetales	Saccharomycetaceae	Kazachstania	Kazachstania_servazzii	NR_138193	27293	1.39e-122	435.0	100.0	100	241	False	candidate_available	Eukaryota	Ascomycota	Saccharomycetes	Saccharomycetales	Saccharomycetaceae	Monosporozyma	Monosporozyma_servazzii								0.996026665199341	True	True	species_missing_top1_rescue	99.0	99.0	1e-10	True	False	Fungi	Ascomycota	Saccharomycetes	Saccharomycetales	Saccharomycetaceae	Kazachstania	Kazachstania_servazzii	k__Fungi; p__Ascomycota; c__Saccharomycetes; o__Saccharomycetales; f__Saccharomycetaceae; g__Kazachstania; s__Kazachstania_servazzii	qiime_retained_resolved_species	QIIME/UNITE already had a resolved species-level assignment; BLAST did not overwrite it in species_missing_top1_rescue mode.
2fac1bc2c61bb76209c62f3be67e15e8	k__Fungi; p__Basidiomycota; c__Agaricomycetes; o__Polyporales; f__Irpicaceae; g__Irpex; s__Irpex_g	0.9986021592904232	k__Fungi;p__Basidiomycota;c__Agaricomycetes;o__Polyporales;f__Irpicaceae;g__Irpex	Fungi	Basidiomycota	Agaricomycetes	Polyporales	Irpicaceae	Irpex	Irpex_g																								0.9986021592904232	True	False	species_missing_top1_rescue	99.0	99.0	1e-10	False	False	Fungi	Basidiomycota	Agaricomycetes	Polyporales	Irpicaceae	Irpex	Irpex_g	k__Fungi; p__Basidiomycota; c__Agaricomycetes; o__Polyporales; f__Irpicaceae; g__Irpex; s__Irpex_g	qiime_retained_no_blast_species	No BLAST species-level top hit was available.
0ed3a8becd603707260c02ce989b1e2d	k__Fungi; p__Ascomycota; c__Saccharomycetes; o__Saccharomycetales; f__Debaryomycetaceae; g__Debaryomyces; s__Debaryomyces_delbrueckii	0.9990095967474525	k__Fungi;p__Ascomycota;c__Saccharomycetes;o__Saccharomycetales;f__Debaryomycetaceae;g__Debaryomyces;s__Debaryomyces_delbrueckii;sh__SH1374157.10FU	Fungi	Ascomycota	Saccharomycetes	Saccharomycetales	Debaryomycetaceae	Debaryomyces	Debaryomyces_delbrueckii	NR_111257	4950	3.07e-131	464.0	100.0	100	257	False	candidate_available	Eukaryota	Ascomycota	Saccharomycetes	Saccharomycetales	Saccharomycetaceae	Torulaspora	Torulaspora_delbrueckii								0.9990095967474525	True	True	species_missing_top1_rescue	99.0	99.0	1e-10	True	False	Fungi	Ascomycota	Saccharomycetes	Saccharomycetales	Debaryomycetaceae	Debaryomyces	Debaryomyces_delbrueckii	k__Fungi; p__Ascomycota; c__Saccharomycetes; o__Saccharomycetales; f__Debaryomycetaceae; g__Debaryomyces; s__Debaryomyces_delbrueckii	qiime_retained_resolved_species	QIIME/UNITE already had a resolved species-level assignment; BLAST did not overwrite it in species_missing_top1_rescue mode.
0d7f1fa221989e0cc733a52a1d979bfa	k__Fungi; p__Ascomycota; c__Ascomycota_p; o__Ascomycota_p; f__Ascomycota_p; g__Ascomycota_p; s__Ascomycota_p	0.9999999718407977	k__Fungi;p__Ascomycota	Fungi	Ascomycota	Ascomycota_p	Ascomycota_p	Ascomycota_p	Ascomycota_p	Ascomycota_p	NR_111530	887084	1.04e-70	263.0	99.324	100	148	True	candidate_available	Eukaryota	Ascomycota	Dothideomycetes	Cladosporiales	Cladosporiaceae	Cladosporium	Cladosporium_angustisporum	NR_111532	Cladosporium_exile	1.04e-70	263.0	99.324	100	148	0.9999999718407977	False	False	species_missing_top1_rescue	99.0	99.0	1e-10	True	False	Fungi	Ascomycota	Dothideomycetes	Cladosporiales	Cladosporiaceae	Cladosporium	Cladosporium_angustisporum	k__Fungi; p__Ascomycota; c__Dothideomycetes; o__Cladosporiales; f__Cladosporiaceae; g__Cladosporium; s__Cladosporium_angustisporum	blast_top1_species_rescued_ambiguous_missing_qiime_species	QIIME/UNITE species was missing or placeholder-like and BLAST top1 species passed cutoffs; top1 was used despite ambiguous top-hit conflict.
ed3e9912ffac4094303328fb6a4ea10c	k__Fungi; p__Ascomycota; c__Sordariomycetes; o__Hypocreales; f__Nectriaceae; g__Fusarium; s__Fusarium_g	0.7700910606590629	k__Fungi;p__Ascomycota;c__Sordariomycetes;o__Hypocreales;f__Nectriaceae;g__Fusarium;s__Fusarium_sp;sh__SH1345010.10FU	Fungi	Ascomycota	Sordariomycetes	Hypocreales	Nectriaceae	Fusarium	Fusarium_g	NR_130690	1328300	1.3999999999999998e-82	303.0	99.412	100	170	False	candidate_available	Eukaryota	Ascomycota	Sordariomycetes	Hypocreales	Nectriaceae	Fusarium	Fusarium_keratoplasticum								0.7700910606590629	True	False	species_missing_top1_rescue	99.0	99.0	1e-10	True	True	Fungi	Ascomycota	Sordariomycetes	Hypocreales	Nectriaceae	Fusarium	Fusarium_keratoplasticum	k__Fungi; p__Ascomycota; c__Sordariomycetes; o__Hypocreales; f__Nectriaceae; g__Fusarium; s__Fusarium_keratoplasticum	blast_top1_species_rescued_missing_qiime_species	QIIME/UNITE species was missing or placeholder-like and BLAST top1 species passed high-confidence cutoffs.
c3b3863baf308516d9bae664ff9843c6	k__Fungi; p__Ascomycota; c__Sordariomycetes; o__Amphisphaeriales; f__Apiosporaceae; g__Nigrospora; s__Nigrospora_g	0.8008672548125	k__Fungi;p__Ascomycota;c__Sordariomycetes;o__Amphisphaeriales;f__Apiosporaceae;g__Nigrospora;s__Nigrospora_sp;sh__SH1391081.10FU	Fungi	Ascomycota	Sordariomycetes	Amphisphaeriales	Apiosporaceae	Nigrospora	Nigrospora_g																								0.8008672548125	True	False	species_missing_top1_rescue	99.0	99.0	1e-10	False	False	Fungi	Ascomycota	Sordariomycetes	Amphisphaeriales	Apiosporaceae	Nigrospora	Nigrospora_g	k__Fungi; p__Ascomycota; c__Sordariomycetes; o__Amphisphaeriales; f__Apiosporaceae; g__Nigrospora; s__Nigrospora_g	qiime_retained_no_blast_species	No BLAST species-level top hit was available.
ef2ebeb91f91b576bbd95b341aed051e	k__Fungi; p__Basidiomycota; c__Agaricomycetes; o__Russulales; f__Peniophoraceae; g__Peniophoraceae_f; s__Peniophoraceae_f	0.9997662241331162	k__Fungi;p__Basidiomycota;c__Agaricomycetes;o__Russulales;f__Peniophoraceae;g__Peniophoraceae_gen_Incertae_sedis;s__Peniophoraceae_sp;sh__SH1054279.10FU	Fungi	Basidiomycota	Agaricomycetes	Russulales	Peniophoraceae	Peniophoraceae_f	Peniophoraceae_f																								0.9997662241331162	False	False	species_missing_top1_rescue	99.0	99.0	1e-10	False	False	Fungi	Basidiomycota	Agaricomycetes	Russulales	Peniophoraceae	Peniophoraceae_f	Peniophoraceae_f	k__Fungi; p__Basidiomycota; c__Agaricomycetes; o__Russulales; f__Peniophoraceae; g__Peniophoraceae_f; s__Peniophoraceae_f	qiime_retained_no_blast_species	No BLAST species-level top hit was available.
e42387237c012c1ed92a8c7f9dd2e2eb	k__Fungi; p__Basidiomycota; c__Agaricomycetes; o__Russulales; f__Stereaceae; g__Stereaceae_f; s__Stereaceae_f	0.9999998576670879	k__Fungi;p__Basidiomycota;c__Agaricomycetes;o__Russulales;f__Stereaceae;g__Stereaceae_gen_Incertae_sedis;s__Stereaceae_sp;sh__SH1075157.10FU	Fungi	Basidiomycota	Agaricomycetes	Russulales	Stereaceae	Stereaceae_f	Stereaceae_f																								0.9999998576670879	False	False	species_missing_top1_rescue	99.0	99.0	1e-10	False	False	Fungi	Basidiomycota	Agaricomycetes	Russulales	Stereaceae	Stereaceae_f	Stereaceae_f	k__Fungi; p__Basidiomycota; c__Agaricomycetes; o__Russulales; f__Stereaceae; g__Stereaceae_f; s__Stereaceae_f	qiime_retained_no_blast_species	No BLAST species-level top hit was available.
921f876dd61c8fdd639a56fbb16d7b6c	k__Fungi; p__Ascomycota; c__Dothideomycetes; o__Pleosporales; f__Didymellaceae; g__Didymellaceae_f; s__Didymellaceae_f	0.9541836835869302	k__Fungi;p__Ascomycota;c__Dothideomycetes;o__Pleosporales;f__Didymellaceae	Fungi	Ascomycota	Dothideomycetes	Pleosporales	Didymellaceae	Didymellaceae_f	Didymellaceae_f	NR_156400	2126488	4.11e-76	280.0	100.0	100	155	True	candidate_available	Eukaryota	Ascomycota	Dothideomycetes	Pleosporales	Didymellaceae	Neodidymella	Neodidymella_thailandicum	NR_158235	Similiphoma_crystallifera	4.11e-76	280.0	100.0	100	155	0.9541836835869302	False	False	species_missing_top1_rescue	99.0	99.0	1e-10	True	False	Fungi	Ascomycota	Dothideomycetes	Pleosporales	Didymellaceae	Neodidymella	Neodidymella_thailandicum	k__Fungi; p__Ascomycota; c__Dothideomycetes; o__Pleosporales; f__Didymellaceae; g__Neodidymella; s__Neodidymella_thailandicum	blast_top1_species_rescued_ambiguous_missing_qiime_species	QIIME/UNITE species was missing or placeholder-like and BLAST top1 species passed cutoffs; top1 was used despite ambiguous top-hit conflict.
f1c57273935879d23965899d63727f74	k__Fungi; p__Ascomycota; c__Eurotiomycetes; o__Eurotiales; f__Aspergillaceae; g__Aspergillus; s__Aspergillus_ruber	0.937495986222762	k__Fungi;p__Ascomycota;c__Eurotiomycetes;o__Eurotiales;f__Aspergillaceae;g__Aspergillus;s__Aspergillus_ruber;sh__SH1232286.10FU	Fungi	Ascomycota	Eurotiomycetes	Eurotiales	Aspergillaceae	Aspergillus	Aspergillus_ruber	NR_111728	1235455	5.71e-81	297.0	100.0	100	164	True	candidate_available	Eukaryota	Ascomycota	Eurotiomycetes	Eurotiales	Aspergillaceae	Aspergillus	Aspergillus_cibarius	NR_131286	Aspergillus_ruber	5.71e-81	297.0	100.0	100	164	0.937495986222762	True	True	species_missing_top1_rescue	99.0	99.0	1e-10	True	True	Fungi	Ascomycota	Eurotiomycetes	Eurotiales	Aspergillaceae	Aspergillus	Aspergillus_ruber	k__Fungi; p__Ascomycota; c__Eurotiomycetes; o__Eurotiales; f__Aspergillaceae; g__Aspergillus; s__Aspergillus_ruber	qiime_retained_resolved_species	QIIME/UNITE already had a resolved species-level assignment; BLAST did not overwrite it in species_missing_top1_rescue mode.
98906e38db8e05a595f3c0efb3021003	k__Fungi; p__Ascomycota; c__Eurotiomycetes; o__Eurotiales; f__Aspergillaceae; g__Penicillium; s__Penicillium_patris-mei	0.9791052019569103	k__Fungi;p__Ascomycota;c__Eurotiomycetes;o__Eurotiales;f__Aspergillaceae;g__Penicillium;s__Penicillium_patris-mei;sh__SH1308047.10FU	Fungi	Ascomycota	Eurotiomycetes	Eurotiales	Aspergillaceae	Penicillium	Penicillium_patris-mei	NR_121299	5074	8.230000000000001e-79	289.0	100.0	100	160	True	candidate_available	Eukaryota	Ascomycota	Eurotiomycetes	Eurotiales	Aspergillaceae	Penicillium	Penicillium_brevicompactum	NR_138315	Penicillium_patris-mei	8.230000000000001e-79	289.0	100.0	100	160	0.9791052019569103	True	True	species_missing_top1_rescue	99.0	99.0	1e-10	True	True	Fungi	Ascomycota	Eurotiomycetes	Eurotiales	Aspergillaceae	Penicillium	Penicillium_patris-mei	k__Fungi; p__Ascomycota; c__Eurotiomycetes; o__Eurotiales; f__Aspergillaceae; g__Penicillium; s__Penicillium_patris-mei	qiime_retained_resolved_species	QIIME/UNITE already had a resolved species-level assignment; BLAST did not overwrite it in species_missing_top1_rescue mode.
558f634792c8b5cee619778f270e8ee0	k__Fungi; p__Ascomycota; c__Saccharomycetes; o__Saccharomycetales; f__Saccharomycetaceae; g__Saccharomyces; s__Saccharomyces_cerevisiae	0.883627075107324	k__Fungi;p__Ascomycota;c__Saccharomycetes;o__Saccharomycetales;f__Saccharomycetaceae;g__Saccharomyces;s__Saccharomyces_cerevisiae;sh__SH1085902.10FU	Fungi	Ascomycota	Saccharomycetes	Saccharomycetales	Saccharomycetaceae	Saccharomyces	Saccharomyces_cerevisiae																								0.883627075107324	True	True	species_missing_top1_rescue	99.0	99.0	1e-10	False	False	Fungi	Ascomycota	Saccharomycetes	Saccharomycetales	Saccharomycetaceae	Saccharomyces	Saccharomyces_cerevisiae	k__Fungi; p__Ascomycota; c__Saccharomycetes; o__Saccharomycetales; f__Saccharomycetaceae; g__Saccharomyces; s__Saccharomyces_cerevisiae	qiime_retained_no_blast_species	No BLAST species-level top hit was available.
37d4a335bf1d51f01582d9471a112681	k__Fungi; p__Basidiomycota; c__Agaricomycetes; o__Polyporales; f__Phanerochaetaceae; g__Bjerkandera; s__Bjerkandera_adusta	0.9999669915996654	k__Fungi;p__Basidiomycota;c__Agaricomycetes;o__Polyporales;f__Phanerochaetaceae;g__Bjerkandera;s__Bjerkandera_adusta;sh__SH1292884.10FU	Fungi	Basidiomycota	Agaricomycetes	Polyporales	Phanerochaetaceae	Bjerkandera	Bjerkandera_adusta																								0.9999669915996654	True	True	species_missing_top1_rescue	99.0	99.0	1e-10	False	False	Fungi	Basidiomycota	Agaricomycetes	Polyporales	Phanerochaetaceae	Bjerkandera	Bjerkandera_adusta	k__Fungi; p__Basidiomycota; c__Agaricomycetes; o__Polyporales; f__Phanerochaetaceae; g__Bjerkandera; s__Bjerkandera_adusta	qiime_retained_no_blast_species	No BLAST species-level top hit was available.
f806a2396402eab6244a8d52e08a9f7e	k__Fungi; p__Mucoromycota; c__Mucoromycetes; o__Mucorales; f__Mucoraceae; g__Mucor; s__Mucor_circinelloides	0.997569535417236	k__Fungi;p__Mucoromycota;c__Mucoromycetes;o__Mucorales;f__Mucoraceae;g__Mucor;s__Mucor_circinelloides	Fungi	Mucoromycota	Mucoromycetes	Mucorales	Mucoraceae	Mucor	Mucor_circinelloides	NR_126116	36080	3.82e-90	328.0	99.457	100	184	False	candidate_available	Eukaryota	Mucoromycota	Mucoromycetes	Mucorales	Mucoraceae	Mucor	Mucor_circinelloides								0.997569535417236	True	True	species_missing_top1_rescue	99.0	99.0	1e-10	True	True	Fungi	Mucoromycota	Mucoromycetes	Mucorales	Mucoraceae	Mucor	Mucor_circinelloides	k__Fungi; p__Mucoromycota; c__Mucoromycetes; o__Mucorales; f__Mucoraceae; g__Mucor; s__Mucor_circinelloides	qiime_retained_resolved_species	QIIME/UNITE already had a resolved species-level assignment; BLAST did not overwrite it in species_missing_top1_rescue mode.
02d4c47b6b2f2c61e8e6fb701b5f4dea	k__Fungi; p__Basidiomycota; c__Tremellomycetes; o__Tremellales; f__Bulleraceae; g__Bullera; s__Bullera_alba	0.9968350121403524	k__Fungi;p__Basidiomycota;c__Tremellomycetes;o__Tremellales;f__Bulleraceae;g__Bullera;s__Bullera_alba;sh__SH1204217.10FU	Fungi	Basidiomycota	Tremellomycetes	Tremellales	Bulleraceae	Bullera	Bullera_alba	NR_111083	157611	8.04e-86	314.0	99.438	100	178	False	candidate_available	Eukaryota	Basidiomycota	Tremellomycetes	Tremellales	Bulleraceae	Bullera	Bullera_alba								0.9968350121403524	True	True	species_missing_top1_rescue	99.0	99.0	1e-10	True	True	Fungi	Basidiomycota	Tremellomycetes	Tremellales	Bulleraceae	Bullera	Bullera_alba	k__Fungi; p__Basidiomycota; c__Tremellomycetes; o__Tremellales; f__Bulleraceae; g__Bullera; s__Bullera_alba	qiime_retained_resolved_species	QIIME/UNITE already had a resolved species-level assignment; BLAST did not overwrite it in species_missing_top1_rescue mode.
2bffa5bd228042e3fc0e3f30f48c6c13	k__Fungi; p__Basidiomycota; c__Agaricomycetes; o__Agaricales; f__Psathyrellaceae; g__Candolleomyces; s__Candolleomyces_subminutisporus	0.9996806252170547	k__Fungi;p__Basidiomycota;c__Agaricomycetes;o__Agaricales;f__Psathyrellaceae;g__Candolleomyces;s__Candolleomyces_subminutisporus;sh__SH1386963.10FU	Fungi	Basidiomycota	Agaricomycetes	Agaricales	Psathyrellaceae	Candolleomyces	Candolleomyces_subminutisporus	NR_173318	2843180	8.510000000000001e-99	356.0	100.0	100	197	False	candidate_available	Eukaryota	Basidiomycota	Agaricomycetes	Agaricales	Psathyrellaceae	Candolleomyces	Candolleomyces_subminutisporus								0.9996806252170547	True	True	species_missing_top1_rescue	99.0	99.0	1e-10	True	True	Fungi	Basidiomycota	Agaricomycetes	Agaricales	Psathyrellaceae	Candolleomyces	Candolleomyces_subminutisporus	k__Fungi; p__Basidiomycota; c__Agaricomycetes; o__Agaricales; f__Psathyrellaceae; g__Candolleomyces; s__Candolleomyces_subminutisporus	qiime_retained_resolved_species	QIIME/UNITE already had a resolved species-level assignment; BLAST did not overwrite it in species_missing_top1_rescue mode.
7904340b100395ea12dbea044726ee08	k__Fungi; p__Fungi_k; c__Fungi_k; o__Fungi_k; f__Fungi_k; g__Fungi_k; s__Fungi_k	0.9996558122911892	k__Fungi;p__Fungi_phy_Incertae_sedis;c__Fungi_cls_Incertae_sedis;o__Fungi_ord_Incertae_sedis;f__Fungi_fam_Incertae_sedis;g__Fungi_gen_Incertae_sedis;s__Fungi_sp;sh__SH1387283.10FU	Fungi	Fungi_k	Fungi_k	Fungi_k	Fungi_k	Fungi_k	Fungi_k																								0.9996558122911892	False	False	species_missing_top1_rescue	99.0	99.0	1e-10	False	False	Fungi	Fungi_k	Fungi_k	Fungi_k	Fungi_k	Fungi_k	Fungi_k	k__Fungi; p__Fungi_k; c__Fungi_k; o__Fungi_k; f__Fungi_k; g__Fungi_k; s__Fungi_k	qiime_retained_no_blast_species	No BLAST species-level top hit was available.
4fe0a80f8c4b0a6cfc9a15c0926fd3f1	k__Fungi; p__Ascomycota; c__Sordariomycetes; o__Diaporthales; f__Gnomoniaceae; g__Ophiognomonia; s__Ophiognomonia_g	0.9779232271713717	k__Fungi;p__Ascomycota;c__Sordariomycetes;o__Diaporthales;f__Gnomoniaceae;g__Ophiognomonia	Fungi	Ascomycota	Sordariomycetes	Diaporthales	Gnomoniaceae	Ophiognomonia	Ophiognomonia_g	NR_119677	1150118	1.48e-75	279.0	99.363	99	157	True	candidate_available	Eukaryota	Ascomycota	Sordariomycetes	Diaporthales	Gnomoniaceae	Ophiognomonia	Ophiognomonia_pseudoischnostyla	NR_120057	Ophiognomonia_asiatica	1.48e-75	279.0	99.363	99	157	0.9779232271713717	True	False	species_missing_top1_rescue	99.0	99.0	1e-10	True	True	Fungi	Ascomycota	Sordariomycetes	Diaporthales	Gnomoniaceae	Ophiognomonia	Ophiognomonia_pseudoischnostyla	k__Fungi; p__Ascomycota; c__Sordariomycetes; o__Diaporthales; f__Gnomoniaceae; g__Ophiognomonia; s__Ophiognomonia_pseudoischnostyla	blast_top1_species_rescued_ambiguous_missing_qiime_species	QIIME/UNITE species was missing or placeholder-like and BLAST top1 species passed cutoffs; top1 was used despite ambiguous top-hit conflict.
4f0eeafcb9177222412728e3822743a3	k__Fungi; p__Basidiomycota; c__Agaricomycetes; o__Polyporales; f__Irpicaceae; g__Irpex; s__Irpex_hacksungii	0.9874400336382287	k__Fungi;p__Basidiomycota;c__Agaricomycetes;o__Polyporales;f__Irpicaceae;g__Irpex;s__Irpex_hacksungii;sh__SH1080352.10FU	Fungi	Basidiomycota	Agaricomycetes	Polyporales	Irpicaceae	Irpex	Irpex_hacksungii																								0.9874400336382287	True	True	species_missing_top1_rescue	99.0	99.0	1e-10	False	False	Fungi	Basidiomycota	Agaricomycetes	Polyporales	Irpicaceae	Irpex	Irpex_hacksungii	k__Fungi; p__Basidiomycota; c__Agaricomycetes; o__Polyporales; f__Irpicaceae; g__Irpex; s__Irpex_hacksungii	qiime_retained_no_blast_species	No BLAST species-level top hit was available.
f4d47d9e9f949ba9f162bbf4faea2866	k__Fungi; p__Fungi_k; c__Fungi_k; o__Fungi_k; f__Fungi_k; g__Fungi_k; s__Fungi_k	1.000000000000011	k__Fungi	Fungi	Fungi_k	Fungi_k	Fungi_k	Fungi_k	Fungi_k	Fungi_k																								1.000000000000011	False	False	species_missing_top1_rescue	99.0	99.0	1e-10	False	False	Fungi	Fungi_k	Fungi_k	Fungi_k	Fungi_k	Fungi_k	Fungi_k	k__Fungi; p__Fungi_k; c__Fungi_k; o__Fungi_k; f__Fungi_k; g__Fungi_k; s__Fungi_k	qiime_retained_no_blast_species	No BLAST species-level top hit was available.
db0a45e1bb8405ca1fe091daa37fd2ec	k__Fungi; p__Basidiomycota; c__Agaricomycetes; o__Russulales; f__Peniophoraceae; g__Peniophoraceae_f; s__Peniophoraceae_f	0.9998682680409262	k__Fungi;p__Basidiomycota;c__Agaricomycetes;o__Russulales;f__Peniophoraceae;g__Peniophoraceae_gen_Incertae_sedis;s__Peniophoraceae_sp;sh__SH1054279.10FU	Fungi	Basidiomycota	Agaricomycetes	Russulales	Peniophoraceae	Peniophoraceae_f	Peniophoraceae_f																								0.9998682680409262	False	False	species_missing_top1_rescue	99.0	99.0	1e-10	False	False	Fungi	Basidiomycota	Agaricomycetes	Russulales	Peniophoraceae	Peniophoraceae_f	Peniophoraceae_f	k__Fungi; p__Basidiomycota; c__Agaricomycetes; o__Russulales; f__Peniophoraceae; g__Peniophoraceae_f; s__Peniophoraceae_f	qiime_retained_no_blast_species	No BLAST species-level top hit was available.
b2c6907b3db766724d2335436d7e33f4	k__Fungi; p__Basidiomycota; c__Agaricomycetes; o__Russulales; f__Peniophoraceae; g__Peniophoraceae_f; s__Peniophoraceae_f	0.9997057580596403	k__Fungi;p__Basidiomycota;c__Agaricomycetes;o__Russulales;f__Peniophoraceae;g__Peniophoraceae_gen_Incertae_sedis;s__Peniophoraceae_sp;sh__SH1054279.10FU	Fungi	Basidiomycota	Agaricomycetes	Russulales	Peniophoraceae	Peniophoraceae_f	Peniophoraceae_f																								0.9997057580596403	False	False	species_missing_top1_rescue	99.0	99.0	1e-10	False	False	Fungi	Basidiomycota	Agaricomycetes	Russulales	Peniophoraceae	Peniophoraceae_f	Peniophoraceae_f	k__Fungi; p__Basidiomycota; c__Agaricomycetes; o__Russulales; f__Peniophoraceae; g__Peniophoraceae_f; s__Peniophoraceae_f	qiime_retained_no_blast_species	No BLAST species-level top hit was available.
0ad03262fa2155cc0cae6071e227df84	k__Fungi; p__Basidiomycota; c__Agaricomycetes; o__Russulales; f__Hericiaceae; g__Hericiaceae_f; s__Hericiaceae_f	0.7015656005681968	k__Fungi;p__Basidiomycota;c__Agaricomycetes;o__Russulales;f__Hericiaceae;g__Hericiaceae_gen_Incertae_sedis;s__Hericiaceae_sp;sh__SH1157887.10FU	Fungi	Basidiomycota	Agaricomycetes	Russulales	Hericiaceae	Hericiaceae_f	Hericiaceae_f																								0.7015656005681968	False	False	species_missing_top1_rescue	99.0	99.0	1e-10	False	False	Fungi	Basidiomycota	Agaricomycetes	Russulales	Hericiaceae	Hericiaceae_f	Hericiaceae_f	k__Fungi; p__Basidiomycota; c__Agaricomycetes; o__Russulales; f__Hericiaceae; g__Hericiaceae_f; s__Hericiaceae_f	qiime_retained_no_blast_species	No BLAST species-level top hit was available.
3f4c30d9dbda2e4629b7ba6a41354eb0	k__Fungi; p__Basidiomycota; c__Agaricomycetes; o__Polyporales; f__Polyporaceae; g__Trametes; s__Trametes_pubescens	0.8777105682783104	k__Fungi;p__Basidiomycota;c__Agaricomycetes;o__Polyporales;f__Polyporaceae;g__Trametes;s__Trametes_pubescens;sh__SH1088835.10FU	Fungi	Basidiomycota	Agaricomycetes	Polyporales	Polyporaceae	Trametes	Trametes_pubescens																								0.8777105682783104	True	True	species_missing_top1_rescue	99.0	99.0	1e-10	False	False	Fungi	Basidiomycota	Agaricomycetes	Polyporales	Polyporaceae	Trametes	Trametes_pubescens	k__Fungi; p__Basidiomycota; c__Agaricomycetes; o__Polyporales; f__Polyporaceae; g__Trametes; s__Trametes_pubescens	qiime_retained_no_blast_species	No BLAST species-level top hit was available.
d2e25b6611bfc517eb12d22c4f1f0ac0	k__Fungi; p__Basidiomycota; c__Agaricomycetes; o__Polyporales; f__Irpicaceae; g__Irpex; s__Irpex_laceratus	0.9325326723509612	k__Fungi;p__Basidiomycota;c__Agaricomycetes;o__Polyporales;f__Irpicaceae;g__Irpex;s__Irpex_laceratus;sh__SH1208023.10FU	Fungi	Basidiomycota	Agaricomycetes	Polyporales	Irpicaceae	Irpex	Irpex_laceratus																								0.9325326723509612	True	True	species_missing_top1_rescue	99.0	99.0	1e-10	False	False	Fungi	Basidiomycota	Agaricomycetes	Polyporales	Irpicaceae	Irpex	Irpex_laceratus	k__Fungi; p__Basidiomycota; c__Agaricomycetes; o__Polyporales; f__Irpicaceae; g__Irpex; s__Irpex_laceratus	qiime_retained_no_blast_species	No BLAST species-level top hit was available.
f9bc2c7d2647a3b4e63ca4b721021da9	k__Fungi; p__Basidiomycota; c__Agaricomycetes; o__Polyporales; f__Polyporaceae; g__Daedaleopsis; s__Daedaleopsis_confragosa	0.9999865804824023	k__Fungi;p__Basidiomycota;c__Agaricomycetes;o__Polyporales;f__Polyporaceae;g__Daedaleopsis;s__Daedaleopsis_confragosa;sh__SH1088853.10FU	Fungi	Basidiomycota	Agaricomycetes	Polyporales	Polyporaceae	Daedaleopsis	Daedaleopsis_confragosa																								0.9999865804824023	True	True	species_missing_top1_rescue	99.0	99.0	1e-10	False	False	Fungi	Basidiomycota	Agaricomycetes	Polyporales	Polyporaceae	Daedaleopsis	Daedaleopsis_confragosa	k__Fungi; p__Basidiomycota; c__Agaricomycetes; o__Polyporales; f__Polyporaceae; g__Daedaleopsis; s__Daedaleopsis_confragosa	qiime_retained_no_blast_species	No BLAST species-level top hit was available.
ff0b3c0f2f9029863279aaec209a64b5	k__Fungi; p__Basidiomycota; c__Exobasidiomycetes; o__Entylomatales; f__Entylomataceae; g__Tilletiopsis; s__Tilletiopsis_washingtonensis	0.9170483515093689	k__Fungi;p__Basidiomycota;c__Exobasidiomycetes;o__Entylomatales;f__Entylomataceae;g__Tilletiopsis;s__Tilletiopsis_washingtonensis;sh__SH1241579.10FU	Fungi	Basidiomycota	Exobasidiomycetes	Entylomatales	Entylomataceae	Tilletiopsis	Tilletiopsis_washingtonensis																								0.9170483515093689	True	True	species_missing_top1_rescue	99.0	99.0	1e-10	False	False	Fungi	Basidiomycota	Exobasidiomycetes	Entylomatales	Entylomataceae	Tilletiopsis	Tilletiopsis_washingtonensis	k__Fungi; p__Basidiomycota; c__Exobasidiomycetes; o__Entylomatales; f__Entylomataceae; g__Tilletiopsis; s__Tilletiopsis_washingtonensis	qiime_retained_no_blast_species	No BLAST species-level top hit was available.
7bb64ea8b4df8344319d79a47d3a8afa	k__Fungi; p__Basidiomycota; c__Agaricomycetes; o__Polyporales; f__Phanerochaetaceae; g__Phanerochaete; s__Phanerochaete_livescens	0.7281202259319874	k__Fungi;p__Basidiomycota;c__Agaricomycetes;o__Polyporales;f__Phanerochaetaceae;g__Phanerochaete;s__Phanerochaete_livescens;sh__SH1412698.10FU	Fungi	Basidiomycota	Agaricomycetes	Polyporales	Phanerochaetaceae	Phanerochaete	Phanerochaete_livescens	NR_155027	1795765	2.04e-100	361.0	100.0	100	200	False	candidate_available	Eukaryota	Basidiomycota	Agaricomycetes	Polyporales	Phanerochaetaceae	Phanerochaete	Phanerochaete_concrescens								0.7281202259319874	True	True	species_missing_top1_rescue	99.0	99.0	1e-10	True	True	Fungi	Basidiomycota	Agaricomycetes	Polyporales	Phanerochaetaceae	Phanerochaete	Phanerochaete_livescens	k__Fungi; p__Basidiomycota; c__Agaricomycetes; o__Polyporales; f__Phanerochaetaceae; g__Phanerochaete; s__Phanerochaete_livescens	qiime_retained_resolved_species	QIIME/UNITE already had a resolved species-level assignment; BLAST did not overwrite it in species_missing_top1_rescue mode.
17586e36e8ab48f597210c14bb4b14a1	k__Fungi; p__Basidiomycota; c__Microbotryomycetes; o__Sporidiobolales; f__Sporidiobolaceae; g__Sporobolomyces; s__Sporobolomyces_g	0.999999960658877	k__Fungi;p__Basidiomycota;c__Microbotryomycetes;o__Sporidiobolales;f__Sporidiobolaceae;g__Sporobolomyces	Fungi	Basidiomycota	Microbotryomycetes	Sporidiobolales	Sporidiobolaceae	Sporobolomyces	Sporobolomyces_g	NR_137660	183961	7.07e-100	360.0	100.0	100	199	False	candidate_available	Eukaryota	Basidiomycota	Microbotryomycetes	Sporidiobolales	Sporidiobolaceae	Sporobolomyces	Sporobolomyces_phaffii	NR_136959	Sporobolomyces_ruberrimus	3.01e-98	355.0	99.497	100	199	0.999999960658877	True	False	species_missing_top1_rescue	99.0	99.0	1e-10	True	True	Fungi	Basidiomycota	Microbotryomycetes	Sporidiobolales	Sporidiobolaceae	Sporobolomyces	Sporobolomyces_phaffii	k__Fungi; p__Basidiomycota; c__Microbotryomycetes; o__Sporidiobolales; f__Sporidiobolaceae; g__Sporobolomyces; s__Sporobolomyces_phaffii	blast_top1_species_rescued_missing_qiime_species	QIIME/UNITE species was missing or placeholder-like and BLAST top1 species passed high-confidence cutoffs.
e10697f67b5d8c5ca3d33e56594068bf	k__Fungi; p__Ascomycota; c__Lecanoromycetes; o__Lecanorales; f__Lecanoraceae; g__Rhizoplaca; s__Rhizoplaca_novomexicana	0.8032150062403757	k__Fungi;p__Ascomycota;c__Lecanoromycetes;o__Lecanorales;f__Lecanoraceae;g__Rhizoplaca;s__Rhizoplaca_novomexicana;sh__SH1199517.10FU	Fungi	Ascomycota	Lecanoromycetes	Lecanorales	Lecanoraceae	Rhizoplaca	Rhizoplaca_novomexicana																								0.8032150062403757	True	True	species_missing_top1_rescue	99.0	99.0	1e-10	False	False	Fungi	Ascomycota	Lecanoromycetes	Lecanorales	Lecanoraceae	Rhizoplaca	Rhizoplaca_novomexicana	k__Fungi; p__Ascomycota; c__Lecanoromycetes; o__Lecanorales; f__Lecanoraceae; g__Rhizoplaca; s__Rhizoplaca_novomexicana	qiime_retained_no_blast_species	No BLAST species-level top hit was available.
6cf8e6273ab065c307d3712ac2dbfe1d	k__Fungi; p__Basidiomycota; c__Agaricomycetes; o__Hymenochaetales; f__Hymenochaetaceae; g__Hymenochaetopsis; s__Hymenochaetopsis_yasudae	0.8863022794200458	k__Fungi;p__Basidiomycota;c__Agaricomycetes;o__Hymenochaetales;f__Hymenochaetaceae;g__Hymenochaetopsis;s__Hymenochaetopsis_yasudae;sh__SH1227205.10FU	Fungi	Basidiomycota	Agaricomycetes	Hymenochaetales	Hymenochaetaceae	Hymenochaetopsis	Hymenochaetopsis_yasudae																								0.8863022794200458	True	True	species_missing_top1_rescue	99.0	99.0	1e-10	False	False	Fungi	Basidiomycota	Agaricomycetes	Hymenochaetales	Hymenochaetaceae	Hymenochaetopsis	Hymenochaetopsis_yasudae	k__Fungi; p__Basidiomycota; c__Agaricomycetes; o__Hymenochaetales; f__Hymenochaetaceae; g__Hymenochaetopsis; s__Hymenochaetopsis_yasudae	qiime_retained_no_blast_species	No BLAST species-level top hit was available.
44289e0d4bb76d7dc0006d54ac820fc1	k__Fungi; p__Basidiomycota; c__Agaricomycetes; o__Polyporales; f__Irpicaceae; g__Irpex; s__Irpex_g	0.9952507971300599	k__Fungi;p__Basidiomycota;c__Agaricomycetes;o__Polyporales;f__Irpicaceae;g__Irpex	Fungi	Basidiomycota	Agaricomycetes	Polyporales	Irpicaceae	Irpex	Irpex_g																								0.9952507971300599	True	False	species_missing_top1_rescue	99.0	99.0	1e-10	False	False	Fungi	Basidiomycota	Agaricomycetes	Polyporales	Irpicaceae	Irpex	Irpex_g	k__Fungi; p__Basidiomycota; c__Agaricomycetes; o__Polyporales; f__Irpicaceae; g__Irpex; s__Irpex_g	qiime_retained_no_blast_species	No BLAST species-level top hit was available.
6a018acae919ab5f0ca6dbedcb3ed281	k__Fungi; p__Basidiomycota; c__Agaricomycetes; o__Polyporales; f__Polyporales_o; g__Polyporales_o; s__Polyporales_o	0.8950711517473525	k__Fungi;p__Basidiomycota;c__Agaricomycetes;o__Polyporales;f__Polyporales_fam_Incertae_sedis;g__Polyporales_gen_Incertae_sedis;s__Polyporales_sp	Fungi	Basidiomycota	Agaricomycetes	Polyporales	Polyporales_o	Polyporales_o	Polyporales_o																								0.8950711517473525	False	False	species_missing_top1_rescue	99.0	99.0	1e-10	False	False	Fungi	Basidiomycota	Agaricomycetes	Polyporales	Polyporales_o	Polyporales_o	Polyporales_o	k__Fungi; p__Basidiomycota; c__Agaricomycetes; o__Polyporales; f__Polyporales_o; g__Polyporales_o; s__Polyporales_o	qiime_retained_no_blast_species	No BLAST species-level top hit was available.
77aef54800f91d2294bac5b9a9010594	k__Fungi; p__Basidiomycota; c__Malasseziomycetes; o__Malasseziales; f__Malasseziaceae; g__Malassezia; s__Malassezia_sympodialis	0.9940138549959926	k__Fungi;p__Basidiomycota;c__Malasseziomycetes;o__Malasseziales;f__Malasseziaceae;g__Malassezia;s__Malassezia_sympodialis;sh__SH1349449.10FU	Fungi	Basidiomycota	Malasseziomycetes	Malasseziales	Malasseziaceae	Malassezia	Malassezia_sympodialis	NR_103583	76777	1.02e-117	419.0	100.0	100	232	False	candidate_available	Eukaryota	Basidiomycota	Malasseziomycetes	Malasseziales	Malasseziaceae	Malassezia	Malassezia_sympodialis								0.9940138549959926	True	True	species_missing_top1_rescue	99.0	99.0	1e-10	True	True	Fungi	Basidiomycota	Malasseziomycetes	Malasseziales	Malasseziaceae	Malassezia	Malassezia_sympodialis	k__Fungi; p__Basidiomycota; c__Malasseziomycetes; o__Malasseziales; f__Malasseziaceae; g__Malassezia; s__Malassezia_sympodialis	qiime_retained_resolved_species	QIIME/UNITE already had a resolved species-level assignment; BLAST did not overwrite it in species_missing_top1_rescue mode.
6b772c4a25b6812808e7bf2169afb415	k__Fungi; p__Basidiomycota; c__Agaricomycetes; o__Agaricales; f__Schizophyllaceae; g__Schizophyllum; s__Schizophyllum_commune	0.9849789796523205	k__Fungi;p__Basidiomycota;c__Agaricomycetes;o__Agaricales;f__Schizophyllaceae;g__Schizophyllum;s__Schizophyllum_commune;sh__SH1149944.10FU	Fungi	Basidiomycota	Agaricomycetes	Agaricales	Schizophyllaceae	Schizophyllum	Schizophyllum_commune																								0.9849789796523205	True	True	species_missing_top1_rescue	99.0	99.0	1e-10	False	False	Fungi	Basidiomycota	Agaricomycetes	Agaricales	Schizophyllaceae	Schizophyllum	Schizophyllum_commune	k__Fungi; p__Basidiomycota; c__Agaricomycetes; o__Agaricales; f__Schizophyllaceae; g__Schizophyllum; s__Schizophyllum_commune	qiime_retained_no_blast_species	No BLAST species-level top hit was available.
2f9d7e8bea9501d87407a5e5a59bf89b	k__Fungi; p__Ascomycota; c__Dothideomycetes; o__Pleosporales; f__Pleosporales_o; g__Pleosporales_o; s__Pleosporales_o	0.9999916508214719	k__Fungi;p__Ascomycota;c__Dothideomycetes;o__Pleosporales	Fungi	Ascomycota	Dothideomycetes	Pleosporales	Pleosporales_o	Pleosporales_o	Pleosporales_o																								0.9999916508214719	False	False	species_missing_top1_rescue	99.0	99.0	1e-10	False	False	Fungi	Ascomycota	Dothideomycetes	Pleosporales	Pleosporales_o	Pleosporales_o	Pleosporales_o	k__Fungi; p__Ascomycota; c__Dothideomycetes; o__Pleosporales; f__Pleosporales_o; g__Pleosporales_o; s__Pleosporales_o	qiime_retained_no_blast_species	No BLAST species-level top hit was available.
aa449544b742da7c9fbfa39c0d3849fe	k__Fungi; p__Basidiomycota; c__Agaricomycetes; o__Trechisporales; f__Hydnodontaceae; g__Sistotremastrum; s__Sistotremastrum_guttuliferum	0.9997579359782196	k__Fungi;p__Basidiomycota;c__Agaricomycetes;o__Trechisporales;f__Hydnodontaceae;g__Sistotremastrum;s__Sistotremastrum_guttuliferum;sh__SH1293774.10FU	Fungi	Basidiomycota	Agaricomycetes	Trechisporales	Hydnodontaceae	Sistotremastrum	Sistotremastrum_guttuliferum	NR_120178	1290441	1.02e-97	352.0	100.0	100	195	False	candidate_available	Eukaryota	Basidiomycota	Agaricomycetes	Trechisporales	unclassified_Trechisporales_family	Sistotremastrum	Sistotremastrum_guttuliferum								0.9997579359782196	True	True	species_missing_top1_rescue	99.0	99.0	1e-10	True	True	Fungi	Basidiomycota	Agaricomycetes	Trechisporales	Hydnodontaceae	Sistotremastrum	Sistotremastrum_guttuliferum	k__Fungi; p__Basidiomycota; c__Agaricomycetes; o__Trechisporales; f__Hydnodontaceae; g__Sistotremastrum; s__Sistotremastrum_guttuliferum	qiime_retained_resolved_species	QIIME/UNITE already had a resolved species-level assignment; BLAST did not overwrite it in species_missing_top1_rescue mode.
2b12210b988a471a2a2e6a89aee198f1	k__Fungi; p__Basidiomycota; c__Agaricomycetes; o__Agaricales; f__Crepidotaceae; g__Crepidotus; s__Crepidotus_g	0.9999996691027218	k__Fungi;p__Basidiomycota;c__Agaricomycetes;o__Agaricales;f__Crepidotaceae;g__Crepidotus	Fungi	Basidiomycota	Agaricomycetes	Agaricales	Crepidotaceae	Crepidotus	Crepidotus_g																								0.9999996691027218	True	False	species_missing_top1_rescue	99.0	99.0	1e-10	False	False	Fungi	Basidiomycota	Agaricomycetes	Agaricales	Crepidotaceae	Crepidotus	Crepidotus_g	k__Fungi; p__Basidiomycota; c__Agaricomycetes; o__Agaricales; f__Crepidotaceae; g__Crepidotus; s__Crepidotus_g	qiime_retained_no_blast_species	No BLAST species-level top hit was available.
c4882dc60b49c95b93e46ef6e32dfc12	k__Fungi; p__Ascomycota; c__Dothideomycetes; o__Pleosporales; f__Pleosporales_o; g__Pleosporales_o; s__Pleosporales_o	0.9174227609940808	k__Fungi;p__Ascomycota;c__Dothideomycetes;o__Pleosporales;f__Pleosporales_fam_Incertae_sedis;g__Pleosporales_gen_Incertae_sedis;s__Pleosporales_sp;sh__SH1411340.10FU	Fungi	Ascomycota	Dothideomycetes	Pleosporales	Pleosporales_o	Pleosporales_o	Pleosporales_o	NR_119840	102000	2.46e-72	268.0	100.0	100	148	True	candidate_available	Eukaryota	Ascomycota	Dothideomycetes	Cladosporiales	Cladosporiaceae	Cladosporium	Cladosporium_colocasiae	NR_119855	Cladosporium_tenuissimum	2.46e-72	268.0	100.0	100	148	0.9174227609940808	False	False	species_missing_top1_rescue	99.0	99.0	1e-10	True	False	Fungi	Ascomycota	Dothideomycetes	Cladosporiales	Cladosporiaceae	Cladosporium	Cladosporium_colocasiae	k__Fungi; p__Ascomycota; c__Dothideomycetes; o__Cladosporiales; f__Cladosporiaceae; g__Cladosporium; s__Cladosporium_colocasiae	blast_top1_species_rescued_ambiguous_missing_qiime_species	QIIME/UNITE species was missing or placeholder-like and BLAST top1 species passed cutoffs; top1 was used despite ambiguous top-hit conflict.
2aa87d0ebccf12b39baf51d91e447b2d	k__Fungi; p__Basidiomycota; c__Agaricomycetes; o__Cantharellales; f__Ceratobasidiaceae; g__Thanatephorus; s__Thanatephorus_g	0.7832403397169811	k__Fungi;p__Basidiomycota;c__Agaricomycetes;o__Cantharellales;f__Ceratobasidiaceae;g__Thanatephorus;s__Thanatephorus_sp	Fungi	Basidiomycota	Agaricomycetes	Cantharellales	Ceratobasidiaceae	Thanatephorus	Thanatephorus_g																								0.7832403397169811	True	False	species_missing_top1_rescue	99.0	99.0	1e-10	False	False	Fungi	Basidiomycota	Agaricomycetes	Cantharellales	Ceratobasidiaceae	Thanatephorus	Thanatephorus_g	k__Fungi; p__Basidiomycota; c__Agaricomycetes; o__Cantharellales; f__Ceratobasidiaceae; g__Thanatephorus; s__Thanatephorus_g	qiime_retained_no_blast_species	No BLAST species-level top hit was available.
b51e89e740a3b7d99fc2112e7b30bc00	k__Fungi; p__Ascomycota; c__Lecanoromycetes; o__Lecanorales; f__Lecanoraceae; g__Rhizoplaca; s__Rhizoplaca_novomexicana	0.8122193285051238	k__Fungi;p__Ascomycota;c__Lecanoromycetes;o__Lecanorales;f__Lecanoraceae;g__Rhizoplaca;s__Rhizoplaca_novomexicana;sh__SH1199517.10FU	Fungi	Ascomycota	Lecanoromycetes	Lecanorales	Lecanoraceae	Rhizoplaca	Rhizoplaca_novomexicana																								0.8122193285051238	True	True	species_missing_top1_rescue	99.0	99.0	1e-10	False	False	Fungi	Ascomycota	Lecanoromycetes	Lecanorales	Lecanoraceae	Rhizoplaca	Rhizoplaca_novomexicana	k__Fungi; p__Ascomycota; c__Lecanoromycetes; o__Lecanorales; f__Lecanoraceae; g__Rhizoplaca; s__Rhizoplaca_novomexicana	qiime_retained_no_blast_species	No BLAST species-level top hit was available.
2a03599d48e1a5883a372e8a8261d445	k__Fungi; p__Ascomycota; c__Sordariomycetes; o__Glomerellales; f__Plectosphaerellaceae; g__Paragibellulopsis; s__Paragibellulopsis_chrysanthemi	0.9880460627529671	k__Fungi;p__Ascomycota;c__Sordariomycetes;o__Glomerellales;f__Plectosphaerellaceae;g__Paragibellulopsis;s__Paragibellulopsis_chrysanthemi	Fungi	Ascomycota	Sordariomycetes	Glomerellales	Plectosphaerellaceae	Paragibellulopsis	Paragibellulopsis_chrysanthemi																								0.9880460627529671	True	True	species_missing_top1_rescue	99.0	99.0	1e-10	False	False	Fungi	Ascomycota	Sordariomycetes	Glomerellales	Plectosphaerellaceae	Paragibellulopsis	Paragibellulopsis_chrysanthemi	k__Fungi; p__Ascomycota; c__Sordariomycetes; o__Glomerellales; f__Plectosphaerellaceae; g__Paragibellulopsis; s__Paragibellulopsis_chrysanthemi	qiime_retained_no_blast_species	No BLAST species-level top hit was available.
590e0069dcd5441f47684045349cd9c2	k__Fungi; p__Basidiomycota; c__Cystobasidiomycetes; o__Cystobasidiales; f__Cystobasidiaceae; g__Cystobasidium; s__Cystobasidium_slooffiae	0.9993237752052642	k__Fungi;p__Basidiomycota;c__Cystobasidiomycetes;o__Cystobasidiales;f__Cystobasidiaceae;g__Cystobasidium;s__Cystobasidium_slooffiae;sh__SH1337768.10FU	Fungi	Basidiomycota	Cystobasidiomycetes	Cystobasidiales	Cystobasidiaceae	Cystobasidium	Cystobasidium_slooffiae	NR_103568	106018	7.19e-100	361.0	99.505	100	202	False	candidate_available	Eukaryota	Basidiomycota	Cystobasidiomycetes	Cystobasidiales	Cystobasidiaceae	Cystobasidium	Cystobasidium_slooffiae								0.9993237752052642	True	True	species_missing_top1_rescue	99.0	99.0	1e-10	True	True	Fungi	Basidiomycota	Cystobasidiomycetes	Cystobasidiales	Cystobasidiaceae	Cystobasidium	Cystobasidium_slooffiae	k__Fungi; p__Basidiomycota; c__Cystobasidiomycetes; o__Cystobasidiales; f__Cystobasidiaceae; g__Cystobasidium; s__Cystobasidium_slooffiae	qiime_retained_resolved_species	QIIME/UNITE already had a resolved species-level assignment; BLAST did not overwrite it in species_missing_top1_rescue mode.
f73a1a510817fc733ace7a6a70e7394e	k__Fungi; p__Basidiomycota; c__Agaricomycetes; o__Polyporales; f__Irpicaceae; g__Irpex; s__Irpex_hacksungii	0.9930778854208135	k__Fungi;p__Basidiomycota;c__Agaricomycetes;o__Polyporales;f__Irpicaceae;g__Irpex;s__Irpex_hacksungii;sh__SH1080352.10FU	Fungi	Basidiomycota	Agaricomycetes	Polyporales	Irpicaceae	Irpex	Irpex_hacksungii																								0.9930778854208135	True	True	species_missing_top1_rescue	99.0	99.0	1e-10	False	False	Fungi	Basidiomycota	Agaricomycetes	Polyporales	Irpicaceae	Irpex	Irpex_hacksungii	k__Fungi; p__Basidiomycota; c__Agaricomycetes; o__Polyporales; f__Irpicaceae; g__Irpex; s__Irpex_hacksungii	qiime_retained_no_blast_species	No BLAST species-level top hit was available.
ee606ee0d5d5f1f998149031ddfd45fc	k__Fungi; p__Basidiomycota; c__Agaricomycetes; o__Polyporales; f__Phanerochaetaceae; g__Phlebiopsis; s__Phlebiopsis_g	0.9999769482028107	k__Fungi;p__Basidiomycota;c__Agaricomycetes;o__Polyporales;f__Phanerochaetaceae;g__Phlebiopsis;s__Phlebiopsis_sp;sh__SH1340676.10FU	Fungi	Basidiomycota	Agaricomycetes	Polyporales	Phanerochaetaceae	Phlebiopsis	Phlebiopsis_g																								0.9999769482028107	True	False	species_missing_top1_rescue	99.0	99.0	1e-10	False	False	Fungi	Basidiomycota	Agaricomycetes	Polyporales	Phanerochaetaceae	Phlebiopsis	Phlebiopsis_g	k__Fungi; p__Basidiomycota; c__Agaricomycetes; o__Polyporales; f__Phanerochaetaceae; g__Phlebiopsis; s__Phlebiopsis_g	qiime_retained_no_blast_species	No BLAST species-level top hit was available.
69d7a7d7c05039ce3b5be70ffacc089f	k__Fungi; p__Ascomycota; c__Sordariomycetes; o__Xylariales; f__Graphostromataceae; g__Biscogniauxia; s__Biscogniauxia_atropunctata	0.9816977968795192	k__Fungi;p__Ascomycota;c__Sordariomycetes;o__Xylariales;f__Graphostromataceae;g__Biscogniauxia;s__Biscogniauxia_atropunctata;sh__SH1376962.10FU	Fungi	Ascomycota	Sordariomycetes	Xylariales	Graphostromataceae	Biscogniauxia	Biscogniauxia_atropunctata																								0.9816977968795192	True	True	species_missing_top1_rescue	99.0	99.0	1e-10	False	False	Fungi	Ascomycota	Sordariomycetes	Xylariales	Graphostromataceae	Biscogniauxia	Biscogniauxia_atropunctata	k__Fungi; p__Ascomycota; c__Sordariomycetes; o__Xylariales; f__Graphostromataceae; g__Biscogniauxia; s__Biscogniauxia_atropunctata	qiime_retained_no_blast_species	No BLAST species-level top hit was available.
ef7cf9848db5544fe03fb7d411336533	k__Fungi; p__Ascomycota; c__Saccharomycetes; o__Saccharomycetales; f__Saccharomycetales_fam_Incertae_sedis; g__Candida; s__Candida_dubliniensis	0.999999999602224	k__Fungi;p__Ascomycota;c__Saccharomycetes;o__Saccharomycetales;f__Saccharomycetales_fam_Incertae_sedis;g__Candida;s__Candida_dubliniensis;sh__SH1382655.10FU	Fungi	Ascomycota	Saccharomycetes	Saccharomycetales	Saccharomycetales_fam_Incertae_sedis	Candida	Candida_dubliniensis	NR_119386	42374	4.11e-76	280.0	100.0	100	155	False	candidate_available	Eukaryota	Ascomycota	Pichiomycetes	Serinales	Debaryomycetaceae	Candida	Candida_dubliniensis								0.999999999602224	True	True	species_missing_top1_rescue	99.0	99.0	1e-10	True	True	Fungi	Ascomycota	Saccharomycetes	Saccharomycetales	Saccharomycetales_fam_Incertae_sedis	Candida	Candida_dubliniensis	k__Fungi; p__Ascomycota; c__Saccharomycetes; o__Saccharomycetales; f__Saccharomycetales_fam_Incertae_sedis; g__Candida; s__Candida_dubliniensis	qiime_retained_resolved_species	QIIME/UNITE already had a resolved species-level assignment; BLAST did not overwrite it in species_missing_top1_rescue mode.
206ac16e519bcdd9dd9f8a782ddfd8df	k__Fungi; p__Basidiomycota; c__Agaricomycetes; o__Agaricales; f__Schizophyllaceae; g__Schizophyllum; s__Schizophyllum_commune	0.9798994810493528	k__Fungi;p__Basidiomycota;c__Agaricomycetes;o__Agaricales;f__Schizophyllaceae;g__Schizophyllum;s__Schizophyllum_commune;sh__SH1149944.10FU	Fungi	Basidiomycota	Agaricomycetes	Agaricales	Schizophyllaceae	Schizophyllum	Schizophyllum_commune																								0.9798994810493528	True	True	species_missing_top1_rescue	99.0	99.0	1e-10	False	False	Fungi	Basidiomycota	Agaricomycetes	Agaricales	Schizophyllaceae	Schizophyllum	Schizophyllum_commune	k__Fungi; p__Basidiomycota; c__Agaricomycetes; o__Agaricales; f__Schizophyllaceae; g__Schizophyllum; s__Schizophyllum_commune	qiime_retained_no_blast_species	No BLAST species-level top hit was available.
da93059e7d874e588773916cbcb5cebf	k__Fungi; p__Basidiomycota; c__Tremellomycetes; o__Cystofilobasidiales; f__Mrakiaceae; g__Udeniomyces; s__Udeniomyces_pyricola	0.9450025514919366	k__Fungi;p__Basidiomycota;c__Tremellomycetes;o__Cystofilobasidiales;f__Mrakiaceae;g__Udeniomyces;s__Udeniomyces_pyricola;sh__SH1356852.10FU	Fungi	Basidiomycota	Tremellomycetes	Cystofilobasidiales	Mrakiaceae	Udeniomyces	Udeniomyces_pyricola																								0.9450025514919366	True	True	species_missing_top1_rescue	99.0	99.0	1e-10	False	False	Fungi	Basidiomycota	Tremellomycetes	Cystofilobasidiales	Mrakiaceae	Udeniomyces	Udeniomyces_pyricola	k__Fungi; p__Basidiomycota; c__Tremellomycetes; o__Cystofilobasidiales; f__Mrakiaceae; g__Udeniomyces; s__Udeniomyces_pyricola	qiime_retained_no_blast_species	No BLAST species-level top hit was available.
8e98c860323a68e9904cf3320be00300	k__Fungi; p__Mucoromycota; c__Mucoromycetes; o__Mucorales; f__Mucoraceae; g__Mucor; s__Mucor_nidicola	0.9984015687880793	k__Fungi;p__Mucoromycota;c__Mucoromycetes;o__Mucorales;f__Mucoraceae;g__Mucor;s__Mucor_nidicola;sh__SH1407096.10FU	Fungi	Mucoromycota	Mucoromycetes	Mucorales	Mucoraceae	Mucor	Mucor_nidicola																								0.9984015687880793	True	True	species_missing_top1_rescue	99.0	99.0	1e-10	False	False	Fungi	Mucoromycota	Mucoromycetes	Mucorales	Mucoraceae	Mucor	Mucor_nidicola	k__Fungi; p__Mucoromycota; c__Mucoromycetes; o__Mucorales; f__Mucoraceae; g__Mucor; s__Mucor_nidicola	qiime_retained_no_blast_species	No BLAST species-level top hit was available.
5c3158d98ae7185c37026511e5dbdb2c	k__Fungi; p__Ascomycota; c__Eurotiomycetes; o__Eurotiales; f__Aspergillaceae; g__Penicillium; s__Penicillium_sclerotiorum	0.9137206314083759	k__Fungi;p__Ascomycota;c__Eurotiomycetes;o__Eurotiales;f__Aspergillaceae;g__Penicillium;s__Penicillium_sclerotiorum;sh__SH1354418.10FU	Fungi	Ascomycota	Eurotiomycetes	Eurotiales	Aspergillaceae	Penicillium	Penicillium_sclerotiorum	NR_153273	2029262	2.85e-78	288.0	100.0	100	159	False	candidate_available	Eukaryota	Ascomycota	Eurotiomycetes	Eurotiales	Aspergillaceae	Penicillium	Penicillium_exsudans								0.9137206314083759	True	True	species_missing_top1_rescue	99.0	99.0	1e-10	True	True	Fungi	Ascomycota	Eurotiomycetes	Eurotiales	Aspergillaceae	Penicillium	Penicillium_sclerotiorum	k__Fungi; p__Ascomycota; c__Eurotiomycetes; o__Eurotiales; f__Aspergillaceae; g__Penicillium; s__Penicillium_sclerotiorum	qiime_retained_resolved_species	QIIME/UNITE already had a resolved species-level assignment; BLAST did not overwrite it in species_missing_top1_rescue mode.
2e3204476045187561769297cb5deb63	k__Fungi; p__Basidiomycota; c__Agaricomycetes; o__Polyporales; f__Steccherinaceae; g__Steccherinum; s__Steccherinum_tenuissimum	0.9925971341203059	k__Fungi;p__Basidiomycota;c__Agaricomycetes;o__Polyporales;f__Steccherinaceae;g__Steccherinum;s__Steccherinum_tenuissimum;sh__SH1187344.10FU	Fungi	Basidiomycota	Agaricomycetes	Polyporales	Steccherinaceae	Steccherinum	Steccherinum_tenuissimum																								0.9925971341203059	True	True	species_missing_top1_rescue	99.0	99.0	1e-10	False	False	Fungi	Basidiomycota	Agaricomycetes	Polyporales	Steccherinaceae	Steccherinum	Steccherinum_tenuissimum	k__Fungi; p__Basidiomycota; c__Agaricomycetes; o__Polyporales; f__Steccherinaceae; g__Steccherinum; s__Steccherinum_tenuissimum	qiime_retained_no_blast_species	No BLAST species-level top hit was available.
ae02184daf687a68ede894e742c6be8e	k__Fungi; p__Basidiomycota; c__Agaricomycetes; o__Hymenochaetales; f__Schizoporaceae; g__Xylodon; s__Xylodon_flaviporus	0.9649262868765931	k__Fungi;p__Basidiomycota;c__Agaricomycetes;o__Hymenochaetales;f__Schizoporaceae;g__Xylodon;s__Xylodon_flaviporus;sh__SH1386323.10FU	Fungi	Basidiomycota	Agaricomycetes	Hymenochaetales	Schizoporaceae	Xylodon	Xylodon_flaviporus																								0.9649262868765931	True	True	species_missing_top1_rescue	99.0	99.0	1e-10	False	False	Fungi	Basidiomycota	Agaricomycetes	Hymenochaetales	Schizoporaceae	Xylodon	Xylodon_flaviporus	k__Fungi; p__Basidiomycota; c__Agaricomycetes; o__Hymenochaetales; f__Schizoporaceae; g__Xylodon; s__Xylodon_flaviporus	qiime_retained_no_blast_species	No BLAST species-level top hit was available.
84b9d21cc143333232f36f500ea60299	k__Fungi; p__Basidiomycota; c__Agaricomycetes; o__Atheliales; f__Atheliales_o; g__Atheliales_o; s__Atheliales_o	0.9999999999911758	k__Fungi;p__Basidiomycota;c__Agaricomycetes;o__Atheliales	Fungi	Basidiomycota	Agaricomycetes	Atheliales	Atheliales_o	Atheliales_o	Atheliales_o																								0.9999999999911758	False	False	species_missing_top1_rescue	99.0	99.0	1e-10	False	False	Fungi	Basidiomycota	Agaricomycetes	Atheliales	Atheliales_o	Atheliales_o	Atheliales_o	k__Fungi; p__Basidiomycota; c__Agaricomycetes; o__Atheliales; f__Atheliales_o; g__Atheliales_o; s__Atheliales_o	qiime_retained_no_blast_species	No BLAST species-level top hit was available.
2d5f90f732790862f85983cf328a51bf	k__Fungi; p__Basidiomycota; c__Agaricomycetes; o__Russulales; f__Peniophoraceae; g__Peniophoraceae_f; s__Peniophoraceae_f	0.9998641107697689	k__Fungi;p__Basidiomycota;c__Agaricomycetes;o__Russulales;f__Peniophoraceae;g__Peniophoraceae_gen_Incertae_sedis;s__Peniophoraceae_sp;sh__SH1054279.10FU	Fungi	Basidiomycota	Agaricomycetes	Russulales	Peniophoraceae	Peniophoraceae_f	Peniophoraceae_f																								0.9998641107697689	False	False	species_missing_top1_rescue	99.0	99.0	1e-10	False	False	Fungi	Basidiomycota	Agaricomycetes	Russulales	Peniophoraceae	Peniophoraceae_f	Peniophoraceae_f	k__Fungi; p__Basidiomycota; c__Agaricomycetes; o__Russulales; f__Peniophoraceae; g__Peniophoraceae_f; s__Peniophoraceae_f	qiime_retained_no_blast_species	No BLAST species-level top hit was available.
3f1585818ee2ca5d837a80074f225019	k__Fungi; p__Basidiomycota; c__Agaricomycetes; o__Polyporales; f__Irpicaceae; g__Ceriporia; s__Ceriporia_nanlingensis	0.9999974645629832	k__Fungi;p__Basidiomycota;c__Agaricomycetes;o__Polyporales;f__Irpicaceae;g__Ceriporia;s__Ceriporia_nanlingensis;sh__SH1290617.10FU	Fungi	Basidiomycota	Agaricomycetes	Polyporales	Irpicaceae	Ceriporia	Ceriporia_nanlingensis																								0.9999974645629832	True	True	species_missing_top1_rescue	99.0	99.0	1e-10	False	False	Fungi	Basidiomycota	Agaricomycetes	Polyporales	Irpicaceae	Ceriporia	Ceriporia_nanlingensis	k__Fungi; p__Basidiomycota; c__Agaricomycetes; o__Polyporales; f__Irpicaceae; g__Ceriporia; s__Ceriporia_nanlingensis	qiime_retained_no_blast_species	No BLAST species-level top hit was available.
dde3d9f44829488859e6425ff6f8dcd5	k__Fungi; p__Basidiomycota; c__Microbotryomycetes; o__Sporidiobolales; f__Sporidiobolaceae; g__Sporobolomyces; s__Sporobolomyces_carnicolor	0.9950279157464658	k__Fungi;p__Basidiomycota;c__Microbotryomycetes;o__Sporidiobolales;f__Sporidiobolaceae;g__Sporobolomyces;s__Sporobolomyces_carnicolor;sh__SH1273262.10FU	Fungi	Basidiomycota	Microbotryomycetes	Sporidiobolales	Sporidiobolaceae	Sporobolomyces	Sporobolomyces_carnicolor	NR_137659	183959	3.01e-98	355.0	99.497	100	199	False	candidate_available	Eukaryota	Basidiomycota	Microbotryomycetes	Sporidiobolales	Sporidiobolaceae	Sporobolomyces	Sporobolomyces_carnicolor								0.9950279157464658	True	True	species_missing_top1_rescue	99.0	99.0	1e-10	True	True	Fungi	Basidiomycota	Microbotryomycetes	Sporidiobolales	Sporidiobolaceae	Sporobolomyces	Sporobolomyces_carnicolor	k__Fungi; p__Basidiomycota; c__Microbotryomycetes; o__Sporidiobolales; f__Sporidiobolaceae; g__Sporobolomyces; s__Sporobolomyces_carnicolor	qiime_retained_resolved_species	QIIME/UNITE already had a resolved species-level assignment; BLAST did not overwrite it in species_missing_top1_rescue mode.
6f1091e7efe7bc87c06bbea6642f1003	k__Fungi; p__Basidiomycota; c__Agaricomycetes; o__Polyporales; f__Polyporaceae; g__Trametes; s__Trametes_hirsuta	0.8909605211030374	k__Fungi;p__Basidiomycota;c__Agaricomycetes;o__Polyporales;f__Polyporaceae;g__Trametes;s__Trametes_hirsuta;sh__SH1240572.10FU	Fungi	Basidiomycota	Agaricomycetes	Polyporales	Polyporaceae	Trametes	Trametes_hirsuta																								0.8909605211030374	True	True	species_missing_top1_rescue	99.0	99.0	1e-10	False	False	Fungi	Basidiomycota	Agaricomycetes	Polyporales	Polyporaceae	Trametes	Trametes_hirsuta	k__Fungi; p__Basidiomycota; c__Agaricomycetes; o__Polyporales; f__Polyporaceae; g__Trametes; s__Trametes_hirsuta	qiime_retained_no_blast_species	No BLAST species-level top hit was available.
2502cb3a6108ac2eaa7d36cba4a08694	k__Fungi; p__Ascomycota; c__Sordariomycetes; o__Hypocreales; f__Sarocladiaceae; g__Sarocladium; s__Sarocladium_zeae	0.9999886719813992	k__Fungi;p__Ascomycota;c__Sordariomycetes;o__Hypocreales;f__Sarocladiaceae;g__Sarocladium;s__Sarocladium_zeae;sh__SH1083619.10FU	Fungi	Ascomycota	Sordariomycetes	Hypocreales	Sarocladiaceae	Sarocladium	Sarocladium_zeae	NR_130685	1036732	1.37e-82	302.0	100.0	100	167	False	candidate_available	Eukaryota	Ascomycota	Sordariomycetes	Hypocreales	Sarocladiaceae	Sarocladium	Sarocladium_zeae								0.9999886719813992	True	True	species_missing_top1_rescue	99.0	99.0	1e-10	True	True	Fungi	Ascomycota	Sordariomycetes	Hypocreales	Sarocladiaceae	Sarocladium	Sarocladium_zeae	k__Fungi; p__Ascomycota; c__Sordariomycetes; o__Hypocreales; f__Sarocladiaceae; g__Sarocladium; s__Sarocladium_zeae	qiime_retained_resolved_species	QIIME/UNITE already had a resolved species-level assignment; BLAST did not overwrite it in species_missing_top1_rescue mode.
86033a0f68bf17feb67d641dd08a5e3b	k__Fungi; p__Basidiomycota; c__Agaricomycetes; o__Hymenochaetales; f__Hymenochaetaceae; g__Fuscoporia; s__Fuscoporia_karsteniana	0.999987607859085	k__Fungi;p__Basidiomycota;c__Agaricomycetes;o__Hymenochaetales;f__Hymenochaetaceae;g__Fuscoporia;s__Fuscoporia_karsteniana;sh__SH1219095.10FU	Fungi	Basidiomycota	Agaricomycetes	Hymenochaetales	Hymenochaetaceae	Fuscoporia	Fuscoporia_karsteniana	NR_189881	2942256	2.61e-112	401.0	100.0	100	222	False	candidate_available	Eukaryota	Basidiomycota	Agaricomycetes	Hymenochaetales	Hymenochaetaceae	Fuscoporia	Fuscoporia_gilvoides								0.999987607859085	True	True	species_missing_top1_rescue	99.0	99.0	1e-10	True	True	Fungi	Basidiomycota	Agaricomycetes	Hymenochaetales	Hymenochaetaceae	Fuscoporia	Fuscoporia_karsteniana	k__Fungi; p__Basidiomycota; c__Agaricomycetes; o__Hymenochaetales; f__Hymenochaetaceae; g__Fuscoporia; s__Fuscoporia_karsteniana	qiime_retained_resolved_species	QIIME/UNITE already had a resolved species-level assignment; BLAST did not overwrite it in species_missing_top1_rescue mode.
f8d2f35ec8aba3368cfa9bdc9dc84831	k__Fungi; p__Basidiomycota; c__Agaricomycetes; o__Polyporales; f__Irpicaceae; g__Irpex; s__Irpex_hacksungii	0.9896527642534503	k__Fungi;p__Basidiomycota;c__Agaricomycetes;o__Polyporales;f__Irpicaceae;g__Irpex;s__Irpex_hacksungii;sh__SH1080352.10FU	Fungi	Basidiomycota	Agaricomycetes	Polyporales	Irpicaceae	Irpex	Irpex_hacksungii																								0.9896527642534503	True	True	species_missing_top1_rescue	99.0	99.0	1e-10	False	False	Fungi	Basidiomycota	Agaricomycetes	Polyporales	Irpicaceae	Irpex	Irpex_hacksungii	k__Fungi; p__Basidiomycota; c__Agaricomycetes; o__Polyporales; f__Irpicaceae; g__Irpex; s__Irpex_hacksungii	qiime_retained_no_blast_species	No BLAST species-level top hit was available.
44a05b01f5f5bea58a5e3a13e14d59fc	k__Fungi; p__Ascomycota; c__Eurotiomycetes; o__Eurotiales; f__Aspergillaceae; g__Penicillium; s__Penicillium_citrinum	0.9409663038172701	k__Fungi;p__Ascomycota;c__Eurotiomycetes;o__Eurotiales;f__Aspergillaceae;g__Penicillium;s__Penicillium_citrinum;sh__SH1095359.10FU	Fungi	Ascomycota	Eurotiomycetes	Eurotiales	Aspergillaceae	Penicillium	Penicillium_citrinum																								0.9409663038172701	True	True	species_missing_top1_rescue	99.0	99.0	1e-10	False	False	Fungi	Ascomycota	Eurotiomycetes	Eurotiales	Aspergillaceae	Penicillium	Penicillium_citrinum	k__Fungi; p__Ascomycota; c__Eurotiomycetes; o__Eurotiales; f__Aspergillaceae; g__Penicillium; s__Penicillium_citrinum	qiime_retained_no_blast_species	No BLAST species-level top hit was available.
8b51ec7a91f7832c1606fd6ce117a808	k__Fungi; p__Basidiomycota; c__Agaricomycetes; o__Agaricales; f__Psathyrellaceae; g__Coprinopsis; s__Coprinopsis_g	0.9999895286672951	k__Fungi;p__Basidiomycota;c__Agaricomycetes;o__Agaricales;f__Psathyrellaceae;g__Coprinopsis	Fungi	Basidiomycota	Agaricomycetes	Agaricales	Psathyrellaceae	Coprinopsis	Coprinopsis_g																								0.9999895286672951	True	False	species_missing_top1_rescue	99.0	99.0	1e-10	False	False	Fungi	Basidiomycota	Agaricomycetes	Agaricales	Psathyrellaceae	Coprinopsis	Coprinopsis_g	k__Fungi; p__Basidiomycota; c__Agaricomycetes; o__Agaricales; f__Psathyrellaceae; g__Coprinopsis; s__Coprinopsis_g	qiime_retained_no_blast_species	No BLAST species-level top hit was available.
98668f2433cc3fdfcf3c34e11d1ba521	k__Fungi; p__Ascomycota; c__Leotiomycetes; o__Helotiales; f__Helotiales_o; g__Helotiales_o; s__Helotiales_o	0.9995304866879074	k__Fungi;p__Ascomycota;c__Leotiomycetes;o__Helotiales;f__Helotiales_fam_Incertae_sedis;g__Helotiales_gen_Incertae_sedis;s__Helotiales_sp;sh__SH1208951.10FU	Fungi	Ascomycota	Leotiomycetes	Helotiales	Helotiales_o	Helotiales_o	Helotiales_o																								0.9995304866879074	False	False	species_missing_top1_rescue	99.0	99.0	1e-10	False	False	Fungi	Ascomycota	Leotiomycetes	Helotiales	Helotiales_o	Helotiales_o	Helotiales_o	k__Fungi; p__Ascomycota; c__Leotiomycetes; o__Helotiales; f__Helotiales_o; g__Helotiales_o; s__Helotiales_o	qiime_retained_no_blast_species	No BLAST species-level top hit was available.
91ed5a72b201f13a385a89abeee5e191	k__Fungi; p__Ascomycota; c__Eurotiomycetes; o__Eurotiales; f__Trichocomaceae; g__Talaromyces; s__Talaromyces_g	0.9977143092827041	k__Fungi;p__Ascomycota;c__Eurotiomycetes;o__Eurotiales;f__Trichocomaceae;g__Talaromyces	Fungi	Ascomycota	Eurotiomycetes	Eurotiales	Trichocomaceae	Talaromyces	Talaromyces_g																								0.9977143092827041	True	False	species_missing_top1_rescue	99.0	99.0	1e-10	False	False	Fungi	Ascomycota	Eurotiomycetes	Eurotiales	Trichocomaceae	Talaromyces	Talaromyces_g	k__Fungi; p__Ascomycota; c__Eurotiomycetes; o__Eurotiales; f__Trichocomaceae; g__Talaromyces; s__Talaromyces_g	qiime_retained_no_blast_species	No BLAST species-level top hit was available.
70b3cf507c15b1c220effff995cdd1ca	k__Fungi; p__Basidiomycota; c__Tremellomycetes; o__Cystofilobasidiales; f__Mrakiaceae; g__Udeniomyces; s__Udeniomyces_pyricola	0.9141359935614146	k__Fungi;p__Basidiomycota;c__Tremellomycetes;o__Cystofilobasidiales;f__Mrakiaceae;g__Udeniomyces;s__Udeniomyces_pyricola;sh__SH1356852.10FU	Fungi	Basidiomycota	Tremellomycetes	Cystofilobasidiales	Mrakiaceae	Udeniomyces	Udeniomyces_pyricola																								0.9141359935614146	True	True	species_missing_top1_rescue	99.0	99.0	1e-10	False	False	Fungi	Basidiomycota	Tremellomycetes	Cystofilobasidiales	Mrakiaceae	Udeniomyces	Udeniomyces_pyricola	k__Fungi; p__Basidiomycota; c__Tremellomycetes; o__Cystofilobasidiales; f__Mrakiaceae; g__Udeniomyces; s__Udeniomyces_pyricola	qiime_retained_no_blast_species	No BLAST species-level top hit was available.
54f44042aa65835826eb2207758c96d9	k__Fungi; p__Ascomycota; c__Eurotiomycetes; o__Eurotiales; f__Aspergillaceae; g__Penicillium; s__Penicillium_sumatraense	0.7147145253488287	k__Fungi;p__Ascomycota;c__Eurotiomycetes;o__Eurotiales;f__Aspergillaceae;g__Penicillium;s__Penicillium_sumatraense	Fungi	Ascomycota	Eurotiomycetes	Eurotiales	Aspergillaceae	Penicillium	Penicillium_sumatraense	NR_119812	70558	4.92e-82	301.0	99.415	100	171	True	candidate_available	Eukaryota	Ascomycota	Eurotiomycetes	Eurotiales	Aspergillaceae	Penicillium	Penicillium_sumatraense	NR_153214	Penicillium_meleagrinum	4.92e-82	301.0	99.415	100	171	0.7147145253488287	True	True	species_missing_top1_rescue	99.0	99.0	1e-10	True	True	Fungi	Ascomycota	Eurotiomycetes	Eurotiales	Aspergillaceae	Penicillium	Penicillium_sumatraense	k__Fungi; p__Ascomycota; c__Eurotiomycetes; o__Eurotiales; f__Aspergillaceae; g__Penicillium; s__Penicillium_sumatraense	qiime_retained_resolved_species	QIIME/UNITE already had a resolved species-level assignment; BLAST did not overwrite it in species_missing_top1_rescue mode.
b4d73ceb6dbaecaf84dd2dcf34566fbc	k__Fungi; p__Basidiomycota; c__Agaricomycetes; o__Polyporales; f__Irpicaceae; g__Ceriporia; s__Ceriporia_nanlingensis	0.9999978389702919	k__Fungi;p__Basidiomycota;c__Agaricomycetes;o__Polyporales;f__Irpicaceae;g__Ceriporia;s__Ceriporia_nanlingensis;sh__SH1290617.10FU	Fungi	Basidiomycota	Agaricomycetes	Polyporales	Irpicaceae	Ceriporia	Ceriporia_nanlingensis																								0.9999978389702919	True	True	species_missing_top1_rescue	99.0	99.0	1e-10	False	False	Fungi	Basidiomycota	Agaricomycetes	Polyporales	Irpicaceae	Ceriporia	Ceriporia_nanlingensis	k__Fungi; p__Basidiomycota; c__Agaricomycetes; o__Polyporales; f__Irpicaceae; g__Ceriporia; s__Ceriporia_nanlingensis	qiime_retained_no_blast_species	No BLAST species-level top hit was available.
0ba4b040a2a556ef91e5ec66381abfaf	k__Fungi; p__Basidiomycota; c__Agaricomycetes; o__Russulales; f__Peniophoraceae; g__Peniophoraceae_f; s__Peniophoraceae_f	0.9998139961207966	k__Fungi;p__Basidiomycota;c__Agaricomycetes;o__Russulales;f__Peniophoraceae;g__Peniophoraceae_gen_Incertae_sedis;s__Peniophoraceae_sp;sh__SH1054279.10FU	Fungi	Basidiomycota	Agaricomycetes	Russulales	Peniophoraceae	Peniophoraceae_f	Peniophoraceae_f																								0.9998139961207966	False	False	species_missing_top1_rescue	99.0	99.0	1e-10	False	False	Fungi	Basidiomycota	Agaricomycetes	Russulales	Peniophoraceae	Peniophoraceae_f	Peniophoraceae_f	k__Fungi; p__Basidiomycota; c__Agaricomycetes; o__Russulales; f__Peniophoraceae; g__Peniophoraceae_f; s__Peniophoraceae_f	qiime_retained_no_blast_species	No BLAST species-level top hit was available.
492e37f87b8dabd8e27df1474005bc0d	k__Fungi; p__Basidiomycota; c__Agaricomycetes; o__Boletales; f__Suillaceae; g__Suillus; s__Suillus_viscidus	0.7477431219630561	k__Fungi;p__Basidiomycota;c__Agaricomycetes;o__Boletales;f__Suillaceae;g__Suillus;s__Suillus_viscidus;sh__SH1315290.10FU	Fungi	Basidiomycota	Agaricomycetes	Boletales	Suillaceae	Suillus	Suillus_viscidus																								0.7477431219630561	True	True	species_missing_top1_rescue	99.0	99.0	1e-10	False	False	Fungi	Basidiomycota	Agaricomycetes	Boletales	Suillaceae	Suillus	Suillus_viscidus	k__Fungi; p__Basidiomycota; c__Agaricomycetes; o__Boletales; f__Suillaceae; g__Suillus; s__Suillus_viscidus	qiime_retained_no_blast_species	No BLAST species-level top hit was available.
90a30f03ca37989d3320d5abf225636d	k__Fungi; p__Ascomycota; c__Dothideomycetes; o__Dothideales; f__Saccotheciaceae; g__Aureobasidium; s__Aureobasidium_pullulans	0.9983482303107958	k__Fungi;p__Ascomycota;c__Dothideomycetes;o__Dothideales;f__Saccotheciaceae;g__Aureobasidium;s__Aureobasidium_pullulans;sh__SH1290132.10FU	Fungi	Ascomycota	Dothideomycetes	Dothideales	Saccotheciaceae	Aureobasidium	Aureobasidium_pullulans	NR_189918	3062332	6.05e-74	274.0	99.351	100	154	False	candidate_available	Eukaryota	Ascomycota	Dothideomycetes	Dothideales	Saccotheciaceae	Aureobasidium	Aureobasidium_intercalariosporum								0.9983482303107958	True	True	species_missing_top1_rescue	99.0	99.0	1e-10	True	True	Fungi	Ascomycota	Dothideomycetes	Dothideales	Saccotheciaceae	Aureobasidium	Aureobasidium_pullulans	k__Fungi; p__Ascomycota; c__Dothideomycetes; o__Dothideales; f__Saccotheciaceae; g__Aureobasidium; s__Aureobasidium_pullulans	qiime_retained_resolved_species	QIIME/UNITE already had a resolved species-level assignment; BLAST did not overwrite it in species_missing_top1_rescue mode.
4f6bba767820d950766bc71d6d15fec4	k__Fungi; p__Basidiomycota; c__Tremellomycetes; o__Tremellales; f__Cryptococcaceae; g__Cryptococcus; s__Cryptococcus_neoformans	0.9999830047149312	k__Fungi;p__Basidiomycota;c__Tremellomycetes;o__Tremellales;f__Cryptococcaceae;g__Cryptococcus;s__Cryptococcus_neoformans;sh__SH1330342.10FU	Fungi	Basidiomycota	Tremellomycetes	Tremellales	Cryptococcaceae	Cryptococcus	Cryptococcus_neoformans	NR_130682	5207	3.17e-91	332.0	99.462	100	186	True	candidate_available	Eukaryota	Basidiomycota	Tremellomycetes	Tremellales	Cryptococcaceae	Cryptococcus	Cryptococcus_neoformans	NR_165941	Cryptococcus_gattii	3.17e-91	332.0	99.462	100	186	0.9999830047149312	True	True	species_missing_top1_rescue	99.0	99.0	1e-10	True	True	Fungi	Basidiomycota	Tremellomycetes	Tremellales	Cryptococcaceae	Cryptococcus	Cryptococcus_neoformans	k__Fungi; p__Basidiomycota; c__Tremellomycetes; o__Tremellales; f__Cryptococcaceae; g__Cryptococcus; s__Cryptococcus_neoformans	qiime_retained_resolved_species	QIIME/UNITE already had a resolved species-level assignment; BLAST did not overwrite it in species_missing_top1_rescue mode.
b930655cdbda2d0f0758d5276c15600d	k__Fungi; p__Ascomycota; c__Eurotiomycetes; o__Eurotiales; f__Aspergillaceae; g__Aspergillus; s__Aspergillus_neotritici	0.7600987646525668	k__Fungi;p__Ascomycota;c__Eurotiomycetes;o__Eurotiales;f__Aspergillaceae;g__Aspergillus;s__Aspergillus_neotritici;sh__SH1307253.10FU	Fungi	Ascomycota	Eurotiomycetes	Eurotiales	Aspergillaceae	Aspergillus	Aspergillus_neotritici																								0.7600987646525668	True	True	species_missing_top1_rescue	99.0	99.0	1e-10	False	False	Fungi	Ascomycota	Eurotiomycetes	Eurotiales	Aspergillaceae	Aspergillus	Aspergillus_neotritici	k__Fungi; p__Ascomycota; c__Eurotiomycetes; o__Eurotiales; f__Aspergillaceae; g__Aspergillus; s__Aspergillus_neotritici	qiime_retained_no_blast_species	No BLAST species-level top hit was available.
b8b6019de3c607356ff1d4846d98a8df	k__Fungi; p__Ascomycota; c__Eurotiomycetes; o__Eurotiales; f__Aspergillaceae; g__Xeromyces; s__Xeromyces_bisporus	0.9999988686332989	k__Fungi;p__Ascomycota;c__Eurotiomycetes;o__Eurotiales;f__Aspergillaceae;g__Xeromyces;s__Xeromyces_bisporus;sh__SH1338123.10FU	Fungi	Ascomycota	Eurotiomycetes	Eurotiales	Aspergillaceae	Xeromyces	Xeromyces_bisporus	NR_154540	89491	2.28e-86	315.0	100.0	100	174	False	candidate_available	Eukaryota	Ascomycota	Eurotiomycetes	Eurotiales	Aspergillaceae	Xeromyces	Xeromyces_bisporus								0.9999988686332989	True	True	species_missing_top1_rescue	99.0	99.0	1e-10	True	True	Fungi	Ascomycota	Eurotiomycetes	Eurotiales	Aspergillaceae	Xeromyces	Xeromyces_bisporus	k__Fungi; p__Ascomycota; c__Eurotiomycetes; o__Eurotiales; f__Aspergillaceae; g__Xeromyces; s__Xeromyces_bisporus	qiime_retained_resolved_species	QIIME/UNITE already had a resolved species-level assignment; BLAST did not overwrite it in species_missing_top1_rescue mode.
0db72d18219924f45026b9dfa92538ec	k__Fungi; p__Mucoromycota; c__Mucoromycetes; o__Mucorales; f__Mucoraceae; g__Mucor; s__Mucor_circinelloides	0.7242001798827011	k__Fungi;p__Mucoromycota;c__Mucoromycetes;o__Mucorales;f__Mucoraceae;g__Mucor;s__Mucor_circinelloides;sh__SH1070275.10FU	Fungi	Mucoromycota	Mucoromycetes	Mucorales	Mucoraceae	Mucor	Mucor_circinelloides																								0.7242001798827011	True	True	species_missing_top1_rescue	99.0	99.0	1e-10	False	False	Fungi	Mucoromycota	Mucoromycetes	Mucorales	Mucoraceae	Mucor	Mucor_circinelloides	k__Fungi; p__Mucoromycota; c__Mucoromycetes; o__Mucorales; f__Mucoraceae; g__Mucor; s__Mucor_circinelloides	qiime_retained_no_blast_species	No BLAST species-level top hit was available.
f9d217f428c665f6e44a09c08fe0c485	k__Fungi; p__Ascomycota; c__Lecanoromycetes; o__Lecanorales; f__Lecanoraceae; g__Rhizoplaca; s__Rhizoplaca_novomexicana	0.8036881380075783	k__Fungi;p__Ascomycota;c__Lecanoromycetes;o__Lecanorales;f__Lecanoraceae;g__Rhizoplaca;s__Rhizoplaca_novomexicana;sh__SH1199517.10FU	Fungi	Ascomycota	Lecanoromycetes	Lecanorales	Lecanoraceae	Rhizoplaca	Rhizoplaca_novomexicana																								0.8036881380075783	True	True	species_missing_top1_rescue	99.0	99.0	1e-10	False	False	Fungi	Ascomycota	Lecanoromycetes	Lecanorales	Lecanoraceae	Rhizoplaca	Rhizoplaca_novomexicana	k__Fungi; p__Ascomycota; c__Lecanoromycetes; o__Lecanorales; f__Lecanoraceae; g__Rhizoplaca; s__Rhizoplaca_novomexicana	qiime_retained_no_blast_species	No BLAST species-level top hit was available.
6143c50035fe5fc5272475693b56bdf1	k__Fungi; p__Fungi_k; c__Fungi_k; o__Fungi_k; f__Fungi_k; g__Fungi_k; s__Fungi_k	1.0000000000000016	k__Fungi	Fungi	Fungi_k	Fungi_k	Fungi_k	Fungi_k	Fungi_k	Fungi_k	NR_125332	5476	2.05e-73	271.0	100.0	100	150	True	candidate_available	Eukaryota	Ascomycota	Pichiomycetes	Serinales	Debaryomycetaceae	Candida	Candida_albicans	NR_138276	Candida_africana	2.05e-73	271.0	100.0	100	150	1.0000000000000016	False	False	species_missing_top1_rescue	99.0	99.0	1e-10	True	False	Fungi	Ascomycota	Pichiomycetes	Serinales	Debaryomycetaceae	Candida	Candida_albicans	k__Fungi; p__Ascomycota; c__Pichiomycetes; o__Serinales; f__Debaryomycetaceae; g__Candida; s__Candida_albicans	blast_top1_species_rescued_ambiguous_missing_qiime_species	QIIME/UNITE species was missing or placeholder-like and BLAST top1 species passed cutoffs; top1 was used despite ambiguous top-hit conflict.
5e8d3c0601be4315ab09e921da2d328f	k__Fungi; p__Basidiomycota; c__Agaricomycetes; o__Cantharellales; f__Hydnaceae; g__Burgoa; s__Burgoa_g	0.7473577981253805	k__Fungi;p__Basidiomycota;c__Agaricomycetes;o__Cantharellales;f__Hydnaceae;g__Burgoa;s__Burgoa_sp	Fungi	Basidiomycota	Agaricomycetes	Cantharellales	Hydnaceae	Burgoa	Burgoa_g																								0.7473577981253805	True	False	species_missing_top1_rescue	99.0	99.0	1e-10	False	False	Fungi	Basidiomycota	Agaricomycetes	Cantharellales	Hydnaceae	Burgoa	Burgoa_g	k__Fungi; p__Basidiomycota; c__Agaricomycetes; o__Cantharellales; f__Hydnaceae; g__Burgoa; s__Burgoa_g	qiime_retained_no_blast_species	No BLAST species-level top hit was available.
3aff115ea9dc889997fec9ab39973349	k__Fungi; p__Fungi_k; c__Fungi_k; o__Fungi_k; f__Fungi_k; g__Fungi_k; s__Fungi_k	0.9999999999999936	k__Fungi	Fungi	Fungi_k	Fungi_k	Fungi_k	Fungi_k	Fungi_k	Fungi_k	NR_130667	129132	1.98e-80	295.0	100.0	100	163	False	candidate_available	Eukaryota	Basidiomycota	Tremellomycetes	Trichosporonales	Trichosporonaceae	Cutaneotrichosporon	Cutaneotrichosporon_dermatis	NR_073246	Cutaneotrichosporon_mucoides	8.410000000000001e-79	290.0	99.387	100	163	0.9999999999999936	False	False	species_missing_top1_rescue	99.0	99.0	1e-10	True	False	Fungi	Basidiomycota	Tremellomycetes	Trichosporonales	Trichosporonaceae	Cutaneotrichosporon	Cutaneotrichosporon_dermatis	k__Fungi; p__Basidiomycota; c__Tremellomycetes; o__Trichosporonales; f__Trichosporonaceae; g__Cutaneotrichosporon; s__Cutaneotrichosporon_dermatis	blast_top1_species_rescued_missing_qiime_species	QIIME/UNITE species was missing or placeholder-like and BLAST top1 species passed high-confidence cutoffs.
53097c9e9e3c7ba253dbf5ec95c930fc	k__Fungi; p__Basidiomycota; c__Agaricomycetes; o__Agaricales; f__Psathyrellaceae; g__Candolleomyces; s__Candolleomyces_g	0.7402195137737324	k__Fungi;p__Basidiomycota;c__Agaricomycetes;o__Agaricales;f__Psathyrellaceae;g__Candolleomyces;s__Candolleomyces_sp	Fungi	Basidiomycota	Agaricomycetes	Agaricales	Psathyrellaceae	Candolleomyces	Candolleomyces_g																								0.7402195137737324	True	False	species_missing_top1_rescue	99.0	99.0	1e-10	False	False	Fungi	Basidiomycota	Agaricomycetes	Agaricales	Psathyrellaceae	Candolleomyces	Candolleomyces_g	k__Fungi; p__Basidiomycota; c__Agaricomycetes; o__Agaricales; f__Psathyrellaceae; g__Candolleomyces; s__Candolleomyces_g	qiime_retained_no_blast_species	No BLAST species-level top hit was available.
0b16710fc341de52d3db3a987523142b	k__Fungi; p__Ascomycota; c__Eurotiomycetes; o__Eurotiales; f__Aspergillaceae; g__Penicillium; s__Penicillium_sumatraense	0.7287766502497222	k__Fungi;p__Ascomycota;c__Eurotiomycetes;o__Eurotiales;f__Aspergillaceae;g__Penicillium;s__Penicillium_sumatraense	Fungi	Ascomycota	Eurotiomycetes	Eurotiales	Aspergillaceae	Penicillium	Penicillium_sumatraense	NR_119812	70558	3.29e-84	307.0	100.0	100	170	True	candidate_available	Eukaryota	Ascomycota	Eurotiomycetes	Eurotiales	Aspergillaceae	Penicillium	Penicillium_sumatraense	NR_153214	Penicillium_meleagrinum	3.29e-84	307.0	100.0	100	170	0.7287766502497222	True	True	species_missing_top1_rescue	99.0	99.0	1e-10	True	True	Fungi	Ascomycota	Eurotiomycetes	Eurotiales	Aspergillaceae	Penicillium	Penicillium_sumatraense	k__Fungi; p__Ascomycota; c__Eurotiomycetes; o__Eurotiales; f__Aspergillaceae; g__Penicillium; s__Penicillium_sumatraense	qiime_retained_resolved_species	QIIME/UNITE already had a resolved species-level assignment; BLAST did not overwrite it in species_missing_top1_rescue mode.
e7453690825c89a6aed267d0b3afd8fc	k__Fungi; p__Basidiomycota; c__Microbotryomycetes; o__Sporidiobolales; f__Sporidiobolaceae; g__Rhodotorula; s__Rhodotorula_mucilaginosa	0.9994000036614651	k__Fungi;p__Basidiomycota;c__Microbotryomycetes;o__Sporidiobolales;f__Sporidiobolaceae;g__Rhodotorula;s__Rhodotorula_mucilaginosa;sh__SH1231669.10FU	Fungi	Basidiomycota	Microbotryomycetes	Sporidiobolales	Sporidiobolaceae	Rhodotorula	Rhodotorula_mucilaginosa	NR_073296	5537	3.8000000000000004e-110	394.0	100.0	100	218	False	candidate_available	Eukaryota	Basidiomycota	Microbotryomycetes	Sporidiobolales	Sporidiobolaceae	Rhodotorula	Rhodotorula_mucilaginosa	NR_153197	Rhodotorula_alborubescens	1.61e-108	389.0	99.541	100	218	0.9994000036614651	True	True	species_missing_top1_rescue	99.0	99.0	1e-10	True	True	Fungi	Basidiomycota	Microbotryomycetes	Sporidiobolales	Sporidiobolaceae	Rhodotorula	Rhodotorula_mucilaginosa	k__Fungi; p__Basidiomycota; c__Microbotryomycetes; o__Sporidiobolales; f__Sporidiobolaceae; g__Rhodotorula; s__Rhodotorula_mucilaginosa	qiime_retained_resolved_species	QIIME/UNITE already had a resolved species-level assignment; BLAST did not overwrite it in species_missing_top1_rescue mode.
19258a7686e049de551d076a284dea99	k__Fungi; p__Ascomycota; c__Saccharomycetes; o__Saccharomycetales; f__Saccharomycetaceae; g__Kazachstania; s__Kazachstania_servazzii	0.9960070354629962	k__Fungi;p__Ascomycota;c__Saccharomycetes;o__Saccharomycetales;f__Saccharomycetaceae;g__Kazachstania;s__Kazachstania_servazzii;sh__SH1277533.10FU	Fungi	Ascomycota	Saccharomycetes	Saccharomycetales	Saccharomycetaceae	Kazachstania	Kazachstania_servazzii	NR_138193	27293	5.9e-121	431.0	99.585	100	241	False	candidate_available	Eukaryota	Ascomycota	Saccharomycetes	Saccharomycetales	Saccharomycetaceae	Monosporozyma	Monosporozyma_servazzii								0.9960070354629962	True	True	species_missing_top1_rescue	99.0	99.0	1e-10	True	False	Fungi	Ascomycota	Saccharomycetes	Saccharomycetales	Saccharomycetaceae	Kazachstania	Kazachstania_servazzii	k__Fungi; p__Ascomycota; c__Saccharomycetes; o__Saccharomycetales; f__Saccharomycetaceae; g__Kazachstania; s__Kazachstania_servazzii	qiime_retained_resolved_species	QIIME/UNITE already had a resolved species-level assignment; BLAST did not overwrite it in species_missing_top1_rescue mode.
d41474f8e49115abf6f296e3fee6b8b1	k__Fungi; p__Ascomycota; c__Eurotiomycetes; o__Eurotiales; f__Aspergillaceae; g__Aspergillus; s__Aspergillus_g	0.7260702272234395	k__Fungi;p__Ascomycota;c__Eurotiomycetes;o__Eurotiales;f__Aspergillaceae;g__Aspergillus;s__Aspergillus_sp	Fungi	Ascomycota	Eurotiomycetes	Eurotiales	Aspergillaceae	Aspergillus	Aspergillus_g	NR_111348	5061	2.02e-80	296.0	99.398	100	166	True	candidate_available	Eukaryota	Ascomycota	Eurotiomycetes	Eurotiales	Aspergillaceae	Aspergillus	Aspergillus_niger	NR_137513	Aspergillus_welwitschiae	2.02e-80	296.0	99.398	100	166	0.7260702272234395	True	False	species_missing_top1_rescue	99.0	99.0	1e-10	True	True	Fungi	Ascomycota	Eurotiomycetes	Eurotiales	Aspergillaceae	Aspergillus	Aspergillus_niger	k__Fungi; p__Ascomycota; c__Eurotiomycetes; o__Eurotiales; f__Aspergillaceae; g__Aspergillus; s__Aspergillus_niger	blast_top1_species_rescued_ambiguous_missing_qiime_species	QIIME/UNITE species was missing or placeholder-like and BLAST top1 species passed cutoffs; top1 was used despite ambiguous top-hit conflict.
88bfe70998cfd35a12a909620792688a	k__Fungi; p__Ascomycota; c__Ascomycota_p; o__Ascomycota_p; f__Ascomycota_p; g__Ascomycota_p; s__Ascomycota_p	0.8202503317094223	k__Fungi;p__Ascomycota	Fungi	Ascomycota	Ascomycota_p	Ascomycota_p	Ascomycota_p	Ascomycota_p	Ascomycota_p	NR_077145	5076	1.98e-80	295.0	100.0	100	163	True	candidate_available	Eukaryota	Ascomycota	Eurotiomycetes	Eurotiales	Aspergillaceae	Penicillium	Penicillium_chrysogenum	NR_103695	Penicillium_flavigenum	1.98e-80	295.0	100.0	100	163	0.8202503317094223	False	False	species_missing_top1_rescue	99.0	99.0	1e-10	True	False	Fungi	Ascomycota	Eurotiomycetes	Eurotiales	Aspergillaceae	Penicillium	Penicillium_chrysogenum	k__Fungi; p__Ascomycota; c__Eurotiomycetes; o__Eurotiales; f__Aspergillaceae; g__Penicillium; s__Penicillium_chrysogenum	blast_top1_species_rescued_ambiguous_missing_qiime_species	QIIME/UNITE species was missing or placeholder-like and BLAST top1 species passed cutoffs; top1 was used despite ambiguous top-hit conflict.
d5f4d4c61556cd9a88f8e7072585def2	k__Fungi; p__Ascomycota; c__Dothideomycetes; o__Pleosporales; f__Didymellaceae; g__Epicoccum; s__Epicoccum_pimprinum	0.8254451827711758	k__Fungi;p__Ascomycota;c__Dothideomycetes;o__Pleosporales;f__Didymellaceae;g__Epicoccum;s__Epicoccum_pimprinum;sh__SH1213578.10FU	Fungi	Ascomycota	Dothideomycetes	Pleosporales	Didymellaceae	Epicoccum	Epicoccum_pimprinum	NR_158231	749468	1.42e-75	279.0	100.0	100	154	True	candidate_available	Eukaryota	Ascomycota	Dothideomycetes	Pleosporales	Didymellaceae	Boeremia	Boeremia_exigua	NR_158252	Boeremia_trachelospermi	1.42e-75	279.0	100.0	100	154	0.8254451827711758	True	True	species_missing_top1_rescue	99.0	99.0	1e-10	True	False	Fungi	Ascomycota	Dothideomycetes	Pleosporales	Didymellaceae	Epicoccum	Epicoccum_pimprinum	k__Fungi; p__Ascomycota; c__Dothideomycetes; o__Pleosporales; f__Didymellaceae; g__Epicoccum; s__Epicoccum_pimprinum	qiime_retained_resolved_species	QIIME/UNITE already had a resolved species-level assignment; BLAST did not overwrite it in species_missing_top1_rescue mode.
cf9ccf0ca27f56fd87e0d496ea54b7a2	k__Fungi; p__Fungi_k; c__Fungi_k; o__Fungi_k; f__Fungi_k; g__Fungi_k; s__Fungi_k	0.9999999999999963	k__Fungi	Fungi	Fungi_k	Fungi_k	Fungi_k	Fungi_k	Fungi_k	Fungi_k	NR_130682	5207	7.47e-93	336.0	100.0	100	186	False	candidate_available	Eukaryota	Basidiomycota	Tremellomycetes	Tremellales	Cryptococcaceae	Cryptococcus	Cryptococcus_neoformans	NR_165941	Cryptococcus_gattii	3.17e-91	332.0	99.462	100	186	0.9999999999999963	False	False	species_missing_top1_rescue	99.0	99.0	1e-10	True	False	Fungi	Basidiomycota	Tremellomycetes	Tremellales	Cryptococcaceae	Cryptococcus	Cryptococcus_neoformans	k__Fungi; p__Basidiomycota; c__Tremellomycetes; o__Tremellales; f__Cryptococcaceae; g__Cryptococcus; s__Cryptococcus_neoformans	blast_top1_species_rescued_missing_qiime_species	QIIME/UNITE species was missing or placeholder-like and BLAST top1 species passed high-confidence cutoffs.
dbf377afa279cfc8e072e84b0bcb4f3f	k__Fungi; p__Basidiomycota; c__Agaricomycetes; o__Trechisporales; f__Hydnodontaceae; g__Trechispora; s__Trechispora_g	0.9790026406875242	k__Fungi;p__Basidiomycota;c__Agaricomycetes;o__Trechisporales;f__Hydnodontaceae;g__Trechispora;s__Trechispora_sp;sh__SH1170522.10FU	Fungi	Basidiomycota	Agaricomycetes	Trechisporales	Hydnodontaceae	Trechispora	Trechispora_g																								0.9790026406875242	True	False	species_missing_top1_rescue	99.0	99.0	1e-10	False	False	Fungi	Basidiomycota	Agaricomycetes	Trechisporales	Hydnodontaceae	Trechispora	Trechispora_g	k__Fungi; p__Basidiomycota; c__Agaricomycetes; o__Trechisporales; f__Hydnodontaceae; g__Trechispora; s__Trechispora_g	qiime_retained_no_blast_species	No BLAST species-level top hit was available.
12da108a541069a69ac639ae2edcd700	k__Fungi; p__Ascomycota; c__Saccharomycetes; o__Saccharomycetales; f__Saccharomycetales_fam_Incertae_sedis; g__Candida; s__Candida_albicans	0.9990361006735791	k__Fungi;p__Ascomycota;c__Saccharomycetes;o__Saccharomycetales;f__Saccharomycetales_fam_Incertae_sedis;g__Candida;s__Candida_albicans;sh__SH1382505.10FU	Fungi	Ascomycota	Saccharomycetes	Saccharomycetales	Saccharomycetales_fam_Incertae_sedis	Candida	Candida_albicans	NR_125332	5476	8.710000000000002e-72	267.0	99.333	100	150	False	candidate_available	Eukaryota	Ascomycota	Pichiomycetes	Serinales	Debaryomycetaceae	Candida	Candida_albicans								0.9990361006735791	True	True	species_missing_top1_rescue	99.0	99.0	1e-10	True	True	Fungi	Ascomycota	Saccharomycetes	Saccharomycetales	Saccharomycetales_fam_Incertae_sedis	Candida	Candida_albicans	k__Fungi; p__Ascomycota; c__Saccharomycetes; o__Saccharomycetales; f__Saccharomycetales_fam_Incertae_sedis; g__Candida; s__Candida_albicans	qiime_retained_resolved_species	QIIME/UNITE already had a resolved species-level assignment; BLAST did not overwrite it in species_missing_top1_rescue mode.
ebd61c5d3dace237f7a2a5bfb8d391ab	k__Fungi; p__Fungi_k; c__Fungi_k; o__Fungi_k; f__Fungi_k; g__Fungi_k; s__Fungi_k	0.9999999999999907	k__Fungi	Fungi	Fungi_k	Fungi_k	Fungi_k	Fungi_k	Fungi_k	Fungi_k	NR_130691	5478	4.29e-116	414.0	100.0	100	229	False	candidate_available	Eukaryota	Ascomycota	Saccharomycetes	Saccharomycetales	Saccharomycetaceae	Nakaseomyces	Nakaseomyces_glabratus								0.9999999999999907	False	False	species_missing_top1_rescue	99.0	99.0	1e-10	True	False	Fungi	Ascomycota	Saccharomycetes	Saccharomycetales	Saccharomycetaceae	Nakaseomyces	Nakaseomyces_glabratus	k__Fungi; p__Ascomycota; c__Saccharomycetes; o__Saccharomycetales; f__Saccharomycetaceae; g__Nakaseomyces; s__Nakaseomyces_glabratus	blast_top1_species_rescued_missing_qiime_species	QIIME/UNITE species was missing or placeholder-like and BLAST top1 species passed high-confidence cutoffs.
307336b90220c9e62068fc5a324cd764	k__Fungi; p__Ascomycota; c__Lecanoromycetes; o__Lecanorales; f__Lecanoraceae; g__Rhizoplaca; s__Rhizoplaca_novomexicana	0.7378298028119391	k__Fungi;p__Ascomycota;c__Lecanoromycetes;o__Lecanorales;f__Lecanoraceae;g__Rhizoplaca;s__Rhizoplaca_novomexicana;sh__SH1199517.10FU	Fungi	Ascomycota	Lecanoromycetes	Lecanorales	Lecanoraceae	Rhizoplaca	Rhizoplaca_novomexicana																								0.7378298028119391	True	True	species_missing_top1_rescue	99.0	99.0	1e-10	False	False	Fungi	Ascomycota	Lecanoromycetes	Lecanorales	Lecanoraceae	Rhizoplaca	Rhizoplaca_novomexicana	k__Fungi; p__Ascomycota; c__Lecanoromycetes; o__Lecanorales; f__Lecanoraceae; g__Rhizoplaca; s__Rhizoplaca_novomexicana	qiime_retained_no_blast_species	No BLAST species-level top hit was available.
e8afdba12110f5899c03436c55249876	k__Fungi; p__Basidiomycota; c__Agaricomycetes; o__Polyporales; f__Irpicaceae; g__Irpex; s__Irpex_hacksungii	0.9871552866088062	k__Fungi;p__Basidiomycota;c__Agaricomycetes;o__Polyporales;f__Irpicaceae;g__Irpex;s__Irpex_hacksungii;sh__SH1080352.10FU	Fungi	Basidiomycota	Agaricomycetes	Polyporales	Irpicaceae	Irpex	Irpex_hacksungii																								0.9871552866088062	True	True	species_missing_top1_rescue	99.0	99.0	1e-10	False	False	Fungi	Basidiomycota	Agaricomycetes	Polyporales	Irpicaceae	Irpex	Irpex_hacksungii	k__Fungi; p__Basidiomycota; c__Agaricomycetes; o__Polyporales; f__Irpicaceae; g__Irpex; s__Irpex_hacksungii	qiime_retained_no_blast_species	No BLAST species-level top hit was available.
94530c8fa842d70b5abe7c813790b5b2	k__Fungi; p__Ascomycota; c__Saccharomycetes; o__Saccharomycetales; f__Debaryomycetaceae; g__Debaryomyces; s__Debaryomyces_delbrueckii	0.9991957085731575	k__Fungi;p__Ascomycota;c__Saccharomycetes;o__Saccharomycetales;f__Debaryomycetaceae;g__Debaryomyces;s__Debaryomyces_delbrueckii;sh__SH1374157.10FU	Fungi	Ascomycota	Saccharomycetes	Saccharomycetales	Debaryomycetaceae	Debaryomyces	Debaryomyces_delbrueckii	NR_111257	4950	1.31e-129	460.0	99.611	100	257	False	candidate_available	Eukaryota	Ascomycota	Saccharomycetes	Saccharomycetales	Saccharomycetaceae	Torulaspora	Torulaspora_delbrueckii								0.9991957085731575	True	True	species_missing_top1_rescue	99.0	99.0	1e-10	True	False	Fungi	Ascomycota	Saccharomycetes	Saccharomycetales	Debaryomycetaceae	Debaryomyces	Debaryomyces_delbrueckii	k__Fungi; p__Ascomycota; c__Saccharomycetes; o__Saccharomycetales; f__Debaryomycetaceae; g__Debaryomyces; s__Debaryomyces_delbrueckii	qiime_retained_resolved_species	QIIME/UNITE already had a resolved species-level assignment; BLAST did not overwrite it in species_missing_top1_rescue mode.
e132feac453bbe8e98e4f5550613e720	k__Fungi; p__Basidiomycota; c__Tremellomycetes; o__Tremellales; f__Cryptococcaceae; g__Cryptococcus; s__Cryptococcus_neoformans	0.9999813781754927	k__Fungi;p__Basidiomycota;c__Tremellomycetes;o__Tremellales;f__Cryptococcaceae;g__Cryptococcus;s__Cryptococcus_neoformans;sh__SH1330342.10FU	Fungi	Basidiomycota	Tremellomycetes	Tremellales	Cryptococcaceae	Cryptococcus	Cryptococcus_neoformans	NR_130682	5207	3.17e-91	332.0	99.462	100	186	True	candidate_available	Eukaryota	Basidiomycota	Tremellomycetes	Tremellales	Cryptococcaceae	Cryptococcus	Cryptococcus_neoformans	NR_165941	Cryptococcus_gattii	3.17e-91	332.0	99.462	100	186	0.9999813781754927	True	True	species_missing_top1_rescue	99.0	99.0	1e-10	True	True	Fungi	Basidiomycota	Tremellomycetes	Tremellales	Cryptococcaceae	Cryptococcus	Cryptococcus_neoformans	k__Fungi; p__Basidiomycota; c__Tremellomycetes; o__Tremellales; f__Cryptococcaceae; g__Cryptococcus; s__Cryptococcus_neoformans	qiime_retained_resolved_species	QIIME/UNITE already had a resolved species-level assignment; BLAST did not overwrite it in species_missing_top1_rescue mode.
7759814383595a2d0ab1bf7b73171a44	k__Fungi; p__Basidiomycota; c__Malasseziomycetes; o__Malasseziales; f__Malasseziaceae; g__Malassezia; s__Malassezia_globosa	0.7059696167347228	k__Fungi;p__Basidiomycota;c__Malasseziomycetes;o__Malasseziales;f__Malasseziaceae;g__Malassezia;s__Malassezia_globosa;sh__SH1189575.10FU	Fungi	Basidiomycota	Malasseziomycetes	Malasseziales	Malasseziaceae	Malassezia	Malassezia_globosa																								0.7059696167347228	True	True	species_missing_top1_rescue	99.0	99.0	1e-10	False	False	Fungi	Basidiomycota	Malasseziomycetes	Malasseziales	Malasseziaceae	Malassezia	Malassezia_globosa	k__Fungi; p__Basidiomycota; c__Malasseziomycetes; o__Malasseziales; f__Malasseziaceae; g__Malassezia; s__Malassezia_globosa	qiime_retained_no_blast_species	No BLAST species-level top hit was available.
5c36e4197af8694525d815e3fcfb8e1b	k__Fungi; p__Basidiomycota; c__Tremellomycetes; o__Trichosporonales; f__Trichosporonaceae; g__Cutaneotrichosporon; s__Cutaneotrichosporon_mucoides	0.8360243508949485	k__Fungi;p__Basidiomycota;c__Tremellomycetes;o__Trichosporonales;f__Trichosporonaceae;g__Cutaneotrichosporon;s__Cutaneotrichosporon_mucoides;sh__SH1205828.10FU	Fungi	Basidiomycota	Tremellomycetes	Trichosporonales	Trichosporonaceae	Cutaneotrichosporon	Cutaneotrichosporon_mucoides	NR_130667	129132	8.410000000000001e-79	290.0	99.387	100	163	False	candidate_available	Eukaryota	Basidiomycota	Tremellomycetes	Trichosporonales	Trichosporonaceae	Cutaneotrichosporon	Cutaneotrichosporon_dermatis								0.8360243508949485	True	True	species_missing_top1_rescue	99.0	99.0	1e-10	True	True	Fungi	Basidiomycota	Tremellomycetes	Trichosporonales	Trichosporonaceae	Cutaneotrichosporon	Cutaneotrichosporon_mucoides	k__Fungi; p__Basidiomycota; c__Tremellomycetes; o__Trichosporonales; f__Trichosporonaceae; g__Cutaneotrichosporon; s__Cutaneotrichosporon_mucoides	qiime_retained_resolved_species	QIIME/UNITE already had a resolved species-level assignment; BLAST did not overwrite it in species_missing_top1_rescue mode.
ee6217a6ac1c382c5086ba8f01f9a6f5	k__Fungi; p__Ascomycota; c__Saccharomycetes; o__Saccharomycetales; f__Saccharomycetaceae; g__Nakaseomyces; s__Nakaseomyces_glabratus	0.9995869111167445	k__Fungi;p__Ascomycota;c__Saccharomycetes;o__Saccharomycetales;f__Saccharomycetaceae;g__Nakaseomyces;s__Nakaseomyces_glabratus;sh__SH1215233.10FU	Fungi	Ascomycota	Saccharomycetes	Saccharomycetales	Saccharomycetaceae	Nakaseomyces	Nakaseomyces_glabratus	NR_130691	5478	1.82e-114	409.0	99.563	100	229	False	candidate_available	Eukaryota	Ascomycota	Saccharomycetes	Saccharomycetales	Saccharomycetaceae	Nakaseomyces	Nakaseomyces_glabratus								0.9995869111167445	True	True	species_missing_top1_rescue	99.0	99.0	1e-10	True	True	Fungi	Ascomycota	Saccharomycetes	Saccharomycetales	Saccharomycetaceae	Nakaseomyces	Nakaseomyces_glabratus	k__Fungi; p__Ascomycota; c__Saccharomycetes; o__Saccharomycetales; f__Saccharomycetaceae; g__Nakaseomyces; s__Nakaseomyces_glabratus	qiime_retained_resolved_species	QIIME/UNITE already had a resolved species-level assignment; BLAST did not overwrite it in species_missing_top1_rescue mode.
b5d734bb65d33dbb443d7b92850825f8	k__Fungi; p__Ascomycota; c__Saccharomycetes; o__Saccharomycetales; f__Saccharomycetaceae; g__Nakaseomyces; s__Nakaseomyces_glabratus	0.9996786050498309	k__Fungi;p__Ascomycota;c__Saccharomycetes;o__Saccharomycetales;f__Saccharomycetaceae;g__Nakaseomyces;s__Nakaseomyces_glabratus;sh__SH1215233.10FU	Fungi	Ascomycota	Saccharomycetes	Saccharomycetales	Saccharomycetaceae	Nakaseomyces	Nakaseomyces_glabratus	NR_130691	5478	1.82e-114	409.0	99.563	100	229	False	candidate_available	Eukaryota	Ascomycota	Saccharomycetes	Saccharomycetales	Saccharomycetaceae	Nakaseomyces	Nakaseomyces_glabratus								0.9996786050498309	True	True	species_missing_top1_rescue	99.0	99.0	1e-10	True	True	Fungi	Ascomycota	Saccharomycetes	Saccharomycetales	Saccharomycetaceae	Nakaseomyces	Nakaseomyces_glabratus	k__Fungi; p__Ascomycota; c__Saccharomycetes; o__Saccharomycetales; f__Saccharomycetaceae; g__Nakaseomyces; s__Nakaseomyces_glabratus	qiime_retained_resolved_species	QIIME/UNITE already had a resolved species-level assignment; BLAST did not overwrite it in species_missing_top1_rescue mode.
915c63e977ee6d732c5eb8192795f959	k__Fungi; p__Fungi_k; c__Fungi_k; o__Fungi_k; f__Fungi_k; g__Fungi_k; s__Fungi_k	1.000000000000001	k__Fungi	Fungi	Fungi_k	Fungi_k	Fungi_k	Fungi_k	Fungi_k	Fungi_k	NR_111355	114524	1.02e-117	419.0	100.0	100	232	True	candidate_available	Eukaryota	Ascomycota	Saccharomycetes	Saccharomycetales	Saccharomycetaceae	Saccharomyces	Saccharomyces_kudriavzevii	NR_138272	Saccharomyces_paradoxus	1.02e-117	419.0	100.0	100	232	1.000000000000001	False	False	species_missing_top1_rescue	99.0	99.0	1e-10	True	False	Fungi	Ascomycota	Saccharomycetes	Saccharomycetales	Saccharomycetaceae	Saccharomyces	Saccharomyces_kudriavzevii	k__Fungi; p__Ascomycota; c__Saccharomycetes; o__Saccharomycetales; f__Saccharomycetaceae; g__Saccharomyces; s__Saccharomyces_kudriavzevii	blast_top1_species_rescued_ambiguous_missing_qiime_species	QIIME/UNITE species was missing or placeholder-like and BLAST top1 species passed cutoffs; top1 was used despite ambiguous top-hit conflict.
4410fbb6f29093b48a07044682c46bde	k__Fungi; p__Ascomycota; c__Saccharomycetes; o__Saccharomycetales; f__Saccharomycetaceae; g__Nakaseomyces; s__Nakaseomyces_glabratus	0.9997290833774062	k__Fungi;p__Ascomycota;c__Saccharomycetes;o__Saccharomycetales;f__Saccharomycetaceae;g__Nakaseomyces;s__Nakaseomyces_glabratus;sh__SH1215233.10FU	Fungi	Ascomycota	Saccharomycetes	Saccharomycetales	Saccharomycetaceae	Nakaseomyces	Nakaseomyces_glabratus	NR_130691	5478	1.82e-114	409.0	99.563	100	229	False	candidate_available	Eukaryota	Ascomycota	Saccharomycetes	Saccharomycetales	Saccharomycetaceae	Nakaseomyces	Nakaseomyces_glabratus								0.9997290833774062	True	True	species_missing_top1_rescue	99.0	99.0	1e-10	True	True	Fungi	Ascomycota	Saccharomycetes	Saccharomycetales	Saccharomycetaceae	Nakaseomyces	Nakaseomyces_glabratus	k__Fungi; p__Ascomycota; c__Saccharomycetes; o__Saccharomycetales; f__Saccharomycetaceae; g__Nakaseomyces; s__Nakaseomyces_glabratus	qiime_retained_resolved_species	QIIME/UNITE already had a resolved species-level assignment; BLAST did not overwrite it in species_missing_top1_rescue mode.
57dff5e5f62d238d6f055b37452ac823	k__Fungi; p__Ascomycota; c__Saccharomycetes; o__Saccharomycetales; f__Saccharomycetaceae; g__Saccharomyces; s__Saccharomyces_cerevisiae	0.724941464480896	k__Fungi;p__Ascomycota;c__Saccharomycetes;o__Saccharomycetales;f__Saccharomycetaceae;g__Saccharomyces;s__Saccharomyces_cerevisiae;sh__SH1085902.10FU	Fungi	Ascomycota	Saccharomycetes	Saccharomycetales	Saccharomycetaceae	Saccharomyces	Saccharomyces_cerevisiae																								0.724941464480896	True	True	species_missing_top1_rescue	99.0	99.0	1e-10	False	False	Fungi	Ascomycota	Saccharomycetes	Saccharomycetales	Saccharomycetaceae	Saccharomyces	Saccharomyces_cerevisiae	k__Fungi; p__Ascomycota; c__Saccharomycetes; o__Saccharomycetales; f__Saccharomycetaceae; g__Saccharomyces; s__Saccharomyces_cerevisiae	qiime_retained_no_blast_species	No BLAST species-level top hit was available.
ef5b732f4220ffb4068dfff3f4590237	k__Fungi; p__Basidiomycota; c__Microbotryomycetes; o__Leucosporidiales; f__Leucosporidiaceae; g__Leucosporidium; s__Leucosporidium_intermedium	0.9930699011676093	k__Fungi;p__Basidiomycota;c__Microbotryomycetes;o__Leucosporidiales;f__Leucosporidiaceae;g__Leucosporidium;s__Leucosporidium_intermedium;sh__SH1410064.10FU	Fungi	Basidiomycota	Microbotryomycetes	Leucosporidiales	Leucosporidiaceae	Leucosporidium	Leucosporidium_intermedium	NR_073309	115111	6.650000000000001e-107	383.0	100.0	100	212	False	candidate_available	Eukaryota	Basidiomycota	Microbotryomycetes	Leucosporidiales	Leucosporidiaceae	Leucosporidium	Leucosporidium_intermedium								0.9930699011676093	True	True	species_missing_top1_rescue	99.0	99.0	1e-10	True	True	Fungi	Basidiomycota	Microbotryomycetes	Leucosporidiales	Leucosporidiaceae	Leucosporidium	Leucosporidium_intermedium	k__Fungi; p__Basidiomycota; c__Microbotryomycetes; o__Leucosporidiales; f__Leucosporidiaceae; g__Leucosporidium; s__Leucosporidium_intermedium	qiime_retained_resolved_species	QIIME/UNITE already had a resolved species-level assignment; BLAST did not overwrite it in species_missing_top1_rescue mode.
07b93f1e7b4522a701d9b3ef5874f881	k__Fungi; p__Basidiomycota; c__Agaricomycetes; o__Trechisporales; f__Hydnodontaceae; g__Trechispora; s__Trechispora_g	0.9915270457039624	k__Fungi;p__Basidiomycota;c__Agaricomycetes;o__Trechisporales;f__Hydnodontaceae;g__Trechispora;s__Trechispora_sp;sh__SH1170522.10FU	Fungi	Basidiomycota	Agaricomycetes	Trechisporales	Hydnodontaceae	Trechispora	Trechispora_g																								0.9915270457039624	True	False	species_missing_top1_rescue	99.0	99.0	1e-10	False	False	Fungi	Basidiomycota	Agaricomycetes	Trechisporales	Hydnodontaceae	Trechispora	Trechispora_g	k__Fungi; p__Basidiomycota; c__Agaricomycetes; o__Trechisporales; f__Hydnodontaceae; g__Trechispora; s__Trechispora_g	qiime_retained_no_blast_species	No BLAST species-level top hit was available.
53c9feac786c2fec525605f3db4ae987	k__Fungi; p__Ascomycota; c__Ascomycota_p; o__Ascomycota_p; f__Ascomycota_p; g__Ascomycota_p; s__Ascomycota_p	0.8024316838428865	k__Fungi;p__Ascomycota	Fungi	Ascomycota	Ascomycota_p	Ascomycota_p	Ascomycota_p	Ascomycota_p	Ascomycota_p	NR_077145	5076	1.98e-80	295.0	100.0	100	163	True	candidate_available	Eukaryota	Ascomycota	Eurotiomycetes	Eurotiales	Aspergillaceae	Penicillium	Penicillium_chrysogenum	NR_103695	Penicillium_flavigenum	1.98e-80	295.0	100.0	100	163	0.8024316838428865	False	False	species_missing_top1_rescue	99.0	99.0	1e-10	True	False	Fungi	Ascomycota	Eurotiomycetes	Eurotiales	Aspergillaceae	Penicillium	Penicillium_chrysogenum	k__Fungi; p__Ascomycota; c__Eurotiomycetes; o__Eurotiales; f__Aspergillaceae; g__Penicillium; s__Penicillium_chrysogenum	blast_top1_species_rescued_ambiguous_missing_qiime_species	QIIME/UNITE species was missing or placeholder-like and BLAST top1 species passed cutoffs; top1 was used despite ambiguous top-hit conflict.
2ce0943ee52455e0ef499cf2ef2d4e04	k__Fungi; p__Ascomycota; c__Ascomycota_p; o__Ascomycota_p; f__Ascomycota_p; g__Ascomycota_p; s__Ascomycota_p	0.7952260512069517	k__Fungi;p__Ascomycota	Fungi	Ascomycota	Ascomycota_p	Ascomycota_p	Ascomycota_p	Ascomycota_p	Ascomycota_p	NR_077145	5076	8.410000000000001e-79	290.0	99.387	100	163	True	candidate_available	Eukaryota	Ascomycota	Eurotiomycetes	Eurotiales	Aspergillaceae	Penicillium	Penicillium_chrysogenum	NR_103695	Penicillium_flavigenum	8.410000000000001e-79	290.0	99.387	100	163	0.7952260512069517	False	False	species_missing_top1_rescue	99.0	99.0	1e-10	True	False	Fungi	Ascomycota	Eurotiomycetes	Eurotiales	Aspergillaceae	Penicillium	Penicillium_chrysogenum	k__Fungi; p__Ascomycota; c__Eurotiomycetes; o__Eurotiales; f__Aspergillaceae; g__Penicillium; s__Penicillium_chrysogenum	blast_top1_species_rescued_ambiguous_missing_qiime_species	QIIME/UNITE species was missing or placeholder-like and BLAST top1 species passed cutoffs; top1 was used despite ambiguous top-hit conflict.
19589d9adc9d312e7f28d4bddc000468	k__Fungi; p__Ascomycota; c__Ascomycota_p; o__Ascomycota_p; f__Ascomycota_p; g__Ascomycota_p; s__Ascomycota_p	0.8126682387965494	k__Fungi;p__Ascomycota	Fungi	Ascomycota	Ascomycota_p	Ascomycota_p	Ascomycota_p	Ascomycota_p	Ascomycota_p	NR_077145	5076	5.71e-81	297.0	100.0	100	164	True	candidate_available	Eukaryota	Ascomycota	Eurotiomycetes	Eurotiales	Aspergillaceae	Penicillium	Penicillium_chrysogenum	NR_103695	Penicillium_flavigenum	5.71e-81	297.0	100.0	100	164	0.8126682387965494	False	False	species_missing_top1_rescue	99.0	99.0	1e-10	True	False	Fungi	Ascomycota	Eurotiomycetes	Eurotiales	Aspergillaceae	Penicillium	Penicillium_chrysogenum	k__Fungi; p__Ascomycota; c__Eurotiomycetes; o__Eurotiales; f__Aspergillaceae; g__Penicillium; s__Penicillium_chrysogenum	blast_top1_species_rescued_ambiguous_missing_qiime_species	QIIME/UNITE species was missing or placeholder-like and BLAST top1 species passed cutoffs; top1 was used despite ambiguous top-hit conflict.
bd796f04c04028b86ca7ece20df3e735	k__Fungi; p__Basidiomycota; c__Agaricomycetes; o__Polyporales; f__Meruliaceae; g__Phlebia; s__Phlebia_acerina	0.8696195827000359	k__Fungi;p__Basidiomycota;c__Agaricomycetes;o__Polyporales;f__Meruliaceae;g__Phlebia;s__Phlebia_acerina;sh__SH1304997.10FU	Fungi	Basidiomycota	Agaricomycetes	Polyporales	Meruliaceae	Phlebia	Phlebia_acerina																								0.8696195827000359	True	True	species_missing_top1_rescue	99.0	99.0	1e-10	False	False	Fungi	Basidiomycota	Agaricomycetes	Polyporales	Meruliaceae	Phlebia	Phlebia_acerina	k__Fungi; p__Basidiomycota; c__Agaricomycetes; o__Polyporales; f__Meruliaceae; g__Phlebia; s__Phlebia_acerina	qiime_retained_no_blast_species	No BLAST species-level top hit was available.
ad90f737406d7ec92b3e444e41d6ab49	k__Fungi; p__Basidiomycota; c__Agaricomycetes; o__Russulales; f__Stereaceae; g__Stereaceae_f; s__Stereaceae_f	0.9999999724652473	k__Fungi;p__Basidiomycota;c__Agaricomycetes;o__Russulales;f__Stereaceae;g__Stereaceae_gen_Incertae_sedis;s__Stereaceae_sp;sh__SH1075157.10FU	Fungi	Basidiomycota	Agaricomycetes	Russulales	Stereaceae	Stereaceae_f	Stereaceae_f																								0.9999999724652473	False	False	species_missing_top1_rescue	99.0	99.0	1e-10	False	False	Fungi	Basidiomycota	Agaricomycetes	Russulales	Stereaceae	Stereaceae_f	Stereaceae_f	k__Fungi; p__Basidiomycota; c__Agaricomycetes; o__Russulales; f__Stereaceae; g__Stereaceae_f; s__Stereaceae_f	qiime_retained_no_blast_species	No BLAST species-level top hit was available.
29672ac01b5c6750735fed1907ddd347	k__Fungi; p__Basidiomycota; c__Tremellomycetes; o__Tremellales; f__Bulleribasidiaceae; g__Hannaella; s__Hannaella_oryzae	0.9998583421537939	k__Fungi;p__Basidiomycota;c__Tremellomycetes;o__Tremellales;f__Bulleribasidiaceae;g__Hannaella;s__Hannaella_oryzae;sh__SH1135727.10FU	Fungi	Basidiomycota	Tremellomycetes	Tremellales	Bulleribasidiaceae	Hannaella	Hannaella_oryzae	NR_165938	4979	9.02e-58	220.0	99.194	100	124	False	candidate_available	Eukaryota	Basidiomycota	Tremellomycetes	Tremellales	Bulleribasidiaceae	Hannaella	Hannaella_oryzae								0.9998583421537939	True	True	species_missing_top1_rescue	99.0	99.0	1e-10	True	True	Fungi	Basidiomycota	Tremellomycetes	Tremellales	Bulleribasidiaceae	Hannaella	Hannaella_oryzae	k__Fungi; p__Basidiomycota; c__Tremellomycetes; o__Tremellales; f__Bulleribasidiaceae; g__Hannaella; s__Hannaella_oryzae	qiime_retained_resolved_species	QIIME/UNITE already had a resolved species-level assignment; BLAST did not overwrite it in species_missing_top1_rescue mode.
12ae8aec67f6e9580e434bbd62c83dcd	k__Fungi; p__Ascomycota; c__Leotiomycetes; o__Helotiales; f__Helotiales_o; g__Helotiales_o; s__Helotiales_o	0.9997647823969851	k__Fungi;p__Ascomycota;c__Leotiomycetes;o__Helotiales;f__Helotiales_fam_Incertae_sedis;g__Helotiales_gen_Incertae_sedis;s__Helotiales_sp;sh__SH1221671.10FU	Fungi	Ascomycota	Leotiomycetes	Helotiales	Helotiales_o	Helotiales_o	Helotiales_o																								0.9997647823969851	False	False	species_missing_top1_rescue	99.0	99.0	1e-10	False	False	Fungi	Ascomycota	Leotiomycetes	Helotiales	Helotiales_o	Helotiales_o	Helotiales_o	k__Fungi; p__Ascomycota; c__Leotiomycetes; o__Helotiales; f__Helotiales_o; g__Helotiales_o; s__Helotiales_o	qiime_retained_no_blast_species	No BLAST species-level top hit was available.
d6e7806fe6c49f4c960a7210ce8b929b	k__Fungi; p__Ascomycota; c__Dothideomycetes; o__Pleosporales; f__Phaeosphaeriaceae; g__Phaeosphaeriaceae_f; s__Phaeosphaeriaceae_f	0.9999999999091074	k__Fungi;p__Ascomycota;c__Dothideomycetes;o__Pleosporales;f__Phaeosphaeriaceae;g__Phaeosphaeriaceae_gen_Incertae_sedis;s__Phaeosphaeriaceae_sp;sh__SH1373954.10FU	Fungi	Ascomycota	Dothideomycetes	Pleosporales	Phaeosphaeriaceae	Phaeosphaeriaceae_f	Phaeosphaeriaceae_f																								0.9999999999091074	False	False	species_missing_top1_rescue	99.0	99.0	1e-10	False	False	Fungi	Ascomycota	Dothideomycetes	Pleosporales	Phaeosphaeriaceae	Phaeosphaeriaceae_f	Phaeosphaeriaceae_f	k__Fungi; p__Ascomycota; c__Dothideomycetes; o__Pleosporales; f__Phaeosphaeriaceae; g__Phaeosphaeriaceae_f; s__Phaeosphaeriaceae_f	qiime_retained_no_blast_species	No BLAST species-level top hit was available.
2dbcbbad059800b66cce2a8752f950b6	k__Fungi; p__Basidiomycota; c__Agaricomycetes; o__Polyporales; f__Meruliaceae; g__Phlebia; s__Phlebia_rufa	0.8228770577087208	k__Fungi;p__Basidiomycota;c__Agaricomycetes;o__Polyporales;f__Meruliaceae;g__Phlebia;s__Phlebia_rufa;sh__SH1304992.10FU	Fungi	Basidiomycota	Agaricomycetes	Polyporales	Meruliaceae	Phlebia	Phlebia_rufa																								0.8228770577087208	True	True	species_missing_top1_rescue	99.0	99.0	1e-10	False	False	Fungi	Basidiomycota	Agaricomycetes	Polyporales	Meruliaceae	Phlebia	Phlebia_rufa	k__Fungi; p__Basidiomycota; c__Agaricomycetes; o__Polyporales; f__Meruliaceae; g__Phlebia; s__Phlebia_rufa	qiime_retained_no_blast_species	No BLAST species-level top hit was available.
1f2562bcd89888cd5dc1ecfc90af6ca5	k__Fungi; p__Ascomycota; c__Dothideomycetes; o__Pleosporales; f__Phaeosphaeriaceae; g__Paraphoma; s__Paraphoma_g	0.9029203579984378	k__Fungi;p__Ascomycota;c__Dothideomycetes;o__Pleosporales;f__Phaeosphaeriaceae;g__Paraphoma	Fungi	Ascomycota	Dothideomycetes	Pleosporales	Phaeosphaeriaceae	Paraphoma	Paraphoma_g	NR_175033	798071	2.15e-66	249.0	99.286	100	140	False	candidate_available	Eukaryota	Ascomycota	Dothideomycetes	Pleosporales	Phaeosphaeriaceae	Paraphoma	Paraphoma_chrysanthemicola								0.9029203579984378	True	False	species_missing_top1_rescue	99.0	99.0	1e-10	True	True	Fungi	Ascomycota	Dothideomycetes	Pleosporales	Phaeosphaeriaceae	Paraphoma	Paraphoma_chrysanthemicola	k__Fungi; p__Ascomycota; c__Dothideomycetes; o__Pleosporales; f__Phaeosphaeriaceae; g__Paraphoma; s__Paraphoma_chrysanthemicola	blast_top1_species_rescued_missing_qiime_species	QIIME/UNITE species was missing or placeholder-like and BLAST top1 species passed high-confidence cutoffs.
cdd244abd5bf539f9d30cb7b2907eaa7	k__Fungi; p__Ascomycota; c__Dothideomycetes; o__Pleosporales; f__Pleosporales_o; g__Pleosporales_o; s__Pleosporales_o	0.97218855502502	k__Fungi;p__Ascomycota;c__Dothideomycetes;o__Pleosporales;f__Pleosporales_fam_Incertae_sedis;g__Pleosporales_gen_Incertae_sedis;s__Pleosporales_sp;sh__SH1409076.10FU	Fungi	Ascomycota	Dothideomycetes	Pleosporales	Pleosporales_o	Pleosporales_o	Pleosporales_o																								0.97218855502502	False	False	species_missing_top1_rescue	99.0	99.0	1e-10	False	False	Fungi	Ascomycota	Dothideomycetes	Pleosporales	Pleosporales_o	Pleosporales_o	Pleosporales_o	k__Fungi; p__Ascomycota; c__Dothideomycetes; o__Pleosporales; f__Pleosporales_o; g__Pleosporales_o; s__Pleosporales_o	qiime_retained_no_blast_species	No BLAST species-level top hit was available.
5fd5a9eab2b0664e8973995690493bb7	k__Fungi; p__Basidiomycota; c__Agaricomycetes; o__Polyporales; f__Irpicaceae; g__Irpex; s__Irpex_hacksungii	0.992658436563835	k__Fungi;p__Basidiomycota;c__Agaricomycetes;o__Polyporales;f__Irpicaceae;g__Irpex;s__Irpex_hacksungii;sh__SH1080352.10FU	Fungi	Basidiomycota	Agaricomycetes	Polyporales	Irpicaceae	Irpex	Irpex_hacksungii																								0.992658436563835	True	True	species_missing_top1_rescue	99.0	99.0	1e-10	False	False	Fungi	Basidiomycota	Agaricomycetes	Polyporales	Irpicaceae	Irpex	Irpex_hacksungii	k__Fungi; p__Basidiomycota; c__Agaricomycetes; o__Polyporales; f__Irpicaceae; g__Irpex; s__Irpex_hacksungii	qiime_retained_no_blast_species	No BLAST species-level top hit was available.
60c4503cc5091926c0fe5039f5800884	k__Fungi; p__Ascomycota; c__Dothideomycetes; o__Pleosporales; f__Phaeosphaeriaceae; g__Paraphoma; s__Paraphoma_g	0.78028292651377	k__Fungi;p__Ascomycota;c__Dothideomycetes;o__Pleosporales;f__Phaeosphaeriaceae;g__Paraphoma;s__Paraphoma_sp;sh__SH1409274.10FU	Fungi	Ascomycota	Dothideomycetes	Pleosporales	Phaeosphaeriaceae	Paraphoma	Paraphoma_g																								0.78028292651377	True	False	species_missing_top1_rescue	99.0	99.0	1e-10	False	False	Fungi	Ascomycota	Dothideomycetes	Pleosporales	Phaeosphaeriaceae	Paraphoma	Paraphoma_g	k__Fungi; p__Ascomycota; c__Dothideomycetes; o__Pleosporales; f__Phaeosphaeriaceae; g__Paraphoma; s__Paraphoma_g	qiime_retained_no_blast_species	No BLAST species-level top hit was available.
fdad38ba45d5b299528d74bce258e06a	k__Fungi; p__Basidiomycota; c__Agaricomycetes; o__Agaricales; f__Pluteaceae; g__Pluteus; s__Pluteus_g	0.9999999910189225	k__Fungi;p__Basidiomycota;c__Agaricomycetes;o__Agaricales;f__Pluteaceae;g__Pluteus	Fungi	Basidiomycota	Agaricomycetes	Agaricales	Pluteaceae	Pluteus	Pluteus_g																								0.9999999910189225	True	False	species_missing_top1_rescue	99.0	99.0	1e-10	False	False	Fungi	Basidiomycota	Agaricomycetes	Agaricales	Pluteaceae	Pluteus	Pluteus_g	k__Fungi; p__Basidiomycota; c__Agaricomycetes; o__Agaricales; f__Pluteaceae; g__Pluteus; s__Pluteus_g	qiime_retained_no_blast_species	No BLAST species-level top hit was available.
ede209db473731ebfe17f1dbf1c88156	k__Fungi; p__Ascomycota; c__Dothideomycetes; o__Pleosporales; f__Coniothyriaceae; g__Coniothyrium; s__Coniothyrium_sidae	0.8493267476701238	k__Fungi;p__Ascomycota;c__Dothideomycetes;o__Pleosporales;f__Coniothyriaceae;g__Coniothyrium;s__Coniothyrium_sidae;sh__SH1371941.10FU	Fungi	Ascomycota	Dothideomycetes	Pleosporales	Coniothyriaceae	Coniothyrium	Coniothyrium_sidae	NR_156261	1351734	6.05e-74	274.0	99.351	100	154	True	candidate_available	Eukaryota	Ascomycota	Dothideomycetes	Pleosporales	Phaeosphaeriaceae	Setophaeosphaeria	Setophaeosphaeria_sidae	NR_171716	Setophaeosphaeria_badalingensis	6.05e-74	274.0	99.351	100	154	0.8493267476701238	True	True	species_missing_top1_rescue	99.0	99.0	1e-10	True	False	Fungi	Ascomycota	Dothideomycetes	Pleosporales	Coniothyriaceae	Coniothyrium	Coniothyrium_sidae	k__Fungi; p__Ascomycota; c__Dothideomycetes; o__Pleosporales; f__Coniothyriaceae; g__Coniothyrium; s__Coniothyrium_sidae	qiime_retained_resolved_species	QIIME/UNITE already had a resolved species-level assignment; BLAST did not overwrite it in species_missing_top1_rescue mode.
8399a27795b0fabe060cc35c9f316118	k__Fungi; p__Basidiomycota; c__Agaricomycetes; o__Hymenochaetales; f__Hymenochaetaceae; g__Hymenochaete; s__Hymenochaete_odontoides	0.9930280798627076	k__Fungi;p__Basidiomycota;c__Agaricomycetes;o__Hymenochaetales;f__Hymenochaetaceae;g__Hymenochaete;s__Hymenochaete_odontoides;sh__SH1409366.10FU	Fungi	Basidiomycota	Agaricomycetes	Hymenochaetales	Hymenochaetaceae	Hymenochaete	Hymenochaete_odontoides																								0.9930280798627076	True	True	species_missing_top1_rescue	99.0	99.0	1e-10	False	False	Fungi	Basidiomycota	Agaricomycetes	Hymenochaetales	Hymenochaetaceae	Hymenochaete	Hymenochaete_odontoides	k__Fungi; p__Basidiomycota; c__Agaricomycetes; o__Hymenochaetales; f__Hymenochaetaceae; g__Hymenochaete; s__Hymenochaete_odontoides	qiime_retained_no_blast_species	No BLAST species-level top hit was available.
99d42c21ca1a753040983bdb71b468f8	k__Fungi; p__Ascomycota; c__Saccharomycetes; o__Saccharomycetales; f__Saccharomycetaceae; g__Kazachstania; s__Kazachstania_servazzii	0.9960225239795565	k__Fungi;p__Ascomycota;c__Saccharomycetes;o__Saccharomycetales;f__Saccharomycetaceae;g__Kazachstania;s__Kazachstania_servazzii;sh__SH1277533.10FU	Fungi	Ascomycota	Saccharomycetes	Saccharomycetales	Saccharomycetaceae	Kazachstania	Kazachstania_servazzii	NR_138193	27293	5.9e-121	431.0	99.585	100	241	False	candidate_available	Eukaryota	Ascomycota	Saccharomycetes	Saccharomycetales	Saccharomycetaceae	Monosporozyma	Monosporozyma_servazzii								0.9960225239795565	True	True	species_missing_top1_rescue	99.0	99.0	1e-10	True	False	Fungi	Ascomycota	Saccharomycetes	Saccharomycetales	Saccharomycetaceae	Kazachstania	Kazachstania_servazzii	k__Fungi; p__Ascomycota; c__Saccharomycetes; o__Saccharomycetales; f__Saccharomycetaceae; g__Kazachstania; s__Kazachstania_servazzii	qiime_retained_resolved_species	QIIME/UNITE already had a resolved species-level assignment; BLAST did not overwrite it in species_missing_top1_rescue mode.
c5fc3fd35912da93c85f5c96bd65b76d	k__Fungi; p__Ascomycota; c__Dothideomycetes; o__Pleosporales; f__Pleosporales_o; g__Pleosporales_o; s__Pleosporales_o	0.9652207376710051	k__Fungi;p__Ascomycota;c__Dothideomycetes;o__Pleosporales	Fungi	Ascomycota	Dothideomycetes	Pleosporales	Pleosporales_o	Pleosporales_o	Pleosporales_o																								0.9652207376710051	False	False	species_missing_top1_rescue	99.0	99.0	1e-10	False	False	Fungi	Ascomycota	Dothideomycetes	Pleosporales	Pleosporales_o	Pleosporales_o	Pleosporales_o	k__Fungi; p__Ascomycota; c__Dothideomycetes; o__Pleosporales; f__Pleosporales_o; g__Pleosporales_o; s__Pleosporales_o	qiime_retained_no_blast_species	No BLAST species-level top hit was available.
006daa04951eb9299f5610b4c6c17dc5	k__Fungi; p__Basidiomycota; c__Basidiomycota_p; o__Basidiomycota_p; f__Basidiomycota_p; g__Basidiomycota_p; s__Basidiomycota_p	0.9999999999671969	k__Fungi;p__Basidiomycota	Fungi	Basidiomycota	Basidiomycota_p	Basidiomycota_p	Basidiomycota_p	Basidiomycota_p	Basidiomycota_p																								0.9999999999671969	False	False	species_missing_top1_rescue	99.0	99.0	1e-10	False	False	Fungi	Basidiomycota	Basidiomycota_p	Basidiomycota_p	Basidiomycota_p	Basidiomycota_p	Basidiomycota_p	k__Fungi; p__Basidiomycota; c__Basidiomycota_p; o__Basidiomycota_p; f__Basidiomycota_p; g__Basidiomycota_p; s__Basidiomycota_p	qiime_retained_no_blast_species	No BLAST species-level top hit was available.
8e9957d6ceecc6150dc312ec6ef1b716	k__Fungi; p__Basidiomycota; c__Agaricomycetes; o__Russulales; f__Peniophoraceae; g__Peniophoraceae_f; s__Peniophoraceae_f	0.9989957602143097	k__Fungi;p__Basidiomycota;c__Agaricomycetes;o__Russulales;f__Peniophoraceae;g__Peniophoraceae_gen_Incertae_sedis;s__Peniophoraceae_sp;sh__SH1054279.10FU	Fungi	Basidiomycota	Agaricomycetes	Russulales	Peniophoraceae	Peniophoraceae_f	Peniophoraceae_f																								0.9989957602143097	False	False	species_missing_top1_rescue	99.0	99.0	1e-10	False	False	Fungi	Basidiomycota	Agaricomycetes	Russulales	Peniophoraceae	Peniophoraceae_f	Peniophoraceae_f	k__Fungi; p__Basidiomycota; c__Agaricomycetes; o__Russulales; f__Peniophoraceae; g__Peniophoraceae_f; s__Peniophoraceae_f	qiime_retained_no_blast_species	No BLAST species-level top hit was available.
61126afa4733fbaeff0e31a74c4e98ba	k__Fungi; p__Ascomycota; c__Ascomycota_p; o__Ascomycota_p; f__Ascomycota_p; g__Ascomycota_p; s__Ascomycota_p	0.999999886271515	k__Fungi;p__Ascomycota	Fungi	Ascomycota	Ascomycota_p	Ascomycota_p	Ascomycota_p	Ascomycota_p	Ascomycota_p	NR_163754	2562765	2.05e-73	271.0	100.0	100	150	True	candidate_available	Eukaryota	Ascomycota	Sordariomycetes	Hypocreales	Nectriaceae	Fusarium	Fusarium_pernambucanum	NR_164594	Fusarium_luffae	2.05e-73	271.0	100.0	100	150	0.999999886271515	False	False	species_missing_top1_rescue	99.0	99.0	1e-10	True	False	Fungi	Ascomycota	Sordariomycetes	Hypocreales	Nectriaceae	Fusarium	Fusarium_pernambucanum	k__Fungi; p__Ascomycota; c__Sordariomycetes; o__Hypocreales; f__Nectriaceae; g__Fusarium; s__Fusarium_pernambucanum	blast_top1_species_rescued_ambiguous_missing_qiime_species	QIIME/UNITE species was missing or placeholder-like and BLAST top1 species passed cutoffs; top1 was used despite ambiguous top-hit conflict.
1bf9d2e36256be1150b1fc46095f0716	k__Fungi; p__Basidiomycota; c__Agaricomycetes; o__Auriculariales; f__Auriculariaceae; g__Exidia; s__Exidia_uvapassa	0.9980256700086034	k__Fungi;p__Basidiomycota;c__Agaricomycetes;o__Auriculariales;f__Auriculariaceae;g__Exidia;s__Exidia_uvapassa;sh__SH1313388.10FU	Fungi	Basidiomycota	Agaricomycetes	Auriculariales	Auriculariaceae	Exidia	Exidia_uvapassa																								0.9980256700086034	True	True	species_missing_top1_rescue	99.0	99.0	1e-10	False	False	Fungi	Basidiomycota	Agaricomycetes	Auriculariales	Auriculariaceae	Exidia	Exidia_uvapassa	k__Fungi; p__Basidiomycota; c__Agaricomycetes; o__Auriculariales; f__Auriculariaceae; g__Exidia; s__Exidia_uvapassa	qiime_retained_no_blast_species	No BLAST species-level top hit was available.
07a2672158a9694178ccf1ab878fb08e	k__Fungi; p__Basidiomycota; c__Agaricomycetes; o__Russulales; f__Peniophoraceae; g__Peniophoraceae_f; s__Peniophoraceae_f	0.9806612012098015	k__Fungi;p__Basidiomycota;c__Agaricomycetes;o__Russulales;f__Peniophoraceae;g__Peniophoraceae_gen_Incertae_sedis;s__Peniophoraceae_sp;sh__SH1054364.10FU	Fungi	Basidiomycota	Agaricomycetes	Russulales	Peniophoraceae	Peniophoraceae_f	Peniophoraceae_f																								0.9806612012098015	False	False	species_missing_top1_rescue	99.0	99.0	1e-10	False	False	Fungi	Basidiomycota	Agaricomycetes	Russulales	Peniophoraceae	Peniophoraceae_f	Peniophoraceae_f	k__Fungi; p__Basidiomycota; c__Agaricomycetes; o__Russulales; f__Peniophoraceae; g__Peniophoraceae_f; s__Peniophoraceae_f	qiime_retained_no_blast_species	No BLAST species-level top hit was available.
04a58f1fa63710803570b8b5e2d3733e	k__Fungi; p__Ascomycota; c__Dothideomycetes; o__Pleosporales; f__Periconiaceae; g__Periconia; s__Periconia_celtidis	0.98595077439188	k__Fungi;p__Ascomycota;c__Dothideomycetes;o__Pleosporales;f__Periconiaceae;g__Periconia;s__Periconia_celtidis;sh__SH1309970.10FU	Fungi	Ascomycota	Dothideomycetes	Pleosporales	Periconiaceae	Periconia	Periconia_celtidis	NR_174830	2777685	4.11e-76	280.0	100.0	100	155	False	candidate_available	Eukaryota	Ascomycota	Dothideomycetes	Pleosporales	Periconiaceae	Periconia	Periconia_celtidis								0.98595077439188	True	True	species_missing_top1_rescue	99.0	99.0	1e-10	True	True	Fungi	Ascomycota	Dothideomycetes	Pleosporales	Periconiaceae	Periconia	Periconia_celtidis	k__Fungi; p__Ascomycota; c__Dothideomycetes; o__Pleosporales; f__Periconiaceae; g__Periconia; s__Periconia_celtidis	qiime_retained_resolved_species	QIIME/UNITE already had a resolved species-level assignment; BLAST did not overwrite it in species_missing_top1_rescue mode.
9e9aed34ec9b46ddf8b4be25bd081d10	k__Fungi; p__Ascomycota; c__Saccharomycetes; o__Saccharomycetales; f__Pichiaceae; g__Komagataella; s__Komagataella_phaffii	0.9998182447708829	k__Fungi;p__Ascomycota;c__Saccharomycetes;o__Saccharomycetales;f__Pichiaceae;g__Komagataella;s__Komagataella_phaffii;sh__SH1235229.10FU	Fungi	Ascomycota	Saccharomycetes	Saccharomycetales	Pichiaceae	Komagataella	Komagataella_phaffii																								0.9998182447708829	True	True	species_missing_top1_rescue	99.0	99.0	1e-10	False	False	Fungi	Ascomycota	Saccharomycetes	Saccharomycetales	Pichiaceae	Komagataella	Komagataella_phaffii	k__Fungi; p__Ascomycota; c__Saccharomycetes; o__Saccharomycetales; f__Pichiaceae; g__Komagataella; s__Komagataella_phaffii	qiime_retained_no_blast_species	No BLAST species-level top hit was available.
5f07fdf487c0bf4b18dc8e6534d559e0	k__Fungi; p__Basidiomycota; c__Basidiomycota_p; o__Basidiomycota_p; f__Basidiomycota_p; g__Basidiomycota_p; s__Basidiomycota_p	0.9999999998013633	k__Fungi;p__Basidiomycota	Fungi	Basidiomycota	Basidiomycota_p	Basidiomycota_p	Basidiomycota_p	Basidiomycota_p	Basidiomycota_p																								0.9999999998013633	False	False	species_missing_top1_rescue	99.0	99.0	1e-10	False	False	Fungi	Basidiomycota	Basidiomycota_p	Basidiomycota_p	Basidiomycota_p	Basidiomycota_p	Basidiomycota_p	k__Fungi; p__Basidiomycota; c__Basidiomycota_p; o__Basidiomycota_p; f__Basidiomycota_p; g__Basidiomycota_p; s__Basidiomycota_p	qiime_retained_no_blast_species	No BLAST species-level top hit was available.
671e1c45b579b74ae01911c39f15f5ed	k__Fungi; p__Basidiomycota; c__Agaricomycetes; o__Russulales; f__Peniophoraceae; g__Peniophoraceae_f; s__Peniophoraceae_f	0.9999594212821747	k__Fungi;p__Basidiomycota;c__Agaricomycetes;o__Russulales;f__Peniophoraceae;g__Peniophoraceae_gen_Incertae_sedis;s__Peniophoraceae_sp;sh__SH1054279.10FU	Fungi	Basidiomycota	Agaricomycetes	Russulales	Peniophoraceae	Peniophoraceae_f	Peniophoraceae_f																								0.9999594212821747	False	False	species_missing_top1_rescue	99.0	99.0	1e-10	False	False	Fungi	Basidiomycota	Agaricomycetes	Russulales	Peniophoraceae	Peniophoraceae_f	Peniophoraceae_f	k__Fungi; p__Basidiomycota; c__Agaricomycetes; o__Russulales; f__Peniophoraceae; g__Peniophoraceae_f; s__Peniophoraceae_f	qiime_retained_no_blast_species	No BLAST species-level top hit was available.
7c96432a999d02dd7f21cbbdf5ea202a	k__Fungi; p__Basidiomycota; c__Agaricomycetes; o__Hymenochaetales; f__Schizoporaceae; g__Hyphodontia; s__Hyphodontia_tropica	0.997890436680646	k__Fungi;p__Basidiomycota;c__Agaricomycetes;o__Hymenochaetales;f__Schizoporaceae;g__Hyphodontia;s__Hyphodontia_tropica;sh__SH1386342.10FU	Fungi	Basidiomycota	Agaricomycetes	Hymenochaetales	Schizoporaceae	Hyphodontia	Hyphodontia_tropica	NR_198413	3031043	1.08e-90	329.0	100.0	100	182	False	candidate_available	Eukaryota	Basidiomycota	Agaricomycetes	Hymenochaetales	Schizoporaceae	Xylodon	Xylodon_muchuanensis								0.997890436680646	True	True	species_missing_top1_rescue	99.0	99.0	1e-10	True	False	Fungi	Basidiomycota	Agaricomycetes	Hymenochaetales	Schizoporaceae	Hyphodontia	Hyphodontia_tropica	k__Fungi; p__Basidiomycota; c__Agaricomycetes; o__Hymenochaetales; f__Schizoporaceae; g__Hyphodontia; s__Hyphodontia_tropica	qiime_retained_resolved_species	QIIME/UNITE already had a resolved species-level assignment; BLAST did not overwrite it in species_missing_top1_rescue mode.
006332ce4ff87f6466c8309cd667b472	k__Fungi; p__Basidiomycota; c__Agaricomycetes; o__Polyporales; f__Irpicaceae; g__Irpex; s__Irpex_hacksungii	0.9888799376046359	k__Fungi;p__Basidiomycota;c__Agaricomycetes;o__Polyporales;f__Irpicaceae;g__Irpex;s__Irpex_hacksungii;sh__SH1080352.10FU	Fungi	Basidiomycota	Agaricomycetes	Polyporales	Irpicaceae	Irpex	Irpex_hacksungii																								0.9888799376046359	True	True	species_missing_top1_rescue	99.0	99.0	1e-10	False	False	Fungi	Basidiomycota	Agaricomycetes	Polyporales	Irpicaceae	Irpex	Irpex_hacksungii	k__Fungi; p__Basidiomycota; c__Agaricomycetes; o__Polyporales; f__Irpicaceae; g__Irpex; s__Irpex_hacksungii	qiime_retained_no_blast_species	No BLAST species-level top hit was available.
cb2c0e20773df56a36e2a0f9eabe0e2d	k__Fungi; p__Ascomycota; c__Leotiomycetes; o__Thelebolales; f__Thelebolaceae; g__Thelebolus; s__Thelebolus_g	0.9999750068057783	k__Fungi;p__Ascomycota;c__Leotiomycetes;o__Thelebolales;f__Thelebolaceae;g__Thelebolus;s__Thelebolus_sp;sh__SH1255014.10FU	Fungi	Ascomycota	Leotiomycetes	Thelebolales	Thelebolaceae	Thelebolus	Thelebolus_g																								0.9999750068057783	True	False	species_missing_top1_rescue	99.0	99.0	1e-10	False	False	Fungi	Ascomycota	Leotiomycetes	Thelebolales	Thelebolaceae	Thelebolus	Thelebolus_g	k__Fungi; p__Ascomycota; c__Leotiomycetes; o__Thelebolales; f__Thelebolaceae; g__Thelebolus; s__Thelebolus_g	qiime_retained_no_blast_species	No BLAST species-level top hit was available.
c335aefb046c3a1f098bc46b7be0bff8	k__Fungi; p__Basidiomycota; c__Agaricomycetes; o__Russulales; f__Stereaceae; g__Stereaceae_f; s__Stereaceae_f	0.9999998568286191	k__Fungi;p__Basidiomycota;c__Agaricomycetes;o__Russulales;f__Stereaceae;g__Stereaceae_gen_Incertae_sedis;s__Stereaceae_sp;sh__SH1075157.10FU	Fungi	Basidiomycota	Agaricomycetes	Russulales	Stereaceae	Stereaceae_f	Stereaceae_f																								0.9999998568286191	False	False	species_missing_top1_rescue	99.0	99.0	1e-10	False	False	Fungi	Basidiomycota	Agaricomycetes	Russulales	Stereaceae	Stereaceae_f	Stereaceae_f	k__Fungi; p__Basidiomycota; c__Agaricomycetes; o__Russulales; f__Stereaceae; g__Stereaceae_f; s__Stereaceae_f	qiime_retained_no_blast_species	No BLAST species-level top hit was available.
787f8227d35c58c25e5a1baaff22bcc5	k__Fungi; p__Basidiomycota; c__Agaricomycetes; o__Polyporales; f__Phanerochaetaceae; g__Phanerochaete; s__Phanerochaete_g	0.913991287139105	k__Fungi;p__Basidiomycota;c__Agaricomycetes;o__Polyporales;f__Phanerochaetaceae;g__Phanerochaete	Fungi	Basidiomycota	Agaricomycetes	Polyporales	Phanerochaetaceae	Phanerochaete	Phanerochaete_g																								0.913991287139105	True	False	species_missing_top1_rescue	99.0	99.0	1e-10	False	False	Fungi	Basidiomycota	Agaricomycetes	Polyporales	Phanerochaetaceae	Phanerochaete	Phanerochaete_g	k__Fungi; p__Basidiomycota; c__Agaricomycetes; o__Polyporales; f__Phanerochaetaceae; g__Phanerochaete; s__Phanerochaete_g	qiime_retained_no_blast_species	No BLAST species-level top hit was available.
44f90264df134259ebc0896303d9a493	k__Fungi; p__Ascomycota; c__Dothideomycetes; o__Pleosporales; f__Phaeosphaeriaceae; g__Neosetophoma; s__Neosetophoma_guiyangensis	0.9949390130677651	k__Fungi;p__Ascomycota;c__Dothideomycetes;o__Pleosporales;f__Phaeosphaeriaceae;g__Neosetophoma;s__Neosetophoma_guiyangensis;sh__SH1409290.10FU	Fungi	Ascomycota	Dothideomycetes	Pleosporales	Phaeosphaeriaceae	Neosetophoma	Neosetophoma_guiyangensis																								0.9949390130677651	True	True	species_missing_top1_rescue	99.0	99.0	1e-10	False	False	Fungi	Ascomycota	Dothideomycetes	Pleosporales	Phaeosphaeriaceae	Neosetophoma	Neosetophoma_guiyangensis	k__Fungi; p__Ascomycota; c__Dothideomycetes; o__Pleosporales; f__Phaeosphaeriaceae; g__Neosetophoma; s__Neosetophoma_guiyangensis	qiime_retained_no_blast_species	No BLAST species-level top hit was available.
cf51d4a65c9fa59fbf840dc7445265d5	k__Fungi; p__Basidiomycota; c__Agaricomycetes; o__Polyporales; f__Meruliaceae; g__Mycoaciella; s__Mycoaciella_efibulata	0.9999632605090154	k__Fungi;p__Basidiomycota;c__Agaricomycetes;o__Polyporales;f__Meruliaceae;g__Mycoaciella;s__Mycoaciella_efibulata;sh__SH1236382.10FU	Fungi	Basidiomycota	Agaricomycetes	Polyporales	Meruliaceae	Mycoaciella	Mycoaciella_efibulata																								0.9999632605090154	True	True	species_missing_top1_rescue	99.0	99.0	1e-10	False	False	Fungi	Basidiomycota	Agaricomycetes	Polyporales	Meruliaceae	Mycoaciella	Mycoaciella_efibulata	k__Fungi; p__Basidiomycota; c__Agaricomycetes; o__Polyporales; f__Meruliaceae; g__Mycoaciella; s__Mycoaciella_efibulata	qiime_retained_no_blast_species	No BLAST species-level top hit was available.
358e5aeac803d1eb8da09407f491871c	k__Fungi; p__Basidiomycota; c__Agaricomycetes; o__Polyporales; f__Polyporaceae; g__Trametes; s__Trametes_hirsuta	0.8934270529666636	k__Fungi;p__Basidiomycota;c__Agaricomycetes;o__Polyporales;f__Polyporaceae;g__Trametes;s__Trametes_hirsuta;sh__SH1240572.10FU	Fungi	Basidiomycota	Agaricomycetes	Polyporales	Polyporaceae	Trametes	Trametes_hirsuta																								0.8934270529666636	True	True	species_missing_top1_rescue	99.0	99.0	1e-10	False	False	Fungi	Basidiomycota	Agaricomycetes	Polyporales	Polyporaceae	Trametes	Trametes_hirsuta	k__Fungi; p__Basidiomycota; c__Agaricomycetes; o__Polyporales; f__Polyporaceae; g__Trametes; s__Trametes_hirsuta	qiime_retained_no_blast_species	No BLAST species-level top hit was available.
6da5475f6575f181dd87a66917e36920	k__Fungi; p__Basidiomycota; c__Agaricomycetes; o__Cantharellales; f__Hydnaceae; g__Sistotrema; s__Sistotrema_brinkmannii	0.9938838395822174	k__Fungi;p__Basidiomycota;c__Agaricomycetes;o__Cantharellales;f__Hydnaceae;g__Sistotrema;s__Sistotrema_brinkmannii;sh__SH1222332.10FU	Fungi	Basidiomycota	Agaricomycetes	Cantharellales	Hydnaceae	Sistotrema	Sistotrema_brinkmannii																								0.9938838395822174	True	True	species_missing_top1_rescue	99.0	99.0	1e-10	False	False	Fungi	Basidiomycota	Agaricomycetes	Cantharellales	Hydnaceae	Sistotrema	Sistotrema_brinkmannii	k__Fungi; p__Basidiomycota; c__Agaricomycetes; o__Cantharellales; f__Hydnaceae; g__Sistotrema; s__Sistotrema_brinkmannii	qiime_retained_no_blast_species	No BLAST species-level top hit was available.
5043729794cc2c896d6e9a0f1626e20e	k__Fungi; p__Basidiomycota; c__Agaricomycetes; o__Agaricales; f__Agaricales_o; g__Agaricales_o; s__Agaricales_o	0.9889094583806436	k__Fungi;p__Basidiomycota;c__Agaricomycetes;o__Agaricales;f__Agaricales_fam_Incertae_sedis;g__Agaricales_gen_Incertae_sedis;s__Agaricales_sp;sh__SH1397975.10FU	Fungi	Basidiomycota	Agaricomycetes	Agaricales	Agaricales_o	Agaricales_o	Agaricales_o																								0.9889094583806436	False	False	species_missing_top1_rescue	99.0	99.0	1e-10	False	False	Fungi	Basidiomycota	Agaricomycetes	Agaricales	Agaricales_o	Agaricales_o	Agaricales_o	k__Fungi; p__Basidiomycota; c__Agaricomycetes; o__Agaricales; f__Agaricales_o; g__Agaricales_o; s__Agaricales_o	qiime_retained_no_blast_species	No BLAST species-level top hit was available.
ca7267bef65439e30d72c01f2ab17865	k__Fungi; p__Basidiomycota; c__Agaricomycetes; o__Polyporales; f__Steccherinaceae; g__Butyrea; s__Butyrea_japonica	0.9999999122031408	k__Fungi;p__Basidiomycota;c__Agaricomycetes;o__Polyporales;f__Steccherinaceae;g__Butyrea;s__Butyrea_japonica;sh__SH1349759.10FU	Fungi	Basidiomycota	Agaricomycetes	Polyporales	Steccherinaceae	Butyrea	Butyrea_japonica																								0.9999999122031408	True	True	species_missing_top1_rescue	99.0	99.0	1e-10	False	False	Fungi	Basidiomycota	Agaricomycetes	Polyporales	Steccherinaceae	Butyrea	Butyrea_japonica	k__Fungi; p__Basidiomycota; c__Agaricomycetes; o__Polyporales; f__Steccherinaceae; g__Butyrea; s__Butyrea_japonica	qiime_retained_no_blast_species	No BLAST species-level top hit was available.
040c1e07de80d76e56f1d8b0b573ca34	k__Fungi; p__Ascomycota; c__Dothideomycetes; o__Pleosporales; f__Phaeosphaeriaceae; g__Leptospora; s__Leptospora_g	0.9999880840943238	k__Fungi;p__Ascomycota;c__Dothideomycetes;o__Pleosporales;f__Phaeosphaeriaceae;g__Leptospora;s__Leptospora_sp;sh__SH1338567.10FU	Fungi	Ascomycota	Dothideomycetes	Pleosporales	Phaeosphaeriaceae	Leptospora	Leptospora_g																								0.9999880840943238	True	False	species_missing_top1_rescue	99.0	99.0	1e-10	False	False	Fungi	Ascomycota	Dothideomycetes	Pleosporales	Phaeosphaeriaceae	Leptospora	Leptospora_g	k__Fungi; p__Ascomycota; c__Dothideomycetes; o__Pleosporales; f__Phaeosphaeriaceae; g__Leptospora; s__Leptospora_g	qiime_retained_no_blast_species	No BLAST species-level top hit was available.
5c8e2d68a3058342eb5318f0efcfef0e	k__Fungi; p__Basidiomycota; c__Agaricomycetes; o__Polyporales; f__Meruliaceae; g__Scopuloides; s__Scopuloides_hydnoides	0.7948309722836048	k__Fungi;p__Basidiomycota;c__Agaricomycetes;o__Polyporales;f__Meruliaceae;g__Scopuloides;s__Scopuloides_hydnoides	Fungi	Basidiomycota	Agaricomycetes	Polyporales	Meruliaceae	Scopuloides	Scopuloides_hydnoides																								0.7948309722836048	True	True	species_missing_top1_rescue	99.0	99.0	1e-10	False	False	Fungi	Basidiomycota	Agaricomycetes	Polyporales	Meruliaceae	Scopuloides	Scopuloides_hydnoides	k__Fungi; p__Basidiomycota; c__Agaricomycetes; o__Polyporales; f__Meruliaceae; g__Scopuloides; s__Scopuloides_hydnoides	qiime_retained_no_blast_species	No BLAST species-level top hit was available.
ad5b23f99209f0b603e0c87d6cd42113	k__Fungi; p__Basidiomycota; c__Agaricomycetes; o__Polyporales; f__Polyporaceae; g__Trametes; s__Trametes_hirsuta	0.8989603844968416	k__Fungi;p__Basidiomycota;c__Agaricomycetes;o__Polyporales;f__Polyporaceae;g__Trametes;s__Trametes_hirsuta;sh__SH1240572.10FU	Fungi	Basidiomycota	Agaricomycetes	Polyporales	Polyporaceae	Trametes	Trametes_hirsuta																								0.8989603844968416	True	True	species_missing_top1_rescue	99.0	99.0	1e-10	False	False	Fungi	Basidiomycota	Agaricomycetes	Polyporales	Polyporaceae	Trametes	Trametes_hirsuta	k__Fungi; p__Basidiomycota; c__Agaricomycetes; o__Polyporales; f__Polyporaceae; g__Trametes; s__Trametes_hirsuta	qiime_retained_no_blast_species	No BLAST species-level top hit was available.
6850c27dec2af54194264e1aebf97dcd	k__Fungi; p__Fungi_k; c__Fungi_k; o__Fungi_k; f__Fungi_k; g__Fungi_k; s__Fungi_k	1.0000000000000113	k__Fungi	Fungi	Fungi_k	Fungi_k	Fungi_k	Fungi_k	Fungi_k	Fungi_k																								1.0000000000000113	False	False	species_missing_top1_rescue	99.0	99.0	1e-10	False	False	Fungi	Fungi_k	Fungi_k	Fungi_k	Fungi_k	Fungi_k	Fungi_k	k__Fungi; p__Fungi_k; c__Fungi_k; o__Fungi_k; f__Fungi_k; g__Fungi_k; s__Fungi_k	qiime_retained_no_blast_species	No BLAST species-level top hit was available.
542c250da51659a9eb63accee552bd58	k__Fungi; p__Basidiomycota; c__Agaricomycetes; o__Polyporales; f__Polyporaceae; g__Trametes; s__Trametes_versicolor	0.9261722953834852	k__Fungi;p__Basidiomycota;c__Agaricomycetes;o__Polyporales;f__Polyporaceae;g__Trametes;s__Trametes_versicolor;sh__SH1088860.10FU	Fungi	Basidiomycota	Agaricomycetes	Polyporales	Polyporaceae	Trametes	Trametes_versicolor																								0.9261722953834852	True	True	species_missing_top1_rescue	99.0	99.0	1e-10	False	False	Fungi	Basidiomycota	Agaricomycetes	Polyporales	Polyporaceae	Trametes	Trametes_versicolor	k__Fungi; p__Basidiomycota; c__Agaricomycetes; o__Polyporales; f__Polyporaceae; g__Trametes; s__Trametes_versicolor	qiime_retained_no_blast_species	No BLAST species-level top hit was available.
955540425e10bfa281031158fb849591	k__Fungi; p__Basidiomycota; c__Agaricomycetes; o__Polyporales; f__Meruliaceae; g__Mycoaciella; s__Mycoaciella_efibulata	0.9999943905249626	k__Fungi;p__Basidiomycota;c__Agaricomycetes;o__Polyporales;f__Meruliaceae;g__Mycoaciella;s__Mycoaciella_efibulata;sh__SH1236382.10FU	Fungi	Basidiomycota	Agaricomycetes	Polyporales	Meruliaceae	Mycoaciella	Mycoaciella_efibulata	NR_175188	2849271	7.6e-93	337.0	99.471	100	189	False	candidate_available	Eukaryota	Basidiomycota	Agaricomycetes	Polyporales	Meruliaceae	Mycoaciella	Mycoaciella_efibulata								0.9999943905249626	True	True	species_missing_top1_rescue	99.0	99.0	1e-10	True	True	Fungi	Basidiomycota	Agaricomycetes	Polyporales	Meruliaceae	Mycoaciella	Mycoaciella_efibulata	k__Fungi; p__Basidiomycota; c__Agaricomycetes; o__Polyporales; f__Meruliaceae; g__Mycoaciella; s__Mycoaciella_efibulata	qiime_retained_resolved_species	QIIME/UNITE already had a resolved species-level assignment; BLAST did not overwrite it in species_missing_top1_rescue mode.
61ac22dac6fb3801dc5ea4a2a0f37828	k__Fungi; p__Basidiomycota; c__Agaricomycetes; o__Agaricales; f__Pleurotaceae; g__Pleurotus; s__Pleurotus_g	0.9999863739363296	k__Fungi;p__Basidiomycota;c__Agaricomycetes;o__Agaricales;f__Pleurotaceae;g__Pleurotus	Fungi	Basidiomycota	Agaricomycetes	Agaricales	Pleurotaceae	Pleurotus	Pleurotus_g	NR_163515	5322	3.01e-98	355.0	99.497	100	199	False	candidate_available	Eukaryota	Basidiomycota	Agaricomycetes	Agaricales	Pleurotaceae	Pleurotus	Pleurotus_ostreatus								0.9999863739363296	True	False	species_missing_top1_rescue	99.0	99.0	1e-10	True	True	Fungi	Basidiomycota	Agaricomycetes	Agaricales	Pleurotaceae	Pleurotus	Pleurotus_ostreatus	k__Fungi; p__Basidiomycota; c__Agaricomycetes; o__Agaricales; f__Pleurotaceae; g__Pleurotus; s__Pleurotus_ostreatus	blast_top1_species_rescued_missing_qiime_species	QIIME/UNITE species was missing or placeholder-like and BLAST top1 species passed high-confidence cutoffs.
e696a65744372846e5a5ad7901af11d5	k__Fungi; p__Fungi_k; c__Fungi_k; o__Fungi_k; f__Fungi_k; g__Fungi_k; s__Fungi_k	0.9999999999999999	k__Fungi	Fungi	Fungi_k	Fungi_k	Fungi_k	Fungi_k	Fungi_k	Fungi_k																								0.9999999999999999	False	False	species_missing_top1_rescue	99.0	99.0	1e-10	False	False	Fungi	Fungi_k	Fungi_k	Fungi_k	Fungi_k	Fungi_k	Fungi_k	k__Fungi; p__Fungi_k; c__Fungi_k; o__Fungi_k; f__Fungi_k; g__Fungi_k; s__Fungi_k	qiime_retained_no_blast_species	No BLAST species-level top hit was available.
f4e14db83b8c8f27154cef63832ebf60	k__Fungi; p__Basidiomycota; c__Agaricomycetes; o__Polyporales; f__Meruliaceae; g__Phlebia; s__Phlebia_acanthocystis	0.9985284469061505	k__Fungi;p__Basidiomycota;c__Agaricomycetes;o__Polyporales;f__Meruliaceae;g__Phlebia;s__Phlebia_acanthocystis;sh__SH1236377.10FU	Fungi	Basidiomycota	Agaricomycetes	Polyporales	Meruliaceae	Phlebia	Phlebia_acanthocystis																								0.9985284469061505	True	True	species_missing_top1_rescue	99.0	99.0	1e-10	False	False	Fungi	Basidiomycota	Agaricomycetes	Polyporales	Meruliaceae	Phlebia	Phlebia_acanthocystis	k__Fungi; p__Basidiomycota; c__Agaricomycetes; o__Polyporales; f__Meruliaceae; g__Phlebia; s__Phlebia_acanthocystis	qiime_retained_no_blast_species	No BLAST species-level top hit was available.
ef7c4591e1b81a9863d21132d9f67bb6	k__Fungi; p__Basidiomycota; c__Agaricomycetes; o__Russulales; f__Hericiaceae; g__Hericiaceae_f; s__Hericiaceae_f	0.9824517771712132	k__Fungi;p__Basidiomycota;c__Agaricomycetes;o__Russulales;f__Hericiaceae;g__Hericiaceae_gen_Incertae_sedis;s__Hericiaceae_sp;sh__SH1157887.10FU	Fungi	Basidiomycota	Agaricomycetes	Russulales	Hericiaceae	Hericiaceae_f	Hericiaceae_f																								0.9824517771712132	False	False	species_missing_top1_rescue	99.0	99.0	1e-10	False	False	Fungi	Basidiomycota	Agaricomycetes	Russulales	Hericiaceae	Hericiaceae_f	Hericiaceae_f	k__Fungi; p__Basidiomycota; c__Agaricomycetes; o__Russulales; f__Hericiaceae; g__Hericiaceae_f; s__Hericiaceae_f	qiime_retained_no_blast_species	No BLAST species-level top hit was available.
b8a24610670d3ac10f0d3befe6902222	k__Fungi; p__Basidiomycota; c__Agaricomycetes; o__Polyporales; f__Phanerochaetaceae; g__Phanerochaete; s__Phanerochaete_cumulodentata	0.989465155750665	k__Fungi;p__Basidiomycota;c__Agaricomycetes;o__Polyporales;f__Phanerochaetaceae;g__Phanerochaete;s__Phanerochaete_cumulodentata;sh__SH1412803.10FU	Fungi	Basidiomycota	Agaricomycetes	Polyporales	Phanerochaetaceae	Phanerochaete	Phanerochaete_cumulodentata																								0.989465155750665	True	True	species_missing_top1_rescue	99.0	99.0	1e-10	False	False	Fungi	Basidiomycota	Agaricomycetes	Polyporales	Phanerochaetaceae	Phanerochaete	Phanerochaete_cumulodentata	k__Fungi; p__Basidiomycota; c__Agaricomycetes; o__Polyporales; f__Phanerochaetaceae; g__Phanerochaete; s__Phanerochaete_cumulodentata	qiime_retained_no_blast_species	No BLAST species-level top hit was available.
f0547560c210f8f296ce2aa804c875d4	k__Fungi; p__Basidiomycota; c__Agaricomycetes; o__Polyporales; f__Meruliaceae; g__Mycoaciella; s__Mycoaciella_efibulata	0.9999905638992294	k__Fungi;p__Basidiomycota;c__Agaricomycetes;o__Polyporales;f__Meruliaceae;g__Mycoaciella;s__Mycoaciella_efibulata;sh__SH1236382.10FU	Fungi	Basidiomycota	Agaricomycetes	Polyporales	Meruliaceae	Mycoaciella	Mycoaciella_efibulata																								0.9999905638992294	True	True	species_missing_top1_rescue	99.0	99.0	1e-10	False	False	Fungi	Basidiomycota	Agaricomycetes	Polyporales	Meruliaceae	Mycoaciella	Mycoaciella_efibulata	k__Fungi; p__Basidiomycota; c__Agaricomycetes; o__Polyporales; f__Meruliaceae; g__Mycoaciella; s__Mycoaciella_efibulata	qiime_retained_no_blast_species	No BLAST species-level top hit was available.
026c5263ced8f41669b14f7ee3ab05a6	k__Fungi; p__Ascomycota; c__Dothideomycetes; o__Pleosporales; f__Phaeosphaeriaceae; g__Ophiosphaerella; s__Ophiosphaerella_chiangraiensis	0.9989735159461679	k__Fungi;p__Ascomycota;c__Dothideomycetes;o__Pleosporales;f__Phaeosphaeriaceae;g__Ophiosphaerella;s__Ophiosphaerella_chiangraiensis;sh__SH1346430.10FU	Fungi	Ascomycota	Dothideomycetes	Pleosporales	Phaeosphaeriaceae	Ophiosphaerella	Ophiosphaerella_chiangraiensis																								0.9989735159461679	True	True	species_missing_top1_rescue	99.0	99.0	1e-10	False	False	Fungi	Ascomycota	Dothideomycetes	Pleosporales	Phaeosphaeriaceae	Ophiosphaerella	Ophiosphaerella_chiangraiensis	k__Fungi; p__Ascomycota; c__Dothideomycetes; o__Pleosporales; f__Phaeosphaeriaceae; g__Ophiosphaerella; s__Ophiosphaerella_chiangraiensis	qiime_retained_no_blast_species	No BLAST species-level top hit was available.
cc6d7b7ac9f42ac1add61a4e92cca4d0	k__Fungi; p__Basidiomycota; c__Agaricomycetes; o__Trechisporales; f__Trechisporales_o; g__Trechisporales_o; s__Trechisporales_o	0.9749285524885384	k__Fungi;p__Basidiomycota;c__Agaricomycetes;o__Trechisporales;f__Trechisporales_fam_Incertae_sedis;g__Trechisporales_gen_Incertae_sedis;s__Trechisporales_sp;sh__SH1293772.10FU	Fungi	Basidiomycota	Agaricomycetes	Trechisporales	Trechisporales_o	Trechisporales_o	Trechisporales_o																								0.9749285524885384	False	False	species_missing_top1_rescue	99.0	99.0	1e-10	False	False	Fungi	Basidiomycota	Agaricomycetes	Trechisporales	Trechisporales_o	Trechisporales_o	Trechisporales_o	k__Fungi; p__Basidiomycota; c__Agaricomycetes; o__Trechisporales; f__Trechisporales_o; g__Trechisporales_o; s__Trechisporales_o	qiime_retained_no_blast_species	No BLAST species-level top hit was available.
dc65b17281e536dc27c59066ed5cb2b8	k__Fungi; p__Basidiomycota; c__Agaricomycetes; o__Russulales; f__Peniophoraceae; g__Peniophoraceae_f; s__Peniophoraceae_f	0.9995902717118419	k__Fungi;p__Basidiomycota;c__Agaricomycetes;o__Russulales;f__Peniophoraceae;g__Peniophoraceae_gen_Incertae_sedis;s__Peniophoraceae_sp;sh__SH1054279.10FU	Fungi	Basidiomycota	Agaricomycetes	Russulales	Peniophoraceae	Peniophoraceae_f	Peniophoraceae_f																								0.9995902717118419	False	False	species_missing_top1_rescue	99.0	99.0	1e-10	False	False	Fungi	Basidiomycota	Agaricomycetes	Russulales	Peniophoraceae	Peniophoraceae_f	Peniophoraceae_f	k__Fungi; p__Basidiomycota; c__Agaricomycetes; o__Russulales; f__Peniophoraceae; g__Peniophoraceae_f; s__Peniophoraceae_f	qiime_retained_no_blast_species	No BLAST species-level top hit was available.
19e8704f50ae86ef8705db9c3141d9da	k__Fungi; p__Basidiomycota; c__Agaricomycetes; o__Polyporales; f__Hyphodermataceae; g__Hyphoderma; s__Hyphoderma_setigerum	0.9999999999930935	k__Fungi;p__Basidiomycota;c__Agaricomycetes;o__Polyporales;f__Hyphodermataceae;g__Hyphoderma;s__Hyphoderma_setigerum;sh__SH1251710.10FU	Fungi	Basidiomycota	Agaricomycetes	Polyporales	Hyphodermataceae	Hyphoderma	Hyphoderma_setigerum																								0.9999999999930935	True	True	species_missing_top1_rescue	99.0	99.0	1e-10	False	False	Fungi	Basidiomycota	Agaricomycetes	Polyporales	Hyphodermataceae	Hyphoderma	Hyphoderma_setigerum	k__Fungi; p__Basidiomycota; c__Agaricomycetes; o__Polyporales; f__Hyphodermataceae; g__Hyphoderma; s__Hyphoderma_setigerum	qiime_retained_no_blast_species	No BLAST species-level top hit was available.
af27df91c11b097ab5c3f306fe0f535d	k__Fungi; p__Basidiomycota; c__Agaricomycetes; o__Russulales; f__Stereaceae; g__Stereaceae_f; s__Stereaceae_f	0.9999998640356389	k__Fungi;p__Basidiomycota;c__Agaricomycetes;o__Russulales;f__Stereaceae;g__Stereaceae_gen_Incertae_sedis;s__Stereaceae_sp;sh__SH1075157.10FU	Fungi	Basidiomycota	Agaricomycetes	Russulales	Stereaceae	Stereaceae_f	Stereaceae_f																								0.9999998640356389	False	False	species_missing_top1_rescue	99.0	99.0	1e-10	False	False	Fungi	Basidiomycota	Agaricomycetes	Russulales	Stereaceae	Stereaceae_f	Stereaceae_f	k__Fungi; p__Basidiomycota; c__Agaricomycetes; o__Russulales; f__Stereaceae; g__Stereaceae_f; s__Stereaceae_f	qiime_retained_no_blast_species	No BLAST species-level top hit was available.
1a08b9d790491512c9b5ccdbebb31c4d	k__Fungi; p__Basidiomycota; c__Agaricomycetes; o__Polyporales; f__Polyporales_o; g__Polyporales_o; s__Polyporales_o	0.9055371340799898	k__Fungi;p__Basidiomycota;c__Agaricomycetes;o__Polyporales;f__Polyporales_fam_Incertae_sedis;g__Polyporales_gen_Incertae_sedis;s__Polyporales_sp;sh__SH1290599.10FU	Fungi	Basidiomycota	Agaricomycetes	Polyporales	Polyporales_o	Polyporales_o	Polyporales_o																								0.9055371340799898	False	False	species_missing_top1_rescue	99.0	99.0	1e-10	False	False	Fungi	Basidiomycota	Agaricomycetes	Polyporales	Polyporales_o	Polyporales_o	Polyporales_o	k__Fungi; p__Basidiomycota; c__Agaricomycetes; o__Polyporales; f__Polyporales_o; g__Polyporales_o; s__Polyporales_o	qiime_retained_no_blast_species	No BLAST species-level top hit was available.
0e5c75d336000a526d2c07363fd305d0	k__Fungi; p__Basidiomycota; c__Agaricomycetes; o__Russulales; f__Peniophoraceae; g__Peniophoraceae_f; s__Peniophoraceae_f	0.9999834061569477	k__Fungi;p__Basidiomycota;c__Agaricomycetes;o__Russulales;f__Peniophoraceae;g__Peniophoraceae_gen_Incertae_sedis;s__Peniophoraceae_sp;sh__SH1054279.10FU	Fungi	Basidiomycota	Agaricomycetes	Russulales	Peniophoraceae	Peniophoraceae_f	Peniophoraceae_f																								0.9999834061569477	False	False	species_missing_top1_rescue	99.0	99.0	1e-10	False	False	Fungi	Basidiomycota	Agaricomycetes	Russulales	Peniophoraceae	Peniophoraceae_f	Peniophoraceae_f	k__Fungi; p__Basidiomycota; c__Agaricomycetes; o__Russulales; f__Peniophoraceae; g__Peniophoraceae_f; s__Peniophoraceae_f	qiime_retained_no_blast_species	No BLAST species-level top hit was available.
d00e6d83defe1a30a8b325b1610196d3	k__Fungi; p__Basidiomycota; c__Agaricomycetes; o__Agaricales; f__Entolomataceae; g__Clitopilus; s__Clitopilus_baronii	0.7749520936435265	k__Fungi;p__Basidiomycota;c__Agaricomycetes;o__Agaricales;f__Entolomataceae;g__Clitopilus;s__Clitopilus_baronii;sh__SH1217598.10FU	Fungi	Basidiomycota	Agaricomycetes	Agaricales	Entolomataceae	Clitopilus	Clitopilus_baronii																								0.7749520936435265	True	True	species_missing_top1_rescue	99.0	99.0	1e-10	False	False	Fungi	Basidiomycota	Agaricomycetes	Agaricales	Entolomataceae	Clitopilus	Clitopilus_baronii	k__Fungi; p__Basidiomycota; c__Agaricomycetes; o__Agaricales; f__Entolomataceae; g__Clitopilus; s__Clitopilus_baronii	qiime_retained_no_blast_species	No BLAST species-level top hit was available.
7b0c2826eb7474c7abe104a585597010	k__Fungi; p__Ascomycota; c__Sordariomycetes; o__Diaporthales; f__Gnomoniaceae; g__Ophiognomonia; s__Ophiognomonia_g	0.9413989116858618	k__Fungi;p__Ascomycota;c__Sordariomycetes;o__Diaporthales;f__Gnomoniaceae;g__Ophiognomonia	Fungi	Ascomycota	Sordariomycetes	Diaporthales	Gnomoniaceae	Ophiognomonia	Ophiognomonia_g	NR_119677	1150118	1.48e-75	279.0	99.363	99	157	True	candidate_available	Eukaryota	Ascomycota	Sordariomycetes	Diaporthales	Gnomoniaceae	Ophiognomonia	Ophiognomonia_pseudoischnostyla	NR_120057	Ophiognomonia_asiatica	1.48e-75	279.0	99.363	99	157	0.9413989116858618	True	False	species_missing_top1_rescue	99.0	99.0	1e-10	True	True	Fungi	Ascomycota	Sordariomycetes	Diaporthales	Gnomoniaceae	Ophiognomonia	Ophiognomonia_pseudoischnostyla	k__Fungi; p__Ascomycota; c__Sordariomycetes; o__Diaporthales; f__Gnomoniaceae; g__Ophiognomonia; s__Ophiognomonia_pseudoischnostyla	blast_top1_species_rescued_ambiguous_missing_qiime_species	QIIME/UNITE species was missing or placeholder-like and BLAST top1 species passed cutoffs; top1 was used despite ambiguous top-hit conflict.
168e27f59b5437d613141aaa2f916072	k__Fungi; p__Ascomycota; c__Saccharomycetes; o__Saccharomycetales; f__Dipodascaceae; g__Dipodascaceae_f; s__Dipodascaceae_f	0.9844214551217718	k__Fungi;p__Ascomycota;c__Saccharomycetes;o__Saccharomycetales;f__Dipodascaceae;g__Dipodascaceae_gen_Incertae_sedis;s__Dipodascaceae_sp;sh__SH1212575.10FU	Fungi	Ascomycota	Saccharomycetes	Saccharomycetales	Dipodascaceae	Dipodascaceae_f	Dipodascaceae_f																								0.9844214551217718	False	False	species_missing_top1_rescue	99.0	99.0	1e-10	False	False	Fungi	Ascomycota	Saccharomycetes	Saccharomycetales	Dipodascaceae	Dipodascaceae_f	Dipodascaceae_f	k__Fungi; p__Ascomycota; c__Saccharomycetes; o__Saccharomycetales; f__Dipodascaceae; g__Dipodascaceae_f; s__Dipodascaceae_f	qiime_retained_no_blast_species	No BLAST species-level top hit was available.
bb441be8bdf01e38ec90a625715d3f96	k__Fungi; p__Basidiomycota; c__Agaricomycetes; o__Polyporales; f__Phanerochaetaceae; g__Phlebiopsis; s__Phlebiopsis_gigantea	0.8146908422343184	k__Fungi;p__Basidiomycota;c__Agaricomycetes;o__Polyporales;f__Phanerochaetaceae;g__Phlebiopsis;s__Phlebiopsis_gigantea;sh__SH1412890.10FU	Fungi	Basidiomycota	Agaricomycetes	Polyporales	Phanerochaetaceae	Phlebiopsis	Phlebiopsis_gigantea	NR_175192	2908110	2.09e-100	361.0	99.024	100	205	False	candidate_available	Eukaryota	Basidiomycota	Agaricomycetes	Polyporales	Phanerochaetaceae	Phlebiopsis	Phlebiopsis_odontoidea								0.8146908422343184	True	True	species_missing_top1_rescue	99.0	99.0	1e-10	True	True	Fungi	Basidiomycota	Agaricomycetes	Polyporales	Phanerochaetaceae	Phlebiopsis	Phlebiopsis_gigantea	k__Fungi; p__Basidiomycota; c__Agaricomycetes; o__Polyporales; f__Phanerochaetaceae; g__Phlebiopsis; s__Phlebiopsis_gigantea	qiime_retained_resolved_species	QIIME/UNITE already had a resolved species-level assignment; BLAST did not overwrite it in species_missing_top1_rescue mode.
06170a68f344fc34f5fbbd044733994e	k__Fungi; p__Basidiomycota; c__Agaricomycetes; o__Hymenochaetales; f__Schizoporaceae; g__Xylodon; s__Xylodon_flaviporus	0.9907673381818378	k__Fungi;p__Basidiomycota;c__Agaricomycetes;o__Hymenochaetales;f__Schizoporaceae;g__Xylodon;s__Xylodon_flaviporus;sh__SH1386323.10FU	Fungi	Basidiomycota	Agaricomycetes	Hymenochaetales	Schizoporaceae	Xylodon	Xylodon_flaviporus																								0.9907673381818378	True	True	species_missing_top1_rescue	99.0	99.0	1e-10	False	False	Fungi	Basidiomycota	Agaricomycetes	Hymenochaetales	Schizoporaceae	Xylodon	Xylodon_flaviporus	k__Fungi; p__Basidiomycota; c__Agaricomycetes; o__Hymenochaetales; f__Schizoporaceae; g__Xylodon; s__Xylodon_flaviporus	qiime_retained_no_blast_species	No BLAST species-level top hit was available.
82a2523cca06ea4da6692908c23a4d60	k__Fungi; p__Basidiomycota; c__Agaricomycetes; o__Cantharellales; f__Ceratobasidiaceae; g__Ceratobasidium; s__Ceratobasidium_g	0.9759885456663373	k__Fungi;p__Basidiomycota;c__Agaricomycetes;o__Cantharellales;f__Ceratobasidiaceae;g__Ceratobasidium;s__Ceratobasidium_sp;sh__SH1366566.10FU	Fungi	Basidiomycota	Agaricomycetes	Cantharellales	Ceratobasidiaceae	Ceratobasidium	Ceratobasidium_g																								0.9759885456663373	True	False	species_missing_top1_rescue	99.0	99.0	1e-10	False	False	Fungi	Basidiomycota	Agaricomycetes	Cantharellales	Ceratobasidiaceae	Ceratobasidium	Ceratobasidium_g	k__Fungi; p__Basidiomycota; c__Agaricomycetes; o__Cantharellales; f__Ceratobasidiaceae; g__Ceratobasidium; s__Ceratobasidium_g	qiime_retained_no_blast_species	No BLAST species-level top hit was available.
ed1c2120a1da64cd9a0b5ea27488f1cd	k__Fungi; p__Ascomycota; c__Dothideomycetes; o__Pleosporales; f__Phaeosphaeriaceae; g__Paraphoma; s__Paraphoma_g	0.7824991872972642	k__Fungi;p__Ascomycota;c__Dothideomycetes;o__Pleosporales;f__Phaeosphaeriaceae;g__Paraphoma;s__Paraphoma_sp	Fungi	Ascomycota	Dothideomycetes	Pleosporales	Phaeosphaeriaceae	Paraphoma	Paraphoma_g	NR_154344	2024343	2.15e-66	249.0	99.286	100	140	False	candidate_available	Eukaryota	Ascomycota	Dothideomycetes	Pleosporales	Phaeosphaeriaceae	Paraphoma	Paraphoma_pye								0.7824991872972642	True	False	species_missing_top1_rescue	99.0	99.0	1e-10	True	True	Fungi	Ascomycota	Dothideomycetes	Pleosporales	Phaeosphaeriaceae	Paraphoma	Paraphoma_pye	k__Fungi; p__Ascomycota; c__Dothideomycetes; o__Pleosporales; f__Phaeosphaeriaceae; g__Paraphoma; s__Paraphoma_pye	blast_top1_species_rescued_missing_qiime_species	QIIME/UNITE species was missing or placeholder-like and BLAST top1 species passed high-confidence cutoffs.
4a9eebc6771e1b0950879ee3dd5c5c70	k__Fungi; p__Ascomycota; c__Dothideomycetes; o__Dothideales; f__Saccotheciaceae; g__Aureobasidium; s__Aureobasidium_pullulans	0.9996521610201857	k__Fungi;p__Ascomycota;c__Dothideomycetes;o__Dothideales;f__Saccotheciaceae;g__Aureobasidium;s__Aureobasidium_pullulans;sh__SH1290132.10FU	Fungi	Ascomycota	Dothideomycetes	Dothideales	Saccotheciaceae	Aureobasidium	Aureobasidium_pullulans																								0.9996521610201857	True	True	species_missing_top1_rescue	99.0	99.0	1e-10	False	False	Fungi	Ascomycota	Dothideomycetes	Dothideales	Saccotheciaceae	Aureobasidium	Aureobasidium_pullulans	k__Fungi; p__Ascomycota; c__Dothideomycetes; o__Dothideales; f__Saccotheciaceae; g__Aureobasidium; s__Aureobasidium_pullulans	qiime_retained_no_blast_species	No BLAST species-level top hit was available.
d77de9b0c238f001eff17e8590bee7f3	k__Fungi; p__Fungi_k; c__Fungi_k; o__Fungi_k; f__Fungi_k; g__Fungi_k; s__Fungi_k	0.999999999999999	k__Fungi	Fungi	Fungi_k	Fungi_k	Fungi_k	Fungi_k	Fungi_k	Fungi_k																								0.999999999999999	False	False	species_missing_top1_rescue	99.0	99.0	1e-10	False	False	Fungi	Fungi_k	Fungi_k	Fungi_k	Fungi_k	Fungi_k	Fungi_k	k__Fungi; p__Fungi_k; c__Fungi_k; o__Fungi_k; f__Fungi_k; g__Fungi_k; s__Fungi_k	qiime_retained_no_blast_species	No BLAST species-level top hit was available.
dcc55e98f520f9d97db040a6f18089ed	k__Fungi; p__Ascomycota; c__Dothideomycetes; o__Mycosphaerellales; f__Mycosphaerellaceae; g__Ramularia; s__Ramularia_g	0.9956637569801152	k__Fungi;p__Ascomycota;c__Dothideomycetes;o__Mycosphaerellales;f__Mycosphaerellaceae;g__Ramularia	Fungi	Ascomycota	Dothideomycetes	Mycosphaerellales	Mycosphaerellaceae	Ramularia	Ramularia_g	NR_145121	445188	4.23e-69	257.0	100.0	100	142	False	candidate_available	Eukaryota	Ascomycota	Dothideomycetes	Mycosphaerellales	Mycosphaerellaceae	Ramularia	Ramularia_eucalypti	NR_154912	Ramularia_plurivora	1.8e-67	252.0	99.296	100	142	0.9956637569801152	True	False	species_missing_top1_rescue	99.0	99.0	1e-10	True	True	Fungi	Ascomycota	Dothideomycetes	Mycosphaerellales	Mycosphaerellaceae	Ramularia	Ramularia_eucalypti	k__Fungi; p__Ascomycota; c__Dothideomycetes; o__Mycosphaerellales; f__Mycosphaerellaceae; g__Ramularia; s__Ramularia_eucalypti	blast_top1_species_rescued_missing_qiime_species	QIIME/UNITE species was missing or placeholder-like and BLAST top1 species passed high-confidence cutoffs.
ce09f92e8ab71b4062be2fcbf797fc29	k__Fungi; p__Ascomycota; c__Sordariomycetes; o__Xylariales; f__Leptosilliaceae; g__Leptosillia; s__Leptosillia_g	0.8822784358473399	k__Fungi;p__Ascomycota;c__Sordariomycetes;o__Xylariales;f__Leptosilliaceae;g__Leptosillia;s__Leptosillia_sp;sh__SH1055465.10FU	Fungi	Ascomycota	Sordariomycetes	Xylariales	Leptosilliaceae	Leptosillia	Leptosillia_g																								0.8822784358473399	True	False	species_missing_top1_rescue	99.0	99.0	1e-10	False	False	Fungi	Ascomycota	Sordariomycetes	Xylariales	Leptosilliaceae	Leptosillia	Leptosillia_g	k__Fungi; p__Ascomycota; c__Sordariomycetes; o__Xylariales; f__Leptosilliaceae; g__Leptosillia; s__Leptosillia_g	qiime_retained_no_blast_species	No BLAST species-level top hit was available.
64ff5d05e3dad56364385a586b8236d4	k__Fungi; p__Ascomycota; c__Saccharomycetes; o__Saccharomycetales; f__Pichiaceae; g__Pichia; s__Pichia_kudriavzevii	0.9160739123418813	k__Fungi;p__Ascomycota;c__Saccharomycetes;o__Saccharomycetales;f__Pichiaceae;g__Pichia;s__Pichia_kudriavzevii;sh__SH1293245.10FU	Fungi	Ascomycota	Saccharomycetes	Saccharomycetales	Pichiaceae	Pichia	Pichia_kudriavzevii	NR_131315	4909	2.38e-79	291.0	100.0	100	161	False	candidate_available	Eukaryota	Ascomycota	Pichiomycetes	Pichiales	Pichiaceae	Pichia	Pichia_kudriavzevii								0.9160739123418813	True	True	species_missing_top1_rescue	99.0	99.0	1e-10	True	True	Fungi	Ascomycota	Saccharomycetes	Saccharomycetales	Pichiaceae	Pichia	Pichia_kudriavzevii	k__Fungi; p__Ascomycota; c__Saccharomycetes; o__Saccharomycetales; f__Pichiaceae; g__Pichia; s__Pichia_kudriavzevii	qiime_retained_resolved_species	QIIME/UNITE already had a resolved species-level assignment; BLAST did not overwrite it in species_missing_top1_rescue mode.
a8471a97a89292ee71b9e346420d69e1	k__Fungi; p__Ascomycota; c__Dothideomycetes; o__Pleosporales; f__Pleosporaceae; g__Alternaria; s__Alternaria_g	0.9999837748718365	k__Fungi;p__Ascomycota;c__Dothideomycetes;o__Pleosporales;f__Pleosporaceae;g__Alternaria	Fungi	Ascomycota	Dothideomycetes	Pleosporales	Pleosporaceae	Alternaria	Alternaria_g	NR_136120	1579462	4.2e-76	281.0	99.367	100	158	True	candidate_available	Eukaryota	Ascomycota	Dothideomycetes	Pleosporales	Pleosporaceae	Alternaria	Alternaria_iridiaustralis	NR_137143	Alternaria_destruens	4.2e-76	281.0	99.367	100	158	0.9999837748718365	True	False	species_missing_top1_rescue	99.0	99.0	1e-10	True	True	Fungi	Ascomycota	Dothideomycetes	Pleosporales	Pleosporaceae	Alternaria	Alternaria_iridiaustralis	k__Fungi; p__Ascomycota; c__Dothideomycetes; o__Pleosporales; f__Pleosporaceae; g__Alternaria; s__Alternaria_iridiaustralis	blast_top1_species_rescued_ambiguous_missing_qiime_species	QIIME/UNITE species was missing or placeholder-like and BLAST top1 species passed cutoffs; top1 was used despite ambiguous top-hit conflict.
387de4923eb7c1950b022e185327224b	k__Fungi; p__Ascomycota; c__Ascomycota_p; o__Ascomycota_p; f__Ascomycota_p; g__Ascomycota_p; s__Ascomycota_p	0.9992300428677721	k__Fungi;p__Ascomycota;c__Ascomycota_cls_Incertae_sedis;o__Ascomycota_ord_Incertae_sedis;f__Ascomycota_fam_Incertae_sedis;g__Ascomycota_gen_Incertae_sedis;s__Ascomycota_sp;sh__SH1190287.10FU	Fungi	Ascomycota	Ascomycota_p	Ascomycota_p	Ascomycota_p	Ascomycota_p	Ascomycota_p																								0.9992300428677721	False	False	species_missing_top1_rescue	99.0	99.0	1e-10	False	False	Fungi	Ascomycota	Ascomycota_p	Ascomycota_p	Ascomycota_p	Ascomycota_p	Ascomycota_p	k__Fungi; p__Ascomycota; c__Ascomycota_p; o__Ascomycota_p; f__Ascomycota_p; g__Ascomycota_p; s__Ascomycota_p	qiime_retained_no_blast_species	No BLAST species-level top hit was available.
36461ec46bb917ed47cd574fbefddef4	k__Fungi; p__Ascomycota; c__Dothideomycetes; o__Mycosphaerellales; f__Neodevriesiaceae; g__Neodevriesiaceae_f; s__Neodevriesiaceae_f	0.8036839862179773	k__Fungi;p__Ascomycota;c__Dothideomycetes;o__Mycosphaerellales;f__Neodevriesiaceae	Fungi	Ascomycota	Dothideomycetes	Mycosphaerellales	Neodevriesiaceae	Neodevriesiaceae_f	Neodevriesiaceae_f																								0.8036839862179773	False	False	species_missing_top1_rescue	99.0	99.0	1e-10	False	False	Fungi	Ascomycota	Dothideomycetes	Mycosphaerellales	Neodevriesiaceae	Neodevriesiaceae_f	Neodevriesiaceae_f	k__Fungi; p__Ascomycota; c__Dothideomycetes; o__Mycosphaerellales; f__Neodevriesiaceae; g__Neodevriesiaceae_f; s__Neodevriesiaceae_f	qiime_retained_no_blast_species	No BLAST species-level top hit was available.
aad545465f7a3c7d608c87b57b176a31	k__Fungi; p__Basidiomycota; c__Agaricomycetes; o__Hymenochaetales; f__Schizoporaceae; g__Xylodon; s__Xylodon_flaviporus	0.9859852456930586	k__Fungi;p__Basidiomycota;c__Agaricomycetes;o__Hymenochaetales;f__Schizoporaceae;g__Xylodon;s__Xylodon_flaviporus;sh__SH1386323.10FU	Fungi	Basidiomycota	Agaricomycetes	Hymenochaetales	Schizoporaceae	Xylodon	Xylodon_flaviporus																								0.9859852456930586	True	True	species_missing_top1_rescue	99.0	99.0	1e-10	False	False	Fungi	Basidiomycota	Agaricomycetes	Hymenochaetales	Schizoporaceae	Xylodon	Xylodon_flaviporus	k__Fungi; p__Basidiomycota; c__Agaricomycetes; o__Hymenochaetales; f__Schizoporaceae; g__Xylodon; s__Xylodon_flaviporus	qiime_retained_no_blast_species	No BLAST species-level top hit was available.
6ab43771f8d50d4e9268e3421e3e927f	k__Fungi; p__Basidiomycota; c__Agaricomycetes; o__Agaricales; f__Schizophyllaceae; g__Schizophyllum; s__Schizophyllum_commune	0.9810006060105754	k__Fungi;p__Basidiomycota;c__Agaricomycetes;o__Agaricales;f__Schizophyllaceae;g__Schizophyllum;s__Schizophyllum_commune;sh__SH1149944.10FU	Fungi	Basidiomycota	Agaricomycetes	Agaricales	Schizophyllaceae	Schizophyllum	Schizophyllum_commune																								0.9810006060105754	True	True	species_missing_top1_rescue	99.0	99.0	1e-10	False	False	Fungi	Basidiomycota	Agaricomycetes	Agaricales	Schizophyllaceae	Schizophyllum	Schizophyllum_commune	k__Fungi; p__Basidiomycota; c__Agaricomycetes; o__Agaricales; f__Schizophyllaceae; g__Schizophyllum; s__Schizophyllum_commune	qiime_retained_no_blast_species	No BLAST species-level top hit was available.
6a0e3aee96bfc2772cd53575935a9820	k__Fungi; p__Ascomycota; c__Dothideomycetes; o__Pleosporales; f__Pleosporaceae; g__Alternaria; s__Alternaria_g	0.9999971630095169	k__Fungi;p__Ascomycota;c__Dothideomycetes;o__Pleosporales;f__Pleosporaceae;g__Alternaria	Fungi	Ascomycota	Dothideomycetes	Pleosporales	Pleosporaceae	Alternaria	Alternaria_g	NR_137143	230003	9.88e-78	286.0	100.0	100	158	True	candidate_available	Eukaryota	Ascomycota	Dothideomycetes	Pleosporales	Pleosporaceae	Alternaria	Alternaria_destruens	NR_158361	Alternaria_doliconidium	9.88e-78	286.0	100.0	100	158	0.9999971630095169	True	False	species_missing_top1_rescue	99.0	99.0	1e-10	True	True	Fungi	Ascomycota	Dothideomycetes	Pleosporales	Pleosporaceae	Alternaria	Alternaria_destruens	k__Fungi; p__Ascomycota; c__Dothideomycetes; o__Pleosporales; f__Pleosporaceae; g__Alternaria; s__Alternaria_destruens	blast_top1_species_rescued_ambiguous_missing_qiime_species	QIIME/UNITE species was missing or placeholder-like and BLAST top1 species passed cutoffs; top1 was used despite ambiguous top-hit conflict.
ba6f84c5a6c850e7dd2ac7ac28facbd6	k__Fungi; p__Basidiomycota; c__Agaricomycetes; o__Agaricales; f__Schizophyllaceae; g__Schizophyllum; s__Schizophyllum_commune	0.9792246269493806	k__Fungi;p__Basidiomycota;c__Agaricomycetes;o__Agaricales;f__Schizophyllaceae;g__Schizophyllum;s__Schizophyllum_commune;sh__SH1149944.10FU	Fungi	Basidiomycota	Agaricomycetes	Agaricales	Schizophyllaceae	Schizophyllum	Schizophyllum_commune																								0.9792246269493806	True	True	species_missing_top1_rescue	99.0	99.0	1e-10	False	False	Fungi	Basidiomycota	Agaricomycetes	Agaricales	Schizophyllaceae	Schizophyllum	Schizophyllum_commune	k__Fungi; p__Basidiomycota; c__Agaricomycetes; o__Agaricales; f__Schizophyllaceae; g__Schizophyllum; s__Schizophyllum_commune	qiime_retained_no_blast_species	No BLAST species-level top hit was available.
410fa9b2d1c246b2da10b7c1800aecfe	k__Fungi; p__Basidiomycota; c__Tremellomycetes; o__Cystofilobasidiales; f__Cystofilobasidiaceae; g__Cystofilobasidium; s__Cystofilobasidium_capitatum	0.999820276207856	k__Fungi;p__Basidiomycota;c__Tremellomycetes;o__Cystofilobasidiales;f__Cystofilobasidiaceae;g__Cystofilobasidium;s__Cystofilobasidium_capitatum;sh__SH1083418.10FU	Fungi	Basidiomycota	Tremellomycetes	Cystofilobasidiales	Cystofilobasidiaceae	Cystofilobasidium	Cystofilobasidium_capitatum	NR_111042	5412	7.63e-113	404.0	99.558	100	226	False	candidate_available	Eukaryota	Basidiomycota	Tremellomycetes	Cystofilobasidiales	Cystofilobasidiaceae	Cystofilobasidium	Cystofilobasidium_capitatum								0.999820276207856	True	True	species_missing_top1_rescue	99.0	99.0	1e-10	True	True	Fungi	Basidiomycota	Tremellomycetes	Cystofilobasidiales	Cystofilobasidiaceae	Cystofilobasidium	Cystofilobasidium_capitatum	k__Fungi; p__Basidiomycota; c__Tremellomycetes; o__Cystofilobasidiales; f__Cystofilobasidiaceae; g__Cystofilobasidium; s__Cystofilobasidium_capitatum	qiime_retained_resolved_species	QIIME/UNITE already had a resolved species-level assignment; BLAST did not overwrite it in species_missing_top1_rescue mode.
9e0921e5bbd7ecf4d47f5134c8ca0d2a	k__Fungi; p__Ascomycota; c__Dothideomycetes; o__Pleosporales; f__Phaeosphaeriaceae; g__Ophiosphaerella; s__Ophiosphaerella_chiangraiensis	0.9920464094882719	k__Fungi;p__Ascomycota;c__Dothideomycetes;o__Pleosporales;f__Phaeosphaeriaceae;g__Ophiosphaerella;s__Ophiosphaerella_chiangraiensis;sh__SH1346430.10FU	Fungi	Ascomycota	Dothideomycetes	Pleosporales	Phaeosphaeriaceae	Ophiosphaerella	Ophiosphaerella_chiangraiensis																								0.9920464094882719	True	True	species_missing_top1_rescue	99.0	99.0	1e-10	False	False	Fungi	Ascomycota	Dothideomycetes	Pleosporales	Phaeosphaeriaceae	Ophiosphaerella	Ophiosphaerella_chiangraiensis	k__Fungi; p__Ascomycota; c__Dothideomycetes; o__Pleosporales; f__Phaeosphaeriaceae; g__Ophiosphaerella; s__Ophiosphaerella_chiangraiensis	qiime_retained_no_blast_species	No BLAST species-level top hit was available.
269110b876ccca673ccbec357552a076	k__Fungi; p__Basidiomycota; c__Agaricomycetes; o__Hymenochaetales; f__Schizoporaceae; g__Xylodon; s__Xylodon_exilis	0.9999950867900131	k__Fungi;p__Basidiomycota;c__Agaricomycetes;o__Hymenochaetales;f__Schizoporaceae;g__Xylodon;s__Xylodon_exilis;sh__SH1386344.10FU	Fungi	Basidiomycota	Agaricomycetes	Hymenochaetales	Schizoporaceae	Xylodon	Xylodon_exilis	NR_163312	2316195	9.15e-92	334.0	99.465	100	187	False	candidate_available	Eukaryota	Basidiomycota	Agaricomycetes	Hymenochaetales	Schizoporaceae	Xylodon	Xylodon_exilis								0.9999950867900131	True	True	species_missing_top1_rescue	99.0	99.0	1e-10	True	True	Fungi	Basidiomycota	Agaricomycetes	Hymenochaetales	Schizoporaceae	Xylodon	Xylodon_exilis	k__Fungi; p__Basidiomycota; c__Agaricomycetes; o__Hymenochaetales; f__Schizoporaceae; g__Xylodon; s__Xylodon_exilis	qiime_retained_resolved_species	QIIME/UNITE already had a resolved species-level assignment; BLAST did not overwrite it in species_missing_top1_rescue mode.
77c50df4f2148df177a3936d185bcec2	k__Fungi; p__Basidiomycota; c__Agaricomycetes; o__Hymenochaetales; f__Schizoporaceae; g__Hyphodontia; s__Hyphodontia_tropica	0.997832392051279	k__Fungi;p__Basidiomycota;c__Agaricomycetes;o__Hymenochaetales;f__Schizoporaceae;g__Hyphodontia;s__Hyphodontia_tropica;sh__SH1386342.10FU	Fungi	Basidiomycota	Agaricomycetes	Hymenochaetales	Schizoporaceae	Hyphodontia	Hyphodontia_tropica	NR_198413	3031043	4.59e-89	324.0	99.451	100	182	False	candidate_available	Eukaryota	Basidiomycota	Agaricomycetes	Hymenochaetales	Schizoporaceae	Xylodon	Xylodon_muchuanensis								0.997832392051279	True	True	species_missing_top1_rescue	99.0	99.0	1e-10	True	False	Fungi	Basidiomycota	Agaricomycetes	Hymenochaetales	Schizoporaceae	Hyphodontia	Hyphodontia_tropica	k__Fungi; p__Basidiomycota; c__Agaricomycetes; o__Hymenochaetales; f__Schizoporaceae; g__Hyphodontia; s__Hyphodontia_tropica	qiime_retained_resolved_species	QIIME/UNITE already had a resolved species-level assignment; BLAST did not overwrite it in species_missing_top1_rescue mode.
63c9b0ae5186d4f240846adf2921d2a4	k__Fungi; p__Basidiomycota; c__Agaricomycetes; o__Polyporales; f__Polyporales_o; g__Polyporales_o; s__Polyporales_o	0.9999460894991543	k__Fungi;p__Basidiomycota;c__Agaricomycetes;o__Polyporales;f__Polyporales_fam_Incertae_sedis;g__Polyporales_gen_Incertae_sedis;s__Polyporales_sp;sh__SH1236354.10FU	Fungi	Basidiomycota	Agaricomycetes	Polyporales	Polyporales_o	Polyporales_o	Polyporales_o																								0.9999460894991543	False	False	species_missing_top1_rescue	99.0	99.0	1e-10	False	False	Fungi	Basidiomycota	Agaricomycetes	Polyporales	Polyporales_o	Polyporales_o	Polyporales_o	k__Fungi; p__Basidiomycota; c__Agaricomycetes; o__Polyporales; f__Polyporales_o; g__Polyporales_o; s__Polyporales_o	qiime_retained_no_blast_species	No BLAST species-level top hit was available.
58912136ad5c68dae72bb4653a569b4d	k__Fungi; p__Basidiomycota; c__Agaricomycetes; o__Agaricales; f__Pluteaceae; g__Pluteus; s__Pluteus_castroae	0.9999999999958504	k__Fungi;p__Basidiomycota;c__Agaricomycetes;o__Agaricales;f__Pluteaceae;g__Pluteus;s__Pluteus_castroae;sh__SH1222990.10FU	Fungi	Basidiomycota	Agaricomycetes	Agaricales	Pluteaceae	Pluteus	Pluteus_castroae	NR_153253	1633329	2.04e-100	361.0	100.0	100	200	False	candidate_available	Eukaryota	Basidiomycota	Agaricomycetes	Agaricales	Pluteaceae	Pluteus	Pluteus_variabilicolor	NR_119871	Pluteus_castroae	3.02e-98	355.0	99.502	100	201	0.9999999999958504	True	True	species_missing_top1_rescue	99.0	99.0	1e-10	True	True	Fungi	Basidiomycota	Agaricomycetes	Agaricales	Pluteaceae	Pluteus	Pluteus_castroae	k__Fungi; p__Basidiomycota; c__Agaricomycetes; o__Agaricales; f__Pluteaceae; g__Pluteus; s__Pluteus_castroae	qiime_retained_resolved_species	QIIME/UNITE already had a resolved species-level assignment; BLAST did not overwrite it in species_missing_top1_rescue mode.
d7517e7d7ccfcb017edef33e6825eda1	k__Fungi; p__Basidiomycota; c__Agaricomycetes; o__Polyporales; f__Polyporales_o; g__Polyporales_o; s__Polyporales_o	0.9630257348324052	k__Fungi;p__Basidiomycota;c__Agaricomycetes;o__Polyporales;f__Polyporales_fam_Incertae_sedis;g__Polyporales_gen_Incertae_sedis;s__Polyporales_sp;sh__SH1292859.10FU	Fungi	Basidiomycota	Agaricomycetes	Polyporales	Polyporales_o	Polyporales_o	Polyporales_o																								0.9630257348324052	False	False	species_missing_top1_rescue	99.0	99.0	1e-10	False	False	Fungi	Basidiomycota	Agaricomycetes	Polyporales	Polyporales_o	Polyporales_o	Polyporales_o	k__Fungi; p__Basidiomycota; c__Agaricomycetes; o__Polyporales; f__Polyporales_o; g__Polyporales_o; s__Polyporales_o	qiime_retained_no_blast_species	No BLAST species-level top hit was available.
e88a98c4c0b539970aba2e9afdb652ff	k__Fungi; p__Basidiomycota; c__Microbotryomycetes; o__Sporidiobolales; f__Sporidiobolaceae; g__Sporobolomyces; s__Sporobolomyces_ruberrimus	0.9438946958965824	k__Fungi;p__Basidiomycota;c__Microbotryomycetes;o__Sporidiobolales;f__Sporidiobolaceae;g__Sporobolomyces;s__Sporobolomyces_ruberrimus;sh__SH1273286.10FU	Fungi	Basidiomycota	Microbotryomycetes	Sporidiobolales	Sporidiobolaceae	Sporobolomyces	Sporobolomyces_ruberrimus	NR_136959	86828	7.07e-100	360.0	100.0	100	199	False	candidate_available	Eukaryota	Basidiomycota	Microbotryomycetes	Sporidiobolales	Sporidiobolaceae	Sporobolomyces	Sporobolomyces_ruberrimus	NR_137660	Sporobolomyces_phaffii	3.01e-98	355.0	99.497	100	199	0.9438946958965824	True	True	species_missing_top1_rescue	99.0	99.0	1e-10	True	True	Fungi	Basidiomycota	Microbotryomycetes	Sporidiobolales	Sporidiobolaceae	Sporobolomyces	Sporobolomyces_ruberrimus	k__Fungi; p__Basidiomycota; c__Microbotryomycetes; o__Sporidiobolales; f__Sporidiobolaceae; g__Sporobolomyces; s__Sporobolomyces_ruberrimus	qiime_retained_resolved_species	QIIME/UNITE already had a resolved species-level assignment; BLAST did not overwrite it in species_missing_top1_rescue mode.
427b2120e9fdcd3b20071ccba4e21cc3	k__Fungi; p__Basidiomycota; c__Agaricomycetes; o__Hymenochaetales; f__Schizoporaceae; g__Schizoporaceae_f; s__Schizoporaceae_f	0.9999999521293587	k__Fungi;p__Basidiomycota;c__Agaricomycetes;o__Hymenochaetales;f__Schizoporaceae;g__Schizoporaceae_gen_Incertae_sedis;s__Schizoporaceae_sp;sh__SH1386196.10FU	Fungi	Basidiomycota	Agaricomycetes	Hymenochaetales	Schizoporaceae	Schizoporaceae_f	Schizoporaceae_f																								0.9999999521293587	False	False	species_missing_top1_rescue	99.0	99.0	1e-10	False	False	Fungi	Basidiomycota	Agaricomycetes	Hymenochaetales	Schizoporaceae	Schizoporaceae_f	Schizoporaceae_f	k__Fungi; p__Basidiomycota; c__Agaricomycetes; o__Hymenochaetales; f__Schizoporaceae; g__Schizoporaceae_f; s__Schizoporaceae_f	qiime_retained_no_blast_species	No BLAST species-level top hit was available.
1aa1322a555933d26756115adcdd8306	k__Fungi; p__Ascomycota; c__Sordariomycetes; o__Amphisphaeriales; f__Amphisphaeriales_o; g__Amphisphaeriales_o; s__Amphisphaeriales_o	0.8709159136381929	k__Fungi;p__Ascomycota;c__Sordariomycetes;o__Amphisphaeriales;f__Amphisphaeriales_fam_Incertae_sedis;g__Amphisphaeriales_gen_Incertae_sedis;s__Amphisphaeriales_sp;sh__SH1272918.10FU	Fungi	Ascomycota	Sordariomycetes	Amphisphaeriales	Amphisphaeriales_o	Amphisphaeriales_o	Amphisphaeriales_o																								0.8709159136381929	False	False	species_missing_top1_rescue	99.0	99.0	1e-10	False	False	Fungi	Ascomycota	Sordariomycetes	Amphisphaeriales	Amphisphaeriales_o	Amphisphaeriales_o	Amphisphaeriales_o	k__Fungi; p__Ascomycota; c__Sordariomycetes; o__Amphisphaeriales; f__Amphisphaeriales_o; g__Amphisphaeriales_o; s__Amphisphaeriales_o	qiime_retained_no_blast_species	No BLAST species-level top hit was available.
0673e25cd741e9931970123bad8cd6ae	k__Fungi; p__Fungi_k; c__Fungi_k; o__Fungi_k; f__Fungi_k; g__Fungi_k; s__Fungi_k	0.9999999999999909	k__Fungi	Fungi	Fungi_k	Fungi_k	Fungi_k	Fungi_k	Fungi_k	Fungi_k																								0.9999999999999909	False	False	species_missing_top1_rescue	99.0	99.0	1e-10	False	False	Fungi	Fungi_k	Fungi_k	Fungi_k	Fungi_k	Fungi_k	Fungi_k	k__Fungi; p__Fungi_k; c__Fungi_k; o__Fungi_k; f__Fungi_k; g__Fungi_k; s__Fungi_k	qiime_retained_no_blast_species	No BLAST species-level top hit was available.
f4fd6035608dbd454bc773ff604d85cc	k__Fungi; p__Basidiomycota; c__Agaricomycetes; o__Hymenochaetales; f__Rickenellaceae; g__Peniophorella; s__Peniophorella_crystallifera	0.9999999975511004	k__Fungi;p__Basidiomycota;c__Agaricomycetes;o__Hymenochaetales;f__Rickenellaceae;g__Peniophorella;s__Peniophorella_crystallifera;sh__SH1218884.10FU	Fungi	Basidiomycota	Agaricomycetes	Hymenochaetales	Rickenellaceae	Peniophorella	Peniophorella_crystallifera	NR_171802	1867788	4.95e-102	368.0	99.515	100	206	False	candidate_available	Eukaryota	Basidiomycota	Agaricomycetes	Hymenochaetales	unclassified_Hymenochaetales_family	Peniophorella	Peniophorella_crystallifera								0.9999999975511004	True	True	species_missing_top1_rescue	99.0	99.0	1e-10	True	True	Fungi	Basidiomycota	Agaricomycetes	Hymenochaetales	Rickenellaceae	Peniophorella	Peniophorella_crystallifera	k__Fungi; p__Basidiomycota; c__Agaricomycetes; o__Hymenochaetales; f__Rickenellaceae; g__Peniophorella; s__Peniophorella_crystallifera	qiime_retained_resolved_species	QIIME/UNITE already had a resolved species-level assignment; BLAST did not overwrite it in species_missing_top1_rescue mode.
b505a782b64eae6f885a9098ba8df509	k__Fungi; p__Basidiomycota; c__Agaricomycetes; o__Agaricales; f__Psathyrellaceae; g__Candolleomyces; s__Candolleomyces_g	0.8808026856355448	k__Fungi;p__Basidiomycota;c__Agaricomycetes;o__Agaricales;f__Psathyrellaceae;g__Candolleomyces;s__Candolleomyces_sp	Fungi	Basidiomycota	Agaricomycetes	Agaricales	Psathyrellaceae	Candolleomyces	Candolleomyces_g																								0.8808026856355448	True	False	species_missing_top1_rescue	99.0	99.0	1e-10	False	False	Fungi	Basidiomycota	Agaricomycetes	Agaricales	Psathyrellaceae	Candolleomyces	Candolleomyces_g	k__Fungi; p__Basidiomycota; c__Agaricomycetes; o__Agaricales; f__Psathyrellaceae; g__Candolleomyces; s__Candolleomyces_g	qiime_retained_no_blast_species	No BLAST species-level top hit was available.
9f3cfc4c1a3fbf21503b961819b2fcbf	k__Fungi; p__Basidiomycota; c__Agaricomycetes; o__Agaricales; f__Psathyrellaceae; g__Coprinellus; s__Coprinellus_g	0.8440998159022506	k__Fungi;p__Basidiomycota;c__Agaricomycetes;o__Agaricales;f__Psathyrellaceae;g__Coprinellus	Fungi	Basidiomycota	Agaricomycetes	Agaricales	Psathyrellaceae	Coprinellus	Coprinellus_g																								0.8440998159022506	True	False	species_missing_top1_rescue	99.0	99.0	1e-10	False	False	Fungi	Basidiomycota	Agaricomycetes	Agaricales	Psathyrellaceae	Coprinellus	Coprinellus_g	k__Fungi; p__Basidiomycota; c__Agaricomycetes; o__Agaricales; f__Psathyrellaceae; g__Coprinellus; s__Coprinellus_g	qiime_retained_no_blast_species	No BLAST species-level top hit was available.
7860959ab1ce8a841054c4d3d15221d0	k__Fungi; p__Basidiomycota; c__Agaricomycetes; o__Russulales; f__Stereaceae; g__Stereaceae_f; s__Stereaceae_f	0.9999992322378509	k__Fungi;p__Basidiomycota;c__Agaricomycetes;o__Russulales;f__Stereaceae;g__Stereaceae_gen_Incertae_sedis;s__Stereaceae_sp;sh__SH1075157.10FU	Fungi	Basidiomycota	Agaricomycetes	Russulales	Stereaceae	Stereaceae_f	Stereaceae_f																								0.9999992322378509	False	False	species_missing_top1_rescue	99.0	99.0	1e-10	False	False	Fungi	Basidiomycota	Agaricomycetes	Russulales	Stereaceae	Stereaceae_f	Stereaceae_f	k__Fungi; p__Basidiomycota; c__Agaricomycetes; o__Russulales; f__Stereaceae; g__Stereaceae_f; s__Stereaceae_f	qiime_retained_no_blast_species	No BLAST species-level top hit was available.
7958aa59fd7588c60330ce6799597d81	k__Fungi; p__Basidiomycota; c__Agaricomycetes; o__Agaricomycetes_c; f__Agaricomycetes_c; g__Agaricomycetes_c; s__Agaricomycetes_c	0.9999999999743712	k__Fungi;p__Basidiomycota;c__Agaricomycetes	Fungi	Basidiomycota	Agaricomycetes	Agaricomycetes_c	Agaricomycetes_c	Agaricomycetes_c	Agaricomycetes_c																								0.9999999999743712	False	False	species_missing_top1_rescue	99.0	99.0	1e-10	False	False	Fungi	Basidiomycota	Agaricomycetes	Agaricomycetes_c	Agaricomycetes_c	Agaricomycetes_c	Agaricomycetes_c	k__Fungi; p__Basidiomycota; c__Agaricomycetes; o__Agaricomycetes_c; f__Agaricomycetes_c; g__Agaricomycetes_c; s__Agaricomycetes_c	qiime_retained_no_blast_species	No BLAST species-level top hit was available.
d03b42d094fc26abc401a439481e5e12	k__Fungi; p__Ascomycota; c__Sordariomycetes; o__Xylariales; f__Diatrypaceae; g__Diatrypaceae_f; s__Diatrypaceae_f	0.99998296176459	k__Fungi;p__Ascomycota;c__Sordariomycetes;o__Xylariales;f__Diatrypaceae;g__Diatrypaceae_gen_Incertae_sedis;s__Diatrypaceae_sp;sh__SH1190291.10FU	Fungi	Ascomycota	Sordariomycetes	Xylariales	Diatrypaceae	Diatrypaceae_f	Diatrypaceae_f																								0.99998296176459	False	False	species_missing_top1_rescue	99.0	99.0	1e-10	False	False	Fungi	Ascomycota	Sordariomycetes	Xylariales	Diatrypaceae	Diatrypaceae_f	Diatrypaceae_f	k__Fungi; p__Ascomycota; c__Sordariomycetes; o__Xylariales; f__Diatrypaceae; g__Diatrypaceae_f; s__Diatrypaceae_f	qiime_retained_no_blast_species	No BLAST species-level top hit was available.
257c7dbafd43e052b6ff952661ed50db	k__Fungi; p__Basidiomycota; c__Agaricomycetes; o__Polyporales; f__Polyporaceae; g__Trametes; s__Trametes_g	0.9897900485369598	k__Fungi;p__Basidiomycota;c__Agaricomycetes;o__Polyporales;f__Polyporaceae;g__Trametes	Fungi	Basidiomycota	Agaricomycetes	Polyporales	Polyporaceae	Trametes	Trametes_g	NR_154494	5325	1.49e-95	345.0	100.0	100	191	False	candidate_available	Eukaryota	Basidiomycota	Agaricomycetes	Polyporales	Polyporaceae	Trametes	Trametes_versicolor								0.9897900485369598	True	False	species_missing_top1_rescue	99.0	99.0	1e-10	True	True	Fungi	Basidiomycota	Agaricomycetes	Polyporales	Polyporaceae	Trametes	Trametes_versicolor	k__Fungi; p__Basidiomycota; c__Agaricomycetes; o__Polyporales; f__Polyporaceae; g__Trametes; s__Trametes_versicolor	blast_top1_species_rescued_missing_qiime_species	QIIME/UNITE species was missing or placeholder-like and BLAST top1 species passed high-confidence cutoffs.
d06ee85ecbb1b97b12f84c0d16ead2e3	k__Fungi; p__Ascomycota; c__Leotiomycetes; o__Helotiales; f__Sclerotiniaceae; g__Botrytis; s__Botrytis_caroliniana	0.9172784882944853	k__Fungi;p__Ascomycota;c__Leotiomycetes;o__Helotiales;f__Sclerotiniaceae;g__Botrytis;s__Botrytis_caroliniana;sh__SH1336761.10FU	Fungi	Ascomycota	Leotiomycetes	Helotiales	Sclerotiniaceae	Botrytis	Botrytis_caroliniana	NR_111839	1280835	1.02e-70	262.0	100.0	100	145	True	candidate_available	Eukaryota	Ascomycota	Leotiomycetes	Helotiales	Sclerotiniaceae	Botrytis	Botrytis_caroliniana	NR_151843	Botrytis_californica	1.02e-70	262.0	100.0	100	145	0.9172784882944853	True	True	species_missing_top1_rescue	99.0	99.0	1e-10	True	True	Fungi	Ascomycota	Leotiomycetes	Helotiales	Sclerotiniaceae	Botrytis	Botrytis_caroliniana	k__Fungi; p__Ascomycota; c__Leotiomycetes; o__Helotiales; f__Sclerotiniaceae; g__Botrytis; s__Botrytis_caroliniana	qiime_retained_resolved_species	QIIME/UNITE already had a resolved species-level assignment; BLAST did not overwrite it in species_missing_top1_rescue mode.
c0be5a766a77d1b40339c3847e707d78	k__Fungi; p__Basidiomycota; c__Agaricomycetes; o__Polyporales; f__Meruliaceae; g__Mycoaciella; s__Mycoaciella_efibulata	0.9999620694690482	k__Fungi;p__Basidiomycota;c__Agaricomycetes;o__Polyporales;f__Meruliaceae;g__Mycoaciella;s__Mycoaciella_efibulata;sh__SH1236382.10FU	Fungi	Basidiomycota	Agaricomycetes	Polyporales	Meruliaceae	Mycoaciella	Mycoaciella_efibulata																								0.9999620694690482	True	True	species_missing_top1_rescue	99.0	99.0	1e-10	False	False	Fungi	Basidiomycota	Agaricomycetes	Polyporales	Meruliaceae	Mycoaciella	Mycoaciella_efibulata	k__Fungi; p__Basidiomycota; c__Agaricomycetes; o__Polyporales; f__Meruliaceae; g__Mycoaciella; s__Mycoaciella_efibulata	qiime_retained_no_blast_species	No BLAST species-level top hit was available.
91026d5ecd0fdcfb7b364d2d0871d36d	k__Fungi; p__Basidiomycota; c__Agaricomycetes; o__Polyporales; f__Polyporales_o; g__Polyporales_o; s__Polyporales_o	0.9999990807579839	k__Fungi;p__Basidiomycota;c__Agaricomycetes;o__Polyporales;f__Polyporales_fam_Incertae_sedis;g__Polyporales_gen_Incertae_sedis;s__Polyporales_sp;sh__SH1254591.10FU	Fungi	Basidiomycota	Agaricomycetes	Polyporales	Polyporales_o	Polyporales_o	Polyporales_o																								0.9999990807579839	False	False	species_missing_top1_rescue	99.0	99.0	1e-10	False	False	Fungi	Basidiomycota	Agaricomycetes	Polyporales	Polyporales_o	Polyporales_o	Polyporales_o	k__Fungi; p__Basidiomycota; c__Agaricomycetes; o__Polyporales; f__Polyporales_o; g__Polyporales_o; s__Polyporales_o	qiime_retained_no_blast_species	No BLAST species-level top hit was available.
c89bc141df239be15bf707bdd443fa11	k__Fungi; p__Ascomycota; c__Dothideomycetes; o__Mycosphaerellales; f__Dissoconiaceae; g__Dissoconium; s__Dissoconium_g	0.9999949965475331	k__Fungi;p__Ascomycota;c__Dothideomycetes;o__Mycosphaerellales;f__Dissoconiaceae;g__Dissoconium	Fungi	Ascomycota	Dothideomycetes	Mycosphaerellales	Dissoconiaceae	Dissoconium	Dissoconium_g	NR_119631	445179	1.19e-76	282.0	100.0	100	156	True	candidate_available	Eukaryota	Ascomycota	Dothideomycetes	Mycosphaerellales	Dissoconiaceae	Dissoconium	Dissoconium_eucalypti	NR_166556	Dissoconium_nelumbonis	1.19e-76	282.0	100.0	100	156	0.9999949965475331	True	False	species_missing_top1_rescue	99.0	99.0	1e-10	True	True	Fungi	Ascomycota	Dothideomycetes	Mycosphaerellales	Dissoconiaceae	Dissoconium	Dissoconium_eucalypti	k__Fungi; p__Ascomycota; c__Dothideomycetes; o__Mycosphaerellales; f__Dissoconiaceae; g__Dissoconium; s__Dissoconium_eucalypti	blast_top1_species_rescued_ambiguous_missing_qiime_species	QIIME/UNITE species was missing or placeholder-like and BLAST top1 species passed cutoffs; top1 was used despite ambiguous top-hit conflict.
78f1ff03d895408d0bbfc76f894befec	k__Fungi; p__Ascomycota; c__Dothideomycetes; o__Pleosporales; f__Phaeosphaeriaceae; g__Parastagonospora; s__Parastagonospora_g	0.7365691540185176	k__Fungi;p__Ascomycota;c__Dothideomycetes;o__Pleosporales;f__Phaeosphaeriaceae;g__Parastagonospora;s__Parastagonospora_sp;sh__SH1311111.10FU	Fungi	Ascomycota	Dothideomycetes	Pleosporales	Phaeosphaeriaceae	Parastagonospora	Parastagonospora_g																								0.7365691540185176	True	False	species_missing_top1_rescue	99.0	99.0	1e-10	False	False	Fungi	Ascomycota	Dothideomycetes	Pleosporales	Phaeosphaeriaceae	Parastagonospora	Parastagonospora_g	k__Fungi; p__Ascomycota; c__Dothideomycetes; o__Pleosporales; f__Phaeosphaeriaceae; g__Parastagonospora; s__Parastagonospora_g	qiime_retained_no_blast_species	No BLAST species-level top hit was available.
9bfc8e9697969f1165a87662c168f423	k__Fungi; p__Basidiomycota; c__Agaricomycetes; o__Trechisporales; f__Hydnodontaceae; g__Sistotremastrum; s__Sistotremastrum_g	0.9881072545316013	k__Fungi;p__Basidiomycota;c__Agaricomycetes;o__Trechisporales;f__Hydnodontaceae;g__Sistotremastrum;s__Sistotremastrum_sp;sh__SH1293775.10FU	Fungi	Basidiomycota	Agaricomycetes	Trechisporales	Hydnodontaceae	Sistotremastrum	Sistotremastrum_g																								0.9881072545316013	True	False	species_missing_top1_rescue	99.0	99.0	1e-10	False	False	Fungi	Basidiomycota	Agaricomycetes	Trechisporales	Hydnodontaceae	Sistotremastrum	Sistotremastrum_g	k__Fungi; p__Basidiomycota; c__Agaricomycetes; o__Trechisporales; f__Hydnodontaceae; g__Sistotremastrum; s__Sistotremastrum_g	qiime_retained_no_blast_species	No BLAST species-level top hit was available.
89213e5d64cafbad1947e54bdb84a3d6	k__Fungi; p__Basidiomycota; c__Agaricomycetes; o__Hymenochaetales; f__Rickenellaceae; g__Peniophorella; s__Peniophorella_pubera	0.9999999293829259	k__Fungi;p__Basidiomycota;c__Agaricomycetes;o__Hymenochaetales;f__Rickenellaceae;g__Peniophorella;s__Peniophorella_pubera;sh__SH1218878.10FU	Fungi	Basidiomycota	Agaricomycetes	Hymenochaetales	Rickenellaceae	Peniophorella	Peniophorella_pubera																								0.9999999293829259	True	True	species_missing_top1_rescue	99.0	99.0	1e-10	False	False	Fungi	Basidiomycota	Agaricomycetes	Hymenochaetales	Rickenellaceae	Peniophorella	Peniophorella_pubera	k__Fungi; p__Basidiomycota; c__Agaricomycetes; o__Hymenochaetales; f__Rickenellaceae; g__Peniophorella; s__Peniophorella_pubera	qiime_retained_no_blast_species	No BLAST species-level top hit was available.
69cd5398b6e9164003f09fa393e6f17b	k__Fungi; p__Basidiomycota; c__Agaricomycetes; o__Polyporales; f__Polyporales_o; g__Polyporales_o; s__Polyporales_o	0.9933234037096792	k__Fungi;p__Basidiomycota;c__Agaricomycetes;o__Polyporales;f__Polyporales_fam_Incertae_sedis;g__Polyporales_gen_Incertae_sedis;s__Polyporales_sp;sh__SH1176326.10FU	Fungi	Basidiomycota	Agaricomycetes	Polyporales	Polyporales_o	Polyporales_o	Polyporales_o																								0.9933234037096792	False	False	species_missing_top1_rescue	99.0	99.0	1e-10	False	False	Fungi	Basidiomycota	Agaricomycetes	Polyporales	Polyporales_o	Polyporales_o	Polyporales_o	k__Fungi; p__Basidiomycota; c__Agaricomycetes; o__Polyporales; f__Polyporales_o; g__Polyporales_o; s__Polyporales_o	qiime_retained_no_blast_species	No BLAST species-level top hit was available.
74a06cbc0b620e28eca3ca122274f99c	k__Fungi; p__Basidiomycota; c__Agaricomycetes; o__Agaricales; f__Psathyrellaceae; g__Coprinopsis; s__Coprinopsis_urticicola	0.7178712134539869	k__Fungi;p__Basidiomycota;c__Agaricomycetes;o__Agaricales;f__Psathyrellaceae;g__Coprinopsis;s__Coprinopsis_urticicola;sh__SH1301609.10FU	Fungi	Basidiomycota	Agaricomycetes	Agaricales	Psathyrellaceae	Coprinopsis	Coprinopsis_urticicola	NR_191198	2952681	3.4099999999999994e-104	374.0	99.048	100	210	False	candidate_available	Eukaryota	Basidiomycota	Agaricomycetes	Agaricales	Psathyrellaceae	Coprinopsis	Coprinopsis_rhombisporoides								0.7178712134539869	True	True	species_missing_top1_rescue	99.0	99.0	1e-10	True	True	Fungi	Basidiomycota	Agaricomycetes	Agaricales	Psathyrellaceae	Coprinopsis	Coprinopsis_urticicola	k__Fungi; p__Basidiomycota; c__Agaricomycetes; o__Agaricales; f__Psathyrellaceae; g__Coprinopsis; s__Coprinopsis_urticicola	qiime_retained_resolved_species	QIIME/UNITE already had a resolved species-level assignment; BLAST did not overwrite it in species_missing_top1_rescue mode.
