run_id	sample_id	Xaxis	DNA_kit	replicate	matrix_type	taxonomy_method	BLAST	Trimm	Paired	Species2	relative_abundance
fig4_q30_PE_cutadapt_unite_blast_top1_rescue	1D	fig4_q30_PE_cutadapt_unite_blast_top1_rescue_1D	DNeasy	1	mock_only	Mock type-strain BLAST	Mock_type_reference_BLAST	Cutadapt	PE	Aspergillus_fumigatus	0.0333697351765903
fig4_q30_PE_cutadapt_unite_blast_top1_rescue	1D	fig4_q30_PE_cutadapt_unite_blast_top1_rescue_1D	DNeasy	1	mock_only	Mock type-strain BLAST	Mock_type_reference_BLAST	Cutadapt	PE	Aspergillus_g	0
fig4_q30_PE_cutadapt_unite_blast_top1_rescue	1D	fig4_q30_PE_cutadapt_unite_blast_top1_rescue_1D	DNeasy	1	mock_only	Mock type-strain BLAST	Mock_type_reference_BLAST	Cutadapt	PE	Cryptococcus_gattii	0
fig4_q30_PE_cutadapt_unite_blast_top1_rescue	1D	fig4_q30_PE_cutadapt_unite_blast_top1_rescue_1D	DNeasy	1	mock_only	Mock type-strain BLAST	Mock_type_reference_BLAST	Cutadapt	PE	Cryptococcus_neoformans	0.1393239184929637
fig4_q30_PE_cutadapt_unite_blast_top1_rescue	1D	fig4_q30_PE_cutadapt_unite_blast_top1_rescue_1D	DNeasy	1	mock_only	Mock type-strain BLAST	Mock_type_reference_BLAST	Cutadapt	PE	Trichophyton_interdigitale	0.004963887716859844
fig4_q30_PE_cutadapt_unite_blast_top1_rescue	1D	fig4_q30_PE_cutadapt_unite_blast_top1_rescue_1D	DNeasy	1	mock_only	Mock type-strain BLAST	Mock_type_reference_BLAST	Cutadapt	PE	Trichophyton_mentagrophytes	0
fig4_q30_PE_cutadapt_unite_blast_top1_rescue	1D	fig4_q30_PE_cutadapt_unite_blast_top1_rescue_1D	DNeasy	1	mock_only	Mock type-strain BLAST	Mock_type_reference_BLAST	Cutadapt	PE	Penicillium_chrysogenum	0.12556153979796977
fig4_q30_PE_cutadapt_unite_blast_top1_rescue	1D	fig4_q30_PE_cutadapt_unite_blast_top1_rescue_1D	DNeasy	1	mock_only	Mock type-strain BLAST	Mock_type_reference_BLAST	Cutadapt	PE	Penicillium_flavigenum	0
fig4_q30_PE_cutadapt_unite_blast_top1_rescue	1D	fig4_q30_PE_cutadapt_unite_blast_top1_rescue_1D	DNeasy	1	mock_only	Mock type-strain BLAST	Mock_type_reference_BLAST	Cutadapt	PE	Penicillium_g	0
fig4_q30_PE_cutadapt_unite_blast_top1_rescue	1D	fig4_q30_PE_cutadapt_unite_blast_top1_rescue_1D	DNeasy	1	mock_only	Mock type-strain BLAST	Mock_type_reference_BLAST	Cutadapt	PE	Fusarium_g	0
fig4_q30_PE_cutadapt_unite_blast_top1_rescue	1D	fig4_q30_PE_cutadapt_unite_blast_top1_rescue_1D	DNeasy	1	mock_only	Mock type-strain BLAST	Mock_type_reference_BLAST	Cutadapt	PE	Fusarium_keratoplasticum	0.0020600134024968356
fig4_q30_PE_cutadapt_unite_blast_top1_rescue	1D	fig4_q30_PE_cutadapt_unite_blast_top1_rescue_1D	DNeasy	1	mock_only	Mock type-strain BLAST	Mock_type_reference_BLAST	Cutadapt	PE	Candida_africana	0
fig4_q30_PE_cutadapt_unite_blast_top1_rescue	1D	fig4_q30_PE_cutadapt_unite_blast_top1_rescue_1D	DNeasy	1	mock_only	Mock type-strain BLAST	Mock_type_reference_BLAST	Cutadapt	PE	Candida_albicans	0.28955598024372686
fig4_q30_PE_cutadapt_unite_blast_top1_rescue	1D	fig4_q30_PE_cutadapt_unite_blast_top1_rescue_1D	DNeasy	1	mock_only	Mock type-strain BLAST	Mock_type_reference_BLAST	Cutadapt	PE	Candida_g	0
fig4_q30_PE_cutadapt_unite_blast_top1_rescue	1D	fig4_q30_PE_cutadapt_unite_blast_top1_rescue_1D	DNeasy	1	mock_only	Mock type-strain BLAST	Mock_type_reference_BLAST	Cutadapt	PE	Candida_tropicalis	0
fig4_q30_PE_cutadapt_unite_blast_top1_rescue	1D	fig4_q30_PE_cutadapt_unite_blast_top1_rescue_1D	DNeasy	1	mock_only	Mock type-strain BLAST	Mock_type_reference_BLAST	Cutadapt	PE	Nakaseomyces_glabratus	0.10848576605197191
fig4_q30_PE_cutadapt_unite_blast_top1_rescue	1D	fig4_q30_PE_cutadapt_unite_blast_top1_rescue_1D	DNeasy	1	mock_only	Mock type-strain BLAST	Mock_type_reference_BLAST	Cutadapt	PE	Malassezia_g	0
fig4_q30_PE_cutadapt_unite_blast_top1_rescue	1D	fig4_q30_PE_cutadapt_unite_blast_top1_rescue_1D	DNeasy	1	mock_only	Mock type-strain BLAST	Mock_type_reference_BLAST	Cutadapt	PE	Malassezia_globosa	0
fig4_q30_PE_cutadapt_unite_blast_top1_rescue	1D	fig4_q30_PE_cutadapt_unite_blast_top1_rescue_1D	DNeasy	1	mock_only	Mock type-strain BLAST	Mock_type_reference_BLAST	Cutadapt	PE	Saccharomyces_arboricola	0
fig4_q30_PE_cutadapt_unite_blast_top1_rescue	1D	fig4_q30_PE_cutadapt_unite_blast_top1_rescue_1D	DNeasy	1	mock_only	Mock type-strain BLAST	Mock_type_reference_BLAST	Cutadapt	PE	Saccharomyces_cerevisiae	0.06072075649648805
fig4_q30_PE_cutadapt_unite_blast_top1_rescue	1D	fig4_q30_PE_cutadapt_unite_blast_top1_rescue_1D	DNeasy	1	mock_only	Mock type-strain BLAST	Mock_type_reference_BLAST	Cutadapt	PE	Saccharomyces_g	0
fig4_q30_PE_cutadapt_unite_blast_top1_rescue	1D	fig4_q30_PE_cutadapt_unite_blast_top1_rescue_1D	DNeasy	1	mock_only	Mock type-strain BLAST	Mock_type_reference_BLAST	Cutadapt	PE	Saccharomyces_uvarum	0
fig4_q30_PE_cutadapt_unite_blast_top1_rescue	1D	fig4_q30_PE_cutadapt_unite_blast_top1_rescue_1D	DNeasy	1	mock_only	Mock type-strain BLAST	Mock_type_reference_BLAST	Cutadapt	PE	Cutaneotrichosporon_dermatis	0.2359584026209327
fig4_q30_PE_cutadapt_unite_blast_top1_rescue	1D	fig4_q30_PE_cutadapt_unite_blast_top1_rescue_1D	DNeasy	1	mock_only	Mock type-strain BLAST	Mock_type_reference_BLAST	Cutadapt	PE	Cutaneotrichosporon_g	0
fig4_q30_PE_cutadapt_unite_blast_top1_rescue	1D	fig4_q30_PE_cutadapt_unite_blast_top1_rescue_1D	DNeasy	1	mock_only	Mock type-strain BLAST	Mock_type_reference_BLAST	Cutadapt	PE	Cutaneotrichosporon_mucoides	0
fig4_q30_PE_cutadapt_unite_blast_top1_rescue	1D	fig4_q30_PE_cutadapt_unite_blast_top1_rescue_1D	DNeasy	1	mock_only	Mock type-strain BLAST	Mock_type_reference_BLAST	Cutadapt	PE	Other	0
fig4_q30_PE_cutadapt_unite_blast_top1_rescue	1D	fig4_q30_PE_cutadapt_unite_blast_top1_rescue_1D	DNeasy	1	mock_only	UNITE	No_BLAST	Cutadapt	PE	Aspergillus_fumigatus	0.0333697351765903
fig4_q30_PE_cutadapt_unite_blast_top1_rescue	1D	fig4_q30_PE_cutadapt_unite_blast_top1_rescue_1D	DNeasy	1	mock_only	UNITE	No_BLAST	Cutadapt	PE	Aspergillus_g	0
fig4_q30_PE_cutadapt_unite_blast_top1_rescue	1D	fig4_q30_PE_cutadapt_unite_blast_top1_rescue_1D	DNeasy	1	mock_only	UNITE	No_BLAST	Cutadapt	PE	Cryptococcus_gattii	0
fig4_q30_PE_cutadapt_unite_blast_top1_rescue	1D	fig4_q30_PE_cutadapt_unite_blast_top1_rescue_1D	DNeasy	1	mock_only	UNITE	No_BLAST	Cutadapt	PE	Cryptococcus_neoformans	0.1391750018614579
fig4_q30_PE_cutadapt_unite_blast_top1_rescue	1D	fig4_q30_PE_cutadapt_unite_blast_top1_rescue_1D	DNeasy	1	mock_only	UNITE	No_BLAST	Cutadapt	PE	Trichophyton_interdigitale	0
fig4_q30_PE_cutadapt_unite_blast_top1_rescue	1D	fig4_q30_PE_cutadapt_unite_blast_top1_rescue_1D	DNeasy	1	mock_only	UNITE	No_BLAST	Cutadapt	PE	Trichophyton_mentagrophytes	0.004963887716859844
fig4_q30_PE_cutadapt_unite_blast_top1_rescue	1D	fig4_q30_PE_cutadapt_unite_blast_top1_rescue_1D	DNeasy	1	mock_only	UNITE	No_BLAST	Cutadapt	PE	Penicillium_chrysogenum	0
fig4_q30_PE_cutadapt_unite_blast_top1_rescue	1D	fig4_q30_PE_cutadapt_unite_blast_top1_rescue_1D	DNeasy	1	mock_only	UNITE	No_BLAST	Cutadapt	PE	Penicillium_flavigenum	9.431386662033705e-4
fig4_q30_PE_cutadapt_unite_blast_top1_rescue	1D	fig4_q30_PE_cutadapt_unite_blast_top1_rescue_1D	DNeasy	1	mock_only	UNITE	No_BLAST	Cutadapt	PE	Penicillium_g	0
fig4_q30_PE_cutadapt_unite_blast_top1_rescue	1D	fig4_q30_PE_cutadapt_unite_blast_top1_rescue_1D	DNeasy	1	mock_only	UNITE	No_BLAST	Cutadapt	PE	Fusarium_g	0
fig4_q30_PE_cutadapt_unite_blast_top1_rescue	1D	fig4_q30_PE_cutadapt_unite_blast_top1_rescue_1D	DNeasy	1	mock_only	UNITE	No_BLAST	Cutadapt	PE	Fusarium_keratoplasticum	0
fig4_q30_PE_cutadapt_unite_blast_top1_rescue	1D	fig4_q30_PE_cutadapt_unite_blast_top1_rescue_1D	DNeasy	1	mock_only	UNITE	No_BLAST	Cutadapt	PE	Candida_africana	0
fig4_q30_PE_cutadapt_unite_blast_top1_rescue	1D	fig4_q30_PE_cutadapt_unite_blast_top1_rescue_1D	DNeasy	1	mock_only	UNITE	No_BLAST	Cutadapt	PE	Candida_albicans	0.2893450150157603
fig4_q30_PE_cutadapt_unite_blast_top1_rescue	1D	fig4_q30_PE_cutadapt_unite_blast_top1_rescue_1D	DNeasy	1	mock_only	UNITE	No_BLAST	Cutadapt	PE	Candida_g	0
fig4_q30_PE_cutadapt_unite_blast_top1_rescue	1D	fig4_q30_PE_cutadapt_unite_blast_top1_rescue_1D	DNeasy	1	mock_only	UNITE	No_BLAST	Cutadapt	PE	Candida_tropicalis	0
fig4_q30_PE_cutadapt_unite_blast_top1_rescue	1D	fig4_q30_PE_cutadapt_unite_blast_top1_rescue_1D	DNeasy	1	mock_only	UNITE	No_BLAST	Cutadapt	PE	Nakaseomyces_glabratus	0.10832443970117396
fig4_q30_PE_cutadapt_unite_blast_top1_rescue	1D	fig4_q30_PE_cutadapt_unite_blast_top1_rescue_1D	DNeasy	1	mock_only	UNITE	No_BLAST	Cutadapt	PE	Malassezia_g	0
fig4_q30_PE_cutadapt_unite_blast_top1_rescue	1D	fig4_q30_PE_cutadapt_unite_blast_top1_rescue_1D	DNeasy	1	mock_only	UNITE	No_BLAST	Cutadapt	PE	Malassezia_globosa	0
fig4_q30_PE_cutadapt_unite_blast_top1_rescue	1D	fig4_q30_PE_cutadapt_unite_blast_top1_rescue_1D	DNeasy	1	mock_only	UNITE	No_BLAST	Cutadapt	PE	Saccharomyces_arboricola	0
fig4_q30_PE_cutadapt_unite_blast_top1_rescue	1D	fig4_q30_PE_cutadapt_unite_blast_top1_rescue_1D	DNeasy	1	mock_only	UNITE	No_BLAST	Cutadapt	PE	Saccharomyces_cerevisiae	0.06064629818073515
fig4_q30_PE_cutadapt_unite_blast_top1_rescue	1D	fig4_q30_PE_cutadapt_unite_blast_top1_rescue_1D	DNeasy	1	mock_only	UNITE	No_BLAST	Cutadapt	PE	Saccharomyces_g	0
fig4_q30_PE_cutadapt_unite_blast_top1_rescue	1D	fig4_q30_PE_cutadapt_unite_blast_top1_rescue_1D	DNeasy	1	mock_only	UNITE	No_BLAST	Cutadapt	PE	Saccharomyces_uvarum	0
fig4_q30_PE_cutadapt_unite_blast_top1_rescue	1D	fig4_q30_PE_cutadapt_unite_blast_top1_rescue_1D	DNeasy	1	mock_only	UNITE	No_BLAST	Cutadapt	PE	Cutaneotrichosporon_dermatis	0
fig4_q30_PE_cutadapt_unite_blast_top1_rescue	1D	fig4_q30_PE_cutadapt_unite_blast_top1_rescue_1D	DNeasy	1	mock_only	UNITE	No_BLAST	Cutadapt	PE	Cutaneotrichosporon_g	0
fig4_q30_PE_cutadapt_unite_blast_top1_rescue	1D	fig4_q30_PE_cutadapt_unite_blast_top1_rescue_1D	DNeasy	1	mock_only	UNITE	No_BLAST	Cutadapt	PE	Cutaneotrichosporon_mucoides	0.23578466655084263
fig4_q30_PE_cutadapt_unite_blast_top1_rescue	1D	fig4_q30_PE_cutadapt_unite_blast_top1_rescue_1D	DNeasy	1	mock_only	UNITE	No_BLAST	Cutadapt	PE	Other	0.12744781713037653
fig4_q30_PE_cutadapt_unite_blast_top1_rescue	1D	fig4_q30_PE_cutadapt_unite_blast_top1_rescue_1D	DNeasy	1	mock_only	UNITE+RefSeq BLAST	RefSeq_BLAST	Cutadapt	PE	Aspergillus_fumigatus	0.0333697351765903
fig4_q30_PE_cutadapt_unite_blast_top1_rescue	1D	fig4_q30_PE_cutadapt_unite_blast_top1_rescue_1D	DNeasy	1	mock_only	UNITE+RefSeq BLAST	RefSeq_BLAST	Cutadapt	PE	Aspergillus_g	0
fig4_q30_PE_cutadapt_unite_blast_top1_rescue	1D	fig4_q30_PE_cutadapt_unite_blast_top1_rescue_1D	DNeasy	1	mock_only	UNITE+RefSeq BLAST	RefSeq_BLAST	Cutadapt	PE	Cryptococcus_gattii	1.4891663150579535e-4
fig4_q30_PE_cutadapt_unite_blast_top1_rescue	1D	fig4_q30_PE_cutadapt_unite_blast_top1_rescue_1D	DNeasy	1	mock_only	UNITE+RefSeq BLAST	RefSeq_BLAST	Cutadapt	PE	Cryptococcus_neoformans	0.1391750018614579
fig4_q30_PE_cutadapt_unite_blast_top1_rescue	1D	fig4_q30_PE_cutadapt_unite_blast_top1_rescue_1D	DNeasy	1	mock_only	UNITE+RefSeq BLAST	RefSeq_BLAST	Cutadapt	PE	Trichophyton_interdigitale	0
fig4_q30_PE_cutadapt_unite_blast_top1_rescue	1D	fig4_q30_PE_cutadapt_unite_blast_top1_rescue_1D	DNeasy	1	mock_only	UNITE+RefSeq BLAST	RefSeq_BLAST	Cutadapt	PE	Trichophyton_mentagrophytes	0.004963887716859844
fig4_q30_PE_cutadapt_unite_blast_top1_rescue	1D	fig4_q30_PE_cutadapt_unite_blast_top1_rescue_1D	DNeasy	1	mock_only	UNITE+RefSeq BLAST	RefSeq_BLAST	Cutadapt	PE	Penicillium_chrysogenum	0.1246184011317664
fig4_q30_PE_cutadapt_unite_blast_top1_rescue	1D	fig4_q30_PE_cutadapt_unite_blast_top1_rescue_1D	DNeasy	1	mock_only	UNITE+RefSeq BLAST	RefSeq_BLAST	Cutadapt	PE	Penicillium_flavigenum	9.431386662033705e-4
fig4_q30_PE_cutadapt_unite_blast_top1_rescue	1D	fig4_q30_PE_cutadapt_unite_blast_top1_rescue_1D	DNeasy	1	mock_only	UNITE+RefSeq BLAST	RefSeq_BLAST	Cutadapt	PE	Penicillium_g	0
fig4_q30_PE_cutadapt_unite_blast_top1_rescue	1D	fig4_q30_PE_cutadapt_unite_blast_top1_rescue_1D	DNeasy	1	mock_only	UNITE+RefSeq BLAST	RefSeq_BLAST	Cutadapt	PE	Fusarium_g	0
fig4_q30_PE_cutadapt_unite_blast_top1_rescue	1D	fig4_q30_PE_cutadapt_unite_blast_top1_rescue_1D	DNeasy	1	mock_only	UNITE+RefSeq BLAST	RefSeq_BLAST	Cutadapt	PE	Fusarium_keratoplasticum	0.0020600134024968356
fig4_q30_PE_cutadapt_unite_blast_top1_rescue	1D	fig4_q30_PE_cutadapt_unite_blast_top1_rescue_1D	DNeasy	1	mock_only	UNITE+RefSeq BLAST	RefSeq_BLAST	Cutadapt	PE	Candida_africana	2.109652279665434e-4
fig4_q30_PE_cutadapt_unite_blast_top1_rescue	1D	fig4_q30_PE_cutadapt_unite_blast_top1_rescue_1D	DNeasy	1	mock_only	UNITE+RefSeq BLAST	RefSeq_BLAST	Cutadapt	PE	Candida_albicans	0.2893450150157603
fig4_q30_PE_cutadapt_unite_blast_top1_rescue	1D	fig4_q30_PE_cutadapt_unite_blast_top1_rescue_1D	DNeasy	1	mock_only	UNITE+RefSeq BLAST	RefSeq_BLAST	Cutadapt	PE	Candida_g	0
fig4_q30_PE_cutadapt_unite_blast_top1_rescue	1D	fig4_q30_PE_cutadapt_unite_blast_top1_rescue_1D	DNeasy	1	mock_only	UNITE+RefSeq BLAST	RefSeq_BLAST	Cutadapt	PE	Candida_tropicalis	0
fig4_q30_PE_cutadapt_unite_blast_top1_rescue	1D	fig4_q30_PE_cutadapt_unite_blast_top1_rescue_1D	DNeasy	1	mock_only	UNITE+RefSeq BLAST	RefSeq_BLAST	Cutadapt	PE	Nakaseomyces_glabratus	0.10832443970117396
fig4_q30_PE_cutadapt_unite_blast_top1_rescue	1D	fig4_q30_PE_cutadapt_unite_blast_top1_rescue_1D	DNeasy	1	mock_only	UNITE+RefSeq BLAST	RefSeq_BLAST	Cutadapt	PE	Malassezia_g	0
fig4_q30_PE_cutadapt_unite_blast_top1_rescue	1D	fig4_q30_PE_cutadapt_unite_blast_top1_rescue_1D	DNeasy	1	mock_only	UNITE+RefSeq BLAST	RefSeq_BLAST	Cutadapt	PE	Malassezia_globosa	0
fig4_q30_PE_cutadapt_unite_blast_top1_rescue	1D	fig4_q30_PE_cutadapt_unite_blast_top1_rescue_1D	DNeasy	1	mock_only	UNITE+RefSeq BLAST	RefSeq_BLAST	Cutadapt	PE	Saccharomyces_arboricola	0
fig4_q30_PE_cutadapt_unite_blast_top1_rescue	1D	fig4_q30_PE_cutadapt_unite_blast_top1_rescue_1D	DNeasy	1	mock_only	UNITE+RefSeq BLAST	RefSeq_BLAST	Cutadapt	PE	Saccharomyces_cerevisiae	0.06064629818073515
fig4_q30_PE_cutadapt_unite_blast_top1_rescue	1D	fig4_q30_PE_cutadapt_unite_blast_top1_rescue_1D	DNeasy	1	mock_only	UNITE+RefSeq BLAST	RefSeq_BLAST	Cutadapt	PE	Saccharomyces_g	0
fig4_q30_PE_cutadapt_unite_blast_top1_rescue	1D	fig4_q30_PE_cutadapt_unite_blast_top1_rescue_1D	DNeasy	1	mock_only	UNITE+RefSeq BLAST	RefSeq_BLAST	Cutadapt	PE	Saccharomyces_uvarum	7.445831575289768e-5
fig4_q30_PE_cutadapt_unite_blast_top1_rescue	1D	fig4_q30_PE_cutadapt_unite_blast_top1_rescue_1D	DNeasy	1	mock_only	UNITE+RefSeq BLAST	RefSeq_BLAST	Cutadapt	PE	Cutaneotrichosporon_dermatis	1.7373607009009455e-4
fig4_q30_PE_cutadapt_unite_blast_top1_rescue	1D	fig4_q30_PE_cutadapt_unite_blast_top1_rescue_1D	DNeasy	1	mock_only	UNITE+RefSeq BLAST	RefSeq_BLAST	Cutadapt	PE	Cutaneotrichosporon_g	0
fig4_q30_PE_cutadapt_unite_blast_top1_rescue	1D	fig4_q30_PE_cutadapt_unite_blast_top1_rescue_1D	DNeasy	1	mock_only	UNITE+RefSeq BLAST	RefSeq_BLAST	Cutadapt	PE	Cutaneotrichosporon_mucoides	0.23578466655084263
fig4_q30_PE_cutadapt_unite_blast_top1_rescue	1D	fig4_q30_PE_cutadapt_unite_blast_top1_rescue_1D	DNeasy	1	mock_only	UNITE+RefSeq BLAST	RefSeq_BLAST	Cutadapt	PE	Other	1.6132635079794494e-4
fig4_q30_PE_cutadapt_unite_blast_top1_rescue	1Q	fig4_q30_PE_cutadapt_unite_blast_top1_rescue_1Q	QIAamp	1	mock_only	Mock type-strain BLAST	Mock_type_reference_BLAST	Cutadapt	PE	Aspergillus_fumigatus	0.030158448717742065
fig4_q30_PE_cutadapt_unite_blast_top1_rescue	1Q	fig4_q30_PE_cutadapt_unite_blast_top1_rescue_1Q	QIAamp	1	mock_only	Mock type-strain BLAST	Mock_type_reference_BLAST	Cutadapt	PE	Aspergillus_g	0
fig4_q30_PE_cutadapt_unite_blast_top1_rescue	1Q	fig4_q30_PE_cutadapt_unite_blast_top1_rescue_1Q	QIAamp	1	mock_only	Mock type-strain BLAST	Mock_type_reference_BLAST	Cutadapt	PE	Cryptococcus_gattii	0
fig4_q30_PE_cutadapt_unite_blast_top1_rescue	1Q	fig4_q30_PE_cutadapt_unite_blast_top1_rescue_1Q	QIAamp	1	mock_only	Mock type-strain BLAST	Mock_type_reference_BLAST	Cutadapt	PE	Cryptococcus_neoformans	0.1622527764793114
fig4_q30_PE_cutadapt_unite_blast_top1_rescue	1Q	fig4_q30_PE_cutadapt_unite_blast_top1_rescue_1Q	QIAamp	1	mock_only	Mock type-strain BLAST	Mock_type_reference_BLAST	Cutadapt	PE	Trichophyton_interdigitale	0.00490820290462451
fig4_q30_PE_cutadapt_unite_blast_top1_rescue	1Q	fig4_q30_PE_cutadapt_unite_blast_top1_rescue_1Q	QIAamp	1	mock_only	Mock type-strain BLAST	Mock_type_reference_BLAST	Cutadapt	PE	Trichophyton_mentagrophytes	0
fig4_q30_PE_cutadapt_unite_blast_top1_rescue	1Q	fig4_q30_PE_cutadapt_unite_blast_top1_rescue_1Q	QIAamp	1	mock_only	Mock type-strain BLAST	Mock_type_reference_BLAST	Cutadapt	PE	Penicillium_chrysogenum	0.11936846177404536
fig4_q30_PE_cutadapt_unite_blast_top1_rescue	1Q	fig4_q30_PE_cutadapt_unite_blast_top1_rescue_1Q	QIAamp	1	mock_only	Mock type-strain BLAST	Mock_type_reference_BLAST	Cutadapt	PE	Penicillium_flavigenum	0
fig4_q30_PE_cutadapt_unite_blast_top1_rescue	1Q	fig4_q30_PE_cutadapt_unite_blast_top1_rescue_1Q	QIAamp	1	mock_only	Mock type-strain BLAST	Mock_type_reference_BLAST	Cutadapt	PE	Penicillium_g	0
fig4_q30_PE_cutadapt_unite_blast_top1_rescue	1Q	fig4_q30_PE_cutadapt_unite_blast_top1_rescue_1Q	QIAamp	1	mock_only	Mock type-strain BLAST	Mock_type_reference_BLAST	Cutadapt	PE	Fusarium_g	0
fig4_q30_PE_cutadapt_unite_blast_top1_rescue	1Q	fig4_q30_PE_cutadapt_unite_blast_top1_rescue_1Q	QIAamp	1	mock_only	Mock type-strain BLAST	Mock_type_reference_BLAST	Cutadapt	PE	Fusarium_keratoplasticum	0.0018214349038508035
fig4_q30_PE_cutadapt_unite_blast_top1_rescue	1Q	fig4_q30_PE_cutadapt_unite_blast_top1_rescue_1Q	QIAamp	1	mock_only	Mock type-strain BLAST	Mock_type_reference_BLAST	Cutadapt	PE	Candida_africana	0
fig4_q30_PE_cutadapt_unite_blast_top1_rescue	1Q	fig4_q30_PE_cutadapt_unite_blast_top1_rescue_1Q	QIAamp	1	mock_only	Mock type-strain BLAST	Mock_type_reference_BLAST	Cutadapt	PE	Candida_albicans	0.2896968036235271
fig4_q30_PE_cutadapt_unite_blast_top1_rescue	1Q	fig4_q30_PE_cutadapt_unite_blast_top1_rescue_1Q	QIAamp	1	mock_only	Mock type-strain BLAST	Mock_type_reference_BLAST	Cutadapt	PE	Candida_g	0
fig4_q30_PE_cutadapt_unite_blast_top1_rescue	1Q	fig4_q30_PE_cutadapt_unite_blast_top1_rescue_1Q	QIAamp	1	mock_only	Mock type-strain BLAST	Mock_type_reference_BLAST	Cutadapt	PE	Candida_tropicalis	0
fig4_q30_PE_cutadapt_unite_blast_top1_rescue	1Q	fig4_q30_PE_cutadapt_unite_blast_top1_rescue_1Q	QIAamp	1	mock_only	Mock type-strain BLAST	Mock_type_reference_BLAST	Cutadapt	PE	Nakaseomyces_glabratus	0.1191347378262061
fig4_q30_PE_cutadapt_unite_blast_top1_rescue	1Q	fig4_q30_PE_cutadapt_unite_blast_top1_rescue_1Q	QIAamp	1	mock_only	Mock type-strain BLAST	Mock_type_reference_BLAST	Cutadapt	PE	Malassezia_g	0
fig4_q30_PE_cutadapt_unite_blast_top1_rescue	1Q	fig4_q30_PE_cutadapt_unite_blast_top1_rescue_1Q	QIAamp	1	mock_only	Mock type-strain BLAST	Mock_type_reference_BLAST	Cutadapt	PE	Malassezia_globosa	0
fig4_q30_PE_cutadapt_unite_blast_top1_rescue	1Q	fig4_q30_PE_cutadapt_unite_blast_top1_rescue_1Q	QIAamp	1	mock_only	Mock type-strain BLAST	Mock_type_reference_BLAST	Cutadapt	PE	Saccharomyces_arboricola	0
fig4_q30_PE_cutadapt_unite_blast_top1_rescue	1Q	fig4_q30_PE_cutadapt_unite_blast_top1_rescue_1Q	QIAamp	1	mock_only	Mock type-strain BLAST	Mock_type_reference_BLAST	Cutadapt	PE	Saccharomyces_cerevisiae	0.043593545995261045
fig4_q30_PE_cutadapt_unite_blast_top1_rescue	1Q	fig4_q30_PE_cutadapt_unite_blast_top1_rescue_1Q	QIAamp	1	mock_only	Mock type-strain BLAST	Mock_type_reference_BLAST	Cutadapt	PE	Saccharomyces_g	0
fig4_q30_PE_cutadapt_unite_blast_top1_rescue	1Q	fig4_q30_PE_cutadapt_unite_blast_top1_rescue_1Q	QIAamp	1	mock_only	Mock type-strain BLAST	Mock_type_reference_BLAST	Cutadapt	PE	Saccharomyces_uvarum	0
fig4_q30_PE_cutadapt_unite_blast_top1_rescue	1Q	fig4_q30_PE_cutadapt_unite_blast_top1_rescue_1Q	QIAamp	1	mock_only	Mock type-strain BLAST	Mock_type_reference_BLAST	Cutadapt	PE	Cutaneotrichosporon_dermatis	0.2290655877754316
fig4_q30_PE_cutadapt_unite_blast_top1_rescue	1Q	fig4_q30_PE_cutadapt_unite_blast_top1_rescue_1Q	QIAamp	1	mock_only	Mock type-strain BLAST	Mock_type_reference_BLAST	Cutadapt	PE	Cutaneotrichosporon_g	0
fig4_q30_PE_cutadapt_unite_blast_top1_rescue	1Q	fig4_q30_PE_cutadapt_unite_blast_top1_rescue_1Q	QIAamp	1	mock_only	Mock type-strain BLAST	Mock_type_reference_BLAST	Cutadapt	PE	Cutaneotrichosporon_mucoides	0
fig4_q30_PE_cutadapt_unite_blast_top1_rescue	1Q	fig4_q30_PE_cutadapt_unite_blast_top1_rescue_1Q	QIAamp	1	mock_only	Mock type-strain BLAST	Mock_type_reference_BLAST	Cutadapt	PE	Other	0
fig4_q30_PE_cutadapt_unite_blast_top1_rescue	1Q	fig4_q30_PE_cutadapt_unite_blast_top1_rescue_1Q	QIAamp	1	mock_only	UNITE	No_BLAST	Cutadapt	PE	Aspergillus_fumigatus	0.03013427037831042
fig4_q30_PE_cutadapt_unite_blast_top1_rescue	1Q	fig4_q30_PE_cutadapt_unite_blast_top1_rescue_1Q	QIAamp	1	mock_only	UNITE	No_BLAST	Cutadapt	PE	Aspergillus_g	0
fig4_q30_PE_cutadapt_unite_blast_top1_rescue	1Q	fig4_q30_PE_cutadapt_unite_blast_top1_rescue_1Q	QIAamp	1	mock_only	UNITE	No_BLAST	Cutadapt	PE	Cryptococcus_gattii	0
fig4_q30_PE_cutadapt_unite_blast_top1_rescue	1Q	fig4_q30_PE_cutadapt_unite_blast_top1_rescue_1Q	QIAamp	1	mock_only	UNITE	No_BLAST	Cutadapt	PE	Cryptococcus_neoformans	0.16206740921033544
fig4_q30_PE_cutadapt_unite_blast_top1_rescue	1Q	fig4_q30_PE_cutadapt_unite_blast_top1_rescue_1Q	QIAamp	1	mock_only	UNITE	No_BLAST	Cutadapt	PE	Trichophyton_interdigitale	0
fig4_q30_PE_cutadapt_unite_blast_top1_rescue	1Q	fig4_q30_PE_cutadapt_unite_blast_top1_rescue_1Q	QIAamp	1	mock_only	UNITE	No_BLAST	Cutadapt	PE	Trichophyton_mentagrophytes	0.00490820290462451
fig4_q30_PE_cutadapt_unite_blast_top1_rescue	1Q	fig4_q30_PE_cutadapt_unite_blast_top1_rescue_1Q	QIAamp	1	mock_only	UNITE	No_BLAST	Cutadapt	PE	Penicillium_chrysogenum	0
fig4_q30_PE_cutadapt_unite_blast_top1_rescue	1Q	fig4_q30_PE_cutadapt_unite_blast_top1_rescue_1Q	QIAamp	1	mock_only	UNITE	No_BLAST	Cutadapt	PE	Penicillium_flavigenum	0
fig4_q30_PE_cutadapt_unite_blast_top1_rescue	1Q	fig4_q30_PE_cutadapt_unite_blast_top1_rescue_1Q	QIAamp	1	mock_only	UNITE	No_BLAST	Cutadapt	PE	Penicillium_g	0
fig4_q30_PE_cutadapt_unite_blast_top1_rescue	1Q	fig4_q30_PE_cutadapt_unite_blast_top1_rescue_1Q	QIAamp	1	mock_only	UNITE	No_BLAST	Cutadapt	PE	Fusarium_g	0
fig4_q30_PE_cutadapt_unite_blast_top1_rescue	1Q	fig4_q30_PE_cutadapt_unite_blast_top1_rescue_1Q	QIAamp	1	mock_only	UNITE	No_BLAST	Cutadapt	PE	Fusarium_keratoplasticum	0
fig4_q30_PE_cutadapt_unite_blast_top1_rescue	1Q	fig4_q30_PE_cutadapt_unite_blast_top1_rescue_1Q	QIAamp	1	mock_only	UNITE	No_BLAST	Cutadapt	PE	Candida_africana	0
fig4_q30_PE_cutadapt_unite_blast_top1_rescue	1Q	fig4_q30_PE_cutadapt_unite_blast_top1_rescue_1Q	QIAamp	1	mock_only	UNITE	No_BLAST	Cutadapt	PE	Candida_albicans	0.28955979303341445
fig4_q30_PE_cutadapt_unite_blast_top1_rescue	1Q	fig4_q30_PE_cutadapt_unite_blast_top1_rescue_1Q	QIAamp	1	mock_only	UNITE	No_BLAST	Cutadapt	PE	Candida_g	0
fig4_q30_PE_cutadapt_unite_blast_top1_rescue	1Q	fig4_q30_PE_cutadapt_unite_blast_top1_rescue_1Q	QIAamp	1	mock_only	UNITE	No_BLAST	Cutadapt	PE	Candida_tropicalis	0
fig4_q30_PE_cutadapt_unite_blast_top1_rescue	1Q	fig4_q30_PE_cutadapt_unite_blast_top1_rescue_1Q	QIAamp	1	mock_only	UNITE	No_BLAST	Cutadapt	PE	Nakaseomyces_glabratus	0.11907832170086559
fig4_q30_PE_cutadapt_unite_blast_top1_rescue	1Q	fig4_q30_PE_cutadapt_unite_blast_top1_rescue_1Q	QIAamp	1	mock_only	UNITE	No_BLAST	Cutadapt	PE	Malassezia_g	0
fig4_q30_PE_cutadapt_unite_blast_top1_rescue	1Q	fig4_q30_PE_cutadapt_unite_blast_top1_rescue_1Q	QIAamp	1	mock_only	UNITE	No_BLAST	Cutadapt	PE	Malassezia_globosa	0
fig4_q30_PE_cutadapt_unite_blast_top1_rescue	1Q	fig4_q30_PE_cutadapt_unite_blast_top1_rescue_1Q	QIAamp	1	mock_only	UNITE	No_BLAST	Cutadapt	PE	Saccharomyces_arboricola	0
fig4_q30_PE_cutadapt_unite_blast_top1_rescue	1Q	fig4_q30_PE_cutadapt_unite_blast_top1_rescue_1Q	QIAamp	1	mock_only	UNITE	No_BLAST	Cutadapt	PE	Saccharomyces_cerevisiae	0.04354518931639775
fig4_q30_PE_cutadapt_unite_blast_top1_rescue	1Q	fig4_q30_PE_cutadapt_unite_blast_top1_rescue_1Q	QIAamp	1	mock_only	UNITE	No_BLAST	Cutadapt	PE	Saccharomyces_g	0
fig4_q30_PE_cutadapt_unite_blast_top1_rescue	1Q	fig4_q30_PE_cutadapt_unite_blast_top1_rescue_1Q	QIAamp	1	mock_only	UNITE	No_BLAST	Cutadapt	PE	Saccharomyces_uvarum	0
fig4_q30_PE_cutadapt_unite_blast_top1_rescue	1Q	fig4_q30_PE_cutadapt_unite_blast_top1_rescue_1Q	QIAamp	1	mock_only	UNITE	No_BLAST	Cutadapt	PE	Cutaneotrichosporon_dermatis	0
fig4_q30_PE_cutadapt_unite_blast_top1_rescue	1Q	fig4_q30_PE_cutadapt_unite_blast_top1_rescue_1Q	QIAamp	1	mock_only	UNITE	No_BLAST	Cutadapt	PE	Cutaneotrichosporon_g	0
fig4_q30_PE_cutadapt_unite_blast_top1_rescue	1Q	fig4_q30_PE_cutadapt_unite_blast_top1_rescue_1Q	QIAamp	1	mock_only	UNITE	No_BLAST	Cutadapt	PE	Cutaneotrichosporon_mucoides	0.22888827995293284
fig4_q30_PE_cutadapt_unite_blast_top1_rescue	1Q	fig4_q30_PE_cutadapt_unite_blast_top1_rescue_1Q	QIAamp	1	mock_only	UNITE	No_BLAST	Cutadapt	PE	Other	0.121818533503119
fig4_q30_PE_cutadapt_unite_blast_top1_rescue	1Q	fig4_q30_PE_cutadapt_unite_blast_top1_rescue_1Q	QIAamp	1	mock_only	UNITE+RefSeq BLAST	RefSeq_BLAST	Cutadapt	PE	Aspergillus_fumigatus	0.03013427037831042
fig4_q30_PE_cutadapt_unite_blast_top1_rescue	1Q	fig4_q30_PE_cutadapt_unite_blast_top1_rescue_1Q	QIAamp	1	mock_only	UNITE+RefSeq BLAST	RefSeq_BLAST	Cutadapt	PE	Aspergillus_g	0
fig4_q30_PE_cutadapt_unite_blast_top1_rescue	1Q	fig4_q30_PE_cutadapt_unite_blast_top1_rescue_1Q	QIAamp	1	mock_only	UNITE+RefSeq BLAST	RefSeq_BLAST	Cutadapt	PE	Cryptococcus_gattii	1.611889295443189e-4
fig4_q30_PE_cutadapt_unite_blast_top1_rescue	1Q	fig4_q30_PE_cutadapt_unite_blast_top1_rescue_1Q	QIAamp	1	mock_only	UNITE+RefSeq BLAST	RefSeq_BLAST	Cutadapt	PE	Cryptococcus_neoformans	0.16206740921033544
fig4_q30_PE_cutadapt_unite_blast_top1_rescue	1Q	fig4_q30_PE_cutadapt_unite_blast_top1_rescue_1Q	QIAamp	1	mock_only	UNITE+RefSeq BLAST	RefSeq_BLAST	Cutadapt	PE	Trichophyton_interdigitale	0
fig4_q30_PE_cutadapt_unite_blast_top1_rescue	1Q	fig4_q30_PE_cutadapt_unite_blast_top1_rescue_1Q	QIAamp	1	mock_only	UNITE+RefSeq BLAST	RefSeq_BLAST	Cutadapt	PE	Trichophyton_mentagrophytes	0.00490820290462451
fig4_q30_PE_cutadapt_unite_blast_top1_rescue	1Q	fig4_q30_PE_cutadapt_unite_blast_top1_rescue_1Q	QIAamp	1	mock_only	UNITE+RefSeq BLAST	RefSeq_BLAST	Cutadapt	PE	Penicillium_chrysogenum	0.1193362239881365
fig4_q30_PE_cutadapt_unite_blast_top1_rescue	1Q	fig4_q30_PE_cutadapt_unite_blast_top1_rescue_1Q	QIAamp	1	mock_only	UNITE+RefSeq BLAST	RefSeq_BLAST	Cutadapt	PE	Penicillium_flavigenum	0
fig4_q30_PE_cutadapt_unite_blast_top1_rescue	1Q	fig4_q30_PE_cutadapt_unite_blast_top1_rescue_1Q	QIAamp	1	mock_only	UNITE+RefSeq BLAST	RefSeq_BLAST	Cutadapt	PE	Penicillium_g	0
fig4_q30_PE_cutadapt_unite_blast_top1_rescue	1Q	fig4_q30_PE_cutadapt_unite_blast_top1_rescue_1Q	QIAamp	1	mock_only	UNITE+RefSeq BLAST	RefSeq_BLAST	Cutadapt	PE	Fusarium_g	0
fig4_q30_PE_cutadapt_unite_blast_top1_rescue	1Q	fig4_q30_PE_cutadapt_unite_blast_top1_rescue_1Q	QIAamp	1	mock_only	UNITE+RefSeq BLAST	RefSeq_BLAST	Cutadapt	PE	Fusarium_keratoplasticum	0.0018214349038508035
fig4_q30_PE_cutadapt_unite_blast_top1_rescue	1Q	fig4_q30_PE_cutadapt_unite_blast_top1_rescue_1Q	QIAamp	1	mock_only	UNITE+RefSeq BLAST	RefSeq_BLAST	Cutadapt	PE	Candida_africana	1.3701059011267107e-4
fig4_q30_PE_cutadapt_unite_blast_top1_rescue	1Q	fig4_q30_PE_cutadapt_unite_blast_top1_rescue_1Q	QIAamp	1	mock_only	UNITE+RefSeq BLAST	RefSeq_BLAST	Cutadapt	PE	Candida_albicans	0.28955979303341445
fig4_q30_PE_cutadapt_unite_blast_top1_rescue	1Q	fig4_q30_PE_cutadapt_unite_blast_top1_rescue_1Q	QIAamp	1	mock_only	UNITE+RefSeq BLAST	RefSeq_BLAST	Cutadapt	PE	Candida_g	0
fig4_q30_PE_cutadapt_unite_blast_top1_rescue	1Q	fig4_q30_PE_cutadapt_unite_blast_top1_rescue_1Q	QIAamp	1	mock_only	UNITE+RefSeq BLAST	RefSeq_BLAST	Cutadapt	PE	Candida_tropicalis	0
fig4_q30_PE_cutadapt_unite_blast_top1_rescue	1Q	fig4_q30_PE_cutadapt_unite_blast_top1_rescue_1Q	QIAamp	1	mock_only	UNITE+RefSeq BLAST	RefSeq_BLAST	Cutadapt	PE	Nakaseomyces_glabratus	0.11907832170086559
fig4_q30_PE_cutadapt_unite_blast_top1_rescue	1Q	fig4_q30_PE_cutadapt_unite_blast_top1_rescue_1Q	QIAamp	1	mock_only	UNITE+RefSeq BLAST	RefSeq_BLAST	Cutadapt	PE	Malassezia_g	0
fig4_q30_PE_cutadapt_unite_blast_top1_rescue	1Q	fig4_q30_PE_cutadapt_unite_blast_top1_rescue_1Q	QIAamp	1	mock_only	UNITE+RefSeq BLAST	RefSeq_BLAST	Cutadapt	PE	Malassezia_globosa	0
fig4_q30_PE_cutadapt_unite_blast_top1_rescue	1Q	fig4_q30_PE_cutadapt_unite_blast_top1_rescue_1Q	QIAamp	1	mock_only	UNITE+RefSeq BLAST	RefSeq_BLAST	Cutadapt	PE	Saccharomyces_arboricola	0
fig4_q30_PE_cutadapt_unite_blast_top1_rescue	1Q	fig4_q30_PE_cutadapt_unite_blast_top1_rescue_1Q	QIAamp	1	mock_only	UNITE+RefSeq BLAST	RefSeq_BLAST	Cutadapt	PE	Saccharomyces_cerevisiae	0.04354518931639775
fig4_q30_PE_cutadapt_unite_blast_top1_rescue	1Q	fig4_q30_PE_cutadapt_unite_blast_top1_rescue_1Q	QIAamp	1	mock_only	UNITE+RefSeq BLAST	RefSeq_BLAST	Cutadapt	PE	Saccharomyces_g	0
fig4_q30_PE_cutadapt_unite_blast_top1_rescue	1Q	fig4_q30_PE_cutadapt_unite_blast_top1_rescue_1Q	QIAamp	1	mock_only	UNITE+RefSeq BLAST	RefSeq_BLAST	Cutadapt	PE	Saccharomyces_uvarum	4.835667886329567e-5
fig4_q30_PE_cutadapt_unite_blast_top1_rescue	1Q	fig4_q30_PE_cutadapt_unite_blast_top1_rescue_1Q	QIAamp	1	mock_only	UNITE+RefSeq BLAST	RefSeq_BLAST	Cutadapt	PE	Cutaneotrichosporon_dermatis	1.7730782249875078e-4
fig4_q30_PE_cutadapt_unite_blast_top1_rescue	1Q	fig4_q30_PE_cutadapt_unite_blast_top1_rescue_1Q	QIAamp	1	mock_only	UNITE+RefSeq BLAST	RefSeq_BLAST	Cutadapt	PE	Cutaneotrichosporon_g	0
fig4_q30_PE_cutadapt_unite_blast_top1_rescue	1Q	fig4_q30_PE_cutadapt_unite_blast_top1_rescue_1Q	QIAamp	1	mock_only	UNITE+RefSeq BLAST	RefSeq_BLAST	Cutadapt	PE	Cutaneotrichosporon_mucoides	0.22888827995293284
fig4_q30_PE_cutadapt_unite_blast_top1_rescue	1Q	fig4_q30_PE_cutadapt_unite_blast_top1_rescue_1Q	QIAamp	1	mock_only	UNITE+RefSeq BLAST	RefSeq_BLAST	Cutadapt	PE	Other	1.3701059011267107e-4
fig4_q30_PE_cutadapt_unite_blast_top1_rescue	1Z	fig4_q30_PE_cutadapt_unite_blast_top1_rescue_1Z	Zymo	1	mock_only	Mock type-strain BLAST	Mock_type_reference_BLAST	Cutadapt	PE	Aspergillus_fumigatus	0.030512582875882228
fig4_q30_PE_cutadapt_unite_blast_top1_rescue	1Z	fig4_q30_PE_cutadapt_unite_blast_top1_rescue_1Z	Zymo	1	mock_only	Mock type-strain BLAST	Mock_type_reference_BLAST	Cutadapt	PE	Aspergillus_g	0
fig4_q30_PE_cutadapt_unite_blast_top1_rescue	1Z	fig4_q30_PE_cutadapt_unite_blast_top1_rescue_1Z	Zymo	1	mock_only	Mock type-strain BLAST	Mock_type_reference_BLAST	Cutadapt	PE	Cryptococcus_gattii	0
fig4_q30_PE_cutadapt_unite_blast_top1_rescue	1Z	fig4_q30_PE_cutadapt_unite_blast_top1_rescue_1Z	Zymo	1	mock_only	Mock type-strain BLAST	Mock_type_reference_BLAST	Cutadapt	PE	Cryptococcus_neoformans	0.13498966279318458
fig4_q30_PE_cutadapt_unite_blast_top1_rescue	1Z	fig4_q30_PE_cutadapt_unite_blast_top1_rescue_1Z	Zymo	1	mock_only	Mock type-strain BLAST	Mock_type_reference_BLAST	Cutadapt	PE	Trichophyton_interdigitale	0.004550747368170909
fig4_q30_PE_cutadapt_unite_blast_top1_rescue	1Z	fig4_q30_PE_cutadapt_unite_blast_top1_rescue_1Z	Zymo	1	mock_only	Mock type-strain BLAST	Mock_type_reference_BLAST	Cutadapt	PE	Trichophyton_mentagrophytes	0
fig4_q30_PE_cutadapt_unite_blast_top1_rescue	1Z	fig4_q30_PE_cutadapt_unite_blast_top1_rescue_1Z	Zymo	1	mock_only	Mock type-strain BLAST	Mock_type_reference_BLAST	Cutadapt	PE	Penicillium_chrysogenum	0.12826453743969962
fig4_q30_PE_cutadapt_unite_blast_top1_rescue	1Z	fig4_q30_PE_cutadapt_unite_blast_top1_rescue_1Z	Zymo	1	mock_only	Mock type-strain BLAST	Mock_type_reference_BLAST	Cutadapt	PE	Penicillium_flavigenum	0
fig4_q30_PE_cutadapt_unite_blast_top1_rescue	1Z	fig4_q30_PE_cutadapt_unite_blast_top1_rescue_1Z	Zymo	1	mock_only	Mock type-strain BLAST	Mock_type_reference_BLAST	Cutadapt	PE	Penicillium_g	0
fig4_q30_PE_cutadapt_unite_blast_top1_rescue	1Z	fig4_q30_PE_cutadapt_unite_blast_top1_rescue_1Z	Zymo	1	mock_only	Mock type-strain BLAST	Mock_type_reference_BLAST	Cutadapt	PE	Fusarium_g	0
fig4_q30_PE_cutadapt_unite_blast_top1_rescue	1Z	fig4_q30_PE_cutadapt_unite_blast_top1_rescue_1Z	Zymo	1	mock_only	Mock type-strain BLAST	Mock_type_reference_BLAST	Cutadapt	PE	Fusarium_keratoplasticum	0.0014495853235426915
fig4_q30_PE_cutadapt_unite_blast_top1_rescue	1Z	fig4_q30_PE_cutadapt_unite_blast_top1_rescue_1Z	Zymo	1	mock_only	Mock type-strain BLAST	Mock_type_reference_BLAST	Cutadapt	PE	Candida_africana	0
fig4_q30_PE_cutadapt_unite_blast_top1_rescue	1Z	fig4_q30_PE_cutadapt_unite_blast_top1_rescue_1Z	Zymo	1	mock_only	Mock type-strain BLAST	Mock_type_reference_BLAST	Cutadapt	PE	Candida_albicans	0.290867612461681
fig4_q30_PE_cutadapt_unite_blast_top1_rescue	1Z	fig4_q30_PE_cutadapt_unite_blast_top1_rescue_1Z	Zymo	1	mock_only	Mock type-strain BLAST	Mock_type_reference_BLAST	Cutadapt	PE	Candida_g	0
fig4_q30_PE_cutadapt_unite_blast_top1_rescue	1Z	fig4_q30_PE_cutadapt_unite_blast_top1_rescue_1Z	Zymo	1	mock_only	Mock type-strain BLAST	Mock_type_reference_BLAST	Cutadapt	PE	Candida_tropicalis	0
fig4_q30_PE_cutadapt_unite_blast_top1_rescue	1Z	fig4_q30_PE_cutadapt_unite_blast_top1_rescue_1Z	Zymo	1	mock_only	Mock type-strain BLAST	Mock_type_reference_BLAST	Cutadapt	PE	Nakaseomyces_glabratus	0.09172785817827524
fig4_q30_PE_cutadapt_unite_blast_top1_rescue	1Z	fig4_q30_PE_cutadapt_unite_blast_top1_rescue_1Z	Zymo	1	mock_only	Mock type-strain BLAST	Mock_type_reference_BLAST	Cutadapt	PE	Malassezia_g	0
fig4_q30_PE_cutadapt_unite_blast_top1_rescue	1Z	fig4_q30_PE_cutadapt_unite_blast_top1_rescue_1Z	Zymo	1	mock_only	Mock type-strain BLAST	Mock_type_reference_BLAST	Cutadapt	PE	Malassezia_globosa	5.940923457142178e-5
fig4_q30_PE_cutadapt_unite_blast_top1_rescue	1Z	fig4_q30_PE_cutadapt_unite_blast_top1_rescue_1Z	Zymo	1	mock_only	Mock type-strain BLAST	Mock_type_reference_BLAST	Cutadapt	PE	Saccharomyces_arboricola	0
fig4_q30_PE_cutadapt_unite_blast_top1_rescue	1Z	fig4_q30_PE_cutadapt_unite_blast_top1_rescue_1Z	Zymo	1	mock_only	Mock type-strain BLAST	Mock_type_reference_BLAST	Cutadapt	PE	Saccharomyces_cerevisiae	0.045174781968109125
fig4_q30_PE_cutadapt_unite_blast_top1_rescue	1Z	fig4_q30_PE_cutadapt_unite_blast_top1_rescue_1Z	Zymo	1	mock_only	Mock type-strain BLAST	Mock_type_reference_BLAST	Cutadapt	PE	Saccharomyces_g	0
fig4_q30_PE_cutadapt_unite_blast_top1_rescue	1Z	fig4_q30_PE_cutadapt_unite_blast_top1_rescue_1Z	Zymo	1	mock_only	Mock type-strain BLAST	Mock_type_reference_BLAST	Cutadapt	PE	Saccharomyces_uvarum	0
fig4_q30_PE_cutadapt_unite_blast_top1_rescue	1Z	fig4_q30_PE_cutadapt_unite_blast_top1_rescue_1Z	Zymo	1	mock_only	Mock type-strain BLAST	Mock_type_reference_BLAST	Cutadapt	PE	Cutaneotrichosporon_dermatis	0.27240322235688313
fig4_q30_PE_cutadapt_unite_blast_top1_rescue	1Z	fig4_q30_PE_cutadapt_unite_blast_top1_rescue_1Z	Zymo	1	mock_only	Mock type-strain BLAST	Mock_type_reference_BLAST	Cutadapt	PE	Cutaneotrichosporon_g	0
fig4_q30_PE_cutadapt_unite_blast_top1_rescue	1Z	fig4_q30_PE_cutadapt_unite_blast_top1_rescue_1Z	Zymo	1	mock_only	Mock type-strain BLAST	Mock_type_reference_BLAST	Cutadapt	PE	Cutaneotrichosporon_mucoides	0
fig4_q30_PE_cutadapt_unite_blast_top1_rescue	1Z	fig4_q30_PE_cutadapt_unite_blast_top1_rescue_1Z	Zymo	1	mock_only	Mock type-strain BLAST	Mock_type_reference_BLAST	Cutadapt	PE	Other	0
fig4_q30_PE_cutadapt_unite_blast_top1_rescue	1Z	fig4_q30_PE_cutadapt_unite_blast_top1_rescue_1Z	Zymo	1	mock_only	UNITE	No_BLAST	Cutadapt	PE	Aspergillus_fumigatus	0.030512582875882228
fig4_q30_PE_cutadapt_unite_blast_top1_rescue	1Z	fig4_q30_PE_cutadapt_unite_blast_top1_rescue_1Z	Zymo	1	mock_only	UNITE	No_BLAST	Cutadapt	PE	Aspergillus_g	0
fig4_q30_PE_cutadapt_unite_blast_top1_rescue	1Z	fig4_q30_PE_cutadapt_unite_blast_top1_rescue_1Z	Zymo	1	mock_only	UNITE	No_BLAST	Cutadapt	PE	Cryptococcus_gattii	0
fig4_q30_PE_cutadapt_unite_blast_top1_rescue	1Z	fig4_q30_PE_cutadapt_unite_blast_top1_rescue_1Z	Zymo	1	mock_only	UNITE	No_BLAST	Cutadapt	PE	Cryptococcus_neoformans	0.1348351987832989
fig4_q30_PE_cutadapt_unite_blast_top1_rescue	1Z	fig4_q30_PE_cutadapt_unite_blast_top1_rescue_1Z	Zymo	1	mock_only	UNITE	No_BLAST	Cutadapt	PE	Trichophyton_interdigitale	0
fig4_q30_PE_cutadapt_unite_blast_top1_rescue	1Z	fig4_q30_PE_cutadapt_unite_blast_top1_rescue_1Z	Zymo	1	mock_only	UNITE	No_BLAST	Cutadapt	PE	Trichophyton_mentagrophytes	0.004550747368170909
fig4_q30_PE_cutadapt_unite_blast_top1_rescue	1Z	fig4_q30_PE_cutadapt_unite_blast_top1_rescue_1Z	Zymo	1	mock_only	UNITE	No_BLAST	Cutadapt	PE	Penicillium_chrysogenum	0
fig4_q30_PE_cutadapt_unite_blast_top1_rescue	1Z	fig4_q30_PE_cutadapt_unite_blast_top1_rescue_1Z	Zymo	1	mock_only	UNITE	No_BLAST	Cutadapt	PE	Penicillium_flavigenum	0
fig4_q30_PE_cutadapt_unite_blast_top1_rescue	1Z	fig4_q30_PE_cutadapt_unite_blast_top1_rescue_1Z	Zymo	1	mock_only	UNITE	No_BLAST	Cutadapt	PE	Penicillium_g	0
fig4_q30_PE_cutadapt_unite_blast_top1_rescue	1Z	fig4_q30_PE_cutadapt_unite_blast_top1_rescue_1Z	Zymo	1	mock_only	UNITE	No_BLAST	Cutadapt	PE	Fusarium_g	0
fig4_q30_PE_cutadapt_unite_blast_top1_rescue	1Z	fig4_q30_PE_cutadapt_unite_blast_top1_rescue_1Z	Zymo	1	mock_only	UNITE	No_BLAST	Cutadapt	PE	Fusarium_keratoplasticum	0
fig4_q30_PE_cutadapt_unite_blast_top1_rescue	1Z	fig4_q30_PE_cutadapt_unite_blast_top1_rescue_1Z	Zymo	1	mock_only	UNITE	No_BLAST	Cutadapt	PE	Candida_africana	0
fig4_q30_PE_cutadapt_unite_blast_top1_rescue	1Z	fig4_q30_PE_cutadapt_unite_blast_top1_rescue_1Z	Zymo	1	mock_only	UNITE	No_BLAST	Cutadapt	PE	Candida_albicans	0.2906893847579668
fig4_q30_PE_cutadapt_unite_blast_top1_rescue	1Z	fig4_q30_PE_cutadapt_unite_blast_top1_rescue_1Z	Zymo	1	mock_only	UNITE	No_BLAST	Cutadapt	PE	Candida_g	0
fig4_q30_PE_cutadapt_unite_blast_top1_rescue	1Z	fig4_q30_PE_cutadapt_unite_blast_top1_rescue_1Z	Zymo	1	mock_only	UNITE	No_BLAST	Cutadapt	PE	Candida_tropicalis	0
fig4_q30_PE_cutadapt_unite_blast_top1_rescue	1Z	fig4_q30_PE_cutadapt_unite_blast_top1_rescue_1Z	Zymo	1	mock_only	UNITE	No_BLAST	Cutadapt	PE	Nakaseomyces_glabratus	0.09172785817827524
fig4_q30_PE_cutadapt_unite_blast_top1_rescue	1Z	fig4_q30_PE_cutadapt_unite_blast_top1_rescue_1Z	Zymo	1	mock_only	UNITE	No_BLAST	Cutadapt	PE	Malassezia_g	0
fig4_q30_PE_cutadapt_unite_blast_top1_rescue	1Z	fig4_q30_PE_cutadapt_unite_blast_top1_rescue_1Z	Zymo	1	mock_only	UNITE	No_BLAST	Cutadapt	PE	Malassezia_globosa	0
fig4_q30_PE_cutadapt_unite_blast_top1_rescue	1Z	fig4_q30_PE_cutadapt_unite_blast_top1_rescue_1Z	Zymo	1	mock_only	UNITE	No_BLAST	Cutadapt	PE	Saccharomyces_arboricola	0
fig4_q30_PE_cutadapt_unite_blast_top1_rescue	1Z	fig4_q30_PE_cutadapt_unite_blast_top1_rescue_1Z	Zymo	1	mock_only	UNITE	No_BLAST	Cutadapt	PE	Saccharomyces_cerevisiae	0.04515101827428055
fig4_q30_PE_cutadapt_unite_blast_top1_rescue	1Z	fig4_q30_PE_cutadapt_unite_blast_top1_rescue_1Z	Zymo	1	mock_only	UNITE	No_BLAST	Cutadapt	PE	Saccharomyces_g	0
fig4_q30_PE_cutadapt_unite_blast_top1_rescue	1Z	fig4_q30_PE_cutadapt_unite_blast_top1_rescue_1Z	Zymo	1	mock_only	UNITE	No_BLAST	Cutadapt	PE	Saccharomyces_uvarum	0
fig4_q30_PE_cutadapt_unite_blast_top1_rescue	1Z	fig4_q30_PE_cutadapt_unite_blast_top1_rescue_1Z	Zymo	1	mock_only	UNITE	No_BLAST	Cutadapt	PE	Cutaneotrichosporon_dermatis	0
fig4_q30_PE_cutadapt_unite_blast_top1_rescue	1Z	fig4_q30_PE_cutadapt_unite_blast_top1_rescue_1Z	Zymo	1	mock_only	UNITE	No_BLAST	Cutadapt	PE	Cutaneotrichosporon_g	0
fig4_q30_PE_cutadapt_unite_blast_top1_rescue	1Z	fig4_q30_PE_cutadapt_unite_blast_top1_rescue_1Z	Zymo	1	mock_only	UNITE	No_BLAST	Cutadapt	PE	Cutaneotrichosporon_mucoides	0.2721299398778546
fig4_q30_PE_cutadapt_unite_blast_top1_rescue	1Z	fig4_q30_PE_cutadapt_unite_blast_top1_rescue_1Z	Zymo	1	mock_only	UNITE	No_BLAST	Cutadapt	PE	Other	0.1304032698842708
fig4_q30_PE_cutadapt_unite_blast_top1_rescue	1Z	fig4_q30_PE_cutadapt_unite_blast_top1_rescue_1Z	Zymo	1	mock_only	UNITE+RefSeq BLAST	RefSeq_BLAST	Cutadapt	PE	Aspergillus_fumigatus	0.030512582875882228
fig4_q30_PE_cutadapt_unite_blast_top1_rescue	1Z	fig4_q30_PE_cutadapt_unite_blast_top1_rescue_1Z	Zymo	1	mock_only	UNITE+RefSeq BLAST	RefSeq_BLAST	Cutadapt	PE	Aspergillus_g	0
fig4_q30_PE_cutadapt_unite_blast_top1_rescue	1Z	fig4_q30_PE_cutadapt_unite_blast_top1_rescue_1Z	Zymo	1	mock_only	UNITE+RefSeq BLAST	RefSeq_BLAST	Cutadapt	PE	Cryptococcus_gattii	1.5446400988569664e-4
fig4_q30_PE_cutadapt_unite_blast_top1_rescue	1Z	fig4_q30_PE_cutadapt_unite_blast_top1_rescue_1Z	Zymo	1	mock_only	UNITE+RefSeq BLAST	RefSeq_BLAST	Cutadapt	PE	Cryptococcus_neoformans	0.1348351987832989
fig4_q30_PE_cutadapt_unite_blast_top1_rescue	1Z	fig4_q30_PE_cutadapt_unite_blast_top1_rescue_1Z	Zymo	1	mock_only	UNITE+RefSeq BLAST	RefSeq_BLAST	Cutadapt	PE	Trichophyton_interdigitale	0
fig4_q30_PE_cutadapt_unite_blast_top1_rescue	1Z	fig4_q30_PE_cutadapt_unite_blast_top1_rescue_1Z	Zymo	1	mock_only	UNITE+RefSeq BLAST	RefSeq_BLAST	Cutadapt	PE	Trichophyton_mentagrophytes	0.004550747368170909
fig4_q30_PE_cutadapt_unite_blast_top1_rescue	1Z	fig4_q30_PE_cutadapt_unite_blast_top1_rescue_1Z	Zymo	1	mock_only	UNITE+RefSeq BLAST	RefSeq_BLAST	Cutadapt	PE	Penicillium_chrysogenum	0.12826453743969962
fig4_q30_PE_cutadapt_unite_blast_top1_rescue	1Z	fig4_q30_PE_cutadapt_unite_blast_top1_rescue_1Z	Zymo	1	mock_only	UNITE+RefSeq BLAST	RefSeq_BLAST	Cutadapt	PE	Penicillium_flavigenum	0
fig4_q30_PE_cutadapt_unite_blast_top1_rescue	1Z	fig4_q30_PE_cutadapt_unite_blast_top1_rescue_1Z	Zymo	1	mock_only	UNITE+RefSeq BLAST	RefSeq_BLAST	Cutadapt	PE	Penicillium_g	0
fig4_q30_PE_cutadapt_unite_blast_top1_rescue	1Z	fig4_q30_PE_cutadapt_unite_blast_top1_rescue_1Z	Zymo	1	mock_only	UNITE+RefSeq BLAST	RefSeq_BLAST	Cutadapt	PE	Fusarium_g	0
fig4_q30_PE_cutadapt_unite_blast_top1_rescue	1Z	fig4_q30_PE_cutadapt_unite_blast_top1_rescue_1Z	Zymo	1	mock_only	UNITE+RefSeq BLAST	RefSeq_BLAST	Cutadapt	PE	Fusarium_keratoplasticum	0.0014495853235426915
fig4_q30_PE_cutadapt_unite_blast_top1_rescue	1Z	fig4_q30_PE_cutadapt_unite_blast_top1_rescue_1Z	Zymo	1	mock_only	UNITE+RefSeq BLAST	RefSeq_BLAST	Cutadapt	PE	Candida_africana	1.7822770371426534e-4
fig4_q30_PE_cutadapt_unite_blast_top1_rescue	1Z	fig4_q30_PE_cutadapt_unite_blast_top1_rescue_1Z	Zymo	1	mock_only	UNITE+RefSeq BLAST	RefSeq_BLAST	Cutadapt	PE	Candida_albicans	0.2906893847579668
fig4_q30_PE_cutadapt_unite_blast_top1_rescue	1Z	fig4_q30_PE_cutadapt_unite_blast_top1_rescue_1Z	Zymo	1	mock_only	UNITE+RefSeq BLAST	RefSeq_BLAST	Cutadapt	PE	Candida_g	0
fig4_q30_PE_cutadapt_unite_blast_top1_rescue	1Z	fig4_q30_PE_cutadapt_unite_blast_top1_rescue_1Z	Zymo	1	mock_only	UNITE+RefSeq BLAST	RefSeq_BLAST	Cutadapt	PE	Candida_tropicalis	0
fig4_q30_PE_cutadapt_unite_blast_top1_rescue	1Z	fig4_q30_PE_cutadapt_unite_blast_top1_rescue_1Z	Zymo	1	mock_only	UNITE+RefSeq BLAST	RefSeq_BLAST	Cutadapt	PE	Nakaseomyces_glabratus	0.09172785817827524
fig4_q30_PE_cutadapt_unite_blast_top1_rescue	1Z	fig4_q30_PE_cutadapt_unite_blast_top1_rescue_1Z	Zymo	1	mock_only	UNITE+RefSeq BLAST	RefSeq_BLAST	Cutadapt	PE	Malassezia_g	0
fig4_q30_PE_cutadapt_unite_blast_top1_rescue	1Z	fig4_q30_PE_cutadapt_unite_blast_top1_rescue_1Z	Zymo	1	mock_only	UNITE+RefSeq BLAST	RefSeq_BLAST	Cutadapt	PE	Malassezia_globosa	0
fig4_q30_PE_cutadapt_unite_blast_top1_rescue	1Z	fig4_q30_PE_cutadapt_unite_blast_top1_rescue_1Z	Zymo	1	mock_only	UNITE+RefSeq BLAST	RefSeq_BLAST	Cutadapt	PE	Saccharomyces_arboricola	0
fig4_q30_PE_cutadapt_unite_blast_top1_rescue	1Z	fig4_q30_PE_cutadapt_unite_blast_top1_rescue_1Z	Zymo	1	mock_only	UNITE+RefSeq BLAST	RefSeq_BLAST	Cutadapt	PE	Saccharomyces_cerevisiae	0.04515101827428055
fig4_q30_PE_cutadapt_unite_blast_top1_rescue	1Z	fig4_q30_PE_cutadapt_unite_blast_top1_rescue_1Z	Zymo	1	mock_only	UNITE+RefSeq BLAST	RefSeq_BLAST	Cutadapt	PE	Saccharomyces_g	0
fig4_q30_PE_cutadapt_unite_blast_top1_rescue	1Z	fig4_q30_PE_cutadapt_unite_blast_top1_rescue_1Z	Zymo	1	mock_only	UNITE+RefSeq BLAST	RefSeq_BLAST	Cutadapt	PE	Saccharomyces_uvarum	0
fig4_q30_PE_cutadapt_unite_blast_top1_rescue	1Z	fig4_q30_PE_cutadapt_unite_blast_top1_rescue_1Z	Zymo	1	mock_only	UNITE+RefSeq BLAST	RefSeq_BLAST	Cutadapt	PE	Cutaneotrichosporon_dermatis	2.732824790285402e-4
fig4_q30_PE_cutadapt_unite_blast_top1_rescue	1Z	fig4_q30_PE_cutadapt_unite_blast_top1_rescue_1Z	Zymo	1	mock_only	UNITE+RefSeq BLAST	RefSeq_BLAST	Cutadapt	PE	Cutaneotrichosporon_g	0
fig4_q30_PE_cutadapt_unite_blast_top1_rescue	1Z	fig4_q30_PE_cutadapt_unite_blast_top1_rescue_1Z	Zymo	1	mock_only	UNITE+RefSeq BLAST	RefSeq_BLAST	Cutadapt	PE	Cutaneotrichosporon_mucoides	0.2721299398778546
fig4_q30_PE_cutadapt_unite_blast_top1_rescue	1Z	fig4_q30_PE_cutadapt_unite_blast_top1_rescue_1Z	Zymo	1	mock_only	UNITE+RefSeq BLAST	RefSeq_BLAST	Cutadapt	PE	Other	8.31729283999905e-5
fig4_q30_PE_cutadapt_unite_blast_top1_rescue	2D	fig4_q30_PE_cutadapt_unite_blast_top1_rescue_2D	DNeasy	2	mock_only	Mock type-strain BLAST	Mock_type_reference_BLAST	Cutadapt	PE	Aspergillus_fumigatus	0.02739021734747369
fig4_q30_PE_cutadapt_unite_blast_top1_rescue	2D	fig4_q30_PE_cutadapt_unite_blast_top1_rescue_2D	DNeasy	2	mock_only	Mock type-strain BLAST	Mock_type_reference_BLAST	Cutadapt	PE	Aspergillus_g	0
fig4_q30_PE_cutadapt_unite_blast_top1_rescue	2D	fig4_q30_PE_cutadapt_unite_blast_top1_rescue_2D	DNeasy	2	mock_only	Mock type-strain BLAST	Mock_type_reference_BLAST	Cutadapt	PE	Cryptococcus_gattii	0
fig4_q30_PE_cutadapt_unite_blast_top1_rescue	2D	fig4_q30_PE_cutadapt_unite_blast_top1_rescue_2D	DNeasy	2	mock_only	Mock type-strain BLAST	Mock_type_reference_BLAST	Cutadapt	PE	Cryptococcus_neoformans	0.14553006169603613
fig4_q30_PE_cutadapt_unite_blast_top1_rescue	2D	fig4_q30_PE_cutadapt_unite_blast_top1_rescue_2D	DNeasy	2	mock_only	Mock type-strain BLAST	Mock_type_reference_BLAST	Cutadapt	PE	Trichophyton_interdigitale	0.003951772248881004
fig4_q30_PE_cutadapt_unite_blast_top1_rescue	2D	fig4_q30_PE_cutadapt_unite_blast_top1_rescue_2D	DNeasy	2	mock_only	Mock type-strain BLAST	Mock_type_reference_BLAST	Cutadapt	PE	Trichophyton_mentagrophytes	0
fig4_q30_PE_cutadapt_unite_blast_top1_rescue	2D	fig4_q30_PE_cutadapt_unite_blast_top1_rescue_2D	DNeasy	2	mock_only	Mock type-strain BLAST	Mock_type_reference_BLAST	Cutadapt	PE	Penicillium_chrysogenum	0.10411710149602807
fig4_q30_PE_cutadapt_unite_blast_top1_rescue	2D	fig4_q30_PE_cutadapt_unite_blast_top1_rescue_2D	DNeasy	2	mock_only	Mock type-strain BLAST	Mock_type_reference_BLAST	Cutadapt	PE	Penicillium_flavigenum	0
fig4_q30_PE_cutadapt_unite_blast_top1_rescue	2D	fig4_q30_PE_cutadapt_unite_blast_top1_rescue_2D	DNeasy	2	mock_only	Mock type-strain BLAST	Mock_type_reference_BLAST	Cutadapt	PE	Penicillium_g	0
fig4_q30_PE_cutadapt_unite_blast_top1_rescue	2D	fig4_q30_PE_cutadapt_unite_blast_top1_rescue_2D	DNeasy	2	mock_only	Mock type-strain BLAST	Mock_type_reference_BLAST	Cutadapt	PE	Fusarium_g	0
fig4_q30_PE_cutadapt_unite_blast_top1_rescue	2D	fig4_q30_PE_cutadapt_unite_blast_top1_rescue_2D	DNeasy	2	mock_only	Mock type-strain BLAST	Mock_type_reference_BLAST	Cutadapt	PE	Fusarium_keratoplasticum	0.0015121577482963022
fig4_q30_PE_cutadapt_unite_blast_top1_rescue	2D	fig4_q30_PE_cutadapt_unite_blast_top1_rescue_2D	DNeasy	2	mock_only	Mock type-strain BLAST	Mock_type_reference_BLAST	Cutadapt	PE	Candida_africana	0
fig4_q30_PE_cutadapt_unite_blast_top1_rescue	2D	fig4_q30_PE_cutadapt_unite_blast_top1_rescue_2D	DNeasy	2	mock_only	Mock type-strain BLAST	Mock_type_reference_BLAST	Cutadapt	PE	Candida_albicans	0.3089741521835558
fig4_q30_PE_cutadapt_unite_blast_top1_rescue	2D	fig4_q30_PE_cutadapt_unite_blast_top1_rescue_2D	DNeasy	2	mock_only	Mock type-strain BLAST	Mock_type_reference_BLAST	Cutadapt	PE	Candida_g	0
fig4_q30_PE_cutadapt_unite_blast_top1_rescue	2D	fig4_q30_PE_cutadapt_unite_blast_top1_rescue_2D	DNeasy	2	mock_only	Mock type-strain BLAST	Mock_type_reference_BLAST	Cutadapt	PE	Candida_tropicalis	0
fig4_q30_PE_cutadapt_unite_blast_top1_rescue	2D	fig4_q30_PE_cutadapt_unite_blast_top1_rescue_2D	DNeasy	2	mock_only	Mock type-strain BLAST	Mock_type_reference_BLAST	Cutadapt	PE	Nakaseomyces_glabratus	0.108915682083955
fig4_q30_PE_cutadapt_unite_blast_top1_rescue	2D	fig4_q30_PE_cutadapt_unite_blast_top1_rescue_2D	DNeasy	2	mock_only	Mock type-strain BLAST	Mock_type_reference_BLAST	Cutadapt	PE	Malassezia_g	0
fig4_q30_PE_cutadapt_unite_blast_top1_rescue	2D	fig4_q30_PE_cutadapt_unite_blast_top1_rescue_2D	DNeasy	2	mock_only	Mock type-strain BLAST	Mock_type_reference_BLAST	Cutadapt	PE	Malassezia_globosa	0
fig4_q30_PE_cutadapt_unite_blast_top1_rescue	2D	fig4_q30_PE_cutadapt_unite_blast_top1_rescue_2D	DNeasy	2	mock_only	Mock type-strain BLAST	Mock_type_reference_BLAST	Cutadapt	PE	Saccharomyces_arboricola	0
fig4_q30_PE_cutadapt_unite_blast_top1_rescue	2D	fig4_q30_PE_cutadapt_unite_blast_top1_rescue_2D	DNeasy	2	mock_only	Mock type-strain BLAST	Mock_type_reference_BLAST	Cutadapt	PE	Saccharomyces_cerevisiae	0.06696842614621558
fig4_q30_PE_cutadapt_unite_blast_top1_rescue	2D	fig4_q30_PE_cutadapt_unite_blast_top1_rescue_2D	DNeasy	2	mock_only	Mock type-strain BLAST	Mock_type_reference_BLAST	Cutadapt	PE	Saccharomyces_g	0
fig4_q30_PE_cutadapt_unite_blast_top1_rescue	2D	fig4_q30_PE_cutadapt_unite_blast_top1_rescue_2D	DNeasy	2	mock_only	Mock type-strain BLAST	Mock_type_reference_BLAST	Cutadapt	PE	Saccharomyces_uvarum	0
fig4_q30_PE_cutadapt_unite_blast_top1_rescue	2D	fig4_q30_PE_cutadapt_unite_blast_top1_rescue_2D	DNeasy	2	mock_only	Mock type-strain BLAST	Mock_type_reference_BLAST	Cutadapt	PE	Cutaneotrichosporon_dermatis	0.23264042904955845
fig4_q30_PE_cutadapt_unite_blast_top1_rescue	2D	fig4_q30_PE_cutadapt_unite_blast_top1_rescue_2D	DNeasy	2	mock_only	Mock type-strain BLAST	Mock_type_reference_BLAST	Cutadapt	PE	Cutaneotrichosporon_g	0
fig4_q30_PE_cutadapt_unite_blast_top1_rescue	2D	fig4_q30_PE_cutadapt_unite_blast_top1_rescue_2D	DNeasy	2	mock_only	Mock type-strain BLAST	Mock_type_reference_BLAST	Cutadapt	PE	Cutaneotrichosporon_mucoides	0
fig4_q30_PE_cutadapt_unite_blast_top1_rescue	2D	fig4_q30_PE_cutadapt_unite_blast_top1_rescue_2D	DNeasy	2	mock_only	Mock type-strain BLAST	Mock_type_reference_BLAST	Cutadapt	PE	Other	0
fig4_q30_PE_cutadapt_unite_blast_top1_rescue	2D	fig4_q30_PE_cutadapt_unite_blast_top1_rescue_2D	DNeasy	2	mock_only	UNITE	No_BLAST	Cutadapt	PE	Aspergillus_fumigatus	0.02739021734747369
fig4_q30_PE_cutadapt_unite_blast_top1_rescue	2D	fig4_q30_PE_cutadapt_unite_blast_top1_rescue_2D	DNeasy	2	mock_only	UNITE	No_BLAST	Cutadapt	PE	Aspergillus_g	0
fig4_q30_PE_cutadapt_unite_blast_top1_rescue	2D	fig4_q30_PE_cutadapt_unite_blast_top1_rescue_2D	DNeasy	2	mock_only	UNITE	No_BLAST	Cutadapt	PE	Cryptococcus_gattii	0
fig4_q30_PE_cutadapt_unite_blast_top1_rescue	2D	fig4_q30_PE_cutadapt_unite_blast_top1_rescue_2D	DNeasy	2	mock_only	UNITE	No_BLAST	Cutadapt	PE	Cryptococcus_neoformans	0.14538892697286182
fig4_q30_PE_cutadapt_unite_blast_top1_rescue	2D	fig4_q30_PE_cutadapt_unite_blast_top1_rescue_2D	DNeasy	2	mock_only	UNITE	No_BLAST	Cutadapt	PE	Trichophyton_interdigitale	0
fig4_q30_PE_cutadapt_unite_blast_top1_rescue	2D	fig4_q30_PE_cutadapt_unite_blast_top1_rescue_2D	DNeasy	2	mock_only	UNITE	No_BLAST	Cutadapt	PE	Trichophyton_mentagrophytes	0.003951772248881004
fig4_q30_PE_cutadapt_unite_blast_top1_rescue	2D	fig4_q30_PE_cutadapt_unite_blast_top1_rescue_2D	DNeasy	2	mock_only	UNITE	No_BLAST	Cutadapt	PE	Penicillium_chrysogenum	0
fig4_q30_PE_cutadapt_unite_blast_top1_rescue	2D	fig4_q30_PE_cutadapt_unite_blast_top1_rescue_2D	DNeasy	2	mock_only	UNITE	No_BLAST	Cutadapt	PE	Penicillium_flavigenum	1.108915682083955e-4
fig4_q30_PE_cutadapt_unite_blast_top1_rescue	2D	fig4_q30_PE_cutadapt_unite_blast_top1_rescue_2D	DNeasy	2	mock_only	UNITE	No_BLAST	Cutadapt	PE	Penicillium_g	0
fig4_q30_PE_cutadapt_unite_blast_top1_rescue	2D	fig4_q30_PE_cutadapt_unite_blast_top1_rescue_2D	DNeasy	2	mock_only	UNITE	No_BLAST	Cutadapt	PE	Fusarium_g	0
fig4_q30_PE_cutadapt_unite_blast_top1_rescue	2D	fig4_q30_PE_cutadapt_unite_blast_top1_rescue_2D	DNeasy	2	mock_only	UNITE	No_BLAST	Cutadapt	PE	Fusarium_keratoplasticum	0
fig4_q30_PE_cutadapt_unite_blast_top1_rescue	2D	fig4_q30_PE_cutadapt_unite_blast_top1_rescue_2D	DNeasy	2	mock_only	UNITE	No_BLAST	Cutadapt	PE	Candida_africana	0
fig4_q30_PE_cutadapt_unite_blast_top1_rescue	2D	fig4_q30_PE_cutadapt_unite_blast_top1_rescue_2D	DNeasy	2	mock_only	UNITE	No_BLAST	Cutadapt	PE	Candida_albicans	0.30880277430541553
fig4_q30_PE_cutadapt_unite_blast_top1_rescue	2D	fig4_q30_PE_cutadapt_unite_blast_top1_rescue_2D	DNeasy	2	mock_only	UNITE	No_BLAST	Cutadapt	PE	Candida_g	0
fig4_q30_PE_cutadapt_unite_blast_top1_rescue	2D	fig4_q30_PE_cutadapt_unite_blast_top1_rescue_2D	DNeasy	2	mock_only	UNITE	No_BLAST	Cutadapt	PE	Candida_tropicalis	0
fig4_q30_PE_cutadapt_unite_blast_top1_rescue	2D	fig4_q30_PE_cutadapt_unite_blast_top1_rescue_2D	DNeasy	2	mock_only	UNITE	No_BLAST	Cutadapt	PE	Nakaseomyces_glabratus	0.10873422315415944
fig4_q30_PE_cutadapt_unite_blast_top1_rescue	2D	fig4_q30_PE_cutadapt_unite_blast_top1_rescue_2D	DNeasy	2	mock_only	UNITE	No_BLAST	Cutadapt	PE	Malassezia_g	0
fig4_q30_PE_cutadapt_unite_blast_top1_rescue	2D	fig4_q30_PE_cutadapt_unite_blast_top1_rescue_2D	DNeasy	2	mock_only	UNITE	No_BLAST	Cutadapt	PE	Malassezia_globosa	0
fig4_q30_PE_cutadapt_unite_blast_top1_rescue	2D	fig4_q30_PE_cutadapt_unite_blast_top1_rescue_2D	DNeasy	2	mock_only	UNITE	No_BLAST	Cutadapt	PE	Saccharomyces_arboricola	0
fig4_q30_PE_cutadapt_unite_blast_top1_rescue	2D	fig4_q30_PE_cutadapt_unite_blast_top1_rescue_2D	DNeasy	2	mock_only	UNITE	No_BLAST	Cutadapt	PE	Saccharomyces_cerevisiae	0.06685753457800718
fig4_q30_PE_cutadapt_unite_blast_top1_rescue	2D	fig4_q30_PE_cutadapt_unite_blast_top1_rescue_2D	DNeasy	2	mock_only	UNITE	No_BLAST	Cutadapt	PE	Saccharomyces_g	0
fig4_q30_PE_cutadapt_unite_blast_top1_rescue	2D	fig4_q30_PE_cutadapt_unite_blast_top1_rescue_2D	DNeasy	2	mock_only	UNITE	No_BLAST	Cutadapt	PE	Saccharomyces_uvarum	0
fig4_q30_PE_cutadapt_unite_blast_top1_rescue	2D	fig4_q30_PE_cutadapt_unite_blast_top1_rescue_2D	DNeasy	2	mock_only	UNITE	No_BLAST	Cutadapt	PE	Cutaneotrichosporon_dermatis	0
fig4_q30_PE_cutadapt_unite_blast_top1_rescue	2D	fig4_q30_PE_cutadapt_unite_blast_top1_rescue_2D	DNeasy	2	mock_only	UNITE	No_BLAST	Cutadapt	PE	Cutaneotrichosporon_g	0
fig4_q30_PE_cutadapt_unite_blast_top1_rescue	2D	fig4_q30_PE_cutadapt_unite_blast_top1_rescue_2D	DNeasy	2	mock_only	UNITE	No_BLAST	Cutadapt	PE	Cutaneotrichosporon_mucoides	0.23245897011976288
fig4_q30_PE_cutadapt_unite_blast_top1_rescue	2D	fig4_q30_PE_cutadapt_unite_blast_top1_rescue_2D	DNeasy	2	mock_only	UNITE	No_BLAST	Cutadapt	PE	Other	0.10630468970523005
fig4_q30_PE_cutadapt_unite_blast_top1_rescue	2D	fig4_q30_PE_cutadapt_unite_blast_top1_rescue_2D	DNeasy	2	mock_only	UNITE+RefSeq BLAST	RefSeq_BLAST	Cutadapt	PE	Aspergillus_fumigatus	0.02739021734747369
fig4_q30_PE_cutadapt_unite_blast_top1_rescue	2D	fig4_q30_PE_cutadapt_unite_blast_top1_rescue_2D	DNeasy	2	mock_only	UNITE+RefSeq BLAST	RefSeq_BLAST	Cutadapt	PE	Aspergillus_g	0
fig4_q30_PE_cutadapt_unite_blast_top1_rescue	2D	fig4_q30_PE_cutadapt_unite_blast_top1_rescue_2D	DNeasy	2	mock_only	UNITE+RefSeq BLAST	RefSeq_BLAST	Cutadapt	PE	Cryptococcus_gattii	1.4113472317432154e-4
fig4_q30_PE_cutadapt_unite_blast_top1_rescue	2D	fig4_q30_PE_cutadapt_unite_blast_top1_rescue_2D	DNeasy	2	mock_only	UNITE+RefSeq BLAST	RefSeq_BLAST	Cutadapt	PE	Cryptococcus_neoformans	0.14538892697286182
fig4_q30_PE_cutadapt_unite_blast_top1_rescue	2D	fig4_q30_PE_cutadapt_unite_blast_top1_rescue_2D	DNeasy	2	mock_only	UNITE+RefSeq BLAST	RefSeq_BLAST	Cutadapt	PE	Trichophyton_interdigitale	0
fig4_q30_PE_cutadapt_unite_blast_top1_rescue	2D	fig4_q30_PE_cutadapt_unite_blast_top1_rescue_2D	DNeasy	2	mock_only	UNITE+RefSeq BLAST	RefSeq_BLAST	Cutadapt	PE	Trichophyton_mentagrophytes	0.003951772248881004
fig4_q30_PE_cutadapt_unite_blast_top1_rescue	2D	fig4_q30_PE_cutadapt_unite_blast_top1_rescue_2D	DNeasy	2	mock_only	UNITE+RefSeq BLAST	RefSeq_BLAST	Cutadapt	PE	Penicillium_chrysogenum	0.10400620992781967
fig4_q30_PE_cutadapt_unite_blast_top1_rescue	2D	fig4_q30_PE_cutadapt_unite_blast_top1_rescue_2D	DNeasy	2	mock_only	UNITE+RefSeq BLAST	RefSeq_BLAST	Cutadapt	PE	Penicillium_flavigenum	1.108915682083955e-4
fig4_q30_PE_cutadapt_unite_blast_top1_rescue	2D	fig4_q30_PE_cutadapt_unite_blast_top1_rescue_2D	DNeasy	2	mock_only	UNITE+RefSeq BLAST	RefSeq_BLAST	Cutadapt	PE	Penicillium_g	0
fig4_q30_PE_cutadapt_unite_blast_top1_rescue	2D	fig4_q30_PE_cutadapt_unite_blast_top1_rescue_2D	DNeasy	2	mock_only	UNITE+RefSeq BLAST	RefSeq_BLAST	Cutadapt	PE	Fusarium_g	0
fig4_q30_PE_cutadapt_unite_blast_top1_rescue	2D	fig4_q30_PE_cutadapt_unite_blast_top1_rescue_2D	DNeasy	2	mock_only	UNITE+RefSeq BLAST	RefSeq_BLAST	Cutadapt	PE	Fusarium_keratoplasticum	0.0015121577482963022
fig4_q30_PE_cutadapt_unite_blast_top1_rescue	2D	fig4_q30_PE_cutadapt_unite_blast_top1_rescue_2D	DNeasy	2	mock_only	UNITE+RefSeq BLAST	RefSeq_BLAST	Cutadapt	PE	Candida_africana	1.713778781402476e-4
fig4_q30_PE_cutadapt_unite_blast_top1_rescue	2D	fig4_q30_PE_cutadapt_unite_blast_top1_rescue_2D	DNeasy	2	mock_only	UNITE+RefSeq BLAST	RefSeq_BLAST	Cutadapt	PE	Candida_albicans	0.30880277430541553
fig4_q30_PE_cutadapt_unite_blast_top1_rescue	2D	fig4_q30_PE_cutadapt_unite_blast_top1_rescue_2D	DNeasy	2	mock_only	UNITE+RefSeq BLAST	RefSeq_BLAST	Cutadapt	PE	Candida_g	0
fig4_q30_PE_cutadapt_unite_blast_top1_rescue	2D	fig4_q30_PE_cutadapt_unite_blast_top1_rescue_2D	DNeasy	2	mock_only	UNITE+RefSeq BLAST	RefSeq_BLAST	Cutadapt	PE	Candida_tropicalis	0
fig4_q30_PE_cutadapt_unite_blast_top1_rescue	2D	fig4_q30_PE_cutadapt_unite_blast_top1_rescue_2D	DNeasy	2	mock_only	UNITE+RefSeq BLAST	RefSeq_BLAST	Cutadapt	PE	Nakaseomyces_glabratus	0.10873422315415944
fig4_q30_PE_cutadapt_unite_blast_top1_rescue	2D	fig4_q30_PE_cutadapt_unite_blast_top1_rescue_2D	DNeasy	2	mock_only	UNITE+RefSeq BLAST	RefSeq_BLAST	Cutadapt	PE	Malassezia_g	0
fig4_q30_PE_cutadapt_unite_blast_top1_rescue	2D	fig4_q30_PE_cutadapt_unite_blast_top1_rescue_2D	DNeasy	2	mock_only	UNITE+RefSeq BLAST	RefSeq_BLAST	Cutadapt	PE	Malassezia_globosa	0
fig4_q30_PE_cutadapt_unite_blast_top1_rescue	2D	fig4_q30_PE_cutadapt_unite_blast_top1_rescue_2D	DNeasy	2	mock_only	UNITE+RefSeq BLAST	RefSeq_BLAST	Cutadapt	PE	Saccharomyces_arboricola	0
fig4_q30_PE_cutadapt_unite_blast_top1_rescue	2D	fig4_q30_PE_cutadapt_unite_blast_top1_rescue_2D	DNeasy	2	mock_only	UNITE+RefSeq BLAST	RefSeq_BLAST	Cutadapt	PE	Saccharomyces_cerevisiae	0.06685753457800718
fig4_q30_PE_cutadapt_unite_blast_top1_rescue	2D	fig4_q30_PE_cutadapt_unite_blast_top1_rescue_2D	DNeasy	2	mock_only	UNITE+RefSeq BLAST	RefSeq_BLAST	Cutadapt	PE	Saccharomyces_g	0
fig4_q30_PE_cutadapt_unite_blast_top1_rescue	2D	fig4_q30_PE_cutadapt_unite_blast_top1_rescue_2D	DNeasy	2	mock_only	UNITE+RefSeq BLAST	RefSeq_BLAST	Cutadapt	PE	Saccharomyces_uvarum	1.108915682083955e-4
fig4_q30_PE_cutadapt_unite_blast_top1_rescue	2D	fig4_q30_PE_cutadapt_unite_blast_top1_rescue_2D	DNeasy	2	mock_only	UNITE+RefSeq BLAST	RefSeq_BLAST	Cutadapt	PE	Cutaneotrichosporon_dermatis	1.612968264849389e-4
fig4_q30_PE_cutadapt_unite_blast_top1_rescue	2D	fig4_q30_PE_cutadapt_unite_blast_top1_rescue_2D	DNeasy	2	mock_only	UNITE+RefSeq BLAST	RefSeq_BLAST	Cutadapt	PE	Cutaneotrichosporon_g	0
fig4_q30_PE_cutadapt_unite_blast_top1_rescue	2D	fig4_q30_PE_cutadapt_unite_blast_top1_rescue_2D	DNeasy	2	mock_only	UNITE+RefSeq BLAST	RefSeq_BLAST	Cutadapt	PE	Cutaneotrichosporon_mucoides	0.23245897011976288
fig4_q30_PE_cutadapt_unite_blast_top1_rescue	2D	fig4_q30_PE_cutadapt_unite_blast_top1_rescue_2D	DNeasy	2	mock_only	UNITE+RefSeq BLAST	RefSeq_BLAST	Cutadapt	PE	Other	2.0162103310617362e-4
fig4_q30_PE_cutadapt_unite_blast_top1_rescue	2Q	fig4_q30_PE_cutadapt_unite_blast_top1_rescue_2Q	QIAamp	2	mock_only	Mock type-strain BLAST	Mock_type_reference_BLAST	Cutadapt	PE	Aspergillus_fumigatus	0.03218108561448408
fig4_q30_PE_cutadapt_unite_blast_top1_rescue	2Q	fig4_q30_PE_cutadapt_unite_blast_top1_rescue_2Q	QIAamp	2	mock_only	Mock type-strain BLAST	Mock_type_reference_BLAST	Cutadapt	PE	Aspergillus_g	0
fig4_q30_PE_cutadapt_unite_blast_top1_rescue	2Q	fig4_q30_PE_cutadapt_unite_blast_top1_rescue_2Q	QIAamp	2	mock_only	Mock type-strain BLAST	Mock_type_reference_BLAST	Cutadapt	PE	Cryptococcus_gattii	0
fig4_q30_PE_cutadapt_unite_blast_top1_rescue	2Q	fig4_q30_PE_cutadapt_unite_blast_top1_rescue_2Q	QIAamp	2	mock_only	Mock type-strain BLAST	Mock_type_reference_BLAST	Cutadapt	PE	Cryptococcus_neoformans	0.16201213923809854
fig4_q30_PE_cutadapt_unite_blast_top1_rescue	2Q	fig4_q30_PE_cutadapt_unite_blast_top1_rescue_2Q	QIAamp	2	mock_only	Mock type-strain BLAST	Mock_type_reference_BLAST	Cutadapt	PE	Trichophyton_interdigitale	0.00554220200937246
fig4_q30_PE_cutadapt_unite_blast_top1_rescue	2Q	fig4_q30_PE_cutadapt_unite_blast_top1_rescue_2Q	QIAamp	2	mock_only	Mock type-strain BLAST	Mock_type_reference_BLAST	Cutadapt	PE	Trichophyton_mentagrophytes	0
fig4_q30_PE_cutadapt_unite_blast_top1_rescue	2Q	fig4_q30_PE_cutadapt_unite_blast_top1_rescue_2Q	QIAamp	2	mock_only	Mock type-strain BLAST	Mock_type_reference_BLAST	Cutadapt	PE	Penicillium_chrysogenum	0.12460011412958896
fig4_q30_PE_cutadapt_unite_blast_top1_rescue	2Q	fig4_q30_PE_cutadapt_unite_blast_top1_rescue_2Q	QIAamp	2	mock_only	Mock type-strain BLAST	Mock_type_reference_BLAST	Cutadapt	PE	Penicillium_flavigenum	0
fig4_q30_PE_cutadapt_unite_blast_top1_rescue	2Q	fig4_q30_PE_cutadapt_unite_blast_top1_rescue_2Q	QIAamp	2	mock_only	Mock type-strain BLAST	Mock_type_reference_BLAST	Cutadapt	PE	Penicillium_g	0
fig4_q30_PE_cutadapt_unite_blast_top1_rescue	2Q	fig4_q30_PE_cutadapt_unite_blast_top1_rescue_2Q	QIAamp	2	mock_only	Mock type-strain BLAST	Mock_type_reference_BLAST	Cutadapt	PE	Fusarium_g	0
fig4_q30_PE_cutadapt_unite_blast_top1_rescue	2Q	fig4_q30_PE_cutadapt_unite_blast_top1_rescue_2Q	QIAamp	2	mock_only	Mock type-strain BLAST	Mock_type_reference_BLAST	Cutadapt	PE	Fusarium_keratoplasticum	0.002196129969392519
fig4_q30_PE_cutadapt_unite_blast_top1_rescue	2Q	fig4_q30_PE_cutadapt_unite_blast_top1_rescue_2Q	QIAamp	2	mock_only	Mock type-strain BLAST	Mock_type_reference_BLAST	Cutadapt	PE	Candida_africana	0
fig4_q30_PE_cutadapt_unite_blast_top1_rescue	2Q	fig4_q30_PE_cutadapt_unite_blast_top1_rescue_2Q	QIAamp	2	mock_only	Mock type-strain BLAST	Mock_type_reference_BLAST	Cutadapt	PE	Candida_albicans	0.28705320859776234
fig4_q30_PE_cutadapt_unite_blast_top1_rescue	2Q	fig4_q30_PE_cutadapt_unite_blast_top1_rescue_2Q	QIAamp	2	mock_only	Mock type-strain BLAST	Mock_type_reference_BLAST	Cutadapt	PE	Candida_g	0
fig4_q30_PE_cutadapt_unite_blast_top1_rescue	2Q	fig4_q30_PE_cutadapt_unite_blast_top1_rescue_2Q	QIAamp	2	mock_only	Mock type-strain BLAST	Mock_type_reference_BLAST	Cutadapt	PE	Candida_tropicalis	0
fig4_q30_PE_cutadapt_unite_blast_top1_rescue	2Q	fig4_q30_PE_cutadapt_unite_blast_top1_rescue_2Q	QIAamp	2	mock_only	Mock type-strain BLAST	Mock_type_reference_BLAST	Cutadapt	PE	Nakaseomyces_glabratus	0.11655916581645887
fig4_q30_PE_cutadapt_unite_blast_top1_rescue	2Q	fig4_q30_PE_cutadapt_unite_blast_top1_rescue_2Q	QIAamp	2	mock_only	Mock type-strain BLAST	Mock_type_reference_BLAST	Cutadapt	PE	Malassezia_g	0
fig4_q30_PE_cutadapt_unite_blast_top1_rescue	2Q	fig4_q30_PE_cutadapt_unite_blast_top1_rescue_2Q	QIAamp	2	mock_only	Mock type-strain BLAST	Mock_type_reference_BLAST	Cutadapt	PE	Malassezia_globosa	3.458472392744125e-5
fig4_q30_PE_cutadapt_unite_blast_top1_rescue	2Q	fig4_q30_PE_cutadapt_unite_blast_top1_rescue_2Q	QIAamp	2	mock_only	Mock type-strain BLAST	Mock_type_reference_BLAST	Cutadapt	PE	Saccharomyces_arboricola	0
fig4_q30_PE_cutadapt_unite_blast_top1_rescue	2Q	fig4_q30_PE_cutadapt_unite_blast_top1_rescue_2Q	QIAamp	2	mock_only	Mock type-strain BLAST	Mock_type_reference_BLAST	Cutadapt	PE	Saccharomyces_cerevisiae	0.047242732884884744
fig4_q30_PE_cutadapt_unite_blast_top1_rescue	2Q	fig4_q30_PE_cutadapt_unite_blast_top1_rescue_2Q	QIAamp	2	mock_only	Mock type-strain BLAST	Mock_type_reference_BLAST	Cutadapt	PE	Saccharomyces_g	0
fig4_q30_PE_cutadapt_unite_blast_top1_rescue	2Q	fig4_q30_PE_cutadapt_unite_blast_top1_rescue_2Q	QIAamp	2	mock_only	Mock type-strain BLAST	Mock_type_reference_BLAST	Cutadapt	PE	Saccharomyces_uvarum	0
fig4_q30_PE_cutadapt_unite_blast_top1_rescue	2Q	fig4_q30_PE_cutadapt_unite_blast_top1_rescue_2Q	QIAamp	2	mock_only	Mock type-strain BLAST	Mock_type_reference_BLAST	Cutadapt	PE	Cutaneotrichosporon_dermatis	0.22257863701603
fig4_q30_PE_cutadapt_unite_blast_top1_rescue	2Q	fig4_q30_PE_cutadapt_unite_blast_top1_rescue_2Q	QIAamp	2	mock_only	Mock type-strain BLAST	Mock_type_reference_BLAST	Cutadapt	PE	Cutaneotrichosporon_g	0
fig4_q30_PE_cutadapt_unite_blast_top1_rescue	2Q	fig4_q30_PE_cutadapt_unite_blast_top1_rescue_2Q	QIAamp	2	mock_only	Mock type-strain BLAST	Mock_type_reference_BLAST	Cutadapt	PE	Cutaneotrichosporon_mucoides	0
fig4_q30_PE_cutadapt_unite_blast_top1_rescue	2Q	fig4_q30_PE_cutadapt_unite_blast_top1_rescue_2Q	QIAamp	2	mock_only	Mock type-strain BLAST	Mock_type_reference_BLAST	Cutadapt	PE	Other	0
fig4_q30_PE_cutadapt_unite_blast_top1_rescue	2Q	fig4_q30_PE_cutadapt_unite_blast_top1_rescue_2Q	QIAamp	2	mock_only	UNITE	No_BLAST	Cutadapt	PE	Aspergillus_fumigatus	0.03218108561448408
fig4_q30_PE_cutadapt_unite_blast_top1_rescue	2Q	fig4_q30_PE_cutadapt_unite_blast_top1_rescue_2Q	QIAamp	2	mock_only	UNITE	No_BLAST	Cutadapt	PE	Aspergillus_g	0
fig4_q30_PE_cutadapt_unite_blast_top1_rescue	2Q	fig4_q30_PE_cutadapt_unite_blast_top1_rescue_2Q	QIAamp	2	mock_only	UNITE	No_BLAST	Cutadapt	PE	Cryptococcus_gattii	0
fig4_q30_PE_cutadapt_unite_blast_top1_rescue	2Q	fig4_q30_PE_cutadapt_unite_blast_top1_rescue_2Q	QIAamp	2	mock_only	UNITE	No_BLAST	Cutadapt	PE	Cryptococcus_neoformans	0.16191703124729806
fig4_q30_PE_cutadapt_unite_blast_top1_rescue	2Q	fig4_q30_PE_cutadapt_unite_blast_top1_rescue_2Q	QIAamp	2	mock_only	UNITE	No_BLAST	Cutadapt	PE	Trichophyton_interdigitale	0
fig4_q30_PE_cutadapt_unite_blast_top1_rescue	2Q	fig4_q30_PE_cutadapt_unite_blast_top1_rescue_2Q	QIAamp	2	mock_only	UNITE	No_BLAST	Cutadapt	PE	Trichophyton_mentagrophytes	0.00554220200937246
fig4_q30_PE_cutadapt_unite_blast_top1_rescue	2Q	fig4_q30_PE_cutadapt_unite_blast_top1_rescue_2Q	QIAamp	2	mock_only	UNITE	No_BLAST	Cutadapt	PE	Penicillium_chrysogenum	0
fig4_q30_PE_cutadapt_unite_blast_top1_rescue	2Q	fig4_q30_PE_cutadapt_unite_blast_top1_rescue_2Q	QIAamp	2	mock_only	UNITE	No_BLAST	Cutadapt	PE	Penicillium_flavigenum	0
fig4_q30_PE_cutadapt_unite_blast_top1_rescue	2Q	fig4_q30_PE_cutadapt_unite_blast_top1_rescue_2Q	QIAamp	2	mock_only	UNITE	No_BLAST	Cutadapt	PE	Penicillium_g	0
fig4_q30_PE_cutadapt_unite_blast_top1_rescue	2Q	fig4_q30_PE_cutadapt_unite_blast_top1_rescue_2Q	QIAamp	2	mock_only	UNITE	No_BLAST	Cutadapt	PE	Fusarium_g	0
fig4_q30_PE_cutadapt_unite_blast_top1_rescue	2Q	fig4_q30_PE_cutadapt_unite_blast_top1_rescue_2Q	QIAamp	2	mock_only	UNITE	No_BLAST	Cutadapt	PE	Fusarium_keratoplasticum	0
fig4_q30_PE_cutadapt_unite_blast_top1_rescue	2Q	fig4_q30_PE_cutadapt_unite_blast_top1_rescue_2Q	QIAamp	2	mock_only	UNITE	No_BLAST	Cutadapt	PE	Candida_africana	0
fig4_q30_PE_cutadapt_unite_blast_top1_rescue	2Q	fig4_q30_PE_cutadapt_unite_blast_top1_rescue_2Q	QIAamp	2	mock_only	UNITE	No_BLAST	Cutadapt	PE	Candida_albicans	0.28683705407321586
fig4_q30_PE_cutadapt_unite_blast_top1_rescue	2Q	fig4_q30_PE_cutadapt_unite_blast_top1_rescue_2Q	QIAamp	2	mock_only	UNITE	No_BLAST	Cutadapt	PE	Candida_g	0
fig4_q30_PE_cutadapt_unite_blast_top1_rescue	2Q	fig4_q30_PE_cutadapt_unite_blast_top1_rescue_2Q	QIAamp	2	mock_only	UNITE	No_BLAST	Cutadapt	PE	Candida_tropicalis	0
fig4_q30_PE_cutadapt_unite_blast_top1_rescue	2Q	fig4_q30_PE_cutadapt_unite_blast_top1_rescue_2Q	QIAamp	2	mock_only	UNITE	No_BLAST	Cutadapt	PE	Nakaseomyces_glabratus	0.11645541164467654
fig4_q30_PE_cutadapt_unite_blast_top1_rescue	2Q	fig4_q30_PE_cutadapt_unite_blast_top1_rescue_2Q	QIAamp	2	mock_only	UNITE	No_BLAST	Cutadapt	PE	Malassezia_g	0
fig4_q30_PE_cutadapt_unite_blast_top1_rescue	2Q	fig4_q30_PE_cutadapt_unite_blast_top1_rescue_2Q	QIAamp	2	mock_only	UNITE	No_BLAST	Cutadapt	PE	Malassezia_globosa	0
fig4_q30_PE_cutadapt_unite_blast_top1_rescue	2Q	fig4_q30_PE_cutadapt_unite_blast_top1_rescue_2Q	QIAamp	2	mock_only	UNITE	No_BLAST	Cutadapt	PE	Saccharomyces_arboricola	0
fig4_q30_PE_cutadapt_unite_blast_top1_rescue	2Q	fig4_q30_PE_cutadapt_unite_blast_top1_rescue_2Q	QIAamp	2	mock_only	UNITE	No_BLAST	Cutadapt	PE	Saccharomyces_cerevisiae	0.047242732884884744
fig4_q30_PE_cutadapt_unite_blast_top1_rescue	2Q	fig4_q30_PE_cutadapt_unite_blast_top1_rescue_2Q	QIAamp	2	mock_only	UNITE	No_BLAST	Cutadapt	PE	Saccharomyces_g	0
fig4_q30_PE_cutadapt_unite_blast_top1_rescue	2Q	fig4_q30_PE_cutadapt_unite_blast_top1_rescue_2Q	QIAamp	2	mock_only	UNITE	No_BLAST	Cutadapt	PE	Saccharomyces_uvarum	0
fig4_q30_PE_cutadapt_unite_blast_top1_rescue	2Q	fig4_q30_PE_cutadapt_unite_blast_top1_rescue_2Q	QIAamp	2	mock_only	UNITE	No_BLAST	Cutadapt	PE	Cutaneotrichosporon_dermatis	0
fig4_q30_PE_cutadapt_unite_blast_top1_rescue	2Q	fig4_q30_PE_cutadapt_unite_blast_top1_rescue_2Q	QIAamp	2	mock_only	UNITE	No_BLAST	Cutadapt	PE	Cutaneotrichosporon_g	0
fig4_q30_PE_cutadapt_unite_blast_top1_rescue	2Q	fig4_q30_PE_cutadapt_unite_blast_top1_rescue_2Q	QIAamp	2	mock_only	UNITE	No_BLAST	Cutadapt	PE	Cutaneotrichosporon_mucoides	0.2224316519393384
fig4_q30_PE_cutadapt_unite_blast_top1_rescue	2Q	fig4_q30_PE_cutadapt_unite_blast_top1_rescue_2Q	QIAamp	2	mock_only	UNITE	No_BLAST	Cutadapt	PE	Other	0.12739283058672984
fig4_q30_PE_cutadapt_unite_blast_top1_rescue	2Q	fig4_q30_PE_cutadapt_unite_blast_top1_rescue_2Q	QIAamp	2	mock_only	UNITE+RefSeq BLAST	RefSeq_BLAST	Cutadapt	PE	Aspergillus_fumigatus	0.03218108561448408
fig4_q30_PE_cutadapt_unite_blast_top1_rescue	2Q	fig4_q30_PE_cutadapt_unite_blast_top1_rescue_2Q	QIAamp	2	mock_only	UNITE+RefSeq BLAST	RefSeq_BLAST	Cutadapt	PE	Aspergillus_g	0
fig4_q30_PE_cutadapt_unite_blast_top1_rescue	2Q	fig4_q30_PE_cutadapt_unite_blast_top1_rescue_2Q	QIAamp	2	mock_only	UNITE+RefSeq BLAST	RefSeq_BLAST	Cutadapt	PE	Cryptococcus_gattii	9.510799080046344e-5
fig4_q30_PE_cutadapt_unite_blast_top1_rescue	2Q	fig4_q30_PE_cutadapt_unite_blast_top1_rescue_2Q	QIAamp	2	mock_only	UNITE+RefSeq BLAST	RefSeq_BLAST	Cutadapt	PE	Cryptococcus_neoformans	0.16191703124729806
fig4_q30_PE_cutadapt_unite_blast_top1_rescue	2Q	fig4_q30_PE_cutadapt_unite_blast_top1_rescue_2Q	QIAamp	2	mock_only	UNITE+RefSeq BLAST	RefSeq_BLAST	Cutadapt	PE	Trichophyton_interdigitale	0
fig4_q30_PE_cutadapt_unite_blast_top1_rescue	2Q	fig4_q30_PE_cutadapt_unite_blast_top1_rescue_2Q	QIAamp	2	mock_only	UNITE+RefSeq BLAST	RefSeq_BLAST	Cutadapt	PE	Trichophyton_mentagrophytes	0.00554220200937246
fig4_q30_PE_cutadapt_unite_blast_top1_rescue	2Q	fig4_q30_PE_cutadapt_unite_blast_top1_rescue_2Q	QIAamp	2	mock_only	UNITE+RefSeq BLAST	RefSeq_BLAST	Cutadapt	PE	Penicillium_chrysogenum	0.12460011412958896
fig4_q30_PE_cutadapt_unite_blast_top1_rescue	2Q	fig4_q30_PE_cutadapt_unite_blast_top1_rescue_2Q	QIAamp	2	mock_only	UNITE+RefSeq BLAST	RefSeq_BLAST	Cutadapt	PE	Penicillium_flavigenum	0
fig4_q30_PE_cutadapt_unite_blast_top1_rescue	2Q	fig4_q30_PE_cutadapt_unite_blast_top1_rescue_2Q	QIAamp	2	mock_only	UNITE+RefSeq BLAST	RefSeq_BLAST	Cutadapt	PE	Penicillium_g	0
fig4_q30_PE_cutadapt_unite_blast_top1_rescue	2Q	fig4_q30_PE_cutadapt_unite_blast_top1_rescue_2Q	QIAamp	2	mock_only	UNITE+RefSeq BLAST	RefSeq_BLAST	Cutadapt	PE	Fusarium_g	0
fig4_q30_PE_cutadapt_unite_blast_top1_rescue	2Q	fig4_q30_PE_cutadapt_unite_blast_top1_rescue_2Q	QIAamp	2	mock_only	UNITE+RefSeq BLAST	RefSeq_BLAST	Cutadapt	PE	Fusarium_keratoplasticum	0.002196129969392519
fig4_q30_PE_cutadapt_unite_blast_top1_rescue	2Q	fig4_q30_PE_cutadapt_unite_blast_top1_rescue_2Q	QIAamp	2	mock_only	UNITE+RefSeq BLAST	RefSeq_BLAST	Cutadapt	PE	Candida_africana	2.161545245465078e-4
fig4_q30_PE_cutadapt_unite_blast_top1_rescue	2Q	fig4_q30_PE_cutadapt_unite_blast_top1_rescue_2Q	QIAamp	2	mock_only	UNITE+RefSeq BLAST	RefSeq_BLAST	Cutadapt	PE	Candida_albicans	0.28683705407321586
fig4_q30_PE_cutadapt_unite_blast_top1_rescue	2Q	fig4_q30_PE_cutadapt_unite_blast_top1_rescue_2Q	QIAamp	2	mock_only	UNITE+RefSeq BLAST	RefSeq_BLAST	Cutadapt	PE	Candida_g	0
fig4_q30_PE_cutadapt_unite_blast_top1_rescue	2Q	fig4_q30_PE_cutadapt_unite_blast_top1_rescue_2Q	QIAamp	2	mock_only	UNITE+RefSeq BLAST	RefSeq_BLAST	Cutadapt	PE	Candida_tropicalis	0
fig4_q30_PE_cutadapt_unite_blast_top1_rescue	2Q	fig4_q30_PE_cutadapt_unite_blast_top1_rescue_2Q	QIAamp	2	mock_only	UNITE+RefSeq BLAST	RefSeq_BLAST	Cutadapt	PE	Nakaseomyces_glabratus	0.11645541164467654
fig4_q30_PE_cutadapt_unite_blast_top1_rescue	2Q	fig4_q30_PE_cutadapt_unite_blast_top1_rescue_2Q	QIAamp	2	mock_only	UNITE+RefSeq BLAST	RefSeq_BLAST	Cutadapt	PE	Malassezia_g	0
fig4_q30_PE_cutadapt_unite_blast_top1_rescue	2Q	fig4_q30_PE_cutadapt_unite_blast_top1_rescue_2Q	QIAamp	2	mock_only	UNITE+RefSeq BLAST	RefSeq_BLAST	Cutadapt	PE	Malassezia_globosa	0
fig4_q30_PE_cutadapt_unite_blast_top1_rescue	2Q	fig4_q30_PE_cutadapt_unite_blast_top1_rescue_2Q	QIAamp	2	mock_only	UNITE+RefSeq BLAST	RefSeq_BLAST	Cutadapt	PE	Saccharomyces_arboricola	0
fig4_q30_PE_cutadapt_unite_blast_top1_rescue	2Q	fig4_q30_PE_cutadapt_unite_blast_top1_rescue_2Q	QIAamp	2	mock_only	UNITE+RefSeq BLAST	RefSeq_BLAST	Cutadapt	PE	Saccharomyces_cerevisiae	0.047242732884884744
fig4_q30_PE_cutadapt_unite_blast_top1_rescue	2Q	fig4_q30_PE_cutadapt_unite_blast_top1_rescue_2Q	QIAamp	2	mock_only	UNITE+RefSeq BLAST	RefSeq_BLAST	Cutadapt	PE	Saccharomyces_g	0
fig4_q30_PE_cutadapt_unite_blast_top1_rescue	2Q	fig4_q30_PE_cutadapt_unite_blast_top1_rescue_2Q	QIAamp	2	mock_only	UNITE+RefSeq BLAST	RefSeq_BLAST	Cutadapt	PE	Saccharomyces_uvarum	0
fig4_q30_PE_cutadapt_unite_blast_top1_rescue	2Q	fig4_q30_PE_cutadapt_unite_blast_top1_rescue_2Q	QIAamp	2	mock_only	UNITE+RefSeq BLAST	RefSeq_BLAST	Cutadapt	PE	Cutaneotrichosporon_dermatis	1.469850766916253e-4
fig4_q30_PE_cutadapt_unite_blast_top1_rescue	2Q	fig4_q30_PE_cutadapt_unite_blast_top1_rescue_2Q	QIAamp	2	mock_only	UNITE+RefSeq BLAST	RefSeq_BLAST	Cutadapt	PE	Cutaneotrichosporon_g	0
fig4_q30_PE_cutadapt_unite_blast_top1_rescue	2Q	fig4_q30_PE_cutadapt_unite_blast_top1_rescue_2Q	QIAamp	2	mock_only	UNITE+RefSeq BLAST	RefSeq_BLAST	Cutadapt	PE	Cutaneotrichosporon_mucoides	0.2224316519393384
fig4_q30_PE_cutadapt_unite_blast_top1_rescue	2Q	fig4_q30_PE_cutadapt_unite_blast_top1_rescue_2Q	QIAamp	2	mock_only	UNITE+RefSeq BLAST	RefSeq_BLAST	Cutadapt	PE	Other	1.38338895709765e-4
fig4_q30_PE_cutadapt_unite_blast_top1_rescue	2Z	fig4_q30_PE_cutadapt_unite_blast_top1_rescue_2Z	Zymo	2	mock_only	Mock type-strain BLAST	Mock_type_reference_BLAST	Cutadapt	PE	Aspergillus_fumigatus	0.03312334252261507
fig4_q30_PE_cutadapt_unite_blast_top1_rescue	2Z	fig4_q30_PE_cutadapt_unite_blast_top1_rescue_2Z	Zymo	2	mock_only	Mock type-strain BLAST	Mock_type_reference_BLAST	Cutadapt	PE	Aspergillus_g	0
fig4_q30_PE_cutadapt_unite_blast_top1_rescue	2Z	fig4_q30_PE_cutadapt_unite_blast_top1_rescue_2Z	Zymo	2	mock_only	Mock type-strain BLAST	Mock_type_reference_BLAST	Cutadapt	PE	Cryptococcus_gattii	0
fig4_q30_PE_cutadapt_unite_blast_top1_rescue	2Z	fig4_q30_PE_cutadapt_unite_blast_top1_rescue_2Z	Zymo	2	mock_only	Mock type-strain BLAST	Mock_type_reference_BLAST	Cutadapt	PE	Cryptococcus_neoformans	0.14756658735233383
fig4_q30_PE_cutadapt_unite_blast_top1_rescue	2Z	fig4_q30_PE_cutadapt_unite_blast_top1_rescue_2Z	Zymo	2	mock_only	Mock type-strain BLAST	Mock_type_reference_BLAST	Cutadapt	PE	Trichophyton_interdigitale	0.00553453318099391
fig4_q30_PE_cutadapt_unite_blast_top1_rescue	2Z	fig4_q30_PE_cutadapt_unite_blast_top1_rescue_2Z	Zymo	2	mock_only	Mock type-strain BLAST	Mock_type_reference_BLAST	Cutadapt	PE	Trichophyton_mentagrophytes	0
fig4_q30_PE_cutadapt_unite_blast_top1_rescue	2Z	fig4_q30_PE_cutadapt_unite_blast_top1_rescue_2Z	Zymo	2	mock_only	Mock type-strain BLAST	Mock_type_reference_BLAST	Cutadapt	PE	Penicillium_chrysogenum	0.13757717424345656
fig4_q30_PE_cutadapt_unite_blast_top1_rescue	2Z	fig4_q30_PE_cutadapt_unite_blast_top1_rescue_2Z	Zymo	2	mock_only	Mock type-strain BLAST	Mock_type_reference_BLAST	Cutadapt	PE	Penicillium_flavigenum	0
fig4_q30_PE_cutadapt_unite_blast_top1_rescue	2Z	fig4_q30_PE_cutadapt_unite_blast_top1_rescue_2Z	Zymo	2	mock_only	Mock type-strain BLAST	Mock_type_reference_BLAST	Cutadapt	PE	Penicillium_g	0
fig4_q30_PE_cutadapt_unite_blast_top1_rescue	2Z	fig4_q30_PE_cutadapt_unite_blast_top1_rescue_2Z	Zymo	2	mock_only	Mock type-strain BLAST	Mock_type_reference_BLAST	Cutadapt	PE	Fusarium_g	0
fig4_q30_PE_cutadapt_unite_blast_top1_rescue	2Z	fig4_q30_PE_cutadapt_unite_blast_top1_rescue_2Z	Zymo	2	mock_only	Mock type-strain BLAST	Mock_type_reference_BLAST	Cutadapt	PE	Fusarium_keratoplasticum	0.002012557520361422
fig4_q30_PE_cutadapt_unite_blast_top1_rescue	2Z	fig4_q30_PE_cutadapt_unite_blast_top1_rescue_2Z	Zymo	2	mock_only	Mock type-strain BLAST	Mock_type_reference_BLAST	Cutadapt	PE	Candida_africana	0
fig4_q30_PE_cutadapt_unite_blast_top1_rescue	2Z	fig4_q30_PE_cutadapt_unite_blast_top1_rescue_2Z	Zymo	2	mock_only	Mock type-strain BLAST	Mock_type_reference_BLAST	Cutadapt	PE	Candida_albicans	0.30121277554742615
fig4_q30_PE_cutadapt_unite_blast_top1_rescue	2Z	fig4_q30_PE_cutadapt_unite_blast_top1_rescue_2Z	Zymo	2	mock_only	Mock type-strain BLAST	Mock_type_reference_BLAST	Cutadapt	PE	Candida_g	0
fig4_q30_PE_cutadapt_unite_blast_top1_rescue	2Z	fig4_q30_PE_cutadapt_unite_blast_top1_rescue_2Z	Zymo	2	mock_only	Mock type-strain BLAST	Mock_type_reference_BLAST	Cutadapt	PE	Candida_tropicalis	0
fig4_q30_PE_cutadapt_unite_blast_top1_rescue	2Z	fig4_q30_PE_cutadapt_unite_blast_top1_rescue_2Z	Zymo	2	mock_only	Mock type-strain BLAST	Mock_type_reference_BLAST	Cutadapt	PE	Nakaseomyces_glabratus	0.10248320248215427
fig4_q30_PE_cutadapt_unite_blast_top1_rescue	2Z	fig4_q30_PE_cutadapt_unite_blast_top1_rescue_2Z	Zymo	2	mock_only	Mock type-strain BLAST	Mock_type_reference_BLAST	Cutadapt	PE	Malassezia_g	0
fig4_q30_PE_cutadapt_unite_blast_top1_rescue	2Z	fig4_q30_PE_cutadapt_unite_blast_top1_rescue_2Z	Zymo	2	mock_only	Mock type-strain BLAST	Mock_type_reference_BLAST	Cutadapt	PE	Malassezia_globosa	1.46748985859687e-4
fig4_q30_PE_cutadapt_unite_blast_top1_rescue	2Z	fig4_q30_PE_cutadapt_unite_blast_top1_rescue_2Z	Zymo	2	mock_only	Mock type-strain BLAST	Mock_type_reference_BLAST	Cutadapt	PE	Saccharomyces_arboricola	0
fig4_q30_PE_cutadapt_unite_blast_top1_rescue	2Z	fig4_q30_PE_cutadapt_unite_blast_top1_rescue_2Z	Zymo	2	mock_only	Mock type-strain BLAST	Mock_type_reference_BLAST	Cutadapt	PE	Saccharomyces_cerevisiae	0.05504135176780118
fig4_q30_PE_cutadapt_unite_blast_top1_rescue	2Z	fig4_q30_PE_cutadapt_unite_blast_top1_rescue_2Z	Zymo	2	mock_only	Mock type-strain BLAST	Mock_type_reference_BLAST	Cutadapt	PE	Saccharomyces_g	0
fig4_q30_PE_cutadapt_unite_blast_top1_rescue	2Z	fig4_q30_PE_cutadapt_unite_blast_top1_rescue_2Z	Zymo	2	mock_only	Mock type-strain BLAST	Mock_type_reference_BLAST	Cutadapt	PE	Saccharomyces_uvarum	0
fig4_q30_PE_cutadapt_unite_blast_top1_rescue	2Z	fig4_q30_PE_cutadapt_unite_blast_top1_rescue_2Z	Zymo	2	mock_only	Mock type-strain BLAST	Mock_type_reference_BLAST	Cutadapt	PE	Cutaneotrichosporon_dermatis	0.21530172639699793
fig4_q30_PE_cutadapt_unite_blast_top1_rescue	2Z	fig4_q30_PE_cutadapt_unite_blast_top1_rescue_2Z	Zymo	2	mock_only	Mock type-strain BLAST	Mock_type_reference_BLAST	Cutadapt	PE	Cutaneotrichosporon_g	0
fig4_q30_PE_cutadapt_unite_blast_top1_rescue	2Z	fig4_q30_PE_cutadapt_unite_blast_top1_rescue_2Z	Zymo	2	mock_only	Mock type-strain BLAST	Mock_type_reference_BLAST	Cutadapt	PE	Cutaneotrichosporon_mucoides	0
fig4_q30_PE_cutadapt_unite_blast_top1_rescue	2Z	fig4_q30_PE_cutadapt_unite_blast_top1_rescue_2Z	Zymo	2	mock_only	Mock type-strain BLAST	Mock_type_reference_BLAST	Cutadapt	PE	Other	0
fig4_q30_PE_cutadapt_unite_blast_top1_rescue	2Z	fig4_q30_PE_cutadapt_unite_blast_top1_rescue_2Z	Zymo	2	mock_only	UNITE	No_BLAST	Cutadapt	PE	Aspergillus_fumigatus	0.03312334252261507
fig4_q30_PE_cutadapt_unite_blast_top1_rescue	2Z	fig4_q30_PE_cutadapt_unite_blast_top1_rescue_2Z	Zymo	2	mock_only	UNITE	No_BLAST	Cutadapt	PE	Aspergillus_g	0
fig4_q30_PE_cutadapt_unite_blast_top1_rescue	2Z	fig4_q30_PE_cutadapt_unite_blast_top1_rescue_2Z	Zymo	2	mock_only	UNITE	No_BLAST	Cutadapt	PE	Cryptococcus_gattii	0
fig4_q30_PE_cutadapt_unite_blast_top1_rescue	2Z	fig4_q30_PE_cutadapt_unite_blast_top1_rescue_2Z	Zymo	2	mock_only	UNITE	No_BLAST	Cutadapt	PE	Cryptococcus_neoformans	0.14746176664814833
fig4_q30_PE_cutadapt_unite_blast_top1_rescue	2Z	fig4_q30_PE_cutadapt_unite_blast_top1_rescue_2Z	Zymo	2	mock_only	UNITE	No_BLAST	Cutadapt	PE	Trichophyton_interdigitale	0
fig4_q30_PE_cutadapt_unite_blast_top1_rescue	2Z	fig4_q30_PE_cutadapt_unite_blast_top1_rescue_2Z	Zymo	2	mock_only	UNITE	No_BLAST	Cutadapt	PE	Trichophyton_mentagrophytes	0.00553453318099391
fig4_q30_PE_cutadapt_unite_blast_top1_rescue	2Z	fig4_q30_PE_cutadapt_unite_blast_top1_rescue_2Z	Zymo	2	mock_only	UNITE	No_BLAST	Cutadapt	PE	Penicillium_chrysogenum	0
fig4_q30_PE_cutadapt_unite_blast_top1_rescue	2Z	fig4_q30_PE_cutadapt_unite_blast_top1_rescue_2Z	Zymo	2	mock_only	UNITE	No_BLAST	Cutadapt	PE	Penicillium_flavigenum	1.5723105627823609e-4
fig4_q30_PE_cutadapt_unite_blast_top1_rescue	2Z	fig4_q30_PE_cutadapt_unite_blast_top1_rescue_2Z	Zymo	2	mock_only	UNITE	No_BLAST	Cutadapt	PE	Penicillium_g	0
fig4_q30_PE_cutadapt_unite_blast_top1_rescue	2Z	fig4_q30_PE_cutadapt_unite_blast_top1_rescue_2Z	Zymo	2	mock_only	UNITE	No_BLAST	Cutadapt	PE	Fusarium_g	0
fig4_q30_PE_cutadapt_unite_blast_top1_rescue	2Z	fig4_q30_PE_cutadapt_unite_blast_top1_rescue_2Z	Zymo	2	mock_only	UNITE	No_BLAST	Cutadapt	PE	Fusarium_keratoplasticum	0
fig4_q30_PE_cutadapt_unite_blast_top1_rescue	2Z	fig4_q30_PE_cutadapt_unite_blast_top1_rescue_2Z	Zymo	2	mock_only	UNITE	No_BLAST	Cutadapt	PE	Candida_africana	0
fig4_q30_PE_cutadapt_unite_blast_top1_rescue	2Z	fig4_q30_PE_cutadapt_unite_blast_top1_rescue_2Z	Zymo	2	mock_only	UNITE	No_BLAST	Cutadapt	PE	Candida_albicans	0.30106602656156645
fig4_q30_PE_cutadapt_unite_blast_top1_rescue	2Z	fig4_q30_PE_cutadapt_unite_blast_top1_rescue_2Z	Zymo	2	mock_only	UNITE	No_BLAST	Cutadapt	PE	Candida_g	0
fig4_q30_PE_cutadapt_unite_blast_top1_rescue	2Z	fig4_q30_PE_cutadapt_unite_blast_top1_rescue_2Z	Zymo	2	mock_only	UNITE	No_BLAST	Cutadapt	PE	Candida_tropicalis	0
fig4_q30_PE_cutadapt_unite_blast_top1_rescue	2Z	fig4_q30_PE_cutadapt_unite_blast_top1_rescue_2Z	Zymo	2	mock_only	UNITE	No_BLAST	Cutadapt	PE	Nakaseomyces_glabratus	0.10248320248215427
fig4_q30_PE_cutadapt_unite_blast_top1_rescue	2Z	fig4_q30_PE_cutadapt_unite_blast_top1_rescue_2Z	Zymo	2	mock_only	UNITE	No_BLAST	Cutadapt	PE	Malassezia_g	0
fig4_q30_PE_cutadapt_unite_blast_top1_rescue	2Z	fig4_q30_PE_cutadapt_unite_blast_top1_rescue_2Z	Zymo	2	mock_only	UNITE	No_BLAST	Cutadapt	PE	Malassezia_globosa	0
fig4_q30_PE_cutadapt_unite_blast_top1_rescue	2Z	fig4_q30_PE_cutadapt_unite_blast_top1_rescue_2Z	Zymo	2	mock_only	UNITE	No_BLAST	Cutadapt	PE	Saccharomyces_arboricola	0
fig4_q30_PE_cutadapt_unite_blast_top1_rescue	2Z	fig4_q30_PE_cutadapt_unite_blast_top1_rescue_2Z	Zymo	2	mock_only	UNITE	No_BLAST	Cutadapt	PE	Saccharomyces_cerevisiae	0.05504135176780118
fig4_q30_PE_cutadapt_unite_blast_top1_rescue	2Z	fig4_q30_PE_cutadapt_unite_blast_top1_rescue_2Z	Zymo	2	mock_only	UNITE	No_BLAST	Cutadapt	PE	Saccharomyces_g	0
fig4_q30_PE_cutadapt_unite_blast_top1_rescue	2Z	fig4_q30_PE_cutadapt_unite_blast_top1_rescue_2Z	Zymo	2	mock_only	UNITE	No_BLAST	Cutadapt	PE	Saccharomyces_uvarum	0
fig4_q30_PE_cutadapt_unite_blast_top1_rescue	2Z	fig4_q30_PE_cutadapt_unite_blast_top1_rescue_2Z	Zymo	2	mock_only	UNITE	No_BLAST	Cutadapt	PE	Cutaneotrichosporon_dermatis	0
fig4_q30_PE_cutadapt_unite_blast_top1_rescue	2Z	fig4_q30_PE_cutadapt_unite_blast_top1_rescue_2Z	Zymo	2	mock_only	UNITE	No_BLAST	Cutadapt	PE	Cutaneotrichosporon_g	0
fig4_q30_PE_cutadapt_unite_blast_top1_rescue	2Z	fig4_q30_PE_cutadapt_unite_blast_top1_rescue_2Z	Zymo	2	mock_only	UNITE	No_BLAST	Cutadapt	PE	Cutaneotrichosporon_mucoides	0.21519690569281244
fig4_q30_PE_cutadapt_unite_blast_top1_rescue	2Z	fig4_q30_PE_cutadapt_unite_blast_top1_rescue_2Z	Zymo	2	mock_only	UNITE	No_BLAST	Cutadapt	PE	Other	0.1399356400876301
fig4_q30_PE_cutadapt_unite_blast_top1_rescue	2Z	fig4_q30_PE_cutadapt_unite_blast_top1_rescue_2Z	Zymo	2	mock_only	UNITE+RefSeq BLAST	RefSeq_BLAST	Cutadapt	PE	Aspergillus_fumigatus	0.03312334252261507
fig4_q30_PE_cutadapt_unite_blast_top1_rescue	2Z	fig4_q30_PE_cutadapt_unite_blast_top1_rescue_2Z	Zymo	2	mock_only	UNITE+RefSeq BLAST	RefSeq_BLAST	Cutadapt	PE	Aspergillus_g	0
fig4_q30_PE_cutadapt_unite_blast_top1_rescue	2Z	fig4_q30_PE_cutadapt_unite_blast_top1_rescue_2Z	Zymo	2	mock_only	UNITE+RefSeq BLAST	RefSeq_BLAST	Cutadapt	PE	Cryptococcus_gattii	1.0482070418549072e-4
fig4_q30_PE_cutadapt_unite_blast_top1_rescue	2Z	fig4_q30_PE_cutadapt_unite_blast_top1_rescue_2Z	Zymo	2	mock_only	UNITE+RefSeq BLAST	RefSeq_BLAST	Cutadapt	PE	Cryptococcus_neoformans	0.14746176664814833
fig4_q30_PE_cutadapt_unite_blast_top1_rescue	2Z	fig4_q30_PE_cutadapt_unite_blast_top1_rescue_2Z	Zymo	2	mock_only	UNITE+RefSeq BLAST	RefSeq_BLAST	Cutadapt	PE	Trichophyton_interdigitale	0
fig4_q30_PE_cutadapt_unite_blast_top1_rescue	2Z	fig4_q30_PE_cutadapt_unite_blast_top1_rescue_2Z	Zymo	2	mock_only	UNITE+RefSeq BLAST	RefSeq_BLAST	Cutadapt	PE	Trichophyton_mentagrophytes	0.00553453318099391
fig4_q30_PE_cutadapt_unite_blast_top1_rescue	2Z	fig4_q30_PE_cutadapt_unite_blast_top1_rescue_2Z	Zymo	2	mock_only	UNITE+RefSeq BLAST	RefSeq_BLAST	Cutadapt	PE	Penicillium_chrysogenum	0.13741994318717835
fig4_q30_PE_cutadapt_unite_blast_top1_rescue	2Z	fig4_q30_PE_cutadapt_unite_blast_top1_rescue_2Z	Zymo	2	mock_only	UNITE+RefSeq BLAST	RefSeq_BLAST	Cutadapt	PE	Penicillium_flavigenum	1.5723105627823609e-4
fig4_q30_PE_cutadapt_unite_blast_top1_rescue	2Z	fig4_q30_PE_cutadapt_unite_blast_top1_rescue_2Z	Zymo	2	mock_only	UNITE+RefSeq BLAST	RefSeq_BLAST	Cutadapt	PE	Penicillium_g	0
fig4_q30_PE_cutadapt_unite_blast_top1_rescue	2Z	fig4_q30_PE_cutadapt_unite_blast_top1_rescue_2Z	Zymo	2	mock_only	UNITE+RefSeq BLAST	RefSeq_BLAST	Cutadapt	PE	Fusarium_g	0
fig4_q30_PE_cutadapt_unite_blast_top1_rescue	2Z	fig4_q30_PE_cutadapt_unite_blast_top1_rescue_2Z	Zymo	2	mock_only	UNITE+RefSeq BLAST	RefSeq_BLAST	Cutadapt	PE	Fusarium_keratoplasticum	0.002012557520361422
fig4_q30_PE_cutadapt_unite_blast_top1_rescue	2Z	fig4_q30_PE_cutadapt_unite_blast_top1_rescue_2Z	Zymo	2	mock_only	UNITE+RefSeq BLAST	RefSeq_BLAST	Cutadapt	PE	Candida_africana	1.46748985859687e-4
fig4_q30_PE_cutadapt_unite_blast_top1_rescue	2Z	fig4_q30_PE_cutadapt_unite_blast_top1_rescue_2Z	Zymo	2	mock_only	UNITE+RefSeq BLAST	RefSeq_BLAST	Cutadapt	PE	Candida_albicans	0.30106602656156645
fig4_q30_PE_cutadapt_unite_blast_top1_rescue	2Z	fig4_q30_PE_cutadapt_unite_blast_top1_rescue_2Z	Zymo	2	mock_only	UNITE+RefSeq BLAST	RefSeq_BLAST	Cutadapt	PE	Candida_g	0
fig4_q30_PE_cutadapt_unite_blast_top1_rescue	2Z	fig4_q30_PE_cutadapt_unite_blast_top1_rescue_2Z	Zymo	2	mock_only	UNITE+RefSeq BLAST	RefSeq_BLAST	Cutadapt	PE	Candida_tropicalis	0
fig4_q30_PE_cutadapt_unite_blast_top1_rescue	2Z	fig4_q30_PE_cutadapt_unite_blast_top1_rescue_2Z	Zymo	2	mock_only	UNITE+RefSeq BLAST	RefSeq_BLAST	Cutadapt	PE	Nakaseomyces_glabratus	0.10248320248215427
fig4_q30_PE_cutadapt_unite_blast_top1_rescue	2Z	fig4_q30_PE_cutadapt_unite_blast_top1_rescue_2Z	Zymo	2	mock_only	UNITE+RefSeq BLAST	RefSeq_BLAST	Cutadapt	PE	Malassezia_g	0
fig4_q30_PE_cutadapt_unite_blast_top1_rescue	2Z	fig4_q30_PE_cutadapt_unite_blast_top1_rescue_2Z	Zymo	2	mock_only	UNITE+RefSeq BLAST	RefSeq_BLAST	Cutadapt	PE	Malassezia_globosa	0
fig4_q30_PE_cutadapt_unite_blast_top1_rescue	2Z	fig4_q30_PE_cutadapt_unite_blast_top1_rescue_2Z	Zymo	2	mock_only	UNITE+RefSeq BLAST	RefSeq_BLAST	Cutadapt	PE	Saccharomyces_arboricola	0
fig4_q30_PE_cutadapt_unite_blast_top1_rescue	2Z	fig4_q30_PE_cutadapt_unite_blast_top1_rescue_2Z	Zymo	2	mock_only	UNITE+RefSeq BLAST	RefSeq_BLAST	Cutadapt	PE	Saccharomyces_cerevisiae	0.05504135176780118
fig4_q30_PE_cutadapt_unite_blast_top1_rescue	2Z	fig4_q30_PE_cutadapt_unite_blast_top1_rescue_2Z	Zymo	2	mock_only	UNITE+RefSeq BLAST	RefSeq_BLAST	Cutadapt	PE	Saccharomyces_g	0
fig4_q30_PE_cutadapt_unite_blast_top1_rescue	2Z	fig4_q30_PE_cutadapt_unite_blast_top1_rescue_2Z	Zymo	2	mock_only	UNITE+RefSeq BLAST	RefSeq_BLAST	Cutadapt	PE	Saccharomyces_uvarum	0
fig4_q30_PE_cutadapt_unite_blast_top1_rescue	2Z	fig4_q30_PE_cutadapt_unite_blast_top1_rescue_2Z	Zymo	2	mock_only	UNITE+RefSeq BLAST	RefSeq_BLAST	Cutadapt	PE	Cutaneotrichosporon_dermatis	1.0482070418549072e-4
fig4_q30_PE_cutadapt_unite_blast_top1_rescue	2Z	fig4_q30_PE_cutadapt_unite_blast_top1_rescue_2Z	Zymo	2	mock_only	UNITE+RefSeq BLAST	RefSeq_BLAST	Cutadapt	PE	Cutaneotrichosporon_g	0
fig4_q30_PE_cutadapt_unite_blast_top1_rescue	2Z	fig4_q30_PE_cutadapt_unite_blast_top1_rescue_2Z	Zymo	2	mock_only	UNITE+RefSeq BLAST	RefSeq_BLAST	Cutadapt	PE	Cutaneotrichosporon_mucoides	0.21519690569281244
fig4_q30_PE_cutadapt_unite_blast_top1_rescue	2Z	fig4_q30_PE_cutadapt_unite_blast_top1_rescue_2Z	Zymo	2	mock_only	UNITE+RefSeq BLAST	RefSeq_BLAST	Cutadapt	PE	Other	1.46748985859687e-4
fig4_q30_PE_cutadapt_unite_blast_top1_rescue	3D	fig4_q30_PE_cutadapt_unite_blast_top1_rescue_3D	DNeasy	3	mock_only	Mock type-strain BLAST	Mock_type_reference_BLAST	Cutadapt	PE	Aspergillus_fumigatus	0.03297284640134597
fig4_q30_PE_cutadapt_unite_blast_top1_rescue	3D	fig4_q30_PE_cutadapt_unite_blast_top1_rescue_3D	DNeasy	3	mock_only	Mock type-strain BLAST	Mock_type_reference_BLAST	Cutadapt	PE	Aspergillus_g	0
fig4_q30_PE_cutadapt_unite_blast_top1_rescue	3D	fig4_q30_PE_cutadapt_unite_blast_top1_rescue_3D	DNeasy	3	mock_only	Mock type-strain BLAST	Mock_type_reference_BLAST	Cutadapt	PE	Cryptococcus_gattii	0
fig4_q30_PE_cutadapt_unite_blast_top1_rescue	3D	fig4_q30_PE_cutadapt_unite_blast_top1_rescue_3D	DNeasy	3	mock_only	Mock type-strain BLAST	Mock_type_reference_BLAST	Cutadapt	PE	Cryptococcus_neoformans	0.14746719626735585
fig4_q30_PE_cutadapt_unite_blast_top1_rescue	3D	fig4_q30_PE_cutadapt_unite_blast_top1_rescue_3D	DNeasy	3	mock_only	Mock type-strain BLAST	Mock_type_reference_BLAST	Cutadapt	PE	Trichophyton_interdigitale	0.005376950228520385
fig4_q30_PE_cutadapt_unite_blast_top1_rescue	3D	fig4_q30_PE_cutadapt_unite_blast_top1_rescue_3D	DNeasy	3	mock_only	Mock type-strain BLAST	Mock_type_reference_BLAST	Cutadapt	PE	Trichophyton_mentagrophytes	0
fig4_q30_PE_cutadapt_unite_blast_top1_rescue	3D	fig4_q30_PE_cutadapt_unite_blast_top1_rescue_3D	DNeasy	3	mock_only	Mock type-strain BLAST	Mock_type_reference_BLAST	Cutadapt	PE	Penicillium_chrysogenum	0.13143174308584907
fig4_q30_PE_cutadapt_unite_blast_top1_rescue	3D	fig4_q30_PE_cutadapt_unite_blast_top1_rescue_3D	DNeasy	3	mock_only	Mock type-strain BLAST	Mock_type_reference_BLAST	Cutadapt	PE	Penicillium_flavigenum	0
fig4_q30_PE_cutadapt_unite_blast_top1_rescue	3D	fig4_q30_PE_cutadapt_unite_blast_top1_rescue_3D	DNeasy	3	mock_only	Mock type-strain BLAST	Mock_type_reference_BLAST	Cutadapt	PE	Penicillium_g	0
fig4_q30_PE_cutadapt_unite_blast_top1_rescue	3D	fig4_q30_PE_cutadapt_unite_blast_top1_rescue_3D	DNeasy	3	mock_only	Mock type-strain BLAST	Mock_type_reference_BLAST	Cutadapt	PE	Fusarium_g	0
fig4_q30_PE_cutadapt_unite_blast_top1_rescue	3D	fig4_q30_PE_cutadapt_unite_blast_top1_rescue_3D	DNeasy	3	mock_only	Mock type-strain BLAST	Mock_type_reference_BLAST	Cutadapt	PE	Fusarium_keratoplasticum	0.002254850095831129
fig4_q30_PE_cutadapt_unite_blast_top1_rescue	3D	fig4_q30_PE_cutadapt_unite_blast_top1_rescue_3D	DNeasy	3	mock_only	Mock type-strain BLAST	Mock_type_reference_BLAST	Cutadapt	PE	Candida_africana	0
fig4_q30_PE_cutadapt_unite_blast_top1_rescue	3D	fig4_q30_PE_cutadapt_unite_blast_top1_rescue_3D	DNeasy	3	mock_only	Mock type-strain BLAST	Mock_type_reference_BLAST	Cutadapt	PE	Candida_albicans	0.3006148802761324
fig4_q30_PE_cutadapt_unite_blast_top1_rescue	3D	fig4_q30_PE_cutadapt_unite_blast_top1_rescue_3D	DNeasy	3	mock_only	Mock type-strain BLAST	Mock_type_reference_BLAST	Cutadapt	PE	Candida_g	0
fig4_q30_PE_cutadapt_unite_blast_top1_rescue	3D	fig4_q30_PE_cutadapt_unite_blast_top1_rescue_3D	DNeasy	3	mock_only	Mock type-strain BLAST	Mock_type_reference_BLAST	Cutadapt	PE	Candida_tropicalis	0
fig4_q30_PE_cutadapt_unite_blast_top1_rescue	3D	fig4_q30_PE_cutadapt_unite_blast_top1_rescue_3D	DNeasy	3	mock_only	Mock type-strain BLAST	Mock_type_reference_BLAST	Cutadapt	PE	Nakaseomyces_glabratus	0.11380054983652337
fig4_q30_PE_cutadapt_unite_blast_top1_rescue	3D	fig4_q30_PE_cutadapt_unite_blast_top1_rescue_3D	DNeasy	3	mock_only	Mock type-strain BLAST	Mock_type_reference_BLAST	Cutadapt	PE	Malassezia_g	0
fig4_q30_PE_cutadapt_unite_blast_top1_rescue	3D	fig4_q30_PE_cutadapt_unite_blast_top1_rescue_3D	DNeasy	3	mock_only	Mock type-strain BLAST	Mock_type_reference_BLAST	Cutadapt	PE	Malassezia_globosa	0
fig4_q30_PE_cutadapt_unite_blast_top1_rescue	3D	fig4_q30_PE_cutadapt_unite_blast_top1_rescue_3D	DNeasy	3	mock_only	Mock type-strain BLAST	Mock_type_reference_BLAST	Cutadapt	PE	Saccharomyces_arboricola	0
fig4_q30_PE_cutadapt_unite_blast_top1_rescue	3D	fig4_q30_PE_cutadapt_unite_blast_top1_rescue_3D	DNeasy	3	mock_only	Mock type-strain BLAST	Mock_type_reference_BLAST	Cutadapt	PE	Saccharomyces_cerevisiae	0.058452652484237734
fig4_q30_PE_cutadapt_unite_blast_top1_rescue	3D	fig4_q30_PE_cutadapt_unite_blast_top1_rescue_3D	DNeasy	3	mock_only	Mock type-strain BLAST	Mock_type_reference_BLAST	Cutadapt	PE	Saccharomyces_g	0
fig4_q30_PE_cutadapt_unite_blast_top1_rescue	3D	fig4_q30_PE_cutadapt_unite_blast_top1_rescue_3D	DNeasy	3	mock_only	Mock type-strain BLAST	Mock_type_reference_BLAST	Cutadapt	PE	Saccharomyces_uvarum	0
fig4_q30_PE_cutadapt_unite_blast_top1_rescue	3D	fig4_q30_PE_cutadapt_unite_blast_top1_rescue_3D	DNeasy	3	mock_only	Mock type-strain BLAST	Mock_type_reference_BLAST	Cutadapt	PE	Cutaneotrichosporon_dermatis	0.20762833132420408
fig4_q30_PE_cutadapt_unite_blast_top1_rescue	3D	fig4_q30_PE_cutadapt_unite_blast_top1_rescue_3D	DNeasy	3	mock_only	Mock type-strain BLAST	Mock_type_reference_BLAST	Cutadapt	PE	Cutaneotrichosporon_g	0
fig4_q30_PE_cutadapt_unite_blast_top1_rescue	3D	fig4_q30_PE_cutadapt_unite_blast_top1_rescue_3D	DNeasy	3	mock_only	Mock type-strain BLAST	Mock_type_reference_BLAST	Cutadapt	PE	Cutaneotrichosporon_mucoides	0
fig4_q30_PE_cutadapt_unite_blast_top1_rescue	3D	fig4_q30_PE_cutadapt_unite_blast_top1_rescue_3D	DNeasy	3	mock_only	Mock type-strain BLAST	Mock_type_reference_BLAST	Cutadapt	PE	Other	0
fig4_q30_PE_cutadapt_unite_blast_top1_rescue	3D	fig4_q30_PE_cutadapt_unite_blast_top1_rescue_3D	DNeasy	3	mock_only	UNITE	No_BLAST	Cutadapt	PE	Aspergillus_fumigatus	0.03297284640134597
fig4_q30_PE_cutadapt_unite_blast_top1_rescue	3D	fig4_q30_PE_cutadapt_unite_blast_top1_rescue_3D	DNeasy	3	mock_only	UNITE	No_BLAST	Cutadapt	PE	Aspergillus_g	0
fig4_q30_PE_cutadapt_unite_blast_top1_rescue	3D	fig4_q30_PE_cutadapt_unite_blast_top1_rescue_3D	DNeasy	3	mock_only	UNITE	No_BLAST	Cutadapt	PE	Cryptococcus_gattii	0
fig4_q30_PE_cutadapt_unite_blast_top1_rescue	3D	fig4_q30_PE_cutadapt_unite_blast_top1_rescue_3D	DNeasy	3	mock_only	UNITE	No_BLAST	Cutadapt	PE	Cryptococcus_neoformans	0.1473457812621957
fig4_q30_PE_cutadapt_unite_blast_top1_rescue	3D	fig4_q30_PE_cutadapt_unite_blast_top1_rescue_3D	DNeasy	3	mock_only	UNITE	No_BLAST	Cutadapt	PE	Trichophyton_interdigitale	0
fig4_q30_PE_cutadapt_unite_blast_top1_rescue	3D	fig4_q30_PE_cutadapt_unite_blast_top1_rescue_3D	DNeasy	3	mock_only	UNITE	No_BLAST	Cutadapt	PE	Trichophyton_mentagrophytes	0.005359605227783222
fig4_q30_PE_cutadapt_unite_blast_top1_rescue	3D	fig4_q30_PE_cutadapt_unite_blast_top1_rescue_3D	DNeasy	3	mock_only	UNITE	No_BLAST	Cutadapt	PE	Penicillium_chrysogenum	0
fig4_q30_PE_cutadapt_unite_blast_top1_rescue	3D	fig4_q30_PE_cutadapt_unite_blast_top1_rescue_3D	DNeasy	3	mock_only	UNITE	No_BLAST	Cutadapt	PE	Penicillium_flavigenum	2.1681250921453164e-4
fig4_q30_PE_cutadapt_unite_blast_top1_rescue	3D	fig4_q30_PE_cutadapt_unite_blast_top1_rescue_3D	DNeasy	3	mock_only	UNITE	No_BLAST	Cutadapt	PE	Penicillium_g	0
fig4_q30_PE_cutadapt_unite_blast_top1_rescue	3D	fig4_q30_PE_cutadapt_unite_blast_top1_rescue_3D	DNeasy	3	mock_only	UNITE	No_BLAST	Cutadapt	PE	Fusarium_g	0
fig4_q30_PE_cutadapt_unite_blast_top1_rescue	3D	fig4_q30_PE_cutadapt_unite_blast_top1_rescue_3D	DNeasy	3	mock_only	UNITE	No_BLAST	Cutadapt	PE	Fusarium_keratoplasticum	0
fig4_q30_PE_cutadapt_unite_blast_top1_rescue	3D	fig4_q30_PE_cutadapt_unite_blast_top1_rescue_3D	DNeasy	3	mock_only	UNITE	No_BLAST	Cutadapt	PE	Candida_africana	0
fig4_q30_PE_cutadapt_unite_blast_top1_rescue	3D	fig4_q30_PE_cutadapt_unite_blast_top1_rescue_3D	DNeasy	3	mock_only	UNITE	No_BLAST	Cutadapt	PE	Candida_albicans	0.3004067402672865
fig4_q30_PE_cutadapt_unite_blast_top1_rescue	3D	fig4_q30_PE_cutadapt_unite_blast_top1_rescue_3D	DNeasy	3	mock_only	UNITE	No_BLAST	Cutadapt	PE	Candida_g	0
fig4_q30_PE_cutadapt_unite_blast_top1_rescue	3D	fig4_q30_PE_cutadapt_unite_blast_top1_rescue_3D	DNeasy	3	mock_only	UNITE	No_BLAST	Cutadapt	PE	Candida_tropicalis	0
fig4_q30_PE_cutadapt_unite_blast_top1_rescue	3D	fig4_q30_PE_cutadapt_unite_blast_top1_rescue_3D	DNeasy	3	mock_only	UNITE	No_BLAST	Cutadapt	PE	Nakaseomyces_glabratus	0.11367046233099465
fig4_q30_PE_cutadapt_unite_blast_top1_rescue	3D	fig4_q30_PE_cutadapt_unite_blast_top1_rescue_3D	DNeasy	3	mock_only	UNITE	No_BLAST	Cutadapt	PE	Malassezia_g	0
fig4_q30_PE_cutadapt_unite_blast_top1_rescue	3D	fig4_q30_PE_cutadapt_unite_blast_top1_rescue_3D	DNeasy	3	mock_only	UNITE	No_BLAST	Cutadapt	PE	Malassezia_globosa	0
fig4_q30_PE_cutadapt_unite_blast_top1_rescue	3D	fig4_q30_PE_cutadapt_unite_blast_top1_rescue_3D	DNeasy	3	mock_only	UNITE	No_BLAST	Cutadapt	PE	Saccharomyces_arboricola	0
fig4_q30_PE_cutadapt_unite_blast_top1_rescue	3D	fig4_q30_PE_cutadapt_unite_blast_top1_rescue_3D	DNeasy	3	mock_only	UNITE	No_BLAST	Cutadapt	PE	Saccharomyces_cerevisiae	0.058452652484237734
fig4_q30_PE_cutadapt_unite_blast_top1_rescue	3D	fig4_q30_PE_cutadapt_unite_blast_top1_rescue_3D	DNeasy	3	mock_only	UNITE	No_BLAST	Cutadapt	PE	Saccharomyces_g	0
fig4_q30_PE_cutadapt_unite_blast_top1_rescue	3D	fig4_q30_PE_cutadapt_unite_blast_top1_rescue_3D	DNeasy	3	mock_only	UNITE	No_BLAST	Cutadapt	PE	Saccharomyces_uvarum	0
fig4_q30_PE_cutadapt_unite_blast_top1_rescue	3D	fig4_q30_PE_cutadapt_unite_blast_top1_rescue_3D	DNeasy	3	mock_only	UNITE	No_BLAST	Cutadapt	PE	Cutaneotrichosporon_dermatis	0
fig4_q30_PE_cutadapt_unite_blast_top1_rescue	3D	fig4_q30_PE_cutadapt_unite_blast_top1_rescue_3D	DNeasy	3	mock_only	UNITE	No_BLAST	Cutadapt	PE	Cutaneotrichosporon_g	0
fig4_q30_PE_cutadapt_unite_blast_top1_rescue	3D	fig4_q30_PE_cutadapt_unite_blast_top1_rescue_3D	DNeasy	3	mock_only	UNITE	No_BLAST	Cutadapt	PE	Cutaneotrichosporon_mucoides	0.20744620881646386
fig4_q30_PE_cutadapt_unite_blast_top1_rescue	3D	fig4_q30_PE_cutadapt_unite_blast_top1_rescue_3D	DNeasy	3	mock_only	UNITE	No_BLAST	Cutadapt	PE	Other	0.13412889070047787
fig4_q30_PE_cutadapt_unite_blast_top1_rescue	3D	fig4_q30_PE_cutadapt_unite_blast_top1_rescue_3D	DNeasy	3	mock_only	UNITE+RefSeq BLAST	RefSeq_BLAST	Cutadapt	PE	Aspergillus_fumigatus	0.03297284640134597
fig4_q30_PE_cutadapt_unite_blast_top1_rescue	3D	fig4_q30_PE_cutadapt_unite_blast_top1_rescue_3D	DNeasy	3	mock_only	UNITE+RefSeq BLAST	RefSeq_BLAST	Cutadapt	PE	Aspergillus_g	0
fig4_q30_PE_cutadapt_unite_blast_top1_rescue	3D	fig4_q30_PE_cutadapt_unite_blast_top1_rescue_3D	DNeasy	3	mock_only	UNITE+RefSeq BLAST	RefSeq_BLAST	Cutadapt	PE	Cryptococcus_gattii	1.2141500516013771e-4
fig4_q30_PE_cutadapt_unite_blast_top1_rescue	3D	fig4_q30_PE_cutadapt_unite_blast_top1_rescue_3D	DNeasy	3	mock_only	UNITE+RefSeq BLAST	RefSeq_BLAST	Cutadapt	PE	Cryptococcus_neoformans	0.1473457812621957
fig4_q30_PE_cutadapt_unite_blast_top1_rescue	3D	fig4_q30_PE_cutadapt_unite_blast_top1_rescue_3D	DNeasy	3	mock_only	UNITE+RefSeq BLAST	RefSeq_BLAST	Cutadapt	PE	Trichophyton_interdigitale	0
fig4_q30_PE_cutadapt_unite_blast_top1_rescue	3D	fig4_q30_PE_cutadapt_unite_blast_top1_rescue_3D	DNeasy	3	mock_only	UNITE+RefSeq BLAST	RefSeq_BLAST	Cutadapt	PE	Trichophyton_mentagrophytes	0.005359605227783222
fig4_q30_PE_cutadapt_unite_blast_top1_rescue	3D	fig4_q30_PE_cutadapt_unite_blast_top1_rescue_3D	DNeasy	3	mock_only	UNITE+RefSeq BLAST	RefSeq_BLAST	Cutadapt	PE	Penicillium_chrysogenum	0.13121493057663455
fig4_q30_PE_cutadapt_unite_blast_top1_rescue	3D	fig4_q30_PE_cutadapt_unite_blast_top1_rescue_3D	DNeasy	3	mock_only	UNITE+RefSeq BLAST	RefSeq_BLAST	Cutadapt	PE	Penicillium_flavigenum	2.1681250921453164e-4
fig4_q30_PE_cutadapt_unite_blast_top1_rescue	3D	fig4_q30_PE_cutadapt_unite_blast_top1_rescue_3D	DNeasy	3	mock_only	UNITE+RefSeq BLAST	RefSeq_BLAST	Cutadapt	PE	Penicillium_g	0
fig4_q30_PE_cutadapt_unite_blast_top1_rescue	3D	fig4_q30_PE_cutadapt_unite_blast_top1_rescue_3D	DNeasy	3	mock_only	UNITE+RefSeq BLAST	RefSeq_BLAST	Cutadapt	PE	Fusarium_g	0
fig4_q30_PE_cutadapt_unite_blast_top1_rescue	3D	fig4_q30_PE_cutadapt_unite_blast_top1_rescue_3D	DNeasy	3	mock_only	UNITE+RefSeq BLAST	RefSeq_BLAST	Cutadapt	PE	Fusarium_keratoplasticum	0.002254850095831129
fig4_q30_PE_cutadapt_unite_blast_top1_rescue	3D	fig4_q30_PE_cutadapt_unite_blast_top1_rescue_3D	DNeasy	3	mock_only	UNITE+RefSeq BLAST	RefSeq_BLAST	Cutadapt	PE	Candida_africana	2.0814000884595036e-4
fig4_q30_PE_cutadapt_unite_blast_top1_rescue	3D	fig4_q30_PE_cutadapt_unite_blast_top1_rescue_3D	DNeasy	3	mock_only	UNITE+RefSeq BLAST	RefSeq_BLAST	Cutadapt	PE	Candida_albicans	0.3004067402672865
fig4_q30_PE_cutadapt_unite_blast_top1_rescue	3D	fig4_q30_PE_cutadapt_unite_blast_top1_rescue_3D	DNeasy	3	mock_only	UNITE+RefSeq BLAST	RefSeq_BLAST	Cutadapt	PE	Candida_g	0
fig4_q30_PE_cutadapt_unite_blast_top1_rescue	3D	fig4_q30_PE_cutadapt_unite_blast_top1_rescue_3D	DNeasy	3	mock_only	UNITE+RefSeq BLAST	RefSeq_BLAST	Cutadapt	PE	Candida_tropicalis	0
fig4_q30_PE_cutadapt_unite_blast_top1_rescue	3D	fig4_q30_PE_cutadapt_unite_blast_top1_rescue_3D	DNeasy	3	mock_only	UNITE+RefSeq BLAST	RefSeq_BLAST	Cutadapt	PE	Nakaseomyces_glabratus	0.11367046233099465
fig4_q30_PE_cutadapt_unite_blast_top1_rescue	3D	fig4_q30_PE_cutadapt_unite_blast_top1_rescue_3D	DNeasy	3	mock_only	UNITE+RefSeq BLAST	RefSeq_BLAST	Cutadapt	PE	Malassezia_g	0
fig4_q30_PE_cutadapt_unite_blast_top1_rescue	3D	fig4_q30_PE_cutadapt_unite_blast_top1_rescue_3D	DNeasy	3	mock_only	UNITE+RefSeq BLAST	RefSeq_BLAST	Cutadapt	PE	Malassezia_globosa	0
fig4_q30_PE_cutadapt_unite_blast_top1_rescue	3D	fig4_q30_PE_cutadapt_unite_blast_top1_rescue_3D	DNeasy	3	mock_only	UNITE+RefSeq BLAST	RefSeq_BLAST	Cutadapt	PE	Saccharomyces_arboricola	0
fig4_q30_PE_cutadapt_unite_blast_top1_rescue	3D	fig4_q30_PE_cutadapt_unite_blast_top1_rescue_3D	DNeasy	3	mock_only	UNITE+RefSeq BLAST	RefSeq_BLAST	Cutadapt	PE	Saccharomyces_cerevisiae	0.058452652484237734
fig4_q30_PE_cutadapt_unite_blast_top1_rescue	3D	fig4_q30_PE_cutadapt_unite_blast_top1_rescue_3D	DNeasy	3	mock_only	UNITE+RefSeq BLAST	RefSeq_BLAST	Cutadapt	PE	Saccharomyces_g	0
fig4_q30_PE_cutadapt_unite_blast_top1_rescue	3D	fig4_q30_PE_cutadapt_unite_blast_top1_rescue_3D	DNeasy	3	mock_only	UNITE+RefSeq BLAST	RefSeq_BLAST	Cutadapt	PE	Saccharomyces_uvarum	0
fig4_q30_PE_cutadapt_unite_blast_top1_rescue	3D	fig4_q30_PE_cutadapt_unite_blast_top1_rescue_3D	DNeasy	3	mock_only	UNITE+RefSeq BLAST	RefSeq_BLAST	Cutadapt	PE	Cutaneotrichosporon_dermatis	1.8212250774020657e-4
fig4_q30_PE_cutadapt_unite_blast_top1_rescue	3D	fig4_q30_PE_cutadapt_unite_blast_top1_rescue_3D	DNeasy	3	mock_only	UNITE+RefSeq BLAST	RefSeq_BLAST	Cutadapt	PE	Cutaneotrichosporon_g	0
fig4_q30_PE_cutadapt_unite_blast_top1_rescue	3D	fig4_q30_PE_cutadapt_unite_blast_top1_rescue_3D	DNeasy	3	mock_only	UNITE+RefSeq BLAST	RefSeq_BLAST	Cutadapt	PE	Cutaneotrichosporon_mucoides	0.20744620881646386
fig4_q30_PE_cutadapt_unite_blast_top1_rescue	3D	fig4_q30_PE_cutadapt_unite_blast_top1_rescue_3D	DNeasy	3	mock_only	UNITE+RefSeq BLAST	RefSeq_BLAST	Cutadapt	PE	Other	1.474325062658815e-4
fig4_q30_PE_cutadapt_unite_blast_top1_rescue	3Q	fig4_q30_PE_cutadapt_unite_blast_top1_rescue_3Q	QIAamp	3	mock_only	Mock type-strain BLAST	Mock_type_reference_BLAST	Cutadapt	PE	Aspergillus_fumigatus	0.03238239845825912
fig4_q30_PE_cutadapt_unite_blast_top1_rescue	3Q	fig4_q30_PE_cutadapt_unite_blast_top1_rescue_3Q	QIAamp	3	mock_only	Mock type-strain BLAST	Mock_type_reference_BLAST	Cutadapt	PE	Aspergillus_g	0
fig4_q30_PE_cutadapt_unite_blast_top1_rescue	3Q	fig4_q30_PE_cutadapt_unite_blast_top1_rescue_3Q	QIAamp	3	mock_only	Mock type-strain BLAST	Mock_type_reference_BLAST	Cutadapt	PE	Cryptococcus_gattii	0
fig4_q30_PE_cutadapt_unite_blast_top1_rescue	3Q	fig4_q30_PE_cutadapt_unite_blast_top1_rescue_3Q	QIAamp	3	mock_only	Mock type-strain BLAST	Mock_type_reference_BLAST	Cutadapt	PE	Cryptococcus_neoformans	0.15671445674073642
fig4_q30_PE_cutadapt_unite_blast_top1_rescue	3Q	fig4_q30_PE_cutadapt_unite_blast_top1_rescue_3Q	QIAamp	3	mock_only	Mock type-strain BLAST	Mock_type_reference_BLAST	Cutadapt	PE	Trichophyton_interdigitale	0.006803515636406109
fig4_q30_PE_cutadapt_unite_blast_top1_rescue	3Q	fig4_q30_PE_cutadapt_unite_blast_top1_rescue_3Q	QIAamp	3	mock_only	Mock type-strain BLAST	Mock_type_reference_BLAST	Cutadapt	PE	Trichophyton_mentagrophytes	0
fig4_q30_PE_cutadapt_unite_blast_top1_rescue	3Q	fig4_q30_PE_cutadapt_unite_blast_top1_rescue_3Q	QIAamp	3	mock_only	Mock type-strain BLAST	Mock_type_reference_BLAST	Cutadapt	PE	Penicillium_chrysogenum	0.12421525973077933
fig4_q30_PE_cutadapt_unite_blast_top1_rescue	3Q	fig4_q30_PE_cutadapt_unite_blast_top1_rescue_3Q	QIAamp	3	mock_only	Mock type-strain BLAST	Mock_type_reference_BLAST	Cutadapt	PE	Penicillium_flavigenum	0
fig4_q30_PE_cutadapt_unite_blast_top1_rescue	3Q	fig4_q30_PE_cutadapt_unite_blast_top1_rescue_3Q	QIAamp	3	mock_only	Mock type-strain BLAST	Mock_type_reference_BLAST	Cutadapt	PE	Penicillium_g	0
fig4_q30_PE_cutadapt_unite_blast_top1_rescue	3Q	fig4_q30_PE_cutadapt_unite_blast_top1_rescue_3Q	QIAamp	3	mock_only	Mock type-strain BLAST	Mock_type_reference_BLAST	Cutadapt	PE	Fusarium_g	0
fig4_q30_PE_cutadapt_unite_blast_top1_rescue	3Q	fig4_q30_PE_cutadapt_unite_blast_top1_rescue_3Q	QIAamp	3	mock_only	Mock type-strain BLAST	Mock_type_reference_BLAST	Cutadapt	PE	Fusarium_keratoplasticum	0.002423569947732648
fig4_q30_PE_cutadapt_unite_blast_top1_rescue	3Q	fig4_q30_PE_cutadapt_unite_blast_top1_rescue_3Q	QIAamp	3	mock_only	Mock type-strain BLAST	Mock_type_reference_BLAST	Cutadapt	PE	Candida_africana	0
fig4_q30_PE_cutadapt_unite_blast_top1_rescue	3Q	fig4_q30_PE_cutadapt_unite_blast_top1_rescue_3Q	QIAamp	3	mock_only	Mock type-strain BLAST	Mock_type_reference_BLAST	Cutadapt	PE	Candida_albicans	0.30530168092582316
fig4_q30_PE_cutadapt_unite_blast_top1_rescue	3Q	fig4_q30_PE_cutadapt_unite_blast_top1_rescue_3Q	QIAamp	3	mock_only	Mock type-strain BLAST	Mock_type_reference_BLAST	Cutadapt	PE	Candida_g	0
fig4_q30_PE_cutadapt_unite_blast_top1_rescue	3Q	fig4_q30_PE_cutadapt_unite_blast_top1_rescue_3Q	QIAamp	3	mock_only	Mock type-strain BLAST	Mock_type_reference_BLAST	Cutadapt	PE	Candida_tropicalis	0
fig4_q30_PE_cutadapt_unite_blast_top1_rescue	3Q	fig4_q30_PE_cutadapt_unite_blast_top1_rescue_3Q	QIAamp	3	mock_only	Mock type-strain BLAST	Mock_type_reference_BLAST	Cutadapt	PE	Nakaseomyces_glabratus	0.11089049162457053
fig4_q30_PE_cutadapt_unite_blast_top1_rescue	3Q	fig4_q30_PE_cutadapt_unite_blast_top1_rescue_3Q	QIAamp	3	mock_only	Mock type-strain BLAST	Mock_type_reference_BLAST	Cutadapt	PE	Malassezia_g	0
fig4_q30_PE_cutadapt_unite_blast_top1_rescue	3Q	fig4_q30_PE_cutadapt_unite_blast_top1_rescue_3Q	QIAamp	3	mock_only	Mock type-strain BLAST	Mock_type_reference_BLAST	Cutadapt	PE	Malassezia_globosa	1.9466425282993158e-5
fig4_q30_PE_cutadapt_unite_blast_top1_rescue	3Q	fig4_q30_PE_cutadapt_unite_blast_top1_rescue_3Q	QIAamp	3	mock_only	Mock type-strain BLAST	Mock_type_reference_BLAST	Cutadapt	PE	Saccharomyces_arboricola	0
fig4_q30_PE_cutadapt_unite_blast_top1_rescue	3Q	fig4_q30_PE_cutadapt_unite_blast_top1_rescue_3Q	QIAamp	3	mock_only	Mock type-strain BLAST	Mock_type_reference_BLAST	Cutadapt	PE	Saccharomyces_cerevisiae	0.03956550938768359
fig4_q30_PE_cutadapt_unite_blast_top1_rescue	3Q	fig4_q30_PE_cutadapt_unite_blast_top1_rescue_3Q	QIAamp	3	mock_only	Mock type-strain BLAST	Mock_type_reference_BLAST	Cutadapt	PE	Saccharomyces_g	0
fig4_q30_PE_cutadapt_unite_blast_top1_rescue	3Q	fig4_q30_PE_cutadapt_unite_blast_top1_rescue_3Q	QIAamp	3	mock_only	Mock type-strain BLAST	Mock_type_reference_BLAST	Cutadapt	PE	Saccharomyces_uvarum	0
fig4_q30_PE_cutadapt_unite_blast_top1_rescue	3Q	fig4_q30_PE_cutadapt_unite_blast_top1_rescue_3Q	QIAamp	3	mock_only	Mock type-strain BLAST	Mock_type_reference_BLAST	Cutadapt	PE	Cutaneotrichosporon_dermatis	0.2216836511227261
fig4_q30_PE_cutadapt_unite_blast_top1_rescue	3Q	fig4_q30_PE_cutadapt_unite_blast_top1_rescue_3Q	QIAamp	3	mock_only	Mock type-strain BLAST	Mock_type_reference_BLAST	Cutadapt	PE	Cutaneotrichosporon_g	0
fig4_q30_PE_cutadapt_unite_blast_top1_rescue	3Q	fig4_q30_PE_cutadapt_unite_blast_top1_rescue_3Q	QIAamp	3	mock_only	Mock type-strain BLAST	Mock_type_reference_BLAST	Cutadapt	PE	Cutaneotrichosporon_mucoides	0
fig4_q30_PE_cutadapt_unite_blast_top1_rescue	3Q	fig4_q30_PE_cutadapt_unite_blast_top1_rescue_3Q	QIAamp	3	mock_only	Mock type-strain BLAST	Mock_type_reference_BLAST	Cutadapt	PE	Other	0
fig4_q30_PE_cutadapt_unite_blast_top1_rescue	3Q	fig4_q30_PE_cutadapt_unite_blast_top1_rescue_3Q	QIAamp	3	mock_only	UNITE	No_BLAST	Cutadapt	PE	Aspergillus_fumigatus	0.03238239845825912
fig4_q30_PE_cutadapt_unite_blast_top1_rescue	3Q	fig4_q30_PE_cutadapt_unite_blast_top1_rescue_3Q	QIAamp	3	mock_only	UNITE	No_BLAST	Cutadapt	PE	Aspergillus_g	0
fig4_q30_PE_cutadapt_unite_blast_top1_rescue	3Q	fig4_q30_PE_cutadapt_unite_blast_top1_rescue_3Q	QIAamp	3	mock_only	UNITE	No_BLAST	Cutadapt	PE	Cryptococcus_gattii	0
fig4_q30_PE_cutadapt_unite_blast_top1_rescue	3Q	fig4_q30_PE_cutadapt_unite_blast_top1_rescue_3Q	QIAamp	3	mock_only	UNITE	No_BLAST	Cutadapt	PE	Cryptococcus_neoformans	0.15662685782696295
fig4_q30_PE_cutadapt_unite_blast_top1_rescue	3Q	fig4_q30_PE_cutadapt_unite_blast_top1_rescue_3Q	QIAamp	3	mock_only	UNITE	No_BLAST	Cutadapt	PE	Trichophyton_interdigitale	0
fig4_q30_PE_cutadapt_unite_blast_top1_rescue	3Q	fig4_q30_PE_cutadapt_unite_blast_top1_rescue_3Q	QIAamp	3	mock_only	UNITE	No_BLAST	Cutadapt	PE	Trichophyton_mentagrophytes	0.006784049211123115
fig4_q30_PE_cutadapt_unite_blast_top1_rescue	3Q	fig4_q30_PE_cutadapt_unite_blast_top1_rescue_3Q	QIAamp	3	mock_only	UNITE	No_BLAST	Cutadapt	PE	Penicillium_chrysogenum	0
fig4_q30_PE_cutadapt_unite_blast_top1_rescue	3Q	fig4_q30_PE_cutadapt_unite_blast_top1_rescue_3Q	QIAamp	3	mock_only	UNITE	No_BLAST	Cutadapt	PE	Penicillium_flavigenum	0
fig4_q30_PE_cutadapt_unite_blast_top1_rescue	3Q	fig4_q30_PE_cutadapt_unite_blast_top1_rescue_3Q	QIAamp	3	mock_only	UNITE	No_BLAST	Cutadapt	PE	Penicillium_g	0
fig4_q30_PE_cutadapt_unite_blast_top1_rescue	3Q	fig4_q30_PE_cutadapt_unite_blast_top1_rescue_3Q	QIAamp	3	mock_only	UNITE	No_BLAST	Cutadapt	PE	Fusarium_g	0
fig4_q30_PE_cutadapt_unite_blast_top1_rescue	3Q	fig4_q30_PE_cutadapt_unite_blast_top1_rescue_3Q	QIAamp	3	mock_only	UNITE	No_BLAST	Cutadapt	PE	Fusarium_keratoplasticum	0
fig4_q30_PE_cutadapt_unite_blast_top1_rescue	3Q	fig4_q30_PE_cutadapt_unite_blast_top1_rescue_3Q	QIAamp	3	mock_only	UNITE	No_BLAST	Cutadapt	PE	Candida_africana	0
fig4_q30_PE_cutadapt_unite_blast_top1_rescue	3Q	fig4_q30_PE_cutadapt_unite_blast_top1_rescue_3Q	QIAamp	3	mock_only	UNITE	No_BLAST	Cutadapt	PE	Candida_albicans	0.30511674988563475
fig4_q30_PE_cutadapt_unite_blast_top1_rescue	3Q	fig4_q30_PE_cutadapt_unite_blast_top1_rescue_3Q	QIAamp	3	mock_only	UNITE	No_BLAST	Cutadapt	PE	Candida_g	0
fig4_q30_PE_cutadapt_unite_blast_top1_rescue	3Q	fig4_q30_PE_cutadapt_unite_blast_top1_rescue_3Q	QIAamp	3	mock_only	UNITE	No_BLAST	Cutadapt	PE	Candida_tropicalis	0
fig4_q30_PE_cutadapt_unite_blast_top1_rescue	3Q	fig4_q30_PE_cutadapt_unite_blast_top1_rescue_3Q	QIAamp	3	mock_only	UNITE	No_BLAST	Cutadapt	PE	Nakaseomyces_glabratus	0.11084182556136304
fig4_q30_PE_cutadapt_unite_blast_top1_rescue	3Q	fig4_q30_PE_cutadapt_unite_blast_top1_rescue_3Q	QIAamp	3	mock_only	UNITE	No_BLAST	Cutadapt	PE	Malassezia_g	0
fig4_q30_PE_cutadapt_unite_blast_top1_rescue	3Q	fig4_q30_PE_cutadapt_unite_blast_top1_rescue_3Q	QIAamp	3	mock_only	UNITE	No_BLAST	Cutadapt	PE	Malassezia_globosa	0
fig4_q30_PE_cutadapt_unite_blast_top1_rescue	3Q	fig4_q30_PE_cutadapt_unite_blast_top1_rescue_3Q	QIAamp	3	mock_only	UNITE	No_BLAST	Cutadapt	PE	Saccharomyces_arboricola	0
fig4_q30_PE_cutadapt_unite_blast_top1_rescue	3Q	fig4_q30_PE_cutadapt_unite_blast_top1_rescue_3Q	QIAamp	3	mock_only	UNITE	No_BLAST	Cutadapt	PE	Saccharomyces_cerevisiae	0.03952657653711761
fig4_q30_PE_cutadapt_unite_blast_top1_rescue	3Q	fig4_q30_PE_cutadapt_unite_blast_top1_rescue_3Q	QIAamp	3	mock_only	UNITE	No_BLAST	Cutadapt	PE	Saccharomyces_g	0
fig4_q30_PE_cutadapt_unite_blast_top1_rescue	3Q	fig4_q30_PE_cutadapt_unite_blast_top1_rescue_3Q	QIAamp	3	mock_only	UNITE	No_BLAST	Cutadapt	PE	Saccharomyces_uvarum	0
fig4_q30_PE_cutadapt_unite_blast_top1_rescue	3Q	fig4_q30_PE_cutadapt_unite_blast_top1_rescue_3Q	QIAamp	3	mock_only	UNITE	No_BLAST	Cutadapt	PE	Cutaneotrichosporon_dermatis	0
fig4_q30_PE_cutadapt_unite_blast_top1_rescue	3Q	fig4_q30_PE_cutadapt_unite_blast_top1_rescue_3Q	QIAamp	3	mock_only	UNITE	No_BLAST	Cutadapt	PE	Cutaneotrichosporon_g	0
fig4_q30_PE_cutadapt_unite_blast_top1_rescue	3Q	fig4_q30_PE_cutadapt_unite_blast_top1_rescue_3Q	QIAamp	3	mock_only	UNITE	No_BLAST	Cutadapt	PE	Cutaneotrichosporon_mucoides	0.22150845329517915
fig4_q30_PE_cutadapt_unite_blast_top1_rescue	3Q	fig4_q30_PE_cutadapt_unite_blast_top1_rescue_3Q	QIAamp	3	mock_only	UNITE	No_BLAST	Cutadapt	PE	Other	0.12721308922436028
fig4_q30_PE_cutadapt_unite_blast_top1_rescue	3Q	fig4_q30_PE_cutadapt_unite_blast_top1_rescue_3Q	QIAamp	3	mock_only	UNITE+RefSeq BLAST	RefSeq_BLAST	Cutadapt	PE	Aspergillus_fumigatus	0.03238239845825912
fig4_q30_PE_cutadapt_unite_blast_top1_rescue	3Q	fig4_q30_PE_cutadapt_unite_blast_top1_rescue_3Q	QIAamp	3	mock_only	UNITE+RefSeq BLAST	RefSeq_BLAST	Cutadapt	PE	Aspergillus_g	0
fig4_q30_PE_cutadapt_unite_blast_top1_rescue	3Q	fig4_q30_PE_cutadapt_unite_blast_top1_rescue_3Q	QIAamp	3	mock_only	UNITE+RefSeq BLAST	RefSeq_BLAST	Cutadapt	PE	Cryptococcus_gattii	8.759891377346921e-5
fig4_q30_PE_cutadapt_unite_blast_top1_rescue	3Q	fig4_q30_PE_cutadapt_unite_blast_top1_rescue_3Q	QIAamp	3	mock_only	UNITE+RefSeq BLAST	RefSeq_BLAST	Cutadapt	PE	Cryptococcus_neoformans	0.15662685782696295
fig4_q30_PE_cutadapt_unite_blast_top1_rescue	3Q	fig4_q30_PE_cutadapt_unite_blast_top1_rescue_3Q	QIAamp	3	mock_only	UNITE+RefSeq BLAST	RefSeq_BLAST	Cutadapt	PE	Trichophyton_interdigitale	0
fig4_q30_PE_cutadapt_unite_blast_top1_rescue	3Q	fig4_q30_PE_cutadapt_unite_blast_top1_rescue_3Q	QIAamp	3	mock_only	UNITE+RefSeq BLAST	RefSeq_BLAST	Cutadapt	PE	Trichophyton_mentagrophytes	0.006784049211123115
fig4_q30_PE_cutadapt_unite_blast_top1_rescue	3Q	fig4_q30_PE_cutadapt_unite_blast_top1_rescue_3Q	QIAamp	3	mock_only	UNITE+RefSeq BLAST	RefSeq_BLAST	Cutadapt	PE	Penicillium_chrysogenum	0.12421525973077933
fig4_q30_PE_cutadapt_unite_blast_top1_rescue	3Q	fig4_q30_PE_cutadapt_unite_blast_top1_rescue_3Q	QIAamp	3	mock_only	UNITE+RefSeq BLAST	RefSeq_BLAST	Cutadapt	PE	Penicillium_flavigenum	0
fig4_q30_PE_cutadapt_unite_blast_top1_rescue	3Q	fig4_q30_PE_cutadapt_unite_blast_top1_rescue_3Q	QIAamp	3	mock_only	UNITE+RefSeq BLAST	RefSeq_BLAST	Cutadapt	PE	Penicillium_g	0
fig4_q30_PE_cutadapt_unite_blast_top1_rescue	3Q	fig4_q30_PE_cutadapt_unite_blast_top1_rescue_3Q	QIAamp	3	mock_only	UNITE+RefSeq BLAST	RefSeq_BLAST	Cutadapt	PE	Fusarium_g	0
fig4_q30_PE_cutadapt_unite_blast_top1_rescue	3Q	fig4_q30_PE_cutadapt_unite_blast_top1_rescue_3Q	QIAamp	3	mock_only	UNITE+RefSeq BLAST	RefSeq_BLAST	Cutadapt	PE	Fusarium_keratoplasticum	0.002423569947732648
fig4_q30_PE_cutadapt_unite_blast_top1_rescue	3Q	fig4_q30_PE_cutadapt_unite_blast_top1_rescue_3Q	QIAamp	3	mock_only	UNITE+RefSeq BLAST	RefSeq_BLAST	Cutadapt	PE	Candida_africana	1.8493104018843499e-4
fig4_q30_PE_cutadapt_unite_blast_top1_rescue	3Q	fig4_q30_PE_cutadapt_unite_blast_top1_rescue_3Q	QIAamp	3	mock_only	UNITE+RefSeq BLAST	RefSeq_BLAST	Cutadapt	PE	Candida_albicans	0.30511674988563475
fig4_q30_PE_cutadapt_unite_blast_top1_rescue	3Q	fig4_q30_PE_cutadapt_unite_blast_top1_rescue_3Q	QIAamp	3	mock_only	UNITE+RefSeq BLAST	RefSeq_BLAST	Cutadapt	PE	Candida_g	0
fig4_q30_PE_cutadapt_unite_blast_top1_rescue	3Q	fig4_q30_PE_cutadapt_unite_blast_top1_rescue_3Q	QIAamp	3	mock_only	UNITE+RefSeq BLAST	RefSeq_BLAST	Cutadapt	PE	Candida_tropicalis	0
fig4_q30_PE_cutadapt_unite_blast_top1_rescue	3Q	fig4_q30_PE_cutadapt_unite_blast_top1_rescue_3Q	QIAamp	3	mock_only	UNITE+RefSeq BLAST	RefSeq_BLAST	Cutadapt	PE	Nakaseomyces_glabratus	0.11084182556136304
fig4_q30_PE_cutadapt_unite_blast_top1_rescue	3Q	fig4_q30_PE_cutadapt_unite_blast_top1_rescue_3Q	QIAamp	3	mock_only	UNITE+RefSeq BLAST	RefSeq_BLAST	Cutadapt	PE	Malassezia_g	0
fig4_q30_PE_cutadapt_unite_blast_top1_rescue	3Q	fig4_q30_PE_cutadapt_unite_blast_top1_rescue_3Q	QIAamp	3	mock_only	UNITE+RefSeq BLAST	RefSeq_BLAST	Cutadapt	PE	Malassezia_globosa	0
fig4_q30_PE_cutadapt_unite_blast_top1_rescue	3Q	fig4_q30_PE_cutadapt_unite_blast_top1_rescue_3Q	QIAamp	3	mock_only	UNITE+RefSeq BLAST	RefSeq_BLAST	Cutadapt	PE	Saccharomyces_arboricola	0
fig4_q30_PE_cutadapt_unite_blast_top1_rescue	3Q	fig4_q30_PE_cutadapt_unite_blast_top1_rescue_3Q	QIAamp	3	mock_only	UNITE+RefSeq BLAST	RefSeq_BLAST	Cutadapt	PE	Saccharomyces_cerevisiae	0.03952657653711761
fig4_q30_PE_cutadapt_unite_blast_top1_rescue	3Q	fig4_q30_PE_cutadapt_unite_blast_top1_rescue_3Q	QIAamp	3	mock_only	UNITE+RefSeq BLAST	RefSeq_BLAST	Cutadapt	PE	Saccharomyces_g	0
fig4_q30_PE_cutadapt_unite_blast_top1_rescue	3Q	fig4_q30_PE_cutadapt_unite_blast_top1_rescue_3Q	QIAamp	3	mock_only	UNITE+RefSeq BLAST	RefSeq_BLAST	Cutadapt	PE	Saccharomyces_uvarum	3.8932850565986315e-5
fig4_q30_PE_cutadapt_unite_blast_top1_rescue	3Q	fig4_q30_PE_cutadapt_unite_blast_top1_rescue_3Q	QIAamp	3	mock_only	UNITE+RefSeq BLAST	RefSeq_BLAST	Cutadapt	PE	Cutaneotrichosporon_dermatis	1.7519782754693843e-4
fig4_q30_PE_cutadapt_unite_blast_top1_rescue	3Q	fig4_q30_PE_cutadapt_unite_blast_top1_rescue_3Q	QIAamp	3	mock_only	UNITE+RefSeq BLAST	RefSeq_BLAST	Cutadapt	PE	Cutaneotrichosporon_g	0
fig4_q30_PE_cutadapt_unite_blast_top1_rescue	3Q	fig4_q30_PE_cutadapt_unite_blast_top1_rescue_3Q	QIAamp	3	mock_only	UNITE+RefSeq BLAST	RefSeq_BLAST	Cutadapt	PE	Cutaneotrichosporon_mucoides	0.22150845329517915
fig4_q30_PE_cutadapt_unite_blast_top1_rescue	3Q	fig4_q30_PE_cutadapt_unite_blast_top1_rescue_3Q	QIAamp	3	mock_only	UNITE+RefSeq BLAST	RefSeq_BLAST	Cutadapt	PE	Other	8.75989137734692e-5
fig4_q30_PE_cutadapt_unite_blast_top1_rescue	3Z	fig4_q30_PE_cutadapt_unite_blast_top1_rescue_3Z	Zymo	3	mock_only	Mock type-strain BLAST	Mock_type_reference_BLAST	Cutadapt	PE	Aspergillus_fumigatus	0.02768403435124976
fig4_q30_PE_cutadapt_unite_blast_top1_rescue	3Z	fig4_q30_PE_cutadapt_unite_blast_top1_rescue_3Z	Zymo	3	mock_only	Mock type-strain BLAST	Mock_type_reference_BLAST	Cutadapt	PE	Aspergillus_g	0
fig4_q30_PE_cutadapt_unite_blast_top1_rescue	3Z	fig4_q30_PE_cutadapt_unite_blast_top1_rescue_3Z	Zymo	3	mock_only	Mock type-strain BLAST	Mock_type_reference_BLAST	Cutadapt	PE	Cryptococcus_gattii	0
fig4_q30_PE_cutadapt_unite_blast_top1_rescue	3Z	fig4_q30_PE_cutadapt_unite_blast_top1_rescue_3Z	Zymo	3	mock_only	Mock type-strain BLAST	Mock_type_reference_BLAST	Cutadapt	PE	Cryptococcus_neoformans	0.15115098636376106
fig4_q30_PE_cutadapt_unite_blast_top1_rescue	3Z	fig4_q30_PE_cutadapt_unite_blast_top1_rescue_3Z	Zymo	3	mock_only	Mock type-strain BLAST	Mock_type_reference_BLAST	Cutadapt	PE	Trichophyton_interdigitale	0.00422531346887261
fig4_q30_PE_cutadapt_unite_blast_top1_rescue	3Z	fig4_q30_PE_cutadapt_unite_blast_top1_rescue_3Z	Zymo	3	mock_only	Mock type-strain BLAST	Mock_type_reference_BLAST	Cutadapt	PE	Trichophyton_mentagrophytes	0
fig4_q30_PE_cutadapt_unite_blast_top1_rescue	3Z	fig4_q30_PE_cutadapt_unite_blast_top1_rescue_3Z	Zymo	3	mock_only	Mock type-strain BLAST	Mock_type_reference_BLAST	Cutadapt	PE	Penicillium_chrysogenum	0.1234029321114678
fig4_q30_PE_cutadapt_unite_blast_top1_rescue	3Z	fig4_q30_PE_cutadapt_unite_blast_top1_rescue_3Z	Zymo	3	mock_only	Mock type-strain BLAST	Mock_type_reference_BLAST	Cutadapt	PE	Penicillium_flavigenum	0
fig4_q30_PE_cutadapt_unite_blast_top1_rescue	3Z	fig4_q30_PE_cutadapt_unite_blast_top1_rescue_3Z	Zymo	3	mock_only	Mock type-strain BLAST	Mock_type_reference_BLAST	Cutadapt	PE	Penicillium_g	0
fig4_q30_PE_cutadapt_unite_blast_top1_rescue	3Z	fig4_q30_PE_cutadapt_unite_blast_top1_rescue_3Z	Zymo	3	mock_only	Mock type-strain BLAST	Mock_type_reference_BLAST	Cutadapt	PE	Fusarium_g	0
fig4_q30_PE_cutadapt_unite_blast_top1_rescue	3Z	fig4_q30_PE_cutadapt_unite_blast_top1_rescue_3Z	Zymo	3	mock_only	Mock type-strain BLAST	Mock_type_reference_BLAST	Cutadapt	PE	Fusarium_keratoplasticum	0.00158220612578996
fig4_q30_PE_cutadapt_unite_blast_top1_rescue	3Z	fig4_q30_PE_cutadapt_unite_blast_top1_rescue_3Z	Zymo	3	mock_only	Mock type-strain BLAST	Mock_type_reference_BLAST	Cutadapt	PE	Candida_africana	0
fig4_q30_PE_cutadapt_unite_blast_top1_rescue	3Z	fig4_q30_PE_cutadapt_unite_blast_top1_rescue_3Z	Zymo	3	mock_only	Mock type-strain BLAST	Mock_type_reference_BLAST	Cutadapt	PE	Candida_albicans	0.30543894787865483
fig4_q30_PE_cutadapt_unite_blast_top1_rescue	3Z	fig4_q30_PE_cutadapt_unite_blast_top1_rescue_3Z	Zymo	3	mock_only	Mock type-strain BLAST	Mock_type_reference_BLAST	Cutadapt	PE	Candida_g	0
fig4_q30_PE_cutadapt_unite_blast_top1_rescue	3Z	fig4_q30_PE_cutadapt_unite_blast_top1_rescue_3Z	Zymo	3	mock_only	Mock type-strain BLAST	Mock_type_reference_BLAST	Cutadapt	PE	Candida_tropicalis	0
fig4_q30_PE_cutadapt_unite_blast_top1_rescue	3Z	fig4_q30_PE_cutadapt_unite_blast_top1_rescue_3Z	Zymo	3	mock_only	Mock type-strain BLAST	Mock_type_reference_BLAST	Cutadapt	PE	Nakaseomyces_glabratus	0.10047466183773698
fig4_q30_PE_cutadapt_unite_blast_top1_rescue	3Z	fig4_q30_PE_cutadapt_unite_blast_top1_rescue_3Z	Zymo	3	mock_only	Mock type-strain BLAST	Mock_type_reference_BLAST	Cutadapt	PE	Malassezia_g	0
fig4_q30_PE_cutadapt_unite_blast_top1_rescue	3Z	fig4_q30_PE_cutadapt_unite_blast_top1_rescue_3Z	Zymo	3	mock_only	Mock type-strain BLAST	Mock_type_reference_BLAST	Cutadapt	PE	Malassezia_globosa	6.401990104352439e-5
fig4_q30_PE_cutadapt_unite_blast_top1_rescue	3Z	fig4_q30_PE_cutadapt_unite_blast_top1_rescue_3Z	Zymo	3	mock_only	Mock type-strain BLAST	Mock_type_reference_BLAST	Cutadapt	PE	Saccharomyces_arboricola	0
fig4_q30_PE_cutadapt_unite_blast_top1_rescue	3Z	fig4_q30_PE_cutadapt_unite_blast_top1_rescue_3Z	Zymo	3	mock_only	Mock type-strain BLAST	Mock_type_reference_BLAST	Cutadapt	PE	Saccharomyces_cerevisiae	0.05503882349713282
fig4_q30_PE_cutadapt_unite_blast_top1_rescue	3Z	fig4_q30_PE_cutadapt_unite_blast_top1_rescue_3Z	Zymo	3	mock_only	Mock type-strain BLAST	Mock_type_reference_BLAST	Cutadapt	PE	Saccharomyces_g	0
fig4_q30_PE_cutadapt_unite_blast_top1_rescue	3Z	fig4_q30_PE_cutadapt_unite_blast_top1_rescue_3Z	Zymo	3	mock_only	Mock type-strain BLAST	Mock_type_reference_BLAST	Cutadapt	PE	Saccharomyces_uvarum	0
fig4_q30_PE_cutadapt_unite_blast_top1_rescue	3Z	fig4_q30_PE_cutadapt_unite_blast_top1_rescue_3Z	Zymo	3	mock_only	Mock type-strain BLAST	Mock_type_reference_BLAST	Cutadapt	PE	Cutaneotrichosporon_dermatis	0.23093807446429063
fig4_q30_PE_cutadapt_unite_blast_top1_rescue	3Z	fig4_q30_PE_cutadapt_unite_blast_top1_rescue_3Z	Zymo	3	mock_only	Mock type-strain BLAST	Mock_type_reference_BLAST	Cutadapt	PE	Cutaneotrichosporon_g	0
fig4_q30_PE_cutadapt_unite_blast_top1_rescue	3Z	fig4_q30_PE_cutadapt_unite_blast_top1_rescue_3Z	Zymo	3	mock_only	Mock type-strain BLAST	Mock_type_reference_BLAST	Cutadapt	PE	Cutaneotrichosporon_mucoides	0
fig4_q30_PE_cutadapt_unite_blast_top1_rescue	3Z	fig4_q30_PE_cutadapt_unite_blast_top1_rescue_3Z	Zymo	3	mock_only	Mock type-strain BLAST	Mock_type_reference_BLAST	Cutadapt	PE	Other	0
fig4_q30_PE_cutadapt_unite_blast_top1_rescue	3Z	fig4_q30_PE_cutadapt_unite_blast_top1_rescue_3Z	Zymo	3	mock_only	UNITE	No_BLAST	Cutadapt	PE	Aspergillus_fumigatus	0.02768403435124976
fig4_q30_PE_cutadapt_unite_blast_top1_rescue	3Z	fig4_q30_PE_cutadapt_unite_blast_top1_rescue_3Z	Zymo	3	mock_only	UNITE	No_BLAST	Cutadapt	PE	Aspergillus_g	0
fig4_q30_PE_cutadapt_unite_blast_top1_rescue	3Z	fig4_q30_PE_cutadapt_unite_blast_top1_rescue_3Z	Zymo	3	mock_only	UNITE	No_BLAST	Cutadapt	PE	Cryptococcus_gattii	0
fig4_q30_PE_cutadapt_unite_blast_top1_rescue	3Z	fig4_q30_PE_cutadapt_unite_blast_top1_rescue_3Z	Zymo	3	mock_only	UNITE	No_BLAST	Cutadapt	PE	Cryptococcus_neoformans	0.1510412379619722
fig4_q30_PE_cutadapt_unite_blast_top1_rescue	3Z	fig4_q30_PE_cutadapt_unite_blast_top1_rescue_3Z	Zymo	3	mock_only	UNITE	No_BLAST	Cutadapt	PE	Trichophyton_interdigitale	0
fig4_q30_PE_cutadapt_unite_blast_top1_rescue	3Z	fig4_q30_PE_cutadapt_unite_blast_top1_rescue_3Z	Zymo	3	mock_only	UNITE	No_BLAST	Cutadapt	PE	Trichophyton_mentagrophytes	0.00422531346887261
fig4_q30_PE_cutadapt_unite_blast_top1_rescue	3Z	fig4_q30_PE_cutadapt_unite_blast_top1_rescue_3Z	Zymo	3	mock_only	UNITE	No_BLAST	Cutadapt	PE	Penicillium_chrysogenum	0
fig4_q30_PE_cutadapt_unite_blast_top1_rescue	3Z	fig4_q30_PE_cutadapt_unite_blast_top1_rescue_3Z	Zymo	3	mock_only	UNITE	No_BLAST	Cutadapt	PE	Penicillium_flavigenum	9.877356161000904e-4
fig4_q30_PE_cutadapt_unite_blast_top1_rescue	3Z	fig4_q30_PE_cutadapt_unite_blast_top1_rescue_3Z	Zymo	3	mock_only	UNITE	No_BLAST	Cutadapt	PE	Penicillium_g	0
fig4_q30_PE_cutadapt_unite_blast_top1_rescue	3Z	fig4_q30_PE_cutadapt_unite_blast_top1_rescue_3Z	Zymo	3	mock_only	UNITE	No_BLAST	Cutadapt	PE	Fusarium_g	0
fig4_q30_PE_cutadapt_unite_blast_top1_rescue	3Z	fig4_q30_PE_cutadapt_unite_blast_top1_rescue_3Z	Zymo	3	mock_only	UNITE	No_BLAST	Cutadapt	PE	Fusarium_keratoplasticum	0
fig4_q30_PE_cutadapt_unite_blast_top1_rescue	3Z	fig4_q30_PE_cutadapt_unite_blast_top1_rescue_3Z	Zymo	3	mock_only	UNITE	No_BLAST	Cutadapt	PE	Candida_africana	0
fig4_q30_PE_cutadapt_unite_blast_top1_rescue	3Z	fig4_q30_PE_cutadapt_unite_blast_top1_rescue_3Z	Zymo	3	mock_only	UNITE	No_BLAST	Cutadapt	PE	Candida_albicans	0.3053017623764187
fig4_q30_PE_cutadapt_unite_blast_top1_rescue	3Z	fig4_q30_PE_cutadapt_unite_blast_top1_rescue_3Z	Zymo	3	mock_only	UNITE	No_BLAST	Cutadapt	PE	Candida_g	0
fig4_q30_PE_cutadapt_unite_blast_top1_rescue	3Z	fig4_q30_PE_cutadapt_unite_blast_top1_rescue_3Z	Zymo	3	mock_only	UNITE	No_BLAST	Cutadapt	PE	Candida_tropicalis	0
fig4_q30_PE_cutadapt_unite_blast_top1_rescue	3Z	fig4_q30_PE_cutadapt_unite_blast_top1_rescue_3Z	Zymo	3	mock_only	UNITE	No_BLAST	Cutadapt	PE	Nakaseomyces_glabratus	0.10047466183773698
fig4_q30_PE_cutadapt_unite_blast_top1_rescue	3Z	fig4_q30_PE_cutadapt_unite_blast_top1_rescue_3Z	Zymo	3	mock_only	UNITE	No_BLAST	Cutadapt	PE	Malassezia_g	0
fig4_q30_PE_cutadapt_unite_blast_top1_rescue	3Z	fig4_q30_PE_cutadapt_unite_blast_top1_rescue_3Z	Zymo	3	mock_only	UNITE	No_BLAST	Cutadapt	PE	Malassezia_globosa	0
fig4_q30_PE_cutadapt_unite_blast_top1_rescue	3Z	fig4_q30_PE_cutadapt_unite_blast_top1_rescue_3Z	Zymo	3	mock_only	UNITE	No_BLAST	Cutadapt	PE	Saccharomyces_arboricola	0
fig4_q30_PE_cutadapt_unite_blast_top1_rescue	3Z	fig4_q30_PE_cutadapt_unite_blast_top1_rescue_3Z	Zymo	3	mock_only	UNITE	No_BLAST	Cutadapt	PE	Saccharomyces_cerevisiae	0.05499309499638745
fig4_q30_PE_cutadapt_unite_blast_top1_rescue	3Z	fig4_q30_PE_cutadapt_unite_blast_top1_rescue_3Z	Zymo	3	mock_only	UNITE	No_BLAST	Cutadapt	PE	Saccharomyces_g	0
fig4_q30_PE_cutadapt_unite_blast_top1_rescue	3Z	fig4_q30_PE_cutadapt_unite_blast_top1_rescue_3Z	Zymo	3	mock_only	UNITE	No_BLAST	Cutadapt	PE	Saccharomyces_uvarum	0
fig4_q30_PE_cutadapt_unite_blast_top1_rescue	3Z	fig4_q30_PE_cutadapt_unite_blast_top1_rescue_3Z	Zymo	3	mock_only	UNITE	No_BLAST	Cutadapt	PE	Cutaneotrichosporon_dermatis	0
fig4_q30_PE_cutadapt_unite_blast_top1_rescue	3Z	fig4_q30_PE_cutadapt_unite_blast_top1_rescue_3Z	Zymo	3	mock_only	UNITE	No_BLAST	Cutadapt	PE	Cutaneotrichosporon_g	0
fig4_q30_PE_cutadapt_unite_blast_top1_rescue	3Z	fig4_q30_PE_cutadapt_unite_blast_top1_rescue_3Z	Zymo	3	mock_only	UNITE	No_BLAST	Cutadapt	PE	Cutaneotrichosporon_mucoides	0.23073686906101096
fig4_q30_PE_cutadapt_unite_blast_top1_rescue	3Z	fig4_q30_PE_cutadapt_unite_blast_top1_rescue_3Z	Zymo	3	mock_only	UNITE	No_BLAST	Cutadapt	PE	Other	0.12455529033025123
fig4_q30_PE_cutadapt_unite_blast_top1_rescue	3Z	fig4_q30_PE_cutadapt_unite_blast_top1_rescue_3Z	Zymo	3	mock_only	UNITE+RefSeq BLAST	RefSeq_BLAST	Cutadapt	PE	Aspergillus_fumigatus	0.02768403435124976
fig4_q30_PE_cutadapt_unite_blast_top1_rescue	3Z	fig4_q30_PE_cutadapt_unite_blast_top1_rescue_3Z	Zymo	3	mock_only	UNITE+RefSeq BLAST	RefSeq_BLAST	Cutadapt	PE	Aspergillus_g	0
fig4_q30_PE_cutadapt_unite_blast_top1_rescue	3Z	fig4_q30_PE_cutadapt_unite_blast_top1_rescue_3Z	Zymo	3	mock_only	UNITE+RefSeq BLAST	RefSeq_BLAST	Cutadapt	PE	Cryptococcus_gattii	1.0974840178889895e-4
fig4_q30_PE_cutadapt_unite_blast_top1_rescue	3Z	fig4_q30_PE_cutadapt_unite_blast_top1_rescue_3Z	Zymo	3	mock_only	UNITE+RefSeq BLAST	RefSeq_BLAST	Cutadapt	PE	Cryptococcus_neoformans	0.1510412379619722
fig4_q30_PE_cutadapt_unite_blast_top1_rescue	3Z	fig4_q30_PE_cutadapt_unite_blast_top1_rescue_3Z	Zymo	3	mock_only	UNITE+RefSeq BLAST	RefSeq_BLAST	Cutadapt	PE	Trichophyton_interdigitale	0
fig4_q30_PE_cutadapt_unite_blast_top1_rescue	3Z	fig4_q30_PE_cutadapt_unite_blast_top1_rescue_3Z	Zymo	3	mock_only	UNITE+RefSeq BLAST	RefSeq_BLAST	Cutadapt	PE	Trichophyton_mentagrophytes	0.00422531346887261
fig4_q30_PE_cutadapt_unite_blast_top1_rescue	3Z	fig4_q30_PE_cutadapt_unite_blast_top1_rescue_3Z	Zymo	3	mock_only	UNITE+RefSeq BLAST	RefSeq_BLAST	Cutadapt	PE	Penicillium_chrysogenum	0.12241519649536771
fig4_q30_PE_cutadapt_unite_blast_top1_rescue	3Z	fig4_q30_PE_cutadapt_unite_blast_top1_rescue_3Z	Zymo	3	mock_only	UNITE+RefSeq BLAST	RefSeq_BLAST	Cutadapt	PE	Penicillium_flavigenum	9.877356161000904e-4
fig4_q30_PE_cutadapt_unite_blast_top1_rescue	3Z	fig4_q30_PE_cutadapt_unite_blast_top1_rescue_3Z	Zymo	3	mock_only	UNITE+RefSeq BLAST	RefSeq_BLAST	Cutadapt	PE	Penicillium_g	0
fig4_q30_PE_cutadapt_unite_blast_top1_rescue	3Z	fig4_q30_PE_cutadapt_unite_blast_top1_rescue_3Z	Zymo	3	mock_only	UNITE+RefSeq BLAST	RefSeq_BLAST	Cutadapt	PE	Fusarium_g	0
fig4_q30_PE_cutadapt_unite_blast_top1_rescue	3Z	fig4_q30_PE_cutadapt_unite_blast_top1_rescue_3Z	Zymo	3	mock_only	UNITE+RefSeq BLAST	RefSeq_BLAST	Cutadapt	PE	Fusarium_keratoplasticum	0.00158220612578996
fig4_q30_PE_cutadapt_unite_blast_top1_rescue	3Z	fig4_q30_PE_cutadapt_unite_blast_top1_rescue_3Z	Zymo	3	mock_only	UNITE+RefSeq BLAST	RefSeq_BLAST	Cutadapt	PE	Candida_africana	1.3718550223612368e-4
fig4_q30_PE_cutadapt_unite_blast_top1_rescue	3Z	fig4_q30_PE_cutadapt_unite_blast_top1_rescue_3Z	Zymo	3	mock_only	UNITE+RefSeq BLAST	RefSeq_BLAST	Cutadapt	PE	Candida_albicans	0.3053017623764187
fig4_q30_PE_cutadapt_unite_blast_top1_rescue	3Z	fig4_q30_PE_cutadapt_unite_blast_top1_rescue_3Z	Zymo	3	mock_only	UNITE+RefSeq BLAST	RefSeq_BLAST	Cutadapt	PE	Candida_g	0
fig4_q30_PE_cutadapt_unite_blast_top1_rescue	3Z	fig4_q30_PE_cutadapt_unite_blast_top1_rescue_3Z	Zymo	3	mock_only	UNITE+RefSeq BLAST	RefSeq_BLAST	Cutadapt	PE	Candida_tropicalis	0
fig4_q30_PE_cutadapt_unite_blast_top1_rescue	3Z	fig4_q30_PE_cutadapt_unite_blast_top1_rescue_3Z	Zymo	3	mock_only	UNITE+RefSeq BLAST	RefSeq_BLAST	Cutadapt	PE	Nakaseomyces_glabratus	0.10047466183773698
fig4_q30_PE_cutadapt_unite_blast_top1_rescue	3Z	fig4_q30_PE_cutadapt_unite_blast_top1_rescue_3Z	Zymo	3	mock_only	UNITE+RefSeq BLAST	RefSeq_BLAST	Cutadapt	PE	Malassezia_g	0
fig4_q30_PE_cutadapt_unite_blast_top1_rescue	3Z	fig4_q30_PE_cutadapt_unite_blast_top1_rescue_3Z	Zymo	3	mock_only	UNITE+RefSeq BLAST	RefSeq_BLAST	Cutadapt	PE	Malassezia_globosa	0
fig4_q30_PE_cutadapt_unite_blast_top1_rescue	3Z	fig4_q30_PE_cutadapt_unite_blast_top1_rescue_3Z	Zymo	3	mock_only	UNITE+RefSeq BLAST	RefSeq_BLAST	Cutadapt	PE	Saccharomyces_arboricola	0
fig4_q30_PE_cutadapt_unite_blast_top1_rescue	3Z	fig4_q30_PE_cutadapt_unite_blast_top1_rescue_3Z	Zymo	3	mock_only	UNITE+RefSeq BLAST	RefSeq_BLAST	Cutadapt	PE	Saccharomyces_cerevisiae	0.05499309499638745
fig4_q30_PE_cutadapt_unite_blast_top1_rescue	3Z	fig4_q30_PE_cutadapt_unite_blast_top1_rescue_3Z	Zymo	3	mock_only	UNITE+RefSeq BLAST	RefSeq_BLAST	Cutadapt	PE	Saccharomyces_g	0
fig4_q30_PE_cutadapt_unite_blast_top1_rescue	3Z	fig4_q30_PE_cutadapt_unite_blast_top1_rescue_3Z	Zymo	3	mock_only	UNITE+RefSeq BLAST	RefSeq_BLAST	Cutadapt	PE	Saccharomyces_uvarum	4.572850074537456e-5
fig4_q30_PE_cutadapt_unite_blast_top1_rescue	3Z	fig4_q30_PE_cutadapt_unite_blast_top1_rescue_3Z	Zymo	3	mock_only	UNITE+RefSeq BLAST	RefSeq_BLAST	Cutadapt	PE	Cutaneotrichosporon_dermatis	2.0120540327964807e-4
fig4_q30_PE_cutadapt_unite_blast_top1_rescue	3Z	fig4_q30_PE_cutadapt_unite_blast_top1_rescue_3Z	Zymo	3	mock_only	UNITE+RefSeq BLAST	RefSeq_BLAST	Cutadapt	PE	Cutaneotrichosporon_g	0
fig4_q30_PE_cutadapt_unite_blast_top1_rescue	3Z	fig4_q30_PE_cutadapt_unite_blast_top1_rescue_3Z	Zymo	3	mock_only	UNITE+RefSeq BLAST	RefSeq_BLAST	Cutadapt	PE	Cutaneotrichosporon_mucoides	0.23073686906101096
fig4_q30_PE_cutadapt_unite_blast_top1_rescue	3Z	fig4_q30_PE_cutadapt_unite_blast_top1_rescue_3Z	Zymo	3	mock_only	UNITE+RefSeq BLAST	RefSeq_BLAST	Cutadapt	PE	Other	6.401990104352439e-5
fig4_q30_PE_cutadapt_unite_blast_top1_rescue	4D	fig4_q30_PE_cutadapt_unite_blast_top1_rescue_4D	DNeasy	4	mock_only	Mock type-strain BLAST	Mock_type_reference_BLAST	Cutadapt	PE	Aspergillus_fumigatus	0.029490456204535546
fig4_q30_PE_cutadapt_unite_blast_top1_rescue	4D	fig4_q30_PE_cutadapt_unite_blast_top1_rescue_4D	DNeasy	4	mock_only	Mock type-strain BLAST	Mock_type_reference_BLAST	Cutadapt	PE	Aspergillus_g	0
fig4_q30_PE_cutadapt_unite_blast_top1_rescue	4D	fig4_q30_PE_cutadapt_unite_blast_top1_rescue_4D	DNeasy	4	mock_only	Mock type-strain BLAST	Mock_type_reference_BLAST	Cutadapt	PE	Cryptococcus_gattii	0
fig4_q30_PE_cutadapt_unite_blast_top1_rescue	4D	fig4_q30_PE_cutadapt_unite_blast_top1_rescue_4D	DNeasy	4	mock_only	Mock type-strain BLAST	Mock_type_reference_BLAST	Cutadapt	PE	Cryptococcus_neoformans	0.14774291160556302
fig4_q30_PE_cutadapt_unite_blast_top1_rescue	4D	fig4_q30_PE_cutadapt_unite_blast_top1_rescue_4D	DNeasy	4	mock_only	Mock type-strain BLAST	Mock_type_reference_BLAST	Cutadapt	PE	Trichophyton_interdigitale	0.00534247395009702
fig4_q30_PE_cutadapt_unite_blast_top1_rescue	4D	fig4_q30_PE_cutadapt_unite_blast_top1_rescue_4D	DNeasy	4	mock_only	Mock type-strain BLAST	Mock_type_reference_BLAST	Cutadapt	PE	Trichophyton_mentagrophytes	0
fig4_q30_PE_cutadapt_unite_blast_top1_rescue	4D	fig4_q30_PE_cutadapt_unite_blast_top1_rescue_4D	DNeasy	4	mock_only	Mock type-strain BLAST	Mock_type_reference_BLAST	Cutadapt	PE	Penicillium_chrysogenum	0.11311513245061416
fig4_q30_PE_cutadapt_unite_blast_top1_rescue	4D	fig4_q30_PE_cutadapt_unite_blast_top1_rescue_4D	DNeasy	4	mock_only	Mock type-strain BLAST	Mock_type_reference_BLAST	Cutadapt	PE	Penicillium_flavigenum	0
fig4_q30_PE_cutadapt_unite_blast_top1_rescue	4D	fig4_q30_PE_cutadapt_unite_blast_top1_rescue_4D	DNeasy	4	mock_only	Mock type-strain BLAST	Mock_type_reference_BLAST	Cutadapt	PE	Penicillium_g	0
fig4_q30_PE_cutadapt_unite_blast_top1_rescue	4D	fig4_q30_PE_cutadapt_unite_blast_top1_rescue_4D	DNeasy	4	mock_only	Mock type-strain BLAST	Mock_type_reference_BLAST	Cutadapt	PE	Fusarium_g	0
fig4_q30_PE_cutadapt_unite_blast_top1_rescue	4D	fig4_q30_PE_cutadapt_unite_blast_top1_rescue_4D	DNeasy	4	mock_only	Mock type-strain BLAST	Mock_type_reference_BLAST	Cutadapt	PE	Fusarium_keratoplasticum	0.0021797293716395837
fig4_q30_PE_cutadapt_unite_blast_top1_rescue	4D	fig4_q30_PE_cutadapt_unite_blast_top1_rescue_4D	DNeasy	4	mock_only	Mock type-strain BLAST	Mock_type_reference_BLAST	Cutadapt	PE	Candida_africana	0
fig4_q30_PE_cutadapt_unite_blast_top1_rescue	4D	fig4_q30_PE_cutadapt_unite_blast_top1_rescue_4D	DNeasy	4	mock_only	Mock type-strain BLAST	Mock_type_reference_BLAST	Cutadapt	PE	Candida_albicans	0.30196517561780367
fig4_q30_PE_cutadapt_unite_blast_top1_rescue	4D	fig4_q30_PE_cutadapt_unite_blast_top1_rescue_4D	DNeasy	4	mock_only	Mock type-strain BLAST	Mock_type_reference_BLAST	Cutadapt	PE	Candida_g	0
fig4_q30_PE_cutadapt_unite_blast_top1_rescue	4D	fig4_q30_PE_cutadapt_unite_blast_top1_rescue_4D	DNeasy	4	mock_only	Mock type-strain BLAST	Mock_type_reference_BLAST	Cutadapt	PE	Candida_tropicalis	0
fig4_q30_PE_cutadapt_unite_blast_top1_rescue	4D	fig4_q30_PE_cutadapt_unite_blast_top1_rescue_4D	DNeasy	4	mock_only	Mock type-strain BLAST	Mock_type_reference_BLAST	Cutadapt	PE	Nakaseomyces_glabratus	0.11487601186456615
fig4_q30_PE_cutadapt_unite_blast_top1_rescue	4D	fig4_q30_PE_cutadapt_unite_blast_top1_rescue_4D	DNeasy	4	mock_only	Mock type-strain BLAST	Mock_type_reference_BLAST	Cutadapt	PE	Malassezia_g	0
fig4_q30_PE_cutadapt_unite_blast_top1_rescue	4D	fig4_q30_PE_cutadapt_unite_blast_top1_rescue_4D	DNeasy	4	mock_only	Mock type-strain BLAST	Mock_type_reference_BLAST	Cutadapt	PE	Malassezia_globosa	0
fig4_q30_PE_cutadapt_unite_blast_top1_rescue	4D	fig4_q30_PE_cutadapt_unite_blast_top1_rescue_4D	DNeasy	4	mock_only	Mock type-strain BLAST	Mock_type_reference_BLAST	Cutadapt	PE	Saccharomyces_arboricola	0
fig4_q30_PE_cutadapt_unite_blast_top1_rescue	4D	fig4_q30_PE_cutadapt_unite_blast_top1_rescue_4D	DNeasy	4	mock_only	Mock type-strain BLAST	Mock_type_reference_BLAST	Cutadapt	PE	Saccharomyces_cerevisiae	0.06331472727738979
fig4_q30_PE_cutadapt_unite_blast_top1_rescue	4D	fig4_q30_PE_cutadapt_unite_blast_top1_rescue_4D	DNeasy	4	mock_only	Mock type-strain BLAST	Mock_type_reference_BLAST	Cutadapt	PE	Saccharomyces_g	0
fig4_q30_PE_cutadapt_unite_blast_top1_rescue	4D	fig4_q30_PE_cutadapt_unite_blast_top1_rescue_4D	DNeasy	4	mock_only	Mock type-strain BLAST	Mock_type_reference_BLAST	Cutadapt	PE	Saccharomyces_uvarum	0
fig4_q30_PE_cutadapt_unite_blast_top1_rescue	4D	fig4_q30_PE_cutadapt_unite_blast_top1_rescue_4D	DNeasy	4	mock_only	Mock type-strain BLAST	Mock_type_reference_BLAST	Cutadapt	PE	Cutaneotrichosporon_dermatis	0.22197338165779104
fig4_q30_PE_cutadapt_unite_blast_top1_rescue	4D	fig4_q30_PE_cutadapt_unite_blast_top1_rescue_4D	DNeasy	4	mock_only	Mock type-strain BLAST	Mock_type_reference_BLAST	Cutadapt	PE	Cutaneotrichosporon_g	0
fig4_q30_PE_cutadapt_unite_blast_top1_rescue	4D	fig4_q30_PE_cutadapt_unite_blast_top1_rescue_4D	DNeasy	4	mock_only	Mock type-strain BLAST	Mock_type_reference_BLAST	Cutadapt	PE	Cutaneotrichosporon_mucoides	0
fig4_q30_PE_cutadapt_unite_blast_top1_rescue	4D	fig4_q30_PE_cutadapt_unite_blast_top1_rescue_4D	DNeasy	4	mock_only	Mock type-strain BLAST	Mock_type_reference_BLAST	Cutadapt	PE	Other	0
fig4_q30_PE_cutadapt_unite_blast_top1_rescue	4D	fig4_q30_PE_cutadapt_unite_blast_top1_rescue_4D	DNeasy	4	mock_only	UNITE	No_BLAST	Cutadapt	PE	Aspergillus_fumigatus	0.029490456204535546
fig4_q30_PE_cutadapt_unite_blast_top1_rescue	4D	fig4_q30_PE_cutadapt_unite_blast_top1_rescue_4D	DNeasy	4	mock_only	UNITE	No_BLAST	Cutadapt	PE	Aspergillus_g	0
fig4_q30_PE_cutadapt_unite_blast_top1_rescue	4D	fig4_q30_PE_cutadapt_unite_blast_top1_rescue_4D	DNeasy	4	mock_only	UNITE	No_BLAST	Cutadapt	PE	Cryptococcus_gattii	0
fig4_q30_PE_cutadapt_unite_blast_top1_rescue	4D	fig4_q30_PE_cutadapt_unite_blast_top1_rescue_4D	DNeasy	4	mock_only	UNITE	No_BLAST	Cutadapt	PE	Cryptococcus_neoformans	0.14754630856419945
fig4_q30_PE_cutadapt_unite_blast_top1_rescue	4D	fig4_q30_PE_cutadapt_unite_blast_top1_rescue_4D	DNeasy	4	mock_only	UNITE	No_BLAST	Cutadapt	PE	Trichophyton_interdigitale	0
fig4_q30_PE_cutadapt_unite_blast_top1_rescue	4D	fig4_q30_PE_cutadapt_unite_blast_top1_rescue_4D	DNeasy	4	mock_only	UNITE	No_BLAST	Cutadapt	PE	Trichophyton_mentagrophytes	0.00534247395009702
fig4_q30_PE_cutadapt_unite_blast_top1_rescue	4D	fig4_q30_PE_cutadapt_unite_blast_top1_rescue_4D	DNeasy	4	mock_only	UNITE	No_BLAST	Cutadapt	PE	Penicillium_chrysogenum	0
fig4_q30_PE_cutadapt_unite_blast_top1_rescue	4D	fig4_q30_PE_cutadapt_unite_blast_top1_rescue_4D	DNeasy	4	mock_only	UNITE	No_BLAST	Cutadapt	PE	Penicillium_flavigenum	0
fig4_q30_PE_cutadapt_unite_blast_top1_rescue	4D	fig4_q30_PE_cutadapt_unite_blast_top1_rescue_4D	DNeasy	4	mock_only	UNITE	No_BLAST	Cutadapt	PE	Penicillium_g	0
fig4_q30_PE_cutadapt_unite_blast_top1_rescue	4D	fig4_q30_PE_cutadapt_unite_blast_top1_rescue_4D	DNeasy	4	mock_only	UNITE	No_BLAST	Cutadapt	PE	Fusarium_g	0
fig4_q30_PE_cutadapt_unite_blast_top1_rescue	4D	fig4_q30_PE_cutadapt_unite_blast_top1_rescue_4D	DNeasy	4	mock_only	UNITE	No_BLAST	Cutadapt	PE	Fusarium_keratoplasticum	0
fig4_q30_PE_cutadapt_unite_blast_top1_rescue	4D	fig4_q30_PE_cutadapt_unite_blast_top1_rescue_4D	DNeasy	4	mock_only	UNITE	No_BLAST	Cutadapt	PE	Candida_africana	0
fig4_q30_PE_cutadapt_unite_blast_top1_rescue	4D	fig4_q30_PE_cutadapt_unite_blast_top1_rescue_4D	DNeasy	4	mock_only	UNITE	No_BLAST	Cutadapt	PE	Candida_albicans	0.30171728482651916
fig4_q30_PE_cutadapt_unite_blast_top1_rescue	4D	fig4_q30_PE_cutadapt_unite_blast_top1_rescue_4D	DNeasy	4	mock_only	UNITE	No_BLAST	Cutadapt	PE	Candida_g	0
fig4_q30_PE_cutadapt_unite_blast_top1_rescue	4D	fig4_q30_PE_cutadapt_unite_blast_top1_rescue_4D	DNeasy	4	mock_only	UNITE	No_BLAST	Cutadapt	PE	Candida_tropicalis	0
fig4_q30_PE_cutadapt_unite_blast_top1_rescue	4D	fig4_q30_PE_cutadapt_unite_blast_top1_rescue_4D	DNeasy	4	mock_only	UNITE	No_BLAST	Cutadapt	PE	Nakaseomyces_glabratus	0.11479908023968476
fig4_q30_PE_cutadapt_unite_blast_top1_rescue	4D	fig4_q30_PE_cutadapt_unite_blast_top1_rescue_4D	DNeasy	4	mock_only	UNITE	No_BLAST	Cutadapt	PE	Malassezia_g	0
fig4_q30_PE_cutadapt_unite_blast_top1_rescue	4D	fig4_q30_PE_cutadapt_unite_blast_top1_rescue_4D	DNeasy	4	mock_only	UNITE	No_BLAST	Cutadapt	PE	Malassezia_globosa	0
fig4_q30_PE_cutadapt_unite_blast_top1_rescue	4D	fig4_q30_PE_cutadapt_unite_blast_top1_rescue_4D	DNeasy	4	mock_only	UNITE	No_BLAST	Cutadapt	PE	Saccharomyces_arboricola	0
fig4_q30_PE_cutadapt_unite_blast_top1_rescue	4D	fig4_q30_PE_cutadapt_unite_blast_top1_rescue_4D	DNeasy	4	mock_only	UNITE	No_BLAST	Cutadapt	PE	Saccharomyces_cerevisiae	0.06327198748578902
fig4_q30_PE_cutadapt_unite_blast_top1_rescue	4D	fig4_q30_PE_cutadapt_unite_blast_top1_rescue_4D	DNeasy	4	mock_only	UNITE	No_BLAST	Cutadapt	PE	Saccharomyces_g	0
fig4_q30_PE_cutadapt_unite_blast_top1_rescue	4D	fig4_q30_PE_cutadapt_unite_blast_top1_rescue_4D	DNeasy	4	mock_only	UNITE	No_BLAST	Cutadapt	PE	Saccharomyces_uvarum	0
fig4_q30_PE_cutadapt_unite_blast_top1_rescue	4D	fig4_q30_PE_cutadapt_unite_blast_top1_rescue_4D	DNeasy	4	mock_only	UNITE	No_BLAST	Cutadapt	PE	Cutaneotrichosporon_dermatis	0
fig4_q30_PE_cutadapt_unite_blast_top1_rescue	4D	fig4_q30_PE_cutadapt_unite_blast_top1_rescue_4D	DNeasy	4	mock_only	UNITE	No_BLAST	Cutadapt	PE	Cutaneotrichosporon_g	0
fig4_q30_PE_cutadapt_unite_blast_top1_rescue	4D	fig4_q30_PE_cutadapt_unite_blast_top1_rescue_4D	DNeasy	4	mock_only	UNITE	No_BLAST	Cutadapt	PE	Cutaneotrichosporon_mucoides	0.2217938745330678
fig4_q30_PE_cutadapt_unite_blast_top1_rescue	4D	fig4_q30_PE_cutadapt_unite_blast_top1_rescue_4D	DNeasy	4	mock_only	UNITE	No_BLAST	Cutadapt	PE	Other	0.11603853419610725
fig4_q30_PE_cutadapt_unite_blast_top1_rescue	4D	fig4_q30_PE_cutadapt_unite_blast_top1_rescue_4D	DNeasy	4	mock_only	UNITE+RefSeq BLAST	RefSeq_BLAST	Cutadapt	PE	Aspergillus_fumigatus	0.029490456204535546
fig4_q30_PE_cutadapt_unite_blast_top1_rescue	4D	fig4_q30_PE_cutadapt_unite_blast_top1_rescue_4D	DNeasy	4	mock_only	UNITE+RefSeq BLAST	RefSeq_BLAST	Cutadapt	PE	Aspergillus_g	0
fig4_q30_PE_cutadapt_unite_blast_top1_rescue	4D	fig4_q30_PE_cutadapt_unite_blast_top1_rescue_4D	DNeasy	4	mock_only	UNITE+RefSeq BLAST	RefSeq_BLAST	Cutadapt	PE	Cryptococcus_gattii	1.966030413635703e-4
fig4_q30_PE_cutadapt_unite_blast_top1_rescue	4D	fig4_q30_PE_cutadapt_unite_blast_top1_rescue_4D	DNeasy	4	mock_only	UNITE+RefSeq BLAST	RefSeq_BLAST	Cutadapt	PE	Cryptococcus_neoformans	0.14754630856419945
fig4_q30_PE_cutadapt_unite_blast_top1_rescue	4D	fig4_q30_PE_cutadapt_unite_blast_top1_rescue_4D	DNeasy	4	mock_only	UNITE+RefSeq BLAST	RefSeq_BLAST	Cutadapt	PE	Trichophyton_interdigitale	0
fig4_q30_PE_cutadapt_unite_blast_top1_rescue	4D	fig4_q30_PE_cutadapt_unite_blast_top1_rescue_4D	DNeasy	4	mock_only	UNITE+RefSeq BLAST	RefSeq_BLAST	Cutadapt	PE	Trichophyton_mentagrophytes	0.00534247395009702
fig4_q30_PE_cutadapt_unite_blast_top1_rescue	4D	fig4_q30_PE_cutadapt_unite_blast_top1_rescue_4D	DNeasy	4	mock_only	UNITE+RefSeq BLAST	RefSeq_BLAST	Cutadapt	PE	Penicillium_chrysogenum	0.11311513245061416
fig4_q30_PE_cutadapt_unite_blast_top1_rescue	4D	fig4_q30_PE_cutadapt_unite_blast_top1_rescue_4D	DNeasy	4	mock_only	UNITE+RefSeq BLAST	RefSeq_BLAST	Cutadapt	PE	Penicillium_flavigenum	0
fig4_q30_PE_cutadapt_unite_blast_top1_rescue	4D	fig4_q30_PE_cutadapt_unite_blast_top1_rescue_4D	DNeasy	4	mock_only	UNITE+RefSeq BLAST	RefSeq_BLAST	Cutadapt	PE	Penicillium_g	0
fig4_q30_PE_cutadapt_unite_blast_top1_rescue	4D	fig4_q30_PE_cutadapt_unite_blast_top1_rescue_4D	DNeasy	4	mock_only	UNITE+RefSeq BLAST	RefSeq_BLAST	Cutadapt	PE	Fusarium_g	0
fig4_q30_PE_cutadapt_unite_blast_top1_rescue	4D	fig4_q30_PE_cutadapt_unite_blast_top1_rescue_4D	DNeasy	4	mock_only	UNITE+RefSeq BLAST	RefSeq_BLAST	Cutadapt	PE	Fusarium_keratoplasticum	0.0021797293716395837
fig4_q30_PE_cutadapt_unite_blast_top1_rescue	4D	fig4_q30_PE_cutadapt_unite_blast_top1_rescue_4D	DNeasy	4	mock_only	UNITE+RefSeq BLAST	RefSeq_BLAST	Cutadapt	PE	Candida_africana	2.478907912845017e-4
fig4_q30_PE_cutadapt_unite_blast_top1_rescue	4D	fig4_q30_PE_cutadapt_unite_blast_top1_rescue_4D	DNeasy	4	mock_only	UNITE+RefSeq BLAST	RefSeq_BLAST	Cutadapt	PE	Candida_albicans	0.30171728482651916
fig4_q30_PE_cutadapt_unite_blast_top1_rescue	4D	fig4_q30_PE_cutadapt_unite_blast_top1_rescue_4D	DNeasy	4	mock_only	UNITE+RefSeq BLAST	RefSeq_BLAST	Cutadapt	PE	Candida_g	0
fig4_q30_PE_cutadapt_unite_blast_top1_rescue	4D	fig4_q30_PE_cutadapt_unite_blast_top1_rescue_4D	DNeasy	4	mock_only	UNITE+RefSeq BLAST	RefSeq_BLAST	Cutadapt	PE	Candida_tropicalis	0
fig4_q30_PE_cutadapt_unite_blast_top1_rescue	4D	fig4_q30_PE_cutadapt_unite_blast_top1_rescue_4D	DNeasy	4	mock_only	UNITE+RefSeq BLAST	RefSeq_BLAST	Cutadapt	PE	Nakaseomyces_glabratus	0.11479908023968476
fig4_q30_PE_cutadapt_unite_blast_top1_rescue	4D	fig4_q30_PE_cutadapt_unite_blast_top1_rescue_4D	DNeasy	4	mock_only	UNITE+RefSeq BLAST	RefSeq_BLAST	Cutadapt	PE	Malassezia_g	0
fig4_q30_PE_cutadapt_unite_blast_top1_rescue	4D	fig4_q30_PE_cutadapt_unite_blast_top1_rescue_4D	DNeasy	4	mock_only	UNITE+RefSeq BLAST	RefSeq_BLAST	Cutadapt	PE	Malassezia_globosa	0
fig4_q30_PE_cutadapt_unite_blast_top1_rescue	4D	fig4_q30_PE_cutadapt_unite_blast_top1_rescue_4D	DNeasy	4	mock_only	UNITE+RefSeq BLAST	RefSeq_BLAST	Cutadapt	PE	Saccharomyces_arboricola	0
fig4_q30_PE_cutadapt_unite_blast_top1_rescue	4D	fig4_q30_PE_cutadapt_unite_blast_top1_rescue_4D	DNeasy	4	mock_only	UNITE+RefSeq BLAST	RefSeq_BLAST	Cutadapt	PE	Saccharomyces_cerevisiae	0.06327198748578902
fig4_q30_PE_cutadapt_unite_blast_top1_rescue	4D	fig4_q30_PE_cutadapt_unite_blast_top1_rescue_4D	DNeasy	4	mock_only	UNITE+RefSeq BLAST	RefSeq_BLAST	Cutadapt	PE	Saccharomyces_g	0
fig4_q30_PE_cutadapt_unite_blast_top1_rescue	4D	fig4_q30_PE_cutadapt_unite_blast_top1_rescue_4D	DNeasy	4	mock_only	UNITE+RefSeq BLAST	RefSeq_BLAST	Cutadapt	PE	Saccharomyces_uvarum	4.273979160077615e-5
fig4_q30_PE_cutadapt_unite_blast_top1_rescue	4D	fig4_q30_PE_cutadapt_unite_blast_top1_rescue_4D	DNeasy	4	mock_only	UNITE+RefSeq BLAST	RefSeq_BLAST	Cutadapt	PE	Cutaneotrichosporon_dermatis	1.7950712472325985e-4
fig4_q30_PE_cutadapt_unite_blast_top1_rescue	4D	fig4_q30_PE_cutadapt_unite_blast_top1_rescue_4D	DNeasy	4	mock_only	UNITE+RefSeq BLAST	RefSeq_BLAST	Cutadapt	PE	Cutaneotrichosporon_g	0
fig4_q30_PE_cutadapt_unite_blast_top1_rescue	4D	fig4_q30_PE_cutadapt_unite_blast_top1_rescue_4D	DNeasy	4	mock_only	UNITE+RefSeq BLAST	RefSeq_BLAST	Cutadapt	PE	Cutaneotrichosporon_mucoides	0.2217938745330678
fig4_q30_PE_cutadapt_unite_blast_top1_rescue	4D	fig4_q30_PE_cutadapt_unite_blast_top1_rescue_4D	DNeasy	4	mock_only	UNITE+RefSeq BLAST	RefSeq_BLAST	Cutadapt	PE	Other	7.693162488139707e-5
fig4_q30_PE_cutadapt_unite_blast_top1_rescue	4Q	fig4_q30_PE_cutadapt_unite_blast_top1_rescue_4Q	QIAamp	4	mock_only	Mock type-strain BLAST	Mock_type_reference_BLAST	Cutadapt	PE	Aspergillus_fumigatus	0.0338929327461879
fig4_q30_PE_cutadapt_unite_blast_top1_rescue	4Q	fig4_q30_PE_cutadapt_unite_blast_top1_rescue_4Q	QIAamp	4	mock_only	Mock type-strain BLAST	Mock_type_reference_BLAST	Cutadapt	PE	Aspergillus_g	0
fig4_q30_PE_cutadapt_unite_blast_top1_rescue	4Q	fig4_q30_PE_cutadapt_unite_blast_top1_rescue_4Q	QIAamp	4	mock_only	Mock type-strain BLAST	Mock_type_reference_BLAST	Cutadapt	PE	Cryptococcus_gattii	0
fig4_q30_PE_cutadapt_unite_blast_top1_rescue	4Q	fig4_q30_PE_cutadapt_unite_blast_top1_rescue_4Q	QIAamp	4	mock_only	Mock type-strain BLAST	Mock_type_reference_BLAST	Cutadapt	PE	Cryptococcus_neoformans	0.1465976883978401
fig4_q30_PE_cutadapt_unite_blast_top1_rescue	4Q	fig4_q30_PE_cutadapt_unite_blast_top1_rescue_4Q	QIAamp	4	mock_only	Mock type-strain BLAST	Mock_type_reference_BLAST	Cutadapt	PE	Trichophyton_interdigitale	0.0064412420616502715
fig4_q30_PE_cutadapt_unite_blast_top1_rescue	4Q	fig4_q30_PE_cutadapt_unite_blast_top1_rescue_4Q	QIAamp	4	mock_only	Mock type-strain BLAST	Mock_type_reference_BLAST	Cutadapt	PE	Trichophyton_mentagrophytes	0
fig4_q30_PE_cutadapt_unite_blast_top1_rescue	4Q	fig4_q30_PE_cutadapt_unite_blast_top1_rescue_4Q	QIAamp	4	mock_only	Mock type-strain BLAST	Mock_type_reference_BLAST	Cutadapt	PE	Penicillium_chrysogenum	0.1258023251865017
fig4_q30_PE_cutadapt_unite_blast_top1_rescue	4Q	fig4_q30_PE_cutadapt_unite_blast_top1_rescue_4Q	QIAamp	4	mock_only	Mock type-strain BLAST	Mock_type_reference_BLAST	Cutadapt	PE	Penicillium_flavigenum	0
fig4_q30_PE_cutadapt_unite_blast_top1_rescue	4Q	fig4_q30_PE_cutadapt_unite_blast_top1_rescue_4Q	QIAamp	4	mock_only	Mock type-strain BLAST	Mock_type_reference_BLAST	Cutadapt	PE	Penicillium_g	0
fig4_q30_PE_cutadapt_unite_blast_top1_rescue	4Q	fig4_q30_PE_cutadapt_unite_blast_top1_rescue_4Q	QIAamp	4	mock_only	Mock type-strain BLAST	Mock_type_reference_BLAST	Cutadapt	PE	Fusarium_g	0
fig4_q30_PE_cutadapt_unite_blast_top1_rescue	4Q	fig4_q30_PE_cutadapt_unite_blast_top1_rescue_4Q	QIAamp	4	mock_only	Mock type-strain BLAST	Mock_type_reference_BLAST	Cutadapt	PE	Fusarium_keratoplasticum	0.002173494685126278
fig4_q30_PE_cutadapt_unite_blast_top1_rescue	4Q	fig4_q30_PE_cutadapt_unite_blast_top1_rescue_4Q	QIAamp	4	mock_only	Mock type-strain BLAST	Mock_type_reference_BLAST	Cutadapt	PE	Candida_africana	0
fig4_q30_PE_cutadapt_unite_blast_top1_rescue	4Q	fig4_q30_PE_cutadapt_unite_blast_top1_rescue_4Q	QIAamp	4	mock_only	Mock type-strain BLAST	Mock_type_reference_BLAST	Cutadapt	PE	Candida_albicans	0.2804260955205633
fig4_q30_PE_cutadapt_unite_blast_top1_rescue	4Q	fig4_q30_PE_cutadapt_unite_blast_top1_rescue_4Q	QIAamp	4	mock_only	Mock type-strain BLAST	Mock_type_reference_BLAST	Cutadapt	PE	Candida_g	0
fig4_q30_PE_cutadapt_unite_blast_top1_rescue	4Q	fig4_q30_PE_cutadapt_unite_blast_top1_rescue_4Q	QIAamp	4	mock_only	Mock type-strain BLAST	Mock_type_reference_BLAST	Cutadapt	PE	Candida_tropicalis	0
fig4_q30_PE_cutadapt_unite_blast_top1_rescue	4Q	fig4_q30_PE_cutadapt_unite_blast_top1_rescue_4Q	QIAamp	4	mock_only	Mock type-strain BLAST	Mock_type_reference_BLAST	Cutadapt	PE	Nakaseomyces_glabratus	0.11170857058763599
fig4_q30_PE_cutadapt_unite_blast_top1_rescue	4Q	fig4_q30_PE_cutadapt_unite_blast_top1_rescue_4Q	QIAamp	4	mock_only	Mock type-strain BLAST	Mock_type_reference_BLAST	Cutadapt	PE	Malassezia_g	0
fig4_q30_PE_cutadapt_unite_blast_top1_rescue	4Q	fig4_q30_PE_cutadapt_unite_blast_top1_rescue_4Q	QIAamp	4	mock_only	Mock type-strain BLAST	Mock_type_reference_BLAST	Cutadapt	PE	Malassezia_globosa	0
fig4_q30_PE_cutadapt_unite_blast_top1_rescue	4Q	fig4_q30_PE_cutadapt_unite_blast_top1_rescue_4Q	QIAamp	4	mock_only	Mock type-strain BLAST	Mock_type_reference_BLAST	Cutadapt	PE	Saccharomyces_arboricola	0
fig4_q30_PE_cutadapt_unite_blast_top1_rescue	4Q	fig4_q30_PE_cutadapt_unite_blast_top1_rescue_4Q	QIAamp	4	mock_only	Mock type-strain BLAST	Mock_type_reference_BLAST	Cutadapt	PE	Saccharomyces_cerevisiae	0.042269943511778756
fig4_q30_PE_cutadapt_unite_blast_top1_rescue	4Q	fig4_q30_PE_cutadapt_unite_blast_top1_rescue_4Q	QIAamp	4	mock_only	Mock type-strain BLAST	Mock_type_reference_BLAST	Cutadapt	PE	Saccharomyces_g	0
fig4_q30_PE_cutadapt_unite_blast_top1_rescue	4Q	fig4_q30_PE_cutadapt_unite_blast_top1_rescue_4Q	QIAamp	4	mock_only	Mock type-strain BLAST	Mock_type_reference_BLAST	Cutadapt	PE	Saccharomyces_uvarum	0
fig4_q30_PE_cutadapt_unite_blast_top1_rescue	4Q	fig4_q30_PE_cutadapt_unite_blast_top1_rescue_4Q	QIAamp	4	mock_only	Mock type-strain BLAST	Mock_type_reference_BLAST	Cutadapt	PE	Cutaneotrichosporon_dermatis	0.2506877073027157
fig4_q30_PE_cutadapt_unite_blast_top1_rescue	4Q	fig4_q30_PE_cutadapt_unite_blast_top1_rescue_4Q	QIAamp	4	mock_only	Mock type-strain BLAST	Mock_type_reference_BLAST	Cutadapt	PE	Cutaneotrichosporon_g	0
fig4_q30_PE_cutadapt_unite_blast_top1_rescue	4Q	fig4_q30_PE_cutadapt_unite_blast_top1_rescue_4Q	QIAamp	4	mock_only	Mock type-strain BLAST	Mock_type_reference_BLAST	Cutadapt	PE	Cutaneotrichosporon_mucoides	0
fig4_q30_PE_cutadapt_unite_blast_top1_rescue	4Q	fig4_q30_PE_cutadapt_unite_blast_top1_rescue_4Q	QIAamp	4	mock_only	Mock type-strain BLAST	Mock_type_reference_BLAST	Cutadapt	PE	Other	0
fig4_q30_PE_cutadapt_unite_blast_top1_rescue	4Q	fig4_q30_PE_cutadapt_unite_blast_top1_rescue_4Q	QIAamp	4	mock_only	UNITE	No_BLAST	Cutadapt	PE	Aspergillus_fumigatus	0.0338929327461879
fig4_q30_PE_cutadapt_unite_blast_top1_rescue	4Q	fig4_q30_PE_cutadapt_unite_blast_top1_rescue_4Q	QIAamp	4	mock_only	UNITE	No_BLAST	Cutadapt	PE	Aspergillus_g	0
fig4_q30_PE_cutadapt_unite_blast_top1_rescue	4Q	fig4_q30_PE_cutadapt_unite_blast_top1_rescue_4Q	QIAamp	4	mock_only	UNITE	No_BLAST	Cutadapt	PE	Cryptococcus_gattii	0
fig4_q30_PE_cutadapt_unite_blast_top1_rescue	4Q	fig4_q30_PE_cutadapt_unite_blast_top1_rescue_4Q	QIAamp	4	mock_only	UNITE	No_BLAST	Cutadapt	PE	Cryptococcus_neoformans	0.1465976883978401
fig4_q30_PE_cutadapt_unite_blast_top1_rescue	4Q	fig4_q30_PE_cutadapt_unite_blast_top1_rescue_4Q	QIAamp	4	mock_only	UNITE	No_BLAST	Cutadapt	PE	Trichophyton_interdigitale	0
fig4_q30_PE_cutadapt_unite_blast_top1_rescue	4Q	fig4_q30_PE_cutadapt_unite_blast_top1_rescue_4Q	QIAamp	4	mock_only	UNITE	No_BLAST	Cutadapt	PE	Trichophyton_mentagrophytes	0.0064412420616502715
fig4_q30_PE_cutadapt_unite_blast_top1_rescue	4Q	fig4_q30_PE_cutadapt_unite_blast_top1_rescue_4Q	QIAamp	4	mock_only	UNITE	No_BLAST	Cutadapt	PE	Penicillium_chrysogenum	0
fig4_q30_PE_cutadapt_unite_blast_top1_rescue	4Q	fig4_q30_PE_cutadapt_unite_blast_top1_rescue_4Q	QIAamp	4	mock_only	UNITE	No_BLAST	Cutadapt	PE	Penicillium_flavigenum	0
fig4_q30_PE_cutadapt_unite_blast_top1_rescue	4Q	fig4_q30_PE_cutadapt_unite_blast_top1_rescue_4Q	QIAamp	4	mock_only	UNITE	No_BLAST	Cutadapt	PE	Penicillium_g	0
fig4_q30_PE_cutadapt_unite_blast_top1_rescue	4Q	fig4_q30_PE_cutadapt_unite_blast_top1_rescue_4Q	QIAamp	4	mock_only	UNITE	No_BLAST	Cutadapt	PE	Fusarium_g	0
fig4_q30_PE_cutadapt_unite_blast_top1_rescue	4Q	fig4_q30_PE_cutadapt_unite_blast_top1_rescue_4Q	QIAamp	4	mock_only	UNITE	No_BLAST	Cutadapt	PE	Fusarium_keratoplasticum	0
fig4_q30_PE_cutadapt_unite_blast_top1_rescue	4Q	fig4_q30_PE_cutadapt_unite_blast_top1_rescue_4Q	QIAamp	4	mock_only	UNITE	No_BLAST	Cutadapt	PE	Candida_africana	0
fig4_q30_PE_cutadapt_unite_blast_top1_rescue	4Q	fig4_q30_PE_cutadapt_unite_blast_top1_rescue_4Q	QIAamp	4	mock_only	UNITE	No_BLAST	Cutadapt	PE	Candida_albicans	0.28021101010901434
fig4_q30_PE_cutadapt_unite_blast_top1_rescue	4Q	fig4_q30_PE_cutadapt_unite_blast_top1_rescue_4Q	QIAamp	4	mock_only	UNITE	No_BLAST	Cutadapt	PE	Candida_g	0
fig4_q30_PE_cutadapt_unite_blast_top1_rescue	4Q	fig4_q30_PE_cutadapt_unite_blast_top1_rescue_4Q	QIAamp	4	mock_only	UNITE	No_BLAST	Cutadapt	PE	Candida_tropicalis	0
fig4_q30_PE_cutadapt_unite_blast_top1_rescue	4Q	fig4_q30_PE_cutadapt_unite_blast_top1_rescue_4Q	QIAamp	4	mock_only	UNITE	No_BLAST	Cutadapt	PE	Nakaseomyces_glabratus	0.11160668802427069
fig4_q30_PE_cutadapt_unite_blast_top1_rescue	4Q	fig4_q30_PE_cutadapt_unite_blast_top1_rescue_4Q	QIAamp	4	mock_only	UNITE	No_BLAST	Cutadapt	PE	Malassezia_g	0
fig4_q30_PE_cutadapt_unite_blast_top1_rescue	4Q	fig4_q30_PE_cutadapt_unite_blast_top1_rescue_4Q	QIAamp	4	mock_only	UNITE	No_BLAST	Cutadapt	PE	Malassezia_globosa	0
fig4_q30_PE_cutadapt_unite_blast_top1_rescue	4Q	fig4_q30_PE_cutadapt_unite_blast_top1_rescue_4Q	QIAamp	4	mock_only	UNITE	No_BLAST	Cutadapt	PE	Saccharomyces_arboricola	0
fig4_q30_PE_cutadapt_unite_blast_top1_rescue	4Q	fig4_q30_PE_cutadapt_unite_blast_top1_rescue_4Q	QIAamp	4	mock_only	UNITE	No_BLAST	Cutadapt	PE	Saccharomyces_cerevisiae	0.04221334208768693
fig4_q30_PE_cutadapt_unite_blast_top1_rescue	4Q	fig4_q30_PE_cutadapt_unite_blast_top1_rescue_4Q	QIAamp	4	mock_only	UNITE	No_BLAST	Cutadapt	PE	Saccharomyces_g	0
fig4_q30_PE_cutadapt_unite_blast_top1_rescue	4Q	fig4_q30_PE_cutadapt_unite_blast_top1_rescue_4Q	QIAamp	4	mock_only	UNITE	No_BLAST	Cutadapt	PE	Saccharomyces_uvarum	0
fig4_q30_PE_cutadapt_unite_blast_top1_rescue	4Q	fig4_q30_PE_cutadapt_unite_blast_top1_rescue_4Q	QIAamp	4	mock_only	UNITE	No_BLAST	Cutadapt	PE	Cutaneotrichosporon_dermatis	0
fig4_q30_PE_cutadapt_unite_blast_top1_rescue	4Q	fig4_q30_PE_cutadapt_unite_blast_top1_rescue_4Q	QIAamp	4	mock_only	UNITE	No_BLAST	Cutadapt	PE	Cutaneotrichosporon_g	0
fig4_q30_PE_cutadapt_unite_blast_top1_rescue	4Q	fig4_q30_PE_cutadapt_unite_blast_top1_rescue_4Q	QIAamp	4	mock_only	UNITE	No_BLAST	Cutadapt	PE	Cutaneotrichosporon_mucoides	0.25057450445453205
fig4_q30_PE_cutadapt_unite_blast_top1_rescue	4Q	fig4_q30_PE_cutadapt_unite_blast_top1_rescue_4Q	QIAamp	4	mock_only	UNITE	No_BLAST	Cutadapt	PE	Other	0.12846259211881772
fig4_q30_PE_cutadapt_unite_blast_top1_rescue	4Q	fig4_q30_PE_cutadapt_unite_blast_top1_rescue_4Q	QIAamp	4	mock_only	UNITE+RefSeq BLAST	RefSeq_BLAST	Cutadapt	PE	Aspergillus_fumigatus	0.0338929327461879
fig4_q30_PE_cutadapt_unite_blast_top1_rescue	4Q	fig4_q30_PE_cutadapt_unite_blast_top1_rescue_4Q	QIAamp	4	mock_only	UNITE+RefSeq BLAST	RefSeq_BLAST	Cutadapt	PE	Aspergillus_g	0
fig4_q30_PE_cutadapt_unite_blast_top1_rescue	4Q	fig4_q30_PE_cutadapt_unite_blast_top1_rescue_4Q	QIAamp	4	mock_only	UNITE+RefSeq BLAST	RefSeq_BLAST	Cutadapt	PE	Cryptococcus_gattii	0
fig4_q30_PE_cutadapt_unite_blast_top1_rescue	4Q	fig4_q30_PE_cutadapt_unite_blast_top1_rescue_4Q	QIAamp	4	mock_only	UNITE+RefSeq BLAST	RefSeq_BLAST	Cutadapt	PE	Cryptococcus_neoformans	0.1465976883978401
fig4_q30_PE_cutadapt_unite_blast_top1_rescue	4Q	fig4_q30_PE_cutadapt_unite_blast_top1_rescue_4Q	QIAamp	4	mock_only	UNITE+RefSeq BLAST	RefSeq_BLAST	Cutadapt	PE	Trichophyton_interdigitale	0
fig4_q30_PE_cutadapt_unite_blast_top1_rescue	4Q	fig4_q30_PE_cutadapt_unite_blast_top1_rescue_4Q	QIAamp	4	mock_only	UNITE+RefSeq BLAST	RefSeq_BLAST	Cutadapt	PE	Trichophyton_mentagrophytes	0.0064412420616502715
fig4_q30_PE_cutadapt_unite_blast_top1_rescue	4Q	fig4_q30_PE_cutadapt_unite_blast_top1_rescue_4Q	QIAamp	4	mock_only	UNITE+RefSeq BLAST	RefSeq_BLAST	Cutadapt	PE	Penicillium_chrysogenum	0.1258023251865017
fig4_q30_PE_cutadapt_unite_blast_top1_rescue	4Q	fig4_q30_PE_cutadapt_unite_blast_top1_rescue_4Q	QIAamp	4	mock_only	UNITE+RefSeq BLAST	RefSeq_BLAST	Cutadapt	PE	Penicillium_flavigenum	0
fig4_q30_PE_cutadapt_unite_blast_top1_rescue	4Q	fig4_q30_PE_cutadapt_unite_blast_top1_rescue_4Q	QIAamp	4	mock_only	UNITE+RefSeq BLAST	RefSeq_BLAST	Cutadapt	PE	Penicillium_g	0
fig4_q30_PE_cutadapt_unite_blast_top1_rescue	4Q	fig4_q30_PE_cutadapt_unite_blast_top1_rescue_4Q	QIAamp	4	mock_only	UNITE+RefSeq BLAST	RefSeq_BLAST	Cutadapt	PE	Fusarium_g	0
fig4_q30_PE_cutadapt_unite_blast_top1_rescue	4Q	fig4_q30_PE_cutadapt_unite_blast_top1_rescue_4Q	QIAamp	4	mock_only	UNITE+RefSeq BLAST	RefSeq_BLAST	Cutadapt	PE	Fusarium_keratoplasticum	0.002173494685126278
fig4_q30_PE_cutadapt_unite_blast_top1_rescue	4Q	fig4_q30_PE_cutadapt_unite_blast_top1_rescue_4Q	QIAamp	4	mock_only	UNITE+RefSeq BLAST	RefSeq_BLAST	Cutadapt	PE	Candida_africana	2.1508541154895456e-4
fig4_q30_PE_cutadapt_unite_blast_top1_rescue	4Q	fig4_q30_PE_cutadapt_unite_blast_top1_rescue_4Q	QIAamp	4	mock_only	UNITE+RefSeq BLAST	RefSeq_BLAST	Cutadapt	PE	Candida_albicans	0.28021101010901434
fig4_q30_PE_cutadapt_unite_blast_top1_rescue	4Q	fig4_q30_PE_cutadapt_unite_blast_top1_rescue_4Q	QIAamp	4	mock_only	UNITE+RefSeq BLAST	RefSeq_BLAST	Cutadapt	PE	Candida_g	0
fig4_q30_PE_cutadapt_unite_blast_top1_rescue	4Q	fig4_q30_PE_cutadapt_unite_blast_top1_rescue_4Q	QIAamp	4	mock_only	UNITE+RefSeq BLAST	RefSeq_BLAST	Cutadapt	PE	Candida_tropicalis	0
fig4_q30_PE_cutadapt_unite_blast_top1_rescue	4Q	fig4_q30_PE_cutadapt_unite_blast_top1_rescue_4Q	QIAamp	4	mock_only	UNITE+RefSeq BLAST	RefSeq_BLAST	Cutadapt	PE	Nakaseomyces_glabratus	0.11160668802427069
fig4_q30_PE_cutadapt_unite_blast_top1_rescue	4Q	fig4_q30_PE_cutadapt_unite_blast_top1_rescue_4Q	QIAamp	4	mock_only	UNITE+RefSeq BLAST	RefSeq_BLAST	Cutadapt	PE	Malassezia_g	0
fig4_q30_PE_cutadapt_unite_blast_top1_rescue	4Q	fig4_q30_PE_cutadapt_unite_blast_top1_rescue_4Q	QIAamp	4	mock_only	UNITE+RefSeq BLAST	RefSeq_BLAST	Cutadapt	PE	Malassezia_globosa	0
fig4_q30_PE_cutadapt_unite_blast_top1_rescue	4Q	fig4_q30_PE_cutadapt_unite_blast_top1_rescue_4Q	QIAamp	4	mock_only	UNITE+RefSeq BLAST	RefSeq_BLAST	Cutadapt	PE	Saccharomyces_arboricola	0
fig4_q30_PE_cutadapt_unite_blast_top1_rescue	4Q	fig4_q30_PE_cutadapt_unite_blast_top1_rescue_4Q	QIAamp	4	mock_only	UNITE+RefSeq BLAST	RefSeq_BLAST	Cutadapt	PE	Saccharomyces_cerevisiae	0.04221334208768693
fig4_q30_PE_cutadapt_unite_blast_top1_rescue	4Q	fig4_q30_PE_cutadapt_unite_blast_top1_rescue_4Q	QIAamp	4	mock_only	UNITE+RefSeq BLAST	RefSeq_BLAST	Cutadapt	PE	Saccharomyces_g	0
fig4_q30_PE_cutadapt_unite_blast_top1_rescue	4Q	fig4_q30_PE_cutadapt_unite_blast_top1_rescue_4Q	QIAamp	4	mock_only	UNITE+RefSeq BLAST	RefSeq_BLAST	Cutadapt	PE	Saccharomyces_uvarum	5.660142409183015e-5
fig4_q30_PE_cutadapt_unite_blast_top1_rescue	4Q	fig4_q30_PE_cutadapt_unite_blast_top1_rescue_4Q	QIAamp	4	mock_only	UNITE+RefSeq BLAST	RefSeq_BLAST	Cutadapt	PE	Cutaneotrichosporon_dermatis	1.132028481836603e-4
fig4_q30_PE_cutadapt_unite_blast_top1_rescue	4Q	fig4_q30_PE_cutadapt_unite_blast_top1_rescue_4Q	QIAamp	4	mock_only	UNITE+RefSeq BLAST	RefSeq_BLAST	Cutadapt	PE	Cutaneotrichosporon_g	0
fig4_q30_PE_cutadapt_unite_blast_top1_rescue	4Q	fig4_q30_PE_cutadapt_unite_blast_top1_rescue_4Q	QIAamp	4	mock_only	UNITE+RefSeq BLAST	RefSeq_BLAST	Cutadapt	PE	Cutaneotrichosporon_mucoides	0.25057450445453205
fig4_q30_PE_cutadapt_unite_blast_top1_rescue	4Q	fig4_q30_PE_cutadapt_unite_blast_top1_rescue_4Q	QIAamp	4	mock_only	UNITE+RefSeq BLAST	RefSeq_BLAST	Cutadapt	PE	Other	1.0188256336529427e-4
fig4_q30_PE_cutadapt_unite_blast_top1_rescue	4Z	fig4_q30_PE_cutadapt_unite_blast_top1_rescue_4Z	Zymo	4	mock_only	Mock type-strain BLAST	Mock_type_reference_BLAST	Cutadapt	PE	Aspergillus_fumigatus	0.025017676058384262
fig4_q30_PE_cutadapt_unite_blast_top1_rescue	4Z	fig4_q30_PE_cutadapt_unite_blast_top1_rescue_4Z	Zymo	4	mock_only	Mock type-strain BLAST	Mock_type_reference_BLAST	Cutadapt	PE	Aspergillus_g	0
fig4_q30_PE_cutadapt_unite_blast_top1_rescue	4Z	fig4_q30_PE_cutadapt_unite_blast_top1_rescue_4Z	Zymo	4	mock_only	Mock type-strain BLAST	Mock_type_reference_BLAST	Cutadapt	PE	Cryptococcus_gattii	0
fig4_q30_PE_cutadapt_unite_blast_top1_rescue	4Z	fig4_q30_PE_cutadapt_unite_blast_top1_rescue_4Z	Zymo	4	mock_only	Mock type-strain BLAST	Mock_type_reference_BLAST	Cutadapt	PE	Cryptococcus_neoformans	0.14824643815316668
fig4_q30_PE_cutadapt_unite_blast_top1_rescue	4Z	fig4_q30_PE_cutadapt_unite_blast_top1_rescue_4Z	Zymo	4	mock_only	Mock type-strain BLAST	Mock_type_reference_BLAST	Cutadapt	PE	Trichophyton_interdigitale	0.003515840653965733
fig4_q30_PE_cutadapt_unite_blast_top1_rescue	4Z	fig4_q30_PE_cutadapt_unite_blast_top1_rescue_4Z	Zymo	4	mock_only	Mock type-strain BLAST	Mock_type_reference_BLAST	Cutadapt	PE	Trichophyton_mentagrophytes	0
fig4_q30_PE_cutadapt_unite_blast_top1_rescue	4Z	fig4_q30_PE_cutadapt_unite_blast_top1_rescue_4Z	Zymo	4	mock_only	Mock type-strain BLAST	Mock_type_reference_BLAST	Cutadapt	PE	Penicillium_chrysogenum	0.11641016203860645
fig4_q30_PE_cutadapt_unite_blast_top1_rescue	4Z	fig4_q30_PE_cutadapt_unite_blast_top1_rescue_4Z	Zymo	4	mock_only	Mock type-strain BLAST	Mock_type_reference_BLAST	Cutadapt	PE	Penicillium_flavigenum	0
fig4_q30_PE_cutadapt_unite_blast_top1_rescue	4Z	fig4_q30_PE_cutadapt_unite_blast_top1_rescue_4Z	Zymo	4	mock_only	Mock type-strain BLAST	Mock_type_reference_BLAST	Cutadapt	PE	Penicillium_g	0
fig4_q30_PE_cutadapt_unite_blast_top1_rescue	4Z	fig4_q30_PE_cutadapt_unite_blast_top1_rescue_4Z	Zymo	4	mock_only	Mock type-strain BLAST	Mock_type_reference_BLAST	Cutadapt	PE	Fusarium_g	0
fig4_q30_PE_cutadapt_unite_blast_top1_rescue	4Z	fig4_q30_PE_cutadapt_unite_blast_top1_rescue_4Z	Zymo	4	mock_only	Mock type-strain BLAST	Mock_type_reference_BLAST	Cutadapt	PE	Fusarium_keratoplasticum	0.0020920704717812626
fig4_q30_PE_cutadapt_unite_blast_top1_rescue	4Z	fig4_q30_PE_cutadapt_unite_blast_top1_rescue_4Z	Zymo	4	mock_only	Mock type-strain BLAST	Mock_type_reference_BLAST	Cutadapt	PE	Candida_africana	0
fig4_q30_PE_cutadapt_unite_blast_top1_rescue	4Z	fig4_q30_PE_cutadapt_unite_blast_top1_rescue_4Z	Zymo	4	mock_only	Mock type-strain BLAST	Mock_type_reference_BLAST	Cutadapt	PE	Candida_albicans	0.31685182136042694
fig4_q30_PE_cutadapt_unite_blast_top1_rescue	4Z	fig4_q30_PE_cutadapt_unite_blast_top1_rescue_4Z	Zymo	4	mock_only	Mock type-strain BLAST	Mock_type_reference_BLAST	Cutadapt	PE	Candida_g	0
fig4_q30_PE_cutadapt_unite_blast_top1_rescue	4Z	fig4_q30_PE_cutadapt_unite_blast_top1_rescue_4Z	Zymo	4	mock_only	Mock type-strain BLAST	Mock_type_reference_BLAST	Cutadapt	PE	Candida_tropicalis	0
fig4_q30_PE_cutadapt_unite_blast_top1_rescue	4Z	fig4_q30_PE_cutadapt_unite_blast_top1_rescue_4Z	Zymo	4	mock_only	Mock type-strain BLAST	Mock_type_reference_BLAST	Cutadapt	PE	Nakaseomyces_glabratus	0.09455964822222437
fig4_q30_PE_cutadapt_unite_blast_top1_rescue	4Z	fig4_q30_PE_cutadapt_unite_blast_top1_rescue_4Z	Zymo	4	mock_only	Mock type-strain BLAST	Mock_type_reference_BLAST	Cutadapt	PE	Malassezia_g	0
fig4_q30_PE_cutadapt_unite_blast_top1_rescue	4Z	fig4_q30_PE_cutadapt_unite_blast_top1_rescue_4Z	Zymo	4	mock_only	Mock type-strain BLAST	Mock_type_reference_BLAST	Cutadapt	PE	Malassezia_globosa	3.874204577372708e-5
fig4_q30_PE_cutadapt_unite_blast_top1_rescue	4Z	fig4_q30_PE_cutadapt_unite_blast_top1_rescue_4Z	Zymo	4	mock_only	Mock type-strain BLAST	Mock_type_reference_BLAST	Cutadapt	PE	Saccharomyces_arboricola	0
fig4_q30_PE_cutadapt_unite_blast_top1_rescue	4Z	fig4_q30_PE_cutadapt_unite_blast_top1_rescue_4Z	Zymo	4	mock_only	Mock type-strain BLAST	Mock_type_reference_BLAST	Cutadapt	PE	Saccharomyces_cerevisiae	0.056263135974895156
fig4_q30_PE_cutadapt_unite_blast_top1_rescue	4Z	fig4_q30_PE_cutadapt_unite_blast_top1_rescue_4Z	Zymo	4	mock_only	Mock type-strain BLAST	Mock_type_reference_BLAST	Cutadapt	PE	Saccharomyces_g	0
fig4_q30_PE_cutadapt_unite_blast_top1_rescue	4Z	fig4_q30_PE_cutadapt_unite_blast_top1_rescue_4Z	Zymo	4	mock_only	Mock type-strain BLAST	Mock_type_reference_BLAST	Cutadapt	PE	Saccharomyces_uvarum	0
fig4_q30_PE_cutadapt_unite_blast_top1_rescue	4Z	fig4_q30_PE_cutadapt_unite_blast_top1_rescue_4Z	Zymo	4	mock_only	Mock type-strain BLAST	Mock_type_reference_BLAST	Cutadapt	PE	Cutaneotrichosporon_dermatis	0.23700446502077543
fig4_q30_PE_cutadapt_unite_blast_top1_rescue	4Z	fig4_q30_PE_cutadapt_unite_blast_top1_rescue_4Z	Zymo	4	mock_only	Mock type-strain BLAST	Mock_type_reference_BLAST	Cutadapt	PE	Cutaneotrichosporon_g	0
fig4_q30_PE_cutadapt_unite_blast_top1_rescue	4Z	fig4_q30_PE_cutadapt_unite_blast_top1_rescue_4Z	Zymo	4	mock_only	Mock type-strain BLAST	Mock_type_reference_BLAST	Cutadapt	PE	Cutaneotrichosporon_mucoides	0
fig4_q30_PE_cutadapt_unite_blast_top1_rescue	4Z	fig4_q30_PE_cutadapt_unite_blast_top1_rescue_4Z	Zymo	4	mock_only	Mock type-strain BLAST	Mock_type_reference_BLAST	Cutadapt	PE	Other	0
fig4_q30_PE_cutadapt_unite_blast_top1_rescue	4Z	fig4_q30_PE_cutadapt_unite_blast_top1_rescue_4Z	Zymo	4	mock_only	UNITE	No_BLAST	Cutadapt	PE	Aspergillus_fumigatus	0.025017676058384262
fig4_q30_PE_cutadapt_unite_blast_top1_rescue	4Z	fig4_q30_PE_cutadapt_unite_blast_top1_rescue_4Z	Zymo	4	mock_only	UNITE	No_BLAST	Cutadapt	PE	Aspergillus_g	0
fig4_q30_PE_cutadapt_unite_blast_top1_rescue	4Z	fig4_q30_PE_cutadapt_unite_blast_top1_rescue_4Z	Zymo	4	mock_only	UNITE	No_BLAST	Cutadapt	PE	Cryptococcus_gattii	0
fig4_q30_PE_cutadapt_unite_blast_top1_rescue	4Z	fig4_q30_PE_cutadapt_unite_blast_top1_rescue_4Z	Zymo	4	mock_only	UNITE	No_BLAST	Cutadapt	PE	Cryptococcus_neoformans	0.1481592685501758
fig4_q30_PE_cutadapt_unite_blast_top1_rescue	4Z	fig4_q30_PE_cutadapt_unite_blast_top1_rescue_4Z	Zymo	4	mock_only	UNITE	No_BLAST	Cutadapt	PE	Trichophyton_interdigitale	0
fig4_q30_PE_cutadapt_unite_blast_top1_rescue	4Z	fig4_q30_PE_cutadapt_unite_blast_top1_rescue_4Z	Zymo	4	mock_only	UNITE	No_BLAST	Cutadapt	PE	Trichophyton_mentagrophytes	0.003515840653965733
fig4_q30_PE_cutadapt_unite_blast_top1_rescue	4Z	fig4_q30_PE_cutadapt_unite_blast_top1_rescue_4Z	Zymo	4	mock_only	UNITE	No_BLAST	Cutadapt	PE	Penicillium_chrysogenum	0
fig4_q30_PE_cutadapt_unite_blast_top1_rescue	4Z	fig4_q30_PE_cutadapt_unite_blast_top1_rescue_4Z	Zymo	4	mock_only	UNITE	No_BLAST	Cutadapt	PE	Penicillium_flavigenum	0
fig4_q30_PE_cutadapt_unite_blast_top1_rescue	4Z	fig4_q30_PE_cutadapt_unite_blast_top1_rescue_4Z	Zymo	4	mock_only	UNITE	No_BLAST	Cutadapt	PE	Penicillium_g	0
fig4_q30_PE_cutadapt_unite_blast_top1_rescue	4Z	fig4_q30_PE_cutadapt_unite_blast_top1_rescue_4Z	Zymo	4	mock_only	UNITE	No_BLAST	Cutadapt	PE	Fusarium_g	0
fig4_q30_PE_cutadapt_unite_blast_top1_rescue	4Z	fig4_q30_PE_cutadapt_unite_blast_top1_rescue_4Z	Zymo	4	mock_only	UNITE	No_BLAST	Cutadapt	PE	Fusarium_keratoplasticum	0
fig4_q30_PE_cutadapt_unite_blast_top1_rescue	4Z	fig4_q30_PE_cutadapt_unite_blast_top1_rescue_4Z	Zymo	4	mock_only	UNITE	No_BLAST	Cutadapt	PE	Candida_africana	0
fig4_q30_PE_cutadapt_unite_blast_top1_rescue	4Z	fig4_q30_PE_cutadapt_unite_blast_top1_rescue_4Z	Zymo	4	mock_only	UNITE	No_BLAST	Cutadapt	PE	Candida_albicans	0.31664842562011486
fig4_q30_PE_cutadapt_unite_blast_top1_rescue	4Z	fig4_q30_PE_cutadapt_unite_blast_top1_rescue_4Z	Zymo	4	mock_only	UNITE	No_BLAST	Cutadapt	PE	Candida_g	0
fig4_q30_PE_cutadapt_unite_blast_top1_rescue	4Z	fig4_q30_PE_cutadapt_unite_blast_top1_rescue_4Z	Zymo	4	mock_only	UNITE	No_BLAST	Cutadapt	PE	Candida_tropicalis	0
fig4_q30_PE_cutadapt_unite_blast_top1_rescue	4Z	fig4_q30_PE_cutadapt_unite_blast_top1_rescue_4Z	Zymo	4	mock_only	UNITE	No_BLAST	Cutadapt	PE	Nakaseomyces_glabratus	0.09451122066500721
fig4_q30_PE_cutadapt_unite_blast_top1_rescue	4Z	fig4_q30_PE_cutadapt_unite_blast_top1_rescue_4Z	Zymo	4	mock_only	UNITE	No_BLAST	Cutadapt	PE	Malassezia_g	0
fig4_q30_PE_cutadapt_unite_blast_top1_rescue	4Z	fig4_q30_PE_cutadapt_unite_blast_top1_rescue_4Z	Zymo	4	mock_only	UNITE	No_BLAST	Cutadapt	PE	Malassezia_globosa	0
fig4_q30_PE_cutadapt_unite_blast_top1_rescue	4Z	fig4_q30_PE_cutadapt_unite_blast_top1_rescue_4Z	Zymo	4	mock_only	UNITE	No_BLAST	Cutadapt	PE	Saccharomyces_arboricola	0
fig4_q30_PE_cutadapt_unite_blast_top1_rescue	4Z	fig4_q30_PE_cutadapt_unite_blast_top1_rescue_4Z	Zymo	4	mock_only	UNITE	No_BLAST	Cutadapt	PE	Saccharomyces_cerevisiae	0.056263135974895156
fig4_q30_PE_cutadapt_unite_blast_top1_rescue	4Z	fig4_q30_PE_cutadapt_unite_blast_top1_rescue_4Z	Zymo	4	mock_only	UNITE	No_BLAST	Cutadapt	PE	Saccharomyces_g	0
fig4_q30_PE_cutadapt_unite_blast_top1_rescue	4Z	fig4_q30_PE_cutadapt_unite_blast_top1_rescue_4Z	Zymo	4	mock_only	UNITE	No_BLAST	Cutadapt	PE	Saccharomyces_uvarum	0
fig4_q30_PE_cutadapt_unite_blast_top1_rescue	4Z	fig4_q30_PE_cutadapt_unite_blast_top1_rescue_4Z	Zymo	4	mock_only	UNITE	No_BLAST	Cutadapt	PE	Cutaneotrichosporon_dermatis	0
fig4_q30_PE_cutadapt_unite_blast_top1_rescue	4Z	fig4_q30_PE_cutadapt_unite_blast_top1_rescue_4Z	Zymo	4	mock_only	UNITE	No_BLAST	Cutadapt	PE	Cutaneotrichosporon_g	0
fig4_q30_PE_cutadapt_unite_blast_top1_rescue	4Z	fig4_q30_PE_cutadapt_unite_blast_top1_rescue_4Z	Zymo	4	mock_only	UNITE	No_BLAST	Cutadapt	PE	Cutaneotrichosporon_mucoides	0.2369076099063411
fig4_q30_PE_cutadapt_unite_blast_top1_rescue	4Z	fig4_q30_PE_cutadapt_unite_blast_top1_rescue_4Z	Zymo	4	mock_only	UNITE	No_BLAST	Cutadapt	PE	Other	0.11897682257111587
fig4_q30_PE_cutadapt_unite_blast_top1_rescue	4Z	fig4_q30_PE_cutadapt_unite_blast_top1_rescue_4Z	Zymo	4	mock_only	UNITE+RefSeq BLAST	RefSeq_BLAST	Cutadapt	PE	Aspergillus_fumigatus	0.025017676058384262
fig4_q30_PE_cutadapt_unite_blast_top1_rescue	4Z	fig4_q30_PE_cutadapt_unite_blast_top1_rescue_4Z	Zymo	4	mock_only	UNITE+RefSeq BLAST	RefSeq_BLAST	Cutadapt	PE	Aspergillus_g	0
fig4_q30_PE_cutadapt_unite_blast_top1_rescue	4Z	fig4_q30_PE_cutadapt_unite_blast_top1_rescue_4Z	Zymo	4	mock_only	UNITE+RefSeq BLAST	RefSeq_BLAST	Cutadapt	PE	Cryptococcus_gattii	8.716960299088593e-5
fig4_q30_PE_cutadapt_unite_blast_top1_rescue	4Z	fig4_q30_PE_cutadapt_unite_blast_top1_rescue_4Z	Zymo	4	mock_only	UNITE+RefSeq BLAST	RefSeq_BLAST	Cutadapt	PE	Cryptococcus_neoformans	0.1481592685501758
fig4_q30_PE_cutadapt_unite_blast_top1_rescue	4Z	fig4_q30_PE_cutadapt_unite_blast_top1_rescue_4Z	Zymo	4	mock_only	UNITE+RefSeq BLAST	RefSeq_BLAST	Cutadapt	PE	Trichophyton_interdigitale	0
fig4_q30_PE_cutadapt_unite_blast_top1_rescue	4Z	fig4_q30_PE_cutadapt_unite_blast_top1_rescue_4Z	Zymo	4	mock_only	UNITE+RefSeq BLAST	RefSeq_BLAST	Cutadapt	PE	Trichophyton_mentagrophytes	0.003515840653965733
fig4_q30_PE_cutadapt_unite_blast_top1_rescue	4Z	fig4_q30_PE_cutadapt_unite_blast_top1_rescue_4Z	Zymo	4	mock_only	UNITE+RefSeq BLAST	RefSeq_BLAST	Cutadapt	PE	Penicillium_chrysogenum	0.11641016203860645
fig4_q30_PE_cutadapt_unite_blast_top1_rescue	4Z	fig4_q30_PE_cutadapt_unite_blast_top1_rescue_4Z	Zymo	4	mock_only	UNITE+RefSeq BLAST	RefSeq_BLAST	Cutadapt	PE	Penicillium_flavigenum	0
fig4_q30_PE_cutadapt_unite_blast_top1_rescue	4Z	fig4_q30_PE_cutadapt_unite_blast_top1_rescue_4Z	Zymo	4	mock_only	UNITE+RefSeq BLAST	RefSeq_BLAST	Cutadapt	PE	Penicillium_g	0
fig4_q30_PE_cutadapt_unite_blast_top1_rescue	4Z	fig4_q30_PE_cutadapt_unite_blast_top1_rescue_4Z	Zymo	4	mock_only	UNITE+RefSeq BLAST	RefSeq_BLAST	Cutadapt	PE	Fusarium_g	0
fig4_q30_PE_cutadapt_unite_blast_top1_rescue	4Z	fig4_q30_PE_cutadapt_unite_blast_top1_rescue_4Z	Zymo	4	mock_only	UNITE+RefSeq BLAST	RefSeq_BLAST	Cutadapt	PE	Fusarium_keratoplasticum	0.0020920704717812626
fig4_q30_PE_cutadapt_unite_blast_top1_rescue	4Z	fig4_q30_PE_cutadapt_unite_blast_top1_rescue_4Z	Zymo	4	mock_only	UNITE+RefSeq BLAST	RefSeq_BLAST	Cutadapt	PE	Candida_africana	2.0339574031206717e-4
fig4_q30_PE_cutadapt_unite_blast_top1_rescue	4Z	fig4_q30_PE_cutadapt_unite_blast_top1_rescue_4Z	Zymo	4	mock_only	UNITE+RefSeq BLAST	RefSeq_BLAST	Cutadapt	PE	Candida_albicans	0.31664842562011486
fig4_q30_PE_cutadapt_unite_blast_top1_rescue	4Z	fig4_q30_PE_cutadapt_unite_blast_top1_rescue_4Z	Zymo	4	mock_only	UNITE+RefSeq BLAST	RefSeq_BLAST	Cutadapt	PE	Candida_g	0
fig4_q30_PE_cutadapt_unite_blast_top1_rescue	4Z	fig4_q30_PE_cutadapt_unite_blast_top1_rescue_4Z	Zymo	4	mock_only	UNITE+RefSeq BLAST	RefSeq_BLAST	Cutadapt	PE	Candida_tropicalis	0
fig4_q30_PE_cutadapt_unite_blast_top1_rescue	4Z	fig4_q30_PE_cutadapt_unite_blast_top1_rescue_4Z	Zymo	4	mock_only	UNITE+RefSeq BLAST	RefSeq_BLAST	Cutadapt	PE	Nakaseomyces_glabratus	0.09451122066500721
fig4_q30_PE_cutadapt_unite_blast_top1_rescue	4Z	fig4_q30_PE_cutadapt_unite_blast_top1_rescue_4Z	Zymo	4	mock_only	UNITE+RefSeq BLAST	RefSeq_BLAST	Cutadapt	PE	Malassezia_g	0
fig4_q30_PE_cutadapt_unite_blast_top1_rescue	4Z	fig4_q30_PE_cutadapt_unite_blast_top1_rescue_4Z	Zymo	4	mock_only	UNITE+RefSeq BLAST	RefSeq_BLAST	Cutadapt	PE	Malassezia_globosa	0
fig4_q30_PE_cutadapt_unite_blast_top1_rescue	4Z	fig4_q30_PE_cutadapt_unite_blast_top1_rescue_4Z	Zymo	4	mock_only	UNITE+RefSeq BLAST	RefSeq_BLAST	Cutadapt	PE	Saccharomyces_arboricola	0
fig4_q30_PE_cutadapt_unite_blast_top1_rescue	4Z	fig4_q30_PE_cutadapt_unite_blast_top1_rescue_4Z	Zymo	4	mock_only	UNITE+RefSeq BLAST	RefSeq_BLAST	Cutadapt	PE	Saccharomyces_cerevisiae	0.056263135974895156
fig4_q30_PE_cutadapt_unite_blast_top1_rescue	4Z	fig4_q30_PE_cutadapt_unite_blast_top1_rescue_4Z	Zymo	4	mock_only	UNITE+RefSeq BLAST	RefSeq_BLAST	Cutadapt	PE	Saccharomyces_g	0
fig4_q30_PE_cutadapt_unite_blast_top1_rescue	4Z	fig4_q30_PE_cutadapt_unite_blast_top1_rescue_4Z	Zymo	4	mock_only	UNITE+RefSeq BLAST	RefSeq_BLAST	Cutadapt	PE	Saccharomyces_uvarum	0
fig4_q30_PE_cutadapt_unite_blast_top1_rescue	4Z	fig4_q30_PE_cutadapt_unite_blast_top1_rescue_4Z	Zymo	4	mock_only	UNITE+RefSeq BLAST	RefSeq_BLAST	Cutadapt	PE	Cutaneotrichosporon_dermatis	9.68551144343177e-5
fig4_q30_PE_cutadapt_unite_blast_top1_rescue	4Z	fig4_q30_PE_cutadapt_unite_blast_top1_rescue_4Z	Zymo	4	mock_only	UNITE+RefSeq BLAST	RefSeq_BLAST	Cutadapt	PE	Cutaneotrichosporon_g	0
fig4_q30_PE_cutadapt_unite_blast_top1_rescue	4Z	fig4_q30_PE_cutadapt_unite_blast_top1_rescue_4Z	Zymo	4	mock_only	UNITE+RefSeq BLAST	RefSeq_BLAST	Cutadapt	PE	Cutaneotrichosporon_mucoides	0.2369076099063411
fig4_q30_PE_cutadapt_unite_blast_top1_rescue	4Z	fig4_q30_PE_cutadapt_unite_blast_top1_rescue_4Z	Zymo	4	mock_only	UNITE+RefSeq BLAST	RefSeq_BLAST	Cutadapt	PE	Other	8.716960299088593e-5
fig4_q30_PE_itsxpress_unite_blast_top1_rescue	1D	fig4_q30_PE_itsxpress_unite_blast_top1_rescue_1D	DNeasy	1	mock_only	Mock type-strain BLAST	Mock_type_reference_BLAST	ITSxpress	PE	Aspergillus_fumigatus	0.035453495215467444
fig4_q30_PE_itsxpress_unite_blast_top1_rescue	1D	fig4_q30_PE_itsxpress_unite_blast_top1_rescue_1D	DNeasy	1	mock_only	Mock type-strain BLAST	Mock_type_reference_BLAST	ITSxpress	PE	Aspergillus_g	0
fig4_q30_PE_itsxpress_unite_blast_top1_rescue	1D	fig4_q30_PE_itsxpress_unite_blast_top1_rescue_1D	DNeasy	1	mock_only	Mock type-strain BLAST	Mock_type_reference_BLAST	ITSxpress	PE	Cryptococcus_gattii	0
fig4_q30_PE_itsxpress_unite_blast_top1_rescue	1D	fig4_q30_PE_itsxpress_unite_blast_top1_rescue_1D	DNeasy	1	mock_only	Mock type-strain BLAST	Mock_type_reference_BLAST	ITSxpress	PE	Cryptococcus_neoformans	0.13961244196438302
fig4_q30_PE_itsxpress_unite_blast_top1_rescue	1D	fig4_q30_PE_itsxpress_unite_blast_top1_rescue_1D	DNeasy	1	mock_only	Mock type-strain BLAST	Mock_type_reference_BLAST	ITSxpress	PE	Trichophyton_interdigitale	0.0046537480654794345
fig4_q30_PE_itsxpress_unite_blast_top1_rescue	1D	fig4_q30_PE_itsxpress_unite_blast_top1_rescue_1D	DNeasy	1	mock_only	Mock type-strain BLAST	Mock_type_reference_BLAST	ITSxpress	PE	Trichophyton_mentagrophytes	0
fig4_q30_PE_itsxpress_unite_blast_top1_rescue	1D	fig4_q30_PE_itsxpress_unite_blast_top1_rescue_1D	DNeasy	1	mock_only	Mock type-strain BLAST	Mock_type_reference_BLAST	ITSxpress	PE	Penicillium_chrysogenum	0.13439196111341195
fig4_q30_PE_itsxpress_unite_blast_top1_rescue	1D	fig4_q30_PE_itsxpress_unite_blast_top1_rescue_1D	DNeasy	1	mock_only	Mock type-strain BLAST	Mock_type_reference_BLAST	ITSxpress	PE	Penicillium_flavigenum	0
fig4_q30_PE_itsxpress_unite_blast_top1_rescue	1D	fig4_q30_PE_itsxpress_unite_blast_top1_rescue_1D	DNeasy	1	mock_only	Mock type-strain BLAST	Mock_type_reference_BLAST	ITSxpress	PE	Penicillium_g	0
fig4_q30_PE_itsxpress_unite_blast_top1_rescue	1D	fig4_q30_PE_itsxpress_unite_blast_top1_rescue_1D	DNeasy	1	mock_only	Mock type-strain BLAST	Mock_type_reference_BLAST	ITSxpress	PE	Fusarium_g	0
fig4_q30_PE_itsxpress_unite_blast_top1_rescue	1D	fig4_q30_PE_itsxpress_unite_blast_top1_rescue_1D	DNeasy	1	mock_only	Mock type-strain BLAST	Mock_type_reference_BLAST	ITSxpress	PE	Fusarium_keratoplasticum	0.0018309828454345315
fig4_q30_PE_itsxpress_unite_blast_top1_rescue	1D	fig4_q30_PE_itsxpress_unite_blast_top1_rescue_1D	DNeasy	1	mock_only	Mock type-strain BLAST	Mock_type_reference_BLAST	ITSxpress	PE	Candida_africana	0
fig4_q30_PE_itsxpress_unite_blast_top1_rescue	1D	fig4_q30_PE_itsxpress_unite_blast_top1_rescue_1D	DNeasy	1	mock_only	Mock type-strain BLAST	Mock_type_reference_BLAST	ITSxpress	PE	Candida_albicans	0.2874425093183948
fig4_q30_PE_itsxpress_unite_blast_top1_rescue	1D	fig4_q30_PE_itsxpress_unite_blast_top1_rescue_1D	DNeasy	1	mock_only	Mock type-strain BLAST	Mock_type_reference_BLAST	ITSxpress	PE	Candida_g	0
fig4_q30_PE_itsxpress_unite_blast_top1_rescue	1D	fig4_q30_PE_itsxpress_unite_blast_top1_rescue_1D	DNeasy	1	mock_only	Mock type-strain BLAST	Mock_type_reference_BLAST	ITSxpress	PE	Candida_tropicalis	0
fig4_q30_PE_itsxpress_unite_blast_top1_rescue	1D	fig4_q30_PE_itsxpress_unite_blast_top1_rescue_1D	DNeasy	1	mock_only	Mock type-strain BLAST	Mock_type_reference_BLAST	ITSxpress	PE	Nakaseomyces_glabratus	0.10929223794058025
fig4_q30_PE_itsxpress_unite_blast_top1_rescue	1D	fig4_q30_PE_itsxpress_unite_blast_top1_rescue_1D	DNeasy	1	mock_only	Mock type-strain BLAST	Mock_type_reference_BLAST	ITSxpress	PE	Malassezia_g	0
fig4_q30_PE_itsxpress_unite_blast_top1_rescue	1D	fig4_q30_PE_itsxpress_unite_blast_top1_rescue_1D	DNeasy	1	mock_only	Mock type-strain BLAST	Mock_type_reference_BLAST	ITSxpress	PE	Malassezia_globosa	0
fig4_q30_PE_itsxpress_unite_blast_top1_rescue	1D	fig4_q30_PE_itsxpress_unite_blast_top1_rescue_1D	DNeasy	1	mock_only	Mock type-strain BLAST	Mock_type_reference_BLAST	ITSxpress	PE	Saccharomyces_arboricola	0
fig4_q30_PE_itsxpress_unite_blast_top1_rescue	1D	fig4_q30_PE_itsxpress_unite_blast_top1_rescue_1D	DNeasy	1	mock_only	Mock type-strain BLAST	Mock_type_reference_BLAST	ITSxpress	PE	Saccharomyces_cerevisiae	0.06070580029208536
fig4_q30_PE_itsxpress_unite_blast_top1_rescue	1D	fig4_q30_PE_itsxpress_unite_blast_top1_rescue_1D	DNeasy	1	mock_only	Mock type-strain BLAST	Mock_type_reference_BLAST	ITSxpress	PE	Saccharomyces_g	0
fig4_q30_PE_itsxpress_unite_blast_top1_rescue	1D	fig4_q30_PE_itsxpress_unite_blast_top1_rescue_1D	DNeasy	1	mock_only	Mock type-strain BLAST	Mock_type_reference_BLAST	ITSxpress	PE	Saccharomyces_uvarum	0
fig4_q30_PE_itsxpress_unite_blast_top1_rescue	1D	fig4_q30_PE_itsxpress_unite_blast_top1_rescue_1D	DNeasy	1	mock_only	Mock type-strain BLAST	Mock_type_reference_BLAST	ITSxpress	PE	Cutaneotrichosporon_dermatis	0.22661682324476318
fig4_q30_PE_itsxpress_unite_blast_top1_rescue	1D	fig4_q30_PE_itsxpress_unite_blast_top1_rescue_1D	DNeasy	1	mock_only	Mock type-strain BLAST	Mock_type_reference_BLAST	ITSxpress	PE	Cutaneotrichosporon_g	0
fig4_q30_PE_itsxpress_unite_blast_top1_rescue	1D	fig4_q30_PE_itsxpress_unite_blast_top1_rescue_1D	DNeasy	1	mock_only	Mock type-strain BLAST	Mock_type_reference_BLAST	ITSxpress	PE	Cutaneotrichosporon_mucoides	0
fig4_q30_PE_itsxpress_unite_blast_top1_rescue	1D	fig4_q30_PE_itsxpress_unite_blast_top1_rescue_1D	DNeasy	1	mock_only	Mock type-strain BLAST	Mock_type_reference_BLAST	ITSxpress	PE	Other	0
fig4_q30_PE_itsxpress_unite_blast_top1_rescue	1D	fig4_q30_PE_itsxpress_unite_blast_top1_rescue_1D	DNeasy	1	mock_only	UNITE	No_BLAST	ITSxpress	PE	Aspergillus_fumigatus	0.035453495215467444
fig4_q30_PE_itsxpress_unite_blast_top1_rescue	1D	fig4_q30_PE_itsxpress_unite_blast_top1_rescue_1D	DNeasy	1	mock_only	UNITE	No_BLAST	ITSxpress	PE	Aspergillus_g	0
fig4_q30_PE_itsxpress_unite_blast_top1_rescue	1D	fig4_q30_PE_itsxpress_unite_blast_top1_rescue_1D	DNeasy	1	mock_only	UNITE	No_BLAST	ITSxpress	PE	Cryptococcus_gattii	0
fig4_q30_PE_itsxpress_unite_blast_top1_rescue	1D	fig4_q30_PE_itsxpress_unite_blast_top1_rescue_1D	DNeasy	1	mock_only	UNITE	No_BLAST	ITSxpress	PE	Cryptococcus_neoformans	0.13950345489025
fig4_q30_PE_itsxpress_unite_blast_top1_rescue	1D	fig4_q30_PE_itsxpress_unite_blast_top1_rescue_1D	DNeasy	1	mock_only	UNITE	No_BLAST	ITSxpress	PE	Trichophyton_interdigitale	0
fig4_q30_PE_itsxpress_unite_blast_top1_rescue	1D	fig4_q30_PE_itsxpress_unite_blast_top1_rescue_1D	DNeasy	1	mock_only	UNITE	No_BLAST	ITSxpress	PE	Trichophyton_mentagrophytes	0.0046537480654794345
fig4_q30_PE_itsxpress_unite_blast_top1_rescue	1D	fig4_q30_PE_itsxpress_unite_blast_top1_rescue_1D	DNeasy	1	mock_only	UNITE	No_BLAST	ITSxpress	PE	Penicillium_chrysogenum	0
fig4_q30_PE_itsxpress_unite_blast_top1_rescue	1D	fig4_q30_PE_itsxpress_unite_blast_top1_rescue_1D	DNeasy	1	mock_only	UNITE	No_BLAST	ITSxpress	PE	Penicillium_flavigenum	0
fig4_q30_PE_itsxpress_unite_blast_top1_rescue	1D	fig4_q30_PE_itsxpress_unite_blast_top1_rescue_1D	DNeasy	1	mock_only	UNITE	No_BLAST	ITSxpress	PE	Penicillium_g	0
fig4_q30_PE_itsxpress_unite_blast_top1_rescue	1D	fig4_q30_PE_itsxpress_unite_blast_top1_rescue_1D	DNeasy	1	mock_only	UNITE	No_BLAST	ITSxpress	PE	Fusarium_g	0
fig4_q30_PE_itsxpress_unite_blast_top1_rescue	1D	fig4_q30_PE_itsxpress_unite_blast_top1_rescue_1D	DNeasy	1	mock_only	UNITE	No_BLAST	ITSxpress	PE	Fusarium_keratoplasticum	0
fig4_q30_PE_itsxpress_unite_blast_top1_rescue	1D	fig4_q30_PE_itsxpress_unite_blast_top1_rescue_1D	DNeasy	1	mock_only	UNITE	No_BLAST	ITSxpress	PE	Candida_africana	0
fig4_q30_PE_itsxpress_unite_blast_top1_rescue	1D	fig4_q30_PE_itsxpress_unite_blast_top1_rescue_1D	DNeasy	1	mock_only	UNITE	No_BLAST	ITSxpress	PE	Candida_albicans	0.28725723129236874
fig4_q30_PE_itsxpress_unite_blast_top1_rescue	1D	fig4_q30_PE_itsxpress_unite_blast_top1_rescue_1D	DNeasy	1	mock_only	UNITE	No_BLAST	ITSxpress	PE	Candida_g	0
fig4_q30_PE_itsxpress_unite_blast_top1_rescue	1D	fig4_q30_PE_itsxpress_unite_blast_top1_rescue_1D	DNeasy	1	mock_only	UNITE	No_BLAST	ITSxpress	PE	Candida_tropicalis	0
fig4_q30_PE_itsxpress_unite_blast_top1_rescue	1D	fig4_q30_PE_itsxpress_unite_blast_top1_rescue_1D	DNeasy	1	mock_only	UNITE	No_BLAST	ITSxpress	PE	Nakaseomyces_glabratus	0.10917235215903394
fig4_q30_PE_itsxpress_unite_blast_top1_rescue	1D	fig4_q30_PE_itsxpress_unite_blast_top1_rescue_1D	DNeasy	1	mock_only	UNITE	No_BLAST	ITSxpress	PE	Malassezia_g	0
fig4_q30_PE_itsxpress_unite_blast_top1_rescue	1D	fig4_q30_PE_itsxpress_unite_blast_top1_rescue_1D	DNeasy	1	mock_only	UNITE	No_BLAST	ITSxpress	PE	Malassezia_globosa	0
fig4_q30_PE_itsxpress_unite_blast_top1_rescue	1D	fig4_q30_PE_itsxpress_unite_blast_top1_rescue_1D	DNeasy	1	mock_only	UNITE	No_BLAST	ITSxpress	PE	Saccharomyces_arboricola	0
fig4_q30_PE_itsxpress_unite_blast_top1_rescue	1D	fig4_q30_PE_itsxpress_unite_blast_top1_rescue_1D	DNeasy	1	mock_only	UNITE	No_BLAST	ITSxpress	PE	Saccharomyces_cerevisiae	0.060673104169845456
fig4_q30_PE_itsxpress_unite_blast_top1_rescue	1D	fig4_q30_PE_itsxpress_unite_blast_top1_rescue_1D	DNeasy	1	mock_only	UNITE	No_BLAST	ITSxpress	PE	Saccharomyces_g	0
fig4_q30_PE_itsxpress_unite_blast_top1_rescue	1D	fig4_q30_PE_itsxpress_unite_blast_top1_rescue_1D	DNeasy	1	mock_only	UNITE	No_BLAST	ITSxpress	PE	Saccharomyces_uvarum	0
fig4_q30_PE_itsxpress_unite_blast_top1_rescue	1D	fig4_q30_PE_itsxpress_unite_blast_top1_rescue_1D	DNeasy	1	mock_only	UNITE	No_BLAST	ITSxpress	PE	Cutaneotrichosporon_dermatis	0
fig4_q30_PE_itsxpress_unite_blast_top1_rescue	1D	fig4_q30_PE_itsxpress_unite_blast_top1_rescue_1D	DNeasy	1	mock_only	UNITE	No_BLAST	ITSxpress	PE	Cutaneotrichosporon_g	0
fig4_q30_PE_itsxpress_unite_blast_top1_rescue	1D	fig4_q30_PE_itsxpress_unite_blast_top1_rescue_1D	DNeasy	1	mock_only	UNITE	No_BLAST	ITSxpress	PE	Cutaneotrichosporon_mucoides	0.22647514004839026
fig4_q30_PE_itsxpress_unite_blast_top1_rescue	1D	fig4_q30_PE_itsxpress_unite_blast_top1_rescue_1D	DNeasy	1	mock_only	UNITE	No_BLAST	ITSxpress	PE	Other	0.13681147415916473
fig4_q30_PE_itsxpress_unite_blast_top1_rescue	1D	fig4_q30_PE_itsxpress_unite_blast_top1_rescue_1D	DNeasy	1	mock_only	UNITE+RefSeq BLAST	RefSeq_BLAST	ITSxpress	PE	Aspergillus_fumigatus	0.035453495215467444
fig4_q30_PE_itsxpress_unite_blast_top1_rescue	1D	fig4_q30_PE_itsxpress_unite_blast_top1_rescue_1D	DNeasy	1	mock_only	UNITE+RefSeq BLAST	RefSeq_BLAST	ITSxpress	PE	Aspergillus_g	0
fig4_q30_PE_itsxpress_unite_blast_top1_rescue	1D	fig4_q30_PE_itsxpress_unite_blast_top1_rescue_1D	DNeasy	1	mock_only	UNITE+RefSeq BLAST	RefSeq_BLAST	ITSxpress	PE	Cryptococcus_gattii	0
fig4_q30_PE_itsxpress_unite_blast_top1_rescue	1D	fig4_q30_PE_itsxpress_unite_blast_top1_rescue_1D	DNeasy	1	mock_only	UNITE+RefSeq BLAST	RefSeq_BLAST	ITSxpress	PE	Cryptococcus_neoformans	0.13961244196438302
fig4_q30_PE_itsxpress_unite_blast_top1_rescue	1D	fig4_q30_PE_itsxpress_unite_blast_top1_rescue_1D	DNeasy	1	mock_only	UNITE+RefSeq BLAST	RefSeq_BLAST	ITSxpress	PE	Trichophyton_interdigitale	0
fig4_q30_PE_itsxpress_unite_blast_top1_rescue	1D	fig4_q30_PE_itsxpress_unite_blast_top1_rescue_1D	DNeasy	1	mock_only	UNITE+RefSeq BLAST	RefSeq_BLAST	ITSxpress	PE	Trichophyton_mentagrophytes	0.0046537480654794345
fig4_q30_PE_itsxpress_unite_blast_top1_rescue	1D	fig4_q30_PE_itsxpress_unite_blast_top1_rescue_1D	DNeasy	1	mock_only	UNITE+RefSeq BLAST	RefSeq_BLAST	ITSxpress	PE	Penicillium_chrysogenum	0.13439196111341195
fig4_q30_PE_itsxpress_unite_blast_top1_rescue	1D	fig4_q30_PE_itsxpress_unite_blast_top1_rescue_1D	DNeasy	1	mock_only	UNITE+RefSeq BLAST	RefSeq_BLAST	ITSxpress	PE	Penicillium_flavigenum	0
fig4_q30_PE_itsxpress_unite_blast_top1_rescue	1D	fig4_q30_PE_itsxpress_unite_blast_top1_rescue_1D	DNeasy	1	mock_only	UNITE+RefSeq BLAST	RefSeq_BLAST	ITSxpress	PE	Penicillium_g	0
fig4_q30_PE_itsxpress_unite_blast_top1_rescue	1D	fig4_q30_PE_itsxpress_unite_blast_top1_rescue_1D	DNeasy	1	mock_only	UNITE+RefSeq BLAST	RefSeq_BLAST	ITSxpress	PE	Fusarium_g	0
fig4_q30_PE_itsxpress_unite_blast_top1_rescue	1D	fig4_q30_PE_itsxpress_unite_blast_top1_rescue_1D	DNeasy	1	mock_only	UNITE+RefSeq BLAST	RefSeq_BLAST	ITSxpress	PE	Fusarium_keratoplasticum	0.0018309828454345315
fig4_q30_PE_itsxpress_unite_blast_top1_rescue	1D	fig4_q30_PE_itsxpress_unite_blast_top1_rescue_1D	DNeasy	1	mock_only	UNITE+RefSeq BLAST	RefSeq_BLAST	ITSxpress	PE	Candida_africana	0
fig4_q30_PE_itsxpress_unite_blast_top1_rescue	1D	fig4_q30_PE_itsxpress_unite_blast_top1_rescue_1D	DNeasy	1	mock_only	UNITE+RefSeq BLAST	RefSeq_BLAST	ITSxpress	PE	Candida_albicans	0.2874425093183948
fig4_q30_PE_itsxpress_unite_blast_top1_rescue	1D	fig4_q30_PE_itsxpress_unite_blast_top1_rescue_1D	DNeasy	1	mock_only	UNITE+RefSeq BLAST	RefSeq_BLAST	ITSxpress	PE	Candida_g	0
fig4_q30_PE_itsxpress_unite_blast_top1_rescue	1D	fig4_q30_PE_itsxpress_unite_blast_top1_rescue_1D	DNeasy	1	mock_only	UNITE+RefSeq BLAST	RefSeq_BLAST	ITSxpress	PE	Candida_tropicalis	0
fig4_q30_PE_itsxpress_unite_blast_top1_rescue	1D	fig4_q30_PE_itsxpress_unite_blast_top1_rescue_1D	DNeasy	1	mock_only	UNITE+RefSeq BLAST	RefSeq_BLAST	ITSxpress	PE	Nakaseomyces_glabratus	0.10929223794058025
fig4_q30_PE_itsxpress_unite_blast_top1_rescue	1D	fig4_q30_PE_itsxpress_unite_blast_top1_rescue_1D	DNeasy	1	mock_only	UNITE+RefSeq BLAST	RefSeq_BLAST	ITSxpress	PE	Malassezia_g	0
fig4_q30_PE_itsxpress_unite_blast_top1_rescue	1D	fig4_q30_PE_itsxpress_unite_blast_top1_rescue_1D	DNeasy	1	mock_only	UNITE+RefSeq BLAST	RefSeq_BLAST	ITSxpress	PE	Malassezia_globosa	0
fig4_q30_PE_itsxpress_unite_blast_top1_rescue	1D	fig4_q30_PE_itsxpress_unite_blast_top1_rescue_1D	DNeasy	1	mock_only	UNITE+RefSeq BLAST	RefSeq_BLAST	ITSxpress	PE	Saccharomyces_arboricola	0
fig4_q30_PE_itsxpress_unite_blast_top1_rescue	1D	fig4_q30_PE_itsxpress_unite_blast_top1_rescue_1D	DNeasy	1	mock_only	UNITE+RefSeq BLAST	RefSeq_BLAST	ITSxpress	PE	Saccharomyces_cerevisiae	0.060673104169845456
fig4_q30_PE_itsxpress_unite_blast_top1_rescue	1D	fig4_q30_PE_itsxpress_unite_blast_top1_rescue_1D	DNeasy	1	mock_only	UNITE+RefSeq BLAST	RefSeq_BLAST	ITSxpress	PE	Saccharomyces_g	3.269612223990235e-5
fig4_q30_PE_itsxpress_unite_blast_top1_rescue	1D	fig4_q30_PE_itsxpress_unite_blast_top1_rescue_1D	DNeasy	1	mock_only	UNITE+RefSeq BLAST	RefSeq_BLAST	ITSxpress	PE	Saccharomyces_uvarum	0
fig4_q30_PE_itsxpress_unite_blast_top1_rescue	1D	fig4_q30_PE_itsxpress_unite_blast_top1_rescue_1D	DNeasy	1	mock_only	UNITE+RefSeq BLAST	RefSeq_BLAST	ITSxpress	PE	Cutaneotrichosporon_dermatis	1.4168319637291018e-4
fig4_q30_PE_itsxpress_unite_blast_top1_rescue	1D	fig4_q30_PE_itsxpress_unite_blast_top1_rescue_1D	DNeasy	1	mock_only	UNITE+RefSeq BLAST	RefSeq_BLAST	ITSxpress	PE	Cutaneotrichosporon_g	0
fig4_q30_PE_itsxpress_unite_blast_top1_rescue	1D	fig4_q30_PE_itsxpress_unite_blast_top1_rescue_1D	DNeasy	1	mock_only	UNITE+RefSeq BLAST	RefSeq_BLAST	ITSxpress	PE	Cutaneotrichosporon_mucoides	0.22647514004839026
fig4_q30_PE_itsxpress_unite_blast_top1_rescue	1D	fig4_q30_PE_itsxpress_unite_blast_top1_rescue_1D	DNeasy	1	mock_only	UNITE+RefSeq BLAST	RefSeq_BLAST	ITSxpress	PE	Other	0
fig4_q30_PE_itsxpress_unite_blast_top1_rescue	1Q	fig4_q30_PE_itsxpress_unite_blast_top1_rescue_1Q	QIAamp	1	mock_only	Mock type-strain BLAST	Mock_type_reference_BLAST	ITSxpress	PE	Aspergillus_fumigatus	0.0321093249380102
fig4_q30_PE_itsxpress_unite_blast_top1_rescue	1Q	fig4_q30_PE_itsxpress_unite_blast_top1_rescue_1Q	QIAamp	1	mock_only	Mock type-strain BLAST	Mock_type_reference_BLAST	ITSxpress	PE	Aspergillus_g	0
fig4_q30_PE_itsxpress_unite_blast_top1_rescue	1Q	fig4_q30_PE_itsxpress_unite_blast_top1_rescue_1Q	QIAamp	1	mock_only	Mock type-strain BLAST	Mock_type_reference_BLAST	ITSxpress	PE	Cryptococcus_gattii	0
fig4_q30_PE_itsxpress_unite_blast_top1_rescue	1Q	fig4_q30_PE_itsxpress_unite_blast_top1_rescue_1Q	QIAamp	1	mock_only	Mock type-strain BLAST	Mock_type_reference_BLAST	ITSxpress	PE	Cryptococcus_neoformans	0.16123617418438135
fig4_q30_PE_itsxpress_unite_blast_top1_rescue	1Q	fig4_q30_PE_itsxpress_unite_blast_top1_rescue_1Q	QIAamp	1	mock_only	Mock type-strain BLAST	Mock_type_reference_BLAST	ITSxpress	PE	Trichophyton_interdigitale	0.004826846460312595
fig4_q30_PE_itsxpress_unite_blast_top1_rescue	1Q	fig4_q30_PE_itsxpress_unite_blast_top1_rescue_1Q	QIAamp	1	mock_only	Mock type-strain BLAST	Mock_type_reference_BLAST	ITSxpress	PE	Trichophyton_mentagrophytes	0
fig4_q30_PE_itsxpress_unite_blast_top1_rescue	1Q	fig4_q30_PE_itsxpress_unite_blast_top1_rescue_1Q	QIAamp	1	mock_only	Mock type-strain BLAST	Mock_type_reference_BLAST	ITSxpress	PE	Penicillium_chrysogenum	0.13108405538684423
fig4_q30_PE_itsxpress_unite_blast_top1_rescue	1Q	fig4_q30_PE_itsxpress_unite_blast_top1_rescue_1Q	QIAamp	1	mock_only	Mock type-strain BLAST	Mock_type_reference_BLAST	ITSxpress	PE	Penicillium_flavigenum	0
fig4_q30_PE_itsxpress_unite_blast_top1_rescue	1Q	fig4_q30_PE_itsxpress_unite_blast_top1_rescue_1Q	QIAamp	1	mock_only	Mock type-strain BLAST	Mock_type_reference_BLAST	ITSxpress	PE	Penicillium_g	0
fig4_q30_PE_itsxpress_unite_blast_top1_rescue	1Q	fig4_q30_PE_itsxpress_unite_blast_top1_rescue_1Q	QIAamp	1	mock_only	Mock type-strain BLAST	Mock_type_reference_BLAST	ITSxpress	PE	Fusarium_g	0
fig4_q30_PE_itsxpress_unite_blast_top1_rescue	1Q	fig4_q30_PE_itsxpress_unite_blast_top1_rescue_1Q	QIAamp	1	mock_only	Mock type-strain BLAST	Mock_type_reference_BLAST	ITSxpress	PE	Fusarium_keratoplasticum	0.001643774552141086
fig4_q30_PE_itsxpress_unite_blast_top1_rescue	1Q	fig4_q30_PE_itsxpress_unite_blast_top1_rescue_1Q	QIAamp	1	mock_only	Mock type-strain BLAST	Mock_type_reference_BLAST	ITSxpress	PE	Candida_africana	0
fig4_q30_PE_itsxpress_unite_blast_top1_rescue	1Q	fig4_q30_PE_itsxpress_unite_blast_top1_rescue_1Q	QIAamp	1	mock_only	Mock type-strain BLAST	Mock_type_reference_BLAST	ITSxpress	PE	Candida_albicans	0.2880714902627253
fig4_q30_PE_itsxpress_unite_blast_top1_rescue	1Q	fig4_q30_PE_itsxpress_unite_blast_top1_rescue_1Q	QIAamp	1	mock_only	Mock type-strain BLAST	Mock_type_reference_BLAST	ITSxpress	PE	Candida_g	0
fig4_q30_PE_itsxpress_unite_blast_top1_rescue	1Q	fig4_q30_PE_itsxpress_unite_blast_top1_rescue_1Q	QIAamp	1	mock_only	Mock type-strain BLAST	Mock_type_reference_BLAST	ITSxpress	PE	Candida_tropicalis	0
fig4_q30_PE_itsxpress_unite_blast_top1_rescue	1Q	fig4_q30_PE_itsxpress_unite_blast_top1_rescue_1Q	QIAamp	1	mock_only	Mock type-strain BLAST	Mock_type_reference_BLAST	ITSxpress	PE	Nakaseomyces_glabratus	0.11786420750564176
fig4_q30_PE_itsxpress_unite_blast_top1_rescue	1Q	fig4_q30_PE_itsxpress_unite_blast_top1_rescue_1Q	QIAamp	1	mock_only	Mock type-strain BLAST	Mock_type_reference_BLAST	ITSxpress	PE	Malassezia_g	0
fig4_q30_PE_itsxpress_unite_blast_top1_rescue	1Q	fig4_q30_PE_itsxpress_unite_blast_top1_rescue_1Q	QIAamp	1	mock_only	Mock type-strain BLAST	Mock_type_reference_BLAST	ITSxpress	PE	Malassezia_globosa	0
fig4_q30_PE_itsxpress_unite_blast_top1_rescue	1Q	fig4_q30_PE_itsxpress_unite_blast_top1_rescue_1Q	QIAamp	1	mock_only	Mock type-strain BLAST	Mock_type_reference_BLAST	ITSxpress	PE	Saccharomyces_arboricola	0
fig4_q30_PE_itsxpress_unite_blast_top1_rescue	1Q	fig4_q30_PE_itsxpress_unite_blast_top1_rescue_1Q	QIAamp	1	mock_only	Mock type-strain BLAST	Mock_type_reference_BLAST	ITSxpress	PE	Saccharomyces_cerevisiae	0.043344106093110076
fig4_q30_PE_itsxpress_unite_blast_top1_rescue	1Q	fig4_q30_PE_itsxpress_unite_blast_top1_rescue_1Q	QIAamp	1	mock_only	Mock type-strain BLAST	Mock_type_reference_BLAST	ITSxpress	PE	Saccharomyces_g	0
fig4_q30_PE_itsxpress_unite_blast_top1_rescue	1Q	fig4_q30_PE_itsxpress_unite_blast_top1_rescue_1Q	QIAamp	1	mock_only	Mock type-strain BLAST	Mock_type_reference_BLAST	ITSxpress	PE	Saccharomyces_uvarum	0
fig4_q30_PE_itsxpress_unite_blast_top1_rescue	1Q	fig4_q30_PE_itsxpress_unite_blast_top1_rescue_1Q	QIAamp	1	mock_only	Mock type-strain BLAST	Mock_type_reference_BLAST	ITSxpress	PE	Cutaneotrichosporon_dermatis	0.21982002061683337
fig4_q30_PE_itsxpress_unite_blast_top1_rescue	1Q	fig4_q30_PE_itsxpress_unite_blast_top1_rescue_1Q	QIAamp	1	mock_only	Mock type-strain BLAST	Mock_type_reference_BLAST	ITSxpress	PE	Cutaneotrichosporon_g	0
fig4_q30_PE_itsxpress_unite_blast_top1_rescue	1Q	fig4_q30_PE_itsxpress_unite_blast_top1_rescue_1Q	QIAamp	1	mock_only	Mock type-strain BLAST	Mock_type_reference_BLAST	ITSxpress	PE	Cutaneotrichosporon_mucoides	0
fig4_q30_PE_itsxpress_unite_blast_top1_rescue	1Q	fig4_q30_PE_itsxpress_unite_blast_top1_rescue_1Q	QIAamp	1	mock_only	Mock type-strain BLAST	Mock_type_reference_BLAST	ITSxpress	PE	Other	0
fig4_q30_PE_itsxpress_unite_blast_top1_rescue	1Q	fig4_q30_PE_itsxpress_unite_blast_top1_rescue_1Q	QIAamp	1	mock_only	UNITE	No_BLAST	ITSxpress	PE	Aspergillus_fumigatus	0.0321093249380102
fig4_q30_PE_itsxpress_unite_blast_top1_rescue	1Q	fig4_q30_PE_itsxpress_unite_blast_top1_rescue_1Q	QIAamp	1	mock_only	UNITE	No_BLAST	ITSxpress	PE	Aspergillus_g	0
fig4_q30_PE_itsxpress_unite_blast_top1_rescue	1Q	fig4_q30_PE_itsxpress_unite_blast_top1_rescue_1Q	QIAamp	1	mock_only	UNITE	No_BLAST	ITSxpress	PE	Cryptococcus_gattii	0
fig4_q30_PE_itsxpress_unite_blast_top1_rescue	1Q	fig4_q30_PE_itsxpress_unite_blast_top1_rescue_1Q	QIAamp	1	mock_only	UNITE	No_BLAST	ITSxpress	PE	Cryptococcus_neoformans	0.16109687125623381
fig4_q30_PE_itsxpress_unite_blast_top1_rescue	1Q	fig4_q30_PE_itsxpress_unite_blast_top1_rescue_1Q	QIAamp	1	mock_only	UNITE	No_BLAST	ITSxpress	PE	Trichophyton_interdigitale	0
fig4_q30_PE_itsxpress_unite_blast_top1_rescue	1Q	fig4_q30_PE_itsxpress_unite_blast_top1_rescue_1Q	QIAamp	1	mock_only	UNITE	No_BLAST	ITSxpress	PE	Trichophyton_mentagrophytes	0.004812916167497841
fig4_q30_PE_itsxpress_unite_blast_top1_rescue	1Q	fig4_q30_PE_itsxpress_unite_blast_top1_rescue_1Q	QIAamp	1	mock_only	UNITE	No_BLAST	ITSxpress	PE	Penicillium_chrysogenum	0
fig4_q30_PE_itsxpress_unite_blast_top1_rescue	1Q	fig4_q30_PE_itsxpress_unite_blast_top1_rescue_1Q	QIAamp	1	mock_only	UNITE	No_BLAST	ITSxpress	PE	Penicillium_flavigenum	0
fig4_q30_PE_itsxpress_unite_blast_top1_rescue	1Q	fig4_q30_PE_itsxpress_unite_blast_top1_rescue_1Q	QIAamp	1	mock_only	UNITE	No_BLAST	ITSxpress	PE	Penicillium_g	0
fig4_q30_PE_itsxpress_unite_blast_top1_rescue	1Q	fig4_q30_PE_itsxpress_unite_blast_top1_rescue_1Q	QIAamp	1	mock_only	UNITE	No_BLAST	ITSxpress	PE	Fusarium_g	0
fig4_q30_PE_itsxpress_unite_blast_top1_rescue	1Q	fig4_q30_PE_itsxpress_unite_blast_top1_rescue_1Q	QIAamp	1	mock_only	UNITE	No_BLAST	ITSxpress	PE	Fusarium_keratoplasticum	0
fig4_q30_PE_itsxpress_unite_blast_top1_rescue	1Q	fig4_q30_PE_itsxpress_unite_blast_top1_rescue_1Q	QIAamp	1	mock_only	UNITE	No_BLAST	ITSxpress	PE	Candida_africana	0
fig4_q30_PE_itsxpress_unite_blast_top1_rescue	1Q	fig4_q30_PE_itsxpress_unite_blast_top1_rescue_1Q	QIAamp	1	mock_only	UNITE	No_BLAST	ITSxpress	PE	Candida_albicans	0.2879043267489483
fig4_q30_PE_itsxpress_unite_blast_top1_rescue	1Q	fig4_q30_PE_itsxpress_unite_blast_top1_rescue_1Q	QIAamp	1	mock_only	UNITE	No_BLAST	ITSxpress	PE	Candida_g	0
fig4_q30_PE_itsxpress_unite_blast_top1_rescue	1Q	fig4_q30_PE_itsxpress_unite_blast_top1_rescue_1Q	QIAamp	1	mock_only	UNITE	No_BLAST	ITSxpress	PE	Candida_tropicalis	0
fig4_q30_PE_itsxpress_unite_blast_top1_rescue	1Q	fig4_q30_PE_itsxpress_unite_blast_top1_rescue_1Q	QIAamp	1	mock_only	UNITE	No_BLAST	ITSxpress	PE	Nakaseomyces_glabratus	0.1178224166271975
fig4_q30_PE_itsxpress_unite_blast_top1_rescue	1Q	fig4_q30_PE_itsxpress_unite_blast_top1_rescue_1Q	QIAamp	1	mock_only	UNITE	No_BLAST	ITSxpress	PE	Malassezia_g	0
fig4_q30_PE_itsxpress_unite_blast_top1_rescue	1Q	fig4_q30_PE_itsxpress_unite_blast_top1_rescue_1Q	QIAamp	1	mock_only	UNITE	No_BLAST	ITSxpress	PE	Malassezia_globosa	0
fig4_q30_PE_itsxpress_unite_blast_top1_rescue	1Q	fig4_q30_PE_itsxpress_unite_blast_top1_rescue_1Q	QIAamp	1	mock_only	UNITE	No_BLAST	ITSxpress	PE	Saccharomyces_arboricola	0
fig4_q30_PE_itsxpress_unite_blast_top1_rescue	1Q	fig4_q30_PE_itsxpress_unite_blast_top1_rescue_1Q	QIAamp	1	mock_only	UNITE	No_BLAST	ITSxpress	PE	Saccharomyces_cerevisiae	0.04331624550748057
fig4_q30_PE_itsxpress_unite_blast_top1_rescue	1Q	fig4_q30_PE_itsxpress_unite_blast_top1_rescue_1Q	QIAamp	1	mock_only	UNITE	No_BLAST	ITSxpress	PE	Saccharomyces_g	0
fig4_q30_PE_itsxpress_unite_blast_top1_rescue	1Q	fig4_q30_PE_itsxpress_unite_blast_top1_rescue_1Q	QIAamp	1	mock_only	UNITE	No_BLAST	ITSxpress	PE	Saccharomyces_uvarum	0
fig4_q30_PE_itsxpress_unite_blast_top1_rescue	1Q	fig4_q30_PE_itsxpress_unite_blast_top1_rescue_1Q	QIAamp	1	mock_only	UNITE	No_BLAST	ITSxpress	PE	Cutaneotrichosporon_dermatis	0
fig4_q30_PE_itsxpress_unite_blast_top1_rescue	1Q	fig4_q30_PE_itsxpress_unite_blast_top1_rescue_1Q	QIAamp	1	mock_only	UNITE	No_BLAST	ITSxpress	PE	Cutaneotrichosporon_g	0
fig4_q30_PE_itsxpress_unite_blast_top1_rescue	1Q	fig4_q30_PE_itsxpress_unite_blast_top1_rescue_1Q	QIAamp	1	mock_only	UNITE	No_BLAST	ITSxpress	PE	Cutaneotrichosporon_mucoides	0.2196528571030563
fig4_q30_PE_itsxpress_unite_blast_top1_rescue	1Q	fig4_q30_PE_itsxpress_unite_blast_top1_rescue_1Q	QIAamp	1	mock_only	UNITE	No_BLAST	ITSxpress	PE	Other	0.1332850416515755
fig4_q30_PE_itsxpress_unite_blast_top1_rescue	1Q	fig4_q30_PE_itsxpress_unite_blast_top1_rescue_1Q	QIAamp	1	mock_only	UNITE+RefSeq BLAST	RefSeq_BLAST	ITSxpress	PE	Aspergillus_fumigatus	0.0321093249380102
fig4_q30_PE_itsxpress_unite_blast_top1_rescue	1Q	fig4_q30_PE_itsxpress_unite_blast_top1_rescue_1Q	QIAamp	1	mock_only	UNITE+RefSeq BLAST	RefSeq_BLAST	ITSxpress	PE	Aspergillus_g	0
fig4_q30_PE_itsxpress_unite_blast_top1_rescue	1Q	fig4_q30_PE_itsxpress_unite_blast_top1_rescue_1Q	QIAamp	1	mock_only	UNITE+RefSeq BLAST	RefSeq_BLAST	ITSxpress	PE	Cryptococcus_gattii	0
fig4_q30_PE_itsxpress_unite_blast_top1_rescue	1Q	fig4_q30_PE_itsxpress_unite_blast_top1_rescue_1Q	QIAamp	1	mock_only	UNITE+RefSeq BLAST	RefSeq_BLAST	ITSxpress	PE	Cryptococcus_neoformans	0.16123617418438135
fig4_q30_PE_itsxpress_unite_blast_top1_rescue	1Q	fig4_q30_PE_itsxpress_unite_blast_top1_rescue_1Q	QIAamp	1	mock_only	UNITE+RefSeq BLAST	RefSeq_BLAST	ITSxpress	PE	Trichophyton_interdigitale	0
fig4_q30_PE_itsxpress_unite_blast_top1_rescue	1Q	fig4_q30_PE_itsxpress_unite_blast_top1_rescue_1Q	QIAamp	1	mock_only	UNITE+RefSeq BLAST	RefSeq_BLAST	ITSxpress	PE	Trichophyton_mentagrophytes	0.004812916167497841
fig4_q30_PE_itsxpress_unite_blast_top1_rescue	1Q	fig4_q30_PE_itsxpress_unite_blast_top1_rescue_1Q	QIAamp	1	mock_only	UNITE+RefSeq BLAST	RefSeq_BLAST	ITSxpress	PE	Penicillium_chrysogenum	0.13108405538684423
fig4_q30_PE_itsxpress_unite_blast_top1_rescue	1Q	fig4_q30_PE_itsxpress_unite_blast_top1_rescue_1Q	QIAamp	1	mock_only	UNITE+RefSeq BLAST	RefSeq_BLAST	ITSxpress	PE	Penicillium_flavigenum	0
fig4_q30_PE_itsxpress_unite_blast_top1_rescue	1Q	fig4_q30_PE_itsxpress_unite_blast_top1_rescue_1Q	QIAamp	1	mock_only	UNITE+RefSeq BLAST	RefSeq_BLAST	ITSxpress	PE	Penicillium_g	0
fig4_q30_PE_itsxpress_unite_blast_top1_rescue	1Q	fig4_q30_PE_itsxpress_unite_blast_top1_rescue_1Q	QIAamp	1	mock_only	UNITE+RefSeq BLAST	RefSeq_BLAST	ITSxpress	PE	Fusarium_g	0
fig4_q30_PE_itsxpress_unite_blast_top1_rescue	1Q	fig4_q30_PE_itsxpress_unite_blast_top1_rescue_1Q	QIAamp	1	mock_only	UNITE+RefSeq BLAST	RefSeq_BLAST	ITSxpress	PE	Fusarium_keratoplasticum	0.001643774552141086
fig4_q30_PE_itsxpress_unite_blast_top1_rescue	1Q	fig4_q30_PE_itsxpress_unite_blast_top1_rescue_1Q	QIAamp	1	mock_only	UNITE+RefSeq BLAST	RefSeq_BLAST	ITSxpress	PE	Candida_africana	0
fig4_q30_PE_itsxpress_unite_blast_top1_rescue	1Q	fig4_q30_PE_itsxpress_unite_blast_top1_rescue_1Q	QIAamp	1	mock_only	UNITE+RefSeq BLAST	RefSeq_BLAST	ITSxpress	PE	Candida_albicans	0.2880714902627253
fig4_q30_PE_itsxpress_unite_blast_top1_rescue	1Q	fig4_q30_PE_itsxpress_unite_blast_top1_rescue_1Q	QIAamp	1	mock_only	UNITE+RefSeq BLAST	RefSeq_BLAST	ITSxpress	PE	Candida_g	0
fig4_q30_PE_itsxpress_unite_blast_top1_rescue	1Q	fig4_q30_PE_itsxpress_unite_blast_top1_rescue_1Q	QIAamp	1	mock_only	UNITE+RefSeq BLAST	RefSeq_BLAST	ITSxpress	PE	Candida_tropicalis	0
fig4_q30_PE_itsxpress_unite_blast_top1_rescue	1Q	fig4_q30_PE_itsxpress_unite_blast_top1_rescue_1Q	QIAamp	1	mock_only	UNITE+RefSeq BLAST	RefSeq_BLAST	ITSxpress	PE	Nakaseomyces_glabratus	0.11786420750564176
fig4_q30_PE_itsxpress_unite_blast_top1_rescue	1Q	fig4_q30_PE_itsxpress_unite_blast_top1_rescue_1Q	QIAamp	1	mock_only	UNITE+RefSeq BLAST	RefSeq_BLAST	ITSxpress	PE	Malassezia_g	0
fig4_q30_PE_itsxpress_unite_blast_top1_rescue	1Q	fig4_q30_PE_itsxpress_unite_blast_top1_rescue_1Q	QIAamp	1	mock_only	UNITE+RefSeq BLAST	RefSeq_BLAST	ITSxpress	PE	Malassezia_globosa	0
fig4_q30_PE_itsxpress_unite_blast_top1_rescue	1Q	fig4_q30_PE_itsxpress_unite_blast_top1_rescue_1Q	QIAamp	1	mock_only	UNITE+RefSeq BLAST	RefSeq_BLAST	ITSxpress	PE	Saccharomyces_arboricola	0
fig4_q30_PE_itsxpress_unite_blast_top1_rescue	1Q	fig4_q30_PE_itsxpress_unite_blast_top1_rescue_1Q	QIAamp	1	mock_only	UNITE+RefSeq BLAST	RefSeq_BLAST	ITSxpress	PE	Saccharomyces_cerevisiae	0.04331624550748057
fig4_q30_PE_itsxpress_unite_blast_top1_rescue	1Q	fig4_q30_PE_itsxpress_unite_blast_top1_rescue_1Q	QIAamp	1	mock_only	UNITE+RefSeq BLAST	RefSeq_BLAST	ITSxpress	PE	Saccharomyces_g	2.786058562950993e-5
fig4_q30_PE_itsxpress_unite_blast_top1_rescue	1Q	fig4_q30_PE_itsxpress_unite_blast_top1_rescue_1Q	QIAamp	1	mock_only	UNITE+RefSeq BLAST	RefSeq_BLAST	ITSxpress	PE	Saccharomyces_uvarum	0
fig4_q30_PE_itsxpress_unite_blast_top1_rescue	1Q	fig4_q30_PE_itsxpress_unite_blast_top1_rescue_1Q	QIAamp	1	mock_only	UNITE+RefSeq BLAST	RefSeq_BLAST	ITSxpress	PE	Cutaneotrichosporon_dermatis	1.4626807455492714e-4
fig4_q30_PE_itsxpress_unite_blast_top1_rescue	1Q	fig4_q30_PE_itsxpress_unite_blast_top1_rescue_1Q	QIAamp	1	mock_only	UNITE+RefSeq BLAST	RefSeq_BLAST	ITSxpress	PE	Cutaneotrichosporon_g	0
fig4_q30_PE_itsxpress_unite_blast_top1_rescue	1Q	fig4_q30_PE_itsxpress_unite_blast_top1_rescue_1Q	QIAamp	1	mock_only	UNITE+RefSeq BLAST	RefSeq_BLAST	ITSxpress	PE	Cutaneotrichosporon_mucoides	0.2196528571030563
fig4_q30_PE_itsxpress_unite_blast_top1_rescue	1Q	fig4_q30_PE_itsxpress_unite_blast_top1_rescue_1Q	QIAamp	1	mock_only	UNITE+RefSeq BLAST	RefSeq_BLAST	ITSxpress	PE	Other	3.482573203688741e-5
fig4_q30_PE_itsxpress_unite_blast_top1_rescue	1Z	fig4_q30_PE_itsxpress_unite_blast_top1_rescue_1Z	Zymo	1	mock_only	Mock type-strain BLAST	Mock_type_reference_BLAST	ITSxpress	PE	Aspergillus_fumigatus	0.03191344938856922
fig4_q30_PE_itsxpress_unite_blast_top1_rescue	1Z	fig4_q30_PE_itsxpress_unite_blast_top1_rescue_1Z	Zymo	1	mock_only	Mock type-strain BLAST	Mock_type_reference_BLAST	ITSxpress	PE	Aspergillus_g	0
fig4_q30_PE_itsxpress_unite_blast_top1_rescue	1Z	fig4_q30_PE_itsxpress_unite_blast_top1_rescue_1Z	Zymo	1	mock_only	Mock type-strain BLAST	Mock_type_reference_BLAST	ITSxpress	PE	Cryptococcus_gattii	0
fig4_q30_PE_itsxpress_unite_blast_top1_rescue	1Z	fig4_q30_PE_itsxpress_unite_blast_top1_rescue_1Z	Zymo	1	mock_only	Mock type-strain BLAST	Mock_type_reference_BLAST	ITSxpress	PE	Cryptococcus_neoformans	0.13698973464635178
fig4_q30_PE_itsxpress_unite_blast_top1_rescue	1Z	fig4_q30_PE_itsxpress_unite_blast_top1_rescue_1Z	Zymo	1	mock_only	Mock type-strain BLAST	Mock_type_reference_BLAST	ITSxpress	PE	Trichophyton_interdigitale	0.004135381530717739
fig4_q30_PE_itsxpress_unite_blast_top1_rescue	1Z	fig4_q30_PE_itsxpress_unite_blast_top1_rescue_1Z	Zymo	1	mock_only	Mock type-strain BLAST	Mock_type_reference_BLAST	ITSxpress	PE	Trichophyton_mentagrophytes	0
fig4_q30_PE_itsxpress_unite_blast_top1_rescue	1Z	fig4_q30_PE_itsxpress_unite_blast_top1_rescue_1Z	Zymo	1	mock_only	Mock type-strain BLAST	Mock_type_reference_BLAST	ITSxpress	PE	Penicillium_chrysogenum	0.13879635334537746
fig4_q30_PE_itsxpress_unite_blast_top1_rescue	1Z	fig4_q30_PE_itsxpress_unite_blast_top1_rescue_1Z	Zymo	1	mock_only	Mock type-strain BLAST	Mock_type_reference_BLAST	ITSxpress	PE	Penicillium_flavigenum	0
fig4_q30_PE_itsxpress_unite_blast_top1_rescue	1Z	fig4_q30_PE_itsxpress_unite_blast_top1_rescue_1Z	Zymo	1	mock_only	Mock type-strain BLAST	Mock_type_reference_BLAST	ITSxpress	PE	Penicillium_g	0
fig4_q30_PE_itsxpress_unite_blast_top1_rescue	1Z	fig4_q30_PE_itsxpress_unite_blast_top1_rescue_1Z	Zymo	1	mock_only	Mock type-strain BLAST	Mock_type_reference_BLAST	ITSxpress	PE	Fusarium_g	0
fig4_q30_PE_itsxpress_unite_blast_top1_rescue	1Z	fig4_q30_PE_itsxpress_unite_blast_top1_rescue_1Z	Zymo	1	mock_only	Mock type-strain BLAST	Mock_type_reference_BLAST	ITSxpress	PE	Fusarium_keratoplasticum	0.0014828893367725227
fig4_q30_PE_itsxpress_unite_blast_top1_rescue	1Z	fig4_q30_PE_itsxpress_unite_blast_top1_rescue_1Z	Zymo	1	mock_only	Mock type-strain BLAST	Mock_type_reference_BLAST	ITSxpress	PE	Candida_africana	0
fig4_q30_PE_itsxpress_unite_blast_top1_rescue	1Z	fig4_q30_PE_itsxpress_unite_blast_top1_rescue_1Z	Zymo	1	mock_only	Mock type-strain BLAST	Mock_type_reference_BLAST	ITSxpress	PE	Candida_albicans	0.2892574066145219
fig4_q30_PE_itsxpress_unite_blast_top1_rescue	1Z	fig4_q30_PE_itsxpress_unite_blast_top1_rescue_1Z	Zymo	1	mock_only	Mock type-strain BLAST	Mock_type_reference_BLAST	ITSxpress	PE	Candida_g	0
fig4_q30_PE_itsxpress_unite_blast_top1_rescue	1Z	fig4_q30_PE_itsxpress_unite_blast_top1_rescue_1Z	Zymo	1	mock_only	Mock type-strain BLAST	Mock_type_reference_BLAST	ITSxpress	PE	Candida_tropicalis	0
fig4_q30_PE_itsxpress_unite_blast_top1_rescue	1Z	fig4_q30_PE_itsxpress_unite_blast_top1_rescue_1Z	Zymo	1	mock_only	Mock type-strain BLAST	Mock_type_reference_BLAST	ITSxpress	PE	Nakaseomyces_glabratus	0.09294165561461586
fig4_q30_PE_itsxpress_unite_blast_top1_rescue	1Z	fig4_q30_PE_itsxpress_unite_blast_top1_rescue_1Z	Zymo	1	mock_only	Mock type-strain BLAST	Mock_type_reference_BLAST	ITSxpress	PE	Malassezia_g	0
fig4_q30_PE_itsxpress_unite_blast_top1_rescue	1Z	fig4_q30_PE_itsxpress_unite_blast_top1_rescue_1Z	Zymo	1	mock_only	Mock type-strain BLAST	Mock_type_reference_BLAST	ITSxpress	PE	Malassezia_globosa	5.221441326663812e-5
fig4_q30_PE_itsxpress_unite_blast_top1_rescue	1Z	fig4_q30_PE_itsxpress_unite_blast_top1_rescue_1Z	Zymo	1	mock_only	Mock type-strain BLAST	Mock_type_reference_BLAST	ITSxpress	PE	Saccharomyces_arboricola	0
fig4_q30_PE_itsxpress_unite_blast_top1_rescue	1Z	fig4_q30_PE_itsxpress_unite_blast_top1_rescue_1Z	Zymo	1	mock_only	Mock type-strain BLAST	Mock_type_reference_BLAST	ITSxpress	PE	Saccharomyces_cerevisiae	0.04483129523073549
fig4_q30_PE_itsxpress_unite_blast_top1_rescue	1Z	fig4_q30_PE_itsxpress_unite_blast_top1_rescue_1Z	Zymo	1	mock_only	Mock type-strain BLAST	Mock_type_reference_BLAST	ITSxpress	PE	Saccharomyces_g	0
fig4_q30_PE_itsxpress_unite_blast_top1_rescue	1Z	fig4_q30_PE_itsxpress_unite_blast_top1_rescue_1Z	Zymo	1	mock_only	Mock type-strain BLAST	Mock_type_reference_BLAST	ITSxpress	PE	Saccharomyces_uvarum	0
fig4_q30_PE_itsxpress_unite_blast_top1_rescue	1Z	fig4_q30_PE_itsxpress_unite_blast_top1_rescue_1Z	Zymo	1	mock_only	Mock type-strain BLAST	Mock_type_reference_BLAST	ITSxpress	PE	Cutaneotrichosporon_dermatis	0.25959961987907143
fig4_q30_PE_itsxpress_unite_blast_top1_rescue	1Z	fig4_q30_PE_itsxpress_unite_blast_top1_rescue_1Z	Zymo	1	mock_only	Mock type-strain BLAST	Mock_type_reference_BLAST	ITSxpress	PE	Cutaneotrichosporon_g	0
fig4_q30_PE_itsxpress_unite_blast_top1_rescue	1Z	fig4_q30_PE_itsxpress_unite_blast_top1_rescue_1Z	Zymo	1	mock_only	Mock type-strain BLAST	Mock_type_reference_BLAST	ITSxpress	PE	Cutaneotrichosporon_mucoides	0
fig4_q30_PE_itsxpress_unite_blast_top1_rescue	1Z	fig4_q30_PE_itsxpress_unite_blast_top1_rescue_1Z	Zymo	1	mock_only	Mock type-strain BLAST	Mock_type_reference_BLAST	ITSxpress	PE	Other	0
fig4_q30_PE_itsxpress_unite_blast_top1_rescue	1Z	fig4_q30_PE_itsxpress_unite_blast_top1_rescue_1Z	Zymo	1	mock_only	UNITE	No_BLAST	ITSxpress	PE	Aspergillus_fumigatus	0.03191344938856922
fig4_q30_PE_itsxpress_unite_blast_top1_rescue	1Z	fig4_q30_PE_itsxpress_unite_blast_top1_rescue_1Z	Zymo	1	mock_only	UNITE	No_BLAST	ITSxpress	PE	Aspergillus_g	0
fig4_q30_PE_itsxpress_unite_blast_top1_rescue	1Z	fig4_q30_PE_itsxpress_unite_blast_top1_rescue_1Z	Zymo	1	mock_only	UNITE	No_BLAST	ITSxpress	PE	Cryptococcus_gattii	0
fig4_q30_PE_itsxpress_unite_blast_top1_rescue	1Z	fig4_q30_PE_itsxpress_unite_blast_top1_rescue_1Z	Zymo	1	mock_only	UNITE	No_BLAST	ITSxpress	PE	Cryptococcus_neoformans	0.13687486293716516
fig4_q30_PE_itsxpress_unite_blast_top1_rescue	1Z	fig4_q30_PE_itsxpress_unite_blast_top1_rescue_1Z	Zymo	1	mock_only	UNITE	No_BLAST	ITSxpress	PE	Trichophyton_interdigitale	0
fig4_q30_PE_itsxpress_unite_blast_top1_rescue	1Z	fig4_q30_PE_itsxpress_unite_blast_top1_rescue_1Z	Zymo	1	mock_only	UNITE	No_BLAST	ITSxpress	PE	Trichophyton_mentagrophytes	0.004135381530717739
fig4_q30_PE_itsxpress_unite_blast_top1_rescue	1Z	fig4_q30_PE_itsxpress_unite_blast_top1_rescue_1Z	Zymo	1	mock_only	UNITE	No_BLAST	ITSxpress	PE	Penicillium_chrysogenum	0
fig4_q30_PE_itsxpress_unite_blast_top1_rescue	1Z	fig4_q30_PE_itsxpress_unite_blast_top1_rescue_1Z	Zymo	1	mock_only	UNITE	No_BLAST	ITSxpress	PE	Penicillium_flavigenum	0
fig4_q30_PE_itsxpress_unite_blast_top1_rescue	1Z	fig4_q30_PE_itsxpress_unite_blast_top1_rescue_1Z	Zymo	1	mock_only	UNITE	No_BLAST	ITSxpress	PE	Penicillium_g	0
fig4_q30_PE_itsxpress_unite_blast_top1_rescue	1Z	fig4_q30_PE_itsxpress_unite_blast_top1_rescue_1Z	Zymo	1	mock_only	UNITE	No_BLAST	ITSxpress	PE	Fusarium_g	0
fig4_q30_PE_itsxpress_unite_blast_top1_rescue	1Z	fig4_q30_PE_itsxpress_unite_blast_top1_rescue_1Z	Zymo	1	mock_only	UNITE	No_BLAST	ITSxpress	PE	Fusarium_keratoplasticum	0
fig4_q30_PE_itsxpress_unite_blast_top1_rescue	1Z	fig4_q30_PE_itsxpress_unite_blast_top1_rescue_1Z	Zymo	1	mock_only	UNITE	No_BLAST	ITSxpress	PE	Candida_africana	0
fig4_q30_PE_itsxpress_unite_blast_top1_rescue	1Z	fig4_q30_PE_itsxpress_unite_blast_top1_rescue_1Z	Zymo	1	mock_only	UNITE	No_BLAST	ITSxpress	PE	Candida_albicans	0.2891112062573753
fig4_q30_PE_itsxpress_unite_blast_top1_rescue	1Z	fig4_q30_PE_itsxpress_unite_blast_top1_rescue_1Z	Zymo	1	mock_only	UNITE	No_BLAST	ITSxpress	PE	Candida_g	0
fig4_q30_PE_itsxpress_unite_blast_top1_rescue	1Z	fig4_q30_PE_itsxpress_unite_blast_top1_rescue_1Z	Zymo	1	mock_only	UNITE	No_BLAST	ITSxpress	PE	Candida_tropicalis	0
fig4_q30_PE_itsxpress_unite_blast_top1_rescue	1Z	fig4_q30_PE_itsxpress_unite_blast_top1_rescue_1Z	Zymo	1	mock_only	UNITE	No_BLAST	ITSxpress	PE	Nakaseomyces_glabratus	0.09294165561461586
fig4_q30_PE_itsxpress_unite_blast_top1_rescue	1Z	fig4_q30_PE_itsxpress_unite_blast_top1_rescue_1Z	Zymo	1	mock_only	UNITE	No_BLAST	ITSxpress	PE	Malassezia_g	0
fig4_q30_PE_itsxpress_unite_blast_top1_rescue	1Z	fig4_q30_PE_itsxpress_unite_blast_top1_rescue_1Z	Zymo	1	mock_only	UNITE	No_BLAST	ITSxpress	PE	Malassezia_globosa	5.221441326663812e-5
fig4_q30_PE_itsxpress_unite_blast_top1_rescue	1Z	fig4_q30_PE_itsxpress_unite_blast_top1_rescue_1Z	Zymo	1	mock_only	UNITE	No_BLAST	ITSxpress	PE	Saccharomyces_arboricola	0
fig4_q30_PE_itsxpress_unite_blast_top1_rescue	1Z	fig4_q30_PE_itsxpress_unite_blast_top1_rescue_1Z	Zymo	1	mock_only	UNITE	No_BLAST	ITSxpress	PE	Saccharomyces_cerevisiae	0.04483129523073549
fig4_q30_PE_itsxpress_unite_blast_top1_rescue	1Z	fig4_q30_PE_itsxpress_unite_blast_top1_rescue_1Z	Zymo	1	mock_only	UNITE	No_BLAST	ITSxpress	PE	Saccharomyces_g	0
fig4_q30_PE_itsxpress_unite_blast_top1_rescue	1Z	fig4_q30_PE_itsxpress_unite_blast_top1_rescue_1Z	Zymo	1	mock_only	UNITE	No_BLAST	ITSxpress	PE	Saccharomyces_uvarum	0
fig4_q30_PE_itsxpress_unite_blast_top1_rescue	1Z	fig4_q30_PE_itsxpress_unite_blast_top1_rescue_1Z	Zymo	1	mock_only	UNITE	No_BLAST	ITSxpress	PE	Cutaneotrichosporon_dermatis	0
fig4_q30_PE_itsxpress_unite_blast_top1_rescue	1Z	fig4_q30_PE_itsxpress_unite_blast_top1_rescue_1Z	Zymo	1	mock_only	UNITE	No_BLAST	ITSxpress	PE	Cutaneotrichosporon_g	0
fig4_q30_PE_itsxpress_unite_blast_top1_rescue	1Z	fig4_q30_PE_itsxpress_unite_blast_top1_rescue_1Z	Zymo	1	mock_only	UNITE	No_BLAST	ITSxpress	PE	Cutaneotrichosporon_mucoides	0.2594116479913115
fig4_q30_PE_itsxpress_unite_blast_top1_rescue	1Z	fig4_q30_PE_itsxpress_unite_blast_top1_rescue_1Z	Zymo	1	mock_only	UNITE	No_BLAST	ITSxpress	PE	Other	0.14072828663624307
fig4_q30_PE_itsxpress_unite_blast_top1_rescue	1Z	fig4_q30_PE_itsxpress_unite_blast_top1_rescue_1Z	Zymo	1	mock_only	UNITE+RefSeq BLAST	RefSeq_BLAST	ITSxpress	PE	Aspergillus_fumigatus	0.03191344938856922
fig4_q30_PE_itsxpress_unite_blast_top1_rescue	1Z	fig4_q30_PE_itsxpress_unite_blast_top1_rescue_1Z	Zymo	1	mock_only	UNITE+RefSeq BLAST	RefSeq_BLAST	ITSxpress	PE	Aspergillus_g	0
fig4_q30_PE_itsxpress_unite_blast_top1_rescue	1Z	fig4_q30_PE_itsxpress_unite_blast_top1_rescue_1Z	Zymo	1	mock_only	UNITE+RefSeq BLAST	RefSeq_BLAST	ITSxpress	PE	Cryptococcus_gattii	0
fig4_q30_PE_itsxpress_unite_blast_top1_rescue	1Z	fig4_q30_PE_itsxpress_unite_blast_top1_rescue_1Z	Zymo	1	mock_only	UNITE+RefSeq BLAST	RefSeq_BLAST	ITSxpress	PE	Cryptococcus_neoformans	0.13698973464635178
fig4_q30_PE_itsxpress_unite_blast_top1_rescue	1Z	fig4_q30_PE_itsxpress_unite_blast_top1_rescue_1Z	Zymo	1	mock_only	UNITE+RefSeq BLAST	RefSeq_BLAST	ITSxpress	PE	Trichophyton_interdigitale	0
fig4_q30_PE_itsxpress_unite_blast_top1_rescue	1Z	fig4_q30_PE_itsxpress_unite_blast_top1_rescue_1Z	Zymo	1	mock_only	UNITE+RefSeq BLAST	RefSeq_BLAST	ITSxpress	PE	Trichophyton_mentagrophytes	0.004135381530717739
fig4_q30_PE_itsxpress_unite_blast_top1_rescue	1Z	fig4_q30_PE_itsxpress_unite_blast_top1_rescue_1Z	Zymo	1	mock_only	UNITE+RefSeq BLAST	RefSeq_BLAST	ITSxpress	PE	Penicillium_chrysogenum	0.13879635334537746
fig4_q30_PE_itsxpress_unite_blast_top1_rescue	1Z	fig4_q30_PE_itsxpress_unite_blast_top1_rescue_1Z	Zymo	1	mock_only	UNITE+RefSeq BLAST	RefSeq_BLAST	ITSxpress	PE	Penicillium_flavigenum	0
fig4_q30_PE_itsxpress_unite_blast_top1_rescue	1Z	fig4_q30_PE_itsxpress_unite_blast_top1_rescue_1Z	Zymo	1	mock_only	UNITE+RefSeq BLAST	RefSeq_BLAST	ITSxpress	PE	Penicillium_g	0
fig4_q30_PE_itsxpress_unite_blast_top1_rescue	1Z	fig4_q30_PE_itsxpress_unite_blast_top1_rescue_1Z	Zymo	1	mock_only	UNITE+RefSeq BLAST	RefSeq_BLAST	ITSxpress	PE	Fusarium_g	0
fig4_q30_PE_itsxpress_unite_blast_top1_rescue	1Z	fig4_q30_PE_itsxpress_unite_blast_top1_rescue_1Z	Zymo	1	mock_only	UNITE+RefSeq BLAST	RefSeq_BLAST	ITSxpress	PE	Fusarium_keratoplasticum	0.0014828893367725227
fig4_q30_PE_itsxpress_unite_blast_top1_rescue	1Z	fig4_q30_PE_itsxpress_unite_blast_top1_rescue_1Z	Zymo	1	mock_only	UNITE+RefSeq BLAST	RefSeq_BLAST	ITSxpress	PE	Candida_africana	0
fig4_q30_PE_itsxpress_unite_blast_top1_rescue	1Z	fig4_q30_PE_itsxpress_unite_blast_top1_rescue_1Z	Zymo	1	mock_only	UNITE+RefSeq BLAST	RefSeq_BLAST	ITSxpress	PE	Candida_albicans	0.2892574066145219
fig4_q30_PE_itsxpress_unite_blast_top1_rescue	1Z	fig4_q30_PE_itsxpress_unite_blast_top1_rescue_1Z	Zymo	1	mock_only	UNITE+RefSeq BLAST	RefSeq_BLAST	ITSxpress	PE	Candida_g	0
fig4_q30_PE_itsxpress_unite_blast_top1_rescue	1Z	fig4_q30_PE_itsxpress_unite_blast_top1_rescue_1Z	Zymo	1	mock_only	UNITE+RefSeq BLAST	RefSeq_BLAST	ITSxpress	PE	Candida_tropicalis	0
fig4_q30_PE_itsxpress_unite_blast_top1_rescue	1Z	fig4_q30_PE_itsxpress_unite_blast_top1_rescue_1Z	Zymo	1	mock_only	UNITE+RefSeq BLAST	RefSeq_BLAST	ITSxpress	PE	Nakaseomyces_glabratus	0.09294165561461586
fig4_q30_PE_itsxpress_unite_blast_top1_rescue	1Z	fig4_q30_PE_itsxpress_unite_blast_top1_rescue_1Z	Zymo	1	mock_only	UNITE+RefSeq BLAST	RefSeq_BLAST	ITSxpress	PE	Malassezia_g	0
fig4_q30_PE_itsxpress_unite_blast_top1_rescue	1Z	fig4_q30_PE_itsxpress_unite_blast_top1_rescue_1Z	Zymo	1	mock_only	UNITE+RefSeq BLAST	RefSeq_BLAST	ITSxpress	PE	Malassezia_globosa	5.221441326663812e-5
fig4_q30_PE_itsxpress_unite_blast_top1_rescue	1Z	fig4_q30_PE_itsxpress_unite_blast_top1_rescue_1Z	Zymo	1	mock_only	UNITE+RefSeq BLAST	RefSeq_BLAST	ITSxpress	PE	Saccharomyces_arboricola	0
fig4_q30_PE_itsxpress_unite_blast_top1_rescue	1Z	fig4_q30_PE_itsxpress_unite_blast_top1_rescue_1Z	Zymo	1	mock_only	UNITE+RefSeq BLAST	RefSeq_BLAST	ITSxpress	PE	Saccharomyces_cerevisiae	0.04483129523073549
fig4_q30_PE_itsxpress_unite_blast_top1_rescue	1Z	fig4_q30_PE_itsxpress_unite_blast_top1_rescue_1Z	Zymo	1	mock_only	UNITE+RefSeq BLAST	RefSeq_BLAST	ITSxpress	PE	Saccharomyces_g	0
fig4_q30_PE_itsxpress_unite_blast_top1_rescue	1Z	fig4_q30_PE_itsxpress_unite_blast_top1_rescue_1Z	Zymo	1	mock_only	UNITE+RefSeq BLAST	RefSeq_BLAST	ITSxpress	PE	Saccharomyces_uvarum	0
fig4_q30_PE_itsxpress_unite_blast_top1_rescue	1Z	fig4_q30_PE_itsxpress_unite_blast_top1_rescue_1Z	Zymo	1	mock_only	UNITE+RefSeq BLAST	RefSeq_BLAST	ITSxpress	PE	Cutaneotrichosporon_dermatis	1.8797188775989724e-4
fig4_q30_PE_itsxpress_unite_blast_top1_rescue	1Z	fig4_q30_PE_itsxpress_unite_blast_top1_rescue_1Z	Zymo	1	mock_only	UNITE+RefSeq BLAST	RefSeq_BLAST	ITSxpress	PE	Cutaneotrichosporon_g	0
fig4_q30_PE_itsxpress_unite_blast_top1_rescue	1Z	fig4_q30_PE_itsxpress_unite_blast_top1_rescue_1Z	Zymo	1	mock_only	UNITE+RefSeq BLAST	RefSeq_BLAST	ITSxpress	PE	Cutaneotrichosporon_mucoides	0.2594116479913115
fig4_q30_PE_itsxpress_unite_blast_top1_rescue	1Z	fig4_q30_PE_itsxpress_unite_blast_top1_rescue_1Z	Zymo	1	mock_only	UNITE+RefSeq BLAST	RefSeq_BLAST	ITSxpress	PE	Other	0
fig4_q30_PE_itsxpress_unite_blast_top1_rescue	2D	fig4_q30_PE_itsxpress_unite_blast_top1_rescue_2D	DNeasy	2	mock_only	Mock type-strain BLAST	Mock_type_reference_BLAST	ITSxpress	PE	Aspergillus_fumigatus	0.02909297830446014
fig4_q30_PE_itsxpress_unite_blast_top1_rescue	2D	fig4_q30_PE_itsxpress_unite_blast_top1_rescue_2D	DNeasy	2	mock_only	Mock type-strain BLAST	Mock_type_reference_BLAST	ITSxpress	PE	Aspergillus_g	0
fig4_q30_PE_itsxpress_unite_blast_top1_rescue	2D	fig4_q30_PE_itsxpress_unite_blast_top1_rescue_2D	DNeasy	2	mock_only	Mock type-strain BLAST	Mock_type_reference_BLAST	ITSxpress	PE	Cryptococcus_gattii	0
fig4_q30_PE_itsxpress_unite_blast_top1_rescue	2D	fig4_q30_PE_itsxpress_unite_blast_top1_rescue_2D	DNeasy	2	mock_only	Mock type-strain BLAST	Mock_type_reference_BLAST	ITSxpress	PE	Cryptococcus_neoformans	0.1450945679859819
fig4_q30_PE_itsxpress_unite_blast_top1_rescue	2D	fig4_q30_PE_itsxpress_unite_blast_top1_rescue_2D	DNeasy	2	mock_only	Mock type-strain BLAST	Mock_type_reference_BLAST	ITSxpress	PE	Trichophyton_interdigitale	0.0036400093935726285
fig4_q30_PE_itsxpress_unite_blast_top1_rescue	2D	fig4_q30_PE_itsxpress_unite_blast_top1_rescue_2D	DNeasy	2	mock_only	Mock type-strain BLAST	Mock_type_reference_BLAST	ITSxpress	PE	Trichophyton_mentagrophytes	0
fig4_q30_PE_itsxpress_unite_blast_top1_rescue	2D	fig4_q30_PE_itsxpress_unite_blast_top1_rescue_2D	DNeasy	2	mock_only	Mock type-strain BLAST	Mock_type_reference_BLAST	ITSxpress	PE	Penicillium_chrysogenum	0.1132106147370703
fig4_q30_PE_itsxpress_unite_blast_top1_rescue	2D	fig4_q30_PE_itsxpress_unite_blast_top1_rescue_2D	DNeasy	2	mock_only	Mock type-strain BLAST	Mock_type_reference_BLAST	ITSxpress	PE	Penicillium_flavigenum	0
fig4_q30_PE_itsxpress_unite_blast_top1_rescue	2D	fig4_q30_PE_itsxpress_unite_blast_top1_rescue_2D	DNeasy	2	mock_only	Mock type-strain BLAST	Mock_type_reference_BLAST	ITSxpress	PE	Penicillium_g	0
fig4_q30_PE_itsxpress_unite_blast_top1_rescue	2D	fig4_q30_PE_itsxpress_unite_blast_top1_rescue_2D	DNeasy	2	mock_only	Mock type-strain BLAST	Mock_type_reference_BLAST	ITSxpress	PE	Fusarium_g	0
fig4_q30_PE_itsxpress_unite_blast_top1_rescue	2D	fig4_q30_PE_itsxpress_unite_blast_top1_rescue_2D	DNeasy	2	mock_only	Mock type-strain BLAST	Mock_type_reference_BLAST	ITSxpress	PE	Fusarium_keratoplasticum	0.001418068175659808
fig4_q30_PE_itsxpress_unite_blast_top1_rescue	2D	fig4_q30_PE_itsxpress_unite_blast_top1_rescue_2D	DNeasy	2	mock_only	Mock type-strain BLAST	Mock_type_reference_BLAST	ITSxpress	PE	Candida_africana	0
fig4_q30_PE_itsxpress_unite_blast_top1_rescue	2D	fig4_q30_PE_itsxpress_unite_blast_top1_rescue_2D	DNeasy	2	mock_only	Mock type-strain BLAST	Mock_type_reference_BLAST	ITSxpress	PE	Candida_albicans	0.30561627255812274
fig4_q30_PE_itsxpress_unite_blast_top1_rescue	2D	fig4_q30_PE_itsxpress_unite_blast_top1_rescue_2D	DNeasy	2	mock_only	Mock type-strain BLAST	Mock_type_reference_BLAST	ITSxpress	PE	Candida_g	0
fig4_q30_PE_itsxpress_unite_blast_top1_rescue	2D	fig4_q30_PE_itsxpress_unite_blast_top1_rescue_2D	DNeasy	2	mock_only	Mock type-strain BLAST	Mock_type_reference_BLAST	ITSxpress	PE	Candida_tropicalis	0
fig4_q30_PE_itsxpress_unite_blast_top1_rescue	2D	fig4_q30_PE_itsxpress_unite_blast_top1_rescue_2D	DNeasy	2	mock_only	Mock type-strain BLAST	Mock_type_reference_BLAST	ITSxpress	PE	Nakaseomyces_glabratus	0.10994092887981646
fig4_q30_PE_itsxpress_unite_blast_top1_rescue	2D	fig4_q30_PE_itsxpress_unite_blast_top1_rescue_2D	DNeasy	2	mock_only	Mock type-strain BLAST	Mock_type_reference_BLAST	ITSxpress	PE	Malassezia_g	0
fig4_q30_PE_itsxpress_unite_blast_top1_rescue	2D	fig4_q30_PE_itsxpress_unite_blast_top1_rescue_2D	DNeasy	2	mock_only	Mock type-strain BLAST	Mock_type_reference_BLAST	ITSxpress	PE	Malassezia_globosa	0
fig4_q30_PE_itsxpress_unite_blast_top1_rescue	2D	fig4_q30_PE_itsxpress_unite_blast_top1_rescue_2D	DNeasy	2	mock_only	Mock type-strain BLAST	Mock_type_reference_BLAST	ITSxpress	PE	Saccharomyces_arboricola	0
fig4_q30_PE_itsxpress_unite_blast_top1_rescue	2D	fig4_q30_PE_itsxpress_unite_blast_top1_rescue_2D	DNeasy	2	mock_only	Mock type-strain BLAST	Mock_type_reference_BLAST	ITSxpress	PE	Saccharomyces_cerevisiae	0.06636920353342847
fig4_q30_PE_itsxpress_unite_blast_top1_rescue	2D	fig4_q30_PE_itsxpress_unite_blast_top1_rescue_2D	DNeasy	2	mock_only	Mock type-strain BLAST	Mock_type_reference_BLAST	ITSxpress	PE	Saccharomyces_g	0
fig4_q30_PE_itsxpress_unite_blast_top1_rescue	2D	fig4_q30_PE_itsxpress_unite_blast_top1_rescue_2D	DNeasy	2	mock_only	Mock type-strain BLAST	Mock_type_reference_BLAST	ITSxpress	PE	Saccharomyces_uvarum	0
fig4_q30_PE_itsxpress_unite_blast_top1_rescue	2D	fig4_q30_PE_itsxpress_unite_blast_top1_rescue_2D	DNeasy	2	mock_only	Mock type-strain BLAST	Mock_type_reference_BLAST	ITSxpress	PE	Cutaneotrichosporon_dermatis	0.22561735643188757
fig4_q30_PE_itsxpress_unite_blast_top1_rescue	2D	fig4_q30_PE_itsxpress_unite_blast_top1_rescue_2D	DNeasy	2	mock_only	Mock type-strain BLAST	Mock_type_reference_BLAST	ITSxpress	PE	Cutaneotrichosporon_g	0
fig4_q30_PE_itsxpress_unite_blast_top1_rescue	2D	fig4_q30_PE_itsxpress_unite_blast_top1_rescue_2D	DNeasy	2	mock_only	Mock type-strain BLAST	Mock_type_reference_BLAST	ITSxpress	PE	Cutaneotrichosporon_mucoides	0
fig4_q30_PE_itsxpress_unite_blast_top1_rescue	2D	fig4_q30_PE_itsxpress_unite_blast_top1_rescue_2D	DNeasy	2	mock_only	Mock type-strain BLAST	Mock_type_reference_BLAST	ITSxpress	PE	Other	0
fig4_q30_PE_itsxpress_unite_blast_top1_rescue	2D	fig4_q30_PE_itsxpress_unite_blast_top1_rescue_2D	DNeasy	2	mock_only	UNITE	No_BLAST	ITSxpress	PE	Aspergillus_fumigatus	0.02909297830446014
fig4_q30_PE_itsxpress_unite_blast_top1_rescue	2D	fig4_q30_PE_itsxpress_unite_blast_top1_rescue_2D	DNeasy	2	mock_only	UNITE	No_BLAST	ITSxpress	PE	Aspergillus_g	0
fig4_q30_PE_itsxpress_unite_blast_top1_rescue	2D	fig4_q30_PE_itsxpress_unite_blast_top1_rescue_2D	DNeasy	2	mock_only	UNITE	No_BLAST	ITSxpress	PE	Cryptococcus_gattii	0
fig4_q30_PE_itsxpress_unite_blast_top1_rescue	2D	fig4_q30_PE_itsxpress_unite_blast_top1_rescue_2D	DNeasy	2	mock_only	UNITE	No_BLAST	ITSxpress	PE	Cryptococcus_neoformans	0.14496811604675108
fig4_q30_PE_itsxpress_unite_blast_top1_rescue	2D	fig4_q30_PE_itsxpress_unite_blast_top1_rescue_2D	DNeasy	2	mock_only	UNITE	No_BLAST	ITSxpress	PE	Trichophyton_interdigitale	0
fig4_q30_PE_itsxpress_unite_blast_top1_rescue	2D	fig4_q30_PE_itsxpress_unite_blast_top1_rescue_2D	DNeasy	2	mock_only	UNITE	No_BLAST	ITSxpress	PE	Trichophyton_mentagrophytes	0.0036400093935726285
fig4_q30_PE_itsxpress_unite_blast_top1_rescue	2D	fig4_q30_PE_itsxpress_unite_blast_top1_rescue_2D	DNeasy	2	mock_only	UNITE	No_BLAST	ITSxpress	PE	Penicillium_chrysogenum	0
fig4_q30_PE_itsxpress_unite_blast_top1_rescue	2D	fig4_q30_PE_itsxpress_unite_blast_top1_rescue_2D	DNeasy	2	mock_only	UNITE	No_BLAST	ITSxpress	PE	Penicillium_flavigenum	0
fig4_q30_PE_itsxpress_unite_blast_top1_rescue	2D	fig4_q30_PE_itsxpress_unite_blast_top1_rescue_2D	DNeasy	2	mock_only	UNITE	No_BLAST	ITSxpress	PE	Penicillium_g	0
fig4_q30_PE_itsxpress_unite_blast_top1_rescue	2D	fig4_q30_PE_itsxpress_unite_blast_top1_rescue_2D	DNeasy	2	mock_only	UNITE	No_BLAST	ITSxpress	PE	Fusarium_g	0
fig4_q30_PE_itsxpress_unite_blast_top1_rescue	2D	fig4_q30_PE_itsxpress_unite_blast_top1_rescue_2D	DNeasy	2	mock_only	UNITE	No_BLAST	ITSxpress	PE	Fusarium_keratoplasticum	0
fig4_q30_PE_itsxpress_unite_blast_top1_rescue	2D	fig4_q30_PE_itsxpress_unite_blast_top1_rescue_2D	DNeasy	2	mock_only	UNITE	No_BLAST	ITSxpress	PE	Candida_africana	0
fig4_q30_PE_itsxpress_unite_blast_top1_rescue	2D	fig4_q30_PE_itsxpress_unite_blast_top1_rescue_2D	DNeasy	2	mock_only	UNITE	No_BLAST	ITSxpress	PE	Candida_albicans	0.3055078851816392
fig4_q30_PE_itsxpress_unite_blast_top1_rescue	2D	fig4_q30_PE_itsxpress_unite_blast_top1_rescue_2D	DNeasy	2	mock_only	UNITE	No_BLAST	ITSxpress	PE	Candida_g	0
fig4_q30_PE_itsxpress_unite_blast_top1_rescue	2D	fig4_q30_PE_itsxpress_unite_blast_top1_rescue_2D	DNeasy	2	mock_only	UNITE	No_BLAST	ITSxpress	PE	Candida_tropicalis	0
fig4_q30_PE_itsxpress_unite_blast_top1_rescue	2D	fig4_q30_PE_itsxpress_unite_blast_top1_rescue_2D	DNeasy	2	mock_only	UNITE	No_BLAST	ITSxpress	PE	Nakaseomyces_glabratus	0.10978738009646477
fig4_q30_PE_itsxpress_unite_blast_top1_rescue	2D	fig4_q30_PE_itsxpress_unite_blast_top1_rescue_2D	DNeasy	2	mock_only	UNITE	No_BLAST	ITSxpress	PE	Malassezia_g	0
fig4_q30_PE_itsxpress_unite_blast_top1_rescue	2D	fig4_q30_PE_itsxpress_unite_blast_top1_rescue_2D	DNeasy	2	mock_only	UNITE	No_BLAST	ITSxpress	PE	Malassezia_globosa	0
fig4_q30_PE_itsxpress_unite_blast_top1_rescue	2D	fig4_q30_PE_itsxpress_unite_blast_top1_rescue_2D	DNeasy	2	mock_only	UNITE	No_BLAST	ITSxpress	PE	Saccharomyces_arboricola	0
fig4_q30_PE_itsxpress_unite_blast_top1_rescue	2D	fig4_q30_PE_itsxpress_unite_blast_top1_rescue_2D	DNeasy	2	mock_only	UNITE	No_BLAST	ITSxpress	PE	Saccharomyces_cerevisiae	0.06629694528243944
fig4_q30_PE_itsxpress_unite_blast_top1_rescue	2D	fig4_q30_PE_itsxpress_unite_blast_top1_rescue_2D	DNeasy	2	mock_only	UNITE	No_BLAST	ITSxpress	PE	Saccharomyces_g	0
fig4_q30_PE_itsxpress_unite_blast_top1_rescue	2D	fig4_q30_PE_itsxpress_unite_blast_top1_rescue_2D	DNeasy	2	mock_only	UNITE	No_BLAST	ITSxpress	PE	Saccharomyces_uvarum	0
fig4_q30_PE_itsxpress_unite_blast_top1_rescue	2D	fig4_q30_PE_itsxpress_unite_blast_top1_rescue_2D	DNeasy	2	mock_only	UNITE	No_BLAST	ITSxpress	PE	Cutaneotrichosporon_dermatis	0
fig4_q30_PE_itsxpress_unite_blast_top1_rescue	2D	fig4_q30_PE_itsxpress_unite_blast_top1_rescue_2D	DNeasy	2	mock_only	UNITE	No_BLAST	ITSxpress	PE	Cutaneotrichosporon_g	0
fig4_q30_PE_itsxpress_unite_blast_top1_rescue	2D	fig4_q30_PE_itsxpress_unite_blast_top1_rescue_2D	DNeasy	2	mock_only	UNITE	No_BLAST	ITSxpress	PE	Cutaneotrichosporon_mucoides	0.22546380764853588
fig4_q30_PE_itsxpress_unite_blast_top1_rescue	2D	fig4_q30_PE_itsxpress_unite_blast_top1_rescue_2D	DNeasy	2	mock_only	UNITE	No_BLAST	ITSxpress	PE	Other	0.11524287804613689
fig4_q30_PE_itsxpress_unite_blast_top1_rescue	2D	fig4_q30_PE_itsxpress_unite_blast_top1_rescue_2D	DNeasy	2	mock_only	UNITE+RefSeq BLAST	RefSeq_BLAST	ITSxpress	PE	Aspergillus_fumigatus	0.02909297830446014
fig4_q30_PE_itsxpress_unite_blast_top1_rescue	2D	fig4_q30_PE_itsxpress_unite_blast_top1_rescue_2D	DNeasy	2	mock_only	UNITE+RefSeq BLAST	RefSeq_BLAST	ITSxpress	PE	Aspergillus_g	0
fig4_q30_PE_itsxpress_unite_blast_top1_rescue	2D	fig4_q30_PE_itsxpress_unite_blast_top1_rescue_2D	DNeasy	2	mock_only	UNITE+RefSeq BLAST	RefSeq_BLAST	ITSxpress	PE	Cryptococcus_gattii	0
fig4_q30_PE_itsxpress_unite_blast_top1_rescue	2D	fig4_q30_PE_itsxpress_unite_blast_top1_rescue_2D	DNeasy	2	mock_only	UNITE+RefSeq BLAST	RefSeq_BLAST	ITSxpress	PE	Cryptococcus_neoformans	0.1450945679859819
fig4_q30_PE_itsxpress_unite_blast_top1_rescue	2D	fig4_q30_PE_itsxpress_unite_blast_top1_rescue_2D	DNeasy	2	mock_only	UNITE+RefSeq BLAST	RefSeq_BLAST	ITSxpress	PE	Trichophyton_interdigitale	0
fig4_q30_PE_itsxpress_unite_blast_top1_rescue	2D	fig4_q30_PE_itsxpress_unite_blast_top1_rescue_2D	DNeasy	2	mock_only	UNITE+RefSeq BLAST	RefSeq_BLAST	ITSxpress	PE	Trichophyton_mentagrophytes	0.0036400093935726285
fig4_q30_PE_itsxpress_unite_blast_top1_rescue	2D	fig4_q30_PE_itsxpress_unite_blast_top1_rescue_2D	DNeasy	2	mock_only	UNITE+RefSeq BLAST	RefSeq_BLAST	ITSxpress	PE	Penicillium_chrysogenum	0.1132106147370703
fig4_q30_PE_itsxpress_unite_blast_top1_rescue	2D	fig4_q30_PE_itsxpress_unite_blast_top1_rescue_2D	DNeasy	2	mock_only	UNITE+RefSeq BLAST	RefSeq_BLAST	ITSxpress	PE	Penicillium_flavigenum	0
fig4_q30_PE_itsxpress_unite_blast_top1_rescue	2D	fig4_q30_PE_itsxpress_unite_blast_top1_rescue_2D	DNeasy	2	mock_only	UNITE+RefSeq BLAST	RefSeq_BLAST	ITSxpress	PE	Penicillium_g	0
fig4_q30_PE_itsxpress_unite_blast_top1_rescue	2D	fig4_q30_PE_itsxpress_unite_blast_top1_rescue_2D	DNeasy	2	mock_only	UNITE+RefSeq BLAST	RefSeq_BLAST	ITSxpress	PE	Fusarium_g	0
fig4_q30_PE_itsxpress_unite_blast_top1_rescue	2D	fig4_q30_PE_itsxpress_unite_blast_top1_rescue_2D	DNeasy	2	mock_only	UNITE+RefSeq BLAST	RefSeq_BLAST	ITSxpress	PE	Fusarium_keratoplasticum	0.001418068175659808
fig4_q30_PE_itsxpress_unite_blast_top1_rescue	2D	fig4_q30_PE_itsxpress_unite_blast_top1_rescue_2D	DNeasy	2	mock_only	UNITE+RefSeq BLAST	RefSeq_BLAST	ITSxpress	PE	Candida_africana	0
fig4_q30_PE_itsxpress_unite_blast_top1_rescue	2D	fig4_q30_PE_itsxpress_unite_blast_top1_rescue_2D	DNeasy	2	mock_only	UNITE+RefSeq BLAST	RefSeq_BLAST	ITSxpress	PE	Candida_albicans	0.30561627255812274
fig4_q30_PE_itsxpress_unite_blast_top1_rescue	2D	fig4_q30_PE_itsxpress_unite_blast_top1_rescue_2D	DNeasy	2	mock_only	UNITE+RefSeq BLAST	RefSeq_BLAST	ITSxpress	PE	Candida_g	0
fig4_q30_PE_itsxpress_unite_blast_top1_rescue	2D	fig4_q30_PE_itsxpress_unite_blast_top1_rescue_2D	DNeasy	2	mock_only	UNITE+RefSeq BLAST	RefSeq_BLAST	ITSxpress	PE	Candida_tropicalis	0
fig4_q30_PE_itsxpress_unite_blast_top1_rescue	2D	fig4_q30_PE_itsxpress_unite_blast_top1_rescue_2D	DNeasy	2	mock_only	UNITE+RefSeq BLAST	RefSeq_BLAST	ITSxpress	PE	Nakaseomyces_glabratus	0.10994092887981646
fig4_q30_PE_itsxpress_unite_blast_top1_rescue	2D	fig4_q30_PE_itsxpress_unite_blast_top1_rescue_2D	DNeasy	2	mock_only	UNITE+RefSeq BLAST	RefSeq_BLAST	ITSxpress	PE	Malassezia_g	0
fig4_q30_PE_itsxpress_unite_blast_top1_rescue	2D	fig4_q30_PE_itsxpress_unite_blast_top1_rescue_2D	DNeasy	2	mock_only	UNITE+RefSeq BLAST	RefSeq_BLAST	ITSxpress	PE	Malassezia_globosa	0
fig4_q30_PE_itsxpress_unite_blast_top1_rescue	2D	fig4_q30_PE_itsxpress_unite_blast_top1_rescue_2D	DNeasy	2	mock_only	UNITE+RefSeq BLAST	RefSeq_BLAST	ITSxpress	PE	Saccharomyces_arboricola	0
fig4_q30_PE_itsxpress_unite_blast_top1_rescue	2D	fig4_q30_PE_itsxpress_unite_blast_top1_rescue_2D	DNeasy	2	mock_only	UNITE+RefSeq BLAST	RefSeq_BLAST	ITSxpress	PE	Saccharomyces_cerevisiae	0.06629694528243944
fig4_q30_PE_itsxpress_unite_blast_top1_rescue	2D	fig4_q30_PE_itsxpress_unite_blast_top1_rescue_2D	DNeasy	2	mock_only	UNITE+RefSeq BLAST	RefSeq_BLAST	ITSxpress	PE	Saccharomyces_g	7.225825098903481e-5
fig4_q30_PE_itsxpress_unite_blast_top1_rescue	2D	fig4_q30_PE_itsxpress_unite_blast_top1_rescue_2D	DNeasy	2	mock_only	UNITE+RefSeq BLAST	RefSeq_BLAST	ITSxpress	PE	Saccharomyces_uvarum	0
fig4_q30_PE_itsxpress_unite_blast_top1_rescue	2D	fig4_q30_PE_itsxpress_unite_blast_top1_rescue_2D	DNeasy	2	mock_only	UNITE+RefSeq BLAST	RefSeq_BLAST	ITSxpress	PE	Cutaneotrichosporon_dermatis	1.3548422060444027e-4
fig4_q30_PE_itsxpress_unite_blast_top1_rescue	2D	fig4_q30_PE_itsxpress_unite_blast_top1_rescue_2D	DNeasy	2	mock_only	UNITE+RefSeq BLAST	RefSeq_BLAST	ITSxpress	PE	Cutaneotrichosporon_g	0
fig4_q30_PE_itsxpress_unite_blast_top1_rescue	2D	fig4_q30_PE_itsxpress_unite_blast_top1_rescue_2D	DNeasy	2	mock_only	UNITE+RefSeq BLAST	RefSeq_BLAST	ITSxpress	PE	Cutaneotrichosporon_mucoides	0.22546380764853588
fig4_q30_PE_itsxpress_unite_blast_top1_rescue	2D	fig4_q30_PE_itsxpress_unite_blast_top1_rescue_2D	DNeasy	2	mock_only	UNITE+RefSeq BLAST	RefSeq_BLAST	ITSxpress	PE	Other	1.8064562747258703e-5
fig4_q30_PE_itsxpress_unite_blast_top1_rescue	2Q	fig4_q30_PE_itsxpress_unite_blast_top1_rescue_2Q	QIAamp	2	mock_only	Mock type-strain BLAST	Mock_type_reference_BLAST	ITSxpress	PE	Aspergillus_fumigatus	0.03379622264142367
fig4_q30_PE_itsxpress_unite_blast_top1_rescue	2Q	fig4_q30_PE_itsxpress_unite_blast_top1_rescue_2Q	QIAamp	2	mock_only	Mock type-strain BLAST	Mock_type_reference_BLAST	ITSxpress	PE	Aspergillus_g	0
fig4_q30_PE_itsxpress_unite_blast_top1_rescue	2Q	fig4_q30_PE_itsxpress_unite_blast_top1_rescue_2Q	QIAamp	2	mock_only	Mock type-strain BLAST	Mock_type_reference_BLAST	ITSxpress	PE	Cryptococcus_gattii	0
fig4_q30_PE_itsxpress_unite_blast_top1_rescue	2Q	fig4_q30_PE_itsxpress_unite_blast_top1_rescue_2Q	QIAamp	2	mock_only	Mock type-strain BLAST	Mock_type_reference_BLAST	ITSxpress	PE	Cryptococcus_neoformans	0.15984454192140732
fig4_q30_PE_itsxpress_unite_blast_top1_rescue	2Q	fig4_q30_PE_itsxpress_unite_blast_top1_rescue_2Q	QIAamp	2	mock_only	Mock type-strain BLAST	Mock_type_reference_BLAST	ITSxpress	PE	Trichophyton_interdigitale	0.0053561823374773665
fig4_q30_PE_itsxpress_unite_blast_top1_rescue	2Q	fig4_q30_PE_itsxpress_unite_blast_top1_rescue_2Q	QIAamp	2	mock_only	Mock type-strain BLAST	Mock_type_reference_BLAST	ITSxpress	PE	Trichophyton_mentagrophytes	0
fig4_q30_PE_itsxpress_unite_blast_top1_rescue	2Q	fig4_q30_PE_itsxpress_unite_blast_top1_rescue_2Q	QIAamp	2	mock_only	Mock type-strain BLAST	Mock_type_reference_BLAST	ITSxpress	PE	Penicillium_chrysogenum	0.13473033478033591
fig4_q30_PE_itsxpress_unite_blast_top1_rescue	2Q	fig4_q30_PE_itsxpress_unite_blast_top1_rescue_2Q	QIAamp	2	mock_only	Mock type-strain BLAST	Mock_type_reference_BLAST	ITSxpress	PE	Penicillium_flavigenum	0
fig4_q30_PE_itsxpress_unite_blast_top1_rescue	2Q	fig4_q30_PE_itsxpress_unite_blast_top1_rescue_2Q	QIAamp	2	mock_only	Mock type-strain BLAST	Mock_type_reference_BLAST	ITSxpress	PE	Penicillium_g	0
fig4_q30_PE_itsxpress_unite_blast_top1_rescue	2Q	fig4_q30_PE_itsxpress_unite_blast_top1_rescue_2Q	QIAamp	2	mock_only	Mock type-strain BLAST	Mock_type_reference_BLAST	ITSxpress	PE	Fusarium_g	0
fig4_q30_PE_itsxpress_unite_blast_top1_rescue	2Q	fig4_q30_PE_itsxpress_unite_blast_top1_rescue_2Q	QIAamp	2	mock_only	Mock type-strain BLAST	Mock_type_reference_BLAST	ITSxpress	PE	Fusarium_keratoplasticum	0.0021439881209421425
fig4_q30_PE_itsxpress_unite_blast_top1_rescue	2Q	fig4_q30_PE_itsxpress_unite_blast_top1_rescue_2Q	QIAamp	2	mock_only	Mock type-strain BLAST	Mock_type_reference_BLAST	ITSxpress	PE	Candida_africana	0
fig4_q30_PE_itsxpress_unite_blast_top1_rescue	2Q	fig4_q30_PE_itsxpress_unite_blast_top1_rescue_2Q	QIAamp	2	mock_only	Mock type-strain BLAST	Mock_type_reference_BLAST	ITSxpress	PE	Candida_albicans	0.2845140419858027
fig4_q30_PE_itsxpress_unite_blast_top1_rescue	2Q	fig4_q30_PE_itsxpress_unite_blast_top1_rescue_2Q	QIAamp	2	mock_only	Mock type-strain BLAST	Mock_type_reference_BLAST	ITSxpress	PE	Candida_g	0
fig4_q30_PE_itsxpress_unite_blast_top1_rescue	2Q	fig4_q30_PE_itsxpress_unite_blast_top1_rescue_2Q	QIAamp	2	mock_only	Mock type-strain BLAST	Mock_type_reference_BLAST	ITSxpress	PE	Candida_tropicalis	0
fig4_q30_PE_itsxpress_unite_blast_top1_rescue	2Q	fig4_q30_PE_itsxpress_unite_blast_top1_rescue_2Q	QIAamp	2	mock_only	Mock type-strain BLAST	Mock_type_reference_BLAST	ITSxpress	PE	Nakaseomyces_glabratus	0.11660871080403343
fig4_q30_PE_itsxpress_unite_blast_top1_rescue	2Q	fig4_q30_PE_itsxpress_unite_blast_top1_rescue_2Q	QIAamp	2	mock_only	Mock type-strain BLAST	Mock_type_reference_BLAST	ITSxpress	PE	Malassezia_g	0
fig4_q30_PE_itsxpress_unite_blast_top1_rescue	2Q	fig4_q30_PE_itsxpress_unite_blast_top1_rescue_2Q	QIAamp	2	mock_only	Mock type-strain BLAST	Mock_type_reference_BLAST	ITSxpress	PE	Malassezia_globosa	3.030371902391721e-5
fig4_q30_PE_itsxpress_unite_blast_top1_rescue	2Q	fig4_q30_PE_itsxpress_unite_blast_top1_rescue_2Q	QIAamp	2	mock_only	Mock type-strain BLAST	Mock_type_reference_BLAST	ITSxpress	PE	Saccharomyces_arboricola	0
fig4_q30_PE_itsxpress_unite_blast_top1_rescue	2Q	fig4_q30_PE_itsxpress_unite_blast_top1_rescue_2Q	QIAamp	2	mock_only	Mock type-strain BLAST	Mock_type_reference_BLAST	ITSxpress	PE	Saccharomyces_cerevisiae	0.04697076448707167
fig4_q30_PE_itsxpress_unite_blast_top1_rescue	2Q	fig4_q30_PE_itsxpress_unite_blast_top1_rescue_2Q	QIAamp	2	mock_only	Mock type-strain BLAST	Mock_type_reference_BLAST	ITSxpress	PE	Saccharomyces_g	0
fig4_q30_PE_itsxpress_unite_blast_top1_rescue	2Q	fig4_q30_PE_itsxpress_unite_blast_top1_rescue_2Q	QIAamp	2	mock_only	Mock type-strain BLAST	Mock_type_reference_BLAST	ITSxpress	PE	Saccharomyces_uvarum	0
fig4_q30_PE_itsxpress_unite_blast_top1_rescue	2Q	fig4_q30_PE_itsxpress_unite_blast_top1_rescue_2Q	QIAamp	2	mock_only	Mock type-strain BLAST	Mock_type_reference_BLAST	ITSxpress	PE	Cutaneotrichosporon_dermatis	0.2160049092024819
fig4_q30_PE_itsxpress_unite_blast_top1_rescue	2Q	fig4_q30_PE_itsxpress_unite_blast_top1_rescue_2Q	QIAamp	2	mock_only	Mock type-strain BLAST	Mock_type_reference_BLAST	ITSxpress	PE	Cutaneotrichosporon_g	0
fig4_q30_PE_itsxpress_unite_blast_top1_rescue	2Q	fig4_q30_PE_itsxpress_unite_blast_top1_rescue_2Q	QIAamp	2	mock_only	Mock type-strain BLAST	Mock_type_reference_BLAST	ITSxpress	PE	Cutaneotrichosporon_mucoides	0
fig4_q30_PE_itsxpress_unite_blast_top1_rescue	2Q	fig4_q30_PE_itsxpress_unite_blast_top1_rescue_2Q	QIAamp	2	mock_only	Mock type-strain BLAST	Mock_type_reference_BLAST	ITSxpress	PE	Other	0
fig4_q30_PE_itsxpress_unite_blast_top1_rescue	2Q	fig4_q30_PE_itsxpress_unite_blast_top1_rescue_2Q	QIAamp	2	mock_only	UNITE	No_BLAST	ITSxpress	PE	Aspergillus_fumigatus	0.03379622264142367
fig4_q30_PE_itsxpress_unite_blast_top1_rescue	2Q	fig4_q30_PE_itsxpress_unite_blast_top1_rescue_2Q	QIAamp	2	mock_only	UNITE	No_BLAST	ITSxpress	PE	Aspergillus_g	0
fig4_q30_PE_itsxpress_unite_blast_top1_rescue	2Q	fig4_q30_PE_itsxpress_unite_blast_top1_rescue_2Q	QIAamp	2	mock_only	UNITE	No_BLAST	ITSxpress	PE	Cryptococcus_gattii	0
fig4_q30_PE_itsxpress_unite_blast_top1_rescue	2Q	fig4_q30_PE_itsxpress_unite_blast_top1_rescue_2Q	QIAamp	2	mock_only	UNITE	No_BLAST	ITSxpress	PE	Cryptococcus_neoformans	0.1597687826238475
fig4_q30_PE_itsxpress_unite_blast_top1_rescue	2Q	fig4_q30_PE_itsxpress_unite_blast_top1_rescue_2Q	QIAamp	2	mock_only	UNITE	No_BLAST	ITSxpress	PE	Trichophyton_interdigitale	0
fig4_q30_PE_itsxpress_unite_blast_top1_rescue	2Q	fig4_q30_PE_itsxpress_unite_blast_top1_rescue_2Q	QIAamp	2	mock_only	UNITE	No_BLAST	ITSxpress	PE	Trichophyton_mentagrophytes	0.0053561823374773665
fig4_q30_PE_itsxpress_unite_blast_top1_rescue	2Q	fig4_q30_PE_itsxpress_unite_blast_top1_rescue_2Q	QIAamp	2	mock_only	UNITE	No_BLAST	ITSxpress	PE	Penicillium_chrysogenum	0
fig4_q30_PE_itsxpress_unite_blast_top1_rescue	2Q	fig4_q30_PE_itsxpress_unite_blast_top1_rescue_2Q	QIAamp	2	mock_only	UNITE	No_BLAST	ITSxpress	PE	Penicillium_flavigenum	0
fig4_q30_PE_itsxpress_unite_blast_top1_rescue	2Q	fig4_q30_PE_itsxpress_unite_blast_top1_rescue_2Q	QIAamp	2	mock_only	UNITE	No_BLAST	ITSxpress	PE	Penicillium_g	0
fig4_q30_PE_itsxpress_unite_blast_top1_rescue	2Q	fig4_q30_PE_itsxpress_unite_blast_top1_rescue_2Q	QIAamp	2	mock_only	UNITE	No_BLAST	ITSxpress	PE	Fusarium_g	0
fig4_q30_PE_itsxpress_unite_blast_top1_rescue	2Q	fig4_q30_PE_itsxpress_unite_blast_top1_rescue_2Q	QIAamp	2	mock_only	UNITE	No_BLAST	ITSxpress	PE	Fusarium_keratoplasticum	0
fig4_q30_PE_itsxpress_unite_blast_top1_rescue	2Q	fig4_q30_PE_itsxpress_unite_blast_top1_rescue_2Q	QIAamp	2	mock_only	UNITE	No_BLAST	ITSxpress	PE	Candida_africana	0
fig4_q30_PE_itsxpress_unite_blast_top1_rescue	2Q	fig4_q30_PE_itsxpress_unite_blast_top1_rescue_2Q	QIAamp	2	mock_only	UNITE	No_BLAST	ITSxpress	PE	Candida_albicans	0.28435494746092715
fig4_q30_PE_itsxpress_unite_blast_top1_rescue	2Q	fig4_q30_PE_itsxpress_unite_blast_top1_rescue_2Q	QIAamp	2	mock_only	UNITE	No_BLAST	ITSxpress	PE	Candida_g	0
fig4_q30_PE_itsxpress_unite_blast_top1_rescue	2Q	fig4_q30_PE_itsxpress_unite_blast_top1_rescue_2Q	QIAamp	2	mock_only	UNITE	No_BLAST	ITSxpress	PE	Candida_tropicalis	0
fig4_q30_PE_itsxpress_unite_blast_top1_rescue	2Q	fig4_q30_PE_itsxpress_unite_blast_top1_rescue_2Q	QIAamp	2	mock_only	UNITE	No_BLAST	ITSxpress	PE	Nakaseomyces_glabratus	0.11654810336598559
fig4_q30_PE_itsxpress_unite_blast_top1_rescue	2Q	fig4_q30_PE_itsxpress_unite_blast_top1_rescue_2Q	QIAamp	2	mock_only	UNITE	No_BLAST	ITSxpress	PE	Malassezia_g	0
fig4_q30_PE_itsxpress_unite_blast_top1_rescue	2Q	fig4_q30_PE_itsxpress_unite_blast_top1_rescue_2Q	QIAamp	2	mock_only	UNITE	No_BLAST	ITSxpress	PE	Malassezia_globosa	3.030371902391721e-5
fig4_q30_PE_itsxpress_unite_blast_top1_rescue	2Q	fig4_q30_PE_itsxpress_unite_blast_top1_rescue_2Q	QIAamp	2	mock_only	UNITE	No_BLAST	ITSxpress	PE	Saccharomyces_arboricola	0
fig4_q30_PE_itsxpress_unite_blast_top1_rescue	2Q	fig4_q30_PE_itsxpress_unite_blast_top1_rescue_2Q	QIAamp	2	mock_only	UNITE	No_BLAST	ITSxpress	PE	Saccharomyces_cerevisiae	0.04697076448707167
fig4_q30_PE_itsxpress_unite_blast_top1_rescue	2Q	fig4_q30_PE_itsxpress_unite_blast_top1_rescue_2Q	QIAamp	2	mock_only	UNITE	No_BLAST	ITSxpress	PE	Saccharomyces_g	0
fig4_q30_PE_itsxpress_unite_blast_top1_rescue	2Q	fig4_q30_PE_itsxpress_unite_blast_top1_rescue_2Q	QIAamp	2	mock_only	UNITE	No_BLAST	ITSxpress	PE	Saccharomyces_uvarum	0
fig4_q30_PE_itsxpress_unite_blast_top1_rescue	2Q	fig4_q30_PE_itsxpress_unite_blast_top1_rescue_2Q	QIAamp	2	mock_only	UNITE	No_BLAST	ITSxpress	PE	Cutaneotrichosporon_dermatis	0
fig4_q30_PE_itsxpress_unite_blast_top1_rescue	2Q	fig4_q30_PE_itsxpress_unite_blast_top1_rescue_2Q	QIAamp	2	mock_only	UNITE	No_BLAST	ITSxpress	PE	Cutaneotrichosporon_g	0
fig4_q30_PE_itsxpress_unite_blast_top1_rescue	2Q	fig4_q30_PE_itsxpress_unite_blast_top1_rescue_2Q	QIAamp	2	mock_only	UNITE	No_BLAST	ITSxpress	PE	Cutaneotrichosporon_mucoides	0.21587611839663023
fig4_q30_PE_itsxpress_unite_blast_top1_rescue	2Q	fig4_q30_PE_itsxpress_unite_blast_top1_rescue_2Q	QIAamp	2	mock_only	UNITE	No_BLAST	ITSxpress	PE	Other	0.13729857496761289
fig4_q30_PE_itsxpress_unite_blast_top1_rescue	2Q	fig4_q30_PE_itsxpress_unite_blast_top1_rescue_2Q	QIAamp	2	mock_only	UNITE+RefSeq BLAST	RefSeq_BLAST	ITSxpress	PE	Aspergillus_fumigatus	0.03379622264142367
fig4_q30_PE_itsxpress_unite_blast_top1_rescue	2Q	fig4_q30_PE_itsxpress_unite_blast_top1_rescue_2Q	QIAamp	2	mock_only	UNITE+RefSeq BLAST	RefSeq_BLAST	ITSxpress	PE	Aspergillus_g	0
fig4_q30_PE_itsxpress_unite_blast_top1_rescue	2Q	fig4_q30_PE_itsxpress_unite_blast_top1_rescue_2Q	QIAamp	2	mock_only	UNITE+RefSeq BLAST	RefSeq_BLAST	ITSxpress	PE	Cryptococcus_gattii	0
fig4_q30_PE_itsxpress_unite_blast_top1_rescue	2Q	fig4_q30_PE_itsxpress_unite_blast_top1_rescue_2Q	QIAamp	2	mock_only	UNITE+RefSeq BLAST	RefSeq_BLAST	ITSxpress	PE	Cryptococcus_neoformans	0.15984454192140732
fig4_q30_PE_itsxpress_unite_blast_top1_rescue	2Q	fig4_q30_PE_itsxpress_unite_blast_top1_rescue_2Q	QIAamp	2	mock_only	UNITE+RefSeq BLAST	RefSeq_BLAST	ITSxpress	PE	Trichophyton_interdigitale	0
fig4_q30_PE_itsxpress_unite_blast_top1_rescue	2Q	fig4_q30_PE_itsxpress_unite_blast_top1_rescue_2Q	QIAamp	2	mock_only	UNITE+RefSeq BLAST	RefSeq_BLAST	ITSxpress	PE	Trichophyton_mentagrophytes	0.0053561823374773665
fig4_q30_PE_itsxpress_unite_blast_top1_rescue	2Q	fig4_q30_PE_itsxpress_unite_blast_top1_rescue_2Q	QIAamp	2	mock_only	UNITE+RefSeq BLAST	RefSeq_BLAST	ITSxpress	PE	Penicillium_chrysogenum	0.13473033478033591
fig4_q30_PE_itsxpress_unite_blast_top1_rescue	2Q	fig4_q30_PE_itsxpress_unite_blast_top1_rescue_2Q	QIAamp	2	mock_only	UNITE+RefSeq BLAST	RefSeq_BLAST	ITSxpress	PE	Penicillium_flavigenum	0
fig4_q30_PE_itsxpress_unite_blast_top1_rescue	2Q	fig4_q30_PE_itsxpress_unite_blast_top1_rescue_2Q	QIAamp	2	mock_only	UNITE+RefSeq BLAST	RefSeq_BLAST	ITSxpress	PE	Penicillium_g	0
fig4_q30_PE_itsxpress_unite_blast_top1_rescue	2Q	fig4_q30_PE_itsxpress_unite_blast_top1_rescue_2Q	QIAamp	2	mock_only	UNITE+RefSeq BLAST	RefSeq_BLAST	ITSxpress	PE	Fusarium_g	0
fig4_q30_PE_itsxpress_unite_blast_top1_rescue	2Q	fig4_q30_PE_itsxpress_unite_blast_top1_rescue_2Q	QIAamp	2	mock_only	UNITE+RefSeq BLAST	RefSeq_BLAST	ITSxpress	PE	Fusarium_keratoplasticum	0.0021439881209421425
fig4_q30_PE_itsxpress_unite_blast_top1_rescue	2Q	fig4_q30_PE_itsxpress_unite_blast_top1_rescue_2Q	QIAamp	2	mock_only	UNITE+RefSeq BLAST	RefSeq_BLAST	ITSxpress	PE	Candida_africana	0
fig4_q30_PE_itsxpress_unite_blast_top1_rescue	2Q	fig4_q30_PE_itsxpress_unite_blast_top1_rescue_2Q	QIAamp	2	mock_only	UNITE+RefSeq BLAST	RefSeq_BLAST	ITSxpress	PE	Candida_albicans	0.2845140419858027
fig4_q30_PE_itsxpress_unite_blast_top1_rescue	2Q	fig4_q30_PE_itsxpress_unite_blast_top1_rescue_2Q	QIAamp	2	mock_only	UNITE+RefSeq BLAST	RefSeq_BLAST	ITSxpress	PE	Candida_g	0
fig4_q30_PE_itsxpress_unite_blast_top1_rescue	2Q	fig4_q30_PE_itsxpress_unite_blast_top1_rescue_2Q	QIAamp	2	mock_only	UNITE+RefSeq BLAST	RefSeq_BLAST	ITSxpress	PE	Candida_tropicalis	0
fig4_q30_PE_itsxpress_unite_blast_top1_rescue	2Q	fig4_q30_PE_itsxpress_unite_blast_top1_rescue_2Q	QIAamp	2	mock_only	UNITE+RefSeq BLAST	RefSeq_BLAST	ITSxpress	PE	Nakaseomyces_glabratus	0.11660871080403343
fig4_q30_PE_itsxpress_unite_blast_top1_rescue	2Q	fig4_q30_PE_itsxpress_unite_blast_top1_rescue_2Q	QIAamp	2	mock_only	UNITE+RefSeq BLAST	RefSeq_BLAST	ITSxpress	PE	Malassezia_g	0
fig4_q30_PE_itsxpress_unite_blast_top1_rescue	2Q	fig4_q30_PE_itsxpress_unite_blast_top1_rescue_2Q	QIAamp	2	mock_only	UNITE+RefSeq BLAST	RefSeq_BLAST	ITSxpress	PE	Malassezia_globosa	3.030371902391721e-5
fig4_q30_PE_itsxpress_unite_blast_top1_rescue	2Q	fig4_q30_PE_itsxpress_unite_blast_top1_rescue_2Q	QIAamp	2	mock_only	UNITE+RefSeq BLAST	RefSeq_BLAST	ITSxpress	PE	Saccharomyces_arboricola	0
fig4_q30_PE_itsxpress_unite_blast_top1_rescue	2Q	fig4_q30_PE_itsxpress_unite_blast_top1_rescue_2Q	QIAamp	2	mock_only	UNITE+RefSeq BLAST	RefSeq_BLAST	ITSxpress	PE	Saccharomyces_cerevisiae	0.04697076448707167
fig4_q30_PE_itsxpress_unite_blast_top1_rescue	2Q	fig4_q30_PE_itsxpress_unite_blast_top1_rescue_2Q	QIAamp	2	mock_only	UNITE+RefSeq BLAST	RefSeq_BLAST	ITSxpress	PE	Saccharomyces_g	0
fig4_q30_PE_itsxpress_unite_blast_top1_rescue	2Q	fig4_q30_PE_itsxpress_unite_blast_top1_rescue_2Q	QIAamp	2	mock_only	UNITE+RefSeq BLAST	RefSeq_BLAST	ITSxpress	PE	Saccharomyces_uvarum	0
fig4_q30_PE_itsxpress_unite_blast_top1_rescue	2Q	fig4_q30_PE_itsxpress_unite_blast_top1_rescue_2Q	QIAamp	2	mock_only	UNITE+RefSeq BLAST	RefSeq_BLAST	ITSxpress	PE	Cutaneotrichosporon_dermatis	1.2879080585164815e-4
fig4_q30_PE_itsxpress_unite_blast_top1_rescue	2Q	fig4_q30_PE_itsxpress_unite_blast_top1_rescue_2Q	QIAamp	2	mock_only	UNITE+RefSeq BLAST	RefSeq_BLAST	ITSxpress	PE	Cutaneotrichosporon_g	0
fig4_q30_PE_itsxpress_unite_blast_top1_rescue	2Q	fig4_q30_PE_itsxpress_unite_blast_top1_rescue_2Q	QIAamp	2	mock_only	UNITE+RefSeq BLAST	RefSeq_BLAST	ITSxpress	PE	Cutaneotrichosporon_mucoides	0.21587611839663023
fig4_q30_PE_itsxpress_unite_blast_top1_rescue	2Q	fig4_q30_PE_itsxpress_unite_blast_top1_rescue_2Q	QIAamp	2	mock_only	UNITE+RefSeq BLAST	RefSeq_BLAST	ITSxpress	PE	Other	0
fig4_q30_PE_itsxpress_unite_blast_top1_rescue	2Z	fig4_q30_PE_itsxpress_unite_blast_top1_rescue_2Z	Zymo	2	mock_only	Mock type-strain BLAST	Mock_type_reference_BLAST	ITSxpress	PE	Aspergillus_fumigatus	0.03450649205699617
fig4_q30_PE_itsxpress_unite_blast_top1_rescue	2Z	fig4_q30_PE_itsxpress_unite_blast_top1_rescue_2Z	Zymo	2	mock_only	Mock type-strain BLAST	Mock_type_reference_BLAST	ITSxpress	PE	Aspergillus_g	0
fig4_q30_PE_itsxpress_unite_blast_top1_rescue	2Z	fig4_q30_PE_itsxpress_unite_blast_top1_rescue_2Z	Zymo	2	mock_only	Mock type-strain BLAST	Mock_type_reference_BLAST	ITSxpress	PE	Cryptococcus_gattii	0
fig4_q30_PE_itsxpress_unite_blast_top1_rescue	2Z	fig4_q30_PE_itsxpress_unite_blast_top1_rescue_2Z	Zymo	2	mock_only	Mock type-strain BLAST	Mock_type_reference_BLAST	ITSxpress	PE	Cryptococcus_neoformans	0.14742921983704751
fig4_q30_PE_itsxpress_unite_blast_top1_rescue	2Z	fig4_q30_PE_itsxpress_unite_blast_top1_rescue_2Z	Zymo	2	mock_only	Mock type-strain BLAST	Mock_type_reference_BLAST	ITSxpress	PE	Trichophyton_interdigitale	0.0051527214554112875
fig4_q30_PE_itsxpress_unite_blast_top1_rescue	2Z	fig4_q30_PE_itsxpress_unite_blast_top1_rescue_2Z	Zymo	2	mock_only	Mock type-strain BLAST	Mock_type_reference_BLAST	ITSxpress	PE	Trichophyton_mentagrophytes	0
fig4_q30_PE_itsxpress_unite_blast_top1_rescue	2Z	fig4_q30_PE_itsxpress_unite_blast_top1_rescue_2Z	Zymo	2	mock_only	Mock type-strain BLAST	Mock_type_reference_BLAST	ITSxpress	PE	Penicillium_chrysogenum	0.14699207559805053
fig4_q30_PE_itsxpress_unite_blast_top1_rescue	2Z	fig4_q30_PE_itsxpress_unite_blast_top1_rescue_2Z	Zymo	2	mock_only	Mock type-strain BLAST	Mock_type_reference_BLAST	ITSxpress	PE	Penicillium_flavigenum	0
fig4_q30_PE_itsxpress_unite_blast_top1_rescue	2Z	fig4_q30_PE_itsxpress_unite_blast_top1_rescue_2Z	Zymo	2	mock_only	Mock type-strain BLAST	Mock_type_reference_BLAST	ITSxpress	PE	Penicillium_g	0
fig4_q30_PE_itsxpress_unite_blast_top1_rescue	2Z	fig4_q30_PE_itsxpress_unite_blast_top1_rescue_2Z	Zymo	2	mock_only	Mock type-strain BLAST	Mock_type_reference_BLAST	ITSxpress	PE	Fusarium_g	0
fig4_q30_PE_itsxpress_unite_blast_top1_rescue	2Z	fig4_q30_PE_itsxpress_unite_blast_top1_rescue_2Z	Zymo	2	mock_only	Mock type-strain BLAST	Mock_type_reference_BLAST	ITSxpress	PE	Fusarium_keratoplasticum	0.0018787901335615164
fig4_q30_PE_itsxpress_unite_blast_top1_rescue	2Z	fig4_q30_PE_itsxpress_unite_blast_top1_rescue_2Z	Zymo	2	mock_only	Mock type-strain BLAST	Mock_type_reference_BLAST	ITSxpress	PE	Candida_africana	0
fig4_q30_PE_itsxpress_unite_blast_top1_rescue	2Z	fig4_q30_PE_itsxpress_unite_blast_top1_rescue_2Z	Zymo	2	mock_only	Mock type-strain BLAST	Mock_type_reference_BLAST	ITSxpress	PE	Candida_albicans	0.29817887570222107
fig4_q30_PE_itsxpress_unite_blast_top1_rescue	2Z	fig4_q30_PE_itsxpress_unite_blast_top1_rescue_2Z	Zymo	2	mock_only	Mock type-strain BLAST	Mock_type_reference_BLAST	ITSxpress	PE	Candida_g	0
fig4_q30_PE_itsxpress_unite_blast_top1_rescue	2Z	fig4_q30_PE_itsxpress_unite_blast_top1_rescue_2Z	Zymo	2	mock_only	Mock type-strain BLAST	Mock_type_reference_BLAST	ITSxpress	PE	Candida_tropicalis	0
fig4_q30_PE_itsxpress_unite_blast_top1_rescue	2Z	fig4_q30_PE_itsxpress_unite_blast_top1_rescue_2Z	Zymo	2	mock_only	Mock type-strain BLAST	Mock_type_reference_BLAST	ITSxpress	PE	Nakaseomyces_glabratus	0.10404032888128278
fig4_q30_PE_itsxpress_unite_blast_top1_rescue	2Z	fig4_q30_PE_itsxpress_unite_blast_top1_rescue_2Z	Zymo	2	mock_only	Mock type-strain BLAST	Mock_type_reference_BLAST	ITSxpress	PE	Malassezia_g	0
fig4_q30_PE_itsxpress_unite_blast_top1_rescue	2Z	fig4_q30_PE_itsxpress_unite_blast_top1_rescue_2Z	Zymo	2	mock_only	Mock type-strain BLAST	Mock_type_reference_BLAST	ITSxpress	PE	Malassezia_globosa	1.2091223631831542e-4
fig4_q30_PE_itsxpress_unite_blast_top1_rescue	2Z	fig4_q30_PE_itsxpress_unite_blast_top1_rescue_2Z	Zymo	2	mock_only	Mock type-strain BLAST	Mock_type_reference_BLAST	ITSxpress	PE	Saccharomyces_arboricola	0
fig4_q30_PE_itsxpress_unite_blast_top1_rescue	2Z	fig4_q30_PE_itsxpress_unite_blast_top1_rescue_2Z	Zymo	2	mock_only	Mock type-strain BLAST	Mock_type_reference_BLAST	ITSxpress	PE	Saccharomyces_cerevisiae	0.05466163175713382
fig4_q30_PE_itsxpress_unite_blast_top1_rescue	2Z	fig4_q30_PE_itsxpress_unite_blast_top1_rescue_2Z	Zymo	2	mock_only	Mock type-strain BLAST	Mock_type_reference_BLAST	ITSxpress	PE	Saccharomyces_g	0
fig4_q30_PE_itsxpress_unite_blast_top1_rescue	2Z	fig4_q30_PE_itsxpress_unite_blast_top1_rescue_2Z	Zymo	2	mock_only	Mock type-strain BLAST	Mock_type_reference_BLAST	ITSxpress	PE	Saccharomyces_uvarum	0
fig4_q30_PE_itsxpress_unite_blast_top1_rescue	2Z	fig4_q30_PE_itsxpress_unite_blast_top1_rescue_2Z	Zymo	2	mock_only	Mock type-strain BLAST	Mock_type_reference_BLAST	ITSxpress	PE	Cutaneotrichosporon_dermatis	0.207038952341977
fig4_q30_PE_itsxpress_unite_blast_top1_rescue	2Z	fig4_q30_PE_itsxpress_unite_blast_top1_rescue_2Z	Zymo	2	mock_only	Mock type-strain BLAST	Mock_type_reference_BLAST	ITSxpress	PE	Cutaneotrichosporon_g	0
fig4_q30_PE_itsxpress_unite_blast_top1_rescue	2Z	fig4_q30_PE_itsxpress_unite_blast_top1_rescue_2Z	Zymo	2	mock_only	Mock type-strain BLAST	Mock_type_reference_BLAST	ITSxpress	PE	Cutaneotrichosporon_mucoides	0
fig4_q30_PE_itsxpress_unite_blast_top1_rescue	2Z	fig4_q30_PE_itsxpress_unite_blast_top1_rescue_2Z	Zymo	2	mock_only	Mock type-strain BLAST	Mock_type_reference_BLAST	ITSxpress	PE	Other	0
fig4_q30_PE_itsxpress_unite_blast_top1_rescue	2Z	fig4_q30_PE_itsxpress_unite_blast_top1_rescue_2Z	Zymo	2	mock_only	UNITE	No_BLAST	ITSxpress	PE	Aspergillus_fumigatus	0.03450649205699617
fig4_q30_PE_itsxpress_unite_blast_top1_rescue	2Z	fig4_q30_PE_itsxpress_unite_blast_top1_rescue_2Z	Zymo	2	mock_only	UNITE	No_BLAST	ITSxpress	PE	Aspergillus_g	0
fig4_q30_PE_itsxpress_unite_blast_top1_rescue	2Z	fig4_q30_PE_itsxpress_unite_blast_top1_rescue_2Z	Zymo	2	mock_only	UNITE	No_BLAST	ITSxpress	PE	Cryptococcus_gattii	0
fig4_q30_PE_itsxpress_unite_blast_top1_rescue	2Z	fig4_q30_PE_itsxpress_unite_blast_top1_rescue_2Z	Zymo	2	mock_only	UNITE	No_BLAST	ITSxpress	PE	Cryptococcus_neoformans	0.14735481230700548
fig4_q30_PE_itsxpress_unite_blast_top1_rescue	2Z	fig4_q30_PE_itsxpress_unite_blast_top1_rescue_2Z	Zymo	2	mock_only	UNITE	No_BLAST	ITSxpress	PE	Trichophyton_interdigitale	0
fig4_q30_PE_itsxpress_unite_blast_top1_rescue	2Z	fig4_q30_PE_itsxpress_unite_blast_top1_rescue_2Z	Zymo	2	mock_only	UNITE	No_BLAST	ITSxpress	PE	Trichophyton_mentagrophytes	0.0051527214554112875
fig4_q30_PE_itsxpress_unite_blast_top1_rescue	2Z	fig4_q30_PE_itsxpress_unite_blast_top1_rescue_2Z	Zymo	2	mock_only	UNITE	No_BLAST	ITSxpress	PE	Penicillium_chrysogenum	0
fig4_q30_PE_itsxpress_unite_blast_top1_rescue	2Z	fig4_q30_PE_itsxpress_unite_blast_top1_rescue_2Z	Zymo	2	mock_only	UNITE	No_BLAST	ITSxpress	PE	Penicillium_flavigenum	0
fig4_q30_PE_itsxpress_unite_blast_top1_rescue	2Z	fig4_q30_PE_itsxpress_unite_blast_top1_rescue_2Z	Zymo	2	mock_only	UNITE	No_BLAST	ITSxpress	PE	Penicillium_g	0
fig4_q30_PE_itsxpress_unite_blast_top1_rescue	2Z	fig4_q30_PE_itsxpress_unite_blast_top1_rescue_2Z	Zymo	2	mock_only	UNITE	No_BLAST	ITSxpress	PE	Fusarium_g	0
fig4_q30_PE_itsxpress_unite_blast_top1_rescue	2Z	fig4_q30_PE_itsxpress_unite_blast_top1_rescue_2Z	Zymo	2	mock_only	UNITE	No_BLAST	ITSxpress	PE	Fusarium_keratoplasticum	0
fig4_q30_PE_itsxpress_unite_blast_top1_rescue	2Z	fig4_q30_PE_itsxpress_unite_blast_top1_rescue_2Z	Zymo	2	mock_only	UNITE	No_BLAST	ITSxpress	PE	Candida_africana	0
fig4_q30_PE_itsxpress_unite_blast_top1_rescue	2Z	fig4_q30_PE_itsxpress_unite_blast_top1_rescue_2Z	Zymo	2	mock_only	UNITE	No_BLAST	ITSxpress	PE	Candida_albicans	0.29805796346590274
fig4_q30_PE_itsxpress_unite_blast_top1_rescue	2Z	fig4_q30_PE_itsxpress_unite_blast_top1_rescue_2Z	Zymo	2	mock_only	UNITE	No_BLAST	ITSxpress	PE	Candida_g	0
fig4_q30_PE_itsxpress_unite_blast_top1_rescue	2Z	fig4_q30_PE_itsxpress_unite_blast_top1_rescue_2Z	Zymo	2	mock_only	UNITE	No_BLAST	ITSxpress	PE	Candida_tropicalis	0
fig4_q30_PE_itsxpress_unite_blast_top1_rescue	2Z	fig4_q30_PE_itsxpress_unite_blast_top1_rescue_2Z	Zymo	2	mock_only	UNITE	No_BLAST	ITSxpress	PE	Nakaseomyces_glabratus	0.10404032888128278
fig4_q30_PE_itsxpress_unite_blast_top1_rescue	2Z	fig4_q30_PE_itsxpress_unite_blast_top1_rescue_2Z	Zymo	2	mock_only	UNITE	No_BLAST	ITSxpress	PE	Malassezia_g	0
fig4_q30_PE_itsxpress_unite_blast_top1_rescue	2Z	fig4_q30_PE_itsxpress_unite_blast_top1_rescue_2Z	Zymo	2	mock_only	UNITE	No_BLAST	ITSxpress	PE	Malassezia_globosa	1.2091223631831542e-4
fig4_q30_PE_itsxpress_unite_blast_top1_rescue	2Z	fig4_q30_PE_itsxpress_unite_blast_top1_rescue_2Z	Zymo	2	mock_only	UNITE	No_BLAST	ITSxpress	PE	Saccharomyces_arboricola	0
fig4_q30_PE_itsxpress_unite_blast_top1_rescue	2Z	fig4_q30_PE_itsxpress_unite_blast_top1_rescue_2Z	Zymo	2	mock_only	UNITE	No_BLAST	ITSxpress	PE	Saccharomyces_cerevisiae	0.05466163175713382
fig4_q30_PE_itsxpress_unite_blast_top1_rescue	2Z	fig4_q30_PE_itsxpress_unite_blast_top1_rescue_2Z	Zymo	2	mock_only	UNITE	No_BLAST	ITSxpress	PE	Saccharomyces_g	0
fig4_q30_PE_itsxpress_unite_blast_top1_rescue	2Z	fig4_q30_PE_itsxpress_unite_blast_top1_rescue_2Z	Zymo	2	mock_only	UNITE	No_BLAST	ITSxpress	PE	Saccharomyces_uvarum	0
fig4_q30_PE_itsxpress_unite_blast_top1_rescue	2Z	fig4_q30_PE_itsxpress_unite_blast_top1_rescue_2Z	Zymo	2	mock_only	UNITE	No_BLAST	ITSxpress	PE	Cutaneotrichosporon_dermatis	0
fig4_q30_PE_itsxpress_unite_blast_top1_rescue	2Z	fig4_q30_PE_itsxpress_unite_blast_top1_rescue_2Z	Zymo	2	mock_only	UNITE	No_BLAST	ITSxpress	PE	Cutaneotrichosporon_g	0
fig4_q30_PE_itsxpress_unite_blast_top1_rescue	2Z	fig4_q30_PE_itsxpress_unite_blast_top1_rescue_2Z	Zymo	2	mock_only	UNITE	No_BLAST	ITSxpress	PE	Cutaneotrichosporon_mucoides	0.20697384575319022
fig4_q30_PE_itsxpress_unite_blast_top1_rescue	2Z	fig4_q30_PE_itsxpress_unite_blast_top1_rescue_2Z	Zymo	2	mock_only	UNITE	No_BLAST	ITSxpress	PE	Other	0.14913129208675918
fig4_q30_PE_itsxpress_unite_blast_top1_rescue	2Z	fig4_q30_PE_itsxpress_unite_blast_top1_rescue_2Z	Zymo	2	mock_only	UNITE+RefSeq BLAST	RefSeq_BLAST	ITSxpress	PE	Aspergillus_fumigatus	0.03450649205699617
fig4_q30_PE_itsxpress_unite_blast_top1_rescue	2Z	fig4_q30_PE_itsxpress_unite_blast_top1_rescue_2Z	Zymo	2	mock_only	UNITE+RefSeq BLAST	RefSeq_BLAST	ITSxpress	PE	Aspergillus_g	0
fig4_q30_PE_itsxpress_unite_blast_top1_rescue	2Z	fig4_q30_PE_itsxpress_unite_blast_top1_rescue_2Z	Zymo	2	mock_only	UNITE+RefSeq BLAST	RefSeq_BLAST	ITSxpress	PE	Cryptococcus_gattii	0
fig4_q30_PE_itsxpress_unite_blast_top1_rescue	2Z	fig4_q30_PE_itsxpress_unite_blast_top1_rescue_2Z	Zymo	2	mock_only	UNITE+RefSeq BLAST	RefSeq_BLAST	ITSxpress	PE	Cryptococcus_neoformans	0.14742921983704751
fig4_q30_PE_itsxpress_unite_blast_top1_rescue	2Z	fig4_q30_PE_itsxpress_unite_blast_top1_rescue_2Z	Zymo	2	mock_only	UNITE+RefSeq BLAST	RefSeq_BLAST	ITSxpress	PE	Trichophyton_interdigitale	0
fig4_q30_PE_itsxpress_unite_blast_top1_rescue	2Z	fig4_q30_PE_itsxpress_unite_blast_top1_rescue_2Z	Zymo	2	mock_only	UNITE+RefSeq BLAST	RefSeq_BLAST	ITSxpress	PE	Trichophyton_mentagrophytes	0.0051527214554112875
fig4_q30_PE_itsxpress_unite_blast_top1_rescue	2Z	fig4_q30_PE_itsxpress_unite_blast_top1_rescue_2Z	Zymo	2	mock_only	UNITE+RefSeq BLAST	RefSeq_BLAST	ITSxpress	PE	Penicillium_chrysogenum	0.14699207559805053
fig4_q30_PE_itsxpress_unite_blast_top1_rescue	2Z	fig4_q30_PE_itsxpress_unite_blast_top1_rescue_2Z	Zymo	2	mock_only	UNITE+RefSeq BLAST	RefSeq_BLAST	ITSxpress	PE	Penicillium_flavigenum	0
fig4_q30_PE_itsxpress_unite_blast_top1_rescue	2Z	fig4_q30_PE_itsxpress_unite_blast_top1_rescue_2Z	Zymo	2	mock_only	UNITE+RefSeq BLAST	RefSeq_BLAST	ITSxpress	PE	Penicillium_g	0
fig4_q30_PE_itsxpress_unite_blast_top1_rescue	2Z	fig4_q30_PE_itsxpress_unite_blast_top1_rescue_2Z	Zymo	2	mock_only	UNITE+RefSeq BLAST	RefSeq_BLAST	ITSxpress	PE	Fusarium_g	0
fig4_q30_PE_itsxpress_unite_blast_top1_rescue	2Z	fig4_q30_PE_itsxpress_unite_blast_top1_rescue_2Z	Zymo	2	mock_only	UNITE+RefSeq BLAST	RefSeq_BLAST	ITSxpress	PE	Fusarium_keratoplasticum	0.0018787901335615164
fig4_q30_PE_itsxpress_unite_blast_top1_rescue	2Z	fig4_q30_PE_itsxpress_unite_blast_top1_rescue_2Z	Zymo	2	mock_only	UNITE+RefSeq BLAST	RefSeq_BLAST	ITSxpress	PE	Candida_africana	0
fig4_q30_PE_itsxpress_unite_blast_top1_rescue	2Z	fig4_q30_PE_itsxpress_unite_blast_top1_rescue_2Z	Zymo	2	mock_only	UNITE+RefSeq BLAST	RefSeq_BLAST	ITSxpress	PE	Candida_albicans	0.29817887570222107
fig4_q30_PE_itsxpress_unite_blast_top1_rescue	2Z	fig4_q30_PE_itsxpress_unite_blast_top1_rescue_2Z	Zymo	2	mock_only	UNITE+RefSeq BLAST	RefSeq_BLAST	ITSxpress	PE	Candida_g	0
fig4_q30_PE_itsxpress_unite_blast_top1_rescue	2Z	fig4_q30_PE_itsxpress_unite_blast_top1_rescue_2Z	Zymo	2	mock_only	UNITE+RefSeq BLAST	RefSeq_BLAST	ITSxpress	PE	Candida_tropicalis	0
fig4_q30_PE_itsxpress_unite_blast_top1_rescue	2Z	fig4_q30_PE_itsxpress_unite_blast_top1_rescue_2Z	Zymo	2	mock_only	UNITE+RefSeq BLAST	RefSeq_BLAST	ITSxpress	PE	Nakaseomyces_glabratus	0.10404032888128278
fig4_q30_PE_itsxpress_unite_blast_top1_rescue	2Z	fig4_q30_PE_itsxpress_unite_blast_top1_rescue_2Z	Zymo	2	mock_only	UNITE+RefSeq BLAST	RefSeq_BLAST	ITSxpress	PE	Malassezia_g	0
fig4_q30_PE_itsxpress_unite_blast_top1_rescue	2Z	fig4_q30_PE_itsxpress_unite_blast_top1_rescue_2Z	Zymo	2	mock_only	UNITE+RefSeq BLAST	RefSeq_BLAST	ITSxpress	PE	Malassezia_globosa	1.2091223631831542e-4
fig4_q30_PE_itsxpress_unite_blast_top1_rescue	2Z	fig4_q30_PE_itsxpress_unite_blast_top1_rescue_2Z	Zymo	2	mock_only	UNITE+RefSeq BLAST	RefSeq_BLAST	ITSxpress	PE	Saccharomyces_arboricola	0
fig4_q30_PE_itsxpress_unite_blast_top1_rescue	2Z	fig4_q30_PE_itsxpress_unite_blast_top1_rescue_2Z	Zymo	2	mock_only	UNITE+RefSeq BLAST	RefSeq_BLAST	ITSxpress	PE	Saccharomyces_cerevisiae	0.05466163175713382
fig4_q30_PE_itsxpress_unite_blast_top1_rescue	2Z	fig4_q30_PE_itsxpress_unite_blast_top1_rescue_2Z	Zymo	2	mock_only	UNITE+RefSeq BLAST	RefSeq_BLAST	ITSxpress	PE	Saccharomyces_g	0
fig4_q30_PE_itsxpress_unite_blast_top1_rescue	2Z	fig4_q30_PE_itsxpress_unite_blast_top1_rescue_2Z	Zymo	2	mock_only	UNITE+RefSeq BLAST	RefSeq_BLAST	ITSxpress	PE	Saccharomyces_uvarum	0
fig4_q30_PE_itsxpress_unite_blast_top1_rescue	2Z	fig4_q30_PE_itsxpress_unite_blast_top1_rescue_2Z	Zymo	2	mock_only	UNITE+RefSeq BLAST	RefSeq_BLAST	ITSxpress	PE	Cutaneotrichosporon_dermatis	6.510658878678522e-5
fig4_q30_PE_itsxpress_unite_blast_top1_rescue	2Z	fig4_q30_PE_itsxpress_unite_blast_top1_rescue_2Z	Zymo	2	mock_only	UNITE+RefSeq BLAST	RefSeq_BLAST	ITSxpress	PE	Cutaneotrichosporon_g	0
fig4_q30_PE_itsxpress_unite_blast_top1_rescue	2Z	fig4_q30_PE_itsxpress_unite_blast_top1_rescue_2Z	Zymo	2	mock_only	UNITE+RefSeq BLAST	RefSeq_BLAST	ITSxpress	PE	Cutaneotrichosporon_mucoides	0.20697384575319022
fig4_q30_PE_itsxpress_unite_blast_top1_rescue	2Z	fig4_q30_PE_itsxpress_unite_blast_top1_rescue_2Z	Zymo	2	mock_only	UNITE+RefSeq BLAST	RefSeq_BLAST	ITSxpress	PE	Other	0
fig4_q30_PE_itsxpress_unite_blast_top1_rescue	3D	fig4_q30_PE_itsxpress_unite_blast_top1_rescue_3D	DNeasy	3	mock_only	Mock type-strain BLAST	Mock_type_reference_BLAST	ITSxpress	PE	Aspergillus_fumigatus	0.03384740633784427
fig4_q30_PE_itsxpress_unite_blast_top1_rescue	3D	fig4_q30_PE_itsxpress_unite_blast_top1_rescue_3D	DNeasy	3	mock_only	Mock type-strain BLAST	Mock_type_reference_BLAST	ITSxpress	PE	Aspergillus_g	0
fig4_q30_PE_itsxpress_unite_blast_top1_rescue	3D	fig4_q30_PE_itsxpress_unite_blast_top1_rescue_3D	DNeasy	3	mock_only	Mock type-strain BLAST	Mock_type_reference_BLAST	ITSxpress	PE	Cryptococcus_gattii	0
fig4_q30_PE_itsxpress_unite_blast_top1_rescue	3D	fig4_q30_PE_itsxpress_unite_blast_top1_rescue_3D	DNeasy	3	mock_only	Mock type-strain BLAST	Mock_type_reference_BLAST	ITSxpress	PE	Cryptococcus_neoformans	0.14692554645857975
fig4_q30_PE_itsxpress_unite_blast_top1_rescue	3D	fig4_q30_PE_itsxpress_unite_blast_top1_rescue_3D	DNeasy	3	mock_only	Mock type-strain BLAST	Mock_type_reference_BLAST	ITSxpress	PE	Trichophyton_interdigitale	0.0050383250641311194
fig4_q30_PE_itsxpress_unite_blast_top1_rescue	3D	fig4_q30_PE_itsxpress_unite_blast_top1_rescue_3D	DNeasy	3	mock_only	Mock type-strain BLAST	Mock_type_reference_BLAST	ITSxpress	PE	Trichophyton_mentagrophytes	0
fig4_q30_PE_itsxpress_unite_blast_top1_rescue	3D	fig4_q30_PE_itsxpress_unite_blast_top1_rescue_3D	DNeasy	3	mock_only	Mock type-strain BLAST	Mock_type_reference_BLAST	ITSxpress	PE	Penicillium_chrysogenum	0.141003978433511
fig4_q30_PE_itsxpress_unite_blast_top1_rescue	3D	fig4_q30_PE_itsxpress_unite_blast_top1_rescue_3D	DNeasy	3	mock_only	Mock type-strain BLAST	Mock_type_reference_BLAST	ITSxpress	PE	Penicillium_flavigenum	0
fig4_q30_PE_itsxpress_unite_blast_top1_rescue	3D	fig4_q30_PE_itsxpress_unite_blast_top1_rescue_3D	DNeasy	3	mock_only	Mock type-strain BLAST	Mock_type_reference_BLAST	ITSxpress	PE	Penicillium_g	0
fig4_q30_PE_itsxpress_unite_blast_top1_rescue	3D	fig4_q30_PE_itsxpress_unite_blast_top1_rescue_3D	DNeasy	3	mock_only	Mock type-strain BLAST	Mock_type_reference_BLAST	ITSxpress	PE	Fusarium_g	0
fig4_q30_PE_itsxpress_unite_blast_top1_rescue	3D	fig4_q30_PE_itsxpress_unite_blast_top1_rescue_3D	DNeasy	3	mock_only	Mock type-strain BLAST	Mock_type_reference_BLAST	ITSxpress	PE	Fusarium_keratoplasticum	0.0021812260948372527
fig4_q30_PE_itsxpress_unite_blast_top1_rescue	3D	fig4_q30_PE_itsxpress_unite_blast_top1_rescue_3D	DNeasy	3	mock_only	Mock type-strain BLAST	Mock_type_reference_BLAST	ITSxpress	PE	Candida_africana	0
fig4_q30_PE_itsxpress_unite_blast_top1_rescue	3D	fig4_q30_PE_itsxpress_unite_blast_top1_rescue_3D	DNeasy	3	mock_only	Mock type-strain BLAST	Mock_type_reference_BLAST	ITSxpress	PE	Candida_albicans	0.2989201394755841
fig4_q30_PE_itsxpress_unite_blast_top1_rescue	3D	fig4_q30_PE_itsxpress_unite_blast_top1_rescue_3D	DNeasy	3	mock_only	Mock type-strain BLAST	Mock_type_reference_BLAST	ITSxpress	PE	Candida_g	0
fig4_q30_PE_itsxpress_unite_blast_top1_rescue	3D	fig4_q30_PE_itsxpress_unite_blast_top1_rescue_3D	DNeasy	3	mock_only	Mock type-strain BLAST	Mock_type_reference_BLAST	ITSxpress	PE	Candida_tropicalis	0
fig4_q30_PE_itsxpress_unite_blast_top1_rescue	3D	fig4_q30_PE_itsxpress_unite_blast_top1_rescue_3D	DNeasy	3	mock_only	Mock type-strain BLAST	Mock_type_reference_BLAST	ITSxpress	PE	Nakaseomyces_glabratus	0.11376169336876546
fig4_q30_PE_itsxpress_unite_blast_top1_rescue	3D	fig4_q30_PE_itsxpress_unite_blast_top1_rescue_3D	DNeasy	3	mock_only	Mock type-strain BLAST	Mock_type_reference_BLAST	ITSxpress	PE	Malassezia_g	0
fig4_q30_PE_itsxpress_unite_blast_top1_rescue	3D	fig4_q30_PE_itsxpress_unite_blast_top1_rescue_3D	DNeasy	3	mock_only	Mock type-strain BLAST	Mock_type_reference_BLAST	ITSxpress	PE	Malassezia_globosa	0
fig4_q30_PE_itsxpress_unite_blast_top1_rescue	3D	fig4_q30_PE_itsxpress_unite_blast_top1_rescue_3D	DNeasy	3	mock_only	Mock type-strain BLAST	Mock_type_reference_BLAST	ITSxpress	PE	Saccharomyces_arboricola	0
fig4_q30_PE_itsxpress_unite_blast_top1_rescue	3D	fig4_q30_PE_itsxpress_unite_blast_top1_rescue_3D	DNeasy	3	mock_only	Mock type-strain BLAST	Mock_type_reference_BLAST	ITSxpress	PE	Saccharomyces_cerevisiae	0.057733368151026865
fig4_q30_PE_itsxpress_unite_blast_top1_rescue	3D	fig4_q30_PE_itsxpress_unite_blast_top1_rescue_3D	DNeasy	3	mock_only	Mock type-strain BLAST	Mock_type_reference_BLAST	ITSxpress	PE	Saccharomyces_g	0
fig4_q30_PE_itsxpress_unite_blast_top1_rescue	3D	fig4_q30_PE_itsxpress_unite_blast_top1_rescue_3D	DNeasy	3	mock_only	Mock type-strain BLAST	Mock_type_reference_BLAST	ITSxpress	PE	Saccharomyces_uvarum	0
fig4_q30_PE_itsxpress_unite_blast_top1_rescue	3D	fig4_q30_PE_itsxpress_unite_blast_top1_rescue_3D	DNeasy	3	mock_only	Mock type-strain BLAST	Mock_type_reference_BLAST	ITSxpress	PE	Cutaneotrichosporon_dermatis	0.20058831661572019
fig4_q30_PE_itsxpress_unite_blast_top1_rescue	3D	fig4_q30_PE_itsxpress_unite_blast_top1_rescue_3D	DNeasy	3	mock_only	Mock type-strain BLAST	Mock_type_reference_BLAST	ITSxpress	PE	Cutaneotrichosporon_g	0
fig4_q30_PE_itsxpress_unite_blast_top1_rescue	3D	fig4_q30_PE_itsxpress_unite_blast_top1_rescue_3D	DNeasy	3	mock_only	Mock type-strain BLAST	Mock_type_reference_BLAST	ITSxpress	PE	Cutaneotrichosporon_mucoides	0
fig4_q30_PE_itsxpress_unite_blast_top1_rescue	3D	fig4_q30_PE_itsxpress_unite_blast_top1_rescue_3D	DNeasy	3	mock_only	Mock type-strain BLAST	Mock_type_reference_BLAST	ITSxpress	PE	Other	0
fig4_q30_PE_itsxpress_unite_blast_top1_rescue	3D	fig4_q30_PE_itsxpress_unite_blast_top1_rescue_3D	DNeasy	3	mock_only	UNITE	No_BLAST	ITSxpress	PE	Aspergillus_fumigatus	0.03383204559069753
fig4_q30_PE_itsxpress_unite_blast_top1_rescue	3D	fig4_q30_PE_itsxpress_unite_blast_top1_rescue_3D	DNeasy	3	mock_only	UNITE	No_BLAST	ITSxpress	PE	Aspergillus_g	0
fig4_q30_PE_itsxpress_unite_blast_top1_rescue	3D	fig4_q30_PE_itsxpress_unite_blast_top1_rescue_3D	DNeasy	3	mock_only	UNITE	No_BLAST	ITSxpress	PE	Cryptococcus_gattii	0
fig4_q30_PE_itsxpress_unite_blast_top1_rescue	3D	fig4_q30_PE_itsxpress_unite_blast_top1_rescue_3D	DNeasy	3	mock_only	UNITE	No_BLAST	ITSxpress	PE	Cryptococcus_neoformans	0.14682570160212594
fig4_q30_PE_itsxpress_unite_blast_top1_rescue	3D	fig4_q30_PE_itsxpress_unite_blast_top1_rescue_3D	DNeasy	3	mock_only	UNITE	No_BLAST	ITSxpress	PE	Trichophyton_interdigitale	0
fig4_q30_PE_itsxpress_unite_blast_top1_rescue	3D	fig4_q30_PE_itsxpress_unite_blast_top1_rescue_3D	DNeasy	3	mock_only	UNITE	No_BLAST	ITSxpress	PE	Trichophyton_mentagrophytes	0.0050383250641311194
fig4_q30_PE_itsxpress_unite_blast_top1_rescue	3D	fig4_q30_PE_itsxpress_unite_blast_top1_rescue_3D	DNeasy	3	mock_only	UNITE	No_BLAST	ITSxpress	PE	Penicillium_chrysogenum	0
fig4_q30_PE_itsxpress_unite_blast_top1_rescue	3D	fig4_q30_PE_itsxpress_unite_blast_top1_rescue_3D	DNeasy	3	mock_only	UNITE	No_BLAST	ITSxpress	PE	Penicillium_flavigenum	0
fig4_q30_PE_itsxpress_unite_blast_top1_rescue	3D	fig4_q30_PE_itsxpress_unite_blast_top1_rescue_3D	DNeasy	3	mock_only	UNITE	No_BLAST	ITSxpress	PE	Penicillium_g	0
fig4_q30_PE_itsxpress_unite_blast_top1_rescue	3D	fig4_q30_PE_itsxpress_unite_blast_top1_rescue_3D	DNeasy	3	mock_only	UNITE	No_BLAST	ITSxpress	PE	Fusarium_g	0
fig4_q30_PE_itsxpress_unite_blast_top1_rescue	3D	fig4_q30_PE_itsxpress_unite_blast_top1_rescue_3D	DNeasy	3	mock_only	UNITE	No_BLAST	ITSxpress	PE	Fusarium_keratoplasticum	0
fig4_q30_PE_itsxpress_unite_blast_top1_rescue	3D	fig4_q30_PE_itsxpress_unite_blast_top1_rescue_3D	DNeasy	3	mock_only	UNITE	No_BLAST	ITSxpress	PE	Candida_africana	0
fig4_q30_PE_itsxpress_unite_blast_top1_rescue	3D	fig4_q30_PE_itsxpress_unite_blast_top1_rescue_3D	DNeasy	3	mock_only	UNITE	No_BLAST	ITSxpress	PE	Candida_albicans	0.2987665320041167
fig4_q30_PE_itsxpress_unite_blast_top1_rescue	3D	fig4_q30_PE_itsxpress_unite_blast_top1_rescue_3D	DNeasy	3	mock_only	UNITE	No_BLAST	ITSxpress	PE	Candida_g	0
fig4_q30_PE_itsxpress_unite_blast_top1_rescue	3D	fig4_q30_PE_itsxpress_unite_blast_top1_rescue_3D	DNeasy	3	mock_only	UNITE	No_BLAST	ITSxpress	PE	Candida_tropicalis	0
fig4_q30_PE_itsxpress_unite_blast_top1_rescue	3D	fig4_q30_PE_itsxpress_unite_blast_top1_rescue_3D	DNeasy	3	mock_only	UNITE	No_BLAST	ITSxpress	PE	Nakaseomyces_glabratus	0.11366184851231163
fig4_q30_PE_itsxpress_unite_blast_top1_rescue	3D	fig4_q30_PE_itsxpress_unite_blast_top1_rescue_3D	DNeasy	3	mock_only	UNITE	No_BLAST	ITSxpress	PE	Malassezia_g	0
fig4_q30_PE_itsxpress_unite_blast_top1_rescue	3D	fig4_q30_PE_itsxpress_unite_blast_top1_rescue_3D	DNeasy	3	mock_only	UNITE	No_BLAST	ITSxpress	PE	Malassezia_globosa	0
fig4_q30_PE_itsxpress_unite_blast_top1_rescue	3D	fig4_q30_PE_itsxpress_unite_blast_top1_rescue_3D	DNeasy	3	mock_only	UNITE	No_BLAST	ITSxpress	PE	Saccharomyces_arboricola	0
fig4_q30_PE_itsxpress_unite_blast_top1_rescue	3D	fig4_q30_PE_itsxpress_unite_blast_top1_rescue_3D	DNeasy	3	mock_only	UNITE	No_BLAST	ITSxpress	PE	Saccharomyces_cerevisiae	0.057718007403880126
fig4_q30_PE_itsxpress_unite_blast_top1_rescue	3D	fig4_q30_PE_itsxpress_unite_blast_top1_rescue_3D	DNeasy	3	mock_only	UNITE	No_BLAST	ITSxpress	PE	Saccharomyces_g	0
fig4_q30_PE_itsxpress_unite_blast_top1_rescue	3D	fig4_q30_PE_itsxpress_unite_blast_top1_rescue_3D	DNeasy	3	mock_only	UNITE	No_BLAST	ITSxpress	PE	Saccharomyces_uvarum	0
fig4_q30_PE_itsxpress_unite_blast_top1_rescue	3D	fig4_q30_PE_itsxpress_unite_blast_top1_rescue_3D	DNeasy	3	mock_only	UNITE	No_BLAST	ITSxpress	PE	Cutaneotrichosporon_dermatis	0
fig4_q30_PE_itsxpress_unite_blast_top1_rescue	3D	fig4_q30_PE_itsxpress_unite_blast_top1_rescue_3D	DNeasy	3	mock_only	UNITE	No_BLAST	ITSxpress	PE	Cutaneotrichosporon_g	0
fig4_q30_PE_itsxpress_unite_blast_top1_rescue	3D	fig4_q30_PE_itsxpress_unite_blast_top1_rescue_3D	DNeasy	3	mock_only	UNITE	No_BLAST	ITSxpress	PE	Cutaneotrichosporon_mucoides	0.20043470914425277
fig4_q30_PE_itsxpress_unite_blast_top1_rescue	3D	fig4_q30_PE_itsxpress_unite_blast_top1_rescue_3D	DNeasy	3	mock_only	UNITE	No_BLAST	ITSxpress	PE	Other	0.14372283067848418
fig4_q30_PE_itsxpress_unite_blast_top1_rescue	3D	fig4_q30_PE_itsxpress_unite_blast_top1_rescue_3D	DNeasy	3	mock_only	UNITE+RefSeq BLAST	RefSeq_BLAST	ITSxpress	PE	Aspergillus_fumigatus	0.03383204559069753
fig4_q30_PE_itsxpress_unite_blast_top1_rescue	3D	fig4_q30_PE_itsxpress_unite_blast_top1_rescue_3D	DNeasy	3	mock_only	UNITE+RefSeq BLAST	RefSeq_BLAST	ITSxpress	PE	Aspergillus_g	0
fig4_q30_PE_itsxpress_unite_blast_top1_rescue	3D	fig4_q30_PE_itsxpress_unite_blast_top1_rescue_3D	DNeasy	3	mock_only	UNITE+RefSeq BLAST	RefSeq_BLAST	ITSxpress	PE	Cryptococcus_gattii	0
fig4_q30_PE_itsxpress_unite_blast_top1_rescue	3D	fig4_q30_PE_itsxpress_unite_blast_top1_rescue_3D	DNeasy	3	mock_only	UNITE+RefSeq BLAST	RefSeq_BLAST	ITSxpress	PE	Cryptococcus_neoformans	0.14692554645857975
fig4_q30_PE_itsxpress_unite_blast_top1_rescue	3D	fig4_q30_PE_itsxpress_unite_blast_top1_rescue_3D	DNeasy	3	mock_only	UNITE+RefSeq BLAST	RefSeq_BLAST	ITSxpress	PE	Trichophyton_interdigitale	0
fig4_q30_PE_itsxpress_unite_blast_top1_rescue	3D	fig4_q30_PE_itsxpress_unite_blast_top1_rescue_3D	DNeasy	3	mock_only	UNITE+RefSeq BLAST	RefSeq_BLAST	ITSxpress	PE	Trichophyton_mentagrophytes	0.0050383250641311194
fig4_q30_PE_itsxpress_unite_blast_top1_rescue	3D	fig4_q30_PE_itsxpress_unite_blast_top1_rescue_3D	DNeasy	3	mock_only	UNITE+RefSeq BLAST	RefSeq_BLAST	ITSxpress	PE	Penicillium_chrysogenum	0.141003978433511
fig4_q30_PE_itsxpress_unite_blast_top1_rescue	3D	fig4_q30_PE_itsxpress_unite_blast_top1_rescue_3D	DNeasy	3	mock_only	UNITE+RefSeq BLAST	RefSeq_BLAST	ITSxpress	PE	Penicillium_flavigenum	0
fig4_q30_PE_itsxpress_unite_blast_top1_rescue	3D	fig4_q30_PE_itsxpress_unite_blast_top1_rescue_3D	DNeasy	3	mock_only	UNITE+RefSeq BLAST	RefSeq_BLAST	ITSxpress	PE	Penicillium_g	0
fig4_q30_PE_itsxpress_unite_blast_top1_rescue	3D	fig4_q30_PE_itsxpress_unite_blast_top1_rescue_3D	DNeasy	3	mock_only	UNITE+RefSeq BLAST	RefSeq_BLAST	ITSxpress	PE	Fusarium_g	0
fig4_q30_PE_itsxpress_unite_blast_top1_rescue	3D	fig4_q30_PE_itsxpress_unite_blast_top1_rescue_3D	DNeasy	3	mock_only	UNITE+RefSeq BLAST	RefSeq_BLAST	ITSxpress	PE	Fusarium_keratoplasticum	0.0021812260948372527
fig4_q30_PE_itsxpress_unite_blast_top1_rescue	3D	fig4_q30_PE_itsxpress_unite_blast_top1_rescue_3D	DNeasy	3	mock_only	UNITE+RefSeq BLAST	RefSeq_BLAST	ITSxpress	PE	Candida_africana	0
fig4_q30_PE_itsxpress_unite_blast_top1_rescue	3D	fig4_q30_PE_itsxpress_unite_blast_top1_rescue_3D	DNeasy	3	mock_only	UNITE+RefSeq BLAST	RefSeq_BLAST	ITSxpress	PE	Candida_albicans	0.2989201394755841
fig4_q30_PE_itsxpress_unite_blast_top1_rescue	3D	fig4_q30_PE_itsxpress_unite_blast_top1_rescue_3D	DNeasy	3	mock_only	UNITE+RefSeq BLAST	RefSeq_BLAST	ITSxpress	PE	Candida_g	0
fig4_q30_PE_itsxpress_unite_blast_top1_rescue	3D	fig4_q30_PE_itsxpress_unite_blast_top1_rescue_3D	DNeasy	3	mock_only	UNITE+RefSeq BLAST	RefSeq_BLAST	ITSxpress	PE	Candida_tropicalis	0
fig4_q30_PE_itsxpress_unite_blast_top1_rescue	3D	fig4_q30_PE_itsxpress_unite_blast_top1_rescue_3D	DNeasy	3	mock_only	UNITE+RefSeq BLAST	RefSeq_BLAST	ITSxpress	PE	Nakaseomyces_glabratus	0.11376169336876546
fig4_q30_PE_itsxpress_unite_blast_top1_rescue	3D	fig4_q30_PE_itsxpress_unite_blast_top1_rescue_3D	DNeasy	3	mock_only	UNITE+RefSeq BLAST	RefSeq_BLAST	ITSxpress	PE	Malassezia_g	0
fig4_q30_PE_itsxpress_unite_blast_top1_rescue	3D	fig4_q30_PE_itsxpress_unite_blast_top1_rescue_3D	DNeasy	3	mock_only	UNITE+RefSeq BLAST	RefSeq_BLAST	ITSxpress	PE	Malassezia_globosa	0
fig4_q30_PE_itsxpress_unite_blast_top1_rescue	3D	fig4_q30_PE_itsxpress_unite_blast_top1_rescue_3D	DNeasy	3	mock_only	UNITE+RefSeq BLAST	RefSeq_BLAST	ITSxpress	PE	Saccharomyces_arboricola	0
fig4_q30_PE_itsxpress_unite_blast_top1_rescue	3D	fig4_q30_PE_itsxpress_unite_blast_top1_rescue_3D	DNeasy	3	mock_only	UNITE+RefSeq BLAST	RefSeq_BLAST	ITSxpress	PE	Saccharomyces_cerevisiae	0.057718007403880126
fig4_q30_PE_itsxpress_unite_blast_top1_rescue	3D	fig4_q30_PE_itsxpress_unite_blast_top1_rescue_3D	DNeasy	3	mock_only	UNITE+RefSeq BLAST	RefSeq_BLAST	ITSxpress	PE	Saccharomyces_g	1.5360747146741216e-5
fig4_q30_PE_itsxpress_unite_blast_top1_rescue	3D	fig4_q30_PE_itsxpress_unite_blast_top1_rescue_3D	DNeasy	3	mock_only	UNITE+RefSeq BLAST	RefSeq_BLAST	ITSxpress	PE	Saccharomyces_uvarum	0
fig4_q30_PE_itsxpress_unite_blast_top1_rescue	3D	fig4_q30_PE_itsxpress_unite_blast_top1_rescue_3D	DNeasy	3	mock_only	UNITE+RefSeq BLAST	RefSeq_BLAST	ITSxpress	PE	Cutaneotrichosporon_dermatis	1.5360747146741217e-4
fig4_q30_PE_itsxpress_unite_blast_top1_rescue	3D	fig4_q30_PE_itsxpress_unite_blast_top1_rescue_3D	DNeasy	3	mock_only	UNITE+RefSeq BLAST	RefSeq_BLAST	ITSxpress	PE	Cutaneotrichosporon_g	0
fig4_q30_PE_itsxpress_unite_blast_top1_rescue	3D	fig4_q30_PE_itsxpress_unite_blast_top1_rescue_3D	DNeasy	3	mock_only	UNITE+RefSeq BLAST	RefSeq_BLAST	ITSxpress	PE	Cutaneotrichosporon_mucoides	0.20043470914425277
fig4_q30_PE_itsxpress_unite_blast_top1_rescue	3D	fig4_q30_PE_itsxpress_unite_blast_top1_rescue_3D	DNeasy	3	mock_only	UNITE+RefSeq BLAST	RefSeq_BLAST	ITSxpress	PE	Other	1.5360747146741216e-5
fig4_q30_PE_itsxpress_unite_blast_top1_rescue	3Q	fig4_q30_PE_itsxpress_unite_blast_top1_rescue_3Q	QIAamp	3	mock_only	Mock type-strain BLAST	Mock_type_reference_BLAST	ITSxpress	PE	Aspergillus_fumigatus	0.03377818762434147
fig4_q30_PE_itsxpress_unite_blast_top1_rescue	3Q	fig4_q30_PE_itsxpress_unite_blast_top1_rescue_3Q	QIAamp	3	mock_only	Mock type-strain BLAST	Mock_type_reference_BLAST	ITSxpress	PE	Aspergillus_g	0
fig4_q30_PE_itsxpress_unite_blast_top1_rescue	3Q	fig4_q30_PE_itsxpress_unite_blast_top1_rescue_3Q	QIAamp	3	mock_only	Mock type-strain BLAST	Mock_type_reference_BLAST	ITSxpress	PE	Cryptococcus_gattii	0
fig4_q30_PE_itsxpress_unite_blast_top1_rescue	3Q	fig4_q30_PE_itsxpress_unite_blast_top1_rescue_3Q	QIAamp	3	mock_only	Mock type-strain BLAST	Mock_type_reference_BLAST	ITSxpress	PE	Cryptococcus_neoformans	0.15592100207484824
fig4_q30_PE_itsxpress_unite_blast_top1_rescue	3Q	fig4_q30_PE_itsxpress_unite_blast_top1_rescue_3Q	QIAamp	3	mock_only	Mock type-strain BLAST	Mock_type_reference_BLAST	ITSxpress	PE	Trichophyton_interdigitale	0.006327006327006327
fig4_q30_PE_itsxpress_unite_blast_top1_rescue	3Q	fig4_q30_PE_itsxpress_unite_blast_top1_rescue_3Q	QIAamp	3	mock_only	Mock type-strain BLAST	Mock_type_reference_BLAST	ITSxpress	PE	Trichophyton_mentagrophytes	0
fig4_q30_PE_itsxpress_unite_blast_top1_rescue	3Q	fig4_q30_PE_itsxpress_unite_blast_top1_rescue_3Q	QIAamp	3	mock_only	Mock type-strain BLAST	Mock_type_reference_BLAST	ITSxpress	PE	Penicillium_chrysogenum	0.13476267322421168
fig4_q30_PE_itsxpress_unite_blast_top1_rescue	3Q	fig4_q30_PE_itsxpress_unite_blast_top1_rescue_3Q	QIAamp	3	mock_only	Mock type-strain BLAST	Mock_type_reference_BLAST	ITSxpress	PE	Penicillium_flavigenum	0
fig4_q30_PE_itsxpress_unite_blast_top1_rescue	3Q	fig4_q30_PE_itsxpress_unite_blast_top1_rescue_3Q	QIAamp	3	mock_only	Mock type-strain BLAST	Mock_type_reference_BLAST	ITSxpress	PE	Penicillium_g	0
fig4_q30_PE_itsxpress_unite_blast_top1_rescue	3Q	fig4_q30_PE_itsxpress_unite_blast_top1_rescue_3Q	QIAamp	3	mock_only	Mock type-strain BLAST	Mock_type_reference_BLAST	ITSxpress	PE	Fusarium_g	0
fig4_q30_PE_itsxpress_unite_blast_top1_rescue	3Q	fig4_q30_PE_itsxpress_unite_blast_top1_rescue_3Q	QIAamp	3	mock_only	Mock type-strain BLAST	Mock_type_reference_BLAST	ITSxpress	PE	Fusarium_keratoplasticum	0.0023566177412331257
fig4_q30_PE_itsxpress_unite_blast_top1_rescue	3Q	fig4_q30_PE_itsxpress_unite_blast_top1_rescue_3Q	QIAamp	3	mock_only	Mock type-strain BLAST	Mock_type_reference_BLAST	ITSxpress	PE	Candida_africana	0
fig4_q30_PE_itsxpress_unite_blast_top1_rescue	3Q	fig4_q30_PE_itsxpress_unite_blast_top1_rescue_3Q	QIAamp	3	mock_only	Mock type-strain BLAST	Mock_type_reference_BLAST	ITSxpress	PE	Candida_albicans	0.3028595336287644
fig4_q30_PE_itsxpress_unite_blast_top1_rescue	3Q	fig4_q30_PE_itsxpress_unite_blast_top1_rescue_3Q	QIAamp	3	mock_only	Mock type-strain BLAST	Mock_type_reference_BLAST	ITSxpress	PE	Candida_g	0
fig4_q30_PE_itsxpress_unite_blast_top1_rescue	3Q	fig4_q30_PE_itsxpress_unite_blast_top1_rescue_3Q	QIAamp	3	mock_only	Mock type-strain BLAST	Mock_type_reference_BLAST	ITSxpress	PE	Candida_tropicalis	0
fig4_q30_PE_itsxpress_unite_blast_top1_rescue	3Q	fig4_q30_PE_itsxpress_unite_blast_top1_rescue_3Q	QIAamp	3	mock_only	Mock type-strain BLAST	Mock_type_reference_BLAST	ITSxpress	PE	Nakaseomyces_glabratus	0.11033411033411034
fig4_q30_PE_itsxpress_unite_blast_top1_rescue	3Q	fig4_q30_PE_itsxpress_unite_blast_top1_rescue_3Q	QIAamp	3	mock_only	Mock type-strain BLAST	Mock_type_reference_BLAST	ITSxpress	PE	Malassezia_g	0
fig4_q30_PE_itsxpress_unite_blast_top1_rescue	3Q	fig4_q30_PE_itsxpress_unite_blast_top1_rescue_3Q	QIAamp	3	mock_only	Mock type-strain BLAST	Mock_type_reference_BLAST	ITSxpress	PE	Malassezia_globosa	1.7076940153863232e-5
fig4_q30_PE_itsxpress_unite_blast_top1_rescue	3Q	fig4_q30_PE_itsxpress_unite_blast_top1_rescue_3Q	QIAamp	3	mock_only	Mock type-strain BLAST	Mock_type_reference_BLAST	ITSxpress	PE	Saccharomyces_arboricola	0
fig4_q30_PE_itsxpress_unite_blast_top1_rescue	3Q	fig4_q30_PE_itsxpress_unite_blast_top1_rescue_3Q	QIAamp	3	mock_only	Mock type-strain BLAST	Mock_type_reference_BLAST	ITSxpress	PE	Saccharomyces_cerevisiae	0.03980634749865519
fig4_q30_PE_itsxpress_unite_blast_top1_rescue	3Q	fig4_q30_PE_itsxpress_unite_blast_top1_rescue_3Q	QIAamp	3	mock_only	Mock type-strain BLAST	Mock_type_reference_BLAST	ITSxpress	PE	Saccharomyces_g	0
fig4_q30_PE_itsxpress_unite_blast_top1_rescue	3Q	fig4_q30_PE_itsxpress_unite_blast_top1_rescue_3Q	QIAamp	3	mock_only	Mock type-strain BLAST	Mock_type_reference_BLAST	ITSxpress	PE	Saccharomyces_uvarum	0
fig4_q30_PE_itsxpress_unite_blast_top1_rescue	3Q	fig4_q30_PE_itsxpress_unite_blast_top1_rescue_3Q	QIAamp	3	mock_only	Mock type-strain BLAST	Mock_type_reference_BLAST	ITSxpress	PE	Cutaneotrichosporon_dermatis	0.21383744460667536
fig4_q30_PE_itsxpress_unite_blast_top1_rescue	3Q	fig4_q30_PE_itsxpress_unite_blast_top1_rescue_3Q	QIAamp	3	mock_only	Mock type-strain BLAST	Mock_type_reference_BLAST	ITSxpress	PE	Cutaneotrichosporon_g	0
fig4_q30_PE_itsxpress_unite_blast_top1_rescue	3Q	fig4_q30_PE_itsxpress_unite_blast_top1_rescue_3Q	QIAamp	3	mock_only	Mock type-strain BLAST	Mock_type_reference_BLAST	ITSxpress	PE	Cutaneotrichosporon_mucoides	0
fig4_q30_PE_itsxpress_unite_blast_top1_rescue	3Q	fig4_q30_PE_itsxpress_unite_blast_top1_rescue_3Q	QIAamp	3	mock_only	Mock type-strain BLAST	Mock_type_reference_BLAST	ITSxpress	PE	Other	0
fig4_q30_PE_itsxpress_unite_blast_top1_rescue	3Q	fig4_q30_PE_itsxpress_unite_blast_top1_rescue_3Q	QIAamp	3	mock_only	UNITE	No_BLAST	ITSxpress	PE	Aspergillus_fumigatus	0.03377818762434147
fig4_q30_PE_itsxpress_unite_blast_top1_rescue	3Q	fig4_q30_PE_itsxpress_unite_blast_top1_rescue_3Q	QIAamp	3	mock_only	UNITE	No_BLAST	ITSxpress	PE	Aspergillus_g	0
fig4_q30_PE_itsxpress_unite_blast_top1_rescue	3Q	fig4_q30_PE_itsxpress_unite_blast_top1_rescue_3Q	QIAamp	3	mock_only	UNITE	No_BLAST	ITSxpress	PE	Cryptococcus_gattii	0
fig4_q30_PE_itsxpress_unite_blast_top1_rescue	3Q	fig4_q30_PE_itsxpress_unite_blast_top1_rescue_3Q	QIAamp	3	mock_only	UNITE	No_BLAST	ITSxpress	PE	Cryptococcus_neoformans	0.15584415584415584
fig4_q30_PE_itsxpress_unite_blast_top1_rescue	3Q	fig4_q30_PE_itsxpress_unite_blast_top1_rescue_3Q	QIAamp	3	mock_only	UNITE	No_BLAST	ITSxpress	PE	Trichophyton_interdigitale	0
fig4_q30_PE_itsxpress_unite_blast_top1_rescue	3Q	fig4_q30_PE_itsxpress_unite_blast_top1_rescue_3Q	QIAamp	3	mock_only	UNITE	No_BLAST	ITSxpress	PE	Trichophyton_mentagrophytes	0.006327006327006327
fig4_q30_PE_itsxpress_unite_blast_top1_rescue	3Q	fig4_q30_PE_itsxpress_unite_blast_top1_rescue_3Q	QIAamp	3	mock_only	UNITE	No_BLAST	ITSxpress	PE	Penicillium_chrysogenum	0
fig4_q30_PE_itsxpress_unite_blast_top1_rescue	3Q	fig4_q30_PE_itsxpress_unite_blast_top1_rescue_3Q	QIAamp	3	mock_only	UNITE	No_BLAST	ITSxpress	PE	Penicillium_flavigenum	0
fig4_q30_PE_itsxpress_unite_blast_top1_rescue	3Q	fig4_q30_PE_itsxpress_unite_blast_top1_rescue_3Q	QIAamp	3	mock_only	UNITE	No_BLAST	ITSxpress	PE	Penicillium_g	0
fig4_q30_PE_itsxpress_unite_blast_top1_rescue	3Q	fig4_q30_PE_itsxpress_unite_blast_top1_rescue_3Q	QIAamp	3	mock_only	UNITE	No_BLAST	ITSxpress	PE	Fusarium_g	0
fig4_q30_PE_itsxpress_unite_blast_top1_rescue	3Q	fig4_q30_PE_itsxpress_unite_blast_top1_rescue_3Q	QIAamp	3	mock_only	UNITE	No_BLAST	ITSxpress	PE	Fusarium_keratoplasticum	0
fig4_q30_PE_itsxpress_unite_blast_top1_rescue	3Q	fig4_q30_PE_itsxpress_unite_blast_top1_rescue_3Q	QIAamp	3	mock_only	UNITE	No_BLAST	ITSxpress	PE	Candida_africana	0
fig4_q30_PE_itsxpress_unite_blast_top1_rescue	3Q	fig4_q30_PE_itsxpress_unite_blast_top1_rescue_3Q	QIAamp	3	mock_only	UNITE	No_BLAST	ITSxpress	PE	Candida_albicans	0.30270584116737964
fig4_q30_PE_itsxpress_unite_blast_top1_rescue	3Q	fig4_q30_PE_itsxpress_unite_blast_top1_rescue_3Q	QIAamp	3	mock_only	UNITE	No_BLAST	ITSxpress	PE	Candida_g	0
fig4_q30_PE_itsxpress_unite_blast_top1_rescue	3Q	fig4_q30_PE_itsxpress_unite_blast_top1_rescue_3Q	QIAamp	3	mock_only	UNITE	No_BLAST	ITSxpress	PE	Candida_tropicalis	0
fig4_q30_PE_itsxpress_unite_blast_top1_rescue	3Q	fig4_q30_PE_itsxpress_unite_blast_top1_rescue_3Q	QIAamp	3	mock_only	UNITE	No_BLAST	ITSxpress	PE	Nakaseomyces_glabratus	0.11029141798372567
fig4_q30_PE_itsxpress_unite_blast_top1_rescue	3Q	fig4_q30_PE_itsxpress_unite_blast_top1_rescue_3Q	QIAamp	3	mock_only	UNITE	No_BLAST	ITSxpress	PE	Malassezia_g	0
fig4_q30_PE_itsxpress_unite_blast_top1_rescue	3Q	fig4_q30_PE_itsxpress_unite_blast_top1_rescue_3Q	QIAamp	3	mock_only	UNITE	No_BLAST	ITSxpress	PE	Malassezia_globosa	1.7076940153863232e-5
fig4_q30_PE_itsxpress_unite_blast_top1_rescue	3Q	fig4_q30_PE_itsxpress_unite_blast_top1_rescue_3Q	QIAamp	3	mock_only	UNITE	No_BLAST	ITSxpress	PE	Saccharomyces_arboricola	0
fig4_q30_PE_itsxpress_unite_blast_top1_rescue	3Q	fig4_q30_PE_itsxpress_unite_blast_top1_rescue_3Q	QIAamp	3	mock_only	UNITE	No_BLAST	ITSxpress	PE	Saccharomyces_cerevisiae	0.0397807320884244
fig4_q30_PE_itsxpress_unite_blast_top1_rescue	3Q	fig4_q30_PE_itsxpress_unite_blast_top1_rescue_3Q	QIAamp	3	mock_only	UNITE	No_BLAST	ITSxpress	PE	Saccharomyces_g	0
fig4_q30_PE_itsxpress_unite_blast_top1_rescue	3Q	fig4_q30_PE_itsxpress_unite_blast_top1_rescue_3Q	QIAamp	3	mock_only	UNITE	No_BLAST	ITSxpress	PE	Saccharomyces_uvarum	0
fig4_q30_PE_itsxpress_unite_blast_top1_rescue	3Q	fig4_q30_PE_itsxpress_unite_blast_top1_rescue_3Q	QIAamp	3	mock_only	UNITE	No_BLAST	ITSxpress	PE	Cutaneotrichosporon_dermatis	0
fig4_q30_PE_itsxpress_unite_blast_top1_rescue	3Q	fig4_q30_PE_itsxpress_unite_blast_top1_rescue_3Q	QIAamp	3	mock_only	UNITE	No_BLAST	ITSxpress	PE	Cutaneotrichosporon_g	0
fig4_q30_PE_itsxpress_unite_blast_top1_rescue	3Q	fig4_q30_PE_itsxpress_unite_blast_top1_rescue_3Q	QIAamp	3	mock_only	UNITE	No_BLAST	ITSxpress	PE	Cutaneotrichosporon_mucoides	0.21370082908544447
fig4_q30_PE_itsxpress_unite_blast_top1_rescue	3Q	fig4_q30_PE_itsxpress_unite_blast_top1_rescue_3Q	QIAamp	3	mock_only	UNITE	No_BLAST	ITSxpress	PE	Other	0.13755475293936834
fig4_q30_PE_itsxpress_unite_blast_top1_rescue	3Q	fig4_q30_PE_itsxpress_unite_blast_top1_rescue_3Q	QIAamp	3	mock_only	UNITE+RefSeq BLAST	RefSeq_BLAST	ITSxpress	PE	Aspergillus_fumigatus	0.03377818762434147
fig4_q30_PE_itsxpress_unite_blast_top1_rescue	3Q	fig4_q30_PE_itsxpress_unite_blast_top1_rescue_3Q	QIAamp	3	mock_only	UNITE+RefSeq BLAST	RefSeq_BLAST	ITSxpress	PE	Aspergillus_g	0
fig4_q30_PE_itsxpress_unite_blast_top1_rescue	3Q	fig4_q30_PE_itsxpress_unite_blast_top1_rescue_3Q	QIAamp	3	mock_only	UNITE+RefSeq BLAST	RefSeq_BLAST	ITSxpress	PE	Cryptococcus_gattii	0
fig4_q30_PE_itsxpress_unite_blast_top1_rescue	3Q	fig4_q30_PE_itsxpress_unite_blast_top1_rescue_3Q	QIAamp	3	mock_only	UNITE+RefSeq BLAST	RefSeq_BLAST	ITSxpress	PE	Cryptococcus_neoformans	0.15592100207484824
fig4_q30_PE_itsxpress_unite_blast_top1_rescue	3Q	fig4_q30_PE_itsxpress_unite_blast_top1_rescue_3Q	QIAamp	3	mock_only	UNITE+RefSeq BLAST	RefSeq_BLAST	ITSxpress	PE	Trichophyton_interdigitale	0
fig4_q30_PE_itsxpress_unite_blast_top1_rescue	3Q	fig4_q30_PE_itsxpress_unite_blast_top1_rescue_3Q	QIAamp	3	mock_only	UNITE+RefSeq BLAST	RefSeq_BLAST	ITSxpress	PE	Trichophyton_mentagrophytes	0.006327006327006327
fig4_q30_PE_itsxpress_unite_blast_top1_rescue	3Q	fig4_q30_PE_itsxpress_unite_blast_top1_rescue_3Q	QIAamp	3	mock_only	UNITE+RefSeq BLAST	RefSeq_BLAST	ITSxpress	PE	Penicillium_chrysogenum	0.13476267322421168
fig4_q30_PE_itsxpress_unite_blast_top1_rescue	3Q	fig4_q30_PE_itsxpress_unite_blast_top1_rescue_3Q	QIAamp	3	mock_only	UNITE+RefSeq BLAST	RefSeq_BLAST	ITSxpress	PE	Penicillium_flavigenum	0
fig4_q30_PE_itsxpress_unite_blast_top1_rescue	3Q	fig4_q30_PE_itsxpress_unite_blast_top1_rescue_3Q	QIAamp	3	mock_only	UNITE+RefSeq BLAST	RefSeq_BLAST	ITSxpress	PE	Penicillium_g	0
fig4_q30_PE_itsxpress_unite_blast_top1_rescue	3Q	fig4_q30_PE_itsxpress_unite_blast_top1_rescue_3Q	QIAamp	3	mock_only	UNITE+RefSeq BLAST	RefSeq_BLAST	ITSxpress	PE	Fusarium_g	0
fig4_q30_PE_itsxpress_unite_blast_top1_rescue	3Q	fig4_q30_PE_itsxpress_unite_blast_top1_rescue_3Q	QIAamp	3	mock_only	UNITE+RefSeq BLAST	RefSeq_BLAST	ITSxpress	PE	Fusarium_keratoplasticum	0.0023566177412331257
fig4_q30_PE_itsxpress_unite_blast_top1_rescue	3Q	fig4_q30_PE_itsxpress_unite_blast_top1_rescue_3Q	QIAamp	3	mock_only	UNITE+RefSeq BLAST	RefSeq_BLAST	ITSxpress	PE	Candida_africana	0
fig4_q30_PE_itsxpress_unite_blast_top1_rescue	3Q	fig4_q30_PE_itsxpress_unite_blast_top1_rescue_3Q	QIAamp	3	mock_only	UNITE+RefSeq BLAST	RefSeq_BLAST	ITSxpress	PE	Candida_albicans	0.3028595336287644
fig4_q30_PE_itsxpress_unite_blast_top1_rescue	3Q	fig4_q30_PE_itsxpress_unite_blast_top1_rescue_3Q	QIAamp	3	mock_only	UNITE+RefSeq BLAST	RefSeq_BLAST	ITSxpress	PE	Candida_g	0
fig4_q30_PE_itsxpress_unite_blast_top1_rescue	3Q	fig4_q30_PE_itsxpress_unite_blast_top1_rescue_3Q	QIAamp	3	mock_only	UNITE+RefSeq BLAST	RefSeq_BLAST	ITSxpress	PE	Candida_tropicalis	0
fig4_q30_PE_itsxpress_unite_blast_top1_rescue	3Q	fig4_q30_PE_itsxpress_unite_blast_top1_rescue_3Q	QIAamp	3	mock_only	UNITE+RefSeq BLAST	RefSeq_BLAST	ITSxpress	PE	Nakaseomyces_glabratus	0.11033411033411034
fig4_q30_PE_itsxpress_unite_blast_top1_rescue	3Q	fig4_q30_PE_itsxpress_unite_blast_top1_rescue_3Q	QIAamp	3	mock_only	UNITE+RefSeq BLAST	RefSeq_BLAST	ITSxpress	PE	Malassezia_g	0
fig4_q30_PE_itsxpress_unite_blast_top1_rescue	3Q	fig4_q30_PE_itsxpress_unite_blast_top1_rescue_3Q	QIAamp	3	mock_only	UNITE+RefSeq BLAST	RefSeq_BLAST	ITSxpress	PE	Malassezia_globosa	1.7076940153863232e-5
fig4_q30_PE_itsxpress_unite_blast_top1_rescue	3Q	fig4_q30_PE_itsxpress_unite_blast_top1_rescue_3Q	QIAamp	3	mock_only	UNITE+RefSeq BLAST	RefSeq_BLAST	ITSxpress	PE	Saccharomyces_arboricola	0
fig4_q30_PE_itsxpress_unite_blast_top1_rescue	3Q	fig4_q30_PE_itsxpress_unite_blast_top1_rescue_3Q	QIAamp	3	mock_only	UNITE+RefSeq BLAST	RefSeq_BLAST	ITSxpress	PE	Saccharomyces_cerevisiae	0.0397807320884244
fig4_q30_PE_itsxpress_unite_blast_top1_rescue	3Q	fig4_q30_PE_itsxpress_unite_blast_top1_rescue_3Q	QIAamp	3	mock_only	UNITE+RefSeq BLAST	RefSeq_BLAST	ITSxpress	PE	Saccharomyces_g	2.5615410230794848e-5
fig4_q30_PE_itsxpress_unite_blast_top1_rescue	3Q	fig4_q30_PE_itsxpress_unite_blast_top1_rescue_3Q	QIAamp	3	mock_only	UNITE+RefSeq BLAST	RefSeq_BLAST	ITSxpress	PE	Saccharomyces_uvarum	0
fig4_q30_PE_itsxpress_unite_blast_top1_rescue	3Q	fig4_q30_PE_itsxpress_unite_blast_top1_rescue_3Q	QIAamp	3	mock_only	UNITE+RefSeq BLAST	RefSeq_BLAST	ITSxpress	PE	Cutaneotrichosporon_dermatis	1.3661552123090585e-4
fig4_q30_PE_itsxpress_unite_blast_top1_rescue	3Q	fig4_q30_PE_itsxpress_unite_blast_top1_rescue_3Q	QIAamp	3	mock_only	UNITE+RefSeq BLAST	RefSeq_BLAST	ITSxpress	PE	Cutaneotrichosporon_g	0
fig4_q30_PE_itsxpress_unite_blast_top1_rescue	3Q	fig4_q30_PE_itsxpress_unite_blast_top1_rescue_3Q	QIAamp	3	mock_only	UNITE+RefSeq BLAST	RefSeq_BLAST	ITSxpress	PE	Cutaneotrichosporon_mucoides	0.21370082908544447
fig4_q30_PE_itsxpress_unite_blast_top1_rescue	3Q	fig4_q30_PE_itsxpress_unite_blast_top1_rescue_3Q	QIAamp	3	mock_only	UNITE+RefSeq BLAST	RefSeq_BLAST	ITSxpress	PE	Other	0
fig4_q30_PE_itsxpress_unite_blast_top1_rescue	3Z	fig4_q30_PE_itsxpress_unite_blast_top1_rescue_3Z	Zymo	3	mock_only	Mock type-strain BLAST	Mock_type_reference_BLAST	ITSxpress	PE	Aspergillus_fumigatus	0.029031738359916223
fig4_q30_PE_itsxpress_unite_blast_top1_rescue	3Z	fig4_q30_PE_itsxpress_unite_blast_top1_rescue_3Z	Zymo	3	mock_only	Mock type-strain BLAST	Mock_type_reference_BLAST	ITSxpress	PE	Aspergillus_g	0
fig4_q30_PE_itsxpress_unite_blast_top1_rescue	3Z	fig4_q30_PE_itsxpress_unite_blast_top1_rescue_3Z	Zymo	3	mock_only	Mock type-strain BLAST	Mock_type_reference_BLAST	ITSxpress	PE	Cryptococcus_gattii	0
fig4_q30_PE_itsxpress_unite_blast_top1_rescue	3Z	fig4_q30_PE_itsxpress_unite_blast_top1_rescue_3Z	Zymo	3	mock_only	Mock type-strain BLAST	Mock_type_reference_BLAST	ITSxpress	PE	Cryptococcus_neoformans	0.15111164813919767
fig4_q30_PE_itsxpress_unite_blast_top1_rescue	3Z	fig4_q30_PE_itsxpress_unite_blast_top1_rescue_3Z	Zymo	3	mock_only	Mock type-strain BLAST	Mock_type_reference_BLAST	ITSxpress	PE	Trichophyton_interdigitale	0.0038263251168036087
fig4_q30_PE_itsxpress_unite_blast_top1_rescue	3Z	fig4_q30_PE_itsxpress_unite_blast_top1_rescue_3Z	Zymo	3	mock_only	Mock type-strain BLAST	Mock_type_reference_BLAST	ITSxpress	PE	Trichophyton_mentagrophytes	0
fig4_q30_PE_itsxpress_unite_blast_top1_rescue	3Z	fig4_q30_PE_itsxpress_unite_blast_top1_rescue_3Z	Zymo	3	mock_only	Mock type-strain BLAST	Mock_type_reference_BLAST	ITSxpress	PE	Penicillium_chrysogenum	0.13396165619461897
fig4_q30_PE_itsxpress_unite_blast_top1_rescue	3Z	fig4_q30_PE_itsxpress_unite_blast_top1_rescue_3Z	Zymo	3	mock_only	Mock type-strain BLAST	Mock_type_reference_BLAST	ITSxpress	PE	Penicillium_flavigenum	0
fig4_q30_PE_itsxpress_unite_blast_top1_rescue	3Z	fig4_q30_PE_itsxpress_unite_blast_top1_rescue_3Z	Zymo	3	mock_only	Mock type-strain BLAST	Mock_type_reference_BLAST	ITSxpress	PE	Penicillium_g	0
fig4_q30_PE_itsxpress_unite_blast_top1_rescue	3Z	fig4_q30_PE_itsxpress_unite_blast_top1_rescue_3Z	Zymo	3	mock_only	Mock type-strain BLAST	Mock_type_reference_BLAST	ITSxpress	PE	Fusarium_g	0
fig4_q30_PE_itsxpress_unite_blast_top1_rescue	3Z	fig4_q30_PE_itsxpress_unite_blast_top1_rescue_3Z	Zymo	3	mock_only	Mock type-strain BLAST	Mock_type_reference_BLAST	ITSxpress	PE	Fusarium_keratoplasticum	0.0016433059449009182
fig4_q30_PE_itsxpress_unite_blast_top1_rescue	3Z	fig4_q30_PE_itsxpress_unite_blast_top1_rescue_3Z	Zymo	3	mock_only	Mock type-strain BLAST	Mock_type_reference_BLAST	ITSxpress	PE	Candida_africana	0
fig4_q30_PE_itsxpress_unite_blast_top1_rescue	3Z	fig4_q30_PE_itsxpress_unite_blast_top1_rescue_3Z	Zymo	3	mock_only	Mock type-strain BLAST	Mock_type_reference_BLAST	ITSxpress	PE	Candida_albicans	0.3023441275978734
fig4_q30_PE_itsxpress_unite_blast_top1_rescue	3Z	fig4_q30_PE_itsxpress_unite_blast_top1_rescue_3Z	Zymo	3	mock_only	Mock type-strain BLAST	Mock_type_reference_BLAST	ITSxpress	PE	Candida_g	0
fig4_q30_PE_itsxpress_unite_blast_top1_rescue	3Z	fig4_q30_PE_itsxpress_unite_blast_top1_rescue_3Z	Zymo	3	mock_only	Mock type-strain BLAST	Mock_type_reference_BLAST	ITSxpress	PE	Candida_tropicalis	0
fig4_q30_PE_itsxpress_unite_blast_top1_rescue	3Z	fig4_q30_PE_itsxpress_unite_blast_top1_rescue_3Z	Zymo	3	mock_only	Mock type-strain BLAST	Mock_type_reference_BLAST	ITSxpress	PE	Nakaseomyces_glabratus	0.10173191557918479
fig4_q30_PE_itsxpress_unite_blast_top1_rescue	3Z	fig4_q30_PE_itsxpress_unite_blast_top1_rescue_3Z	Zymo	3	mock_only	Mock type-strain BLAST	Mock_type_reference_BLAST	ITSxpress	PE	Malassezia_g	0
fig4_q30_PE_itsxpress_unite_blast_top1_rescue	3Z	fig4_q30_PE_itsxpress_unite_blast_top1_rescue_3Z	Zymo	3	mock_only	Mock type-strain BLAST	Mock_type_reference_BLAST	ITSxpress	PE	Malassezia_globosa	4.833252779120348e-5
fig4_q30_PE_itsxpress_unite_blast_top1_rescue	3Z	fig4_q30_PE_itsxpress_unite_blast_top1_rescue_3Z	Zymo	3	mock_only	Mock type-strain BLAST	Mock_type_reference_BLAST	ITSxpress	PE	Saccharomyces_arboricola	0
fig4_q30_PE_itsxpress_unite_blast_top1_rescue	3Z	fig4_q30_PE_itsxpress_unite_blast_top1_rescue_3Z	Zymo	3	mock_only	Mock type-strain BLAST	Mock_type_reference_BLAST	ITSxpress	PE	Saccharomyces_cerevisiae	0.054494925084581924
fig4_q30_PE_itsxpress_unite_blast_top1_rescue	3Z	fig4_q30_PE_itsxpress_unite_blast_top1_rescue_3Z	Zymo	3	mock_only	Mock type-strain BLAST	Mock_type_reference_BLAST	ITSxpress	PE	Saccharomyces_g	0
fig4_q30_PE_itsxpress_unite_blast_top1_rescue	3Z	fig4_q30_PE_itsxpress_unite_blast_top1_rescue_3Z	Zymo	3	mock_only	Mock type-strain BLAST	Mock_type_reference_BLAST	ITSxpress	PE	Saccharomyces_uvarum	0
fig4_q30_PE_itsxpress_unite_blast_top1_rescue	3Z	fig4_q30_PE_itsxpress_unite_blast_top1_rescue_3Z	Zymo	3	mock_only	Mock type-strain BLAST	Mock_type_reference_BLAST	ITSxpress	PE	Cutaneotrichosporon_dermatis	0.2218060254551313
fig4_q30_PE_itsxpress_unite_blast_top1_rescue	3Z	fig4_q30_PE_itsxpress_unite_blast_top1_rescue_3Z	Zymo	3	mock_only	Mock type-strain BLAST	Mock_type_reference_BLAST	ITSxpress	PE	Cutaneotrichosporon_g	0
fig4_q30_PE_itsxpress_unite_blast_top1_rescue	3Z	fig4_q30_PE_itsxpress_unite_blast_top1_rescue_3Z	Zymo	3	mock_only	Mock type-strain BLAST	Mock_type_reference_BLAST	ITSxpress	PE	Cutaneotrichosporon_mucoides	0
fig4_q30_PE_itsxpress_unite_blast_top1_rescue	3Z	fig4_q30_PE_itsxpress_unite_blast_top1_rescue_3Z	Zymo	3	mock_only	Mock type-strain BLAST	Mock_type_reference_BLAST	ITSxpress	PE	Other	0
fig4_q30_PE_itsxpress_unite_blast_top1_rescue	3Z	fig4_q30_PE_itsxpress_unite_blast_top1_rescue_3Z	Zymo	3	mock_only	UNITE	No_BLAST	ITSxpress	PE	Aspergillus_fumigatus	0.029031738359916223
fig4_q30_PE_itsxpress_unite_blast_top1_rescue	3Z	fig4_q30_PE_itsxpress_unite_blast_top1_rescue_3Z	Zymo	3	mock_only	UNITE	No_BLAST	ITSxpress	PE	Aspergillus_g	0
fig4_q30_PE_itsxpress_unite_blast_top1_rescue	3Z	fig4_q30_PE_itsxpress_unite_blast_top1_rescue_3Z	Zymo	3	mock_only	UNITE	No_BLAST	ITSxpress	PE	Cryptococcus_gattii	0
fig4_q30_PE_itsxpress_unite_blast_top1_rescue	3Z	fig4_q30_PE_itsxpress_unite_blast_top1_rescue_3Z	Zymo	3	mock_only	UNITE	No_BLAST	ITSxpress	PE	Cryptococcus_neoformans	0.15103109392621233
fig4_q30_PE_itsxpress_unite_blast_top1_rescue	3Z	fig4_q30_PE_itsxpress_unite_blast_top1_rescue_3Z	Zymo	3	mock_only	UNITE	No_BLAST	ITSxpress	PE	Trichophyton_interdigitale	0
fig4_q30_PE_itsxpress_unite_blast_top1_rescue	3Z	fig4_q30_PE_itsxpress_unite_blast_top1_rescue_3Z	Zymo	3	mock_only	UNITE	No_BLAST	ITSxpress	PE	Trichophyton_mentagrophytes	0.0038263251168036087
fig4_q30_PE_itsxpress_unite_blast_top1_rescue	3Z	fig4_q30_PE_itsxpress_unite_blast_top1_rescue_3Z	Zymo	3	mock_only	UNITE	No_BLAST	ITSxpress	PE	Penicillium_chrysogenum	0
fig4_q30_PE_itsxpress_unite_blast_top1_rescue	3Z	fig4_q30_PE_itsxpress_unite_blast_top1_rescue_3Z	Zymo	3	mock_only	UNITE	No_BLAST	ITSxpress	PE	Penicillium_flavigenum	0
fig4_q30_PE_itsxpress_unite_blast_top1_rescue	3Z	fig4_q30_PE_itsxpress_unite_blast_top1_rescue_3Z	Zymo	3	mock_only	UNITE	No_BLAST	ITSxpress	PE	Penicillium_g	0
fig4_q30_PE_itsxpress_unite_blast_top1_rescue	3Z	fig4_q30_PE_itsxpress_unite_blast_top1_rescue_3Z	Zymo	3	mock_only	UNITE	No_BLAST	ITSxpress	PE	Fusarium_g	0
fig4_q30_PE_itsxpress_unite_blast_top1_rescue	3Z	fig4_q30_PE_itsxpress_unite_blast_top1_rescue_3Z	Zymo	3	mock_only	UNITE	No_BLAST	ITSxpress	PE	Fusarium_keratoplasticum	0
fig4_q30_PE_itsxpress_unite_blast_top1_rescue	3Z	fig4_q30_PE_itsxpress_unite_blast_top1_rescue_3Z	Zymo	3	mock_only	UNITE	No_BLAST	ITSxpress	PE	Candida_africana	0
fig4_q30_PE_itsxpress_unite_blast_top1_rescue	3Z	fig4_q30_PE_itsxpress_unite_blast_top1_rescue_3Z	Zymo	3	mock_only	UNITE	No_BLAST	ITSxpress	PE	Candida_albicans	0.30223940712099245
fig4_q30_PE_itsxpress_unite_blast_top1_rescue	3Z	fig4_q30_PE_itsxpress_unite_blast_top1_rescue_3Z	Zymo	3	mock_only	UNITE	No_BLAST	ITSxpress	PE	Candida_g	0
fig4_q30_PE_itsxpress_unite_blast_top1_rescue	3Z	fig4_q30_PE_itsxpress_unite_blast_top1_rescue_3Z	Zymo	3	mock_only	UNITE	No_BLAST	ITSxpress	PE	Candida_tropicalis	0
fig4_q30_PE_itsxpress_unite_blast_top1_rescue	3Z	fig4_q30_PE_itsxpress_unite_blast_top1_rescue_3Z	Zymo	3	mock_only	UNITE	No_BLAST	ITSxpress	PE	Nakaseomyces_glabratus	0.10173191557918479
fig4_q30_PE_itsxpress_unite_blast_top1_rescue	3Z	fig4_q30_PE_itsxpress_unite_blast_top1_rescue_3Z	Zymo	3	mock_only	UNITE	No_BLAST	ITSxpress	PE	Malassezia_g	0
fig4_q30_PE_itsxpress_unite_blast_top1_rescue	3Z	fig4_q30_PE_itsxpress_unite_blast_top1_rescue_3Z	Zymo	3	mock_only	UNITE	No_BLAST	ITSxpress	PE	Malassezia_globosa	4.833252779120348e-5
fig4_q30_PE_itsxpress_unite_blast_top1_rescue	3Z	fig4_q30_PE_itsxpress_unite_blast_top1_rescue_3Z	Zymo	3	mock_only	UNITE	No_BLAST	ITSxpress	PE	Saccharomyces_arboricola	0
fig4_q30_PE_itsxpress_unite_blast_top1_rescue	3Z	fig4_q30_PE_itsxpress_unite_blast_top1_rescue_3Z	Zymo	3	mock_only	UNITE	No_BLAST	ITSxpress	PE	Saccharomyces_cerevisiae	0.05446270339938779
fig4_q30_PE_itsxpress_unite_blast_top1_rescue	3Z	fig4_q30_PE_itsxpress_unite_blast_top1_rescue_3Z	Zymo	3	mock_only	UNITE	No_BLAST	ITSxpress	PE	Saccharomyces_g	0
fig4_q30_PE_itsxpress_unite_blast_top1_rescue	3Z	fig4_q30_PE_itsxpress_unite_blast_top1_rescue_3Z	Zymo	3	mock_only	UNITE	No_BLAST	ITSxpress	PE	Saccharomyces_uvarum	0
fig4_q30_PE_itsxpress_unite_blast_top1_rescue	3Z	fig4_q30_PE_itsxpress_unite_blast_top1_rescue_3Z	Zymo	3	mock_only	UNITE	No_BLAST	ITSxpress	PE	Cutaneotrichosporon_dermatis	0
fig4_q30_PE_itsxpress_unite_blast_top1_rescue	3Z	fig4_q30_PE_itsxpress_unite_blast_top1_rescue_3Z	Zymo	3	mock_only	UNITE	No_BLAST	ITSxpress	PE	Cutaneotrichosporon_g	0
fig4_q30_PE_itsxpress_unite_blast_top1_rescue	3Z	fig4_q30_PE_itsxpress_unite_blast_top1_rescue_3Z	Zymo	3	mock_only	UNITE	No_BLAST	ITSxpress	PE	Cutaneotrichosporon_mucoides	0.22165297245045915
fig4_q30_PE_itsxpress_unite_blast_top1_rescue	3Z	fig4_q30_PE_itsxpress_unite_blast_top1_rescue_3Z	Zymo	3	mock_only	UNITE	No_BLAST	ITSxpress	PE	Other	0.13597551151925247
fig4_q30_PE_itsxpress_unite_blast_top1_rescue	3Z	fig4_q30_PE_itsxpress_unite_blast_top1_rescue_3Z	Zymo	3	mock_only	UNITE+RefSeq BLAST	RefSeq_BLAST	ITSxpress	PE	Aspergillus_fumigatus	0.029031738359916223
fig4_q30_PE_itsxpress_unite_blast_top1_rescue	3Z	fig4_q30_PE_itsxpress_unite_blast_top1_rescue_3Z	Zymo	3	mock_only	UNITE+RefSeq BLAST	RefSeq_BLAST	ITSxpress	PE	Aspergillus_g	0
fig4_q30_PE_itsxpress_unite_blast_top1_rescue	3Z	fig4_q30_PE_itsxpress_unite_blast_top1_rescue_3Z	Zymo	3	mock_only	UNITE+RefSeq BLAST	RefSeq_BLAST	ITSxpress	PE	Cryptococcus_gattii	0
fig4_q30_PE_itsxpress_unite_blast_top1_rescue	3Z	fig4_q30_PE_itsxpress_unite_blast_top1_rescue_3Z	Zymo	3	mock_only	UNITE+RefSeq BLAST	RefSeq_BLAST	ITSxpress	PE	Cryptococcus_neoformans	0.15111164813919767
fig4_q30_PE_itsxpress_unite_blast_top1_rescue	3Z	fig4_q30_PE_itsxpress_unite_blast_top1_rescue_3Z	Zymo	3	mock_only	UNITE+RefSeq BLAST	RefSeq_BLAST	ITSxpress	PE	Trichophyton_interdigitale	0
fig4_q30_PE_itsxpress_unite_blast_top1_rescue	3Z	fig4_q30_PE_itsxpress_unite_blast_top1_rescue_3Z	Zymo	3	mock_only	UNITE+RefSeq BLAST	RefSeq_BLAST	ITSxpress	PE	Trichophyton_mentagrophytes	0.0038263251168036087
fig4_q30_PE_itsxpress_unite_blast_top1_rescue	3Z	fig4_q30_PE_itsxpress_unite_blast_top1_rescue_3Z	Zymo	3	mock_only	UNITE+RefSeq BLAST	RefSeq_BLAST	ITSxpress	PE	Penicillium_chrysogenum	0.13396165619461897
fig4_q30_PE_itsxpress_unite_blast_top1_rescue	3Z	fig4_q30_PE_itsxpress_unite_blast_top1_rescue_3Z	Zymo	3	mock_only	UNITE+RefSeq BLAST	RefSeq_BLAST	ITSxpress	PE	Penicillium_flavigenum	0
fig4_q30_PE_itsxpress_unite_blast_top1_rescue	3Z	fig4_q30_PE_itsxpress_unite_blast_top1_rescue_3Z	Zymo	3	mock_only	UNITE+RefSeq BLAST	RefSeq_BLAST	ITSxpress	PE	Penicillium_g	0
fig4_q30_PE_itsxpress_unite_blast_top1_rescue	3Z	fig4_q30_PE_itsxpress_unite_blast_top1_rescue_3Z	Zymo	3	mock_only	UNITE+RefSeq BLAST	RefSeq_BLAST	ITSxpress	PE	Fusarium_g	0
fig4_q30_PE_itsxpress_unite_blast_top1_rescue	3Z	fig4_q30_PE_itsxpress_unite_blast_top1_rescue_3Z	Zymo	3	mock_only	UNITE+RefSeq BLAST	RefSeq_BLAST	ITSxpress	PE	Fusarium_keratoplasticum	0.0016433059449009182
fig4_q30_PE_itsxpress_unite_blast_top1_rescue	3Z	fig4_q30_PE_itsxpress_unite_blast_top1_rescue_3Z	Zymo	3	mock_only	UNITE+RefSeq BLAST	RefSeq_BLAST	ITSxpress	PE	Candida_africana	0
fig4_q30_PE_itsxpress_unite_blast_top1_rescue	3Z	fig4_q30_PE_itsxpress_unite_blast_top1_rescue_3Z	Zymo	3	mock_only	UNITE+RefSeq BLAST	RefSeq_BLAST	ITSxpress	PE	Candida_albicans	0.3023441275978734
fig4_q30_PE_itsxpress_unite_blast_top1_rescue	3Z	fig4_q30_PE_itsxpress_unite_blast_top1_rescue_3Z	Zymo	3	mock_only	UNITE+RefSeq BLAST	RefSeq_BLAST	ITSxpress	PE	Candida_g	0
fig4_q30_PE_itsxpress_unite_blast_top1_rescue	3Z	fig4_q30_PE_itsxpress_unite_blast_top1_rescue_3Z	Zymo	3	mock_only	UNITE+RefSeq BLAST	RefSeq_BLAST	ITSxpress	PE	Candida_tropicalis	0
fig4_q30_PE_itsxpress_unite_blast_top1_rescue	3Z	fig4_q30_PE_itsxpress_unite_blast_top1_rescue_3Z	Zymo	3	mock_only	UNITE+RefSeq BLAST	RefSeq_BLAST	ITSxpress	PE	Nakaseomyces_glabratus	0.10173191557918479
fig4_q30_PE_itsxpress_unite_blast_top1_rescue	3Z	fig4_q30_PE_itsxpress_unite_blast_top1_rescue_3Z	Zymo	3	mock_only	UNITE+RefSeq BLAST	RefSeq_BLAST	ITSxpress	PE	Malassezia_g	0
fig4_q30_PE_itsxpress_unite_blast_top1_rescue	3Z	fig4_q30_PE_itsxpress_unite_blast_top1_rescue_3Z	Zymo	3	mock_only	UNITE+RefSeq BLAST	RefSeq_BLAST	ITSxpress	PE	Malassezia_globosa	4.833252779120348e-5
fig4_q30_PE_itsxpress_unite_blast_top1_rescue	3Z	fig4_q30_PE_itsxpress_unite_blast_top1_rescue_3Z	Zymo	3	mock_only	UNITE+RefSeq BLAST	RefSeq_BLAST	ITSxpress	PE	Saccharomyces_arboricola	0
fig4_q30_PE_itsxpress_unite_blast_top1_rescue	3Z	fig4_q30_PE_itsxpress_unite_blast_top1_rescue_3Z	Zymo	3	mock_only	UNITE+RefSeq BLAST	RefSeq_BLAST	ITSxpress	PE	Saccharomyces_cerevisiae	0.05446270339938779
fig4_q30_PE_itsxpress_unite_blast_top1_rescue	3Z	fig4_q30_PE_itsxpress_unite_blast_top1_rescue_3Z	Zymo	3	mock_only	UNITE+RefSeq BLAST	RefSeq_BLAST	ITSxpress	PE	Saccharomyces_g	3.222168519413565e-5
fig4_q30_PE_itsxpress_unite_blast_top1_rescue	3Z	fig4_q30_PE_itsxpress_unite_blast_top1_rescue_3Z	Zymo	3	mock_only	UNITE+RefSeq BLAST	RefSeq_BLAST	ITSxpress	PE	Saccharomyces_uvarum	0
fig4_q30_PE_itsxpress_unite_blast_top1_rescue	3Z	fig4_q30_PE_itsxpress_unite_blast_top1_rescue_3Z	Zymo	3	mock_only	UNITE+RefSeq BLAST	RefSeq_BLAST	ITSxpress	PE	Cutaneotrichosporon_dermatis	1.5305300467214434e-4
fig4_q30_PE_itsxpress_unite_blast_top1_rescue	3Z	fig4_q30_PE_itsxpress_unite_blast_top1_rescue_3Z	Zymo	3	mock_only	UNITE+RefSeq BLAST	RefSeq_BLAST	ITSxpress	PE	Cutaneotrichosporon_g	0
fig4_q30_PE_itsxpress_unite_blast_top1_rescue	3Z	fig4_q30_PE_itsxpress_unite_blast_top1_rescue_3Z	Zymo	3	mock_only	UNITE+RefSeq BLAST	RefSeq_BLAST	ITSxpress	PE	Cutaneotrichosporon_mucoides	0.22165297245045915
fig4_q30_PE_itsxpress_unite_blast_top1_rescue	3Z	fig4_q30_PE_itsxpress_unite_blast_top1_rescue_3Z	Zymo	3	mock_only	UNITE+RefSeq BLAST	RefSeq_BLAST	ITSxpress	PE	Other	0
fig4_q30_PE_itsxpress_unite_blast_top1_rescue	4D	fig4_q30_PE_itsxpress_unite_blast_top1_rescue_4D	DNeasy	4	mock_only	Mock type-strain BLAST	Mock_type_reference_BLAST	ITSxpress	PE	Aspergillus_fumigatus	0.030839293355339567
fig4_q30_PE_itsxpress_unite_blast_top1_rescue	4D	fig4_q30_PE_itsxpress_unite_blast_top1_rescue_4D	DNeasy	4	mock_only	Mock type-strain BLAST	Mock_type_reference_BLAST	ITSxpress	PE	Aspergillus_g	0
fig4_q30_PE_itsxpress_unite_blast_top1_rescue	4D	fig4_q30_PE_itsxpress_unite_blast_top1_rescue_4D	DNeasy	4	mock_only	Mock type-strain BLAST	Mock_type_reference_BLAST	ITSxpress	PE	Cryptococcus_gattii	0
fig4_q30_PE_itsxpress_unite_blast_top1_rescue	4D	fig4_q30_PE_itsxpress_unite_blast_top1_rescue_4D	DNeasy	4	mock_only	Mock type-strain BLAST	Mock_type_reference_BLAST	ITSxpress	PE	Cryptococcus_neoformans	0.1468457729690079
fig4_q30_PE_itsxpress_unite_blast_top1_rescue	4D	fig4_q30_PE_itsxpress_unite_blast_top1_rescue_4D	DNeasy	4	mock_only	Mock type-strain BLAST	Mock_type_reference_BLAST	ITSxpress	PE	Trichophyton_interdigitale	0.004936120789779327
fig4_q30_PE_itsxpress_unite_blast_top1_rescue	4D	fig4_q30_PE_itsxpress_unite_blast_top1_rescue_4D	DNeasy	4	mock_only	Mock type-strain BLAST	Mock_type_reference_BLAST	ITSxpress	PE	Trichophyton_mentagrophytes	0
fig4_q30_PE_itsxpress_unite_blast_top1_rescue	4D	fig4_q30_PE_itsxpress_unite_blast_top1_rescue_4D	DNeasy	4	mock_only	Mock type-strain BLAST	Mock_type_reference_BLAST	ITSxpress	PE	Penicillium_chrysogenum	0.12331132709823339
fig4_q30_PE_itsxpress_unite_blast_top1_rescue	4D	fig4_q30_PE_itsxpress_unite_blast_top1_rescue_4D	DNeasy	4	mock_only	Mock type-strain BLAST	Mock_type_reference_BLAST	ITSxpress	PE	Penicillium_flavigenum	0
fig4_q30_PE_itsxpress_unite_blast_top1_rescue	4D	fig4_q30_PE_itsxpress_unite_blast_top1_rescue_4D	DNeasy	4	mock_only	Mock type-strain BLAST	Mock_type_reference_BLAST	ITSxpress	PE	Penicillium_g	0
fig4_q30_PE_itsxpress_unite_blast_top1_rescue	4D	fig4_q30_PE_itsxpress_unite_blast_top1_rescue_4D	DNeasy	4	mock_only	Mock type-strain BLAST	Mock_type_reference_BLAST	ITSxpress	PE	Fusarium_g	0
fig4_q30_PE_itsxpress_unite_blast_top1_rescue	4D	fig4_q30_PE_itsxpress_unite_blast_top1_rescue_4D	DNeasy	4	mock_only	Mock type-strain BLAST	Mock_type_reference_BLAST	ITSxpress	PE	Fusarium_keratoplasticum	0.0019943150559325142
fig4_q30_PE_itsxpress_unite_blast_top1_rescue	4D	fig4_q30_PE_itsxpress_unite_blast_top1_rescue_4D	DNeasy	4	mock_only	Mock type-strain BLAST	Mock_type_reference_BLAST	ITSxpress	PE	Candida_africana	0
fig4_q30_PE_itsxpress_unite_blast_top1_rescue	4D	fig4_q30_PE_itsxpress_unite_blast_top1_rescue_4D	DNeasy	4	mock_only	Mock type-strain BLAST	Mock_type_reference_BLAST	ITSxpress	PE	Candida_albicans	0.2992389510361269
fig4_q30_PE_itsxpress_unite_blast_top1_rescue	4D	fig4_q30_PE_itsxpress_unite_blast_top1_rescue_4D	DNeasy	4	mock_only	Mock type-strain BLAST	Mock_type_reference_BLAST	ITSxpress	PE	Candida_g	0
fig4_q30_PE_itsxpress_unite_blast_top1_rescue	4D	fig4_q30_PE_itsxpress_unite_blast_top1_rescue_4D	DNeasy	4	mock_only	Mock type-strain BLAST	Mock_type_reference_BLAST	ITSxpress	PE	Candida_tropicalis	0
fig4_q30_PE_itsxpress_unite_blast_top1_rescue	4D	fig4_q30_PE_itsxpress_unite_blast_top1_rescue_4D	DNeasy	4	mock_only	Mock type-strain BLAST	Mock_type_reference_BLAST	ITSxpress	PE	Nakaseomyces_glabratus	0.11523473317439942
fig4_q30_PE_itsxpress_unite_blast_top1_rescue	4D	fig4_q30_PE_itsxpress_unite_blast_top1_rescue_4D	DNeasy	4	mock_only	Mock type-strain BLAST	Mock_type_reference_BLAST	ITSxpress	PE	Malassezia_g	0
fig4_q30_PE_itsxpress_unite_blast_top1_rescue	4D	fig4_q30_PE_itsxpress_unite_blast_top1_rescue_4D	DNeasy	4	mock_only	Mock type-strain BLAST	Mock_type_reference_BLAST	ITSxpress	PE	Malassezia_globosa	0
fig4_q30_PE_itsxpress_unite_blast_top1_rescue	4D	fig4_q30_PE_itsxpress_unite_blast_top1_rescue_4D	DNeasy	4	mock_only	Mock type-strain BLAST	Mock_type_reference_BLAST	ITSxpress	PE	Saccharomyces_arboricola	0
fig4_q30_PE_itsxpress_unite_blast_top1_rescue	4D	fig4_q30_PE_itsxpress_unite_blast_top1_rescue_4D	DNeasy	4	mock_only	Mock type-strain BLAST	Mock_type_reference_BLAST	ITSxpress	PE	Saccharomyces_cerevisiae	0.063061617458279845
fig4_q30_PE_itsxpress_unite_blast_top1_rescue	4D	fig4_q30_PE_itsxpress_unite_blast_top1_rescue_4D	DNeasy	4	mock_only	Mock type-strain BLAST	Mock_type_reference_BLAST	ITSxpress	PE	Saccharomyces_g	0
fig4_q30_PE_itsxpress_unite_blast_top1_rescue	4D	fig4_q30_PE_itsxpress_unite_blast_top1_rescue_4D	DNeasy	4	mock_only	Mock type-strain BLAST	Mock_type_reference_BLAST	ITSxpress	PE	Saccharomyces_uvarum	0
fig4_q30_PE_itsxpress_unite_blast_top1_rescue	4D	fig4_q30_PE_itsxpress_unite_blast_top1_rescue_4D	DNeasy	4	mock_only	Mock type-strain BLAST	Mock_type_reference_BLAST	ITSxpress	PE	Cutaneotrichosporon_dermatis	0.21453786906290115
fig4_q30_PE_itsxpress_unite_blast_top1_rescue	4D	fig4_q30_PE_itsxpress_unite_blast_top1_rescue_4D	DNeasy	4	mock_only	Mock type-strain BLAST	Mock_type_reference_BLAST	ITSxpress	PE	Cutaneotrichosporon_g	0
fig4_q30_PE_itsxpress_unite_blast_top1_rescue	4D	fig4_q30_PE_itsxpress_unite_blast_top1_rescue_4D	DNeasy	4	mock_only	Mock type-strain BLAST	Mock_type_reference_BLAST	ITSxpress	PE	Cutaneotrichosporon_mucoides	0
fig4_q30_PE_itsxpress_unite_blast_top1_rescue	4D	fig4_q30_PE_itsxpress_unite_blast_top1_rescue_4D	DNeasy	4	mock_only	Mock type-strain BLAST	Mock_type_reference_BLAST	ITSxpress	PE	Other	0
fig4_q30_PE_itsxpress_unite_blast_top1_rescue	4D	fig4_q30_PE_itsxpress_unite_blast_top1_rescue_4D	DNeasy	4	mock_only	UNITE	No_BLAST	ITSxpress	PE	Aspergillus_fumigatus	0.030839293355339567
fig4_q30_PE_itsxpress_unite_blast_top1_rescue	4D	fig4_q30_PE_itsxpress_unite_blast_top1_rescue_4D	DNeasy	4	mock_only	UNITE	No_BLAST	ITSxpress	PE	Aspergillus_g	0
fig4_q30_PE_itsxpress_unite_blast_top1_rescue	4D	fig4_q30_PE_itsxpress_unite_blast_top1_rescue_4D	DNeasy	4	mock_only	UNITE	No_BLAST	ITSxpress	PE	Cryptococcus_gattii	0
fig4_q30_PE_itsxpress_unite_blast_top1_rescue	4D	fig4_q30_PE_itsxpress_unite_blast_top1_rescue_4D	DNeasy	4	mock_only	UNITE	No_BLAST	ITSxpress	PE	Cryptococcus_neoformans	0.14670059294577908
fig4_q30_PE_itsxpress_unite_blast_top1_rescue	4D	fig4_q30_PE_itsxpress_unite_blast_top1_rescue_4D	DNeasy	4	mock_only	UNITE	No_BLAST	ITSxpress	PE	Trichophyton_interdigitale	0
fig4_q30_PE_itsxpress_unite_blast_top1_rescue	4D	fig4_q30_PE_itsxpress_unite_blast_top1_rescue_4D	DNeasy	4	mock_only	UNITE	No_BLAST	ITSxpress	PE	Trichophyton_mentagrophytes	0.004936120789779327
fig4_q30_PE_itsxpress_unite_blast_top1_rescue	4D	fig4_q30_PE_itsxpress_unite_blast_top1_rescue_4D	DNeasy	4	mock_only	UNITE	No_BLAST	ITSxpress	PE	Penicillium_chrysogenum	0
fig4_q30_PE_itsxpress_unite_blast_top1_rescue	4D	fig4_q30_PE_itsxpress_unite_blast_top1_rescue_4D	DNeasy	4	mock_only	UNITE	No_BLAST	ITSxpress	PE	Penicillium_flavigenum	0
fig4_q30_PE_itsxpress_unite_blast_top1_rescue	4D	fig4_q30_PE_itsxpress_unite_blast_top1_rescue_4D	DNeasy	4	mock_only	UNITE	No_BLAST	ITSxpress	PE	Penicillium_g	0
fig4_q30_PE_itsxpress_unite_blast_top1_rescue	4D	fig4_q30_PE_itsxpress_unite_blast_top1_rescue_4D	DNeasy	4	mock_only	UNITE	No_BLAST	ITSxpress	PE	Fusarium_g	0
fig4_q30_PE_itsxpress_unite_blast_top1_rescue	4D	fig4_q30_PE_itsxpress_unite_blast_top1_rescue_4D	DNeasy	4	mock_only	UNITE	No_BLAST	ITSxpress	PE	Fusarium_keratoplasticum	0
fig4_q30_PE_itsxpress_unite_blast_top1_rescue	4D	fig4_q30_PE_itsxpress_unite_blast_top1_rescue_4D	DNeasy	4	mock_only	UNITE	No_BLAST	ITSxpress	PE	Candida_africana	0
fig4_q30_PE_itsxpress_unite_blast_top1_rescue	4D	fig4_q30_PE_itsxpress_unite_blast_top1_rescue_4D	DNeasy	4	mock_only	UNITE	No_BLAST	ITSxpress	PE	Candida_albicans	0.2990173604743566
fig4_q30_PE_itsxpress_unite_blast_top1_rescue	4D	fig4_q30_PE_itsxpress_unite_blast_top1_rescue_4D	DNeasy	4	mock_only	UNITE	No_BLAST	ITSxpress	PE	Candida_g	0
fig4_q30_PE_itsxpress_unite_blast_top1_rescue	4D	fig4_q30_PE_itsxpress_unite_blast_top1_rescue_4D	DNeasy	4	mock_only	UNITE	No_BLAST	ITSxpress	PE	Candida_tropicalis	0
fig4_q30_PE_itsxpress_unite_blast_top1_rescue	4D	fig4_q30_PE_itsxpress_unite_blast_top1_rescue_4D	DNeasy	4	mock_only	UNITE	No_BLAST	ITSxpress	PE	Nakaseomyces_glabratus	0.11517360474356624
fig4_q30_PE_itsxpress_unite_blast_top1_rescue	4D	fig4_q30_PE_itsxpress_unite_blast_top1_rescue_4D	DNeasy	4	mock_only	UNITE	No_BLAST	ITSxpress	PE	Malassezia_g	0
fig4_q30_PE_itsxpress_unite_blast_top1_rescue	4D	fig4_q30_PE_itsxpress_unite_blast_top1_rescue_4D	DNeasy	4	mock_only	UNITE	No_BLAST	ITSxpress	PE	Malassezia_globosa	0
fig4_q30_PE_itsxpress_unite_blast_top1_rescue	4D	fig4_q30_PE_itsxpress_unite_blast_top1_rescue_4D	DNeasy	4	mock_only	UNITE	No_BLAST	ITSxpress	PE	Saccharomyces_arboricola	0
fig4_q30_PE_itsxpress_unite_blast_top1_rescue	4D	fig4_q30_PE_itsxpress_unite_blast_top1_rescue_4D	DNeasy	4	mock_only	UNITE	No_BLAST	ITSxpress	PE	Saccharomyces_cerevisiae	0.06303105324286326
fig4_q30_PE_itsxpress_unite_blast_top1_rescue	4D	fig4_q30_PE_itsxpress_unite_blast_top1_rescue_4D	DNeasy	4	mock_only	UNITE	No_BLAST	ITSxpress	PE	Saccharomyces_g	0
fig4_q30_PE_itsxpress_unite_blast_top1_rescue	4D	fig4_q30_PE_itsxpress_unite_blast_top1_rescue_4D	DNeasy	4	mock_only	UNITE	No_BLAST	ITSxpress	PE	Saccharomyces_uvarum	0
fig4_q30_PE_itsxpress_unite_blast_top1_rescue	4D	fig4_q30_PE_itsxpress_unite_blast_top1_rescue_4D	DNeasy	4	mock_only	UNITE	No_BLAST	ITSxpress	PE	Cutaneotrichosporon_dermatis	0
fig4_q30_PE_itsxpress_unite_blast_top1_rescue	4D	fig4_q30_PE_itsxpress_unite_blast_top1_rescue_4D	DNeasy	4	mock_only	UNITE	No_BLAST	ITSxpress	PE	Cutaneotrichosporon_g	0
fig4_q30_PE_itsxpress_unite_blast_top1_rescue	4D	fig4_q30_PE_itsxpress_unite_blast_top1_rescue_4D	DNeasy	4	mock_only	UNITE	No_BLAST	ITSxpress	PE	Cutaneotrichosporon_mucoides	0.21439268903967235
fig4_q30_PE_itsxpress_unite_blast_top1_rescue	4D	fig4_q30_PE_itsxpress_unite_blast_top1_rescue_4D	DNeasy	4	mock_only	UNITE	No_BLAST	ITSxpress	PE	Other	0.12590928540864355
fig4_q30_PE_itsxpress_unite_blast_top1_rescue	4D	fig4_q30_PE_itsxpress_unite_blast_top1_rescue_4D	DNeasy	4	mock_only	UNITE+RefSeq BLAST	RefSeq_BLAST	ITSxpress	PE	Aspergillus_fumigatus	0.030839293355339567
fig4_q30_PE_itsxpress_unite_blast_top1_rescue	4D	fig4_q30_PE_itsxpress_unite_blast_top1_rescue_4D	DNeasy	4	mock_only	UNITE+RefSeq BLAST	RefSeq_BLAST	ITSxpress	PE	Aspergillus_g	0
fig4_q30_PE_itsxpress_unite_blast_top1_rescue	4D	fig4_q30_PE_itsxpress_unite_blast_top1_rescue_4D	DNeasy	4	mock_only	UNITE+RefSeq BLAST	RefSeq_BLAST	ITSxpress	PE	Cryptococcus_gattii	0
fig4_q30_PE_itsxpress_unite_blast_top1_rescue	4D	fig4_q30_PE_itsxpress_unite_blast_top1_rescue_4D	DNeasy	4	mock_only	UNITE+RefSeq BLAST	RefSeq_BLAST	ITSxpress	PE	Cryptococcus_neoformans	0.1468457729690079
fig4_q30_PE_itsxpress_unite_blast_top1_rescue	4D	fig4_q30_PE_itsxpress_unite_blast_top1_rescue_4D	DNeasy	4	mock_only	UNITE+RefSeq BLAST	RefSeq_BLAST	ITSxpress	PE	Trichophyton_interdigitale	0
fig4_q30_PE_itsxpress_unite_blast_top1_rescue	4D	fig4_q30_PE_itsxpress_unite_blast_top1_rescue_4D	DNeasy	4	mock_only	UNITE+RefSeq BLAST	RefSeq_BLAST	ITSxpress	PE	Trichophyton_mentagrophytes	0.004936120789779327
fig4_q30_PE_itsxpress_unite_blast_top1_rescue	4D	fig4_q30_PE_itsxpress_unite_blast_top1_rescue_4D	DNeasy	4	mock_only	UNITE+RefSeq BLAST	RefSeq_BLAST	ITSxpress	PE	Penicillium_chrysogenum	0.12331132709823339
fig4_q30_PE_itsxpress_unite_blast_top1_rescue	4D	fig4_q30_PE_itsxpress_unite_blast_top1_rescue_4D	DNeasy	4	mock_only	UNITE+RefSeq BLAST	RefSeq_BLAST	ITSxpress	PE	Penicillium_flavigenum	0
fig4_q30_PE_itsxpress_unite_blast_top1_rescue	4D	fig4_q30_PE_itsxpress_unite_blast_top1_rescue_4D	DNeasy	4	mock_only	UNITE+RefSeq BLAST	RefSeq_BLAST	ITSxpress	PE	Penicillium_g	0
fig4_q30_PE_itsxpress_unite_blast_top1_rescue	4D	fig4_q30_PE_itsxpress_unite_blast_top1_rescue_4D	DNeasy	4	mock_only	UNITE+RefSeq BLAST	RefSeq_BLAST	ITSxpress	PE	Fusarium_g	0
fig4_q30_PE_itsxpress_unite_blast_top1_rescue	4D	fig4_q30_PE_itsxpress_unite_blast_top1_rescue_4D	DNeasy	4	mock_only	UNITE+RefSeq BLAST	RefSeq_BLAST	ITSxpress	PE	Fusarium_keratoplasticum	0.0019943150559325142
fig4_q30_PE_itsxpress_unite_blast_top1_rescue	4D	fig4_q30_PE_itsxpress_unite_blast_top1_rescue_4D	DNeasy	4	mock_only	UNITE+RefSeq BLAST	RefSeq_BLAST	ITSxpress	PE	Candida_africana	0
fig4_q30_PE_itsxpress_unite_blast_top1_rescue	4D	fig4_q30_PE_itsxpress_unite_blast_top1_rescue_4D	DNeasy	4	mock_only	UNITE+RefSeq BLAST	RefSeq_BLAST	ITSxpress	PE	Candida_albicans	0.2992389510361269
fig4_q30_PE_itsxpress_unite_blast_top1_rescue	4D	fig4_q30_PE_itsxpress_unite_blast_top1_rescue_4D	DNeasy	4	mock_only	UNITE+RefSeq BLAST	RefSeq_BLAST	ITSxpress	PE	Candida_g	0
fig4_q30_PE_itsxpress_unite_blast_top1_rescue	4D	fig4_q30_PE_itsxpress_unite_blast_top1_rescue_4D	DNeasy	4	mock_only	UNITE+RefSeq BLAST	RefSeq_BLAST	ITSxpress	PE	Candida_tropicalis	0
fig4_q30_PE_itsxpress_unite_blast_top1_rescue	4D	fig4_q30_PE_itsxpress_unite_blast_top1_rescue_4D	DNeasy	4	mock_only	UNITE+RefSeq BLAST	RefSeq_BLAST	ITSxpress	PE	Nakaseomyces_glabratus	0.11523473317439942
fig4_q30_PE_itsxpress_unite_blast_top1_rescue	4D	fig4_q30_PE_itsxpress_unite_blast_top1_rescue_4D	DNeasy	4	mock_only	UNITE+RefSeq BLAST	RefSeq_BLAST	ITSxpress	PE	Malassezia_g	0
fig4_q30_PE_itsxpress_unite_blast_top1_rescue	4D	fig4_q30_PE_itsxpress_unite_blast_top1_rescue_4D	DNeasy	4	mock_only	UNITE+RefSeq BLAST	RefSeq_BLAST	ITSxpress	PE	Malassezia_globosa	0
fig4_q30_PE_itsxpress_unite_blast_top1_rescue	4D	fig4_q30_PE_itsxpress_unite_blast_top1_rescue_4D	DNeasy	4	mock_only	UNITE+RefSeq BLAST	RefSeq_BLAST	ITSxpress	PE	Saccharomyces_arboricola	0
fig4_q30_PE_itsxpress_unite_blast_top1_rescue	4D	fig4_q30_PE_itsxpress_unite_blast_top1_rescue_4D	DNeasy	4	mock_only	UNITE+RefSeq BLAST	RefSeq_BLAST	ITSxpress	PE	Saccharomyces_cerevisiae	0.06303105324286326
fig4_q30_PE_itsxpress_unite_blast_top1_rescue	4D	fig4_q30_PE_itsxpress_unite_blast_top1_rescue_4D	DNeasy	4	mock_only	UNITE+RefSeq BLAST	RefSeq_BLAST	ITSxpress	PE	Saccharomyces_g	3.0564215416590254e-5
fig4_q30_PE_itsxpress_unite_blast_top1_rescue	4D	fig4_q30_PE_itsxpress_unite_blast_top1_rescue_4D	DNeasy	4	mock_only	UNITE+RefSeq BLAST	RefSeq_BLAST	ITSxpress	PE	Saccharomyces_uvarum	0
fig4_q30_PE_itsxpress_unite_blast_top1_rescue	4D	fig4_q30_PE_itsxpress_unite_blast_top1_rescue_4D	DNeasy	4	mock_only	UNITE+RefSeq BLAST	RefSeq_BLAST	ITSxpress	PE	Cutaneotrichosporon_dermatis	1.4518002322880372e-4
fig4_q30_PE_itsxpress_unite_blast_top1_rescue	4D	fig4_q30_PE_itsxpress_unite_blast_top1_rescue_4D	DNeasy	4	mock_only	UNITE+RefSeq BLAST	RefSeq_BLAST	ITSxpress	PE	Cutaneotrichosporon_g	0
fig4_q30_PE_itsxpress_unite_blast_top1_rescue	4D	fig4_q30_PE_itsxpress_unite_blast_top1_rescue_4D	DNeasy	4	mock_only	UNITE+RefSeq BLAST	RefSeq_BLAST	ITSxpress	PE	Cutaneotrichosporon_mucoides	0.21439268903967235
fig4_q30_PE_itsxpress_unite_blast_top1_rescue	4D	fig4_q30_PE_itsxpress_unite_blast_top1_rescue_4D	DNeasy	4	mock_only	UNITE+RefSeq BLAST	RefSeq_BLAST	ITSxpress	PE	Other	0
fig4_q30_PE_itsxpress_unite_blast_top1_rescue	4Q	fig4_q30_PE_itsxpress_unite_blast_top1_rescue_4Q	QIAamp	4	mock_only	Mock type-strain BLAST	Mock_type_reference_BLAST	ITSxpress	PE	Aspergillus_fumigatus	0.03539235802733797
fig4_q30_PE_itsxpress_unite_blast_top1_rescue	4Q	fig4_q30_PE_itsxpress_unite_blast_top1_rescue_4Q	QIAamp	4	mock_only	Mock type-strain BLAST	Mock_type_reference_BLAST	ITSxpress	PE	Aspergillus_g	0
fig4_q30_PE_itsxpress_unite_blast_top1_rescue	4Q	fig4_q30_PE_itsxpress_unite_blast_top1_rescue_4Q	QIAamp	4	mock_only	Mock type-strain BLAST	Mock_type_reference_BLAST	ITSxpress	PE	Cryptococcus_gattii	0
fig4_q30_PE_itsxpress_unite_blast_top1_rescue	4Q	fig4_q30_PE_itsxpress_unite_blast_top1_rescue_4Q	QIAamp	4	mock_only	Mock type-strain BLAST	Mock_type_reference_BLAST	ITSxpress	PE	Cryptococcus_neoformans	0.14713298420767873
fig4_q30_PE_itsxpress_unite_blast_top1_rescue	4Q	fig4_q30_PE_itsxpress_unite_blast_top1_rescue_4Q	QIAamp	4	mock_only	Mock type-strain BLAST	Mock_type_reference_BLAST	ITSxpress	PE	Trichophyton_interdigitale	0.006257720066558458
fig4_q30_PE_itsxpress_unite_blast_top1_rescue	4Q	fig4_q30_PE_itsxpress_unite_blast_top1_rescue_4Q	QIAamp	4	mock_only	Mock type-strain BLAST	Mock_type_reference_BLAST	ITSxpress	PE	Trichophyton_mentagrophytes	0
fig4_q30_PE_itsxpress_unite_blast_top1_rescue	4Q	fig4_q30_PE_itsxpress_unite_blast_top1_rescue_4Q	QIAamp	4	mock_only	Mock type-strain BLAST	Mock_type_reference_BLAST	ITSxpress	PE	Penicillium_chrysogenum	0.13370900070437633
fig4_q30_PE_itsxpress_unite_blast_top1_rescue	4Q	fig4_q30_PE_itsxpress_unite_blast_top1_rescue_4Q	QIAamp	4	mock_only	Mock type-strain BLAST	Mock_type_reference_BLAST	ITSxpress	PE	Penicillium_flavigenum	0
fig4_q30_PE_itsxpress_unite_blast_top1_rescue	4Q	fig4_q30_PE_itsxpress_unite_blast_top1_rescue_4Q	QIAamp	4	mock_only	Mock type-strain BLAST	Mock_type_reference_BLAST	ITSxpress	PE	Penicillium_g	0
fig4_q30_PE_itsxpress_unite_blast_top1_rescue	4Q	fig4_q30_PE_itsxpress_unite_blast_top1_rescue_4Q	QIAamp	4	mock_only	Mock type-strain BLAST	Mock_type_reference_BLAST	ITSxpress	PE	Fusarium_g	0
fig4_q30_PE_itsxpress_unite_blast_top1_rescue	4Q	fig4_q30_PE_itsxpress_unite_blast_top1_rescue_4Q	QIAamp	4	mock_only	Mock type-strain BLAST	Mock_type_reference_BLAST	ITSxpress	PE	Fusarium_keratoplasticum	0.002215212486856746
fig4_q30_PE_itsxpress_unite_blast_top1_rescue	4Q	fig4_q30_PE_itsxpress_unite_blast_top1_rescue_4Q	QIAamp	4	mock_only	Mock type-strain BLAST	Mock_type_reference_BLAST	ITSxpress	PE	Candida_africana	0
fig4_q30_PE_itsxpress_unite_blast_top1_rescue	4Q	fig4_q30_PE_itsxpress_unite_blast_top1_rescue_4Q	QIAamp	4	mock_only	Mock type-strain BLAST	Mock_type_reference_BLAST	ITSxpress	PE	Candida_albicans	0.2805561510427832
fig4_q30_PE_itsxpress_unite_blast_top1_rescue	4Q	fig4_q30_PE_itsxpress_unite_blast_top1_rescue_4Q	QIAamp	4	mock_only	Mock type-strain BLAST	Mock_type_reference_BLAST	ITSxpress	PE	Candida_g	0
fig4_q30_PE_itsxpress_unite_blast_top1_rescue	4Q	fig4_q30_PE_itsxpress_unite_blast_top1_rescue_4Q	QIAamp	4	mock_only	Mock type-strain BLAST	Mock_type_reference_BLAST	ITSxpress	PE	Candida_tropicalis	0
fig4_q30_PE_itsxpress_unite_blast_top1_rescue	4Q	fig4_q30_PE_itsxpress_unite_blast_top1_rescue_4Q	QIAamp	4	mock_only	Mock type-strain BLAST	Mock_type_reference_BLAST	ITSxpress	PE	Nakaseomyces_glabratus	0.11133229208138098
fig4_q30_PE_itsxpress_unite_blast_top1_rescue	4Q	fig4_q30_PE_itsxpress_unite_blast_top1_rescue_4Q	QIAamp	4	mock_only	Mock type-strain BLAST	Mock_type_reference_BLAST	ITSxpress	PE	Malassezia_g	0
fig4_q30_PE_itsxpress_unite_blast_top1_rescue	4Q	fig4_q30_PE_itsxpress_unite_blast_top1_rescue_4Q	QIAamp	4	mock_only	Mock type-strain BLAST	Mock_type_reference_BLAST	ITSxpress	PE	Malassezia_globosa	0
fig4_q30_PE_itsxpress_unite_blast_top1_rescue	4Q	fig4_q30_PE_itsxpress_unite_blast_top1_rescue_4Q	QIAamp	4	mock_only	Mock type-strain BLAST	Mock_type_reference_BLAST	ITSxpress	PE	Saccharomyces_arboricola	0
fig4_q30_PE_itsxpress_unite_blast_top1_rescue	4Q	fig4_q30_PE_itsxpress_unite_blast_top1_rescue_4Q	QIAamp	4	mock_only	Mock type-strain BLAST	Mock_type_reference_BLAST	ITSxpress	PE	Saccharomyces_cerevisiae	0.04201757878296022
fig4_q30_PE_itsxpress_unite_blast_top1_rescue	4Q	fig4_q30_PE_itsxpress_unite_blast_top1_rescue_4Q	QIAamp	4	mock_only	Mock type-strain BLAST	Mock_type_reference_BLAST	ITSxpress	PE	Saccharomyces_g	0
fig4_q30_PE_itsxpress_unite_blast_top1_rescue	4Q	fig4_q30_PE_itsxpress_unite_blast_top1_rescue_4Q	QIAamp	4	mock_only	Mock type-strain BLAST	Mock_type_reference_BLAST	ITSxpress	PE	Saccharomyces_uvarum	0
fig4_q30_PE_itsxpress_unite_blast_top1_rescue	4Q	fig4_q30_PE_itsxpress_unite_blast_top1_rescue_4Q	QIAamp	4	mock_only	Mock type-strain BLAST	Mock_type_reference_BLAST	ITSxpress	PE	Cutaneotrichosporon_dermatis	0.24138670260006737
fig4_q30_PE_itsxpress_unite_blast_top1_rescue	4Q	fig4_q30_PE_itsxpress_unite_blast_top1_rescue_4Q	QIAamp	4	mock_only	Mock type-strain BLAST	Mock_type_reference_BLAST	ITSxpress	PE	Cutaneotrichosporon_g	0
fig4_q30_PE_itsxpress_unite_blast_top1_rescue	4Q	fig4_q30_PE_itsxpress_unite_blast_top1_rescue_4Q	QIAamp	4	mock_only	Mock type-strain BLAST	Mock_type_reference_BLAST	ITSxpress	PE	Cutaneotrichosporon_mucoides	0
fig4_q30_PE_itsxpress_unite_blast_top1_rescue	4Q	fig4_q30_PE_itsxpress_unite_blast_top1_rescue_4Q	QIAamp	4	mock_only	Mock type-strain BLAST	Mock_type_reference_BLAST	ITSxpress	PE	Other	0
fig4_q30_PE_itsxpress_unite_blast_top1_rescue	4Q	fig4_q30_PE_itsxpress_unite_blast_top1_rescue_4Q	QIAamp	4	mock_only	UNITE	No_BLAST	ITSxpress	PE	Aspergillus_fumigatus	0.03539235802733797
fig4_q30_PE_itsxpress_unite_blast_top1_rescue	4Q	fig4_q30_PE_itsxpress_unite_blast_top1_rescue_4Q	QIAamp	4	mock_only	UNITE	No_BLAST	ITSxpress	PE	Aspergillus_g	0
fig4_q30_PE_itsxpress_unite_blast_top1_rescue	4Q	fig4_q30_PE_itsxpress_unite_blast_top1_rescue_4Q	QIAamp	4	mock_only	UNITE	No_BLAST	ITSxpress	PE	Cryptococcus_gattii	0
fig4_q30_PE_itsxpress_unite_blast_top1_rescue	4Q	fig4_q30_PE_itsxpress_unite_blast_top1_rescue_4Q	QIAamp	4	mock_only	UNITE	No_BLAST	ITSxpress	PE	Cryptococcus_neoformans	0.14713298420767873
fig4_q30_PE_itsxpress_unite_blast_top1_rescue	4Q	fig4_q30_PE_itsxpress_unite_blast_top1_rescue_4Q	QIAamp	4	mock_only	UNITE	No_BLAST	ITSxpress	PE	Trichophyton_interdigitale	0
fig4_q30_PE_itsxpress_unite_blast_top1_rescue	4Q	fig4_q30_PE_itsxpress_unite_blast_top1_rescue_4Q	QIAamp	4	mock_only	UNITE	No_BLAST	ITSxpress	PE	Trichophyton_mentagrophytes	0.006257720066558458
fig4_q30_PE_itsxpress_unite_blast_top1_rescue	4Q	fig4_q30_PE_itsxpress_unite_blast_top1_rescue_4Q	QIAamp	4	mock_only	UNITE	No_BLAST	ITSxpress	PE	Penicillium_chrysogenum	0
fig4_q30_PE_itsxpress_unite_blast_top1_rescue	4Q	fig4_q30_PE_itsxpress_unite_blast_top1_rescue_4Q	QIAamp	4	mock_only	UNITE	No_BLAST	ITSxpress	PE	Penicillium_flavigenum	0
fig4_q30_PE_itsxpress_unite_blast_top1_rescue	4Q	fig4_q30_PE_itsxpress_unite_blast_top1_rescue_4Q	QIAamp	4	mock_only	UNITE	No_BLAST	ITSxpress	PE	Penicillium_g	0
fig4_q30_PE_itsxpress_unite_blast_top1_rescue	4Q	fig4_q30_PE_itsxpress_unite_blast_top1_rescue_4Q	QIAamp	4	mock_only	UNITE	No_BLAST	ITSxpress	PE	Fusarium_g	0
fig4_q30_PE_itsxpress_unite_blast_top1_rescue	4Q	fig4_q30_PE_itsxpress_unite_blast_top1_rescue_4Q	QIAamp	4	mock_only	UNITE	No_BLAST	ITSxpress	PE	Fusarium_keratoplasticum	0
fig4_q30_PE_itsxpress_unite_blast_top1_rescue	4Q	fig4_q30_PE_itsxpress_unite_blast_top1_rescue_4Q	QIAamp	4	mock_only	UNITE	No_BLAST	ITSxpress	PE	Candida_africana	0
fig4_q30_PE_itsxpress_unite_blast_top1_rescue	4Q	fig4_q30_PE_itsxpress_unite_blast_top1_rescue_4Q	QIAamp	4	mock_only	UNITE	No_BLAST	ITSxpress	PE	Candida_albicans	0.2803826090507253
fig4_q30_PE_itsxpress_unite_blast_top1_rescue	4Q	fig4_q30_PE_itsxpress_unite_blast_top1_rescue_4Q	QIAamp	4	mock_only	UNITE	No_BLAST	ITSxpress	PE	Candida_g	0
fig4_q30_PE_itsxpress_unite_blast_top1_rescue	4Q	fig4_q30_PE_itsxpress_unite_blast_top1_rescue_4Q	QIAamp	4	mock_only	UNITE	No_BLAST	ITSxpress	PE	Candida_tropicalis	0
fig4_q30_PE_itsxpress_unite_blast_top1_rescue	4Q	fig4_q30_PE_itsxpress_unite_blast_top1_rescue_4Q	QIAamp	4	mock_only	UNITE	No_BLAST	ITSxpress	PE	Nakaseomyces_glabratus	0.11124041690911504
fig4_q30_PE_itsxpress_unite_blast_top1_rescue	4Q	fig4_q30_PE_itsxpress_unite_blast_top1_rescue_4Q	QIAamp	4	mock_only	UNITE	No_BLAST	ITSxpress	PE	Malassezia_g	0
fig4_q30_PE_itsxpress_unite_blast_top1_rescue	4Q	fig4_q30_PE_itsxpress_unite_blast_top1_rescue_4Q	QIAamp	4	mock_only	UNITE	No_BLAST	ITSxpress	PE	Malassezia_globosa	0
fig4_q30_PE_itsxpress_unite_blast_top1_rescue	4Q	fig4_q30_PE_itsxpress_unite_blast_top1_rescue_4Q	QIAamp	4	mock_only	UNITE	No_BLAST	ITSxpress	PE	Saccharomyces_arboricola	0
fig4_q30_PE_itsxpress_unite_blast_top1_rescue	4Q	fig4_q30_PE_itsxpress_unite_blast_top1_rescue_4Q	QIAamp	4	mock_only	UNITE	No_BLAST	ITSxpress	PE	Saccharomyces_cerevisiae	0.04197674537306424
fig4_q30_PE_itsxpress_unite_blast_top1_rescue	4Q	fig4_q30_PE_itsxpress_unite_blast_top1_rescue_4Q	QIAamp	4	mock_only	UNITE	No_BLAST	ITSxpress	PE	Saccharomyces_g	0
fig4_q30_PE_itsxpress_unite_blast_top1_rescue	4Q	fig4_q30_PE_itsxpress_unite_blast_top1_rescue_4Q	QIAamp	4	mock_only	UNITE	No_BLAST	ITSxpress	PE	Saccharomyces_uvarum	0
fig4_q30_PE_itsxpress_unite_blast_top1_rescue	4Q	fig4_q30_PE_itsxpress_unite_blast_top1_rescue_4Q	QIAamp	4	mock_only	UNITE	No_BLAST	ITSxpress	PE	Cutaneotrichosporon_dermatis	0
fig4_q30_PE_itsxpress_unite_blast_top1_rescue	4Q	fig4_q30_PE_itsxpress_unite_blast_top1_rescue_4Q	QIAamp	4	mock_only	UNITE	No_BLAST	ITSxpress	PE	Cutaneotrichosporon_g	0
fig4_q30_PE_itsxpress_unite_blast_top1_rescue	4Q	fig4_q30_PE_itsxpress_unite_blast_top1_rescue_4Q	QIAamp	4	mock_only	UNITE	No_BLAST	ITSxpress	PE	Cutaneotrichosporon_mucoides	0.24127441072285344
fig4_q30_PE_itsxpress_unite_blast_top1_rescue	4Q	fig4_q30_PE_itsxpress_unite_blast_top1_rescue_4Q	QIAamp	4	mock_only	UNITE	No_BLAST	ITSxpress	PE	Other	0.13634275564266682
fig4_q30_PE_itsxpress_unite_blast_top1_rescue	4Q	fig4_q30_PE_itsxpress_unite_blast_top1_rescue_4Q	QIAamp	4	mock_only	UNITE+RefSeq BLAST	RefSeq_BLAST	ITSxpress	PE	Aspergillus_fumigatus	0.03539235802733797
fig4_q30_PE_itsxpress_unite_blast_top1_rescue	4Q	fig4_q30_PE_itsxpress_unite_blast_top1_rescue_4Q	QIAamp	4	mock_only	UNITE+RefSeq BLAST	RefSeq_BLAST	ITSxpress	PE	Aspergillus_g	0
fig4_q30_PE_itsxpress_unite_blast_top1_rescue	4Q	fig4_q30_PE_itsxpress_unite_blast_top1_rescue_4Q	QIAamp	4	mock_only	UNITE+RefSeq BLAST	RefSeq_BLAST	ITSxpress	PE	Cryptococcus_gattii	0
fig4_q30_PE_itsxpress_unite_blast_top1_rescue	4Q	fig4_q30_PE_itsxpress_unite_blast_top1_rescue_4Q	QIAamp	4	mock_only	UNITE+RefSeq BLAST	RefSeq_BLAST	ITSxpress	PE	Cryptococcus_neoformans	0.14713298420767873
fig4_q30_PE_itsxpress_unite_blast_top1_rescue	4Q	fig4_q30_PE_itsxpress_unite_blast_top1_rescue_4Q	QIAamp	4	mock_only	UNITE+RefSeq BLAST	RefSeq_BLAST	ITSxpress	PE	Trichophyton_interdigitale	0
fig4_q30_PE_itsxpress_unite_blast_top1_rescue	4Q	fig4_q30_PE_itsxpress_unite_blast_top1_rescue_4Q	QIAamp	4	mock_only	UNITE+RefSeq BLAST	RefSeq_BLAST	ITSxpress	PE	Trichophyton_mentagrophytes	0.006257720066558458
fig4_q30_PE_itsxpress_unite_blast_top1_rescue	4Q	fig4_q30_PE_itsxpress_unite_blast_top1_rescue_4Q	QIAamp	4	mock_only	UNITE+RefSeq BLAST	RefSeq_BLAST	ITSxpress	PE	Penicillium_chrysogenum	0.13370900070437633
fig4_q30_PE_itsxpress_unite_blast_top1_rescue	4Q	fig4_q30_PE_itsxpress_unite_blast_top1_rescue_4Q	QIAamp	4	mock_only	UNITE+RefSeq BLAST	RefSeq_BLAST	ITSxpress	PE	Penicillium_flavigenum	0
fig4_q30_PE_itsxpress_unite_blast_top1_rescue	4Q	fig4_q30_PE_itsxpress_unite_blast_top1_rescue_4Q	QIAamp	4	mock_only	UNITE+RefSeq BLAST	RefSeq_BLAST	ITSxpress	PE	Penicillium_g	0
fig4_q30_PE_itsxpress_unite_blast_top1_rescue	4Q	fig4_q30_PE_itsxpress_unite_blast_top1_rescue_4Q	QIAamp	4	mock_only	UNITE+RefSeq BLAST	RefSeq_BLAST	ITSxpress	PE	Fusarium_g	0
fig4_q30_PE_itsxpress_unite_blast_top1_rescue	4Q	fig4_q30_PE_itsxpress_unite_blast_top1_rescue_4Q	QIAamp	4	mock_only	UNITE+RefSeq BLAST	RefSeq_BLAST	ITSxpress	PE	Fusarium_keratoplasticum	0.002215212486856746
fig4_q30_PE_itsxpress_unite_blast_top1_rescue	4Q	fig4_q30_PE_itsxpress_unite_blast_top1_rescue_4Q	QIAamp	4	mock_only	UNITE+RefSeq BLAST	RefSeq_BLAST	ITSxpress	PE	Candida_africana	0
fig4_q30_PE_itsxpress_unite_blast_top1_rescue	4Q	fig4_q30_PE_itsxpress_unite_blast_top1_rescue_4Q	QIAamp	4	mock_only	UNITE+RefSeq BLAST	RefSeq_BLAST	ITSxpress	PE	Candida_albicans	0.2805561510427832
fig4_q30_PE_itsxpress_unite_blast_top1_rescue	4Q	fig4_q30_PE_itsxpress_unite_blast_top1_rescue_4Q	QIAamp	4	mock_only	UNITE+RefSeq BLAST	RefSeq_BLAST	ITSxpress	PE	Candida_g	0
fig4_q30_PE_itsxpress_unite_blast_top1_rescue	4Q	fig4_q30_PE_itsxpress_unite_blast_top1_rescue_4Q	QIAamp	4	mock_only	UNITE+RefSeq BLAST	RefSeq_BLAST	ITSxpress	PE	Candida_tropicalis	0
fig4_q30_PE_itsxpress_unite_blast_top1_rescue	4Q	fig4_q30_PE_itsxpress_unite_blast_top1_rescue_4Q	QIAamp	4	mock_only	UNITE+RefSeq BLAST	RefSeq_BLAST	ITSxpress	PE	Nakaseomyces_glabratus	0.11133229208138098
fig4_q30_PE_itsxpress_unite_blast_top1_rescue	4Q	fig4_q30_PE_itsxpress_unite_blast_top1_rescue_4Q	QIAamp	4	mock_only	UNITE+RefSeq BLAST	RefSeq_BLAST	ITSxpress	PE	Malassezia_g	0
fig4_q30_PE_itsxpress_unite_blast_top1_rescue	4Q	fig4_q30_PE_itsxpress_unite_blast_top1_rescue_4Q	QIAamp	4	mock_only	UNITE+RefSeq BLAST	RefSeq_BLAST	ITSxpress	PE	Malassezia_globosa	0
fig4_q30_PE_itsxpress_unite_blast_top1_rescue	4Q	fig4_q30_PE_itsxpress_unite_blast_top1_rescue_4Q	QIAamp	4	mock_only	UNITE+RefSeq BLAST	RefSeq_BLAST	ITSxpress	PE	Saccharomyces_arboricola	0
fig4_q30_PE_itsxpress_unite_blast_top1_rescue	4Q	fig4_q30_PE_itsxpress_unite_blast_top1_rescue_4Q	QIAamp	4	mock_only	UNITE+RefSeq BLAST	RefSeq_BLAST	ITSxpress	PE	Saccharomyces_cerevisiae	0.04197674537306424
fig4_q30_PE_itsxpress_unite_blast_top1_rescue	4Q	fig4_q30_PE_itsxpress_unite_blast_top1_rescue_4Q	QIAamp	4	mock_only	UNITE+RefSeq BLAST	RefSeq_BLAST	ITSxpress	PE	Saccharomyces_g	4.083340989597689e-5
fig4_q30_PE_itsxpress_unite_blast_top1_rescue	4Q	fig4_q30_PE_itsxpress_unite_blast_top1_rescue_4Q	QIAamp	4	mock_only	UNITE+RefSeq BLAST	RefSeq_BLAST	ITSxpress	PE	Saccharomyces_uvarum	0
fig4_q30_PE_itsxpress_unite_blast_top1_rescue	4Q	fig4_q30_PE_itsxpress_unite_blast_top1_rescue_4Q	QIAamp	4	mock_only	UNITE+RefSeq BLAST	RefSeq_BLAST	ITSxpress	PE	Cutaneotrichosporon_dermatis	1.1229187721393644e-4
fig4_q30_PE_itsxpress_unite_blast_top1_rescue	4Q	fig4_q30_PE_itsxpress_unite_blast_top1_rescue_4Q	QIAamp	4	mock_only	UNITE+RefSeq BLAST	RefSeq_BLAST	ITSxpress	PE	Cutaneotrichosporon_g	0
fig4_q30_PE_itsxpress_unite_blast_top1_rescue	4Q	fig4_q30_PE_itsxpress_unite_blast_top1_rescue_4Q	QIAamp	4	mock_only	UNITE+RefSeq BLAST	RefSeq_BLAST	ITSxpress	PE	Cutaneotrichosporon_mucoides	0.24127441072285344
fig4_q30_PE_itsxpress_unite_blast_top1_rescue	4Q	fig4_q30_PE_itsxpress_unite_blast_top1_rescue_4Q	QIAamp	4	mock_only	UNITE+RefSeq BLAST	RefSeq_BLAST	ITSxpress	PE	Other	0
fig4_q30_PE_itsxpress_unite_blast_top1_rescue	4Z	fig4_q30_PE_itsxpress_unite_blast_top1_rescue_4Z	Zymo	4	mock_only	Mock type-strain BLAST	Mock_type_reference_BLAST	ITSxpress	PE	Aspergillus_fumigatus	0.02651091575343644
fig4_q30_PE_itsxpress_unite_blast_top1_rescue	4Z	fig4_q30_PE_itsxpress_unite_blast_top1_rescue_4Z	Zymo	4	mock_only	Mock type-strain BLAST	Mock_type_reference_BLAST	ITSxpress	PE	Aspergillus_g	0
fig4_q30_PE_itsxpress_unite_blast_top1_rescue	4Z	fig4_q30_PE_itsxpress_unite_blast_top1_rescue_4Z	Zymo	4	mock_only	Mock type-strain BLAST	Mock_type_reference_BLAST	ITSxpress	PE	Cryptococcus_gattii	0
fig4_q30_PE_itsxpress_unite_blast_top1_rescue	4Z	fig4_q30_PE_itsxpress_unite_blast_top1_rescue_4Z	Zymo	4	mock_only	Mock type-strain BLAST	Mock_type_reference_BLAST	ITSxpress	PE	Cryptococcus_neoformans	0.14786587988370292
fig4_q30_PE_itsxpress_unite_blast_top1_rescue	4Z	fig4_q30_PE_itsxpress_unite_blast_top1_rescue_4Z	Zymo	4	mock_only	Mock type-strain BLAST	Mock_type_reference_BLAST	ITSxpress	PE	Trichophyton_interdigitale	0.003113871350663203
fig4_q30_PE_itsxpress_unite_blast_top1_rescue	4Z	fig4_q30_PE_itsxpress_unite_blast_top1_rescue_4Z	Zymo	4	mock_only	Mock type-strain BLAST	Mock_type_reference_BLAST	ITSxpress	PE	Trichophyton_mentagrophytes	0
fig4_q30_PE_itsxpress_unite_blast_top1_rescue	4Z	fig4_q30_PE_itsxpress_unite_blast_top1_rescue_4Z	Zymo	4	mock_only	Mock type-strain BLAST	Mock_type_reference_BLAST	ITSxpress	PE	Penicillium_chrysogenum	0.12661069726633062
fig4_q30_PE_itsxpress_unite_blast_top1_rescue	4Z	fig4_q30_PE_itsxpress_unite_blast_top1_rescue_4Z	Zymo	4	mock_only	Mock type-strain BLAST	Mock_type_reference_BLAST	ITSxpress	PE	Penicillium_flavigenum	0
fig4_q30_PE_itsxpress_unite_blast_top1_rescue	4Z	fig4_q30_PE_itsxpress_unite_blast_top1_rescue_4Z	Zymo	4	mock_only	Mock type-strain BLAST	Mock_type_reference_BLAST	ITSxpress	PE	Penicillium_g	0
fig4_q30_PE_itsxpress_unite_blast_top1_rescue	4Z	fig4_q30_PE_itsxpress_unite_blast_top1_rescue_4Z	Zymo	4	mock_only	Mock type-strain BLAST	Mock_type_reference_BLAST	ITSxpress	PE	Fusarium_g	0
fig4_q30_PE_itsxpress_unite_blast_top1_rescue	4Z	fig4_q30_PE_itsxpress_unite_blast_top1_rescue_4Z	Zymo	4	mock_only	Mock type-strain BLAST	Mock_type_reference_BLAST	ITSxpress	PE	Fusarium_keratoplasticum	0.002038639530682815
fig4_q30_PE_itsxpress_unite_blast_top1_rescue	4Z	fig4_q30_PE_itsxpress_unite_blast_top1_rescue_4Z	Zymo	4	mock_only	Mock type-strain BLAST	Mock_type_reference_BLAST	ITSxpress	PE	Candida_africana	0
fig4_q30_PE_itsxpress_unite_blast_top1_rescue	4Z	fig4_q30_PE_itsxpress_unite_blast_top1_rescue_4Z	Zymo	4	mock_only	Mock type-strain BLAST	Mock_type_reference_BLAST	ITSxpress	PE	Candida_albicans	0.31340857088788343
fig4_q30_PE_itsxpress_unite_blast_top1_rescue	4Z	fig4_q30_PE_itsxpress_unite_blast_top1_rescue_4Z	Zymo	4	mock_only	Mock type-strain BLAST	Mock_type_reference_BLAST	ITSxpress	PE	Candida_g	0
fig4_q30_PE_itsxpress_unite_blast_top1_rescue	4Z	fig4_q30_PE_itsxpress_unite_blast_top1_rescue_4Z	Zymo	4	mock_only	Mock type-strain BLAST	Mock_type_reference_BLAST	ITSxpress	PE	Candida_tropicalis	0
fig4_q30_PE_itsxpress_unite_blast_top1_rescue	4Z	fig4_q30_PE_itsxpress_unite_blast_top1_rescue_4Z	Zymo	4	mock_only	Mock type-strain BLAST	Mock_type_reference_BLAST	ITSxpress	PE	Nakaseomyces_glabratus	0.09556660415985686
fig4_q30_PE_itsxpress_unite_blast_top1_rescue	4Z	fig4_q30_PE_itsxpress_unite_blast_top1_rescue_4Z	Zymo	4	mock_only	Mock type-strain BLAST	Mock_type_reference_BLAST	ITSxpress	PE	Malassezia_g	0
fig4_q30_PE_itsxpress_unite_blast_top1_rescue	4Z	fig4_q30_PE_itsxpress_unite_blast_top1_rescue_4Z	Zymo	4	mock_only	Mock type-strain BLAST	Mock_type_reference_BLAST	ITSxpress	PE	Malassezia_globosa	3.4407418239372407e-5
fig4_q30_PE_itsxpress_unite_blast_top1_rescue	4Z	fig4_q30_PE_itsxpress_unite_blast_top1_rescue_4Z	Zymo	4	mock_only	Mock type-strain BLAST	Mock_type_reference_BLAST	ITSxpress	PE	Saccharomyces_arboricola	0
fig4_q30_PE_itsxpress_unite_blast_top1_rescue	4Z	fig4_q30_PE_itsxpress_unite_blast_top1_rescue_4Z	Zymo	4	mock_only	Mock type-strain BLAST	Mock_type_reference_BLAST	ITSxpress	PE	Saccharomyces_cerevisiae	0.05614430471209593
fig4_q30_PE_itsxpress_unite_blast_top1_rescue	4Z	fig4_q30_PE_itsxpress_unite_blast_top1_rescue_4Z	Zymo	4	mock_only	Mock type-strain BLAST	Mock_type_reference_BLAST	ITSxpress	PE	Saccharomyces_g	0
fig4_q30_PE_itsxpress_unite_blast_top1_rescue	4Z	fig4_q30_PE_itsxpress_unite_blast_top1_rescue_4Z	Zymo	4	mock_only	Mock type-strain BLAST	Mock_type_reference_BLAST	ITSxpress	PE	Saccharomyces_uvarum	0
fig4_q30_PE_itsxpress_unite_blast_top1_rescue	4Z	fig4_q30_PE_itsxpress_unite_blast_top1_rescue_4Z	Zymo	4	mock_only	Mock type-strain BLAST	Mock_type_reference_BLAST	ITSxpress	PE	Cutaneotrichosporon_dermatis	0.2287061090371084
fig4_q30_PE_itsxpress_unite_blast_top1_rescue	4Z	fig4_q30_PE_itsxpress_unite_blast_top1_rescue_4Z	Zymo	4	mock_only	Mock type-strain BLAST	Mock_type_reference_BLAST	ITSxpress	PE	Cutaneotrichosporon_g	0
fig4_q30_PE_itsxpress_unite_blast_top1_rescue	4Z	fig4_q30_PE_itsxpress_unite_blast_top1_rescue_4Z	Zymo	4	mock_only	Mock type-strain BLAST	Mock_type_reference_BLAST	ITSxpress	PE	Cutaneotrichosporon_mucoides	0
fig4_q30_PE_itsxpress_unite_blast_top1_rescue	4Z	fig4_q30_PE_itsxpress_unite_blast_top1_rescue_4Z	Zymo	4	mock_only	Mock type-strain BLAST	Mock_type_reference_BLAST	ITSxpress	PE	Other	0
fig4_q30_PE_itsxpress_unite_blast_top1_rescue	4Z	fig4_q30_PE_itsxpress_unite_blast_top1_rescue_4Z	Zymo	4	mock_only	UNITE	No_BLAST	ITSxpress	PE	Aspergillus_fumigatus	0.02651091575343644
fig4_q30_PE_itsxpress_unite_blast_top1_rescue	4Z	fig4_q30_PE_itsxpress_unite_blast_top1_rescue_4Z	Zymo	4	mock_only	UNITE	No_BLAST	ITSxpress	PE	Aspergillus_g	0
fig4_q30_PE_itsxpress_unite_blast_top1_rescue	4Z	fig4_q30_PE_itsxpress_unite_blast_top1_rescue_4Z	Zymo	4	mock_only	UNITE	No_BLAST	ITSxpress	PE	Cryptococcus_gattii	0
fig4_q30_PE_itsxpress_unite_blast_top1_rescue	4Z	fig4_q30_PE_itsxpress_unite_blast_top1_rescue_4Z	Zymo	4	mock_only	UNITE	No_BLAST	ITSxpress	PE	Cryptococcus_neoformans	0.14781426875634388
fig4_q30_PE_itsxpress_unite_blast_top1_rescue	4Z	fig4_q30_PE_itsxpress_unite_blast_top1_rescue_4Z	Zymo	4	mock_only	UNITE	No_BLAST	ITSxpress	PE	Trichophyton_interdigitale	0
fig4_q30_PE_itsxpress_unite_blast_top1_rescue	4Z	fig4_q30_PE_itsxpress_unite_blast_top1_rescue_4Z	Zymo	4	mock_only	UNITE	No_BLAST	ITSxpress	PE	Trichophyton_mentagrophytes	0.003113871350663203
fig4_q30_PE_itsxpress_unite_blast_top1_rescue	4Z	fig4_q30_PE_itsxpress_unite_blast_top1_rescue_4Z	Zymo	4	mock_only	UNITE	No_BLAST	ITSxpress	PE	Penicillium_chrysogenum	0
fig4_q30_PE_itsxpress_unite_blast_top1_rescue	4Z	fig4_q30_PE_itsxpress_unite_blast_top1_rescue_4Z	Zymo	4	mock_only	UNITE	No_BLAST	ITSxpress	PE	Penicillium_flavigenum	0
fig4_q30_PE_itsxpress_unite_blast_top1_rescue	4Z	fig4_q30_PE_itsxpress_unite_blast_top1_rescue_4Z	Zymo	4	mock_only	UNITE	No_BLAST	ITSxpress	PE	Penicillium_g	0
fig4_q30_PE_itsxpress_unite_blast_top1_rescue	4Z	fig4_q30_PE_itsxpress_unite_blast_top1_rescue_4Z	Zymo	4	mock_only	UNITE	No_BLAST	ITSxpress	PE	Fusarium_g	0
fig4_q30_PE_itsxpress_unite_blast_top1_rescue	4Z	fig4_q30_PE_itsxpress_unite_blast_top1_rescue_4Z	Zymo	4	mock_only	UNITE	No_BLAST	ITSxpress	PE	Fusarium_keratoplasticum	0
fig4_q30_PE_itsxpress_unite_blast_top1_rescue	4Z	fig4_q30_PE_itsxpress_unite_blast_top1_rescue_4Z	Zymo	4	mock_only	UNITE	No_BLAST	ITSxpress	PE	Candida_africana	0
fig4_q30_PE_itsxpress_unite_blast_top1_rescue	4Z	fig4_q30_PE_itsxpress_unite_blast_top1_rescue_4Z	Zymo	4	mock_only	UNITE	No_BLAST	ITSxpress	PE	Candida_albicans	0.31325373750580626
fig4_q30_PE_itsxpress_unite_blast_top1_rescue	4Z	fig4_q30_PE_itsxpress_unite_blast_top1_rescue_4Z	Zymo	4	mock_only	UNITE	No_BLAST	ITSxpress	PE	Candida_g	0
fig4_q30_PE_itsxpress_unite_blast_top1_rescue	4Z	fig4_q30_PE_itsxpress_unite_blast_top1_rescue_4Z	Zymo	4	mock_only	UNITE	No_BLAST	ITSxpress	PE	Candida_tropicalis	0
fig4_q30_PE_itsxpress_unite_blast_top1_rescue	4Z	fig4_q30_PE_itsxpress_unite_blast_top1_rescue_4Z	Zymo	4	mock_only	UNITE	No_BLAST	ITSxpress	PE	Nakaseomyces_glabratus	0.09553219674161749
fig4_q30_PE_itsxpress_unite_blast_top1_rescue	4Z	fig4_q30_PE_itsxpress_unite_blast_top1_rescue_4Z	Zymo	4	mock_only	UNITE	No_BLAST	ITSxpress	PE	Malassezia_g	0
fig4_q30_PE_itsxpress_unite_blast_top1_rescue	4Z	fig4_q30_PE_itsxpress_unite_blast_top1_rescue_4Z	Zymo	4	mock_only	UNITE	No_BLAST	ITSxpress	PE	Malassezia_globosa	3.4407418239372407e-5
fig4_q30_PE_itsxpress_unite_blast_top1_rescue	4Z	fig4_q30_PE_itsxpress_unite_blast_top1_rescue_4Z	Zymo	4	mock_only	UNITE	No_BLAST	ITSxpress	PE	Saccharomyces_arboricola	0
fig4_q30_PE_itsxpress_unite_blast_top1_rescue	4Z	fig4_q30_PE_itsxpress_unite_blast_top1_rescue_4Z	Zymo	4	mock_only	UNITE	No_BLAST	ITSxpress	PE	Saccharomyces_cerevisiae	0.05614430471209593
fig4_q30_PE_itsxpress_unite_blast_top1_rescue	4Z	fig4_q30_PE_itsxpress_unite_blast_top1_rescue_4Z	Zymo	4	mock_only	UNITE	No_BLAST	ITSxpress	PE	Saccharomyces_g	0
fig4_q30_PE_itsxpress_unite_blast_top1_rescue	4Z	fig4_q30_PE_itsxpress_unite_blast_top1_rescue_4Z	Zymo	4	mock_only	UNITE	No_BLAST	ITSxpress	PE	Saccharomyces_uvarum	0
fig4_q30_PE_itsxpress_unite_blast_top1_rescue	4Z	fig4_q30_PE_itsxpress_unite_blast_top1_rescue_4Z	Zymo	4	mock_only	UNITE	No_BLAST	ITSxpress	PE	Cutaneotrichosporon_dermatis	0
fig4_q30_PE_itsxpress_unite_blast_top1_rescue	4Z	fig4_q30_PE_itsxpress_unite_blast_top1_rescue_4Z	Zymo	4	mock_only	UNITE	No_BLAST	ITSxpress	PE	Cutaneotrichosporon_g	0
fig4_q30_PE_itsxpress_unite_blast_top1_rescue	4Z	fig4_q30_PE_itsxpress_unite_blast_top1_rescue_4Z	Zymo	4	mock_only	UNITE	No_BLAST	ITSxpress	PE	Cutaneotrichosporon_mucoides	0.22863729420062964
fig4_q30_PE_itsxpress_unite_blast_top1_rescue	4Z	fig4_q30_PE_itsxpress_unite_blast_top1_rescue_4Z	Zymo	4	mock_only	UNITE	No_BLAST	ITSxpress	PE	Other	0.12895900356116777
fig4_q30_PE_itsxpress_unite_blast_top1_rescue	4Z	fig4_q30_PE_itsxpress_unite_blast_top1_rescue_4Z	Zymo	4	mock_only	UNITE+RefSeq BLAST	RefSeq_BLAST	ITSxpress	PE	Aspergillus_fumigatus	0.02651091575343644
fig4_q30_PE_itsxpress_unite_blast_top1_rescue	4Z	fig4_q30_PE_itsxpress_unite_blast_top1_rescue_4Z	Zymo	4	mock_only	UNITE+RefSeq BLAST	RefSeq_BLAST	ITSxpress	PE	Aspergillus_g	0
fig4_q30_PE_itsxpress_unite_blast_top1_rescue	4Z	fig4_q30_PE_itsxpress_unite_blast_top1_rescue_4Z	Zymo	4	mock_only	UNITE+RefSeq BLAST	RefSeq_BLAST	ITSxpress	PE	Cryptococcus_gattii	0
fig4_q30_PE_itsxpress_unite_blast_top1_rescue	4Z	fig4_q30_PE_itsxpress_unite_blast_top1_rescue_4Z	Zymo	4	mock_only	UNITE+RefSeq BLAST	RefSeq_BLAST	ITSxpress	PE	Cryptococcus_neoformans	0.14786587988370292
fig4_q30_PE_itsxpress_unite_blast_top1_rescue	4Z	fig4_q30_PE_itsxpress_unite_blast_top1_rescue_4Z	Zymo	4	mock_only	UNITE+RefSeq BLAST	RefSeq_BLAST	ITSxpress	PE	Trichophyton_interdigitale	0
fig4_q30_PE_itsxpress_unite_blast_top1_rescue	4Z	fig4_q30_PE_itsxpress_unite_blast_top1_rescue_4Z	Zymo	4	mock_only	UNITE+RefSeq BLAST	RefSeq_BLAST	ITSxpress	PE	Trichophyton_mentagrophytes	0.003113871350663203
fig4_q30_PE_itsxpress_unite_blast_top1_rescue	4Z	fig4_q30_PE_itsxpress_unite_blast_top1_rescue_4Z	Zymo	4	mock_only	UNITE+RefSeq BLAST	RefSeq_BLAST	ITSxpress	PE	Penicillium_chrysogenum	0.12661069726633062
fig4_q30_PE_itsxpress_unite_blast_top1_rescue	4Z	fig4_q30_PE_itsxpress_unite_blast_top1_rescue_4Z	Zymo	4	mock_only	UNITE+RefSeq BLAST	RefSeq_BLAST	ITSxpress	PE	Penicillium_flavigenum	0
fig4_q30_PE_itsxpress_unite_blast_top1_rescue	4Z	fig4_q30_PE_itsxpress_unite_blast_top1_rescue_4Z	Zymo	4	mock_only	UNITE+RefSeq BLAST	RefSeq_BLAST	ITSxpress	PE	Penicillium_g	0
fig4_q30_PE_itsxpress_unite_blast_top1_rescue	4Z	fig4_q30_PE_itsxpress_unite_blast_top1_rescue_4Z	Zymo	4	mock_only	UNITE+RefSeq BLAST	RefSeq_BLAST	ITSxpress	PE	Fusarium_g	0
fig4_q30_PE_itsxpress_unite_blast_top1_rescue	4Z	fig4_q30_PE_itsxpress_unite_blast_top1_rescue_4Z	Zymo	4	mock_only	UNITE+RefSeq BLAST	RefSeq_BLAST	ITSxpress	PE	Fusarium_keratoplasticum	0.002038639530682815
fig4_q30_PE_itsxpress_unite_blast_top1_rescue	4Z	fig4_q30_PE_itsxpress_unite_blast_top1_rescue_4Z	Zymo	4	mock_only	UNITE+RefSeq BLAST	RefSeq_BLAST	ITSxpress	PE	Candida_africana	0
fig4_q30_PE_itsxpress_unite_blast_top1_rescue	4Z	fig4_q30_PE_itsxpress_unite_blast_top1_rescue_4Z	Zymo	4	mock_only	UNITE+RefSeq BLAST	RefSeq_BLAST	ITSxpress	PE	Candida_albicans	0.31340857088788343
fig4_q30_PE_itsxpress_unite_blast_top1_rescue	4Z	fig4_q30_PE_itsxpress_unite_blast_top1_rescue_4Z	Zymo	4	mock_only	UNITE+RefSeq BLAST	RefSeq_BLAST	ITSxpress	PE	Candida_g	0
fig4_q30_PE_itsxpress_unite_blast_top1_rescue	4Z	fig4_q30_PE_itsxpress_unite_blast_top1_rescue_4Z	Zymo	4	mock_only	UNITE+RefSeq BLAST	RefSeq_BLAST	ITSxpress	PE	Candida_tropicalis	0
fig4_q30_PE_itsxpress_unite_blast_top1_rescue	4Z	fig4_q30_PE_itsxpress_unite_blast_top1_rescue_4Z	Zymo	4	mock_only	UNITE+RefSeq BLAST	RefSeq_BLAST	ITSxpress	PE	Nakaseomyces_glabratus	0.09556660415985686
fig4_q30_PE_itsxpress_unite_blast_top1_rescue	4Z	fig4_q30_PE_itsxpress_unite_blast_top1_rescue_4Z	Zymo	4	mock_only	UNITE+RefSeq BLAST	RefSeq_BLAST	ITSxpress	PE	Malassezia_g	0
fig4_q30_PE_itsxpress_unite_blast_top1_rescue	4Z	fig4_q30_PE_itsxpress_unite_blast_top1_rescue_4Z	Zymo	4	mock_only	UNITE+RefSeq BLAST	RefSeq_BLAST	ITSxpress	PE	Malassezia_globosa	3.4407418239372407e-5
fig4_q30_PE_itsxpress_unite_blast_top1_rescue	4Z	fig4_q30_PE_itsxpress_unite_blast_top1_rescue_4Z	Zymo	4	mock_only	UNITE+RefSeq BLAST	RefSeq_BLAST	ITSxpress	PE	Saccharomyces_arboricola	0
fig4_q30_PE_itsxpress_unite_blast_top1_rescue	4Z	fig4_q30_PE_itsxpress_unite_blast_top1_rescue_4Z	Zymo	4	mock_only	UNITE+RefSeq BLAST	RefSeq_BLAST	ITSxpress	PE	Saccharomyces_cerevisiae	0.05614430471209593
fig4_q30_PE_itsxpress_unite_blast_top1_rescue	4Z	fig4_q30_PE_itsxpress_unite_blast_top1_rescue_4Z	Zymo	4	mock_only	UNITE+RefSeq BLAST	RefSeq_BLAST	ITSxpress	PE	Saccharomyces_g	0
fig4_q30_PE_itsxpress_unite_blast_top1_rescue	4Z	fig4_q30_PE_itsxpress_unite_blast_top1_rescue_4Z	Zymo	4	mock_only	UNITE+RefSeq BLAST	RefSeq_BLAST	ITSxpress	PE	Saccharomyces_uvarum	0
fig4_q30_PE_itsxpress_unite_blast_top1_rescue	4Z	fig4_q30_PE_itsxpress_unite_blast_top1_rescue_4Z	Zymo	4	mock_only	UNITE+RefSeq BLAST	RefSeq_BLAST	ITSxpress	PE	Cutaneotrichosporon_dermatis	6.881483647874481e-5
fig4_q30_PE_itsxpress_unite_blast_top1_rescue	4Z	fig4_q30_PE_itsxpress_unite_blast_top1_rescue_4Z	Zymo	4	mock_only	UNITE+RefSeq BLAST	RefSeq_BLAST	ITSxpress	PE	Cutaneotrichosporon_g	0
fig4_q30_PE_itsxpress_unite_blast_top1_rescue	4Z	fig4_q30_PE_itsxpress_unite_blast_top1_rescue_4Z	Zymo	4	mock_only	UNITE+RefSeq BLAST	RefSeq_BLAST	ITSxpress	PE	Cutaneotrichosporon_mucoides	0.22863729420062964
fig4_q30_PE_itsxpress_unite_blast_top1_rescue	4Z	fig4_q30_PE_itsxpress_unite_blast_top1_rescue_4Z	Zymo	4	mock_only	UNITE+RefSeq BLAST	RefSeq_BLAST	ITSxpress	PE	Other	0
fig4_q30_SE_cutadapt_unite_blast_top1_rescue	1D	fig4_q30_SE_cutadapt_unite_blast_top1_rescue_1D	DNeasy	1	mock_only	Mock type-strain BLAST	Mock_type_reference_BLAST	Cutadapt	SE	Aspergillus_fumigatus	0.03479044823042604
fig4_q30_SE_cutadapt_unite_blast_top1_rescue	1D	fig4_q30_SE_cutadapt_unite_blast_top1_rescue_1D	DNeasy	1	mock_only	Mock type-strain BLAST	Mock_type_reference_BLAST	Cutadapt	SE	Aspergillus_g	0
fig4_q30_SE_cutadapt_unite_blast_top1_rescue	1D	fig4_q30_SE_cutadapt_unite_blast_top1_rescue_1D	DNeasy	1	mock_only	Mock type-strain BLAST	Mock_type_reference_BLAST	Cutadapt	SE	Cryptococcus_gattii	0
fig4_q30_SE_cutadapt_unite_blast_top1_rescue	1D	fig4_q30_SE_cutadapt_unite_blast_top1_rescue_1D	DNeasy	1	mock_only	Mock type-strain BLAST	Mock_type_reference_BLAST	Cutadapt	SE	Cryptococcus_neoformans	0.14221318107214684
fig4_q30_SE_cutadapt_unite_blast_top1_rescue	1D	fig4_q30_SE_cutadapt_unite_blast_top1_rescue_1D	DNeasy	1	mock_only	Mock type-strain BLAST	Mock_type_reference_BLAST	Cutadapt	SE	Trichophyton_interdigitale	0.00462331537945861
fig4_q30_SE_cutadapt_unite_blast_top1_rescue	1D	fig4_q30_SE_cutadapt_unite_blast_top1_rescue_1D	DNeasy	1	mock_only	Mock type-strain BLAST	Mock_type_reference_BLAST	Cutadapt	SE	Trichophyton_mentagrophytes	0
fig4_q30_SE_cutadapt_unite_blast_top1_rescue	1D	fig4_q30_SE_cutadapt_unite_blast_top1_rescue_1D	DNeasy	1	mock_only	Mock type-strain BLAST	Mock_type_reference_BLAST	Cutadapt	SE	Penicillium_chrysogenum	0.13151020596870017
fig4_q30_SE_cutadapt_unite_blast_top1_rescue	1D	fig4_q30_SE_cutadapt_unite_blast_top1_rescue_1D	DNeasy	1	mock_only	Mock type-strain BLAST	Mock_type_reference_BLAST	Cutadapt	SE	Penicillium_flavigenum	0
fig4_q30_SE_cutadapt_unite_blast_top1_rescue	1D	fig4_q30_SE_cutadapt_unite_blast_top1_rescue_1D	DNeasy	1	mock_only	Mock type-strain BLAST	Mock_type_reference_BLAST	Cutadapt	SE	Penicillium_g	0
fig4_q30_SE_cutadapt_unite_blast_top1_rescue	1D	fig4_q30_SE_cutadapt_unite_blast_top1_rescue_1D	DNeasy	1	mock_only	Mock type-strain BLAST	Mock_type_reference_BLAST	Cutadapt	SE	Fusarium_g	0
fig4_q30_SE_cutadapt_unite_blast_top1_rescue	1D	fig4_q30_SE_cutadapt_unite_blast_top1_rescue_1D	DNeasy	1	mock_only	Mock type-strain BLAST	Mock_type_reference_BLAST	Cutadapt	SE	Fusarium_keratoplasticum	0.0019302341709239695
fig4_q30_SE_cutadapt_unite_blast_top1_rescue	1D	fig4_q30_SE_cutadapt_unite_blast_top1_rescue_1D	DNeasy	1	mock_only	Mock type-strain BLAST	Mock_type_reference_BLAST	Cutadapt	SE	Candida_africana	0
fig4_q30_SE_cutadapt_unite_blast_top1_rescue	1D	fig4_q30_SE_cutadapt_unite_blast_top1_rescue_1D	DNeasy	1	mock_only	Mock type-strain BLAST	Mock_type_reference_BLAST	Cutadapt	SE	Candida_albicans	0.28880695346633073
fig4_q30_SE_cutadapt_unite_blast_top1_rescue	1D	fig4_q30_SE_cutadapt_unite_blast_top1_rescue_1D	DNeasy	1	mock_only	Mock type-strain BLAST	Mock_type_reference_BLAST	Cutadapt	SE	Candida_g	0
fig4_q30_SE_cutadapt_unite_blast_top1_rescue	1D	fig4_q30_SE_cutadapt_unite_blast_top1_rescue_1D	DNeasy	1	mock_only	Mock type-strain BLAST	Mock_type_reference_BLAST	Cutadapt	SE	Candida_tropicalis	0
fig4_q30_SE_cutadapt_unite_blast_top1_rescue	1D	fig4_q30_SE_cutadapt_unite_blast_top1_rescue_1D	DNeasy	1	mock_only	Mock type-strain BLAST	Mock_type_reference_BLAST	Cutadapt	SE	Nakaseomyces_glabratus	0.10571210615132111
fig4_q30_SE_cutadapt_unite_blast_top1_rescue	1D	fig4_q30_SE_cutadapt_unite_blast_top1_rescue_1D	DNeasy	1	mock_only	Mock type-strain BLAST	Mock_type_reference_BLAST	Cutadapt	SE	Malassezia_g	0
fig4_q30_SE_cutadapt_unite_blast_top1_rescue	1D	fig4_q30_SE_cutadapt_unite_blast_top1_rescue_1D	DNeasy	1	mock_only	Mock type-strain BLAST	Mock_type_reference_BLAST	Cutadapt	SE	Malassezia_globosa	0
fig4_q30_SE_cutadapt_unite_blast_top1_rescue	1D	fig4_q30_SE_cutadapt_unite_blast_top1_rescue_1D	DNeasy	1	mock_only	Mock type-strain BLAST	Mock_type_reference_BLAST	Cutadapt	SE	Saccharomyces_arboricola	0
fig4_q30_SE_cutadapt_unite_blast_top1_rescue	1D	fig4_q30_SE_cutadapt_unite_blast_top1_rescue_1D	DNeasy	1	mock_only	Mock type-strain BLAST	Mock_type_reference_BLAST	Cutadapt	SE	Saccharomyces_cerevisiae	0.06050764002866456
fig4_q30_SE_cutadapt_unite_blast_top1_rescue	1D	fig4_q30_SE_cutadapt_unite_blast_top1_rescue_1D	DNeasy	1	mock_only	Mock type-strain BLAST	Mock_type_reference_BLAST	Cutadapt	SE	Saccharomyces_g	0
fig4_q30_SE_cutadapt_unite_blast_top1_rescue	1D	fig4_q30_SE_cutadapt_unite_blast_top1_rescue_1D	DNeasy	1	mock_only	Mock type-strain BLAST	Mock_type_reference_BLAST	Cutadapt	SE	Saccharomyces_uvarum	0
fig4_q30_SE_cutadapt_unite_blast_top1_rescue	1D	fig4_q30_SE_cutadapt_unite_blast_top1_rescue_1D	DNeasy	1	mock_only	Mock type-strain BLAST	Mock_type_reference_BLAST	Cutadapt	SE	Cutaneotrichosporon_dermatis	0.22990591553202802
fig4_q30_SE_cutadapt_unite_blast_top1_rescue	1D	fig4_q30_SE_cutadapt_unite_blast_top1_rescue_1D	DNeasy	1	mock_only	Mock type-strain BLAST	Mock_type_reference_BLAST	Cutadapt	SE	Cutaneotrichosporon_g	0
fig4_q30_SE_cutadapt_unite_blast_top1_rescue	1D	fig4_q30_SE_cutadapt_unite_blast_top1_rescue_1D	DNeasy	1	mock_only	Mock type-strain BLAST	Mock_type_reference_BLAST	Cutadapt	SE	Cutaneotrichosporon_mucoides	0
fig4_q30_SE_cutadapt_unite_blast_top1_rescue	1D	fig4_q30_SE_cutadapt_unite_blast_top1_rescue_1D	DNeasy	1	mock_only	Mock type-strain BLAST	Mock_type_reference_BLAST	Cutadapt	SE	Other	0
fig4_q30_SE_cutadapt_unite_blast_top1_rescue	1D	fig4_q30_SE_cutadapt_unite_blast_top1_rescue_1D	DNeasy	1	mock_only	UNITE	No_BLAST	Cutadapt	SE	Aspergillus_fumigatus	0.03479044823042604
fig4_q30_SE_cutadapt_unite_blast_top1_rescue	1D	fig4_q30_SE_cutadapt_unite_blast_top1_rescue_1D	DNeasy	1	mock_only	UNITE	No_BLAST	Cutadapt	SE	Aspergillus_g	0
fig4_q30_SE_cutadapt_unite_blast_top1_rescue	1D	fig4_q30_SE_cutadapt_unite_blast_top1_rescue_1D	DNeasy	1	mock_only	UNITE	No_BLAST	Cutadapt	SE	Cryptococcus_gattii	0
fig4_q30_SE_cutadapt_unite_blast_top1_rescue	1D	fig4_q30_SE_cutadapt_unite_blast_top1_rescue_1D	DNeasy	1	mock_only	UNITE	No_BLAST	Cutadapt	SE	Cryptococcus_neoformans	0.14207448161076308
fig4_q30_SE_cutadapt_unite_blast_top1_rescue	1D	fig4_q30_SE_cutadapt_unite_blast_top1_rescue_1D	DNeasy	1	mock_only	UNITE	No_BLAST	Cutadapt	SE	Trichophyton_interdigitale	0
fig4_q30_SE_cutadapt_unite_blast_top1_rescue	1D	fig4_q30_SE_cutadapt_unite_blast_top1_rescue_1D	DNeasy	1	mock_only	UNITE	No_BLAST	Cutadapt	SE	Trichophyton_mentagrophytes	0.00462331537945861
fig4_q30_SE_cutadapt_unite_blast_top1_rescue	1D	fig4_q30_SE_cutadapt_unite_blast_top1_rescue_1D	DNeasy	1	mock_only	UNITE	No_BLAST	Cutadapt	SE	Penicillium_chrysogenum	0
fig4_q30_SE_cutadapt_unite_blast_top1_rescue	1D	fig4_q30_SE_cutadapt_unite_blast_top1_rescue_1D	DNeasy	1	mock_only	UNITE	No_BLAST	Cutadapt	SE	Penicillium_flavigenum	0
fig4_q30_SE_cutadapt_unite_blast_top1_rescue	1D	fig4_q30_SE_cutadapt_unite_blast_top1_rescue_1D	DNeasy	1	mock_only	UNITE	No_BLAST	Cutadapt	SE	Penicillium_g	0
fig4_q30_SE_cutadapt_unite_blast_top1_rescue	1D	fig4_q30_SE_cutadapt_unite_blast_top1_rescue_1D	DNeasy	1	mock_only	UNITE	No_BLAST	Cutadapt	SE	Fusarium_g	0
fig4_q30_SE_cutadapt_unite_blast_top1_rescue	1D	fig4_q30_SE_cutadapt_unite_blast_top1_rescue_1D	DNeasy	1	mock_only	UNITE	No_BLAST	Cutadapt	SE	Fusarium_keratoplasticum	0
fig4_q30_SE_cutadapt_unite_blast_top1_rescue	1D	fig4_q30_SE_cutadapt_unite_blast_top1_rescue_1D	DNeasy	1	mock_only	UNITE	No_BLAST	Cutadapt	SE	Candida_africana	0
fig4_q30_SE_cutadapt_unite_blast_top1_rescue	1D	fig4_q30_SE_cutadapt_unite_blast_top1_rescue_1D	DNeasy	1	mock_only	UNITE	No_BLAST	Cutadapt	SE	Candida_albicans	0.28858734598580643
fig4_q30_SE_cutadapt_unite_blast_top1_rescue	1D	fig4_q30_SE_cutadapt_unite_blast_top1_rescue_1D	DNeasy	1	mock_only	UNITE	No_BLAST	Cutadapt	SE	Candida_g	0
fig4_q30_SE_cutadapt_unite_blast_top1_rescue	1D	fig4_q30_SE_cutadapt_unite_blast_top1_rescue_1D	DNeasy	1	mock_only	UNITE	No_BLAST	Cutadapt	SE	Candida_tropicalis	0
fig4_q30_SE_cutadapt_unite_blast_top1_rescue	1D	fig4_q30_SE_cutadapt_unite_blast_top1_rescue_1D	DNeasy	1	mock_only	UNITE	No_BLAST	Cutadapt	SE	Nakaseomyces_glabratus	0.1055618484014887
fig4_q30_SE_cutadapt_unite_blast_top1_rescue	1D	fig4_q30_SE_cutadapt_unite_blast_top1_rescue_1D	DNeasy	1	mock_only	UNITE	No_BLAST	Cutadapt	SE	Malassezia_g	0
fig4_q30_SE_cutadapt_unite_blast_top1_rescue	1D	fig4_q30_SE_cutadapt_unite_blast_top1_rescue_1D	DNeasy	1	mock_only	UNITE	No_BLAST	Cutadapt	SE	Malassezia_globosa	0
fig4_q30_SE_cutadapt_unite_blast_top1_rescue	1D	fig4_q30_SE_cutadapt_unite_blast_top1_rescue_1D	DNeasy	1	mock_only	UNITE	No_BLAST	Cutadapt	SE	Saccharomyces_arboricola	0
fig4_q30_SE_cutadapt_unite_blast_top1_rescue	1D	fig4_q30_SE_cutadapt_unite_blast_top1_rescue_1D	DNeasy	1	mock_only	UNITE	No_BLAST	Cutadapt	SE	Saccharomyces_cerevisiae	0.06021868281744839
fig4_q30_SE_cutadapt_unite_blast_top1_rescue	1D	fig4_q30_SE_cutadapt_unite_blast_top1_rescue_1D	DNeasy	1	mock_only	UNITE	No_BLAST	Cutadapt	SE	Saccharomyces_g	0
fig4_q30_SE_cutadapt_unite_blast_top1_rescue	1D	fig4_q30_SE_cutadapt_unite_blast_top1_rescue_1D	DNeasy	1	mock_only	UNITE	No_BLAST	Cutadapt	SE	Saccharomyces_uvarum	0
fig4_q30_SE_cutadapt_unite_blast_top1_rescue	1D	fig4_q30_SE_cutadapt_unite_blast_top1_rescue_1D	DNeasy	1	mock_only	UNITE	No_BLAST	Cutadapt	SE	Cutaneotrichosporon_dermatis	0
fig4_q30_SE_cutadapt_unite_blast_top1_rescue	1D	fig4_q30_SE_cutadapt_unite_blast_top1_rescue_1D	DNeasy	1	mock_only	UNITE	No_BLAST	Cutadapt	SE	Cutaneotrichosporon_g	0
fig4_q30_SE_cutadapt_unite_blast_top1_rescue	1D	fig4_q30_SE_cutadapt_unite_blast_top1_rescue_1D	DNeasy	1	mock_only	UNITE	No_BLAST	Cutadapt	SE	Cutaneotrichosporon_mucoides	0.22973254120529832
fig4_q30_SE_cutadapt_unite_blast_top1_rescue	1D	fig4_q30_SE_cutadapt_unite_blast_top1_rescue_1D	DNeasy	1	mock_only	UNITE	No_BLAST	Cutadapt	SE	Other	0.1344113363693104
fig4_q30_SE_cutadapt_unite_blast_top1_rescue	1D	fig4_q30_SE_cutadapt_unite_blast_top1_rescue_1D	DNeasy	1	mock_only	UNITE+RefSeq BLAST	RefSeq_BLAST	Cutadapt	SE	Aspergillus_fumigatus	0.03479044823042604
fig4_q30_SE_cutadapt_unite_blast_top1_rescue	1D	fig4_q30_SE_cutadapt_unite_blast_top1_rescue_1D	DNeasy	1	mock_only	UNITE+RefSeq BLAST	RefSeq_BLAST	Cutadapt	SE	Aspergillus_g	0
fig4_q30_SE_cutadapt_unite_blast_top1_rescue	1D	fig4_q30_SE_cutadapt_unite_blast_top1_rescue_1D	DNeasy	1	mock_only	UNITE+RefSeq BLAST	RefSeq_BLAST	Cutadapt	SE	Cryptococcus_gattii	1.386994613837583e-4
fig4_q30_SE_cutadapt_unite_blast_top1_rescue	1D	fig4_q30_SE_cutadapt_unite_blast_top1_rescue_1D	DNeasy	1	mock_only	UNITE+RefSeq BLAST	RefSeq_BLAST	Cutadapt	SE	Cryptococcus_neoformans	0.14207448161076308
fig4_q30_SE_cutadapt_unite_blast_top1_rescue	1D	fig4_q30_SE_cutadapt_unite_blast_top1_rescue_1D	DNeasy	1	mock_only	UNITE+RefSeq BLAST	RefSeq_BLAST	Cutadapt	SE	Trichophyton_interdigitale	0
fig4_q30_SE_cutadapt_unite_blast_top1_rescue	1D	fig4_q30_SE_cutadapt_unite_blast_top1_rescue_1D	DNeasy	1	mock_only	UNITE+RefSeq BLAST	RefSeq_BLAST	Cutadapt	SE	Trichophyton_mentagrophytes	0.00462331537945861
fig4_q30_SE_cutadapt_unite_blast_top1_rescue	1D	fig4_q30_SE_cutadapt_unite_blast_top1_rescue_1D	DNeasy	1	mock_only	UNITE+RefSeq BLAST	RefSeq_BLAST	Cutadapt	SE	Penicillium_chrysogenum	0.13151020596870017
fig4_q30_SE_cutadapt_unite_blast_top1_rescue	1D	fig4_q30_SE_cutadapt_unite_blast_top1_rescue_1D	DNeasy	1	mock_only	UNITE+RefSeq BLAST	RefSeq_BLAST	Cutadapt	SE	Penicillium_flavigenum	0
fig4_q30_SE_cutadapt_unite_blast_top1_rescue	1D	fig4_q30_SE_cutadapt_unite_blast_top1_rescue_1D	DNeasy	1	mock_only	UNITE+RefSeq BLAST	RefSeq_BLAST	Cutadapt	SE	Penicillium_g	0
fig4_q30_SE_cutadapt_unite_blast_top1_rescue	1D	fig4_q30_SE_cutadapt_unite_blast_top1_rescue_1D	DNeasy	1	mock_only	UNITE+RefSeq BLAST	RefSeq_BLAST	Cutadapt	SE	Fusarium_g	0
fig4_q30_SE_cutadapt_unite_blast_top1_rescue	1D	fig4_q30_SE_cutadapt_unite_blast_top1_rescue_1D	DNeasy	1	mock_only	UNITE+RefSeq BLAST	RefSeq_BLAST	Cutadapt	SE	Fusarium_keratoplasticum	0.0019302341709239695
fig4_q30_SE_cutadapt_unite_blast_top1_rescue	1D	fig4_q30_SE_cutadapt_unite_blast_top1_rescue_1D	DNeasy	1	mock_only	UNITE+RefSeq BLAST	RefSeq_BLAST	Cutadapt	SE	Candida_africana	2.1960748052428396e-4
fig4_q30_SE_cutadapt_unite_blast_top1_rescue	1D	fig4_q30_SE_cutadapt_unite_blast_top1_rescue_1D	DNeasy	1	mock_only	UNITE+RefSeq BLAST	RefSeq_BLAST	Cutadapt	SE	Candida_albicans	0.28858734598580643
fig4_q30_SE_cutadapt_unite_blast_top1_rescue	1D	fig4_q30_SE_cutadapt_unite_blast_top1_rescue_1D	DNeasy	1	mock_only	UNITE+RefSeq BLAST	RefSeq_BLAST	Cutadapt	SE	Candida_g	0
fig4_q30_SE_cutadapt_unite_blast_top1_rescue	1D	fig4_q30_SE_cutadapt_unite_blast_top1_rescue_1D	DNeasy	1	mock_only	UNITE+RefSeq BLAST	RefSeq_BLAST	Cutadapt	SE	Candida_tropicalis	0
fig4_q30_SE_cutadapt_unite_blast_top1_rescue	1D	fig4_q30_SE_cutadapt_unite_blast_top1_rescue_1D	DNeasy	1	mock_only	UNITE+RefSeq BLAST	RefSeq_BLAST	Cutadapt	SE	Nakaseomyces_glabratus	0.1055618484014887
fig4_q30_SE_cutadapt_unite_blast_top1_rescue	1D	fig4_q30_SE_cutadapt_unite_blast_top1_rescue_1D	DNeasy	1	mock_only	UNITE+RefSeq BLAST	RefSeq_BLAST	Cutadapt	SE	Malassezia_g	0
fig4_q30_SE_cutadapt_unite_blast_top1_rescue	1D	fig4_q30_SE_cutadapt_unite_blast_top1_rescue_1D	DNeasy	1	mock_only	UNITE+RefSeq BLAST	RefSeq_BLAST	Cutadapt	SE	Malassezia_globosa	0
fig4_q30_SE_cutadapt_unite_blast_top1_rescue	1D	fig4_q30_SE_cutadapt_unite_blast_top1_rescue_1D	DNeasy	1	mock_only	UNITE+RefSeq BLAST	RefSeq_BLAST	Cutadapt	SE	Saccharomyces_arboricola	2.1960748052428396e-4
fig4_q30_SE_cutadapt_unite_blast_top1_rescue	1D	fig4_q30_SE_cutadapt_unite_blast_top1_rescue_1D	DNeasy	1	mock_only	UNITE+RefSeq BLAST	RefSeq_BLAST	Cutadapt	SE	Saccharomyces_cerevisiae	0.06021868281744839
fig4_q30_SE_cutadapt_unite_blast_top1_rescue	1D	fig4_q30_SE_cutadapt_unite_blast_top1_rescue_1D	DNeasy	1	mock_only	UNITE+RefSeq BLAST	RefSeq_BLAST	Cutadapt	SE	Saccharomyces_g	0
fig4_q30_SE_cutadapt_unite_blast_top1_rescue	1D	fig4_q30_SE_cutadapt_unite_blast_top1_rescue_1D	DNeasy	1	mock_only	UNITE+RefSeq BLAST	RefSeq_BLAST	Cutadapt	SE	Saccharomyces_uvarum	0
fig4_q30_SE_cutadapt_unite_blast_top1_rescue	1D	fig4_q30_SE_cutadapt_unite_blast_top1_rescue_1D	DNeasy	1	mock_only	UNITE+RefSeq BLAST	RefSeq_BLAST	Cutadapt	SE	Cutaneotrichosporon_dermatis	1.7337432672969786e-4
fig4_q30_SE_cutadapt_unite_blast_top1_rescue	1D	fig4_q30_SE_cutadapt_unite_blast_top1_rescue_1D	DNeasy	1	mock_only	UNITE+RefSeq BLAST	RefSeq_BLAST	Cutadapt	SE	Cutaneotrichosporon_g	0
fig4_q30_SE_cutadapt_unite_blast_top1_rescue	1D	fig4_q30_SE_cutadapt_unite_blast_top1_rescue_1D	DNeasy	1	mock_only	UNITE+RefSeq BLAST	RefSeq_BLAST	Cutadapt	SE	Cutaneotrichosporon_mucoides	0.22973254120529832
fig4_q30_SE_cutadapt_unite_blast_top1_rescue	1D	fig4_q30_SE_cutadapt_unite_blast_top1_rescue_1D	DNeasy	1	mock_only	UNITE+RefSeq BLAST	RefSeq_BLAST	Cutadapt	SE	Other	2.1960748052428396e-4
fig4_q30_SE_cutadapt_unite_blast_top1_rescue	1Q	fig4_q30_SE_cutadapt_unite_blast_top1_rescue_1Q	QIAamp	1	mock_only	Mock type-strain BLAST	Mock_type_reference_BLAST	Cutadapt	SE	Aspergillus_fumigatus	0.03159251615018367
fig4_q30_SE_cutadapt_unite_blast_top1_rescue	1Q	fig4_q30_SE_cutadapt_unite_blast_top1_rescue_1Q	QIAamp	1	mock_only	Mock type-strain BLAST	Mock_type_reference_BLAST	Cutadapt	SE	Aspergillus_g	0
fig4_q30_SE_cutadapt_unite_blast_top1_rescue	1Q	fig4_q30_SE_cutadapt_unite_blast_top1_rescue_1Q	QIAamp	1	mock_only	Mock type-strain BLAST	Mock_type_reference_BLAST	Cutadapt	SE	Cryptococcus_gattii	0
fig4_q30_SE_cutadapt_unite_blast_top1_rescue	1Q	fig4_q30_SE_cutadapt_unite_blast_top1_rescue_1Q	QIAamp	1	mock_only	Mock type-strain BLAST	Mock_type_reference_BLAST	Cutadapt	SE	Cryptococcus_neoformans	0.16471324575848117
fig4_q30_SE_cutadapt_unite_blast_top1_rescue	1Q	fig4_q30_SE_cutadapt_unite_blast_top1_rescue_1Q	QIAamp	1	mock_only	Mock type-strain BLAST	Mock_type_reference_BLAST	Cutadapt	SE	Trichophyton_interdigitale	0.004820839138954914
fig4_q30_SE_cutadapt_unite_blast_top1_rescue	1Q	fig4_q30_SE_cutadapt_unite_blast_top1_rescue_1Q	QIAamp	1	mock_only	Mock type-strain BLAST	Mock_type_reference_BLAST	Cutadapt	SE	Trichophyton_mentagrophytes	0
fig4_q30_SE_cutadapt_unite_blast_top1_rescue	1Q	fig4_q30_SE_cutadapt_unite_blast_top1_rescue_1Q	QIAamp	1	mock_only	Mock type-strain BLAST	Mock_type_reference_BLAST	Cutadapt	SE	Penicillium_chrysogenum	0.1264967327079406
fig4_q30_SE_cutadapt_unite_blast_top1_rescue	1Q	fig4_q30_SE_cutadapt_unite_blast_top1_rescue_1Q	QIAamp	1	mock_only	Mock type-strain BLAST	Mock_type_reference_BLAST	Cutadapt	SE	Penicillium_flavigenum	0
fig4_q30_SE_cutadapt_unite_blast_top1_rescue	1Q	fig4_q30_SE_cutadapt_unite_blast_top1_rescue_1Q	QIAamp	1	mock_only	Mock type-strain BLAST	Mock_type_reference_BLAST	Cutadapt	SE	Penicillium_g	0
fig4_q30_SE_cutadapt_unite_blast_top1_rescue	1Q	fig4_q30_SE_cutadapt_unite_blast_top1_rescue_1Q	QIAamp	1	mock_only	Mock type-strain BLAST	Mock_type_reference_BLAST	Cutadapt	SE	Fusarium_g	0
fig4_q30_SE_cutadapt_unite_blast_top1_rescue	1Q	fig4_q30_SE_cutadapt_unite_blast_top1_rescue_1Q	QIAamp	1	mock_only	Mock type-strain BLAST	Mock_type_reference_BLAST	Cutadapt	SE	Fusarium_keratoplasticum	0.001691391784455588
fig4_q30_SE_cutadapt_unite_blast_top1_rescue	1Q	fig4_q30_SE_cutadapt_unite_blast_top1_rescue_1Q	QIAamp	1	mock_only	Mock type-strain BLAST	Mock_type_reference_BLAST	Cutadapt	SE	Candida_africana	0
fig4_q30_SE_cutadapt_unite_blast_top1_rescue	1Q	fig4_q30_SE_cutadapt_unite_blast_top1_rescue_1Q	QIAamp	1	mock_only	Mock type-strain BLAST	Mock_type_reference_BLAST	Cutadapt	SE	Candida_albicans	0.2891236802300889
fig4_q30_SE_cutadapt_unite_blast_top1_rescue	1Q	fig4_q30_SE_cutadapt_unite_blast_top1_rescue_1Q	QIAamp	1	mock_only	Mock type-strain BLAST	Mock_type_reference_BLAST	Cutadapt	SE	Candida_g	0
fig4_q30_SE_cutadapt_unite_blast_top1_rescue	1Q	fig4_q30_SE_cutadapt_unite_blast_top1_rescue_1Q	QIAamp	1	mock_only	Mock type-strain BLAST	Mock_type_reference_BLAST	Cutadapt	SE	Candida_tropicalis	0
fig4_q30_SE_cutadapt_unite_blast_top1_rescue	1Q	fig4_q30_SE_cutadapt_unite_blast_top1_rescue_1Q	QIAamp	1	mock_only	Mock type-strain BLAST	Mock_type_reference_BLAST	Cutadapt	SE	Nakaseomyces_glabratus	0.11567778613952864
fig4_q30_SE_cutadapt_unite_blast_top1_rescue	1Q	fig4_q30_SE_cutadapt_unite_blast_top1_rescue_1Q	QIAamp	1	mock_only	Mock type-strain BLAST	Mock_type_reference_BLAST	Cutadapt	SE	Malassezia_g	0
fig4_q30_SE_cutadapt_unite_blast_top1_rescue	1Q	fig4_q30_SE_cutadapt_unite_blast_top1_rescue_1Q	QIAamp	1	mock_only	Mock type-strain BLAST	Mock_type_reference_BLAST	Cutadapt	SE	Malassezia_globosa	0
fig4_q30_SE_cutadapt_unite_blast_top1_rescue	1Q	fig4_q30_SE_cutadapt_unite_blast_top1_rescue_1Q	QIAamp	1	mock_only	Mock type-strain BLAST	Mock_type_reference_BLAST	Cutadapt	SE	Saccharomyces_arboricola	0
fig4_q30_SE_cutadapt_unite_blast_top1_rescue	1Q	fig4_q30_SE_cutadapt_unite_blast_top1_rescue_1Q	QIAamp	1	mock_only	Mock type-strain BLAST	Mock_type_reference_BLAST	Cutadapt	SE	Saccharomyces_cerevisiae	0.042933037277678845
fig4_q30_SE_cutadapt_unite_blast_top1_rescue	1Q	fig4_q30_SE_cutadapt_unite_blast_top1_rescue_1Q	QIAamp	1	mock_only	Mock type-strain BLAST	Mock_type_reference_BLAST	Cutadapt	SE	Saccharomyces_g	0
fig4_q30_SE_cutadapt_unite_blast_top1_rescue	1Q	fig4_q30_SE_cutadapt_unite_blast_top1_rescue_1Q	QIAamp	1	mock_only	Mock type-strain BLAST	Mock_type_reference_BLAST	Cutadapt	SE	Saccharomyces_uvarum	0
fig4_q30_SE_cutadapt_unite_blast_top1_rescue	1Q	fig4_q30_SE_cutadapt_unite_blast_top1_rescue_1Q	QIAamp	1	mock_only	Mock type-strain BLAST	Mock_type_reference_BLAST	Cutadapt	SE	Cutaneotrichosporon_dermatis	0.2229507708126877
fig4_q30_SE_cutadapt_unite_blast_top1_rescue	1Q	fig4_q30_SE_cutadapt_unite_blast_top1_rescue_1Q	QIAamp	1	mock_only	Mock type-strain BLAST	Mock_type_reference_BLAST	Cutadapt	SE	Cutaneotrichosporon_g	0
fig4_q30_SE_cutadapt_unite_blast_top1_rescue	1Q	fig4_q30_SE_cutadapt_unite_blast_top1_rescue_1Q	QIAamp	1	mock_only	Mock type-strain BLAST	Mock_type_reference_BLAST	Cutadapt	SE	Cutaneotrichosporon_mucoides	0
fig4_q30_SE_cutadapt_unite_blast_top1_rescue	1Q	fig4_q30_SE_cutadapt_unite_blast_top1_rescue_1Q	QIAamp	1	mock_only	Mock type-strain BLAST	Mock_type_reference_BLAST	Cutadapt	SE	Other	0
fig4_q30_SE_cutadapt_unite_blast_top1_rescue	1Q	fig4_q30_SE_cutadapt_unite_blast_top1_rescue_1Q	QIAamp	1	mock_only	UNITE	No_BLAST	Cutadapt	SE	Aspergillus_fumigatus	0.03136898419629086
fig4_q30_SE_cutadapt_unite_blast_top1_rescue	1Q	fig4_q30_SE_cutadapt_unite_blast_top1_rescue_1Q	QIAamp	1	mock_only	UNITE	No_BLAST	Cutadapt	SE	Aspergillus_g	0
fig4_q30_SE_cutadapt_unite_blast_top1_rescue	1Q	fig4_q30_SE_cutadapt_unite_blast_top1_rescue_1Q	QIAamp	1	mock_only	UNITE	No_BLAST	Cutadapt	SE	Cryptococcus_gattii	0
fig4_q30_SE_cutadapt_unite_blast_top1_rescue	1Q	fig4_q30_SE_cutadapt_unite_blast_top1_rescue_1Q	QIAamp	1	mock_only	UNITE	No_BLAST	Cutadapt	SE	Cryptococcus_neoformans	0.16454187126049669
fig4_q30_SE_cutadapt_unite_blast_top1_rescue	1Q	fig4_q30_SE_cutadapt_unite_blast_top1_rescue_1Q	QIAamp	1	mock_only	UNITE	No_BLAST	Cutadapt	SE	Trichophyton_interdigitale	0
fig4_q30_SE_cutadapt_unite_blast_top1_rescue	1Q	fig4_q30_SE_cutadapt_unite_blast_top1_rescue_1Q	QIAamp	1	mock_only	UNITE	No_BLAST	Cutadapt	SE	Trichophyton_mentagrophytes	0.004791034878435872
fig4_q30_SE_cutadapt_unite_blast_top1_rescue	1Q	fig4_q30_SE_cutadapt_unite_blast_top1_rescue_1Q	QIAamp	1	mock_only	UNITE	No_BLAST	Cutadapt	SE	Penicillium_chrysogenum	0
fig4_q30_SE_cutadapt_unite_blast_top1_rescue	1Q	fig4_q30_SE_cutadapt_unite_blast_top1_rescue_1Q	QIAamp	1	mock_only	UNITE	No_BLAST	Cutadapt	SE	Penicillium_flavigenum	0
fig4_q30_SE_cutadapt_unite_blast_top1_rescue	1Q	fig4_q30_SE_cutadapt_unite_blast_top1_rescue_1Q	QIAamp	1	mock_only	UNITE	No_BLAST	Cutadapt	SE	Penicillium_g	0
fig4_q30_SE_cutadapt_unite_blast_top1_rescue	1Q	fig4_q30_SE_cutadapt_unite_blast_top1_rescue_1Q	QIAamp	1	mock_only	UNITE	No_BLAST	Cutadapt	SE	Fusarium_g	0
fig4_q30_SE_cutadapt_unite_blast_top1_rescue	1Q	fig4_q30_SE_cutadapt_unite_blast_top1_rescue_1Q	QIAamp	1	mock_only	UNITE	No_BLAST	Cutadapt	SE	Fusarium_keratoplasticum	0
fig4_q30_SE_cutadapt_unite_blast_top1_rescue	1Q	fig4_q30_SE_cutadapt_unite_blast_top1_rescue_1Q	QIAamp	1	mock_only	UNITE	No_BLAST	Cutadapt	SE	Candida_africana	0
fig4_q30_SE_cutadapt_unite_blast_top1_rescue	1Q	fig4_q30_SE_cutadapt_unite_blast_top1_rescue_1Q	QIAamp	1	mock_only	UNITE	No_BLAST	Cutadapt	SE	Candida_albicans	0.2889672078623639
fig4_q30_SE_cutadapt_unite_blast_top1_rescue	1Q	fig4_q30_SE_cutadapt_unite_blast_top1_rescue_1Q	QIAamp	1	mock_only	UNITE	No_BLAST	Cutadapt	SE	Candida_g	0
fig4_q30_SE_cutadapt_unite_blast_top1_rescue	1Q	fig4_q30_SE_cutadapt_unite_blast_top1_rescue_1Q	QIAamp	1	mock_only	UNITE	No_BLAST	Cutadapt	SE	Candida_tropicalis	0
fig4_q30_SE_cutadapt_unite_blast_top1_rescue	1Q	fig4_q30_SE_cutadapt_unite_blast_top1_rescue_1Q	QIAamp	1	mock_only	UNITE	No_BLAST	Cutadapt	SE	Nakaseomyces_glabratus	0.11562562868362032
fig4_q30_SE_cutadapt_unite_blast_top1_rescue	1Q	fig4_q30_SE_cutadapt_unite_blast_top1_rescue_1Q	QIAamp	1	mock_only	UNITE	No_BLAST	Cutadapt	SE	Malassezia_g	0
fig4_q30_SE_cutadapt_unite_blast_top1_rescue	1Q	fig4_q30_SE_cutadapt_unite_blast_top1_rescue_1Q	QIAamp	1	mock_only	UNITE	No_BLAST	Cutadapt	SE	Malassezia_globosa	0
fig4_q30_SE_cutadapt_unite_blast_top1_rescue	1Q	fig4_q30_SE_cutadapt_unite_blast_top1_rescue_1Q	QIAamp	1	mock_only	UNITE	No_BLAST	Cutadapt	SE	Saccharomyces_arboricola	0
fig4_q30_SE_cutadapt_unite_blast_top1_rescue	1Q	fig4_q30_SE_cutadapt_unite_blast_top1_rescue_1Q	QIAamp	1	mock_only	UNITE	No_BLAST	Cutadapt	SE	Saccharomyces_cerevisiae	0.042888330886900285
fig4_q30_SE_cutadapt_unite_blast_top1_rescue	1Q	fig4_q30_SE_cutadapt_unite_blast_top1_rescue_1Q	QIAamp	1	mock_only	UNITE	No_BLAST	Cutadapt	SE	Saccharomyces_g	0
fig4_q30_SE_cutadapt_unite_blast_top1_rescue	1Q	fig4_q30_SE_cutadapt_unite_blast_top1_rescue_1Q	QIAamp	1	mock_only	UNITE	No_BLAST	Cutadapt	SE	Saccharomyces_uvarum	0
fig4_q30_SE_cutadapt_unite_blast_top1_rescue	1Q	fig4_q30_SE_cutadapt_unite_blast_top1_rescue_1Q	QIAamp	1	mock_only	UNITE	No_BLAST	Cutadapt	SE	Cutaneotrichosporon_dermatis	0
fig4_q30_SE_cutadapt_unite_blast_top1_rescue	1Q	fig4_q30_SE_cutadapt_unite_blast_top1_rescue_1Q	QIAamp	1	mock_only	UNITE	No_BLAST	Cutadapt	SE	Cutaneotrichosporon_g	0
fig4_q30_SE_cutadapt_unite_blast_top1_rescue	1Q	fig4_q30_SE_cutadapt_unite_blast_top1_rescue_1Q	QIAamp	1	mock_only	UNITE	No_BLAST	Cutadapt	SE	Cutaneotrichosporon_mucoides	0.22278684737983295
fig4_q30_SE_cutadapt_unite_blast_top1_rescue	1Q	fig4_q30_SE_cutadapt_unite_blast_top1_rescue_1Q	QIAamp	1	mock_only	UNITE	No_BLAST	Cutadapt	SE	Other	0.1290300948520591
fig4_q30_SE_cutadapt_unite_blast_top1_rescue	1Q	fig4_q30_SE_cutadapt_unite_blast_top1_rescue_1Q	QIAamp	1	mock_only	UNITE+RefSeq BLAST	RefSeq_BLAST	Cutadapt	SE	Aspergillus_fumigatus	0.03136898419629086
fig4_q30_SE_cutadapt_unite_blast_top1_rescue	1Q	fig4_q30_SE_cutadapt_unite_blast_top1_rescue_1Q	QIAamp	1	mock_only	UNITE+RefSeq BLAST	RefSeq_BLAST	Cutadapt	SE	Aspergillus_g	0
fig4_q30_SE_cutadapt_unite_blast_top1_rescue	1Q	fig4_q30_SE_cutadapt_unite_blast_top1_rescue_1Q	QIAamp	1	mock_only	UNITE+RefSeq BLAST	RefSeq_BLAST	Cutadapt	SE	Cryptococcus_gattii	1.49021302595206e-4
fig4_q30_SE_cutadapt_unite_blast_top1_rescue	1Q	fig4_q30_SE_cutadapt_unite_blast_top1_rescue_1Q	QIAamp	1	mock_only	UNITE+RefSeq BLAST	RefSeq_BLAST	Cutadapt	SE	Cryptococcus_neoformans	0.16454187126049669
fig4_q30_SE_cutadapt_unite_blast_top1_rescue	1Q	fig4_q30_SE_cutadapt_unite_blast_top1_rescue_1Q	QIAamp	1	mock_only	UNITE+RefSeq BLAST	RefSeq_BLAST	Cutadapt	SE	Trichophyton_interdigitale	0
fig4_q30_SE_cutadapt_unite_blast_top1_rescue	1Q	fig4_q30_SE_cutadapt_unite_blast_top1_rescue_1Q	QIAamp	1	mock_only	UNITE+RefSeq BLAST	RefSeq_BLAST	Cutadapt	SE	Trichophyton_mentagrophytes	0.004791034878435872
fig4_q30_SE_cutadapt_unite_blast_top1_rescue	1Q	fig4_q30_SE_cutadapt_unite_blast_top1_rescue_1Q	QIAamp	1	mock_only	UNITE+RefSeq BLAST	RefSeq_BLAST	Cutadapt	SE	Penicillium_chrysogenum	0.1264967327079406
fig4_q30_SE_cutadapt_unite_blast_top1_rescue	1Q	fig4_q30_SE_cutadapt_unite_blast_top1_rescue_1Q	QIAamp	1	mock_only	UNITE+RefSeq BLAST	RefSeq_BLAST	Cutadapt	SE	Penicillium_flavigenum	0
fig4_q30_SE_cutadapt_unite_blast_top1_rescue	1Q	fig4_q30_SE_cutadapt_unite_blast_top1_rescue_1Q	QIAamp	1	mock_only	UNITE+RefSeq BLAST	RefSeq_BLAST	Cutadapt	SE	Penicillium_g	0
fig4_q30_SE_cutadapt_unite_blast_top1_rescue	1Q	fig4_q30_SE_cutadapt_unite_blast_top1_rescue_1Q	QIAamp	1	mock_only	UNITE+RefSeq BLAST	RefSeq_BLAST	Cutadapt	SE	Fusarium_g	0
fig4_q30_SE_cutadapt_unite_blast_top1_rescue	1Q	fig4_q30_SE_cutadapt_unite_blast_top1_rescue_1Q	QIAamp	1	mock_only	UNITE+RefSeq BLAST	RefSeq_BLAST	Cutadapt	SE	Fusarium_keratoplasticum	0.001691391784455588
fig4_q30_SE_cutadapt_unite_blast_top1_rescue	1Q	fig4_q30_SE_cutadapt_unite_blast_top1_rescue_1Q	QIAamp	1	mock_only	UNITE+RefSeq BLAST	RefSeq_BLAST	Cutadapt	SE	Candida_africana	1.5647236772496628e-4
fig4_q30_SE_cutadapt_unite_blast_top1_rescue	1Q	fig4_q30_SE_cutadapt_unite_blast_top1_rescue_1Q	QIAamp	1	mock_only	UNITE+RefSeq BLAST	RefSeq_BLAST	Cutadapt	SE	Candida_albicans	0.2889672078623639
fig4_q30_SE_cutadapt_unite_blast_top1_rescue	1Q	fig4_q30_SE_cutadapt_unite_blast_top1_rescue_1Q	QIAamp	1	mock_only	UNITE+RefSeq BLAST	RefSeq_BLAST	Cutadapt	SE	Candida_g	0
fig4_q30_SE_cutadapt_unite_blast_top1_rescue	1Q	fig4_q30_SE_cutadapt_unite_blast_top1_rescue_1Q	QIAamp	1	mock_only	UNITE+RefSeq BLAST	RefSeq_BLAST	Cutadapt	SE	Candida_tropicalis	0
fig4_q30_SE_cutadapt_unite_blast_top1_rescue	1Q	fig4_q30_SE_cutadapt_unite_blast_top1_rescue_1Q	QIAamp	1	mock_only	UNITE+RefSeq BLAST	RefSeq_BLAST	Cutadapt	SE	Nakaseomyces_glabratus	0.11562562868362032
fig4_q30_SE_cutadapt_unite_blast_top1_rescue	1Q	fig4_q30_SE_cutadapt_unite_blast_top1_rescue_1Q	QIAamp	1	mock_only	UNITE+RefSeq BLAST	RefSeq_BLAST	Cutadapt	SE	Malassezia_g	0
fig4_q30_SE_cutadapt_unite_blast_top1_rescue	1Q	fig4_q30_SE_cutadapt_unite_blast_top1_rescue_1Q	QIAamp	1	mock_only	UNITE+RefSeq BLAST	RefSeq_BLAST	Cutadapt	SE	Malassezia_globosa	0
fig4_q30_SE_cutadapt_unite_blast_top1_rescue	1Q	fig4_q30_SE_cutadapt_unite_blast_top1_rescue_1Q	QIAamp	1	mock_only	UNITE+RefSeq BLAST	RefSeq_BLAST	Cutadapt	SE	Saccharomyces_arboricola	0
fig4_q30_SE_cutadapt_unite_blast_top1_rescue	1Q	fig4_q30_SE_cutadapt_unite_blast_top1_rescue_1Q	QIAamp	1	mock_only	UNITE+RefSeq BLAST	RefSeq_BLAST	Cutadapt	SE	Saccharomyces_cerevisiae	0.042888330886900285
fig4_q30_SE_cutadapt_unite_blast_top1_rescue	1Q	fig4_q30_SE_cutadapt_unite_blast_top1_rescue_1Q	QIAamp	1	mock_only	UNITE+RefSeq BLAST	RefSeq_BLAST	Cutadapt	SE	Saccharomyces_g	0
fig4_q30_SE_cutadapt_unite_blast_top1_rescue	1Q	fig4_q30_SE_cutadapt_unite_blast_top1_rescue_1Q	QIAamp	1	mock_only	UNITE+RefSeq BLAST	RefSeq_BLAST	Cutadapt	SE	Saccharomyces_uvarum	0
fig4_q30_SE_cutadapt_unite_blast_top1_rescue	1Q	fig4_q30_SE_cutadapt_unite_blast_top1_rescue_1Q	QIAamp	1	mock_only	UNITE+RefSeq BLAST	RefSeq_BLAST	Cutadapt	SE	Cutaneotrichosporon_dermatis	1.6392343285472657e-4
fig4_q30_SE_cutadapt_unite_blast_top1_rescue	1Q	fig4_q30_SE_cutadapt_unite_blast_top1_rescue_1Q	QIAamp	1	mock_only	UNITE+RefSeq BLAST	RefSeq_BLAST	Cutadapt	SE	Cutaneotrichosporon_g	0
fig4_q30_SE_cutadapt_unite_blast_top1_rescue	1Q	fig4_q30_SE_cutadapt_unite_blast_top1_rescue_1Q	QIAamp	1	mock_only	UNITE+RefSeq BLAST	RefSeq_BLAST	Cutadapt	SE	Cutaneotrichosporon_mucoides	0.22278684737983295
fig4_q30_SE_cutadapt_unite_blast_top1_rescue	1Q	fig4_q30_SE_cutadapt_unite_blast_top1_rescue_1Q	QIAamp	1	mock_only	UNITE+RefSeq BLAST	RefSeq_BLAST	Cutadapt	SE	Other	3.7255325648801493e-4
fig4_q30_SE_cutadapt_unite_blast_top1_rescue	1Z	fig4_q30_SE_cutadapt_unite_blast_top1_rescue_1Z	Zymo	1	mock_only	Mock type-strain BLAST	Mock_type_reference_BLAST	Cutadapt	SE	Aspergillus_fumigatus	0.031603257566549164
fig4_q30_SE_cutadapt_unite_blast_top1_rescue	1Z	fig4_q30_SE_cutadapt_unite_blast_top1_rescue_1Z	Zymo	1	mock_only	Mock type-strain BLAST	Mock_type_reference_BLAST	Cutadapt	SE	Aspergillus_g	0
fig4_q30_SE_cutadapt_unite_blast_top1_rescue	1Z	fig4_q30_SE_cutadapt_unite_blast_top1_rescue_1Z	Zymo	1	mock_only	Mock type-strain BLAST	Mock_type_reference_BLAST	Cutadapt	SE	Cryptococcus_gattii	0
fig4_q30_SE_cutadapt_unite_blast_top1_rescue	1Z	fig4_q30_SE_cutadapt_unite_blast_top1_rescue_1Z	Zymo	1	mock_only	Mock type-strain BLAST	Mock_type_reference_BLAST	Cutadapt	SE	Cryptococcus_neoformans	0.13923113473374807
fig4_q30_SE_cutadapt_unite_blast_top1_rescue	1Z	fig4_q30_SE_cutadapt_unite_blast_top1_rescue_1Z	Zymo	1	mock_only	Mock type-strain BLAST	Mock_type_reference_BLAST	Cutadapt	SE	Trichophyton_interdigitale	0.004342685392885952
fig4_q30_SE_cutadapt_unite_blast_top1_rescue	1Z	fig4_q30_SE_cutadapt_unite_blast_top1_rescue_1Z	Zymo	1	mock_only	Mock type-strain BLAST	Mock_type_reference_BLAST	Cutadapt	SE	Trichophyton_mentagrophytes	0
fig4_q30_SE_cutadapt_unite_blast_top1_rescue	1Z	fig4_q30_SE_cutadapt_unite_blast_top1_rescue_1Z	Zymo	1	mock_only	Mock type-strain BLAST	Mock_type_reference_BLAST	Cutadapt	SE	Penicillium_chrysogenum	0.13548515420400675
fig4_q30_SE_cutadapt_unite_blast_top1_rescue	1Z	fig4_q30_SE_cutadapt_unite_blast_top1_rescue_1Z	Zymo	1	mock_only	Mock type-strain BLAST	Mock_type_reference_BLAST	Cutadapt	SE	Penicillium_flavigenum	0
fig4_q30_SE_cutadapt_unite_blast_top1_rescue	1Z	fig4_q30_SE_cutadapt_unite_blast_top1_rescue_1Z	Zymo	1	mock_only	Mock type-strain BLAST	Mock_type_reference_BLAST	Cutadapt	SE	Penicillium_g	0
fig4_q30_SE_cutadapt_unite_blast_top1_rescue	1Z	fig4_q30_SE_cutadapt_unite_blast_top1_rescue_1Z	Zymo	1	mock_only	Mock type-strain BLAST	Mock_type_reference_BLAST	Cutadapt	SE	Fusarium_g	0
fig4_q30_SE_cutadapt_unite_blast_top1_rescue	1Z	fig4_q30_SE_cutadapt_unite_blast_top1_rescue_1Z	Zymo	1	mock_only	Mock type-strain BLAST	Mock_type_reference_BLAST	Cutadapt	SE	Fusarium_keratoplasticum	0.0014696619777451185
fig4_q30_SE_cutadapt_unite_blast_top1_rescue	1Z	fig4_q30_SE_cutadapt_unite_blast_top1_rescue_1Z	Zymo	1	mock_only	Mock type-strain BLAST	Mock_type_reference_BLAST	Cutadapt	SE	Candida_africana	0
fig4_q30_SE_cutadapt_unite_blast_top1_rescue	1Z	fig4_q30_SE_cutadapt_unite_blast_top1_rescue_1Z	Zymo	1	mock_only	Mock type-strain BLAST	Mock_type_reference_BLAST	Cutadapt	SE	Candida_albicans	0.2893687083549731
fig4_q30_SE_cutadapt_unite_blast_top1_rescue	1Z	fig4_q30_SE_cutadapt_unite_blast_top1_rescue_1Z	Zymo	1	mock_only	Mock type-strain BLAST	Mock_type_reference_BLAST	Cutadapt	SE	Candida_g	0
fig4_q30_SE_cutadapt_unite_blast_top1_rescue	1Z	fig4_q30_SE_cutadapt_unite_blast_top1_rescue_1Z	Zymo	1	mock_only	Mock type-strain BLAST	Mock_type_reference_BLAST	Cutadapt	SE	Candida_tropicalis	0
fig4_q30_SE_cutadapt_unite_blast_top1_rescue	1Z	fig4_q30_SE_cutadapt_unite_blast_top1_rescue_1Z	Zymo	1	mock_only	Mock type-strain BLAST	Mock_type_reference_BLAST	Cutadapt	SE	Nakaseomyces_glabratus	0.0900913842447816
fig4_q30_SE_cutadapt_unite_blast_top1_rescue	1Z	fig4_q30_SE_cutadapt_unite_blast_top1_rescue_1Z	Zymo	1	mock_only	Mock type-strain BLAST	Mock_type_reference_BLAST	Cutadapt	SE	Malassezia_g	0
fig4_q30_SE_cutadapt_unite_blast_top1_rescue	1Z	fig4_q30_SE_cutadapt_unite_blast_top1_rescue_1Z	Zymo	1	mock_only	Mock type-strain BLAST	Mock_type_reference_BLAST	Cutadapt	SE	Malassezia_globosa	5.525045029116987e-5
fig4_q30_SE_cutadapt_unite_blast_top1_rescue	1Z	fig4_q30_SE_cutadapt_unite_blast_top1_rescue_1Z	Zymo	1	mock_only	Mock type-strain BLAST	Mock_type_reference_BLAST	Cutadapt	SE	Saccharomyces_arboricola	0
fig4_q30_SE_cutadapt_unite_blast_top1_rescue	1Z	fig4_q30_SE_cutadapt_unite_blast_top1_rescue_1Z	Zymo	1	mock_only	Mock type-strain BLAST	Mock_type_reference_BLAST	Cutadapt	SE	Saccharomyces_cerevisiae	0.044962816446954046
fig4_q30_SE_cutadapt_unite_blast_top1_rescue	1Z	fig4_q30_SE_cutadapt_unite_blast_top1_rescue_1Z	Zymo	1	mock_only	Mock type-strain BLAST	Mock_type_reference_BLAST	Cutadapt	SE	Saccharomyces_g	0
fig4_q30_SE_cutadapt_unite_blast_top1_rescue	1Z	fig4_q30_SE_cutadapt_unite_blast_top1_rescue_1Z	Zymo	1	mock_only	Mock type-strain BLAST	Mock_type_reference_BLAST	Cutadapt	SE	Saccharomyces_uvarum	0
fig4_q30_SE_cutadapt_unite_blast_top1_rescue	1Z	fig4_q30_SE_cutadapt_unite_blast_top1_rescue_1Z	Zymo	1	mock_only	Mock type-strain BLAST	Mock_type_reference_BLAST	Cutadapt	SE	Cutaneotrichosporon_dermatis	0.26338994662806503
fig4_q30_SE_cutadapt_unite_blast_top1_rescue	1Z	fig4_q30_SE_cutadapt_unite_blast_top1_rescue_1Z	Zymo	1	mock_only	Mock type-strain BLAST	Mock_type_reference_BLAST	Cutadapt	SE	Cutaneotrichosporon_g	0
fig4_q30_SE_cutadapt_unite_blast_top1_rescue	1Z	fig4_q30_SE_cutadapt_unite_blast_top1_rescue_1Z	Zymo	1	mock_only	Mock type-strain BLAST	Mock_type_reference_BLAST	Cutadapt	SE	Cutaneotrichosporon_mucoides	0
fig4_q30_SE_cutadapt_unite_blast_top1_rescue	1Z	fig4_q30_SE_cutadapt_unite_blast_top1_rescue_1Z	Zymo	1	mock_only	Mock type-strain BLAST	Mock_type_reference_BLAST	Cutadapt	SE	Other	0
fig4_q30_SE_cutadapt_unite_blast_top1_rescue	1Z	fig4_q30_SE_cutadapt_unite_blast_top1_rescue_1Z	Zymo	1	mock_only	UNITE	No_BLAST	Cutadapt	SE	Aspergillus_fumigatus	0.031603257566549164
fig4_q30_SE_cutadapt_unite_blast_top1_rescue	1Z	fig4_q30_SE_cutadapt_unite_blast_top1_rescue_1Z	Zymo	1	mock_only	UNITE	No_BLAST	Cutadapt	SE	Aspergillus_g	0
fig4_q30_SE_cutadapt_unite_blast_top1_rescue	1Z	fig4_q30_SE_cutadapt_unite_blast_top1_rescue_1Z	Zymo	1	mock_only	UNITE	No_BLAST	Cutadapt	SE	Cryptococcus_gattii	0
fig4_q30_SE_cutadapt_unite_blast_top1_rescue	1Z	fig4_q30_SE_cutadapt_unite_blast_top1_rescue_1Z	Zymo	1	mock_only	UNITE	No_BLAST	Cutadapt	SE	Cryptococcus_neoformans	0.13908748356299103
fig4_q30_SE_cutadapt_unite_blast_top1_rescue	1Z	fig4_q30_SE_cutadapt_unite_blast_top1_rescue_1Z	Zymo	1	mock_only	UNITE	No_BLAST	Cutadapt	SE	Trichophyton_interdigitale	0
fig4_q30_SE_cutadapt_unite_blast_top1_rescue	1Z	fig4_q30_SE_cutadapt_unite_blast_top1_rescue_1Z	Zymo	1	mock_only	UNITE	No_BLAST	Cutadapt	SE	Trichophyton_mentagrophytes	0.004342685392885952
fig4_q30_SE_cutadapt_unite_blast_top1_rescue	1Z	fig4_q30_SE_cutadapt_unite_blast_top1_rescue_1Z	Zymo	1	mock_only	UNITE	No_BLAST	Cutadapt	SE	Penicillium_chrysogenum	0
fig4_q30_SE_cutadapt_unite_blast_top1_rescue	1Z	fig4_q30_SE_cutadapt_unite_blast_top1_rescue_1Z	Zymo	1	mock_only	UNITE	No_BLAST	Cutadapt	SE	Penicillium_flavigenum	0
fig4_q30_SE_cutadapt_unite_blast_top1_rescue	1Z	fig4_q30_SE_cutadapt_unite_blast_top1_rescue_1Z	Zymo	1	mock_only	UNITE	No_BLAST	Cutadapt	SE	Penicillium_g	0
fig4_q30_SE_cutadapt_unite_blast_top1_rescue	1Z	fig4_q30_SE_cutadapt_unite_blast_top1_rescue_1Z	Zymo	1	mock_only	UNITE	No_BLAST	Cutadapt	SE	Fusarium_g	0
fig4_q30_SE_cutadapt_unite_blast_top1_rescue	1Z	fig4_q30_SE_cutadapt_unite_blast_top1_rescue_1Z	Zymo	1	mock_only	UNITE	No_BLAST	Cutadapt	SE	Fusarium_keratoplasticum	0
fig4_q30_SE_cutadapt_unite_blast_top1_rescue	1Z	fig4_q30_SE_cutadapt_unite_blast_top1_rescue_1Z	Zymo	1	mock_only	UNITE	No_BLAST	Cutadapt	SE	Candida_africana	0
fig4_q30_SE_cutadapt_unite_blast_top1_rescue	1Z	fig4_q30_SE_cutadapt_unite_blast_top1_rescue_1Z	Zymo	1	mock_only	UNITE	No_BLAST	Cutadapt	SE	Candida_albicans	0.2892029570040996
fig4_q30_SE_cutadapt_unite_blast_top1_rescue	1Z	fig4_q30_SE_cutadapt_unite_blast_top1_rescue_1Z	Zymo	1	mock_only	UNITE	No_BLAST	Cutadapt	SE	Candida_g	0
fig4_q30_SE_cutadapt_unite_blast_top1_rescue	1Z	fig4_q30_SE_cutadapt_unite_blast_top1_rescue_1Z	Zymo	1	mock_only	UNITE	No_BLAST	Cutadapt	SE	Candida_tropicalis	0
fig4_q30_SE_cutadapt_unite_blast_top1_rescue	1Z	fig4_q30_SE_cutadapt_unite_blast_top1_rescue_1Z	Zymo	1	mock_only	UNITE	No_BLAST	Cutadapt	SE	Nakaseomyces_glabratus	0.0900582339746069
fig4_q30_SE_cutadapt_unite_blast_top1_rescue	1Z	fig4_q30_SE_cutadapt_unite_blast_top1_rescue_1Z	Zymo	1	mock_only	UNITE	No_BLAST	Cutadapt	SE	Malassezia_g	0
fig4_q30_SE_cutadapt_unite_blast_top1_rescue	1Z	fig4_q30_SE_cutadapt_unite_blast_top1_rescue_1Z	Zymo	1	mock_only	UNITE	No_BLAST	Cutadapt	SE	Malassezia_globosa	5.525045029116987e-5
fig4_q30_SE_cutadapt_unite_blast_top1_rescue	1Z	fig4_q30_SE_cutadapt_unite_blast_top1_rescue_1Z	Zymo	1	mock_only	UNITE	No_BLAST	Cutadapt	SE	Saccharomyces_arboricola	0
fig4_q30_SE_cutadapt_unite_blast_top1_rescue	1Z	fig4_q30_SE_cutadapt_unite_blast_top1_rescue_1Z	Zymo	1	mock_only	UNITE	No_BLAST	Cutadapt	SE	Saccharomyces_cerevisiae	0.04494071626683757
fig4_q30_SE_cutadapt_unite_blast_top1_rescue	1Z	fig4_q30_SE_cutadapt_unite_blast_top1_rescue_1Z	Zymo	1	mock_only	UNITE	No_BLAST	Cutadapt	SE	Saccharomyces_g	0
fig4_q30_SE_cutadapt_unite_blast_top1_rescue	1Z	fig4_q30_SE_cutadapt_unite_blast_top1_rescue_1Z	Zymo	1	mock_only	UNITE	No_BLAST	Cutadapt	SE	Saccharomyces_uvarum	0
fig4_q30_SE_cutadapt_unite_blast_top1_rescue	1Z	fig4_q30_SE_cutadapt_unite_blast_top1_rescue_1Z	Zymo	1	mock_only	UNITE	No_BLAST	Cutadapt	SE	Cutaneotrichosporon_dermatis	0
fig4_q30_SE_cutadapt_unite_blast_top1_rescue	1Z	fig4_q30_SE_cutadapt_unite_blast_top1_rescue_1Z	Zymo	1	mock_only	UNITE	No_BLAST	Cutadapt	SE	Cutaneotrichosporon_g	0
fig4_q30_SE_cutadapt_unite_blast_top1_rescue	1Z	fig4_q30_SE_cutadapt_unite_blast_top1_rescue_1Z	Zymo	1	mock_only	UNITE	No_BLAST	Cutadapt	SE	Cutaneotrichosporon_mucoides	0.26313579455672564
fig4_q30_SE_cutadapt_unite_blast_top1_rescue	1Z	fig4_q30_SE_cutadapt_unite_blast_top1_rescue_1Z	Zymo	1	mock_only	UNITE	No_BLAST	Cutadapt	SE	Other	0.137573621225013
fig4_q30_SE_cutadapt_unite_blast_top1_rescue	1Z	fig4_q30_SE_cutadapt_unite_blast_top1_rescue_1Z	Zymo	1	mock_only	UNITE+RefSeq BLAST	RefSeq_BLAST	Cutadapt	SE	Aspergillus_fumigatus	0.031603257566549164
fig4_q30_SE_cutadapt_unite_blast_top1_rescue	1Z	fig4_q30_SE_cutadapt_unite_blast_top1_rescue_1Z	Zymo	1	mock_only	UNITE+RefSeq BLAST	RefSeq_BLAST	Cutadapt	SE	Aspergillus_g	0
fig4_q30_SE_cutadapt_unite_blast_top1_rescue	1Z	fig4_q30_SE_cutadapt_unite_blast_top1_rescue_1Z	Zymo	1	mock_only	UNITE+RefSeq BLAST	RefSeq_BLAST	Cutadapt	SE	Cryptococcus_gattii	1.4365117075704168e-4
fig4_q30_SE_cutadapt_unite_blast_top1_rescue	1Z	fig4_q30_SE_cutadapt_unite_blast_top1_rescue_1Z	Zymo	1	mock_only	UNITE+RefSeq BLAST	RefSeq_BLAST	Cutadapt	SE	Cryptococcus_neoformans	0.13908748356299103
fig4_q30_SE_cutadapt_unite_blast_top1_rescue	1Z	fig4_q30_SE_cutadapt_unite_blast_top1_rescue_1Z	Zymo	1	mock_only	UNITE+RefSeq BLAST	RefSeq_BLAST	Cutadapt	SE	Trichophyton_interdigitale	0
fig4_q30_SE_cutadapt_unite_blast_top1_rescue	1Z	fig4_q30_SE_cutadapt_unite_blast_top1_rescue_1Z	Zymo	1	mock_only	UNITE+RefSeq BLAST	RefSeq_BLAST	Cutadapt	SE	Trichophyton_mentagrophytes	0.004342685392885952
fig4_q30_SE_cutadapt_unite_blast_top1_rescue	1Z	fig4_q30_SE_cutadapt_unite_blast_top1_rescue_1Z	Zymo	1	mock_only	UNITE+RefSeq BLAST	RefSeq_BLAST	Cutadapt	SE	Penicillium_chrysogenum	0.13548515420400675
fig4_q30_SE_cutadapt_unite_blast_top1_rescue	1Z	fig4_q30_SE_cutadapt_unite_blast_top1_rescue_1Z	Zymo	1	mock_only	UNITE+RefSeq BLAST	RefSeq_BLAST	Cutadapt	SE	Penicillium_flavigenum	0
fig4_q30_SE_cutadapt_unite_blast_top1_rescue	1Z	fig4_q30_SE_cutadapt_unite_blast_top1_rescue_1Z	Zymo	1	mock_only	UNITE+RefSeq BLAST	RefSeq_BLAST	Cutadapt	SE	Penicillium_g	0
fig4_q30_SE_cutadapt_unite_blast_top1_rescue	1Z	fig4_q30_SE_cutadapt_unite_blast_top1_rescue_1Z	Zymo	1	mock_only	UNITE+RefSeq BLAST	RefSeq_BLAST	Cutadapt	SE	Fusarium_g	0
fig4_q30_SE_cutadapt_unite_blast_top1_rescue	1Z	fig4_q30_SE_cutadapt_unite_blast_top1_rescue_1Z	Zymo	1	mock_only	UNITE+RefSeq BLAST	RefSeq_BLAST	Cutadapt	SE	Fusarium_keratoplasticum	0.0014696619777451185
fig4_q30_SE_cutadapt_unite_blast_top1_rescue	1Z	fig4_q30_SE_cutadapt_unite_blast_top1_rescue_1Z	Zymo	1	mock_only	UNITE+RefSeq BLAST	RefSeq_BLAST	Cutadapt	SE	Candida_africana	1.6575135087350961e-4
fig4_q30_SE_cutadapt_unite_blast_top1_rescue	1Z	fig4_q30_SE_cutadapt_unite_blast_top1_rescue_1Z	Zymo	1	mock_only	UNITE+RefSeq BLAST	RefSeq_BLAST	Cutadapt	SE	Candida_albicans	0.2892029570040996
fig4_q30_SE_cutadapt_unite_blast_top1_rescue	1Z	fig4_q30_SE_cutadapt_unite_blast_top1_rescue_1Z	Zymo	1	mock_only	UNITE+RefSeq BLAST	RefSeq_BLAST	Cutadapt	SE	Candida_g	0
fig4_q30_SE_cutadapt_unite_blast_top1_rescue	1Z	fig4_q30_SE_cutadapt_unite_blast_top1_rescue_1Z	Zymo	1	mock_only	UNITE+RefSeq BLAST	RefSeq_BLAST	Cutadapt	SE	Candida_tropicalis	0
fig4_q30_SE_cutadapt_unite_blast_top1_rescue	1Z	fig4_q30_SE_cutadapt_unite_blast_top1_rescue_1Z	Zymo	1	mock_only	UNITE+RefSeq BLAST	RefSeq_BLAST	Cutadapt	SE	Nakaseomyces_glabratus	0.0900582339746069
fig4_q30_SE_cutadapt_unite_blast_top1_rescue	1Z	fig4_q30_SE_cutadapt_unite_blast_top1_rescue_1Z	Zymo	1	mock_only	UNITE+RefSeq BLAST	RefSeq_BLAST	Cutadapt	SE	Malassezia_g	0
fig4_q30_SE_cutadapt_unite_blast_top1_rescue	1Z	fig4_q30_SE_cutadapt_unite_blast_top1_rescue_1Z	Zymo	1	mock_only	UNITE+RefSeq BLAST	RefSeq_BLAST	Cutadapt	SE	Malassezia_globosa	5.525045029116987e-5
fig4_q30_SE_cutadapt_unite_blast_top1_rescue	1Z	fig4_q30_SE_cutadapt_unite_blast_top1_rescue_1Z	Zymo	1	mock_only	UNITE+RefSeq BLAST	RefSeq_BLAST	Cutadapt	SE	Saccharomyces_arboricola	0
fig4_q30_SE_cutadapt_unite_blast_top1_rescue	1Z	fig4_q30_SE_cutadapt_unite_blast_top1_rescue_1Z	Zymo	1	mock_only	UNITE+RefSeq BLAST	RefSeq_BLAST	Cutadapt	SE	Saccharomyces_cerevisiae	0.04494071626683757
fig4_q30_SE_cutadapt_unite_blast_top1_rescue	1Z	fig4_q30_SE_cutadapt_unite_blast_top1_rescue_1Z	Zymo	1	mock_only	UNITE+RefSeq BLAST	RefSeq_BLAST	Cutadapt	SE	Saccharomyces_g	0
fig4_q30_SE_cutadapt_unite_blast_top1_rescue	1Z	fig4_q30_SE_cutadapt_unite_blast_top1_rescue_1Z	Zymo	1	mock_only	UNITE+RefSeq BLAST	RefSeq_BLAST	Cutadapt	SE	Saccharomyces_uvarum	0
fig4_q30_SE_cutadapt_unite_blast_top1_rescue	1Z	fig4_q30_SE_cutadapt_unite_blast_top1_rescue_1Z	Zymo	1	mock_only	UNITE+RefSeq BLAST	RefSeq_BLAST	Cutadapt	SE	Cutaneotrichosporon_dermatis	2.541520713393814e-4
fig4_q30_SE_cutadapt_unite_blast_top1_rescue	1Z	fig4_q30_SE_cutadapt_unite_blast_top1_rescue_1Z	Zymo	1	mock_only	UNITE+RefSeq BLAST	RefSeq_BLAST	Cutadapt	SE	Cutaneotrichosporon_g	0
fig4_q30_SE_cutadapt_unite_blast_top1_rescue	1Z	fig4_q30_SE_cutadapt_unite_blast_top1_rescue_1Z	Zymo	1	mock_only	UNITE+RefSeq BLAST	RefSeq_BLAST	Cutadapt	SE	Cutaneotrichosporon_mucoides	0.26313579455672564
fig4_q30_SE_cutadapt_unite_blast_top1_rescue	1Z	fig4_q30_SE_cutadapt_unite_blast_top1_rescue_1Z	Zymo	1	mock_only	UNITE+RefSeq BLAST	RefSeq_BLAST	Cutadapt	SE	Other	5.525045029116987e-5
fig4_q30_SE_cutadapt_unite_blast_top1_rescue	2D	fig4_q30_SE_cutadapt_unite_blast_top1_rescue_2D	DNeasy	2	mock_only	Mock type-strain BLAST	Mock_type_reference_BLAST	Cutadapt	SE	Aspergillus_fumigatus	0.028340349679523646
fig4_q30_SE_cutadapt_unite_blast_top1_rescue	2D	fig4_q30_SE_cutadapt_unite_blast_top1_rescue_2D	DNeasy	2	mock_only	Mock type-strain BLAST	Mock_type_reference_BLAST	Cutadapt	SE	Aspergillus_g	0
fig4_q30_SE_cutadapt_unite_blast_top1_rescue	2D	fig4_q30_SE_cutadapt_unite_blast_top1_rescue_2D	DNeasy	2	mock_only	Mock type-strain BLAST	Mock_type_reference_BLAST	Cutadapt	SE	Cryptococcus_gattii	0
fig4_q30_SE_cutadapt_unite_blast_top1_rescue	2D	fig4_q30_SE_cutadapt_unite_blast_top1_rescue_2D	DNeasy	2	mock_only	Mock type-strain BLAST	Mock_type_reference_BLAST	Cutadapt	SE	Cryptococcus_neoformans	0.14802594151780635
fig4_q30_SE_cutadapt_unite_blast_top1_rescue	2D	fig4_q30_SE_cutadapt_unite_blast_top1_rescue_2D	DNeasy	2	mock_only	Mock type-strain BLAST	Mock_type_reference_BLAST	Cutadapt	SE	Trichophyton_interdigitale	0.0037831380134258734
fig4_q30_SE_cutadapt_unite_blast_top1_rescue	2D	fig4_q30_SE_cutadapt_unite_blast_top1_rescue_2D	DNeasy	2	mock_only	Mock type-strain BLAST	Mock_type_reference_BLAST	Cutadapt	SE	Trichophyton_mentagrophytes	0
fig4_q30_SE_cutadapt_unite_blast_top1_rescue	2D	fig4_q30_SE_cutadapt_unite_blast_top1_rescue_2D	DNeasy	2	mock_only	Mock type-strain BLAST	Mock_type_reference_BLAST	Cutadapt	SE	Penicillium_chrysogenum	0.10981529942731445
fig4_q30_SE_cutadapt_unite_blast_top1_rescue	2D	fig4_q30_SE_cutadapt_unite_blast_top1_rescue_2D	DNeasy	2	mock_only	Mock type-strain BLAST	Mock_type_reference_BLAST	Cutadapt	SE	Penicillium_flavigenum	0
fig4_q30_SE_cutadapt_unite_blast_top1_rescue	2D	fig4_q30_SE_cutadapt_unite_blast_top1_rescue_2D	DNeasy	2	mock_only	Mock type-strain BLAST	Mock_type_reference_BLAST	Cutadapt	SE	Penicillium_g	0
fig4_q30_SE_cutadapt_unite_blast_top1_rescue	2D	fig4_q30_SE_cutadapt_unite_blast_top1_rescue_2D	DNeasy	2	mock_only	Mock type-strain BLAST	Mock_type_reference_BLAST	Cutadapt	SE	Fusarium_g	0
fig4_q30_SE_cutadapt_unite_blast_top1_rescue	2D	fig4_q30_SE_cutadapt_unite_blast_top1_rescue_2D	DNeasy	2	mock_only	Mock type-strain BLAST	Mock_type_reference_BLAST	Cutadapt	SE	Fusarium_keratoplasticum	0.0014886031782151933
fig4_q30_SE_cutadapt_unite_blast_top1_rescue	2D	fig4_q30_SE_cutadapt_unite_blast_top1_rescue_2D	DNeasy	2	mock_only	Mock type-strain BLAST	Mock_type_reference_BLAST	Cutadapt	SE	Candida_africana	0
fig4_q30_SE_cutadapt_unite_blast_top1_rescue	2D	fig4_q30_SE_cutadapt_unite_blast_top1_rescue_2D	DNeasy	2	mock_only	Mock type-strain BLAST	Mock_type_reference_BLAST	Cutadapt	SE	Candida_albicans	0.3074012970758903
fig4_q30_SE_cutadapt_unite_blast_top1_rescue	2D	fig4_q30_SE_cutadapt_unite_blast_top1_rescue_2D	DNeasy	2	mock_only	Mock type-strain BLAST	Mock_type_reference_BLAST	Cutadapt	SE	Candida_g	0
fig4_q30_SE_cutadapt_unite_blast_top1_rescue	2D	fig4_q30_SE_cutadapt_unite_blast_top1_rescue_2D	DNeasy	2	mock_only	Mock type-strain BLAST	Mock_type_reference_BLAST	Cutadapt	SE	Candida_tropicalis	0
fig4_q30_SE_cutadapt_unite_blast_top1_rescue	2D	fig4_q30_SE_cutadapt_unite_blast_top1_rescue_2D	DNeasy	2	mock_only	Mock type-strain BLAST	Mock_type_reference_BLAST	Cutadapt	SE	Nakaseomyces_glabratus	0.10687601926650737
fig4_q30_SE_cutadapt_unite_blast_top1_rescue	2D	fig4_q30_SE_cutadapt_unite_blast_top1_rescue_2D	DNeasy	2	mock_only	Mock type-strain BLAST	Mock_type_reference_BLAST	Cutadapt	SE	Malassezia_g	0
fig4_q30_SE_cutadapt_unite_blast_top1_rescue	2D	fig4_q30_SE_cutadapt_unite_blast_top1_rescue_2D	DNeasy	2	mock_only	Mock type-strain BLAST	Mock_type_reference_BLAST	Cutadapt	SE	Malassezia_globosa	0
fig4_q30_SE_cutadapt_unite_blast_top1_rescue	2D	fig4_q30_SE_cutadapt_unite_blast_top1_rescue_2D	DNeasy	2	mock_only	Mock type-strain BLAST	Mock_type_reference_BLAST	Cutadapt	SE	Saccharomyces_arboricola	0
fig4_q30_SE_cutadapt_unite_blast_top1_rescue	2D	fig4_q30_SE_cutadapt_unite_blast_top1_rescue_2D	DNeasy	2	mock_only	Mock type-strain BLAST	Mock_type_reference_BLAST	Cutadapt	SE	Saccharomyces_cerevisiae	0.06644669473205143
fig4_q30_SE_cutadapt_unite_blast_top1_rescue	2D	fig4_q30_SE_cutadapt_unite_blast_top1_rescue_2D	DNeasy	2	mock_only	Mock type-strain BLAST	Mock_type_reference_BLAST	Cutadapt	SE	Saccharomyces_g	0
fig4_q30_SE_cutadapt_unite_blast_top1_rescue	2D	fig4_q30_SE_cutadapt_unite_blast_top1_rescue_2D	DNeasy	2	mock_only	Mock type-strain BLAST	Mock_type_reference_BLAST	Cutadapt	SE	Saccharomyces_uvarum	0
fig4_q30_SE_cutadapt_unite_blast_top1_rescue	2D	fig4_q30_SE_cutadapt_unite_blast_top1_rescue_2D	DNeasy	2	mock_only	Mock type-strain BLAST	Mock_type_reference_BLAST	Cutadapt	SE	Cutaneotrichosporon_dermatis	0.22782265710926536
fig4_q30_SE_cutadapt_unite_blast_top1_rescue	2D	fig4_q30_SE_cutadapt_unite_blast_top1_rescue_2D	DNeasy	2	mock_only	Mock type-strain BLAST	Mock_type_reference_BLAST	Cutadapt	SE	Cutaneotrichosporon_g	0
fig4_q30_SE_cutadapt_unite_blast_top1_rescue	2D	fig4_q30_SE_cutadapt_unite_blast_top1_rescue_2D	DNeasy	2	mock_only	Mock type-strain BLAST	Mock_type_reference_BLAST	Cutadapt	SE	Cutaneotrichosporon_mucoides	0
fig4_q30_SE_cutadapt_unite_blast_top1_rescue	2D	fig4_q30_SE_cutadapt_unite_blast_top1_rescue_2D	DNeasy	2	mock_only	Mock type-strain BLAST	Mock_type_reference_BLAST	Cutadapt	SE	Other	0
fig4_q30_SE_cutadapt_unite_blast_top1_rescue	2D	fig4_q30_SE_cutadapt_unite_blast_top1_rescue_2D	DNeasy	2	mock_only	UNITE	No_BLAST	Cutadapt	SE	Aspergillus_fumigatus	0.028340349679523646
fig4_q30_SE_cutadapt_unite_blast_top1_rescue	2D	fig4_q30_SE_cutadapt_unite_blast_top1_rescue_2D	DNeasy	2	mock_only	UNITE	No_BLAST	Cutadapt	SE	Aspergillus_g	0
fig4_q30_SE_cutadapt_unite_blast_top1_rescue	2D	fig4_q30_SE_cutadapt_unite_blast_top1_rescue_2D	DNeasy	2	mock_only	UNITE	No_BLAST	Cutadapt	SE	Cryptococcus_gattii	0
fig4_q30_SE_cutadapt_unite_blast_top1_rescue	2D	fig4_q30_SE_cutadapt_unite_blast_top1_rescue_2D	DNeasy	2	mock_only	UNITE	No_BLAST	Cutadapt	SE	Cryptococcus_neoformans	0.14788371828421892
fig4_q30_SE_cutadapt_unite_blast_top1_rescue	2D	fig4_q30_SE_cutadapt_unite_blast_top1_rescue_2D	DNeasy	2	mock_only	UNITE	No_BLAST	Cutadapt	SE	Trichophyton_interdigitale	0
fig4_q30_SE_cutadapt_unite_blast_top1_rescue	2D	fig4_q30_SE_cutadapt_unite_blast_top1_rescue_2D	DNeasy	2	mock_only	UNITE	No_BLAST	Cutadapt	SE	Trichophyton_mentagrophytes	0.0037831380134258734
fig4_q30_SE_cutadapt_unite_blast_top1_rescue	2D	fig4_q30_SE_cutadapt_unite_blast_top1_rescue_2D	DNeasy	2	mock_only	UNITE	No_BLAST	Cutadapt	SE	Penicillium_chrysogenum	0
fig4_q30_SE_cutadapt_unite_blast_top1_rescue	2D	fig4_q30_SE_cutadapt_unite_blast_top1_rescue_2D	DNeasy	2	mock_only	UNITE	No_BLAST	Cutadapt	SE	Penicillium_flavigenum	0
fig4_q30_SE_cutadapt_unite_blast_top1_rescue	2D	fig4_q30_SE_cutadapt_unite_blast_top1_rescue_2D	DNeasy	2	mock_only	UNITE	No_BLAST	Cutadapt	SE	Penicillium_g	0
fig4_q30_SE_cutadapt_unite_blast_top1_rescue	2D	fig4_q30_SE_cutadapt_unite_blast_top1_rescue_2D	DNeasy	2	mock_only	UNITE	No_BLAST	Cutadapt	SE	Fusarium_g	0
fig4_q30_SE_cutadapt_unite_blast_top1_rescue	2D	fig4_q30_SE_cutadapt_unite_blast_top1_rescue_2D	DNeasy	2	mock_only	UNITE	No_BLAST	Cutadapt	SE	Fusarium_keratoplasticum	0
fig4_q30_SE_cutadapt_unite_blast_top1_rescue	2D	fig4_q30_SE_cutadapt_unite_blast_top1_rescue_2D	DNeasy	2	mock_only	UNITE	No_BLAST	Cutadapt	SE	Candida_africana	0
fig4_q30_SE_cutadapt_unite_blast_top1_rescue	2D	fig4_q30_SE_cutadapt_unite_blast_top1_rescue_2D	DNeasy	2	mock_only	UNITE	No_BLAST	Cutadapt	SE	Candida_albicans	0.307031516668563
fig4_q30_SE_cutadapt_unite_blast_top1_rescue	2D	fig4_q30_SE_cutadapt_unite_blast_top1_rescue_2D	DNeasy	2	mock_only	UNITE	No_BLAST	Cutadapt	SE	Candida_g	0
fig4_q30_SE_cutadapt_unite_blast_top1_rescue	2D	fig4_q30_SE_cutadapt_unite_blast_top1_rescue_2D	DNeasy	2	mock_only	UNITE	No_BLAST	Cutadapt	SE	Candida_tropicalis	0
fig4_q30_SE_cutadapt_unite_blast_top1_rescue	2D	fig4_q30_SE_cutadapt_unite_blast_top1_rescue_2D	DNeasy	2	mock_only	UNITE	No_BLAST	Cutadapt	SE	Nakaseomyces_glabratus	0.10670535138620245
fig4_q30_SE_cutadapt_unite_blast_top1_rescue	2D	fig4_q30_SE_cutadapt_unite_blast_top1_rescue_2D	DNeasy	2	mock_only	UNITE	No_BLAST	Cutadapt	SE	Malassezia_g	0
fig4_q30_SE_cutadapt_unite_blast_top1_rescue	2D	fig4_q30_SE_cutadapt_unite_blast_top1_rescue_2D	DNeasy	2	mock_only	UNITE	No_BLAST	Cutadapt	SE	Malassezia_globosa	0
fig4_q30_SE_cutadapt_unite_blast_top1_rescue	2D	fig4_q30_SE_cutadapt_unite_blast_top1_rescue_2D	DNeasy	2	mock_only	UNITE	No_BLAST	Cutadapt	SE	Saccharomyces_arboricola	0
fig4_q30_SE_cutadapt_unite_blast_top1_rescue	2D	fig4_q30_SE_cutadapt_unite_blast_top1_rescue_2D	DNeasy	2	mock_only	UNITE	No_BLAST	Cutadapt	SE	Saccharomyces_cerevisiae	0.06634239769408731
fig4_q30_SE_cutadapt_unite_blast_top1_rescue	2D	fig4_q30_SE_cutadapt_unite_blast_top1_rescue_2D	DNeasy	2	mock_only	UNITE	No_BLAST	Cutadapt	SE	Saccharomyces_g	0
fig4_q30_SE_cutadapt_unite_blast_top1_rescue	2D	fig4_q30_SE_cutadapt_unite_blast_top1_rescue_2D	DNeasy	2	mock_only	UNITE	No_BLAST	Cutadapt	SE	Saccharomyces_uvarum	0
fig4_q30_SE_cutadapt_unite_blast_top1_rescue	2D	fig4_q30_SE_cutadapt_unite_blast_top1_rescue_2D	DNeasy	2	mock_only	UNITE	No_BLAST	Cutadapt	SE	Cutaneotrichosporon_dermatis	0
fig4_q30_SE_cutadapt_unite_blast_top1_rescue	2D	fig4_q30_SE_cutadapt_unite_blast_top1_rescue_2D	DNeasy	2	mock_only	UNITE	No_BLAST	Cutadapt	SE	Cutaneotrichosporon_g	0
fig4_q30_SE_cutadapt_unite_blast_top1_rescue	2D	fig4_q30_SE_cutadapt_unite_blast_top1_rescue_2D	DNeasy	2	mock_only	UNITE	No_BLAST	Cutadapt	SE	Cutaneotrichosporon_mucoides	0.22764250768005462
fig4_q30_SE_cutadapt_unite_blast_top1_rescue	2D	fig4_q30_SE_cutadapt_unite_blast_top1_rescue_2D	DNeasy	2	mock_only	UNITE	No_BLAST	Cutadapt	SE	Other	0.11227102059392421
fig4_q30_SE_cutadapt_unite_blast_top1_rescue	2D	fig4_q30_SE_cutadapt_unite_blast_top1_rescue_2D	DNeasy	2	mock_only	UNITE+RefSeq BLAST	RefSeq_BLAST	Cutadapt	SE	Aspergillus_fumigatus	0.028340349679523646
fig4_q30_SE_cutadapt_unite_blast_top1_rescue	2D	fig4_q30_SE_cutadapt_unite_blast_top1_rescue_2D	DNeasy	2	mock_only	UNITE+RefSeq BLAST	RefSeq_BLAST	Cutadapt	SE	Aspergillus_g	0
fig4_q30_SE_cutadapt_unite_blast_top1_rescue	2D	fig4_q30_SE_cutadapt_unite_blast_top1_rescue_2D	DNeasy	2	mock_only	UNITE+RefSeq BLAST	RefSeq_BLAST	Cutadapt	SE	Cryptococcus_gattii	1.4222323358743883e-4
fig4_q30_SE_cutadapt_unite_blast_top1_rescue	2D	fig4_q30_SE_cutadapt_unite_blast_top1_rescue_2D	DNeasy	2	mock_only	UNITE+RefSeq BLAST	RefSeq_BLAST	Cutadapt	SE	Cryptococcus_neoformans	0.14788371828421892
fig4_q30_SE_cutadapt_unite_blast_top1_rescue	2D	fig4_q30_SE_cutadapt_unite_blast_top1_rescue_2D	DNeasy	2	mock_only	UNITE+RefSeq BLAST	RefSeq_BLAST	Cutadapt	SE	Trichophyton_interdigitale	0
fig4_q30_SE_cutadapt_unite_blast_top1_rescue	2D	fig4_q30_SE_cutadapt_unite_blast_top1_rescue_2D	DNeasy	2	mock_only	UNITE+RefSeq BLAST	RefSeq_BLAST	Cutadapt	SE	Trichophyton_mentagrophytes	0.0037831380134258734
fig4_q30_SE_cutadapt_unite_blast_top1_rescue	2D	fig4_q30_SE_cutadapt_unite_blast_top1_rescue_2D	DNeasy	2	mock_only	UNITE+RefSeq BLAST	RefSeq_BLAST	Cutadapt	SE	Penicillium_chrysogenum	0.10981529942731445
fig4_q30_SE_cutadapt_unite_blast_top1_rescue	2D	fig4_q30_SE_cutadapt_unite_blast_top1_rescue_2D	DNeasy	2	mock_only	UNITE+RefSeq BLAST	RefSeq_BLAST	Cutadapt	SE	Penicillium_flavigenum	0
fig4_q30_SE_cutadapt_unite_blast_top1_rescue	2D	fig4_q30_SE_cutadapt_unite_blast_top1_rescue_2D	DNeasy	2	mock_only	UNITE+RefSeq BLAST	RefSeq_BLAST	Cutadapt	SE	Penicillium_g	0
fig4_q30_SE_cutadapt_unite_blast_top1_rescue	2D	fig4_q30_SE_cutadapt_unite_blast_top1_rescue_2D	DNeasy	2	mock_only	UNITE+RefSeq BLAST	RefSeq_BLAST	Cutadapt	SE	Fusarium_g	0
fig4_q30_SE_cutadapt_unite_blast_top1_rescue	2D	fig4_q30_SE_cutadapt_unite_blast_top1_rescue_2D	DNeasy	2	mock_only	UNITE+RefSeq BLAST	RefSeq_BLAST	Cutadapt	SE	Fusarium_keratoplasticum	0.0014886031782151933
fig4_q30_SE_cutadapt_unite_blast_top1_rescue	2D	fig4_q30_SE_cutadapt_unite_blast_top1_rescue_2D	DNeasy	2	mock_only	UNITE+RefSeq BLAST	RefSeq_BLAST	Cutadapt	SE	Candida_africana	1.6118633139909736e-4
fig4_q30_SE_cutadapt_unite_blast_top1_rescue	2D	fig4_q30_SE_cutadapt_unite_blast_top1_rescue_2D	DNeasy	2	mock_only	UNITE+RefSeq BLAST	RefSeq_BLAST	Cutadapt	SE	Candida_albicans	0.307031516668563
fig4_q30_SE_cutadapt_unite_blast_top1_rescue	2D	fig4_q30_SE_cutadapt_unite_blast_top1_rescue_2D	DNeasy	2	mock_only	UNITE+RefSeq BLAST	RefSeq_BLAST	Cutadapt	SE	Candida_g	0
fig4_q30_SE_cutadapt_unite_blast_top1_rescue	2D	fig4_q30_SE_cutadapt_unite_blast_top1_rescue_2D	DNeasy	2	mock_only	UNITE+RefSeq BLAST	RefSeq_BLAST	Cutadapt	SE	Candida_tropicalis	2.0859407592824363e-4
fig4_q30_SE_cutadapt_unite_blast_top1_rescue	2D	fig4_q30_SE_cutadapt_unite_blast_top1_rescue_2D	DNeasy	2	mock_only	UNITE+RefSeq BLAST	RefSeq_BLAST	Cutadapt	SE	Nakaseomyces_glabratus	0.10670535138620245
fig4_q30_SE_cutadapt_unite_blast_top1_rescue	2D	fig4_q30_SE_cutadapt_unite_blast_top1_rescue_2D	DNeasy	2	mock_only	UNITE+RefSeq BLAST	RefSeq_BLAST	Cutadapt	SE	Malassezia_g	0
fig4_q30_SE_cutadapt_unite_blast_top1_rescue	2D	fig4_q30_SE_cutadapt_unite_blast_top1_rescue_2D	DNeasy	2	mock_only	UNITE+RefSeq BLAST	RefSeq_BLAST	Cutadapt	SE	Malassezia_globosa	0
fig4_q30_SE_cutadapt_unite_blast_top1_rescue	2D	fig4_q30_SE_cutadapt_unite_blast_top1_rescue_2D	DNeasy	2	mock_only	UNITE+RefSeq BLAST	RefSeq_BLAST	Cutadapt	SE	Saccharomyces_arboricola	0
fig4_q30_SE_cutadapt_unite_blast_top1_rescue	2D	fig4_q30_SE_cutadapt_unite_blast_top1_rescue_2D	DNeasy	2	mock_only	UNITE+RefSeq BLAST	RefSeq_BLAST	Cutadapt	SE	Saccharomyces_cerevisiae	0.06634239769408731
fig4_q30_SE_cutadapt_unite_blast_top1_rescue	2D	fig4_q30_SE_cutadapt_unite_blast_top1_rescue_2D	DNeasy	2	mock_only	UNITE+RefSeq BLAST	RefSeq_BLAST	Cutadapt	SE	Saccharomyces_g	0
fig4_q30_SE_cutadapt_unite_blast_top1_rescue	2D	fig4_q30_SE_cutadapt_unite_blast_top1_rescue_2D	DNeasy	2	mock_only	UNITE+RefSeq BLAST	RefSeq_BLAST	Cutadapt	SE	Saccharomyces_uvarum	0
fig4_q30_SE_cutadapt_unite_blast_top1_rescue	2D	fig4_q30_SE_cutadapt_unite_blast_top1_rescue_2D	DNeasy	2	mock_only	UNITE+RefSeq BLAST	RefSeq_BLAST	Cutadapt	SE	Cutaneotrichosporon_dermatis	1.517047824932681e-4
fig4_q30_SE_cutadapt_unite_blast_top1_rescue	2D	fig4_q30_SE_cutadapt_unite_blast_top1_rescue_2D	DNeasy	2	mock_only	UNITE+RefSeq BLAST	RefSeq_BLAST	Cutadapt	SE	Cutaneotrichosporon_g	0
fig4_q30_SE_cutadapt_unite_blast_top1_rescue	2D	fig4_q30_SE_cutadapt_unite_blast_top1_rescue_2D	DNeasy	2	mock_only	UNITE+RefSeq BLAST	RefSeq_BLAST	Cutadapt	SE	Cutaneotrichosporon_mucoides	0.22764250768005462
fig4_q30_SE_cutadapt_unite_blast_top1_rescue	2D	fig4_q30_SE_cutadapt_unite_blast_top1_rescue_2D	DNeasy	2	mock_only	UNITE+RefSeq BLAST	RefSeq_BLAST	Cutadapt	SE	Other	3.034095649865362e-4
fig4_q30_SE_cutadapt_unite_blast_top1_rescue	2Q	fig4_q30_SE_cutadapt_unite_blast_top1_rescue_2Q	QIAamp	2	mock_only	Mock type-strain BLAST	Mock_type_reference_BLAST	Cutadapt	SE	Aspergillus_fumigatus	0.033474923975479076
fig4_q30_SE_cutadapt_unite_blast_top1_rescue	2Q	fig4_q30_SE_cutadapt_unite_blast_top1_rescue_2Q	QIAamp	2	mock_only	Mock type-strain BLAST	Mock_type_reference_BLAST	Cutadapt	SE	Aspergillus_g	0
fig4_q30_SE_cutadapt_unite_blast_top1_rescue	2Q	fig4_q30_SE_cutadapt_unite_blast_top1_rescue_2Q	QIAamp	2	mock_only	Mock type-strain BLAST	Mock_type_reference_BLAST	Cutadapt	SE	Cryptococcus_gattii	0
fig4_q30_SE_cutadapt_unite_blast_top1_rescue	2Q	fig4_q30_SE_cutadapt_unite_blast_top1_rescue_2Q	QIAamp	2	mock_only	Mock type-strain BLAST	Mock_type_reference_BLAST	Cutadapt	SE	Cryptococcus_neoformans	0.1635371916783318
fig4_q30_SE_cutadapt_unite_blast_top1_rescue	2Q	fig4_q30_SE_cutadapt_unite_blast_top1_rescue_2Q	QIAamp	2	mock_only	Mock type-strain BLAST	Mock_type_reference_BLAST	Cutadapt	SE	Trichophyton_interdigitale	0.00520506508342585
fig4_q30_SE_cutadapt_unite_blast_top1_rescue	2Q	fig4_q30_SE_cutadapt_unite_blast_top1_rescue_2Q	QIAamp	2	mock_only	Mock type-strain BLAST	Mock_type_reference_BLAST	Cutadapt	SE	Trichophyton_mentagrophytes	0
fig4_q30_SE_cutadapt_unite_blast_top1_rescue	2Q	fig4_q30_SE_cutadapt_unite_blast_top1_rescue_2Q	QIAamp	2	mock_only	Mock type-strain BLAST	Mock_type_reference_BLAST	Cutadapt	SE	Penicillium_chrysogenum	0.13188846518961883
fig4_q30_SE_cutadapt_unite_blast_top1_rescue	2Q	fig4_q30_SE_cutadapt_unite_blast_top1_rescue_2Q	QIAamp	2	mock_only	Mock type-strain BLAST	Mock_type_reference_BLAST	Cutadapt	SE	Penicillium_flavigenum	0
fig4_q30_SE_cutadapt_unite_blast_top1_rescue	2Q	fig4_q30_SE_cutadapt_unite_blast_top1_rescue_2Q	QIAamp	2	mock_only	Mock type-strain BLAST	Mock_type_reference_BLAST	Cutadapt	SE	Penicillium_g	0
fig4_q30_SE_cutadapt_unite_blast_top1_rescue	2Q	fig4_q30_SE_cutadapt_unite_blast_top1_rescue_2Q	QIAamp	2	mock_only	Mock type-strain BLAST	Mock_type_reference_BLAST	Cutadapt	SE	Fusarium_g	0
fig4_q30_SE_cutadapt_unite_blast_top1_rescue	2Q	fig4_q30_SE_cutadapt_unite_blast_top1_rescue_2Q	QIAamp	2	mock_only	Mock type-strain BLAST	Mock_type_reference_BLAST	Cutadapt	SE	Fusarium_keratoplasticum	0.002075590095090988
fig4_q30_SE_cutadapt_unite_blast_top1_rescue	2Q	fig4_q30_SE_cutadapt_unite_blast_top1_rescue_2Q	QIAamp	2	mock_only	Mock type-strain BLAST	Mock_type_reference_BLAST	Cutadapt	SE	Candida_africana	0
fig4_q30_SE_cutadapt_unite_blast_top1_rescue	2Q	fig4_q30_SE_cutadapt_unite_blast_top1_rescue_2Q	QIAamp	2	mock_only	Mock type-strain BLAST	Mock_type_reference_BLAST	Cutadapt	SE	Candida_albicans	0.2862142202056282
fig4_q30_SE_cutadapt_unite_blast_top1_rescue	2Q	fig4_q30_SE_cutadapt_unite_blast_top1_rescue_2Q	QIAamp	2	mock_only	Mock type-strain BLAST	Mock_type_reference_BLAST	Cutadapt	SE	Candida_g	0
fig4_q30_SE_cutadapt_unite_blast_top1_rescue	2Q	fig4_q30_SE_cutadapt_unite_blast_top1_rescue_2Q	QIAamp	2	mock_only	Mock type-strain BLAST	Mock_type_reference_BLAST	Cutadapt	SE	Candida_tropicalis	0
fig4_q30_SE_cutadapt_unite_blast_top1_rescue	2Q	fig4_q30_SE_cutadapt_unite_blast_top1_rescue_2Q	QIAamp	2	mock_only	Mock type-strain BLAST	Mock_type_reference_BLAST	Cutadapt	SE	Nakaseomyces_glabratus	0.11349777155637078
fig4_q30_SE_cutadapt_unite_blast_top1_rescue	2Q	fig4_q30_SE_cutadapt_unite_blast_top1_rescue_2Q	QIAamp	2	mock_only	Mock type-strain BLAST	Mock_type_reference_BLAST	Cutadapt	SE	Malassezia_g	0
fig4_q30_SE_cutadapt_unite_blast_top1_rescue	2Q	fig4_q30_SE_cutadapt_unite_blast_top1_rescue_2Q	QIAamp	2	mock_only	Mock type-strain BLAST	Mock_type_reference_BLAST	Cutadapt	SE	Malassezia_globosa	3.2179691396759504e-5
fig4_q30_SE_cutadapt_unite_blast_top1_rescue	2Q	fig4_q30_SE_cutadapt_unite_blast_top1_rescue_2Q	QIAamp	2	mock_only	Mock type-strain BLAST	Mock_type_reference_BLAST	Cutadapt	SE	Saccharomyces_arboricola	0
fig4_q30_SE_cutadapt_unite_blast_top1_rescue	2Q	fig4_q30_SE_cutadapt_unite_blast_top1_rescue_2Q	QIAamp	2	mock_only	Mock type-strain BLAST	Mock_type_reference_BLAST	Cutadapt	SE	Saccharomyces_cerevisiae	0.04658814821965857
fig4_q30_SE_cutadapt_unite_blast_top1_rescue	2Q	fig4_q30_SE_cutadapt_unite_blast_top1_rescue_2Q	QIAamp	2	mock_only	Mock type-strain BLAST	Mock_type_reference_BLAST	Cutadapt	SE	Saccharomyces_g	0
fig4_q30_SE_cutadapt_unite_blast_top1_rescue	2Q	fig4_q30_SE_cutadapt_unite_blast_top1_rescue_2Q	QIAamp	2	mock_only	Mock type-strain BLAST	Mock_type_reference_BLAST	Cutadapt	SE	Saccharomyces_uvarum	0
fig4_q30_SE_cutadapt_unite_blast_top1_rescue	2Q	fig4_q30_SE_cutadapt_unite_blast_top1_rescue_2Q	QIAamp	2	mock_only	Mock type-strain BLAST	Mock_type_reference_BLAST	Cutadapt	SE	Cutaneotrichosporon_dermatis	0.2174864443049991
fig4_q30_SE_cutadapt_unite_blast_top1_rescue	2Q	fig4_q30_SE_cutadapt_unite_blast_top1_rescue_2Q	QIAamp	2	mock_only	Mock type-strain BLAST	Mock_type_reference_BLAST	Cutadapt	SE	Cutaneotrichosporon_g	0
fig4_q30_SE_cutadapt_unite_blast_top1_rescue	2Q	fig4_q30_SE_cutadapt_unite_blast_top1_rescue_2Q	QIAamp	2	mock_only	Mock type-strain BLAST	Mock_type_reference_BLAST	Cutadapt	SE	Cutaneotrichosporon_mucoides	0
fig4_q30_SE_cutadapt_unite_blast_top1_rescue	2Q	fig4_q30_SE_cutadapt_unite_blast_top1_rescue_2Q	QIAamp	2	mock_only	Mock type-strain BLAST	Mock_type_reference_BLAST	Cutadapt	SE	Other	0
fig4_q30_SE_cutadapt_unite_blast_top1_rescue	2Q	fig4_q30_SE_cutadapt_unite_blast_top1_rescue_2Q	QIAamp	2	mock_only	UNITE	No_BLAST	Cutadapt	SE	Aspergillus_fumigatus	0.033474923975479076
fig4_q30_SE_cutadapt_unite_blast_top1_rescue	2Q	fig4_q30_SE_cutadapt_unite_blast_top1_rescue_2Q	QIAamp	2	mock_only	UNITE	No_BLAST	Cutadapt	SE	Aspergillus_g	0
fig4_q30_SE_cutadapt_unite_blast_top1_rescue	2Q	fig4_q30_SE_cutadapt_unite_blast_top1_rescue_2Q	QIAamp	2	mock_only	UNITE	No_BLAST	Cutadapt	SE	Cryptococcus_gattii	0
fig4_q30_SE_cutadapt_unite_blast_top1_rescue	2Q	fig4_q30_SE_cutadapt_unite_blast_top1_rescue_2Q	QIAamp	2	mock_only	UNITE	No_BLAST	Cutadapt	SE	Cryptococcus_neoformans	0.1634486975269907
fig4_q30_SE_cutadapt_unite_blast_top1_rescue	2Q	fig4_q30_SE_cutadapt_unite_blast_top1_rescue_2Q	QIAamp	2	mock_only	UNITE	No_BLAST	Cutadapt	SE	Trichophyton_interdigitale	0
fig4_q30_SE_cutadapt_unite_blast_top1_rescue	2Q	fig4_q30_SE_cutadapt_unite_blast_top1_rescue_2Q	QIAamp	2	mock_only	UNITE	No_BLAST	Cutadapt	SE	Trichophyton_mentagrophytes	0.00520506508342585
fig4_q30_SE_cutadapt_unite_blast_top1_rescue	2Q	fig4_q30_SE_cutadapt_unite_blast_top1_rescue_2Q	QIAamp	2	mock_only	UNITE	No_BLAST	Cutadapt	SE	Penicillium_chrysogenum	0
fig4_q30_SE_cutadapt_unite_blast_top1_rescue	2Q	fig4_q30_SE_cutadapt_unite_blast_top1_rescue_2Q	QIAamp	2	mock_only	UNITE	No_BLAST	Cutadapt	SE	Penicillium_flavigenum	0
fig4_q30_SE_cutadapt_unite_blast_top1_rescue	2Q	fig4_q30_SE_cutadapt_unite_blast_top1_rescue_2Q	QIAamp	2	mock_only	UNITE	No_BLAST	Cutadapt	SE	Penicillium_g	0
fig4_q30_SE_cutadapt_unite_blast_top1_rescue	2Q	fig4_q30_SE_cutadapt_unite_blast_top1_rescue_2Q	QIAamp	2	mock_only	UNITE	No_BLAST	Cutadapt	SE	Fusarium_g	0
fig4_q30_SE_cutadapt_unite_blast_top1_rescue	2Q	fig4_q30_SE_cutadapt_unite_blast_top1_rescue_2Q	QIAamp	2	mock_only	UNITE	No_BLAST	Cutadapt	SE	Fusarium_keratoplasticum	0
fig4_q30_SE_cutadapt_unite_blast_top1_rescue	2Q	fig4_q30_SE_cutadapt_unite_blast_top1_rescue_2Q	QIAamp	2	mock_only	UNITE	No_BLAST	Cutadapt	SE	Candida_africana	0
fig4_q30_SE_cutadapt_unite_blast_top1_rescue	2Q	fig4_q30_SE_cutadapt_unite_blast_top1_rescue_2Q	QIAamp	2	mock_only	UNITE	No_BLAST	Cutadapt	SE	Candida_albicans	0.2860130971343985
fig4_q30_SE_cutadapt_unite_blast_top1_rescue	2Q	fig4_q30_SE_cutadapt_unite_blast_top1_rescue_2Q	QIAamp	2	mock_only	UNITE	No_BLAST	Cutadapt	SE	Candida_g	0
fig4_q30_SE_cutadapt_unite_blast_top1_rescue	2Q	fig4_q30_SE_cutadapt_unite_blast_top1_rescue_2Q	QIAamp	2	mock_only	UNITE	No_BLAST	Cutadapt	SE	Candida_tropicalis	0
fig4_q30_SE_cutadapt_unite_blast_top1_rescue	2Q	fig4_q30_SE_cutadapt_unite_blast_top1_rescue_2Q	QIAamp	2	mock_only	UNITE	No_BLAST	Cutadapt	SE	Nakaseomyces_glabratus	0.1134012324821805
fig4_q30_SE_cutadapt_unite_blast_top1_rescue	2Q	fig4_q30_SE_cutadapt_unite_blast_top1_rescue_2Q	QIAamp	2	mock_only	UNITE	No_BLAST	Cutadapt	SE	Malassezia_g	0
fig4_q30_SE_cutadapt_unite_blast_top1_rescue	2Q	fig4_q30_SE_cutadapt_unite_blast_top1_rescue_2Q	QIAamp	2	mock_only	UNITE	No_BLAST	Cutadapt	SE	Malassezia_globosa	3.2179691396759504e-5
fig4_q30_SE_cutadapt_unite_blast_top1_rescue	2Q	fig4_q30_SE_cutadapt_unite_blast_top1_rescue_2Q	QIAamp	2	mock_only	UNITE	No_BLAST	Cutadapt	SE	Saccharomyces_arboricola	0
fig4_q30_SE_cutadapt_unite_blast_top1_rescue	2Q	fig4_q30_SE_cutadapt_unite_blast_top1_rescue_2Q	QIAamp	2	mock_only	UNITE	No_BLAST	Cutadapt	SE	Saccharomyces_cerevisiae	0.04658814821965857
fig4_q30_SE_cutadapt_unite_blast_top1_rescue	2Q	fig4_q30_SE_cutadapt_unite_blast_top1_rescue_2Q	QIAamp	2	mock_only	UNITE	No_BLAST	Cutadapt	SE	Saccharomyces_g	0
fig4_q30_SE_cutadapt_unite_blast_top1_rescue	2Q	fig4_q30_SE_cutadapt_unite_blast_top1_rescue_2Q	QIAamp	2	mock_only	UNITE	No_BLAST	Cutadapt	SE	Saccharomyces_uvarum	0
fig4_q30_SE_cutadapt_unite_blast_top1_rescue	2Q	fig4_q30_SE_cutadapt_unite_blast_top1_rescue_2Q	QIAamp	2	mock_only	UNITE	No_BLAST	Cutadapt	SE	Cutaneotrichosporon_dermatis	0
fig4_q30_SE_cutadapt_unite_blast_top1_rescue	2Q	fig4_q30_SE_cutadapt_unite_blast_top1_rescue_2Q	QIAamp	2	mock_only	UNITE	No_BLAST	Cutadapt	SE	Cutaneotrichosporon_g	0
fig4_q30_SE_cutadapt_unite_blast_top1_rescue	2Q	fig4_q30_SE_cutadapt_unite_blast_top1_rescue_2Q	QIAamp	2	mock_only	UNITE	No_BLAST	Cutadapt	SE	Cutaneotrichosporon_mucoides	0.21734968061656287
fig4_q30_SE_cutadapt_unite_blast_top1_rescue	2Q	fig4_q30_SE_cutadapt_unite_blast_top1_rescue_2Q	QIAamp	2	mock_only	UNITE	No_BLAST	Cutadapt	SE	Other	0.13448697526990716
fig4_q30_SE_cutadapt_unite_blast_top1_rescue	2Q	fig4_q30_SE_cutadapt_unite_blast_top1_rescue_2Q	QIAamp	2	mock_only	UNITE+RefSeq BLAST	RefSeq_BLAST	Cutadapt	SE	Aspergillus_fumigatus	0.033474923975479076
fig4_q30_SE_cutadapt_unite_blast_top1_rescue	2Q	fig4_q30_SE_cutadapt_unite_blast_top1_rescue_2Q	QIAamp	2	mock_only	UNITE+RefSeq BLAST	RefSeq_BLAST	Cutadapt	SE	Aspergillus_g	0
fig4_q30_SE_cutadapt_unite_blast_top1_rescue	2Q	fig4_q30_SE_cutadapt_unite_blast_top1_rescue_2Q	QIAamp	2	mock_only	UNITE+RefSeq BLAST	RefSeq_BLAST	Cutadapt	SE	Cryptococcus_gattii	8.849415134108864e-5
fig4_q30_SE_cutadapt_unite_blast_top1_rescue	2Q	fig4_q30_SE_cutadapt_unite_blast_top1_rescue_2Q	QIAamp	2	mock_only	UNITE+RefSeq BLAST	RefSeq_BLAST	Cutadapt	SE	Cryptococcus_neoformans	0.1634486975269907
fig4_q30_SE_cutadapt_unite_blast_top1_rescue	2Q	fig4_q30_SE_cutadapt_unite_blast_top1_rescue_2Q	QIAamp	2	mock_only	UNITE+RefSeq BLAST	RefSeq_BLAST	Cutadapt	SE	Trichophyton_interdigitale	0
fig4_q30_SE_cutadapt_unite_blast_top1_rescue	2Q	fig4_q30_SE_cutadapt_unite_blast_top1_rescue_2Q	QIAamp	2	mock_only	UNITE+RefSeq BLAST	RefSeq_BLAST	Cutadapt	SE	Trichophyton_mentagrophytes	0.00520506508342585
fig4_q30_SE_cutadapt_unite_blast_top1_rescue	2Q	fig4_q30_SE_cutadapt_unite_blast_top1_rescue_2Q	QIAamp	2	mock_only	UNITE+RefSeq BLAST	RefSeq_BLAST	Cutadapt	SE	Penicillium_chrysogenum	0.1316873421183891
fig4_q30_SE_cutadapt_unite_blast_top1_rescue	2Q	fig4_q30_SE_cutadapt_unite_blast_top1_rescue_2Q	QIAamp	2	mock_only	UNITE+RefSeq BLAST	RefSeq_BLAST	Cutadapt	SE	Penicillium_flavigenum	0
fig4_q30_SE_cutadapt_unite_blast_top1_rescue	2Q	fig4_q30_SE_cutadapt_unite_blast_top1_rescue_2Q	QIAamp	2	mock_only	UNITE+RefSeq BLAST	RefSeq_BLAST	Cutadapt	SE	Penicillium_g	0
fig4_q30_SE_cutadapt_unite_blast_top1_rescue	2Q	fig4_q30_SE_cutadapt_unite_blast_top1_rescue_2Q	QIAamp	2	mock_only	UNITE+RefSeq BLAST	RefSeq_BLAST	Cutadapt	SE	Fusarium_g	0
fig4_q30_SE_cutadapt_unite_blast_top1_rescue	2Q	fig4_q30_SE_cutadapt_unite_blast_top1_rescue_2Q	QIAamp	2	mock_only	UNITE+RefSeq BLAST	RefSeq_BLAST	Cutadapt	SE	Fusarium_keratoplasticum	0.002075590095090988
fig4_q30_SE_cutadapt_unite_blast_top1_rescue	2Q	fig4_q30_SE_cutadapt_unite_blast_top1_rescue_2Q	QIAamp	2	mock_only	UNITE+RefSeq BLAST	RefSeq_BLAST	Cutadapt	SE	Candida_africana	2.0112307122974692e-4
fig4_q30_SE_cutadapt_unite_blast_top1_rescue	2Q	fig4_q30_SE_cutadapt_unite_blast_top1_rescue_2Q	QIAamp	2	mock_only	UNITE+RefSeq BLAST	RefSeq_BLAST	Cutadapt	SE	Candida_albicans	0.2860130971343985
fig4_q30_SE_cutadapt_unite_blast_top1_rescue	2Q	fig4_q30_SE_cutadapt_unite_blast_top1_rescue_2Q	QIAamp	2	mock_only	UNITE+RefSeq BLAST	RefSeq_BLAST	Cutadapt	SE	Candida_g	0
fig4_q30_SE_cutadapt_unite_blast_top1_rescue	2Q	fig4_q30_SE_cutadapt_unite_blast_top1_rescue_2Q	QIAamp	2	mock_only	UNITE+RefSeq BLAST	RefSeq_BLAST	Cutadapt	SE	Candida_tropicalis	0
fig4_q30_SE_cutadapt_unite_blast_top1_rescue	2Q	fig4_q30_SE_cutadapt_unite_blast_top1_rescue_2Q	QIAamp	2	mock_only	UNITE+RefSeq BLAST	RefSeq_BLAST	Cutadapt	SE	Nakaseomyces_glabratus	0.1134012324821805
fig4_q30_SE_cutadapt_unite_blast_top1_rescue	2Q	fig4_q30_SE_cutadapt_unite_blast_top1_rescue_2Q	QIAamp	2	mock_only	UNITE+RefSeq BLAST	RefSeq_BLAST	Cutadapt	SE	Malassezia_g	0
fig4_q30_SE_cutadapt_unite_blast_top1_rescue	2Q	fig4_q30_SE_cutadapt_unite_blast_top1_rescue_2Q	QIAamp	2	mock_only	UNITE+RefSeq BLAST	RefSeq_BLAST	Cutadapt	SE	Malassezia_globosa	3.2179691396759504e-5
fig4_q30_SE_cutadapt_unite_blast_top1_rescue	2Q	fig4_q30_SE_cutadapt_unite_blast_top1_rescue_2Q	QIAamp	2	mock_only	UNITE+RefSeq BLAST	RefSeq_BLAST	Cutadapt	SE	Saccharomyces_arboricola	0
fig4_q30_SE_cutadapt_unite_blast_top1_rescue	2Q	fig4_q30_SE_cutadapt_unite_blast_top1_rescue_2Q	QIAamp	2	mock_only	UNITE+RefSeq BLAST	RefSeq_BLAST	Cutadapt	SE	Saccharomyces_cerevisiae	0.04658814821965857
fig4_q30_SE_cutadapt_unite_blast_top1_rescue	2Q	fig4_q30_SE_cutadapt_unite_blast_top1_rescue_2Q	QIAamp	2	mock_only	UNITE+RefSeq BLAST	RefSeq_BLAST	Cutadapt	SE	Saccharomyces_g	0
fig4_q30_SE_cutadapt_unite_blast_top1_rescue	2Q	fig4_q30_SE_cutadapt_unite_blast_top1_rescue_2Q	QIAamp	2	mock_only	UNITE+RefSeq BLAST	RefSeq_BLAST	Cutadapt	SE	Saccharomyces_uvarum	0
fig4_q30_SE_cutadapt_unite_blast_top1_rescue	2Q	fig4_q30_SE_cutadapt_unite_blast_top1_rescue_2Q	QIAamp	2	mock_only	UNITE+RefSeq BLAST	RefSeq_BLAST	Cutadapt	SE	Cutaneotrichosporon_dermatis	1.367636884362279e-4
fig4_q30_SE_cutadapt_unite_blast_top1_rescue	2Q	fig4_q30_SE_cutadapt_unite_blast_top1_rescue_2Q	QIAamp	2	mock_only	UNITE+RefSeq BLAST	RefSeq_BLAST	Cutadapt	SE	Cutaneotrichosporon_g	0
fig4_q30_SE_cutadapt_unite_blast_top1_rescue	2Q	fig4_q30_SE_cutadapt_unite_blast_top1_rescue_2Q	QIAamp	2	mock_only	UNITE+RefSeq BLAST	RefSeq_BLAST	Cutadapt	SE	Cutaneotrichosporon_mucoides	0.21734968061656287
fig4_q30_SE_cutadapt_unite_blast_top1_rescue	2Q	fig4_q30_SE_cutadapt_unite_blast_top1_rescue_2Q	QIAamp	2	mock_only	UNITE+RefSeq BLAST	RefSeq_BLAST	Cutadapt	SE	Other	2.9766214542002544e-4
fig4_q30_SE_cutadapt_unite_blast_top1_rescue	2Z	fig4_q30_SE_cutadapt_unite_blast_top1_rescue_2Z	Zymo	2	mock_only	Mock type-strain BLAST	Mock_type_reference_BLAST	Cutadapt	SE	Aspergillus_fumigatus	0.03408957098559485
fig4_q30_SE_cutadapt_unite_blast_top1_rescue	2Z	fig4_q30_SE_cutadapt_unite_blast_top1_rescue_2Z	Zymo	2	mock_only	Mock type-strain BLAST	Mock_type_reference_BLAST	Cutadapt	SE	Aspergillus_g	0
fig4_q30_SE_cutadapt_unite_blast_top1_rescue	2Z	fig4_q30_SE_cutadapt_unite_blast_top1_rescue_2Z	Zymo	2	mock_only	Mock type-strain BLAST	Mock_type_reference_BLAST	Cutadapt	SE	Cryptococcus_gattii	0
fig4_q30_SE_cutadapt_unite_blast_top1_rescue	2Z	fig4_q30_SE_cutadapt_unite_blast_top1_rescue_2Z	Zymo	2	mock_only	Mock type-strain BLAST	Mock_type_reference_BLAST	Cutadapt	SE	Cryptococcus_neoformans	0.1504297994269341
fig4_q30_SE_cutadapt_unite_blast_top1_rescue	2Z	fig4_q30_SE_cutadapt_unite_blast_top1_rescue_2Z	Zymo	2	mock_only	Mock type-strain BLAST	Mock_type_reference_BLAST	Cutadapt	SE	Trichophyton_interdigitale	0.005200769321348667
fig4_q30_SE_cutadapt_unite_blast_top1_rescue	2Z	fig4_q30_SE_cutadapt_unite_blast_top1_rescue_2Z	Zymo	2	mock_only	Mock type-strain BLAST	Mock_type_reference_BLAST	Cutadapt	SE	Trichophyton_mentagrophytes	0
fig4_q30_SE_cutadapt_unite_blast_top1_rescue	2Z	fig4_q30_SE_cutadapt_unite_blast_top1_rescue_2Z	Zymo	2	mock_only	Mock type-strain BLAST	Mock_type_reference_BLAST	Cutadapt	SE	Penicillium_chrysogenum	0.1441594379244024
fig4_q30_SE_cutadapt_unite_blast_top1_rescue	2Z	fig4_q30_SE_cutadapt_unite_blast_top1_rescue_2Z	Zymo	2	mock_only	Mock type-strain BLAST	Mock_type_reference_BLAST	Cutadapt	SE	Penicillium_flavigenum	0
fig4_q30_SE_cutadapt_unite_blast_top1_rescue	2Z	fig4_q30_SE_cutadapt_unite_blast_top1_rescue_2Z	Zymo	2	mock_only	Mock type-strain BLAST	Mock_type_reference_BLAST	Cutadapt	SE	Penicillium_g	0
fig4_q30_SE_cutadapt_unite_blast_top1_rescue	2Z	fig4_q30_SE_cutadapt_unite_blast_top1_rescue_2Z	Zymo	2	mock_only	Mock type-strain BLAST	Mock_type_reference_BLAST	Cutadapt	SE	Fusarium_g	0
fig4_q30_SE_cutadapt_unite_blast_top1_rescue	2Z	fig4_q30_SE_cutadapt_unite_blast_top1_rescue_2Z	Zymo	2	mock_only	Mock type-strain BLAST	Mock_type_reference_BLAST	Cutadapt	SE	Fusarium_keratoplasticum	0.001903677827059701
fig4_q30_SE_cutadapt_unite_blast_top1_rescue	2Z	fig4_q30_SE_cutadapt_unite_blast_top1_rescue_2Z	Zymo	2	mock_only	Mock type-strain BLAST	Mock_type_reference_BLAST	Cutadapt	SE	Candida_africana	0
fig4_q30_SE_cutadapt_unite_blast_top1_rescue	2Z	fig4_q30_SE_cutadapt_unite_blast_top1_rescue_2Z	Zymo	2	mock_only	Mock type-strain BLAST	Mock_type_reference_BLAST	Cutadapt	SE	Candida_albicans	0.29990775994033836
fig4_q30_SE_cutadapt_unite_blast_top1_rescue	2Z	fig4_q30_SE_cutadapt_unite_blast_top1_rescue_2Z	Zymo	2	mock_only	Mock type-strain BLAST	Mock_type_reference_BLAST	Cutadapt	SE	Candida_g	0
fig4_q30_SE_cutadapt_unite_blast_top1_rescue	2Z	fig4_q30_SE_cutadapt_unite_blast_top1_rescue_2Z	Zymo	2	mock_only	Mock type-strain BLAST	Mock_type_reference_BLAST	Cutadapt	SE	Candida_tropicalis	0
fig4_q30_SE_cutadapt_unite_blast_top1_rescue	2Z	fig4_q30_SE_cutadapt_unite_blast_top1_rescue_2Z	Zymo	2	mock_only	Mock type-strain BLAST	Mock_type_reference_BLAST	Cutadapt	SE	Nakaseomyces_glabratus	0.10076735879420654
fig4_q30_SE_cutadapt_unite_blast_top1_rescue	2Z	fig4_q30_SE_cutadapt_unite_blast_top1_rescue_2Z	Zymo	2	mock_only	Mock type-strain BLAST	Mock_type_reference_BLAST	Cutadapt	SE	Malassezia_g	0
fig4_q30_SE_cutadapt_unite_blast_top1_rescue	2Z	fig4_q30_SE_cutadapt_unite_blast_top1_rescue_2Z	Zymo	2	mock_only	Mock type-strain BLAST	Mock_type_reference_BLAST	Cutadapt	SE	Malassezia_globosa	1.3737881226204027e-4
fig4_q30_SE_cutadapt_unite_blast_top1_rescue	2Z	fig4_q30_SE_cutadapt_unite_blast_top1_rescue_2Z	Zymo	2	mock_only	Mock type-strain BLAST	Mock_type_reference_BLAST	Cutadapt	SE	Saccharomyces_arboricola	0
fig4_q30_SE_cutadapt_unite_blast_top1_rescue	2Z	fig4_q30_SE_cutadapt_unite_blast_top1_rescue_2Z	Zymo	2	mock_only	Mock type-strain BLAST	Mock_type_reference_BLAST	Cutadapt	SE	Saccharomyces_cerevisiae	0.054392196883463514
fig4_q30_SE_cutadapt_unite_blast_top1_rescue	2Z	fig4_q30_SE_cutadapt_unite_blast_top1_rescue_2Z	Zymo	2	mock_only	Mock type-strain BLAST	Mock_type_reference_BLAST	Cutadapt	SE	Saccharomyces_g	0
fig4_q30_SE_cutadapt_unite_blast_top1_rescue	2Z	fig4_q30_SE_cutadapt_unite_blast_top1_rescue_2Z	Zymo	2	mock_only	Mock type-strain BLAST	Mock_type_reference_BLAST	Cutadapt	SE	Saccharomyces_uvarum	0
fig4_q30_SE_cutadapt_unite_blast_top1_rescue	2Z	fig4_q30_SE_cutadapt_unite_blast_top1_rescue_2Z	Zymo	2	mock_only	Mock type-strain BLAST	Mock_type_reference_BLAST	Cutadapt	SE	Cutaneotrichosporon_dermatis	0.20901205008438983
fig4_q30_SE_cutadapt_unite_blast_top1_rescue	2Z	fig4_q30_SE_cutadapt_unite_blast_top1_rescue_2Z	Zymo	2	mock_only	Mock type-strain BLAST	Mock_type_reference_BLAST	Cutadapt	SE	Cutaneotrichosporon_g	0
fig4_q30_SE_cutadapt_unite_blast_top1_rescue	2Z	fig4_q30_SE_cutadapt_unite_blast_top1_rescue_2Z	Zymo	2	mock_only	Mock type-strain BLAST	Mock_type_reference_BLAST	Cutadapt	SE	Cutaneotrichosporon_mucoides	0
fig4_q30_SE_cutadapt_unite_blast_top1_rescue	2Z	fig4_q30_SE_cutadapt_unite_blast_top1_rescue_2Z	Zymo	2	mock_only	Mock type-strain BLAST	Mock_type_reference_BLAST	Cutadapt	SE	Other	0
fig4_q30_SE_cutadapt_unite_blast_top1_rescue	2Z	fig4_q30_SE_cutadapt_unite_blast_top1_rescue_2Z	Zymo	2	mock_only	UNITE	No_BLAST	Cutadapt	SE	Aspergillus_fumigatus	0.03408957098559485
fig4_q30_SE_cutadapt_unite_blast_top1_rescue	2Z	fig4_q30_SE_cutadapt_unite_blast_top1_rescue_2Z	Zymo	2	mock_only	UNITE	No_BLAST	Cutadapt	SE	Aspergillus_g	0
fig4_q30_SE_cutadapt_unite_blast_top1_rescue	2Z	fig4_q30_SE_cutadapt_unite_blast_top1_rescue_2Z	Zymo	2	mock_only	UNITE	No_BLAST	Cutadapt	SE	Cryptococcus_gattii	0
fig4_q30_SE_cutadapt_unite_blast_top1_rescue	2Z	fig4_q30_SE_cutadapt_unite_blast_top1_rescue_2Z	Zymo	2	mock_only	UNITE	No_BLAST	Cutadapt	SE	Cryptococcus_neoformans	0.15033167170388978
fig4_q30_SE_cutadapt_unite_blast_top1_rescue	2Z	fig4_q30_SE_cutadapt_unite_blast_top1_rescue_2Z	Zymo	2	mock_only	UNITE	No_BLAST	Cutadapt	SE	Trichophyton_interdigitale	0
fig4_q30_SE_cutadapt_unite_blast_top1_rescue	2Z	fig4_q30_SE_cutadapt_unite_blast_top1_rescue_2Z	Zymo	2	mock_only	UNITE	No_BLAST	Cutadapt	SE	Trichophyton_mentagrophytes	0.005200769321348667
fig4_q30_SE_cutadapt_unite_blast_top1_rescue	2Z	fig4_q30_SE_cutadapt_unite_blast_top1_rescue_2Z	Zymo	2	mock_only	UNITE	No_BLAST	Cutadapt	SE	Penicillium_chrysogenum	0
fig4_q30_SE_cutadapt_unite_blast_top1_rescue	2Z	fig4_q30_SE_cutadapt_unite_blast_top1_rescue_2Z	Zymo	2	mock_only	UNITE	No_BLAST	Cutadapt	SE	Penicillium_flavigenum	0
fig4_q30_SE_cutadapt_unite_blast_top1_rescue	2Z	fig4_q30_SE_cutadapt_unite_blast_top1_rescue_2Z	Zymo	2	mock_only	UNITE	No_BLAST	Cutadapt	SE	Penicillium_g	0
fig4_q30_SE_cutadapt_unite_blast_top1_rescue	2Z	fig4_q30_SE_cutadapt_unite_blast_top1_rescue_2Z	Zymo	2	mock_only	UNITE	No_BLAST	Cutadapt	SE	Fusarium_g	0
fig4_q30_SE_cutadapt_unite_blast_top1_rescue	2Z	fig4_q30_SE_cutadapt_unite_blast_top1_rescue_2Z	Zymo	2	mock_only	UNITE	No_BLAST	Cutadapt	SE	Fusarium_keratoplasticum	0
fig4_q30_SE_cutadapt_unite_blast_top1_rescue	2Z	fig4_q30_SE_cutadapt_unite_blast_top1_rescue_2Z	Zymo	2	mock_only	UNITE	No_BLAST	Cutadapt	SE	Candida_africana	0
fig4_q30_SE_cutadapt_unite_blast_top1_rescue	2Z	fig4_q30_SE_cutadapt_unite_blast_top1_rescue_2Z	Zymo	2	mock_only	UNITE	No_BLAST	Cutadapt	SE	Candida_albicans	0.2997703811280763
fig4_q30_SE_cutadapt_unite_blast_top1_rescue	2Z	fig4_q30_SE_cutadapt_unite_blast_top1_rescue_2Z	Zymo	2	mock_only	UNITE	No_BLAST	Cutadapt	SE	Candida_g	0
fig4_q30_SE_cutadapt_unite_blast_top1_rescue	2Z	fig4_q30_SE_cutadapt_unite_blast_top1_rescue_2Z	Zymo	2	mock_only	UNITE	No_BLAST	Cutadapt	SE	Candida_tropicalis	0
fig4_q30_SE_cutadapt_unite_blast_top1_rescue	2Z	fig4_q30_SE_cutadapt_unite_blast_top1_rescue_2Z	Zymo	2	mock_only	UNITE	No_BLAST	Cutadapt	SE	Nakaseomyces_glabratus	0.10076735879420654
fig4_q30_SE_cutadapt_unite_blast_top1_rescue	2Z	fig4_q30_SE_cutadapt_unite_blast_top1_rescue_2Z	Zymo	2	mock_only	UNITE	No_BLAST	Cutadapt	SE	Malassezia_g	0
fig4_q30_SE_cutadapt_unite_blast_top1_rescue	2Z	fig4_q30_SE_cutadapt_unite_blast_top1_rescue_2Z	Zymo	2	mock_only	UNITE	No_BLAST	Cutadapt	SE	Malassezia_globosa	1.3737881226204027e-4
fig4_q30_SE_cutadapt_unite_blast_top1_rescue	2Z	fig4_q30_SE_cutadapt_unite_blast_top1_rescue_2Z	Zymo	2	mock_only	UNITE	No_BLAST	Cutadapt	SE	Saccharomyces_arboricola	0
fig4_q30_SE_cutadapt_unite_blast_top1_rescue	2Z	fig4_q30_SE_cutadapt_unite_blast_top1_rescue_2Z	Zymo	2	mock_only	UNITE	No_BLAST	Cutadapt	SE	Saccharomyces_cerevisiae	0.054392196883463514
fig4_q30_SE_cutadapt_unite_blast_top1_rescue	2Z	fig4_q30_SE_cutadapt_unite_blast_top1_rescue_2Z	Zymo	2	mock_only	UNITE	No_BLAST	Cutadapt	SE	Saccharomyces_g	0
fig4_q30_SE_cutadapt_unite_blast_top1_rescue	2Z	fig4_q30_SE_cutadapt_unite_blast_top1_rescue_2Z	Zymo	2	mock_only	UNITE	No_BLAST	Cutadapt	SE	Saccharomyces_uvarum	0
fig4_q30_SE_cutadapt_unite_blast_top1_rescue	2Z	fig4_q30_SE_cutadapt_unite_blast_top1_rescue_2Z	Zymo	2	mock_only	UNITE	No_BLAST	Cutadapt	SE	Cutaneotrichosporon_dermatis	0
fig4_q30_SE_cutadapt_unite_blast_top1_rescue	2Z	fig4_q30_SE_cutadapt_unite_blast_top1_rescue_2Z	Zymo	2	mock_only	UNITE	No_BLAST	Cutadapt	SE	Cutaneotrichosporon_g	0
fig4_q30_SE_cutadapt_unite_blast_top1_rescue	2Z	fig4_q30_SE_cutadapt_unite_blast_top1_rescue_2Z	Zymo	2	mock_only	UNITE	No_BLAST	Cutadapt	SE	Cutaneotrichosporon_mucoides	0.20891392236134554
fig4_q30_SE_cutadapt_unite_blast_top1_rescue	2Z	fig4_q30_SE_cutadapt_unite_blast_top1_rescue_2Z	Zymo	2	mock_only	UNITE	No_BLAST	Cutadapt	SE	Other	0.14639675000981278
fig4_q30_SE_cutadapt_unite_blast_top1_rescue	2Z	fig4_q30_SE_cutadapt_unite_blast_top1_rescue_2Z	Zymo	2	mock_only	UNITE+RefSeq BLAST	RefSeq_BLAST	Cutadapt	SE	Aspergillus_fumigatus	0.03408957098559485
fig4_q30_SE_cutadapt_unite_blast_top1_rescue	2Z	fig4_q30_SE_cutadapt_unite_blast_top1_rescue_2Z	Zymo	2	mock_only	UNITE+RefSeq BLAST	RefSeq_BLAST	Cutadapt	SE	Aspergillus_g	0
fig4_q30_SE_cutadapt_unite_blast_top1_rescue	2Z	fig4_q30_SE_cutadapt_unite_blast_top1_rescue_2Z	Zymo	2	mock_only	UNITE+RefSeq BLAST	RefSeq_BLAST	Cutadapt	SE	Cryptococcus_gattii	0
fig4_q30_SE_cutadapt_unite_blast_top1_rescue	2Z	fig4_q30_SE_cutadapt_unite_blast_top1_rescue_2Z	Zymo	2	mock_only	UNITE+RefSeq BLAST	RefSeq_BLAST	Cutadapt	SE	Cryptococcus_neoformans	0.1504297994269341
fig4_q30_SE_cutadapt_unite_blast_top1_rescue	2Z	fig4_q30_SE_cutadapt_unite_blast_top1_rescue_2Z	Zymo	2	mock_only	UNITE+RefSeq BLAST	RefSeq_BLAST	Cutadapt	SE	Trichophyton_interdigitale	0
fig4_q30_SE_cutadapt_unite_blast_top1_rescue	2Z	fig4_q30_SE_cutadapt_unite_blast_top1_rescue_2Z	Zymo	2	mock_only	UNITE+RefSeq BLAST	RefSeq_BLAST	Cutadapt	SE	Trichophyton_mentagrophytes	0.005200769321348667
fig4_q30_SE_cutadapt_unite_blast_top1_rescue	2Z	fig4_q30_SE_cutadapt_unite_blast_top1_rescue_2Z	Zymo	2	mock_only	UNITE+RefSeq BLAST	RefSeq_BLAST	Cutadapt	SE	Penicillium_chrysogenum	0.1439729952506182
fig4_q30_SE_cutadapt_unite_blast_top1_rescue	2Z	fig4_q30_SE_cutadapt_unite_blast_top1_rescue_2Z	Zymo	2	mock_only	UNITE+RefSeq BLAST	RefSeq_BLAST	Cutadapt	SE	Penicillium_flavigenum	0
fig4_q30_SE_cutadapt_unite_blast_top1_rescue	2Z	fig4_q30_SE_cutadapt_unite_blast_top1_rescue_2Z	Zymo	2	mock_only	UNITE+RefSeq BLAST	RefSeq_BLAST	Cutadapt	SE	Penicillium_g	0
fig4_q30_SE_cutadapt_unite_blast_top1_rescue	2Z	fig4_q30_SE_cutadapt_unite_blast_top1_rescue_2Z	Zymo	2	mock_only	UNITE+RefSeq BLAST	RefSeq_BLAST	Cutadapt	SE	Fusarium_g	0
fig4_q30_SE_cutadapt_unite_blast_top1_rescue	2Z	fig4_q30_SE_cutadapt_unite_blast_top1_rescue_2Z	Zymo	2	mock_only	UNITE+RefSeq BLAST	RefSeq_BLAST	Cutadapt	SE	Fusarium_keratoplasticum	0.001903677827059701
fig4_q30_SE_cutadapt_unite_blast_top1_rescue	2Z	fig4_q30_SE_cutadapt_unite_blast_top1_rescue_2Z	Zymo	2	mock_only	UNITE+RefSeq BLAST	RefSeq_BLAST	Cutadapt	SE	Candida_africana	1.3737881226204027e-4
fig4_q30_SE_cutadapt_unite_blast_top1_rescue	2Z	fig4_q30_SE_cutadapt_unite_blast_top1_rescue_2Z	Zymo	2	mock_only	UNITE+RefSeq BLAST	RefSeq_BLAST	Cutadapt	SE	Candida_albicans	0.2997703811280763
fig4_q30_SE_cutadapt_unite_blast_top1_rescue	2Z	fig4_q30_SE_cutadapt_unite_blast_top1_rescue_2Z	Zymo	2	mock_only	UNITE+RefSeq BLAST	RefSeq_BLAST	Cutadapt	SE	Candida_g	0
fig4_q30_SE_cutadapt_unite_blast_top1_rescue	2Z	fig4_q30_SE_cutadapt_unite_blast_top1_rescue_2Z	Zymo	2	mock_only	UNITE+RefSeq BLAST	RefSeq_BLAST	Cutadapt	SE	Candida_tropicalis	0
fig4_q30_SE_cutadapt_unite_blast_top1_rescue	2Z	fig4_q30_SE_cutadapt_unite_blast_top1_rescue_2Z	Zymo	2	mock_only	UNITE+RefSeq BLAST	RefSeq_BLAST	Cutadapt	SE	Nakaseomyces_glabratus	0.10076735879420654
fig4_q30_SE_cutadapt_unite_blast_top1_rescue	2Z	fig4_q30_SE_cutadapt_unite_blast_top1_rescue_2Z	Zymo	2	mock_only	UNITE+RefSeq BLAST	RefSeq_BLAST	Cutadapt	SE	Malassezia_g	0
fig4_q30_SE_cutadapt_unite_blast_top1_rescue	2Z	fig4_q30_SE_cutadapt_unite_blast_top1_rescue_2Z	Zymo	2	mock_only	UNITE+RefSeq BLAST	RefSeq_BLAST	Cutadapt	SE	Malassezia_globosa	1.3737881226204027e-4
fig4_q30_SE_cutadapt_unite_blast_top1_rescue	2Z	fig4_q30_SE_cutadapt_unite_blast_top1_rescue_2Z	Zymo	2	mock_only	UNITE+RefSeq BLAST	RefSeq_BLAST	Cutadapt	SE	Saccharomyces_arboricola	0
fig4_q30_SE_cutadapt_unite_blast_top1_rescue	2Z	fig4_q30_SE_cutadapt_unite_blast_top1_rescue_2Z	Zymo	2	mock_only	UNITE+RefSeq BLAST	RefSeq_BLAST	Cutadapt	SE	Saccharomyces_cerevisiae	0.054392196883463514
fig4_q30_SE_cutadapt_unite_blast_top1_rescue	2Z	fig4_q30_SE_cutadapt_unite_blast_top1_rescue_2Z	Zymo	2	mock_only	UNITE+RefSeq BLAST	RefSeq_BLAST	Cutadapt	SE	Saccharomyces_g	0
fig4_q30_SE_cutadapt_unite_blast_top1_rescue	2Z	fig4_q30_SE_cutadapt_unite_blast_top1_rescue_2Z	Zymo	2	mock_only	UNITE+RefSeq BLAST	RefSeq_BLAST	Cutadapt	SE	Saccharomyces_uvarum	0
fig4_q30_SE_cutadapt_unite_blast_top1_rescue	2Z	fig4_q30_SE_cutadapt_unite_blast_top1_rescue_2Z	Zymo	2	mock_only	UNITE+RefSeq BLAST	RefSeq_BLAST	Cutadapt	SE	Cutaneotrichosporon_dermatis	9.812772304431448e-5
fig4_q30_SE_cutadapt_unite_blast_top1_rescue	2Z	fig4_q30_SE_cutadapt_unite_blast_top1_rescue_2Z	Zymo	2	mock_only	UNITE+RefSeq BLAST	RefSeq_BLAST	Cutadapt	SE	Cutaneotrichosporon_g	0
fig4_q30_SE_cutadapt_unite_blast_top1_rescue	2Z	fig4_q30_SE_cutadapt_unite_blast_top1_rescue_2Z	Zymo	2	mock_only	UNITE+RefSeq BLAST	RefSeq_BLAST	Cutadapt	SE	Cutaneotrichosporon_mucoides	0.20891392236134554
fig4_q30_SE_cutadapt_unite_blast_top1_rescue	2Z	fig4_q30_SE_cutadapt_unite_blast_top1_rescue_2Z	Zymo	2	mock_only	UNITE+RefSeq BLAST	RefSeq_BLAST	Cutadapt	SE	Other	1.864426737841975e-4
fig4_q30_SE_cutadapt_unite_blast_top1_rescue	3D	fig4_q30_SE_cutadapt_unite_blast_top1_rescue_3D	DNeasy	3	mock_only	Mock type-strain BLAST	Mock_type_reference_BLAST	Cutadapt	SE	Aspergillus_fumigatus	0.033676181857845794
fig4_q30_SE_cutadapt_unite_blast_top1_rescue	3D	fig4_q30_SE_cutadapt_unite_blast_top1_rescue_3D	DNeasy	3	mock_only	Mock type-strain BLAST	Mock_type_reference_BLAST	Cutadapt	SE	Aspergillus_g	0
fig4_q30_SE_cutadapt_unite_blast_top1_rescue	3D	fig4_q30_SE_cutadapt_unite_blast_top1_rescue_3D	DNeasy	3	mock_only	Mock type-strain BLAST	Mock_type_reference_BLAST	Cutadapt	SE	Cryptococcus_gattii	0
fig4_q30_SE_cutadapt_unite_blast_top1_rescue	3D	fig4_q30_SE_cutadapt_unite_blast_top1_rescue_3D	DNeasy	3	mock_only	Mock type-strain BLAST	Mock_type_reference_BLAST	Cutadapt	SE	Cryptococcus_neoformans	0.14881996008629117
fig4_q30_SE_cutadapt_unite_blast_top1_rescue	3D	fig4_q30_SE_cutadapt_unite_blast_top1_rescue_3D	DNeasy	3	mock_only	Mock type-strain BLAST	Mock_type_reference_BLAST	Cutadapt	SE	Trichophyton_interdigitale	0.0050255722446209405
fig4_q30_SE_cutadapt_unite_blast_top1_rescue	3D	fig4_q30_SE_cutadapt_unite_blast_top1_rescue_3D	DNeasy	3	mock_only	Mock type-strain BLAST	Mock_type_reference_BLAST	Cutadapt	SE	Trichophyton_mentagrophytes	0
fig4_q30_SE_cutadapt_unite_blast_top1_rescue	3D	fig4_q30_SE_cutadapt_unite_blast_top1_rescue_3D	DNeasy	3	mock_only	Mock type-strain BLAST	Mock_type_reference_BLAST	Cutadapt	SE	Penicillium_chrysogenum	0.13781541121623697
fig4_q30_SE_cutadapt_unite_blast_top1_rescue	3D	fig4_q30_SE_cutadapt_unite_blast_top1_rescue_3D	DNeasy	3	mock_only	Mock type-strain BLAST	Mock_type_reference_BLAST	Cutadapt	SE	Penicillium_flavigenum	0
fig4_q30_SE_cutadapt_unite_blast_top1_rescue	3D	fig4_q30_SE_cutadapt_unite_blast_top1_rescue_3D	DNeasy	3	mock_only	Mock type-strain BLAST	Mock_type_reference_BLAST	Cutadapt	SE	Penicillium_g	0
fig4_q30_SE_cutadapt_unite_blast_top1_rescue	3D	fig4_q30_SE_cutadapt_unite_blast_top1_rescue_3D	DNeasy	3	mock_only	Mock type-strain BLAST	Mock_type_reference_BLAST	Cutadapt	SE	Fusarium_g	0
fig4_q30_SE_cutadapt_unite_blast_top1_rescue	3D	fig4_q30_SE_cutadapt_unite_blast_top1_rescue_3D	DNeasy	3	mock_only	Mock type-strain BLAST	Mock_type_reference_BLAST	Cutadapt	SE	Fusarium_keratoplasticum	0.002116880913329078
fig4_q30_SE_cutadapt_unite_blast_top1_rescue	3D	fig4_q30_SE_cutadapt_unite_blast_top1_rescue_3D	DNeasy	3	mock_only	Mock type-strain BLAST	Mock_type_reference_BLAST	Cutadapt	SE	Candida_africana	0
fig4_q30_SE_cutadapt_unite_blast_top1_rescue	3D	fig4_q30_SE_cutadapt_unite_blast_top1_rescue_3D	DNeasy	3	mock_only	Mock type-strain BLAST	Mock_type_reference_BLAST	Cutadapt	SE	Candida_albicans	0.3017040083382485
fig4_q30_SE_cutadapt_unite_blast_top1_rescue	3D	fig4_q30_SE_cutadapt_unite_blast_top1_rescue_3D	DNeasy	3	mock_only	Mock type-strain BLAST	Mock_type_reference_BLAST	Cutadapt	SE	Candida_g	0
fig4_q30_SE_cutadapt_unite_blast_top1_rescue	3D	fig4_q30_SE_cutadapt_unite_blast_top1_rescue_3D	DNeasy	3	mock_only	Mock type-strain BLAST	Mock_type_reference_BLAST	Cutadapt	SE	Candida_tropicalis	0
fig4_q30_SE_cutadapt_unite_blast_top1_rescue	3D	fig4_q30_SE_cutadapt_unite_blast_top1_rescue_3D	DNeasy	3	mock_only	Mock type-strain BLAST	Mock_type_reference_BLAST	Cutadapt	SE	Nakaseomyces_glabratus	0.11049795179652089
fig4_q30_SE_cutadapt_unite_blast_top1_rescue	3D	fig4_q30_SE_cutadapt_unite_blast_top1_rescue_3D	DNeasy	3	mock_only	Mock type-strain BLAST	Mock_type_reference_BLAST	Cutadapt	SE	Malassezia_g	0
fig4_q30_SE_cutadapt_unite_blast_top1_rescue	3D	fig4_q30_SE_cutadapt_unite_blast_top1_rescue_3D	DNeasy	3	mock_only	Mock type-strain BLAST	Mock_type_reference_BLAST	Cutadapt	SE	Malassezia_globosa	0
fig4_q30_SE_cutadapt_unite_blast_top1_rescue	3D	fig4_q30_SE_cutadapt_unite_blast_top1_rescue_3D	DNeasy	3	mock_only	Mock type-strain BLAST	Mock_type_reference_BLAST	Cutadapt	SE	Saccharomyces_arboricola	0
fig4_q30_SE_cutadapt_unite_blast_top1_rescue	3D	fig4_q30_SE_cutadapt_unite_blast_top1_rescue_3D	DNeasy	3	mock_only	Mock type-strain BLAST	Mock_type_reference_BLAST	Cutadapt	SE	Saccharomyces_cerevisiae	0.057309298924592175
fig4_q30_SE_cutadapt_unite_blast_top1_rescue	3D	fig4_q30_SE_cutadapt_unite_blast_top1_rescue_3D	DNeasy	3	mock_only	Mock type-strain BLAST	Mock_type_reference_BLAST	Cutadapt	SE	Saccharomyces_g	0
fig4_q30_SE_cutadapt_unite_blast_top1_rescue	3D	fig4_q30_SE_cutadapt_unite_blast_top1_rescue_3D	DNeasy	3	mock_only	Mock type-strain BLAST	Mock_type_reference_BLAST	Cutadapt	SE	Saccharomyces_uvarum	0
fig4_q30_SE_cutadapt_unite_blast_top1_rescue	3D	fig4_q30_SE_cutadapt_unite_blast_top1_rescue_3D	DNeasy	3	mock_only	Mock type-strain BLAST	Mock_type_reference_BLAST	Cutadapt	SE	Cutaneotrichosporon_dermatis	0.2030347346223145
fig4_q30_SE_cutadapt_unite_blast_top1_rescue	3D	fig4_q30_SE_cutadapt_unite_blast_top1_rescue_3D	DNeasy	3	mock_only	Mock type-strain BLAST	Mock_type_reference_BLAST	Cutadapt	SE	Cutaneotrichosporon_g	0
fig4_q30_SE_cutadapt_unite_blast_top1_rescue	3D	fig4_q30_SE_cutadapt_unite_blast_top1_rescue_3D	DNeasy	3	mock_only	Mock type-strain BLAST	Mock_type_reference_BLAST	Cutadapt	SE	Cutaneotrichosporon_mucoides	0
fig4_q30_SE_cutadapt_unite_blast_top1_rescue	3D	fig4_q30_SE_cutadapt_unite_blast_top1_rescue_3D	DNeasy	3	mock_only	Mock type-strain BLAST	Mock_type_reference_BLAST	Cutadapt	SE	Other	0
fig4_q30_SE_cutadapt_unite_blast_top1_rescue	3D	fig4_q30_SE_cutadapt_unite_blast_top1_rescue_3D	DNeasy	3	mock_only	UNITE	No_BLAST	Cutadapt	SE	Aspergillus_fumigatus	0.033676181857845794
fig4_q30_SE_cutadapt_unite_blast_top1_rescue	3D	fig4_q30_SE_cutadapt_unite_blast_top1_rescue_3D	DNeasy	3	mock_only	UNITE	No_BLAST	Cutadapt	SE	Aspergillus_g	0
fig4_q30_SE_cutadapt_unite_blast_top1_rescue	3D	fig4_q30_SE_cutadapt_unite_blast_top1_rescue_3D	DNeasy	3	mock_only	UNITE	No_BLAST	Cutadapt	SE	Cryptococcus_gattii	0
fig4_q30_SE_cutadapt_unite_blast_top1_rescue	3D	fig4_q30_SE_cutadapt_unite_blast_top1_rescue_3D	DNeasy	3	mock_only	UNITE	No_BLAST	Cutadapt	SE	Cryptococcus_neoformans	0.1487068443122965
fig4_q30_SE_cutadapt_unite_blast_top1_rescue	3D	fig4_q30_SE_cutadapt_unite_blast_top1_rescue_3D	DNeasy	3	mock_only	UNITE	No_BLAST	Cutadapt	SE	Trichophyton_interdigitale	0
fig4_q30_SE_cutadapt_unite_blast_top1_rescue	3D	fig4_q30_SE_cutadapt_unite_blast_top1_rescue_3D	DNeasy	3	mock_only	UNITE	No_BLAST	Cutadapt	SE	Trichophyton_mentagrophytes	0.005009412848335986
fig4_q30_SE_cutadapt_unite_blast_top1_rescue	3D	fig4_q30_SE_cutadapt_unite_blast_top1_rescue_3D	DNeasy	3	mock_only	UNITE	No_BLAST	Cutadapt	SE	Penicillium_chrysogenum	0
fig4_q30_SE_cutadapt_unite_blast_top1_rescue	3D	fig4_q30_SE_cutadapt_unite_blast_top1_rescue_3D	DNeasy	3	mock_only	UNITE	No_BLAST	Cutadapt	SE	Penicillium_flavigenum	0
fig4_q30_SE_cutadapt_unite_blast_top1_rescue	3D	fig4_q30_SE_cutadapt_unite_blast_top1_rescue_3D	DNeasy	3	mock_only	UNITE	No_BLAST	Cutadapt	SE	Penicillium_g	0
fig4_q30_SE_cutadapt_unite_blast_top1_rescue	3D	fig4_q30_SE_cutadapt_unite_blast_top1_rescue_3D	DNeasy	3	mock_only	UNITE	No_BLAST	Cutadapt	SE	Fusarium_g	0
fig4_q30_SE_cutadapt_unite_blast_top1_rescue	3D	fig4_q30_SE_cutadapt_unite_blast_top1_rescue_3D	DNeasy	3	mock_only	UNITE	No_BLAST	Cutadapt	SE	Fusarium_keratoplasticum	0
fig4_q30_SE_cutadapt_unite_blast_top1_rescue	3D	fig4_q30_SE_cutadapt_unite_blast_top1_rescue_3D	DNeasy	3	mock_only	UNITE	No_BLAST	Cutadapt	SE	Candida_africana	0
fig4_q30_SE_cutadapt_unite_blast_top1_rescue	3D	fig4_q30_SE_cutadapt_unite_blast_top1_rescue_3D	DNeasy	3	mock_only	UNITE	No_BLAST	Cutadapt	SE	Candida_albicans	0.3012677046385547
fig4_q30_SE_cutadapt_unite_blast_top1_rescue	3D	fig4_q30_SE_cutadapt_unite_blast_top1_rescue_3D	DNeasy	3	mock_only	UNITE	No_BLAST	Cutadapt	SE	Candida_g	0
fig4_q30_SE_cutadapt_unite_blast_top1_rescue	3D	fig4_q30_SE_cutadapt_unite_blast_top1_rescue_3D	DNeasy	3	mock_only	UNITE	No_BLAST	Cutadapt	SE	Candida_tropicalis	0
fig4_q30_SE_cutadapt_unite_blast_top1_rescue	3D	fig4_q30_SE_cutadapt_unite_blast_top1_rescue_3D	DNeasy	3	mock_only	UNITE	No_BLAST	Cutadapt	SE	Nakaseomyces_glabratus	0.11037675632438372
fig4_q30_SE_cutadapt_unite_blast_top1_rescue	3D	fig4_q30_SE_cutadapt_unite_blast_top1_rescue_3D	DNeasy	3	mock_only	UNITE	No_BLAST	Cutadapt	SE	Malassezia_g	0
fig4_q30_SE_cutadapt_unite_blast_top1_rescue	3D	fig4_q30_SE_cutadapt_unite_blast_top1_rescue_3D	DNeasy	3	mock_only	UNITE	No_BLAST	Cutadapt	SE	Malassezia_globosa	0
fig4_q30_SE_cutadapt_unite_blast_top1_rescue	3D	fig4_q30_SE_cutadapt_unite_blast_top1_rescue_3D	DNeasy	3	mock_only	UNITE	No_BLAST	Cutadapt	SE	Saccharomyces_arboricola	0
fig4_q30_SE_cutadapt_unite_blast_top1_rescue	3D	fig4_q30_SE_cutadapt_unite_blast_top1_rescue_3D	DNeasy	3	mock_only	UNITE	No_BLAST	Cutadapt	SE	Saccharomyces_cerevisiae	0.057293139528307224
fig4_q30_SE_cutadapt_unite_blast_top1_rescue	3D	fig4_q30_SE_cutadapt_unite_blast_top1_rescue_3D	DNeasy	3	mock_only	UNITE	No_BLAST	Cutadapt	SE	Saccharomyces_g	0
fig4_q30_SE_cutadapt_unite_blast_top1_rescue	3D	fig4_q30_SE_cutadapt_unite_blast_top1_rescue_3D	DNeasy	3	mock_only	UNITE	No_BLAST	Cutadapt	SE	Saccharomyces_uvarum	0
fig4_q30_SE_cutadapt_unite_blast_top1_rescue	3D	fig4_q30_SE_cutadapt_unite_blast_top1_rescue_3D	DNeasy	3	mock_only	UNITE	No_BLAST	Cutadapt	SE	Cutaneotrichosporon_dermatis	0
fig4_q30_SE_cutadapt_unite_blast_top1_rescue	3D	fig4_q30_SE_cutadapt_unite_blast_top1_rescue_3D	DNeasy	3	mock_only	UNITE	No_BLAST	Cutadapt	SE	Cutaneotrichosporon_g	0
fig4_q30_SE_cutadapt_unite_blast_top1_rescue	3D	fig4_q30_SE_cutadapt_unite_blast_top1_rescue_3D	DNeasy	3	mock_only	UNITE	No_BLAST	Cutadapt	SE	Cutaneotrichosporon_mucoides	0.20286506096132248
fig4_q30_SE_cutadapt_unite_blast_top1_rescue	3D	fig4_q30_SE_cutadapt_unite_blast_top1_rescue_3D	DNeasy	3	mock_only	UNITE	No_BLAST	Cutadapt	SE	Other	0.14080489952895361
fig4_q30_SE_cutadapt_unite_blast_top1_rescue	3D	fig4_q30_SE_cutadapt_unite_blast_top1_rescue_3D	DNeasy	3	mock_only	UNITE+RefSeq BLAST	RefSeq_BLAST	Cutadapt	SE	Aspergillus_fumigatus	0.033676181857845794
fig4_q30_SE_cutadapt_unite_blast_top1_rescue	3D	fig4_q30_SE_cutadapt_unite_blast_top1_rescue_3D	DNeasy	3	mock_only	UNITE+RefSeq BLAST	RefSeq_BLAST	Cutadapt	SE	Aspergillus_g	0
fig4_q30_SE_cutadapt_unite_blast_top1_rescue	3D	fig4_q30_SE_cutadapt_unite_blast_top1_rescue_3D	DNeasy	3	mock_only	UNITE+RefSeq BLAST	RefSeq_BLAST	Cutadapt	SE	Cryptococcus_gattii	1.1311577399468356e-4
fig4_q30_SE_cutadapt_unite_blast_top1_rescue	3D	fig4_q30_SE_cutadapt_unite_blast_top1_rescue_3D	DNeasy	3	mock_only	UNITE+RefSeq BLAST	RefSeq_BLAST	Cutadapt	SE	Cryptococcus_neoformans	0.1487068443122965
fig4_q30_SE_cutadapt_unite_blast_top1_rescue	3D	fig4_q30_SE_cutadapt_unite_blast_top1_rescue_3D	DNeasy	3	mock_only	UNITE+RefSeq BLAST	RefSeq_BLAST	Cutadapt	SE	Trichophyton_interdigitale	0
fig4_q30_SE_cutadapt_unite_blast_top1_rescue	3D	fig4_q30_SE_cutadapt_unite_blast_top1_rescue_3D	DNeasy	3	mock_only	UNITE+RefSeq BLAST	RefSeq_BLAST	Cutadapt	SE	Trichophyton_mentagrophytes	0.005009412848335986
fig4_q30_SE_cutadapt_unite_blast_top1_rescue	3D	fig4_q30_SE_cutadapt_unite_blast_top1_rescue_3D	DNeasy	3	mock_only	UNITE+RefSeq BLAST	RefSeq_BLAST	Cutadapt	SE	Penicillium_chrysogenum	0.13781541121623697
fig4_q30_SE_cutadapt_unite_blast_top1_rescue	3D	fig4_q30_SE_cutadapt_unite_blast_top1_rescue_3D	DNeasy	3	mock_only	UNITE+RefSeq BLAST	RefSeq_BLAST	Cutadapt	SE	Penicillium_flavigenum	0
fig4_q30_SE_cutadapt_unite_blast_top1_rescue	3D	fig4_q30_SE_cutadapt_unite_blast_top1_rescue_3D	DNeasy	3	mock_only	UNITE+RefSeq BLAST	RefSeq_BLAST	Cutadapt	SE	Penicillium_g	0
fig4_q30_SE_cutadapt_unite_blast_top1_rescue	3D	fig4_q30_SE_cutadapt_unite_blast_top1_rescue_3D	DNeasy	3	mock_only	UNITE+RefSeq BLAST	RefSeq_BLAST	Cutadapt	SE	Fusarium_g	0
fig4_q30_SE_cutadapt_unite_blast_top1_rescue	3D	fig4_q30_SE_cutadapt_unite_blast_top1_rescue_3D	DNeasy	3	mock_only	UNITE+RefSeq BLAST	RefSeq_BLAST	Cutadapt	SE	Fusarium_keratoplasticum	0.002116880913329078
fig4_q30_SE_cutadapt_unite_blast_top1_rescue	3D	fig4_q30_SE_cutadapt_unite_blast_top1_rescue_3D	DNeasy	3	mock_only	UNITE+RefSeq BLAST	RefSeq_BLAST	Cutadapt	SE	Candida_africana	2.1007215170441233e-4
fig4_q30_SE_cutadapt_unite_blast_top1_rescue	3D	fig4_q30_SE_cutadapt_unite_blast_top1_rescue_3D	DNeasy	3	mock_only	UNITE+RefSeq BLAST	RefSeq_BLAST	Cutadapt	SE	Candida_albicans	0.3012677046385547
fig4_q30_SE_cutadapt_unite_blast_top1_rescue	3D	fig4_q30_SE_cutadapt_unite_blast_top1_rescue_3D	DNeasy	3	mock_only	UNITE+RefSeq BLAST	RefSeq_BLAST	Cutadapt	SE	Candida_g	0
fig4_q30_SE_cutadapt_unite_blast_top1_rescue	3D	fig4_q30_SE_cutadapt_unite_blast_top1_rescue_3D	DNeasy	3	mock_only	UNITE+RefSeq BLAST	RefSeq_BLAST	Cutadapt	SE	Candida_tropicalis	2.2623154798936712e-4
fig4_q30_SE_cutadapt_unite_blast_top1_rescue	3D	fig4_q30_SE_cutadapt_unite_blast_top1_rescue_3D	DNeasy	3	mock_only	UNITE+RefSeq BLAST	RefSeq_BLAST	Cutadapt	SE	Nakaseomyces_glabratus	0.11037675632438372
fig4_q30_SE_cutadapt_unite_blast_top1_rescue	3D	fig4_q30_SE_cutadapt_unite_blast_top1_rescue_3D	DNeasy	3	mock_only	UNITE+RefSeq BLAST	RefSeq_BLAST	Cutadapt	SE	Malassezia_g	0
fig4_q30_SE_cutadapt_unite_blast_top1_rescue	3D	fig4_q30_SE_cutadapt_unite_blast_top1_rescue_3D	DNeasy	3	mock_only	UNITE+RefSeq BLAST	RefSeq_BLAST	Cutadapt	SE	Malassezia_globosa	0
fig4_q30_SE_cutadapt_unite_blast_top1_rescue	3D	fig4_q30_SE_cutadapt_unite_blast_top1_rescue_3D	DNeasy	3	mock_only	UNITE+RefSeq BLAST	RefSeq_BLAST	Cutadapt	SE	Saccharomyces_arboricola	0
fig4_q30_SE_cutadapt_unite_blast_top1_rescue	3D	fig4_q30_SE_cutadapt_unite_blast_top1_rescue_3D	DNeasy	3	mock_only	UNITE+RefSeq BLAST	RefSeq_BLAST	Cutadapt	SE	Saccharomyces_cerevisiae	0.057293139528307224
fig4_q30_SE_cutadapt_unite_blast_top1_rescue	3D	fig4_q30_SE_cutadapt_unite_blast_top1_rescue_3D	DNeasy	3	mock_only	UNITE+RefSeq BLAST	RefSeq_BLAST	Cutadapt	SE	Saccharomyces_g	0
fig4_q30_SE_cutadapt_unite_blast_top1_rescue	3D	fig4_q30_SE_cutadapt_unite_blast_top1_rescue_3D	DNeasy	3	mock_only	UNITE+RefSeq BLAST	RefSeq_BLAST	Cutadapt	SE	Saccharomyces_uvarum	0
fig4_q30_SE_cutadapt_unite_blast_top1_rescue	3D	fig4_q30_SE_cutadapt_unite_blast_top1_rescue_3D	DNeasy	3	mock_only	UNITE+RefSeq BLAST	RefSeq_BLAST	Cutadapt	SE	Cutaneotrichosporon_dermatis	1.6967366099202534e-4
fig4_q30_SE_cutadapt_unite_blast_top1_rescue	3D	fig4_q30_SE_cutadapt_unite_blast_top1_rescue_3D	DNeasy	3	mock_only	UNITE+RefSeq BLAST	RefSeq_BLAST	Cutadapt	SE	Cutaneotrichosporon_g	0
fig4_q30_SE_cutadapt_unite_blast_top1_rescue	3D	fig4_q30_SE_cutadapt_unite_blast_top1_rescue_3D	DNeasy	3	mock_only	UNITE+RefSeq BLAST	RefSeq_BLAST	Cutadapt	SE	Cutaneotrichosporon_mucoides	0.20286506096132248
fig4_q30_SE_cutadapt_unite_blast_top1_rescue	3D	fig4_q30_SE_cutadapt_unite_blast_top1_rescue_3D	DNeasy	3	mock_only	UNITE+RefSeq BLAST	RefSeq_BLAST	Cutadapt	SE	Other	1.5351426470707055e-4
fig4_q30_SE_cutadapt_unite_blast_top1_rescue	3Q	fig4_q30_SE_cutadapt_unite_blast_top1_rescue_3Q	QIAamp	3	mock_only	Mock type-strain BLAST	Mock_type_reference_BLAST	Cutadapt	SE	Aspergillus_fumigatus	0.03360591159770708
fig4_q30_SE_cutadapt_unite_blast_top1_rescue	3Q	fig4_q30_SE_cutadapt_unite_blast_top1_rescue_3Q	QIAamp	3	mock_only	Mock type-strain BLAST	Mock_type_reference_BLAST	Cutadapt	SE	Aspergillus_g	0
fig4_q30_SE_cutadapt_unite_blast_top1_rescue	3Q	fig4_q30_SE_cutadapt_unite_blast_top1_rescue_3Q	QIAamp	3	mock_only	Mock type-strain BLAST	Mock_type_reference_BLAST	Cutadapt	SE	Cryptococcus_gattii	0
fig4_q30_SE_cutadapt_unite_blast_top1_rescue	3Q	fig4_q30_SE_cutadapt_unite_blast_top1_rescue_3Q	QIAamp	3	mock_only	Mock type-strain BLAST	Mock_type_reference_BLAST	Cutadapt	SE	Cryptococcus_neoformans	0.15937225497387414
fig4_q30_SE_cutadapt_unite_blast_top1_rescue	3Q	fig4_q30_SE_cutadapt_unite_blast_top1_rescue_3Q	QIAamp	3	mock_only	Mock type-strain BLAST	Mock_type_reference_BLAST	Cutadapt	SE	Trichophyton_interdigitale	0.0065563675550363585
fig4_q30_SE_cutadapt_unite_blast_top1_rescue	3Q	fig4_q30_SE_cutadapt_unite_blast_top1_rescue_3Q	QIAamp	3	mock_only	Mock type-strain BLAST	Mock_type_reference_BLAST	Cutadapt	SE	Trichophyton_mentagrophytes	0
fig4_q30_SE_cutadapt_unite_blast_top1_rescue	3Q	fig4_q30_SE_cutadapt_unite_blast_top1_rescue_3Q	QIAamp	3	mock_only	Mock type-strain BLAST	Mock_type_reference_BLAST	Cutadapt	SE	Penicillium_chrysogenum	0.13080134387423364
fig4_q30_SE_cutadapt_unite_blast_top1_rescue	3Q	fig4_q30_SE_cutadapt_unite_blast_top1_rescue_3Q	QIAamp	3	mock_only	Mock type-strain BLAST	Mock_type_reference_BLAST	Cutadapt	SE	Penicillium_flavigenum	0
fig4_q30_SE_cutadapt_unite_blast_top1_rescue	3Q	fig4_q30_SE_cutadapt_unite_blast_top1_rescue_3Q	QIAamp	3	mock_only	Mock type-strain BLAST	Mock_type_reference_BLAST	Cutadapt	SE	Penicillium_g	0
fig4_q30_SE_cutadapt_unite_blast_top1_rescue	3Q	fig4_q30_SE_cutadapt_unite_blast_top1_rescue_3Q	QIAamp	3	mock_only	Mock type-strain BLAST	Mock_type_reference_BLAST	Cutadapt	SE	Fusarium_g	0
fig4_q30_SE_cutadapt_unite_blast_top1_rescue	3Q	fig4_q30_SE_cutadapt_unite_blast_top1_rescue_3Q	QIAamp	3	mock_only	Mock type-strain BLAST	Mock_type_reference_BLAST	Cutadapt	SE	Fusarium_keratoplasticum	0.0022911063417461307
fig4_q30_SE_cutadapt_unite_blast_top1_rescue	3Q	fig4_q30_SE_cutadapt_unite_blast_top1_rescue_3Q	QIAamp	3	mock_only	Mock type-strain BLAST	Mock_type_reference_BLAST	Cutadapt	SE	Candida_africana	0
fig4_q30_SE_cutadapt_unite_blast_top1_rescue	3Q	fig4_q30_SE_cutadapt_unite_blast_top1_rescue_3Q	QIAamp	3	mock_only	Mock type-strain BLAST	Mock_type_reference_BLAST	Cutadapt	SE	Candida_albicans	0.3040741847555399
fig4_q30_SE_cutadapt_unite_blast_top1_rescue	3Q	fig4_q30_SE_cutadapt_unite_blast_top1_rescue_3Q	QIAamp	3	mock_only	Mock type-strain BLAST	Mock_type_reference_BLAST	Cutadapt	SE	Candida_g	0
fig4_q30_SE_cutadapt_unite_blast_top1_rescue	3Q	fig4_q30_SE_cutadapt_unite_blast_top1_rescue_3Q	QIAamp	3	mock_only	Mock type-strain BLAST	Mock_type_reference_BLAST	Cutadapt	SE	Candida_tropicalis	0
fig4_q30_SE_cutadapt_unite_blast_top1_rescue	3Q	fig4_q30_SE_cutadapt_unite_blast_top1_rescue_3Q	QIAamp	3	mock_only	Mock type-strain BLAST	Mock_type_reference_BLAST	Cutadapt	SE	Nakaseomyces_glabratus	0.10783594591902343
fig4_q30_SE_cutadapt_unite_blast_top1_rescue	3Q	fig4_q30_SE_cutadapt_unite_blast_top1_rescue_3Q	QIAamp	3	mock_only	Mock type-strain BLAST	Mock_type_reference_BLAST	Cutadapt	SE	Malassezia_g	0
fig4_q30_SE_cutadapt_unite_blast_top1_rescue	3Q	fig4_q30_SE_cutadapt_unite_blast_top1_rescue_3Q	QIAamp	3	mock_only	Mock type-strain BLAST	Mock_type_reference_BLAST	Cutadapt	SE	Malassezia_globosa	1.8111512582973367e-5
fig4_q30_SE_cutadapt_unite_blast_top1_rescue	3Q	fig4_q30_SE_cutadapt_unite_blast_top1_rescue_3Q	QIAamp	3	mock_only	Mock type-strain BLAST	Mock_type_reference_BLAST	Cutadapt	SE	Saccharomyces_arboricola	0
fig4_q30_SE_cutadapt_unite_blast_top1_rescue	3Q	fig4_q30_SE_cutadapt_unite_blast_top1_rescue_3Q	QIAamp	3	mock_only	Mock type-strain BLAST	Mock_type_reference_BLAST	Cutadapt	SE	Saccharomyces_cerevisiae	0.039256703523594776
fig4_q30_SE_cutadapt_unite_blast_top1_rescue	3Q	fig4_q30_SE_cutadapt_unite_blast_top1_rescue_3Q	QIAamp	3	mock_only	Mock type-strain BLAST	Mock_type_reference_BLAST	Cutadapt	SE	Saccharomyces_g	0
fig4_q30_SE_cutadapt_unite_blast_top1_rescue	3Q	fig4_q30_SE_cutadapt_unite_blast_top1_rescue_3Q	QIAamp	3	mock_only	Mock type-strain BLAST	Mock_type_reference_BLAST	Cutadapt	SE	Saccharomyces_uvarum	0
fig4_q30_SE_cutadapt_unite_blast_top1_rescue	3Q	fig4_q30_SE_cutadapt_unite_blast_top1_rescue_3Q	QIAamp	3	mock_only	Mock type-strain BLAST	Mock_type_reference_BLAST	Cutadapt	SE	Cutaneotrichosporon_dermatis	0.2161880699466616
fig4_q30_SE_cutadapt_unite_blast_top1_rescue	3Q	fig4_q30_SE_cutadapt_unite_blast_top1_rescue_3Q	QIAamp	3	mock_only	Mock type-strain BLAST	Mock_type_reference_BLAST	Cutadapt	SE	Cutaneotrichosporon_g	0
fig4_q30_SE_cutadapt_unite_blast_top1_rescue	3Q	fig4_q30_SE_cutadapt_unite_blast_top1_rescue_3Q	QIAamp	3	mock_only	Mock type-strain BLAST	Mock_type_reference_BLAST	Cutadapt	SE	Cutaneotrichosporon_mucoides	0
fig4_q30_SE_cutadapt_unite_blast_top1_rescue	3Q	fig4_q30_SE_cutadapt_unite_blast_top1_rescue_3Q	QIAamp	3	mock_only	Mock type-strain BLAST	Mock_type_reference_BLAST	Cutadapt	SE	Other	0
fig4_q30_SE_cutadapt_unite_blast_top1_rescue	3Q	fig4_q30_SE_cutadapt_unite_blast_top1_rescue_3Q	QIAamp	3	mock_only	UNITE	No_BLAST	Cutadapt	SE	Aspergillus_fumigatus	0.03360591159770708
fig4_q30_SE_cutadapt_unite_blast_top1_rescue	3Q	fig4_q30_SE_cutadapt_unite_blast_top1_rescue_3Q	QIAamp	3	mock_only	UNITE	No_BLAST	Cutadapt	SE	Aspergillus_g	0
fig4_q30_SE_cutadapt_unite_blast_top1_rescue	3Q	fig4_q30_SE_cutadapt_unite_blast_top1_rescue_3Q	QIAamp	3	mock_only	UNITE	No_BLAST	Cutadapt	SE	Cryptococcus_gattii	0
fig4_q30_SE_cutadapt_unite_blast_top1_rescue	3Q	fig4_q30_SE_cutadapt_unite_blast_top1_rescue_3Q	QIAamp	3	mock_only	UNITE	No_BLAST	Cutadapt	SE	Cryptococcus_neoformans	0.15929075316725078
fig4_q30_SE_cutadapt_unite_blast_top1_rescue	3Q	fig4_q30_SE_cutadapt_unite_blast_top1_rescue_3Q	QIAamp	3	mock_only	UNITE	No_BLAST	Cutadapt	SE	Trichophyton_interdigitale	0
fig4_q30_SE_cutadapt_unite_blast_top1_rescue	3Q	fig4_q30_SE_cutadapt_unite_blast_top1_rescue_3Q	QIAamp	3	mock_only	UNITE	No_BLAST	Cutadapt	SE	Trichophyton_mentagrophytes	0.006329973647749192
fig4_q30_SE_cutadapt_unite_blast_top1_rescue	3Q	fig4_q30_SE_cutadapt_unite_blast_top1_rescue_3Q	QIAamp	3	mock_only	UNITE	No_BLAST	Cutadapt	SE	Penicillium_chrysogenum	0
fig4_q30_SE_cutadapt_unite_blast_top1_rescue	3Q	fig4_q30_SE_cutadapt_unite_blast_top1_rescue_3Q	QIAamp	3	mock_only	UNITE	No_BLAST	Cutadapt	SE	Penicillium_flavigenum	0
fig4_q30_SE_cutadapt_unite_blast_top1_rescue	3Q	fig4_q30_SE_cutadapt_unite_blast_top1_rescue_3Q	QIAamp	3	mock_only	UNITE	No_BLAST	Cutadapt	SE	Penicillium_g	0
fig4_q30_SE_cutadapt_unite_blast_top1_rescue	3Q	fig4_q30_SE_cutadapt_unite_blast_top1_rescue_3Q	QIAamp	3	mock_only	UNITE	No_BLAST	Cutadapt	SE	Fusarium_g	0
fig4_q30_SE_cutadapt_unite_blast_top1_rescue	3Q	fig4_q30_SE_cutadapt_unite_blast_top1_rescue_3Q	QIAamp	3	mock_only	UNITE	No_BLAST	Cutadapt	SE	Fusarium_keratoplasticum	0
fig4_q30_SE_cutadapt_unite_blast_top1_rescue	3Q	fig4_q30_SE_cutadapt_unite_blast_top1_rescue_3Q	QIAamp	3	mock_only	UNITE	No_BLAST	Cutadapt	SE	Candida_africana	0
fig4_q30_SE_cutadapt_unite_blast_top1_rescue	3Q	fig4_q30_SE_cutadapt_unite_blast_top1_rescue_3Q	QIAamp	3	mock_only	UNITE	No_BLAST	Cutadapt	SE	Candida_albicans	0.3039021253860016
fig4_q30_SE_cutadapt_unite_blast_top1_rescue	3Q	fig4_q30_SE_cutadapt_unite_blast_top1_rescue_3Q	QIAamp	3	mock_only	UNITE	No_BLAST	Cutadapt	SE	Candida_g	0
fig4_q30_SE_cutadapt_unite_blast_top1_rescue	3Q	fig4_q30_SE_cutadapt_unite_blast_top1_rescue_3Q	QIAamp	3	mock_only	UNITE	No_BLAST	Cutadapt	SE	Candida_tropicalis	0
fig4_q30_SE_cutadapt_unite_blast_top1_rescue	3Q	fig4_q30_SE_cutadapt_unite_blast_top1_rescue_3Q	QIAamp	3	mock_only	UNITE	No_BLAST	Cutadapt	SE	Nakaseomyces_glabratus	0.10779066713756599
fig4_q30_SE_cutadapt_unite_blast_top1_rescue	3Q	fig4_q30_SE_cutadapt_unite_blast_top1_rescue_3Q	QIAamp	3	mock_only	UNITE	No_BLAST	Cutadapt	SE	Malassezia_g	0
fig4_q30_SE_cutadapt_unite_blast_top1_rescue	3Q	fig4_q30_SE_cutadapt_unite_blast_top1_rescue_3Q	QIAamp	3	mock_only	UNITE	No_BLAST	Cutadapt	SE	Malassezia_globosa	1.8111512582973367e-5
fig4_q30_SE_cutadapt_unite_blast_top1_rescue	3Q	fig4_q30_SE_cutadapt_unite_blast_top1_rescue_3Q	QIAamp	3	mock_only	UNITE	No_BLAST	Cutadapt	SE	Saccharomyces_arboricola	0
fig4_q30_SE_cutadapt_unite_blast_top1_rescue	3Q	fig4_q30_SE_cutadapt_unite_blast_top1_rescue_3Q	QIAamp	3	mock_only	UNITE	No_BLAST	Cutadapt	SE	Saccharomyces_cerevisiae	0.03922048049842883
fig4_q30_SE_cutadapt_unite_blast_top1_rescue	3Q	fig4_q30_SE_cutadapt_unite_blast_top1_rescue_3Q	QIAamp	3	mock_only	UNITE	No_BLAST	Cutadapt	SE	Saccharomyces_g	0
fig4_q30_SE_cutadapt_unite_blast_top1_rescue	3Q	fig4_q30_SE_cutadapt_unite_blast_top1_rescue_3Q	QIAamp	3	mock_only	UNITE	No_BLAST	Cutadapt	SE	Saccharomyces_uvarum	0
fig4_q30_SE_cutadapt_unite_blast_top1_rescue	3Q	fig4_q30_SE_cutadapt_unite_blast_top1_rescue_3Q	QIAamp	3	mock_only	UNITE	No_BLAST	Cutadapt	SE	Cutaneotrichosporon_dermatis	0
fig4_q30_SE_cutadapt_unite_blast_top1_rescue	3Q	fig4_q30_SE_cutadapt_unite_blast_top1_rescue_3Q	QIAamp	3	mock_only	UNITE	No_BLAST	Cutadapt	SE	Cutaneotrichosporon_g	0
fig4_q30_SE_cutadapt_unite_blast_top1_rescue	3Q	fig4_q30_SE_cutadapt_unite_blast_top1_rescue_3Q	QIAamp	3	mock_only	UNITE	No_BLAST	Cutadapt	SE	Cutaneotrichosporon_mucoides	0.21602506633341484
fig4_q30_SE_cutadapt_unite_blast_top1_rescue	3Q	fig4_q30_SE_cutadapt_unite_blast_top1_rescue_3Q	QIAamp	3	mock_only	UNITE	No_BLAST	Cutadapt	SE	Other	0.13381691071929872
fig4_q30_SE_cutadapt_unite_blast_top1_rescue	3Q	fig4_q30_SE_cutadapt_unite_blast_top1_rescue_3Q	QIAamp	3	mock_only	UNITE+RefSeq BLAST	RefSeq_BLAST	Cutadapt	SE	Aspergillus_fumigatus	0.03360591159770708
fig4_q30_SE_cutadapt_unite_blast_top1_rescue	3Q	fig4_q30_SE_cutadapt_unite_blast_top1_rescue_3Q	QIAamp	3	mock_only	UNITE+RefSeq BLAST	RefSeq_BLAST	Cutadapt	SE	Aspergillus_g	0
fig4_q30_SE_cutadapt_unite_blast_top1_rescue	3Q	fig4_q30_SE_cutadapt_unite_blast_top1_rescue_3Q	QIAamp	3	mock_only	UNITE+RefSeq BLAST	RefSeq_BLAST	Cutadapt	SE	Cryptococcus_gattii	8.150180662338015e-5
fig4_q30_SE_cutadapt_unite_blast_top1_rescue	3Q	fig4_q30_SE_cutadapt_unite_blast_top1_rescue_3Q	QIAamp	3	mock_only	UNITE+RefSeq BLAST	RefSeq_BLAST	Cutadapt	SE	Cryptococcus_neoformans	0.15929075316725078
fig4_q30_SE_cutadapt_unite_blast_top1_rescue	3Q	fig4_q30_SE_cutadapt_unite_blast_top1_rescue_3Q	QIAamp	3	mock_only	UNITE+RefSeq BLAST	RefSeq_BLAST	Cutadapt	SE	Trichophyton_interdigitale	0
fig4_q30_SE_cutadapt_unite_blast_top1_rescue	3Q	fig4_q30_SE_cutadapt_unite_blast_top1_rescue_3Q	QIAamp	3	mock_only	UNITE+RefSeq BLAST	RefSeq_BLAST	Cutadapt	SE	Trichophyton_mentagrophytes	0.006329973647749192
fig4_q30_SE_cutadapt_unite_blast_top1_rescue	3Q	fig4_q30_SE_cutadapt_unite_blast_top1_rescue_3Q	QIAamp	3	mock_only	UNITE+RefSeq BLAST	RefSeq_BLAST	Cutadapt	SE	Penicillium_chrysogenum	0.13080134387423364
fig4_q30_SE_cutadapt_unite_blast_top1_rescue	3Q	fig4_q30_SE_cutadapt_unite_blast_top1_rescue_3Q	QIAamp	3	mock_only	UNITE+RefSeq BLAST	RefSeq_BLAST	Cutadapt	SE	Penicillium_flavigenum	0
fig4_q30_SE_cutadapt_unite_blast_top1_rescue	3Q	fig4_q30_SE_cutadapt_unite_blast_top1_rescue_3Q	QIAamp	3	mock_only	UNITE+RefSeq BLAST	RefSeq_BLAST	Cutadapt	SE	Penicillium_g	0
fig4_q30_SE_cutadapt_unite_blast_top1_rescue	3Q	fig4_q30_SE_cutadapt_unite_blast_top1_rescue_3Q	QIAamp	3	mock_only	UNITE+RefSeq BLAST	RefSeq_BLAST	Cutadapt	SE	Fusarium_g	0
fig4_q30_SE_cutadapt_unite_blast_top1_rescue	3Q	fig4_q30_SE_cutadapt_unite_blast_top1_rescue_3Q	QIAamp	3	mock_only	UNITE+RefSeq BLAST	RefSeq_BLAST	Cutadapt	SE	Fusarium_keratoplasticum	0.0022911063417461307
fig4_q30_SE_cutadapt_unite_blast_top1_rescue	3Q	fig4_q30_SE_cutadapt_unite_blast_top1_rescue_3Q	QIAamp	3	mock_only	UNITE+RefSeq BLAST	RefSeq_BLAST	Cutadapt	SE	Candida_africana	1.72059369538247e-4
fig4_q30_SE_cutadapt_unite_blast_top1_rescue	3Q	fig4_q30_SE_cutadapt_unite_blast_top1_rescue_3Q	QIAamp	3	mock_only	UNITE+RefSeq BLAST	RefSeq_BLAST	Cutadapt	SE	Candida_albicans	0.3039021253860016
fig4_q30_SE_cutadapt_unite_blast_top1_rescue	3Q	fig4_q30_SE_cutadapt_unite_blast_top1_rescue_3Q	QIAamp	3	mock_only	UNITE+RefSeq BLAST	RefSeq_BLAST	Cutadapt	SE	Candida_g	0
fig4_q30_SE_cutadapt_unite_blast_top1_rescue	3Q	fig4_q30_SE_cutadapt_unite_blast_top1_rescue_3Q	QIAamp	3	mock_only	UNITE+RefSeq BLAST	RefSeq_BLAST	Cutadapt	SE	Candida_tropicalis	0
fig4_q30_SE_cutadapt_unite_blast_top1_rescue	3Q	fig4_q30_SE_cutadapt_unite_blast_top1_rescue_3Q	QIAamp	3	mock_only	UNITE+RefSeq BLAST	RefSeq_BLAST	Cutadapt	SE	Nakaseomyces_glabratus	0.10779066713756599
fig4_q30_SE_cutadapt_unite_blast_top1_rescue	3Q	fig4_q30_SE_cutadapt_unite_blast_top1_rescue_3Q	QIAamp	3	mock_only	UNITE+RefSeq BLAST	RefSeq_BLAST	Cutadapt	SE	Malassezia_g	0
fig4_q30_SE_cutadapt_unite_blast_top1_rescue	3Q	fig4_q30_SE_cutadapt_unite_blast_top1_rescue_3Q	QIAamp	3	mock_only	UNITE+RefSeq BLAST	RefSeq_BLAST	Cutadapt	SE	Malassezia_globosa	1.8111512582973367e-5
fig4_q30_SE_cutadapt_unite_blast_top1_rescue	3Q	fig4_q30_SE_cutadapt_unite_blast_top1_rescue_3Q	QIAamp	3	mock_only	UNITE+RefSeq BLAST	RefSeq_BLAST	Cutadapt	SE	Saccharomyces_arboricola	0
fig4_q30_SE_cutadapt_unite_blast_top1_rescue	3Q	fig4_q30_SE_cutadapt_unite_blast_top1_rescue_3Q	QIAamp	3	mock_only	UNITE+RefSeq BLAST	RefSeq_BLAST	Cutadapt	SE	Saccharomyces_cerevisiae	0.03922048049842883
fig4_q30_SE_cutadapt_unite_blast_top1_rescue	3Q	fig4_q30_SE_cutadapt_unite_blast_top1_rescue_3Q	QIAamp	3	mock_only	UNITE+RefSeq BLAST	RefSeq_BLAST	Cutadapt	SE	Saccharomyces_g	0
fig4_q30_SE_cutadapt_unite_blast_top1_rescue	3Q	fig4_q30_SE_cutadapt_unite_blast_top1_rescue_3Q	QIAamp	3	mock_only	UNITE+RefSeq BLAST	RefSeq_BLAST	Cutadapt	SE	Saccharomyces_uvarum	0
fig4_q30_SE_cutadapt_unite_blast_top1_rescue	3Q	fig4_q30_SE_cutadapt_unite_blast_top1_rescue_3Q	QIAamp	3	mock_only	UNITE+RefSeq BLAST	RefSeq_BLAST	Cutadapt	SE	Cutaneotrichosporon_dermatis	1.630036132467603e-4
fig4_q30_SE_cutadapt_unite_blast_top1_rescue	3Q	fig4_q30_SE_cutadapt_unite_blast_top1_rescue_3Q	QIAamp	3	mock_only	UNITE+RefSeq BLAST	RefSeq_BLAST	Cutadapt	SE	Cutaneotrichosporon_g	0
fig4_q30_SE_cutadapt_unite_blast_top1_rescue	3Q	fig4_q30_SE_cutadapt_unite_blast_top1_rescue_3Q	QIAamp	3	mock_only	UNITE+RefSeq BLAST	RefSeq_BLAST	Cutadapt	SE	Cutaneotrichosporon_mucoides	0.21602506633341484
fig4_q30_SE_cutadapt_unite_blast_top1_rescue	3Q	fig4_q30_SE_cutadapt_unite_blast_top1_rescue_3Q	QIAamp	3	mock_only	UNITE+RefSeq BLAST	RefSeq_BLAST	Cutadapt	SE	Other	3.0789571391054725e-4
fig4_q30_SE_cutadapt_unite_blast_top1_rescue	3Z	fig4_q30_SE_cutadapt_unite_blast_top1_rescue_3Z	Zymo	3	mock_only	Mock type-strain BLAST	Mock_type_reference_BLAST	Cutadapt	SE	Aspergillus_fumigatus	0.028647608014174732
fig4_q30_SE_cutadapt_unite_blast_top1_rescue	3Z	fig4_q30_SE_cutadapt_unite_blast_top1_rescue_3Z	Zymo	3	mock_only	Mock type-strain BLAST	Mock_type_reference_BLAST	Cutadapt	SE	Aspergillus_g	0
fig4_q30_SE_cutadapt_unite_blast_top1_rescue	3Z	fig4_q30_SE_cutadapt_unite_blast_top1_rescue_3Z	Zymo	3	mock_only	Mock type-strain BLAST	Mock_type_reference_BLAST	Cutadapt	SE	Cryptococcus_gattii	0
fig4_q30_SE_cutadapt_unite_blast_top1_rescue	3Z	fig4_q30_SE_cutadapt_unite_blast_top1_rescue_3Z	Zymo	3	mock_only	Mock type-strain BLAST	Mock_type_reference_BLAST	Cutadapt	SE	Cryptococcus_neoformans	0.15472945345509065
fig4_q30_SE_cutadapt_unite_blast_top1_rescue	3Z	fig4_q30_SE_cutadapt_unite_blast_top1_rescue_3Z	Zymo	3	mock_only	Mock type-strain BLAST	Mock_type_reference_BLAST	Cutadapt	SE	Trichophyton_interdigitale	0.004157012402889465
fig4_q30_SE_cutadapt_unite_blast_top1_rescue	3Z	fig4_q30_SE_cutadapt_unite_blast_top1_rescue_3Z	Zymo	3	mock_only	Mock type-strain BLAST	Mock_type_reference_BLAST	Cutadapt	SE	Trichophyton_mentagrophytes	0
fig4_q30_SE_cutadapt_unite_blast_top1_rescue	3Z	fig4_q30_SE_cutadapt_unite_blast_top1_rescue_3Z	Zymo	3	mock_only	Mock type-strain BLAST	Mock_type_reference_BLAST	Cutadapt	SE	Penicillium_chrysogenum	0.1301536731634183
fig4_q30_SE_cutadapt_unite_blast_top1_rescue	3Z	fig4_q30_SE_cutadapt_unite_blast_top1_rescue_3Z	Zymo	3	mock_only	Mock type-strain BLAST	Mock_type_reference_BLAST	Cutadapt	SE	Penicillium_flavigenum	0
fig4_q30_SE_cutadapt_unite_blast_top1_rescue	3Z	fig4_q30_SE_cutadapt_unite_blast_top1_rescue_3Z	Zymo	3	mock_only	Mock type-strain BLAST	Mock_type_reference_BLAST	Cutadapt	SE	Penicillium_g	0
fig4_q30_SE_cutadapt_unite_blast_top1_rescue	3Z	fig4_q30_SE_cutadapt_unite_blast_top1_rescue_3Z	Zymo	3	mock_only	Mock type-strain BLAST	Mock_type_reference_BLAST	Cutadapt	SE	Fusarium_g	0
fig4_q30_SE_cutadapt_unite_blast_top1_rescue	3Z	fig4_q30_SE_cutadapt_unite_blast_top1_rescue_3Z	Zymo	3	mock_only	Mock type-strain BLAST	Mock_type_reference_BLAST	Cutadapt	SE	Fusarium_keratoplasticum	0.0015162873108900095
fig4_q30_SE_cutadapt_unite_blast_top1_rescue	3Z	fig4_q30_SE_cutadapt_unite_blast_top1_rescue_3Z	Zymo	3	mock_only	Mock type-strain BLAST	Mock_type_reference_BLAST	Cutadapt	SE	Candida_africana	0
fig4_q30_SE_cutadapt_unite_blast_top1_rescue	3Z	fig4_q30_SE_cutadapt_unite_blast_top1_rescue_3Z	Zymo	3	mock_only	Mock type-strain BLAST	Mock_type_reference_BLAST	Cutadapt	SE	Candida_albicans	0.3030359820089955
fig4_q30_SE_cutadapt_unite_blast_top1_rescue	3Z	fig4_q30_SE_cutadapt_unite_blast_top1_rescue_3Z	Zymo	3	mock_only	Mock type-strain BLAST	Mock_type_reference_BLAST	Cutadapt	SE	Candida_g	0
fig4_q30_SE_cutadapt_unite_blast_top1_rescue	3Z	fig4_q30_SE_cutadapt_unite_blast_top1_rescue_3Z	Zymo	3	mock_only	Mock type-strain BLAST	Mock_type_reference_BLAST	Cutadapt	SE	Candida_tropicalis	0
fig4_q30_SE_cutadapt_unite_blast_top1_rescue	3Z	fig4_q30_SE_cutadapt_unite_blast_top1_rescue_3Z	Zymo	3	mock_only	Mock type-strain BLAST	Mock_type_reference_BLAST	Cutadapt	SE	Nakaseomyces_glabratus	0.09872904456862477
fig4_q30_SE_cutadapt_unite_blast_top1_rescue	3Z	fig4_q30_SE_cutadapt_unite_blast_top1_rescue_3Z	Zymo	3	mock_only	Mock type-strain BLAST	Mock_type_reference_BLAST	Cutadapt	SE	Malassezia_g	0
fig4_q30_SE_cutadapt_unite_blast_top1_rescue	3Z	fig4_q30_SE_cutadapt_unite_blast_top1_rescue_3Z	Zymo	3	mock_only	Mock type-strain BLAST	Mock_type_reference_BLAST	Cutadapt	SE	Malassezia_globosa	5.9629276270955434e-5
fig4_q30_SE_cutadapt_unite_blast_top1_rescue	3Z	fig4_q30_SE_cutadapt_unite_blast_top1_rescue_3Z	Zymo	3	mock_only	Mock type-strain BLAST	Mock_type_reference_BLAST	Cutadapt	SE	Saccharomyces_arboricola	0
fig4_q30_SE_cutadapt_unite_blast_top1_rescue	3Z	fig4_q30_SE_cutadapt_unite_blast_top1_rescue_3Z	Zymo	3	mock_only	Mock type-strain BLAST	Mock_type_reference_BLAST	Cutadapt	SE	Saccharomyces_cerevisiae	0.054441529235382306
fig4_q30_SE_cutadapt_unite_blast_top1_rescue	3Z	fig4_q30_SE_cutadapt_unite_blast_top1_rescue_3Z	Zymo	3	mock_only	Mock type-strain BLAST	Mock_type_reference_BLAST	Cutadapt	SE	Saccharomyces_g	0
fig4_q30_SE_cutadapt_unite_blast_top1_rescue	3Z	fig4_q30_SE_cutadapt_unite_blast_top1_rescue_3Z	Zymo	3	mock_only	Mock type-strain BLAST	Mock_type_reference_BLAST	Cutadapt	SE	Saccharomyces_uvarum	0
fig4_q30_SE_cutadapt_unite_blast_top1_rescue	3Z	fig4_q30_SE_cutadapt_unite_blast_top1_rescue_3Z	Zymo	3	mock_only	Mock type-strain BLAST	Mock_type_reference_BLAST	Cutadapt	SE	Cutaneotrichosporon_dermatis	0.22452978056426331
fig4_q30_SE_cutadapt_unite_blast_top1_rescue	3Z	fig4_q30_SE_cutadapt_unite_blast_top1_rescue_3Z	Zymo	3	mock_only	Mock type-strain BLAST	Mock_type_reference_BLAST	Cutadapt	SE	Cutaneotrichosporon_g	0
fig4_q30_SE_cutadapt_unite_blast_top1_rescue	3Z	fig4_q30_SE_cutadapt_unite_blast_top1_rescue_3Z	Zymo	3	mock_only	Mock type-strain BLAST	Mock_type_reference_BLAST	Cutadapt	SE	Cutaneotrichosporon_mucoides	0
fig4_q30_SE_cutadapt_unite_blast_top1_rescue	3Z	fig4_q30_SE_cutadapt_unite_blast_top1_rescue_3Z	Zymo	3	mock_only	Mock type-strain BLAST	Mock_type_reference_BLAST	Cutadapt	SE	Other	0
fig4_q30_SE_cutadapt_unite_blast_top1_rescue	3Z	fig4_q30_SE_cutadapt_unite_blast_top1_rescue_3Z	Zymo	3	mock_only	UNITE	No_BLAST	Cutadapt	SE	Aspergillus_fumigatus	0.028647608014174732
fig4_q30_SE_cutadapt_unite_blast_top1_rescue	3Z	fig4_q30_SE_cutadapt_unite_blast_top1_rescue_3Z	Zymo	3	mock_only	UNITE	No_BLAST	Cutadapt	SE	Aspergillus_g	0
fig4_q30_SE_cutadapt_unite_blast_top1_rescue	3Z	fig4_q30_SE_cutadapt_unite_blast_top1_rescue_3Z	Zymo	3	mock_only	UNITE	No_BLAST	Cutadapt	SE	Cryptococcus_gattii	0
fig4_q30_SE_cutadapt_unite_blast_top1_rescue	3Z	fig4_q30_SE_cutadapt_unite_blast_top1_rescue_3Z	Zymo	3	mock_only	UNITE	No_BLAST	Cutadapt	SE	Cryptococcus_neoformans	0.15462723183862614
fig4_q30_SE_cutadapt_unite_blast_top1_rescue	3Z	fig4_q30_SE_cutadapt_unite_blast_top1_rescue_3Z	Zymo	3	mock_only	UNITE	No_BLAST	Cutadapt	SE	Trichophyton_interdigitale	0
fig4_q30_SE_cutadapt_unite_blast_top1_rescue	3Z	fig4_q30_SE_cutadapt_unite_blast_top1_rescue_3Z	Zymo	3	mock_only	UNITE	No_BLAST	Cutadapt	SE	Trichophyton_mentagrophytes	0.004157012402889465
fig4_q30_SE_cutadapt_unite_blast_top1_rescue	3Z	fig4_q30_SE_cutadapt_unite_blast_top1_rescue_3Z	Zymo	3	mock_only	UNITE	No_BLAST	Cutadapt	SE	Penicillium_chrysogenum	0
fig4_q30_SE_cutadapt_unite_blast_top1_rescue	3Z	fig4_q30_SE_cutadapt_unite_blast_top1_rescue_3Z	Zymo	3	mock_only	UNITE	No_BLAST	Cutadapt	SE	Penicillium_flavigenum	0
fig4_q30_SE_cutadapt_unite_blast_top1_rescue	3Z	fig4_q30_SE_cutadapt_unite_blast_top1_rescue_3Z	Zymo	3	mock_only	UNITE	No_BLAST	Cutadapt	SE	Penicillium_g	0
fig4_q30_SE_cutadapt_unite_blast_top1_rescue	3Z	fig4_q30_SE_cutadapt_unite_blast_top1_rescue_3Z	Zymo	3	mock_only	UNITE	No_BLAST	Cutadapt	SE	Fusarium_g	0
fig4_q30_SE_cutadapt_unite_blast_top1_rescue	3Z	fig4_q30_SE_cutadapt_unite_blast_top1_rescue_3Z	Zymo	3	mock_only	UNITE	No_BLAST	Cutadapt	SE	Fusarium_keratoplasticum	0
fig4_q30_SE_cutadapt_unite_blast_top1_rescue	3Z	fig4_q30_SE_cutadapt_unite_blast_top1_rescue_3Z	Zymo	3	mock_only	UNITE	No_BLAST	Cutadapt	SE	Candida_africana	0
fig4_q30_SE_cutadapt_unite_blast_top1_rescue	3Z	fig4_q30_SE_cutadapt_unite_blast_top1_rescue_3Z	Zymo	3	mock_only	UNITE	No_BLAST	Cutadapt	SE	Candida_albicans	0.30290820498841486
fig4_q30_SE_cutadapt_unite_blast_top1_rescue	3Z	fig4_q30_SE_cutadapt_unite_blast_top1_rescue_3Z	Zymo	3	mock_only	UNITE	No_BLAST	Cutadapt	SE	Candida_g	0
fig4_q30_SE_cutadapt_unite_blast_top1_rescue	3Z	fig4_q30_SE_cutadapt_unite_blast_top1_rescue_3Z	Zymo	3	mock_only	UNITE	No_BLAST	Cutadapt	SE	Candida_tropicalis	0
fig4_q30_SE_cutadapt_unite_blast_top1_rescue	3Z	fig4_q30_SE_cutadapt_unite_blast_top1_rescue_3Z	Zymo	3	mock_only	UNITE	No_BLAST	Cutadapt	SE	Nakaseomyces_glabratus	0.09870348916450865
fig4_q30_SE_cutadapt_unite_blast_top1_rescue	3Z	fig4_q30_SE_cutadapt_unite_blast_top1_rescue_3Z	Zymo	3	mock_only	UNITE	No_BLAST	Cutadapt	SE	Malassezia_g	0
fig4_q30_SE_cutadapt_unite_blast_top1_rescue	3Z	fig4_q30_SE_cutadapt_unite_blast_top1_rescue_3Z	Zymo	3	mock_only	UNITE	No_BLAST	Cutadapt	SE	Malassezia_globosa	5.9629276270955434e-5
fig4_q30_SE_cutadapt_unite_blast_top1_rescue	3Z	fig4_q30_SE_cutadapt_unite_blast_top1_rescue_3Z	Zymo	3	mock_only	UNITE	No_BLAST	Cutadapt	SE	Saccharomyces_arboricola	0
fig4_q30_SE_cutadapt_unite_blast_top1_rescue	3Z	fig4_q30_SE_cutadapt_unite_blast_top1_rescue_3Z	Zymo	3	mock_only	UNITE	No_BLAST	Cutadapt	SE	Saccharomyces_cerevisiae	0.05439893689518877
fig4_q30_SE_cutadapt_unite_blast_top1_rescue	3Z	fig4_q30_SE_cutadapt_unite_blast_top1_rescue_3Z	Zymo	3	mock_only	UNITE	No_BLAST	Cutadapt	SE	Saccharomyces_g	0
fig4_q30_SE_cutadapt_unite_blast_top1_rescue	3Z	fig4_q30_SE_cutadapt_unite_blast_top1_rescue_3Z	Zymo	3	mock_only	UNITE	No_BLAST	Cutadapt	SE	Saccharomyces_uvarum	0
fig4_q30_SE_cutadapt_unite_blast_top1_rescue	3Z	fig4_q30_SE_cutadapt_unite_blast_top1_rescue_3Z	Zymo	3	mock_only	UNITE	No_BLAST	Cutadapt	SE	Cutaneotrichosporon_dermatis	0
fig4_q30_SE_cutadapt_unite_blast_top1_rescue	3Z	fig4_q30_SE_cutadapt_unite_blast_top1_rescue_3Z	Zymo	3	mock_only	UNITE	No_BLAST	Cutadapt	SE	Cutaneotrichosporon_g	0
fig4_q30_SE_cutadapt_unite_blast_top1_rescue	3Z	fig4_q30_SE_cutadapt_unite_blast_top1_rescue_3Z	Zymo	3	mock_only	UNITE	No_BLAST	Cutadapt	SE	Cutaneotrichosporon_mucoides	0.22434237426741174
fig4_q30_SE_cutadapt_unite_blast_top1_rescue	3Z	fig4_q30_SE_cutadapt_unite_blast_top1_rescue_3Z	Zymo	3	mock_only	UNITE	No_BLAST	Cutadapt	SE	Other	0.13215551315251464
fig4_q30_SE_cutadapt_unite_blast_top1_rescue	3Z	fig4_q30_SE_cutadapt_unite_blast_top1_rescue_3Z	Zymo	3	mock_only	UNITE+RefSeq BLAST	RefSeq_BLAST	Cutadapt	SE	Aspergillus_fumigatus	0.028647608014174732
fig4_q30_SE_cutadapt_unite_blast_top1_rescue	3Z	fig4_q30_SE_cutadapt_unite_blast_top1_rescue_3Z	Zymo	3	mock_only	UNITE+RefSeq BLAST	RefSeq_BLAST	Cutadapt	SE	Aspergillus_g	0
fig4_q30_SE_cutadapt_unite_blast_top1_rescue	3Z	fig4_q30_SE_cutadapt_unite_blast_top1_rescue_3Z	Zymo	3	mock_only	UNITE+RefSeq BLAST	RefSeq_BLAST	Cutadapt	SE	Cryptococcus_gattii	1.0222161646449502e-4
fig4_q30_SE_cutadapt_unite_blast_top1_rescue	3Z	fig4_q30_SE_cutadapt_unite_blast_top1_rescue_3Z	Zymo	3	mock_only	UNITE+RefSeq BLAST	RefSeq_BLAST	Cutadapt	SE	Cryptococcus_neoformans	0.15462723183862614
fig4_q30_SE_cutadapt_unite_blast_top1_rescue	3Z	fig4_q30_SE_cutadapt_unite_blast_top1_rescue_3Z	Zymo	3	mock_only	UNITE+RefSeq BLAST	RefSeq_BLAST	Cutadapt	SE	Trichophyton_interdigitale	0
fig4_q30_SE_cutadapt_unite_blast_top1_rescue	3Z	fig4_q30_SE_cutadapt_unite_blast_top1_rescue_3Z	Zymo	3	mock_only	UNITE+RefSeq BLAST	RefSeq_BLAST	Cutadapt	SE	Trichophyton_mentagrophytes	0.004157012402889465
fig4_q30_SE_cutadapt_unite_blast_top1_rescue	3Z	fig4_q30_SE_cutadapt_unite_blast_top1_rescue_3Z	Zymo	3	mock_only	UNITE+RefSeq BLAST	RefSeq_BLAST	Cutadapt	SE	Penicillium_chrysogenum	0.13011108082322476
fig4_q30_SE_cutadapt_unite_blast_top1_rescue	3Z	fig4_q30_SE_cutadapt_unite_blast_top1_rescue_3Z	Zymo	3	mock_only	UNITE+RefSeq BLAST	RefSeq_BLAST	Cutadapt	SE	Penicillium_flavigenum	0
fig4_q30_SE_cutadapt_unite_blast_top1_rescue	3Z	fig4_q30_SE_cutadapt_unite_blast_top1_rescue_3Z	Zymo	3	mock_only	UNITE+RefSeq BLAST	RefSeq_BLAST	Cutadapt	SE	Penicillium_g	0
fig4_q30_SE_cutadapt_unite_blast_top1_rescue	3Z	fig4_q30_SE_cutadapt_unite_blast_top1_rescue_3Z	Zymo	3	mock_only	UNITE+RefSeq BLAST	RefSeq_BLAST	Cutadapt	SE	Fusarium_g	0
fig4_q30_SE_cutadapt_unite_blast_top1_rescue	3Z	fig4_q30_SE_cutadapt_unite_blast_top1_rescue_3Z	Zymo	3	mock_only	UNITE+RefSeq BLAST	RefSeq_BLAST	Cutadapt	SE	Fusarium_keratoplasticum	0.0015162873108900095
fig4_q30_SE_cutadapt_unite_blast_top1_rescue	3Z	fig4_q30_SE_cutadapt_unite_blast_top1_rescue_3Z	Zymo	3	mock_only	UNITE+RefSeq BLAST	RefSeq_BLAST	Cutadapt	SE	Candida_africana	1.2777702058061879e-4
fig4_q30_SE_cutadapt_unite_blast_top1_rescue	3Z	fig4_q30_SE_cutadapt_unite_blast_top1_rescue_3Z	Zymo	3	mock_only	UNITE+RefSeq BLAST	RefSeq_BLAST	Cutadapt	SE	Candida_albicans	0.30290820498841486
fig4_q30_SE_cutadapt_unite_blast_top1_rescue	3Z	fig4_q30_SE_cutadapt_unite_blast_top1_rescue_3Z	Zymo	3	mock_only	UNITE+RefSeq BLAST	RefSeq_BLAST	Cutadapt	SE	Candida_g	0
fig4_q30_SE_cutadapt_unite_blast_top1_rescue	3Z	fig4_q30_SE_cutadapt_unite_blast_top1_rescue_3Z	Zymo	3	mock_only	UNITE+RefSeq BLAST	RefSeq_BLAST	Cutadapt	SE	Candida_tropicalis	0
fig4_q30_SE_cutadapt_unite_blast_top1_rescue	3Z	fig4_q30_SE_cutadapt_unite_blast_top1_rescue_3Z	Zymo	3	mock_only	UNITE+RefSeq BLAST	RefSeq_BLAST	Cutadapt	SE	Nakaseomyces_glabratus	0.09870348916450865
fig4_q30_SE_cutadapt_unite_blast_top1_rescue	3Z	fig4_q30_SE_cutadapt_unite_blast_top1_rescue_3Z	Zymo	3	mock_only	UNITE+RefSeq BLAST	RefSeq_BLAST	Cutadapt	SE	Malassezia_g	0
fig4_q30_SE_cutadapt_unite_blast_top1_rescue	3Z	fig4_q30_SE_cutadapt_unite_blast_top1_rescue_3Z	Zymo	3	mock_only	UNITE+RefSeq BLAST	RefSeq_BLAST	Cutadapt	SE	Malassezia_globosa	5.9629276270955434e-5
fig4_q30_SE_cutadapt_unite_blast_top1_rescue	3Z	fig4_q30_SE_cutadapt_unite_blast_top1_rescue_3Z	Zymo	3	mock_only	UNITE+RefSeq BLAST	RefSeq_BLAST	Cutadapt	SE	Saccharomyces_arboricola	0
fig4_q30_SE_cutadapt_unite_blast_top1_rescue	3Z	fig4_q30_SE_cutadapt_unite_blast_top1_rescue_3Z	Zymo	3	mock_only	UNITE+RefSeq BLAST	RefSeq_BLAST	Cutadapt	SE	Saccharomyces_cerevisiae	0.05439893689518877
fig4_q30_SE_cutadapt_unite_blast_top1_rescue	3Z	fig4_q30_SE_cutadapt_unite_blast_top1_rescue_3Z	Zymo	3	mock_only	UNITE+RefSeq BLAST	RefSeq_BLAST	Cutadapt	SE	Saccharomyces_g	0
fig4_q30_SE_cutadapt_unite_blast_top1_rescue	3Z	fig4_q30_SE_cutadapt_unite_blast_top1_rescue_3Z	Zymo	3	mock_only	UNITE+RefSeq BLAST	RefSeq_BLAST	Cutadapt	SE	Saccharomyces_uvarum	0
fig4_q30_SE_cutadapt_unite_blast_top1_rescue	3Z	fig4_q30_SE_cutadapt_unite_blast_top1_rescue_3Z	Zymo	3	mock_only	UNITE+RefSeq BLAST	RefSeq_BLAST	Cutadapt	SE	Cutaneotrichosporon_dermatis	1.874062968515742e-4
fig4_q30_SE_cutadapt_unite_blast_top1_rescue	3Z	fig4_q30_SE_cutadapt_unite_blast_top1_rescue_3Z	Zymo	3	mock_only	UNITE+RefSeq BLAST	RefSeq_BLAST	Cutadapt	SE	Cutaneotrichosporon_g	0
fig4_q30_SE_cutadapt_unite_blast_top1_rescue	3Z	fig4_q30_SE_cutadapt_unite_blast_top1_rescue_3Z	Zymo	3	mock_only	UNITE+RefSeq BLAST	RefSeq_BLAST	Cutadapt	SE	Cutaneotrichosporon_mucoides	0.22434237426741174
fig4_q30_SE_cutadapt_unite_blast_top1_rescue	3Z	fig4_q30_SE_cutadapt_unite_blast_top1_rescue_3Z	Zymo	3	mock_only	UNITE+RefSeq BLAST	RefSeq_BLAST	Cutadapt	SE	Other	1.1074008450320294e-4
fig4_q30_SE_cutadapt_unite_blast_top1_rescue	4D	fig4_q30_SE_cutadapt_unite_blast_top1_rescue_4D	DNeasy	4	mock_only	Mock type-strain BLAST	Mock_type_reference_BLAST	Cutadapt	SE	Aspergillus_fumigatus	0.030570668552554386
fig4_q30_SE_cutadapt_unite_blast_top1_rescue	4D	fig4_q30_SE_cutadapt_unite_blast_top1_rescue_4D	DNeasy	4	mock_only	Mock type-strain BLAST	Mock_type_reference_BLAST	Cutadapt	SE	Aspergillus_g	0
fig4_q30_SE_cutadapt_unite_blast_top1_rescue	4D	fig4_q30_SE_cutadapt_unite_blast_top1_rescue_4D	DNeasy	4	mock_only	Mock type-strain BLAST	Mock_type_reference_BLAST	Cutadapt	SE	Cryptococcus_gattii	0
fig4_q30_SE_cutadapt_unite_blast_top1_rescue	4D	fig4_q30_SE_cutadapt_unite_blast_top1_rescue_4D	DNeasy	4	mock_only	Mock type-strain BLAST	Mock_type_reference_BLAST	Cutadapt	SE	Cryptococcus_neoformans	0.1502414954232398
fig4_q30_SE_cutadapt_unite_blast_top1_rescue	4D	fig4_q30_SE_cutadapt_unite_blast_top1_rescue_4D	DNeasy	4	mock_only	Mock type-strain BLAST	Mock_type_reference_BLAST	Cutadapt	SE	Trichophyton_interdigitale	0.005038856251958886
fig4_q30_SE_cutadapt_unite_blast_top1_rescue	4D	fig4_q30_SE_cutadapt_unite_blast_top1_rescue_4D	DNeasy	4	mock_only	Mock type-strain BLAST	Mock_type_reference_BLAST	Cutadapt	SE	Trichophyton_mentagrophytes	0
fig4_q30_SE_cutadapt_unite_blast_top1_rescue	4D	fig4_q30_SE_cutadapt_unite_blast_top1_rescue_4D	DNeasy	4	mock_only	Mock type-strain BLAST	Mock_type_reference_BLAST	Cutadapt	SE	Penicillium_chrysogenum	0.11987173820449559
fig4_q30_SE_cutadapt_unite_blast_top1_rescue	4D	fig4_q30_SE_cutadapt_unite_blast_top1_rescue_4D	DNeasy	4	mock_only	Mock type-strain BLAST	Mock_type_reference_BLAST	Cutadapt	SE	Penicillium_flavigenum	0
fig4_q30_SE_cutadapt_unite_blast_top1_rescue	4D	fig4_q30_SE_cutadapt_unite_blast_top1_rescue_4D	DNeasy	4	mock_only	Mock type-strain BLAST	Mock_type_reference_BLAST	Cutadapt	SE	Penicillium_g	0
fig4_q30_SE_cutadapt_unite_blast_top1_rescue	4D	fig4_q30_SE_cutadapt_unite_blast_top1_rescue_4D	DNeasy	4	mock_only	Mock type-strain BLAST	Mock_type_reference_BLAST	Cutadapt	SE	Fusarium_g	0
fig4_q30_SE_cutadapt_unite_blast_top1_rescue	4D	fig4_q30_SE_cutadapt_unite_blast_top1_rescue_4D	DNeasy	4	mock_only	Mock type-strain BLAST	Mock_type_reference_BLAST	Cutadapt	SE	Fusarium_keratoplasticum	0.002097514324978101
fig4_q30_SE_cutadapt_unite_blast_top1_rescue	4D	fig4_q30_SE_cutadapt_unite_blast_top1_rescue_4D	DNeasy	4	mock_only	Mock type-strain BLAST	Mock_type_reference_BLAST	Cutadapt	SE	Candida_africana	0
fig4_q30_SE_cutadapt_unite_blast_top1_rescue	4D	fig4_q30_SE_cutadapt_unite_blast_top1_rescue_4D	DNeasy	4	mock_only	Mock type-strain BLAST	Mock_type_reference_BLAST	Cutadapt	SE	Candida_albicans	0.3009892874076812
fig4_q30_SE_cutadapt_unite_blast_top1_rescue	4D	fig4_q30_SE_cutadapt_unite_blast_top1_rescue_4D	DNeasy	4	mock_only	Mock type-strain BLAST	Mock_type_reference_BLAST	Cutadapt	SE	Candida_g	0
fig4_q30_SE_cutadapt_unite_blast_top1_rescue	4D	fig4_q30_SE_cutadapt_unite_blast_top1_rescue_4D	DNeasy	4	mock_only	Mock type-strain BLAST	Mock_type_reference_BLAST	Cutadapt	SE	Candida_tropicalis	0
fig4_q30_SE_cutadapt_unite_blast_top1_rescue	4D	fig4_q30_SE_cutadapt_unite_blast_top1_rescue_4D	DNeasy	4	mock_only	Mock type-strain BLAST	Mock_type_reference_BLAST	Cutadapt	SE	Nakaseomyces_glabratus	0.1119960139191372
fig4_q30_SE_cutadapt_unite_blast_top1_rescue	4D	fig4_q30_SE_cutadapt_unite_blast_top1_rescue_4D	DNeasy	4	mock_only	Mock type-strain BLAST	Mock_type_reference_BLAST	Cutadapt	SE	Malassezia_g	0
fig4_q30_SE_cutadapt_unite_blast_top1_rescue	4D	fig4_q30_SE_cutadapt_unite_blast_top1_rescue_4D	DNeasy	4	mock_only	Mock type-strain BLAST	Mock_type_reference_BLAST	Cutadapt	SE	Malassezia_globosa	1.6072906704813032e-5
fig4_q30_SE_cutadapt_unite_blast_top1_rescue	4D	fig4_q30_SE_cutadapt_unite_blast_top1_rescue_4D	DNeasy	4	mock_only	Mock type-strain BLAST	Mock_type_reference_BLAST	Cutadapt	SE	Saccharomyces_arboricola	0
fig4_q30_SE_cutadapt_unite_blast_top1_rescue	4D	fig4_q30_SE_cutadapt_unite_blast_top1_rescue_4D	DNeasy	4	mock_only	Mock type-strain BLAST	Mock_type_reference_BLAST	Cutadapt	SE	Saccharomyces_cerevisiae	0.06267629969541842
fig4_q30_SE_cutadapt_unite_blast_top1_rescue	4D	fig4_q30_SE_cutadapt_unite_blast_top1_rescue_4D	DNeasy	4	mock_only	Mock type-strain BLAST	Mock_type_reference_BLAST	Cutadapt	SE	Saccharomyces_g	0
fig4_q30_SE_cutadapt_unite_blast_top1_rescue	4D	fig4_q30_SE_cutadapt_unite_blast_top1_rescue_4D	DNeasy	4	mock_only	Mock type-strain BLAST	Mock_type_reference_BLAST	Cutadapt	SE	Saccharomyces_uvarum	0
fig4_q30_SE_cutadapt_unite_blast_top1_rescue	4D	fig4_q30_SE_cutadapt_unite_blast_top1_rescue_4D	DNeasy	4	mock_only	Mock type-strain BLAST	Mock_type_reference_BLAST	Cutadapt	SE	Cutaneotrichosporon_dermatis	0.21650205331383154
fig4_q30_SE_cutadapt_unite_blast_top1_rescue	4D	fig4_q30_SE_cutadapt_unite_blast_top1_rescue_4D	DNeasy	4	mock_only	Mock type-strain BLAST	Mock_type_reference_BLAST	Cutadapt	SE	Cutaneotrichosporon_g	0
fig4_q30_SE_cutadapt_unite_blast_top1_rescue	4D	fig4_q30_SE_cutadapt_unite_blast_top1_rescue_4D	DNeasy	4	mock_only	Mock type-strain BLAST	Mock_type_reference_BLAST	Cutadapt	SE	Cutaneotrichosporon_mucoides	0
fig4_q30_SE_cutadapt_unite_blast_top1_rescue	4D	fig4_q30_SE_cutadapt_unite_blast_top1_rescue_4D	DNeasy	4	mock_only	Mock type-strain BLAST	Mock_type_reference_BLAST	Cutadapt	SE	Other	0
fig4_q30_SE_cutadapt_unite_blast_top1_rescue	4D	fig4_q30_SE_cutadapt_unite_blast_top1_rescue_4D	DNeasy	4	mock_only	UNITE	No_BLAST	Cutadapt	SE	Aspergillus_fumigatus	0.030570668552554386
fig4_q30_SE_cutadapt_unite_blast_top1_rescue	4D	fig4_q30_SE_cutadapt_unite_blast_top1_rescue_4D	DNeasy	4	mock_only	UNITE	No_BLAST	Cutadapt	SE	Aspergillus_g	0
fig4_q30_SE_cutadapt_unite_blast_top1_rescue	4D	fig4_q30_SE_cutadapt_unite_blast_top1_rescue_4D	DNeasy	4	mock_only	UNITE	No_BLAST	Cutadapt	SE	Cryptococcus_gattii	0
fig4_q30_SE_cutadapt_unite_blast_top1_rescue	4D	fig4_q30_SE_cutadapt_unite_blast_top1_rescue_4D	DNeasy	4	mock_only	UNITE	No_BLAST	Cutadapt	SE	Cryptococcus_neoformans	0.15004862054278206
fig4_q30_SE_cutadapt_unite_blast_top1_rescue	4D	fig4_q30_SE_cutadapt_unite_blast_top1_rescue_4D	DNeasy	4	mock_only	UNITE	No_BLAST	Cutadapt	SE	Trichophyton_interdigitale	0
fig4_q30_SE_cutadapt_unite_blast_top1_rescue	4D	fig4_q30_SE_cutadapt_unite_blast_top1_rescue_4D	DNeasy	4	mock_only	UNITE	No_BLAST	Cutadapt	SE	Trichophyton_mentagrophytes	0.005038856251958886
fig4_q30_SE_cutadapt_unite_blast_top1_rescue	4D	fig4_q30_SE_cutadapt_unite_blast_top1_rescue_4D	DNeasy	4	mock_only	UNITE	No_BLAST	Cutadapt	SE	Penicillium_chrysogenum	0
fig4_q30_SE_cutadapt_unite_blast_top1_rescue	4D	fig4_q30_SE_cutadapt_unite_blast_top1_rescue_4D	DNeasy	4	mock_only	UNITE	No_BLAST	Cutadapt	SE	Penicillium_flavigenum	0
fig4_q30_SE_cutadapt_unite_blast_top1_rescue	4D	fig4_q30_SE_cutadapt_unite_blast_top1_rescue_4D	DNeasy	4	mock_only	UNITE	No_BLAST	Cutadapt	SE	Penicillium_g	0
fig4_q30_SE_cutadapt_unite_blast_top1_rescue	4D	fig4_q30_SE_cutadapt_unite_blast_top1_rescue_4D	DNeasy	4	mock_only	UNITE	No_BLAST	Cutadapt	SE	Fusarium_g	0
fig4_q30_SE_cutadapt_unite_blast_top1_rescue	4D	fig4_q30_SE_cutadapt_unite_blast_top1_rescue_4D	DNeasy	4	mock_only	UNITE	No_BLAST	Cutadapt	SE	Fusarium_keratoplasticum	0
fig4_q30_SE_cutadapt_unite_blast_top1_rescue	4D	fig4_q30_SE_cutadapt_unite_blast_top1_rescue_4D	DNeasy	4	mock_only	UNITE	No_BLAST	Cutadapt	SE	Candida_africana	0
fig4_q30_SE_cutadapt_unite_blast_top1_rescue	4D	fig4_q30_SE_cutadapt_unite_blast_top1_rescue_4D	DNeasy	4	mock_only	UNITE	No_BLAST	Cutadapt	SE	Candida_albicans	0.30074819380710904
fig4_q30_SE_cutadapt_unite_blast_top1_rescue	4D	fig4_q30_SE_cutadapt_unite_blast_top1_rescue_4D	DNeasy	4	mock_only	UNITE	No_BLAST	Cutadapt	SE	Candida_g	0
fig4_q30_SE_cutadapt_unite_blast_top1_rescue	4D	fig4_q30_SE_cutadapt_unite_blast_top1_rescue_4D	DNeasy	4	mock_only	UNITE	No_BLAST	Cutadapt	SE	Candida_tropicalis	0
fig4_q30_SE_cutadapt_unite_blast_top1_rescue	4D	fig4_q30_SE_cutadapt_unite_blast_top1_rescue_4D	DNeasy	4	mock_only	UNITE	No_BLAST	Cutadapt	SE	Nakaseomyces_glabratus	0.11192368583896554
fig4_q30_SE_cutadapt_unite_blast_top1_rescue	4D	fig4_q30_SE_cutadapt_unite_blast_top1_rescue_4D	DNeasy	4	mock_only	UNITE	No_BLAST	Cutadapt	SE	Malassezia_g	0
fig4_q30_SE_cutadapt_unite_blast_top1_rescue	4D	fig4_q30_SE_cutadapt_unite_blast_top1_rescue_4D	DNeasy	4	mock_only	UNITE	No_BLAST	Cutadapt	SE	Malassezia_globosa	1.6072906704813032e-5
fig4_q30_SE_cutadapt_unite_blast_top1_rescue	4D	fig4_q30_SE_cutadapt_unite_blast_top1_rescue_4D	DNeasy	4	mock_only	UNITE	No_BLAST	Cutadapt	SE	Saccharomyces_arboricola	0
fig4_q30_SE_cutadapt_unite_blast_top1_rescue	4D	fig4_q30_SE_cutadapt_unite_blast_top1_rescue_4D	DNeasy	4	mock_only	UNITE	No_BLAST	Cutadapt	SE	Saccharomyces_cerevisiae	0.06263611742865638
fig4_q30_SE_cutadapt_unite_blast_top1_rescue	4D	fig4_q30_SE_cutadapt_unite_blast_top1_rescue_4D	DNeasy	4	mock_only	UNITE	No_BLAST	Cutadapt	SE	Saccharomyces_g	0
fig4_q30_SE_cutadapt_unite_blast_top1_rescue	4D	fig4_q30_SE_cutadapt_unite_blast_top1_rescue_4D	DNeasy	4	mock_only	UNITE	No_BLAST	Cutadapt	SE	Saccharomyces_uvarum	0
fig4_q30_SE_cutadapt_unite_blast_top1_rescue	4D	fig4_q30_SE_cutadapt_unite_blast_top1_rescue_4D	DNeasy	4	mock_only	UNITE	No_BLAST	Cutadapt	SE	Cutaneotrichosporon_dermatis	0
fig4_q30_SE_cutadapt_unite_blast_top1_rescue	4D	fig4_q30_SE_cutadapt_unite_blast_top1_rescue_4D	DNeasy	4	mock_only	UNITE	No_BLAST	Cutadapt	SE	Cutaneotrichosporon_g	0
fig4_q30_SE_cutadapt_unite_blast_top1_rescue	4D	fig4_q30_SE_cutadapt_unite_blast_top1_rescue_4D	DNeasy	4	mock_only	UNITE	No_BLAST	Cutadapt	SE	Cutaneotrichosporon_mucoides	0.216333287793431
fig4_q30_SE_cutadapt_unite_blast_top1_rescue	4D	fig4_q30_SE_cutadapt_unite_blast_top1_rescue_4D	DNeasy	4	mock_only	UNITE	No_BLAST	Cutadapt	SE	Other	0.12268449687783788
fig4_q30_SE_cutadapt_unite_blast_top1_rescue	4D	fig4_q30_SE_cutadapt_unite_blast_top1_rescue_4D	DNeasy	4	mock_only	UNITE+RefSeq BLAST	RefSeq_BLAST	Cutadapt	SE	Aspergillus_fumigatus	0.030570668552554386
fig4_q30_SE_cutadapt_unite_blast_top1_rescue	4D	fig4_q30_SE_cutadapt_unite_blast_top1_rescue_4D	DNeasy	4	mock_only	UNITE+RefSeq BLAST	RefSeq_BLAST	Cutadapt	SE	Aspergillus_g	0
fig4_q30_SE_cutadapt_unite_blast_top1_rescue	4D	fig4_q30_SE_cutadapt_unite_blast_top1_rescue_4D	DNeasy	4	mock_only	UNITE+RefSeq BLAST	RefSeq_BLAST	Cutadapt	SE	Cryptococcus_gattii	1.928748804577564e-4
fig4_q30_SE_cutadapt_unite_blast_top1_rescue	4D	fig4_q30_SE_cutadapt_unite_blast_top1_rescue_4D	DNeasy	4	mock_only	UNITE+RefSeq BLAST	RefSeq_BLAST	Cutadapt	SE	Cryptococcus_neoformans	0.15004862054278206
fig4_q30_SE_cutadapt_unite_blast_top1_rescue	4D	fig4_q30_SE_cutadapt_unite_blast_top1_rescue_4D	DNeasy	4	mock_only	UNITE+RefSeq BLAST	RefSeq_BLAST	Cutadapt	SE	Trichophyton_interdigitale	0
fig4_q30_SE_cutadapt_unite_blast_top1_rescue	4D	fig4_q30_SE_cutadapt_unite_blast_top1_rescue_4D	DNeasy	4	mock_only	UNITE+RefSeq BLAST	RefSeq_BLAST	Cutadapt	SE	Trichophyton_mentagrophytes	0.005038856251958886
fig4_q30_SE_cutadapt_unite_blast_top1_rescue	4D	fig4_q30_SE_cutadapt_unite_blast_top1_rescue_4D	DNeasy	4	mock_only	UNITE+RefSeq BLAST	RefSeq_BLAST	Cutadapt	SE	Penicillium_chrysogenum	0.11987173820449559
fig4_q30_SE_cutadapt_unite_blast_top1_rescue	4D	fig4_q30_SE_cutadapt_unite_blast_top1_rescue_4D	DNeasy	4	mock_only	UNITE+RefSeq BLAST	RefSeq_BLAST	Cutadapt	SE	Penicillium_flavigenum	0
fig4_q30_SE_cutadapt_unite_blast_top1_rescue	4D	fig4_q30_SE_cutadapt_unite_blast_top1_rescue_4D	DNeasy	4	mock_only	UNITE+RefSeq BLAST	RefSeq_BLAST	Cutadapt	SE	Penicillium_g	0
fig4_q30_SE_cutadapt_unite_blast_top1_rescue	4D	fig4_q30_SE_cutadapt_unite_blast_top1_rescue_4D	DNeasy	4	mock_only	UNITE+RefSeq BLAST	RefSeq_BLAST	Cutadapt	SE	Fusarium_g	0
fig4_q30_SE_cutadapt_unite_blast_top1_rescue	4D	fig4_q30_SE_cutadapt_unite_blast_top1_rescue_4D	DNeasy	4	mock_only	UNITE+RefSeq BLAST	RefSeq_BLAST	Cutadapt	SE	Fusarium_keratoplasticum	0.002097514324978101
fig4_q30_SE_cutadapt_unite_blast_top1_rescue	4D	fig4_q30_SE_cutadapt_unite_blast_top1_rescue_4D	DNeasy	4	mock_only	UNITE+RefSeq BLAST	RefSeq_BLAST	Cutadapt	SE	Candida_africana	2.4109360057219547e-4
fig4_q30_SE_cutadapt_unite_blast_top1_rescue	4D	fig4_q30_SE_cutadapt_unite_blast_top1_rescue_4D	DNeasy	4	mock_only	UNITE+RefSeq BLAST	RefSeq_BLAST	Cutadapt	SE	Candida_albicans	0.30074819380710904
fig4_q30_SE_cutadapt_unite_blast_top1_rescue	4D	fig4_q30_SE_cutadapt_unite_blast_top1_rescue_4D	DNeasy	4	mock_only	UNITE+RefSeq BLAST	RefSeq_BLAST	Cutadapt	SE	Candida_g	0
fig4_q30_SE_cutadapt_unite_blast_top1_rescue	4D	fig4_q30_SE_cutadapt_unite_blast_top1_rescue_4D	DNeasy	4	mock_only	UNITE+RefSeq BLAST	RefSeq_BLAST	Cutadapt	SE	Candida_tropicalis	0
fig4_q30_SE_cutadapt_unite_blast_top1_rescue	4D	fig4_q30_SE_cutadapt_unite_blast_top1_rescue_4D	DNeasy	4	mock_only	UNITE+RefSeq BLAST	RefSeq_BLAST	Cutadapt	SE	Nakaseomyces_glabratus	0.11192368583896554
fig4_q30_SE_cutadapt_unite_blast_top1_rescue	4D	fig4_q30_SE_cutadapt_unite_blast_top1_rescue_4D	DNeasy	4	mock_only	UNITE+RefSeq BLAST	RefSeq_BLAST	Cutadapt	SE	Malassezia_g	0
fig4_q30_SE_cutadapt_unite_blast_top1_rescue	4D	fig4_q30_SE_cutadapt_unite_blast_top1_rescue_4D	DNeasy	4	mock_only	UNITE+RefSeq BLAST	RefSeq_BLAST	Cutadapt	SE	Malassezia_globosa	1.6072906704813032e-5
fig4_q30_SE_cutadapt_unite_blast_top1_rescue	4D	fig4_q30_SE_cutadapt_unite_blast_top1_rescue_4D	DNeasy	4	mock_only	UNITE+RefSeq BLAST	RefSeq_BLAST	Cutadapt	SE	Saccharomyces_arboricola	0
fig4_q30_SE_cutadapt_unite_blast_top1_rescue	4D	fig4_q30_SE_cutadapt_unite_blast_top1_rescue_4D	DNeasy	4	mock_only	UNITE+RefSeq BLAST	RefSeq_BLAST	Cutadapt	SE	Saccharomyces_cerevisiae	0.06263611742865638
fig4_q30_SE_cutadapt_unite_blast_top1_rescue	4D	fig4_q30_SE_cutadapt_unite_blast_top1_rescue_4D	DNeasy	4	mock_only	UNITE+RefSeq BLAST	RefSeq_BLAST	Cutadapt	SE	Saccharomyces_g	0
fig4_q30_SE_cutadapt_unite_blast_top1_rescue	4D	fig4_q30_SE_cutadapt_unite_blast_top1_rescue_4D	DNeasy	4	mock_only	UNITE+RefSeq BLAST	RefSeq_BLAST	Cutadapt	SE	Saccharomyces_uvarum	0
fig4_q30_SE_cutadapt_unite_blast_top1_rescue	4D	fig4_q30_SE_cutadapt_unite_blast_top1_rescue_4D	DNeasy	4	mock_only	UNITE+RefSeq BLAST	RefSeq_BLAST	Cutadapt	SE	Cutaneotrichosporon_dermatis	1.6876552040053685e-4
fig4_q30_SE_cutadapt_unite_blast_top1_rescue	4D	fig4_q30_SE_cutadapt_unite_blast_top1_rescue_4D	DNeasy	4	mock_only	UNITE+RefSeq BLAST	RefSeq_BLAST	Cutadapt	SE	Cutaneotrichosporon_g	0
fig4_q30_SE_cutadapt_unite_blast_top1_rescue	4D	fig4_q30_SE_cutadapt_unite_blast_top1_rescue_4D	DNeasy	4	mock_only	UNITE+RefSeq BLAST	RefSeq_BLAST	Cutadapt	SE	Cutaneotrichosporon_mucoides	0.216333287793431
fig4_q30_SE_cutadapt_unite_blast_top1_rescue	4D	fig4_q30_SE_cutadapt_unite_blast_top1_rescue_4D	DNeasy	4	mock_only	UNITE+RefSeq BLAST	RefSeq_BLAST	Cutadapt	SE	Other	1.1251034693369123e-4
fig4_q30_SE_cutadapt_unite_blast_top1_rescue	4Q	fig4_q30_SE_cutadapt_unite_blast_top1_rescue_4Q	QIAamp	4	mock_only	Mock type-strain BLAST	Mock_type_reference_BLAST	Cutadapt	SE	Aspergillus_fumigatus	0.03477099032654588
fig4_q30_SE_cutadapt_unite_blast_top1_rescue	4Q	fig4_q30_SE_cutadapt_unite_blast_top1_rescue_4Q	QIAamp	4	mock_only	Mock type-strain BLAST	Mock_type_reference_BLAST	Cutadapt	SE	Aspergillus_g	0
fig4_q30_SE_cutadapt_unite_blast_top1_rescue	4Q	fig4_q30_SE_cutadapt_unite_blast_top1_rescue_4Q	QIAamp	4	mock_only	Mock type-strain BLAST	Mock_type_reference_BLAST	Cutadapt	SE	Cryptococcus_gattii	0
fig4_q30_SE_cutadapt_unite_blast_top1_rescue	4Q	fig4_q30_SE_cutadapt_unite_blast_top1_rescue_4Q	QIAamp	4	mock_only	Mock type-strain BLAST	Mock_type_reference_BLAST	Cutadapt	SE	Cryptococcus_neoformans	0.1490460157126824
fig4_q30_SE_cutadapt_unite_blast_top1_rescue	4Q	fig4_q30_SE_cutadapt_unite_blast_top1_rescue_4Q	QIAamp	4	mock_only	Mock type-strain BLAST	Mock_type_reference_BLAST	Cutadapt	SE	Trichophyton_interdigitale	0.006253006253006253
fig4_q30_SE_cutadapt_unite_blast_top1_rescue	4Q	fig4_q30_SE_cutadapt_unite_blast_top1_rescue_4Q	QIAamp	4	mock_only	Mock type-strain BLAST	Mock_type_reference_BLAST	Cutadapt	SE	Trichophyton_mentagrophytes	0
fig4_q30_SE_cutadapt_unite_blast_top1_rescue	4Q	fig4_q30_SE_cutadapt_unite_blast_top1_rescue_4Q	QIAamp	4	mock_only	Mock type-strain BLAST	Mock_type_reference_BLAST	Cutadapt	SE	Penicillium_chrysogenum	0.13041526374859708
fig4_q30_SE_cutadapt_unite_blast_top1_rescue	4Q	fig4_q30_SE_cutadapt_unite_blast_top1_rescue_4Q	QIAamp	4	mock_only	Mock type-strain BLAST	Mock_type_reference_BLAST	Cutadapt	SE	Penicillium_flavigenum	0
fig4_q30_SE_cutadapt_unite_blast_top1_rescue	4Q	fig4_q30_SE_cutadapt_unite_blast_top1_rescue_4Q	QIAamp	4	mock_only	Mock type-strain BLAST	Mock_type_reference_BLAST	Cutadapt	SE	Penicillium_g	0
fig4_q30_SE_cutadapt_unite_blast_top1_rescue	4Q	fig4_q30_SE_cutadapt_unite_blast_top1_rescue_4Q	QIAamp	4	mock_only	Mock type-strain BLAST	Mock_type_reference_BLAST	Cutadapt	SE	Fusarium_g	0
fig4_q30_SE_cutadapt_unite_blast_top1_rescue	4Q	fig4_q30_SE_cutadapt_unite_blast_top1_rescue_4Q	QIAamp	4	mock_only	Mock type-strain BLAST	Mock_type_reference_BLAST	Cutadapt	SE	Fusarium_keratoplasticum	0.0020522687189353855
fig4_q30_SE_cutadapt_unite_blast_top1_rescue	4Q	fig4_q30_SE_cutadapt_unite_blast_top1_rescue_4Q	QIAamp	4	mock_only	Mock type-strain BLAST	Mock_type_reference_BLAST	Cutadapt	SE	Candida_africana	0
fig4_q30_SE_cutadapt_unite_blast_top1_rescue	4Q	fig4_q30_SE_cutadapt_unite_blast_top1_rescue_4Q	QIAamp	4	mock_only	Mock type-strain BLAST	Mock_type_reference_BLAST	Cutadapt	SE	Candida_albicans	0.2819517930629042
fig4_q30_SE_cutadapt_unite_blast_top1_rescue	4Q	fig4_q30_SE_cutadapt_unite_blast_top1_rescue_4Q	QIAamp	4	mock_only	Mock type-strain BLAST	Mock_type_reference_BLAST	Cutadapt	SE	Candida_g	0
fig4_q30_SE_cutadapt_unite_blast_top1_rescue	4Q	fig4_q30_SE_cutadapt_unite_blast_top1_rescue_4Q	QIAamp	4	mock_only	Mock type-strain BLAST	Mock_type_reference_BLAST	Cutadapt	SE	Candida_tropicalis	0
fig4_q30_SE_cutadapt_unite_blast_top1_rescue	4Q	fig4_q30_SE_cutadapt_unite_blast_top1_rescue_4Q	QIAamp	4	mock_only	Mock type-strain BLAST	Mock_type_reference_BLAST	Cutadapt	SE	Nakaseomyces_glabratus	0.10934744268077601
fig4_q30_SE_cutadapt_unite_blast_top1_rescue	4Q	fig4_q30_SE_cutadapt_unite_blast_top1_rescue_4Q	QIAamp	4	mock_only	Mock type-strain BLAST	Mock_type_reference_BLAST	Cutadapt	SE	Malassezia_g	0
fig4_q30_SE_cutadapt_unite_blast_top1_rescue	4Q	fig4_q30_SE_cutadapt_unite_blast_top1_rescue_4Q	QIAamp	4	mock_only	Mock type-strain BLAST	Mock_type_reference_BLAST	Cutadapt	SE	Malassezia_globosa	0
fig4_q30_SE_cutadapt_unite_blast_top1_rescue	4Q	fig4_q30_SE_cutadapt_unite_blast_top1_rescue_4Q	QIAamp	4	mock_only	Mock type-strain BLAST	Mock_type_reference_BLAST	Cutadapt	SE	Saccharomyces_arboricola	0
fig4_q30_SE_cutadapt_unite_blast_top1_rescue	4Q	fig4_q30_SE_cutadapt_unite_blast_top1_rescue_4Q	QIAamp	4	mock_only	Mock type-strain BLAST	Mock_type_reference_BLAST	Cutadapt	SE	Saccharomyces_cerevisiae	0.04196461974239752
fig4_q30_SE_cutadapt_unite_blast_top1_rescue	4Q	fig4_q30_SE_cutadapt_unite_blast_top1_rescue_4Q	QIAamp	4	mock_only	Mock type-strain BLAST	Mock_type_reference_BLAST	Cutadapt	SE	Saccharomyces_g	0
fig4_q30_SE_cutadapt_unite_blast_top1_rescue	4Q	fig4_q30_SE_cutadapt_unite_blast_top1_rescue_4Q	QIAamp	4	mock_only	Mock type-strain BLAST	Mock_type_reference_BLAST	Cutadapt	SE	Saccharomyces_uvarum	0
fig4_q30_SE_cutadapt_unite_blast_top1_rescue	4Q	fig4_q30_SE_cutadapt_unite_blast_top1_rescue_4Q	QIAamp	4	mock_only	Mock type-strain BLAST	Mock_type_reference_BLAST	Cutadapt	SE	Cutaneotrichosporon_dermatis	0.2441985997541553
fig4_q30_SE_cutadapt_unite_blast_top1_rescue	4Q	fig4_q30_SE_cutadapt_unite_blast_top1_rescue_4Q	QIAamp	4	mock_only	Mock type-strain BLAST	Mock_type_reference_BLAST	Cutadapt	SE	Cutaneotrichosporon_g	0
fig4_q30_SE_cutadapt_unite_blast_top1_rescue	4Q	fig4_q30_SE_cutadapt_unite_blast_top1_rescue_4Q	QIAamp	4	mock_only	Mock type-strain BLAST	Mock_type_reference_BLAST	Cutadapt	SE	Cutaneotrichosporon_mucoides	0
fig4_q30_SE_cutadapt_unite_blast_top1_rescue	4Q	fig4_q30_SE_cutadapt_unite_blast_top1_rescue_4Q	QIAamp	4	mock_only	Mock type-strain BLAST	Mock_type_reference_BLAST	Cutadapt	SE	Other	0
fig4_q30_SE_cutadapt_unite_blast_top1_rescue	4Q	fig4_q30_SE_cutadapt_unite_blast_top1_rescue_4Q	QIAamp	4	mock_only	UNITE	No_BLAST	Cutadapt	SE	Aspergillus_fumigatus	0.03477099032654588
fig4_q30_SE_cutadapt_unite_blast_top1_rescue	4Q	fig4_q30_SE_cutadapt_unite_blast_top1_rescue_4Q	QIAamp	4	mock_only	UNITE	No_BLAST	Cutadapt	SE	Aspergillus_g	0
fig4_q30_SE_cutadapt_unite_blast_top1_rescue	4Q	fig4_q30_SE_cutadapt_unite_blast_top1_rescue_4Q	QIAamp	4	mock_only	UNITE	No_BLAST	Cutadapt	SE	Cryptococcus_gattii	0
fig4_q30_SE_cutadapt_unite_blast_top1_rescue	4Q	fig4_q30_SE_cutadapt_unite_blast_top1_rescue_4Q	QIAamp	4	mock_only	UNITE	No_BLAST	Cutadapt	SE	Cryptococcus_neoformans	0.14899257121479342
fig4_q30_SE_cutadapt_unite_blast_top1_rescue	4Q	fig4_q30_SE_cutadapt_unite_blast_top1_rescue_4Q	QIAamp	4	mock_only	UNITE	No_BLAST	Cutadapt	SE	Trichophyton_interdigitale	0
fig4_q30_SE_cutadapt_unite_blast_top1_rescue	4Q	fig4_q30_SE_cutadapt_unite_blast_top1_rescue_4Q	QIAamp	4	mock_only	UNITE	No_BLAST	Cutadapt	SE	Trichophyton_mentagrophytes	0.006253006253006253
fig4_q30_SE_cutadapt_unite_blast_top1_rescue	4Q	fig4_q30_SE_cutadapt_unite_blast_top1_rescue_4Q	QIAamp	4	mock_only	UNITE	No_BLAST	Cutadapt	SE	Penicillium_chrysogenum	0
fig4_q30_SE_cutadapt_unite_blast_top1_rescue	4Q	fig4_q30_SE_cutadapt_unite_blast_top1_rescue_4Q	QIAamp	4	mock_only	UNITE	No_BLAST	Cutadapt	SE	Penicillium_flavigenum	0
fig4_q30_SE_cutadapt_unite_blast_top1_rescue	4Q	fig4_q30_SE_cutadapt_unite_blast_top1_rescue_4Q	QIAamp	4	mock_only	UNITE	No_BLAST	Cutadapt	SE	Penicillium_g	0
fig4_q30_SE_cutadapt_unite_blast_top1_rescue	4Q	fig4_q30_SE_cutadapt_unite_blast_top1_rescue_4Q	QIAamp	4	mock_only	UNITE	No_BLAST	Cutadapt	SE	Fusarium_g	0
fig4_q30_SE_cutadapt_unite_blast_top1_rescue	4Q	fig4_q30_SE_cutadapt_unite_blast_top1_rescue_4Q	QIAamp	4	mock_only	UNITE	No_BLAST	Cutadapt	SE	Fusarium_keratoplasticum	0
fig4_q30_SE_cutadapt_unite_blast_top1_rescue	4Q	fig4_q30_SE_cutadapt_unite_blast_top1_rescue_4Q	QIAamp	4	mock_only	UNITE	No_BLAST	Cutadapt	SE	Candida_africana	0
fig4_q30_SE_cutadapt_unite_blast_top1_rescue	4Q	fig4_q30_SE_cutadapt_unite_blast_top1_rescue_4Q	QIAamp	4	mock_only	UNITE	No_BLAST	Cutadapt	SE	Candida_albicans	0.2817487039709262
fig4_q30_SE_cutadapt_unite_blast_top1_rescue	4Q	fig4_q30_SE_cutadapt_unite_blast_top1_rescue_4Q	QIAamp	4	mock_only	UNITE	No_BLAST	Cutadapt	SE	Candida_g	0
fig4_q30_SE_cutadapt_unite_blast_top1_rescue	4Q	fig4_q30_SE_cutadapt_unite_blast_top1_rescue_4Q	QIAamp	4	mock_only	UNITE	No_BLAST	Cutadapt	SE	Candida_tropicalis	0
fig4_q30_SE_cutadapt_unite_blast_top1_rescue	4Q	fig4_q30_SE_cutadapt_unite_blast_top1_rescue_4Q	QIAamp	4	mock_only	UNITE	No_BLAST	Cutadapt	SE	Nakaseomyces_glabratus	0.10925124258457591
fig4_q30_SE_cutadapt_unite_blast_top1_rescue	4Q	fig4_q30_SE_cutadapt_unite_blast_top1_rescue_4Q	QIAamp	4	mock_only	UNITE	No_BLAST	Cutadapt	SE	Malassezia_g	0
fig4_q30_SE_cutadapt_unite_blast_top1_rescue	4Q	fig4_q30_SE_cutadapt_unite_blast_top1_rescue_4Q	QIAamp	4	mock_only	UNITE	No_BLAST	Cutadapt	SE	Malassezia_globosa	0
fig4_q30_SE_cutadapt_unite_blast_top1_rescue	4Q	fig4_q30_SE_cutadapt_unite_blast_top1_rescue_4Q	QIAamp	4	mock_only	UNITE	No_BLAST	Cutadapt	SE	Saccharomyces_arboricola	0
fig4_q30_SE_cutadapt_unite_blast_top1_rescue	4Q	fig4_q30_SE_cutadapt_unite_blast_top1_rescue_4Q	QIAamp	4	mock_only	UNITE	No_BLAST	Cutadapt	SE	Saccharomyces_cerevisiae	0.041911175244508575
fig4_q30_SE_cutadapt_unite_blast_top1_rescue	4Q	fig4_q30_SE_cutadapt_unite_blast_top1_rescue_4Q	QIAamp	4	mock_only	UNITE	No_BLAST	Cutadapt	SE	Saccharomyces_g	0
fig4_q30_SE_cutadapt_unite_blast_top1_rescue	4Q	fig4_q30_SE_cutadapt_unite_blast_top1_rescue_4Q	QIAamp	4	mock_only	UNITE	No_BLAST	Cutadapt	SE	Saccharomyces_uvarum	0
fig4_q30_SE_cutadapt_unite_blast_top1_rescue	4Q	fig4_q30_SE_cutadapt_unite_blast_top1_rescue_4Q	QIAamp	4	mock_only	UNITE	No_BLAST	Cutadapt	SE	Cutaneotrichosporon_dermatis	0
fig4_q30_SE_cutadapt_unite_blast_top1_rescue	4Q	fig4_q30_SE_cutadapt_unite_blast_top1_rescue_4Q	QIAamp	4	mock_only	UNITE	No_BLAST	Cutadapt	SE	Cutaneotrichosporon_g	0
fig4_q30_SE_cutadapt_unite_blast_top1_rescue	4Q	fig4_q30_SE_cutadapt_unite_blast_top1_rescue_4Q	QIAamp	4	mock_only	UNITE	No_BLAST	Cutadapt	SE	Cutaneotrichosporon_mucoides	0.24409171075837743
fig4_q30_SE_cutadapt_unite_blast_top1_rescue	4Q	fig4_q30_SE_cutadapt_unite_blast_top1_rescue_4Q	QIAamp	4	mock_only	UNITE	No_BLAST	Cutadapt	SE	Other	0.13298059964726633
fig4_q30_SE_cutadapt_unite_blast_top1_rescue	4Q	fig4_q30_SE_cutadapt_unite_blast_top1_rescue_4Q	QIAamp	4	mock_only	UNITE+RefSeq BLAST	RefSeq_BLAST	Cutadapt	SE	Aspergillus_fumigatus	0.03477099032654588
fig4_q30_SE_cutadapt_unite_blast_top1_rescue	4Q	fig4_q30_SE_cutadapt_unite_blast_top1_rescue_4Q	QIAamp	4	mock_only	UNITE+RefSeq BLAST	RefSeq_BLAST	Cutadapt	SE	Aspergillus_g	0
fig4_q30_SE_cutadapt_unite_blast_top1_rescue	4Q	fig4_q30_SE_cutadapt_unite_blast_top1_rescue_4Q	QIAamp	4	mock_only	UNITE+RefSeq BLAST	RefSeq_BLAST	Cutadapt	SE	Cryptococcus_gattii	5.344449788894233e-5
fig4_q30_SE_cutadapt_unite_blast_top1_rescue	4Q	fig4_q30_SE_cutadapt_unite_blast_top1_rescue_4Q	QIAamp	4	mock_only	UNITE+RefSeq BLAST	RefSeq_BLAST	Cutadapt	SE	Cryptococcus_neoformans	0.14899257121479342
fig4_q30_SE_cutadapt_unite_blast_top1_rescue	4Q	fig4_q30_SE_cutadapt_unite_blast_top1_rescue_4Q	QIAamp	4	mock_only	UNITE+RefSeq BLAST	RefSeq_BLAST	Cutadapt	SE	Trichophyton_interdigitale	0
fig4_q30_SE_cutadapt_unite_blast_top1_rescue	4Q	fig4_q30_SE_cutadapt_unite_blast_top1_rescue_4Q	QIAamp	4	mock_only	UNITE+RefSeq BLAST	RefSeq_BLAST	Cutadapt	SE	Trichophyton_mentagrophytes	0.006253006253006253
fig4_q30_SE_cutadapt_unite_blast_top1_rescue	4Q	fig4_q30_SE_cutadapt_unite_blast_top1_rescue_4Q	QIAamp	4	mock_only	UNITE+RefSeq BLAST	RefSeq_BLAST	Cutadapt	SE	Penicillium_chrysogenum	0.13041526374859708
fig4_q30_SE_cutadapt_unite_blast_top1_rescue	4Q	fig4_q30_SE_cutadapt_unite_blast_top1_rescue_4Q	QIAamp	4	mock_only	UNITE+RefSeq BLAST	RefSeq_BLAST	Cutadapt	SE	Penicillium_flavigenum	0
fig4_q30_SE_cutadapt_unite_blast_top1_rescue	4Q	fig4_q30_SE_cutadapt_unite_blast_top1_rescue_4Q	QIAamp	4	mock_only	UNITE+RefSeq BLAST	RefSeq_BLAST	Cutadapt	SE	Penicillium_g	0
fig4_q30_SE_cutadapt_unite_blast_top1_rescue	4Q	fig4_q30_SE_cutadapt_unite_blast_top1_rescue_4Q	QIAamp	4	mock_only	UNITE+RefSeq BLAST	RefSeq_BLAST	Cutadapt	SE	Fusarium_g	0
fig4_q30_SE_cutadapt_unite_blast_top1_rescue	4Q	fig4_q30_SE_cutadapt_unite_blast_top1_rescue_4Q	QIAamp	4	mock_only	UNITE+RefSeq BLAST	RefSeq_BLAST	Cutadapt	SE	Fusarium_keratoplasticum	0.0020522687189353855
fig4_q30_SE_cutadapt_unite_blast_top1_rescue	4Q	fig4_q30_SE_cutadapt_unite_blast_top1_rescue_4Q	QIAamp	4	mock_only	UNITE+RefSeq BLAST	RefSeq_BLAST	Cutadapt	SE	Candida_africana	2.0308909197798086e-4
fig4_q30_SE_cutadapt_unite_blast_top1_rescue	4Q	fig4_q30_SE_cutadapt_unite_blast_top1_rescue_4Q	QIAamp	4	mock_only	UNITE+RefSeq BLAST	RefSeq_BLAST	Cutadapt	SE	Candida_albicans	0.2817487039709262
fig4_q30_SE_cutadapt_unite_blast_top1_rescue	4Q	fig4_q30_SE_cutadapt_unite_blast_top1_rescue_4Q	QIAamp	4	mock_only	UNITE+RefSeq BLAST	RefSeq_BLAST	Cutadapt	SE	Candida_g	0
fig4_q30_SE_cutadapt_unite_blast_top1_rescue	4Q	fig4_q30_SE_cutadapt_unite_blast_top1_rescue_4Q	QIAamp	4	mock_only	UNITE+RefSeq BLAST	RefSeq_BLAST	Cutadapt	SE	Candida_tropicalis	0
fig4_q30_SE_cutadapt_unite_blast_top1_rescue	4Q	fig4_q30_SE_cutadapt_unite_blast_top1_rescue_4Q	QIAamp	4	mock_only	UNITE+RefSeq BLAST	RefSeq_BLAST	Cutadapt	SE	Nakaseomyces_glabratus	0.10925124258457591
fig4_q30_SE_cutadapt_unite_blast_top1_rescue	4Q	fig4_q30_SE_cutadapt_unite_blast_top1_rescue_4Q	QIAamp	4	mock_only	UNITE+RefSeq BLAST	RefSeq_BLAST	Cutadapt	SE	Malassezia_g	0
fig4_q30_SE_cutadapt_unite_blast_top1_rescue	4Q	fig4_q30_SE_cutadapt_unite_blast_top1_rescue_4Q	QIAamp	4	mock_only	UNITE+RefSeq BLAST	RefSeq_BLAST	Cutadapt	SE	Malassezia_globosa	0
fig4_q30_SE_cutadapt_unite_blast_top1_rescue	4Q	fig4_q30_SE_cutadapt_unite_blast_top1_rescue_4Q	QIAamp	4	mock_only	UNITE+RefSeq BLAST	RefSeq_BLAST	Cutadapt	SE	Saccharomyces_arboricola	0
fig4_q30_SE_cutadapt_unite_blast_top1_rescue	4Q	fig4_q30_SE_cutadapt_unite_blast_top1_rescue_4Q	QIAamp	4	mock_only	UNITE+RefSeq BLAST	RefSeq_BLAST	Cutadapt	SE	Saccharomyces_cerevisiae	0.041911175244508575
fig4_q30_SE_cutadapt_unite_blast_top1_rescue	4Q	fig4_q30_SE_cutadapt_unite_blast_top1_rescue_4Q	QIAamp	4	mock_only	UNITE+RefSeq BLAST	RefSeq_BLAST	Cutadapt	SE	Saccharomyces_g	0
fig4_q30_SE_cutadapt_unite_blast_top1_rescue	4Q	fig4_q30_SE_cutadapt_unite_blast_top1_rescue_4Q	QIAamp	4	mock_only	UNITE+RefSeq BLAST	RefSeq_BLAST	Cutadapt	SE	Saccharomyces_uvarum	0
fig4_q30_SE_cutadapt_unite_blast_top1_rescue	4Q	fig4_q30_SE_cutadapt_unite_blast_top1_rescue_4Q	QIAamp	4	mock_only	UNITE+RefSeq BLAST	RefSeq_BLAST	Cutadapt	SE	Cutaneotrichosporon_dermatis	1.0688899577788467e-4
fig4_q30_SE_cutadapt_unite_blast_top1_rescue	4Q	fig4_q30_SE_cutadapt_unite_blast_top1_rescue_4Q	QIAamp	4	mock_only	UNITE+RefSeq BLAST	RefSeq_BLAST	Cutadapt	SE	Cutaneotrichosporon_g	0
fig4_q30_SE_cutadapt_unite_blast_top1_rescue	4Q	fig4_q30_SE_cutadapt_unite_blast_top1_rescue_4Q	QIAamp	4	mock_only	UNITE+RefSeq BLAST	RefSeq_BLAST	Cutadapt	SE	Cutaneotrichosporon_mucoides	0.24409171075837743
fig4_q30_SE_cutadapt_unite_blast_top1_rescue	4Q	fig4_q30_SE_cutadapt_unite_blast_top1_rescue_4Q	QIAamp	4	mock_only	UNITE+RefSeq BLAST	RefSeq_BLAST	Cutadapt	SE	Other	1.4964459408903854e-4
fig4_q30_SE_cutadapt_unite_blast_top1_rescue	4Z	fig4_q30_SE_cutadapt_unite_blast_top1_rescue_4Z	Zymo	4	mock_only	Mock type-strain BLAST	Mock_type_reference_BLAST	Cutadapt	SE	Aspergillus_fumigatus	0.0261870843049897
fig4_q30_SE_cutadapt_unite_blast_top1_rescue	4Z	fig4_q30_SE_cutadapt_unite_blast_top1_rescue_4Z	Zymo	4	mock_only	Mock type-strain BLAST	Mock_type_reference_BLAST	Cutadapt	SE	Aspergillus_g	0
fig4_q30_SE_cutadapt_unite_blast_top1_rescue	4Z	fig4_q30_SE_cutadapt_unite_blast_top1_rescue_4Z	Zymo	4	mock_only	Mock type-strain BLAST	Mock_type_reference_BLAST	Cutadapt	SE	Cryptococcus_gattii	0
fig4_q30_SE_cutadapt_unite_blast_top1_rescue	4Z	fig4_q30_SE_cutadapt_unite_blast_top1_rescue_4Z	Zymo	4	mock_only	Mock type-strain BLAST	Mock_type_reference_BLAST	Cutadapt	SE	Cryptococcus_neoformans	0.15136062137613762
fig4_q30_SE_cutadapt_unite_blast_top1_rescue	4Z	fig4_q30_SE_cutadapt_unite_blast_top1_rescue_4Z	Zymo	4	mock_only	Mock type-strain BLAST	Mock_type_reference_BLAST	Cutadapt	SE	Trichophyton_interdigitale	0.0033845400019962436
fig4_q30_SE_cutadapt_unite_blast_top1_rescue	4Z	fig4_q30_SE_cutadapt_unite_blast_top1_rescue_4Z	Zymo	4	mock_only	Mock type-strain BLAST	Mock_type_reference_BLAST	Cutadapt	SE	Trichophyton_mentagrophytes	0
fig4_q30_SE_cutadapt_unite_blast_top1_rescue	4Z	fig4_q30_SE_cutadapt_unite_blast_top1_rescue_4Z	Zymo	4	mock_only	Mock type-strain BLAST	Mock_type_reference_BLAST	Cutadapt	SE	Penicillium_chrysogenum	0.12266915894634642
fig4_q30_SE_cutadapt_unite_blast_top1_rescue	4Z	fig4_q30_SE_cutadapt_unite_blast_top1_rescue_4Z	Zymo	4	mock_only	Mock type-strain BLAST	Mock_type_reference_BLAST	Cutadapt	SE	Penicillium_flavigenum	0
fig4_q30_SE_cutadapt_unite_blast_top1_rescue	4Z	fig4_q30_SE_cutadapt_unite_blast_top1_rescue_4Z	Zymo	4	mock_only	Mock type-strain BLAST	Mock_type_reference_BLAST	Cutadapt	SE	Penicillium_g	0
fig4_q30_SE_cutadapt_unite_blast_top1_rescue	4Z	fig4_q30_SE_cutadapt_unite_blast_top1_rescue_4Z	Zymo	4	mock_only	Mock type-strain BLAST	Mock_type_reference_BLAST	Cutadapt	SE	Fusarium_g	0
fig4_q30_SE_cutadapt_unite_blast_top1_rescue	4Z	fig4_q30_SE_cutadapt_unite_blast_top1_rescue_4Z	Zymo	4	mock_only	Mock type-strain BLAST	Mock_type_reference_BLAST	Cutadapt	SE	Fusarium_keratoplasticum	0.0019690219314562594
fig4_q30_SE_cutadapt_unite_blast_top1_rescue	4Z	fig4_q30_SE_cutadapt_unite_blast_top1_rescue_4Z	Zymo	4	mock_only	Mock type-strain BLAST	Mock_type_reference_BLAST	Cutadapt	SE	Candida_africana	0
fig4_q30_SE_cutadapt_unite_blast_top1_rescue	4Z	fig4_q30_SE_cutadapt_unite_blast_top1_rescue_4Z	Zymo	4	mock_only	Mock type-strain BLAST	Mock_type_reference_BLAST	Cutadapt	SE	Candida_albicans	0.31430852849637503
fig4_q30_SE_cutadapt_unite_blast_top1_rescue	4Z	fig4_q30_SE_cutadapt_unite_blast_top1_rescue_4Z	Zymo	4	mock_only	Mock type-strain BLAST	Mock_type_reference_BLAST	Cutadapt	SE	Candida_g	0
fig4_q30_SE_cutadapt_unite_blast_top1_rescue	4Z	fig4_q30_SE_cutadapt_unite_blast_top1_rescue_4Z	Zymo	4	mock_only	Mock type-strain BLAST	Mock_type_reference_BLAST	Cutadapt	SE	Candida_tropicalis	0
fig4_q30_SE_cutadapt_unite_blast_top1_rescue	4Z	fig4_q30_SE_cutadapt_unite_blast_top1_rescue_4Z	Zymo	4	mock_only	Mock type-strain BLAST	Mock_type_reference_BLAST	Cutadapt	SE	Nakaseomyces_glabratus	0.09317012530964458
fig4_q30_SE_cutadapt_unite_blast_top1_rescue	4Z	fig4_q30_SE_cutadapt_unite_blast_top1_rescue_4Z	Zymo	4	mock_only	Mock type-strain BLAST	Mock_type_reference_BLAST	Cutadapt	SE	Malassezia_g	0
fig4_q30_SE_cutadapt_unite_blast_top1_rescue	4Z	fig4_q30_SE_cutadapt_unite_blast_top1_rescue_4Z	Zymo	4	mock_only	Mock type-strain BLAST	Mock_type_reference_BLAST	Cutadapt	SE	Malassezia_globosa	3.629533514205087e-5
fig4_q30_SE_cutadapt_unite_blast_top1_rescue	4Z	fig4_q30_SE_cutadapt_unite_blast_top1_rescue_4Z	Zymo	4	mock_only	Mock type-strain BLAST	Mock_type_reference_BLAST	Cutadapt	SE	Saccharomyces_arboricola	0
fig4_q30_SE_cutadapt_unite_blast_top1_rescue	4Z	fig4_q30_SE_cutadapt_unite_blast_top1_rescue_4Z	Zymo	4	mock_only	Mock type-strain BLAST	Mock_type_reference_BLAST	Cutadapt	SE	Saccharomyces_cerevisiae	0.055894816118758336
fig4_q30_SE_cutadapt_unite_blast_top1_rescue	4Z	fig4_q30_SE_cutadapt_unite_blast_top1_rescue_4Z	Zymo	4	mock_only	Mock type-strain BLAST	Mock_type_reference_BLAST	Cutadapt	SE	Saccharomyces_g	0
fig4_q30_SE_cutadapt_unite_blast_top1_rescue	4Z	fig4_q30_SE_cutadapt_unite_blast_top1_rescue_4Z	Zymo	4	mock_only	Mock type-strain BLAST	Mock_type_reference_BLAST	Cutadapt	SE	Saccharomyces_uvarum	0
fig4_q30_SE_cutadapt_unite_blast_top1_rescue	4Z	fig4_q30_SE_cutadapt_unite_blast_top1_rescue_4Z	Zymo	4	mock_only	Mock type-strain BLAST	Mock_type_reference_BLAST	Cutadapt	SE	Cutaneotrichosporon_dermatis	0.23101980817915377
fig4_q30_SE_cutadapt_unite_blast_top1_rescue	4Z	fig4_q30_SE_cutadapt_unite_blast_top1_rescue_4Z	Zymo	4	mock_only	Mock type-strain BLAST	Mock_type_reference_BLAST	Cutadapt	SE	Cutaneotrichosporon_g	0
fig4_q30_SE_cutadapt_unite_blast_top1_rescue	4Z	fig4_q30_SE_cutadapt_unite_blast_top1_rescue_4Z	Zymo	4	mock_only	Mock type-strain BLAST	Mock_type_reference_BLAST	Cutadapt	SE	Cutaneotrichosporon_mucoides	0
fig4_q30_SE_cutadapt_unite_blast_top1_rescue	4Z	fig4_q30_SE_cutadapt_unite_blast_top1_rescue_4Z	Zymo	4	mock_only	Mock type-strain BLAST	Mock_type_reference_BLAST	Cutadapt	SE	Other	0
fig4_q30_SE_cutadapt_unite_blast_top1_rescue	4Z	fig4_q30_SE_cutadapt_unite_blast_top1_rescue_4Z	Zymo	4	mock_only	UNITE	No_BLAST	Cutadapt	SE	Aspergillus_fumigatus	0.026168936637418677
fig4_q30_SE_cutadapt_unite_blast_top1_rescue	4Z	fig4_q30_SE_cutadapt_unite_blast_top1_rescue_4Z	Zymo	4	mock_only	UNITE	No_BLAST	Cutadapt	SE	Aspergillus_g	0
fig4_q30_SE_cutadapt_unite_blast_top1_rescue	4Z	fig4_q30_SE_cutadapt_unite_blast_top1_rescue_4Z	Zymo	4	mock_only	UNITE	No_BLAST	Cutadapt	SE	Cryptococcus_gattii	0
fig4_q30_SE_cutadapt_unite_blast_top1_rescue	4Z	fig4_q30_SE_cutadapt_unite_blast_top1_rescue_4Z	Zymo	4	mock_only	UNITE	No_BLAST	Cutadapt	SE	Cryptococcus_neoformans	0.15127895687206802
fig4_q30_SE_cutadapt_unite_blast_top1_rescue	4Z	fig4_q30_SE_cutadapt_unite_blast_top1_rescue_4Z	Zymo	4	mock_only	UNITE	No_BLAST	Cutadapt	SE	Trichophyton_interdigitale	0
fig4_q30_SE_cutadapt_unite_blast_top1_rescue	4Z	fig4_q30_SE_cutadapt_unite_blast_top1_rescue_4Z	Zymo	4	mock_only	UNITE	No_BLAST	Cutadapt	SE	Trichophyton_mentagrophytes	0.0033845400019962436
fig4_q30_SE_cutadapt_unite_blast_top1_rescue	4Z	fig4_q30_SE_cutadapt_unite_blast_top1_rescue_4Z	Zymo	4	mock_only	UNITE	No_BLAST	Cutadapt	SE	Penicillium_chrysogenum	0
fig4_q30_SE_cutadapt_unite_blast_top1_rescue	4Z	fig4_q30_SE_cutadapt_unite_blast_top1_rescue_4Z	Zymo	4	mock_only	UNITE	No_BLAST	Cutadapt	SE	Penicillium_flavigenum	0
fig4_q30_SE_cutadapt_unite_blast_top1_rescue	4Z	fig4_q30_SE_cutadapt_unite_blast_top1_rescue_4Z	Zymo	4	mock_only	UNITE	No_BLAST	Cutadapt	SE	Penicillium_g	0
fig4_q30_SE_cutadapt_unite_blast_top1_rescue	4Z	fig4_q30_SE_cutadapt_unite_blast_top1_rescue_4Z	Zymo	4	mock_only	UNITE	No_BLAST	Cutadapt	SE	Fusarium_g	0
fig4_q30_SE_cutadapt_unite_blast_top1_rescue	4Z	fig4_q30_SE_cutadapt_unite_blast_top1_rescue_4Z	Zymo	4	mock_only	UNITE	No_BLAST	Cutadapt	SE	Fusarium_keratoplasticum	0
fig4_q30_SE_cutadapt_unite_blast_top1_rescue	4Z	fig4_q30_SE_cutadapt_unite_blast_top1_rescue_4Z	Zymo	4	mock_only	UNITE	No_BLAST	Cutadapt	SE	Candida_africana	0
fig4_q30_SE_cutadapt_unite_blast_top1_rescue	4Z	fig4_q30_SE_cutadapt_unite_blast_top1_rescue_4Z	Zymo	4	mock_only	UNITE	No_BLAST	Cutadapt	SE	Candida_albicans	0.31411797798687924
fig4_q30_SE_cutadapt_unite_blast_top1_rescue	4Z	fig4_q30_SE_cutadapt_unite_blast_top1_rescue_4Z	Zymo	4	mock_only	UNITE	No_BLAST	Cutadapt	SE	Candida_g	0
fig4_q30_SE_cutadapt_unite_blast_top1_rescue	4Z	fig4_q30_SE_cutadapt_unite_blast_top1_rescue_4Z	Zymo	4	mock_only	UNITE	No_BLAST	Cutadapt	SE	Candida_tropicalis	0
fig4_q30_SE_cutadapt_unite_blast_top1_rescue	4Z	fig4_q30_SE_cutadapt_unite_blast_top1_rescue_4Z	Zymo	4	mock_only	UNITE	No_BLAST	Cutadapt	SE	Nakaseomyces_glabratus	0.09312475614071701
fig4_q30_SE_cutadapt_unite_blast_top1_rescue	4Z	fig4_q30_SE_cutadapt_unite_blast_top1_rescue_4Z	Zymo	4	mock_only	UNITE	No_BLAST	Cutadapt	SE	Malassezia_g	0
fig4_q30_SE_cutadapt_unite_blast_top1_rescue	4Z	fig4_q30_SE_cutadapt_unite_blast_top1_rescue_4Z	Zymo	4	mock_only	UNITE	No_BLAST	Cutadapt	SE	Malassezia_globosa	3.629533514205087e-5
fig4_q30_SE_cutadapt_unite_blast_top1_rescue	4Z	fig4_q30_SE_cutadapt_unite_blast_top1_rescue_4Z	Zymo	4	mock_only	UNITE	No_BLAST	Cutadapt	SE	Saccharomyces_arboricola	0
fig4_q30_SE_cutadapt_unite_blast_top1_rescue	4Z	fig4_q30_SE_cutadapt_unite_blast_top1_rescue_4Z	Zymo	4	mock_only	UNITE	No_BLAST	Cutadapt	SE	Saccharomyces_cerevisiae	0.055894816118758336
fig4_q30_SE_cutadapt_unite_blast_top1_rescue	4Z	fig4_q30_SE_cutadapt_unite_blast_top1_rescue_4Z	Zymo	4	mock_only	UNITE	No_BLAST	Cutadapt	SE	Saccharomyces_g	0
fig4_q30_SE_cutadapt_unite_blast_top1_rescue	4Z	fig4_q30_SE_cutadapt_unite_blast_top1_rescue_4Z	Zymo	4	mock_only	UNITE	No_BLAST	Cutadapt	SE	Saccharomyces_uvarum	0
fig4_q30_SE_cutadapt_unite_blast_top1_rescue	4Z	fig4_q30_SE_cutadapt_unite_blast_top1_rescue_4Z	Zymo	4	mock_only	UNITE	No_BLAST	Cutadapt	SE	Cutaneotrichosporon_dermatis	0
fig4_q30_SE_cutadapt_unite_blast_top1_rescue	4Z	fig4_q30_SE_cutadapt_unite_blast_top1_rescue_4Z	Zymo	4	mock_only	UNITE	No_BLAST	Cutadapt	SE	Cutaneotrichosporon_g	0
fig4_q30_SE_cutadapt_unite_blast_top1_rescue	4Z	fig4_q30_SE_cutadapt_unite_blast_top1_rescue_4Z	Zymo	4	mock_only	UNITE	No_BLAST	Cutadapt	SE	Cutaneotrichosporon_mucoides	0.23092906984129866
fig4_q30_SE_cutadapt_unite_blast_top1_rescue	4Z	fig4_q30_SE_cutadapt_unite_blast_top1_rescue_4Z	Zymo	4	mock_only	UNITE	No_BLAST	Cutadapt	SE	Other	0.1250646510657218
fig4_q30_SE_cutadapt_unite_blast_top1_rescue	4Z	fig4_q30_SE_cutadapt_unite_blast_top1_rescue_4Z	Zymo	4	mock_only	UNITE+RefSeq BLAST	RefSeq_BLAST	Cutadapt	SE	Aspergillus_fumigatus	0.026168936637418677
fig4_q30_SE_cutadapt_unite_blast_top1_rescue	4Z	fig4_q30_SE_cutadapt_unite_blast_top1_rescue_4Z	Zymo	4	mock_only	UNITE+RefSeq BLAST	RefSeq_BLAST	Cutadapt	SE	Aspergillus_g	0
fig4_q30_SE_cutadapt_unite_blast_top1_rescue	4Z	fig4_q30_SE_cutadapt_unite_blast_top1_rescue_4Z	Zymo	4	mock_only	UNITE+RefSeq BLAST	RefSeq_BLAST	Cutadapt	SE	Cryptococcus_gattii	8.166450406961445e-5
fig4_q30_SE_cutadapt_unite_blast_top1_rescue	4Z	fig4_q30_SE_cutadapt_unite_blast_top1_rescue_4Z	Zymo	4	mock_only	UNITE+RefSeq BLAST	RefSeq_BLAST	Cutadapt	SE	Cryptococcus_neoformans	0.15127895687206802
fig4_q30_SE_cutadapt_unite_blast_top1_rescue	4Z	fig4_q30_SE_cutadapt_unite_blast_top1_rescue_4Z	Zymo	4	mock_only	UNITE+RefSeq BLAST	RefSeq_BLAST	Cutadapt	SE	Trichophyton_interdigitale	0
fig4_q30_SE_cutadapt_unite_blast_top1_rescue	4Z	fig4_q30_SE_cutadapt_unite_blast_top1_rescue_4Z	Zymo	4	mock_only	UNITE+RefSeq BLAST	RefSeq_BLAST	Cutadapt	SE	Trichophyton_mentagrophytes	0.0033845400019962436
fig4_q30_SE_cutadapt_unite_blast_top1_rescue	4Z	fig4_q30_SE_cutadapt_unite_blast_top1_rescue_4Z	Zymo	4	mock_only	UNITE+RefSeq BLAST	RefSeq_BLAST	Cutadapt	SE	Penicillium_chrysogenum	0.12246953460306514
fig4_q30_SE_cutadapt_unite_blast_top1_rescue	4Z	fig4_q30_SE_cutadapt_unite_blast_top1_rescue_4Z	Zymo	4	mock_only	UNITE+RefSeq BLAST	RefSeq_BLAST	Cutadapt	SE	Penicillium_flavigenum	0
fig4_q30_SE_cutadapt_unite_blast_top1_rescue	4Z	fig4_q30_SE_cutadapt_unite_blast_top1_rescue_4Z	Zymo	4	mock_only	UNITE+RefSeq BLAST	RefSeq_BLAST	Cutadapt	SE	Penicillium_g	0
fig4_q30_SE_cutadapt_unite_blast_top1_rescue	4Z	fig4_q30_SE_cutadapt_unite_blast_top1_rescue_4Z	Zymo	4	mock_only	UNITE+RefSeq BLAST	RefSeq_BLAST	Cutadapt	SE	Fusarium_g	0
fig4_q30_SE_cutadapt_unite_blast_top1_rescue	4Z	fig4_q30_SE_cutadapt_unite_blast_top1_rescue_4Z	Zymo	4	mock_only	UNITE+RefSeq BLAST	RefSeq_BLAST	Cutadapt	SE	Fusarium_keratoplasticum	0.0019690219314562594
fig4_q30_SE_cutadapt_unite_blast_top1_rescue	4Z	fig4_q30_SE_cutadapt_unite_blast_top1_rescue_4Z	Zymo	4	mock_only	UNITE+RefSeq BLAST	RefSeq_BLAST	Cutadapt	SE	Candida_africana	1.9055050949576705e-4
fig4_q30_SE_cutadapt_unite_blast_top1_rescue	4Z	fig4_q30_SE_cutadapt_unite_blast_top1_rescue_4Z	Zymo	4	mock_only	UNITE+RefSeq BLAST	RefSeq_BLAST	Cutadapt	SE	Candida_albicans	0.31411797798687924
fig4_q30_SE_cutadapt_unite_blast_top1_rescue	4Z	fig4_q30_SE_cutadapt_unite_blast_top1_rescue_4Z	Zymo	4	mock_only	UNITE+RefSeq BLAST	RefSeq_BLAST	Cutadapt	SE	Candida_g	0
fig4_q30_SE_cutadapt_unite_blast_top1_rescue	4Z	fig4_q30_SE_cutadapt_unite_blast_top1_rescue_4Z	Zymo	4	mock_only	UNITE+RefSeq BLAST	RefSeq_BLAST	Cutadapt	SE	Candida_tropicalis	0
fig4_q30_SE_cutadapt_unite_blast_top1_rescue	4Z	fig4_q30_SE_cutadapt_unite_blast_top1_rescue_4Z	Zymo	4	mock_only	UNITE+RefSeq BLAST	RefSeq_BLAST	Cutadapt	SE	Nakaseomyces_glabratus	0.09312475614071701
fig4_q30_SE_cutadapt_unite_blast_top1_rescue	4Z	fig4_q30_SE_cutadapt_unite_blast_top1_rescue_4Z	Zymo	4	mock_only	UNITE+RefSeq BLAST	RefSeq_BLAST	Cutadapt	SE	Malassezia_g	0
fig4_q30_SE_cutadapt_unite_blast_top1_rescue	4Z	fig4_q30_SE_cutadapt_unite_blast_top1_rescue_4Z	Zymo	4	mock_only	UNITE+RefSeq BLAST	RefSeq_BLAST	Cutadapt	SE	Malassezia_globosa	3.629533514205087e-5
fig4_q30_SE_cutadapt_unite_blast_top1_rescue	4Z	fig4_q30_SE_cutadapt_unite_blast_top1_rescue_4Z	Zymo	4	mock_only	UNITE+RefSeq BLAST	RefSeq_BLAST	Cutadapt	SE	Saccharomyces_arboricola	0
fig4_q30_SE_cutadapt_unite_blast_top1_rescue	4Z	fig4_q30_SE_cutadapt_unite_blast_top1_rescue_4Z	Zymo	4	mock_only	UNITE+RefSeq BLAST	RefSeq_BLAST	Cutadapt	SE	Saccharomyces_cerevisiae	0.055894816118758336
fig4_q30_SE_cutadapt_unite_blast_top1_rescue	4Z	fig4_q30_SE_cutadapt_unite_blast_top1_rescue_4Z	Zymo	4	mock_only	UNITE+RefSeq BLAST	RefSeq_BLAST	Cutadapt	SE	Saccharomyces_g	0
fig4_q30_SE_cutadapt_unite_blast_top1_rescue	4Z	fig4_q30_SE_cutadapt_unite_blast_top1_rescue_4Z	Zymo	4	mock_only	UNITE+RefSeq BLAST	RefSeq_BLAST	Cutadapt	SE	Saccharomyces_uvarum	0
fig4_q30_SE_cutadapt_unite_blast_top1_rescue	4Z	fig4_q30_SE_cutadapt_unite_blast_top1_rescue_4Z	Zymo	4	mock_only	UNITE+RefSeq BLAST	RefSeq_BLAST	Cutadapt	SE	Cutaneotrichosporon_dermatis	9.073833785512717e-5
fig4_q30_SE_cutadapt_unite_blast_top1_rescue	4Z	fig4_q30_SE_cutadapt_unite_blast_top1_rescue_4Z	Zymo	4	mock_only	UNITE+RefSeq BLAST	RefSeq_BLAST	Cutadapt	SE	Cutaneotrichosporon_g	0
fig4_q30_SE_cutadapt_unite_blast_top1_rescue	4Z	fig4_q30_SE_cutadapt_unite_blast_top1_rescue_4Z	Zymo	4	mock_only	UNITE+RefSeq BLAST	RefSeq_BLAST	Cutadapt	SE	Cutaneotrichosporon_mucoides	0.23092906984129866
fig4_q30_SE_cutadapt_unite_blast_top1_rescue	4Z	fig4_q30_SE_cutadapt_unite_blast_top1_rescue_4Z	Zymo	4	mock_only	UNITE+RefSeq BLAST	RefSeq_BLAST	Cutadapt	SE	Other	2.631411797798688e-4
fig4_q30_SE_itsxpress_unite_blast_top1_rescue	1D	fig4_q30_SE_itsxpress_unite_blast_top1_rescue_1D	DNeasy	1	mock_only	Mock type-strain BLAST	Mock_type_reference_BLAST	ITSxpress	SE	Aspergillus_fumigatus	0.03541537423406363
fig4_q30_SE_itsxpress_unite_blast_top1_rescue	1D	fig4_q30_SE_itsxpress_unite_blast_top1_rescue_1D	DNeasy	1	mock_only	Mock type-strain BLAST	Mock_type_reference_BLAST	ITSxpress	SE	Aspergillus_g	0
fig4_q30_SE_itsxpress_unite_blast_top1_rescue	1D	fig4_q30_SE_itsxpress_unite_blast_top1_rescue_1D	DNeasy	1	mock_only	Mock type-strain BLAST	Mock_type_reference_BLAST	ITSxpress	SE	Cryptococcus_gattii	0
fig4_q30_SE_itsxpress_unite_blast_top1_rescue	1D	fig4_q30_SE_itsxpress_unite_blast_top1_rescue_1D	DNeasy	1	mock_only	Mock type-strain BLAST	Mock_type_reference_BLAST	ITSxpress	SE	Cryptococcus_neoformans	0.13952830291355123
fig4_q30_SE_itsxpress_unite_blast_top1_rescue	1D	fig4_q30_SE_itsxpress_unite_blast_top1_rescue_1D	DNeasy	1	mock_only	Mock type-strain BLAST	Mock_type_reference_BLAST	ITSxpress	SE	Trichophyton_interdigitale	0.004843221122974282
fig4_q30_SE_itsxpress_unite_blast_top1_rescue	1D	fig4_q30_SE_itsxpress_unite_blast_top1_rescue_1D	DNeasy	1	mock_only	Mock type-strain BLAST	Mock_type_reference_BLAST	ITSxpress	SE	Trichophyton_mentagrophytes	0
fig4_q30_SE_itsxpress_unite_blast_top1_rescue	1D	fig4_q30_SE_itsxpress_unite_blast_top1_rescue_1D	DNeasy	1	mock_only	Mock type-strain BLAST	Mock_type_reference_BLAST	ITSxpress	SE	Penicillium_chrysogenum	0.13446740893111742
fig4_q30_SE_itsxpress_unite_blast_top1_rescue	1D	fig4_q30_SE_itsxpress_unite_blast_top1_rescue_1D	DNeasy	1	mock_only	Mock type-strain BLAST	Mock_type_reference_BLAST	ITSxpress	SE	Penicillium_flavigenum	0
fig4_q30_SE_itsxpress_unite_blast_top1_rescue	1D	fig4_q30_SE_itsxpress_unite_blast_top1_rescue_1D	DNeasy	1	mock_only	Mock type-strain BLAST	Mock_type_reference_BLAST	ITSxpress	SE	Penicillium_g	0
fig4_q30_SE_itsxpress_unite_blast_top1_rescue	1D	fig4_q30_SE_itsxpress_unite_blast_top1_rescue_1D	DNeasy	1	mock_only	Mock type-strain BLAST	Mock_type_reference_BLAST	ITSxpress	SE	Fusarium_g	0
fig4_q30_SE_itsxpress_unite_blast_top1_rescue	1D	fig4_q30_SE_itsxpress_unite_blast_top1_rescue_1D	DNeasy	1	mock_only	Mock type-strain BLAST	Mock_type_reference_BLAST	ITSxpress	SE	Fusarium_keratoplasticum	0.0018284520194599536
fig4_q30_SE_itsxpress_unite_blast_top1_rescue	1D	fig4_q30_SE_itsxpress_unite_blast_top1_rescue_1D	DNeasy	1	mock_only	Mock type-strain BLAST	Mock_type_reference_BLAST	ITSxpress	SE	Candida_africana	0
fig4_q30_SE_itsxpress_unite_blast_top1_rescue	1D	fig4_q30_SE_itsxpress_unite_blast_top1_rescue_1D	DNeasy	1	mock_only	Mock type-strain BLAST	Mock_type_reference_BLAST	ITSxpress	SE	Candida_albicans	0.2875349637030507
fig4_q30_SE_itsxpress_unite_blast_top1_rescue	1D	fig4_q30_SE_itsxpress_unite_blast_top1_rescue_1D	DNeasy	1	mock_only	Mock type-strain BLAST	Mock_type_reference_BLAST	ITSxpress	SE	Candida_g	0
fig4_q30_SE_itsxpress_unite_blast_top1_rescue	1D	fig4_q30_SE_itsxpress_unite_blast_top1_rescue_1D	DNeasy	1	mock_only	Mock type-strain BLAST	Mock_type_reference_BLAST	ITSxpress	SE	Candida_tropicalis	0
fig4_q30_SE_itsxpress_unite_blast_top1_rescue	1D	fig4_q30_SE_itsxpress_unite_blast_top1_rescue_1D	DNeasy	1	mock_only	Mock type-strain BLAST	Mock_type_reference_BLAST	ITSxpress	SE	Nakaseomyces_glabratus	0.10923912451975926
fig4_q30_SE_itsxpress_unite_blast_top1_rescue	1D	fig4_q30_SE_itsxpress_unite_blast_top1_rescue_1D	DNeasy	1	mock_only	Mock type-strain BLAST	Mock_type_reference_BLAST	ITSxpress	SE	Malassezia_g	0
fig4_q30_SE_itsxpress_unite_blast_top1_rescue	1D	fig4_q30_SE_itsxpress_unite_blast_top1_rescue_1D	DNeasy	1	mock_only	Mock type-strain BLAST	Mock_type_reference_BLAST	ITSxpress	SE	Malassezia_globosa	0
fig4_q30_SE_itsxpress_unite_blast_top1_rescue	1D	fig4_q30_SE_itsxpress_unite_blast_top1_rescue_1D	DNeasy	1	mock_only	Mock type-strain BLAST	Mock_type_reference_BLAST	ITSxpress	SE	Saccharomyces_arboricola	0
fig4_q30_SE_itsxpress_unite_blast_top1_rescue	1D	fig4_q30_SE_itsxpress_unite_blast_top1_rescue_1D	DNeasy	1	mock_only	Mock type-strain BLAST	Mock_type_reference_BLAST	ITSxpress	SE	Saccharomyces_cerevisiae	0.060719844146232625
fig4_q30_SE_itsxpress_unite_blast_top1_rescue	1D	fig4_q30_SE_itsxpress_unite_blast_top1_rescue_1D	DNeasy	1	mock_only	Mock type-strain BLAST	Mock_type_reference_BLAST	ITSxpress	SE	Saccharomyces_g	0
fig4_q30_SE_itsxpress_unite_blast_top1_rescue	1D	fig4_q30_SE_itsxpress_unite_blast_top1_rescue_1D	DNeasy	1	mock_only	Mock type-strain BLAST	Mock_type_reference_BLAST	ITSxpress	SE	Saccharomyces_uvarum	0
fig4_q30_SE_itsxpress_unite_blast_top1_rescue	1D	fig4_q30_SE_itsxpress_unite_blast_top1_rescue_1D	DNeasy	1	mock_only	Mock type-strain BLAST	Mock_type_reference_BLAST	ITSxpress	SE	Cutaneotrichosporon_dermatis	0.2264233084097909
fig4_q30_SE_itsxpress_unite_blast_top1_rescue	1D	fig4_q30_SE_itsxpress_unite_blast_top1_rescue_1D	DNeasy	1	mock_only	Mock type-strain BLAST	Mock_type_reference_BLAST	ITSxpress	SE	Cutaneotrichosporon_g	0
fig4_q30_SE_itsxpress_unite_blast_top1_rescue	1D	fig4_q30_SE_itsxpress_unite_blast_top1_rescue_1D	DNeasy	1	mock_only	Mock type-strain BLAST	Mock_type_reference_BLAST	ITSxpress	SE	Cutaneotrichosporon_mucoides	0
fig4_q30_SE_itsxpress_unite_blast_top1_rescue	1D	fig4_q30_SE_itsxpress_unite_blast_top1_rescue_1D	DNeasy	1	mock_only	Mock type-strain BLAST	Mock_type_reference_BLAST	ITSxpress	SE	Other	0
fig4_q30_SE_itsxpress_unite_blast_top1_rescue	1D	fig4_q30_SE_itsxpress_unite_blast_top1_rescue_1D	DNeasy	1	mock_only	UNITE	No_BLAST	ITSxpress	SE	Aspergillus_fumigatus	0.03541537423406363
fig4_q30_SE_itsxpress_unite_blast_top1_rescue	1D	fig4_q30_SE_itsxpress_unite_blast_top1_rescue_1D	DNeasy	1	mock_only	UNITE	No_BLAST	ITSxpress	SE	Aspergillus_g	0
fig4_q30_SE_itsxpress_unite_blast_top1_rescue	1D	fig4_q30_SE_itsxpress_unite_blast_top1_rescue_1D	DNeasy	1	mock_only	UNITE	No_BLAST	ITSxpress	SE	Cryptococcus_gattii	0
fig4_q30_SE_itsxpress_unite_blast_top1_rescue	1D	fig4_q30_SE_itsxpress_unite_blast_top1_rescue_1D	DNeasy	1	mock_only	UNITE	No_BLAST	ITSxpress	SE	Cryptococcus_neoformans	0.13941946648382147
fig4_q30_SE_itsxpress_unite_blast_top1_rescue	1D	fig4_q30_SE_itsxpress_unite_blast_top1_rescue_1D	DNeasy	1	mock_only	UNITE	No_BLAST	ITSxpress	SE	Trichophyton_interdigitale	0
fig4_q30_SE_itsxpress_unite_blast_top1_rescue	1D	fig4_q30_SE_itsxpress_unite_blast_top1_rescue_1D	DNeasy	1	mock_only	UNITE	No_BLAST	ITSxpress	SE	Trichophyton_mentagrophytes	0.004843221122974282
fig4_q30_SE_itsxpress_unite_blast_top1_rescue	1D	fig4_q30_SE_itsxpress_unite_blast_top1_rescue_1D	DNeasy	1	mock_only	UNITE	No_BLAST	ITSxpress	SE	Penicillium_chrysogenum	0
fig4_q30_SE_itsxpress_unite_blast_top1_rescue	1D	fig4_q30_SE_itsxpress_unite_blast_top1_rescue_1D	DNeasy	1	mock_only	UNITE	No_BLAST	ITSxpress	SE	Penicillium_flavigenum	0
fig4_q30_SE_itsxpress_unite_blast_top1_rescue	1D	fig4_q30_SE_itsxpress_unite_blast_top1_rescue_1D	DNeasy	1	mock_only	UNITE	No_BLAST	ITSxpress	SE	Penicillium_g	0
fig4_q30_SE_itsxpress_unite_blast_top1_rescue	1D	fig4_q30_SE_itsxpress_unite_blast_top1_rescue_1D	DNeasy	1	mock_only	UNITE	No_BLAST	ITSxpress	SE	Fusarium_g	0
fig4_q30_SE_itsxpress_unite_blast_top1_rescue	1D	fig4_q30_SE_itsxpress_unite_blast_top1_rescue_1D	DNeasy	1	mock_only	UNITE	No_BLAST	ITSxpress	SE	Fusarium_keratoplasticum	0
fig4_q30_SE_itsxpress_unite_blast_top1_rescue	1D	fig4_q30_SE_itsxpress_unite_blast_top1_rescue_1D	DNeasy	1	mock_only	UNITE	No_BLAST	ITSxpress	SE	Candida_africana	0
fig4_q30_SE_itsxpress_unite_blast_top1_rescue	1D	fig4_q30_SE_itsxpress_unite_blast_top1_rescue_1D	DNeasy	1	mock_only	UNITE	No_BLAST	ITSxpress	SE	Candida_albicans	0.2873499417725101
fig4_q30_SE_itsxpress_unite_blast_top1_rescue	1D	fig4_q30_SE_itsxpress_unite_blast_top1_rescue_1D	DNeasy	1	mock_only	UNITE	No_BLAST	ITSxpress	SE	Candida_g	0
fig4_q30_SE_itsxpress_unite_blast_top1_rescue	1D	fig4_q30_SE_itsxpress_unite_blast_top1_rescue_1D	DNeasy	1	mock_only	UNITE	No_BLAST	ITSxpress	SE	Candida_tropicalis	0
fig4_q30_SE_itsxpress_unite_blast_top1_rescue	1D	fig4_q30_SE_itsxpress_unite_blast_top1_rescue_1D	DNeasy	1	mock_only	UNITE	No_BLAST	ITSxpress	SE	Nakaseomyces_glabratus	0.10911940444705652
fig4_q30_SE_itsxpress_unite_blast_top1_rescue	1D	fig4_q30_SE_itsxpress_unite_blast_top1_rescue_1D	DNeasy	1	mock_only	UNITE	No_BLAST	ITSxpress	SE	Malassezia_g	0
fig4_q30_SE_itsxpress_unite_blast_top1_rescue	1D	fig4_q30_SE_itsxpress_unite_blast_top1_rescue_1D	DNeasy	1	mock_only	UNITE	No_BLAST	ITSxpress	SE	Malassezia_globosa	0
fig4_q30_SE_itsxpress_unite_blast_top1_rescue	1D	fig4_q30_SE_itsxpress_unite_blast_top1_rescue_1D	DNeasy	1	mock_only	UNITE	No_BLAST	ITSxpress	SE	Saccharomyces_arboricola	0
fig4_q30_SE_itsxpress_unite_blast_top1_rescue	1D	fig4_q30_SE_itsxpress_unite_blast_top1_rescue_1D	DNeasy	1	mock_only	UNITE	No_BLAST	ITSxpress	SE	Saccharomyces_cerevisiae	0.0606871932173137
fig4_q30_SE_itsxpress_unite_blast_top1_rescue	1D	fig4_q30_SE_itsxpress_unite_blast_top1_rescue_1D	DNeasy	1	mock_only	UNITE	No_BLAST	ITSxpress	SE	Saccharomyces_g	0
fig4_q30_SE_itsxpress_unite_blast_top1_rescue	1D	fig4_q30_SE_itsxpress_unite_blast_top1_rescue_1D	DNeasy	1	mock_only	UNITE	No_BLAST	ITSxpress	SE	Saccharomyces_uvarum	0
fig4_q30_SE_itsxpress_unite_blast_top1_rescue	1D	fig4_q30_SE_itsxpress_unite_blast_top1_rescue_1D	DNeasy	1	mock_only	UNITE	No_BLAST	ITSxpress	SE	Cutaneotrichosporon_dermatis	0
fig4_q30_SE_itsxpress_unite_blast_top1_rescue	1D	fig4_q30_SE_itsxpress_unite_blast_top1_rescue_1D	DNeasy	1	mock_only	UNITE	No_BLAST	ITSxpress	SE	Cutaneotrichosporon_g	0
fig4_q30_SE_itsxpress_unite_blast_top1_rescue	1D	fig4_q30_SE_itsxpress_unite_blast_top1_rescue_1D	DNeasy	1	mock_only	UNITE	No_BLAST	ITSxpress	SE	Cutaneotrichosporon_mucoides	0.22628182105114225
fig4_q30_SE_itsxpress_unite_blast_top1_rescue	1D	fig4_q30_SE_itsxpress_unite_blast_top1_rescue_1D	DNeasy	1	mock_only	UNITE	No_BLAST	ITSxpress	SE	Other	0.13688357767111808
fig4_q30_SE_itsxpress_unite_blast_top1_rescue	1D	fig4_q30_SE_itsxpress_unite_blast_top1_rescue_1D	DNeasy	1	mock_only	UNITE+RefSeq BLAST	RefSeq_BLAST	ITSxpress	SE	Aspergillus_fumigatus	0.03541537423406363
fig4_q30_SE_itsxpress_unite_blast_top1_rescue	1D	fig4_q30_SE_itsxpress_unite_blast_top1_rescue_1D	DNeasy	1	mock_only	UNITE+RefSeq BLAST	RefSeq_BLAST	ITSxpress	SE	Aspergillus_g	0
fig4_q30_SE_itsxpress_unite_blast_top1_rescue	1D	fig4_q30_SE_itsxpress_unite_blast_top1_rescue_1D	DNeasy	1	mock_only	UNITE+RefSeq BLAST	RefSeq_BLAST	ITSxpress	SE	Cryptococcus_gattii	0
fig4_q30_SE_itsxpress_unite_blast_top1_rescue	1D	fig4_q30_SE_itsxpress_unite_blast_top1_rescue_1D	DNeasy	1	mock_only	UNITE+RefSeq BLAST	RefSeq_BLAST	ITSxpress	SE	Cryptococcus_neoformans	0.13952830291355123
fig4_q30_SE_itsxpress_unite_blast_top1_rescue	1D	fig4_q30_SE_itsxpress_unite_blast_top1_rescue_1D	DNeasy	1	mock_only	UNITE+RefSeq BLAST	RefSeq_BLAST	ITSxpress	SE	Trichophyton_interdigitale	0
fig4_q30_SE_itsxpress_unite_blast_top1_rescue	1D	fig4_q30_SE_itsxpress_unite_blast_top1_rescue_1D	DNeasy	1	mock_only	UNITE+RefSeq BLAST	RefSeq_BLAST	ITSxpress	SE	Trichophyton_mentagrophytes	0.004843221122974282
fig4_q30_SE_itsxpress_unite_blast_top1_rescue	1D	fig4_q30_SE_itsxpress_unite_blast_top1_rescue_1D	DNeasy	1	mock_only	UNITE+RefSeq BLAST	RefSeq_BLAST	ITSxpress	SE	Penicillium_chrysogenum	0.13446740893111742
fig4_q30_SE_itsxpress_unite_blast_top1_rescue	1D	fig4_q30_SE_itsxpress_unite_blast_top1_rescue_1D	DNeasy	1	mock_only	UNITE+RefSeq BLAST	RefSeq_BLAST	ITSxpress	SE	Penicillium_flavigenum	0
fig4_q30_SE_itsxpress_unite_blast_top1_rescue	1D	fig4_q30_SE_itsxpress_unite_blast_top1_rescue_1D	DNeasy	1	mock_only	UNITE+RefSeq BLAST	RefSeq_BLAST	ITSxpress	SE	Penicillium_g	0
fig4_q30_SE_itsxpress_unite_blast_top1_rescue	1D	fig4_q30_SE_itsxpress_unite_blast_top1_rescue_1D	DNeasy	1	mock_only	UNITE+RefSeq BLAST	RefSeq_BLAST	ITSxpress	SE	Fusarium_g	0
fig4_q30_SE_itsxpress_unite_blast_top1_rescue	1D	fig4_q30_SE_itsxpress_unite_blast_top1_rescue_1D	DNeasy	1	mock_only	UNITE+RefSeq BLAST	RefSeq_BLAST	ITSxpress	SE	Fusarium_keratoplasticum	0.0018284520194599536
fig4_q30_SE_itsxpress_unite_blast_top1_rescue	1D	fig4_q30_SE_itsxpress_unite_blast_top1_rescue_1D	DNeasy	1	mock_only	UNITE+RefSeq BLAST	RefSeq_BLAST	ITSxpress	SE	Candida_africana	0
fig4_q30_SE_itsxpress_unite_blast_top1_rescue	1D	fig4_q30_SE_itsxpress_unite_blast_top1_rescue_1D	DNeasy	1	mock_only	UNITE+RefSeq BLAST	RefSeq_BLAST	ITSxpress	SE	Candida_albicans	0.2875349637030507
fig4_q30_SE_itsxpress_unite_blast_top1_rescue	1D	fig4_q30_SE_itsxpress_unite_blast_top1_rescue_1D	DNeasy	1	mock_only	UNITE+RefSeq BLAST	RefSeq_BLAST	ITSxpress	SE	Candida_g	0
fig4_q30_SE_itsxpress_unite_blast_top1_rescue	1D	fig4_q30_SE_itsxpress_unite_blast_top1_rescue_1D	DNeasy	1	mock_only	UNITE+RefSeq BLAST	RefSeq_BLAST	ITSxpress	SE	Candida_tropicalis	0
fig4_q30_SE_itsxpress_unite_blast_top1_rescue	1D	fig4_q30_SE_itsxpress_unite_blast_top1_rescue_1D	DNeasy	1	mock_only	UNITE+RefSeq BLAST	RefSeq_BLAST	ITSxpress	SE	Nakaseomyces_glabratus	0.10923912451975926
fig4_q30_SE_itsxpress_unite_blast_top1_rescue	1D	fig4_q30_SE_itsxpress_unite_blast_top1_rescue_1D	DNeasy	1	mock_only	UNITE+RefSeq BLAST	RefSeq_BLAST	ITSxpress	SE	Malassezia_g	0
fig4_q30_SE_itsxpress_unite_blast_top1_rescue	1D	fig4_q30_SE_itsxpress_unite_blast_top1_rescue_1D	DNeasy	1	mock_only	UNITE+RefSeq BLAST	RefSeq_BLAST	ITSxpress	SE	Malassezia_globosa	0
fig4_q30_SE_itsxpress_unite_blast_top1_rescue	1D	fig4_q30_SE_itsxpress_unite_blast_top1_rescue_1D	DNeasy	1	mock_only	UNITE+RefSeq BLAST	RefSeq_BLAST	ITSxpress	SE	Saccharomyces_arboricola	0
fig4_q30_SE_itsxpress_unite_blast_top1_rescue	1D	fig4_q30_SE_itsxpress_unite_blast_top1_rescue_1D	DNeasy	1	mock_only	UNITE+RefSeq BLAST	RefSeq_BLAST	ITSxpress	SE	Saccharomyces_cerevisiae	0.060719844146232625
fig4_q30_SE_itsxpress_unite_blast_top1_rescue	1D	fig4_q30_SE_itsxpress_unite_blast_top1_rescue_1D	DNeasy	1	mock_only	UNITE+RefSeq BLAST	RefSeq_BLAST	ITSxpress	SE	Saccharomyces_g	0
fig4_q30_SE_itsxpress_unite_blast_top1_rescue	1D	fig4_q30_SE_itsxpress_unite_blast_top1_rescue_1D	DNeasy	1	mock_only	UNITE+RefSeq BLAST	RefSeq_BLAST	ITSxpress	SE	Saccharomyces_uvarum	0
fig4_q30_SE_itsxpress_unite_blast_top1_rescue	1D	fig4_q30_SE_itsxpress_unite_blast_top1_rescue_1D	DNeasy	1	mock_only	UNITE+RefSeq BLAST	RefSeq_BLAST	ITSxpress	SE	Cutaneotrichosporon_dermatis	1.4148735864868688e-4
fig4_q30_SE_itsxpress_unite_blast_top1_rescue	1D	fig4_q30_SE_itsxpress_unite_blast_top1_rescue_1D	DNeasy	1	mock_only	UNITE+RefSeq BLAST	RefSeq_BLAST	ITSxpress	SE	Cutaneotrichosporon_g	0
fig4_q30_SE_itsxpress_unite_blast_top1_rescue	1D	fig4_q30_SE_itsxpress_unite_blast_top1_rescue_1D	DNeasy	1	mock_only	UNITE+RefSeq BLAST	RefSeq_BLAST	ITSxpress	SE	Cutaneotrichosporon_mucoides	0.22628182105114225
fig4_q30_SE_itsxpress_unite_blast_top1_rescue	1D	fig4_q30_SE_itsxpress_unite_blast_top1_rescue_1D	DNeasy	1	mock_only	UNITE+RefSeq BLAST	RefSeq_BLAST	ITSxpress	SE	Other	0
fig4_q30_SE_itsxpress_unite_blast_top1_rescue	1Q	fig4_q30_SE_itsxpress_unite_blast_top1_rescue_1Q	QIAamp	1	mock_only	Mock type-strain BLAST	Mock_type_reference_BLAST	ITSxpress	SE	Aspergillus_fumigatus	0.03208240023368061
fig4_q30_SE_itsxpress_unite_blast_top1_rescue	1Q	fig4_q30_SE_itsxpress_unite_blast_top1_rescue_1Q	QIAamp	1	mock_only	Mock type-strain BLAST	Mock_type_reference_BLAST	ITSxpress	SE	Aspergillus_g	0
fig4_q30_SE_itsxpress_unite_blast_top1_rescue	1Q	fig4_q30_SE_itsxpress_unite_blast_top1_rescue_1Q	QIAamp	1	mock_only	Mock type-strain BLAST	Mock_type_reference_BLAST	ITSxpress	SE	Cryptococcus_gattii	0
fig4_q30_SE_itsxpress_unite_blast_top1_rescue	1Q	fig4_q30_SE_itsxpress_unite_blast_top1_rescue_1Q	QIAamp	1	mock_only	Mock type-strain BLAST	Mock_type_reference_BLAST	ITSxpress	SE	Cryptococcus_neoformans	0.1610796600503526
fig4_q30_SE_itsxpress_unite_blast_top1_rescue	1Q	fig4_q30_SE_itsxpress_unite_blast_top1_rescue_1Q	QIAamp	1	mock_only	Mock type-strain BLAST	Mock_type_reference_BLAST	ITSxpress	SE	Trichophyton_interdigitale	0.00500744161462173
fig4_q30_SE_itsxpress_unite_blast_top1_rescue	1Q	fig4_q30_SE_itsxpress_unite_blast_top1_rescue_1Q	QIAamp	1	mock_only	Mock type-strain BLAST	Mock_type_reference_BLAST	ITSxpress	SE	Trichophyton_mentagrophytes	0
fig4_q30_SE_itsxpress_unite_blast_top1_rescue	1Q	fig4_q30_SE_itsxpress_unite_blast_top1_rescue_1Q	QIAamp	1	mock_only	Mock type-strain BLAST	Mock_type_reference_BLAST	ITSxpress	SE	Penicillium_chrysogenum	0.131278427663333
fig4_q30_SE_itsxpress_unite_blast_top1_rescue	1Q	fig4_q30_SE_itsxpress_unite_blast_top1_rescue_1Q	QIAamp	1	mock_only	Mock type-strain BLAST	Mock_type_reference_BLAST	ITSxpress	SE	Penicillium_flavigenum	0
fig4_q30_SE_itsxpress_unite_blast_top1_rescue	1Q	fig4_q30_SE_itsxpress_unite_blast_top1_rescue_1Q	QIAamp	1	mock_only	Mock type-strain BLAST	Mock_type_reference_BLAST	ITSxpress	SE	Penicillium_g	0
fig4_q30_SE_itsxpress_unite_blast_top1_rescue	1Q	fig4_q30_SE_itsxpress_unite_blast_top1_rescue_1Q	QIAamp	1	mock_only	Mock type-strain BLAST	Mock_type_reference_BLAST	ITSxpress	SE	Fusarium_g	0
fig4_q30_SE_itsxpress_unite_blast_top1_rescue	1Q	fig4_q30_SE_itsxpress_unite_blast_top1_rescue_1Q	QIAamp	1	mock_only	Mock type-strain BLAST	Mock_type_reference_BLAST	ITSxpress	SE	Fusarium_keratoplasticum	0.0016691472048739099
fig4_q30_SE_itsxpress_unite_blast_top1_rescue	1Q	fig4_q30_SE_itsxpress_unite_blast_top1_rescue_1Q	QIAamp	1	mock_only	Mock type-strain BLAST	Mock_type_reference_BLAST	ITSxpress	SE	Candida_africana	0
fig4_q30_SE_itsxpress_unite_blast_top1_rescue	1Q	fig4_q30_SE_itsxpress_unite_blast_top1_rescue_1Q	QIAamp	1	mock_only	Mock type-strain BLAST	Mock_type_reference_BLAST	ITSxpress	SE	Candida_albicans	0.2881574005814196
fig4_q30_SE_itsxpress_unite_blast_top1_rescue	1Q	fig4_q30_SE_itsxpress_unite_blast_top1_rescue_1Q	QIAamp	1	mock_only	Mock type-strain BLAST	Mock_type_reference_BLAST	ITSxpress	SE	Candida_g	0
fig4_q30_SE_itsxpress_unite_blast_top1_rescue	1Q	fig4_q30_SE_itsxpress_unite_blast_top1_rescue_1Q	QIAamp	1	mock_only	Mock type-strain BLAST	Mock_type_reference_BLAST	ITSxpress	SE	Candida_tropicalis	0
fig4_q30_SE_itsxpress_unite_blast_top1_rescue	1Q	fig4_q30_SE_itsxpress_unite_blast_top1_rescue_1Q	QIAamp	1	mock_only	Mock type-strain BLAST	Mock_type_reference_BLAST	ITSxpress	SE	Nakaseomyces_glabratus	0.11784179266409804
fig4_q30_SE_itsxpress_unite_blast_top1_rescue	1Q	fig4_q30_SE_itsxpress_unite_blast_top1_rescue_1Q	QIAamp	1	mock_only	Mock type-strain BLAST	Mock_type_reference_BLAST	ITSxpress	SE	Malassezia_g	0
fig4_q30_SE_itsxpress_unite_blast_top1_rescue	1Q	fig4_q30_SE_itsxpress_unite_blast_top1_rescue_1Q	QIAamp	1	mock_only	Mock type-strain BLAST	Mock_type_reference_BLAST	ITSxpress	SE	Malassezia_globosa	0
fig4_q30_SE_itsxpress_unite_blast_top1_rescue	1Q	fig4_q30_SE_itsxpress_unite_blast_top1_rescue_1Q	QIAamp	1	mock_only	Mock type-strain BLAST	Mock_type_reference_BLAST	ITSxpress	SE	Saccharomyces_arboricola	0
fig4_q30_SE_itsxpress_unite_blast_top1_rescue	1Q	fig4_q30_SE_itsxpress_unite_blast_top1_rescue_1Q	QIAamp	1	mock_only	Mock type-strain BLAST	Mock_type_reference_BLAST	ITSxpress	SE	Saccharomyces_cerevisiae	0.043328279526518576
fig4_q30_SE_itsxpress_unite_blast_top1_rescue	1Q	fig4_q30_SE_itsxpress_unite_blast_top1_rescue_1Q	QIAamp	1	mock_only	Mock type-strain BLAST	Mock_type_reference_BLAST	ITSxpress	SE	Saccharomyces_g	0
fig4_q30_SE_itsxpress_unite_blast_top1_rescue	1Q	fig4_q30_SE_itsxpress_unite_blast_top1_rescue_1Q	QIAamp	1	mock_only	Mock type-strain BLAST	Mock_type_reference_BLAST	ITSxpress	SE	Saccharomyces_uvarum	0
fig4_q30_SE_itsxpress_unite_blast_top1_rescue	1Q	fig4_q30_SE_itsxpress_unite_blast_top1_rescue_1Q	QIAamp	1	mock_only	Mock type-strain BLAST	Mock_type_reference_BLAST	ITSxpress	SE	Cutaneotrichosporon_dermatis	0.21955545046110192
fig4_q30_SE_itsxpress_unite_blast_top1_rescue	1Q	fig4_q30_SE_itsxpress_unite_blast_top1_rescue_1Q	QIAamp	1	mock_only	Mock type-strain BLAST	Mock_type_reference_BLAST	ITSxpress	SE	Cutaneotrichosporon_g	0
fig4_q30_SE_itsxpress_unite_blast_top1_rescue	1Q	fig4_q30_SE_itsxpress_unite_blast_top1_rescue_1Q	QIAamp	1	mock_only	Mock type-strain BLAST	Mock_type_reference_BLAST	ITSxpress	SE	Cutaneotrichosporon_mucoides	0
fig4_q30_SE_itsxpress_unite_blast_top1_rescue	1Q	fig4_q30_SE_itsxpress_unite_blast_top1_rescue_1Q	QIAamp	1	mock_only	Mock type-strain BLAST	Mock_type_reference_BLAST	ITSxpress	SE	Other	0
fig4_q30_SE_itsxpress_unite_blast_top1_rescue	1Q	fig4_q30_SE_itsxpress_unite_blast_top1_rescue_1Q	QIAamp	1	mock_only	UNITE	No_BLAST	ITSxpress	SE	Aspergillus_fumigatus	0.03208240023368061
fig4_q30_SE_itsxpress_unite_blast_top1_rescue	1Q	fig4_q30_SE_itsxpress_unite_blast_top1_rescue_1Q	QIAamp	1	mock_only	UNITE	No_BLAST	ITSxpress	SE	Aspergillus_g	0
fig4_q30_SE_itsxpress_unite_blast_top1_rescue	1Q	fig4_q30_SE_itsxpress_unite_blast_top1_rescue_1Q	QIAamp	1	mock_only	UNITE	No_BLAST	ITSxpress	SE	Cryptococcus_gattii	0
fig4_q30_SE_itsxpress_unite_blast_top1_rescue	1Q	fig4_q30_SE_itsxpress_unite_blast_top1_rescue_1Q	QIAamp	1	mock_only	UNITE	No_BLAST	ITSxpress	SE	Cryptococcus_neoformans	0.16091970010988552
fig4_q30_SE_itsxpress_unite_blast_top1_rescue	1Q	fig4_q30_SE_itsxpress_unite_blast_top1_rescue_1Q	QIAamp	1	mock_only	UNITE	No_BLAST	ITSxpress	SE	Trichophyton_interdigitale	0
fig4_q30_SE_itsxpress_unite_blast_top1_rescue	1Q	fig4_q30_SE_itsxpress_unite_blast_top1_rescue_1Q	QIAamp	1	mock_only	UNITE	No_BLAST	ITSxpress	SE	Trichophyton_mentagrophytes	0.004993532054581113
fig4_q30_SE_itsxpress_unite_blast_top1_rescue	1Q	fig4_q30_SE_itsxpress_unite_blast_top1_rescue_1Q	QIAamp	1	mock_only	UNITE	No_BLAST	ITSxpress	SE	Penicillium_chrysogenum	0
fig4_q30_SE_itsxpress_unite_blast_top1_rescue	1Q	fig4_q30_SE_itsxpress_unite_blast_top1_rescue_1Q	QIAamp	1	mock_only	UNITE	No_BLAST	ITSxpress	SE	Penicillium_flavigenum	0
fig4_q30_SE_itsxpress_unite_blast_top1_rescue	1Q	fig4_q30_SE_itsxpress_unite_blast_top1_rescue_1Q	QIAamp	1	mock_only	UNITE	No_BLAST	ITSxpress	SE	Penicillium_g	0
fig4_q30_SE_itsxpress_unite_blast_top1_rescue	1Q	fig4_q30_SE_itsxpress_unite_blast_top1_rescue_1Q	QIAamp	1	mock_only	UNITE	No_BLAST	ITSxpress	SE	Fusarium_g	0
fig4_q30_SE_itsxpress_unite_blast_top1_rescue	1Q	fig4_q30_SE_itsxpress_unite_blast_top1_rescue_1Q	QIAamp	1	mock_only	UNITE	No_BLAST	ITSxpress	SE	Fusarium_keratoplasticum	0
fig4_q30_SE_itsxpress_unite_blast_top1_rescue	1Q	fig4_q30_SE_itsxpress_unite_blast_top1_rescue_1Q	QIAamp	1	mock_only	UNITE	No_BLAST	ITSxpress	SE	Candida_africana	0
fig4_q30_SE_itsxpress_unite_blast_top1_rescue	1Q	fig4_q30_SE_itsxpress_unite_blast_top1_rescue_1Q	QIAamp	1	mock_only	UNITE	No_BLAST	ITSxpress	SE	Candida_albicans	0.28799048586093223
fig4_q30_SE_itsxpress_unite_blast_top1_rescue	1Q	fig4_q30_SE_itsxpress_unite_blast_top1_rescue_1Q	QIAamp	1	mock_only	UNITE	No_BLAST	ITSxpress	SE	Candida_g	0
fig4_q30_SE_itsxpress_unite_blast_top1_rescue	1Q	fig4_q30_SE_itsxpress_unite_blast_top1_rescue_1Q	QIAamp	1	mock_only	UNITE	No_BLAST	ITSxpress	SE	Candida_tropicalis	0
fig4_q30_SE_itsxpress_unite_blast_top1_rescue	1Q	fig4_q30_SE_itsxpress_unite_blast_top1_rescue_1Q	QIAamp	1	mock_only	UNITE	No_BLAST	ITSxpress	SE	Nakaseomyces_glabratus	0.11780006398397619
fig4_q30_SE_itsxpress_unite_blast_top1_rescue	1Q	fig4_q30_SE_itsxpress_unite_blast_top1_rescue_1Q	QIAamp	1	mock_only	UNITE	No_BLAST	ITSxpress	SE	Malassezia_g	0
fig4_q30_SE_itsxpress_unite_blast_top1_rescue	1Q	fig4_q30_SE_itsxpress_unite_blast_top1_rescue_1Q	QIAamp	1	mock_only	UNITE	No_BLAST	ITSxpress	SE	Malassezia_globosa	0
fig4_q30_SE_itsxpress_unite_blast_top1_rescue	1Q	fig4_q30_SE_itsxpress_unite_blast_top1_rescue_1Q	QIAamp	1	mock_only	UNITE	No_BLAST	ITSxpress	SE	Saccharomyces_arboricola	0
fig4_q30_SE_itsxpress_unite_blast_top1_rescue	1Q	fig4_q30_SE_itsxpress_unite_blast_top1_rescue_1Q	QIAamp	1	mock_only	UNITE	No_BLAST	ITSxpress	SE	Saccharomyces_cerevisiae	0.04330046040643734
fig4_q30_SE_itsxpress_unite_blast_top1_rescue	1Q	fig4_q30_SE_itsxpress_unite_blast_top1_rescue_1Q	QIAamp	1	mock_only	UNITE	No_BLAST	ITSxpress	SE	Saccharomyces_g	0
fig4_q30_SE_itsxpress_unite_blast_top1_rescue	1Q	fig4_q30_SE_itsxpress_unite_blast_top1_rescue_1Q	QIAamp	1	mock_only	UNITE	No_BLAST	ITSxpress	SE	Saccharomyces_uvarum	0
fig4_q30_SE_itsxpress_unite_blast_top1_rescue	1Q	fig4_q30_SE_itsxpress_unite_blast_top1_rescue_1Q	QIAamp	1	mock_only	UNITE	No_BLAST	ITSxpress	SE	Cutaneotrichosporon_dermatis	0
fig4_q30_SE_itsxpress_unite_blast_top1_rescue	1Q	fig4_q30_SE_itsxpress_unite_blast_top1_rescue_1Q	QIAamp	1	mock_only	UNITE	No_BLAST	ITSxpress	SE	Cutaneotrichosporon_g	0
fig4_q30_SE_itsxpress_unite_blast_top1_rescue	1Q	fig4_q30_SE_itsxpress_unite_blast_top1_rescue_1Q	QIAamp	1	mock_only	UNITE	No_BLAST	ITSxpress	SE	Cutaneotrichosporon_mucoides	0.21940940008067544
fig4_q30_SE_itsxpress_unite_blast_top1_rescue	1Q	fig4_q30_SE_itsxpress_unite_blast_top1_rescue_1Q	QIAamp	1	mock_only	UNITE	No_BLAST	ITSxpress	SE	Other	0.13350395726983155
fig4_q30_SE_itsxpress_unite_blast_top1_rescue	1Q	fig4_q30_SE_itsxpress_unite_blast_top1_rescue_1Q	QIAamp	1	mock_only	UNITE+RefSeq BLAST	RefSeq_BLAST	ITSxpress	SE	Aspergillus_fumigatus	0.03208240023368061
fig4_q30_SE_itsxpress_unite_blast_top1_rescue	1Q	fig4_q30_SE_itsxpress_unite_blast_top1_rescue_1Q	QIAamp	1	mock_only	UNITE+RefSeq BLAST	RefSeq_BLAST	ITSxpress	SE	Aspergillus_g	0
fig4_q30_SE_itsxpress_unite_blast_top1_rescue	1Q	fig4_q30_SE_itsxpress_unite_blast_top1_rescue_1Q	QIAamp	1	mock_only	UNITE+RefSeq BLAST	RefSeq_BLAST	ITSxpress	SE	Cryptococcus_gattii	0
fig4_q30_SE_itsxpress_unite_blast_top1_rescue	1Q	fig4_q30_SE_itsxpress_unite_blast_top1_rescue_1Q	QIAamp	1	mock_only	UNITE+RefSeq BLAST	RefSeq_BLAST	ITSxpress	SE	Cryptococcus_neoformans	0.1610587957102917
fig4_q30_SE_itsxpress_unite_blast_top1_rescue	1Q	fig4_q30_SE_itsxpress_unite_blast_top1_rescue_1Q	QIAamp	1	mock_only	UNITE+RefSeq BLAST	RefSeq_BLAST	ITSxpress	SE	Trichophyton_interdigitale	0
fig4_q30_SE_itsxpress_unite_blast_top1_rescue	1Q	fig4_q30_SE_itsxpress_unite_blast_top1_rescue_1Q	QIAamp	1	mock_only	UNITE+RefSeq BLAST	RefSeq_BLAST	ITSxpress	SE	Trichophyton_mentagrophytes	0.004993532054581113
fig4_q30_SE_itsxpress_unite_blast_top1_rescue	1Q	fig4_q30_SE_itsxpress_unite_blast_top1_rescue_1Q	QIAamp	1	mock_only	UNITE+RefSeq BLAST	RefSeq_BLAST	ITSxpress	SE	Penicillium_chrysogenum	0.131278427663333
fig4_q30_SE_itsxpress_unite_blast_top1_rescue	1Q	fig4_q30_SE_itsxpress_unite_blast_top1_rescue_1Q	QIAamp	1	mock_only	UNITE+RefSeq BLAST	RefSeq_BLAST	ITSxpress	SE	Penicillium_flavigenum	0
fig4_q30_SE_itsxpress_unite_blast_top1_rescue	1Q	fig4_q30_SE_itsxpress_unite_blast_top1_rescue_1Q	QIAamp	1	mock_only	UNITE+RefSeq BLAST	RefSeq_BLAST	ITSxpress	SE	Penicillium_g	0
fig4_q30_SE_itsxpress_unite_blast_top1_rescue	1Q	fig4_q30_SE_itsxpress_unite_blast_top1_rescue_1Q	QIAamp	1	mock_only	UNITE+RefSeq BLAST	RefSeq_BLAST	ITSxpress	SE	Fusarium_g	0
fig4_q30_SE_itsxpress_unite_blast_top1_rescue	1Q	fig4_q30_SE_itsxpress_unite_blast_top1_rescue_1Q	QIAamp	1	mock_only	UNITE+RefSeq BLAST	RefSeq_BLAST	ITSxpress	SE	Fusarium_keratoplasticum	0.001641328084792678
fig4_q30_SE_itsxpress_unite_blast_top1_rescue	1Q	fig4_q30_SE_itsxpress_unite_blast_top1_rescue_1Q	QIAamp	1	mock_only	UNITE+RefSeq BLAST	RefSeq_BLAST	ITSxpress	SE	Candida_africana	0
fig4_q30_SE_itsxpress_unite_blast_top1_rescue	1Q	fig4_q30_SE_itsxpress_unite_blast_top1_rescue_1Q	QIAamp	1	mock_only	UNITE+RefSeq BLAST	RefSeq_BLAST	ITSxpress	SE	Candida_albicans	0.2881574005814196
fig4_q30_SE_itsxpress_unite_blast_top1_rescue	1Q	fig4_q30_SE_itsxpress_unite_blast_top1_rescue_1Q	QIAamp	1	mock_only	UNITE+RefSeq BLAST	RefSeq_BLAST	ITSxpress	SE	Candida_g	0
fig4_q30_SE_itsxpress_unite_blast_top1_rescue	1Q	fig4_q30_SE_itsxpress_unite_blast_top1_rescue_1Q	QIAamp	1	mock_only	UNITE+RefSeq BLAST	RefSeq_BLAST	ITSxpress	SE	Candida_tropicalis	0
fig4_q30_SE_itsxpress_unite_blast_top1_rescue	1Q	fig4_q30_SE_itsxpress_unite_blast_top1_rescue_1Q	QIAamp	1	mock_only	UNITE+RefSeq BLAST	RefSeq_BLAST	ITSxpress	SE	Nakaseomyces_glabratus	0.11784179266409804
fig4_q30_SE_itsxpress_unite_blast_top1_rescue	1Q	fig4_q30_SE_itsxpress_unite_blast_top1_rescue_1Q	QIAamp	1	mock_only	UNITE+RefSeq BLAST	RefSeq_BLAST	ITSxpress	SE	Malassezia_g	0
fig4_q30_SE_itsxpress_unite_blast_top1_rescue	1Q	fig4_q30_SE_itsxpress_unite_blast_top1_rescue_1Q	QIAamp	1	mock_only	UNITE+RefSeq BLAST	RefSeq_BLAST	ITSxpress	SE	Malassezia_globosa	0
fig4_q30_SE_itsxpress_unite_blast_top1_rescue	1Q	fig4_q30_SE_itsxpress_unite_blast_top1_rescue_1Q	QIAamp	1	mock_only	UNITE+RefSeq BLAST	RefSeq_BLAST	ITSxpress	SE	Saccharomyces_arboricola	0
fig4_q30_SE_itsxpress_unite_blast_top1_rescue	1Q	fig4_q30_SE_itsxpress_unite_blast_top1_rescue_1Q	QIAamp	1	mock_only	UNITE+RefSeq BLAST	RefSeq_BLAST	ITSxpress	SE	Saccharomyces_cerevisiae	0.043328279526518576
fig4_q30_SE_itsxpress_unite_blast_top1_rescue	1Q	fig4_q30_SE_itsxpress_unite_blast_top1_rescue_1Q	QIAamp	1	mock_only	UNITE+RefSeq BLAST	RefSeq_BLAST	ITSxpress	SE	Saccharomyces_g	0
fig4_q30_SE_itsxpress_unite_blast_top1_rescue	1Q	fig4_q30_SE_itsxpress_unite_blast_top1_rescue_1Q	QIAamp	1	mock_only	UNITE+RefSeq BLAST	RefSeq_BLAST	ITSxpress	SE	Saccharomyces_uvarum	0
fig4_q30_SE_itsxpress_unite_blast_top1_rescue	1Q	fig4_q30_SE_itsxpress_unite_blast_top1_rescue_1Q	QIAamp	1	mock_only	UNITE+RefSeq BLAST	RefSeq_BLAST	ITSxpress	SE	Cutaneotrichosporon_dermatis	1.460503804264671e-4
fig4_q30_SE_itsxpress_unite_blast_top1_rescue	1Q	fig4_q30_SE_itsxpress_unite_blast_top1_rescue_1Q	QIAamp	1	mock_only	UNITE+RefSeq BLAST	RefSeq_BLAST	ITSxpress	SE	Cutaneotrichosporon_g	0
fig4_q30_SE_itsxpress_unite_blast_top1_rescue	1Q	fig4_q30_SE_itsxpress_unite_blast_top1_rescue_1Q	QIAamp	1	mock_only	UNITE+RefSeq BLAST	RefSeq_BLAST	ITSxpress	SE	Cutaneotrichosporon_mucoides	0.21940940008067544
fig4_q30_SE_itsxpress_unite_blast_top1_rescue	1Q	fig4_q30_SE_itsxpress_unite_blast_top1_rescue_1Q	QIAamp	1	mock_only	UNITE+RefSeq BLAST	RefSeq_BLAST	ITSxpress	SE	Other	6.259302018277162e-5
fig4_q30_SE_itsxpress_unite_blast_top1_rescue	1Z	fig4_q30_SE_itsxpress_unite_blast_top1_rescue_1Z	Zymo	1	mock_only	Mock type-strain BLAST	Mock_type_reference_BLAST	ITSxpress	SE	Aspergillus_fumigatus	0.03195600320809941
fig4_q30_SE_itsxpress_unite_blast_top1_rescue	1Z	fig4_q30_SE_itsxpress_unite_blast_top1_rescue_1Z	Zymo	1	mock_only	Mock type-strain BLAST	Mock_type_reference_BLAST	ITSxpress	SE	Aspergillus_g	0
fig4_q30_SE_itsxpress_unite_blast_top1_rescue	1Z	fig4_q30_SE_itsxpress_unite_blast_top1_rescue_1Z	Zymo	1	mock_only	Mock type-strain BLAST	Mock_type_reference_BLAST	ITSxpress	SE	Cryptococcus_gattii	0
fig4_q30_SE_itsxpress_unite_blast_top1_rescue	1Z	fig4_q30_SE_itsxpress_unite_blast_top1_rescue_1Z	Zymo	1	mock_only	Mock type-strain BLAST	Mock_type_reference_BLAST	ITSxpress	SE	Cryptococcus_neoformans	0.13671919755851136
fig4_q30_SE_itsxpress_unite_blast_top1_rescue	1Z	fig4_q30_SE_itsxpress_unite_blast_top1_rescue_1Z	Zymo	1	mock_only	Mock type-strain BLAST	Mock_type_reference_BLAST	ITSxpress	SE	Trichophyton_interdigitale	0.004343433291322508
fig4_q30_SE_itsxpress_unite_blast_top1_rescue	1Z	fig4_q30_SE_itsxpress_unite_blast_top1_rescue_1Z	Zymo	1	mock_only	Mock type-strain BLAST	Mock_type_reference_BLAST	ITSxpress	SE	Trichophyton_mentagrophytes	0
fig4_q30_SE_itsxpress_unite_blast_top1_rescue	1Z	fig4_q30_SE_itsxpress_unite_blast_top1_rescue_1Z	Zymo	1	mock_only	Mock type-strain BLAST	Mock_type_reference_BLAST	ITSxpress	SE	Penicillium_chrysogenum	0.13952107658816545
fig4_q30_SE_itsxpress_unite_blast_top1_rescue	1Z	fig4_q30_SE_itsxpress_unite_blast_top1_rescue_1Z	Zymo	1	mock_only	Mock type-strain BLAST	Mock_type_reference_BLAST	ITSxpress	SE	Penicillium_flavigenum	0
fig4_q30_SE_itsxpress_unite_blast_top1_rescue	1Z	fig4_q30_SE_itsxpress_unite_blast_top1_rescue_1Z	Zymo	1	mock_only	Mock type-strain BLAST	Mock_type_reference_BLAST	ITSxpress	SE	Penicillium_g	0
fig4_q30_SE_itsxpress_unite_blast_top1_rescue	1Z	fig4_q30_SE_itsxpress_unite_blast_top1_rescue_1Z	Zymo	1	mock_only	Mock type-strain BLAST	Mock_type_reference_BLAST	ITSxpress	SE	Fusarium_g	0
fig4_q30_SE_itsxpress_unite_blast_top1_rescue	1Z	fig4_q30_SE_itsxpress_unite_blast_top1_rescue_1Z	Zymo	1	mock_only	Mock type-strain BLAST	Mock_type_reference_BLAST	ITSxpress	SE	Fusarium_keratoplasticum	0.0014790588186278084
fig4_q30_SE_itsxpress_unite_blast_top1_rescue	1Z	fig4_q30_SE_itsxpress_unite_blast_top1_rescue_1Z	Zymo	1	mock_only	Mock type-strain BLAST	Mock_type_reference_BLAST	ITSxpress	SE	Candida_africana	0
fig4_q30_SE_itsxpress_unite_blast_top1_rescue	1Z	fig4_q30_SE_itsxpress_unite_blast_top1_rescue_1Z	Zymo	1	mock_only	Mock type-strain BLAST	Mock_type_reference_BLAST	ITSxpress	SE	Candida_albicans	0.2891039195058694
fig4_q30_SE_itsxpress_unite_blast_top1_rescue	1Z	fig4_q30_SE_itsxpress_unite_blast_top1_rescue_1Z	Zymo	1	mock_only	Mock type-strain BLAST	Mock_type_reference_BLAST	ITSxpress	SE	Candida_g	0
fig4_q30_SE_itsxpress_unite_blast_top1_rescue	1Z	fig4_q30_SE_itsxpress_unite_blast_top1_rescue_1Z	Zymo	1	mock_only	Mock type-strain BLAST	Mock_type_reference_BLAST	ITSxpress	SE	Candida_tropicalis	0
fig4_q30_SE_itsxpress_unite_blast_top1_rescue	1Z	fig4_q30_SE_itsxpress_unite_blast_top1_rescue_1Z	Zymo	1	mock_only	Mock type-strain BLAST	Mock_type_reference_BLAST	ITSxpress	SE	Nakaseomyces_glabratus	0.09286822835834888
fig4_q30_SE_itsxpress_unite_blast_top1_rescue	1Z	fig4_q30_SE_itsxpress_unite_blast_top1_rescue_1Z	Zymo	1	mock_only	Mock type-strain BLAST	Mock_type_reference_BLAST	ITSxpress	SE	Malassezia_g	0
fig4_q30_SE_itsxpress_unite_blast_top1_rescue	1Z	fig4_q30_SE_itsxpress_unite_blast_top1_rescue_1Z	Zymo	1	mock_only	Mock type-strain BLAST	Mock_type_reference_BLAST	ITSxpress	SE	Malassezia_globosa	5.207953586717635e-5
fig4_q30_SE_itsxpress_unite_blast_top1_rescue	1Z	fig4_q30_SE_itsxpress_unite_blast_top1_rescue_1Z	Zymo	1	mock_only	Mock type-strain BLAST	Mock_type_reference_BLAST	ITSxpress	SE	Saccharomyces_arboricola	0
fig4_q30_SE_itsxpress_unite_blast_top1_rescue	1Z	fig4_q30_SE_itsxpress_unite_blast_top1_rescue_1Z	Zymo	1	mock_only	Mock type-strain BLAST	Mock_type_reference_BLAST	ITSxpress	SE	Saccharomyces_cerevisiae	0.04481964856729197
fig4_q30_SE_itsxpress_unite_blast_top1_rescue	1Z	fig4_q30_SE_itsxpress_unite_blast_top1_rescue_1Z	Zymo	1	mock_only	Mock type-strain BLAST	Mock_type_reference_BLAST	ITSxpress	SE	Saccharomyces_g	0
fig4_q30_SE_itsxpress_unite_blast_top1_rescue	1Z	fig4_q30_SE_itsxpress_unite_blast_top1_rescue_1Z	Zymo	1	mock_only	Mock type-strain BLAST	Mock_type_reference_BLAST	ITSxpress	SE	Saccharomyces_uvarum	0
fig4_q30_SE_itsxpress_unite_blast_top1_rescue	1Z	fig4_q30_SE_itsxpress_unite_blast_top1_rescue_1Z	Zymo	1	mock_only	Mock type-strain BLAST	Mock_type_reference_BLAST	ITSxpress	SE	Cutaneotrichosporon_dermatis	0.2591373545678961
fig4_q30_SE_itsxpress_unite_blast_top1_rescue	1Z	fig4_q30_SE_itsxpress_unite_blast_top1_rescue_1Z	Zymo	1	mock_only	Mock type-strain BLAST	Mock_type_reference_BLAST	ITSxpress	SE	Cutaneotrichosporon_g	0
fig4_q30_SE_itsxpress_unite_blast_top1_rescue	1Z	fig4_q30_SE_itsxpress_unite_blast_top1_rescue_1Z	Zymo	1	mock_only	Mock type-strain BLAST	Mock_type_reference_BLAST	ITSxpress	SE	Cutaneotrichosporon_mucoides	0
fig4_q30_SE_itsxpress_unite_blast_top1_rescue	1Z	fig4_q30_SE_itsxpress_unite_blast_top1_rescue_1Z	Zymo	1	mock_only	Mock type-strain BLAST	Mock_type_reference_BLAST	ITSxpress	SE	Other	0
fig4_q30_SE_itsxpress_unite_blast_top1_rescue	1Z	fig4_q30_SE_itsxpress_unite_blast_top1_rescue_1Z	Zymo	1	mock_only	UNITE	No_BLAST	ITSxpress	SE	Aspergillus_fumigatus	0.03195600320809941
fig4_q30_SE_itsxpress_unite_blast_top1_rescue	1Z	fig4_q30_SE_itsxpress_unite_blast_top1_rescue_1Z	Zymo	1	mock_only	UNITE	No_BLAST	ITSxpress	SE	Aspergillus_g	0
fig4_q30_SE_itsxpress_unite_blast_top1_rescue	1Z	fig4_q30_SE_itsxpress_unite_blast_top1_rescue_1Z	Zymo	1	mock_only	UNITE	No_BLAST	ITSxpress	SE	Cryptococcus_gattii	0
fig4_q30_SE_itsxpress_unite_blast_top1_rescue	1Z	fig4_q30_SE_itsxpress_unite_blast_top1_rescue_1Z	Zymo	1	mock_only	UNITE	No_BLAST	ITSxpress	SE	Cryptococcus_neoformans	0.13660462257960357
fig4_q30_SE_itsxpress_unite_blast_top1_rescue	1Z	fig4_q30_SE_itsxpress_unite_blast_top1_rescue_1Z	Zymo	1	mock_only	UNITE	No_BLAST	ITSxpress	SE	Trichophyton_interdigitale	0
fig4_q30_SE_itsxpress_unite_blast_top1_rescue	1Z	fig4_q30_SE_itsxpress_unite_blast_top1_rescue_1Z	Zymo	1	mock_only	UNITE	No_BLAST	ITSxpress	SE	Trichophyton_mentagrophytes	0.004343433291322508
fig4_q30_SE_itsxpress_unite_blast_top1_rescue	1Z	fig4_q30_SE_itsxpress_unite_blast_top1_rescue_1Z	Zymo	1	mock_only	UNITE	No_BLAST	ITSxpress	SE	Penicillium_chrysogenum	0
fig4_q30_SE_itsxpress_unite_blast_top1_rescue	1Z	fig4_q30_SE_itsxpress_unite_blast_top1_rescue_1Z	Zymo	1	mock_only	UNITE	No_BLAST	ITSxpress	SE	Penicillium_flavigenum	0
fig4_q30_SE_itsxpress_unite_blast_top1_rescue	1Z	fig4_q30_SE_itsxpress_unite_blast_top1_rescue_1Z	Zymo	1	mock_only	UNITE	No_BLAST	ITSxpress	SE	Penicillium_g	0
fig4_q30_SE_itsxpress_unite_blast_top1_rescue	1Z	fig4_q30_SE_itsxpress_unite_blast_top1_rescue_1Z	Zymo	1	mock_only	UNITE	No_BLAST	ITSxpress	SE	Fusarium_g	0
fig4_q30_SE_itsxpress_unite_blast_top1_rescue	1Z	fig4_q30_SE_itsxpress_unite_blast_top1_rescue_1Z	Zymo	1	mock_only	UNITE	No_BLAST	ITSxpress	SE	Fusarium_keratoplasticum	0
fig4_q30_SE_itsxpress_unite_blast_top1_rescue	1Z	fig4_q30_SE_itsxpress_unite_blast_top1_rescue_1Z	Zymo	1	mock_only	UNITE	No_BLAST	ITSxpress	SE	Candida_africana	0
fig4_q30_SE_itsxpress_unite_blast_top1_rescue	1Z	fig4_q30_SE_itsxpress_unite_blast_top1_rescue_1Z	Zymo	1	mock_only	UNITE	No_BLAST	ITSxpress	SE	Candida_albicans	0.28895809680544127
fig4_q30_SE_itsxpress_unite_blast_top1_rescue	1Z	fig4_q30_SE_itsxpress_unite_blast_top1_rescue_1Z	Zymo	1	mock_only	UNITE	No_BLAST	ITSxpress	SE	Candida_g	0
fig4_q30_SE_itsxpress_unite_blast_top1_rescue	1Z	fig4_q30_SE_itsxpress_unite_blast_top1_rescue_1Z	Zymo	1	mock_only	UNITE	No_BLAST	ITSxpress	SE	Candida_tropicalis	0
fig4_q30_SE_itsxpress_unite_blast_top1_rescue	1Z	fig4_q30_SE_itsxpress_unite_blast_top1_rescue_1Z	Zymo	1	mock_only	UNITE	No_BLAST	ITSxpress	SE	Nakaseomyces_glabratus	0.09286822835834888
fig4_q30_SE_itsxpress_unite_blast_top1_rescue	1Z	fig4_q30_SE_itsxpress_unite_blast_top1_rescue_1Z	Zymo	1	mock_only	UNITE	No_BLAST	ITSxpress	SE	Malassezia_g	0
fig4_q30_SE_itsxpress_unite_blast_top1_rescue	1Z	fig4_q30_SE_itsxpress_unite_blast_top1_rescue_1Z	Zymo	1	mock_only	UNITE	No_BLAST	ITSxpress	SE	Malassezia_globosa	5.207953586717635e-5
fig4_q30_SE_itsxpress_unite_blast_top1_rescue	1Z	fig4_q30_SE_itsxpress_unite_blast_top1_rescue_1Z	Zymo	1	mock_only	UNITE	No_BLAST	ITSxpress	SE	Saccharomyces_arboricola	0
fig4_q30_SE_itsxpress_unite_blast_top1_rescue	1Z	fig4_q30_SE_itsxpress_unite_blast_top1_rescue_1Z	Zymo	1	mock_only	UNITE	No_BLAST	ITSxpress	SE	Saccharomyces_cerevisiae	0.04481964856729197
fig4_q30_SE_itsxpress_unite_blast_top1_rescue	1Z	fig4_q30_SE_itsxpress_unite_blast_top1_rescue_1Z	Zymo	1	mock_only	UNITE	No_BLAST	ITSxpress	SE	Saccharomyces_g	0
fig4_q30_SE_itsxpress_unite_blast_top1_rescue	1Z	fig4_q30_SE_itsxpress_unite_blast_top1_rescue_1Z	Zymo	1	mock_only	UNITE	No_BLAST	ITSxpress	SE	Saccharomyces_uvarum	0
fig4_q30_SE_itsxpress_unite_blast_top1_rescue	1Z	fig4_q30_SE_itsxpress_unite_blast_top1_rescue_1Z	Zymo	1	mock_only	UNITE	No_BLAST	ITSxpress	SE	Cutaneotrichosporon_dermatis	0
fig4_q30_SE_itsxpress_unite_blast_top1_rescue	1Z	fig4_q30_SE_itsxpress_unite_blast_top1_rescue_1Z	Zymo	1	mock_only	UNITE	No_BLAST	ITSxpress	SE	Cutaneotrichosporon_g	0
fig4_q30_SE_itsxpress_unite_blast_top1_rescue	1Z	fig4_q30_SE_itsxpress_unite_blast_top1_rescue_1Z	Zymo	1	mock_only	UNITE	No_BLAST	ITSxpress	SE	Cutaneotrichosporon_mucoides	0.25894986823877425
fig4_q30_SE_itsxpress_unite_blast_top1_rescue	1Z	fig4_q30_SE_itsxpress_unite_blast_top1_rescue_1Z	Zymo	1	mock_only	UNITE	No_BLAST	ITSxpress	SE	Other	0.14144801941525098
fig4_q30_SE_itsxpress_unite_blast_top1_rescue	1Z	fig4_q30_SE_itsxpress_unite_blast_top1_rescue_1Z	Zymo	1	mock_only	UNITE+RefSeq BLAST	RefSeq_BLAST	ITSxpress	SE	Aspergillus_fumigatus	0.03195600320809941
fig4_q30_SE_itsxpress_unite_blast_top1_rescue	1Z	fig4_q30_SE_itsxpress_unite_blast_top1_rescue_1Z	Zymo	1	mock_only	UNITE+RefSeq BLAST	RefSeq_BLAST	ITSxpress	SE	Aspergillus_g	0
fig4_q30_SE_itsxpress_unite_blast_top1_rescue	1Z	fig4_q30_SE_itsxpress_unite_blast_top1_rescue_1Z	Zymo	1	mock_only	UNITE+RefSeq BLAST	RefSeq_BLAST	ITSxpress	SE	Cryptococcus_gattii	0
fig4_q30_SE_itsxpress_unite_blast_top1_rescue	1Z	fig4_q30_SE_itsxpress_unite_blast_top1_rescue_1Z	Zymo	1	mock_only	UNITE+RefSeq BLAST	RefSeq_BLAST	ITSxpress	SE	Cryptococcus_neoformans	0.13671919755851136
fig4_q30_SE_itsxpress_unite_blast_top1_rescue	1Z	fig4_q30_SE_itsxpress_unite_blast_top1_rescue_1Z	Zymo	1	mock_only	UNITE+RefSeq BLAST	RefSeq_BLAST	ITSxpress	SE	Trichophyton_interdigitale	0
fig4_q30_SE_itsxpress_unite_blast_top1_rescue	1Z	fig4_q30_SE_itsxpress_unite_blast_top1_rescue_1Z	Zymo	1	mock_only	UNITE+RefSeq BLAST	RefSeq_BLAST	ITSxpress	SE	Trichophyton_mentagrophytes	0.004343433291322508
fig4_q30_SE_itsxpress_unite_blast_top1_rescue	1Z	fig4_q30_SE_itsxpress_unite_blast_top1_rescue_1Z	Zymo	1	mock_only	UNITE+RefSeq BLAST	RefSeq_BLAST	ITSxpress	SE	Penicillium_chrysogenum	0.13952107658816545
fig4_q30_SE_itsxpress_unite_blast_top1_rescue	1Z	fig4_q30_SE_itsxpress_unite_blast_top1_rescue_1Z	Zymo	1	mock_only	UNITE+RefSeq BLAST	RefSeq_BLAST	ITSxpress	SE	Penicillium_flavigenum	0
fig4_q30_SE_itsxpress_unite_blast_top1_rescue	1Z	fig4_q30_SE_itsxpress_unite_blast_top1_rescue_1Z	Zymo	1	mock_only	UNITE+RefSeq BLAST	RefSeq_BLAST	ITSxpress	SE	Penicillium_g	0
fig4_q30_SE_itsxpress_unite_blast_top1_rescue	1Z	fig4_q30_SE_itsxpress_unite_blast_top1_rescue_1Z	Zymo	1	mock_only	UNITE+RefSeq BLAST	RefSeq_BLAST	ITSxpress	SE	Fusarium_g	0
fig4_q30_SE_itsxpress_unite_blast_top1_rescue	1Z	fig4_q30_SE_itsxpress_unite_blast_top1_rescue_1Z	Zymo	1	mock_only	UNITE+RefSeq BLAST	RefSeq_BLAST	ITSxpress	SE	Fusarium_keratoplasticum	0.0014790588186278084
fig4_q30_SE_itsxpress_unite_blast_top1_rescue	1Z	fig4_q30_SE_itsxpress_unite_blast_top1_rescue_1Z	Zymo	1	mock_only	UNITE+RefSeq BLAST	RefSeq_BLAST	ITSxpress	SE	Candida_africana	0
fig4_q30_SE_itsxpress_unite_blast_top1_rescue	1Z	fig4_q30_SE_itsxpress_unite_blast_top1_rescue_1Z	Zymo	1	mock_only	UNITE+RefSeq BLAST	RefSeq_BLAST	ITSxpress	SE	Candida_albicans	0.2891039195058694
fig4_q30_SE_itsxpress_unite_blast_top1_rescue	1Z	fig4_q30_SE_itsxpress_unite_blast_top1_rescue_1Z	Zymo	1	mock_only	UNITE+RefSeq BLAST	RefSeq_BLAST	ITSxpress	SE	Candida_g	0
fig4_q30_SE_itsxpress_unite_blast_top1_rescue	1Z	fig4_q30_SE_itsxpress_unite_blast_top1_rescue_1Z	Zymo	1	mock_only	UNITE+RefSeq BLAST	RefSeq_BLAST	ITSxpress	SE	Candida_tropicalis	0
fig4_q30_SE_itsxpress_unite_blast_top1_rescue	1Z	fig4_q30_SE_itsxpress_unite_blast_top1_rescue_1Z	Zymo	1	mock_only	UNITE+RefSeq BLAST	RefSeq_BLAST	ITSxpress	SE	Nakaseomyces_glabratus	0.09286822835834888
fig4_q30_SE_itsxpress_unite_blast_top1_rescue	1Z	fig4_q30_SE_itsxpress_unite_blast_top1_rescue_1Z	Zymo	1	mock_only	UNITE+RefSeq BLAST	RefSeq_BLAST	ITSxpress	SE	Malassezia_g	0
fig4_q30_SE_itsxpress_unite_blast_top1_rescue	1Z	fig4_q30_SE_itsxpress_unite_blast_top1_rescue_1Z	Zymo	1	mock_only	UNITE+RefSeq BLAST	RefSeq_BLAST	ITSxpress	SE	Malassezia_globosa	5.207953586717635e-5
fig4_q30_SE_itsxpress_unite_blast_top1_rescue	1Z	fig4_q30_SE_itsxpress_unite_blast_top1_rescue_1Z	Zymo	1	mock_only	UNITE+RefSeq BLAST	RefSeq_BLAST	ITSxpress	SE	Saccharomyces_arboricola	0
fig4_q30_SE_itsxpress_unite_blast_top1_rescue	1Z	fig4_q30_SE_itsxpress_unite_blast_top1_rescue_1Z	Zymo	1	mock_only	UNITE+RefSeq BLAST	RefSeq_BLAST	ITSxpress	SE	Saccharomyces_cerevisiae	0.04481964856729197
fig4_q30_SE_itsxpress_unite_blast_top1_rescue	1Z	fig4_q30_SE_itsxpress_unite_blast_top1_rescue_1Z	Zymo	1	mock_only	UNITE+RefSeq BLAST	RefSeq_BLAST	ITSxpress	SE	Saccharomyces_g	0
fig4_q30_SE_itsxpress_unite_blast_top1_rescue	1Z	fig4_q30_SE_itsxpress_unite_blast_top1_rescue_1Z	Zymo	1	mock_only	UNITE+RefSeq BLAST	RefSeq_BLAST	ITSxpress	SE	Saccharomyces_uvarum	0
fig4_q30_SE_itsxpress_unite_blast_top1_rescue	1Z	fig4_q30_SE_itsxpress_unite_blast_top1_rescue_1Z	Zymo	1	mock_only	UNITE+RefSeq BLAST	RefSeq_BLAST	ITSxpress	SE	Cutaneotrichosporon_dermatis	1.8748632912183487e-4
fig4_q30_SE_itsxpress_unite_blast_top1_rescue	1Z	fig4_q30_SE_itsxpress_unite_blast_top1_rescue_1Z	Zymo	1	mock_only	UNITE+RefSeq BLAST	RefSeq_BLAST	ITSxpress	SE	Cutaneotrichosporon_g	0
fig4_q30_SE_itsxpress_unite_blast_top1_rescue	1Z	fig4_q30_SE_itsxpress_unite_blast_top1_rescue_1Z	Zymo	1	mock_only	UNITE+RefSeq BLAST	RefSeq_BLAST	ITSxpress	SE	Cutaneotrichosporon_mucoides	0.25894986823877425
fig4_q30_SE_itsxpress_unite_blast_top1_rescue	1Z	fig4_q30_SE_itsxpress_unite_blast_top1_rescue_1Z	Zymo	1	mock_only	UNITE+RefSeq BLAST	RefSeq_BLAST	ITSxpress	SE	Other	0
fig4_q30_SE_itsxpress_unite_blast_top1_rescue	2D	fig4_q30_SE_itsxpress_unite_blast_top1_rescue_2D	DNeasy	2	mock_only	Mock type-strain BLAST	Mock_type_reference_BLAST	ITSxpress	SE	Aspergillus_fumigatus	0.02906415931197995
fig4_q30_SE_itsxpress_unite_blast_top1_rescue	2D	fig4_q30_SE_itsxpress_unite_blast_top1_rescue_2D	DNeasy	2	mock_only	Mock type-strain BLAST	Mock_type_reference_BLAST	ITSxpress	SE	Aspergillus_g	0
fig4_q30_SE_itsxpress_unite_blast_top1_rescue	2D	fig4_q30_SE_itsxpress_unite_blast_top1_rescue_2D	DNeasy	2	mock_only	Mock type-strain BLAST	Mock_type_reference_BLAST	ITSxpress	SE	Cryptococcus_gattii	0
fig4_q30_SE_itsxpress_unite_blast_top1_rescue	2D	fig4_q30_SE_itsxpress_unite_blast_top1_rescue_2D	DNeasy	2	mock_only	Mock type-strain BLAST	Mock_type_reference_BLAST	ITSxpress	SE	Cryptococcus_neoformans	0.14544700568842572
fig4_q30_SE_itsxpress_unite_blast_top1_rescue	2D	fig4_q30_SE_itsxpress_unite_blast_top1_rescue_2D	DNeasy	2	mock_only	Mock type-strain BLAST	Mock_type_reference_BLAST	ITSxpress	SE	Trichophyton_interdigitale	0.0037592290425234615
fig4_q30_SE_itsxpress_unite_blast_top1_rescue	2D	fig4_q30_SE_itsxpress_unite_blast_top1_rescue_2D	DNeasy	2	mock_only	Mock type-strain BLAST	Mock_type_reference_BLAST	ITSxpress	SE	Trichophyton_mentagrophytes	0
fig4_q30_SE_itsxpress_unite_blast_top1_rescue	2D	fig4_q30_SE_itsxpress_unite_blast_top1_rescue_2D	DNeasy	2	mock_only	Mock type-strain BLAST	Mock_type_reference_BLAST	ITSxpress	SE	Penicillium_chrysogenum	0.11320958828779287
fig4_q30_SE_itsxpress_unite_blast_top1_rescue	2D	fig4_q30_SE_itsxpress_unite_blast_top1_rescue_2D	DNeasy	2	mock_only	Mock type-strain BLAST	Mock_type_reference_BLAST	ITSxpress	SE	Penicillium_flavigenum	0
fig4_q30_SE_itsxpress_unite_blast_top1_rescue	2D	fig4_q30_SE_itsxpress_unite_blast_top1_rescue_2D	DNeasy	2	mock_only	Mock type-strain BLAST	Mock_type_reference_BLAST	ITSxpress	SE	Penicillium_g	0
fig4_q30_SE_itsxpress_unite_blast_top1_rescue	2D	fig4_q30_SE_itsxpress_unite_blast_top1_rescue_2D	DNeasy	2	mock_only	Mock type-strain BLAST	Mock_type_reference_BLAST	ITSxpress	SE	Fusarium_g	0
fig4_q30_SE_itsxpress_unite_blast_top1_rescue	2D	fig4_q30_SE_itsxpress_unite_blast_top1_rescue_2D	DNeasy	2	mock_only	Mock type-strain BLAST	Mock_type_reference_BLAST	ITSxpress	SE	Fusarium_keratoplasticum	0.0014153452270412074
fig4_q30_SE_itsxpress_unite_blast_top1_rescue	2D	fig4_q30_SE_itsxpress_unite_blast_top1_rescue_2D	DNeasy	2	mock_only	Mock type-strain BLAST	Mock_type_reference_BLAST	ITSxpress	SE	Candida_africana	0
fig4_q30_SE_itsxpress_unite_blast_top1_rescue	2D	fig4_q30_SE_itsxpress_unite_blast_top1_rescue_2D	DNeasy	2	mock_only	Mock type-strain BLAST	Mock_type_reference_BLAST	ITSxpress	SE	Candida_albicans	0.3055252553481118
fig4_q30_SE_itsxpress_unite_blast_top1_rescue	2D	fig4_q30_SE_itsxpress_unite_blast_top1_rescue_2D	DNeasy	2	mock_only	Mock type-strain BLAST	Mock_type_reference_BLAST	ITSxpress	SE	Candida_g	0
fig4_q30_SE_itsxpress_unite_blast_top1_rescue	2D	fig4_q30_SE_itsxpress_unite_blast_top1_rescue_2D	DNeasy	2	mock_only	Mock type-strain BLAST	Mock_type_reference_BLAST	ITSxpress	SE	Candida_tropicalis	0
fig4_q30_SE_itsxpress_unite_blast_top1_rescue	2D	fig4_q30_SE_itsxpress_unite_blast_top1_rescue_2D	DNeasy	2	mock_only	Mock type-strain BLAST	Mock_type_reference_BLAST	ITSxpress	SE	Nakaseomyces_glabratus	0.10993716588386958
fig4_q30_SE_itsxpress_unite_blast_top1_rescue	2D	fig4_q30_SE_itsxpress_unite_blast_top1_rescue_2D	DNeasy	2	mock_only	Mock type-strain BLAST	Mock_type_reference_BLAST	ITSxpress	SE	Malassezia_g	0
fig4_q30_SE_itsxpress_unite_blast_top1_rescue	2D	fig4_q30_SE_itsxpress_unite_blast_top1_rescue_2D	DNeasy	2	mock_only	Mock type-strain BLAST	Mock_type_reference_BLAST	ITSxpress	SE	Malassezia_globosa	0
fig4_q30_SE_itsxpress_unite_blast_top1_rescue	2D	fig4_q30_SE_itsxpress_unite_blast_top1_rescue_2D	DNeasy	2	mock_only	Mock type-strain BLAST	Mock_type_reference_BLAST	ITSxpress	SE	Saccharomyces_arboricola	0
fig4_q30_SE_itsxpress_unite_blast_top1_rescue	2D	fig4_q30_SE_itsxpress_unite_blast_top1_rescue_2D	DNeasy	2	mock_only	Mock type-strain BLAST	Mock_type_reference_BLAST	ITSxpress	SE	Saccharomyces_cerevisiae	0.06631388210264408
fig4_q30_SE_itsxpress_unite_blast_top1_rescue	2D	fig4_q30_SE_itsxpress_unite_blast_top1_rescue_2D	DNeasy	2	mock_only	Mock type-strain BLAST	Mock_type_reference_BLAST	ITSxpress	SE	Saccharomyces_g	0
fig4_q30_SE_itsxpress_unite_blast_top1_rescue	2D	fig4_q30_SE_itsxpress_unite_blast_top1_rescue_2D	DNeasy	2	mock_only	Mock type-strain BLAST	Mock_type_reference_BLAST	ITSxpress	SE	Saccharomyces_uvarum	0
fig4_q30_SE_itsxpress_unite_blast_top1_rescue	2D	fig4_q30_SE_itsxpress_unite_blast_top1_rescue_2D	DNeasy	2	mock_only	Mock type-strain BLAST	Mock_type_reference_BLAST	ITSxpress	SE	Cutaneotrichosporon_dermatis	0.2253283691076113
fig4_q30_SE_itsxpress_unite_blast_top1_rescue	2D	fig4_q30_SE_itsxpress_unite_blast_top1_rescue_2D	DNeasy	2	mock_only	Mock type-strain BLAST	Mock_type_reference_BLAST	ITSxpress	SE	Cutaneotrichosporon_g	0
fig4_q30_SE_itsxpress_unite_blast_top1_rescue	2D	fig4_q30_SE_itsxpress_unite_blast_top1_rescue_2D	DNeasy	2	mock_only	Mock type-strain BLAST	Mock_type_reference_BLAST	ITSxpress	SE	Cutaneotrichosporon_mucoides	0
fig4_q30_SE_itsxpress_unite_blast_top1_rescue	2D	fig4_q30_SE_itsxpress_unite_blast_top1_rescue_2D	DNeasy	2	mock_only	Mock type-strain BLAST	Mock_type_reference_BLAST	ITSxpress	SE	Other	0
fig4_q30_SE_itsxpress_unite_blast_top1_rescue	2D	fig4_q30_SE_itsxpress_unite_blast_top1_rescue_2D	DNeasy	2	mock_only	UNITE	No_BLAST	ITSxpress	SE	Aspergillus_fumigatus	0.02906415931197995
fig4_q30_SE_itsxpress_unite_blast_top1_rescue	2D	fig4_q30_SE_itsxpress_unite_blast_top1_rescue_2D	DNeasy	2	mock_only	UNITE	No_BLAST	ITSxpress	SE	Aspergillus_g	0
fig4_q30_SE_itsxpress_unite_blast_top1_rescue	2D	fig4_q30_SE_itsxpress_unite_blast_top1_rescue_2D	DNeasy	2	mock_only	UNITE	No_BLAST	ITSxpress	SE	Cryptococcus_gattii	0
fig4_q30_SE_itsxpress_unite_blast_top1_rescue	2D	fig4_q30_SE_itsxpress_unite_blast_top1_rescue_2D	DNeasy	2	mock_only	UNITE	No_BLAST	ITSxpress	SE	Cryptococcus_neoformans	0.14532079655989977
fig4_q30_SE_itsxpress_unite_blast_top1_rescue	2D	fig4_q30_SE_itsxpress_unite_blast_top1_rescue_2D	DNeasy	2	mock_only	UNITE	No_BLAST	ITSxpress	SE	Trichophyton_interdigitale	0
fig4_q30_SE_itsxpress_unite_blast_top1_rescue	2D	fig4_q30_SE_itsxpress_unite_blast_top1_rescue_2D	DNeasy	2	mock_only	UNITE	No_BLAST	ITSxpress	SE	Trichophyton_mentagrophytes	0.0037592290425234615
fig4_q30_SE_itsxpress_unite_blast_top1_rescue	2D	fig4_q30_SE_itsxpress_unite_blast_top1_rescue_2D	DNeasy	2	mock_only	UNITE	No_BLAST	ITSxpress	SE	Penicillium_chrysogenum	0
fig4_q30_SE_itsxpress_unite_blast_top1_rescue	2D	fig4_q30_SE_itsxpress_unite_blast_top1_rescue_2D	DNeasy	2	mock_only	UNITE	No_BLAST	ITSxpress	SE	Penicillium_flavigenum	0
fig4_q30_SE_itsxpress_unite_blast_top1_rescue	2D	fig4_q30_SE_itsxpress_unite_blast_top1_rescue_2D	DNeasy	2	mock_only	UNITE	No_BLAST	ITSxpress	SE	Penicillium_g	0
fig4_q30_SE_itsxpress_unite_blast_top1_rescue	2D	fig4_q30_SE_itsxpress_unite_blast_top1_rescue_2D	DNeasy	2	mock_only	UNITE	No_BLAST	ITSxpress	SE	Fusarium_g	0
fig4_q30_SE_itsxpress_unite_blast_top1_rescue	2D	fig4_q30_SE_itsxpress_unite_blast_top1_rescue_2D	DNeasy	2	mock_only	UNITE	No_BLAST	ITSxpress	SE	Fusarium_keratoplasticum	0
fig4_q30_SE_itsxpress_unite_blast_top1_rescue	2D	fig4_q30_SE_itsxpress_unite_blast_top1_rescue_2D	DNeasy	2	mock_only	UNITE	No_BLAST	ITSxpress	SE	Candida_africana	0
fig4_q30_SE_itsxpress_unite_blast_top1_rescue	2D	fig4_q30_SE_itsxpress_unite_blast_top1_rescue_2D	DNeasy	2	mock_only	UNITE	No_BLAST	ITSxpress	SE	Candida_albicans	0.30541707609508956
fig4_q30_SE_itsxpress_unite_blast_top1_rescue	2D	fig4_q30_SE_itsxpress_unite_blast_top1_rescue_2D	DNeasy	2	mock_only	UNITE	No_BLAST	ITSxpress	SE	Candida_g	0
fig4_q30_SE_itsxpress_unite_blast_top1_rescue	2D	fig4_q30_SE_itsxpress_unite_blast_top1_rescue_2D	DNeasy	2	mock_only	UNITE	No_BLAST	ITSxpress	SE	Candida_tropicalis	0
fig4_q30_SE_itsxpress_unite_blast_top1_rescue	2D	fig4_q30_SE_itsxpress_unite_blast_top1_rescue_2D	DNeasy	2	mock_only	UNITE	No_BLAST	ITSxpress	SE	Nakaseomyces_glabratus	0.10978391194208804
fig4_q30_SE_itsxpress_unite_blast_top1_rescue	2D	fig4_q30_SE_itsxpress_unite_blast_top1_rescue_2D	DNeasy	2	mock_only	UNITE	No_BLAST	ITSxpress	SE	Malassezia_g	0
fig4_q30_SE_itsxpress_unite_blast_top1_rescue	2D	fig4_q30_SE_itsxpress_unite_blast_top1_rescue_2D	DNeasy	2	mock_only	UNITE	No_BLAST	ITSxpress	SE	Malassezia_globosa	0
fig4_q30_SE_itsxpress_unite_blast_top1_rescue	2D	fig4_q30_SE_itsxpress_unite_blast_top1_rescue_2D	DNeasy	2	mock_only	UNITE	No_BLAST	ITSxpress	SE	Saccharomyces_arboricola	0
fig4_q30_SE_itsxpress_unite_blast_top1_rescue	2D	fig4_q30_SE_itsxpress_unite_blast_top1_rescue_2D	DNeasy	2	mock_only	UNITE	No_BLAST	ITSxpress	SE	Saccharomyces_cerevisiae	0.06624176260062924
fig4_q30_SE_itsxpress_unite_blast_top1_rescue	2D	fig4_q30_SE_itsxpress_unite_blast_top1_rescue_2D	DNeasy	2	mock_only	UNITE	No_BLAST	ITSxpress	SE	Saccharomyces_g	0
fig4_q30_SE_itsxpress_unite_blast_top1_rescue	2D	fig4_q30_SE_itsxpress_unite_blast_top1_rescue_2D	DNeasy	2	mock_only	UNITE	No_BLAST	ITSxpress	SE	Saccharomyces_uvarum	0
fig4_q30_SE_itsxpress_unite_blast_top1_rescue	2D	fig4_q30_SE_itsxpress_unite_blast_top1_rescue_2D	DNeasy	2	mock_only	UNITE	No_BLAST	ITSxpress	SE	Cutaneotrichosporon_dermatis	0
fig4_q30_SE_itsxpress_unite_blast_top1_rescue	2D	fig4_q30_SE_itsxpress_unite_blast_top1_rescue_2D	DNeasy	2	mock_only	UNITE	No_BLAST	ITSxpress	SE	Cutaneotrichosporon_g	0
fig4_q30_SE_itsxpress_unite_blast_top1_rescue	2D	fig4_q30_SE_itsxpress_unite_blast_top1_rescue_2D	DNeasy	2	mock_only	UNITE	No_BLAST	ITSxpress	SE	Cutaneotrichosporon_mucoides	0.22517511516582978
fig4_q30_SE_itsxpress_unite_blast_top1_rescue	2D	fig4_q30_SE_itsxpress_unite_blast_top1_rescue_2D	DNeasy	2	mock_only	UNITE	No_BLAST	ITSxpress	SE	Other	0.11523794928196021
fig4_q30_SE_itsxpress_unite_blast_top1_rescue	2D	fig4_q30_SE_itsxpress_unite_blast_top1_rescue_2D	DNeasy	2	mock_only	UNITE+RefSeq BLAST	RefSeq_BLAST	ITSxpress	SE	Aspergillus_fumigatus	0.02906415931197995
fig4_q30_SE_itsxpress_unite_blast_top1_rescue	2D	fig4_q30_SE_itsxpress_unite_blast_top1_rescue_2D	DNeasy	2	mock_only	UNITE+RefSeq BLAST	RefSeq_BLAST	ITSxpress	SE	Aspergillus_g	0
fig4_q30_SE_itsxpress_unite_blast_top1_rescue	2D	fig4_q30_SE_itsxpress_unite_blast_top1_rescue_2D	DNeasy	2	mock_only	UNITE+RefSeq BLAST	RefSeq_BLAST	ITSxpress	SE	Cryptococcus_gattii	0
fig4_q30_SE_itsxpress_unite_blast_top1_rescue	2D	fig4_q30_SE_itsxpress_unite_blast_top1_rescue_2D	DNeasy	2	mock_only	UNITE+RefSeq BLAST	RefSeq_BLAST	ITSxpress	SE	Cryptococcus_neoformans	0.14544700568842572
fig4_q30_SE_itsxpress_unite_blast_top1_rescue	2D	fig4_q30_SE_itsxpress_unite_blast_top1_rescue_2D	DNeasy	2	mock_only	UNITE+RefSeq BLAST	RefSeq_BLAST	ITSxpress	SE	Trichophyton_interdigitale	0
fig4_q30_SE_itsxpress_unite_blast_top1_rescue	2D	fig4_q30_SE_itsxpress_unite_blast_top1_rescue_2D	DNeasy	2	mock_only	UNITE+RefSeq BLAST	RefSeq_BLAST	ITSxpress	SE	Trichophyton_mentagrophytes	0.0037592290425234615
fig4_q30_SE_itsxpress_unite_blast_top1_rescue	2D	fig4_q30_SE_itsxpress_unite_blast_top1_rescue_2D	DNeasy	2	mock_only	UNITE+RefSeq BLAST	RefSeq_BLAST	ITSxpress	SE	Penicillium_chrysogenum	0.11320958828779287
fig4_q30_SE_itsxpress_unite_blast_top1_rescue	2D	fig4_q30_SE_itsxpress_unite_blast_top1_rescue_2D	DNeasy	2	mock_only	UNITE+RefSeq BLAST	RefSeq_BLAST	ITSxpress	SE	Penicillium_flavigenum	0
fig4_q30_SE_itsxpress_unite_blast_top1_rescue	2D	fig4_q30_SE_itsxpress_unite_blast_top1_rescue_2D	DNeasy	2	mock_only	UNITE+RefSeq BLAST	RefSeq_BLAST	ITSxpress	SE	Penicillium_g	0
fig4_q30_SE_itsxpress_unite_blast_top1_rescue	2D	fig4_q30_SE_itsxpress_unite_blast_top1_rescue_2D	DNeasy	2	mock_only	UNITE+RefSeq BLAST	RefSeq_BLAST	ITSxpress	SE	Fusarium_g	0
fig4_q30_SE_itsxpress_unite_blast_top1_rescue	2D	fig4_q30_SE_itsxpress_unite_blast_top1_rescue_2D	DNeasy	2	mock_only	UNITE+RefSeq BLAST	RefSeq_BLAST	ITSxpress	SE	Fusarium_keratoplasticum	0.0014153452270412074
fig4_q30_SE_itsxpress_unite_blast_top1_rescue	2D	fig4_q30_SE_itsxpress_unite_blast_top1_rescue_2D	DNeasy	2	mock_only	UNITE+RefSeq BLAST	RefSeq_BLAST	ITSxpress	SE	Candida_africana	0
fig4_q30_SE_itsxpress_unite_blast_top1_rescue	2D	fig4_q30_SE_itsxpress_unite_blast_top1_rescue_2D	DNeasy	2	mock_only	UNITE+RefSeq BLAST	RefSeq_BLAST	ITSxpress	SE	Candida_albicans	0.3055252553481118
fig4_q30_SE_itsxpress_unite_blast_top1_rescue	2D	fig4_q30_SE_itsxpress_unite_blast_top1_rescue_2D	DNeasy	2	mock_only	UNITE+RefSeq BLAST	RefSeq_BLAST	ITSxpress	SE	Candida_g	0
fig4_q30_SE_itsxpress_unite_blast_top1_rescue	2D	fig4_q30_SE_itsxpress_unite_blast_top1_rescue_2D	DNeasy	2	mock_only	UNITE+RefSeq BLAST	RefSeq_BLAST	ITSxpress	SE	Candida_tropicalis	0
fig4_q30_SE_itsxpress_unite_blast_top1_rescue	2D	fig4_q30_SE_itsxpress_unite_blast_top1_rescue_2D	DNeasy	2	mock_only	UNITE+RefSeq BLAST	RefSeq_BLAST	ITSxpress	SE	Nakaseomyces_glabratus	0.10993716588386958
fig4_q30_SE_itsxpress_unite_blast_top1_rescue	2D	fig4_q30_SE_itsxpress_unite_blast_top1_rescue_2D	DNeasy	2	mock_only	UNITE+RefSeq BLAST	RefSeq_BLAST	ITSxpress	SE	Malassezia_g	0
fig4_q30_SE_itsxpress_unite_blast_top1_rescue	2D	fig4_q30_SE_itsxpress_unite_blast_top1_rescue_2D	DNeasy	2	mock_only	UNITE+RefSeq BLAST	RefSeq_BLAST	ITSxpress	SE	Malassezia_globosa	0
fig4_q30_SE_itsxpress_unite_blast_top1_rescue	2D	fig4_q30_SE_itsxpress_unite_blast_top1_rescue_2D	DNeasy	2	mock_only	UNITE+RefSeq BLAST	RefSeq_BLAST	ITSxpress	SE	Saccharomyces_arboricola	0
fig4_q30_SE_itsxpress_unite_blast_top1_rescue	2D	fig4_q30_SE_itsxpress_unite_blast_top1_rescue_2D	DNeasy	2	mock_only	UNITE+RefSeq BLAST	RefSeq_BLAST	ITSxpress	SE	Saccharomyces_cerevisiae	0.06631388210264408
fig4_q30_SE_itsxpress_unite_blast_top1_rescue	2D	fig4_q30_SE_itsxpress_unite_blast_top1_rescue_2D	DNeasy	2	mock_only	UNITE+RefSeq BLAST	RefSeq_BLAST	ITSxpress	SE	Saccharomyces_g	0
fig4_q30_SE_itsxpress_unite_blast_top1_rescue	2D	fig4_q30_SE_itsxpress_unite_blast_top1_rescue_2D	DNeasy	2	mock_only	UNITE+RefSeq BLAST	RefSeq_BLAST	ITSxpress	SE	Saccharomyces_uvarum	0
fig4_q30_SE_itsxpress_unite_blast_top1_rescue	2D	fig4_q30_SE_itsxpress_unite_blast_top1_rescue_2D	DNeasy	2	mock_only	UNITE+RefSeq BLAST	RefSeq_BLAST	ITSxpress	SE	Cutaneotrichosporon_dermatis	1.3522406627782235e-4
fig4_q30_SE_itsxpress_unite_blast_top1_rescue	2D	fig4_q30_SE_itsxpress_unite_blast_top1_rescue_2D	DNeasy	2	mock_only	UNITE+RefSeq BLAST	RefSeq_BLAST	ITSxpress	SE	Cutaneotrichosporon_g	0
fig4_q30_SE_itsxpress_unite_blast_top1_rescue	2D	fig4_q30_SE_itsxpress_unite_blast_top1_rescue_2D	DNeasy	2	mock_only	UNITE+RefSeq BLAST	RefSeq_BLAST	ITSxpress	SE	Cutaneotrichosporon_mucoides	0.22517511516582978
fig4_q30_SE_itsxpress_unite_blast_top1_rescue	2D	fig4_q30_SE_itsxpress_unite_blast_top1_rescue_2D	DNeasy	2	mock_only	UNITE+RefSeq BLAST	RefSeq_BLAST	ITSxpress	SE	Other	1.8029875503709646e-5
fig4_q30_SE_itsxpress_unite_blast_top1_rescue	2Q	fig4_q30_SE_itsxpress_unite_blast_top1_rescue_2Q	QIAamp	2	mock_only	Mock type-strain BLAST	Mock_type_reference_BLAST	ITSxpress	SE	Aspergillus_fumigatus	0.03419132932683222
fig4_q30_SE_itsxpress_unite_blast_top1_rescue	2Q	fig4_q30_SE_itsxpress_unite_blast_top1_rescue_2Q	QIAamp	2	mock_only	Mock type-strain BLAST	Mock_type_reference_BLAST	ITSxpress	SE	Aspergillus_g	0
fig4_q30_SE_itsxpress_unite_blast_top1_rescue	2Q	fig4_q30_SE_itsxpress_unite_blast_top1_rescue_2Q	QIAamp	2	mock_only	Mock type-strain BLAST	Mock_type_reference_BLAST	ITSxpress	SE	Cryptococcus_gattii	0
fig4_q30_SE_itsxpress_unite_blast_top1_rescue	2Q	fig4_q30_SE_itsxpress_unite_blast_top1_rescue_2Q	QIAamp	2	mock_only	Mock type-strain BLAST	Mock_type_reference_BLAST	ITSxpress	SE	Cryptococcus_neoformans	0.16005593982688893
fig4_q30_SE_itsxpress_unite_blast_top1_rescue	2Q	fig4_q30_SE_itsxpress_unite_blast_top1_rescue_2Q	QIAamp	2	mock_only	Mock type-strain BLAST	Mock_type_reference_BLAST	ITSxpress	SE	Trichophyton_interdigitale	0.0055410666364289225
fig4_q30_SE_itsxpress_unite_blast_top1_rescue	2Q	fig4_q30_SE_itsxpress_unite_blast_top1_rescue_2Q	QIAamp	2	mock_only	Mock type-strain BLAST	Mock_type_reference_BLAST	ITSxpress	SE	Trichophyton_mentagrophytes	0
fig4_q30_SE_itsxpress_unite_blast_top1_rescue	2Q	fig4_q30_SE_itsxpress_unite_blast_top1_rescue_2Q	QIAamp	2	mock_only	Mock type-strain BLAST	Mock_type_reference_BLAST	ITSxpress	SE	Penicillium_chrysogenum	0.13476962618588653
fig4_q30_SE_itsxpress_unite_blast_top1_rescue	2Q	fig4_q30_SE_itsxpress_unite_blast_top1_rescue_2Q	QIAamp	2	mock_only	Mock type-strain BLAST	Mock_type_reference_BLAST	ITSxpress	SE	Penicillium_flavigenum	0
fig4_q30_SE_itsxpress_unite_blast_top1_rescue	2Q	fig4_q30_SE_itsxpress_unite_blast_top1_rescue_2Q	QIAamp	2	mock_only	Mock type-strain BLAST	Mock_type_reference_BLAST	ITSxpress	SE	Penicillium_g	0
fig4_q30_SE_itsxpress_unite_blast_top1_rescue	2Q	fig4_q30_SE_itsxpress_unite_blast_top1_rescue_2Q	QIAamp	2	mock_only	Mock type-strain BLAST	Mock_type_reference_BLAST	ITSxpress	SE	Fusarium_g	0
fig4_q30_SE_itsxpress_unite_blast_top1_rescue	2Q	fig4_q30_SE_itsxpress_unite_blast_top1_rescue_2Q	QIAamp	2	mock_only	Mock type-strain BLAST	Mock_type_reference_BLAST	ITSxpress	SE	Fusarium_keratoplasticum	0.0021393204066976605
fig4_q30_SE_itsxpress_unite_blast_top1_rescue	2Q	fig4_q30_SE_itsxpress_unite_blast_top1_rescue_2Q	QIAamp	2	mock_only	Mock type-strain BLAST	Mock_type_reference_BLAST	ITSxpress	SE	Candida_africana	0
fig4_q30_SE_itsxpress_unite_blast_top1_rescue	2Q	fig4_q30_SE_itsxpress_unite_blast_top1_rescue_2Q	QIAamp	2	mock_only	Mock type-strain BLAST	Mock_type_reference_BLAST	ITSxpress	SE	Candida_albicans	0.2842499149563443
fig4_q30_SE_itsxpress_unite_blast_top1_rescue	2Q	fig4_q30_SE_itsxpress_unite_blast_top1_rescue_2Q	QIAamp	2	mock_only	Mock type-strain BLAST	Mock_type_reference_BLAST	ITSxpress	SE	Candida_g	0
fig4_q30_SE_itsxpress_unite_blast_top1_rescue	2Q	fig4_q30_SE_itsxpress_unite_blast_top1_rescue_2Q	QIAamp	2	mock_only	Mock type-strain BLAST	Mock_type_reference_BLAST	ITSxpress	SE	Candida_tropicalis	0
fig4_q30_SE_itsxpress_unite_blast_top1_rescue	2Q	fig4_q30_SE_itsxpress_unite_blast_top1_rescue_2Q	QIAamp	2	mock_only	Mock type-strain BLAST	Mock_type_reference_BLAST	ITSxpress	SE	Nakaseomyces_glabratus	0.11650602865026269
fig4_q30_SE_itsxpress_unite_blast_top1_rescue	2Q	fig4_q30_SE_itsxpress_unite_blast_top1_rescue_2Q	QIAamp	2	mock_only	Mock type-strain BLAST	Mock_type_reference_BLAST	ITSxpress	SE	Malassezia_g	0
fig4_q30_SE_itsxpress_unite_blast_top1_rescue	2Q	fig4_q30_SE_itsxpress_unite_blast_top1_rescue_2Q	QIAamp	2	mock_only	Mock type-strain BLAST	Mock_type_reference_BLAST	ITSxpress	SE	Malassezia_globosa	3.0237744264277885e-5
fig4_q30_SE_itsxpress_unite_blast_top1_rescue	2Q	fig4_q30_SE_itsxpress_unite_blast_top1_rescue_2Q	QIAamp	2	mock_only	Mock type-strain BLAST	Mock_type_reference_BLAST	ITSxpress	SE	Saccharomyces_arboricola	0
fig4_q30_SE_itsxpress_unite_blast_top1_rescue	2Q	fig4_q30_SE_itsxpress_unite_blast_top1_rescue_2Q	QIAamp	2	mock_only	Mock type-strain BLAST	Mock_type_reference_BLAST	ITSxpress	SE	Saccharomyces_cerevisiae	0.046921419662093206
fig4_q30_SE_itsxpress_unite_blast_top1_rescue	2Q	fig4_q30_SE_itsxpress_unite_blast_top1_rescue_2Q	QIAamp	2	mock_only	Mock type-strain BLAST	Mock_type_reference_BLAST	ITSxpress	SE	Saccharomyces_g	0
fig4_q30_SE_itsxpress_unite_blast_top1_rescue	2Q	fig4_q30_SE_itsxpress_unite_blast_top1_rescue_2Q	QIAamp	2	mock_only	Mock type-strain BLAST	Mock_type_reference_BLAST	ITSxpress	SE	Saccharomyces_uvarum	0
fig4_q30_SE_itsxpress_unite_blast_top1_rescue	2Q	fig4_q30_SE_itsxpress_unite_blast_top1_rescue_2Q	QIAamp	2	mock_only	Mock type-strain BLAST	Mock_type_reference_BLAST	ITSxpress	SE	Cutaneotrichosporon_dermatis	0.2155951166043013
fig4_q30_SE_itsxpress_unite_blast_top1_rescue	2Q	fig4_q30_SE_itsxpress_unite_blast_top1_rescue_2Q	QIAamp	2	mock_only	Mock type-strain BLAST	Mock_type_reference_BLAST	ITSxpress	SE	Cutaneotrichosporon_g	0
fig4_q30_SE_itsxpress_unite_blast_top1_rescue	2Q	fig4_q30_SE_itsxpress_unite_blast_top1_rescue_2Q	QIAamp	2	mock_only	Mock type-strain BLAST	Mock_type_reference_BLAST	ITSxpress	SE	Cutaneotrichosporon_mucoides	0
fig4_q30_SE_itsxpress_unite_blast_top1_rescue	2Q	fig4_q30_SE_itsxpress_unite_blast_top1_rescue_2Q	QIAamp	2	mock_only	Mock type-strain BLAST	Mock_type_reference_BLAST	ITSxpress	SE	Other	0
fig4_q30_SE_itsxpress_unite_blast_top1_rescue	2Q	fig4_q30_SE_itsxpress_unite_blast_top1_rescue_2Q	QIAamp	2	mock_only	UNITE	No_BLAST	ITSxpress	SE	Aspergillus_fumigatus	0.03419132932683222
fig4_q30_SE_itsxpress_unite_blast_top1_rescue	2Q	fig4_q30_SE_itsxpress_unite_blast_top1_rescue_2Q	QIAamp	2	mock_only	UNITE	No_BLAST	ITSxpress	SE	Aspergillus_g	0
fig4_q30_SE_itsxpress_unite_blast_top1_rescue	2Q	fig4_q30_SE_itsxpress_unite_blast_top1_rescue_2Q	QIAamp	2	mock_only	UNITE	No_BLAST	ITSxpress	SE	Cryptococcus_gattii	0
fig4_q30_SE_itsxpress_unite_blast_top1_rescue	2Q	fig4_q30_SE_itsxpress_unite_blast_top1_rescue_2Q	QIAamp	2	mock_only	UNITE	No_BLAST	ITSxpress	SE	Cryptococcus_neoformans	0.15998034546622822
fig4_q30_SE_itsxpress_unite_blast_top1_rescue	2Q	fig4_q30_SE_itsxpress_unite_blast_top1_rescue_2Q	QIAamp	2	mock_only	UNITE	No_BLAST	ITSxpress	SE	Trichophyton_interdigitale	0
fig4_q30_SE_itsxpress_unite_blast_top1_rescue	2Q	fig4_q30_SE_itsxpress_unite_blast_top1_rescue_2Q	QIAamp	2	mock_only	UNITE	No_BLAST	ITSxpress	SE	Trichophyton_mentagrophytes	0.0055410666364289225
fig4_q30_SE_itsxpress_unite_blast_top1_rescue	2Q	fig4_q30_SE_itsxpress_unite_blast_top1_rescue_2Q	QIAamp	2	mock_only	UNITE	No_BLAST	ITSxpress	SE	Penicillium_chrysogenum	0
fig4_q30_SE_itsxpress_unite_blast_top1_rescue	2Q	fig4_q30_SE_itsxpress_unite_blast_top1_rescue_2Q	QIAamp	2	mock_only	UNITE	No_BLAST	ITSxpress	SE	Penicillium_flavigenum	0
fig4_q30_SE_itsxpress_unite_blast_top1_rescue	2Q	fig4_q30_SE_itsxpress_unite_blast_top1_rescue_2Q	QIAamp	2	mock_only	UNITE	No_BLAST	ITSxpress	SE	Penicillium_g	0
fig4_q30_SE_itsxpress_unite_blast_top1_rescue	2Q	fig4_q30_SE_itsxpress_unite_blast_top1_rescue_2Q	QIAamp	2	mock_only	UNITE	No_BLAST	ITSxpress	SE	Fusarium_g	0
fig4_q30_SE_itsxpress_unite_blast_top1_rescue	2Q	fig4_q30_SE_itsxpress_unite_blast_top1_rescue_2Q	QIAamp	2	mock_only	UNITE	No_BLAST	ITSxpress	SE	Fusarium_keratoplasticum	0
fig4_q30_SE_itsxpress_unite_blast_top1_rescue	2Q	fig4_q30_SE_itsxpress_unite_blast_top1_rescue_2Q	QIAamp	2	mock_only	UNITE	No_BLAST	ITSxpress	SE	Candida_africana	0
fig4_q30_SE_itsxpress_unite_blast_top1_rescue	2Q	fig4_q30_SE_itsxpress_unite_blast_top1_rescue_2Q	QIAamp	2	mock_only	UNITE	No_BLAST	ITSxpress	SE	Candida_albicans	0.2840911667989568
fig4_q30_SE_itsxpress_unite_blast_top1_rescue	2Q	fig4_q30_SE_itsxpress_unite_blast_top1_rescue_2Q	QIAamp	2	mock_only	UNITE	No_BLAST	ITSxpress	SE	Candida_g	0
fig4_q30_SE_itsxpress_unite_blast_top1_rescue	2Q	fig4_q30_SE_itsxpress_unite_blast_top1_rescue_2Q	QIAamp	2	mock_only	UNITE	No_BLAST	ITSxpress	SE	Candida_tropicalis	0
fig4_q30_SE_itsxpress_unite_blast_top1_rescue	2Q	fig4_q30_SE_itsxpress_unite_blast_top1_rescue_2Q	QIAamp	2	mock_only	UNITE	No_BLAST	ITSxpress	SE	Nakaseomyces_glabratus	0.11644555316173413
fig4_q30_SE_itsxpress_unite_blast_top1_rescue	2Q	fig4_q30_SE_itsxpress_unite_blast_top1_rescue_2Q	QIAamp	2	mock_only	UNITE	No_BLAST	ITSxpress	SE	Malassezia_g	0
fig4_q30_SE_itsxpress_unite_blast_top1_rescue	2Q	fig4_q30_SE_itsxpress_unite_blast_top1_rescue_2Q	QIAamp	2	mock_only	UNITE	No_BLAST	ITSxpress	SE	Malassezia_globosa	3.0237744264277885e-5
fig4_q30_SE_itsxpress_unite_blast_top1_rescue	2Q	fig4_q30_SE_itsxpress_unite_blast_top1_rescue_2Q	QIAamp	2	mock_only	UNITE	No_BLAST	ITSxpress	SE	Saccharomyces_arboricola	0
fig4_q30_SE_itsxpress_unite_blast_top1_rescue	2Q	fig4_q30_SE_itsxpress_unite_blast_top1_rescue_2Q	QIAamp	2	mock_only	UNITE	No_BLAST	ITSxpress	SE	Saccharomyces_cerevisiae	0.046921419662093206
fig4_q30_SE_itsxpress_unite_blast_top1_rescue	2Q	fig4_q30_SE_itsxpress_unite_blast_top1_rescue_2Q	QIAamp	2	mock_only	UNITE	No_BLAST	ITSxpress	SE	Saccharomyces_g	0
fig4_q30_SE_itsxpress_unite_blast_top1_rescue	2Q	fig4_q30_SE_itsxpress_unite_blast_top1_rescue_2Q	QIAamp	2	mock_only	UNITE	No_BLAST	ITSxpress	SE	Saccharomyces_uvarum	0
fig4_q30_SE_itsxpress_unite_blast_top1_rescue	2Q	fig4_q30_SE_itsxpress_unite_blast_top1_rescue_2Q	QIAamp	2	mock_only	UNITE	No_BLAST	ITSxpress	SE	Cutaneotrichosporon_dermatis	0
fig4_q30_SE_itsxpress_unite_blast_top1_rescue	2Q	fig4_q30_SE_itsxpress_unite_blast_top1_rescue_2Q	QIAamp	2	mock_only	UNITE	No_BLAST	ITSxpress	SE	Cutaneotrichosporon_g	0
fig4_q30_SE_itsxpress_unite_blast_top1_rescue	2Q	fig4_q30_SE_itsxpress_unite_blast_top1_rescue_2Q	QIAamp	2	mock_only	UNITE	No_BLAST	ITSxpress	SE	Cutaneotrichosporon_mucoides	0.21546660619117813
fig4_q30_SE_itsxpress_unite_blast_top1_rescue	2Q	fig4_q30_SE_itsxpress_unite_blast_top1_rescue_2Q	QIAamp	2	mock_only	UNITE	No_BLAST	ITSxpress	SE	Other	0.1373322750122841
fig4_q30_SE_itsxpress_unite_blast_top1_rescue	2Q	fig4_q30_SE_itsxpress_unite_blast_top1_rescue_2Q	QIAamp	2	mock_only	UNITE+RefSeq BLAST	RefSeq_BLAST	ITSxpress	SE	Aspergillus_fumigatus	0.03419132932683222
fig4_q30_SE_itsxpress_unite_blast_top1_rescue	2Q	fig4_q30_SE_itsxpress_unite_blast_top1_rescue_2Q	QIAamp	2	mock_only	UNITE+RefSeq BLAST	RefSeq_BLAST	ITSxpress	SE	Aspergillus_g	0
fig4_q30_SE_itsxpress_unite_blast_top1_rescue	2Q	fig4_q30_SE_itsxpress_unite_blast_top1_rescue_2Q	QIAamp	2	mock_only	UNITE+RefSeq BLAST	RefSeq_BLAST	ITSxpress	SE	Cryptococcus_gattii	0
fig4_q30_SE_itsxpress_unite_blast_top1_rescue	2Q	fig4_q30_SE_itsxpress_unite_blast_top1_rescue_2Q	QIAamp	2	mock_only	UNITE+RefSeq BLAST	RefSeq_BLAST	ITSxpress	SE	Cryptococcus_neoformans	0.16005593982688893
fig4_q30_SE_itsxpress_unite_blast_top1_rescue	2Q	fig4_q30_SE_itsxpress_unite_blast_top1_rescue_2Q	QIAamp	2	mock_only	UNITE+RefSeq BLAST	RefSeq_BLAST	ITSxpress	SE	Trichophyton_interdigitale	0
fig4_q30_SE_itsxpress_unite_blast_top1_rescue	2Q	fig4_q30_SE_itsxpress_unite_blast_top1_rescue_2Q	QIAamp	2	mock_only	UNITE+RefSeq BLAST	RefSeq_BLAST	ITSxpress	SE	Trichophyton_mentagrophytes	0.0055410666364289225
fig4_q30_SE_itsxpress_unite_blast_top1_rescue	2Q	fig4_q30_SE_itsxpress_unite_blast_top1_rescue_2Q	QIAamp	2	mock_only	UNITE+RefSeq BLAST	RefSeq_BLAST	ITSxpress	SE	Penicillium_chrysogenum	0.13476962618588653
fig4_q30_SE_itsxpress_unite_blast_top1_rescue	2Q	fig4_q30_SE_itsxpress_unite_blast_top1_rescue_2Q	QIAamp	2	mock_only	UNITE+RefSeq BLAST	RefSeq_BLAST	ITSxpress	SE	Penicillium_flavigenum	0
fig4_q30_SE_itsxpress_unite_blast_top1_rescue	2Q	fig4_q30_SE_itsxpress_unite_blast_top1_rescue_2Q	QIAamp	2	mock_only	UNITE+RefSeq BLAST	RefSeq_BLAST	ITSxpress	SE	Penicillium_g	0
fig4_q30_SE_itsxpress_unite_blast_top1_rescue	2Q	fig4_q30_SE_itsxpress_unite_blast_top1_rescue_2Q	QIAamp	2	mock_only	UNITE+RefSeq BLAST	RefSeq_BLAST	ITSxpress	SE	Fusarium_g	0
fig4_q30_SE_itsxpress_unite_blast_top1_rescue	2Q	fig4_q30_SE_itsxpress_unite_blast_top1_rescue_2Q	QIAamp	2	mock_only	UNITE+RefSeq BLAST	RefSeq_BLAST	ITSxpress	SE	Fusarium_keratoplasticum	0.0021393204066976605
fig4_q30_SE_itsxpress_unite_blast_top1_rescue	2Q	fig4_q30_SE_itsxpress_unite_blast_top1_rescue_2Q	QIAamp	2	mock_only	UNITE+RefSeq BLAST	RefSeq_BLAST	ITSxpress	SE	Candida_africana	0
fig4_q30_SE_itsxpress_unite_blast_top1_rescue	2Q	fig4_q30_SE_itsxpress_unite_blast_top1_rescue_2Q	QIAamp	2	mock_only	UNITE+RefSeq BLAST	RefSeq_BLAST	ITSxpress	SE	Candida_albicans	0.2842499149563443
fig4_q30_SE_itsxpress_unite_blast_top1_rescue	2Q	fig4_q30_SE_itsxpress_unite_blast_top1_rescue_2Q	QIAamp	2	mock_only	UNITE+RefSeq BLAST	RefSeq_BLAST	ITSxpress	SE	Candida_g	0
fig4_q30_SE_itsxpress_unite_blast_top1_rescue	2Q	fig4_q30_SE_itsxpress_unite_blast_top1_rescue_2Q	QIAamp	2	mock_only	UNITE+RefSeq BLAST	RefSeq_BLAST	ITSxpress	SE	Candida_tropicalis	0
fig4_q30_SE_itsxpress_unite_blast_top1_rescue	2Q	fig4_q30_SE_itsxpress_unite_blast_top1_rescue_2Q	QIAamp	2	mock_only	UNITE+RefSeq BLAST	RefSeq_BLAST	ITSxpress	SE	Nakaseomyces_glabratus	0.11650602865026269
fig4_q30_SE_itsxpress_unite_blast_top1_rescue	2Q	fig4_q30_SE_itsxpress_unite_blast_top1_rescue_2Q	QIAamp	2	mock_only	UNITE+RefSeq BLAST	RefSeq_BLAST	ITSxpress	SE	Malassezia_g	0
fig4_q30_SE_itsxpress_unite_blast_top1_rescue	2Q	fig4_q30_SE_itsxpress_unite_blast_top1_rescue_2Q	QIAamp	2	mock_only	UNITE+RefSeq BLAST	RefSeq_BLAST	ITSxpress	SE	Malassezia_globosa	3.0237744264277885e-5
fig4_q30_SE_itsxpress_unite_blast_top1_rescue	2Q	fig4_q30_SE_itsxpress_unite_blast_top1_rescue_2Q	QIAamp	2	mock_only	UNITE+RefSeq BLAST	RefSeq_BLAST	ITSxpress	SE	Saccharomyces_arboricola	0
fig4_q30_SE_itsxpress_unite_blast_top1_rescue	2Q	fig4_q30_SE_itsxpress_unite_blast_top1_rescue_2Q	QIAamp	2	mock_only	UNITE+RefSeq BLAST	RefSeq_BLAST	ITSxpress	SE	Saccharomyces_cerevisiae	0.046921419662093206
fig4_q30_SE_itsxpress_unite_blast_top1_rescue	2Q	fig4_q30_SE_itsxpress_unite_blast_top1_rescue_2Q	QIAamp	2	mock_only	UNITE+RefSeq BLAST	RefSeq_BLAST	ITSxpress	SE	Saccharomyces_g	0
fig4_q30_SE_itsxpress_unite_blast_top1_rescue	2Q	fig4_q30_SE_itsxpress_unite_blast_top1_rescue_2Q	QIAamp	2	mock_only	UNITE+RefSeq BLAST	RefSeq_BLAST	ITSxpress	SE	Saccharomyces_uvarum	0
fig4_q30_SE_itsxpress_unite_blast_top1_rescue	2Q	fig4_q30_SE_itsxpress_unite_blast_top1_rescue_2Q	QIAamp	2	mock_only	UNITE+RefSeq BLAST	RefSeq_BLAST	ITSxpress	SE	Cutaneotrichosporon_dermatis	1.28510413123181e-4
fig4_q30_SE_itsxpress_unite_blast_top1_rescue	2Q	fig4_q30_SE_itsxpress_unite_blast_top1_rescue_2Q	QIAamp	2	mock_only	UNITE+RefSeq BLAST	RefSeq_BLAST	ITSxpress	SE	Cutaneotrichosporon_g	0
fig4_q30_SE_itsxpress_unite_blast_top1_rescue	2Q	fig4_q30_SE_itsxpress_unite_blast_top1_rescue_2Q	QIAamp	2	mock_only	UNITE+RefSeq BLAST	RefSeq_BLAST	ITSxpress	SE	Cutaneotrichosporon_mucoides	0.21546660619117813
fig4_q30_SE_itsxpress_unite_blast_top1_rescue	2Q	fig4_q30_SE_itsxpress_unite_blast_top1_rescue_2Q	QIAamp	2	mock_only	UNITE+RefSeq BLAST	RefSeq_BLAST	ITSxpress	SE	Other	0
fig4_q30_SE_itsxpress_unite_blast_top1_rescue	2Z	fig4_q30_SE_itsxpress_unite_blast_top1_rescue_2Z	Zymo	2	mock_only	Mock type-strain BLAST	Mock_type_reference_BLAST	ITSxpress	SE	Aspergillus_fumigatus	0.03445394535275604
fig4_q30_SE_itsxpress_unite_blast_top1_rescue	2Z	fig4_q30_SE_itsxpress_unite_blast_top1_rescue_2Z	Zymo	2	mock_only	Mock type-strain BLAST	Mock_type_reference_BLAST	ITSxpress	SE	Aspergillus_g	0
fig4_q30_SE_itsxpress_unite_blast_top1_rescue	2Z	fig4_q30_SE_itsxpress_unite_blast_top1_rescue_2Z	Zymo	2	mock_only	Mock type-strain BLAST	Mock_type_reference_BLAST	ITSxpress	SE	Cryptococcus_gattii	0
fig4_q30_SE_itsxpress_unite_blast_top1_rescue	2Z	fig4_q30_SE_itsxpress_unite_blast_top1_rescue_2Z	Zymo	2	mock_only	Mock type-strain BLAST	Mock_type_reference_BLAST	ITSxpress	SE	Cryptococcus_neoformans	0.14774067162446963
fig4_q30_SE_itsxpress_unite_blast_top1_rescue	2Z	fig4_q30_SE_itsxpress_unite_blast_top1_rescue_2Z	Zymo	2	mock_only	Mock type-strain BLAST	Mock_type_reference_BLAST	ITSxpress	SE	Trichophyton_interdigitale	0.005254899776248967
fig4_q30_SE_itsxpress_unite_blast_top1_rescue	2Z	fig4_q30_SE_itsxpress_unite_blast_top1_rescue_2Z	Zymo	2	mock_only	Mock type-strain BLAST	Mock_type_reference_BLAST	ITSxpress	SE	Trichophyton_mentagrophytes	0
fig4_q30_SE_itsxpress_unite_blast_top1_rescue	2Z	fig4_q30_SE_itsxpress_unite_blast_top1_rescue_2Z	Zymo	2	mock_only	Mock type-strain BLAST	Mock_type_reference_BLAST	ITSxpress	SE	Penicillium_chrysogenum	0.14699792960662525
fig4_q30_SE_itsxpress_unite_blast_top1_rescue	2Z	fig4_q30_SE_itsxpress_unite_blast_top1_rescue_2Z	Zymo	2	mock_only	Mock type-strain BLAST	Mock_type_reference_BLAST	ITSxpress	SE	Penicillium_flavigenum	0
fig4_q30_SE_itsxpress_unite_blast_top1_rescue	2Z	fig4_q30_SE_itsxpress_unite_blast_top1_rescue_2Z	Zymo	2	mock_only	Mock type-strain BLAST	Mock_type_reference_BLAST	ITSxpress	SE	Penicillium_g	0
fig4_q30_SE_itsxpress_unite_blast_top1_rescue	2Z	fig4_q30_SE_itsxpress_unite_blast_top1_rescue_2Z	Zymo	2	mock_only	Mock type-strain BLAST	Mock_type_reference_BLAST	ITSxpress	SE	Fusarium_g	0
fig4_q30_SE_itsxpress_unite_blast_top1_rescue	2Z	fig4_q30_SE_itsxpress_unite_blast_top1_rescue_2Z	Zymo	2	mock_only	Mock type-strain BLAST	Mock_type_reference_BLAST	ITSxpress	SE	Fusarium_keratoplasticum	0.0018754235950570518
fig4_q30_SE_itsxpress_unite_blast_top1_rescue	2Z	fig4_q30_SE_itsxpress_unite_blast_top1_rescue_2Z	Zymo	2	mock_only	Mock type-strain BLAST	Mock_type_reference_BLAST	ITSxpress	SE	Candida_africana	0
fig4_q30_SE_itsxpress_unite_blast_top1_rescue	2Z	fig4_q30_SE_itsxpress_unite_blast_top1_rescue_2Z	Zymo	2	mock_only	Mock type-strain BLAST	Mock_type_reference_BLAST	ITSxpress	SE	Candida_albicans	0.29810879313706373
fig4_q30_SE_itsxpress_unite_blast_top1_rescue	2Z	fig4_q30_SE_itsxpress_unite_blast_top1_rescue_2Z	Zymo	2	mock_only	Mock type-strain BLAST	Mock_type_reference_BLAST	ITSxpress	SE	Candida_g	0
fig4_q30_SE_itsxpress_unite_blast_top1_rescue	2Z	fig4_q30_SE_itsxpress_unite_blast_top1_rescue_2Z	Zymo	2	mock_only	Mock type-strain BLAST	Mock_type_reference_BLAST	ITSxpress	SE	Candida_tropicalis	0
fig4_q30_SE_itsxpress_unite_blast_top1_rescue	2Z	fig4_q30_SE_itsxpress_unite_blast_top1_rescue_2Z	Zymo	2	mock_only	Mock type-strain BLAST	Mock_type_reference_BLAST	ITSxpress	SE	Nakaseomyces_glabratus	0.10397459822298973
fig4_q30_SE_itsxpress_unite_blast_top1_rescue	2Z	fig4_q30_SE_itsxpress_unite_blast_top1_rescue_2Z	Zymo	2	mock_only	Mock type-strain BLAST	Mock_type_reference_BLAST	ITSxpress	SE	Malassezia_g	0
fig4_q30_SE_itsxpress_unite_blast_top1_rescue	2Z	fig4_q30_SE_itsxpress_unite_blast_top1_rescue_2Z	Zymo	2	mock_only	Mock type-strain BLAST	Mock_type_reference_BLAST	ITSxpress	SE	Malassezia_globosa	1.2069557789971126e-4
fig4_q30_SE_itsxpress_unite_blast_top1_rescue	2Z	fig4_q30_SE_itsxpress_unite_blast_top1_rescue_2Z	Zymo	2	mock_only	Mock type-strain BLAST	Mock_type_reference_BLAST	ITSxpress	SE	Saccharomyces_arboricola	0
fig4_q30_SE_itsxpress_unite_blast_top1_rescue	2Z	fig4_q30_SE_itsxpress_unite_blast_top1_rescue_2Z	Zymo	2	mock_only	Mock type-strain BLAST	Mock_type_reference_BLAST	ITSxpress	SE	Saccharomyces_cerevisiae	0.05468438106379225
fig4_q30_SE_itsxpress_unite_blast_top1_rescue	2Z	fig4_q30_SE_itsxpress_unite_blast_top1_rescue_2Z	Zymo	2	mock_only	Mock type-strain BLAST	Mock_type_reference_BLAST	ITSxpress	SE	Saccharomyces_g	0
fig4_q30_SE_itsxpress_unite_blast_top1_rescue	2Z	fig4_q30_SE_itsxpress_unite_blast_top1_rescue_2Z	Zymo	2	mock_only	Mock type-strain BLAST	Mock_type_reference_BLAST	ITSxpress	SE	Saccharomyces_uvarum	0
fig4_q30_SE_itsxpress_unite_blast_top1_rescue	2Z	fig4_q30_SE_itsxpress_unite_blast_top1_rescue_2Z	Zymo	2	mock_only	Mock type-strain BLAST	Mock_type_reference_BLAST	ITSxpress	SE	Cutaneotrichosporon_dermatis	0.2067886620430976
fig4_q30_SE_itsxpress_unite_blast_top1_rescue	2Z	fig4_q30_SE_itsxpress_unite_blast_top1_rescue_2Z	Zymo	2	mock_only	Mock type-strain BLAST	Mock_type_reference_BLAST	ITSxpress	SE	Cutaneotrichosporon_g	0
fig4_q30_SE_itsxpress_unite_blast_top1_rescue	2Z	fig4_q30_SE_itsxpress_unite_blast_top1_rescue_2Z	Zymo	2	mock_only	Mock type-strain BLAST	Mock_type_reference_BLAST	ITSxpress	SE	Cutaneotrichosporon_mucoides	0
fig4_q30_SE_itsxpress_unite_blast_top1_rescue	2Z	fig4_q30_SE_itsxpress_unite_blast_top1_rescue_2Z	Zymo	2	mock_only	Mock type-strain BLAST	Mock_type_reference_BLAST	ITSxpress	SE	Other	0
fig4_q30_SE_itsxpress_unite_blast_top1_rescue	2Z	fig4_q30_SE_itsxpress_unite_blast_top1_rescue_2Z	Zymo	2	mock_only	UNITE	No_BLAST	ITSxpress	SE	Aspergillus_fumigatus	0.03445394535275604
fig4_q30_SE_itsxpress_unite_blast_top1_rescue	2Z	fig4_q30_SE_itsxpress_unite_blast_top1_rescue_2Z	Zymo	2	mock_only	UNITE	No_BLAST	ITSxpress	SE	Aspergillus_g	0
fig4_q30_SE_itsxpress_unite_blast_top1_rescue	2Z	fig4_q30_SE_itsxpress_unite_blast_top1_rescue_2Z	Zymo	2	mock_only	UNITE	No_BLAST	ITSxpress	SE	Cryptococcus_gattii	0
fig4_q30_SE_itsxpress_unite_blast_top1_rescue	2Z	fig4_q30_SE_itsxpress_unite_blast_top1_rescue_2Z	Zymo	2	mock_only	UNITE	No_BLAST	ITSxpress	SE	Cryptococcus_neoformans	0.1476663974226852
fig4_q30_SE_itsxpress_unite_blast_top1_rescue	2Z	fig4_q30_SE_itsxpress_unite_blast_top1_rescue_2Z	Zymo	2	mock_only	UNITE	No_BLAST	ITSxpress	SE	Trichophyton_interdigitale	0
fig4_q30_SE_itsxpress_unite_blast_top1_rescue	2Z	fig4_q30_SE_itsxpress_unite_blast_top1_rescue_2Z	Zymo	2	mock_only	UNITE	No_BLAST	ITSxpress	SE	Trichophyton_mentagrophytes	0.005254899776248967
fig4_q30_SE_itsxpress_unite_blast_top1_rescue	2Z	fig4_q30_SE_itsxpress_unite_blast_top1_rescue_2Z	Zymo	2	mock_only	UNITE	No_BLAST	ITSxpress	SE	Penicillium_chrysogenum	0
fig4_q30_SE_itsxpress_unite_blast_top1_rescue	2Z	fig4_q30_SE_itsxpress_unite_blast_top1_rescue_2Z	Zymo	2	mock_only	UNITE	No_BLAST	ITSxpress	SE	Penicillium_flavigenum	0
fig4_q30_SE_itsxpress_unite_blast_top1_rescue	2Z	fig4_q30_SE_itsxpress_unite_blast_top1_rescue_2Z	Zymo	2	mock_only	UNITE	No_BLAST	ITSxpress	SE	Penicillium_g	0
fig4_q30_SE_itsxpress_unite_blast_top1_rescue	2Z	fig4_q30_SE_itsxpress_unite_blast_top1_rescue_2Z	Zymo	2	mock_only	UNITE	No_BLAST	ITSxpress	SE	Fusarium_g	0
fig4_q30_SE_itsxpress_unite_blast_top1_rescue	2Z	fig4_q30_SE_itsxpress_unite_blast_top1_rescue_2Z	Zymo	2	mock_only	UNITE	No_BLAST	ITSxpress	SE	Fusarium_keratoplasticum	0
fig4_q30_SE_itsxpress_unite_blast_top1_rescue	2Z	fig4_q30_SE_itsxpress_unite_blast_top1_rescue_2Z	Zymo	2	mock_only	UNITE	No_BLAST	ITSxpress	SE	Candida_africana	0
fig4_q30_SE_itsxpress_unite_blast_top1_rescue	2Z	fig4_q30_SE_itsxpress_unite_blast_top1_rescue_2Z	Zymo	2	mock_only	UNITE	No_BLAST	ITSxpress	SE	Candida_albicans	0.29798809755916406
fig4_q30_SE_itsxpress_unite_blast_top1_rescue	2Z	fig4_q30_SE_itsxpress_unite_blast_top1_rescue_2Z	Zymo	2	mock_only	UNITE	No_BLAST	ITSxpress	SE	Candida_g	0
fig4_q30_SE_itsxpress_unite_blast_top1_rescue	2Z	fig4_q30_SE_itsxpress_unite_blast_top1_rescue_2Z	Zymo	2	mock_only	UNITE	No_BLAST	ITSxpress	SE	Candida_tropicalis	0
fig4_q30_SE_itsxpress_unite_blast_top1_rescue	2Z	fig4_q30_SE_itsxpress_unite_blast_top1_rescue_2Z	Zymo	2	mock_only	UNITE	No_BLAST	ITSxpress	SE	Nakaseomyces_glabratus	0.10397459822298973
fig4_q30_SE_itsxpress_unite_blast_top1_rescue	2Z	fig4_q30_SE_itsxpress_unite_blast_top1_rescue_2Z	Zymo	2	mock_only	UNITE	No_BLAST	ITSxpress	SE	Malassezia_g	0
fig4_q30_SE_itsxpress_unite_blast_top1_rescue	2Z	fig4_q30_SE_itsxpress_unite_blast_top1_rescue_2Z	Zymo	2	mock_only	UNITE	No_BLAST	ITSxpress	SE	Malassezia_globosa	1.2069557789971126e-4
fig4_q30_SE_itsxpress_unite_blast_top1_rescue	2Z	fig4_q30_SE_itsxpress_unite_blast_top1_rescue_2Z	Zymo	2	mock_only	UNITE	No_BLAST	ITSxpress	SE	Saccharomyces_arboricola	0
fig4_q30_SE_itsxpress_unite_blast_top1_rescue	2Z	fig4_q30_SE_itsxpress_unite_blast_top1_rescue_2Z	Zymo	2	mock_only	UNITE	No_BLAST	ITSxpress	SE	Saccharomyces_cerevisiae	0.05468438106379225
fig4_q30_SE_itsxpress_unite_blast_top1_rescue	2Z	fig4_q30_SE_itsxpress_unite_blast_top1_rescue_2Z	Zymo	2	mock_only	UNITE	No_BLAST	ITSxpress	SE	Saccharomyces_g	0
fig4_q30_SE_itsxpress_unite_blast_top1_rescue	2Z	fig4_q30_SE_itsxpress_unite_blast_top1_rescue_2Z	Zymo	2	mock_only	UNITE	No_BLAST	ITSxpress	SE	Saccharomyces_uvarum	0
fig4_q30_SE_itsxpress_unite_blast_top1_rescue	2Z	fig4_q30_SE_itsxpress_unite_blast_top1_rescue_2Z	Zymo	2	mock_only	UNITE	No_BLAST	ITSxpress	SE	Cutaneotrichosporon_dermatis	0
fig4_q30_SE_itsxpress_unite_blast_top1_rescue	2Z	fig4_q30_SE_itsxpress_unite_blast_top1_rescue_2Z	Zymo	2	mock_only	UNITE	No_BLAST	ITSxpress	SE	Cutaneotrichosporon_g	0
fig4_q30_SE_itsxpress_unite_blast_top1_rescue	2Z	fig4_q30_SE_itsxpress_unite_blast_top1_rescue_2Z	Zymo	2	mock_only	UNITE	No_BLAST	ITSxpress	SE	Cutaneotrichosporon_mucoides	0.20672367211653622
fig4_q30_SE_itsxpress_unite_blast_top1_rescue	2Z	fig4_q30_SE_itsxpress_unite_blast_top1_rescue_2Z	Zymo	2	mock_only	UNITE	No_BLAST	ITSxpress	SE	Other	0.14913331290792786
fig4_q30_SE_itsxpress_unite_blast_top1_rescue	2Z	fig4_q30_SE_itsxpress_unite_blast_top1_rescue_2Z	Zymo	2	mock_only	UNITE+RefSeq BLAST	RefSeq_BLAST	ITSxpress	SE	Aspergillus_fumigatus	0.03445394535275604
fig4_q30_SE_itsxpress_unite_blast_top1_rescue	2Z	fig4_q30_SE_itsxpress_unite_blast_top1_rescue_2Z	Zymo	2	mock_only	UNITE+RefSeq BLAST	RefSeq_BLAST	ITSxpress	SE	Aspergillus_g	0
fig4_q30_SE_itsxpress_unite_blast_top1_rescue	2Z	fig4_q30_SE_itsxpress_unite_blast_top1_rescue_2Z	Zymo	2	mock_only	UNITE+RefSeq BLAST	RefSeq_BLAST	ITSxpress	SE	Cryptococcus_gattii	0
fig4_q30_SE_itsxpress_unite_blast_top1_rescue	2Z	fig4_q30_SE_itsxpress_unite_blast_top1_rescue_2Z	Zymo	2	mock_only	UNITE+RefSeq BLAST	RefSeq_BLAST	ITSxpress	SE	Cryptococcus_neoformans	0.14774067162446963
fig4_q30_SE_itsxpress_unite_blast_top1_rescue	2Z	fig4_q30_SE_itsxpress_unite_blast_top1_rescue_2Z	Zymo	2	mock_only	UNITE+RefSeq BLAST	RefSeq_BLAST	ITSxpress	SE	Trichophyton_interdigitale	0
fig4_q30_SE_itsxpress_unite_blast_top1_rescue	2Z	fig4_q30_SE_itsxpress_unite_blast_top1_rescue_2Z	Zymo	2	mock_only	UNITE+RefSeq BLAST	RefSeq_BLAST	ITSxpress	SE	Trichophyton_mentagrophytes	0.005254899776248967
fig4_q30_SE_itsxpress_unite_blast_top1_rescue	2Z	fig4_q30_SE_itsxpress_unite_blast_top1_rescue_2Z	Zymo	2	mock_only	UNITE+RefSeq BLAST	RefSeq_BLAST	ITSxpress	SE	Penicillium_chrysogenum	0.14699792960662525
fig4_q30_SE_itsxpress_unite_blast_top1_rescue	2Z	fig4_q30_SE_itsxpress_unite_blast_top1_rescue_2Z	Zymo	2	mock_only	UNITE+RefSeq BLAST	RefSeq_BLAST	ITSxpress	SE	Penicillium_flavigenum	0
fig4_q30_SE_itsxpress_unite_blast_top1_rescue	2Z	fig4_q30_SE_itsxpress_unite_blast_top1_rescue_2Z	Zymo	2	mock_only	UNITE+RefSeq BLAST	RefSeq_BLAST	ITSxpress	SE	Penicillium_g	0
fig4_q30_SE_itsxpress_unite_blast_top1_rescue	2Z	fig4_q30_SE_itsxpress_unite_blast_top1_rescue_2Z	Zymo	2	mock_only	UNITE+RefSeq BLAST	RefSeq_BLAST	ITSxpress	SE	Fusarium_g	0
fig4_q30_SE_itsxpress_unite_blast_top1_rescue	2Z	fig4_q30_SE_itsxpress_unite_blast_top1_rescue_2Z	Zymo	2	mock_only	UNITE+RefSeq BLAST	RefSeq_BLAST	ITSxpress	SE	Fusarium_keratoplasticum	0.0018754235950570518
fig4_q30_SE_itsxpress_unite_blast_top1_rescue	2Z	fig4_q30_SE_itsxpress_unite_blast_top1_rescue_2Z	Zymo	2	mock_only	UNITE+RefSeq BLAST	RefSeq_BLAST	ITSxpress	SE	Candida_africana	0
fig4_q30_SE_itsxpress_unite_blast_top1_rescue	2Z	fig4_q30_SE_itsxpress_unite_blast_top1_rescue_2Z	Zymo	2	mock_only	UNITE+RefSeq BLAST	RefSeq_BLAST	ITSxpress	SE	Candida_albicans	0.29810879313706373
fig4_q30_SE_itsxpress_unite_blast_top1_rescue	2Z	fig4_q30_SE_itsxpress_unite_blast_top1_rescue_2Z	Zymo	2	mock_only	UNITE+RefSeq BLAST	RefSeq_BLAST	ITSxpress	SE	Candida_g	0
fig4_q30_SE_itsxpress_unite_blast_top1_rescue	2Z	fig4_q30_SE_itsxpress_unite_blast_top1_rescue_2Z	Zymo	2	mock_only	UNITE+RefSeq BLAST	RefSeq_BLAST	ITSxpress	SE	Candida_tropicalis	0
fig4_q30_SE_itsxpress_unite_blast_top1_rescue	2Z	fig4_q30_SE_itsxpress_unite_blast_top1_rescue_2Z	Zymo	2	mock_only	UNITE+RefSeq BLAST	RefSeq_BLAST	ITSxpress	SE	Nakaseomyces_glabratus	0.10397459822298973
fig4_q30_SE_itsxpress_unite_blast_top1_rescue	2Z	fig4_q30_SE_itsxpress_unite_blast_top1_rescue_2Z	Zymo	2	mock_only	UNITE+RefSeq BLAST	RefSeq_BLAST	ITSxpress	SE	Malassezia_g	0
fig4_q30_SE_itsxpress_unite_blast_top1_rescue	2Z	fig4_q30_SE_itsxpress_unite_blast_top1_rescue_2Z	Zymo	2	mock_only	UNITE+RefSeq BLAST	RefSeq_BLAST	ITSxpress	SE	Malassezia_globosa	1.2069557789971126e-4
fig4_q30_SE_itsxpress_unite_blast_top1_rescue	2Z	fig4_q30_SE_itsxpress_unite_blast_top1_rescue_2Z	Zymo	2	mock_only	UNITE+RefSeq BLAST	RefSeq_BLAST	ITSxpress	SE	Saccharomyces_arboricola	0
fig4_q30_SE_itsxpress_unite_blast_top1_rescue	2Z	fig4_q30_SE_itsxpress_unite_blast_top1_rescue_2Z	Zymo	2	mock_only	UNITE+RefSeq BLAST	RefSeq_BLAST	ITSxpress	SE	Saccharomyces_cerevisiae	0.05468438106379225
fig4_q30_SE_itsxpress_unite_blast_top1_rescue	2Z	fig4_q30_SE_itsxpress_unite_blast_top1_rescue_2Z	Zymo	2	mock_only	UNITE+RefSeq BLAST	RefSeq_BLAST	ITSxpress	SE	Saccharomyces_g	0
fig4_q30_SE_itsxpress_unite_blast_top1_rescue	2Z	fig4_q30_SE_itsxpress_unite_blast_top1_rescue_2Z	Zymo	2	mock_only	UNITE+RefSeq BLAST	RefSeq_BLAST	ITSxpress	SE	Saccharomyces_uvarum	0
fig4_q30_SE_itsxpress_unite_blast_top1_rescue	2Z	fig4_q30_SE_itsxpress_unite_blast_top1_rescue_2Z	Zymo	2	mock_only	UNITE+RefSeq BLAST	RefSeq_BLAST	ITSxpress	SE	Cutaneotrichosporon_dermatis	6.498992656138298e-5
fig4_q30_SE_itsxpress_unite_blast_top1_rescue	2Z	fig4_q30_SE_itsxpress_unite_blast_top1_rescue_2Z	Zymo	2	mock_only	UNITE+RefSeq BLAST	RefSeq_BLAST	ITSxpress	SE	Cutaneotrichosporon_g	0
fig4_q30_SE_itsxpress_unite_blast_top1_rescue	2Z	fig4_q30_SE_itsxpress_unite_blast_top1_rescue_2Z	Zymo	2	mock_only	UNITE+RefSeq BLAST	RefSeq_BLAST	ITSxpress	SE	Cutaneotrichosporon_mucoides	0.20672367211653622
fig4_q30_SE_itsxpress_unite_blast_top1_rescue	2Z	fig4_q30_SE_itsxpress_unite_blast_top1_rescue_2Z	Zymo	2	mock_only	UNITE+RefSeq BLAST	RefSeq_BLAST	ITSxpress	SE	Other	0
fig4_q30_SE_itsxpress_unite_blast_top1_rescue	3D	fig4_q30_SE_itsxpress_unite_blast_top1_rescue_3D	DNeasy	3	mock_only	Mock type-strain BLAST	Mock_type_reference_BLAST	ITSxpress	SE	Aspergillus_fumigatus	0.03374765747504494
fig4_q30_SE_itsxpress_unite_blast_top1_rescue	3D	fig4_q30_SE_itsxpress_unite_blast_top1_rescue_3D	DNeasy	3	mock_only	Mock type-strain BLAST	Mock_type_reference_BLAST	ITSxpress	SE	Aspergillus_g	0
fig4_q30_SE_itsxpress_unite_blast_top1_rescue	3D	fig4_q30_SE_itsxpress_unite_blast_top1_rescue_3D	DNeasy	3	mock_only	Mock type-strain BLAST	Mock_type_reference_BLAST	ITSxpress	SE	Cryptococcus_gattii	0
fig4_q30_SE_itsxpress_unite_blast_top1_rescue	3D	fig4_q30_SE_itsxpress_unite_blast_top1_rescue_3D	DNeasy	3	mock_only	Mock type-strain BLAST	Mock_type_reference_BLAST	ITSxpress	SE	Cryptococcus_neoformans	0.1464336252724978
fig4_q30_SE_itsxpress_unite_blast_top1_rescue	3D	fig4_q30_SE_itsxpress_unite_blast_top1_rescue_3D	DNeasy	3	mock_only	Mock type-strain BLAST	Mock_type_reference_BLAST	ITSxpress	SE	Trichophyton_interdigitale	0.005224308716105098
fig4_q30_SE_itsxpress_unite_blast_top1_rescue	3D	fig4_q30_SE_itsxpress_unite_blast_top1_rescue_3D	DNeasy	3	mock_only	Mock type-strain BLAST	Mock_type_reference_BLAST	ITSxpress	SE	Trichophyton_mentagrophytes	0
fig4_q30_SE_itsxpress_unite_blast_top1_rescue	3D	fig4_q30_SE_itsxpress_unite_blast_top1_rescue_3D	DNeasy	3	mock_only	Mock type-strain BLAST	Mock_type_reference_BLAST	ITSxpress	SE	Penicillium_chrysogenum	0.14128580716717024
fig4_q30_SE_itsxpress_unite_blast_top1_rescue	3D	fig4_q30_SE_itsxpress_unite_blast_top1_rescue_3D	DNeasy	3	mock_only	Mock type-strain BLAST	Mock_type_reference_BLAST	ITSxpress	SE	Penicillium_flavigenum	0
fig4_q30_SE_itsxpress_unite_blast_top1_rescue	3D	fig4_q30_SE_itsxpress_unite_blast_top1_rescue_3D	DNeasy	3	mock_only	Mock type-strain BLAST	Mock_type_reference_BLAST	ITSxpress	SE	Penicillium_g	0
fig4_q30_SE_itsxpress_unite_blast_top1_rescue	3D	fig4_q30_SE_itsxpress_unite_blast_top1_rescue_3D	DNeasy	3	mock_only	Mock type-strain BLAST	Mock_type_reference_BLAST	ITSxpress	SE	Fusarium_g	0
fig4_q30_SE_itsxpress_unite_blast_top1_rescue	3D	fig4_q30_SE_itsxpress_unite_blast_top1_rescue_3D	DNeasy	3	mock_only	Mock type-strain BLAST	Mock_type_reference_BLAST	ITSxpress	SE	Fusarium_keratoplasticum	0.0021723333460817685
fig4_q30_SE_itsxpress_unite_blast_top1_rescue	3D	fig4_q30_SE_itsxpress_unite_blast_top1_rescue_3D	DNeasy	3	mock_only	Mock type-strain BLAST	Mock_type_reference_BLAST	ITSxpress	SE	Candida_africana	0
fig4_q30_SE_itsxpress_unite_blast_top1_rescue	3D	fig4_q30_SE_itsxpress_unite_blast_top1_rescue_3D	DNeasy	3	mock_only	Mock type-strain BLAST	Mock_type_reference_BLAST	ITSxpress	SE	Candida_albicans	0.2988335181856427
fig4_q30_SE_itsxpress_unite_blast_top1_rescue	3D	fig4_q30_SE_itsxpress_unite_blast_top1_rescue_3D	DNeasy	3	mock_only	Mock type-strain BLAST	Mock_type_reference_BLAST	ITSxpress	SE	Candida_g	0
fig4_q30_SE_itsxpress_unite_blast_top1_rescue	3D	fig4_q30_SE_itsxpress_unite_blast_top1_rescue_3D	DNeasy	3	mock_only	Mock type-strain BLAST	Mock_type_reference_BLAST	ITSxpress	SE	Candida_tropicalis	0
fig4_q30_SE_itsxpress_unite_blast_top1_rescue	3D	fig4_q30_SE_itsxpress_unite_blast_top1_rescue_3D	DNeasy	3	mock_only	Mock type-strain BLAST	Mock_type_reference_BLAST	ITSxpress	SE	Nakaseomyces_glabratus	0.1137797835315715
fig4_q30_SE_itsxpress_unite_blast_top1_rescue	3D	fig4_q30_SE_itsxpress_unite_blast_top1_rescue_3D	DNeasy	3	mock_only	Mock type-strain BLAST	Mock_type_reference_BLAST	ITSxpress	SE	Malassezia_g	0
fig4_q30_SE_itsxpress_unite_blast_top1_rescue	3D	fig4_q30_SE_itsxpress_unite_blast_top1_rescue_3D	DNeasy	3	mock_only	Mock type-strain BLAST	Mock_type_reference_BLAST	ITSxpress	SE	Malassezia_globosa	0
fig4_q30_SE_itsxpress_unite_blast_top1_rescue	3D	fig4_q30_SE_itsxpress_unite_blast_top1_rescue_3D	DNeasy	3	mock_only	Mock type-strain BLAST	Mock_type_reference_BLAST	ITSxpress	SE	Saccharomyces_arboricola	0
fig4_q30_SE_itsxpress_unite_blast_top1_rescue	3D	fig4_q30_SE_itsxpress_unite_blast_top1_rescue_3D	DNeasy	3	mock_only	Mock type-strain BLAST	Mock_type_reference_BLAST	ITSxpress	SE	Saccharomyces_cerevisiae	0.05758213179332237
fig4_q30_SE_itsxpress_unite_blast_top1_rescue	3D	fig4_q30_SE_itsxpress_unite_blast_top1_rescue_3D	DNeasy	3	mock_only	Mock type-strain BLAST	Mock_type_reference_BLAST	ITSxpress	SE	Saccharomyces_g	0
fig4_q30_SE_itsxpress_unite_blast_top1_rescue	3D	fig4_q30_SE_itsxpress_unite_blast_top1_rescue_3D	DNeasy	3	mock_only	Mock type-strain BLAST	Mock_type_reference_BLAST	ITSxpress	SE	Saccharomyces_uvarum	0
fig4_q30_SE_itsxpress_unite_blast_top1_rescue	3D	fig4_q30_SE_itsxpress_unite_blast_top1_rescue_3D	DNeasy	3	mock_only	Mock type-strain BLAST	Mock_type_reference_BLAST	ITSxpress	SE	Cutaneotrichosporon_dermatis	0.2009408345125636
fig4_q30_SE_itsxpress_unite_blast_top1_rescue	3D	fig4_q30_SE_itsxpress_unite_blast_top1_rescue_3D	DNeasy	3	mock_only	Mock type-strain BLAST	Mock_type_reference_BLAST	ITSxpress	SE	Cutaneotrichosporon_g	0
fig4_q30_SE_itsxpress_unite_blast_top1_rescue	3D	fig4_q30_SE_itsxpress_unite_blast_top1_rescue_3D	DNeasy	3	mock_only	Mock type-strain BLAST	Mock_type_reference_BLAST	ITSxpress	SE	Cutaneotrichosporon_mucoides	0
fig4_q30_SE_itsxpress_unite_blast_top1_rescue	3D	fig4_q30_SE_itsxpress_unite_blast_top1_rescue_3D	DNeasy	3	mock_only	Mock type-strain BLAST	Mock_type_reference_BLAST	ITSxpress	SE	Other	0
fig4_q30_SE_itsxpress_unite_blast_top1_rescue	3D	fig4_q30_SE_itsxpress_unite_blast_top1_rescue_3D	DNeasy	3	mock_only	UNITE	No_BLAST	ITSxpress	SE	Aspergillus_fumigatus	0.03373235935288943
fig4_q30_SE_itsxpress_unite_blast_top1_rescue	3D	fig4_q30_SE_itsxpress_unite_blast_top1_rescue_3D	DNeasy	3	mock_only	UNITE	No_BLAST	ITSxpress	SE	Aspergillus_g	0
fig4_q30_SE_itsxpress_unite_blast_top1_rescue	3D	fig4_q30_SE_itsxpress_unite_blast_top1_rescue_3D	DNeasy	3	mock_only	UNITE	No_BLAST	ITSxpress	SE	Cryptococcus_gattii	0
fig4_q30_SE_itsxpress_unite_blast_top1_rescue	3D	fig4_q30_SE_itsxpress_unite_blast_top1_rescue_3D	DNeasy	3	mock_only	UNITE	No_BLAST	ITSxpress	SE	Cryptococcus_neoformans	0.146334187478487
fig4_q30_SE_itsxpress_unite_blast_top1_rescue	3D	fig4_q30_SE_itsxpress_unite_blast_top1_rescue_3D	DNeasy	3	mock_only	UNITE	No_BLAST	ITSxpress	SE	Trichophyton_interdigitale	0
fig4_q30_SE_itsxpress_unite_blast_top1_rescue	3D	fig4_q30_SE_itsxpress_unite_blast_top1_rescue_3D	DNeasy	3	mock_only	UNITE	No_BLAST	ITSxpress	SE	Trichophyton_mentagrophytes	0.005224308716105098
fig4_q30_SE_itsxpress_unite_blast_top1_rescue	3D	fig4_q30_SE_itsxpress_unite_blast_top1_rescue_3D	DNeasy	3	mock_only	UNITE	No_BLAST	ITSxpress	SE	Penicillium_chrysogenum	0
fig4_q30_SE_itsxpress_unite_blast_top1_rescue	3D	fig4_q30_SE_itsxpress_unite_blast_top1_rescue_3D	DNeasy	3	mock_only	UNITE	No_BLAST	ITSxpress	SE	Penicillium_flavigenum	0
fig4_q30_SE_itsxpress_unite_blast_top1_rescue	3D	fig4_q30_SE_itsxpress_unite_blast_top1_rescue_3D	DNeasy	3	mock_only	UNITE	No_BLAST	ITSxpress	SE	Penicillium_g	0
fig4_q30_SE_itsxpress_unite_blast_top1_rescue	3D	fig4_q30_SE_itsxpress_unite_blast_top1_rescue_3D	DNeasy	3	mock_only	UNITE	No_BLAST	ITSxpress	SE	Fusarium_g	0
fig4_q30_SE_itsxpress_unite_blast_top1_rescue	3D	fig4_q30_SE_itsxpress_unite_blast_top1_rescue_3D	DNeasy	3	mock_only	UNITE	No_BLAST	ITSxpress	SE	Fusarium_keratoplasticum	0
fig4_q30_SE_itsxpress_unite_blast_top1_rescue	3D	fig4_q30_SE_itsxpress_unite_blast_top1_rescue_3D	DNeasy	3	mock_only	UNITE	No_BLAST	ITSxpress	SE	Candida_africana	0
fig4_q30_SE_itsxpress_unite_blast_top1_rescue	3D	fig4_q30_SE_itsxpress_unite_blast_top1_rescue_3D	DNeasy	3	mock_only	UNITE	No_BLAST	ITSxpress	SE	Candida_albicans	0.29868053696408764
fig4_q30_SE_itsxpress_unite_blast_top1_rescue	3D	fig4_q30_SE_itsxpress_unite_blast_top1_rescue_3D	DNeasy	3	mock_only	UNITE	No_BLAST	ITSxpress	SE	Candida_g	0
fig4_q30_SE_itsxpress_unite_blast_top1_rescue	3D	fig4_q30_SE_itsxpress_unite_blast_top1_rescue_3D	DNeasy	3	mock_only	UNITE	No_BLAST	ITSxpress	SE	Candida_tropicalis	0
fig4_q30_SE_itsxpress_unite_blast_top1_rescue	3D	fig4_q30_SE_itsxpress_unite_blast_top1_rescue_3D	DNeasy	3	mock_only	UNITE	No_BLAST	ITSxpress	SE	Nakaseomyces_glabratus	0.11368034573756071
fig4_q30_SE_itsxpress_unite_blast_top1_rescue	3D	fig4_q30_SE_itsxpress_unite_blast_top1_rescue_3D	DNeasy	3	mock_only	UNITE	No_BLAST	ITSxpress	SE	Malassezia_g	0
fig4_q30_SE_itsxpress_unite_blast_top1_rescue	3D	fig4_q30_SE_itsxpress_unite_blast_top1_rescue_3D	DNeasy	3	mock_only	UNITE	No_BLAST	ITSxpress	SE	Malassezia_globosa	0
fig4_q30_SE_itsxpress_unite_blast_top1_rescue	3D	fig4_q30_SE_itsxpress_unite_blast_top1_rescue_3D	DNeasy	3	mock_only	UNITE	No_BLAST	ITSxpress	SE	Saccharomyces_arboricola	0
fig4_q30_SE_itsxpress_unite_blast_top1_rescue	3D	fig4_q30_SE_itsxpress_unite_blast_top1_rescue_3D	DNeasy	3	mock_only	UNITE	No_BLAST	ITSxpress	SE	Saccharomyces_cerevisiae	0.05756683367116686
fig4_q30_SE_itsxpress_unite_blast_top1_rescue	3D	fig4_q30_SE_itsxpress_unite_blast_top1_rescue_3D	DNeasy	3	mock_only	UNITE	No_BLAST	ITSxpress	SE	Saccharomyces_g	0
fig4_q30_SE_itsxpress_unite_blast_top1_rescue	3D	fig4_q30_SE_itsxpress_unite_blast_top1_rescue_3D	DNeasy	3	mock_only	UNITE	No_BLAST	ITSxpress	SE	Saccharomyces_uvarum	0
fig4_q30_SE_itsxpress_unite_blast_top1_rescue	3D	fig4_q30_SE_itsxpress_unite_blast_top1_rescue_3D	DNeasy	3	mock_only	UNITE	No_BLAST	ITSxpress	SE	Cutaneotrichosporon_dermatis	0
fig4_q30_SE_itsxpress_unite_blast_top1_rescue	3D	fig4_q30_SE_itsxpress_unite_blast_top1_rescue_3D	DNeasy	3	mock_only	UNITE	No_BLAST	ITSxpress	SE	Cutaneotrichosporon_g	0
fig4_q30_SE_itsxpress_unite_blast_top1_rescue	3D	fig4_q30_SE_itsxpress_unite_blast_top1_rescue_3D	DNeasy	3	mock_only	UNITE	No_BLAST	ITSxpress	SE	Cutaneotrichosporon_mucoides	0.20078785329100854
fig4_q30_SE_itsxpress_unite_blast_top1_rescue	3D	fig4_q30_SE_itsxpress_unite_blast_top1_rescue_3D	DNeasy	3	mock_only	UNITE	No_BLAST	ITSxpress	SE	Other	0.14399357478869468
fig4_q30_SE_itsxpress_unite_blast_top1_rescue	3D	fig4_q30_SE_itsxpress_unite_blast_top1_rescue_3D	DNeasy	3	mock_only	UNITE+RefSeq BLAST	RefSeq_BLAST	ITSxpress	SE	Aspergillus_fumigatus	0.03373235935288943
fig4_q30_SE_itsxpress_unite_blast_top1_rescue	3D	fig4_q30_SE_itsxpress_unite_blast_top1_rescue_3D	DNeasy	3	mock_only	UNITE+RefSeq BLAST	RefSeq_BLAST	ITSxpress	SE	Aspergillus_g	0
fig4_q30_SE_itsxpress_unite_blast_top1_rescue	3D	fig4_q30_SE_itsxpress_unite_blast_top1_rescue_3D	DNeasy	3	mock_only	UNITE+RefSeq BLAST	RefSeq_BLAST	ITSxpress	SE	Cryptococcus_gattii	0
fig4_q30_SE_itsxpress_unite_blast_top1_rescue	3D	fig4_q30_SE_itsxpress_unite_blast_top1_rescue_3D	DNeasy	3	mock_only	UNITE+RefSeq BLAST	RefSeq_BLAST	ITSxpress	SE	Cryptococcus_neoformans	0.1464336252724978
fig4_q30_SE_itsxpress_unite_blast_top1_rescue	3D	fig4_q30_SE_itsxpress_unite_blast_top1_rescue_3D	DNeasy	3	mock_only	UNITE+RefSeq BLAST	RefSeq_BLAST	ITSxpress	SE	Trichophyton_interdigitale	0
fig4_q30_SE_itsxpress_unite_blast_top1_rescue	3D	fig4_q30_SE_itsxpress_unite_blast_top1_rescue_3D	DNeasy	3	mock_only	UNITE+RefSeq BLAST	RefSeq_BLAST	ITSxpress	SE	Trichophyton_mentagrophytes	0.005224308716105098
fig4_q30_SE_itsxpress_unite_blast_top1_rescue	3D	fig4_q30_SE_itsxpress_unite_blast_top1_rescue_3D	DNeasy	3	mock_only	UNITE+RefSeq BLAST	RefSeq_BLAST	ITSxpress	SE	Penicillium_chrysogenum	0.14128580716717024
fig4_q30_SE_itsxpress_unite_blast_top1_rescue	3D	fig4_q30_SE_itsxpress_unite_blast_top1_rescue_3D	DNeasy	3	mock_only	UNITE+RefSeq BLAST	RefSeq_BLAST	ITSxpress	SE	Penicillium_flavigenum	0
fig4_q30_SE_itsxpress_unite_blast_top1_rescue	3D	fig4_q30_SE_itsxpress_unite_blast_top1_rescue_3D	DNeasy	3	mock_only	UNITE+RefSeq BLAST	RefSeq_BLAST	ITSxpress	SE	Penicillium_g	0
fig4_q30_SE_itsxpress_unite_blast_top1_rescue	3D	fig4_q30_SE_itsxpress_unite_blast_top1_rescue_3D	DNeasy	3	mock_only	UNITE+RefSeq BLAST	RefSeq_BLAST	ITSxpress	SE	Fusarium_g	0
fig4_q30_SE_itsxpress_unite_blast_top1_rescue	3D	fig4_q30_SE_itsxpress_unite_blast_top1_rescue_3D	DNeasy	3	mock_only	UNITE+RefSeq BLAST	RefSeq_BLAST	ITSxpress	SE	Fusarium_keratoplasticum	0.0021723333460817685
fig4_q30_SE_itsxpress_unite_blast_top1_rescue	3D	fig4_q30_SE_itsxpress_unite_blast_top1_rescue_3D	DNeasy	3	mock_only	UNITE+RefSeq BLAST	RefSeq_BLAST	ITSxpress	SE	Candida_africana	0
fig4_q30_SE_itsxpress_unite_blast_top1_rescue	3D	fig4_q30_SE_itsxpress_unite_blast_top1_rescue_3D	DNeasy	3	mock_only	UNITE+RefSeq BLAST	RefSeq_BLAST	ITSxpress	SE	Candida_albicans	0.2988335181856427
fig4_q30_SE_itsxpress_unite_blast_top1_rescue	3D	fig4_q30_SE_itsxpress_unite_blast_top1_rescue_3D	DNeasy	3	mock_only	UNITE+RefSeq BLAST	RefSeq_BLAST	ITSxpress	SE	Candida_g	0
fig4_q30_SE_itsxpress_unite_blast_top1_rescue	3D	fig4_q30_SE_itsxpress_unite_blast_top1_rescue_3D	DNeasy	3	mock_only	UNITE+RefSeq BLAST	RefSeq_BLAST	ITSxpress	SE	Candida_tropicalis	0
fig4_q30_SE_itsxpress_unite_blast_top1_rescue	3D	fig4_q30_SE_itsxpress_unite_blast_top1_rescue_3D	DNeasy	3	mock_only	UNITE+RefSeq BLAST	RefSeq_BLAST	ITSxpress	SE	Nakaseomyces_glabratus	0.1137797835315715
fig4_q30_SE_itsxpress_unite_blast_top1_rescue	3D	fig4_q30_SE_itsxpress_unite_blast_top1_rescue_3D	DNeasy	3	mock_only	UNITE+RefSeq BLAST	RefSeq_BLAST	ITSxpress	SE	Malassezia_g	0
fig4_q30_SE_itsxpress_unite_blast_top1_rescue	3D	fig4_q30_SE_itsxpress_unite_blast_top1_rescue_3D	DNeasy	3	mock_only	UNITE+RefSeq BLAST	RefSeq_BLAST	ITSxpress	SE	Malassezia_globosa	0
fig4_q30_SE_itsxpress_unite_blast_top1_rescue	3D	fig4_q30_SE_itsxpress_unite_blast_top1_rescue_3D	DNeasy	3	mock_only	UNITE+RefSeq BLAST	RefSeq_BLAST	ITSxpress	SE	Saccharomyces_arboricola	0
fig4_q30_SE_itsxpress_unite_blast_top1_rescue	3D	fig4_q30_SE_itsxpress_unite_blast_top1_rescue_3D	DNeasy	3	mock_only	UNITE+RefSeq BLAST	RefSeq_BLAST	ITSxpress	SE	Saccharomyces_cerevisiae	0.05758213179332237
fig4_q30_SE_itsxpress_unite_blast_top1_rescue	3D	fig4_q30_SE_itsxpress_unite_blast_top1_rescue_3D	DNeasy	3	mock_only	UNITE+RefSeq BLAST	RefSeq_BLAST	ITSxpress	SE	Saccharomyces_g	0
fig4_q30_SE_itsxpress_unite_blast_top1_rescue	3D	fig4_q30_SE_itsxpress_unite_blast_top1_rescue_3D	DNeasy	3	mock_only	UNITE+RefSeq BLAST	RefSeq_BLAST	ITSxpress	SE	Saccharomyces_uvarum	0
fig4_q30_SE_itsxpress_unite_blast_top1_rescue	3D	fig4_q30_SE_itsxpress_unite_blast_top1_rescue_3D	DNeasy	3	mock_only	UNITE+RefSeq BLAST	RefSeq_BLAST	ITSxpress	SE	Cutaneotrichosporon_dermatis	1.5298122155505412e-4
fig4_q30_SE_itsxpress_unite_blast_top1_rescue	3D	fig4_q30_SE_itsxpress_unite_blast_top1_rescue_3D	DNeasy	3	mock_only	UNITE+RefSeq BLAST	RefSeq_BLAST	ITSxpress	SE	Cutaneotrichosporon_g	0
fig4_q30_SE_itsxpress_unite_blast_top1_rescue	3D	fig4_q30_SE_itsxpress_unite_blast_top1_rescue_3D	DNeasy	3	mock_only	UNITE+RefSeq BLAST	RefSeq_BLAST	ITSxpress	SE	Cutaneotrichosporon_mucoides	0.20078785329100854
fig4_q30_SE_itsxpress_unite_blast_top1_rescue	3D	fig4_q30_SE_itsxpress_unite_blast_top1_rescue_3D	DNeasy	3	mock_only	UNITE+RefSeq BLAST	RefSeq_BLAST	ITSxpress	SE	Other	1.5298122155505412e-5
fig4_q30_SE_itsxpress_unite_blast_top1_rescue	3Q	fig4_q30_SE_itsxpress_unite_blast_top1_rescue_3Q	QIAamp	3	mock_only	Mock type-strain BLAST	Mock_type_reference_BLAST	ITSxpress	SE	Aspergillus_fumigatus	0.03373791576167966
fig4_q30_SE_itsxpress_unite_blast_top1_rescue	3Q	fig4_q30_SE_itsxpress_unite_blast_top1_rescue_3Q	QIAamp	3	mock_only	Mock type-strain BLAST	Mock_type_reference_BLAST	ITSxpress	SE	Aspergillus_g	0
fig4_q30_SE_itsxpress_unite_blast_top1_rescue	3Q	fig4_q30_SE_itsxpress_unite_blast_top1_rescue_3Q	QIAamp	3	mock_only	Mock type-strain BLAST	Mock_type_reference_BLAST	ITSxpress	SE	Cryptococcus_gattii	0
fig4_q30_SE_itsxpress_unite_blast_top1_rescue	3Q	fig4_q30_SE_itsxpress_unite_blast_top1_rescue_3Q	QIAamp	3	mock_only	Mock type-strain BLAST	Mock_type_reference_BLAST	ITSxpress	SE	Cryptococcus_neoformans	0.15622844001533154
fig4_q30_SE_itsxpress_unite_blast_top1_rescue	3Q	fig4_q30_SE_itsxpress_unite_blast_top1_rescue_3Q	QIAamp	3	mock_only	Mock type-strain BLAST	Mock_type_reference_BLAST	ITSxpress	SE	Trichophyton_interdigitale	0.006490353903155743
fig4_q30_SE_itsxpress_unite_blast_top1_rescue	3Q	fig4_q30_SE_itsxpress_unite_blast_top1_rescue_3Q	QIAamp	3	mock_only	Mock type-strain BLAST	Mock_type_reference_BLAST	ITSxpress	SE	Trichophyton_mentagrophytes	0
fig4_q30_SE_itsxpress_unite_blast_top1_rescue	3Q	fig4_q30_SE_itsxpress_unite_blast_top1_rescue_3Q	QIAamp	3	mock_only	Mock type-strain BLAST	Mock_type_reference_BLAST	ITSxpress	SE	Penicillium_chrysogenum	0.13490907542268216
fig4_q30_SE_itsxpress_unite_blast_top1_rescue	3Q	fig4_q30_SE_itsxpress_unite_blast_top1_rescue_3Q	QIAamp	3	mock_only	Mock type-strain BLAST	Mock_type_reference_BLAST	ITSxpress	SE	Penicillium_flavigenum	0
fig4_q30_SE_itsxpress_unite_blast_top1_rescue	3Q	fig4_q30_SE_itsxpress_unite_blast_top1_rescue_3Q	QIAamp	3	mock_only	Mock type-strain BLAST	Mock_type_reference_BLAST	ITSxpress	SE	Penicillium_g	0
fig4_q30_SE_itsxpress_unite_blast_top1_rescue	3Q	fig4_q30_SE_itsxpress_unite_blast_top1_rescue_3Q	QIAamp	3	mock_only	Mock type-strain BLAST	Mock_type_reference_BLAST	ITSxpress	SE	Fusarium_g	0
fig4_q30_SE_itsxpress_unite_blast_top1_rescue	3Q	fig4_q30_SE_itsxpress_unite_blast_top1_rescue_3Q	QIAamp	3	mock_only	Mock type-strain BLAST	Mock_type_reference_BLAST	ITSxpress	SE	Fusarium_keratoplasticum	0.0023678718964268985
fig4_q30_SE_itsxpress_unite_blast_top1_rescue	3Q	fig4_q30_SE_itsxpress_unite_blast_top1_rescue_3Q	QIAamp	3	mock_only	Mock type-strain BLAST	Mock_type_reference_BLAST	ITSxpress	SE	Candida_africana	0
fig4_q30_SE_itsxpress_unite_blast_top1_rescue	3Q	fig4_q30_SE_itsxpress_unite_blast_top1_rescue_3Q	QIAamp	3	mock_only	Mock type-strain BLAST	Mock_type_reference_BLAST	ITSxpress	SE	Candida_albicans	0.30276393679996594
fig4_q30_SE_itsxpress_unite_blast_top1_rescue	3Q	fig4_q30_SE_itsxpress_unite_blast_top1_rescue_3Q	QIAamp	3	mock_only	Mock type-strain BLAST	Mock_type_reference_BLAST	ITSxpress	SE	Candida_g	0
fig4_q30_SE_itsxpress_unite_blast_top1_rescue	3Q	fig4_q30_SE_itsxpress_unite_blast_top1_rescue_3Q	QIAamp	3	mock_only	Mock type-strain BLAST	Mock_type_reference_BLAST	ITSxpress	SE	Candida_tropicalis	0
fig4_q30_SE_itsxpress_unite_blast_top1_rescue	3Q	fig4_q30_SE_itsxpress_unite_blast_top1_rescue_3Q	QIAamp	3	mock_only	Mock type-strain BLAST	Mock_type_reference_BLAST	ITSxpress	SE	Nakaseomyces_glabratus	0.11018270090711639
fig4_q30_SE_itsxpress_unite_blast_top1_rescue	3Q	fig4_q30_SE_itsxpress_unite_blast_top1_rescue_3Q	QIAamp	3	mock_only	Mock type-strain BLAST	Mock_type_reference_BLAST	ITSxpress	SE	Malassezia_g	0
fig4_q30_SE_itsxpress_unite_blast_top1_rescue	3Q	fig4_q30_SE_itsxpress_unite_blast_top1_rescue_3Q	QIAamp	3	mock_only	Mock type-strain BLAST	Mock_type_reference_BLAST	ITSxpress	SE	Malassezia_globosa	1.7035049614582003e-5
fig4_q30_SE_itsxpress_unite_blast_top1_rescue	3Q	fig4_q30_SE_itsxpress_unite_blast_top1_rescue_3Q	QIAamp	3	mock_only	Mock type-strain BLAST	Mock_type_reference_BLAST	ITSxpress	SE	Saccharomyces_arboricola	0
fig4_q30_SE_itsxpress_unite_blast_top1_rescue	3Q	fig4_q30_SE_itsxpress_unite_blast_top1_rescue_3Q	QIAamp	3	mock_only	Mock type-strain BLAST	Mock_type_reference_BLAST	ITSxpress	SE	Saccharomyces_cerevisiae	0.039776840850048976
fig4_q30_SE_itsxpress_unite_blast_top1_rescue	3Q	fig4_q30_SE_itsxpress_unite_blast_top1_rescue_3Q	QIAamp	3	mock_only	Mock type-strain BLAST	Mock_type_reference_BLAST	ITSxpress	SE	Saccharomyces_g	0
fig4_q30_SE_itsxpress_unite_blast_top1_rescue	3Q	fig4_q30_SE_itsxpress_unite_blast_top1_rescue_3Q	QIAamp	3	mock_only	Mock type-strain BLAST	Mock_type_reference_BLAST	ITSxpress	SE	Saccharomyces_uvarum	0
fig4_q30_SE_itsxpress_unite_blast_top1_rescue	3Q	fig4_q30_SE_itsxpress_unite_blast_top1_rescue_3Q	QIAamp	3	mock_only	Mock type-strain BLAST	Mock_type_reference_BLAST	ITSxpress	SE	Cutaneotrichosporon_dermatis	0.2135258293939781
fig4_q30_SE_itsxpress_unite_blast_top1_rescue	3Q	fig4_q30_SE_itsxpress_unite_blast_top1_rescue_3Q	QIAamp	3	mock_only	Mock type-strain BLAST	Mock_type_reference_BLAST	ITSxpress	SE	Cutaneotrichosporon_g	0
fig4_q30_SE_itsxpress_unite_blast_top1_rescue	3Q	fig4_q30_SE_itsxpress_unite_blast_top1_rescue_3Q	QIAamp	3	mock_only	Mock type-strain BLAST	Mock_type_reference_BLAST	ITSxpress	SE	Cutaneotrichosporon_mucoides	0
fig4_q30_SE_itsxpress_unite_blast_top1_rescue	3Q	fig4_q30_SE_itsxpress_unite_blast_top1_rescue_3Q	QIAamp	3	mock_only	Mock type-strain BLAST	Mock_type_reference_BLAST	ITSxpress	SE	Other	0
fig4_q30_SE_itsxpress_unite_blast_top1_rescue	3Q	fig4_q30_SE_itsxpress_unite_blast_top1_rescue_3Q	QIAamp	3	mock_only	UNITE	No_BLAST	ITSxpress	SE	Aspergillus_fumigatus	0.03373791576167966
fig4_q30_SE_itsxpress_unite_blast_top1_rescue	3Q	fig4_q30_SE_itsxpress_unite_blast_top1_rescue_3Q	QIAamp	3	mock_only	UNITE	No_BLAST	ITSxpress	SE	Aspergillus_g	0
fig4_q30_SE_itsxpress_unite_blast_top1_rescue	3Q	fig4_q30_SE_itsxpress_unite_blast_top1_rescue_3Q	QIAamp	3	mock_only	UNITE	No_BLAST	ITSxpress	SE	Cryptococcus_gattii	0
fig4_q30_SE_itsxpress_unite_blast_top1_rescue	3Q	fig4_q30_SE_itsxpress_unite_blast_top1_rescue_3Q	QIAamp	3	mock_only	UNITE	No_BLAST	ITSxpress	SE	Cryptococcus_neoformans	0.15615178229206592
fig4_q30_SE_itsxpress_unite_blast_top1_rescue	3Q	fig4_q30_SE_itsxpress_unite_blast_top1_rescue_3Q	QIAamp	3	mock_only	UNITE	No_BLAST	ITSxpress	SE	Trichophyton_interdigitale	0
fig4_q30_SE_itsxpress_unite_blast_top1_rescue	3Q	fig4_q30_SE_itsxpress_unite_blast_top1_rescue_3Q	QIAamp	3	mock_only	UNITE	No_BLAST	ITSxpress	SE	Trichophyton_mentagrophytes	0.006490353903155743
fig4_q30_SE_itsxpress_unite_blast_top1_rescue	3Q	fig4_q30_SE_itsxpress_unite_blast_top1_rescue_3Q	QIAamp	3	mock_only	UNITE	No_BLAST	ITSxpress	SE	Penicillium_chrysogenum	0
fig4_q30_SE_itsxpress_unite_blast_top1_rescue	3Q	fig4_q30_SE_itsxpress_unite_blast_top1_rescue_3Q	QIAamp	3	mock_only	UNITE	No_BLAST	ITSxpress	SE	Penicillium_flavigenum	0
fig4_q30_SE_itsxpress_unite_blast_top1_rescue	3Q	fig4_q30_SE_itsxpress_unite_blast_top1_rescue_3Q	QIAamp	3	mock_only	UNITE	No_BLAST	ITSxpress	SE	Penicillium_g	0
fig4_q30_SE_itsxpress_unite_blast_top1_rescue	3Q	fig4_q30_SE_itsxpress_unite_blast_top1_rescue_3Q	QIAamp	3	mock_only	UNITE	No_BLAST	ITSxpress	SE	Fusarium_g	0
fig4_q30_SE_itsxpress_unite_blast_top1_rescue	3Q	fig4_q30_SE_itsxpress_unite_blast_top1_rescue_3Q	QIAamp	3	mock_only	UNITE	No_BLAST	ITSxpress	SE	Fusarium_keratoplasticum	0
fig4_q30_SE_itsxpress_unite_blast_top1_rescue	3Q	fig4_q30_SE_itsxpress_unite_blast_top1_rescue_3Q	QIAamp	3	mock_only	UNITE	No_BLAST	ITSxpress	SE	Candida_africana	0
fig4_q30_SE_itsxpress_unite_blast_top1_rescue	3Q	fig4_q30_SE_itsxpress_unite_blast_top1_rescue_3Q	QIAamp	3	mock_only	UNITE	No_BLAST	ITSxpress	SE	Candida_albicans	0.3026106213534347
fig4_q30_SE_itsxpress_unite_blast_top1_rescue	3Q	fig4_q30_SE_itsxpress_unite_blast_top1_rescue_3Q	QIAamp	3	mock_only	UNITE	No_BLAST	ITSxpress	SE	Candida_g	0
fig4_q30_SE_itsxpress_unite_blast_top1_rescue	3Q	fig4_q30_SE_itsxpress_unite_blast_top1_rescue_3Q	QIAamp	3	mock_only	UNITE	No_BLAST	ITSxpress	SE	Candida_tropicalis	0
fig4_q30_SE_itsxpress_unite_blast_top1_rescue	3Q	fig4_q30_SE_itsxpress_unite_blast_top1_rescue_3Q	QIAamp	3	mock_only	UNITE	No_BLAST	ITSxpress	SE	Nakaseomyces_glabratus	0.11014011328307993
fig4_q30_SE_itsxpress_unite_blast_top1_rescue	3Q	fig4_q30_SE_itsxpress_unite_blast_top1_rescue_3Q	QIAamp	3	mock_only	UNITE	No_BLAST	ITSxpress	SE	Malassezia_g	0
fig4_q30_SE_itsxpress_unite_blast_top1_rescue	3Q	fig4_q30_SE_itsxpress_unite_blast_top1_rescue_3Q	QIAamp	3	mock_only	UNITE	No_BLAST	ITSxpress	SE	Malassezia_globosa	1.7035049614582003e-5
fig4_q30_SE_itsxpress_unite_blast_top1_rescue	3Q	fig4_q30_SE_itsxpress_unite_blast_top1_rescue_3Q	QIAamp	3	mock_only	UNITE	No_BLAST	ITSxpress	SE	Saccharomyces_arboricola	0
fig4_q30_SE_itsxpress_unite_blast_top1_rescue	3Q	fig4_q30_SE_itsxpress_unite_blast_top1_rescue_3Q	QIAamp	3	mock_only	UNITE	No_BLAST	ITSxpress	SE	Saccharomyces_cerevisiae	0.0397512882756271
fig4_q30_SE_itsxpress_unite_blast_top1_rescue	3Q	fig4_q30_SE_itsxpress_unite_blast_top1_rescue_3Q	QIAamp	3	mock_only	UNITE	No_BLAST	ITSxpress	SE	Saccharomyces_g	0
fig4_q30_SE_itsxpress_unite_blast_top1_rescue	3Q	fig4_q30_SE_itsxpress_unite_blast_top1_rescue_3Q	QIAamp	3	mock_only	UNITE	No_BLAST	ITSxpress	SE	Saccharomyces_uvarum	0
fig4_q30_SE_itsxpress_unite_blast_top1_rescue	3Q	fig4_q30_SE_itsxpress_unite_blast_top1_rescue_3Q	QIAamp	3	mock_only	UNITE	No_BLAST	ITSxpress	SE	Cutaneotrichosporon_dermatis	0
fig4_q30_SE_itsxpress_unite_blast_top1_rescue	3Q	fig4_q30_SE_itsxpress_unite_blast_top1_rescue_3Q	QIAamp	3	mock_only	UNITE	No_BLAST	ITSxpress	SE	Cutaneotrichosporon_g	0
fig4_q30_SE_itsxpress_unite_blast_top1_rescue	3Q	fig4_q30_SE_itsxpress_unite_blast_top1_rescue_3Q	QIAamp	3	mock_only	UNITE	No_BLAST	ITSxpress	SE	Cutaneotrichosporon_mucoides	0.21338954899706145
fig4_q30_SE_itsxpress_unite_blast_top1_rescue	3Q	fig4_q30_SE_itsxpress_unite_blast_top1_rescue_3Q	QIAamp	3	mock_only	UNITE	No_BLAST	ITSxpress	SE	Other	0.1377113410842809
fig4_q30_SE_itsxpress_unite_blast_top1_rescue	3Q	fig4_q30_SE_itsxpress_unite_blast_top1_rescue_3Q	QIAamp	3	mock_only	UNITE+RefSeq BLAST	RefSeq_BLAST	ITSxpress	SE	Aspergillus_fumigatus	0.03373791576167966
fig4_q30_SE_itsxpress_unite_blast_top1_rescue	3Q	fig4_q30_SE_itsxpress_unite_blast_top1_rescue_3Q	QIAamp	3	mock_only	UNITE+RefSeq BLAST	RefSeq_BLAST	ITSxpress	SE	Aspergillus_g	0
fig4_q30_SE_itsxpress_unite_blast_top1_rescue	3Q	fig4_q30_SE_itsxpress_unite_blast_top1_rescue_3Q	QIAamp	3	mock_only	UNITE+RefSeq BLAST	RefSeq_BLAST	ITSxpress	SE	Cryptococcus_gattii	0
fig4_q30_SE_itsxpress_unite_blast_top1_rescue	3Q	fig4_q30_SE_itsxpress_unite_blast_top1_rescue_3Q	QIAamp	3	mock_only	UNITE+RefSeq BLAST	RefSeq_BLAST	ITSxpress	SE	Cryptococcus_neoformans	0.15622844001533154
fig4_q30_SE_itsxpress_unite_blast_top1_rescue	3Q	fig4_q30_SE_itsxpress_unite_blast_top1_rescue_3Q	QIAamp	3	mock_only	UNITE+RefSeq BLAST	RefSeq_BLAST	ITSxpress	SE	Trichophyton_interdigitale	0
fig4_q30_SE_itsxpress_unite_blast_top1_rescue	3Q	fig4_q30_SE_itsxpress_unite_blast_top1_rescue_3Q	QIAamp	3	mock_only	UNITE+RefSeq BLAST	RefSeq_BLAST	ITSxpress	SE	Trichophyton_mentagrophytes	0.006490353903155743
fig4_q30_SE_itsxpress_unite_blast_top1_rescue	3Q	fig4_q30_SE_itsxpress_unite_blast_top1_rescue_3Q	QIAamp	3	mock_only	UNITE+RefSeq BLAST	RefSeq_BLAST	ITSxpress	SE	Penicillium_chrysogenum	0.13490907542268216
fig4_q30_SE_itsxpress_unite_blast_top1_rescue	3Q	fig4_q30_SE_itsxpress_unite_blast_top1_rescue_3Q	QIAamp	3	mock_only	UNITE+RefSeq BLAST	RefSeq_BLAST	ITSxpress	SE	Penicillium_flavigenum	0
fig4_q30_SE_itsxpress_unite_blast_top1_rescue	3Q	fig4_q30_SE_itsxpress_unite_blast_top1_rescue_3Q	QIAamp	3	mock_only	UNITE+RefSeq BLAST	RefSeq_BLAST	ITSxpress	SE	Penicillium_g	0
fig4_q30_SE_itsxpress_unite_blast_top1_rescue	3Q	fig4_q30_SE_itsxpress_unite_blast_top1_rescue_3Q	QIAamp	3	mock_only	UNITE+RefSeq BLAST	RefSeq_BLAST	ITSxpress	SE	Fusarium_g	0
fig4_q30_SE_itsxpress_unite_blast_top1_rescue	3Q	fig4_q30_SE_itsxpress_unite_blast_top1_rescue_3Q	QIAamp	3	mock_only	UNITE+RefSeq BLAST	RefSeq_BLAST	ITSxpress	SE	Fusarium_keratoplasticum	0.0023678718964268985
fig4_q30_SE_itsxpress_unite_blast_top1_rescue	3Q	fig4_q30_SE_itsxpress_unite_blast_top1_rescue_3Q	QIAamp	3	mock_only	UNITE+RefSeq BLAST	RefSeq_BLAST	ITSxpress	SE	Candida_africana	0
fig4_q30_SE_itsxpress_unite_blast_top1_rescue	3Q	fig4_q30_SE_itsxpress_unite_blast_top1_rescue_3Q	QIAamp	3	mock_only	UNITE+RefSeq BLAST	RefSeq_BLAST	ITSxpress	SE	Candida_albicans	0.30276393679996594
fig4_q30_SE_itsxpress_unite_blast_top1_rescue	3Q	fig4_q30_SE_itsxpress_unite_blast_top1_rescue_3Q	QIAamp	3	mock_only	UNITE+RefSeq BLAST	RefSeq_BLAST	ITSxpress	SE	Candida_g	0
fig4_q30_SE_itsxpress_unite_blast_top1_rescue	3Q	fig4_q30_SE_itsxpress_unite_blast_top1_rescue_3Q	QIAamp	3	mock_only	UNITE+RefSeq BLAST	RefSeq_BLAST	ITSxpress	SE	Candida_tropicalis	0
fig4_q30_SE_itsxpress_unite_blast_top1_rescue	3Q	fig4_q30_SE_itsxpress_unite_blast_top1_rescue_3Q	QIAamp	3	mock_only	UNITE+RefSeq BLAST	RefSeq_BLAST	ITSxpress	SE	Nakaseomyces_glabratus	0.11018270090711639
fig4_q30_SE_itsxpress_unite_blast_top1_rescue	3Q	fig4_q30_SE_itsxpress_unite_blast_top1_rescue_3Q	QIAamp	3	mock_only	UNITE+RefSeq BLAST	RefSeq_BLAST	ITSxpress	SE	Malassezia_g	0
fig4_q30_SE_itsxpress_unite_blast_top1_rescue	3Q	fig4_q30_SE_itsxpress_unite_blast_top1_rescue_3Q	QIAamp	3	mock_only	UNITE+RefSeq BLAST	RefSeq_BLAST	ITSxpress	SE	Malassezia_globosa	1.7035049614582003e-5
fig4_q30_SE_itsxpress_unite_blast_top1_rescue	3Q	fig4_q30_SE_itsxpress_unite_blast_top1_rescue_3Q	QIAamp	3	mock_only	UNITE+RefSeq BLAST	RefSeq_BLAST	ITSxpress	SE	Saccharomyces_arboricola	0
fig4_q30_SE_itsxpress_unite_blast_top1_rescue	3Q	fig4_q30_SE_itsxpress_unite_blast_top1_rescue_3Q	QIAamp	3	mock_only	UNITE+RefSeq BLAST	RefSeq_BLAST	ITSxpress	SE	Saccharomyces_cerevisiae	0.039776840850048976
fig4_q30_SE_itsxpress_unite_blast_top1_rescue	3Q	fig4_q30_SE_itsxpress_unite_blast_top1_rescue_3Q	QIAamp	3	mock_only	UNITE+RefSeq BLAST	RefSeq_BLAST	ITSxpress	SE	Saccharomyces_g	0
fig4_q30_SE_itsxpress_unite_blast_top1_rescue	3Q	fig4_q30_SE_itsxpress_unite_blast_top1_rescue_3Q	QIAamp	3	mock_only	UNITE+RefSeq BLAST	RefSeq_BLAST	ITSxpress	SE	Saccharomyces_uvarum	0
fig4_q30_SE_itsxpress_unite_blast_top1_rescue	3Q	fig4_q30_SE_itsxpress_unite_blast_top1_rescue_3Q	QIAamp	3	mock_only	UNITE+RefSeq BLAST	RefSeq_BLAST	ITSxpress	SE	Cutaneotrichosporon_dermatis	1.3628039691665603e-4
fig4_q30_SE_itsxpress_unite_blast_top1_rescue	3Q	fig4_q30_SE_itsxpress_unite_blast_top1_rescue_3Q	QIAamp	3	mock_only	UNITE+RefSeq BLAST	RefSeq_BLAST	ITSxpress	SE	Cutaneotrichosporon_g	0
fig4_q30_SE_itsxpress_unite_blast_top1_rescue	3Q	fig4_q30_SE_itsxpress_unite_blast_top1_rescue_3Q	QIAamp	3	mock_only	UNITE+RefSeq BLAST	RefSeq_BLAST	ITSxpress	SE	Cutaneotrichosporon_mucoides	0.21338954899706145
fig4_q30_SE_itsxpress_unite_blast_top1_rescue	3Q	fig4_q30_SE_itsxpress_unite_blast_top1_rescue_3Q	QIAamp	3	mock_only	UNITE+RefSeq BLAST	RefSeq_BLAST	ITSxpress	SE	Other	0
fig4_q30_SE_itsxpress_unite_blast_top1_rescue	3Z	fig4_q30_SE_itsxpress_unite_blast_top1_rescue_3Z	Zymo	3	mock_only	Mock type-strain BLAST	Mock_type_reference_BLAST	ITSxpress	SE	Aspergillus_fumigatus	0.02913167969629701
fig4_q30_SE_itsxpress_unite_blast_top1_rescue	3Z	fig4_q30_SE_itsxpress_unite_blast_top1_rescue_3Z	Zymo	3	mock_only	Mock type-strain BLAST	Mock_type_reference_BLAST	ITSxpress	SE	Aspergillus_g	0
fig4_q30_SE_itsxpress_unite_blast_top1_rescue	3Z	fig4_q30_SE_itsxpress_unite_blast_top1_rescue_3Z	Zymo	3	mock_only	Mock type-strain BLAST	Mock_type_reference_BLAST	ITSxpress	SE	Cryptococcus_gattii	0
fig4_q30_SE_itsxpress_unite_blast_top1_rescue	3Z	fig4_q30_SE_itsxpress_unite_blast_top1_rescue_3Z	Zymo	3	mock_only	Mock type-strain BLAST	Mock_type_reference_BLAST	ITSxpress	SE	Cryptococcus_neoformans	0.1513850014477367
fig4_q30_SE_itsxpress_unite_blast_top1_rescue	3Z	fig4_q30_SE_itsxpress_unite_blast_top1_rescue_3Z	Zymo	3	mock_only	Mock type-strain BLAST	Mock_type_reference_BLAST	ITSxpress	SE	Trichophyton_interdigitale	0.003957146993533443
fig4_q30_SE_itsxpress_unite_blast_top1_rescue	3Z	fig4_q30_SE_itsxpress_unite_blast_top1_rescue_3Z	Zymo	3	mock_only	Mock type-strain BLAST	Mock_type_reference_BLAST	ITSxpress	SE	Trichophyton_mentagrophytes	0
fig4_q30_SE_itsxpress_unite_blast_top1_rescue	3Z	fig4_q30_SE_itsxpress_unite_blast_top1_rescue_3Z	Zymo	3	mock_only	Mock type-strain BLAST	Mock_type_reference_BLAST	ITSxpress	SE	Penicillium_chrysogenum	0.13393977415307404
fig4_q30_SE_itsxpress_unite_blast_top1_rescue	3Z	fig4_q30_SE_itsxpress_unite_blast_top1_rescue_3Z	Zymo	3	mock_only	Mock type-strain BLAST	Mock_type_reference_BLAST	ITSxpress	SE	Penicillium_flavigenum	0
fig4_q30_SE_itsxpress_unite_blast_top1_rescue	3Z	fig4_q30_SE_itsxpress_unite_blast_top1_rescue_3Z	Zymo	3	mock_only	Mock type-strain BLAST	Mock_type_reference_BLAST	ITSxpress	SE	Penicillium_g	0
fig4_q30_SE_itsxpress_unite_blast_top1_rescue	3Z	fig4_q30_SE_itsxpress_unite_blast_top1_rescue_3Z	Zymo	3	mock_only	Mock type-strain BLAST	Mock_type_reference_BLAST	ITSxpress	SE	Fusarium_g	0
fig4_q30_SE_itsxpress_unite_blast_top1_rescue	3Z	fig4_q30_SE_itsxpress_unite_blast_top1_rescue_3Z	Zymo	3	mock_only	Mock type-strain BLAST	Mock_type_reference_BLAST	ITSxpress	SE	Fusarium_keratoplasticum	0.0016407682656114275
fig4_q30_SE_itsxpress_unite_blast_top1_rescue	3Z	fig4_q30_SE_itsxpress_unite_blast_top1_rescue_3Z	Zymo	3	mock_only	Mock type-strain BLAST	Mock_type_reference_BLAST	ITSxpress	SE	Candida_africana	0
fig4_q30_SE_itsxpress_unite_blast_top1_rescue	3Z	fig4_q30_SE_itsxpress_unite_blast_top1_rescue_3Z	Zymo	3	mock_only	Mock type-strain BLAST	Mock_type_reference_BLAST	ITSxpress	SE	Candida_albicans	0.30224720908535213
fig4_q30_SE_itsxpress_unite_blast_top1_rescue	3Z	fig4_q30_SE_itsxpress_unite_blast_top1_rescue_3Z	Zymo	3	mock_only	Mock type-strain BLAST	Mock_type_reference_BLAST	ITSxpress	SE	Candida_g	0
fig4_q30_SE_itsxpress_unite_blast_top1_rescue	3Z	fig4_q30_SE_itsxpress_unite_blast_top1_rescue_3Z	Zymo	3	mock_only	Mock type-strain BLAST	Mock_type_reference_BLAST	ITSxpress	SE	Candida_tropicalis	0
fig4_q30_SE_itsxpress_unite_blast_top1_rescue	3Z	fig4_q30_SE_itsxpress_unite_blast_top1_rescue_3Z	Zymo	3	mock_only	Mock type-strain BLAST	Mock_type_reference_BLAST	ITSxpress	SE	Nakaseomyces_glabratus	0.10166328861435511
fig4_q30_SE_itsxpress_unite_blast_top1_rescue	3Z	fig4_q30_SE_itsxpress_unite_blast_top1_rescue_3Z	Zymo	3	mock_only	Mock type-strain BLAST	Mock_type_reference_BLAST	ITSxpress	SE	Malassezia_g	0
fig4_q30_SE_itsxpress_unite_blast_top1_rescue	3Z	fig4_q30_SE_itsxpress_unite_blast_top1_rescue_3Z	Zymo	3	mock_only	Mock type-strain BLAST	Mock_type_reference_BLAST	ITSxpress	SE	Malassezia_globosa	4.825789016504198e-5
fig4_q30_SE_itsxpress_unite_blast_top1_rescue	3Z	fig4_q30_SE_itsxpress_unite_blast_top1_rescue_3Z	Zymo	3	mock_only	Mock type-strain BLAST	Mock_type_reference_BLAST	ITSxpress	SE	Saccharomyces_arboricola	0
fig4_q30_SE_itsxpress_unite_blast_top1_rescue	3Z	fig4_q30_SE_itsxpress_unite_blast_top1_rescue_3Z	Zymo	3	mock_only	Mock type-strain BLAST	Mock_type_reference_BLAST	ITSxpress	SE	Saccharomyces_cerevisiae	0.05444294308786153
fig4_q30_SE_itsxpress_unite_blast_top1_rescue	3Z	fig4_q30_SE_itsxpress_unite_blast_top1_rescue_3Z	Zymo	3	mock_only	Mock type-strain BLAST	Mock_type_reference_BLAST	ITSxpress	SE	Saccharomyces_g	0
fig4_q30_SE_itsxpress_unite_blast_top1_rescue	3Z	fig4_q30_SE_itsxpress_unite_blast_top1_rescue_3Z	Zymo	3	mock_only	Mock type-strain BLAST	Mock_type_reference_BLAST	ITSxpress	SE	Saccharomyces_uvarum	0
fig4_q30_SE_itsxpress_unite_blast_top1_rescue	3Z	fig4_q30_SE_itsxpress_unite_blast_top1_rescue_3Z	Zymo	3	mock_only	Mock type-strain BLAST	Mock_type_reference_BLAST	ITSxpress	SE	Cutaneotrichosporon_dermatis	0.22154393076601359
fig4_q30_SE_itsxpress_unite_blast_top1_rescue	3Z	fig4_q30_SE_itsxpress_unite_blast_top1_rescue_3Z	Zymo	3	mock_only	Mock type-strain BLAST	Mock_type_reference_BLAST	ITSxpress	SE	Cutaneotrichosporon_g	0
fig4_q30_SE_itsxpress_unite_blast_top1_rescue	3Z	fig4_q30_SE_itsxpress_unite_blast_top1_rescue_3Z	Zymo	3	mock_only	Mock type-strain BLAST	Mock_type_reference_BLAST	ITSxpress	SE	Cutaneotrichosporon_mucoides	0
fig4_q30_SE_itsxpress_unite_blast_top1_rescue	3Z	fig4_q30_SE_itsxpress_unite_blast_top1_rescue_3Z	Zymo	3	mock_only	Mock type-strain BLAST	Mock_type_reference_BLAST	ITSxpress	SE	Other	0
fig4_q30_SE_itsxpress_unite_blast_top1_rescue	3Z	fig4_q30_SE_itsxpress_unite_blast_top1_rescue_3Z	Zymo	3	mock_only	UNITE	No_BLAST	ITSxpress	SE	Aspergillus_fumigatus	0.029027120934272753
fig4_q30_SE_itsxpress_unite_blast_top1_rescue	3Z	fig4_q30_SE_itsxpress_unite_blast_top1_rescue_3Z	Zymo	3	mock_only	UNITE	No_BLAST	ITSxpress	SE	Aspergillus_g	0
fig4_q30_SE_itsxpress_unite_blast_top1_rescue	3Z	fig4_q30_SE_itsxpress_unite_blast_top1_rescue_3Z	Zymo	3	mock_only	UNITE	No_BLAST	ITSxpress	SE	Cryptococcus_gattii	0
fig4_q30_SE_itsxpress_unite_blast_top1_rescue	3Z	fig4_q30_SE_itsxpress_unite_blast_top1_rescue_3Z	Zymo	3	mock_only	UNITE	No_BLAST	ITSxpress	SE	Cryptococcus_neoformans	0.15130457163079497
fig4_q30_SE_itsxpress_unite_blast_top1_rescue	3Z	fig4_q30_SE_itsxpress_unite_blast_top1_rescue_3Z	Zymo	3	mock_only	UNITE	No_BLAST	ITSxpress	SE	Trichophyton_interdigitale	0
fig4_q30_SE_itsxpress_unite_blast_top1_rescue	3Z	fig4_q30_SE_itsxpress_unite_blast_top1_rescue_3Z	Zymo	3	mock_only	UNITE	No_BLAST	ITSxpress	SE	Trichophyton_mentagrophytes	0.003957146993533443
fig4_q30_SE_itsxpress_unite_blast_top1_rescue	3Z	fig4_q30_SE_itsxpress_unite_blast_top1_rescue_3Z	Zymo	3	mock_only	UNITE	No_BLAST	ITSxpress	SE	Penicillium_chrysogenum	0
fig4_q30_SE_itsxpress_unite_blast_top1_rescue	3Z	fig4_q30_SE_itsxpress_unite_blast_top1_rescue_3Z	Zymo	3	mock_only	UNITE	No_BLAST	ITSxpress	SE	Penicillium_flavigenum	0
fig4_q30_SE_itsxpress_unite_blast_top1_rescue	3Z	fig4_q30_SE_itsxpress_unite_blast_top1_rescue_3Z	Zymo	3	mock_only	UNITE	No_BLAST	ITSxpress	SE	Penicillium_g	0
fig4_q30_SE_itsxpress_unite_blast_top1_rescue	3Z	fig4_q30_SE_itsxpress_unite_blast_top1_rescue_3Z	Zymo	3	mock_only	UNITE	No_BLAST	ITSxpress	SE	Fusarium_g	0
fig4_q30_SE_itsxpress_unite_blast_top1_rescue	3Z	fig4_q30_SE_itsxpress_unite_blast_top1_rescue_3Z	Zymo	3	mock_only	UNITE	No_BLAST	ITSxpress	SE	Fusarium_keratoplasticum	0
fig4_q30_SE_itsxpress_unite_blast_top1_rescue	3Z	fig4_q30_SE_itsxpress_unite_blast_top1_rescue_3Z	Zymo	3	mock_only	UNITE	No_BLAST	ITSxpress	SE	Candida_africana	0
fig4_q30_SE_itsxpress_unite_blast_top1_rescue	3Z	fig4_q30_SE_itsxpress_unite_blast_top1_rescue_3Z	Zymo	3	mock_only	UNITE	No_BLAST	ITSxpress	SE	Candida_albicans	0.3021426503233279
fig4_q30_SE_itsxpress_unite_blast_top1_rescue	3Z	fig4_q30_SE_itsxpress_unite_blast_top1_rescue_3Z	Zymo	3	mock_only	UNITE	No_BLAST	ITSxpress	SE	Candida_g	0
fig4_q30_SE_itsxpress_unite_blast_top1_rescue	3Z	fig4_q30_SE_itsxpress_unite_blast_top1_rescue_3Z	Zymo	3	mock_only	UNITE	No_BLAST	ITSxpress	SE	Candida_tropicalis	0
fig4_q30_SE_itsxpress_unite_blast_top1_rescue	3Z	fig4_q30_SE_itsxpress_unite_blast_top1_rescue_3Z	Zymo	3	mock_only	UNITE	No_BLAST	ITSxpress	SE	Nakaseomyces_glabratus	0.10166328861435511
fig4_q30_SE_itsxpress_unite_blast_top1_rescue	3Z	fig4_q30_SE_itsxpress_unite_blast_top1_rescue_3Z	Zymo	3	mock_only	UNITE	No_BLAST	ITSxpress	SE	Malassezia_g	0
fig4_q30_SE_itsxpress_unite_blast_top1_rescue	3Z	fig4_q30_SE_itsxpress_unite_blast_top1_rescue_3Z	Zymo	3	mock_only	UNITE	No_BLAST	ITSxpress	SE	Malassezia_globosa	4.825789016504198e-5
fig4_q30_SE_itsxpress_unite_blast_top1_rescue	3Z	fig4_q30_SE_itsxpress_unite_blast_top1_rescue_3Z	Zymo	3	mock_only	UNITE	No_BLAST	ITSxpress	SE	Saccharomyces_arboricola	0
fig4_q30_SE_itsxpress_unite_blast_top1_rescue	3Z	fig4_q30_SE_itsxpress_unite_blast_top1_rescue_3Z	Zymo	3	mock_only	UNITE	No_BLAST	ITSxpress	SE	Saccharomyces_cerevisiae	0.05441077116108484
fig4_q30_SE_itsxpress_unite_blast_top1_rescue	3Z	fig4_q30_SE_itsxpress_unite_blast_top1_rescue_3Z	Zymo	3	mock_only	UNITE	No_BLAST	ITSxpress	SE	Saccharomyces_g	0
fig4_q30_SE_itsxpress_unite_blast_top1_rescue	3Z	fig4_q30_SE_itsxpress_unite_blast_top1_rescue_3Z	Zymo	3	mock_only	UNITE	No_BLAST	ITSxpress	SE	Saccharomyces_uvarum	0
fig4_q30_SE_itsxpress_unite_blast_top1_rescue	3Z	fig4_q30_SE_itsxpress_unite_blast_top1_rescue_3Z	Zymo	3	mock_only	UNITE	No_BLAST	ITSxpress	SE	Cutaneotrichosporon_dermatis	0
fig4_q30_SE_itsxpress_unite_blast_top1_rescue	3Z	fig4_q30_SE_itsxpress_unite_blast_top1_rescue_3Z	Zymo	3	mock_only	UNITE	No_BLAST	ITSxpress	SE	Cutaneotrichosporon_g	0
fig4_q30_SE_itsxpress_unite_blast_top1_rescue	3Z	fig4_q30_SE_itsxpress_unite_blast_top1_rescue_3Z	Zymo	3	mock_only	UNITE	No_BLAST	ITSxpress	SE	Cutaneotrichosporon_mucoides	0.22139111411382428
fig4_q30_SE_itsxpress_unite_blast_top1_rescue	3Z	fig4_q30_SE_itsxpress_unite_blast_top1_rescue_3Z	Zymo	3	mock_only	UNITE	No_BLAST	ITSxpress	SE	Other	0.1360550783386417
fig4_q30_SE_itsxpress_unite_blast_top1_rescue	3Z	fig4_q30_SE_itsxpress_unite_blast_top1_rescue_3Z	Zymo	3	mock_only	UNITE+RefSeq BLAST	RefSeq_BLAST	ITSxpress	SE	Aspergillus_fumigatus	0.02913167969629701
fig4_q30_SE_itsxpress_unite_blast_top1_rescue	3Z	fig4_q30_SE_itsxpress_unite_blast_top1_rescue_3Z	Zymo	3	mock_only	UNITE+RefSeq BLAST	RefSeq_BLAST	ITSxpress	SE	Aspergillus_g	0
fig4_q30_SE_itsxpress_unite_blast_top1_rescue	3Z	fig4_q30_SE_itsxpress_unite_blast_top1_rescue_3Z	Zymo	3	mock_only	UNITE+RefSeq BLAST	RefSeq_BLAST	ITSxpress	SE	Cryptococcus_gattii	0
fig4_q30_SE_itsxpress_unite_blast_top1_rescue	3Z	fig4_q30_SE_itsxpress_unite_blast_top1_rescue_3Z	Zymo	3	mock_only	UNITE+RefSeq BLAST	RefSeq_BLAST	ITSxpress	SE	Cryptococcus_neoformans	0.1513850014477367
fig4_q30_SE_itsxpress_unite_blast_top1_rescue	3Z	fig4_q30_SE_itsxpress_unite_blast_top1_rescue_3Z	Zymo	3	mock_only	UNITE+RefSeq BLAST	RefSeq_BLAST	ITSxpress	SE	Trichophyton_interdigitale	0
fig4_q30_SE_itsxpress_unite_blast_top1_rescue	3Z	fig4_q30_SE_itsxpress_unite_blast_top1_rescue_3Z	Zymo	3	mock_only	UNITE+RefSeq BLAST	RefSeq_BLAST	ITSxpress	SE	Trichophyton_mentagrophytes	0.003957146993533443
fig4_q30_SE_itsxpress_unite_blast_top1_rescue	3Z	fig4_q30_SE_itsxpress_unite_blast_top1_rescue_3Z	Zymo	3	mock_only	UNITE+RefSeq BLAST	RefSeq_BLAST	ITSxpress	SE	Penicillium_chrysogenum	0.13393977415307404
fig4_q30_SE_itsxpress_unite_blast_top1_rescue	3Z	fig4_q30_SE_itsxpress_unite_blast_top1_rescue_3Z	Zymo	3	mock_only	UNITE+RefSeq BLAST	RefSeq_BLAST	ITSxpress	SE	Penicillium_flavigenum	0
fig4_q30_SE_itsxpress_unite_blast_top1_rescue	3Z	fig4_q30_SE_itsxpress_unite_blast_top1_rescue_3Z	Zymo	3	mock_only	UNITE+RefSeq BLAST	RefSeq_BLAST	ITSxpress	SE	Penicillium_g	0
fig4_q30_SE_itsxpress_unite_blast_top1_rescue	3Z	fig4_q30_SE_itsxpress_unite_blast_top1_rescue_3Z	Zymo	3	mock_only	UNITE+RefSeq BLAST	RefSeq_BLAST	ITSxpress	SE	Fusarium_g	0
fig4_q30_SE_itsxpress_unite_blast_top1_rescue	3Z	fig4_q30_SE_itsxpress_unite_blast_top1_rescue_3Z	Zymo	3	mock_only	UNITE+RefSeq BLAST	RefSeq_BLAST	ITSxpress	SE	Fusarium_keratoplasticum	0.0016407682656114275
fig4_q30_SE_itsxpress_unite_blast_top1_rescue	3Z	fig4_q30_SE_itsxpress_unite_blast_top1_rescue_3Z	Zymo	3	mock_only	UNITE+RefSeq BLAST	RefSeq_BLAST	ITSxpress	SE	Candida_africana	0
fig4_q30_SE_itsxpress_unite_blast_top1_rescue	3Z	fig4_q30_SE_itsxpress_unite_blast_top1_rescue_3Z	Zymo	3	mock_only	UNITE+RefSeq BLAST	RefSeq_BLAST	ITSxpress	SE	Candida_albicans	0.30224720908535213
fig4_q30_SE_itsxpress_unite_blast_top1_rescue	3Z	fig4_q30_SE_itsxpress_unite_blast_top1_rescue_3Z	Zymo	3	mock_only	UNITE+RefSeq BLAST	RefSeq_BLAST	ITSxpress	SE	Candida_g	0
fig4_q30_SE_itsxpress_unite_blast_top1_rescue	3Z	fig4_q30_SE_itsxpress_unite_blast_top1_rescue_3Z	Zymo	3	mock_only	UNITE+RefSeq BLAST	RefSeq_BLAST	ITSxpress	SE	Candida_tropicalis	0
fig4_q30_SE_itsxpress_unite_blast_top1_rescue	3Z	fig4_q30_SE_itsxpress_unite_blast_top1_rescue_3Z	Zymo	3	mock_only	UNITE+RefSeq BLAST	RefSeq_BLAST	ITSxpress	SE	Nakaseomyces_glabratus	0.10166328861435511
fig4_q30_SE_itsxpress_unite_blast_top1_rescue	3Z	fig4_q30_SE_itsxpress_unite_blast_top1_rescue_3Z	Zymo	3	mock_only	UNITE+RefSeq BLAST	RefSeq_BLAST	ITSxpress	SE	Malassezia_g	0
fig4_q30_SE_itsxpress_unite_blast_top1_rescue	3Z	fig4_q30_SE_itsxpress_unite_blast_top1_rescue_3Z	Zymo	3	mock_only	UNITE+RefSeq BLAST	RefSeq_BLAST	ITSxpress	SE	Malassezia_globosa	4.825789016504198e-5
fig4_q30_SE_itsxpress_unite_blast_top1_rescue	3Z	fig4_q30_SE_itsxpress_unite_blast_top1_rescue_3Z	Zymo	3	mock_only	UNITE+RefSeq BLAST	RefSeq_BLAST	ITSxpress	SE	Saccharomyces_arboricola	0
fig4_q30_SE_itsxpress_unite_blast_top1_rescue	3Z	fig4_q30_SE_itsxpress_unite_blast_top1_rescue_3Z	Zymo	3	mock_only	UNITE+RefSeq BLAST	RefSeq_BLAST	ITSxpress	SE	Saccharomyces_cerevisiae	0.05444294308786153
fig4_q30_SE_itsxpress_unite_blast_top1_rescue	3Z	fig4_q30_SE_itsxpress_unite_blast_top1_rescue_3Z	Zymo	3	mock_only	UNITE+RefSeq BLAST	RefSeq_BLAST	ITSxpress	SE	Saccharomyces_g	0
fig4_q30_SE_itsxpress_unite_blast_top1_rescue	3Z	fig4_q30_SE_itsxpress_unite_blast_top1_rescue_3Z	Zymo	3	mock_only	UNITE+RefSeq BLAST	RefSeq_BLAST	ITSxpress	SE	Saccharomyces_uvarum	0
fig4_q30_SE_itsxpress_unite_blast_top1_rescue	3Z	fig4_q30_SE_itsxpress_unite_blast_top1_rescue_3Z	Zymo	3	mock_only	UNITE+RefSeq BLAST	RefSeq_BLAST	ITSxpress	SE	Cutaneotrichosporon_dermatis	1.5281665218929962e-4
fig4_q30_SE_itsxpress_unite_blast_top1_rescue	3Z	fig4_q30_SE_itsxpress_unite_blast_top1_rescue_3Z	Zymo	3	mock_only	UNITE+RefSeq BLAST	RefSeq_BLAST	ITSxpress	SE	Cutaneotrichosporon_g	0
fig4_q30_SE_itsxpress_unite_blast_top1_rescue	3Z	fig4_q30_SE_itsxpress_unite_blast_top1_rescue_3Z	Zymo	3	mock_only	UNITE+RefSeq BLAST	RefSeq_BLAST	ITSxpress	SE	Cutaneotrichosporon_mucoides	0.22139111411382428
fig4_q30_SE_itsxpress_unite_blast_top1_rescue	3Z	fig4_q30_SE_itsxpress_unite_blast_top1_rescue_3Z	Zymo	3	mock_only	UNITE+RefSeq BLAST	RefSeq_BLAST	ITSxpress	SE	Other	0
fig4_q30_SE_itsxpress_unite_blast_top1_rescue	4D	fig4_q30_SE_itsxpress_unite_blast_top1_rescue_4D	DNeasy	4	mock_only	Mock type-strain BLAST	Mock_type_reference_BLAST	ITSxpress	SE	Aspergillus_fumigatus	0.03086132611430968
fig4_q30_SE_itsxpress_unite_blast_top1_rescue	4D	fig4_q30_SE_itsxpress_unite_blast_top1_rescue_4D	DNeasy	4	mock_only	Mock type-strain BLAST	Mock_type_reference_BLAST	ITSxpress	SE	Aspergillus_g	0
fig4_q30_SE_itsxpress_unite_blast_top1_rescue	4D	fig4_q30_SE_itsxpress_unite_blast_top1_rescue_4D	DNeasy	4	mock_only	Mock type-strain BLAST	Mock_type_reference_BLAST	ITSxpress	SE	Cryptococcus_gattii	0
fig4_q30_SE_itsxpress_unite_blast_top1_rescue	4D	fig4_q30_SE_itsxpress_unite_blast_top1_rescue_4D	DNeasy	4	mock_only	Mock type-strain BLAST	Mock_type_reference_BLAST	ITSxpress	SE	Cryptococcus_neoformans	0.1471079421969726
fig4_q30_SE_itsxpress_unite_blast_top1_rescue	4D	fig4_q30_SE_itsxpress_unite_blast_top1_rescue_4D	DNeasy	4	mock_only	Mock type-strain BLAST	Mock_type_reference_BLAST	ITSxpress	SE	Trichophyton_interdigitale	0.005055858466465855
fig4_q30_SE_itsxpress_unite_blast_top1_rescue	4D	fig4_q30_SE_itsxpress_unite_blast_top1_rescue_4D	DNeasy	4	mock_only	Mock type-strain BLAST	Mock_type_reference_BLAST	ITSxpress	SE	Trichophyton_mentagrophytes	0
fig4_q30_SE_itsxpress_unite_blast_top1_rescue	4D	fig4_q30_SE_itsxpress_unite_blast_top1_rescue_4D	DNeasy	4	mock_only	Mock type-strain BLAST	Mock_type_reference_BLAST	ITSxpress	SE	Penicillium_chrysogenum	0.12332329278987303
fig4_q30_SE_itsxpress_unite_blast_top1_rescue	4D	fig4_q30_SE_itsxpress_unite_blast_top1_rescue_4D	DNeasy	4	mock_only	Mock type-strain BLAST	Mock_type_reference_BLAST	ITSxpress	SE	Penicillium_flavigenum	0
fig4_q30_SE_itsxpress_unite_blast_top1_rescue	4D	fig4_q30_SE_itsxpress_unite_blast_top1_rescue_4D	DNeasy	4	mock_only	Mock type-strain BLAST	Mock_type_reference_BLAST	ITSxpress	SE	Penicillium_g	0
fig4_q30_SE_itsxpress_unite_blast_top1_rescue	4D	fig4_q30_SE_itsxpress_unite_blast_top1_rescue_4D	DNeasy	4	mock_only	Mock type-strain BLAST	Mock_type_reference_BLAST	ITSxpress	SE	Fusarium_g	0
fig4_q30_SE_itsxpress_unite_blast_top1_rescue	4D	fig4_q30_SE_itsxpress_unite_blast_top1_rescue_4D	DNeasy	4	mock_only	Mock type-strain BLAST	Mock_type_reference_BLAST	ITSxpress	SE	Fusarium_keratoplasticum	0.001990315323902848
fig4_q30_SE_itsxpress_unite_blast_top1_rescue	4D	fig4_q30_SE_itsxpress_unite_blast_top1_rescue_4D	DNeasy	4	mock_only	Mock type-strain BLAST	Mock_type_reference_BLAST	ITSxpress	SE	Candida_africana	0
fig4_q30_SE_itsxpress_unite_blast_top1_rescue	4D	fig4_q30_SE_itsxpress_unite_blast_top1_rescue_4D	DNeasy	4	mock_only	Mock type-strain BLAST	Mock_type_reference_BLAST	ITSxpress	SE	Candida_albicans	0.29945476036145957
fig4_q30_SE_itsxpress_unite_blast_top1_rescue	4D	fig4_q30_SE_itsxpress_unite_blast_top1_rescue_4D	DNeasy	4	mock_only	Mock type-strain BLAST	Mock_type_reference_BLAST	ITSxpress	SE	Candida_g	0
fig4_q30_SE_itsxpress_unite_blast_top1_rescue	4D	fig4_q30_SE_itsxpress_unite_blast_top1_rescue_4D	DNeasy	4	mock_only	Mock type-strain BLAST	Mock_type_reference_BLAST	ITSxpress	SE	Candida_tropicalis	0
fig4_q30_SE_itsxpress_unite_blast_top1_rescue	4D	fig4_q30_SE_itsxpress_unite_blast_top1_rescue_4D	DNeasy	4	mock_only	Mock type-strain BLAST	Mock_type_reference_BLAST	ITSxpress	SE	Nakaseomyces_glabratus	0.1150417508674267
fig4_q30_SE_itsxpress_unite_blast_top1_rescue	4D	fig4_q30_SE_itsxpress_unite_blast_top1_rescue_4D	DNeasy	4	mock_only	Mock type-strain BLAST	Mock_type_reference_BLAST	ITSxpress	SE	Malassezia_g	0
fig4_q30_SE_itsxpress_unite_blast_top1_rescue	4D	fig4_q30_SE_itsxpress_unite_blast_top1_rescue_4D	DNeasy	4	mock_only	Mock type-strain BLAST	Mock_type_reference_BLAST	ITSxpress	SE	Malassezia_globosa	1.5251458420711481e-5
fig4_q30_SE_itsxpress_unite_blast_top1_rescue	4D	fig4_q30_SE_itsxpress_unite_blast_top1_rescue_4D	DNeasy	4	mock_only	Mock type-strain BLAST	Mock_type_reference_BLAST	ITSxpress	SE	Saccharomyces_arboricola	0
fig4_q30_SE_itsxpress_unite_blast_top1_rescue	4D	fig4_q30_SE_itsxpress_unite_blast_top1_rescue_4D	DNeasy	4	mock_only	Mock type-strain BLAST	Mock_type_reference_BLAST	ITSxpress	SE	Saccharomyces_cerevisiae	0.06298089754832806
fig4_q30_SE_itsxpress_unite_blast_top1_rescue	4D	fig4_q30_SE_itsxpress_unite_blast_top1_rescue_4D	DNeasy	4	mock_only	Mock type-strain BLAST	Mock_type_reference_BLAST	ITSxpress	SE	Saccharomyces_g	0
fig4_q30_SE_itsxpress_unite_blast_top1_rescue	4D	fig4_q30_SE_itsxpress_unite_blast_top1_rescue_4D	DNeasy	4	mock_only	Mock type-strain BLAST	Mock_type_reference_BLAST	ITSxpress	SE	Saccharomyces_uvarum	0
fig4_q30_SE_itsxpress_unite_blast_top1_rescue	4D	fig4_q30_SE_itsxpress_unite_blast_top1_rescue_4D	DNeasy	4	mock_only	Mock type-strain BLAST	Mock_type_reference_BLAST	ITSxpress	SE	Cutaneotrichosporon_dermatis	0.21416860487284098
fig4_q30_SE_itsxpress_unite_blast_top1_rescue	4D	fig4_q30_SE_itsxpress_unite_blast_top1_rescue_4D	DNeasy	4	mock_only	Mock type-strain BLAST	Mock_type_reference_BLAST	ITSxpress	SE	Cutaneotrichosporon_g	0
fig4_q30_SE_itsxpress_unite_blast_top1_rescue	4D	fig4_q30_SE_itsxpress_unite_blast_top1_rescue_4D	DNeasy	4	mock_only	Mock type-strain BLAST	Mock_type_reference_BLAST	ITSxpress	SE	Cutaneotrichosporon_mucoides	0
fig4_q30_SE_itsxpress_unite_blast_top1_rescue	4D	fig4_q30_SE_itsxpress_unite_blast_top1_rescue_4D	DNeasy	4	mock_only	Mock type-strain BLAST	Mock_type_reference_BLAST	ITSxpress	SE	Other	0
fig4_q30_SE_itsxpress_unite_blast_top1_rescue	4D	fig4_q30_SE_itsxpress_unite_blast_top1_rescue_4D	DNeasy	4	mock_only	UNITE	No_BLAST	ITSxpress	SE	Aspergillus_fumigatus	0.03086132611430968
fig4_q30_SE_itsxpress_unite_blast_top1_rescue	4D	fig4_q30_SE_itsxpress_unite_blast_top1_rescue_4D	DNeasy	4	mock_only	UNITE	No_BLAST	ITSxpress	SE	Aspergillus_g	0
fig4_q30_SE_itsxpress_unite_blast_top1_rescue	4D	fig4_q30_SE_itsxpress_unite_blast_top1_rescue_4D	DNeasy	4	mock_only	UNITE	No_BLAST	ITSxpress	SE	Cryptococcus_gattii	0
fig4_q30_SE_itsxpress_unite_blast_top1_rescue	4D	fig4_q30_SE_itsxpress_unite_blast_top1_rescue_4D	DNeasy	4	mock_only	UNITE	No_BLAST	ITSxpress	SE	Cryptococcus_neoformans	0.14696305334197582
fig4_q30_SE_itsxpress_unite_blast_top1_rescue	4D	fig4_q30_SE_itsxpress_unite_blast_top1_rescue_4D	DNeasy	4	mock_only	UNITE	No_BLAST	ITSxpress	SE	Trichophyton_interdigitale	0
fig4_q30_SE_itsxpress_unite_blast_top1_rescue	4D	fig4_q30_SE_itsxpress_unite_blast_top1_rescue_4D	DNeasy	4	mock_only	UNITE	No_BLAST	ITSxpress	SE	Trichophyton_mentagrophytes	0.005055858466465855
fig4_q30_SE_itsxpress_unite_blast_top1_rescue	4D	fig4_q30_SE_itsxpress_unite_blast_top1_rescue_4D	DNeasy	4	mock_only	UNITE	No_BLAST	ITSxpress	SE	Penicillium_chrysogenum	0
fig4_q30_SE_itsxpress_unite_blast_top1_rescue	4D	fig4_q30_SE_itsxpress_unite_blast_top1_rescue_4D	DNeasy	4	mock_only	UNITE	No_BLAST	ITSxpress	SE	Penicillium_flavigenum	0
fig4_q30_SE_itsxpress_unite_blast_top1_rescue	4D	fig4_q30_SE_itsxpress_unite_blast_top1_rescue_4D	DNeasy	4	mock_only	UNITE	No_BLAST	ITSxpress	SE	Penicillium_g	0
fig4_q30_SE_itsxpress_unite_blast_top1_rescue	4D	fig4_q30_SE_itsxpress_unite_blast_top1_rescue_4D	DNeasy	4	mock_only	UNITE	No_BLAST	ITSxpress	SE	Fusarium_g	0
fig4_q30_SE_itsxpress_unite_blast_top1_rescue	4D	fig4_q30_SE_itsxpress_unite_blast_top1_rescue_4D	DNeasy	4	mock_only	UNITE	No_BLAST	ITSxpress	SE	Fusarium_keratoplasticum	0
fig4_q30_SE_itsxpress_unite_blast_top1_rescue	4D	fig4_q30_SE_itsxpress_unite_blast_top1_rescue_4D	DNeasy	4	mock_only	UNITE	No_BLAST	ITSxpress	SE	Candida_africana	0
fig4_q30_SE_itsxpress_unite_blast_top1_rescue	4D	fig4_q30_SE_itsxpress_unite_blast_top1_rescue_4D	DNeasy	4	mock_only	UNITE	No_BLAST	ITSxpress	SE	Candida_albicans	0.29923361421435923
fig4_q30_SE_itsxpress_unite_blast_top1_rescue	4D	fig4_q30_SE_itsxpress_unite_blast_top1_rescue_4D	DNeasy	4	mock_only	UNITE	No_BLAST	ITSxpress	SE	Candida_g	0
fig4_q30_SE_itsxpress_unite_blast_top1_rescue	4D	fig4_q30_SE_itsxpress_unite_blast_top1_rescue_4D	DNeasy	4	mock_only	UNITE	No_BLAST	ITSxpress	SE	Candida_tropicalis	0
fig4_q30_SE_itsxpress_unite_blast_top1_rescue	4D	fig4_q30_SE_itsxpress_unite_blast_top1_rescue_4D	DNeasy	4	mock_only	UNITE	No_BLAST	ITSxpress	SE	Nakaseomyces_glabratus	0.11498074503374385
fig4_q30_SE_itsxpress_unite_blast_top1_rescue	4D	fig4_q30_SE_itsxpress_unite_blast_top1_rescue_4D	DNeasy	4	mock_only	UNITE	No_BLAST	ITSxpress	SE	Malassezia_g	0
fig4_q30_SE_itsxpress_unite_blast_top1_rescue	4D	fig4_q30_SE_itsxpress_unite_blast_top1_rescue_4D	DNeasy	4	mock_only	UNITE	No_BLAST	ITSxpress	SE	Malassezia_globosa	1.5251458420711481e-5
fig4_q30_SE_itsxpress_unite_blast_top1_rescue	4D	fig4_q30_SE_itsxpress_unite_blast_top1_rescue_4D	DNeasy	4	mock_only	UNITE	No_BLAST	ITSxpress	SE	Saccharomyces_arboricola	0
fig4_q30_SE_itsxpress_unite_blast_top1_rescue	4D	fig4_q30_SE_itsxpress_unite_blast_top1_rescue_4D	DNeasy	4	mock_only	UNITE	No_BLAST	ITSxpress	SE	Saccharomyces_cerevisiae	0.06295039463148663
fig4_q30_SE_itsxpress_unite_blast_top1_rescue	4D	fig4_q30_SE_itsxpress_unite_blast_top1_rescue_4D	DNeasy	4	mock_only	UNITE	No_BLAST	ITSxpress	SE	Saccharomyces_g	0
fig4_q30_SE_itsxpress_unite_blast_top1_rescue	4D	fig4_q30_SE_itsxpress_unite_blast_top1_rescue_4D	DNeasy	4	mock_only	UNITE	No_BLAST	ITSxpress	SE	Saccharomyces_uvarum	0
fig4_q30_SE_itsxpress_unite_blast_top1_rescue	4D	fig4_q30_SE_itsxpress_unite_blast_top1_rescue_4D	DNeasy	4	mock_only	UNITE	No_BLAST	ITSxpress	SE	Cutaneotrichosporon_dermatis	0
fig4_q30_SE_itsxpress_unite_blast_top1_rescue	4D	fig4_q30_SE_itsxpress_unite_blast_top1_rescue_4D	DNeasy	4	mock_only	UNITE	No_BLAST	ITSxpress	SE	Cutaneotrichosporon_g	0
fig4_q30_SE_itsxpress_unite_blast_top1_rescue	4D	fig4_q30_SE_itsxpress_unite_blast_top1_rescue_4D	DNeasy	4	mock_only	UNITE	No_BLAST	ITSxpress	SE	Cutaneotrichosporon_mucoides	0.2140237160178442
fig4_q30_SE_itsxpress_unite_blast_top1_rescue	4D	fig4_q30_SE_itsxpress_unite_blast_top1_rescue_4D	DNeasy	4	mock_only	UNITE	No_BLAST	ITSxpress	SE	Other	0.12591604072139398
fig4_q30_SE_itsxpress_unite_blast_top1_rescue	4D	fig4_q30_SE_itsxpress_unite_blast_top1_rescue_4D	DNeasy	4	mock_only	UNITE+RefSeq BLAST	RefSeq_BLAST	ITSxpress	SE	Aspergillus_fumigatus	0.03086132611430968
fig4_q30_SE_itsxpress_unite_blast_top1_rescue	4D	fig4_q30_SE_itsxpress_unite_blast_top1_rescue_4D	DNeasy	4	mock_only	UNITE+RefSeq BLAST	RefSeq_BLAST	ITSxpress	SE	Aspergillus_g	0
fig4_q30_SE_itsxpress_unite_blast_top1_rescue	4D	fig4_q30_SE_itsxpress_unite_blast_top1_rescue_4D	DNeasy	4	mock_only	UNITE+RefSeq BLAST	RefSeq_BLAST	ITSxpress	SE	Cryptococcus_gattii	0
fig4_q30_SE_itsxpress_unite_blast_top1_rescue	4D	fig4_q30_SE_itsxpress_unite_blast_top1_rescue_4D	DNeasy	4	mock_only	UNITE+RefSeq BLAST	RefSeq_BLAST	ITSxpress	SE	Cryptococcus_neoformans	0.1471079421969726
fig4_q30_SE_itsxpress_unite_blast_top1_rescue	4D	fig4_q30_SE_itsxpress_unite_blast_top1_rescue_4D	DNeasy	4	mock_only	UNITE+RefSeq BLAST	RefSeq_BLAST	ITSxpress	SE	Trichophyton_interdigitale	0
fig4_q30_SE_itsxpress_unite_blast_top1_rescue	4D	fig4_q30_SE_itsxpress_unite_blast_top1_rescue_4D	DNeasy	4	mock_only	UNITE+RefSeq BLAST	RefSeq_BLAST	ITSxpress	SE	Trichophyton_mentagrophytes	0.005055858466465855
fig4_q30_SE_itsxpress_unite_blast_top1_rescue	4D	fig4_q30_SE_itsxpress_unite_blast_top1_rescue_4D	DNeasy	4	mock_only	UNITE+RefSeq BLAST	RefSeq_BLAST	ITSxpress	SE	Penicillium_chrysogenum	0.12332329278987303
fig4_q30_SE_itsxpress_unite_blast_top1_rescue	4D	fig4_q30_SE_itsxpress_unite_blast_top1_rescue_4D	DNeasy	4	mock_only	UNITE+RefSeq BLAST	RefSeq_BLAST	ITSxpress	SE	Penicillium_flavigenum	0
fig4_q30_SE_itsxpress_unite_blast_top1_rescue	4D	fig4_q30_SE_itsxpress_unite_blast_top1_rescue_4D	DNeasy	4	mock_only	UNITE+RefSeq BLAST	RefSeq_BLAST	ITSxpress	SE	Penicillium_g	0
fig4_q30_SE_itsxpress_unite_blast_top1_rescue	4D	fig4_q30_SE_itsxpress_unite_blast_top1_rescue_4D	DNeasy	4	mock_only	UNITE+RefSeq BLAST	RefSeq_BLAST	ITSxpress	SE	Fusarium_g	0
fig4_q30_SE_itsxpress_unite_blast_top1_rescue	4D	fig4_q30_SE_itsxpress_unite_blast_top1_rescue_4D	DNeasy	4	mock_only	UNITE+RefSeq BLAST	RefSeq_BLAST	ITSxpress	SE	Fusarium_keratoplasticum	0.001990315323902848
fig4_q30_SE_itsxpress_unite_blast_top1_rescue	4D	fig4_q30_SE_itsxpress_unite_blast_top1_rescue_4D	DNeasy	4	mock_only	UNITE+RefSeq BLAST	RefSeq_BLAST	ITSxpress	SE	Candida_africana	0
fig4_q30_SE_itsxpress_unite_blast_top1_rescue	4D	fig4_q30_SE_itsxpress_unite_blast_top1_rescue_4D	DNeasy	4	mock_only	UNITE+RefSeq BLAST	RefSeq_BLAST	ITSxpress	SE	Candida_albicans	0.29945476036145957
fig4_q30_SE_itsxpress_unite_blast_top1_rescue	4D	fig4_q30_SE_itsxpress_unite_blast_top1_rescue_4D	DNeasy	4	mock_only	UNITE+RefSeq BLAST	RefSeq_BLAST	ITSxpress	SE	Candida_g	0
fig4_q30_SE_itsxpress_unite_blast_top1_rescue	4D	fig4_q30_SE_itsxpress_unite_blast_top1_rescue_4D	DNeasy	4	mock_only	UNITE+RefSeq BLAST	RefSeq_BLAST	ITSxpress	SE	Candida_tropicalis	0
fig4_q30_SE_itsxpress_unite_blast_top1_rescue	4D	fig4_q30_SE_itsxpress_unite_blast_top1_rescue_4D	DNeasy	4	mock_only	UNITE+RefSeq BLAST	RefSeq_BLAST	ITSxpress	SE	Nakaseomyces_glabratus	0.1150417508674267
fig4_q30_SE_itsxpress_unite_blast_top1_rescue	4D	fig4_q30_SE_itsxpress_unite_blast_top1_rescue_4D	DNeasy	4	mock_only	UNITE+RefSeq BLAST	RefSeq_BLAST	ITSxpress	SE	Malassezia_g	0
fig4_q30_SE_itsxpress_unite_blast_top1_rescue	4D	fig4_q30_SE_itsxpress_unite_blast_top1_rescue_4D	DNeasy	4	mock_only	UNITE+RefSeq BLAST	RefSeq_BLAST	ITSxpress	SE	Malassezia_globosa	1.5251458420711481e-5
fig4_q30_SE_itsxpress_unite_blast_top1_rescue	4D	fig4_q30_SE_itsxpress_unite_blast_top1_rescue_4D	DNeasy	4	mock_only	UNITE+RefSeq BLAST	RefSeq_BLAST	ITSxpress	SE	Saccharomyces_arboricola	0
fig4_q30_SE_itsxpress_unite_blast_top1_rescue	4D	fig4_q30_SE_itsxpress_unite_blast_top1_rescue_4D	DNeasy	4	mock_only	UNITE+RefSeq BLAST	RefSeq_BLAST	ITSxpress	SE	Saccharomyces_cerevisiae	0.06298089754832806
fig4_q30_SE_itsxpress_unite_blast_top1_rescue	4D	fig4_q30_SE_itsxpress_unite_blast_top1_rescue_4D	DNeasy	4	mock_only	UNITE+RefSeq BLAST	RefSeq_BLAST	ITSxpress	SE	Saccharomyces_g	0
fig4_q30_SE_itsxpress_unite_blast_top1_rescue	4D	fig4_q30_SE_itsxpress_unite_blast_top1_rescue_4D	DNeasy	4	mock_only	UNITE+RefSeq BLAST	RefSeq_BLAST	ITSxpress	SE	Saccharomyces_uvarum	0
fig4_q30_SE_itsxpress_unite_blast_top1_rescue	4D	fig4_q30_SE_itsxpress_unite_blast_top1_rescue_4D	DNeasy	4	mock_only	UNITE+RefSeq BLAST	RefSeq_BLAST	ITSxpress	SE	Cutaneotrichosporon_dermatis	1.4488885499675907e-4
fig4_q30_SE_itsxpress_unite_blast_top1_rescue	4D	fig4_q30_SE_itsxpress_unite_blast_top1_rescue_4D	DNeasy	4	mock_only	UNITE+RefSeq BLAST	RefSeq_BLAST	ITSxpress	SE	Cutaneotrichosporon_g	0
fig4_q30_SE_itsxpress_unite_blast_top1_rescue	4D	fig4_q30_SE_itsxpress_unite_blast_top1_rescue_4D	DNeasy	4	mock_only	UNITE+RefSeq BLAST	RefSeq_BLAST	ITSxpress	SE	Cutaneotrichosporon_mucoides	0.2140237160178442
fig4_q30_SE_itsxpress_unite_blast_top1_rescue	4D	fig4_q30_SE_itsxpress_unite_blast_top1_rescue_4D	DNeasy	4	mock_only	UNITE+RefSeq BLAST	RefSeq_BLAST	ITSxpress	SE	Other	0
fig4_q30_SE_itsxpress_unite_blast_top1_rescue	4Q	fig4_q30_SE_itsxpress_unite_blast_top1_rescue_4Q	QIAamp	4	mock_only	Mock type-strain BLAST	Mock_type_reference_BLAST	ITSxpress	SE	Aspergillus_fumigatus	0.035353586824699614
fig4_q30_SE_itsxpress_unite_blast_top1_rescue	4Q	fig4_q30_SE_itsxpress_unite_blast_top1_rescue_4Q	QIAamp	4	mock_only	Mock type-strain BLAST	Mock_type_reference_BLAST	ITSxpress	SE	Aspergillus_g	0
fig4_q30_SE_itsxpress_unite_blast_top1_rescue	4Q	fig4_q30_SE_itsxpress_unite_blast_top1_rescue_4Q	QIAamp	4	mock_only	Mock type-strain BLAST	Mock_type_reference_BLAST	ITSxpress	SE	Cryptococcus_gattii	0
fig4_q30_SE_itsxpress_unite_blast_top1_rescue	4Q	fig4_q30_SE_itsxpress_unite_blast_top1_rescue_4Q	QIAamp	4	mock_only	Mock type-strain BLAST	Mock_type_reference_BLAST	ITSxpress	SE	Cryptococcus_neoformans	0.14706032224860635
fig4_q30_SE_itsxpress_unite_blast_top1_rescue	4Q	fig4_q30_SE_itsxpress_unite_blast_top1_rescue_4Q	QIAamp	4	mock_only	Mock type-strain BLAST	Mock_type_reference_BLAST	ITSxpress	SE	Trichophyton_interdigitale	0.0065326172253192425
fig4_q30_SE_itsxpress_unite_blast_top1_rescue	4Q	fig4_q30_SE_itsxpress_unite_blast_top1_rescue_4Q	QIAamp	4	mock_only	Mock type-strain BLAST	Mock_type_reference_BLAST	ITSxpress	SE	Trichophyton_mentagrophytes	0
fig4_q30_SE_itsxpress_unite_blast_top1_rescue	4Q	fig4_q30_SE_itsxpress_unite_blast_top1_rescue_4Q	QIAamp	4	mock_only	Mock type-strain BLAST	Mock_type_reference_BLAST	ITSxpress	SE	Penicillium_chrysogenum	0.13384221844012106
fig4_q30_SE_itsxpress_unite_blast_top1_rescue	4Q	fig4_q30_SE_itsxpress_unite_blast_top1_rescue_4Q	QIAamp	4	mock_only	Mock type-strain BLAST	Mock_type_reference_BLAST	ITSxpress	SE	Penicillium_flavigenum	0
fig4_q30_SE_itsxpress_unite_blast_top1_rescue	4Q	fig4_q30_SE_itsxpress_unite_blast_top1_rescue_4Q	QIAamp	4	mock_only	Mock type-strain BLAST	Mock_type_reference_BLAST	ITSxpress	SE	Penicillium_g	0
fig4_q30_SE_itsxpress_unite_blast_top1_rescue	4Q	fig4_q30_SE_itsxpress_unite_blast_top1_rescue_4Q	QIAamp	4	mock_only	Mock type-strain BLAST	Mock_type_reference_BLAST	ITSxpress	SE	Fusarium_g	0
fig4_q30_SE_itsxpress_unite_blast_top1_rescue	4Q	fig4_q30_SE_itsxpress_unite_blast_top1_rescue_4Q	QIAamp	4	mock_only	Mock type-strain BLAST	Mock_type_reference_BLAST	ITSxpress	SE	Fusarium_keratoplasticum	0.0022115100435168107
fig4_q30_SE_itsxpress_unite_blast_top1_rescue	4Q	fig4_q30_SE_itsxpress_unite_blast_top1_rescue_4Q	QIAamp	4	mock_only	Mock type-strain BLAST	Mock_type_reference_BLAST	ITSxpress	SE	Candida_africana	0
fig4_q30_SE_itsxpress_unite_blast_top1_rescue	4Q	fig4_q30_SE_itsxpress_unite_blast_top1_rescue_4Q	QIAamp	4	mock_only	Mock type-strain BLAST	Mock_type_reference_BLAST	ITSxpress	SE	Candida_albicans	0.2805968019730338
fig4_q30_SE_itsxpress_unite_blast_top1_rescue	4Q	fig4_q30_SE_itsxpress_unite_blast_top1_rescue_4Q	QIAamp	4	mock_only	Mock type-strain BLAST	Mock_type_reference_BLAST	ITSxpress	SE	Candida_g	0
fig4_q30_SE_itsxpress_unite_blast_top1_rescue	4Q	fig4_q30_SE_itsxpress_unite_blast_top1_rescue_4Q	QIAamp	4	mock_only	Mock type-strain BLAST	Mock_type_reference_BLAST	ITSxpress	SE	Candida_tropicalis	0
fig4_q30_SE_itsxpress_unite_blast_top1_rescue	4Q	fig4_q30_SE_itsxpress_unite_blast_top1_rescue_4Q	QIAamp	4	mock_only	Mock type-strain BLAST	Mock_type_reference_BLAST	ITSxpress	SE	Nakaseomyces_glabratus	0.11126850993141262
fig4_q30_SE_itsxpress_unite_blast_top1_rescue	4Q	fig4_q30_SE_itsxpress_unite_blast_top1_rescue_4Q	QIAamp	4	mock_only	Mock type-strain BLAST	Mock_type_reference_BLAST	ITSxpress	SE	Malassezia_g	0
fig4_q30_SE_itsxpress_unite_blast_top1_rescue	4Q	fig4_q30_SE_itsxpress_unite_blast_top1_rescue_4Q	QIAamp	4	mock_only	Mock type-strain BLAST	Mock_type_reference_BLAST	ITSxpress	SE	Malassezia_globosa	0
fig4_q30_SE_itsxpress_unite_blast_top1_rescue	4Q	fig4_q30_SE_itsxpress_unite_blast_top1_rescue_4Q	QIAamp	4	mock_only	Mock type-strain BLAST	Mock_type_reference_BLAST	ITSxpress	SE	Saccharomyces_arboricola	0
fig4_q30_SE_itsxpress_unite_blast_top1_rescue	4Q	fig4_q30_SE_itsxpress_unite_blast_top1_rescue_4Q	QIAamp	4	mock_only	Mock type-strain BLAST	Mock_type_reference_BLAST	ITSxpress	SE	Saccharomyces_cerevisiae	0.041998308245773164
fig4_q30_SE_itsxpress_unite_blast_top1_rescue	4Q	fig4_q30_SE_itsxpress_unite_blast_top1_rescue_4Q	QIAamp	4	mock_only	Mock type-strain BLAST	Mock_type_reference_BLAST	ITSxpress	SE	Saccharomyces_g	0
fig4_q30_SE_itsxpress_unite_blast_top1_rescue	4Q	fig4_q30_SE_itsxpress_unite_blast_top1_rescue_4Q	QIAamp	4	mock_only	Mock type-strain BLAST	Mock_type_reference_BLAST	ITSxpress	SE	Saccharomyces_uvarum	0
fig4_q30_SE_itsxpress_unite_blast_top1_rescue	4Q	fig4_q30_SE_itsxpress_unite_blast_top1_rescue_4Q	QIAamp	4	mock_only	Mock type-strain BLAST	Mock_type_reference_BLAST	ITSxpress	SE	Cutaneotrichosporon_dermatis	0.2411361250675173
fig4_q30_SE_itsxpress_unite_blast_top1_rescue	4Q	fig4_q30_SE_itsxpress_unite_blast_top1_rescue_4Q	QIAamp	4	mock_only	Mock type-strain BLAST	Mock_type_reference_BLAST	ITSxpress	SE	Cutaneotrichosporon_g	0
fig4_q30_SE_itsxpress_unite_blast_top1_rescue	4Q	fig4_q30_SE_itsxpress_unite_blast_top1_rescue_4Q	QIAamp	4	mock_only	Mock type-strain BLAST	Mock_type_reference_BLAST	ITSxpress	SE	Cutaneotrichosporon_mucoides	0
fig4_q30_SE_itsxpress_unite_blast_top1_rescue	4Q	fig4_q30_SE_itsxpress_unite_blast_top1_rescue_4Q	QIAamp	4	mock_only	Mock type-strain BLAST	Mock_type_reference_BLAST	ITSxpress	SE	Other	0
fig4_q30_SE_itsxpress_unite_blast_top1_rescue	4Q	fig4_q30_SE_itsxpress_unite_blast_top1_rescue_4Q	QIAamp	4	mock_only	UNITE	No_BLAST	ITSxpress	SE	Aspergillus_fumigatus	0.035353586824699614
fig4_q30_SE_itsxpress_unite_blast_top1_rescue	4Q	fig4_q30_SE_itsxpress_unite_blast_top1_rescue_4Q	QIAamp	4	mock_only	UNITE	No_BLAST	ITSxpress	SE	Aspergillus_g	0
fig4_q30_SE_itsxpress_unite_blast_top1_rescue	4Q	fig4_q30_SE_itsxpress_unite_blast_top1_rescue_4Q	QIAamp	4	mock_only	UNITE	No_BLAST	ITSxpress	SE	Cryptococcus_gattii	0
fig4_q30_SE_itsxpress_unite_blast_top1_rescue	4Q	fig4_q30_SE_itsxpress_unite_blast_top1_rescue_4Q	QIAamp	4	mock_only	UNITE	No_BLAST	ITSxpress	SE	Cryptococcus_neoformans	0.14706032224860635
fig4_q30_SE_itsxpress_unite_blast_top1_rescue	4Q	fig4_q30_SE_itsxpress_unite_blast_top1_rescue_4Q	QIAamp	4	mock_only	UNITE	No_BLAST	ITSxpress	SE	Trichophyton_interdigitale	0
fig4_q30_SE_itsxpress_unite_blast_top1_rescue	4Q	fig4_q30_SE_itsxpress_unite_blast_top1_rescue_4Q	QIAamp	4	mock_only	UNITE	No_BLAST	ITSxpress	SE	Trichophyton_mentagrophytes	0.0065326172253192425
fig4_q30_SE_itsxpress_unite_blast_top1_rescue	4Q	fig4_q30_SE_itsxpress_unite_blast_top1_rescue_4Q	QIAamp	4	mock_only	UNITE	No_BLAST	ITSxpress	SE	Penicillium_chrysogenum	0
fig4_q30_SE_itsxpress_unite_blast_top1_rescue	4Q	fig4_q30_SE_itsxpress_unite_blast_top1_rescue_4Q	QIAamp	4	mock_only	UNITE	No_BLAST	ITSxpress	SE	Penicillium_flavigenum	0
fig4_q30_SE_itsxpress_unite_blast_top1_rescue	4Q	fig4_q30_SE_itsxpress_unite_blast_top1_rescue_4Q	QIAamp	4	mock_only	UNITE	No_BLAST	ITSxpress	SE	Penicillium_g	0
fig4_q30_SE_itsxpress_unite_blast_top1_rescue	4Q	fig4_q30_SE_itsxpress_unite_blast_top1_rescue_4Q	QIAamp	4	mock_only	UNITE	No_BLAST	ITSxpress	SE	Fusarium_g	0
fig4_q30_SE_itsxpress_unite_blast_top1_rescue	4Q	fig4_q30_SE_itsxpress_unite_blast_top1_rescue_4Q	QIAamp	4	mock_only	UNITE	No_BLAST	ITSxpress	SE	Fusarium_keratoplasticum	0
fig4_q30_SE_itsxpress_unite_blast_top1_rescue	4Q	fig4_q30_SE_itsxpress_unite_blast_top1_rescue_4Q	QIAamp	4	mock_only	UNITE	No_BLAST	ITSxpress	SE	Candida_africana	0
fig4_q30_SE_itsxpress_unite_blast_top1_rescue	4Q	fig4_q30_SE_itsxpress_unite_blast_top1_rescue_4Q	QIAamp	4	mock_only	UNITE	No_BLAST	ITSxpress	SE	Candida_albicans	0.2804235500341408
fig4_q30_SE_itsxpress_unite_blast_top1_rescue	4Q	fig4_q30_SE_itsxpress_unite_blast_top1_rescue_4Q	QIAamp	4	mock_only	UNITE	No_BLAST	ITSxpress	SE	Candida_g	0
fig4_q30_SE_itsxpress_unite_blast_top1_rescue	4Q	fig4_q30_SE_itsxpress_unite_blast_top1_rescue_4Q	QIAamp	4	mock_only	UNITE	No_BLAST	ITSxpress	SE	Candida_tropicalis	0
fig4_q30_SE_itsxpress_unite_blast_top1_rescue	4Q	fig4_q30_SE_itsxpress_unite_blast_top1_rescue_4Q	QIAamp	4	mock_only	UNITE	No_BLAST	ITSxpress	SE	Nakaseomyces_glabratus	0.11117678831670455
fig4_q30_SE_itsxpress_unite_blast_top1_rescue	4Q	fig4_q30_SE_itsxpress_unite_blast_top1_rescue_4Q	QIAamp	4	mock_only	UNITE	No_BLAST	ITSxpress	SE	Malassezia_g	0
fig4_q30_SE_itsxpress_unite_blast_top1_rescue	4Q	fig4_q30_SE_itsxpress_unite_blast_top1_rescue_4Q	QIAamp	4	mock_only	UNITE	No_BLAST	ITSxpress	SE	Malassezia_globosa	0
fig4_q30_SE_itsxpress_unite_blast_top1_rescue	4Q	fig4_q30_SE_itsxpress_unite_blast_top1_rescue_4Q	QIAamp	4	mock_only	UNITE	No_BLAST	ITSxpress	SE	Saccharomyces_arboricola	0
fig4_q30_SE_itsxpress_unite_blast_top1_rescue	4Q	fig4_q30_SE_itsxpress_unite_blast_top1_rescue_4Q	QIAamp	4	mock_only	UNITE	No_BLAST	ITSxpress	SE	Saccharomyces_cerevisiae	0.04195754308368069
fig4_q30_SE_itsxpress_unite_blast_top1_rescue	4Q	fig4_q30_SE_itsxpress_unite_blast_top1_rescue_4Q	QIAamp	4	mock_only	UNITE	No_BLAST	ITSxpress	SE	Saccharomyces_g	0
fig4_q30_SE_itsxpress_unite_blast_top1_rescue	4Q	fig4_q30_SE_itsxpress_unite_blast_top1_rescue_4Q	QIAamp	4	mock_only	UNITE	No_BLAST	ITSxpress	SE	Saccharomyces_uvarum	0
fig4_q30_SE_itsxpress_unite_blast_top1_rescue	4Q	fig4_q30_SE_itsxpress_unite_blast_top1_rescue_4Q	QIAamp	4	mock_only	UNITE	No_BLAST	ITSxpress	SE	Cutaneotrichosporon_dermatis	0
fig4_q30_SE_itsxpress_unite_blast_top1_rescue	4Q	fig4_q30_SE_itsxpress_unite_blast_top1_rescue_4Q	QIAamp	4	mock_only	UNITE	No_BLAST	ITSxpress	SE	Cutaneotrichosporon_g	0
fig4_q30_SE_itsxpress_unite_blast_top1_rescue	4Q	fig4_q30_SE_itsxpress_unite_blast_top1_rescue_4Q	QIAamp	4	mock_only	UNITE	No_BLAST	ITSxpress	SE	Cutaneotrichosporon_mucoides	0.241024020871763
fig4_q30_SE_itsxpress_unite_blast_top1_rescue	4Q	fig4_q30_SE_itsxpress_unite_blast_top1_rescue_4Q	QIAamp	4	mock_only	UNITE	No_BLAST	ITSxpress	SE	Other	0.13647157139508576
fig4_q30_SE_itsxpress_unite_blast_top1_rescue	4Q	fig4_q30_SE_itsxpress_unite_blast_top1_rescue_4Q	QIAamp	4	mock_only	UNITE+RefSeq BLAST	RefSeq_BLAST	ITSxpress	SE	Aspergillus_fumigatus	0.035353586824699614
fig4_q30_SE_itsxpress_unite_blast_top1_rescue	4Q	fig4_q30_SE_itsxpress_unite_blast_top1_rescue_4Q	QIAamp	4	mock_only	UNITE+RefSeq BLAST	RefSeq_BLAST	ITSxpress	SE	Aspergillus_g	0
fig4_q30_SE_itsxpress_unite_blast_top1_rescue	4Q	fig4_q30_SE_itsxpress_unite_blast_top1_rescue_4Q	QIAamp	4	mock_only	UNITE+RefSeq BLAST	RefSeq_BLAST	ITSxpress	SE	Cryptococcus_gattii	0
fig4_q30_SE_itsxpress_unite_blast_top1_rescue	4Q	fig4_q30_SE_itsxpress_unite_blast_top1_rescue_4Q	QIAamp	4	mock_only	UNITE+RefSeq BLAST	RefSeq_BLAST	ITSxpress	SE	Cryptococcus_neoformans	0.14706032224860635
fig4_q30_SE_itsxpress_unite_blast_top1_rescue	4Q	fig4_q30_SE_itsxpress_unite_blast_top1_rescue_4Q	QIAamp	4	mock_only	UNITE+RefSeq BLAST	RefSeq_BLAST	ITSxpress	SE	Trichophyton_interdigitale	0
fig4_q30_SE_itsxpress_unite_blast_top1_rescue	4Q	fig4_q30_SE_itsxpress_unite_blast_top1_rescue_4Q	QIAamp	4	mock_only	UNITE+RefSeq BLAST	RefSeq_BLAST	ITSxpress	SE	Trichophyton_mentagrophytes	0.0065326172253192425
fig4_q30_SE_itsxpress_unite_blast_top1_rescue	4Q	fig4_q30_SE_itsxpress_unite_blast_top1_rescue_4Q	QIAamp	4	mock_only	UNITE+RefSeq BLAST	RefSeq_BLAST	ITSxpress	SE	Penicillium_chrysogenum	0.13384221844012106
fig4_q30_SE_itsxpress_unite_blast_top1_rescue	4Q	fig4_q30_SE_itsxpress_unite_blast_top1_rescue_4Q	QIAamp	4	mock_only	UNITE+RefSeq BLAST	RefSeq_BLAST	ITSxpress	SE	Penicillium_flavigenum	0
fig4_q30_SE_itsxpress_unite_blast_top1_rescue	4Q	fig4_q30_SE_itsxpress_unite_blast_top1_rescue_4Q	QIAamp	4	mock_only	UNITE+RefSeq BLAST	RefSeq_BLAST	ITSxpress	SE	Penicillium_g	0
fig4_q30_SE_itsxpress_unite_blast_top1_rescue	4Q	fig4_q30_SE_itsxpress_unite_blast_top1_rescue_4Q	QIAamp	4	mock_only	UNITE+RefSeq BLAST	RefSeq_BLAST	ITSxpress	SE	Fusarium_g	0
fig4_q30_SE_itsxpress_unite_blast_top1_rescue	4Q	fig4_q30_SE_itsxpress_unite_blast_top1_rescue_4Q	QIAamp	4	mock_only	UNITE+RefSeq BLAST	RefSeq_BLAST	ITSxpress	SE	Fusarium_keratoplasticum	0.0022115100435168107
fig4_q30_SE_itsxpress_unite_blast_top1_rescue	4Q	fig4_q30_SE_itsxpress_unite_blast_top1_rescue_4Q	QIAamp	4	mock_only	UNITE+RefSeq BLAST	RefSeq_BLAST	ITSxpress	SE	Candida_africana	0
fig4_q30_SE_itsxpress_unite_blast_top1_rescue	4Q	fig4_q30_SE_itsxpress_unite_blast_top1_rescue_4Q	QIAamp	4	mock_only	UNITE+RefSeq BLAST	RefSeq_BLAST	ITSxpress	SE	Candida_albicans	0.2805968019730338
fig4_q30_SE_itsxpress_unite_blast_top1_rescue	4Q	fig4_q30_SE_itsxpress_unite_blast_top1_rescue_4Q	QIAamp	4	mock_only	UNITE+RefSeq BLAST	RefSeq_BLAST	ITSxpress	SE	Candida_g	0
fig4_q30_SE_itsxpress_unite_blast_top1_rescue	4Q	fig4_q30_SE_itsxpress_unite_blast_top1_rescue_4Q	QIAamp	4	mock_only	UNITE+RefSeq BLAST	RefSeq_BLAST	ITSxpress	SE	Candida_tropicalis	0
fig4_q30_SE_itsxpress_unite_blast_top1_rescue	4Q	fig4_q30_SE_itsxpress_unite_blast_top1_rescue_4Q	QIAamp	4	mock_only	UNITE+RefSeq BLAST	RefSeq_BLAST	ITSxpress	SE	Nakaseomyces_glabratus	0.11126850993141262
fig4_q30_SE_itsxpress_unite_blast_top1_rescue	4Q	fig4_q30_SE_itsxpress_unite_blast_top1_rescue_4Q	QIAamp	4	mock_only	UNITE+RefSeq BLAST	RefSeq_BLAST	ITSxpress	SE	Malassezia_g	0
fig4_q30_SE_itsxpress_unite_blast_top1_rescue	4Q	fig4_q30_SE_itsxpress_unite_blast_top1_rescue_4Q	QIAamp	4	mock_only	UNITE+RefSeq BLAST	RefSeq_BLAST	ITSxpress	SE	Malassezia_globosa	0
fig4_q30_SE_itsxpress_unite_blast_top1_rescue	4Q	fig4_q30_SE_itsxpress_unite_blast_top1_rescue_4Q	QIAamp	4	mock_only	UNITE+RefSeq BLAST	RefSeq_BLAST	ITSxpress	SE	Saccharomyces_arboricola	0
fig4_q30_SE_itsxpress_unite_blast_top1_rescue	4Q	fig4_q30_SE_itsxpress_unite_blast_top1_rescue_4Q	QIAamp	4	mock_only	UNITE+RefSeq BLAST	RefSeq_BLAST	ITSxpress	SE	Saccharomyces_cerevisiae	0.041998308245773164
fig4_q30_SE_itsxpress_unite_blast_top1_rescue	4Q	fig4_q30_SE_itsxpress_unite_blast_top1_rescue_4Q	QIAamp	4	mock_only	UNITE+RefSeq BLAST	RefSeq_BLAST	ITSxpress	SE	Saccharomyces_g	0
fig4_q30_SE_itsxpress_unite_blast_top1_rescue	4Q	fig4_q30_SE_itsxpress_unite_blast_top1_rescue_4Q	QIAamp	4	mock_only	UNITE+RefSeq BLAST	RefSeq_BLAST	ITSxpress	SE	Saccharomyces_uvarum	0
fig4_q30_SE_itsxpress_unite_blast_top1_rescue	4Q	fig4_q30_SE_itsxpress_unite_blast_top1_rescue_4Q	QIAamp	4	mock_only	UNITE+RefSeq BLAST	RefSeq_BLAST	ITSxpress	SE	Cutaneotrichosporon_dermatis	1.1210419575430836e-4
fig4_q30_SE_itsxpress_unite_blast_top1_rescue	4Q	fig4_q30_SE_itsxpress_unite_blast_top1_rescue_4Q	QIAamp	4	mock_only	UNITE+RefSeq BLAST	RefSeq_BLAST	ITSxpress	SE	Cutaneotrichosporon_g	0
fig4_q30_SE_itsxpress_unite_blast_top1_rescue	4Q	fig4_q30_SE_itsxpress_unite_blast_top1_rescue_4Q	QIAamp	4	mock_only	UNITE+RefSeq BLAST	RefSeq_BLAST	ITSxpress	SE	Cutaneotrichosporon_mucoides	0.241024020871763
fig4_q30_SE_itsxpress_unite_blast_top1_rescue	4Q	fig4_q30_SE_itsxpress_unite_blast_top1_rescue_4Q	QIAamp	4	mock_only	UNITE+RefSeq BLAST	RefSeq_BLAST	ITSxpress	SE	Other	0
fig4_q30_SE_itsxpress_unite_blast_top1_rescue	4Z	fig4_q30_SE_itsxpress_unite_blast_top1_rescue_4Z	Zymo	4	mock_only	Mock type-strain BLAST	Mock_type_reference_BLAST	ITSxpress	SE	Aspergillus_fumigatus	0.026516387110065754
fig4_q30_SE_itsxpress_unite_blast_top1_rescue	4Z	fig4_q30_SE_itsxpress_unite_blast_top1_rescue_4Z	Zymo	4	mock_only	Mock type-strain BLAST	Mock_type_reference_BLAST	ITSxpress	SE	Aspergillus_g	0
fig4_q30_SE_itsxpress_unite_blast_top1_rescue	4Z	fig4_q30_SE_itsxpress_unite_blast_top1_rescue_4Z	Zymo	4	mock_only	Mock type-strain BLAST	Mock_type_reference_BLAST	ITSxpress	SE	Cryptococcus_gattii	0
fig4_q30_SE_itsxpress_unite_blast_top1_rescue	4Z	fig4_q30_SE_itsxpress_unite_blast_top1_rescue_4Z	Zymo	4	mock_only	Mock type-strain BLAST	Mock_type_reference_BLAST	ITSxpress	SE	Cryptococcus_neoformans	0.1481363847065085
fig4_q30_SE_itsxpress_unite_blast_top1_rescue	4Z	fig4_q30_SE_itsxpress_unite_blast_top1_rescue_4Z	Zymo	4	mock_only	Mock type-strain BLAST	Mock_type_reference_BLAST	ITSxpress	SE	Trichophyton_interdigitale	0.0032533864405033734
fig4_q30_SE_itsxpress_unite_blast_top1_rescue	4Z	fig4_q30_SE_itsxpress_unite_blast_top1_rescue_4Z	Zymo	4	mock_only	Mock type-strain BLAST	Mock_type_reference_BLAST	ITSxpress	SE	Trichophyton_mentagrophytes	0
fig4_q30_SE_itsxpress_unite_blast_top1_rescue	4Z	fig4_q30_SE_itsxpress_unite_blast_top1_rescue_4Z	Zymo	4	mock_only	Mock type-strain BLAST	Mock_type_reference_BLAST	ITSxpress	SE	Penicillium_chrysogenum	0.12679622984874758
fig4_q30_SE_itsxpress_unite_blast_top1_rescue	4Z	fig4_q30_SE_itsxpress_unite_blast_top1_rescue_4Z	Zymo	4	mock_only	Mock type-strain BLAST	Mock_type_reference_BLAST	ITSxpress	SE	Penicillium_flavigenum	0
fig4_q30_SE_itsxpress_unite_blast_top1_rescue	4Z	fig4_q30_SE_itsxpress_unite_blast_top1_rescue_4Z	Zymo	4	mock_only	Mock type-strain BLAST	Mock_type_reference_BLAST	ITSxpress	SE	Penicillium_g	0
fig4_q30_SE_itsxpress_unite_blast_top1_rescue	4Z	fig4_q30_SE_itsxpress_unite_blast_top1_rescue_4Z	Zymo	4	mock_only	Mock type-strain BLAST	Mock_type_reference_BLAST	ITSxpress	SE	Fusarium_g	0
fig4_q30_SE_itsxpress_unite_blast_top1_rescue	4Z	fig4_q30_SE_itsxpress_unite_blast_top1_rescue_4Z	Zymo	4	mock_only	Mock type-strain BLAST	Mock_type_reference_BLAST	ITSxpress	SE	Fusarium_keratoplasticum	0.0020344395419506583
fig4_q30_SE_itsxpress_unite_blast_top1_rescue	4Z	fig4_q30_SE_itsxpress_unite_blast_top1_rescue_4Z	Zymo	4	mock_only	Mock type-strain BLAST	Mock_type_reference_BLAST	ITSxpress	SE	Candida_africana	0
fig4_q30_SE_itsxpress_unite_blast_top1_rescue	4Z	fig4_q30_SE_itsxpress_unite_blast_top1_rescue_4Z	Zymo	4	mock_only	Mock type-strain BLAST	Mock_type_reference_BLAST	ITSxpress	SE	Candida_albicans	0.313295105327313
fig4_q30_SE_itsxpress_unite_blast_top1_rescue	4Z	fig4_q30_SE_itsxpress_unite_blast_top1_rescue_4Z	Zymo	4	mock_only	Mock type-strain BLAST	Mock_type_reference_BLAST	ITSxpress	SE	Candida_g	0
fig4_q30_SE_itsxpress_unite_blast_top1_rescue	4Z	fig4_q30_SE_itsxpress_unite_blast_top1_rescue_4Z	Zymo	4	mock_only	Mock type-strain BLAST	Mock_type_reference_BLAST	ITSxpress	SE	Candida_tropicalis	0
fig4_q30_SE_itsxpress_unite_blast_top1_rescue	4Z	fig4_q30_SE_itsxpress_unite_blast_top1_rescue_4Z	Zymo	4	mock_only	Mock type-strain BLAST	Mock_type_reference_BLAST	ITSxpress	SE	Nakaseomyces_glabratus	0.09543839167682455
fig4_q30_SE_itsxpress_unite_blast_top1_rescue	4Z	fig4_q30_SE_itsxpress_unite_blast_top1_rescue_4Z	Zymo	4	mock_only	Mock type-strain BLAST	Mock_type_reference_BLAST	ITSxpress	SE	Malassezia_g	0
fig4_q30_SE_itsxpress_unite_blast_top1_rescue	4Z	fig4_q30_SE_itsxpress_unite_blast_top1_rescue_4Z	Zymo	4	mock_only	Mock type-strain BLAST	Mock_type_reference_BLAST	ITSxpress	SE	Malassezia_globosa	3.433653235359761e-5
fig4_q30_SE_itsxpress_unite_blast_top1_rescue	4Z	fig4_q30_SE_itsxpress_unite_blast_top1_rescue_4Z	Zymo	4	mock_only	Mock type-strain BLAST	Mock_type_reference_BLAST	ITSxpress	SE	Saccharomyces_arboricola	0
fig4_q30_SE_itsxpress_unite_blast_top1_rescue	4Z	fig4_q30_SE_itsxpress_unite_blast_top1_rescue_4Z	Zymo	4	mock_only	Mock type-strain BLAST	Mock_type_reference_BLAST	ITSxpress	SE	Saccharomyces_cerevisiae	0.056105893865778494
fig4_q30_SE_itsxpress_unite_blast_top1_rescue	4Z	fig4_q30_SE_itsxpress_unite_blast_top1_rescue_4Z	Zymo	4	mock_only	Mock type-strain BLAST	Mock_type_reference_BLAST	ITSxpress	SE	Saccharomyces_g	0
fig4_q30_SE_itsxpress_unite_blast_top1_rescue	4Z	fig4_q30_SE_itsxpress_unite_blast_top1_rescue_4Z	Zymo	4	mock_only	Mock type-strain BLAST	Mock_type_reference_BLAST	ITSxpress	SE	Saccharomyces_uvarum	0
fig4_q30_SE_itsxpress_unite_blast_top1_rescue	4Z	fig4_q30_SE_itsxpress_unite_blast_top1_rescue_4Z	Zymo	4	mock_only	Mock type-strain BLAST	Mock_type_reference_BLAST	ITSxpress	SE	Cutaneotrichosporon_dermatis	0.2283894449499545
fig4_q30_SE_itsxpress_unite_blast_top1_rescue	4Z	fig4_q30_SE_itsxpress_unite_blast_top1_rescue_4Z	Zymo	4	mock_only	Mock type-strain BLAST	Mock_type_reference_BLAST	ITSxpress	SE	Cutaneotrichosporon_g	0
fig4_q30_SE_itsxpress_unite_blast_top1_rescue	4Z	fig4_q30_SE_itsxpress_unite_blast_top1_rescue_4Z	Zymo	4	mock_only	Mock type-strain BLAST	Mock_type_reference_BLAST	ITSxpress	SE	Cutaneotrichosporon_mucoides	0
fig4_q30_SE_itsxpress_unite_blast_top1_rescue	4Z	fig4_q30_SE_itsxpress_unite_blast_top1_rescue_4Z	Zymo	4	mock_only	Mock type-strain BLAST	Mock_type_reference_BLAST	ITSxpress	SE	Other	0
fig4_q30_SE_itsxpress_unite_blast_top1_rescue	4Z	fig4_q30_SE_itsxpress_unite_blast_top1_rescue_4Z	Zymo	4	mock_only	UNITE	No_BLAST	ITSxpress	SE	Aspergillus_fumigatus	0.026516387110065754
fig4_q30_SE_itsxpress_unite_blast_top1_rescue	4Z	fig4_q30_SE_itsxpress_unite_blast_top1_rescue_4Z	Zymo	4	mock_only	UNITE	No_BLAST	ITSxpress	SE	Aspergillus_g	0
fig4_q30_SE_itsxpress_unite_blast_top1_rescue	4Z	fig4_q30_SE_itsxpress_unite_blast_top1_rescue_4Z	Zymo	4	mock_only	UNITE	No_BLAST	ITSxpress	SE	Cryptococcus_gattii	0
fig4_q30_SE_itsxpress_unite_blast_top1_rescue	4Z	fig4_q30_SE_itsxpress_unite_blast_top1_rescue_4Z	Zymo	4	mock_only	UNITE	No_BLAST	ITSxpress	SE	Cryptococcus_neoformans	0.14808487990797808
fig4_q30_SE_itsxpress_unite_blast_top1_rescue	4Z	fig4_q30_SE_itsxpress_unite_blast_top1_rescue_4Z	Zymo	4	mock_only	UNITE	No_BLAST	ITSxpress	SE	Trichophyton_interdigitale	0
fig4_q30_SE_itsxpress_unite_blast_top1_rescue	4Z	fig4_q30_SE_itsxpress_unite_blast_top1_rescue_4Z	Zymo	4	mock_only	UNITE	No_BLAST	ITSxpress	SE	Trichophyton_mentagrophytes	0.0032533864405033734
fig4_q30_SE_itsxpress_unite_blast_top1_rescue	4Z	fig4_q30_SE_itsxpress_unite_blast_top1_rescue_4Z	Zymo	4	mock_only	UNITE	No_BLAST	ITSxpress	SE	Penicillium_chrysogenum	0
fig4_q30_SE_itsxpress_unite_blast_top1_rescue	4Z	fig4_q30_SE_itsxpress_unite_blast_top1_rescue_4Z	Zymo	4	mock_only	UNITE	No_BLAST	ITSxpress	SE	Penicillium_flavigenum	0
fig4_q30_SE_itsxpress_unite_blast_top1_rescue	4Z	fig4_q30_SE_itsxpress_unite_blast_top1_rescue_4Z	Zymo	4	mock_only	UNITE	No_BLAST	ITSxpress	SE	Penicillium_g	0
fig4_q30_SE_itsxpress_unite_blast_top1_rescue	4Z	fig4_q30_SE_itsxpress_unite_blast_top1_rescue_4Z	Zymo	4	mock_only	UNITE	No_BLAST	ITSxpress	SE	Fusarium_g	0
fig4_q30_SE_itsxpress_unite_blast_top1_rescue	4Z	fig4_q30_SE_itsxpress_unite_blast_top1_rescue_4Z	Zymo	4	mock_only	UNITE	No_BLAST	ITSxpress	SE	Fusarium_keratoplasticum	0
fig4_q30_SE_itsxpress_unite_blast_top1_rescue	4Z	fig4_q30_SE_itsxpress_unite_blast_top1_rescue_4Z	Zymo	4	mock_only	UNITE	No_BLAST	ITSxpress	SE	Candida_africana	0
fig4_q30_SE_itsxpress_unite_blast_top1_rescue	4Z	fig4_q30_SE_itsxpress_unite_blast_top1_rescue_4Z	Zymo	4	mock_only	UNITE	No_BLAST	ITSxpress	SE	Candida_albicans	0.3131405909317218
fig4_q30_SE_itsxpress_unite_blast_top1_rescue	4Z	fig4_q30_SE_itsxpress_unite_blast_top1_rescue_4Z	Zymo	4	mock_only	UNITE	No_BLAST	ITSxpress	SE	Candida_g	0
fig4_q30_SE_itsxpress_unite_blast_top1_rescue	4Z	fig4_q30_SE_itsxpress_unite_blast_top1_rescue_4Z	Zymo	4	mock_only	UNITE	No_BLAST	ITSxpress	SE	Candida_tropicalis	0
fig4_q30_SE_itsxpress_unite_blast_top1_rescue	4Z	fig4_q30_SE_itsxpress_unite_blast_top1_rescue_4Z	Zymo	4	mock_only	UNITE	No_BLAST	ITSxpress	SE	Nakaseomyces_glabratus	0.09540405514447096
fig4_q30_SE_itsxpress_unite_blast_top1_rescue	4Z	fig4_q30_SE_itsxpress_unite_blast_top1_rescue_4Z	Zymo	4	mock_only	UNITE	No_BLAST	ITSxpress	SE	Malassezia_g	0
fig4_q30_SE_itsxpress_unite_blast_top1_rescue	4Z	fig4_q30_SE_itsxpress_unite_blast_top1_rescue_4Z	Zymo	4	mock_only	UNITE	No_BLAST	ITSxpress	SE	Malassezia_globosa	3.433653235359761e-5
fig4_q30_SE_itsxpress_unite_blast_top1_rescue	4Z	fig4_q30_SE_itsxpress_unite_blast_top1_rescue_4Z	Zymo	4	mock_only	UNITE	No_BLAST	ITSxpress	SE	Saccharomyces_arboricola	0
fig4_q30_SE_itsxpress_unite_blast_top1_rescue	4Z	fig4_q30_SE_itsxpress_unite_blast_top1_rescue_4Z	Zymo	4	mock_only	UNITE	No_BLAST	ITSxpress	SE	Saccharomyces_cerevisiae	0.056105893865778494
fig4_q30_SE_itsxpress_unite_blast_top1_rescue	4Z	fig4_q30_SE_itsxpress_unite_blast_top1_rescue_4Z	Zymo	4	mock_only	UNITE	No_BLAST	ITSxpress	SE	Saccharomyces_g	0
fig4_q30_SE_itsxpress_unite_blast_top1_rescue	4Z	fig4_q30_SE_itsxpress_unite_blast_top1_rescue_4Z	Zymo	4	mock_only	UNITE	No_BLAST	ITSxpress	SE	Saccharomyces_uvarum	0
fig4_q30_SE_itsxpress_unite_blast_top1_rescue	4Z	fig4_q30_SE_itsxpress_unite_blast_top1_rescue_4Z	Zymo	4	mock_only	UNITE	No_BLAST	ITSxpress	SE	Cutaneotrichosporon_dermatis	0
fig4_q30_SE_itsxpress_unite_blast_top1_rescue	4Z	fig4_q30_SE_itsxpress_unite_blast_top1_rescue_4Z	Zymo	4	mock_only	UNITE	No_BLAST	ITSxpress	SE	Cutaneotrichosporon_g	0
fig4_q30_SE_itsxpress_unite_blast_top1_rescue	4Z	fig4_q30_SE_itsxpress_unite_blast_top1_rescue_4Z	Zymo	4	mock_only	UNITE	No_BLAST	ITSxpress	SE	Cutaneotrichosporon_mucoides	0.2283207718852473
fig4_q30_SE_itsxpress_unite_blast_top1_rescue	4Z	fig4_q30_SE_itsxpress_unite_blast_top1_rescue_4Z	Zymo	4	mock_only	UNITE	No_BLAST	ITSxpress	SE	Other	0.1291396981818806
fig4_q30_SE_itsxpress_unite_blast_top1_rescue	4Z	fig4_q30_SE_itsxpress_unite_blast_top1_rescue_4Z	Zymo	4	mock_only	UNITE+RefSeq BLAST	RefSeq_BLAST	ITSxpress	SE	Aspergillus_fumigatus	0.026516387110065754
fig4_q30_SE_itsxpress_unite_blast_top1_rescue	4Z	fig4_q30_SE_itsxpress_unite_blast_top1_rescue_4Z	Zymo	4	mock_only	UNITE+RefSeq BLAST	RefSeq_BLAST	ITSxpress	SE	Aspergillus_g	0
fig4_q30_SE_itsxpress_unite_blast_top1_rescue	4Z	fig4_q30_SE_itsxpress_unite_blast_top1_rescue_4Z	Zymo	4	mock_only	UNITE+RefSeq BLAST	RefSeq_BLAST	ITSxpress	SE	Cryptococcus_gattii	0
fig4_q30_SE_itsxpress_unite_blast_top1_rescue	4Z	fig4_q30_SE_itsxpress_unite_blast_top1_rescue_4Z	Zymo	4	mock_only	UNITE+RefSeq BLAST	RefSeq_BLAST	ITSxpress	SE	Cryptococcus_neoformans	0.1481363847065085
fig4_q30_SE_itsxpress_unite_blast_top1_rescue	4Z	fig4_q30_SE_itsxpress_unite_blast_top1_rescue_4Z	Zymo	4	mock_only	UNITE+RefSeq BLAST	RefSeq_BLAST	ITSxpress	SE	Trichophyton_interdigitale	0
fig4_q30_SE_itsxpress_unite_blast_top1_rescue	4Z	fig4_q30_SE_itsxpress_unite_blast_top1_rescue_4Z	Zymo	4	mock_only	UNITE+RefSeq BLAST	RefSeq_BLAST	ITSxpress	SE	Trichophyton_mentagrophytes	0.0032533864405033734
fig4_q30_SE_itsxpress_unite_blast_top1_rescue	4Z	fig4_q30_SE_itsxpress_unite_blast_top1_rescue_4Z	Zymo	4	mock_only	UNITE+RefSeq BLAST	RefSeq_BLAST	ITSxpress	SE	Penicillium_chrysogenum	0.12679622984874758
fig4_q30_SE_itsxpress_unite_blast_top1_rescue	4Z	fig4_q30_SE_itsxpress_unite_blast_top1_rescue_4Z	Zymo	4	mock_only	UNITE+RefSeq BLAST	RefSeq_BLAST	ITSxpress	SE	Penicillium_flavigenum	0
fig4_q30_SE_itsxpress_unite_blast_top1_rescue	4Z	fig4_q30_SE_itsxpress_unite_blast_top1_rescue_4Z	Zymo	4	mock_only	UNITE+RefSeq BLAST	RefSeq_BLAST	ITSxpress	SE	Penicillium_g	0
fig4_q30_SE_itsxpress_unite_blast_top1_rescue	4Z	fig4_q30_SE_itsxpress_unite_blast_top1_rescue_4Z	Zymo	4	mock_only	UNITE+RefSeq BLAST	RefSeq_BLAST	ITSxpress	SE	Fusarium_g	0
fig4_q30_SE_itsxpress_unite_blast_top1_rescue	4Z	fig4_q30_SE_itsxpress_unite_blast_top1_rescue_4Z	Zymo	4	mock_only	UNITE+RefSeq BLAST	RefSeq_BLAST	ITSxpress	SE	Fusarium_keratoplasticum	0.0020344395419506583
fig4_q30_SE_itsxpress_unite_blast_top1_rescue	4Z	fig4_q30_SE_itsxpress_unite_blast_top1_rescue_4Z	Zymo	4	mock_only	UNITE+RefSeq BLAST	RefSeq_BLAST	ITSxpress	SE	Candida_africana	0
fig4_q30_SE_itsxpress_unite_blast_top1_rescue	4Z	fig4_q30_SE_itsxpress_unite_blast_top1_rescue_4Z	Zymo	4	mock_only	UNITE+RefSeq BLAST	RefSeq_BLAST	ITSxpress	SE	Candida_albicans	0.313295105327313
fig4_q30_SE_itsxpress_unite_blast_top1_rescue	4Z	fig4_q30_SE_itsxpress_unite_blast_top1_rescue_4Z	Zymo	4	mock_only	UNITE+RefSeq BLAST	RefSeq_BLAST	ITSxpress	SE	Candida_g	0
fig4_q30_SE_itsxpress_unite_blast_top1_rescue	4Z	fig4_q30_SE_itsxpress_unite_blast_top1_rescue_4Z	Zymo	4	mock_only	UNITE+RefSeq BLAST	RefSeq_BLAST	ITSxpress	SE	Candida_tropicalis	0
fig4_q30_SE_itsxpress_unite_blast_top1_rescue	4Z	fig4_q30_SE_itsxpress_unite_blast_top1_rescue_4Z	Zymo	4	mock_only	UNITE+RefSeq BLAST	RefSeq_BLAST	ITSxpress	SE	Nakaseomyces_glabratus	0.09543839167682455
fig4_q30_SE_itsxpress_unite_blast_top1_rescue	4Z	fig4_q30_SE_itsxpress_unite_blast_top1_rescue_4Z	Zymo	4	mock_only	UNITE+RefSeq BLAST	RefSeq_BLAST	ITSxpress	SE	Malassezia_g	0
fig4_q30_SE_itsxpress_unite_blast_top1_rescue	4Z	fig4_q30_SE_itsxpress_unite_blast_top1_rescue_4Z	Zymo	4	mock_only	UNITE+RefSeq BLAST	RefSeq_BLAST	ITSxpress	SE	Malassezia_globosa	3.433653235359761e-5
fig4_q30_SE_itsxpress_unite_blast_top1_rescue	4Z	fig4_q30_SE_itsxpress_unite_blast_top1_rescue_4Z	Zymo	4	mock_only	UNITE+RefSeq BLAST	RefSeq_BLAST	ITSxpress	SE	Saccharomyces_arboricola	0
fig4_q30_SE_itsxpress_unite_blast_top1_rescue	4Z	fig4_q30_SE_itsxpress_unite_blast_top1_rescue_4Z	Zymo	4	mock_only	UNITE+RefSeq BLAST	RefSeq_BLAST	ITSxpress	SE	Saccharomyces_cerevisiae	0.056105893865778494
fig4_q30_SE_itsxpress_unite_blast_top1_rescue	4Z	fig4_q30_SE_itsxpress_unite_blast_top1_rescue_4Z	Zymo	4	mock_only	UNITE+RefSeq BLAST	RefSeq_BLAST	ITSxpress	SE	Saccharomyces_g	0
fig4_q30_SE_itsxpress_unite_blast_top1_rescue	4Z	fig4_q30_SE_itsxpress_unite_blast_top1_rescue_4Z	Zymo	4	mock_only	UNITE+RefSeq BLAST	RefSeq_BLAST	ITSxpress	SE	Saccharomyces_uvarum	0
fig4_q30_SE_itsxpress_unite_blast_top1_rescue	4Z	fig4_q30_SE_itsxpress_unite_blast_top1_rescue_4Z	Zymo	4	mock_only	UNITE+RefSeq BLAST	RefSeq_BLAST	ITSxpress	SE	Cutaneotrichosporon_dermatis	6.867306470719522e-5
fig4_q30_SE_itsxpress_unite_blast_top1_rescue	4Z	fig4_q30_SE_itsxpress_unite_blast_top1_rescue_4Z	Zymo	4	mock_only	UNITE+RefSeq BLAST	RefSeq_BLAST	ITSxpress	SE	Cutaneotrichosporon_g	0
fig4_q30_SE_itsxpress_unite_blast_top1_rescue	4Z	fig4_q30_SE_itsxpress_unite_blast_top1_rescue_4Z	Zymo	4	mock_only	UNITE+RefSeq BLAST	RefSeq_BLAST	ITSxpress	SE	Cutaneotrichosporon_mucoides	0.2283207718852473
fig4_q30_SE_itsxpress_unite_blast_top1_rescue	4Z	fig4_q30_SE_itsxpress_unite_blast_top1_rescue_4Z	Zymo	4	mock_only	UNITE+RefSeq BLAST	RefSeq_BLAST	ITSxpress	SE	Other	0
