feature_id	taxonomy_method	Genus	Species	taxon_string	run_id	preprocess_method	read_strategy	Paired	Trimm
80656d9a953b600388a8d5b3284216b9	UNITE	Candida	Candida_albicans	k__Fungi; p__Ascomycota; c__Saccharomycetes; o__Saccharomycetales; f__Saccharomycetales_fam_Incertae_sedis; g__Candida; s__Candida_albicans	fig4_q30_PE_itsxpress_unite_blast_top1_rescue	ITSxpress	PE	PE	ITSxpress
6092927047fe7a692354e4fd7c745e4c	UNITE	Cutaneotrichosporon	Cutaneotrichosporon_mucoides	k__Fungi; p__Basidiomycota; c__Tremellomycetes; o__Trichosporonales; f__Trichosporonaceae; g__Cutaneotrichosporon; s__Cutaneotrichosporon_mucoides	fig4_q30_PE_itsxpress_unite_blast_top1_rescue	ITSxpress	PE	PE	ITSxpress
301628c5f05bcb9636f353d42fcc04c6	UNITE	Cryptococcus	Cryptococcus_neoformans	k__Fungi; p__Basidiomycota; c__Tremellomycetes; o__Tremellales; f__Cryptococcaceae; g__Cryptococcus; s__Cryptococcus_neoformans	fig4_q30_PE_itsxpress_unite_blast_top1_rescue	ITSxpress	PE	PE	ITSxpress
2d783fc0a24c9350fd6e4c008ade61f1	UNITE	Penicillium	Unclassified	k__Fungi; p__Ascomycota; c__Eurotiomycetes; o__Eurotiales; f__Aspergillaceae; g__Penicillium; s__Penicillium_g	fig4_q30_PE_itsxpress_unite_blast_top1_rescue	ITSxpress	PE	PE	ITSxpress
d6f3e15b67c356651253d4bfee7bb46f	UNITE	Nakaseomyces	Nakaseomyces_glabratus	k__Fungi; p__Ascomycota; c__Saccharomycetes; o__Saccharomycetales; f__Saccharomycetaceae; g__Nakaseomyces; s__Nakaseomyces_glabratus	fig4_q30_PE_itsxpress_unite_blast_top1_rescue	ITSxpress	PE	PE	ITSxpress
315affd4c31c0bc2a94bf5db590086cd	UNITE	Saccharomyces	Saccharomyces_cerevisiae	k__Fungi; p__Ascomycota; c__Saccharomycetes; o__Saccharomycetales; f__Saccharomycetaceae; g__Saccharomyces; s__Saccharomyces_cerevisiae	fig4_q30_PE_itsxpress_unite_blast_top1_rescue	ITSxpress	PE	PE	ITSxpress
e6042d9d33d4676b7a7d6c7d232be5b0	UNITE	Aspergillus	Aspergillus_fumigatus	k__Fungi; p__Ascomycota; c__Eurotiomycetes; o__Eurotiales; f__Aspergillaceae; g__Aspergillus; s__Aspergillus_fumigatus	fig4_q30_PE_itsxpress_unite_blast_top1_rescue	ITSxpress	PE	PE	ITSxpress
1452b25fcc2cf988fd7ab91920806410	UNITE	Trichophyton	Trichophyton_mentagrophytes	k__Fungi; p__Ascomycota; c__Eurotiomycetes; o__Onygenales; f__Arthrodermataceae; g__Trichophyton; s__Trichophyton_mentagrophytes	fig4_q30_PE_itsxpress_unite_blast_top1_rescue	ITSxpress	PE	PE	ITSxpress
abc7679572c0b1ba3de8661e079cb062	UNITE	Cutaneotrichosporon	Cutaneotrichosporon_debeurmannianum	k__Fungi; p__Basidiomycota; c__Tremellomycetes; o__Trichosporonales; f__Trichosporonaceae; g__Cutaneotrichosporon; s__Cutaneotrichosporon_debeurmannianum	fig4_q30_PE_itsxpress_unite_blast_top1_rescue	ITSxpress	PE	PE	ITSxpress
e399dc7c0823811b06f9eea10fa4ea6c	UNITE	Cladosporium	Unclassified	k__Fungi; p__Ascomycota; c__Dothideomycetes; o__Cladosporiales; f__Cladosporiaceae; g__Cladosporium; s__Cladosporium_g	fig4_q30_PE_itsxpress_unite_blast_top1_rescue	ITSxpress	PE	PE	ITSxpress
fd56d5d2d7ab0969f3ea9d3294133409	UNITE	Irpex	Irpex_hacksungii	k__Fungi; p__Basidiomycota; c__Agaricomycetes; o__Polyporales; f__Irpicaceae; g__Irpex; s__Irpex_hacksungii	fig4_q30_PE_itsxpress_unite_blast_top1_rescue	ITSxpress	PE	PE	ITSxpress
5fe8ba6be9294240d26f875ee767f4fe	UNITE	Kazachstania	Kazachstania_servazzii	k__Fungi; p__Ascomycota; c__Saccharomycetes; o__Saccharomycetales; f__Saccharomycetaceae; g__Kazachstania; s__Kazachstania_servazzii	fig4_q30_PE_itsxpress_unite_blast_top1_rescue	ITSxpress	PE	PE	ITSxpress
2fac1bc2c61bb76209c62f3be67e15e8	UNITE	Irpex	Unclassified	k__Fungi; p__Basidiomycota; c__Agaricomycetes; o__Polyporales; f__Irpicaceae; g__Irpex; s__Irpex_g	fig4_q30_PE_itsxpress_unite_blast_top1_rescue	ITSxpress	PE	PE	ITSxpress
0ed3a8becd603707260c02ce989b1e2d	UNITE	Debaryomyces	Debaryomyces_delbrueckii	k__Fungi; p__Ascomycota; c__Saccharomycetes; o__Saccharomycetales; f__Debaryomycetaceae; g__Debaryomyces; s__Debaryomyces_delbrueckii	fig4_q30_PE_itsxpress_unite_blast_top1_rescue	ITSxpress	PE	PE	ITSxpress
0d7f1fa221989e0cc733a52a1d979bfa	UNITE	Ascomycota_p	Ascomycota_p	k__Fungi; p__Ascomycota; c__Ascomycota_p; o__Ascomycota_p; f__Ascomycota_p; g__Ascomycota_p; s__Ascomycota_p	fig4_q30_PE_itsxpress_unite_blast_top1_rescue	ITSxpress	PE	PE	ITSxpress
ed3e9912ffac4094303328fb6a4ea10c	UNITE	Fusarium	Unclassified	k__Fungi; p__Ascomycota; c__Sordariomycetes; o__Hypocreales; f__Nectriaceae; g__Fusarium; s__Fusarium_g	fig4_q30_PE_itsxpress_unite_blast_top1_rescue	ITSxpress	PE	PE	ITSxpress
c3b3863baf308516d9bae664ff9843c6	UNITE	Nigrospora	Unclassified	k__Fungi; p__Ascomycota; c__Sordariomycetes; o__Amphisphaeriales; f__Apiosporaceae; g__Nigrospora; s__Nigrospora_g	fig4_q30_PE_itsxpress_unite_blast_top1_rescue	ITSxpress	PE	PE	ITSxpress
ef2ebeb91f91b576bbd95b341aed051e	UNITE	Peniophoraceae_f	Peniophoraceae_f	k__Fungi; p__Basidiomycota; c__Agaricomycetes; o__Russulales; f__Peniophoraceae; g__Peniophoraceae_f; s__Peniophoraceae_f	fig4_q30_PE_itsxpress_unite_blast_top1_rescue	ITSxpress	PE	PE	ITSxpress
e42387237c012c1ed92a8c7f9dd2e2eb	UNITE	Stereaceae_f	Stereaceae_f	k__Fungi; p__Basidiomycota; c__Agaricomycetes; o__Russulales; f__Stereaceae; g__Stereaceae_f; s__Stereaceae_f	fig4_q30_PE_itsxpress_unite_blast_top1_rescue	ITSxpress	PE	PE	ITSxpress
921f876dd61c8fdd639a56fbb16d7b6c	UNITE	Didymellaceae_f	Didymellaceae_f	k__Fungi; p__Ascomycota; c__Dothideomycetes; o__Pleosporales; f__Didymellaceae; g__Didymellaceae_f; s__Didymellaceae_f	fig4_q30_PE_itsxpress_unite_blast_top1_rescue	ITSxpress	PE	PE	ITSxpress
f1c57273935879d23965899d63727f74	UNITE	Aspergillus	Aspergillus_ruber	k__Fungi; p__Ascomycota; c__Eurotiomycetes; o__Eurotiales; f__Aspergillaceae; g__Aspergillus; s__Aspergillus_ruber	fig4_q30_PE_itsxpress_unite_blast_top1_rescue	ITSxpress	PE	PE	ITSxpress
98906e38db8e05a595f3c0efb3021003	UNITE	Penicillium	Penicillium_patris-mei	k__Fungi; p__Ascomycota; c__Eurotiomycetes; o__Eurotiales; f__Aspergillaceae; g__Penicillium; s__Penicillium_patris-mei	fig4_q30_PE_itsxpress_unite_blast_top1_rescue	ITSxpress	PE	PE	ITSxpress
558f634792c8b5cee619778f270e8ee0	UNITE	Saccharomyces	Saccharomyces_cerevisiae	k__Fungi; p__Ascomycota; c__Saccharomycetes; o__Saccharomycetales; f__Saccharomycetaceae; g__Saccharomyces; s__Saccharomyces_cerevisiae	fig4_q30_PE_itsxpress_unite_blast_top1_rescue	ITSxpress	PE	PE	ITSxpress
37d4a335bf1d51f01582d9471a112681	UNITE	Bjerkandera	Bjerkandera_adusta	k__Fungi; p__Basidiomycota; c__Agaricomycetes; o__Polyporales; f__Phanerochaetaceae; g__Bjerkandera; s__Bjerkandera_adusta	fig4_q30_PE_itsxpress_unite_blast_top1_rescue	ITSxpress	PE	PE	ITSxpress
f806a2396402eab6244a8d52e08a9f7e	UNITE	Mucor	Mucor_circinelloides	k__Fungi; p__Mucoromycota; c__Mucoromycetes; o__Mucorales; f__Mucoraceae; g__Mucor; s__Mucor_circinelloides	fig4_q30_PE_itsxpress_unite_blast_top1_rescue	ITSxpress	PE	PE	ITSxpress
02d4c47b6b2f2c61e8e6fb701b5f4dea	UNITE	Bullera	Bullera_alba	k__Fungi; p__Basidiomycota; c__Tremellomycetes; o__Tremellales; f__Bulleraceae; g__Bullera; s__Bullera_alba	fig4_q30_PE_itsxpress_unite_blast_top1_rescue	ITSxpress	PE	PE	ITSxpress
2bffa5bd228042e3fc0e3f30f48c6c13	UNITE	Candolleomyces	Candolleomyces_subminutisporus	k__Fungi; p__Basidiomycota; c__Agaricomycetes; o__Agaricales; f__Psathyrellaceae; g__Candolleomyces; s__Candolleomyces_subminutisporus	fig4_q30_PE_itsxpress_unite_blast_top1_rescue	ITSxpress	PE	PE	ITSxpress
7904340b100395ea12dbea044726ee08	UNITE	Fungi_k	Fungi_k	k__Fungi; p__Fungi_k; c__Fungi_k; o__Fungi_k; f__Fungi_k; g__Fungi_k; s__Fungi_k	fig4_q30_PE_itsxpress_unite_blast_top1_rescue	ITSxpress	PE	PE	ITSxpress
4fe0a80f8c4b0a6cfc9a15c0926fd3f1	UNITE	Ophiognomonia	Unclassified	k__Fungi; p__Ascomycota; c__Sordariomycetes; o__Diaporthales; f__Gnomoniaceae; g__Ophiognomonia; s__Ophiognomonia_g	fig4_q30_PE_itsxpress_unite_blast_top1_rescue	ITSxpress	PE	PE	ITSxpress
4f0eeafcb9177222412728e3822743a3	UNITE	Irpex	Irpex_hacksungii	k__Fungi; p__Basidiomycota; c__Agaricomycetes; o__Polyporales; f__Irpicaceae; g__Irpex; s__Irpex_hacksungii	fig4_q30_PE_itsxpress_unite_blast_top1_rescue	ITSxpress	PE	PE	ITSxpress
f4d47d9e9f949ba9f162bbf4faea2866	UNITE	Fungi_k	Fungi_k	k__Fungi; p__Fungi_k; c__Fungi_k; o__Fungi_k; f__Fungi_k; g__Fungi_k; s__Fungi_k	fig4_q30_PE_itsxpress_unite_blast_top1_rescue	ITSxpress	PE	PE	ITSxpress
db0a45e1bb8405ca1fe091daa37fd2ec	UNITE	Peniophoraceae_f	Peniophoraceae_f	k__Fungi; p__Basidiomycota; c__Agaricomycetes; o__Russulales; f__Peniophoraceae; g__Peniophoraceae_f; s__Peniophoraceae_f	fig4_q30_PE_itsxpress_unite_blast_top1_rescue	ITSxpress	PE	PE	ITSxpress
b2c6907b3db766724d2335436d7e33f4	UNITE	Peniophoraceae_f	Peniophoraceae_f	k__Fungi; p__Basidiomycota; c__Agaricomycetes; o__Russulales; f__Peniophoraceae; g__Peniophoraceae_f; s__Peniophoraceae_f	fig4_q30_PE_itsxpress_unite_blast_top1_rescue	ITSxpress	PE	PE	ITSxpress
0ad03262fa2155cc0cae6071e227df84	UNITE	Hericiaceae_f	Hericiaceae_f	k__Fungi; p__Basidiomycota; c__Agaricomycetes; o__Russulales; f__Hericiaceae; g__Hericiaceae_f; s__Hericiaceae_f	fig4_q30_PE_itsxpress_unite_blast_top1_rescue	ITSxpress	PE	PE	ITSxpress
3f4c30d9dbda2e4629b7ba6a41354eb0	UNITE	Trametes	Trametes_pubescens	k__Fungi; p__Basidiomycota; c__Agaricomycetes; o__Polyporales; f__Polyporaceae; g__Trametes; s__Trametes_pubescens	fig4_q30_PE_itsxpress_unite_blast_top1_rescue	ITSxpress	PE	PE	ITSxpress
d2e25b6611bfc517eb12d22c4f1f0ac0	UNITE	Irpex	Irpex_laceratus	k__Fungi; p__Basidiomycota; c__Agaricomycetes; o__Polyporales; f__Irpicaceae; g__Irpex; s__Irpex_laceratus	fig4_q30_PE_itsxpress_unite_blast_top1_rescue	ITSxpress	PE	PE	ITSxpress
f9bc2c7d2647a3b4e63ca4b721021da9	UNITE	Daedaleopsis	Daedaleopsis_confragosa	k__Fungi; p__Basidiomycota; c__Agaricomycetes; o__Polyporales; f__Polyporaceae; g__Daedaleopsis; s__Daedaleopsis_confragosa	fig4_q30_PE_itsxpress_unite_blast_top1_rescue	ITSxpress	PE	PE	ITSxpress
ff0b3c0f2f9029863279aaec209a64b5	UNITE	Tilletiopsis	Tilletiopsis_washingtonensis	k__Fungi; p__Basidiomycota; c__Exobasidiomycetes; o__Entylomatales; f__Entylomataceae; g__Tilletiopsis; s__Tilletiopsis_washingtonensis	fig4_q30_PE_itsxpress_unite_blast_top1_rescue	ITSxpress	PE	PE	ITSxpress
7bb64ea8b4df8344319d79a47d3a8afa	UNITE	Phanerochaete	Phanerochaete_livescens	k__Fungi; p__Basidiomycota; c__Agaricomycetes; o__Polyporales; f__Phanerochaetaceae; g__Phanerochaete; s__Phanerochaete_livescens	fig4_q30_PE_itsxpress_unite_blast_top1_rescue	ITSxpress	PE	PE	ITSxpress
17586e36e8ab48f597210c14bb4b14a1	UNITE	Sporobolomyces	Unclassified	k__Fungi; p__Basidiomycota; c__Microbotryomycetes; o__Sporidiobolales; f__Sporidiobolaceae; g__Sporobolomyces; s__Sporobolomyces_g	fig4_q30_PE_itsxpress_unite_blast_top1_rescue	ITSxpress	PE	PE	ITSxpress
e10697f67b5d8c5ca3d33e56594068bf	UNITE	Rhizoplaca	Rhizoplaca_novomexicana	k__Fungi; p__Ascomycota; c__Lecanoromycetes; o__Lecanorales; f__Lecanoraceae; g__Rhizoplaca; s__Rhizoplaca_novomexicana	fig4_q30_PE_itsxpress_unite_blast_top1_rescue	ITSxpress	PE	PE	ITSxpress
6cf8e6273ab065c307d3712ac2dbfe1d	UNITE	Hymenochaetopsis	Hymenochaetopsis_yasudae	k__Fungi; p__Basidiomycota; c__Agaricomycetes; o__Hymenochaetales; f__Hymenochaetaceae; g__Hymenochaetopsis; s__Hymenochaetopsis_yasudae	fig4_q30_PE_itsxpress_unite_blast_top1_rescue	ITSxpress	PE	PE	ITSxpress
44289e0d4bb76d7dc0006d54ac820fc1	UNITE	Irpex	Unclassified	k__Fungi; p__Basidiomycota; c__Agaricomycetes; o__Polyporales; f__Irpicaceae; g__Irpex; s__Irpex_g	fig4_q30_PE_itsxpress_unite_blast_top1_rescue	ITSxpress	PE	PE	ITSxpress
6a018acae919ab5f0ca6dbedcb3ed281	UNITE	Polyporales_o	Polyporales_o	k__Fungi; p__Basidiomycota; c__Agaricomycetes; o__Polyporales; f__Polyporales_o; g__Polyporales_o; s__Polyporales_o	fig4_q30_PE_itsxpress_unite_blast_top1_rescue	ITSxpress	PE	PE	ITSxpress
77aef54800f91d2294bac5b9a9010594	UNITE	Malassezia	Malassezia_sympodialis	k__Fungi; p__Basidiomycota; c__Malasseziomycetes; o__Malasseziales; f__Malasseziaceae; g__Malassezia; s__Malassezia_sympodialis	fig4_q30_PE_itsxpress_unite_blast_top1_rescue	ITSxpress	PE	PE	ITSxpress
6b772c4a25b6812808e7bf2169afb415	UNITE	Schizophyllum	Schizophyllum_commune	k__Fungi; p__Basidiomycota; c__Agaricomycetes; o__Agaricales; f__Schizophyllaceae; g__Schizophyllum; s__Schizophyllum_commune	fig4_q30_PE_itsxpress_unite_blast_top1_rescue	ITSxpress	PE	PE	ITSxpress
2f9d7e8bea9501d87407a5e5a59bf89b	UNITE	Pleosporales_o	Pleosporales_o	k__Fungi; p__Ascomycota; c__Dothideomycetes; o__Pleosporales; f__Pleosporales_o; g__Pleosporales_o; s__Pleosporales_o	fig4_q30_PE_itsxpress_unite_blast_top1_rescue	ITSxpress	PE	PE	ITSxpress
aa449544b742da7c9fbfa39c0d3849fe	UNITE	Sistotremastrum	Sistotremastrum_guttuliferum	k__Fungi; p__Basidiomycota; c__Agaricomycetes; o__Trechisporales; f__Hydnodontaceae; g__Sistotremastrum; s__Sistotremastrum_guttuliferum	fig4_q30_PE_itsxpress_unite_blast_top1_rescue	ITSxpress	PE	PE	ITSxpress
2b12210b988a471a2a2e6a89aee198f1	UNITE	Crepidotus	Unclassified	k__Fungi; p__Basidiomycota; c__Agaricomycetes; o__Agaricales; f__Crepidotaceae; g__Crepidotus; s__Crepidotus_g	fig4_q30_PE_itsxpress_unite_blast_top1_rescue	ITSxpress	PE	PE	ITSxpress
c4882dc60b49c95b93e46ef6e32dfc12	UNITE	Pleosporales_o	Pleosporales_o	k__Fungi; p__Ascomycota; c__Dothideomycetes; o__Pleosporales; f__Pleosporales_o; g__Pleosporales_o; s__Pleosporales_o	fig4_q30_PE_itsxpress_unite_blast_top1_rescue	ITSxpress	PE	PE	ITSxpress
2aa87d0ebccf12b39baf51d91e447b2d	UNITE	Thanatephorus	Unclassified	k__Fungi; p__Basidiomycota; c__Agaricomycetes; o__Cantharellales; f__Ceratobasidiaceae; g__Thanatephorus; s__Thanatephorus_g	fig4_q30_PE_itsxpress_unite_blast_top1_rescue	ITSxpress	PE	PE	ITSxpress
b51e89e740a3b7d99fc2112e7b30bc00	UNITE	Rhizoplaca	Rhizoplaca_novomexicana	k__Fungi; p__Ascomycota; c__Lecanoromycetes; o__Lecanorales; f__Lecanoraceae; g__Rhizoplaca; s__Rhizoplaca_novomexicana	fig4_q30_PE_itsxpress_unite_blast_top1_rescue	ITSxpress	PE	PE	ITSxpress
2a03599d48e1a5883a372e8a8261d445	UNITE	Paragibellulopsis	Paragibellulopsis_chrysanthemi	k__Fungi; p__Ascomycota; c__Sordariomycetes; o__Glomerellales; f__Plectosphaerellaceae; g__Paragibellulopsis; s__Paragibellulopsis_chrysanthemi	fig4_q30_PE_itsxpress_unite_blast_top1_rescue	ITSxpress	PE	PE	ITSxpress
590e0069dcd5441f47684045349cd9c2	UNITE	Cystobasidium	Cystobasidium_slooffiae	k__Fungi; p__Basidiomycota; c__Cystobasidiomycetes; o__Cystobasidiales; f__Cystobasidiaceae; g__Cystobasidium; s__Cystobasidium_slooffiae	fig4_q30_PE_itsxpress_unite_blast_top1_rescue	ITSxpress	PE	PE	ITSxpress
f73a1a510817fc733ace7a6a70e7394e	UNITE	Irpex	Irpex_hacksungii	k__Fungi; p__Basidiomycota; c__Agaricomycetes; o__Polyporales; f__Irpicaceae; g__Irpex; s__Irpex_hacksungii	fig4_q30_PE_itsxpress_unite_blast_top1_rescue	ITSxpress	PE	PE	ITSxpress
ee606ee0d5d5f1f998149031ddfd45fc	UNITE	Phlebiopsis	Unclassified	k__Fungi; p__Basidiomycota; c__Agaricomycetes; o__Polyporales; f__Phanerochaetaceae; g__Phlebiopsis; s__Phlebiopsis_g	fig4_q30_PE_itsxpress_unite_blast_top1_rescue	ITSxpress	PE	PE	ITSxpress
69d7a7d7c05039ce3b5be70ffacc089f	UNITE	Biscogniauxia	Biscogniauxia_atropunctata	k__Fungi; p__Ascomycota; c__Sordariomycetes; o__Xylariales; f__Graphostromataceae; g__Biscogniauxia; s__Biscogniauxia_atropunctata	fig4_q30_PE_itsxpress_unite_blast_top1_rescue	ITSxpress	PE	PE	ITSxpress
ef7cf9848db5544fe03fb7d411336533	UNITE	Candida	Candida_dubliniensis	k__Fungi; p__Ascomycota; c__Saccharomycetes; o__Saccharomycetales; f__Saccharomycetales_fam_Incertae_sedis; g__Candida; s__Candida_dubliniensis	fig4_q30_PE_itsxpress_unite_blast_top1_rescue	ITSxpress	PE	PE	ITSxpress
206ac16e519bcdd9dd9f8a782ddfd8df	UNITE	Schizophyllum	Schizophyllum_commune	k__Fungi; p__Basidiomycota; c__Agaricomycetes; o__Agaricales; f__Schizophyllaceae; g__Schizophyllum; s__Schizophyllum_commune	fig4_q30_PE_itsxpress_unite_blast_top1_rescue	ITSxpress	PE	PE	ITSxpress
da93059e7d874e588773916cbcb5cebf	UNITE	Udeniomyces	Udeniomyces_pyricola	k__Fungi; p__Basidiomycota; c__Tremellomycetes; o__Cystofilobasidiales; f__Mrakiaceae; g__Udeniomyces; s__Udeniomyces_pyricola	fig4_q30_PE_itsxpress_unite_blast_top1_rescue	ITSxpress	PE	PE	ITSxpress
8e98c860323a68e9904cf3320be00300	UNITE	Mucor	Mucor_nidicola	k__Fungi; p__Mucoromycota; c__Mucoromycetes; o__Mucorales; f__Mucoraceae; g__Mucor; s__Mucor_nidicola	fig4_q30_PE_itsxpress_unite_blast_top1_rescue	ITSxpress	PE	PE	ITSxpress
5c3158d98ae7185c37026511e5dbdb2c	UNITE	Penicillium	Penicillium_sclerotiorum	k__Fungi; p__Ascomycota; c__Eurotiomycetes; o__Eurotiales; f__Aspergillaceae; g__Penicillium; s__Penicillium_sclerotiorum	fig4_q30_PE_itsxpress_unite_blast_top1_rescue	ITSxpress	PE	PE	ITSxpress
2e3204476045187561769297cb5deb63	UNITE	Steccherinum	Steccherinum_tenuissimum	k__Fungi; p__Basidiomycota; c__Agaricomycetes; o__Polyporales; f__Steccherinaceae; g__Steccherinum; s__Steccherinum_tenuissimum	fig4_q30_PE_itsxpress_unite_blast_top1_rescue	ITSxpress	PE	PE	ITSxpress
ae02184daf687a68ede894e742c6be8e	UNITE	Xylodon	Xylodon_flaviporus	k__Fungi; p__Basidiomycota; c__Agaricomycetes; o__Hymenochaetales; f__Schizoporaceae; g__Xylodon; s__Xylodon_flaviporus	fig4_q30_PE_itsxpress_unite_blast_top1_rescue	ITSxpress	PE	PE	ITSxpress
84b9d21cc143333232f36f500ea60299	UNITE	Atheliales_o	Atheliales_o	k__Fungi; p__Basidiomycota; c__Agaricomycetes; o__Atheliales; f__Atheliales_o; g__Atheliales_o; s__Atheliales_o	fig4_q30_PE_itsxpress_unite_blast_top1_rescue	ITSxpress	PE	PE	ITSxpress
2d5f90f732790862f85983cf328a51bf	UNITE	Peniophoraceae_f	Peniophoraceae_f	k__Fungi; p__Basidiomycota; c__Agaricomycetes; o__Russulales; f__Peniophoraceae; g__Peniophoraceae_f; s__Peniophoraceae_f	fig4_q30_PE_itsxpress_unite_blast_top1_rescue	ITSxpress	PE	PE	ITSxpress
3f1585818ee2ca5d837a80074f225019	UNITE	Ceriporia	Ceriporia_nanlingensis	k__Fungi; p__Basidiomycota; c__Agaricomycetes; o__Polyporales; f__Irpicaceae; g__Ceriporia; s__Ceriporia_nanlingensis	fig4_q30_PE_itsxpress_unite_blast_top1_rescue	ITSxpress	PE	PE	ITSxpress
dde3d9f44829488859e6425ff6f8dcd5	UNITE	Sporobolomyces	Sporobolomyces_carnicolor	k__Fungi; p__Basidiomycota; c__Microbotryomycetes; o__Sporidiobolales; f__Sporidiobolaceae; g__Sporobolomyces; s__Sporobolomyces_carnicolor	fig4_q30_PE_itsxpress_unite_blast_top1_rescue	ITSxpress	PE	PE	ITSxpress
6f1091e7efe7bc87c06bbea6642f1003	UNITE	Trametes	Trametes_hirsuta	k__Fungi; p__Basidiomycota; c__Agaricomycetes; o__Polyporales; f__Polyporaceae; g__Trametes; s__Trametes_hirsuta	fig4_q30_PE_itsxpress_unite_blast_top1_rescue	ITSxpress	PE	PE	ITSxpress
2502cb3a6108ac2eaa7d36cba4a08694	UNITE	Sarocladium	Sarocladium_zeae	k__Fungi; p__Ascomycota; c__Sordariomycetes; o__Hypocreales; f__Sarocladiaceae; g__Sarocladium; s__Sarocladium_zeae	fig4_q30_PE_itsxpress_unite_blast_top1_rescue	ITSxpress	PE	PE	ITSxpress
86033a0f68bf17feb67d641dd08a5e3b	UNITE	Fuscoporia	Fuscoporia_karsteniana	k__Fungi; p__Basidiomycota; c__Agaricomycetes; o__Hymenochaetales; f__Hymenochaetaceae; g__Fuscoporia; s__Fuscoporia_karsteniana	fig4_q30_PE_itsxpress_unite_blast_top1_rescue	ITSxpress	PE	PE	ITSxpress
f8d2f35ec8aba3368cfa9bdc9dc84831	UNITE	Irpex	Irpex_hacksungii	k__Fungi; p__Basidiomycota; c__Agaricomycetes; o__Polyporales; f__Irpicaceae; g__Irpex; s__Irpex_hacksungii	fig4_q30_PE_itsxpress_unite_blast_top1_rescue	ITSxpress	PE	PE	ITSxpress
44a05b01f5f5bea58a5e3a13e14d59fc	UNITE	Penicillium	Penicillium_citrinum	k__Fungi; p__Ascomycota; c__Eurotiomycetes; o__Eurotiales; f__Aspergillaceae; g__Penicillium; s__Penicillium_citrinum	fig4_q30_PE_itsxpress_unite_blast_top1_rescue	ITSxpress	PE	PE	ITSxpress
8b51ec7a91f7832c1606fd6ce117a808	UNITE	Coprinopsis	Unclassified	k__Fungi; p__Basidiomycota; c__Agaricomycetes; o__Agaricales; f__Psathyrellaceae; g__Coprinopsis; s__Coprinopsis_g	fig4_q30_PE_itsxpress_unite_blast_top1_rescue	ITSxpress	PE	PE	ITSxpress
98668f2433cc3fdfcf3c34e11d1ba521	UNITE	Helotiales_o	Helotiales_o	k__Fungi; p__Ascomycota; c__Leotiomycetes; o__Helotiales; f__Helotiales_o; g__Helotiales_o; s__Helotiales_o	fig4_q30_PE_itsxpress_unite_blast_top1_rescue	ITSxpress	PE	PE	ITSxpress
91ed5a72b201f13a385a89abeee5e191	UNITE	Talaromyces	Unclassified	k__Fungi; p__Ascomycota; c__Eurotiomycetes; o__Eurotiales; f__Trichocomaceae; g__Talaromyces; s__Talaromyces_g	fig4_q30_PE_itsxpress_unite_blast_top1_rescue	ITSxpress	PE	PE	ITSxpress
70b3cf507c15b1c220effff995cdd1ca	UNITE	Udeniomyces	Udeniomyces_pyricola	k__Fungi; p__Basidiomycota; c__Tremellomycetes; o__Cystofilobasidiales; f__Mrakiaceae; g__Udeniomyces; s__Udeniomyces_pyricola	fig4_q30_PE_itsxpress_unite_blast_top1_rescue	ITSxpress	PE	PE	ITSxpress
54f44042aa65835826eb2207758c96d9	UNITE	Penicillium	Penicillium_sumatraense	k__Fungi; p__Ascomycota; c__Eurotiomycetes; o__Eurotiales; f__Aspergillaceae; g__Penicillium; s__Penicillium_sumatraense	fig4_q30_PE_itsxpress_unite_blast_top1_rescue	ITSxpress	PE	PE	ITSxpress
b4d73ceb6dbaecaf84dd2dcf34566fbc	UNITE	Ceriporia	Ceriporia_nanlingensis	k__Fungi; p__Basidiomycota; c__Agaricomycetes; o__Polyporales; f__Irpicaceae; g__Ceriporia; s__Ceriporia_nanlingensis	fig4_q30_PE_itsxpress_unite_blast_top1_rescue	ITSxpress	PE	PE	ITSxpress
0ba4b040a2a556ef91e5ec66381abfaf	UNITE	Peniophoraceae_f	Peniophoraceae_f	k__Fungi; p__Basidiomycota; c__Agaricomycetes; o__Russulales; f__Peniophoraceae; g__Peniophoraceae_f; s__Peniophoraceae_f	fig4_q30_PE_itsxpress_unite_blast_top1_rescue	ITSxpress	PE	PE	ITSxpress
492e37f87b8dabd8e27df1474005bc0d	UNITE	Suillus	Suillus_viscidus	k__Fungi; p__Basidiomycota; c__Agaricomycetes; o__Boletales; f__Suillaceae; g__Suillus; s__Suillus_viscidus	fig4_q30_PE_itsxpress_unite_blast_top1_rescue	ITSxpress	PE	PE	ITSxpress
90a30f03ca37989d3320d5abf225636d	UNITE	Aureobasidium	Aureobasidium_pullulans	k__Fungi; p__Ascomycota; c__Dothideomycetes; o__Dothideales; f__Saccotheciaceae; g__Aureobasidium; s__Aureobasidium_pullulans	fig4_q30_PE_itsxpress_unite_blast_top1_rescue	ITSxpress	PE	PE	ITSxpress
4f6bba767820d950766bc71d6d15fec4	UNITE	Cryptococcus	Cryptococcus_neoformans	k__Fungi; p__Basidiomycota; c__Tremellomycetes; o__Tremellales; f__Cryptococcaceae; g__Cryptococcus; s__Cryptococcus_neoformans	fig4_q30_PE_itsxpress_unite_blast_top1_rescue	ITSxpress	PE	PE	ITSxpress
b930655cdbda2d0f0758d5276c15600d	UNITE	Aspergillus	Aspergillus_neotritici	k__Fungi; p__Ascomycota; c__Eurotiomycetes; o__Eurotiales; f__Aspergillaceae; g__Aspergillus; s__Aspergillus_neotritici	fig4_q30_PE_itsxpress_unite_blast_top1_rescue	ITSxpress	PE	PE	ITSxpress
b8b6019de3c607356ff1d4846d98a8df	UNITE	Xeromyces	Xeromyces_bisporus	k__Fungi; p__Ascomycota; c__Eurotiomycetes; o__Eurotiales; f__Aspergillaceae; g__Xeromyces; s__Xeromyces_bisporus	fig4_q30_PE_itsxpress_unite_blast_top1_rescue	ITSxpress	PE	PE	ITSxpress
0db72d18219924f45026b9dfa92538ec	UNITE	Mucor	Mucor_circinelloides	k__Fungi; p__Mucoromycota; c__Mucoromycetes; o__Mucorales; f__Mucoraceae; g__Mucor; s__Mucor_circinelloides	fig4_q30_PE_itsxpress_unite_blast_top1_rescue	ITSxpress	PE	PE	ITSxpress
f9d217f428c665f6e44a09c08fe0c485	UNITE	Rhizoplaca	Rhizoplaca_novomexicana	k__Fungi; p__Ascomycota; c__Lecanoromycetes; o__Lecanorales; f__Lecanoraceae; g__Rhizoplaca; s__Rhizoplaca_novomexicana	fig4_q30_PE_itsxpress_unite_blast_top1_rescue	ITSxpress	PE	PE	ITSxpress
6143c50035fe5fc5272475693b56bdf1	UNITE	Fungi_k	Fungi_k	k__Fungi; p__Fungi_k; c__Fungi_k; o__Fungi_k; f__Fungi_k; g__Fungi_k; s__Fungi_k	fig4_q30_PE_itsxpress_unite_blast_top1_rescue	ITSxpress	PE	PE	ITSxpress
5e8d3c0601be4315ab09e921da2d328f	UNITE	Burgoa	Unclassified	k__Fungi; p__Basidiomycota; c__Agaricomycetes; o__Cantharellales; f__Hydnaceae; g__Burgoa; s__Burgoa_g	fig4_q30_PE_itsxpress_unite_blast_top1_rescue	ITSxpress	PE	PE	ITSxpress
3aff115ea9dc889997fec9ab39973349	UNITE	Fungi_k	Fungi_k	k__Fungi; p__Fungi_k; c__Fungi_k; o__Fungi_k; f__Fungi_k; g__Fungi_k; s__Fungi_k	fig4_q30_PE_itsxpress_unite_blast_top1_rescue	ITSxpress	PE	PE	ITSxpress
53097c9e9e3c7ba253dbf5ec95c930fc	UNITE	Candolleomyces	Unclassified	k__Fungi; p__Basidiomycota; c__Agaricomycetes; o__Agaricales; f__Psathyrellaceae; g__Candolleomyces; s__Candolleomyces_g	fig4_q30_PE_itsxpress_unite_blast_top1_rescue	ITSxpress	PE	PE	ITSxpress
0b16710fc341de52d3db3a987523142b	UNITE	Penicillium	Penicillium_sumatraense	k__Fungi; p__Ascomycota; c__Eurotiomycetes; o__Eurotiales; f__Aspergillaceae; g__Penicillium; s__Penicillium_sumatraense	fig4_q30_PE_itsxpress_unite_blast_top1_rescue	ITSxpress	PE	PE	ITSxpress
e7453690825c89a6aed267d0b3afd8fc	UNITE	Rhodotorula	Rhodotorula_mucilaginosa	k__Fungi; p__Basidiomycota; c__Microbotryomycetes; o__Sporidiobolales; f__Sporidiobolaceae; g__Rhodotorula; s__Rhodotorula_mucilaginosa	fig4_q30_PE_itsxpress_unite_blast_top1_rescue	ITSxpress	PE	PE	ITSxpress
19258a7686e049de551d076a284dea99	UNITE	Kazachstania	Kazachstania_servazzii	k__Fungi; p__Ascomycota; c__Saccharomycetes; o__Saccharomycetales; f__Saccharomycetaceae; g__Kazachstania; s__Kazachstania_servazzii	fig4_q30_PE_itsxpress_unite_blast_top1_rescue	ITSxpress	PE	PE	ITSxpress
d41474f8e49115abf6f296e3fee6b8b1	UNITE	Aspergillus	Unclassified	k__Fungi; p__Ascomycota; c__Eurotiomycetes; o__Eurotiales; f__Aspergillaceae; g__Aspergillus; s__Aspergillus_g	fig4_q30_PE_itsxpress_unite_blast_top1_rescue	ITSxpress	PE	PE	ITSxpress
88bfe70998cfd35a12a909620792688a	UNITE	Ascomycota_p	Ascomycota_p	k__Fungi; p__Ascomycota; c__Ascomycota_p; o__Ascomycota_p; f__Ascomycota_p; g__Ascomycota_p; s__Ascomycota_p	fig4_q30_PE_itsxpress_unite_blast_top1_rescue	ITSxpress	PE	PE	ITSxpress
d5f4d4c61556cd9a88f8e7072585def2	UNITE	Epicoccum	Epicoccum_pimprinum	k__Fungi; p__Ascomycota; c__Dothideomycetes; o__Pleosporales; f__Didymellaceae; g__Epicoccum; s__Epicoccum_pimprinum	fig4_q30_PE_itsxpress_unite_blast_top1_rescue	ITSxpress	PE	PE	ITSxpress
cf9ccf0ca27f56fd87e0d496ea54b7a2	UNITE	Fungi_k	Fungi_k	k__Fungi; p__Fungi_k; c__Fungi_k; o__Fungi_k; f__Fungi_k; g__Fungi_k; s__Fungi_k	fig4_q30_PE_itsxpress_unite_blast_top1_rescue	ITSxpress	PE	PE	ITSxpress
dbf377afa279cfc8e072e84b0bcb4f3f	UNITE	Trechispora	Unclassified	k__Fungi; p__Basidiomycota; c__Agaricomycetes; o__Trechisporales; f__Hydnodontaceae; g__Trechispora; s__Trechispora_g	fig4_q30_PE_itsxpress_unite_blast_top1_rescue	ITSxpress	PE	PE	ITSxpress
12da108a541069a69ac639ae2edcd700	UNITE	Candida	Candida_albicans	k__Fungi; p__Ascomycota; c__Saccharomycetes; o__Saccharomycetales; f__Saccharomycetales_fam_Incertae_sedis; g__Candida; s__Candida_albicans	fig4_q30_PE_itsxpress_unite_blast_top1_rescue	ITSxpress	PE	PE	ITSxpress
ebd61c5d3dace237f7a2a5bfb8d391ab	UNITE	Fungi_k	Fungi_k	k__Fungi; p__Fungi_k; c__Fungi_k; o__Fungi_k; f__Fungi_k; g__Fungi_k; s__Fungi_k	fig4_q30_PE_itsxpress_unite_blast_top1_rescue	ITSxpress	PE	PE	ITSxpress
307336b90220c9e62068fc5a324cd764	UNITE	Rhizoplaca	Rhizoplaca_novomexicana	k__Fungi; p__Ascomycota; c__Lecanoromycetes; o__Lecanorales; f__Lecanoraceae; g__Rhizoplaca; s__Rhizoplaca_novomexicana	fig4_q30_PE_itsxpress_unite_blast_top1_rescue	ITSxpress	PE	PE	ITSxpress
e8afdba12110f5899c03436c55249876	UNITE	Irpex	Irpex_hacksungii	k__Fungi; p__Basidiomycota; c__Agaricomycetes; o__Polyporales; f__Irpicaceae; g__Irpex; s__Irpex_hacksungii	fig4_q30_PE_itsxpress_unite_blast_top1_rescue	ITSxpress	PE	PE	ITSxpress
94530c8fa842d70b5abe7c813790b5b2	UNITE	Debaryomyces	Debaryomyces_delbrueckii	k__Fungi; p__Ascomycota; c__Saccharomycetes; o__Saccharomycetales; f__Debaryomycetaceae; g__Debaryomyces; s__Debaryomyces_delbrueckii	fig4_q30_PE_itsxpress_unite_blast_top1_rescue	ITSxpress	PE	PE	ITSxpress
e132feac453bbe8e98e4f5550613e720	UNITE	Cryptococcus	Cryptococcus_neoformans	k__Fungi; p__Basidiomycota; c__Tremellomycetes; o__Tremellales; f__Cryptococcaceae; g__Cryptococcus; s__Cryptococcus_neoformans	fig4_q30_PE_itsxpress_unite_blast_top1_rescue	ITSxpress	PE	PE	ITSxpress
7759814383595a2d0ab1bf7b73171a44	UNITE	Malassezia	Malassezia_globosa	k__Fungi; p__Basidiomycota; c__Malasseziomycetes; o__Malasseziales; f__Malasseziaceae; g__Malassezia; s__Malassezia_globosa	fig4_q30_PE_itsxpress_unite_blast_top1_rescue	ITSxpress	PE	PE	ITSxpress
5c36e4197af8694525d815e3fcfb8e1b	UNITE	Cutaneotrichosporon	Cutaneotrichosporon_mucoides	k__Fungi; p__Basidiomycota; c__Tremellomycetes; o__Trichosporonales; f__Trichosporonaceae; g__Cutaneotrichosporon; s__Cutaneotrichosporon_mucoides	fig4_q30_PE_itsxpress_unite_blast_top1_rescue	ITSxpress	PE	PE	ITSxpress
ee6217a6ac1c382c5086ba8f01f9a6f5	UNITE	Nakaseomyces	Nakaseomyces_glabratus	k__Fungi; p__Ascomycota; c__Saccharomycetes; o__Saccharomycetales; f__Saccharomycetaceae; g__Nakaseomyces; s__Nakaseomyces_glabratus	fig4_q30_PE_itsxpress_unite_blast_top1_rescue	ITSxpress	PE	PE	ITSxpress
b5d734bb65d33dbb443d7b92850825f8	UNITE	Nakaseomyces	Nakaseomyces_glabratus	k__Fungi; p__Ascomycota; c__Saccharomycetes; o__Saccharomycetales; f__Saccharomycetaceae; g__Nakaseomyces; s__Nakaseomyces_glabratus	fig4_q30_PE_itsxpress_unite_blast_top1_rescue	ITSxpress	PE	PE	ITSxpress
915c63e977ee6d732c5eb8192795f959	UNITE	Fungi_k	Fungi_k	k__Fungi; p__Fungi_k; c__Fungi_k; o__Fungi_k; f__Fungi_k; g__Fungi_k; s__Fungi_k	fig4_q30_PE_itsxpress_unite_blast_top1_rescue	ITSxpress	PE	PE	ITSxpress
4410fbb6f29093b48a07044682c46bde	UNITE	Nakaseomyces	Nakaseomyces_glabratus	k__Fungi; p__Ascomycota; c__Saccharomycetes; o__Saccharomycetales; f__Saccharomycetaceae; g__Nakaseomyces; s__Nakaseomyces_glabratus	fig4_q30_PE_itsxpress_unite_blast_top1_rescue	ITSxpress	PE	PE	ITSxpress
57dff5e5f62d238d6f055b37452ac823	UNITE	Saccharomyces	Saccharomyces_cerevisiae	k__Fungi; p__Ascomycota; c__Saccharomycetes; o__Saccharomycetales; f__Saccharomycetaceae; g__Saccharomyces; s__Saccharomyces_cerevisiae	fig4_q30_PE_itsxpress_unite_blast_top1_rescue	ITSxpress	PE	PE	ITSxpress
ef5b732f4220ffb4068dfff3f4590237	UNITE	Leucosporidium	Leucosporidium_intermedium	k__Fungi; p__Basidiomycota; c__Microbotryomycetes; o__Leucosporidiales; f__Leucosporidiaceae; g__Leucosporidium; s__Leucosporidium_intermedium	fig4_q30_PE_itsxpress_unite_blast_top1_rescue	ITSxpress	PE	PE	ITSxpress
07b93f1e7b4522a701d9b3ef5874f881	UNITE	Trechispora	Unclassified	k__Fungi; p__Basidiomycota; c__Agaricomycetes; o__Trechisporales; f__Hydnodontaceae; g__Trechispora; s__Trechispora_g	fig4_q30_PE_itsxpress_unite_blast_top1_rescue	ITSxpress	PE	PE	ITSxpress
53c9feac786c2fec525605f3db4ae987	UNITE	Ascomycota_p	Ascomycota_p	k__Fungi; p__Ascomycota; c__Ascomycota_p; o__Ascomycota_p; f__Ascomycota_p; g__Ascomycota_p; s__Ascomycota_p	fig4_q30_PE_itsxpress_unite_blast_top1_rescue	ITSxpress	PE	PE	ITSxpress
2ce0943ee52455e0ef499cf2ef2d4e04	UNITE	Ascomycota_p	Ascomycota_p	k__Fungi; p__Ascomycota; c__Ascomycota_p; o__Ascomycota_p; f__Ascomycota_p; g__Ascomycota_p; s__Ascomycota_p	fig4_q30_PE_itsxpress_unite_blast_top1_rescue	ITSxpress	PE	PE	ITSxpress
19589d9adc9d312e7f28d4bddc000468	UNITE	Ascomycota_p	Ascomycota_p	k__Fungi; p__Ascomycota; c__Ascomycota_p; o__Ascomycota_p; f__Ascomycota_p; g__Ascomycota_p; s__Ascomycota_p	fig4_q30_PE_itsxpress_unite_blast_top1_rescue	ITSxpress	PE	PE	ITSxpress
bd796f04c04028b86ca7ece20df3e735	UNITE	Phlebia	Phlebia_acerina	k__Fungi; p__Basidiomycota; c__Agaricomycetes; o__Polyporales; f__Meruliaceae; g__Phlebia; s__Phlebia_acerina	fig4_q30_PE_itsxpress_unite_blast_top1_rescue	ITSxpress	PE	PE	ITSxpress
ad90f737406d7ec92b3e444e41d6ab49	UNITE	Stereaceae_f	Stereaceae_f	k__Fungi; p__Basidiomycota; c__Agaricomycetes; o__Russulales; f__Stereaceae; g__Stereaceae_f; s__Stereaceae_f	fig4_q30_PE_itsxpress_unite_blast_top1_rescue	ITSxpress	PE	PE	ITSxpress
29672ac01b5c6750735fed1907ddd347	UNITE	Hannaella	Hannaella_oryzae	k__Fungi; p__Basidiomycota; c__Tremellomycetes; o__Tremellales; f__Bulleribasidiaceae; g__Hannaella; s__Hannaella_oryzae	fig4_q30_PE_itsxpress_unite_blast_top1_rescue	ITSxpress	PE	PE	ITSxpress
12ae8aec67f6e9580e434bbd62c83dcd	UNITE	Helotiales_o	Helotiales_o	k__Fungi; p__Ascomycota; c__Leotiomycetes; o__Helotiales; f__Helotiales_o; g__Helotiales_o; s__Helotiales_o	fig4_q30_PE_itsxpress_unite_blast_top1_rescue	ITSxpress	PE	PE	ITSxpress
d6e7806fe6c49f4c960a7210ce8b929b	UNITE	Phaeosphaeriaceae_f	Phaeosphaeriaceae_f	k__Fungi; p__Ascomycota; c__Dothideomycetes; o__Pleosporales; f__Phaeosphaeriaceae; g__Phaeosphaeriaceae_f; s__Phaeosphaeriaceae_f	fig4_q30_PE_itsxpress_unite_blast_top1_rescue	ITSxpress	PE	PE	ITSxpress
2dbcbbad059800b66cce2a8752f950b6	UNITE	Phlebia	Phlebia_rufa	k__Fungi; p__Basidiomycota; c__Agaricomycetes; o__Polyporales; f__Meruliaceae; g__Phlebia; s__Phlebia_rufa	fig4_q30_PE_itsxpress_unite_blast_top1_rescue	ITSxpress	PE	PE	ITSxpress
1f2562bcd89888cd5dc1ecfc90af6ca5	UNITE	Paraphoma	Unclassified	k__Fungi; p__Ascomycota; c__Dothideomycetes; o__Pleosporales; f__Phaeosphaeriaceae; g__Paraphoma; s__Paraphoma_g	fig4_q30_PE_itsxpress_unite_blast_top1_rescue	ITSxpress	PE	PE	ITSxpress
cdd244abd5bf539f9d30cb7b2907eaa7	UNITE	Pleosporales_o	Pleosporales_o	k__Fungi; p__Ascomycota; c__Dothideomycetes; o__Pleosporales; f__Pleosporales_o; g__Pleosporales_o; s__Pleosporales_o	fig4_q30_PE_itsxpress_unite_blast_top1_rescue	ITSxpress	PE	PE	ITSxpress
5fd5a9eab2b0664e8973995690493bb7	UNITE	Irpex	Irpex_hacksungii	k__Fungi; p__Basidiomycota; c__Agaricomycetes; o__Polyporales; f__Irpicaceae; g__Irpex; s__Irpex_hacksungii	fig4_q30_PE_itsxpress_unite_blast_top1_rescue	ITSxpress	PE	PE	ITSxpress
60c4503cc5091926c0fe5039f5800884	UNITE	Paraphoma	Unclassified	k__Fungi; p__Ascomycota; c__Dothideomycetes; o__Pleosporales; f__Phaeosphaeriaceae; g__Paraphoma; s__Paraphoma_g	fig4_q30_PE_itsxpress_unite_blast_top1_rescue	ITSxpress	PE	PE	ITSxpress
fdad38ba45d5b299528d74bce258e06a	UNITE	Pluteus	Unclassified	k__Fungi; p__Basidiomycota; c__Agaricomycetes; o__Agaricales; f__Pluteaceae; g__Pluteus; s__Pluteus_g	fig4_q30_PE_itsxpress_unite_blast_top1_rescue	ITSxpress	PE	PE	ITSxpress
ede209db473731ebfe17f1dbf1c88156	UNITE	Coniothyrium	Coniothyrium_sidae	k__Fungi; p__Ascomycota; c__Dothideomycetes; o__Pleosporales; f__Coniothyriaceae; g__Coniothyrium; s__Coniothyrium_sidae	fig4_q30_PE_itsxpress_unite_blast_top1_rescue	ITSxpress	PE	PE	ITSxpress
8399a27795b0fabe060cc35c9f316118	UNITE	Hymenochaete	Hymenochaete_odontoides	k__Fungi; p__Basidiomycota; c__Agaricomycetes; o__Hymenochaetales; f__Hymenochaetaceae; g__Hymenochaete; s__Hymenochaete_odontoides	fig4_q30_PE_itsxpress_unite_blast_top1_rescue	ITSxpress	PE	PE	ITSxpress
99d42c21ca1a753040983bdb71b468f8	UNITE	Kazachstania	Kazachstania_servazzii	k__Fungi; p__Ascomycota; c__Saccharomycetes; o__Saccharomycetales; f__Saccharomycetaceae; g__Kazachstania; s__Kazachstania_servazzii	fig4_q30_PE_itsxpress_unite_blast_top1_rescue	ITSxpress	PE	PE	ITSxpress
c5fc3fd35912da93c85f5c96bd65b76d	UNITE	Pleosporales_o	Pleosporales_o	k__Fungi; p__Ascomycota; c__Dothideomycetes; o__Pleosporales; f__Pleosporales_o; g__Pleosporales_o; s__Pleosporales_o	fig4_q30_PE_itsxpress_unite_blast_top1_rescue	ITSxpress	PE	PE	ITSxpress
006daa04951eb9299f5610b4c6c17dc5	UNITE	Basidiomycota_p	Basidiomycota_p	k__Fungi; p__Basidiomycota; c__Basidiomycota_p; o__Basidiomycota_p; f__Basidiomycota_p; g__Basidiomycota_p; s__Basidiomycota_p	fig4_q30_PE_itsxpress_unite_blast_top1_rescue	ITSxpress	PE	PE	ITSxpress
8e9957d6ceecc6150dc312ec6ef1b716	UNITE	Peniophoraceae_f	Peniophoraceae_f	k__Fungi; p__Basidiomycota; c__Agaricomycetes; o__Russulales; f__Peniophoraceae; g__Peniophoraceae_f; s__Peniophoraceae_f	fig4_q30_PE_itsxpress_unite_blast_top1_rescue	ITSxpress	PE	PE	ITSxpress
61126afa4733fbaeff0e31a74c4e98ba	UNITE	Ascomycota_p	Ascomycota_p	k__Fungi; p__Ascomycota; c__Ascomycota_p; o__Ascomycota_p; f__Ascomycota_p; g__Ascomycota_p; s__Ascomycota_p	fig4_q30_PE_itsxpress_unite_blast_top1_rescue	ITSxpress	PE	PE	ITSxpress
1bf9d2e36256be1150b1fc46095f0716	UNITE	Exidia	Exidia_uvapassa	k__Fungi; p__Basidiomycota; c__Agaricomycetes; o__Auriculariales; f__Auriculariaceae; g__Exidia; s__Exidia_uvapassa	fig4_q30_PE_itsxpress_unite_blast_top1_rescue	ITSxpress	PE	PE	ITSxpress
07a2672158a9694178ccf1ab878fb08e	UNITE	Peniophoraceae_f	Peniophoraceae_f	k__Fungi; p__Basidiomycota; c__Agaricomycetes; o__Russulales; f__Peniophoraceae; g__Peniophoraceae_f; s__Peniophoraceae_f	fig4_q30_PE_itsxpress_unite_blast_top1_rescue	ITSxpress	PE	PE	ITSxpress
04a58f1fa63710803570b8b5e2d3733e	UNITE	Periconia	Periconia_celtidis	k__Fungi; p__Ascomycota; c__Dothideomycetes; o__Pleosporales; f__Periconiaceae; g__Periconia; s__Periconia_celtidis	fig4_q30_PE_itsxpress_unite_blast_top1_rescue	ITSxpress	PE	PE	ITSxpress
9e9aed34ec9b46ddf8b4be25bd081d10	UNITE	Komagataella	Komagataella_phaffii	k__Fungi; p__Ascomycota; c__Saccharomycetes; o__Saccharomycetales; f__Pichiaceae; g__Komagataella; s__Komagataella_phaffii	fig4_q30_PE_itsxpress_unite_blast_top1_rescue	ITSxpress	PE	PE	ITSxpress
5f07fdf487c0bf4b18dc8e6534d559e0	UNITE	Basidiomycota_p	Basidiomycota_p	k__Fungi; p__Basidiomycota; c__Basidiomycota_p; o__Basidiomycota_p; f__Basidiomycota_p; g__Basidiomycota_p; s__Basidiomycota_p	fig4_q30_PE_itsxpress_unite_blast_top1_rescue	ITSxpress	PE	PE	ITSxpress
671e1c45b579b74ae01911c39f15f5ed	UNITE	Peniophoraceae_f	Peniophoraceae_f	k__Fungi; p__Basidiomycota; c__Agaricomycetes; o__Russulales; f__Peniophoraceae; g__Peniophoraceae_f; s__Peniophoraceae_f	fig4_q30_PE_itsxpress_unite_blast_top1_rescue	ITSxpress	PE	PE	ITSxpress
7c96432a999d02dd7f21cbbdf5ea202a	UNITE	Hyphodontia	Hyphodontia_tropica	k__Fungi; p__Basidiomycota; c__Agaricomycetes; o__Hymenochaetales; f__Schizoporaceae; g__Hyphodontia; s__Hyphodontia_tropica	fig4_q30_PE_itsxpress_unite_blast_top1_rescue	ITSxpress	PE	PE	ITSxpress
006332ce4ff87f6466c8309cd667b472	UNITE	Irpex	Irpex_hacksungii	k__Fungi; p__Basidiomycota; c__Agaricomycetes; o__Polyporales; f__Irpicaceae; g__Irpex; s__Irpex_hacksungii	fig4_q30_PE_itsxpress_unite_blast_top1_rescue	ITSxpress	PE	PE	ITSxpress
cb2c0e20773df56a36e2a0f9eabe0e2d	UNITE	Thelebolus	Unclassified	k__Fungi; p__Ascomycota; c__Leotiomycetes; o__Thelebolales; f__Thelebolaceae; g__Thelebolus; s__Thelebolus_g	fig4_q30_PE_itsxpress_unite_blast_top1_rescue	ITSxpress	PE	PE	ITSxpress
c335aefb046c3a1f098bc46b7be0bff8	UNITE	Stereaceae_f	Stereaceae_f	k__Fungi; p__Basidiomycota; c__Agaricomycetes; o__Russulales; f__Stereaceae; g__Stereaceae_f; s__Stereaceae_f	fig4_q30_PE_itsxpress_unite_blast_top1_rescue	ITSxpress	PE	PE	ITSxpress
787f8227d35c58c25e5a1baaff22bcc5	UNITE	Phanerochaete	Unclassified	k__Fungi; p__Basidiomycota; c__Agaricomycetes; o__Polyporales; f__Phanerochaetaceae; g__Phanerochaete; s__Phanerochaete_g	fig4_q30_PE_itsxpress_unite_blast_top1_rescue	ITSxpress	PE	PE	ITSxpress
44f90264df134259ebc0896303d9a493	UNITE	Neosetophoma	Neosetophoma_guiyangensis	k__Fungi; p__Ascomycota; c__Dothideomycetes; o__Pleosporales; f__Phaeosphaeriaceae; g__Neosetophoma; s__Neosetophoma_guiyangensis	fig4_q30_PE_itsxpress_unite_blast_top1_rescue	ITSxpress	PE	PE	ITSxpress
cf51d4a65c9fa59fbf840dc7445265d5	UNITE	Mycoaciella	Mycoaciella_efibulata	k__Fungi; p__Basidiomycota; c__Agaricomycetes; o__Polyporales; f__Meruliaceae; g__Mycoaciella; s__Mycoaciella_efibulata	fig4_q30_PE_itsxpress_unite_blast_top1_rescue	ITSxpress	PE	PE	ITSxpress
358e5aeac803d1eb8da09407f491871c	UNITE	Trametes	Trametes_hirsuta	k__Fungi; p__Basidiomycota; c__Agaricomycetes; o__Polyporales; f__Polyporaceae; g__Trametes; s__Trametes_hirsuta	fig4_q30_PE_itsxpress_unite_blast_top1_rescue	ITSxpress	PE	PE	ITSxpress
6da5475f6575f181dd87a66917e36920	UNITE	Sistotrema	Sistotrema_brinkmannii	k__Fungi; p__Basidiomycota; c__Agaricomycetes; o__Cantharellales; f__Hydnaceae; g__Sistotrema; s__Sistotrema_brinkmannii	fig4_q30_PE_itsxpress_unite_blast_top1_rescue	ITSxpress	PE	PE	ITSxpress
5043729794cc2c896d6e9a0f1626e20e	UNITE	Agaricales_o	Agaricales_o	k__Fungi; p__Basidiomycota; c__Agaricomycetes; o__Agaricales; f__Agaricales_o; g__Agaricales_o; s__Agaricales_o	fig4_q30_PE_itsxpress_unite_blast_top1_rescue	ITSxpress	PE	PE	ITSxpress
ca7267bef65439e30d72c01f2ab17865	UNITE	Butyrea	Butyrea_japonica	k__Fungi; p__Basidiomycota; c__Agaricomycetes; o__Polyporales; f__Steccherinaceae; g__Butyrea; s__Butyrea_japonica	fig4_q30_PE_itsxpress_unite_blast_top1_rescue	ITSxpress	PE	PE	ITSxpress
040c1e07de80d76e56f1d8b0b573ca34	UNITE	Leptospora	Unclassified	k__Fungi; p__Ascomycota; c__Dothideomycetes; o__Pleosporales; f__Phaeosphaeriaceae; g__Leptospora; s__Leptospora_g	fig4_q30_PE_itsxpress_unite_blast_top1_rescue	ITSxpress	PE	PE	ITSxpress
5c8e2d68a3058342eb5318f0efcfef0e	UNITE	Scopuloides	Scopuloides_hydnoides	k__Fungi; p__Basidiomycota; c__Agaricomycetes; o__Polyporales; f__Meruliaceae; g__Scopuloides; s__Scopuloides_hydnoides	fig4_q30_PE_itsxpress_unite_blast_top1_rescue	ITSxpress	PE	PE	ITSxpress
ad5b23f99209f0b603e0c87d6cd42113	UNITE	Trametes	Trametes_hirsuta	k__Fungi; p__Basidiomycota; c__Agaricomycetes; o__Polyporales; f__Polyporaceae; g__Trametes; s__Trametes_hirsuta	fig4_q30_PE_itsxpress_unite_blast_top1_rescue	ITSxpress	PE	PE	ITSxpress
6850c27dec2af54194264e1aebf97dcd	UNITE	Fungi_k	Fungi_k	k__Fungi; p__Fungi_k; c__Fungi_k; o__Fungi_k; f__Fungi_k; g__Fungi_k; s__Fungi_k	fig4_q30_PE_itsxpress_unite_blast_top1_rescue	ITSxpress	PE	PE	ITSxpress
542c250da51659a9eb63accee552bd58	UNITE	Trametes	Trametes_versicolor	k__Fungi; p__Basidiomycota; c__Agaricomycetes; o__Polyporales; f__Polyporaceae; g__Trametes; s__Trametes_versicolor	fig4_q30_PE_itsxpress_unite_blast_top1_rescue	ITSxpress	PE	PE	ITSxpress
955540425e10bfa281031158fb849591	UNITE	Mycoaciella	Mycoaciella_efibulata	k__Fungi; p__Basidiomycota; c__Agaricomycetes; o__Polyporales; f__Meruliaceae; g__Mycoaciella; s__Mycoaciella_efibulata	fig4_q30_PE_itsxpress_unite_blast_top1_rescue	ITSxpress	PE	PE	ITSxpress
61ac22dac6fb3801dc5ea4a2a0f37828	UNITE	Pleurotus	Unclassified	k__Fungi; p__Basidiomycota; c__Agaricomycetes; o__Agaricales; f__Pleurotaceae; g__Pleurotus; s__Pleurotus_g	fig4_q30_PE_itsxpress_unite_blast_top1_rescue	ITSxpress	PE	PE	ITSxpress
e696a65744372846e5a5ad7901af11d5	UNITE	Fungi_k	Fungi_k	k__Fungi; p__Fungi_k; c__Fungi_k; o__Fungi_k; f__Fungi_k; g__Fungi_k; s__Fungi_k	fig4_q30_PE_itsxpress_unite_blast_top1_rescue	ITSxpress	PE	PE	ITSxpress
f4e14db83b8c8f27154cef63832ebf60	UNITE	Phlebia	Phlebia_acanthocystis	k__Fungi; p__Basidiomycota; c__Agaricomycetes; o__Polyporales; f__Meruliaceae; g__Phlebia; s__Phlebia_acanthocystis	fig4_q30_PE_itsxpress_unite_blast_top1_rescue	ITSxpress	PE	PE	ITSxpress
ef7c4591e1b81a9863d21132d9f67bb6	UNITE	Hericiaceae_f	Hericiaceae_f	k__Fungi; p__Basidiomycota; c__Agaricomycetes; o__Russulales; f__Hericiaceae; g__Hericiaceae_f; s__Hericiaceae_f	fig4_q30_PE_itsxpress_unite_blast_top1_rescue	ITSxpress	PE	PE	ITSxpress
b8a24610670d3ac10f0d3befe6902222	UNITE	Phanerochaete	Phanerochaete_cumulodentata	k__Fungi; p__Basidiomycota; c__Agaricomycetes; o__Polyporales; f__Phanerochaetaceae; g__Phanerochaete; s__Phanerochaete_cumulodentata	fig4_q30_PE_itsxpress_unite_blast_top1_rescue	ITSxpress	PE	PE	ITSxpress
f0547560c210f8f296ce2aa804c875d4	UNITE	Mycoaciella	Mycoaciella_efibulata	k__Fungi; p__Basidiomycota; c__Agaricomycetes; o__Polyporales; f__Meruliaceae; g__Mycoaciella; s__Mycoaciella_efibulata	fig4_q30_PE_itsxpress_unite_blast_top1_rescue	ITSxpress	PE	PE	ITSxpress
026c5263ced8f41669b14f7ee3ab05a6	UNITE	Ophiosphaerella	Ophiosphaerella_chiangraiensis	k__Fungi; p__Ascomycota; c__Dothideomycetes; o__Pleosporales; f__Phaeosphaeriaceae; g__Ophiosphaerella; s__Ophiosphaerella_chiangraiensis	fig4_q30_PE_itsxpress_unite_blast_top1_rescue	ITSxpress	PE	PE	ITSxpress
cc6d7b7ac9f42ac1add61a4e92cca4d0	UNITE	Trechisporales_o	Trechisporales_o	k__Fungi; p__Basidiomycota; c__Agaricomycetes; o__Trechisporales; f__Trechisporales_o; g__Trechisporales_o; s__Trechisporales_o	fig4_q30_PE_itsxpress_unite_blast_top1_rescue	ITSxpress	PE	PE	ITSxpress
dc65b17281e536dc27c59066ed5cb2b8	UNITE	Peniophoraceae_f	Peniophoraceae_f	k__Fungi; p__Basidiomycota; c__Agaricomycetes; o__Russulales; f__Peniophoraceae; g__Peniophoraceae_f; s__Peniophoraceae_f	fig4_q30_PE_itsxpress_unite_blast_top1_rescue	ITSxpress	PE	PE	ITSxpress
19e8704f50ae86ef8705db9c3141d9da	UNITE	Hyphoderma	Hyphoderma_setigerum	k__Fungi; p__Basidiomycota; c__Agaricomycetes; o__Polyporales; f__Hyphodermataceae; g__Hyphoderma; s__Hyphoderma_setigerum	fig4_q30_PE_itsxpress_unite_blast_top1_rescue	ITSxpress	PE	PE	ITSxpress
af27df91c11b097ab5c3f306fe0f535d	UNITE	Stereaceae_f	Stereaceae_f	k__Fungi; p__Basidiomycota; c__Agaricomycetes; o__Russulales; f__Stereaceae; g__Stereaceae_f; s__Stereaceae_f	fig4_q30_PE_itsxpress_unite_blast_top1_rescue	ITSxpress	PE	PE	ITSxpress
1a08b9d790491512c9b5ccdbebb31c4d	UNITE	Polyporales_o	Polyporales_o	k__Fungi; p__Basidiomycota; c__Agaricomycetes; o__Polyporales; f__Polyporales_o; g__Polyporales_o; s__Polyporales_o	fig4_q30_PE_itsxpress_unite_blast_top1_rescue	ITSxpress	PE	PE	ITSxpress
0e5c75d336000a526d2c07363fd305d0	UNITE	Peniophoraceae_f	Peniophoraceae_f	k__Fungi; p__Basidiomycota; c__Agaricomycetes; o__Russulales; f__Peniophoraceae; g__Peniophoraceae_f; s__Peniophoraceae_f	fig4_q30_PE_itsxpress_unite_blast_top1_rescue	ITSxpress	PE	PE	ITSxpress
d00e6d83defe1a30a8b325b1610196d3	UNITE	Clitopilus	Clitopilus_baronii	k__Fungi; p__Basidiomycota; c__Agaricomycetes; o__Agaricales; f__Entolomataceae; g__Clitopilus; s__Clitopilus_baronii	fig4_q30_PE_itsxpress_unite_blast_top1_rescue	ITSxpress	PE	PE	ITSxpress
7b0c2826eb7474c7abe104a585597010	UNITE	Ophiognomonia	Unclassified	k__Fungi; p__Ascomycota; c__Sordariomycetes; o__Diaporthales; f__Gnomoniaceae; g__Ophiognomonia; s__Ophiognomonia_g	fig4_q30_PE_itsxpress_unite_blast_top1_rescue	ITSxpress	PE	PE	ITSxpress
168e27f59b5437d613141aaa2f916072	UNITE	Dipodascaceae_f	Dipodascaceae_f	k__Fungi; p__Ascomycota; c__Saccharomycetes; o__Saccharomycetales; f__Dipodascaceae; g__Dipodascaceae_f; s__Dipodascaceae_f	fig4_q30_PE_itsxpress_unite_blast_top1_rescue	ITSxpress	PE	PE	ITSxpress
bb441be8bdf01e38ec90a625715d3f96	UNITE	Phlebiopsis	Phlebiopsis_gigantea	k__Fungi; p__Basidiomycota; c__Agaricomycetes; o__Polyporales; f__Phanerochaetaceae; g__Phlebiopsis; s__Phlebiopsis_gigantea	fig4_q30_PE_itsxpress_unite_blast_top1_rescue	ITSxpress	PE	PE	ITSxpress
06170a68f344fc34f5fbbd044733994e	UNITE	Xylodon	Xylodon_flaviporus	k__Fungi; p__Basidiomycota; c__Agaricomycetes; o__Hymenochaetales; f__Schizoporaceae; g__Xylodon; s__Xylodon_flaviporus	fig4_q30_PE_itsxpress_unite_blast_top1_rescue	ITSxpress	PE	PE	ITSxpress
82a2523cca06ea4da6692908c23a4d60	UNITE	Ceratobasidium	Unclassified	k__Fungi; p__Basidiomycota; c__Agaricomycetes; o__Cantharellales; f__Ceratobasidiaceae; g__Ceratobasidium; s__Ceratobasidium_g	fig4_q30_PE_itsxpress_unite_blast_top1_rescue	ITSxpress	PE	PE	ITSxpress
ed1c2120a1da64cd9a0b5ea27488f1cd	UNITE	Paraphoma	Unclassified	k__Fungi; p__Ascomycota; c__Dothideomycetes; o__Pleosporales; f__Phaeosphaeriaceae; g__Paraphoma; s__Paraphoma_g	fig4_q30_PE_itsxpress_unite_blast_top1_rescue	ITSxpress	PE	PE	ITSxpress
4a9eebc6771e1b0950879ee3dd5c5c70	UNITE	Aureobasidium	Aureobasidium_pullulans	k__Fungi; p__Ascomycota; c__Dothideomycetes; o__Dothideales; f__Saccotheciaceae; g__Aureobasidium; s__Aureobasidium_pullulans	fig4_q30_PE_itsxpress_unite_blast_top1_rescue	ITSxpress	PE	PE	ITSxpress
d77de9b0c238f001eff17e8590bee7f3	UNITE	Fungi_k	Fungi_k	k__Fungi; p__Fungi_k; c__Fungi_k; o__Fungi_k; f__Fungi_k; g__Fungi_k; s__Fungi_k	fig4_q30_PE_itsxpress_unite_blast_top1_rescue	ITSxpress	PE	PE	ITSxpress
dcc55e98f520f9d97db040a6f18089ed	UNITE	Ramularia	Unclassified	k__Fungi; p__Ascomycota; c__Dothideomycetes; o__Mycosphaerellales; f__Mycosphaerellaceae; g__Ramularia; s__Ramularia_g	fig4_q30_PE_itsxpress_unite_blast_top1_rescue	ITSxpress	PE	PE	ITSxpress
ce09f92e8ab71b4062be2fcbf797fc29	UNITE	Leptosillia	Unclassified	k__Fungi; p__Ascomycota; c__Sordariomycetes; o__Xylariales; f__Leptosilliaceae; g__Leptosillia; s__Leptosillia_g	fig4_q30_PE_itsxpress_unite_blast_top1_rescue	ITSxpress	PE	PE	ITSxpress
64ff5d05e3dad56364385a586b8236d4	UNITE	Pichia	Pichia_kudriavzevii	k__Fungi; p__Ascomycota; c__Saccharomycetes; o__Saccharomycetales; f__Pichiaceae; g__Pichia; s__Pichia_kudriavzevii	fig4_q30_PE_itsxpress_unite_blast_top1_rescue	ITSxpress	PE	PE	ITSxpress
a8471a97a89292ee71b9e346420d69e1	UNITE	Alternaria	Unclassified	k__Fungi; p__Ascomycota; c__Dothideomycetes; o__Pleosporales; f__Pleosporaceae; g__Alternaria; s__Alternaria_g	fig4_q30_PE_itsxpress_unite_blast_top1_rescue	ITSxpress	PE	PE	ITSxpress
387de4923eb7c1950b022e185327224b	UNITE	Ascomycota_p	Ascomycota_p	k__Fungi; p__Ascomycota; c__Ascomycota_p; o__Ascomycota_p; f__Ascomycota_p; g__Ascomycota_p; s__Ascomycota_p	fig4_q30_PE_itsxpress_unite_blast_top1_rescue	ITSxpress	PE	PE	ITSxpress
36461ec46bb917ed47cd574fbefddef4	UNITE	Neodevriesiaceae_f	Neodevriesiaceae_f	k__Fungi; p__Ascomycota; c__Dothideomycetes; o__Mycosphaerellales; f__Neodevriesiaceae; g__Neodevriesiaceae_f; s__Neodevriesiaceae_f	fig4_q30_PE_itsxpress_unite_blast_top1_rescue	ITSxpress	PE	PE	ITSxpress
aad545465f7a3c7d608c87b57b176a31	UNITE	Xylodon	Xylodon_flaviporus	k__Fungi; p__Basidiomycota; c__Agaricomycetes; o__Hymenochaetales; f__Schizoporaceae; g__Xylodon; s__Xylodon_flaviporus	fig4_q30_PE_itsxpress_unite_blast_top1_rescue	ITSxpress	PE	PE	ITSxpress
6ab43771f8d50d4e9268e3421e3e927f	UNITE	Schizophyllum	Schizophyllum_commune	k__Fungi; p__Basidiomycota; c__Agaricomycetes; o__Agaricales; f__Schizophyllaceae; g__Schizophyllum; s__Schizophyllum_commune	fig4_q30_PE_itsxpress_unite_blast_top1_rescue	ITSxpress	PE	PE	ITSxpress
6a0e3aee96bfc2772cd53575935a9820	UNITE	Alternaria	Unclassified	k__Fungi; p__Ascomycota; c__Dothideomycetes; o__Pleosporales; f__Pleosporaceae; g__Alternaria; s__Alternaria_g	fig4_q30_PE_itsxpress_unite_blast_top1_rescue	ITSxpress	PE	PE	ITSxpress
ba6f84c5a6c850e7dd2ac7ac28facbd6	UNITE	Schizophyllum	Schizophyllum_commune	k__Fungi; p__Basidiomycota; c__Agaricomycetes; o__Agaricales; f__Schizophyllaceae; g__Schizophyllum; s__Schizophyllum_commune	fig4_q30_PE_itsxpress_unite_blast_top1_rescue	ITSxpress	PE	PE	ITSxpress
410fa9b2d1c246b2da10b7c1800aecfe	UNITE	Cystofilobasidium	Cystofilobasidium_capitatum	k__Fungi; p__Basidiomycota; c__Tremellomycetes; o__Cystofilobasidiales; f__Cystofilobasidiaceae; g__Cystofilobasidium; s__Cystofilobasidium_capitatum	fig4_q30_PE_itsxpress_unite_blast_top1_rescue	ITSxpress	PE	PE	ITSxpress
9e0921e5bbd7ecf4d47f5134c8ca0d2a	UNITE	Ophiosphaerella	Ophiosphaerella_chiangraiensis	k__Fungi; p__Ascomycota; c__Dothideomycetes; o__Pleosporales; f__Phaeosphaeriaceae; g__Ophiosphaerella; s__Ophiosphaerella_chiangraiensis	fig4_q30_PE_itsxpress_unite_blast_top1_rescue	ITSxpress	PE	PE	ITSxpress
269110b876ccca673ccbec357552a076	UNITE	Xylodon	Xylodon_exilis	k__Fungi; p__Basidiomycota; c__Agaricomycetes; o__Hymenochaetales; f__Schizoporaceae; g__Xylodon; s__Xylodon_exilis	fig4_q30_PE_itsxpress_unite_blast_top1_rescue	ITSxpress	PE	PE	ITSxpress
77c50df4f2148df177a3936d185bcec2	UNITE	Hyphodontia	Hyphodontia_tropica	k__Fungi; p__Basidiomycota; c__Agaricomycetes; o__Hymenochaetales; f__Schizoporaceae; g__Hyphodontia; s__Hyphodontia_tropica	fig4_q30_PE_itsxpress_unite_blast_top1_rescue	ITSxpress	PE	PE	ITSxpress
63c9b0ae5186d4f240846adf2921d2a4	UNITE	Polyporales_o	Polyporales_o	k__Fungi; p__Basidiomycota; c__Agaricomycetes; o__Polyporales; f__Polyporales_o; g__Polyporales_o; s__Polyporales_o	fig4_q30_PE_itsxpress_unite_blast_top1_rescue	ITSxpress	PE	PE	ITSxpress
58912136ad5c68dae72bb4653a569b4d	UNITE	Pluteus	Pluteus_castroae	k__Fungi; p__Basidiomycota; c__Agaricomycetes; o__Agaricales; f__Pluteaceae; g__Pluteus; s__Pluteus_castroae	fig4_q30_PE_itsxpress_unite_blast_top1_rescue	ITSxpress	PE	PE	ITSxpress
d7517e7d7ccfcb017edef33e6825eda1	UNITE	Polyporales_o	Polyporales_o	k__Fungi; p__Basidiomycota; c__Agaricomycetes; o__Polyporales; f__Polyporales_o; g__Polyporales_o; s__Polyporales_o	fig4_q30_PE_itsxpress_unite_blast_top1_rescue	ITSxpress	PE	PE	ITSxpress
e88a98c4c0b539970aba2e9afdb652ff	UNITE	Sporobolomyces	Sporobolomyces_ruberrimus	k__Fungi; p__Basidiomycota; c__Microbotryomycetes; o__Sporidiobolales; f__Sporidiobolaceae; g__Sporobolomyces; s__Sporobolomyces_ruberrimus	fig4_q30_PE_itsxpress_unite_blast_top1_rescue	ITSxpress	PE	PE	ITSxpress
427b2120e9fdcd3b20071ccba4e21cc3	UNITE	Schizoporaceae_f	Schizoporaceae_f	k__Fungi; p__Basidiomycota; c__Agaricomycetes; o__Hymenochaetales; f__Schizoporaceae; g__Schizoporaceae_f; s__Schizoporaceae_f	fig4_q30_PE_itsxpress_unite_blast_top1_rescue	ITSxpress	PE	PE	ITSxpress
1aa1322a555933d26756115adcdd8306	UNITE	Amphisphaeriales_o	Amphisphaeriales_o	k__Fungi; p__Ascomycota; c__Sordariomycetes; o__Amphisphaeriales; f__Amphisphaeriales_o; g__Amphisphaeriales_o; s__Amphisphaeriales_o	fig4_q30_PE_itsxpress_unite_blast_top1_rescue	ITSxpress	PE	PE	ITSxpress
0673e25cd741e9931970123bad8cd6ae	UNITE	Fungi_k	Fungi_k	k__Fungi; p__Fungi_k; c__Fungi_k; o__Fungi_k; f__Fungi_k; g__Fungi_k; s__Fungi_k	fig4_q30_PE_itsxpress_unite_blast_top1_rescue	ITSxpress	PE	PE	ITSxpress
f4fd6035608dbd454bc773ff604d85cc	UNITE	Peniophorella	Peniophorella_crystallifera	k__Fungi; p__Basidiomycota; c__Agaricomycetes; o__Hymenochaetales; f__Rickenellaceae; g__Peniophorella; s__Peniophorella_crystallifera	fig4_q30_PE_itsxpress_unite_blast_top1_rescue	ITSxpress	PE	PE	ITSxpress
b505a782b64eae6f885a9098ba8df509	UNITE	Candolleomyces	Unclassified	k__Fungi; p__Basidiomycota; c__Agaricomycetes; o__Agaricales; f__Psathyrellaceae; g__Candolleomyces; s__Candolleomyces_g	fig4_q30_PE_itsxpress_unite_blast_top1_rescue	ITSxpress	PE	PE	ITSxpress
9f3cfc4c1a3fbf21503b961819b2fcbf	UNITE	Coprinellus	Unclassified	k__Fungi; p__Basidiomycota; c__Agaricomycetes; o__Agaricales; f__Psathyrellaceae; g__Coprinellus; s__Coprinellus_g	fig4_q30_PE_itsxpress_unite_blast_top1_rescue	ITSxpress	PE	PE	ITSxpress
7860959ab1ce8a841054c4d3d15221d0	UNITE	Stereaceae_f	Stereaceae_f	k__Fungi; p__Basidiomycota; c__Agaricomycetes; o__Russulales; f__Stereaceae; g__Stereaceae_f; s__Stereaceae_f	fig4_q30_PE_itsxpress_unite_blast_top1_rescue	ITSxpress	PE	PE	ITSxpress
7958aa59fd7588c60330ce6799597d81	UNITE	Agaricomycetes_c	Agaricomycetes_c	k__Fungi; p__Basidiomycota; c__Agaricomycetes; o__Agaricomycetes_c; f__Agaricomycetes_c; g__Agaricomycetes_c; s__Agaricomycetes_c	fig4_q30_PE_itsxpress_unite_blast_top1_rescue	ITSxpress	PE	PE	ITSxpress
d03b42d094fc26abc401a439481e5e12	UNITE	Diatrypaceae_f	Diatrypaceae_f	k__Fungi; p__Ascomycota; c__Sordariomycetes; o__Xylariales; f__Diatrypaceae; g__Diatrypaceae_f; s__Diatrypaceae_f	fig4_q30_PE_itsxpress_unite_blast_top1_rescue	ITSxpress	PE	PE	ITSxpress
257c7dbafd43e052b6ff952661ed50db	UNITE	Trametes	Unclassified	k__Fungi; p__Basidiomycota; c__Agaricomycetes; o__Polyporales; f__Polyporaceae; g__Trametes; s__Trametes_g	fig4_q30_PE_itsxpress_unite_blast_top1_rescue	ITSxpress	PE	PE	ITSxpress
d06ee85ecbb1b97b12f84c0d16ead2e3	UNITE	Botrytis	Botrytis_caroliniana	k__Fungi; p__Ascomycota; c__Leotiomycetes; o__Helotiales; f__Sclerotiniaceae; g__Botrytis; s__Botrytis_caroliniana	fig4_q30_PE_itsxpress_unite_blast_top1_rescue	ITSxpress	PE	PE	ITSxpress
c0be5a766a77d1b40339c3847e707d78	UNITE	Mycoaciella	Mycoaciella_efibulata	k__Fungi; p__Basidiomycota; c__Agaricomycetes; o__Polyporales; f__Meruliaceae; g__Mycoaciella; s__Mycoaciella_efibulata	fig4_q30_PE_itsxpress_unite_blast_top1_rescue	ITSxpress	PE	PE	ITSxpress
91026d5ecd0fdcfb7b364d2d0871d36d	UNITE	Polyporales_o	Polyporales_o	k__Fungi; p__Basidiomycota; c__Agaricomycetes; o__Polyporales; f__Polyporales_o; g__Polyporales_o; s__Polyporales_o	fig4_q30_PE_itsxpress_unite_blast_top1_rescue	ITSxpress	PE	PE	ITSxpress
c89bc141df239be15bf707bdd443fa11	UNITE	Dissoconium	Unclassified	k__Fungi; p__Ascomycota; c__Dothideomycetes; o__Mycosphaerellales; f__Dissoconiaceae; g__Dissoconium; s__Dissoconium_g	fig4_q30_PE_itsxpress_unite_blast_top1_rescue	ITSxpress	PE	PE	ITSxpress
78f1ff03d895408d0bbfc76f894befec	UNITE	Parastagonospora	Unclassified	k__Fungi; p__Ascomycota; c__Dothideomycetes; o__Pleosporales; f__Phaeosphaeriaceae; g__Parastagonospora; s__Parastagonospora_g	fig4_q30_PE_itsxpress_unite_blast_top1_rescue	ITSxpress	PE	PE	ITSxpress
9bfc8e9697969f1165a87662c168f423	UNITE	Sistotremastrum	Unclassified	k__Fungi; p__Basidiomycota; c__Agaricomycetes; o__Trechisporales; f__Hydnodontaceae; g__Sistotremastrum; s__Sistotremastrum_g	fig4_q30_PE_itsxpress_unite_blast_top1_rescue	ITSxpress	PE	PE	ITSxpress
89213e5d64cafbad1947e54bdb84a3d6	UNITE	Peniophorella	Peniophorella_pubera	k__Fungi; p__Basidiomycota; c__Agaricomycetes; o__Hymenochaetales; f__Rickenellaceae; g__Peniophorella; s__Peniophorella_pubera	fig4_q30_PE_itsxpress_unite_blast_top1_rescue	ITSxpress	PE	PE	ITSxpress
69cd5398b6e9164003f09fa393e6f17b	UNITE	Polyporales_o	Polyporales_o	k__Fungi; p__Basidiomycota; c__Agaricomycetes; o__Polyporales; f__Polyporales_o; g__Polyporales_o; s__Polyporales_o	fig4_q30_PE_itsxpress_unite_blast_top1_rescue	ITSxpress	PE	PE	ITSxpress
74a06cbc0b620e28eca3ca122274f99c	UNITE	Coprinopsis	Coprinopsis_urticicola	k__Fungi; p__Basidiomycota; c__Agaricomycetes; o__Agaricales; f__Psathyrellaceae; g__Coprinopsis; s__Coprinopsis_urticicola	fig4_q30_PE_itsxpress_unite_blast_top1_rescue	ITSxpress	PE	PE	ITSxpress
80656d9a953b600388a8d5b3284216b9	UNITE+RefSeq BLAST	Candida	Candida_albicans	NA	fig4_q30_PE_itsxpress_unite_blast_top1_rescue	ITSxpress	PE	PE	ITSxpress
6092927047fe7a692354e4fd7c745e4c	UNITE+RefSeq BLAST	Cutaneotrichosporon	Cutaneotrichosporon_mucoides	NA	fig4_q30_PE_itsxpress_unite_blast_top1_rescue	ITSxpress	PE	PE	ITSxpress
301628c5f05bcb9636f353d42fcc04c6	UNITE+RefSeq BLAST	Cryptococcus	Cryptococcus_neoformans	NA	fig4_q30_PE_itsxpress_unite_blast_top1_rescue	ITSxpress	PE	PE	ITSxpress
2d783fc0a24c9350fd6e4c008ade61f1	UNITE+RefSeq BLAST	Penicillium	Penicillium_chrysogenum	NA	fig4_q30_PE_itsxpress_unite_blast_top1_rescue	ITSxpress	PE	PE	ITSxpress
d6f3e15b67c356651253d4bfee7bb46f	UNITE+RefSeq BLAST	Nakaseomyces	Nakaseomyces_glabratus	NA	fig4_q30_PE_itsxpress_unite_blast_top1_rescue	ITSxpress	PE	PE	ITSxpress
315affd4c31c0bc2a94bf5db590086cd	UNITE+RefSeq BLAST	Saccharomyces	Saccharomyces_cerevisiae	NA	fig4_q30_PE_itsxpress_unite_blast_top1_rescue	ITSxpress	PE	PE	ITSxpress
e6042d9d33d4676b7a7d6c7d232be5b0	UNITE+RefSeq BLAST	Aspergillus	Aspergillus_fumigatus	NA	fig4_q30_PE_itsxpress_unite_blast_top1_rescue	ITSxpress	PE	PE	ITSxpress
1452b25fcc2cf988fd7ab91920806410	UNITE+RefSeq BLAST	Trichophyton	Trichophyton_mentagrophytes	NA	fig4_q30_PE_itsxpress_unite_blast_top1_rescue	ITSxpress	PE	PE	ITSxpress
abc7679572c0b1ba3de8661e079cb062	UNITE+RefSeq BLAST	Cutaneotrichosporon	Cutaneotrichosporon_debeurmannianum	NA	fig4_q30_PE_itsxpress_unite_blast_top1_rescue	ITSxpress	PE	PE	ITSxpress
e399dc7c0823811b06f9eea10fa4ea6c	UNITE+RefSeq BLAST	Cladosporium	Cladosporium_angustisporum	NA	fig4_q30_PE_itsxpress_unite_blast_top1_rescue	ITSxpress	PE	PE	ITSxpress
fd56d5d2d7ab0969f3ea9d3294133409	UNITE+RefSeq BLAST	Irpex	Irpex_hacksungii	NA	fig4_q30_PE_itsxpress_unite_blast_top1_rescue	ITSxpress	PE	PE	ITSxpress
5fe8ba6be9294240d26f875ee767f4fe	UNITE+RefSeq BLAST	Kazachstania	Kazachstania_servazzii	NA	fig4_q30_PE_itsxpress_unite_blast_top1_rescue	ITSxpress	PE	PE	ITSxpress
2fac1bc2c61bb76209c62f3be67e15e8	UNITE+RefSeq BLAST	Irpex	Unclassified	NA	fig4_q30_PE_itsxpress_unite_blast_top1_rescue	ITSxpress	PE	PE	ITSxpress
0ed3a8becd603707260c02ce989b1e2d	UNITE+RefSeq BLAST	Debaryomyces	Debaryomyces_delbrueckii	NA	fig4_q30_PE_itsxpress_unite_blast_top1_rescue	ITSxpress	PE	PE	ITSxpress
0d7f1fa221989e0cc733a52a1d979bfa	UNITE+RefSeq BLAST	Cladosporium	Cladosporium_angustisporum	NA	fig4_q30_PE_itsxpress_unite_blast_top1_rescue	ITSxpress	PE	PE	ITSxpress
ed3e9912ffac4094303328fb6a4ea10c	UNITE+RefSeq BLAST	Fusarium	Fusarium_keratoplasticum	NA	fig4_q30_PE_itsxpress_unite_blast_top1_rescue	ITSxpress	PE	PE	ITSxpress
c3b3863baf308516d9bae664ff9843c6	UNITE+RefSeq BLAST	Nigrospora	Unclassified	NA	fig4_q30_PE_itsxpress_unite_blast_top1_rescue	ITSxpress	PE	PE	ITSxpress
ef2ebeb91f91b576bbd95b341aed051e	UNITE+RefSeq BLAST	Peniophoraceae_f	Peniophoraceae_f	NA	fig4_q30_PE_itsxpress_unite_blast_top1_rescue	ITSxpress	PE	PE	ITSxpress
e42387237c012c1ed92a8c7f9dd2e2eb	UNITE+RefSeq BLAST	Stereaceae_f	Stereaceae_f	NA	fig4_q30_PE_itsxpress_unite_blast_top1_rescue	ITSxpress	PE	PE	ITSxpress
921f876dd61c8fdd639a56fbb16d7b6c	UNITE+RefSeq BLAST	Neodidymella	Neodidymella_thailandicum	NA	fig4_q30_PE_itsxpress_unite_blast_top1_rescue	ITSxpress	PE	PE	ITSxpress
f1c57273935879d23965899d63727f74	UNITE+RefSeq BLAST	Aspergillus	Aspergillus_ruber	NA	fig4_q30_PE_itsxpress_unite_blast_top1_rescue	ITSxpress	PE	PE	ITSxpress
98906e38db8e05a595f3c0efb3021003	UNITE+RefSeq BLAST	Penicillium	Penicillium_patris-mei	NA	fig4_q30_PE_itsxpress_unite_blast_top1_rescue	ITSxpress	PE	PE	ITSxpress
558f634792c8b5cee619778f270e8ee0	UNITE+RefSeq BLAST	Saccharomyces	Saccharomyces_cerevisiae	NA	fig4_q30_PE_itsxpress_unite_blast_top1_rescue	ITSxpress	PE	PE	ITSxpress
37d4a335bf1d51f01582d9471a112681	UNITE+RefSeq BLAST	Bjerkandera	Bjerkandera_adusta	NA	fig4_q30_PE_itsxpress_unite_blast_top1_rescue	ITSxpress	PE	PE	ITSxpress
f806a2396402eab6244a8d52e08a9f7e	UNITE+RefSeq BLAST	Mucor	Mucor_circinelloides	NA	fig4_q30_PE_itsxpress_unite_blast_top1_rescue	ITSxpress	PE	PE	ITSxpress
02d4c47b6b2f2c61e8e6fb701b5f4dea	UNITE+RefSeq BLAST	Bullera	Bullera_alba	NA	fig4_q30_PE_itsxpress_unite_blast_top1_rescue	ITSxpress	PE	PE	ITSxpress
2bffa5bd228042e3fc0e3f30f48c6c13	UNITE+RefSeq BLAST	Candolleomyces	Candolleomyces_subminutisporus	NA	fig4_q30_PE_itsxpress_unite_blast_top1_rescue	ITSxpress	PE	PE	ITSxpress
7904340b100395ea12dbea044726ee08	UNITE+RefSeq BLAST	Fungi_k	Fungi_k	NA	fig4_q30_PE_itsxpress_unite_blast_top1_rescue	ITSxpress	PE	PE	ITSxpress
4fe0a80f8c4b0a6cfc9a15c0926fd3f1	UNITE+RefSeq BLAST	Ophiognomonia	Ophiognomonia_pseudoischnostyla	NA	fig4_q30_PE_itsxpress_unite_blast_top1_rescue	ITSxpress	PE	PE	ITSxpress
4f0eeafcb9177222412728e3822743a3	UNITE+RefSeq BLAST	Irpex	Irpex_hacksungii	NA	fig4_q30_PE_itsxpress_unite_blast_top1_rescue	ITSxpress	PE	PE	ITSxpress
f4d47d9e9f949ba9f162bbf4faea2866	UNITE+RefSeq BLAST	Fungi_k	Fungi_k	NA	fig4_q30_PE_itsxpress_unite_blast_top1_rescue	ITSxpress	PE	PE	ITSxpress
db0a45e1bb8405ca1fe091daa37fd2ec	UNITE+RefSeq BLAST	Peniophoraceae_f	Peniophoraceae_f	NA	fig4_q30_PE_itsxpress_unite_blast_top1_rescue	ITSxpress	PE	PE	ITSxpress
b2c6907b3db766724d2335436d7e33f4	UNITE+RefSeq BLAST	Peniophoraceae_f	Peniophoraceae_f	NA	fig4_q30_PE_itsxpress_unite_blast_top1_rescue	ITSxpress	PE	PE	ITSxpress
0ad03262fa2155cc0cae6071e227df84	UNITE+RefSeq BLAST	Hericiaceae_f	Hericiaceae_f	NA	fig4_q30_PE_itsxpress_unite_blast_top1_rescue	ITSxpress	PE	PE	ITSxpress
3f4c30d9dbda2e4629b7ba6a41354eb0	UNITE+RefSeq BLAST	Trametes	Trametes_pubescens	NA	fig4_q30_PE_itsxpress_unite_blast_top1_rescue	ITSxpress	PE	PE	ITSxpress
d2e25b6611bfc517eb12d22c4f1f0ac0	UNITE+RefSeq BLAST	Irpex	Irpex_laceratus	NA	fig4_q30_PE_itsxpress_unite_blast_top1_rescue	ITSxpress	PE	PE	ITSxpress
f9bc2c7d2647a3b4e63ca4b721021da9	UNITE+RefSeq BLAST	Daedaleopsis	Daedaleopsis_confragosa	NA	fig4_q30_PE_itsxpress_unite_blast_top1_rescue	ITSxpress	PE	PE	ITSxpress
ff0b3c0f2f9029863279aaec209a64b5	UNITE+RefSeq BLAST	Tilletiopsis	Tilletiopsis_washingtonensis	NA	fig4_q30_PE_itsxpress_unite_blast_top1_rescue	ITSxpress	PE	PE	ITSxpress
7bb64ea8b4df8344319d79a47d3a8afa	UNITE+RefSeq BLAST	Phanerochaete	Phanerochaete_livescens	NA	fig4_q30_PE_itsxpress_unite_blast_top1_rescue	ITSxpress	PE	PE	ITSxpress
17586e36e8ab48f597210c14bb4b14a1	UNITE+RefSeq BLAST	Sporobolomyces	Sporobolomyces_phaffii	NA	fig4_q30_PE_itsxpress_unite_blast_top1_rescue	ITSxpress	PE	PE	ITSxpress
e10697f67b5d8c5ca3d33e56594068bf	UNITE+RefSeq BLAST	Rhizoplaca	Rhizoplaca_novomexicana	NA	fig4_q30_PE_itsxpress_unite_blast_top1_rescue	ITSxpress	PE	PE	ITSxpress
6cf8e6273ab065c307d3712ac2dbfe1d	UNITE+RefSeq BLAST	Hymenochaetopsis	Hymenochaetopsis_yasudae	NA	fig4_q30_PE_itsxpress_unite_blast_top1_rescue	ITSxpress	PE	PE	ITSxpress
44289e0d4bb76d7dc0006d54ac820fc1	UNITE+RefSeq BLAST	Irpex	Unclassified	NA	fig4_q30_PE_itsxpress_unite_blast_top1_rescue	ITSxpress	PE	PE	ITSxpress
6a018acae919ab5f0ca6dbedcb3ed281	UNITE+RefSeq BLAST	Polyporales_o	Polyporales_o	NA	fig4_q30_PE_itsxpress_unite_blast_top1_rescue	ITSxpress	PE	PE	ITSxpress
77aef54800f91d2294bac5b9a9010594	UNITE+RefSeq BLAST	Malassezia	Malassezia_sympodialis	NA	fig4_q30_PE_itsxpress_unite_blast_top1_rescue	ITSxpress	PE	PE	ITSxpress
6b772c4a25b6812808e7bf2169afb415	UNITE+RefSeq BLAST	Schizophyllum	Schizophyllum_commune	NA	fig4_q30_PE_itsxpress_unite_blast_top1_rescue	ITSxpress	PE	PE	ITSxpress
2f9d7e8bea9501d87407a5e5a59bf89b	UNITE+RefSeq BLAST	Pleosporales_o	Pleosporales_o	NA	fig4_q30_PE_itsxpress_unite_blast_top1_rescue	ITSxpress	PE	PE	ITSxpress
aa449544b742da7c9fbfa39c0d3849fe	UNITE+RefSeq BLAST	Sistotremastrum	Sistotremastrum_guttuliferum	NA	fig4_q30_PE_itsxpress_unite_blast_top1_rescue	ITSxpress	PE	PE	ITSxpress
2b12210b988a471a2a2e6a89aee198f1	UNITE+RefSeq BLAST	Crepidotus	Unclassified	NA	fig4_q30_PE_itsxpress_unite_blast_top1_rescue	ITSxpress	PE	PE	ITSxpress
c4882dc60b49c95b93e46ef6e32dfc12	UNITE+RefSeq BLAST	Cladosporium	Cladosporium_colocasiae	NA	fig4_q30_PE_itsxpress_unite_blast_top1_rescue	ITSxpress	PE	PE	ITSxpress
2aa87d0ebccf12b39baf51d91e447b2d	UNITE+RefSeq BLAST	Thanatephorus	Unclassified	NA	fig4_q30_PE_itsxpress_unite_blast_top1_rescue	ITSxpress	PE	PE	ITSxpress
b51e89e740a3b7d99fc2112e7b30bc00	UNITE+RefSeq BLAST	Rhizoplaca	Rhizoplaca_novomexicana	NA	fig4_q30_PE_itsxpress_unite_blast_top1_rescue	ITSxpress	PE	PE	ITSxpress
2a03599d48e1a5883a372e8a8261d445	UNITE+RefSeq BLAST	Paragibellulopsis	Paragibellulopsis_chrysanthemi	NA	fig4_q30_PE_itsxpress_unite_blast_top1_rescue	ITSxpress	PE	PE	ITSxpress
590e0069dcd5441f47684045349cd9c2	UNITE+RefSeq BLAST	Cystobasidium	Cystobasidium_slooffiae	NA	fig4_q30_PE_itsxpress_unite_blast_top1_rescue	ITSxpress	PE	PE	ITSxpress
f73a1a510817fc733ace7a6a70e7394e	UNITE+RefSeq BLAST	Irpex	Irpex_hacksungii	NA	fig4_q30_PE_itsxpress_unite_blast_top1_rescue	ITSxpress	PE	PE	ITSxpress
ee606ee0d5d5f1f998149031ddfd45fc	UNITE+RefSeq BLAST	Phlebiopsis	Unclassified	NA	fig4_q30_PE_itsxpress_unite_blast_top1_rescue	ITSxpress	PE	PE	ITSxpress
69d7a7d7c05039ce3b5be70ffacc089f	UNITE+RefSeq BLAST	Biscogniauxia	Biscogniauxia_atropunctata	NA	fig4_q30_PE_itsxpress_unite_blast_top1_rescue	ITSxpress	PE	PE	ITSxpress
ef7cf9848db5544fe03fb7d411336533	UNITE+RefSeq BLAST	Candida	Candida_dubliniensis	NA	fig4_q30_PE_itsxpress_unite_blast_top1_rescue	ITSxpress	PE	PE	ITSxpress
206ac16e519bcdd9dd9f8a782ddfd8df	UNITE+RefSeq BLAST	Schizophyllum	Schizophyllum_commune	NA	fig4_q30_PE_itsxpress_unite_blast_top1_rescue	ITSxpress	PE	PE	ITSxpress
da93059e7d874e588773916cbcb5cebf	UNITE+RefSeq BLAST	Udeniomyces	Udeniomyces_pyricola	NA	fig4_q30_PE_itsxpress_unite_blast_top1_rescue	ITSxpress	PE	PE	ITSxpress
8e98c860323a68e9904cf3320be00300	UNITE+RefSeq BLAST	Mucor	Mucor_nidicola	NA	fig4_q30_PE_itsxpress_unite_blast_top1_rescue	ITSxpress	PE	PE	ITSxpress
5c3158d98ae7185c37026511e5dbdb2c	UNITE+RefSeq BLAST	Penicillium	Penicillium_sclerotiorum	NA	fig4_q30_PE_itsxpress_unite_blast_top1_rescue	ITSxpress	PE	PE	ITSxpress
2e3204476045187561769297cb5deb63	UNITE+RefSeq BLAST	Steccherinum	Steccherinum_tenuissimum	NA	fig4_q30_PE_itsxpress_unite_blast_top1_rescue	ITSxpress	PE	PE	ITSxpress
ae02184daf687a68ede894e742c6be8e	UNITE+RefSeq BLAST	Xylodon	Xylodon_flaviporus	NA	fig4_q30_PE_itsxpress_unite_blast_top1_rescue	ITSxpress	PE	PE	ITSxpress
84b9d21cc143333232f36f500ea60299	UNITE+RefSeq BLAST	Atheliales_o	Atheliales_o	NA	fig4_q30_PE_itsxpress_unite_blast_top1_rescue	ITSxpress	PE	PE	ITSxpress
2d5f90f732790862f85983cf328a51bf	UNITE+RefSeq BLAST	Peniophoraceae_f	Peniophoraceae_f	NA	fig4_q30_PE_itsxpress_unite_blast_top1_rescue	ITSxpress	PE	PE	ITSxpress
3f1585818ee2ca5d837a80074f225019	UNITE+RefSeq BLAST	Ceriporia	Ceriporia_nanlingensis	NA	fig4_q30_PE_itsxpress_unite_blast_top1_rescue	ITSxpress	PE	PE	ITSxpress
dde3d9f44829488859e6425ff6f8dcd5	UNITE+RefSeq BLAST	Sporobolomyces	Sporobolomyces_carnicolor	NA	fig4_q30_PE_itsxpress_unite_blast_top1_rescue	ITSxpress	PE	PE	ITSxpress
6f1091e7efe7bc87c06bbea6642f1003	UNITE+RefSeq BLAST	Trametes	Trametes_hirsuta	NA	fig4_q30_PE_itsxpress_unite_blast_top1_rescue	ITSxpress	PE	PE	ITSxpress
2502cb3a6108ac2eaa7d36cba4a08694	UNITE+RefSeq BLAST	Sarocladium	Sarocladium_zeae	NA	fig4_q30_PE_itsxpress_unite_blast_top1_rescue	ITSxpress	PE	PE	ITSxpress
86033a0f68bf17feb67d641dd08a5e3b	UNITE+RefSeq BLAST	Fuscoporia	Fuscoporia_karsteniana	NA	fig4_q30_PE_itsxpress_unite_blast_top1_rescue	ITSxpress	PE	PE	ITSxpress
f8d2f35ec8aba3368cfa9bdc9dc84831	UNITE+RefSeq BLAST	Irpex	Irpex_hacksungii	NA	fig4_q30_PE_itsxpress_unite_blast_top1_rescue	ITSxpress	PE	PE	ITSxpress
44a05b01f5f5bea58a5e3a13e14d59fc	UNITE+RefSeq BLAST	Penicillium	Penicillium_citrinum	NA	fig4_q30_PE_itsxpress_unite_blast_top1_rescue	ITSxpress	PE	PE	ITSxpress
8b51ec7a91f7832c1606fd6ce117a808	UNITE+RefSeq BLAST	Coprinopsis	Unclassified	NA	fig4_q30_PE_itsxpress_unite_blast_top1_rescue	ITSxpress	PE	PE	ITSxpress
98668f2433cc3fdfcf3c34e11d1ba521	UNITE+RefSeq BLAST	Helotiales_o	Helotiales_o	NA	fig4_q30_PE_itsxpress_unite_blast_top1_rescue	ITSxpress	PE	PE	ITSxpress
91ed5a72b201f13a385a89abeee5e191	UNITE+RefSeq BLAST	Talaromyces	Unclassified	NA	fig4_q30_PE_itsxpress_unite_blast_top1_rescue	ITSxpress	PE	PE	ITSxpress
70b3cf507c15b1c220effff995cdd1ca	UNITE+RefSeq BLAST	Udeniomyces	Udeniomyces_pyricola	NA	fig4_q30_PE_itsxpress_unite_blast_top1_rescue	ITSxpress	PE	PE	ITSxpress
54f44042aa65835826eb2207758c96d9	UNITE+RefSeq BLAST	Penicillium	Penicillium_sumatraense	NA	fig4_q30_PE_itsxpress_unite_blast_top1_rescue	ITSxpress	PE	PE	ITSxpress
b4d73ceb6dbaecaf84dd2dcf34566fbc	UNITE+RefSeq BLAST	Ceriporia	Ceriporia_nanlingensis	NA	fig4_q30_PE_itsxpress_unite_blast_top1_rescue	ITSxpress	PE	PE	ITSxpress
0ba4b040a2a556ef91e5ec66381abfaf	UNITE+RefSeq BLAST	Peniophoraceae_f	Peniophoraceae_f	NA	fig4_q30_PE_itsxpress_unite_blast_top1_rescue	ITSxpress	PE	PE	ITSxpress
492e37f87b8dabd8e27df1474005bc0d	UNITE+RefSeq BLAST	Suillus	Suillus_viscidus	NA	fig4_q30_PE_itsxpress_unite_blast_top1_rescue	ITSxpress	PE	PE	ITSxpress
90a30f03ca37989d3320d5abf225636d	UNITE+RefSeq BLAST	Aureobasidium	Aureobasidium_pullulans	NA	fig4_q30_PE_itsxpress_unite_blast_top1_rescue	ITSxpress	PE	PE	ITSxpress
4f6bba767820d950766bc71d6d15fec4	UNITE+RefSeq BLAST	Cryptococcus	Cryptococcus_neoformans	NA	fig4_q30_PE_itsxpress_unite_blast_top1_rescue	ITSxpress	PE	PE	ITSxpress
b930655cdbda2d0f0758d5276c15600d	UNITE+RefSeq BLAST	Aspergillus	Aspergillus_neotritici	NA	fig4_q30_PE_itsxpress_unite_blast_top1_rescue	ITSxpress	PE	PE	ITSxpress
b8b6019de3c607356ff1d4846d98a8df	UNITE+RefSeq BLAST	Xeromyces	Xeromyces_bisporus	NA	fig4_q30_PE_itsxpress_unite_blast_top1_rescue	ITSxpress	PE	PE	ITSxpress
0db72d18219924f45026b9dfa92538ec	UNITE+RefSeq BLAST	Mucor	Mucor_circinelloides	NA	fig4_q30_PE_itsxpress_unite_blast_top1_rescue	ITSxpress	PE	PE	ITSxpress
f9d217f428c665f6e44a09c08fe0c485	UNITE+RefSeq BLAST	Rhizoplaca	Rhizoplaca_novomexicana	NA	fig4_q30_PE_itsxpress_unite_blast_top1_rescue	ITSxpress	PE	PE	ITSxpress
6143c50035fe5fc5272475693b56bdf1	UNITE+RefSeq BLAST	Candida	Candida_albicans	NA	fig4_q30_PE_itsxpress_unite_blast_top1_rescue	ITSxpress	PE	PE	ITSxpress
5e8d3c0601be4315ab09e921da2d328f	UNITE+RefSeq BLAST	Burgoa	Unclassified	NA	fig4_q30_PE_itsxpress_unite_blast_top1_rescue	ITSxpress	PE	PE	ITSxpress
3aff115ea9dc889997fec9ab39973349	UNITE+RefSeq BLAST	Cutaneotrichosporon	Cutaneotrichosporon_dermatis	NA	fig4_q30_PE_itsxpress_unite_blast_top1_rescue	ITSxpress	PE	PE	ITSxpress
53097c9e9e3c7ba253dbf5ec95c930fc	UNITE+RefSeq BLAST	Candolleomyces	Unclassified	NA	fig4_q30_PE_itsxpress_unite_blast_top1_rescue	ITSxpress	PE	PE	ITSxpress
0b16710fc341de52d3db3a987523142b	UNITE+RefSeq BLAST	Penicillium	Penicillium_sumatraense	NA	fig4_q30_PE_itsxpress_unite_blast_top1_rescue	ITSxpress	PE	PE	ITSxpress
e7453690825c89a6aed267d0b3afd8fc	UNITE+RefSeq BLAST	Rhodotorula	Rhodotorula_mucilaginosa	NA	fig4_q30_PE_itsxpress_unite_blast_top1_rescue	ITSxpress	PE	PE	ITSxpress
19258a7686e049de551d076a284dea99	UNITE+RefSeq BLAST	Kazachstania	Kazachstania_servazzii	NA	fig4_q30_PE_itsxpress_unite_blast_top1_rescue	ITSxpress	PE	PE	ITSxpress
d41474f8e49115abf6f296e3fee6b8b1	UNITE+RefSeq BLAST	Aspergillus	Aspergillus_niger	NA	fig4_q30_PE_itsxpress_unite_blast_top1_rescue	ITSxpress	PE	PE	ITSxpress
88bfe70998cfd35a12a909620792688a	UNITE+RefSeq BLAST	Penicillium	Penicillium_chrysogenum	NA	fig4_q30_PE_itsxpress_unite_blast_top1_rescue	ITSxpress	PE	PE	ITSxpress
d5f4d4c61556cd9a88f8e7072585def2	UNITE+RefSeq BLAST	Epicoccum	Epicoccum_pimprinum	NA	fig4_q30_PE_itsxpress_unite_blast_top1_rescue	ITSxpress	PE	PE	ITSxpress
cf9ccf0ca27f56fd87e0d496ea54b7a2	UNITE+RefSeq BLAST	Cryptococcus	Cryptococcus_neoformans	NA	fig4_q30_PE_itsxpress_unite_blast_top1_rescue	ITSxpress	PE	PE	ITSxpress
dbf377afa279cfc8e072e84b0bcb4f3f	UNITE+RefSeq BLAST	Trechispora	Unclassified	NA	fig4_q30_PE_itsxpress_unite_blast_top1_rescue	ITSxpress	PE	PE	ITSxpress
12da108a541069a69ac639ae2edcd700	UNITE+RefSeq BLAST	Candida	Candida_albicans	NA	fig4_q30_PE_itsxpress_unite_blast_top1_rescue	ITSxpress	PE	PE	ITSxpress
ebd61c5d3dace237f7a2a5bfb8d391ab	UNITE+RefSeq BLAST	Nakaseomyces	Nakaseomyces_glabratus	NA	fig4_q30_PE_itsxpress_unite_blast_top1_rescue	ITSxpress	PE	PE	ITSxpress
307336b90220c9e62068fc5a324cd764	UNITE+RefSeq BLAST	Rhizoplaca	Rhizoplaca_novomexicana	NA	fig4_q30_PE_itsxpress_unite_blast_top1_rescue	ITSxpress	PE	PE	ITSxpress
e8afdba12110f5899c03436c55249876	UNITE+RefSeq BLAST	Irpex	Irpex_hacksungii	NA	fig4_q30_PE_itsxpress_unite_blast_top1_rescue	ITSxpress	PE	PE	ITSxpress
94530c8fa842d70b5abe7c813790b5b2	UNITE+RefSeq BLAST	Debaryomyces	Debaryomyces_delbrueckii	NA	fig4_q30_PE_itsxpress_unite_blast_top1_rescue	ITSxpress	PE	PE	ITSxpress
e132feac453bbe8e98e4f5550613e720	UNITE+RefSeq BLAST	Cryptococcus	Cryptococcus_neoformans	NA	fig4_q30_PE_itsxpress_unite_blast_top1_rescue	ITSxpress	PE	PE	ITSxpress
7759814383595a2d0ab1bf7b73171a44	UNITE+RefSeq BLAST	Malassezia	Malassezia_globosa	NA	fig4_q30_PE_itsxpress_unite_blast_top1_rescue	ITSxpress	PE	PE	ITSxpress
5c36e4197af8694525d815e3fcfb8e1b	UNITE+RefSeq BLAST	Cutaneotrichosporon	Cutaneotrichosporon_mucoides	NA	fig4_q30_PE_itsxpress_unite_blast_top1_rescue	ITSxpress	PE	PE	ITSxpress
ee6217a6ac1c382c5086ba8f01f9a6f5	UNITE+RefSeq BLAST	Nakaseomyces	Nakaseomyces_glabratus	NA	fig4_q30_PE_itsxpress_unite_blast_top1_rescue	ITSxpress	PE	PE	ITSxpress
b5d734bb65d33dbb443d7b92850825f8	UNITE+RefSeq BLAST	Nakaseomyces	Nakaseomyces_glabratus	NA	fig4_q30_PE_itsxpress_unite_blast_top1_rescue	ITSxpress	PE	PE	ITSxpress
915c63e977ee6d732c5eb8192795f959	UNITE+RefSeq BLAST	Saccharomyces	Saccharomyces_kudriavzevii	NA	fig4_q30_PE_itsxpress_unite_blast_top1_rescue	ITSxpress	PE	PE	ITSxpress
4410fbb6f29093b48a07044682c46bde	UNITE+RefSeq BLAST	Nakaseomyces	Nakaseomyces_glabratus	NA	fig4_q30_PE_itsxpress_unite_blast_top1_rescue	ITSxpress	PE	PE	ITSxpress
57dff5e5f62d238d6f055b37452ac823	UNITE+RefSeq BLAST	Saccharomyces	Saccharomyces_cerevisiae	NA	fig4_q30_PE_itsxpress_unite_blast_top1_rescue	ITSxpress	PE	PE	ITSxpress
ef5b732f4220ffb4068dfff3f4590237	UNITE+RefSeq BLAST	Leucosporidium	Leucosporidium_intermedium	NA	fig4_q30_PE_itsxpress_unite_blast_top1_rescue	ITSxpress	PE	PE	ITSxpress
07b93f1e7b4522a701d9b3ef5874f881	UNITE+RefSeq BLAST	Trechispora	Unclassified	NA	fig4_q30_PE_itsxpress_unite_blast_top1_rescue	ITSxpress	PE	PE	ITSxpress
53c9feac786c2fec525605f3db4ae987	UNITE+RefSeq BLAST	Penicillium	Penicillium_chrysogenum	NA	fig4_q30_PE_itsxpress_unite_blast_top1_rescue	ITSxpress	PE	PE	ITSxpress
2ce0943ee52455e0ef499cf2ef2d4e04	UNITE+RefSeq BLAST	Penicillium	Penicillium_chrysogenum	NA	fig4_q30_PE_itsxpress_unite_blast_top1_rescue	ITSxpress	PE	PE	ITSxpress
19589d9adc9d312e7f28d4bddc000468	UNITE+RefSeq BLAST	Penicillium	Penicillium_chrysogenum	NA	fig4_q30_PE_itsxpress_unite_blast_top1_rescue	ITSxpress	PE	PE	ITSxpress
bd796f04c04028b86ca7ece20df3e735	UNITE+RefSeq BLAST	Phlebia	Phlebia_acerina	NA	fig4_q30_PE_itsxpress_unite_blast_top1_rescue	ITSxpress	PE	PE	ITSxpress
ad90f737406d7ec92b3e444e41d6ab49	UNITE+RefSeq BLAST	Stereaceae_f	Stereaceae_f	NA	fig4_q30_PE_itsxpress_unite_blast_top1_rescue	ITSxpress	PE	PE	ITSxpress
29672ac01b5c6750735fed1907ddd347	UNITE+RefSeq BLAST	Hannaella	Hannaella_oryzae	NA	fig4_q30_PE_itsxpress_unite_blast_top1_rescue	ITSxpress	PE	PE	ITSxpress
12ae8aec67f6e9580e434bbd62c83dcd	UNITE+RefSeq BLAST	Helotiales_o	Helotiales_o	NA	fig4_q30_PE_itsxpress_unite_blast_top1_rescue	ITSxpress	PE	PE	ITSxpress
d6e7806fe6c49f4c960a7210ce8b929b	UNITE+RefSeq BLAST	Phaeosphaeriaceae_f	Phaeosphaeriaceae_f	NA	fig4_q30_PE_itsxpress_unite_blast_top1_rescue	ITSxpress	PE	PE	ITSxpress
2dbcbbad059800b66cce2a8752f950b6	UNITE+RefSeq BLAST	Phlebia	Phlebia_rufa	NA	fig4_q30_PE_itsxpress_unite_blast_top1_rescue	ITSxpress	PE	PE	ITSxpress
1f2562bcd89888cd5dc1ecfc90af6ca5	UNITE+RefSeq BLAST	Paraphoma	Paraphoma_chrysanthemicola	NA	fig4_q30_PE_itsxpress_unite_blast_top1_rescue	ITSxpress	PE	PE	ITSxpress
cdd244abd5bf539f9d30cb7b2907eaa7	UNITE+RefSeq BLAST	Pleosporales_o	Pleosporales_o	NA	fig4_q30_PE_itsxpress_unite_blast_top1_rescue	ITSxpress	PE	PE	ITSxpress
5fd5a9eab2b0664e8973995690493bb7	UNITE+RefSeq BLAST	Irpex	Irpex_hacksungii	NA	fig4_q30_PE_itsxpress_unite_blast_top1_rescue	ITSxpress	PE	PE	ITSxpress
60c4503cc5091926c0fe5039f5800884	UNITE+RefSeq BLAST	Paraphoma	Unclassified	NA	fig4_q30_PE_itsxpress_unite_blast_top1_rescue	ITSxpress	PE	PE	ITSxpress
fdad38ba45d5b299528d74bce258e06a	UNITE+RefSeq BLAST	Pluteus	Unclassified	NA	fig4_q30_PE_itsxpress_unite_blast_top1_rescue	ITSxpress	PE	PE	ITSxpress
ede209db473731ebfe17f1dbf1c88156	UNITE+RefSeq BLAST	Coniothyrium	Coniothyrium_sidae	NA	fig4_q30_PE_itsxpress_unite_blast_top1_rescue	ITSxpress	PE	PE	ITSxpress
8399a27795b0fabe060cc35c9f316118	UNITE+RefSeq BLAST	Hymenochaete	Hymenochaete_odontoides	NA	fig4_q30_PE_itsxpress_unite_blast_top1_rescue	ITSxpress	PE	PE	ITSxpress
99d42c21ca1a753040983bdb71b468f8	UNITE+RefSeq BLAST	Kazachstania	Kazachstania_servazzii	NA	fig4_q30_PE_itsxpress_unite_blast_top1_rescue	ITSxpress	PE	PE	ITSxpress
c5fc3fd35912da93c85f5c96bd65b76d	UNITE+RefSeq BLAST	Pleosporales_o	Pleosporales_o	NA	fig4_q30_PE_itsxpress_unite_blast_top1_rescue	ITSxpress	PE	PE	ITSxpress
006daa04951eb9299f5610b4c6c17dc5	UNITE+RefSeq BLAST	Basidiomycota_p	Basidiomycota_p	NA	fig4_q30_PE_itsxpress_unite_blast_top1_rescue	ITSxpress	PE	PE	ITSxpress
8e9957d6ceecc6150dc312ec6ef1b716	UNITE+RefSeq BLAST	Peniophoraceae_f	Peniophoraceae_f	NA	fig4_q30_PE_itsxpress_unite_blast_top1_rescue	ITSxpress	PE	PE	ITSxpress
61126afa4733fbaeff0e31a74c4e98ba	UNITE+RefSeq BLAST	Fusarium	Fusarium_pernambucanum	NA	fig4_q30_PE_itsxpress_unite_blast_top1_rescue	ITSxpress	PE	PE	ITSxpress
1bf9d2e36256be1150b1fc46095f0716	UNITE+RefSeq BLAST	Exidia	Exidia_uvapassa	NA	fig4_q30_PE_itsxpress_unite_blast_top1_rescue	ITSxpress	PE	PE	ITSxpress
07a2672158a9694178ccf1ab878fb08e	UNITE+RefSeq BLAST	Peniophoraceae_f	Peniophoraceae_f	NA	fig4_q30_PE_itsxpress_unite_blast_top1_rescue	ITSxpress	PE	PE	ITSxpress
04a58f1fa63710803570b8b5e2d3733e	UNITE+RefSeq BLAST	Periconia	Periconia_celtidis	NA	fig4_q30_PE_itsxpress_unite_blast_top1_rescue	ITSxpress	PE	PE	ITSxpress
9e9aed34ec9b46ddf8b4be25bd081d10	UNITE+RefSeq BLAST	Komagataella	Komagataella_phaffii	NA	fig4_q30_PE_itsxpress_unite_blast_top1_rescue	ITSxpress	PE	PE	ITSxpress
5f07fdf487c0bf4b18dc8e6534d559e0	UNITE+RefSeq BLAST	Basidiomycota_p	Basidiomycota_p	NA	fig4_q30_PE_itsxpress_unite_blast_top1_rescue	ITSxpress	PE	PE	ITSxpress
671e1c45b579b74ae01911c39f15f5ed	UNITE+RefSeq BLAST	Peniophoraceae_f	Peniophoraceae_f	NA	fig4_q30_PE_itsxpress_unite_blast_top1_rescue	ITSxpress	PE	PE	ITSxpress
7c96432a999d02dd7f21cbbdf5ea202a	UNITE+RefSeq BLAST	Hyphodontia	Hyphodontia_tropica	NA	fig4_q30_PE_itsxpress_unite_blast_top1_rescue	ITSxpress	PE	PE	ITSxpress
006332ce4ff87f6466c8309cd667b472	UNITE+RefSeq BLAST	Irpex	Irpex_hacksungii	NA	fig4_q30_PE_itsxpress_unite_blast_top1_rescue	ITSxpress	PE	PE	ITSxpress
cb2c0e20773df56a36e2a0f9eabe0e2d	UNITE+RefSeq BLAST	Thelebolus	Unclassified	NA	fig4_q30_PE_itsxpress_unite_blast_top1_rescue	ITSxpress	PE	PE	ITSxpress
c335aefb046c3a1f098bc46b7be0bff8	UNITE+RefSeq BLAST	Stereaceae_f	Stereaceae_f	NA	fig4_q30_PE_itsxpress_unite_blast_top1_rescue	ITSxpress	PE	PE	ITSxpress
787f8227d35c58c25e5a1baaff22bcc5	UNITE+RefSeq BLAST	Phanerochaete	Unclassified	NA	fig4_q30_PE_itsxpress_unite_blast_top1_rescue	ITSxpress	PE	PE	ITSxpress
44f90264df134259ebc0896303d9a493	UNITE+RefSeq BLAST	Neosetophoma	Neosetophoma_guiyangensis	NA	fig4_q30_PE_itsxpress_unite_blast_top1_rescue	ITSxpress	PE	PE	ITSxpress
cf51d4a65c9fa59fbf840dc7445265d5	UNITE+RefSeq BLAST	Mycoaciella	Mycoaciella_efibulata	NA	fig4_q30_PE_itsxpress_unite_blast_top1_rescue	ITSxpress	PE	PE	ITSxpress
358e5aeac803d1eb8da09407f491871c	UNITE+RefSeq BLAST	Trametes	Trametes_hirsuta	NA	fig4_q30_PE_itsxpress_unite_blast_top1_rescue	ITSxpress	PE	PE	ITSxpress
6da5475f6575f181dd87a66917e36920	UNITE+RefSeq BLAST	Sistotrema	Sistotrema_brinkmannii	NA	fig4_q30_PE_itsxpress_unite_blast_top1_rescue	ITSxpress	PE	PE	ITSxpress
5043729794cc2c896d6e9a0f1626e20e	UNITE+RefSeq BLAST	Agaricales_o	Agaricales_o	NA	fig4_q30_PE_itsxpress_unite_blast_top1_rescue	ITSxpress	PE	PE	ITSxpress
ca7267bef65439e30d72c01f2ab17865	UNITE+RefSeq BLAST	Butyrea	Butyrea_japonica	NA	fig4_q30_PE_itsxpress_unite_blast_top1_rescue	ITSxpress	PE	PE	ITSxpress
040c1e07de80d76e56f1d8b0b573ca34	UNITE+RefSeq BLAST	Leptospora	Unclassified	NA	fig4_q30_PE_itsxpress_unite_blast_top1_rescue	ITSxpress	PE	PE	ITSxpress
5c8e2d68a3058342eb5318f0efcfef0e	UNITE+RefSeq BLAST	Scopuloides	Scopuloides_hydnoides	NA	fig4_q30_PE_itsxpress_unite_blast_top1_rescue	ITSxpress	PE	PE	ITSxpress
ad5b23f99209f0b603e0c87d6cd42113	UNITE+RefSeq BLAST	Trametes	Trametes_hirsuta	NA	fig4_q30_PE_itsxpress_unite_blast_top1_rescue	ITSxpress	PE	PE	ITSxpress
6850c27dec2af54194264e1aebf97dcd	UNITE+RefSeq BLAST	Fungi_k	Fungi_k	NA	fig4_q30_PE_itsxpress_unite_blast_top1_rescue	ITSxpress	PE	PE	ITSxpress
542c250da51659a9eb63accee552bd58	UNITE+RefSeq BLAST	Trametes	Trametes_versicolor	NA	fig4_q30_PE_itsxpress_unite_blast_top1_rescue	ITSxpress	PE	PE	ITSxpress
955540425e10bfa281031158fb849591	UNITE+RefSeq BLAST	Mycoaciella	Mycoaciella_efibulata	NA	fig4_q30_PE_itsxpress_unite_blast_top1_rescue	ITSxpress	PE	PE	ITSxpress
61ac22dac6fb3801dc5ea4a2a0f37828	UNITE+RefSeq BLAST	Pleurotus	Pleurotus_ostreatus	NA	fig4_q30_PE_itsxpress_unite_blast_top1_rescue	ITSxpress	PE	PE	ITSxpress
e696a65744372846e5a5ad7901af11d5	UNITE+RefSeq BLAST	Fungi_k	Fungi_k	NA	fig4_q30_PE_itsxpress_unite_blast_top1_rescue	ITSxpress	PE	PE	ITSxpress
f4e14db83b8c8f27154cef63832ebf60	UNITE+RefSeq BLAST	Phlebia	Phlebia_acanthocystis	NA	fig4_q30_PE_itsxpress_unite_blast_top1_rescue	ITSxpress	PE	PE	ITSxpress
ef7c4591e1b81a9863d21132d9f67bb6	UNITE+RefSeq BLAST	Hericiaceae_f	Hericiaceae_f	NA	fig4_q30_PE_itsxpress_unite_blast_top1_rescue	ITSxpress	PE	PE	ITSxpress
b8a24610670d3ac10f0d3befe6902222	UNITE+RefSeq BLAST	Phanerochaete	Phanerochaete_cumulodentata	NA	fig4_q30_PE_itsxpress_unite_blast_top1_rescue	ITSxpress	PE	PE	ITSxpress
f0547560c210f8f296ce2aa804c875d4	UNITE+RefSeq BLAST	Mycoaciella	Mycoaciella_efibulata	NA	fig4_q30_PE_itsxpress_unite_blast_top1_rescue	ITSxpress	PE	PE	ITSxpress
026c5263ced8f41669b14f7ee3ab05a6	UNITE+RefSeq BLAST	Ophiosphaerella	Ophiosphaerella_chiangraiensis	NA	fig4_q30_PE_itsxpress_unite_blast_top1_rescue	ITSxpress	PE	PE	ITSxpress
cc6d7b7ac9f42ac1add61a4e92cca4d0	UNITE+RefSeq BLAST	Trechisporales_o	Trechisporales_o	NA	fig4_q30_PE_itsxpress_unite_blast_top1_rescue	ITSxpress	PE	PE	ITSxpress
dc65b17281e536dc27c59066ed5cb2b8	UNITE+RefSeq BLAST	Peniophoraceae_f	Peniophoraceae_f	NA	fig4_q30_PE_itsxpress_unite_blast_top1_rescue	ITSxpress	PE	PE	ITSxpress
19e8704f50ae86ef8705db9c3141d9da	UNITE+RefSeq BLAST	Hyphoderma	Hyphoderma_setigerum	NA	fig4_q30_PE_itsxpress_unite_blast_top1_rescue	ITSxpress	PE	PE	ITSxpress
af27df91c11b097ab5c3f306fe0f535d	UNITE+RefSeq BLAST	Stereaceae_f	Stereaceae_f	NA	fig4_q30_PE_itsxpress_unite_blast_top1_rescue	ITSxpress	PE	PE	ITSxpress
1a08b9d790491512c9b5ccdbebb31c4d	UNITE+RefSeq BLAST	Polyporales_o	Polyporales_o	NA	fig4_q30_PE_itsxpress_unite_blast_top1_rescue	ITSxpress	PE	PE	ITSxpress
0e5c75d336000a526d2c07363fd305d0	UNITE+RefSeq BLAST	Peniophoraceae_f	Peniophoraceae_f	NA	fig4_q30_PE_itsxpress_unite_blast_top1_rescue	ITSxpress	PE	PE	ITSxpress
d00e6d83defe1a30a8b325b1610196d3	UNITE+RefSeq BLAST	Clitopilus	Clitopilus_baronii	NA	fig4_q30_PE_itsxpress_unite_blast_top1_rescue	ITSxpress	PE	PE	ITSxpress
7b0c2826eb7474c7abe104a585597010	UNITE+RefSeq BLAST	Ophiognomonia	Ophiognomonia_pseudoischnostyla	NA	fig4_q30_PE_itsxpress_unite_blast_top1_rescue	ITSxpress	PE	PE	ITSxpress
168e27f59b5437d613141aaa2f916072	UNITE+RefSeq BLAST	Dipodascaceae_f	Dipodascaceae_f	NA	fig4_q30_PE_itsxpress_unite_blast_top1_rescue	ITSxpress	PE	PE	ITSxpress
bb441be8bdf01e38ec90a625715d3f96	UNITE+RefSeq BLAST	Phlebiopsis	Phlebiopsis_gigantea	NA	fig4_q30_PE_itsxpress_unite_blast_top1_rescue	ITSxpress	PE	PE	ITSxpress
06170a68f344fc34f5fbbd044733994e	UNITE+RefSeq BLAST	Xylodon	Xylodon_flaviporus	NA	fig4_q30_PE_itsxpress_unite_blast_top1_rescue	ITSxpress	PE	PE	ITSxpress
82a2523cca06ea4da6692908c23a4d60	UNITE+RefSeq BLAST	Ceratobasidium	Unclassified	NA	fig4_q30_PE_itsxpress_unite_blast_top1_rescue	ITSxpress	PE	PE	ITSxpress
ed1c2120a1da64cd9a0b5ea27488f1cd	UNITE+RefSeq BLAST	Paraphoma	Paraphoma_pye	NA	fig4_q30_PE_itsxpress_unite_blast_top1_rescue	ITSxpress	PE	PE	ITSxpress
4a9eebc6771e1b0950879ee3dd5c5c70	UNITE+RefSeq BLAST	Aureobasidium	Aureobasidium_pullulans	NA	fig4_q30_PE_itsxpress_unite_blast_top1_rescue	ITSxpress	PE	PE	ITSxpress
d77de9b0c238f001eff17e8590bee7f3	UNITE+RefSeq BLAST	Fungi_k	Fungi_k	NA	fig4_q30_PE_itsxpress_unite_blast_top1_rescue	ITSxpress	PE	PE	ITSxpress
dcc55e98f520f9d97db040a6f18089ed	UNITE+RefSeq BLAST	Ramularia	Ramularia_eucalypti	NA	fig4_q30_PE_itsxpress_unite_blast_top1_rescue	ITSxpress	PE	PE	ITSxpress
ce09f92e8ab71b4062be2fcbf797fc29	UNITE+RefSeq BLAST	Leptosillia	Unclassified	NA	fig4_q30_PE_itsxpress_unite_blast_top1_rescue	ITSxpress	PE	PE	ITSxpress
64ff5d05e3dad56364385a586b8236d4	UNITE+RefSeq BLAST	Pichia	Pichia_kudriavzevii	NA	fig4_q30_PE_itsxpress_unite_blast_top1_rescue	ITSxpress	PE	PE	ITSxpress
a8471a97a89292ee71b9e346420d69e1	UNITE+RefSeq BLAST	Alternaria	Alternaria_iridiaustralis	NA	fig4_q30_PE_itsxpress_unite_blast_top1_rescue	ITSxpress	PE	PE	ITSxpress
387de4923eb7c1950b022e185327224b	UNITE+RefSeq BLAST	Ascomycota_p	Ascomycota_p	NA	fig4_q30_PE_itsxpress_unite_blast_top1_rescue	ITSxpress	PE	PE	ITSxpress
36461ec46bb917ed47cd574fbefddef4	UNITE+RefSeq BLAST	Neodevriesiaceae_f	Neodevriesiaceae_f	NA	fig4_q30_PE_itsxpress_unite_blast_top1_rescue	ITSxpress	PE	PE	ITSxpress
aad545465f7a3c7d608c87b57b176a31	UNITE+RefSeq BLAST	Xylodon	Xylodon_flaviporus	NA	fig4_q30_PE_itsxpress_unite_blast_top1_rescue	ITSxpress	PE	PE	ITSxpress
6ab43771f8d50d4e9268e3421e3e927f	UNITE+RefSeq BLAST	Schizophyllum	Schizophyllum_commune	NA	fig4_q30_PE_itsxpress_unite_blast_top1_rescue	ITSxpress	PE	PE	ITSxpress
6a0e3aee96bfc2772cd53575935a9820	UNITE+RefSeq BLAST	Alternaria	Alternaria_destruens	NA	fig4_q30_PE_itsxpress_unite_blast_top1_rescue	ITSxpress	PE	PE	ITSxpress
ba6f84c5a6c850e7dd2ac7ac28facbd6	UNITE+RefSeq BLAST	Schizophyllum	Schizophyllum_commune	NA	fig4_q30_PE_itsxpress_unite_blast_top1_rescue	ITSxpress	PE	PE	ITSxpress
410fa9b2d1c246b2da10b7c1800aecfe	UNITE+RefSeq BLAST	Cystofilobasidium	Cystofilobasidium_capitatum	NA	fig4_q30_PE_itsxpress_unite_blast_top1_rescue	ITSxpress	PE	PE	ITSxpress
9e0921e5bbd7ecf4d47f5134c8ca0d2a	UNITE+RefSeq BLAST	Ophiosphaerella	Ophiosphaerella_chiangraiensis	NA	fig4_q30_PE_itsxpress_unite_blast_top1_rescue	ITSxpress	PE	PE	ITSxpress
269110b876ccca673ccbec357552a076	UNITE+RefSeq BLAST	Xylodon	Xylodon_exilis	NA	fig4_q30_PE_itsxpress_unite_blast_top1_rescue	ITSxpress	PE	PE	ITSxpress
77c50df4f2148df177a3936d185bcec2	UNITE+RefSeq BLAST	Hyphodontia	Hyphodontia_tropica	NA	fig4_q30_PE_itsxpress_unite_blast_top1_rescue	ITSxpress	PE	PE	ITSxpress
63c9b0ae5186d4f240846adf2921d2a4	UNITE+RefSeq BLAST	Polyporales_o	Polyporales_o	NA	fig4_q30_PE_itsxpress_unite_blast_top1_rescue	ITSxpress	PE	PE	ITSxpress
58912136ad5c68dae72bb4653a569b4d	UNITE+RefSeq BLAST	Pluteus	Pluteus_castroae	NA	fig4_q30_PE_itsxpress_unite_blast_top1_rescue	ITSxpress	PE	PE	ITSxpress
d7517e7d7ccfcb017edef33e6825eda1	UNITE+RefSeq BLAST	Polyporales_o	Polyporales_o	NA	fig4_q30_PE_itsxpress_unite_blast_top1_rescue	ITSxpress	PE	PE	ITSxpress
e88a98c4c0b539970aba2e9afdb652ff	UNITE+RefSeq BLAST	Sporobolomyces	Sporobolomyces_ruberrimus	NA	fig4_q30_PE_itsxpress_unite_blast_top1_rescue	ITSxpress	PE	PE	ITSxpress
427b2120e9fdcd3b20071ccba4e21cc3	UNITE+RefSeq BLAST	Schizoporaceae_f	Schizoporaceae_f	NA	fig4_q30_PE_itsxpress_unite_blast_top1_rescue	ITSxpress	PE	PE	ITSxpress
1aa1322a555933d26756115adcdd8306	UNITE+RefSeq BLAST	Amphisphaeriales_o	Amphisphaeriales_o	NA	fig4_q30_PE_itsxpress_unite_blast_top1_rescue	ITSxpress	PE	PE	ITSxpress
0673e25cd741e9931970123bad8cd6ae	UNITE+RefSeq BLAST	Fungi_k	Fungi_k	NA	fig4_q30_PE_itsxpress_unite_blast_top1_rescue	ITSxpress	PE	PE	ITSxpress
f4fd6035608dbd454bc773ff604d85cc	UNITE+RefSeq BLAST	Peniophorella	Peniophorella_crystallifera	NA	fig4_q30_PE_itsxpress_unite_blast_top1_rescue	ITSxpress	PE	PE	ITSxpress
b505a782b64eae6f885a9098ba8df509	UNITE+RefSeq BLAST	Candolleomyces	Unclassified	NA	fig4_q30_PE_itsxpress_unite_blast_top1_rescue	ITSxpress	PE	PE	ITSxpress
9f3cfc4c1a3fbf21503b961819b2fcbf	UNITE+RefSeq BLAST	Coprinellus	Unclassified	NA	fig4_q30_PE_itsxpress_unite_blast_top1_rescue	ITSxpress	PE	PE	ITSxpress
7860959ab1ce8a841054c4d3d15221d0	UNITE+RefSeq BLAST	Stereaceae_f	Stereaceae_f	NA	fig4_q30_PE_itsxpress_unite_blast_top1_rescue	ITSxpress	PE	PE	ITSxpress
7958aa59fd7588c60330ce6799597d81	UNITE+RefSeq BLAST	Agaricomycetes_c	Agaricomycetes_c	NA	fig4_q30_PE_itsxpress_unite_blast_top1_rescue	ITSxpress	PE	PE	ITSxpress
d03b42d094fc26abc401a439481e5e12	UNITE+RefSeq BLAST	Diatrypaceae_f	Diatrypaceae_f	NA	fig4_q30_PE_itsxpress_unite_blast_top1_rescue	ITSxpress	PE	PE	ITSxpress
257c7dbafd43e052b6ff952661ed50db	UNITE+RefSeq BLAST	Trametes	Trametes_versicolor	NA	fig4_q30_PE_itsxpress_unite_blast_top1_rescue	ITSxpress	PE	PE	ITSxpress
d06ee85ecbb1b97b12f84c0d16ead2e3	UNITE+RefSeq BLAST	Botrytis	Botrytis_caroliniana	NA	fig4_q30_PE_itsxpress_unite_blast_top1_rescue	ITSxpress	PE	PE	ITSxpress
c0be5a766a77d1b40339c3847e707d78	UNITE+RefSeq BLAST	Mycoaciella	Mycoaciella_efibulata	NA	fig4_q30_PE_itsxpress_unite_blast_top1_rescue	ITSxpress	PE	PE	ITSxpress
91026d5ecd0fdcfb7b364d2d0871d36d	UNITE+RefSeq BLAST	Polyporales_o	Polyporales_o	NA	fig4_q30_PE_itsxpress_unite_blast_top1_rescue	ITSxpress	PE	PE	ITSxpress
c89bc141df239be15bf707bdd443fa11	UNITE+RefSeq BLAST	Dissoconium	Dissoconium_eucalypti	NA	fig4_q30_PE_itsxpress_unite_blast_top1_rescue	ITSxpress	PE	PE	ITSxpress
78f1ff03d895408d0bbfc76f894befec	UNITE+RefSeq BLAST	Parastagonospora	Unclassified	NA	fig4_q30_PE_itsxpress_unite_blast_top1_rescue	ITSxpress	PE	PE	ITSxpress
9bfc8e9697969f1165a87662c168f423	UNITE+RefSeq BLAST	Sistotremastrum	Unclassified	NA	fig4_q30_PE_itsxpress_unite_blast_top1_rescue	ITSxpress	PE	PE	ITSxpress
89213e5d64cafbad1947e54bdb84a3d6	UNITE+RefSeq BLAST	Peniophorella	Peniophorella_pubera	NA	fig4_q30_PE_itsxpress_unite_blast_top1_rescue	ITSxpress	PE	PE	ITSxpress
69cd5398b6e9164003f09fa393e6f17b	UNITE+RefSeq BLAST	Polyporales_o	Polyporales_o	NA	fig4_q30_PE_itsxpress_unite_blast_top1_rescue	ITSxpress	PE	PE	ITSxpress
74a06cbc0b620e28eca3ca122274f99c	UNITE+RefSeq BLAST	Coprinopsis	Coprinopsis_urticicola	NA	fig4_q30_PE_itsxpress_unite_blast_top1_rescue	ITSxpress	PE	PE	ITSxpress
006332ce4ff87f6466c8309cd667b472	Mock type-strain BLAST	Cryptococcus	Cryptococcus_neoformans	k__Fungi; p__Basidiomycota; c__Tremellomycetes; o__Tremellales; f__Tremellaceae; g__Cryptococcus; s__Cryptococcus_neoformans	fig4_q30_PE_itsxpress_unite_blast_top1_rescue	ITSxpress	PE	PE	ITSxpress
006daa04951eb9299f5610b4c6c17dc5	Mock type-strain BLAST	Cutaneotrichosporon	Cutaneotrichosporon_dermatis	k__Fungi; p__Basidiomycota; c__Tremellomycetes; o__Trichosporonales; f__Trichosporonaceae; g__Cutaneotrichosporon; s__Cutaneotrichosporon_dermatis	fig4_q30_PE_itsxpress_unite_blast_top1_rescue	ITSxpress	PE	PE	ITSxpress
026c5263ced8f41669b14f7ee3ab05a6	Mock type-strain BLAST	Aspergillus	Aspergillus_fumigatus	k__Fungi; p__Ascomycota; c__Eurotiomycetes; o__Eurotiales; f__Aspergillaceae; g__Aspergillus; s__Aspergillus_fumigatus	fig4_q30_PE_itsxpress_unite_blast_top1_rescue	ITSxpress	PE	PE	ITSxpress
02d4c47b6b2f2c61e8e6fb701b5f4dea	Mock type-strain BLAST	Cutaneotrichosporon	Cutaneotrichosporon_dermatis	k__Fungi; p__Basidiomycota; c__Tremellomycetes; o__Trichosporonales; f__Trichosporonaceae; g__Cutaneotrichosporon; s__Cutaneotrichosporon_dermatis	fig4_q30_PE_itsxpress_unite_blast_top1_rescue	ITSxpress	PE	PE	ITSxpress
040c1e07de80d76e56f1d8b0b573ca34	Mock type-strain BLAST	Aspergillus	Aspergillus_fumigatus	k__Fungi; p__Ascomycota; c__Eurotiomycetes; o__Eurotiales; f__Aspergillaceae; g__Aspergillus; s__Aspergillus_fumigatus	fig4_q30_PE_itsxpress_unite_blast_top1_rescue	ITSxpress	PE	PE	ITSxpress
04a58f1fa63710803570b8b5e2d3733e	Mock type-strain BLAST	Aspergillus	Aspergillus_fumigatus	k__Fungi; p__Ascomycota; c__Eurotiomycetes; o__Eurotiales; f__Aspergillaceae; g__Aspergillus; s__Aspergillus_fumigatus	fig4_q30_PE_itsxpress_unite_blast_top1_rescue	ITSxpress	PE	PE	ITSxpress
06170a68f344fc34f5fbbd044733994e	Mock type-strain BLAST	Cutaneotrichosporon	Cutaneotrichosporon_dermatis	k__Fungi; p__Basidiomycota; c__Tremellomycetes; o__Trichosporonales; f__Trichosporonaceae; g__Cutaneotrichosporon; s__Cutaneotrichosporon_dermatis	fig4_q30_PE_itsxpress_unite_blast_top1_rescue	ITSxpress	PE	PE	ITSxpress
0673e25cd741e9931970123bad8cd6ae	Mock type-strain BLAST	Nakaseomyces	Nakaseomyces_glabratus	k__Fungi; p__Ascomycota; c__Saccharomycetes; o__Saccharomycetales; f__Saccharomycetaceae; g__Nakaseomyces; s__Nakaseomyces_glabratus	fig4_q30_PE_itsxpress_unite_blast_top1_rescue	ITSxpress	PE	PE	ITSxpress
07a2672158a9694178ccf1ab878fb08e	Mock type-strain BLAST	Cutaneotrichosporon	Cutaneotrichosporon_dermatis	k__Fungi; p__Basidiomycota; c__Tremellomycetes; o__Trichosporonales; f__Trichosporonaceae; g__Cutaneotrichosporon; s__Cutaneotrichosporon_dermatis	fig4_q30_PE_itsxpress_unite_blast_top1_rescue	ITSxpress	PE	PE	ITSxpress
07b93f1e7b4522a701d9b3ef5874f881	Mock type-strain BLAST	Cryptococcus	Cryptococcus_neoformans	k__Fungi; p__Basidiomycota; c__Tremellomycetes; o__Tremellales; f__Tremellaceae; g__Cryptococcus; s__Cryptococcus_neoformans	fig4_q30_PE_itsxpress_unite_blast_top1_rescue	ITSxpress	PE	PE	ITSxpress
0ad03262fa2155cc0cae6071e227df84	Mock type-strain BLAST	Cryptococcus	Cryptococcus_neoformans	k__Fungi; p__Basidiomycota; c__Tremellomycetes; o__Tremellales; f__Tremellaceae; g__Cryptococcus; s__Cryptococcus_neoformans	fig4_q30_PE_itsxpress_unite_blast_top1_rescue	ITSxpress	PE	PE	ITSxpress
0b16710fc341de52d3db3a987523142b	Mock type-strain BLAST	Aspergillus	Aspergillus_fumigatus	k__Fungi; p__Ascomycota; c__Eurotiomycetes; o__Eurotiales; f__Aspergillaceae; g__Aspergillus; s__Aspergillus_fumigatus	fig4_q30_PE_itsxpress_unite_blast_top1_rescue	ITSxpress	PE	PE	ITSxpress
0ba4b040a2a556ef91e5ec66381abfaf	Mock type-strain BLAST	Cutaneotrichosporon	Cutaneotrichosporon_dermatis	k__Fungi; p__Basidiomycota; c__Tremellomycetes; o__Trichosporonales; f__Trichosporonaceae; g__Cutaneotrichosporon; s__Cutaneotrichosporon_dermatis	fig4_q30_PE_itsxpress_unite_blast_top1_rescue	ITSxpress	PE	PE	ITSxpress
0d7f1fa221989e0cc733a52a1d979bfa	Mock type-strain BLAST	Fusarium	Fusarium_keratoplasticum	k__Fungi; p__Ascomycota; c__Sordariomycetes; o__Hypocreales; f__Nectriaceae; g__Fusarium; s__Fusarium_keratoplasticum	fig4_q30_PE_itsxpress_unite_blast_top1_rescue	ITSxpress	PE	PE	ITSxpress
0db72d18219924f45026b9dfa92538ec	Mock type-strain BLAST	Trichophyton	Trichophyton_interdigitale	k__Fungi; p__Ascomycota; c__Eurotiomycetes; o__Onygenales; f__Arthrodermataceae; g__Trichophyton; s__Trichophyton_interdigitale	fig4_q30_PE_itsxpress_unite_blast_top1_rescue	ITSxpress	PE	PE	ITSxpress
0e5c75d336000a526d2c07363fd305d0	Mock type-strain BLAST	Cryptococcus	Cryptococcus_neoformans	k__Fungi; p__Basidiomycota; c__Tremellomycetes; o__Tremellales; f__Tremellaceae; g__Cryptococcus; s__Cryptococcus_neoformans	fig4_q30_PE_itsxpress_unite_blast_top1_rescue	ITSxpress	PE	PE	ITSxpress
0ed3a8becd603707260c02ce989b1e2d	Mock type-strain BLAST	Saccharomyces	Saccharomyces_cerevisiae	k__Fungi; p__Ascomycota; c__Saccharomycetes; o__Saccharomycetales; f__Saccharomycetaceae; g__Saccharomyces; s__Saccharomyces_cerevisiae	fig4_q30_PE_itsxpress_unite_blast_top1_rescue	ITSxpress	PE	PE	ITSxpress
12ae8aec67f6e9580e434bbd62c83dcd	Mock type-strain BLAST	Fusarium	Fusarium_keratoplasticum	k__Fungi; p__Ascomycota; c__Sordariomycetes; o__Hypocreales; f__Nectriaceae; g__Fusarium; s__Fusarium_keratoplasticum	fig4_q30_PE_itsxpress_unite_blast_top1_rescue	ITSxpress	PE	PE	ITSxpress
12da108a541069a69ac639ae2edcd700	Mock type-strain BLAST	Candida	Candida_albicans	k__Fungi; p__Ascomycota; c__Saccharomycetes; o__Saccharomycetales; f__Debaryomycetaceae; g__Candida; s__Candida_albicans	fig4_q30_PE_itsxpress_unite_blast_top1_rescue	ITSxpress	PE	PE	ITSxpress
1452b25fcc2cf988fd7ab91920806410	Mock type-strain BLAST	Trichophyton	Trichophyton_interdigitale	k__Fungi; p__Ascomycota; c__Eurotiomycetes; o__Onygenales; f__Arthrodermataceae; g__Trichophyton; s__Trichophyton_interdigitale	fig4_q30_PE_itsxpress_unite_blast_top1_rescue	ITSxpress	PE	PE	ITSxpress
168e27f59b5437d613141aaa2f916072	Mock type-strain BLAST	Saccharomyces	Saccharomyces_cerevisiae	k__Fungi; p__Ascomycota; c__Saccharomycetes; o__Saccharomycetales; f__Saccharomycetaceae; g__Saccharomyces; s__Saccharomyces_cerevisiae	fig4_q30_PE_itsxpress_unite_blast_top1_rescue	ITSxpress	PE	PE	ITSxpress
17586e36e8ab48f597210c14bb4b14a1	Mock type-strain BLAST	Cutaneotrichosporon	Cutaneotrichosporon_dermatis	k__Fungi; p__Basidiomycota; c__Tremellomycetes; o__Trichosporonales; f__Trichosporonaceae; g__Cutaneotrichosporon; s__Cutaneotrichosporon_dermatis	fig4_q30_PE_itsxpress_unite_blast_top1_rescue	ITSxpress	PE	PE	ITSxpress
19258a7686e049de551d076a284dea99	Mock type-strain BLAST	Saccharomyces	Saccharomyces_cerevisiae	k__Fungi; p__Ascomycota; c__Saccharomycetes; o__Saccharomycetales; f__Saccharomycetaceae; g__Saccharomyces; s__Saccharomyces_cerevisiae	fig4_q30_PE_itsxpress_unite_blast_top1_rescue	ITSxpress	PE	PE	ITSxpress
19589d9adc9d312e7f28d4bddc000468	Mock type-strain BLAST	Penicillium	Penicillium_chrysogenum	k__Fungi; p__Ascomycota; c__Eurotiomycetes; o__Eurotiales; f__Aspergillaceae; g__Penicillium; s__Penicillium_chrysogenum	fig4_q30_PE_itsxpress_unite_blast_top1_rescue	ITSxpress	PE	PE	ITSxpress
19e8704f50ae86ef8705db9c3141d9da	Mock type-strain BLAST	Cryptococcus	Cryptococcus_neoformans	k__Fungi; p__Basidiomycota; c__Tremellomycetes; o__Tremellales; f__Tremellaceae; g__Cryptococcus; s__Cryptococcus_neoformans	fig4_q30_PE_itsxpress_unite_blast_top1_rescue	ITSxpress	PE	PE	ITSxpress
1a08b9d790491512c9b5ccdbebb31c4d	Mock type-strain BLAST	Cutaneotrichosporon	Cutaneotrichosporon_dermatis	k__Fungi; p__Basidiomycota; c__Tremellomycetes; o__Trichosporonales; f__Trichosporonaceae; g__Cutaneotrichosporon; s__Cutaneotrichosporon_dermatis	fig4_q30_PE_itsxpress_unite_blast_top1_rescue	ITSxpress	PE	PE	ITSxpress
1aa1322a555933d26756115adcdd8306	Mock type-strain BLAST	Penicillium	Penicillium_chrysogenum	k__Fungi; p__Ascomycota; c__Eurotiomycetes; o__Eurotiales; f__Aspergillaceae; g__Penicillium; s__Penicillium_chrysogenum	fig4_q30_PE_itsxpress_unite_blast_top1_rescue	ITSxpress	PE	PE	ITSxpress
1bf9d2e36256be1150b1fc46095f0716	Mock type-strain BLAST	Cryptococcus	Cryptococcus_neoformans	k__Fungi; p__Basidiomycota; c__Tremellomycetes; o__Tremellales; f__Tremellaceae; g__Cryptococcus; s__Cryptococcus_neoformans	fig4_q30_PE_itsxpress_unite_blast_top1_rescue	ITSxpress	PE	PE	ITSxpress
1f2562bcd89888cd5dc1ecfc90af6ca5	Mock type-strain BLAST	Cryptococcus	Cryptococcus_neoformans	k__Fungi; p__Basidiomycota; c__Tremellomycetes; o__Tremellales; f__Tremellaceae; g__Cryptococcus; s__Cryptococcus_neoformans	fig4_q30_PE_itsxpress_unite_blast_top1_rescue	ITSxpress	PE	PE	ITSxpress
206ac16e519bcdd9dd9f8a782ddfd8df	Mock type-strain BLAST	Cryptococcus	Cryptococcus_neoformans	k__Fungi; p__Basidiomycota; c__Tremellomycetes; o__Tremellales; f__Tremellaceae; g__Cryptococcus; s__Cryptococcus_neoformans	fig4_q30_PE_itsxpress_unite_blast_top1_rescue	ITSxpress	PE	PE	ITSxpress
2502cb3a6108ac2eaa7d36cba4a08694	Mock type-strain BLAST	Fusarium	Fusarium_keratoplasticum	k__Fungi; p__Ascomycota; c__Sordariomycetes; o__Hypocreales; f__Nectriaceae; g__Fusarium; s__Fusarium_keratoplasticum	fig4_q30_PE_itsxpress_unite_blast_top1_rescue	ITSxpress	PE	PE	ITSxpress
257c7dbafd43e052b6ff952661ed50db	Mock type-strain BLAST	Cutaneotrichosporon	Cutaneotrichosporon_dermatis	k__Fungi; p__Basidiomycota; c__Tremellomycetes; o__Trichosporonales; f__Trichosporonaceae; g__Cutaneotrichosporon; s__Cutaneotrichosporon_dermatis	fig4_q30_PE_itsxpress_unite_blast_top1_rescue	ITSxpress	PE	PE	ITSxpress
269110b876ccca673ccbec357552a076	Mock type-strain BLAST	Cutaneotrichosporon	Cutaneotrichosporon_dermatis	k__Fungi; p__Basidiomycota; c__Tremellomycetes; o__Trichosporonales; f__Trichosporonaceae; g__Cutaneotrichosporon; s__Cutaneotrichosporon_dermatis	fig4_q30_PE_itsxpress_unite_blast_top1_rescue	ITSxpress	PE	PE	ITSxpress
29672ac01b5c6750735fed1907ddd347	Mock type-strain BLAST	Cryptococcus	Cryptococcus_neoformans	k__Fungi; p__Basidiomycota; c__Tremellomycetes; o__Tremellales; f__Tremellaceae; g__Cryptococcus; s__Cryptococcus_neoformans	fig4_q30_PE_itsxpress_unite_blast_top1_rescue	ITSxpress	PE	PE	ITSxpress
2a03599d48e1a5883a372e8a8261d445	Mock type-strain BLAST	Fusarium	Fusarium_keratoplasticum	k__Fungi; p__Ascomycota; c__Sordariomycetes; o__Hypocreales; f__Nectriaceae; g__Fusarium; s__Fusarium_keratoplasticum	fig4_q30_PE_itsxpress_unite_blast_top1_rescue	ITSxpress	PE	PE	ITSxpress
2aa87d0ebccf12b39baf51d91e447b2d	Mock type-strain BLAST	Cutaneotrichosporon	Cutaneotrichosporon_dermatis	k__Fungi; p__Basidiomycota; c__Tremellomycetes; o__Trichosporonales; f__Trichosporonaceae; g__Cutaneotrichosporon; s__Cutaneotrichosporon_dermatis	fig4_q30_PE_itsxpress_unite_blast_top1_rescue	ITSxpress	PE	PE	ITSxpress
2b12210b988a471a2a2e6a89aee198f1	Mock type-strain BLAST	Saccharomyces	Saccharomyces_cerevisiae	k__Fungi; p__Ascomycota; c__Saccharomycetes; o__Saccharomycetales; f__Saccharomycetaceae; g__Saccharomyces; s__Saccharomyces_cerevisiae	fig4_q30_PE_itsxpress_unite_blast_top1_rescue	ITSxpress	PE	PE	ITSxpress
2bffa5bd228042e3fc0e3f30f48c6c13	Mock type-strain BLAST	Cryptococcus	Cryptococcus_neoformans	k__Fungi; p__Basidiomycota; c__Tremellomycetes; o__Tremellales; f__Tremellaceae; g__Cryptococcus; s__Cryptococcus_neoformans	fig4_q30_PE_itsxpress_unite_blast_top1_rescue	ITSxpress	PE	PE	ITSxpress
2ce0943ee52455e0ef499cf2ef2d4e04	Mock type-strain BLAST	Penicillium	Penicillium_chrysogenum	k__Fungi; p__Ascomycota; c__Eurotiomycetes; o__Eurotiales; f__Aspergillaceae; g__Penicillium; s__Penicillium_chrysogenum	fig4_q30_PE_itsxpress_unite_blast_top1_rescue	ITSxpress	PE	PE	ITSxpress
2d5f90f732790862f85983cf328a51bf	Mock type-strain BLAST	Cryptococcus	Cryptococcus_neoformans	k__Fungi; p__Basidiomycota; c__Tremellomycetes; o__Tremellales; f__Tremellaceae; g__Cryptococcus; s__Cryptococcus_neoformans	fig4_q30_PE_itsxpress_unite_blast_top1_rescue	ITSxpress	PE	PE	ITSxpress
2d783fc0a24c9350fd6e4c008ade61f1	Mock type-strain BLAST	Penicillium	Penicillium_chrysogenum	k__Fungi; p__Ascomycota; c__Eurotiomycetes; o__Eurotiales; f__Aspergillaceae; g__Penicillium; s__Penicillium_chrysogenum	fig4_q30_PE_itsxpress_unite_blast_top1_rescue	ITSxpress	PE	PE	ITSxpress
2dbcbbad059800b66cce2a8752f950b6	Mock type-strain BLAST	Cryptococcus	Cryptococcus_neoformans	k__Fungi; p__Basidiomycota; c__Tremellomycetes; o__Tremellales; f__Tremellaceae; g__Cryptococcus; s__Cryptococcus_neoformans	fig4_q30_PE_itsxpress_unite_blast_top1_rescue	ITSxpress	PE	PE	ITSxpress
2e3204476045187561769297cb5deb63	Mock type-strain BLAST	Trichophyton	Trichophyton_interdigitale	k__Fungi; p__Ascomycota; c__Eurotiomycetes; o__Onygenales; f__Arthrodermataceae; g__Trichophyton; s__Trichophyton_interdigitale	fig4_q30_PE_itsxpress_unite_blast_top1_rescue	ITSxpress	PE	PE	ITSxpress
2f9d7e8bea9501d87407a5e5a59bf89b	Mock type-strain BLAST	Aspergillus	Aspergillus_fumigatus	k__Fungi; p__Ascomycota; c__Eurotiomycetes; o__Eurotiales; f__Aspergillaceae; g__Aspergillus; s__Aspergillus_fumigatus	fig4_q30_PE_itsxpress_unite_blast_top1_rescue	ITSxpress	PE	PE	ITSxpress
2fac1bc2c61bb76209c62f3be67e15e8	Mock type-strain BLAST	Cutaneotrichosporon	Cutaneotrichosporon_dermatis	k__Fungi; p__Basidiomycota; c__Tremellomycetes; o__Trichosporonales; f__Trichosporonaceae; g__Cutaneotrichosporon; s__Cutaneotrichosporon_dermatis	fig4_q30_PE_itsxpress_unite_blast_top1_rescue	ITSxpress	PE	PE	ITSxpress
301628c5f05bcb9636f353d42fcc04c6	Mock type-strain BLAST	Cryptococcus	Cryptococcus_neoformans	k__Fungi; p__Basidiomycota; c__Tremellomycetes; o__Tremellales; f__Tremellaceae; g__Cryptococcus; s__Cryptococcus_neoformans	fig4_q30_PE_itsxpress_unite_blast_top1_rescue	ITSxpress	PE	PE	ITSxpress
307336b90220c9e62068fc5a324cd764	Mock type-strain BLAST	Fusarium	Fusarium_keratoplasticum	k__Fungi; p__Ascomycota; c__Sordariomycetes; o__Hypocreales; f__Nectriaceae; g__Fusarium; s__Fusarium_keratoplasticum	fig4_q30_PE_itsxpress_unite_blast_top1_rescue	ITSxpress	PE	PE	ITSxpress
315affd4c31c0bc2a94bf5db590086cd	Mock type-strain BLAST	Saccharomyces	Saccharomyces_cerevisiae	k__Fungi; p__Ascomycota; c__Saccharomycetes; o__Saccharomycetales; f__Saccharomycetaceae; g__Saccharomyces; s__Saccharomyces_cerevisiae	fig4_q30_PE_itsxpress_unite_blast_top1_rescue	ITSxpress	PE	PE	ITSxpress
358e5aeac803d1eb8da09407f491871c	Mock type-strain BLAST	Cutaneotrichosporon	Cutaneotrichosporon_dermatis	k__Fungi; p__Basidiomycota; c__Tremellomycetes; o__Trichosporonales; f__Trichosporonaceae; g__Cutaneotrichosporon; s__Cutaneotrichosporon_dermatis	fig4_q30_PE_itsxpress_unite_blast_top1_rescue	ITSxpress	PE	PE	ITSxpress
36461ec46bb917ed47cd574fbefddef4	Mock type-strain BLAST	Fusarium	Fusarium_keratoplasticum	k__Fungi; p__Ascomycota; c__Sordariomycetes; o__Hypocreales; f__Nectriaceae; g__Fusarium; s__Fusarium_keratoplasticum	fig4_q30_PE_itsxpress_unite_blast_top1_rescue	ITSxpress	PE	PE	ITSxpress
37d4a335bf1d51f01582d9471a112681	Mock type-strain BLAST	Cutaneotrichosporon	Cutaneotrichosporon_dermatis	k__Fungi; p__Basidiomycota; c__Tremellomycetes; o__Trichosporonales; f__Trichosporonaceae; g__Cutaneotrichosporon; s__Cutaneotrichosporon_dermatis	fig4_q30_PE_itsxpress_unite_blast_top1_rescue	ITSxpress	PE	PE	ITSxpress
387de4923eb7c1950b022e185327224b	Mock type-strain BLAST	Nakaseomyces	Nakaseomyces_glabratus	k__Fungi; p__Ascomycota; c__Saccharomycetes; o__Saccharomycetales; f__Saccharomycetaceae; g__Nakaseomyces; s__Nakaseomyces_glabratus	fig4_q30_PE_itsxpress_unite_blast_top1_rescue	ITSxpress	PE	PE	ITSxpress
3aff115ea9dc889997fec9ab39973349	Mock type-strain BLAST	Cutaneotrichosporon	Cutaneotrichosporon_dermatis	k__Fungi; p__Basidiomycota; c__Tremellomycetes; o__Trichosporonales; f__Trichosporonaceae; g__Cutaneotrichosporon; s__Cutaneotrichosporon_dermatis	fig4_q30_PE_itsxpress_unite_blast_top1_rescue	ITSxpress	PE	PE	ITSxpress
3f1585818ee2ca5d837a80074f225019	Mock type-strain BLAST	Cryptococcus	Cryptococcus_neoformans	k__Fungi; p__Basidiomycota; c__Tremellomycetes; o__Tremellales; f__Tremellaceae; g__Cryptococcus; s__Cryptococcus_neoformans	fig4_q30_PE_itsxpress_unite_blast_top1_rescue	ITSxpress	PE	PE	ITSxpress
3f4c30d9dbda2e4629b7ba6a41354eb0	Mock type-strain BLAST	Cutaneotrichosporon	Cutaneotrichosporon_dermatis	k__Fungi; p__Basidiomycota; c__Tremellomycetes; o__Trichosporonales; f__Trichosporonaceae; g__Cutaneotrichosporon; s__Cutaneotrichosporon_dermatis	fig4_q30_PE_itsxpress_unite_blast_top1_rescue	ITSxpress	PE	PE	ITSxpress
410fa9b2d1c246b2da10b7c1800aecfe	Mock type-strain BLAST	Saccharomyces	Saccharomyces_cerevisiae	k__Fungi; p__Ascomycota; c__Saccharomycetes; o__Saccharomycetales; f__Saccharomycetaceae; g__Saccharomyces; s__Saccharomyces_cerevisiae	fig4_q30_PE_itsxpress_unite_blast_top1_rescue	ITSxpress	PE	PE	ITSxpress
427b2120e9fdcd3b20071ccba4e21cc3	Mock type-strain BLAST	Cutaneotrichosporon	Cutaneotrichosporon_dermatis	k__Fungi; p__Basidiomycota; c__Tremellomycetes; o__Trichosporonales; f__Trichosporonaceae; g__Cutaneotrichosporon; s__Cutaneotrichosporon_dermatis	fig4_q30_PE_itsxpress_unite_blast_top1_rescue	ITSxpress	PE	PE	ITSxpress
4410fbb6f29093b48a07044682c46bde	Mock type-strain BLAST	Nakaseomyces	Nakaseomyces_glabratus	k__Fungi; p__Ascomycota; c__Saccharomycetes; o__Saccharomycetales; f__Saccharomycetaceae; g__Nakaseomyces; s__Nakaseomyces_glabratus	fig4_q30_PE_itsxpress_unite_blast_top1_rescue	ITSxpress	PE	PE	ITSxpress
44289e0d4bb76d7dc0006d54ac820fc1	Mock type-strain BLAST	Cutaneotrichosporon	Cutaneotrichosporon_dermatis	k__Fungi; p__Basidiomycota; c__Tremellomycetes; o__Trichosporonales; f__Trichosporonaceae; g__Cutaneotrichosporon; s__Cutaneotrichosporon_dermatis	fig4_q30_PE_itsxpress_unite_blast_top1_rescue	ITSxpress	PE	PE	ITSxpress
44a05b01f5f5bea58a5e3a13e14d59fc	Mock type-strain BLAST	Aspergillus	Aspergillus_fumigatus	k__Fungi; p__Ascomycota; c__Eurotiomycetes; o__Eurotiales; f__Aspergillaceae; g__Aspergillus; s__Aspergillus_fumigatus	fig4_q30_PE_itsxpress_unite_blast_top1_rescue	ITSxpress	PE	PE	ITSxpress
44f90264df134259ebc0896303d9a493	Mock type-strain BLAST	Aspergillus	Aspergillus_fumigatus	k__Fungi; p__Ascomycota; c__Eurotiomycetes; o__Eurotiales; f__Aspergillaceae; g__Aspergillus; s__Aspergillus_fumigatus	fig4_q30_PE_itsxpress_unite_blast_top1_rescue	ITSxpress	PE	PE	ITSxpress
492e37f87b8dabd8e27df1474005bc0d	Mock type-strain BLAST	Cutaneotrichosporon	Cutaneotrichosporon_dermatis	k__Fungi; p__Basidiomycota; c__Tremellomycetes; o__Trichosporonales; f__Trichosporonaceae; g__Cutaneotrichosporon; s__Cutaneotrichosporon_dermatis	fig4_q30_PE_itsxpress_unite_blast_top1_rescue	ITSxpress	PE	PE	ITSxpress
4a9eebc6771e1b0950879ee3dd5c5c70	Mock type-strain BLAST	Penicillium	Penicillium_chrysogenum	k__Fungi; p__Ascomycota; c__Eurotiomycetes; o__Eurotiales; f__Aspergillaceae; g__Penicillium; s__Penicillium_chrysogenum	fig4_q30_PE_itsxpress_unite_blast_top1_rescue	ITSxpress	PE	PE	ITSxpress
4f0eeafcb9177222412728e3822743a3	Mock type-strain BLAST	Cryptococcus	Cryptococcus_neoformans	k__Fungi; p__Basidiomycota; c__Tremellomycetes; o__Tremellales; f__Tremellaceae; g__Cryptococcus; s__Cryptococcus_neoformans	fig4_q30_PE_itsxpress_unite_blast_top1_rescue	ITSxpress	PE	PE	ITSxpress
4f6bba767820d950766bc71d6d15fec4	Mock type-strain BLAST	Cryptococcus	Cryptococcus_neoformans	k__Fungi; p__Basidiomycota; c__Tremellomycetes; o__Tremellales; f__Tremellaceae; g__Cryptococcus; s__Cryptococcus_neoformans	fig4_q30_PE_itsxpress_unite_blast_top1_rescue	ITSxpress	PE	PE	ITSxpress
4fe0a80f8c4b0a6cfc9a15c0926fd3f1	Mock type-strain BLAST	Fusarium	Fusarium_keratoplasticum	k__Fungi; p__Ascomycota; c__Sordariomycetes; o__Hypocreales; f__Nectriaceae; g__Fusarium; s__Fusarium_keratoplasticum	fig4_q30_PE_itsxpress_unite_blast_top1_rescue	ITSxpress	PE	PE	ITSxpress
5043729794cc2c896d6e9a0f1626e20e	Mock type-strain BLAST	Cryptococcus	Cryptococcus_neoformans	k__Fungi; p__Basidiomycota; c__Tremellomycetes; o__Tremellales; f__Tremellaceae; g__Cryptococcus; s__Cryptococcus_neoformans	fig4_q30_PE_itsxpress_unite_blast_top1_rescue	ITSxpress	PE	PE	ITSxpress
53097c9e9e3c7ba253dbf5ec95c930fc	Mock type-strain BLAST	Cutaneotrichosporon	Cutaneotrichosporon_dermatis	k__Fungi; p__Basidiomycota; c__Tremellomycetes; o__Trichosporonales; f__Trichosporonaceae; g__Cutaneotrichosporon; s__Cutaneotrichosporon_dermatis	fig4_q30_PE_itsxpress_unite_blast_top1_rescue	ITSxpress	PE	PE	ITSxpress
53c9feac786c2fec525605f3db4ae987	Mock type-strain BLAST	Penicillium	Penicillium_chrysogenum	k__Fungi; p__Ascomycota; c__Eurotiomycetes; o__Eurotiales; f__Aspergillaceae; g__Penicillium; s__Penicillium_chrysogenum	fig4_q30_PE_itsxpress_unite_blast_top1_rescue	ITSxpress	PE	PE	ITSxpress
542c250da51659a9eb63accee552bd58	Mock type-strain BLAST	Cutaneotrichosporon	Cutaneotrichosporon_dermatis	k__Fungi; p__Basidiomycota; c__Tremellomycetes; o__Trichosporonales; f__Trichosporonaceae; g__Cutaneotrichosporon; s__Cutaneotrichosporon_dermatis	fig4_q30_PE_itsxpress_unite_blast_top1_rescue	ITSxpress	PE	PE	ITSxpress
54f44042aa65835826eb2207758c96d9	Mock type-strain BLAST	Aspergillus	Aspergillus_fumigatus	k__Fungi; p__Ascomycota; c__Eurotiomycetes; o__Eurotiales; f__Aspergillaceae; g__Aspergillus; s__Aspergillus_fumigatus	fig4_q30_PE_itsxpress_unite_blast_top1_rescue	ITSxpress	PE	PE	ITSxpress
558f634792c8b5cee619778f270e8ee0	Mock type-strain BLAST	Saccharomyces	Saccharomyces_cerevisiae	k__Fungi; p__Ascomycota; c__Saccharomycetes; o__Saccharomycetales; f__Saccharomycetaceae; g__Saccharomyces; s__Saccharomyces_cerevisiae	fig4_q30_PE_itsxpress_unite_blast_top1_rescue	ITSxpress	PE	PE	ITSxpress
57dff5e5f62d238d6f055b37452ac823	Mock type-strain BLAST	Saccharomyces	Saccharomyces_cerevisiae	k__Fungi; p__Ascomycota; c__Saccharomycetes; o__Saccharomycetales; f__Saccharomycetaceae; g__Saccharomyces; s__Saccharomyces_cerevisiae	fig4_q30_PE_itsxpress_unite_blast_top1_rescue	ITSxpress	PE	PE	ITSxpress
58912136ad5c68dae72bb4653a569b4d	Mock type-strain BLAST	Nakaseomyces	Nakaseomyces_glabratus	k__Fungi; p__Ascomycota; c__Saccharomycetes; o__Saccharomycetales; f__Saccharomycetaceae; g__Nakaseomyces; s__Nakaseomyces_glabratus	fig4_q30_PE_itsxpress_unite_blast_top1_rescue	ITSxpress	PE	PE	ITSxpress
590e0069dcd5441f47684045349cd9c2	Mock type-strain BLAST	Cutaneotrichosporon	Cutaneotrichosporon_dermatis	k__Fungi; p__Basidiomycota; c__Tremellomycetes; o__Trichosporonales; f__Trichosporonaceae; g__Cutaneotrichosporon; s__Cutaneotrichosporon_dermatis	fig4_q30_PE_itsxpress_unite_blast_top1_rescue	ITSxpress	PE	PE	ITSxpress
5c3158d98ae7185c37026511e5dbdb2c	Mock type-strain BLAST	Penicillium	Penicillium_chrysogenum	k__Fungi; p__Ascomycota; c__Eurotiomycetes; o__Eurotiales; f__Aspergillaceae; g__Penicillium; s__Penicillium_chrysogenum	fig4_q30_PE_itsxpress_unite_blast_top1_rescue	ITSxpress	PE	PE	ITSxpress
5c36e4197af8694525d815e3fcfb8e1b	Mock type-strain BLAST	Cutaneotrichosporon	Cutaneotrichosporon_dermatis	k__Fungi; p__Basidiomycota; c__Tremellomycetes; o__Trichosporonales; f__Trichosporonaceae; g__Cutaneotrichosporon; s__Cutaneotrichosporon_dermatis	fig4_q30_PE_itsxpress_unite_blast_top1_rescue	ITSxpress	PE	PE	ITSxpress
5c8e2d68a3058342eb5318f0efcfef0e	Mock type-strain BLAST	Cutaneotrichosporon	Cutaneotrichosporon_dermatis	k__Fungi; p__Basidiomycota; c__Tremellomycetes; o__Trichosporonales; f__Trichosporonaceae; g__Cutaneotrichosporon; s__Cutaneotrichosporon_dermatis	fig4_q30_PE_itsxpress_unite_blast_top1_rescue	ITSxpress	PE	PE	ITSxpress
5e8d3c0601be4315ab09e921da2d328f	Mock type-strain BLAST	Cutaneotrichosporon	Cutaneotrichosporon_dermatis	k__Fungi; p__Basidiomycota; c__Tremellomycetes; o__Trichosporonales; f__Trichosporonaceae; g__Cutaneotrichosporon; s__Cutaneotrichosporon_dermatis	fig4_q30_PE_itsxpress_unite_blast_top1_rescue	ITSxpress	PE	PE	ITSxpress
5f07fdf487c0bf4b18dc8e6534d559e0	Mock type-strain BLAST	Cutaneotrichosporon	Cutaneotrichosporon_dermatis	k__Fungi; p__Basidiomycota; c__Tremellomycetes; o__Trichosporonales; f__Trichosporonaceae; g__Cutaneotrichosporon; s__Cutaneotrichosporon_dermatis	fig4_q30_PE_itsxpress_unite_blast_top1_rescue	ITSxpress	PE	PE	ITSxpress
5fd5a9eab2b0664e8973995690493bb7	Mock type-strain BLAST	Cryptococcus	Cryptococcus_neoformans	k__Fungi; p__Basidiomycota; c__Tremellomycetes; o__Tremellales; f__Tremellaceae; g__Cryptococcus; s__Cryptococcus_neoformans	fig4_q30_PE_itsxpress_unite_blast_top1_rescue	ITSxpress	PE	PE	ITSxpress
5fe8ba6be9294240d26f875ee767f4fe	Mock type-strain BLAST	Saccharomyces	Saccharomyces_cerevisiae	k__Fungi; p__Ascomycota; c__Saccharomycetes; o__Saccharomycetales; f__Saccharomycetaceae; g__Saccharomyces; s__Saccharomyces_cerevisiae	fig4_q30_PE_itsxpress_unite_blast_top1_rescue	ITSxpress	PE	PE	ITSxpress
6092927047fe7a692354e4fd7c745e4c	Mock type-strain BLAST	Cutaneotrichosporon	Cutaneotrichosporon_dermatis	k__Fungi; p__Basidiomycota; c__Tremellomycetes; o__Trichosporonales; f__Trichosporonaceae; g__Cutaneotrichosporon; s__Cutaneotrichosporon_dermatis	fig4_q30_PE_itsxpress_unite_blast_top1_rescue	ITSxpress	PE	PE	ITSxpress
60c4503cc5091926c0fe5039f5800884	Mock type-strain BLAST	Cryptococcus	Cryptococcus_neoformans	k__Fungi; p__Basidiomycota; c__Tremellomycetes; o__Tremellales; f__Tremellaceae; g__Cryptococcus; s__Cryptococcus_neoformans	fig4_q30_PE_itsxpress_unite_blast_top1_rescue	ITSxpress	PE	PE	ITSxpress
61126afa4733fbaeff0e31a74c4e98ba	Mock type-strain BLAST	Fusarium	Fusarium_keratoplasticum	k__Fungi; p__Ascomycota; c__Sordariomycetes; o__Hypocreales; f__Nectriaceae; g__Fusarium; s__Fusarium_keratoplasticum	fig4_q30_PE_itsxpress_unite_blast_top1_rescue	ITSxpress	PE	PE	ITSxpress
6143c50035fe5fc5272475693b56bdf1	Mock type-strain BLAST	Candida	Candida_albicans	k__Fungi; p__Ascomycota; c__Saccharomycetes; o__Saccharomycetales; f__Debaryomycetaceae; g__Candida; s__Candida_albicans	fig4_q30_PE_itsxpress_unite_blast_top1_rescue	ITSxpress	PE	PE	ITSxpress
61ac22dac6fb3801dc5ea4a2a0f37828	Mock type-strain BLAST	Cryptococcus	Cryptococcus_neoformans	k__Fungi; p__Basidiomycota; c__Tremellomycetes; o__Tremellales; f__Tremellaceae; g__Cryptococcus; s__Cryptococcus_neoformans	fig4_q30_PE_itsxpress_unite_blast_top1_rescue	ITSxpress	PE	PE	ITSxpress
63c9b0ae5186d4f240846adf2921d2a4	Mock type-strain BLAST	Cutaneotrichosporon	Cutaneotrichosporon_dermatis	k__Fungi; p__Basidiomycota; c__Tremellomycetes; o__Trichosporonales; f__Trichosporonaceae; g__Cutaneotrichosporon; s__Cutaneotrichosporon_dermatis	fig4_q30_PE_itsxpress_unite_blast_top1_rescue	ITSxpress	PE	PE	ITSxpress
64ff5d05e3dad56364385a586b8236d4	Mock type-strain BLAST	Nakaseomyces	Nakaseomyces_glabratus	k__Fungi; p__Ascomycota; c__Saccharomycetes; o__Saccharomycetales; f__Saccharomycetaceae; g__Nakaseomyces; s__Nakaseomyces_glabratus	fig4_q30_PE_itsxpress_unite_blast_top1_rescue	ITSxpress	PE	PE	ITSxpress
671e1c45b579b74ae01911c39f15f5ed	Mock type-strain BLAST	Cryptococcus	Cryptococcus_neoformans	k__Fungi; p__Basidiomycota; c__Tremellomycetes; o__Tremellales; f__Tremellaceae; g__Cryptococcus; s__Cryptococcus_neoformans	fig4_q30_PE_itsxpress_unite_blast_top1_rescue	ITSxpress	PE	PE	ITSxpress
6850c27dec2af54194264e1aebf97dcd	Mock type-strain BLAST	Saccharomyces	Saccharomyces_cerevisiae	k__Fungi; p__Ascomycota; c__Saccharomycetes; o__Saccharomycetales; f__Saccharomycetaceae; g__Saccharomyces; s__Saccharomyces_cerevisiae	fig4_q30_PE_itsxpress_unite_blast_top1_rescue	ITSxpress	PE	PE	ITSxpress
69cd5398b6e9164003f09fa393e6f17b	Mock type-strain BLAST	Cutaneotrichosporon	Cutaneotrichosporon_dermatis	k__Fungi; p__Basidiomycota; c__Tremellomycetes; o__Trichosporonales; f__Trichosporonaceae; g__Cutaneotrichosporon; s__Cutaneotrichosporon_dermatis	fig4_q30_PE_itsxpress_unite_blast_top1_rescue	ITSxpress	PE	PE	ITSxpress
69d7a7d7c05039ce3b5be70ffacc089f	Mock type-strain BLAST	Fusarium	Fusarium_keratoplasticum	k__Fungi; p__Ascomycota; c__Sordariomycetes; o__Hypocreales; f__Nectriaceae; g__Fusarium; s__Fusarium_keratoplasticum	fig4_q30_PE_itsxpress_unite_blast_top1_rescue	ITSxpress	PE	PE	ITSxpress
6a018acae919ab5f0ca6dbedcb3ed281	Mock type-strain BLAST	Cutaneotrichosporon	Cutaneotrichosporon_dermatis	k__Fungi; p__Basidiomycota; c__Tremellomycetes; o__Trichosporonales; f__Trichosporonaceae; g__Cutaneotrichosporon; s__Cutaneotrichosporon_dermatis	fig4_q30_PE_itsxpress_unite_blast_top1_rescue	ITSxpress	PE	PE	ITSxpress
6a0e3aee96bfc2772cd53575935a9820	Mock type-strain BLAST	Aspergillus	Aspergillus_fumigatus	k__Fungi; p__Ascomycota; c__Eurotiomycetes; o__Eurotiales; f__Aspergillaceae; g__Aspergillus; s__Aspergillus_fumigatus	fig4_q30_PE_itsxpress_unite_blast_top1_rescue	ITSxpress	PE	PE	ITSxpress
6ab43771f8d50d4e9268e3421e3e927f	Mock type-strain BLAST	Cutaneotrichosporon	Cutaneotrichosporon_dermatis	k__Fungi; p__Basidiomycota; c__Tremellomycetes; o__Trichosporonales; f__Trichosporonaceae; g__Cutaneotrichosporon; s__Cutaneotrichosporon_dermatis	fig4_q30_PE_itsxpress_unite_blast_top1_rescue	ITSxpress	PE	PE	ITSxpress
6b772c4a25b6812808e7bf2169afb415	Mock type-strain BLAST	Cryptococcus	Cryptococcus_neoformans	k__Fungi; p__Basidiomycota; c__Tremellomycetes; o__Tremellales; f__Tremellaceae; g__Cryptococcus; s__Cryptococcus_neoformans	fig4_q30_PE_itsxpress_unite_blast_top1_rescue	ITSxpress	PE	PE	ITSxpress
6cf8e6273ab065c307d3712ac2dbfe1d	Mock type-strain BLAST	Cutaneotrichosporon	Cutaneotrichosporon_dermatis	k__Fungi; p__Basidiomycota; c__Tremellomycetes; o__Trichosporonales; f__Trichosporonaceae; g__Cutaneotrichosporon; s__Cutaneotrichosporon_dermatis	fig4_q30_PE_itsxpress_unite_blast_top1_rescue	ITSxpress	PE	PE	ITSxpress
6da5475f6575f181dd87a66917e36920	Mock type-strain BLAST	Cutaneotrichosporon	Cutaneotrichosporon_dermatis	k__Fungi; p__Basidiomycota; c__Tremellomycetes; o__Trichosporonales; f__Trichosporonaceae; g__Cutaneotrichosporon; s__Cutaneotrichosporon_dermatis	fig4_q30_PE_itsxpress_unite_blast_top1_rescue	ITSxpress	PE	PE	ITSxpress
6f1091e7efe7bc87c06bbea6642f1003	Mock type-strain BLAST	Cutaneotrichosporon	Cutaneotrichosporon_dermatis	k__Fungi; p__Basidiomycota; c__Tremellomycetes; o__Trichosporonales; f__Trichosporonaceae; g__Cutaneotrichosporon; s__Cutaneotrichosporon_dermatis	fig4_q30_PE_itsxpress_unite_blast_top1_rescue	ITSxpress	PE	PE	ITSxpress
70b3cf507c15b1c220effff995cdd1ca	Mock type-strain BLAST	Malassezia	Malassezia_globosa	k__Fungi; p__Basidiomycota; c__Malasseziomycetes; o__Malasseziales; f__Malasseziaceae; g__Malassezia; s__Malassezia_globosa	fig4_q30_PE_itsxpress_unite_blast_top1_rescue	ITSxpress	PE	PE	ITSxpress
74a06cbc0b620e28eca3ca122274f99c	Mock type-strain BLAST	Cryptococcus	Cryptococcus_neoformans	k__Fungi; p__Basidiomycota; c__Tremellomycetes; o__Tremellales; f__Tremellaceae; g__Cryptococcus; s__Cryptococcus_neoformans	fig4_q30_PE_itsxpress_unite_blast_top1_rescue	ITSxpress	PE	PE	ITSxpress
7759814383595a2d0ab1bf7b73171a44	Mock type-strain BLAST	Malassezia	Malassezia_globosa	k__Fungi; p__Basidiomycota; c__Malasseziomycetes; o__Malasseziales; f__Malasseziaceae; g__Malassezia; s__Malassezia_globosa	fig4_q30_PE_itsxpress_unite_blast_top1_rescue	ITSxpress	PE	PE	ITSxpress
77aef54800f91d2294bac5b9a9010594	Mock type-strain BLAST	Malassezia	Malassezia_globosa	k__Fungi; p__Basidiomycota; c__Malasseziomycetes; o__Malasseziales; f__Malasseziaceae; g__Malassezia; s__Malassezia_globosa	fig4_q30_PE_itsxpress_unite_blast_top1_rescue	ITSxpress	PE	PE	ITSxpress
77c50df4f2148df177a3936d185bcec2	Mock type-strain BLAST	Cutaneotrichosporon	Cutaneotrichosporon_dermatis	k__Fungi; p__Basidiomycota; c__Tremellomycetes; o__Trichosporonales; f__Trichosporonaceae; g__Cutaneotrichosporon; s__Cutaneotrichosporon_dermatis	fig4_q30_PE_itsxpress_unite_blast_top1_rescue	ITSxpress	PE	PE	ITSxpress
7860959ab1ce8a841054c4d3d15221d0	Mock type-strain BLAST	Cryptococcus	Cryptococcus_neoformans	k__Fungi; p__Basidiomycota; c__Tremellomycetes; o__Tremellales; f__Tremellaceae; g__Cryptococcus; s__Cryptococcus_neoformans	fig4_q30_PE_itsxpress_unite_blast_top1_rescue	ITSxpress	PE	PE	ITSxpress
787f8227d35c58c25e5a1baaff22bcc5	Mock type-strain BLAST	Cutaneotrichosporon	Cutaneotrichosporon_dermatis	k__Fungi; p__Basidiomycota; c__Tremellomycetes; o__Trichosporonales; f__Trichosporonaceae; g__Cutaneotrichosporon; s__Cutaneotrichosporon_dermatis	fig4_q30_PE_itsxpress_unite_blast_top1_rescue	ITSxpress	PE	PE	ITSxpress
78f1ff03d895408d0bbfc76f894befec	Mock type-strain BLAST	Aspergillus	Aspergillus_fumigatus	k__Fungi; p__Ascomycota; c__Eurotiomycetes; o__Eurotiales; f__Aspergillaceae; g__Aspergillus; s__Aspergillus_fumigatus	fig4_q30_PE_itsxpress_unite_blast_top1_rescue	ITSxpress	PE	PE	ITSxpress
7904340b100395ea12dbea044726ee08	Mock type-strain BLAST	Cryptococcus	Cryptococcus_neoformans	k__Fungi; p__Basidiomycota; c__Tremellomycetes; o__Tremellales; f__Tremellaceae; g__Cryptococcus; s__Cryptococcus_neoformans	fig4_q30_PE_itsxpress_unite_blast_top1_rescue	ITSxpress	PE	PE	ITSxpress
7958aa59fd7588c60330ce6799597d81	Mock type-strain BLAST	Cryptococcus	Cryptococcus_neoformans	k__Fungi; p__Basidiomycota; c__Tremellomycetes; o__Tremellales; f__Tremellaceae; g__Cryptococcus; s__Cryptococcus_neoformans	fig4_q30_PE_itsxpress_unite_blast_top1_rescue	ITSxpress	PE	PE	ITSxpress
7b0c2826eb7474c7abe104a585597010	Mock type-strain BLAST	Fusarium	Fusarium_keratoplasticum	k__Fungi; p__Ascomycota; c__Sordariomycetes; o__Hypocreales; f__Nectriaceae; g__Fusarium; s__Fusarium_keratoplasticum	fig4_q30_PE_itsxpress_unite_blast_top1_rescue	ITSxpress	PE	PE	ITSxpress
7bb64ea8b4df8344319d79a47d3a8afa	Mock type-strain BLAST	Cryptococcus	Cryptococcus_neoformans	k__Fungi; p__Basidiomycota; c__Tremellomycetes; o__Tremellales; f__Tremellaceae; g__Cryptococcus; s__Cryptococcus_neoformans	fig4_q30_PE_itsxpress_unite_blast_top1_rescue	ITSxpress	PE	PE	ITSxpress
7c96432a999d02dd7f21cbbdf5ea202a	Mock type-strain BLAST	Cutaneotrichosporon	Cutaneotrichosporon_dermatis	k__Fungi; p__Basidiomycota; c__Tremellomycetes; o__Trichosporonales; f__Trichosporonaceae; g__Cutaneotrichosporon; s__Cutaneotrichosporon_dermatis	fig4_q30_PE_itsxpress_unite_blast_top1_rescue	ITSxpress	PE	PE	ITSxpress
80656d9a953b600388a8d5b3284216b9	Mock type-strain BLAST	Candida	Candida_albicans	k__Fungi; p__Ascomycota; c__Saccharomycetes; o__Saccharomycetales; f__Debaryomycetaceae; g__Candida; s__Candida_albicans	fig4_q30_PE_itsxpress_unite_blast_top1_rescue	ITSxpress	PE	PE	ITSxpress
82a2523cca06ea4da6692908c23a4d60	Mock type-strain BLAST	Nakaseomyces	Nakaseomyces_glabratus	k__Fungi; p__Ascomycota; c__Saccharomycetes; o__Saccharomycetales; f__Saccharomycetaceae; g__Nakaseomyces; s__Nakaseomyces_glabratus	fig4_q30_PE_itsxpress_unite_blast_top1_rescue	ITSxpress	PE	PE	ITSxpress
8399a27795b0fabe060cc35c9f316118	Mock type-strain BLAST	Cryptococcus	Cryptococcus_neoformans	k__Fungi; p__Basidiomycota; c__Tremellomycetes; o__Tremellales; f__Tremellaceae; g__Cryptococcus; s__Cryptococcus_neoformans	fig4_q30_PE_itsxpress_unite_blast_top1_rescue	ITSxpress	PE	PE	ITSxpress
84b9d21cc143333232f36f500ea60299	Mock type-strain BLAST	Cutaneotrichosporon	Cutaneotrichosporon_dermatis	k__Fungi; p__Basidiomycota; c__Tremellomycetes; o__Trichosporonales; f__Trichosporonaceae; g__Cutaneotrichosporon; s__Cutaneotrichosporon_dermatis	fig4_q30_PE_itsxpress_unite_blast_top1_rescue	ITSxpress	PE	PE	ITSxpress
86033a0f68bf17feb67d641dd08a5e3b	Mock type-strain BLAST	Cutaneotrichosporon	Cutaneotrichosporon_dermatis	k__Fungi; p__Basidiomycota; c__Tremellomycetes; o__Trichosporonales; f__Trichosporonaceae; g__Cutaneotrichosporon; s__Cutaneotrichosporon_dermatis	fig4_q30_PE_itsxpress_unite_blast_top1_rescue	ITSxpress	PE	PE	ITSxpress
88bfe70998cfd35a12a909620792688a	Mock type-strain BLAST	Penicillium	Penicillium_chrysogenum	k__Fungi; p__Ascomycota; c__Eurotiomycetes; o__Eurotiales; f__Aspergillaceae; g__Penicillium; s__Penicillium_chrysogenum	fig4_q30_PE_itsxpress_unite_blast_top1_rescue	ITSxpress	PE	PE	ITSxpress
89213e5d64cafbad1947e54bdb84a3d6	Mock type-strain BLAST	Cutaneotrichosporon	Cutaneotrichosporon_dermatis	k__Fungi; p__Basidiomycota; c__Tremellomycetes; o__Trichosporonales; f__Trichosporonaceae; g__Cutaneotrichosporon; s__Cutaneotrichosporon_dermatis	fig4_q30_PE_itsxpress_unite_blast_top1_rescue	ITSxpress	PE	PE	ITSxpress
8b51ec7a91f7832c1606fd6ce117a808	Mock type-strain BLAST	Cutaneotrichosporon	Cutaneotrichosporon_dermatis	k__Fungi; p__Basidiomycota; c__Tremellomycetes; o__Trichosporonales; f__Trichosporonaceae; g__Cutaneotrichosporon; s__Cutaneotrichosporon_dermatis	fig4_q30_PE_itsxpress_unite_blast_top1_rescue	ITSxpress	PE	PE	ITSxpress
8e98c860323a68e9904cf3320be00300	Mock type-strain BLAST	Saccharomyces	Saccharomyces_cerevisiae	k__Fungi; p__Ascomycota; c__Saccharomycetes; o__Saccharomycetales; f__Saccharomycetaceae; g__Saccharomyces; s__Saccharomyces_cerevisiae	fig4_q30_PE_itsxpress_unite_blast_top1_rescue	ITSxpress	PE	PE	ITSxpress
8e9957d6ceecc6150dc312ec6ef1b716	Mock type-strain BLAST	Cryptococcus	Cryptococcus_neoformans	k__Fungi; p__Basidiomycota; c__Tremellomycetes; o__Tremellales; f__Tremellaceae; g__Cryptococcus; s__Cryptococcus_neoformans	fig4_q30_PE_itsxpress_unite_blast_top1_rescue	ITSxpress	PE	PE	ITSxpress
90a30f03ca37989d3320d5abf225636d	Mock type-strain BLAST	Penicillium	Penicillium_chrysogenum	k__Fungi; p__Ascomycota; c__Eurotiomycetes; o__Eurotiales; f__Aspergillaceae; g__Penicillium; s__Penicillium_chrysogenum	fig4_q30_PE_itsxpress_unite_blast_top1_rescue	ITSxpress	PE	PE	ITSxpress
91026d5ecd0fdcfb7b364d2d0871d36d	Mock type-strain BLAST	Cryptococcus	Cryptococcus_neoformans	k__Fungi; p__Basidiomycota; c__Tremellomycetes; o__Tremellales; f__Tremellaceae; g__Cryptococcus; s__Cryptococcus_neoformans	fig4_q30_PE_itsxpress_unite_blast_top1_rescue	ITSxpress	PE	PE	ITSxpress
915c63e977ee6d732c5eb8192795f959	Mock type-strain BLAST	Saccharomyces	Saccharomyces_cerevisiae	k__Fungi; p__Ascomycota; c__Saccharomycetes; o__Saccharomycetales; f__Saccharomycetaceae; g__Saccharomyces; s__Saccharomyces_cerevisiae	fig4_q30_PE_itsxpress_unite_blast_top1_rescue	ITSxpress	PE	PE	ITSxpress
91ed5a72b201f13a385a89abeee5e191	Mock type-strain BLAST	Penicillium	Penicillium_chrysogenum	k__Fungi; p__Ascomycota; c__Eurotiomycetes; o__Eurotiales; f__Aspergillaceae; g__Penicillium; s__Penicillium_chrysogenum	fig4_q30_PE_itsxpress_unite_blast_top1_rescue	ITSxpress	PE	PE	ITSxpress
921f876dd61c8fdd639a56fbb16d7b6c	Mock type-strain BLAST	Aspergillus	Aspergillus_fumigatus	k__Fungi; p__Ascomycota; c__Eurotiomycetes; o__Eurotiales; f__Aspergillaceae; g__Aspergillus; s__Aspergillus_fumigatus	fig4_q30_PE_itsxpress_unite_blast_top1_rescue	ITSxpress	PE	PE	ITSxpress
94530c8fa842d70b5abe7c813790b5b2	Mock type-strain BLAST	Saccharomyces	Saccharomyces_cerevisiae	k__Fungi; p__Ascomycota; c__Saccharomycetes; o__Saccharomycetales; f__Saccharomycetaceae; g__Saccharomyces; s__Saccharomyces_cerevisiae	fig4_q30_PE_itsxpress_unite_blast_top1_rescue	ITSxpress	PE	PE	ITSxpress
955540425e10bfa281031158fb849591	Mock type-strain BLAST	Cutaneotrichosporon	Cutaneotrichosporon_dermatis	k__Fungi; p__Basidiomycota; c__Tremellomycetes; o__Trichosporonales; f__Trichosporonaceae; g__Cutaneotrichosporon; s__Cutaneotrichosporon_dermatis	fig4_q30_PE_itsxpress_unite_blast_top1_rescue	ITSxpress	PE	PE	ITSxpress
98668f2433cc3fdfcf3c34e11d1ba521	Mock type-strain BLAST	Trichophyton	Trichophyton_interdigitale	k__Fungi; p__Ascomycota; c__Eurotiomycetes; o__Onygenales; f__Arthrodermataceae; g__Trichophyton; s__Trichophyton_interdigitale	fig4_q30_PE_itsxpress_unite_blast_top1_rescue	ITSxpress	PE	PE	ITSxpress
98906e38db8e05a595f3c0efb3021003	Mock type-strain BLAST	Penicillium	Penicillium_chrysogenum	k__Fungi; p__Ascomycota; c__Eurotiomycetes; o__Eurotiales; f__Aspergillaceae; g__Penicillium; s__Penicillium_chrysogenum	fig4_q30_PE_itsxpress_unite_blast_top1_rescue	ITSxpress	PE	PE	ITSxpress
99d42c21ca1a753040983bdb71b468f8	Mock type-strain BLAST	Saccharomyces	Saccharomyces_cerevisiae	k__Fungi; p__Ascomycota; c__Saccharomycetes; o__Saccharomycetales; f__Saccharomycetaceae; g__Saccharomyces; s__Saccharomyces_cerevisiae	fig4_q30_PE_itsxpress_unite_blast_top1_rescue	ITSxpress	PE	PE	ITSxpress
9bfc8e9697969f1165a87662c168f423	Mock type-strain BLAST	Cryptococcus	Cryptococcus_neoformans	k__Fungi; p__Basidiomycota; c__Tremellomycetes; o__Tremellales; f__Tremellaceae; g__Cryptococcus; s__Cryptococcus_neoformans	fig4_q30_PE_itsxpress_unite_blast_top1_rescue	ITSxpress	PE	PE	ITSxpress
9e0921e5bbd7ecf4d47f5134c8ca0d2a	Mock type-strain BLAST	Penicillium	Penicillium_chrysogenum	k__Fungi; p__Ascomycota; c__Eurotiomycetes; o__Eurotiales; f__Aspergillaceae; g__Penicillium; s__Penicillium_chrysogenum	fig4_q30_PE_itsxpress_unite_blast_top1_rescue	ITSxpress	PE	PE	ITSxpress
9e9aed34ec9b46ddf8b4be25bd081d10	Mock type-strain BLAST	Penicillium	Penicillium_chrysogenum	k__Fungi; p__Ascomycota; c__Eurotiomycetes; o__Eurotiales; f__Aspergillaceae; g__Penicillium; s__Penicillium_chrysogenum	fig4_q30_PE_itsxpress_unite_blast_top1_rescue	ITSxpress	PE	PE	ITSxpress
9f3cfc4c1a3fbf21503b961819b2fcbf	Mock type-strain BLAST	Cryptococcus	Cryptococcus_neoformans	k__Fungi; p__Basidiomycota; c__Tremellomycetes; o__Tremellales; f__Tremellaceae; g__Cryptococcus; s__Cryptococcus_neoformans	fig4_q30_PE_itsxpress_unite_blast_top1_rescue	ITSxpress	PE	PE	ITSxpress
a8471a97a89292ee71b9e346420d69e1	Mock type-strain BLAST	Aspergillus	Aspergillus_fumigatus	k__Fungi; p__Ascomycota; c__Eurotiomycetes; o__Eurotiales; f__Aspergillaceae; g__Aspergillus; s__Aspergillus_fumigatus	fig4_q30_PE_itsxpress_unite_blast_top1_rescue	ITSxpress	PE	PE	ITSxpress
aa449544b742da7c9fbfa39c0d3849fe	Mock type-strain BLAST	Cryptococcus	Cryptococcus_neoformans	k__Fungi; p__Basidiomycota; c__Tremellomycetes; o__Tremellales; f__Tremellaceae; g__Cryptococcus; s__Cryptococcus_neoformans	fig4_q30_PE_itsxpress_unite_blast_top1_rescue	ITSxpress	PE	PE	ITSxpress
aad545465f7a3c7d608c87b57b176a31	Mock type-strain BLAST	Cutaneotrichosporon	Cutaneotrichosporon_dermatis	k__Fungi; p__Basidiomycota; c__Tremellomycetes; o__Trichosporonales; f__Trichosporonaceae; g__Cutaneotrichosporon; s__Cutaneotrichosporon_dermatis	fig4_q30_PE_itsxpress_unite_blast_top1_rescue	ITSxpress	PE	PE	ITSxpress
abc7679572c0b1ba3de8661e079cb062	Mock type-strain BLAST	Cutaneotrichosporon	Cutaneotrichosporon_dermatis	k__Fungi; p__Basidiomycota; c__Tremellomycetes; o__Trichosporonales; f__Trichosporonaceae; g__Cutaneotrichosporon; s__Cutaneotrichosporon_dermatis	fig4_q30_PE_itsxpress_unite_blast_top1_rescue	ITSxpress	PE	PE	ITSxpress
ad5b23f99209f0b603e0c87d6cd42113	Mock type-strain BLAST	Cutaneotrichosporon	Cutaneotrichosporon_dermatis	k__Fungi; p__Basidiomycota; c__Tremellomycetes; o__Trichosporonales; f__Trichosporonaceae; g__Cutaneotrichosporon; s__Cutaneotrichosporon_dermatis	fig4_q30_PE_itsxpress_unite_blast_top1_rescue	ITSxpress	PE	PE	ITSxpress
ad90f737406d7ec92b3e444e41d6ab49	Mock type-strain BLAST	Cryptococcus	Cryptococcus_neoformans	k__Fungi; p__Basidiomycota; c__Tremellomycetes; o__Tremellales; f__Tremellaceae; g__Cryptococcus; s__Cryptococcus_neoformans	fig4_q30_PE_itsxpress_unite_blast_top1_rescue	ITSxpress	PE	PE	ITSxpress
ae02184daf687a68ede894e742c6be8e	Mock type-strain BLAST	Cutaneotrichosporon	Cutaneotrichosporon_dermatis	k__Fungi; p__Basidiomycota; c__Tremellomycetes; o__Trichosporonales; f__Trichosporonaceae; g__Cutaneotrichosporon; s__Cutaneotrichosporon_dermatis	fig4_q30_PE_itsxpress_unite_blast_top1_rescue	ITSxpress	PE	PE	ITSxpress
af27df91c11b097ab5c3f306fe0f535d	Mock type-strain BLAST	Cryptococcus	Cryptococcus_neoformans	k__Fungi; p__Basidiomycota; c__Tremellomycetes; o__Tremellales; f__Tremellaceae; g__Cryptococcus; s__Cryptococcus_neoformans	fig4_q30_PE_itsxpress_unite_blast_top1_rescue	ITSxpress	PE	PE	ITSxpress
b2c6907b3db766724d2335436d7e33f4	Mock type-strain BLAST	Cutaneotrichosporon	Cutaneotrichosporon_dermatis	k__Fungi; p__Basidiomycota; c__Tremellomycetes; o__Trichosporonales; f__Trichosporonaceae; g__Cutaneotrichosporon; s__Cutaneotrichosporon_dermatis	fig4_q30_PE_itsxpress_unite_blast_top1_rescue	ITSxpress	PE	PE	ITSxpress
b4d73ceb6dbaecaf84dd2dcf34566fbc	Mock type-strain BLAST	Cryptococcus	Cryptococcus_neoformans	k__Fungi; p__Basidiomycota; c__Tremellomycetes; o__Tremellales; f__Tremellaceae; g__Cryptococcus; s__Cryptococcus_neoformans	fig4_q30_PE_itsxpress_unite_blast_top1_rescue	ITSxpress	PE	PE	ITSxpress
b505a782b64eae6f885a9098ba8df509	Mock type-strain BLAST	Cutaneotrichosporon	Cutaneotrichosporon_dermatis	k__Fungi; p__Basidiomycota; c__Tremellomycetes; o__Trichosporonales; f__Trichosporonaceae; g__Cutaneotrichosporon; s__Cutaneotrichosporon_dermatis	fig4_q30_PE_itsxpress_unite_blast_top1_rescue	ITSxpress	PE	PE	ITSxpress
b51e89e740a3b7d99fc2112e7b30bc00	Mock type-strain BLAST	Fusarium	Fusarium_keratoplasticum	k__Fungi; p__Ascomycota; c__Sordariomycetes; o__Hypocreales; f__Nectriaceae; g__Fusarium; s__Fusarium_keratoplasticum	fig4_q30_PE_itsxpress_unite_blast_top1_rescue	ITSxpress	PE	PE	ITSxpress
b5d734bb65d33dbb443d7b92850825f8	Mock type-strain BLAST	Nakaseomyces	Nakaseomyces_glabratus	k__Fungi; p__Ascomycota; c__Saccharomycetes; o__Saccharomycetales; f__Saccharomycetaceae; g__Nakaseomyces; s__Nakaseomyces_glabratus	fig4_q30_PE_itsxpress_unite_blast_top1_rescue	ITSxpress	PE	PE	ITSxpress
b8a24610670d3ac10f0d3befe6902222	Mock type-strain BLAST	Cutaneotrichosporon	Cutaneotrichosporon_dermatis	k__Fungi; p__Basidiomycota; c__Tremellomycetes; o__Trichosporonales; f__Trichosporonaceae; g__Cutaneotrichosporon; s__Cutaneotrichosporon_dermatis	fig4_q30_PE_itsxpress_unite_blast_top1_rescue	ITSxpress	PE	PE	ITSxpress
b8b6019de3c607356ff1d4846d98a8df	Mock type-strain BLAST	Penicillium	Penicillium_chrysogenum	k__Fungi; p__Ascomycota; c__Eurotiomycetes; o__Eurotiales; f__Aspergillaceae; g__Penicillium; s__Penicillium_chrysogenum	fig4_q30_PE_itsxpress_unite_blast_top1_rescue	ITSxpress	PE	PE	ITSxpress
b930655cdbda2d0f0758d5276c15600d	Mock type-strain BLAST	Penicillium	Penicillium_chrysogenum	k__Fungi; p__Ascomycota; c__Eurotiomycetes; o__Eurotiales; f__Aspergillaceae; g__Penicillium; s__Penicillium_chrysogenum	fig4_q30_PE_itsxpress_unite_blast_top1_rescue	ITSxpress	PE	PE	ITSxpress
ba6f84c5a6c850e7dd2ac7ac28facbd6	Mock type-strain BLAST	Cryptococcus	Cryptococcus_neoformans	k__Fungi; p__Basidiomycota; c__Tremellomycetes; o__Tremellales; f__Tremellaceae; g__Cryptococcus; s__Cryptococcus_neoformans	fig4_q30_PE_itsxpress_unite_blast_top1_rescue	ITSxpress	PE	PE	ITSxpress
bb441be8bdf01e38ec90a625715d3f96	Mock type-strain BLAST	Cutaneotrichosporon	Cutaneotrichosporon_dermatis	k__Fungi; p__Basidiomycota; c__Tremellomycetes; o__Trichosporonales; f__Trichosporonaceae; g__Cutaneotrichosporon; s__Cutaneotrichosporon_dermatis	fig4_q30_PE_itsxpress_unite_blast_top1_rescue	ITSxpress	PE	PE	ITSxpress
bd796f04c04028b86ca7ece20df3e735	Mock type-strain BLAST	Cryptococcus	Cryptococcus_neoformans	k__Fungi; p__Basidiomycota; c__Tremellomycetes; o__Tremellales; f__Tremellaceae; g__Cryptococcus; s__Cryptococcus_neoformans	fig4_q30_PE_itsxpress_unite_blast_top1_rescue	ITSxpress	PE	PE	ITSxpress
c0be5a766a77d1b40339c3847e707d78	Mock type-strain BLAST	Cutaneotrichosporon	Cutaneotrichosporon_dermatis	k__Fungi; p__Basidiomycota; c__Tremellomycetes; o__Trichosporonales; f__Trichosporonaceae; g__Cutaneotrichosporon; s__Cutaneotrichosporon_dermatis	fig4_q30_PE_itsxpress_unite_blast_top1_rescue	ITSxpress	PE	PE	ITSxpress
c335aefb046c3a1f098bc46b7be0bff8	Mock type-strain BLAST	Cryptococcus	Cryptococcus_neoformans	k__Fungi; p__Basidiomycota; c__Tremellomycetes; o__Tremellales; f__Tremellaceae; g__Cryptococcus; s__Cryptococcus_neoformans	fig4_q30_PE_itsxpress_unite_blast_top1_rescue	ITSxpress	PE	PE	ITSxpress
c3b3863baf308516d9bae664ff9843c6	Mock type-strain BLAST	Fusarium	Fusarium_keratoplasticum	k__Fungi; p__Ascomycota; c__Sordariomycetes; o__Hypocreales; f__Nectriaceae; g__Fusarium; s__Fusarium_keratoplasticum	fig4_q30_PE_itsxpress_unite_blast_top1_rescue	ITSxpress	PE	PE	ITSxpress
c4882dc60b49c95b93e46ef6e32dfc12	Mock type-strain BLAST	Aspergillus	Aspergillus_fumigatus	k__Fungi; p__Ascomycota; c__Eurotiomycetes; o__Eurotiales; f__Aspergillaceae; g__Aspergillus; s__Aspergillus_fumigatus	fig4_q30_PE_itsxpress_unite_blast_top1_rescue	ITSxpress	PE	PE	ITSxpress
c5fc3fd35912da93c85f5c96bd65b76d	Mock type-strain BLAST	Aspergillus	Aspergillus_fumigatus	k__Fungi; p__Ascomycota; c__Eurotiomycetes; o__Eurotiales; f__Aspergillaceae; g__Aspergillus; s__Aspergillus_fumigatus	fig4_q30_PE_itsxpress_unite_blast_top1_rescue	ITSxpress	PE	PE	ITSxpress
c89bc141df239be15bf707bdd443fa11	Mock type-strain BLAST	Aspergillus	Aspergillus_fumigatus	k__Fungi; p__Ascomycota; c__Eurotiomycetes; o__Eurotiales; f__Aspergillaceae; g__Aspergillus; s__Aspergillus_fumigatus	fig4_q30_PE_itsxpress_unite_blast_top1_rescue	ITSxpress	PE	PE	ITSxpress
ca7267bef65439e30d72c01f2ab17865	Mock type-strain BLAST	Cutaneotrichosporon	Cutaneotrichosporon_dermatis	k__Fungi; p__Basidiomycota; c__Tremellomycetes; o__Trichosporonales; f__Trichosporonaceae; g__Cutaneotrichosporon; s__Cutaneotrichosporon_dermatis	fig4_q30_PE_itsxpress_unite_blast_top1_rescue	ITSxpress	PE	PE	ITSxpress
cb2c0e20773df56a36e2a0f9eabe0e2d	Mock type-strain BLAST	Penicillium	Penicillium_chrysogenum	k__Fungi; p__Ascomycota; c__Eurotiomycetes; o__Eurotiales; f__Aspergillaceae; g__Penicillium; s__Penicillium_chrysogenum	fig4_q30_PE_itsxpress_unite_blast_top1_rescue	ITSxpress	PE	PE	ITSxpress
cc6d7b7ac9f42ac1add61a4e92cca4d0	Mock type-strain BLAST	Cryptococcus	Cryptococcus_neoformans	k__Fungi; p__Basidiomycota; c__Tremellomycetes; o__Tremellales; f__Tremellaceae; g__Cryptococcus; s__Cryptococcus_neoformans	fig4_q30_PE_itsxpress_unite_blast_top1_rescue	ITSxpress	PE	PE	ITSxpress
cdd244abd5bf539f9d30cb7b2907eaa7	Mock type-strain BLAST	Aspergillus	Aspergillus_fumigatus	k__Fungi; p__Ascomycota; c__Eurotiomycetes; o__Eurotiales; f__Aspergillaceae; g__Aspergillus; s__Aspergillus_fumigatus	fig4_q30_PE_itsxpress_unite_blast_top1_rescue	ITSxpress	PE	PE	ITSxpress
ce09f92e8ab71b4062be2fcbf797fc29	Mock type-strain BLAST	Fusarium	Fusarium_keratoplasticum	k__Fungi; p__Ascomycota; c__Sordariomycetes; o__Hypocreales; f__Nectriaceae; g__Fusarium; s__Fusarium_keratoplasticum	fig4_q30_PE_itsxpress_unite_blast_top1_rescue	ITSxpress	PE	PE	ITSxpress
cf51d4a65c9fa59fbf840dc7445265d5	Mock type-strain BLAST	Cutaneotrichosporon	Cutaneotrichosporon_dermatis	k__Fungi; p__Basidiomycota; c__Tremellomycetes; o__Trichosporonales; f__Trichosporonaceae; g__Cutaneotrichosporon; s__Cutaneotrichosporon_dermatis	fig4_q30_PE_itsxpress_unite_blast_top1_rescue	ITSxpress	PE	PE	ITSxpress
cf9ccf0ca27f56fd87e0d496ea54b7a2	Mock type-strain BLAST	Cryptococcus	Cryptococcus_neoformans	k__Fungi; p__Basidiomycota; c__Tremellomycetes; o__Tremellales; f__Tremellaceae; g__Cryptococcus; s__Cryptococcus_neoformans	fig4_q30_PE_itsxpress_unite_blast_top1_rescue	ITSxpress	PE	PE	ITSxpress
d00e6d83defe1a30a8b325b1610196d3	Mock type-strain BLAST	Cutaneotrichosporon	Cutaneotrichosporon_dermatis	k__Fungi; p__Basidiomycota; c__Tremellomycetes; o__Trichosporonales; f__Trichosporonaceae; g__Cutaneotrichosporon; s__Cutaneotrichosporon_dermatis	fig4_q30_PE_itsxpress_unite_blast_top1_rescue	ITSxpress	PE	PE	ITSxpress
d03b42d094fc26abc401a439481e5e12	Mock type-strain BLAST	Aspergillus	Aspergillus_fumigatus	k__Fungi; p__Ascomycota; c__Eurotiomycetes; o__Eurotiales; f__Aspergillaceae; g__Aspergillus; s__Aspergillus_fumigatus	fig4_q30_PE_itsxpress_unite_blast_top1_rescue	ITSxpress	PE	PE	ITSxpress
d06ee85ecbb1b97b12f84c0d16ead2e3	Mock type-strain BLAST	Penicillium	Penicillium_chrysogenum	k__Fungi; p__Ascomycota; c__Eurotiomycetes; o__Eurotiales; f__Aspergillaceae; g__Penicillium; s__Penicillium_chrysogenum	fig4_q30_PE_itsxpress_unite_blast_top1_rescue	ITSxpress	PE	PE	ITSxpress
d2e25b6611bfc517eb12d22c4f1f0ac0	Mock type-strain BLAST	Cutaneotrichosporon	Cutaneotrichosporon_dermatis	k__Fungi; p__Basidiomycota; c__Tremellomycetes; o__Trichosporonales; f__Trichosporonaceae; g__Cutaneotrichosporon; s__Cutaneotrichosporon_dermatis	fig4_q30_PE_itsxpress_unite_blast_top1_rescue	ITSxpress	PE	PE	ITSxpress
d41474f8e49115abf6f296e3fee6b8b1	Mock type-strain BLAST	Aspergillus	Aspergillus_fumigatus	k__Fungi; p__Ascomycota; c__Eurotiomycetes; o__Eurotiales; f__Aspergillaceae; g__Aspergillus; s__Aspergillus_fumigatus	fig4_q30_PE_itsxpress_unite_blast_top1_rescue	ITSxpress	PE	PE	ITSxpress
d5f4d4c61556cd9a88f8e7072585def2	Mock type-strain BLAST	Aspergillus	Aspergillus_fumigatus	k__Fungi; p__Ascomycota; c__Eurotiomycetes; o__Eurotiales; f__Aspergillaceae; g__Aspergillus; s__Aspergillus_fumigatus	fig4_q30_PE_itsxpress_unite_blast_top1_rescue	ITSxpress	PE	PE	ITSxpress
d6e7806fe6c49f4c960a7210ce8b929b	Mock type-strain BLAST	Aspergillus	Aspergillus_fumigatus	k__Fungi; p__Ascomycota; c__Eurotiomycetes; o__Eurotiales; f__Aspergillaceae; g__Aspergillus; s__Aspergillus_fumigatus	fig4_q30_PE_itsxpress_unite_blast_top1_rescue	ITSxpress	PE	PE	ITSxpress
d6f3e15b67c356651253d4bfee7bb46f	Mock type-strain BLAST	Nakaseomyces	Nakaseomyces_glabratus	k__Fungi; p__Ascomycota; c__Saccharomycetes; o__Saccharomycetales; f__Saccharomycetaceae; g__Nakaseomyces; s__Nakaseomyces_glabratus	fig4_q30_PE_itsxpress_unite_blast_top1_rescue	ITSxpress	PE	PE	ITSxpress
d7517e7d7ccfcb017edef33e6825eda1	Mock type-strain BLAST	Cutaneotrichosporon	Cutaneotrichosporon_dermatis	k__Fungi; p__Basidiomycota; c__Tremellomycetes; o__Trichosporonales; f__Trichosporonaceae; g__Cutaneotrichosporon; s__Cutaneotrichosporon_dermatis	fig4_q30_PE_itsxpress_unite_blast_top1_rescue	ITSxpress	PE	PE	ITSxpress
d77de9b0c238f001eff17e8590bee7f3	Mock type-strain BLAST	Aspergillus	Aspergillus_fumigatus	k__Fungi; p__Ascomycota; c__Eurotiomycetes; o__Eurotiales; f__Aspergillaceae; g__Aspergillus; s__Aspergillus_fumigatus	fig4_q30_PE_itsxpress_unite_blast_top1_rescue	ITSxpress	PE	PE	ITSxpress
da93059e7d874e588773916cbcb5cebf	Mock type-strain BLAST	Malassezia	Malassezia_globosa	k__Fungi; p__Basidiomycota; c__Malasseziomycetes; o__Malasseziales; f__Malasseziaceae; g__Malassezia; s__Malassezia_globosa	fig4_q30_PE_itsxpress_unite_blast_top1_rescue	ITSxpress	PE	PE	ITSxpress
db0a45e1bb8405ca1fe091daa37fd2ec	Mock type-strain BLAST	Cutaneotrichosporon	Cutaneotrichosporon_dermatis	k__Fungi; p__Basidiomycota; c__Tremellomycetes; o__Trichosporonales; f__Trichosporonaceae; g__Cutaneotrichosporon; s__Cutaneotrichosporon_dermatis	fig4_q30_PE_itsxpress_unite_blast_top1_rescue	ITSxpress	PE	PE	ITSxpress
dbf377afa279cfc8e072e84b0bcb4f3f	Mock type-strain BLAST	Cryptococcus	Cryptococcus_neoformans	k__Fungi; p__Basidiomycota; c__Tremellomycetes; o__Tremellales; f__Tremellaceae; g__Cryptococcus; s__Cryptococcus_neoformans	fig4_q30_PE_itsxpress_unite_blast_top1_rescue	ITSxpress	PE	PE	ITSxpress
dc65b17281e536dc27c59066ed5cb2b8	Mock type-strain BLAST	Cryptococcus	Cryptococcus_neoformans	k__Fungi; p__Basidiomycota; c__Tremellomycetes; o__Tremellales; f__Tremellaceae; g__Cryptococcus; s__Cryptococcus_neoformans	fig4_q30_PE_itsxpress_unite_blast_top1_rescue	ITSxpress	PE	PE	ITSxpress
dcc55e98f520f9d97db040a6f18089ed	Mock type-strain BLAST	Trichophyton	Trichophyton_interdigitale	k__Fungi; p__Ascomycota; c__Eurotiomycetes; o__Onygenales; f__Arthrodermataceae; g__Trichophyton; s__Trichophyton_interdigitale	fig4_q30_PE_itsxpress_unite_blast_top1_rescue	ITSxpress	PE	PE	ITSxpress
dde3d9f44829488859e6425ff6f8dcd5	Mock type-strain BLAST	Cutaneotrichosporon	Cutaneotrichosporon_dermatis	k__Fungi; p__Basidiomycota; c__Tremellomycetes; o__Trichosporonales; f__Trichosporonaceae; g__Cutaneotrichosporon; s__Cutaneotrichosporon_dermatis	fig4_q30_PE_itsxpress_unite_blast_top1_rescue	ITSxpress	PE	PE	ITSxpress
e10697f67b5d8c5ca3d33e56594068bf	Mock type-strain BLAST	Fusarium	Fusarium_keratoplasticum	k__Fungi; p__Ascomycota; c__Sordariomycetes; o__Hypocreales; f__Nectriaceae; g__Fusarium; s__Fusarium_keratoplasticum	fig4_q30_PE_itsxpress_unite_blast_top1_rescue	ITSxpress	PE	PE	ITSxpress
e132feac453bbe8e98e4f5550613e720	Mock type-strain BLAST	Cryptococcus	Cryptococcus_neoformans	k__Fungi; p__Basidiomycota; c__Tremellomycetes; o__Tremellales; f__Tremellaceae; g__Cryptococcus; s__Cryptococcus_neoformans	fig4_q30_PE_itsxpress_unite_blast_top1_rescue	ITSxpress	PE	PE	ITSxpress
e399dc7c0823811b06f9eea10fa4ea6c	Mock type-strain BLAST	Fusarium	Fusarium_keratoplasticum	k__Fungi; p__Ascomycota; c__Sordariomycetes; o__Hypocreales; f__Nectriaceae; g__Fusarium; s__Fusarium_keratoplasticum	fig4_q30_PE_itsxpress_unite_blast_top1_rescue	ITSxpress	PE	PE	ITSxpress
e42387237c012c1ed92a8c7f9dd2e2eb	Mock type-strain BLAST	Cryptococcus	Cryptococcus_neoformans	k__Fungi; p__Basidiomycota; c__Tremellomycetes; o__Tremellales; f__Tremellaceae; g__Cryptococcus; s__Cryptococcus_neoformans	fig4_q30_PE_itsxpress_unite_blast_top1_rescue	ITSxpress	PE	PE	ITSxpress
e6042d9d33d4676b7a7d6c7d232be5b0	Mock type-strain BLAST	Aspergillus	Aspergillus_fumigatus	k__Fungi; p__Ascomycota; c__Eurotiomycetes; o__Eurotiales; f__Aspergillaceae; g__Aspergillus; s__Aspergillus_fumigatus	fig4_q30_PE_itsxpress_unite_blast_top1_rescue	ITSxpress	PE	PE	ITSxpress
e696a65744372846e5a5ad7901af11d5	Mock type-strain BLAST	Candida	Candida_albicans	k__Fungi; p__Ascomycota; c__Saccharomycetes; o__Saccharomycetales; f__Debaryomycetaceae; g__Candida; s__Candida_albicans	fig4_q30_PE_itsxpress_unite_blast_top1_rescue	ITSxpress	PE	PE	ITSxpress
e7453690825c89a6aed267d0b3afd8fc	Mock type-strain BLAST	Saccharomyces	Saccharomyces_cerevisiae	k__Fungi; p__Ascomycota; c__Saccharomycetes; o__Saccharomycetales; f__Saccharomycetaceae; g__Saccharomyces; s__Saccharomyces_cerevisiae	fig4_q30_PE_itsxpress_unite_blast_top1_rescue	ITSxpress	PE	PE	ITSxpress
e88a98c4c0b539970aba2e9afdb652ff	Mock type-strain BLAST	Cutaneotrichosporon	Cutaneotrichosporon_dermatis	k__Fungi; p__Basidiomycota; c__Tremellomycetes; o__Trichosporonales; f__Trichosporonaceae; g__Cutaneotrichosporon; s__Cutaneotrichosporon_dermatis	fig4_q30_PE_itsxpress_unite_blast_top1_rescue	ITSxpress	PE	PE	ITSxpress
e8afdba12110f5899c03436c55249876	Mock type-strain BLAST	Cryptococcus	Cryptococcus_neoformans	k__Fungi; p__Basidiomycota; c__Tremellomycetes; o__Tremellales; f__Tremellaceae; g__Cryptococcus; s__Cryptococcus_neoformans	fig4_q30_PE_itsxpress_unite_blast_top1_rescue	ITSxpress	PE	PE	ITSxpress
ebd61c5d3dace237f7a2a5bfb8d391ab	Mock type-strain BLAST	Nakaseomyces	Nakaseomyces_glabratus	k__Fungi; p__Ascomycota; c__Saccharomycetes; o__Saccharomycetales; f__Saccharomycetaceae; g__Nakaseomyces; s__Nakaseomyces_glabratus	fig4_q30_PE_itsxpress_unite_blast_top1_rescue	ITSxpress	PE	PE	ITSxpress
ed1c2120a1da64cd9a0b5ea27488f1cd	Mock type-strain BLAST	Cryptococcus	Cryptococcus_neoformans	k__Fungi; p__Basidiomycota; c__Tremellomycetes; o__Tremellales; f__Tremellaceae; g__Cryptococcus; s__Cryptococcus_neoformans	fig4_q30_PE_itsxpress_unite_blast_top1_rescue	ITSxpress	PE	PE	ITSxpress
ed3e9912ffac4094303328fb6a4ea10c	Mock type-strain BLAST	Fusarium	Fusarium_keratoplasticum	k__Fungi; p__Ascomycota; c__Sordariomycetes; o__Hypocreales; f__Nectriaceae; g__Fusarium; s__Fusarium_keratoplasticum	fig4_q30_PE_itsxpress_unite_blast_top1_rescue	ITSxpress	PE	PE	ITSxpress
ede209db473731ebfe17f1dbf1c88156	Mock type-strain BLAST	Penicillium	Penicillium_chrysogenum	k__Fungi; p__Ascomycota; c__Eurotiomycetes; o__Eurotiales; f__Aspergillaceae; g__Penicillium; s__Penicillium_chrysogenum	fig4_q30_PE_itsxpress_unite_blast_top1_rescue	ITSxpress	PE	PE	ITSxpress
ee606ee0d5d5f1f998149031ddfd45fc	Mock type-strain BLAST	Cryptococcus	Cryptococcus_neoformans	k__Fungi; p__Basidiomycota; c__Tremellomycetes; o__Tremellales; f__Tremellaceae; g__Cryptococcus; s__Cryptococcus_neoformans	fig4_q30_PE_itsxpress_unite_blast_top1_rescue	ITSxpress	PE	PE	ITSxpress
ee6217a6ac1c382c5086ba8f01f9a6f5	Mock type-strain BLAST	Nakaseomyces	Nakaseomyces_glabratus	k__Fungi; p__Ascomycota; c__Saccharomycetes; o__Saccharomycetales; f__Saccharomycetaceae; g__Nakaseomyces; s__Nakaseomyces_glabratus	fig4_q30_PE_itsxpress_unite_blast_top1_rescue	ITSxpress	PE	PE	ITSxpress
ef2ebeb91f91b576bbd95b341aed051e	Mock type-strain BLAST	Cutaneotrichosporon	Cutaneotrichosporon_dermatis	k__Fungi; p__Basidiomycota; c__Tremellomycetes; o__Trichosporonales; f__Trichosporonaceae; g__Cutaneotrichosporon; s__Cutaneotrichosporon_dermatis	fig4_q30_PE_itsxpress_unite_blast_top1_rescue	ITSxpress	PE	PE	ITSxpress
ef5b732f4220ffb4068dfff3f4590237	Mock type-strain BLAST	Cutaneotrichosporon	Cutaneotrichosporon_dermatis	k__Fungi; p__Basidiomycota; c__Tremellomycetes; o__Trichosporonales; f__Trichosporonaceae; g__Cutaneotrichosporon; s__Cutaneotrichosporon_dermatis	fig4_q30_PE_itsxpress_unite_blast_top1_rescue	ITSxpress	PE	PE	ITSxpress
ef7c4591e1b81a9863d21132d9f67bb6	Mock type-strain BLAST	Cryptococcus	Cryptococcus_neoformans	k__Fungi; p__Basidiomycota; c__Tremellomycetes; o__Tremellales; f__Tremellaceae; g__Cryptococcus; s__Cryptococcus_neoformans	fig4_q30_PE_itsxpress_unite_blast_top1_rescue	ITSxpress	PE	PE	ITSxpress
ef7cf9848db5544fe03fb7d411336533	Mock type-strain BLAST	Candida	Candida_albicans	k__Fungi; p__Ascomycota; c__Saccharomycetes; o__Saccharomycetales; f__Debaryomycetaceae; g__Candida; s__Candida_albicans	fig4_q30_PE_itsxpress_unite_blast_top1_rescue	ITSxpress	PE	PE	ITSxpress
f0547560c210f8f296ce2aa804c875d4	Mock type-strain BLAST	Cutaneotrichosporon	Cutaneotrichosporon_dermatis	k__Fungi; p__Basidiomycota; c__Tremellomycetes; o__Trichosporonales; f__Trichosporonaceae; g__Cutaneotrichosporon; s__Cutaneotrichosporon_dermatis	fig4_q30_PE_itsxpress_unite_blast_top1_rescue	ITSxpress	PE	PE	ITSxpress
f1c57273935879d23965899d63727f74	Mock type-strain BLAST	Penicillium	Penicillium_chrysogenum	k__Fungi; p__Ascomycota; c__Eurotiomycetes; o__Eurotiales; f__Aspergillaceae; g__Penicillium; s__Penicillium_chrysogenum	fig4_q30_PE_itsxpress_unite_blast_top1_rescue	ITSxpress	PE	PE	ITSxpress
f4d47d9e9f949ba9f162bbf4faea2866	Mock type-strain BLAST	Fusarium	Fusarium_keratoplasticum	k__Fungi; p__Ascomycota; c__Sordariomycetes; o__Hypocreales; f__Nectriaceae; g__Fusarium; s__Fusarium_keratoplasticum	fig4_q30_PE_itsxpress_unite_blast_top1_rescue	ITSxpress	PE	PE	ITSxpress
f4e14db83b8c8f27154cef63832ebf60	Mock type-strain BLAST	Cutaneotrichosporon	Cutaneotrichosporon_dermatis	k__Fungi; p__Basidiomycota; c__Tremellomycetes; o__Trichosporonales; f__Trichosporonaceae; g__Cutaneotrichosporon; s__Cutaneotrichosporon_dermatis	fig4_q30_PE_itsxpress_unite_blast_top1_rescue	ITSxpress	PE	PE	ITSxpress
f4fd6035608dbd454bc773ff604d85cc	Mock type-strain BLAST	Saccharomyces	Saccharomyces_cerevisiae	k__Fungi; p__Ascomycota; c__Saccharomycetes; o__Saccharomycetales; f__Saccharomycetaceae; g__Saccharomyces; s__Saccharomyces_cerevisiae	fig4_q30_PE_itsxpress_unite_blast_top1_rescue	ITSxpress	PE	PE	ITSxpress
f73a1a510817fc733ace7a6a70e7394e	Mock type-strain BLAST	Cryptococcus	Cryptococcus_neoformans	k__Fungi; p__Basidiomycota; c__Tremellomycetes; o__Tremellales; f__Tremellaceae; g__Cryptococcus; s__Cryptococcus_neoformans	fig4_q30_PE_itsxpress_unite_blast_top1_rescue	ITSxpress	PE	PE	ITSxpress
f806a2396402eab6244a8d52e08a9f7e	Mock type-strain BLAST	Trichophyton	Trichophyton_interdigitale	k__Fungi; p__Ascomycota; c__Eurotiomycetes; o__Onygenales; f__Arthrodermataceae; g__Trichophyton; s__Trichophyton_interdigitale	fig4_q30_PE_itsxpress_unite_blast_top1_rescue	ITSxpress	PE	PE	ITSxpress
f8d2f35ec8aba3368cfa9bdc9dc84831	Mock type-strain BLAST	Cryptococcus	Cryptococcus_neoformans	k__Fungi; p__Basidiomycota; c__Tremellomycetes; o__Tremellales; f__Tremellaceae; g__Cryptococcus; s__Cryptococcus_neoformans	fig4_q30_PE_itsxpress_unite_blast_top1_rescue	ITSxpress	PE	PE	ITSxpress
f9bc2c7d2647a3b4e63ca4b721021da9	Mock type-strain BLAST	Cutaneotrichosporon	Cutaneotrichosporon_dermatis	k__Fungi; p__Basidiomycota; c__Tremellomycetes; o__Trichosporonales; f__Trichosporonaceae; g__Cutaneotrichosporon; s__Cutaneotrichosporon_dermatis	fig4_q30_PE_itsxpress_unite_blast_top1_rescue	ITSxpress	PE	PE	ITSxpress
f9d217f428c665f6e44a09c08fe0c485	Mock type-strain BLAST	Trichophyton	Trichophyton_interdigitale	k__Fungi; p__Ascomycota; c__Eurotiomycetes; o__Onygenales; f__Arthrodermataceae; g__Trichophyton; s__Trichophyton_interdigitale	fig4_q30_PE_itsxpress_unite_blast_top1_rescue	ITSxpress	PE	PE	ITSxpress
fd56d5d2d7ab0969f3ea9d3294133409	Mock type-strain BLAST	Cryptococcus	Cryptococcus_neoformans	k__Fungi; p__Basidiomycota; c__Tremellomycetes; o__Tremellales; f__Tremellaceae; g__Cryptococcus; s__Cryptococcus_neoformans	fig4_q30_PE_itsxpress_unite_blast_top1_rescue	ITSxpress	PE	PE	ITSxpress
fdad38ba45d5b299528d74bce258e06a	Mock type-strain BLAST	Cutaneotrichosporon	Cutaneotrichosporon_dermatis	k__Fungi; p__Basidiomycota; c__Tremellomycetes; o__Trichosporonales; f__Trichosporonaceae; g__Cutaneotrichosporon; s__Cutaneotrichosporon_dermatis	fig4_q30_PE_itsxpress_unite_blast_top1_rescue	ITSxpress	PE	PE	ITSxpress
ff0b3c0f2f9029863279aaec209a64b5	Mock type-strain BLAST	Cutaneotrichosporon	Cutaneotrichosporon_dermatis	k__Fungi; p__Basidiomycota; c__Tremellomycetes; o__Trichosporonales; f__Trichosporonaceae; g__Cutaneotrichosporon; s__Cutaneotrichosporon_dermatis	fig4_q30_PE_itsxpress_unite_blast_top1_rescue	ITSxpress	PE	PE	ITSxpress
80656d9a953b600388a8d5b3284216b9	UNITE	Candida	Candida_albicans	k__Fungi; p__Ascomycota; c__Saccharomycetes; o__Saccharomycetales; f__Saccharomycetales_fam_Incertae_sedis; g__Candida; s__Candida_albicans	fig4_q30_SE_itsxpress_unite_blast_top1_rescue	ITSxpress	SE	SE	ITSxpress
6092927047fe7a692354e4fd7c745e4c	UNITE	Cutaneotrichosporon	Cutaneotrichosporon_mucoides	k__Fungi; p__Basidiomycota; c__Tremellomycetes; o__Trichosporonales; f__Trichosporonaceae; g__Cutaneotrichosporon; s__Cutaneotrichosporon_mucoides	fig4_q30_SE_itsxpress_unite_blast_top1_rescue	ITSxpress	SE	SE	ITSxpress
d0dd260d0fe8cfb01289969e39422e98	UNITE	Cryptococcus	Cryptococcus_neoformans	k__Fungi; p__Basidiomycota; c__Tremellomycetes; o__Tremellales; f__Cryptococcaceae; g__Cryptococcus; s__Cryptococcus_neoformans	fig4_q30_SE_itsxpress_unite_blast_top1_rescue	ITSxpress	SE	SE	ITSxpress
2d783fc0a24c9350fd6e4c008ade61f1	UNITE	Penicillium	Unclassified	k__Fungi; p__Ascomycota; c__Eurotiomycetes; o__Eurotiales; f__Aspergillaceae; g__Penicillium; s__Penicillium_g	fig4_q30_SE_itsxpress_unite_blast_top1_rescue	ITSxpress	SE	SE	ITSxpress
83da93600831577d6f76875ba26d9661	UNITE	Nakaseomyces	Nakaseomyces_glabratus	k__Fungi; p__Ascomycota; c__Saccharomycetes; o__Saccharomycetales; f__Saccharomycetaceae; g__Nakaseomyces; s__Nakaseomyces_glabratus	fig4_q30_SE_itsxpress_unite_blast_top1_rescue	ITSxpress	SE	SE	ITSxpress
ec1984762c2def53d14e8559d502eb63	UNITE	Saccharomyces	Saccharomyces_cerevisiae	k__Fungi; p__Ascomycota; c__Saccharomycetes; o__Saccharomycetales; f__Saccharomycetaceae; g__Saccharomyces; s__Saccharomyces_cerevisiae	fig4_q30_SE_itsxpress_unite_blast_top1_rescue	ITSxpress	SE	SE	ITSxpress
e6042d9d33d4676b7a7d6c7d232be5b0	UNITE	Aspergillus	Aspergillus_fumigatus	k__Fungi; p__Ascomycota; c__Eurotiomycetes; o__Eurotiales; f__Aspergillaceae; g__Aspergillus; s__Aspergillus_fumigatus	fig4_q30_SE_itsxpress_unite_blast_top1_rescue	ITSxpress	SE	SE	ITSxpress
6ad6916c8792e0521d8ebf5ef3aeed16	UNITE	Trichophyton	Trichophyton_mentagrophytes	k__Fungi; p__Ascomycota; c__Eurotiomycetes; o__Onygenales; f__Arthrodermataceae; g__Trichophyton; s__Trichophyton_mentagrophytes	fig4_q30_SE_itsxpress_unite_blast_top1_rescue	ITSxpress	SE	SE	ITSxpress
abc7679572c0b1ba3de8661e079cb062	UNITE	Cutaneotrichosporon	Cutaneotrichosporon_debeurmannianum	k__Fungi; p__Basidiomycota; c__Tremellomycetes; o__Trichosporonales; f__Trichosporonaceae; g__Cutaneotrichosporon; s__Cutaneotrichosporon_debeurmannianum	fig4_q30_SE_itsxpress_unite_blast_top1_rescue	ITSxpress	SE	SE	ITSxpress
e399dc7c0823811b06f9eea10fa4ea6c	UNITE	Cladosporium	Unclassified	k__Fungi; p__Ascomycota; c__Dothideomycetes; o__Cladosporiales; f__Cladosporiaceae; g__Cladosporium; s__Cladosporium_g	fig4_q30_SE_itsxpress_unite_blast_top1_rescue	ITSxpress	SE	SE	ITSxpress
20737c9d81433cafb2c8d460c8527fc2	UNITE	Irpex	Irpex_hacksungii	k__Fungi; p__Basidiomycota; c__Agaricomycetes; o__Polyporales; f__Irpicaceae; g__Irpex; s__Irpex_hacksungii	fig4_q30_SE_itsxpress_unite_blast_top1_rescue	ITSxpress	SE	SE	ITSxpress
c20373be96723055fe98fb270fa1644f	UNITE	Kazachstania	Kazachstania_servazzii	k__Fungi; p__Ascomycota; c__Saccharomycetes; o__Saccharomycetales; f__Saccharomycetaceae; g__Kazachstania; s__Kazachstania_servazzii	fig4_q30_SE_itsxpress_unite_blast_top1_rescue	ITSxpress	SE	SE	ITSxpress
816f82f1c4b9b20db5c8823dd52cb136	UNITE	Irpex	Irpex_laceratus	k__Fungi; p__Basidiomycota; c__Agaricomycetes; o__Polyporales; f__Irpicaceae; g__Irpex; s__Irpex_laceratus	fig4_q30_SE_itsxpress_unite_blast_top1_rescue	ITSxpress	SE	SE	ITSxpress
826fd5dc6426f46bdf51bdc001f5e8f4	UNITE	Debaryomyces	Debaryomyces_delbrueckii	k__Fungi; p__Ascomycota; c__Saccharomycetes; o__Saccharomycetales; f__Debaryomycetaceae; g__Debaryomyces; s__Debaryomyces_delbrueckii	fig4_q30_SE_itsxpress_unite_blast_top1_rescue	ITSxpress	SE	SE	ITSxpress
0d7f1fa221989e0cc733a52a1d979bfa	UNITE	Ascomycota_p	Ascomycota_p	k__Fungi; p__Ascomycota; c__Ascomycota_p; o__Ascomycota_p; f__Ascomycota_p; g__Ascomycota_p; s__Ascomycota_p	fig4_q30_SE_itsxpress_unite_blast_top1_rescue	ITSxpress	SE	SE	ITSxpress
ed3e9912ffac4094303328fb6a4ea10c	UNITE	Fusarium	Unclassified	k__Fungi; p__Ascomycota; c__Sordariomycetes; o__Hypocreales; f__Nectriaceae; g__Fusarium; s__Fusarium_g	fig4_q30_SE_itsxpress_unite_blast_top1_rescue	ITSxpress	SE	SE	ITSxpress
c3b3863baf308516d9bae664ff9843c6	UNITE	Nigrospora	Unclassified	k__Fungi; p__Ascomycota; c__Sordariomycetes; o__Amphisphaeriales; f__Apiosporaceae; g__Nigrospora; s__Nigrospora_g	fig4_q30_SE_itsxpress_unite_blast_top1_rescue	ITSxpress	SE	SE	ITSxpress
950d50b0de25bc9dca465fb972fc90ce	UNITE	Peniophoraceae_f	Peniophoraceae_f	k__Fungi; p__Basidiomycota; c__Agaricomycetes; o__Russulales; f__Peniophoraceae; g__Peniophoraceae_f; s__Peniophoraceae_f	fig4_q30_SE_itsxpress_unite_blast_top1_rescue	ITSxpress	SE	SE	ITSxpress
897a37c049e111f2e2792037d2fc6c37	UNITE	Irpex	Irpex_laceratus	k__Fungi; p__Basidiomycota; c__Agaricomycetes; o__Polyporales; f__Irpicaceae; g__Irpex; s__Irpex_laceratus	fig4_q30_SE_itsxpress_unite_blast_top1_rescue	ITSxpress	SE	SE	ITSxpress
b69023c2fa4f941f5e3dd0b8992986a6	UNITE	Stereaceae_f	Stereaceae_f	k__Fungi; p__Basidiomycota; c__Agaricomycetes; o__Russulales; f__Stereaceae; g__Stereaceae_f; s__Stereaceae_f	fig4_q30_SE_itsxpress_unite_blast_top1_rescue	ITSxpress	SE	SE	ITSxpress
913d6a6c7d51c84d30e4c47c884c6d07	UNITE	Ascomycota_p	Ascomycota_p	k__Fungi; p__Ascomycota; c__Ascomycota_p; o__Ascomycota_p; f__Ascomycota_p; g__Ascomycota_p; s__Ascomycota_p	fig4_q30_SE_itsxpress_unite_blast_top1_rescue	ITSxpress	SE	SE	ITSxpress
921f876dd61c8fdd639a56fbb16d7b6c	UNITE	Didymellaceae_f	Didymellaceae_f	k__Fungi; p__Ascomycota; c__Dothideomycetes; o__Pleosporales; f__Didymellaceae; g__Didymellaceae_f; s__Didymellaceae_f	fig4_q30_SE_itsxpress_unite_blast_top1_rescue	ITSxpress	SE	SE	ITSxpress
98906e38db8e05a595f3c0efb3021003	UNITE	Penicillium	Penicillium_patris-mei	k__Fungi; p__Ascomycota; c__Eurotiomycetes; o__Eurotiales; f__Aspergillaceae; g__Penicillium; s__Penicillium_patris-mei	fig4_q30_SE_itsxpress_unite_blast_top1_rescue	ITSxpress	SE	SE	ITSxpress
f1c57273935879d23965899d63727f74	UNITE	Aspergillus	Aspergillus_ruber	k__Fungi; p__Ascomycota; c__Eurotiomycetes; o__Eurotiales; f__Aspergillaceae; g__Aspergillus; s__Aspergillus_ruber	fig4_q30_SE_itsxpress_unite_blast_top1_rescue	ITSxpress	SE	SE	ITSxpress
b9c4559032ad8182443254a9dcf649dc	UNITE	Saccharomyces	Saccharomyces_cerevisiae	k__Fungi; p__Ascomycota; c__Saccharomycetes; o__Saccharomycetales; f__Saccharomycetaceae; g__Saccharomyces; s__Saccharomyces_cerevisiae	fig4_q30_SE_itsxpress_unite_blast_top1_rescue	ITSxpress	SE	SE	ITSxpress
b940c7f16e902dd4f7b022ba34403921	UNITE	Schizophyllum	Schizophyllum_commune	k__Fungi; p__Basidiomycota; c__Agaricomycetes; o__Agaricales; f__Schizophyllaceae; g__Schizophyllum; s__Schizophyllum_commune	fig4_q30_SE_itsxpress_unite_blast_top1_rescue	ITSxpress	SE	SE	ITSxpress
ca611572ed9359dd66fcb0cff64534b9	UNITE	Bjerkandera	Bjerkandera_adusta	k__Fungi; p__Basidiomycota; c__Agaricomycetes; o__Polyporales; f__Phanerochaetaceae; g__Bjerkandera; s__Bjerkandera_adusta	fig4_q30_SE_itsxpress_unite_blast_top1_rescue	ITSxpress	SE	SE	ITSxpress
31fe6db9ce878dc354cb87b45c498d9e	UNITE	Mucor	Mucor_circinelloides	k__Fungi; p__Mucoromycota; c__Mucoromycetes; o__Mucorales; f__Mucoraceae; g__Mucor; s__Mucor_circinelloides	fig4_q30_SE_itsxpress_unite_blast_top1_rescue	ITSxpress	SE	SE	ITSxpress
4404a71ee8b8a868175be7a2bf9a30df	UNITE	Bullera	Bullera_alba	k__Fungi; p__Basidiomycota; c__Tremellomycetes; o__Tremellales; f__Bulleraceae; g__Bullera; s__Bullera_alba	fig4_q30_SE_itsxpress_unite_blast_top1_rescue	ITSxpress	SE	SE	ITSxpress
dd71353a2d00bf3451a122a46a5e631e	UNITE	Candolleomyces	Candolleomyces_subminutisporus	k__Fungi; p__Basidiomycota; c__Agaricomycetes; o__Agaricales; f__Psathyrellaceae; g__Candolleomyces; s__Candolleomyces_subminutisporus	fig4_q30_SE_itsxpress_unite_blast_top1_rescue	ITSxpress	SE	SE	ITSxpress
64a421accf97b206b9b5685b98f5362b	UNITE	Fungi_k	Fungi_k	k__Fungi; p__Fungi_k; c__Fungi_k; o__Fungi_k; f__Fungi_k; g__Fungi_k; s__Fungi_k	fig4_q30_SE_itsxpress_unite_blast_top1_rescue	ITSxpress	SE	SE	ITSxpress
4fe0a80f8c4b0a6cfc9a15c0926fd3f1	UNITE	Ophiognomonia	Unclassified	k__Fungi; p__Ascomycota; c__Sordariomycetes; o__Diaporthales; f__Gnomoniaceae; g__Ophiognomonia; s__Ophiognomonia_g	fig4_q30_SE_itsxpress_unite_blast_top1_rescue	ITSxpress	SE	SE	ITSxpress
5db7d119f68cc612f70048a57d68fc13	UNITE	Irpex	Irpex_hacksungii	k__Fungi; p__Basidiomycota; c__Agaricomycetes; o__Polyporales; f__Irpicaceae; g__Irpex; s__Irpex_hacksungii	fig4_q30_SE_itsxpress_unite_blast_top1_rescue	ITSxpress	SE	SE	ITSxpress
b046f251007bcf28da1ecc6ab7bdac42	UNITE	Fungi_k	Fungi_k	k__Fungi; p__Fungi_k; c__Fungi_k; o__Fungi_k; f__Fungi_k; g__Fungi_k; s__Fungi_k	fig4_q30_SE_itsxpress_unite_blast_top1_rescue	ITSxpress	SE	SE	ITSxpress
05dcbd64ea8517b09449bf3ddd4a83dd	UNITE	Udeniomyces	Udeniomyces_pyricola	k__Fungi; p__Basidiomycota; c__Tremellomycetes; o__Cystofilobasidiales; f__Mrakiaceae; g__Udeniomyces; s__Udeniomyces_pyricola	fig4_q30_SE_itsxpress_unite_blast_top1_rescue	ITSxpress	SE	SE	ITSxpress
54c185729a43db8910321baddfea8807	UNITE	Peniophoraceae_f	Peniophoraceae_f	k__Fungi; p__Basidiomycota; c__Agaricomycetes; o__Russulales; f__Peniophoraceae; g__Peniophoraceae_f; s__Peniophoraceae_f	fig4_q30_SE_itsxpress_unite_blast_top1_rescue	ITSxpress	SE	SE	ITSxpress
5dc59752d7c7ad5bdc3b142a17e36f9d	UNITE	Peniophoraceae_f	Peniophoraceae_f	k__Fungi; p__Basidiomycota; c__Agaricomycetes; o__Russulales; f__Peniophoraceae; g__Peniophoraceae_f; s__Peniophoraceae_f	fig4_q30_SE_itsxpress_unite_blast_top1_rescue	ITSxpress	SE	SE	ITSxpress
b5b9c2526e8ef4a0423d48453db784ce	UNITE	Hericiaceae_f	Hericiaceae_f	k__Fungi; p__Basidiomycota; c__Agaricomycetes; o__Russulales; f__Hericiaceae; g__Hericiaceae_f; s__Hericiaceae_f	fig4_q30_SE_itsxpress_unite_blast_top1_rescue	ITSxpress	SE	SE	ITSxpress
19781955f7dc8059d72ca67fe69742f4	UNITE	Trametes	Trametes_pubescens	k__Fungi; p__Basidiomycota; c__Agaricomycetes; o__Polyporales; f__Polyporaceae; g__Trametes; s__Trametes_pubescens	fig4_q30_SE_itsxpress_unite_blast_top1_rescue	ITSxpress	SE	SE	ITSxpress
a9862003c339ee2dd8dbc924014edc86	UNITE	Daedaleopsis	Daedaleopsis_confragosa	k__Fungi; p__Basidiomycota; c__Agaricomycetes; o__Polyporales; f__Polyporaceae; g__Daedaleopsis; s__Daedaleopsis_confragosa	fig4_q30_SE_itsxpress_unite_blast_top1_rescue	ITSxpress	SE	SE	ITSxpress
7bcfb3ade16f38b45a1df52d34d64c4e	UNITE	Tilletiopsis	Tilletiopsis_washingtonensis	k__Fungi; p__Basidiomycota; c__Exobasidiomycetes; o__Entylomatales; f__Entylomataceae; g__Tilletiopsis; s__Tilletiopsis_washingtonensis	fig4_q30_SE_itsxpress_unite_blast_top1_rescue	ITSxpress	SE	SE	ITSxpress
fa4787cdae91213d04dc949409061c56	UNITE	Phanerochaete	Phanerochaete_livescens	k__Fungi; p__Basidiomycota; c__Agaricomycetes; o__Polyporales; f__Phanerochaetaceae; g__Phanerochaete; s__Phanerochaete_livescens	fig4_q30_SE_itsxpress_unite_blast_top1_rescue	ITSxpress	SE	SE	ITSxpress
e8f9c25e55b59219535e215c1b148c4d	UNITE	Ascomycota_p	Ascomycota_p	k__Fungi; p__Ascomycota; c__Ascomycota_p; o__Ascomycota_p; f__Ascomycota_p; g__Ascomycota_p; s__Ascomycota_p	fig4_q30_SE_itsxpress_unite_blast_top1_rescue	ITSxpress	SE	SE	ITSxpress
5caba2baca9ecddfad50b0b99c30129a	UNITE	Sporobolomyces	Unclassified	k__Fungi; p__Basidiomycota; c__Microbotryomycetes; o__Sporidiobolales; f__Sporidiobolaceae; g__Sporobolomyces; s__Sporobolomyces_g	fig4_q30_SE_itsxpress_unite_blast_top1_rescue	ITSxpress	SE	SE	ITSxpress
838e5d450e7b14351a28fa2e38461e84	UNITE	Hymenochaetopsis	Hymenochaetopsis_yasudae	k__Fungi; p__Basidiomycota; c__Agaricomycetes; o__Hymenochaetales; f__Hymenochaetaceae; g__Hymenochaetopsis; s__Hymenochaetopsis_yasudae	fig4_q30_SE_itsxpress_unite_blast_top1_rescue	ITSxpress	SE	SE	ITSxpress
3ccc75f00bd3d144ceaa0391c4349da4	UNITE	Polyporales_o	Polyporales_o	k__Fungi; p__Basidiomycota; c__Agaricomycetes; o__Polyporales; f__Polyporales_o; g__Polyporales_o; s__Polyporales_o	fig4_q30_SE_itsxpress_unite_blast_top1_rescue	ITSxpress	SE	SE	ITSxpress
0fd1d727176f466547928eba1e93d32c	UNITE	Malassezia	Malassezia_sympodialis	k__Fungi; p__Basidiomycota; c__Malasseziomycetes; o__Malasseziales; f__Malasseziaceae; g__Malassezia; s__Malassezia_sympodialis	fig4_q30_SE_itsxpress_unite_blast_top1_rescue	ITSxpress	SE	SE	ITSxpress
2f9d7e8bea9501d87407a5e5a59bf89b	UNITE	Pleosporales_o	Pleosporales_o	k__Fungi; p__Ascomycota; c__Dothideomycetes; o__Pleosporales; f__Pleosporales_o; g__Pleosporales_o; s__Pleosporales_o	fig4_q30_SE_itsxpress_unite_blast_top1_rescue	ITSxpress	SE	SE	ITSxpress
30c66d5481541d89952d4ca5765d73bc	UNITE	Sistotremastrum	Sistotremastrum_guttuliferum	k__Fungi; p__Basidiomycota; c__Agaricomycetes; o__Trechisporales; f__Hydnodontaceae; g__Sistotremastrum; s__Sistotremastrum_guttuliferum	fig4_q30_SE_itsxpress_unite_blast_top1_rescue	ITSxpress	SE	SE	ITSxpress
f99cd28f84efab0680f5b5f07811d773	UNITE	Crepidotus	Unclassified	k__Fungi; p__Basidiomycota; c__Agaricomycetes; o__Agaricales; f__Crepidotaceae; g__Crepidotus; s__Crepidotus_g	fig4_q30_SE_itsxpress_unite_blast_top1_rescue	ITSxpress	SE	SE	ITSxpress
c4882dc60b49c95b93e46ef6e32dfc12	UNITE	Pleosporales_o	Pleosporales_o	k__Fungi; p__Ascomycota; c__Dothideomycetes; o__Pleosporales; f__Pleosporales_o; g__Pleosporales_o; s__Pleosporales_o	fig4_q30_SE_itsxpress_unite_blast_top1_rescue	ITSxpress	SE	SE	ITSxpress
0191681120840e940a5629f6f9c23e63	UNITE	Ceratobasidiaceae_f	Ceratobasidiaceae_f	k__Fungi; p__Basidiomycota; c__Agaricomycetes; o__Cantharellales; f__Ceratobasidiaceae; g__Ceratobasidiaceae_f; s__Ceratobasidiaceae_f	fig4_q30_SE_itsxpress_unite_blast_top1_rescue	ITSxpress	SE	SE	ITSxpress
2a03599d48e1a5883a372e8a8261d445	UNITE	Paragibellulopsis	Paragibellulopsis_chrysanthemi	k__Fungi; p__Ascomycota; c__Sordariomycetes; o__Glomerellales; f__Plectosphaerellaceae; g__Paragibellulopsis; s__Paragibellulopsis_chrysanthemi	fig4_q30_SE_itsxpress_unite_blast_top1_rescue	ITSxpress	SE	SE	ITSxpress
c3017cee759791c63e9536350bd70e59	UNITE	Irpex	Irpex_hacksungii	k__Fungi; p__Basidiomycota; c__Agaricomycetes; o__Polyporales; f__Irpicaceae; g__Irpex; s__Irpex_hacksungii	fig4_q30_SE_itsxpress_unite_blast_top1_rescue	ITSxpress	SE	SE	ITSxpress
8424931b6de8bfc1cc5bc36b87754fe9	UNITE	Cystobasidium	Cystobasidium_slooffiae	k__Fungi; p__Basidiomycota; c__Cystobasidiomycetes; o__Cystobasidiales; f__Cystobasidiaceae; g__Cystobasidium; s__Cystobasidium_slooffiae	fig4_q30_SE_itsxpress_unite_blast_top1_rescue	ITSxpress	SE	SE	ITSxpress
3b4804e27a65e63fcb5e309dd023eb58	UNITE	Phlebiopsis	Unclassified	k__Fungi; p__Basidiomycota; c__Agaricomycetes; o__Polyporales; f__Phanerochaetaceae; g__Phlebiopsis; s__Phlebiopsis_g	fig4_q30_SE_itsxpress_unite_blast_top1_rescue	ITSxpress	SE	SE	ITSxpress
69d7a7d7c05039ce3b5be70ffacc089f	UNITE	Biscogniauxia	Biscogniauxia_atropunctata	k__Fungi; p__Ascomycota; c__Sordariomycetes; o__Xylariales; f__Graphostromataceae; g__Biscogniauxia; s__Biscogniauxia_atropunctata	fig4_q30_SE_itsxpress_unite_blast_top1_rescue	ITSxpress	SE	SE	ITSxpress
ef7cf9848db5544fe03fb7d411336533	UNITE	Candida	Candida_dubliniensis	k__Fungi; p__Ascomycota; c__Saccharomycetes; o__Saccharomycetales; f__Saccharomycetales_fam_Incertae_sedis; g__Candida; s__Candida_dubliniensis	fig4_q30_SE_itsxpress_unite_blast_top1_rescue	ITSxpress	SE	SE	ITSxpress
2e73001a9be64e290563c8eec53be808	UNITE	Mucor	Mucor_nidicola	k__Fungi; p__Mucoromycota; c__Mucoromycetes; o__Mucorales; f__Mucoraceae; g__Mucor; s__Mucor_nidicola	fig4_q30_SE_itsxpress_unite_blast_top1_rescue	ITSxpress	SE	SE	ITSxpress
5c3158d98ae7185c37026511e5dbdb2c	UNITE	Penicillium	Penicillium_sclerotiorum	k__Fungi; p__Ascomycota; c__Eurotiomycetes; o__Eurotiales; f__Aspergillaceae; g__Penicillium; s__Penicillium_sclerotiorum	fig4_q30_SE_itsxpress_unite_blast_top1_rescue	ITSxpress	SE	SE	ITSxpress
f9f6a23a053f51e186449e05d98261ce	UNITE	Steccherinum	Steccherinum_tenuissimum	k__Fungi; p__Basidiomycota; c__Agaricomycetes; o__Polyporales; f__Steccherinaceae; g__Steccherinum; s__Steccherinum_tenuissimum	fig4_q30_SE_itsxpress_unite_blast_top1_rescue	ITSxpress	SE	SE	ITSxpress
dd8e55d527cabd71ce88988dc06eb8aa	UNITE	Xylodon	Xylodon_flaviporus	k__Fungi; p__Basidiomycota; c__Agaricomycetes; o__Hymenochaetales; f__Schizoporaceae; g__Xylodon; s__Xylodon_flaviporus	fig4_q30_SE_itsxpress_unite_blast_top1_rescue	ITSxpress	SE	SE	ITSxpress
508bc8790f22bd6e6e7d77dbf30759fa	UNITE	Cryptococcus	Cryptococcus_neoformans	k__Fungi; p__Basidiomycota; c__Tremellomycetes; o__Tremellales; f__Cryptococcaceae; g__Cryptococcus; s__Cryptococcus_neoformans	fig4_q30_SE_itsxpress_unite_blast_top1_rescue	ITSxpress	SE	SE	ITSxpress
2b3947738a14174fa55da284e5156ce1	UNITE	Atheliales_o	Atheliales_o	k__Fungi; p__Basidiomycota; c__Agaricomycetes; o__Atheliales; f__Atheliales_o; g__Atheliales_o; s__Atheliales_o	fig4_q30_SE_itsxpress_unite_blast_top1_rescue	ITSxpress	SE	SE	ITSxpress
8030ebf24e656af8149aa73dc4f958ea	UNITE	Peniophoraceae_f	Peniophoraceae_f	k__Fungi; p__Basidiomycota; c__Agaricomycetes; o__Russulales; f__Peniophoraceae; g__Peniophoraceae_f; s__Peniophoraceae_f	fig4_q30_SE_itsxpress_unite_blast_top1_rescue	ITSxpress	SE	SE	ITSxpress
ab0d77b1519583edbf1bed05b8691759	UNITE	Ceriporia	Ceriporia_nanlingensis	k__Fungi; p__Basidiomycota; c__Agaricomycetes; o__Polyporales; f__Irpicaceae; g__Ceriporia; s__Ceriporia_nanlingensis	fig4_q30_SE_itsxpress_unite_blast_top1_rescue	ITSxpress	SE	SE	ITSxpress
22a3bd58cea56c64d6c04ce292d4536f	UNITE	Sporobolomyces	Sporobolomyces_carnicolor	k__Fungi; p__Basidiomycota; c__Microbotryomycetes; o__Sporidiobolales; f__Sporidiobolaceae; g__Sporobolomyces; s__Sporobolomyces_carnicolor	fig4_q30_SE_itsxpress_unite_blast_top1_rescue	ITSxpress	SE	SE	ITSxpress
22e6624e26f54bfb3113b73634ac85ed	UNITE	Trametes	Trametes_hirsuta	k__Fungi; p__Basidiomycota; c__Agaricomycetes; o__Polyporales; f__Polyporaceae; g__Trametes; s__Trametes_hirsuta	fig4_q30_SE_itsxpress_unite_blast_top1_rescue	ITSxpress	SE	SE	ITSxpress
2502cb3a6108ac2eaa7d36cba4a08694	UNITE	Sarocladium	Sarocladium_zeae	k__Fungi; p__Ascomycota; c__Sordariomycetes; o__Hypocreales; f__Sarocladiaceae; g__Sarocladium; s__Sarocladium_zeae	fig4_q30_SE_itsxpress_unite_blast_top1_rescue	ITSxpress	SE	SE	ITSxpress
06a0c0a16a03d41b0e21de876ccd4a1a	UNITE	Fuscoporia	Fuscoporia_karsteniana	k__Fungi; p__Basidiomycota; c__Agaricomycetes; o__Hymenochaetales; f__Hymenochaetaceae; g__Fuscoporia; s__Fuscoporia_karsteniana	fig4_q30_SE_itsxpress_unite_blast_top1_rescue	ITSxpress	SE	SE	ITSxpress
bdd1298dc4d310e6e8843d32e7d3ccf2	UNITE	Irpex	Irpex_hacksungii	k__Fungi; p__Basidiomycota; c__Agaricomycetes; o__Polyporales; f__Irpicaceae; g__Irpex; s__Irpex_hacksungii	fig4_q30_SE_itsxpress_unite_blast_top1_rescue	ITSxpress	SE	SE	ITSxpress
44a05b01f5f5bea58a5e3a13e14d59fc	UNITE	Penicillium	Penicillium_citrinum	k__Fungi; p__Ascomycota; c__Eurotiomycetes; o__Eurotiales; f__Aspergillaceae; g__Penicillium; s__Penicillium_citrinum	fig4_q30_SE_itsxpress_unite_blast_top1_rescue	ITSxpress	SE	SE	ITSxpress
668fa3bfa87c1f99cd925cf397f33b9d	UNITE	Coprinopsis	Unclassified	k__Fungi; p__Basidiomycota; c__Agaricomycetes; o__Agaricales; f__Psathyrellaceae; g__Coprinopsis; s__Coprinopsis_g	fig4_q30_SE_itsxpress_unite_blast_top1_rescue	ITSxpress	SE	SE	ITSxpress
98668f2433cc3fdfcf3c34e11d1ba521	UNITE	Helotiales_o	Helotiales_o	k__Fungi; p__Ascomycota; c__Leotiomycetes; o__Helotiales; f__Helotiales_o; g__Helotiales_o; s__Helotiales_o	fig4_q30_SE_itsxpress_unite_blast_top1_rescue	ITSxpress	SE	SE	ITSxpress
91ed5a72b201f13a385a89abeee5e191	UNITE	Talaromyces	Unclassified	k__Fungi; p__Ascomycota; c__Eurotiomycetes; o__Eurotiales; f__Trichocomaceae; g__Talaromyces; s__Talaromyces_g	fig4_q30_SE_itsxpress_unite_blast_top1_rescue	ITSxpress	SE	SE	ITSxpress
54f44042aa65835826eb2207758c96d9	UNITE	Penicillium	Penicillium_sumatraense	k__Fungi; p__Ascomycota; c__Eurotiomycetes; o__Eurotiales; f__Aspergillaceae; g__Penicillium; s__Penicillium_sumatraense	fig4_q30_SE_itsxpress_unite_blast_top1_rescue	ITSxpress	SE	SE	ITSxpress
c67a5fd1ce96bcf6942bea2f1111936a	UNITE	Ceriporia	Ceriporia_nanlingensis	k__Fungi; p__Basidiomycota; c__Agaricomycetes; o__Polyporales; f__Irpicaceae; g__Ceriporia; s__Ceriporia_nanlingensis	fig4_q30_SE_itsxpress_unite_blast_top1_rescue	ITSxpress	SE	SE	ITSxpress
416459bd47d3ee053c27c919d17b7758	UNITE	Peniophoraceae_f	Peniophoraceae_f	k__Fungi; p__Basidiomycota; c__Agaricomycetes; o__Russulales; f__Peniophoraceae; g__Peniophoraceae_f; s__Peniophoraceae_f	fig4_q30_SE_itsxpress_unite_blast_top1_rescue	ITSxpress	SE	SE	ITSxpress
05d6255f92dbd4b2b793b809c524de21	UNITE	Suillus	Unclassified	k__Fungi; p__Basidiomycota; c__Agaricomycetes; o__Boletales; f__Suillaceae; g__Suillus; s__Suillus_g	fig4_q30_SE_itsxpress_unite_blast_top1_rescue	ITSxpress	SE	SE	ITSxpress
90a30f03ca37989d3320d5abf225636d	UNITE	Aureobasidium	Aureobasidium_pullulans	k__Fungi; p__Ascomycota; c__Dothideomycetes; o__Dothideales; f__Saccotheciaceae; g__Aureobasidium; s__Aureobasidium_pullulans	fig4_q30_SE_itsxpress_unite_blast_top1_rescue	ITSxpress	SE	SE	ITSxpress
b930655cdbda2d0f0758d5276c15600d	UNITE	Aspergillus	Aspergillus_neotritici	k__Fungi; p__Ascomycota; c__Eurotiomycetes; o__Eurotiales; f__Aspergillaceae; g__Aspergillus; s__Aspergillus_neotritici	fig4_q30_SE_itsxpress_unite_blast_top1_rescue	ITSxpress	SE	SE	ITSxpress
a0ccfed95b0637c91f74ee17fd6e7627	UNITE	Xeromyces	Xeromyces_bisporus	k__Fungi; p__Ascomycota; c__Eurotiomycetes; o__Eurotiales; f__Aspergillaceae; g__Xeromyces; s__Xeromyces_bisporus	fig4_q30_SE_itsxpress_unite_blast_top1_rescue	ITSxpress	SE	SE	ITSxpress
461408f78553b3df306b093f8114a076	UNITE	Mucor	Mucor_circinelloides	k__Fungi; p__Mucoromycota; c__Mucoromycetes; o__Mucorales; f__Mucoraceae; g__Mucor; s__Mucor_circinelloides	fig4_q30_SE_itsxpress_unite_blast_top1_rescue	ITSxpress	SE	SE	ITSxpress
e76ba80fe55d469a2f7883dffea1e3a2	UNITE	Ascomycota_p	Ascomycota_p	k__Fungi; p__Ascomycota; c__Ascomycota_p; o__Ascomycota_p; f__Ascomycota_p; g__Ascomycota_p; s__Ascomycota_p	fig4_q30_SE_itsxpress_unite_blast_top1_rescue	ITSxpress	SE	SE	ITSxpress
6143c50035fe5fc5272475693b56bdf1	UNITE	Fungi_k	Fungi_k	k__Fungi; p__Fungi_k; c__Fungi_k; o__Fungi_k; f__Fungi_k; g__Fungi_k; s__Fungi_k	fig4_q30_SE_itsxpress_unite_blast_top1_rescue	ITSxpress	SE	SE	ITSxpress
a52cdca0457164d0daa612a0ea60543e	UNITE	Hydnaceae_f	Hydnaceae_f	k__Fungi; p__Basidiomycota; c__Agaricomycetes; o__Cantharellales; f__Hydnaceae; g__Hydnaceae_f; s__Hydnaceae_f	fig4_q30_SE_itsxpress_unite_blast_top1_rescue	ITSxpress	SE	SE	ITSxpress
3aff115ea9dc889997fec9ab39973349	UNITE	Fungi_k	Fungi_k	k__Fungi; p__Fungi_k; c__Fungi_k; o__Fungi_k; f__Fungi_k; g__Fungi_k; s__Fungi_k	fig4_q30_SE_itsxpress_unite_blast_top1_rescue	ITSxpress	SE	SE	ITSxpress
c3f0dd8fd4b6dd5006fabc5bcc3a6487	UNITE	Candolleomyces	Unclassified	k__Fungi; p__Basidiomycota; c__Agaricomycetes; o__Agaricales; f__Psathyrellaceae; g__Candolleomyces; s__Candolleomyces_g	fig4_q30_SE_itsxpress_unite_blast_top1_rescue	ITSxpress	SE	SE	ITSxpress
0b16710fc341de52d3db3a987523142b	UNITE	Penicillium	Penicillium_sumatraense	k__Fungi; p__Ascomycota; c__Eurotiomycetes; o__Eurotiales; f__Aspergillaceae; g__Penicillium; s__Penicillium_sumatraense	fig4_q30_SE_itsxpress_unite_blast_top1_rescue	ITSxpress	SE	SE	ITSxpress
42d420e7d403c74c113556d3aa5f7d95	UNITE	Rhodotorula	Rhodotorula_mucilaginosa	k__Fungi; p__Basidiomycota; c__Microbotryomycetes; o__Sporidiobolales; f__Sporidiobolaceae; g__Rhodotorula; s__Rhodotorula_mucilaginosa	fig4_q30_SE_itsxpress_unite_blast_top1_rescue	ITSxpress	SE	SE	ITSxpress
8a99e0cf4cc750c183d0799756d96ad0	UNITE	Kazachstania	Kazachstania_servazzii	k__Fungi; p__Ascomycota; c__Saccharomycetes; o__Saccharomycetales; f__Saccharomycetaceae; g__Kazachstania; s__Kazachstania_servazzii	fig4_q30_SE_itsxpress_unite_blast_top1_rescue	ITSxpress	SE	SE	ITSxpress
d41474f8e49115abf6f296e3fee6b8b1	UNITE	Aspergillus	Unclassified	k__Fungi; p__Ascomycota; c__Eurotiomycetes; o__Eurotiales; f__Aspergillaceae; g__Aspergillus; s__Aspergillus_g	fig4_q30_SE_itsxpress_unite_blast_top1_rescue	ITSxpress	SE	SE	ITSxpress
12da108a541069a69ac639ae2edcd700	UNITE	Candida	Candida_albicans	k__Fungi; p__Ascomycota; c__Saccharomycetes; o__Saccharomycetales; f__Saccharomycetales_fam_Incertae_sedis; g__Candida; s__Candida_albicans	fig4_q30_SE_itsxpress_unite_blast_top1_rescue	ITSxpress	SE	SE	ITSxpress
88bfe70998cfd35a12a909620792688a	UNITE	Ascomycota_p	Ascomycota_p	k__Fungi; p__Ascomycota; c__Ascomycota_p; o__Ascomycota_p; f__Ascomycota_p; g__Ascomycota_p; s__Ascomycota_p	fig4_q30_SE_itsxpress_unite_blast_top1_rescue	ITSxpress	SE	SE	ITSxpress
d5f4d4c61556cd9a88f8e7072585def2	UNITE	Epicoccum	Epicoccum_pimprinum	k__Fungi; p__Ascomycota; c__Dothideomycetes; o__Pleosporales; f__Didymellaceae; g__Epicoccum; s__Epicoccum_pimprinum	fig4_q30_SE_itsxpress_unite_blast_top1_rescue	ITSxpress	SE	SE	ITSxpress
287262dba4d69007a0d2f229a8d6e234	UNITE	Fungi_k	Fungi_k	k__Fungi; p__Fungi_k; c__Fungi_k; o__Fungi_k; f__Fungi_k; g__Fungi_k; s__Fungi_k	fig4_q30_SE_itsxpress_unite_blast_top1_rescue	ITSxpress	SE	SE	ITSxpress
99db2e59f1430fe920de9f1dfaf6827b	UNITE	Trechispora	Unclassified	k__Fungi; p__Basidiomycota; c__Agaricomycetes; o__Trechisporales; f__Hydnodontaceae; g__Trechispora; s__Trechispora_g	fig4_q30_SE_itsxpress_unite_blast_top1_rescue	ITSxpress	SE	SE	ITSxpress
cadc4e9f5f1990bd77f040b0e7bc7ebd	UNITE	Fungi_k	Fungi_k	k__Fungi; p__Fungi_k; c__Fungi_k; o__Fungi_k; f__Fungi_k; g__Fungi_k; s__Fungi_k	fig4_q30_SE_itsxpress_unite_blast_top1_rescue	ITSxpress	SE	SE	ITSxpress
467a1a0fe603e21da0ad3925a4a2040e	UNITE	Ascomycota_p	Ascomycota_p	k__Fungi; p__Ascomycota; c__Ascomycota_p; o__Ascomycota_p; f__Ascomycota_p; g__Ascomycota_p; s__Ascomycota_p	fig4_q30_SE_itsxpress_unite_blast_top1_rescue	ITSxpress	SE	SE	ITSxpress
d05459c8d61194d8dcde4757fe7ae0fb	UNITE	Candida	Candida_albicans	k__Fungi; p__Ascomycota; c__Saccharomycetes; o__Saccharomycetales; f__Saccharomycetales_fam_Incertae_sedis; g__Candida; s__Candida_albicans	fig4_q30_SE_itsxpress_unite_blast_top1_rescue	ITSxpress	SE	SE	ITSxpress
b228b4d00e715499fdce32e16b3f5a74	UNITE	Irpex	Irpex_hacksungii	k__Fungi; p__Basidiomycota; c__Agaricomycetes; o__Polyporales; f__Irpicaceae; g__Irpex; s__Irpex_hacksungii	fig4_q30_SE_itsxpress_unite_blast_top1_rescue	ITSxpress	SE	SE	ITSxpress
1a3a25327947f82ebb909ce5f5832571	UNITE	Debaryomyces	Debaryomyces_delbrueckii	k__Fungi; p__Ascomycota; c__Saccharomycetes; o__Saccharomycetales; f__Debaryomycetaceae; g__Debaryomyces; s__Debaryomyces_delbrueckii	fig4_q30_SE_itsxpress_unite_blast_top1_rescue	ITSxpress	SE	SE	ITSxpress
4633194a0263db268947d953c3df2544	UNITE	Cryptococcus	Cryptococcus_neoformans	k__Fungi; p__Basidiomycota; c__Tremellomycetes; o__Tremellales; f__Cryptococcaceae; g__Cryptococcus; s__Cryptococcus_neoformans	fig4_q30_SE_itsxpress_unite_blast_top1_rescue	ITSxpress	SE	SE	ITSxpress
6bc0377ff54d84a0270fdb17ac5ddf05	UNITE	Malassezia	Malassezia_globosa	k__Fungi; p__Basidiomycota; c__Malasseziomycetes; o__Malasseziales; f__Malasseziaceae; g__Malassezia; s__Malassezia_globosa	fig4_q30_SE_itsxpress_unite_blast_top1_rescue	ITSxpress	SE	SE	ITSxpress
d97e529002843bf4f22d9f84f696902d	UNITE	Cutaneotrichosporon	Cutaneotrichosporon_mucoides	k__Fungi; p__Basidiomycota; c__Tremellomycetes; o__Trichosporonales; f__Trichosporonaceae; g__Cutaneotrichosporon; s__Cutaneotrichosporon_mucoides	fig4_q30_SE_itsxpress_unite_blast_top1_rescue	ITSxpress	SE	SE	ITSxpress
7bae5c3eda249b5e319a1c10b526375b	UNITE	Penicillium	Unclassified	k__Fungi; p__Ascomycota; c__Eurotiomycetes; o__Eurotiales; f__Aspergillaceae; g__Penicillium; s__Penicillium_g	fig4_q30_SE_itsxpress_unite_blast_top1_rescue	ITSxpress	SE	SE	ITSxpress
5c36e4197af8694525d815e3fcfb8e1b	UNITE	Cutaneotrichosporon	Cutaneotrichosporon_mucoides	k__Fungi; p__Basidiomycota; c__Tremellomycetes; o__Trichosporonales; f__Trichosporonaceae; g__Cutaneotrichosporon; s__Cutaneotrichosporon_mucoides	fig4_q30_SE_itsxpress_unite_blast_top1_rescue	ITSxpress	SE	SE	ITSxpress
0adfbaa4d24ec21c5bd7da91cc36bf83	UNITE	Fungi_k	Fungi_k	k__Fungi; p__Fungi_k; c__Fungi_k; o__Fungi_k; f__Fungi_k; g__Fungi_k; s__Fungi_k	fig4_q30_SE_itsxpress_unite_blast_top1_rescue	ITSxpress	SE	SE	ITSxpress
1a947799bb1e2fa52ae4560b796f282e	UNITE	Nakaseomyces	Nakaseomyces_glabratus	k__Fungi; p__Ascomycota; c__Saccharomycetes; o__Saccharomycetales; f__Saccharomycetaceae; g__Nakaseomyces; s__Nakaseomyces_glabratus	fig4_q30_SE_itsxpress_unite_blast_top1_rescue	ITSxpress	SE	SE	ITSxpress
57dff5e5f62d238d6f055b37452ac823	UNITE	Saccharomyces	Saccharomyces_cerevisiae	k__Fungi; p__Ascomycota; c__Saccharomycetes; o__Saccharomycetales; f__Saccharomycetaceae; g__Saccharomyces; s__Saccharomyces_cerevisiae	fig4_q30_SE_itsxpress_unite_blast_top1_rescue	ITSxpress	SE	SE	ITSxpress
ef5b732f4220ffb4068dfff3f4590237	UNITE	Leucosporidium	Leucosporidium_intermedium	k__Fungi; p__Basidiomycota; c__Microbotryomycetes; o__Leucosporidiales; f__Leucosporidiaceae; g__Leucosporidium; s__Leucosporidium_intermedium	fig4_q30_SE_itsxpress_unite_blast_top1_rescue	ITSxpress	SE	SE	ITSxpress
0fdc8bc75eb918dcdf72a96e854a694e	UNITE	Trechispora	Unclassified	k__Fungi; p__Basidiomycota; c__Agaricomycetes; o__Trechisporales; f__Hydnodontaceae; g__Trechispora; s__Trechispora_g	fig4_q30_SE_itsxpress_unite_blast_top1_rescue	ITSxpress	SE	SE	ITSxpress
53c9feac786c2fec525605f3db4ae987	UNITE	Ascomycota_p	Ascomycota_p	k__Fungi; p__Ascomycota; c__Ascomycota_p; o__Ascomycota_p; f__Ascomycota_p; g__Ascomycota_p; s__Ascomycota_p	fig4_q30_SE_itsxpress_unite_blast_top1_rescue	ITSxpress	SE	SE	ITSxpress
3c251e4ab957b4744ba14e78227fd569	UNITE	Ascomycota_p	Ascomycota_p	k__Fungi; p__Ascomycota; c__Ascomycota_p; o__Ascomycota_p; f__Ascomycota_p; g__Ascomycota_p; s__Ascomycota_p	fig4_q30_SE_itsxpress_unite_blast_top1_rescue	ITSxpress	SE	SE	ITSxpress
2ce0943ee52455e0ef499cf2ef2d4e04	UNITE	Ascomycota_p	Ascomycota_p	k__Fungi; p__Ascomycota; c__Ascomycota_p; o__Ascomycota_p; f__Ascomycota_p; g__Ascomycota_p; s__Ascomycota_p	fig4_q30_SE_itsxpress_unite_blast_top1_rescue	ITSxpress	SE	SE	ITSxpress
0f501f42f168efedff8209067a2ccc06	UNITE	Phlebia	Phlebia_acerina	k__Fungi; p__Basidiomycota; c__Agaricomycetes; o__Polyporales; f__Meruliaceae; g__Phlebia; s__Phlebia_acerina	fig4_q30_SE_itsxpress_unite_blast_top1_rescue	ITSxpress	SE	SE	ITSxpress
e1824953c4f6846e8527e3e52997573d	UNITE	Stereaceae_f	Stereaceae_f	k__Fungi; p__Basidiomycota; c__Agaricomycetes; o__Russulales; f__Stereaceae; g__Stereaceae_f; s__Stereaceae_f	fig4_q30_SE_itsxpress_unite_blast_top1_rescue	ITSxpress	SE	SE	ITSxpress
29672ac01b5c6750735fed1907ddd347	UNITE	Hannaella	Hannaella_oryzae	k__Fungi; p__Basidiomycota; c__Tremellomycetes; o__Tremellales; f__Bulleribasidiaceae; g__Hannaella; s__Hannaella_oryzae	fig4_q30_SE_itsxpress_unite_blast_top1_rescue	ITSxpress	SE	SE	ITSxpress
12ae8aec67f6e9580e434bbd62c83dcd	UNITE	Helotiales_o	Helotiales_o	k__Fungi; p__Ascomycota; c__Leotiomycetes; o__Helotiales; f__Helotiales_o; g__Helotiales_o; s__Helotiales_o	fig4_q30_SE_itsxpress_unite_blast_top1_rescue	ITSxpress	SE	SE	ITSxpress
efd82533963fb288f116c97705e40ede	UNITE	Phlebia	Unclassified	k__Fungi; p__Basidiomycota; c__Agaricomycetes; o__Polyporales; f__Meruliaceae; g__Phlebia; s__Phlebia_g	fig4_q30_SE_itsxpress_unite_blast_top1_rescue	ITSxpress	SE	SE	ITSxpress
d6e7806fe6c49f4c960a7210ce8b929b	UNITE	Phaeosphaeriaceae_f	Phaeosphaeriaceae_f	k__Fungi; p__Ascomycota; c__Dothideomycetes; o__Pleosporales; f__Phaeosphaeriaceae; g__Phaeosphaeriaceae_f; s__Phaeosphaeriaceae_f	fig4_q30_SE_itsxpress_unite_blast_top1_rescue	ITSxpress	SE	SE	ITSxpress
f92a6f85062448c90ca17f26c5777cb0	UNITE	Basidiomycota_p	Basidiomycota_p	k__Fungi; p__Basidiomycota; c__Basidiomycota_p; o__Basidiomycota_p; f__Basidiomycota_p; g__Basidiomycota_p; s__Basidiomycota_p	fig4_q30_SE_itsxpress_unite_blast_top1_rescue	ITSxpress	SE	SE	ITSxpress
1f2562bcd89888cd5dc1ecfc90af6ca5	UNITE	Paraphoma	Unclassified	k__Fungi; p__Ascomycota; c__Dothideomycetes; o__Pleosporales; f__Phaeosphaeriaceae; g__Paraphoma; s__Paraphoma_g	fig4_q30_SE_itsxpress_unite_blast_top1_rescue	ITSxpress	SE	SE	ITSxpress
cdd244abd5bf539f9d30cb7b2907eaa7	UNITE	Pleosporales_o	Pleosporales_o	k__Fungi; p__Ascomycota; c__Dothideomycetes; o__Pleosporales; f__Pleosporales_o; g__Pleosporales_o; s__Pleosporales_o	fig4_q30_SE_itsxpress_unite_blast_top1_rescue	ITSxpress	SE	SE	ITSxpress
7786a01bd4219ab71a63750426db7244	UNITE	Irpex	Irpex_hacksungii	k__Fungi; p__Basidiomycota; c__Agaricomycetes; o__Polyporales; f__Irpicaceae; g__Irpex; s__Irpex_hacksungii	fig4_q30_SE_itsxpress_unite_blast_top1_rescue	ITSxpress	SE	SE	ITSxpress
60c4503cc5091926c0fe5039f5800884	UNITE	Paraphoma	Unclassified	k__Fungi; p__Ascomycota; c__Dothideomycetes; o__Pleosporales; f__Phaeosphaeriaceae; g__Paraphoma; s__Paraphoma_g	fig4_q30_SE_itsxpress_unite_blast_top1_rescue	ITSxpress	SE	SE	ITSxpress
221ef287399115b8dae38548c41a71d1	UNITE	Peniophoraceae_f	Peniophoraceae_f	k__Fungi; p__Basidiomycota; c__Agaricomycetes; o__Russulales; f__Peniophoraceae; g__Peniophoraceae_f; s__Peniophoraceae_f	fig4_q30_SE_itsxpress_unite_blast_top1_rescue	ITSxpress	SE	SE	ITSxpress
ede209db473731ebfe17f1dbf1c88156	UNITE	Coniothyrium	Coniothyrium_sidae	k__Fungi; p__Ascomycota; c__Dothideomycetes; o__Pleosporales; f__Coniothyriaceae; g__Coniothyrium; s__Coniothyrium_sidae	fig4_q30_SE_itsxpress_unite_blast_top1_rescue	ITSxpress	SE	SE	ITSxpress
56bd90154fccd93f3ae9a9c168a3d352	UNITE	Pluteus	Unclassified	k__Fungi; p__Basidiomycota; c__Agaricomycetes; o__Agaricales; f__Pluteaceae; g__Pluteus; s__Pluteus_g	fig4_q30_SE_itsxpress_unite_blast_top1_rescue	ITSxpress	SE	SE	ITSxpress
61352d1986de0e531503621118f45b90	UNITE	Hymenochaete	Hymenochaete_odontoides	k__Fungi; p__Basidiomycota; c__Agaricomycetes; o__Hymenochaetales; f__Hymenochaetaceae; g__Hymenochaete; s__Hymenochaete_odontoides	fig4_q30_SE_itsxpress_unite_blast_top1_rescue	ITSxpress	SE	SE	ITSxpress
c5fc3fd35912da93c85f5c96bd65b76d	UNITE	Pleosporales_o	Pleosporales_o	k__Fungi; p__Ascomycota; c__Dothideomycetes; o__Pleosporales; f__Pleosporales_o; g__Pleosporales_o; s__Pleosporales_o	fig4_q30_SE_itsxpress_unite_blast_top1_rescue	ITSxpress	SE	SE	ITSxpress
a5a3ef9cd6b81c4902db04c8fbf42ada	UNITE	Peniophoraceae_f	Peniophoraceae_f	k__Fungi; p__Basidiomycota; c__Agaricomycetes; o__Russulales; f__Peniophoraceae; g__Peniophoraceae_f; s__Peniophoraceae_f	fig4_q30_SE_itsxpress_unite_blast_top1_rescue	ITSxpress	SE	SE	ITSxpress
61126afa4733fbaeff0e31a74c4e98ba	UNITE	Ascomycota_p	Ascomycota_p	k__Fungi; p__Ascomycota; c__Ascomycota_p; o__Ascomycota_p; f__Ascomycota_p; g__Ascomycota_p; s__Ascomycota_p	fig4_q30_SE_itsxpress_unite_blast_top1_rescue	ITSxpress	SE	SE	ITSxpress
b9971e7ed6a896d4364494eb339d9aab	UNITE	Exidia	Exidia_uvapassa	k__Fungi; p__Basidiomycota; c__Agaricomycetes; o__Auriculariales; f__Auriculariaceae; g__Exidia; s__Exidia_uvapassa	fig4_q30_SE_itsxpress_unite_blast_top1_rescue	ITSxpress	SE	SE	ITSxpress
1b0e91eb4d0ab35ac3472b26d4207b8d	UNITE	Peniophoraceae_f	Peniophoraceae_f	k__Fungi; p__Basidiomycota; c__Agaricomycetes; o__Russulales; f__Peniophoraceae; g__Peniophoraceae_f; s__Peniophoraceae_f	fig4_q30_SE_itsxpress_unite_blast_top1_rescue	ITSxpress	SE	SE	ITSxpress
04a58f1fa63710803570b8b5e2d3733e	UNITE	Periconia	Periconia_celtidis	k__Fungi; p__Ascomycota; c__Dothideomycetes; o__Pleosporales; f__Periconiaceae; g__Periconia; s__Periconia_celtidis	fig4_q30_SE_itsxpress_unite_blast_top1_rescue	ITSxpress	SE	SE	ITSxpress
9e9aed34ec9b46ddf8b4be25bd081d10	UNITE	Komagataella	Komagataella_phaffii	k__Fungi; p__Ascomycota; c__Saccharomycetes; o__Saccharomycetales; f__Pichiaceae; g__Komagataella; s__Komagataella_phaffii	fig4_q30_SE_itsxpress_unite_blast_top1_rescue	ITSxpress	SE	SE	ITSxpress
bc735706b2cac9f5c1211164aed408a6	UNITE	Basidiomycota_p	Basidiomycota_p	k__Fungi; p__Basidiomycota; c__Basidiomycota_p; o__Basidiomycota_p; f__Basidiomycota_p; g__Basidiomycota_p; s__Basidiomycota_p	fig4_q30_SE_itsxpress_unite_blast_top1_rescue	ITSxpress	SE	SE	ITSxpress
8e25974e8e7a661b1c1d180b4101cfce	UNITE	Peniophoraceae_f	Peniophoraceae_f	k__Fungi; p__Basidiomycota; c__Agaricomycetes; o__Russulales; f__Peniophoraceae; g__Peniophoraceae_f; s__Peniophoraceae_f	fig4_q30_SE_itsxpress_unite_blast_top1_rescue	ITSxpress	SE	SE	ITSxpress
061f5ddd4c902be6adec1f0e62e8f2f4	UNITE	Hyphodontia	Hyphodontia_tropica	k__Fungi; p__Basidiomycota; c__Agaricomycetes; o__Hymenochaetales; f__Schizoporaceae; g__Hyphodontia; s__Hyphodontia_tropica	fig4_q30_SE_itsxpress_unite_blast_top1_rescue	ITSxpress	SE	SE	ITSxpress
cb2c0e20773df56a36e2a0f9eabe0e2d	UNITE	Thelebolus	Unclassified	k__Fungi; p__Ascomycota; c__Leotiomycetes; o__Thelebolales; f__Thelebolaceae; g__Thelebolus; s__Thelebolus_g	fig4_q30_SE_itsxpress_unite_blast_top1_rescue	ITSxpress	SE	SE	ITSxpress
9b348dda321c3c7240c36962ca827b97	UNITE	Fungi_k	Fungi_k	k__Fungi; p__Fungi_k; c__Fungi_k; o__Fungi_k; f__Fungi_k; g__Fungi_k; s__Fungi_k	fig4_q30_SE_itsxpress_unite_blast_top1_rescue	ITSxpress	SE	SE	ITSxpress
44f90264df134259ebc0896303d9a493	UNITE	Neosetophoma	Neosetophoma_guiyangensis	k__Fungi; p__Ascomycota; c__Dothideomycetes; o__Pleosporales; f__Phaeosphaeriaceae; g__Neosetophoma; s__Neosetophoma_guiyangensis	fig4_q30_SE_itsxpress_unite_blast_top1_rescue	ITSxpress	SE	SE	ITSxpress
ac5f58eb564aba9ebbf608a7c30f3ee1	UNITE	Phanerochaete	Unclassified	k__Fungi; p__Basidiomycota; c__Agaricomycetes; o__Polyporales; f__Phanerochaetaceae; g__Phanerochaete; s__Phanerochaete_g	fig4_q30_SE_itsxpress_unite_blast_top1_rescue	ITSxpress	SE	SE	ITSxpress
29ef50e61eafd8ec49fa6292da0e3dca	UNITE	Mycoaciella	Mycoaciella_efibulata	k__Fungi; p__Basidiomycota; c__Agaricomycetes; o__Polyporales; f__Meruliaceae; g__Mycoaciella; s__Mycoaciella_efibulata	fig4_q30_SE_itsxpress_unite_blast_top1_rescue	ITSxpress	SE	SE	ITSxpress
a6f2328646e39b677ef9b36fb9d0fe1f	UNITE	Sistotrema	Sistotrema_brinkmannii	k__Fungi; p__Basidiomycota; c__Agaricomycetes; o__Cantharellales; f__Hydnaceae; g__Sistotrema; s__Sistotrema_brinkmannii	fig4_q30_SE_itsxpress_unite_blast_top1_rescue	ITSxpress	SE	SE	ITSxpress
e41e471e043e714cdac6ad0eecc8cdf5	UNITE	Agaricales_o	Agaricales_o	k__Fungi; p__Basidiomycota; c__Agaricomycetes; o__Agaricales; f__Agaricales_o; g__Agaricales_o; s__Agaricales_o	fig4_q30_SE_itsxpress_unite_blast_top1_rescue	ITSxpress	SE	SE	ITSxpress
e52555860813ba428db5125f3f1bcfc3	UNITE	Trametes	Trametes_hirsuta	k__Fungi; p__Basidiomycota; c__Agaricomycetes; o__Polyporales; f__Polyporaceae; g__Trametes; s__Trametes_hirsuta	fig4_q30_SE_itsxpress_unite_blast_top1_rescue	ITSxpress	SE	SE	ITSxpress
1dca3eeb6a114d7c75d945b4c787c3c6	UNITE	Butyrea	Butyrea_japonica	k__Fungi; p__Basidiomycota; c__Agaricomycetes; o__Polyporales; f__Steccherinaceae; g__Butyrea; s__Butyrea_japonica	fig4_q30_SE_itsxpress_unite_blast_top1_rescue	ITSxpress	SE	SE	ITSxpress
040c1e07de80d76e56f1d8b0b573ca34	UNITE	Leptospora	Unclassified	k__Fungi; p__Ascomycota; c__Dothideomycetes; o__Pleosporales; f__Phaeosphaeriaceae; g__Leptospora; s__Leptospora_g	fig4_q30_SE_itsxpress_unite_blast_top1_rescue	ITSxpress	SE	SE	ITSxpress
8f430b4358071fffd96016bca9f08ac0	UNITE	Trametes	Trametes_hirsuta	k__Fungi; p__Basidiomycota; c__Agaricomycetes; o__Polyporales; f__Polyporaceae; g__Trametes; s__Trametes_hirsuta	fig4_q30_SE_itsxpress_unite_blast_top1_rescue	ITSxpress	SE	SE	ITSxpress
2cf4c915f873b95edee25be8e58fb36c	UNITE	Scopuloides	Unclassified	k__Fungi; p__Basidiomycota; c__Agaricomycetes; o__Polyporales; f__Meruliaceae; g__Scopuloides; s__Scopuloides_g	fig4_q30_SE_itsxpress_unite_blast_top1_rescue	ITSxpress	SE	SE	ITSxpress
0f8830963d0007509b4256e7708c4537	UNITE	Fungi_k	Fungi_k	k__Fungi; p__Fungi_k; c__Fungi_k; o__Fungi_k; f__Fungi_k; g__Fungi_k; s__Fungi_k	fig4_q30_SE_itsxpress_unite_blast_top1_rescue	ITSxpress	SE	SE	ITSxpress
f2303e6f6a3249de1bbcb777452ec808	UNITE	Trametes	Trametes_versicolor	k__Fungi; p__Basidiomycota; c__Agaricomycetes; o__Polyporales; f__Polyporaceae; g__Trametes; s__Trametes_versicolor	fig4_q30_SE_itsxpress_unite_blast_top1_rescue	ITSxpress	SE	SE	ITSxpress
79267446d41d9eede7d4641c3f59b86e	UNITE	Pleurotus	Unclassified	k__Fungi; p__Basidiomycota; c__Agaricomycetes; o__Agaricales; f__Pleurotaceae; g__Pleurotus; s__Pleurotus_g	fig4_q30_SE_itsxpress_unite_blast_top1_rescue	ITSxpress	SE	SE	ITSxpress
3f44577f73ab9162efce5c7fb027b424	UNITE	Mycoaciella	Mycoaciella_efibulata	k__Fungi; p__Basidiomycota; c__Agaricomycetes; o__Polyporales; f__Meruliaceae; g__Mycoaciella; s__Mycoaciella_efibulata	fig4_q30_SE_itsxpress_unite_blast_top1_rescue	ITSxpress	SE	SE	ITSxpress
7427e344a3b803c9806e8626c0012ce9	UNITE	Phlebia	Phlebia_acanthocystis	k__Fungi; p__Basidiomycota; c__Agaricomycetes; o__Polyporales; f__Meruliaceae; g__Phlebia; s__Phlebia_acanthocystis	fig4_q30_SE_itsxpress_unite_blast_top1_rescue	ITSxpress	SE	SE	ITSxpress
e696a65744372846e5a5ad7901af11d5	UNITE	Fungi_k	Fungi_k	k__Fungi; p__Fungi_k; c__Fungi_k; o__Fungi_k; f__Fungi_k; g__Fungi_k; s__Fungi_k	fig4_q30_SE_itsxpress_unite_blast_top1_rescue	ITSxpress	SE	SE	ITSxpress
5bca0c643641a8a1dc9257cb476a4350	UNITE	Hericiaceae_f	Hericiaceae_f	k__Fungi; p__Basidiomycota; c__Agaricomycetes; o__Russulales; f__Hericiaceae; g__Hericiaceae_f; s__Hericiaceae_f	fig4_q30_SE_itsxpress_unite_blast_top1_rescue	ITSxpress	SE	SE	ITSxpress
026c5263ced8f41669b14f7ee3ab05a6	UNITE	Ophiosphaerella	Ophiosphaerella_chiangraiensis	k__Fungi; p__Ascomycota; c__Dothideomycetes; o__Pleosporales; f__Phaeosphaeriaceae; g__Ophiosphaerella; s__Ophiosphaerella_chiangraiensis	fig4_q30_SE_itsxpress_unite_blast_top1_rescue	ITSxpress	SE	SE	ITSxpress
ef4979826d864561698d80e1ef8e1f26	UNITE	Phanerochaete	Phanerochaete_cumulodentata	k__Fungi; p__Basidiomycota; c__Agaricomycetes; o__Polyporales; f__Phanerochaetaceae; g__Phanerochaete; s__Phanerochaete_cumulodentata	fig4_q30_SE_itsxpress_unite_blast_top1_rescue	ITSxpress	SE	SE	ITSxpress
16abe59764bca0b5a4207799f0194527	UNITE	Trechisporales_o	Trechisporales_o	k__Fungi; p__Basidiomycota; c__Agaricomycetes; o__Trechisporales; f__Trechisporales_o; g__Trechisporales_o; s__Trechisporales_o	fig4_q30_SE_itsxpress_unite_blast_top1_rescue	ITSxpress	SE	SE	ITSxpress
68dabd57307987843582c72e68a2476d	UNITE	Mycoaciella	Mycoaciella_efibulata	k__Fungi; p__Basidiomycota; c__Agaricomycetes; o__Polyporales; f__Meruliaceae; g__Mycoaciella; s__Mycoaciella_efibulata	fig4_q30_SE_itsxpress_unite_blast_top1_rescue	ITSxpress	SE	SE	ITSxpress
442ab96d28f454ce78c630de3babe890	UNITE	Peniophoraceae_f	Peniophoraceae_f	k__Fungi; p__Basidiomycota; c__Agaricomycetes; o__Russulales; f__Peniophoraceae; g__Peniophoraceae_f; s__Peniophoraceae_f	fig4_q30_SE_itsxpress_unite_blast_top1_rescue	ITSxpress	SE	SE	ITSxpress
5cf59bf73d9d0377920b66b458d34daa	UNITE	Stereaceae_f	Stereaceae_f	k__Fungi; p__Basidiomycota; c__Agaricomycetes; o__Russulales; f__Stereaceae; g__Stereaceae_f; s__Stereaceae_f	fig4_q30_SE_itsxpress_unite_blast_top1_rescue	ITSxpress	SE	SE	ITSxpress
56dd3123fef44895b66ffa154dcef3fd	UNITE	Hyphoderma	Hyphoderma_setigerum	k__Fungi; p__Basidiomycota; c__Agaricomycetes; o__Polyporales; f__Hyphodermataceae; g__Hyphoderma; s__Hyphoderma_setigerum	fig4_q30_SE_itsxpress_unite_blast_top1_rescue	ITSxpress	SE	SE	ITSxpress
b824e4d927813dd5b4c64fa745487857	UNITE	Polyporales_o	Polyporales_o	k__Fungi; p__Basidiomycota; c__Agaricomycetes; o__Polyporales; f__Polyporales_o; g__Polyporales_o; s__Polyporales_o	fig4_q30_SE_itsxpress_unite_blast_top1_rescue	ITSxpress	SE	SE	ITSxpress
6a6ced4c67f0e53846c66a3878c89679	UNITE	Peniophoraceae_f	Peniophoraceae_f	k__Fungi; p__Basidiomycota; c__Agaricomycetes; o__Russulales; f__Peniophoraceae; g__Peniophoraceae_f; s__Peniophoraceae_f	fig4_q30_SE_itsxpress_unite_blast_top1_rescue	ITSxpress	SE	SE	ITSxpress
70025ad4639606e16dea1984c10d1e5f	UNITE	Clitopilus	Clitopilus_baronii	k__Fungi; p__Basidiomycota; c__Agaricomycetes; o__Agaricales; f__Entolomataceae; g__Clitopilus; s__Clitopilus_baronii	fig4_q30_SE_itsxpress_unite_blast_top1_rescue	ITSxpress	SE	SE	ITSxpress
7b0c2826eb7474c7abe104a585597010	UNITE	Ophiognomonia	Unclassified	k__Fungi; p__Ascomycota; c__Sordariomycetes; o__Diaporthales; f__Gnomoniaceae; g__Ophiognomonia; s__Ophiognomonia_g	fig4_q30_SE_itsxpress_unite_blast_top1_rescue	ITSxpress	SE	SE	ITSxpress
168e27f59b5437d613141aaa2f916072	UNITE	Dipodascaceae_f	Dipodascaceae_f	k__Fungi; p__Ascomycota; c__Saccharomycetes; o__Saccharomycetales; f__Dipodascaceae; g__Dipodascaceae_f; s__Dipodascaceae_f	fig4_q30_SE_itsxpress_unite_blast_top1_rescue	ITSxpress	SE	SE	ITSxpress
99e63fe25fa4ee8bc4e2a4bcd0ad77fa	UNITE	Ceratobasidium	Unclassified	k__Fungi; p__Basidiomycota; c__Agaricomycetes; o__Cantharellales; f__Ceratobasidiaceae; g__Ceratobasidium; s__Ceratobasidium_g	fig4_q30_SE_itsxpress_unite_blast_top1_rescue	ITSxpress	SE	SE	ITSxpress
98931596f0356707dc1093ebb37e9669	UNITE	Phlebiopsis	Phlebiopsis_gigantea	k__Fungi; p__Basidiomycota; c__Agaricomycetes; o__Polyporales; f__Phanerochaetaceae; g__Phlebiopsis; s__Phlebiopsis_gigantea	fig4_q30_SE_itsxpress_unite_blast_top1_rescue	ITSxpress	SE	SE	ITSxpress
ed1c2120a1da64cd9a0b5ea27488f1cd	UNITE	Paraphoma	Unclassified	k__Fungi; p__Ascomycota; c__Dothideomycetes; o__Pleosporales; f__Phaeosphaeriaceae; g__Paraphoma; s__Paraphoma_g	fig4_q30_SE_itsxpress_unite_blast_top1_rescue	ITSxpress	SE	SE	ITSxpress
3b1e3bee5d6ff21b4b0c0f956304b8d6	UNITE	Xylodon	Xylodon_flaviporus	k__Fungi; p__Basidiomycota; c__Agaricomycetes; o__Hymenochaetales; f__Schizoporaceae; g__Xylodon; s__Xylodon_flaviporus	fig4_q30_SE_itsxpress_unite_blast_top1_rescue	ITSxpress	SE	SE	ITSxpress
4a9eebc6771e1b0950879ee3dd5c5c70	UNITE	Aureobasidium	Aureobasidium_pullulans	k__Fungi; p__Ascomycota; c__Dothideomycetes; o__Dothideales; f__Saccotheciaceae; g__Aureobasidium; s__Aureobasidium_pullulans	fig4_q30_SE_itsxpress_unite_blast_top1_rescue	ITSxpress	SE	SE	ITSxpress
5ff4ba68c58f439132951ac2836f4148	UNITE	Fungi_k	Fungi_k	k__Fungi; p__Fungi_k; c__Fungi_k; o__Fungi_k; f__Fungi_k; g__Fungi_k; s__Fungi_k	fig4_q30_SE_itsxpress_unite_blast_top1_rescue	ITSxpress	SE	SE	ITSxpress
dcc55e98f520f9d97db040a6f18089ed	UNITE	Ramularia	Unclassified	k__Fungi; p__Ascomycota; c__Dothideomycetes; o__Mycosphaerellales; f__Mycosphaerellaceae; g__Ramularia; s__Ramularia_g	fig4_q30_SE_itsxpress_unite_blast_top1_rescue	ITSxpress	SE	SE	ITSxpress
ce09f92e8ab71b4062be2fcbf797fc29	UNITE	Leptosillia	Unclassified	k__Fungi; p__Ascomycota; c__Sordariomycetes; o__Xylariales; f__Leptosilliaceae; g__Leptosillia; s__Leptosillia_g	fig4_q30_SE_itsxpress_unite_blast_top1_rescue	ITSxpress	SE	SE	ITSxpress
64ff5d05e3dad56364385a586b8236d4	UNITE	Pichia	Pichia_kudriavzevii	k__Fungi; p__Ascomycota; c__Saccharomycetes; o__Saccharomycetales; f__Pichiaceae; g__Pichia; s__Pichia_kudriavzevii	fig4_q30_SE_itsxpress_unite_blast_top1_rescue	ITSxpress	SE	SE	ITSxpress
a8471a97a89292ee71b9e346420d69e1	UNITE	Alternaria	Unclassified	k__Fungi; p__Ascomycota; c__Dothideomycetes; o__Pleosporales; f__Pleosporaceae; g__Alternaria; s__Alternaria_g	fig4_q30_SE_itsxpress_unite_blast_top1_rescue	ITSxpress	SE	SE	ITSxpress
387de4923eb7c1950b022e185327224b	UNITE	Ascomycota_p	Ascomycota_p	k__Fungi; p__Ascomycota; c__Ascomycota_p; o__Ascomycota_p; f__Ascomycota_p; g__Ascomycota_p; s__Ascomycota_p	fig4_q30_SE_itsxpress_unite_blast_top1_rescue	ITSxpress	SE	SE	ITSxpress
36461ec46bb917ed47cd574fbefddef4	UNITE	Neodevriesiaceae_f	Neodevriesiaceae_f	k__Fungi; p__Ascomycota; c__Dothideomycetes; o__Mycosphaerellales; f__Neodevriesiaceae; g__Neodevriesiaceae_f; s__Neodevriesiaceae_f	fig4_q30_SE_itsxpress_unite_blast_top1_rescue	ITSxpress	SE	SE	ITSxpress
b4a8a1f40ecc093214c054a7af48b735	UNITE	Schizophyllum	Schizophyllum_commune	k__Fungi; p__Basidiomycota; c__Agaricomycetes; o__Agaricales; f__Schizophyllaceae; g__Schizophyllum; s__Schizophyllum_commune	fig4_q30_SE_itsxpress_unite_blast_top1_rescue	ITSxpress	SE	SE	ITSxpress
930b8a3cd5c6bff069c9063a99cd4afc	UNITE	Xylodon	Xylodon_flaviporus	k__Fungi; p__Basidiomycota; c__Agaricomycetes; o__Hymenochaetales; f__Schizoporaceae; g__Xylodon; s__Xylodon_flaviporus	fig4_q30_SE_itsxpress_unite_blast_top1_rescue	ITSxpress	SE	SE	ITSxpress
6a0e3aee96bfc2772cd53575935a9820	UNITE	Alternaria	Unclassified	k__Fungi; p__Ascomycota; c__Dothideomycetes; o__Pleosporales; f__Pleosporaceae; g__Alternaria; s__Alternaria_g	fig4_q30_SE_itsxpress_unite_blast_top1_rescue	ITSxpress	SE	SE	ITSxpress
8f49b9d94608f4db3a83e066440a1940	UNITE	Cystofilobasidium	Cystofilobasidium_capitatum	k__Fungi; p__Basidiomycota; c__Tremellomycetes; o__Cystofilobasidiales; f__Cystofilobasidiaceae; g__Cystofilobasidium; s__Cystofilobasidium_capitatum	fig4_q30_SE_itsxpress_unite_blast_top1_rescue	ITSxpress	SE	SE	ITSxpress
e2e8f8a61f71f233f0988be837ebde76	UNITE	Schizophyllum	Schizophyllum_commune	k__Fungi; p__Basidiomycota; c__Agaricomycetes; o__Agaricales; f__Schizophyllaceae; g__Schizophyllum; s__Schizophyllum_commune	fig4_q30_SE_itsxpress_unite_blast_top1_rescue	ITSxpress	SE	SE	ITSxpress
5abc90d2b893634cb4e369cb1b289c56	UNITE	Xylodon	Xylodon_exilis	k__Fungi; p__Basidiomycota; c__Agaricomycetes; o__Hymenochaetales; f__Schizoporaceae; g__Xylodon; s__Xylodon_exilis	fig4_q30_SE_itsxpress_unite_blast_top1_rescue	ITSxpress	SE	SE	ITSxpress
97453ab30a3666143045f217f306c8ce	UNITE	Hyphodontia	Hyphodontia_tropica	k__Fungi; p__Basidiomycota; c__Agaricomycetes; o__Hymenochaetales; f__Schizoporaceae; g__Hyphodontia; s__Hyphodontia_tropica	fig4_q30_SE_itsxpress_unite_blast_top1_rescue	ITSxpress	SE	SE	ITSxpress
9e0921e5bbd7ecf4d47f5134c8ca0d2a	UNITE	Ophiosphaerella	Ophiosphaerella_chiangraiensis	k__Fungi; p__Ascomycota; c__Dothideomycetes; o__Pleosporales; f__Phaeosphaeriaceae; g__Ophiosphaerella; s__Ophiosphaerella_chiangraiensis	fig4_q30_SE_itsxpress_unite_blast_top1_rescue	ITSxpress	SE	SE	ITSxpress
67ac12c36ed74bf4b2ab4e260b63d49b	UNITE	Polyporales_o	Polyporales_o	k__Fungi; p__Basidiomycota; c__Agaricomycetes; o__Polyporales; f__Polyporales_o; g__Polyporales_o; s__Polyporales_o	fig4_q30_SE_itsxpress_unite_blast_top1_rescue	ITSxpress	SE	SE	ITSxpress
9a5e816b64a377469b4612b58111273e	UNITE	Polyporales_o	Polyporales_o	k__Fungi; p__Basidiomycota; c__Agaricomycetes; o__Polyporales; f__Polyporales_o; g__Polyporales_o; s__Polyporales_o	fig4_q30_SE_itsxpress_unite_blast_top1_rescue	ITSxpress	SE	SE	ITSxpress
6f34c4e55147d909ea49aec08ad12131	UNITE	Pluteus	Pluteus_castroae	k__Fungi; p__Basidiomycota; c__Agaricomycetes; o__Agaricales; f__Pluteaceae; g__Pluteus; s__Pluteus_castroae	fig4_q30_SE_itsxpress_unite_blast_top1_rescue	ITSxpress	SE	SE	ITSxpress
6e798e8bc9548a371c93ba316db79db7	UNITE	Schizoporaceae_f	Schizoporaceae_f	k__Fungi; p__Basidiomycota; c__Agaricomycetes; o__Hymenochaetales; f__Schizoporaceae; g__Schizoporaceae_f; s__Schizoporaceae_f	fig4_q30_SE_itsxpress_unite_blast_top1_rescue	ITSxpress	SE	SE	ITSxpress
ade857cfb8ef5522b94a08582fd1f830	UNITE	Candolleomyces	Unclassified	k__Fungi; p__Basidiomycota; c__Agaricomycetes; o__Agaricales; f__Psathyrellaceae; g__Candolleomyces; s__Candolleomyces_g	fig4_q30_SE_itsxpress_unite_blast_top1_rescue	ITSxpress	SE	SE	ITSxpress
12c2997f0d90a475f5ebdb10a5bc0738	UNITE	Peniophorella	Peniophorella_crystallifera	k__Fungi; p__Basidiomycota; c__Agaricomycetes; o__Hymenochaetales; f__Rickenellaceae; g__Peniophorella; s__Peniophorella_crystallifera	fig4_q30_SE_itsxpress_unite_blast_top1_rescue	ITSxpress	SE	SE	ITSxpress
d5a162c1881d5469ff29b9b9f460e83b	UNITE	Ascomycota_p	Ascomycota_p	k__Fungi; p__Ascomycota; c__Ascomycota_p; o__Ascomycota_p; f__Ascomycota_p; g__Ascomycota_p; s__Ascomycota_p	fig4_q30_SE_itsxpress_unite_blast_top1_rescue	ITSxpress	SE	SE	ITSxpress
c522712a9fcdfa1fb6cfe40fc5b9cd9d	UNITE	Sporobolomyces	Sporobolomyces_ruberrimus	k__Fungi; p__Basidiomycota; c__Microbotryomycetes; o__Sporidiobolales; f__Sporidiobolaceae; g__Sporobolomyces; s__Sporobolomyces_ruberrimus	fig4_q30_SE_itsxpress_unite_blast_top1_rescue	ITSxpress	SE	SE	ITSxpress
1aa1322a555933d26756115adcdd8306	UNITE	Amphisphaeriales_o	Amphisphaeriales_o	k__Fungi; p__Ascomycota; c__Sordariomycetes; o__Amphisphaeriales; f__Amphisphaeriales_o; g__Amphisphaeriales_o; s__Amphisphaeriales_o	fig4_q30_SE_itsxpress_unite_blast_top1_rescue	ITSxpress	SE	SE	ITSxpress
83655ec6fed41d9301498ede33f9fe72	UNITE	Stereaceae_f	Stereaceae_f	k__Fungi; p__Basidiomycota; c__Agaricomycetes; o__Russulales; f__Stereaceae; g__Stereaceae_f; s__Stereaceae_f	fig4_q30_SE_itsxpress_unite_blast_top1_rescue	ITSxpress	SE	SE	ITSxpress
adddbb74b1a69c541419b3c1ae222b0b	UNITE	Coprinellus	Unclassified	k__Fungi; p__Basidiomycota; c__Agaricomycetes; o__Agaricales; f__Psathyrellaceae; g__Coprinellus; s__Coprinellus_g	fig4_q30_SE_itsxpress_unite_blast_top1_rescue	ITSxpress	SE	SE	ITSxpress
d06ee85ecbb1b97b12f84c0d16ead2e3	UNITE	Botrytis	Botrytis_caroliniana	k__Fungi; p__Ascomycota; c__Leotiomycetes; o__Helotiales; f__Sclerotiniaceae; g__Botrytis; s__Botrytis_caroliniana	fig4_q30_SE_itsxpress_unite_blast_top1_rescue	ITSxpress	SE	SE	ITSxpress
d03b42d094fc26abc401a439481e5e12	UNITE	Diatrypaceae_f	Diatrypaceae_f	k__Fungi; p__Ascomycota; c__Sordariomycetes; o__Xylariales; f__Diatrypaceae; g__Diatrypaceae_f; s__Diatrypaceae_f	fig4_q30_SE_itsxpress_unite_blast_top1_rescue	ITSxpress	SE	SE	ITSxpress
6a61a350e7bb425e4a7e3b25c45451ba	UNITE	Botryobasidium	Unclassified	k__Fungi; p__Basidiomycota; c__Agaricomycetes; o__Cantharellales; f__Botryobasidiaceae; g__Botryobasidium; s__Botryobasidium_g	fig4_q30_SE_itsxpress_unite_blast_top1_rescue	ITSxpress	SE	SE	ITSxpress
ac2a41d13de2fdfe15a3f03b5f738401	UNITE	Trametes	Trametes_pubescens	k__Fungi; p__Basidiomycota; c__Agaricomycetes; o__Polyporales; f__Polyporaceae; g__Trametes; s__Trametes_pubescens	fig4_q30_SE_itsxpress_unite_blast_top1_rescue	ITSxpress	SE	SE	ITSxpress
f9f91a446fab387b809e7566d97ae0ea	UNITE	Polyporales_o	Polyporales_o	k__Fungi; p__Basidiomycota; c__Agaricomycetes; o__Polyporales; f__Polyporales_o; g__Polyporales_o; s__Polyporales_o	fig4_q30_SE_itsxpress_unite_blast_top1_rescue	ITSxpress	SE	SE	ITSxpress
8e0a7cf611e2ea31a051956de91b5e05	UNITE	Mycoaciella	Mycoaciella_efibulata	k__Fungi; p__Basidiomycota; c__Agaricomycetes; o__Polyporales; f__Meruliaceae; g__Mycoaciella; s__Mycoaciella_efibulata	fig4_q30_SE_itsxpress_unite_blast_top1_rescue	ITSxpress	SE	SE	ITSxpress
66c79def06f0cc568a831f7334ed3eda	UNITE	Coprinopsis	Coprinopsis_urticicola	k__Fungi; p__Basidiomycota; c__Agaricomycetes; o__Agaricales; f__Psathyrellaceae; g__Coprinopsis; s__Coprinopsis_urticicola	fig4_q30_SE_itsxpress_unite_blast_top1_rescue	ITSxpress	SE	SE	ITSxpress
4bdd63f3ce013725020177990c0f88b4	UNITE	Candolleomyces	Unclassified	k__Fungi; p__Basidiomycota; c__Agaricomycetes; o__Agaricales; f__Psathyrellaceae; g__Candolleomyces; s__Candolleomyces_g	fig4_q30_SE_itsxpress_unite_blast_top1_rescue	ITSxpress	SE	SE	ITSxpress
676abaa08ae3e87d0d6ca4eec8171cb4	UNITE	Peniophorella	Peniophorella_pubera	k__Fungi; p__Basidiomycota; c__Agaricomycetes; o__Hymenochaetales; f__Rickenellaceae; g__Peniophorella; s__Peniophorella_pubera	fig4_q30_SE_itsxpress_unite_blast_top1_rescue	ITSxpress	SE	SE	ITSxpress
c89bc141df239be15bf707bdd443fa11	UNITE	Dissoconium	Unclassified	k__Fungi; p__Ascomycota; c__Dothideomycetes; o__Mycosphaerellales; f__Dissoconiaceae; g__Dissoconium; s__Dissoconium_g	fig4_q30_SE_itsxpress_unite_blast_top1_rescue	ITSxpress	SE	SE	ITSxpress
78f1ff03d895408d0bbfc76f894befec	UNITE	Parastagonospora	Unclassified	k__Fungi; p__Ascomycota; c__Dothideomycetes; o__Pleosporales; f__Phaeosphaeriaceae; g__Parastagonospora; s__Parastagonospora_g	fig4_q30_SE_itsxpress_unite_blast_top1_rescue	ITSxpress	SE	SE	ITSxpress
92773ca624ac5e50008077f8db4af76f	UNITE	Sistotremastrum	Unclassified	k__Fungi; p__Basidiomycota; c__Agaricomycetes; o__Trechisporales; f__Hydnodontaceae; g__Sistotremastrum; s__Sistotremastrum_g	fig4_q30_SE_itsxpress_unite_blast_top1_rescue	ITSxpress	SE	SE	ITSxpress
f8b9d66d9e1a866ff5a14ad5c8c4991a	UNITE	Polyporales_o	Polyporales_o	k__Fungi; p__Basidiomycota; c__Agaricomycetes; o__Polyporales; f__Polyporales_o; g__Polyporales_o; s__Polyporales_o	fig4_q30_SE_itsxpress_unite_blast_top1_rescue	ITSxpress	SE	SE	ITSxpress
80656d9a953b600388a8d5b3284216b9	UNITE+RefSeq BLAST	Candida	Candida_albicans	NA	fig4_q30_SE_itsxpress_unite_blast_top1_rescue	ITSxpress	SE	SE	ITSxpress
6092927047fe7a692354e4fd7c745e4c	UNITE+RefSeq BLAST	Cutaneotrichosporon	Cutaneotrichosporon_mucoides	NA	fig4_q30_SE_itsxpress_unite_blast_top1_rescue	ITSxpress	SE	SE	ITSxpress
d0dd260d0fe8cfb01289969e39422e98	UNITE+RefSeq BLAST	Cryptococcus	Cryptococcus_neoformans	NA	fig4_q30_SE_itsxpress_unite_blast_top1_rescue	ITSxpress	SE	SE	ITSxpress
2d783fc0a24c9350fd6e4c008ade61f1	UNITE+RefSeq BLAST	Penicillium	Penicillium_chrysogenum	NA	fig4_q30_SE_itsxpress_unite_blast_top1_rescue	ITSxpress	SE	SE	ITSxpress
83da93600831577d6f76875ba26d9661	UNITE+RefSeq BLAST	Nakaseomyces	Nakaseomyces_glabratus	NA	fig4_q30_SE_itsxpress_unite_blast_top1_rescue	ITSxpress	SE	SE	ITSxpress
ec1984762c2def53d14e8559d502eb63	UNITE+RefSeq BLAST	Saccharomyces	Saccharomyces_cerevisiae	NA	fig4_q30_SE_itsxpress_unite_blast_top1_rescue	ITSxpress	SE	SE	ITSxpress
e6042d9d33d4676b7a7d6c7d232be5b0	UNITE+RefSeq BLAST	Aspergillus	Aspergillus_fumigatus	NA	fig4_q30_SE_itsxpress_unite_blast_top1_rescue	ITSxpress	SE	SE	ITSxpress
6ad6916c8792e0521d8ebf5ef3aeed16	UNITE+RefSeq BLAST	Trichophyton	Trichophyton_mentagrophytes	NA	fig4_q30_SE_itsxpress_unite_blast_top1_rescue	ITSxpress	SE	SE	ITSxpress
abc7679572c0b1ba3de8661e079cb062	UNITE+RefSeq BLAST	Cutaneotrichosporon	Cutaneotrichosporon_debeurmannianum	NA	fig4_q30_SE_itsxpress_unite_blast_top1_rescue	ITSxpress	SE	SE	ITSxpress
e399dc7c0823811b06f9eea10fa4ea6c	UNITE+RefSeq BLAST	Cladosporium	Cladosporium_angustisporum	NA	fig4_q30_SE_itsxpress_unite_blast_top1_rescue	ITSxpress	SE	SE	ITSxpress
20737c9d81433cafb2c8d460c8527fc2	UNITE+RefSeq BLAST	Irpex	Irpex_hacksungii	NA	fig4_q30_SE_itsxpress_unite_blast_top1_rescue	ITSxpress	SE	SE	ITSxpress
c20373be96723055fe98fb270fa1644f	UNITE+RefSeq BLAST	Kazachstania	Kazachstania_servazzii	NA	fig4_q30_SE_itsxpress_unite_blast_top1_rescue	ITSxpress	SE	SE	ITSxpress
816f82f1c4b9b20db5c8823dd52cb136	UNITE+RefSeq BLAST	Irpex	Irpex_laceratus	NA	fig4_q30_SE_itsxpress_unite_blast_top1_rescue	ITSxpress	SE	SE	ITSxpress
826fd5dc6426f46bdf51bdc001f5e8f4	UNITE+RefSeq BLAST	Debaryomyces	Debaryomyces_delbrueckii	NA	fig4_q30_SE_itsxpress_unite_blast_top1_rescue	ITSxpress	SE	SE	ITSxpress
0d7f1fa221989e0cc733a52a1d979bfa	UNITE+RefSeq BLAST	Cladosporium	Cladosporium_angustisporum	NA	fig4_q30_SE_itsxpress_unite_blast_top1_rescue	ITSxpress	SE	SE	ITSxpress
ed3e9912ffac4094303328fb6a4ea10c	UNITE+RefSeq BLAST	Fusarium	Fusarium_keratoplasticum	NA	fig4_q30_SE_itsxpress_unite_blast_top1_rescue	ITSxpress	SE	SE	ITSxpress
c3b3863baf308516d9bae664ff9843c6	UNITE+RefSeq BLAST	Nigrospora	Unclassified	NA	fig4_q30_SE_itsxpress_unite_blast_top1_rescue	ITSxpress	SE	SE	ITSxpress
950d50b0de25bc9dca465fb972fc90ce	UNITE+RefSeq BLAST	Peniophoraceae_f	Peniophoraceae_f	NA	fig4_q30_SE_itsxpress_unite_blast_top1_rescue	ITSxpress	SE	SE	ITSxpress
897a37c049e111f2e2792037d2fc6c37	UNITE+RefSeq BLAST	Irpex	Irpex_laceratus	NA	fig4_q30_SE_itsxpress_unite_blast_top1_rescue	ITSxpress	SE	SE	ITSxpress
b69023c2fa4f941f5e3dd0b8992986a6	UNITE+RefSeq BLAST	Stereaceae_f	Stereaceae_f	NA	fig4_q30_SE_itsxpress_unite_blast_top1_rescue	ITSxpress	SE	SE	ITSxpress
913d6a6c7d51c84d30e4c47c884c6d07	UNITE+RefSeq BLAST	Ascomycota_p	Ascomycota_p	NA	fig4_q30_SE_itsxpress_unite_blast_top1_rescue	ITSxpress	SE	SE	ITSxpress
921f876dd61c8fdd639a56fbb16d7b6c	UNITE+RefSeq BLAST	Neodidymella	Neodidymella_thailandicum	NA	fig4_q30_SE_itsxpress_unite_blast_top1_rescue	ITSxpress	SE	SE	ITSxpress
98906e38db8e05a595f3c0efb3021003	UNITE+RefSeq BLAST	Penicillium	Penicillium_patris-mei	NA	fig4_q30_SE_itsxpress_unite_blast_top1_rescue	ITSxpress	SE	SE	ITSxpress
f1c57273935879d23965899d63727f74	UNITE+RefSeq BLAST	Aspergillus	Aspergillus_ruber	NA	fig4_q30_SE_itsxpress_unite_blast_top1_rescue	ITSxpress	SE	SE	ITSxpress
b9c4559032ad8182443254a9dcf649dc	UNITE+RefSeq BLAST	Saccharomyces	Saccharomyces_cerevisiae	NA	fig4_q30_SE_itsxpress_unite_blast_top1_rescue	ITSxpress	SE	SE	ITSxpress
b940c7f16e902dd4f7b022ba34403921	UNITE+RefSeq BLAST	Schizophyllum	Schizophyllum_commune	NA	fig4_q30_SE_itsxpress_unite_blast_top1_rescue	ITSxpress	SE	SE	ITSxpress
ca611572ed9359dd66fcb0cff64534b9	UNITE+RefSeq BLAST	Bjerkandera	Bjerkandera_adusta	NA	fig4_q30_SE_itsxpress_unite_blast_top1_rescue	ITSxpress	SE	SE	ITSxpress
31fe6db9ce878dc354cb87b45c498d9e	UNITE+RefSeq BLAST	Mucor	Mucor_circinelloides	NA	fig4_q30_SE_itsxpress_unite_blast_top1_rescue	ITSxpress	SE	SE	ITSxpress
4404a71ee8b8a868175be7a2bf9a30df	UNITE+RefSeq BLAST	Bullera	Bullera_alba	NA	fig4_q30_SE_itsxpress_unite_blast_top1_rescue	ITSxpress	SE	SE	ITSxpress
dd71353a2d00bf3451a122a46a5e631e	UNITE+RefSeq BLAST	Candolleomyces	Candolleomyces_subminutisporus	NA	fig4_q30_SE_itsxpress_unite_blast_top1_rescue	ITSxpress	SE	SE	ITSxpress
64a421accf97b206b9b5685b98f5362b	UNITE+RefSeq BLAST	Fungi_k	Fungi_k	NA	fig4_q30_SE_itsxpress_unite_blast_top1_rescue	ITSxpress	SE	SE	ITSxpress
4fe0a80f8c4b0a6cfc9a15c0926fd3f1	UNITE+RefSeq BLAST	Ophiognomonia	Ophiognomonia_pseudoischnostyla	NA	fig4_q30_SE_itsxpress_unite_blast_top1_rescue	ITSxpress	SE	SE	ITSxpress
5db7d119f68cc612f70048a57d68fc13	UNITE+RefSeq BLAST	Irpex	Irpex_hacksungii	NA	fig4_q30_SE_itsxpress_unite_blast_top1_rescue	ITSxpress	SE	SE	ITSxpress
b046f251007bcf28da1ecc6ab7bdac42	UNITE+RefSeq BLAST	Fungi_k	Fungi_k	NA	fig4_q30_SE_itsxpress_unite_blast_top1_rescue	ITSxpress	SE	SE	ITSxpress
05dcbd64ea8517b09449bf3ddd4a83dd	UNITE+RefSeq BLAST	Udeniomyces	Udeniomyces_pyricola	NA	fig4_q30_SE_itsxpress_unite_blast_top1_rescue	ITSxpress	SE	SE	ITSxpress
54c185729a43db8910321baddfea8807	UNITE+RefSeq BLAST	Peniophoraceae_f	Peniophoraceae_f	NA	fig4_q30_SE_itsxpress_unite_blast_top1_rescue	ITSxpress	SE	SE	ITSxpress
5dc59752d7c7ad5bdc3b142a17e36f9d	UNITE+RefSeq BLAST	Peniophoraceae_f	Peniophoraceae_f	NA	fig4_q30_SE_itsxpress_unite_blast_top1_rescue	ITSxpress	SE	SE	ITSxpress
b5b9c2526e8ef4a0423d48453db784ce	UNITE+RefSeq BLAST	Hericiaceae_f	Hericiaceae_f	NA	fig4_q30_SE_itsxpress_unite_blast_top1_rescue	ITSxpress	SE	SE	ITSxpress
19781955f7dc8059d72ca67fe69742f4	UNITE+RefSeq BLAST	Trametes	Trametes_pubescens	NA	fig4_q30_SE_itsxpress_unite_blast_top1_rescue	ITSxpress	SE	SE	ITSxpress
a9862003c339ee2dd8dbc924014edc86	UNITE+RefSeq BLAST	Daedaleopsis	Daedaleopsis_confragosa	NA	fig4_q30_SE_itsxpress_unite_blast_top1_rescue	ITSxpress	SE	SE	ITSxpress
7bcfb3ade16f38b45a1df52d34d64c4e	UNITE+RefSeq BLAST	Tilletiopsis	Tilletiopsis_washingtonensis	NA	fig4_q30_SE_itsxpress_unite_blast_top1_rescue	ITSxpress	SE	SE	ITSxpress
fa4787cdae91213d04dc949409061c56	UNITE+RefSeq BLAST	Phanerochaete	Phanerochaete_livescens	NA	fig4_q30_SE_itsxpress_unite_blast_top1_rescue	ITSxpress	SE	SE	ITSxpress
e8f9c25e55b59219535e215c1b148c4d	UNITE+RefSeq BLAST	Ascomycota_p	Ascomycota_p	NA	fig4_q30_SE_itsxpress_unite_blast_top1_rescue	ITSxpress	SE	SE	ITSxpress
5caba2baca9ecddfad50b0b99c30129a	UNITE+RefSeq BLAST	Sporobolomyces	Sporobolomyces_phaffii	NA	fig4_q30_SE_itsxpress_unite_blast_top1_rescue	ITSxpress	SE	SE	ITSxpress
838e5d450e7b14351a28fa2e38461e84	UNITE+RefSeq BLAST	Hymenochaetopsis	Hymenochaetopsis_yasudae	NA	fig4_q30_SE_itsxpress_unite_blast_top1_rescue	ITSxpress	SE	SE	ITSxpress
3ccc75f00bd3d144ceaa0391c4349da4	UNITE+RefSeq BLAST	Polyporales_o	Polyporales_o	NA	fig4_q30_SE_itsxpress_unite_blast_top1_rescue	ITSxpress	SE	SE	ITSxpress
0fd1d727176f466547928eba1e93d32c	UNITE+RefSeq BLAST	Malassezia	Malassezia_sympodialis	NA	fig4_q30_SE_itsxpress_unite_blast_top1_rescue	ITSxpress	SE	SE	ITSxpress
2f9d7e8bea9501d87407a5e5a59bf89b	UNITE+RefSeq BLAST	Pleosporales_o	Pleosporales_o	NA	fig4_q30_SE_itsxpress_unite_blast_top1_rescue	ITSxpress	SE	SE	ITSxpress
30c66d5481541d89952d4ca5765d73bc	UNITE+RefSeq BLAST	Sistotremastrum	Sistotremastrum_guttuliferum	NA	fig4_q30_SE_itsxpress_unite_blast_top1_rescue	ITSxpress	SE	SE	ITSxpress
f99cd28f84efab0680f5b5f07811d773	UNITE+RefSeq BLAST	Crepidotus	Unclassified	NA	fig4_q30_SE_itsxpress_unite_blast_top1_rescue	ITSxpress	SE	SE	ITSxpress
c4882dc60b49c95b93e46ef6e32dfc12	UNITE+RefSeq BLAST	Cladosporium	Cladosporium_colocasiae	NA	fig4_q30_SE_itsxpress_unite_blast_top1_rescue	ITSxpress	SE	SE	ITSxpress
0191681120840e940a5629f6f9c23e63	UNITE+RefSeq BLAST	Ceratobasidiaceae_f	Ceratobasidiaceae_f	NA	fig4_q30_SE_itsxpress_unite_blast_top1_rescue	ITSxpress	SE	SE	ITSxpress
2a03599d48e1a5883a372e8a8261d445	UNITE+RefSeq BLAST	Paragibellulopsis	Paragibellulopsis_chrysanthemi	NA	fig4_q30_SE_itsxpress_unite_blast_top1_rescue	ITSxpress	SE	SE	ITSxpress
c3017cee759791c63e9536350bd70e59	UNITE+RefSeq BLAST	Irpex	Irpex_hacksungii	NA	fig4_q30_SE_itsxpress_unite_blast_top1_rescue	ITSxpress	SE	SE	ITSxpress
8424931b6de8bfc1cc5bc36b87754fe9	UNITE+RefSeq BLAST	Cystobasidium	Cystobasidium_slooffiae	NA	fig4_q30_SE_itsxpress_unite_blast_top1_rescue	ITSxpress	SE	SE	ITSxpress
3b4804e27a65e63fcb5e309dd023eb58	UNITE+RefSeq BLAST	Phlebiopsis	Unclassified	NA	fig4_q30_SE_itsxpress_unite_blast_top1_rescue	ITSxpress	SE	SE	ITSxpress
69d7a7d7c05039ce3b5be70ffacc089f	UNITE+RefSeq BLAST	Biscogniauxia	Biscogniauxia_atropunctata	NA	fig4_q30_SE_itsxpress_unite_blast_top1_rescue	ITSxpress	SE	SE	ITSxpress
ef7cf9848db5544fe03fb7d411336533	UNITE+RefSeq BLAST	Candida	Candida_dubliniensis	NA	fig4_q30_SE_itsxpress_unite_blast_top1_rescue	ITSxpress	SE	SE	ITSxpress
2e73001a9be64e290563c8eec53be808	UNITE+RefSeq BLAST	Mucor	Mucor_nidicola	NA	fig4_q30_SE_itsxpress_unite_blast_top1_rescue	ITSxpress	SE	SE	ITSxpress
5c3158d98ae7185c37026511e5dbdb2c	UNITE+RefSeq BLAST	Penicillium	Penicillium_sclerotiorum	NA	fig4_q30_SE_itsxpress_unite_blast_top1_rescue	ITSxpress	SE	SE	ITSxpress
f9f6a23a053f51e186449e05d98261ce	UNITE+RefSeq BLAST	Steccherinum	Steccherinum_tenuissimum	NA	fig4_q30_SE_itsxpress_unite_blast_top1_rescue	ITSxpress	SE	SE	ITSxpress
dd8e55d527cabd71ce88988dc06eb8aa	UNITE+RefSeq BLAST	Xylodon	Xylodon_flaviporus	NA	fig4_q30_SE_itsxpress_unite_blast_top1_rescue	ITSxpress	SE	SE	ITSxpress
508bc8790f22bd6e6e7d77dbf30759fa	UNITE+RefSeq BLAST	Cryptococcus	Cryptococcus_neoformans	NA	fig4_q30_SE_itsxpress_unite_blast_top1_rescue	ITSxpress	SE	SE	ITSxpress
2b3947738a14174fa55da284e5156ce1	UNITE+RefSeq BLAST	Atheliales_o	Atheliales_o	NA	fig4_q30_SE_itsxpress_unite_blast_top1_rescue	ITSxpress	SE	SE	ITSxpress
8030ebf24e656af8149aa73dc4f958ea	UNITE+RefSeq BLAST	Peniophoraceae_f	Peniophoraceae_f	NA	fig4_q30_SE_itsxpress_unite_blast_top1_rescue	ITSxpress	SE	SE	ITSxpress
ab0d77b1519583edbf1bed05b8691759	UNITE+RefSeq BLAST	Ceriporia	Ceriporia_nanlingensis	NA	fig4_q30_SE_itsxpress_unite_blast_top1_rescue	ITSxpress	SE	SE	ITSxpress
22a3bd58cea56c64d6c04ce292d4536f	UNITE+RefSeq BLAST	Sporobolomyces	Sporobolomyces_carnicolor	NA	fig4_q30_SE_itsxpress_unite_blast_top1_rescue	ITSxpress	SE	SE	ITSxpress
22e6624e26f54bfb3113b73634ac85ed	UNITE+RefSeq BLAST	Trametes	Trametes_hirsuta	NA	fig4_q30_SE_itsxpress_unite_blast_top1_rescue	ITSxpress	SE	SE	ITSxpress
2502cb3a6108ac2eaa7d36cba4a08694	UNITE+RefSeq BLAST	Sarocladium	Sarocladium_zeae	NA	fig4_q30_SE_itsxpress_unite_blast_top1_rescue	ITSxpress	SE	SE	ITSxpress
06a0c0a16a03d41b0e21de876ccd4a1a	UNITE+RefSeq BLAST	Fuscoporia	Fuscoporia_karsteniana	NA	fig4_q30_SE_itsxpress_unite_blast_top1_rescue	ITSxpress	SE	SE	ITSxpress
bdd1298dc4d310e6e8843d32e7d3ccf2	UNITE+RefSeq BLAST	Irpex	Irpex_hacksungii	NA	fig4_q30_SE_itsxpress_unite_blast_top1_rescue	ITSxpress	SE	SE	ITSxpress
44a05b01f5f5bea58a5e3a13e14d59fc	UNITE+RefSeq BLAST	Penicillium	Penicillium_citrinum	NA	fig4_q30_SE_itsxpress_unite_blast_top1_rescue	ITSxpress	SE	SE	ITSxpress
668fa3bfa87c1f99cd925cf397f33b9d	UNITE+RefSeq BLAST	Coprinopsis	Unclassified	NA	fig4_q30_SE_itsxpress_unite_blast_top1_rescue	ITSxpress	SE	SE	ITSxpress
98668f2433cc3fdfcf3c34e11d1ba521	UNITE+RefSeq BLAST	Helotiales_o	Helotiales_o	NA	fig4_q30_SE_itsxpress_unite_blast_top1_rescue	ITSxpress	SE	SE	ITSxpress
91ed5a72b201f13a385a89abeee5e191	UNITE+RefSeq BLAST	Talaromyces	Unclassified	NA	fig4_q30_SE_itsxpress_unite_blast_top1_rescue	ITSxpress	SE	SE	ITSxpress
54f44042aa65835826eb2207758c96d9	UNITE+RefSeq BLAST	Penicillium	Penicillium_sumatraense	NA	fig4_q30_SE_itsxpress_unite_blast_top1_rescue	ITSxpress	SE	SE	ITSxpress
c67a5fd1ce96bcf6942bea2f1111936a	UNITE+RefSeq BLAST	Ceriporia	Ceriporia_nanlingensis	NA	fig4_q30_SE_itsxpress_unite_blast_top1_rescue	ITSxpress	SE	SE	ITSxpress
416459bd47d3ee053c27c919d17b7758	UNITE+RefSeq BLAST	Peniophoraceae_f	Peniophoraceae_f	NA	fig4_q30_SE_itsxpress_unite_blast_top1_rescue	ITSxpress	SE	SE	ITSxpress
05d6255f92dbd4b2b793b809c524de21	UNITE+RefSeq BLAST	Suillus	Unclassified	NA	fig4_q30_SE_itsxpress_unite_blast_top1_rescue	ITSxpress	SE	SE	ITSxpress
90a30f03ca37989d3320d5abf225636d	UNITE+RefSeq BLAST	Aureobasidium	Aureobasidium_pullulans	NA	fig4_q30_SE_itsxpress_unite_blast_top1_rescue	ITSxpress	SE	SE	ITSxpress
b930655cdbda2d0f0758d5276c15600d	UNITE+RefSeq BLAST	Aspergillus	Aspergillus_neotritici	NA	fig4_q30_SE_itsxpress_unite_blast_top1_rescue	ITSxpress	SE	SE	ITSxpress
a0ccfed95b0637c91f74ee17fd6e7627	UNITE+RefSeq BLAST	Xeromyces	Xeromyces_bisporus	NA	fig4_q30_SE_itsxpress_unite_blast_top1_rescue	ITSxpress	SE	SE	ITSxpress
461408f78553b3df306b093f8114a076	UNITE+RefSeq BLAST	Mucor	Mucor_circinelloides	NA	fig4_q30_SE_itsxpress_unite_blast_top1_rescue	ITSxpress	SE	SE	ITSxpress
e76ba80fe55d469a2f7883dffea1e3a2	UNITE+RefSeq BLAST	Ascomycota_p	Ascomycota_p	NA	fig4_q30_SE_itsxpress_unite_blast_top1_rescue	ITSxpress	SE	SE	ITSxpress
6143c50035fe5fc5272475693b56bdf1	UNITE+RefSeq BLAST	Candida	Candida_albicans	NA	fig4_q30_SE_itsxpress_unite_blast_top1_rescue	ITSxpress	SE	SE	ITSxpress
a52cdca0457164d0daa612a0ea60543e	UNITE+RefSeq BLAST	Hydnaceae_f	Hydnaceae_f	NA	fig4_q30_SE_itsxpress_unite_blast_top1_rescue	ITSxpress	SE	SE	ITSxpress
3aff115ea9dc889997fec9ab39973349	UNITE+RefSeq BLAST	Cutaneotrichosporon	Cutaneotrichosporon_dermatis	NA	fig4_q30_SE_itsxpress_unite_blast_top1_rescue	ITSxpress	SE	SE	ITSxpress
c3f0dd8fd4b6dd5006fabc5bcc3a6487	UNITE+RefSeq BLAST	Candolleomyces	Unclassified	NA	fig4_q30_SE_itsxpress_unite_blast_top1_rescue	ITSxpress	SE	SE	ITSxpress
0b16710fc341de52d3db3a987523142b	UNITE+RefSeq BLAST	Penicillium	Penicillium_sumatraense	NA	fig4_q30_SE_itsxpress_unite_blast_top1_rescue	ITSxpress	SE	SE	ITSxpress
42d420e7d403c74c113556d3aa5f7d95	UNITE+RefSeq BLAST	Rhodotorula	Rhodotorula_mucilaginosa	NA	fig4_q30_SE_itsxpress_unite_blast_top1_rescue	ITSxpress	SE	SE	ITSxpress
8a99e0cf4cc750c183d0799756d96ad0	UNITE+RefSeq BLAST	Kazachstania	Kazachstania_servazzii	NA	fig4_q30_SE_itsxpress_unite_blast_top1_rescue	ITSxpress	SE	SE	ITSxpress
d41474f8e49115abf6f296e3fee6b8b1	UNITE+RefSeq BLAST	Aspergillus	Aspergillus_niger	NA	fig4_q30_SE_itsxpress_unite_blast_top1_rescue	ITSxpress	SE	SE	ITSxpress
12da108a541069a69ac639ae2edcd700	UNITE+RefSeq BLAST	Candida	Candida_albicans	NA	fig4_q30_SE_itsxpress_unite_blast_top1_rescue	ITSxpress	SE	SE	ITSxpress
88bfe70998cfd35a12a909620792688a	UNITE+RefSeq BLAST	Penicillium	Penicillium_chrysogenum	NA	fig4_q30_SE_itsxpress_unite_blast_top1_rescue	ITSxpress	SE	SE	ITSxpress
d5f4d4c61556cd9a88f8e7072585def2	UNITE+RefSeq BLAST	Epicoccum	Epicoccum_pimprinum	NA	fig4_q30_SE_itsxpress_unite_blast_top1_rescue	ITSxpress	SE	SE	ITSxpress
287262dba4d69007a0d2f229a8d6e234	UNITE+RefSeq BLAST	Cryptococcus	Cryptococcus_neoformans	NA	fig4_q30_SE_itsxpress_unite_blast_top1_rescue	ITSxpress	SE	SE	ITSxpress
99db2e59f1430fe920de9f1dfaf6827b	UNITE+RefSeq BLAST	Trechispora	Unclassified	NA	fig4_q30_SE_itsxpress_unite_blast_top1_rescue	ITSxpress	SE	SE	ITSxpress
cadc4e9f5f1990bd77f040b0e7bc7ebd	UNITE+RefSeq BLAST	Nakaseomyces	Nakaseomyces_glabratus	NA	fig4_q30_SE_itsxpress_unite_blast_top1_rescue	ITSxpress	SE	SE	ITSxpress
467a1a0fe603e21da0ad3925a4a2040e	UNITE+RefSeq BLAST	Ascomycota_p	Ascomycota_p	NA	fig4_q30_SE_itsxpress_unite_blast_top1_rescue	ITSxpress	SE	SE	ITSxpress
d05459c8d61194d8dcde4757fe7ae0fb	UNITE+RefSeq BLAST	Candida	Candida_albicans	NA	fig4_q30_SE_itsxpress_unite_blast_top1_rescue	ITSxpress	SE	SE	ITSxpress
b228b4d00e715499fdce32e16b3f5a74	UNITE+RefSeq BLAST	Irpex	Irpex_hacksungii	NA	fig4_q30_SE_itsxpress_unite_blast_top1_rescue	ITSxpress	SE	SE	ITSxpress
1a3a25327947f82ebb909ce5f5832571	UNITE+RefSeq BLAST	Debaryomyces	Debaryomyces_delbrueckii	NA	fig4_q30_SE_itsxpress_unite_blast_top1_rescue	ITSxpress	SE	SE	ITSxpress
4633194a0263db268947d953c3df2544	UNITE+RefSeq BLAST	Cryptococcus	Cryptococcus_neoformans	NA	fig4_q30_SE_itsxpress_unite_blast_top1_rescue	ITSxpress	SE	SE	ITSxpress
6bc0377ff54d84a0270fdb17ac5ddf05	UNITE+RefSeq BLAST	Malassezia	Malassezia_globosa	NA	fig4_q30_SE_itsxpress_unite_blast_top1_rescue	ITSxpress	SE	SE	ITSxpress
d97e529002843bf4f22d9f84f696902d	UNITE+RefSeq BLAST	Cutaneotrichosporon	Cutaneotrichosporon_mucoides	NA	fig4_q30_SE_itsxpress_unite_blast_top1_rescue	ITSxpress	SE	SE	ITSxpress
7bae5c3eda249b5e319a1c10b526375b	UNITE+RefSeq BLAST	Penicillium	Penicillium_chrysogenum	NA	fig4_q30_SE_itsxpress_unite_blast_top1_rescue	ITSxpress	SE	SE	ITSxpress
5c36e4197af8694525d815e3fcfb8e1b	UNITE+RefSeq BLAST	Cutaneotrichosporon	Cutaneotrichosporon_mucoides	NA	fig4_q30_SE_itsxpress_unite_blast_top1_rescue	ITSxpress	SE	SE	ITSxpress
0adfbaa4d24ec21c5bd7da91cc36bf83	UNITE+RefSeq BLAST	Saccharomyces	Saccharomyces_cerevisiae	NA	fig4_q30_SE_itsxpress_unite_blast_top1_rescue	ITSxpress	SE	SE	ITSxpress
1a947799bb1e2fa52ae4560b796f282e	UNITE+RefSeq BLAST	Nakaseomyces	Nakaseomyces_glabratus	NA	fig4_q30_SE_itsxpress_unite_blast_top1_rescue	ITSxpress	SE	SE	ITSxpress
57dff5e5f62d238d6f055b37452ac823	UNITE+RefSeq BLAST	Saccharomyces	Saccharomyces_cerevisiae	NA	fig4_q30_SE_itsxpress_unite_blast_top1_rescue	ITSxpress	SE	SE	ITSxpress
ef5b732f4220ffb4068dfff3f4590237	UNITE+RefSeq BLAST	Leucosporidium	Leucosporidium_intermedium	NA	fig4_q30_SE_itsxpress_unite_blast_top1_rescue	ITSxpress	SE	SE	ITSxpress
0fdc8bc75eb918dcdf72a96e854a694e	UNITE+RefSeq BLAST	Trechispora	Unclassified	NA	fig4_q30_SE_itsxpress_unite_blast_top1_rescue	ITSxpress	SE	SE	ITSxpress
53c9feac786c2fec525605f3db4ae987	UNITE+RefSeq BLAST	Penicillium	Penicillium_chrysogenum	NA	fig4_q30_SE_itsxpress_unite_blast_top1_rescue	ITSxpress	SE	SE	ITSxpress
3c251e4ab957b4744ba14e78227fd569	UNITE+RefSeq BLAST	Aspergillus	Aspergillus_fumigatus	NA	fig4_q30_SE_itsxpress_unite_blast_top1_rescue	ITSxpress	SE	SE	ITSxpress
2ce0943ee52455e0ef499cf2ef2d4e04	UNITE+RefSeq BLAST	Penicillium	Penicillium_chrysogenum	NA	fig4_q30_SE_itsxpress_unite_blast_top1_rescue	ITSxpress	SE	SE	ITSxpress
0f501f42f168efedff8209067a2ccc06	UNITE+RefSeq BLAST	Phlebia	Phlebia_acerina	NA	fig4_q30_SE_itsxpress_unite_blast_top1_rescue	ITSxpress	SE	SE	ITSxpress
e1824953c4f6846e8527e3e52997573d	UNITE+RefSeq BLAST	Stereaceae_f	Stereaceae_f	NA	fig4_q30_SE_itsxpress_unite_blast_top1_rescue	ITSxpress	SE	SE	ITSxpress
29672ac01b5c6750735fed1907ddd347	UNITE+RefSeq BLAST	Hannaella	Hannaella_oryzae	NA	fig4_q30_SE_itsxpress_unite_blast_top1_rescue	ITSxpress	SE	SE	ITSxpress
12ae8aec67f6e9580e434bbd62c83dcd	UNITE+RefSeq BLAST	Helotiales_o	Helotiales_o	NA	fig4_q30_SE_itsxpress_unite_blast_top1_rescue	ITSxpress	SE	SE	ITSxpress
efd82533963fb288f116c97705e40ede	UNITE+RefSeq BLAST	Phlebia	Unclassified	NA	fig4_q30_SE_itsxpress_unite_blast_top1_rescue	ITSxpress	SE	SE	ITSxpress
d6e7806fe6c49f4c960a7210ce8b929b	UNITE+RefSeq BLAST	Phaeosphaeriaceae_f	Phaeosphaeriaceae_f	NA	fig4_q30_SE_itsxpress_unite_blast_top1_rescue	ITSxpress	SE	SE	ITSxpress
f92a6f85062448c90ca17f26c5777cb0	UNITE+RefSeq BLAST	Basidiomycota_p	Basidiomycota_p	NA	fig4_q30_SE_itsxpress_unite_blast_top1_rescue	ITSxpress	SE	SE	ITSxpress
1f2562bcd89888cd5dc1ecfc90af6ca5	UNITE+RefSeq BLAST	Paraphoma	Paraphoma_chrysanthemicola	NA	fig4_q30_SE_itsxpress_unite_blast_top1_rescue	ITSxpress	SE	SE	ITSxpress
cdd244abd5bf539f9d30cb7b2907eaa7	UNITE+RefSeq BLAST	Pleosporales_o	Pleosporales_o	NA	fig4_q30_SE_itsxpress_unite_blast_top1_rescue	ITSxpress	SE	SE	ITSxpress
7786a01bd4219ab71a63750426db7244	UNITE+RefSeq BLAST	Irpex	Irpex_hacksungii	NA	fig4_q30_SE_itsxpress_unite_blast_top1_rescue	ITSxpress	SE	SE	ITSxpress
60c4503cc5091926c0fe5039f5800884	UNITE+RefSeq BLAST	Paraphoma	Unclassified	NA	fig4_q30_SE_itsxpress_unite_blast_top1_rescue	ITSxpress	SE	SE	ITSxpress
221ef287399115b8dae38548c41a71d1	UNITE+RefSeq BLAST	Peniophoraceae_f	Peniophoraceae_f	NA	fig4_q30_SE_itsxpress_unite_blast_top1_rescue	ITSxpress	SE	SE	ITSxpress
ede209db473731ebfe17f1dbf1c88156	UNITE+RefSeq BLAST	Coniothyrium	Coniothyrium_sidae	NA	fig4_q30_SE_itsxpress_unite_blast_top1_rescue	ITSxpress	SE	SE	ITSxpress
56bd90154fccd93f3ae9a9c168a3d352	UNITE+RefSeq BLAST	Pluteus	Unclassified	NA	fig4_q30_SE_itsxpress_unite_blast_top1_rescue	ITSxpress	SE	SE	ITSxpress
61352d1986de0e531503621118f45b90	UNITE+RefSeq BLAST	Hymenochaete	Hymenochaete_odontoides	NA	fig4_q30_SE_itsxpress_unite_blast_top1_rescue	ITSxpress	SE	SE	ITSxpress
c5fc3fd35912da93c85f5c96bd65b76d	UNITE+RefSeq BLAST	Pleosporales_o	Pleosporales_o	NA	fig4_q30_SE_itsxpress_unite_blast_top1_rescue	ITSxpress	SE	SE	ITSxpress
a5a3ef9cd6b81c4902db04c8fbf42ada	UNITE+RefSeq BLAST	Peniophoraceae_f	Peniophoraceae_f	NA	fig4_q30_SE_itsxpress_unite_blast_top1_rescue	ITSxpress	SE	SE	ITSxpress
61126afa4733fbaeff0e31a74c4e98ba	UNITE+RefSeq BLAST	Fusarium	Fusarium_pernambucanum	NA	fig4_q30_SE_itsxpress_unite_blast_top1_rescue	ITSxpress	SE	SE	ITSxpress
b9971e7ed6a896d4364494eb339d9aab	UNITE+RefSeq BLAST	Exidia	Exidia_uvapassa	NA	fig4_q30_SE_itsxpress_unite_blast_top1_rescue	ITSxpress	SE	SE	ITSxpress
1b0e91eb4d0ab35ac3472b26d4207b8d	UNITE+RefSeq BLAST	Peniophoraceae_f	Peniophoraceae_f	NA	fig4_q30_SE_itsxpress_unite_blast_top1_rescue	ITSxpress	SE	SE	ITSxpress
04a58f1fa63710803570b8b5e2d3733e	UNITE+RefSeq BLAST	Periconia	Periconia_celtidis	NA	fig4_q30_SE_itsxpress_unite_blast_top1_rescue	ITSxpress	SE	SE	ITSxpress
9e9aed34ec9b46ddf8b4be25bd081d10	UNITE+RefSeq BLAST	Komagataella	Komagataella_phaffii	NA	fig4_q30_SE_itsxpress_unite_blast_top1_rescue	ITSxpress	SE	SE	ITSxpress
bc735706b2cac9f5c1211164aed408a6	UNITE+RefSeq BLAST	Basidiomycota_p	Basidiomycota_p	NA	fig4_q30_SE_itsxpress_unite_blast_top1_rescue	ITSxpress	SE	SE	ITSxpress
8e25974e8e7a661b1c1d180b4101cfce	UNITE+RefSeq BLAST	Peniophoraceae_f	Peniophoraceae_f	NA	fig4_q30_SE_itsxpress_unite_blast_top1_rescue	ITSxpress	SE	SE	ITSxpress
061f5ddd4c902be6adec1f0e62e8f2f4	UNITE+RefSeq BLAST	Hyphodontia	Hyphodontia_tropica	NA	fig4_q30_SE_itsxpress_unite_blast_top1_rescue	ITSxpress	SE	SE	ITSxpress
cb2c0e20773df56a36e2a0f9eabe0e2d	UNITE+RefSeq BLAST	Thelebolus	Unclassified	NA	fig4_q30_SE_itsxpress_unite_blast_top1_rescue	ITSxpress	SE	SE	ITSxpress
9b348dda321c3c7240c36962ca827b97	UNITE+RefSeq BLAST	Fungi_k	Fungi_k	NA	fig4_q30_SE_itsxpress_unite_blast_top1_rescue	ITSxpress	SE	SE	ITSxpress
44f90264df134259ebc0896303d9a493	UNITE+RefSeq BLAST	Neosetophoma	Neosetophoma_guiyangensis	NA	fig4_q30_SE_itsxpress_unite_blast_top1_rescue	ITSxpress	SE	SE	ITSxpress
ac5f58eb564aba9ebbf608a7c30f3ee1	UNITE+RefSeq BLAST	Phanerochaete	Unclassified	NA	fig4_q30_SE_itsxpress_unite_blast_top1_rescue	ITSxpress	SE	SE	ITSxpress
29ef50e61eafd8ec49fa6292da0e3dca	UNITE+RefSeq BLAST	Mycoaciella	Mycoaciella_efibulata	NA	fig4_q30_SE_itsxpress_unite_blast_top1_rescue	ITSxpress	SE	SE	ITSxpress
a6f2328646e39b677ef9b36fb9d0fe1f	UNITE+RefSeq BLAST	Sistotrema	Sistotrema_brinkmannii	NA	fig4_q30_SE_itsxpress_unite_blast_top1_rescue	ITSxpress	SE	SE	ITSxpress
e41e471e043e714cdac6ad0eecc8cdf5	UNITE+RefSeq BLAST	Agaricales_o	Agaricales_o	NA	fig4_q30_SE_itsxpress_unite_blast_top1_rescue	ITSxpress	SE	SE	ITSxpress
e52555860813ba428db5125f3f1bcfc3	UNITE+RefSeq BLAST	Trametes	Trametes_hirsuta	NA	fig4_q30_SE_itsxpress_unite_blast_top1_rescue	ITSxpress	SE	SE	ITSxpress
1dca3eeb6a114d7c75d945b4c787c3c6	UNITE+RefSeq BLAST	Butyrea	Butyrea_japonica	NA	fig4_q30_SE_itsxpress_unite_blast_top1_rescue	ITSxpress	SE	SE	ITSxpress
040c1e07de80d76e56f1d8b0b573ca34	UNITE+RefSeq BLAST	Leptospora	Unclassified	NA	fig4_q30_SE_itsxpress_unite_blast_top1_rescue	ITSxpress	SE	SE	ITSxpress
8f430b4358071fffd96016bca9f08ac0	UNITE+RefSeq BLAST	Trametes	Trametes_hirsuta	NA	fig4_q30_SE_itsxpress_unite_blast_top1_rescue	ITSxpress	SE	SE	ITSxpress
2cf4c915f873b95edee25be8e58fb36c	UNITE+RefSeq BLAST	Scopuloides	Unclassified	NA	fig4_q30_SE_itsxpress_unite_blast_top1_rescue	ITSxpress	SE	SE	ITSxpress
0f8830963d0007509b4256e7708c4537	UNITE+RefSeq BLAST	Fungi_k	Fungi_k	NA	fig4_q30_SE_itsxpress_unite_blast_top1_rescue	ITSxpress	SE	SE	ITSxpress
f2303e6f6a3249de1bbcb777452ec808	UNITE+RefSeq BLAST	Trametes	Trametes_versicolor	NA	fig4_q30_SE_itsxpress_unite_blast_top1_rescue	ITSxpress	SE	SE	ITSxpress
79267446d41d9eede7d4641c3f59b86e	UNITE+RefSeq BLAST	Pleurotus	Pleurotus_ostreatus	NA	fig4_q30_SE_itsxpress_unite_blast_top1_rescue	ITSxpress	SE	SE	ITSxpress
3f44577f73ab9162efce5c7fb027b424	UNITE+RefSeq BLAST	Mycoaciella	Mycoaciella_efibulata	NA	fig4_q30_SE_itsxpress_unite_blast_top1_rescue	ITSxpress	SE	SE	ITSxpress
7427e344a3b803c9806e8626c0012ce9	UNITE+RefSeq BLAST	Phlebia	Phlebia_acanthocystis	NA	fig4_q30_SE_itsxpress_unite_blast_top1_rescue	ITSxpress	SE	SE	ITSxpress
e696a65744372846e5a5ad7901af11d5	UNITE+RefSeq BLAST	Fungi_k	Fungi_k	NA	fig4_q30_SE_itsxpress_unite_blast_top1_rescue	ITSxpress	SE	SE	ITSxpress
5bca0c643641a8a1dc9257cb476a4350	UNITE+RefSeq BLAST	Hericiaceae_f	Hericiaceae_f	NA	fig4_q30_SE_itsxpress_unite_blast_top1_rescue	ITSxpress	SE	SE	ITSxpress
026c5263ced8f41669b14f7ee3ab05a6	UNITE+RefSeq BLAST	Ophiosphaerella	Ophiosphaerella_chiangraiensis	NA	fig4_q30_SE_itsxpress_unite_blast_top1_rescue	ITSxpress	SE	SE	ITSxpress
ef4979826d864561698d80e1ef8e1f26	UNITE+RefSeq BLAST	Phanerochaete	Phanerochaete_cumulodentata	NA	fig4_q30_SE_itsxpress_unite_blast_top1_rescue	ITSxpress	SE	SE	ITSxpress
16abe59764bca0b5a4207799f0194527	UNITE+RefSeq BLAST	Trechisporales_o	Trechisporales_o	NA	fig4_q30_SE_itsxpress_unite_blast_top1_rescue	ITSxpress	SE	SE	ITSxpress
68dabd57307987843582c72e68a2476d	UNITE+RefSeq BLAST	Mycoaciella	Mycoaciella_efibulata	NA	fig4_q30_SE_itsxpress_unite_blast_top1_rescue	ITSxpress	SE	SE	ITSxpress
442ab96d28f454ce78c630de3babe890	UNITE+RefSeq BLAST	Peniophoraceae_f	Peniophoraceae_f	NA	fig4_q30_SE_itsxpress_unite_blast_top1_rescue	ITSxpress	SE	SE	ITSxpress
5cf59bf73d9d0377920b66b458d34daa	UNITE+RefSeq BLAST	Stereaceae_f	Stereaceae_f	NA	fig4_q30_SE_itsxpress_unite_blast_top1_rescue	ITSxpress	SE	SE	ITSxpress
56dd3123fef44895b66ffa154dcef3fd	UNITE+RefSeq BLAST	Hyphoderma	Hyphoderma_setigerum	NA	fig4_q30_SE_itsxpress_unite_blast_top1_rescue	ITSxpress	SE	SE	ITSxpress
b824e4d927813dd5b4c64fa745487857	UNITE+RefSeq BLAST	Polyporales_o	Polyporales_o	NA	fig4_q30_SE_itsxpress_unite_blast_top1_rescue	ITSxpress	SE	SE	ITSxpress
6a6ced4c67f0e53846c66a3878c89679	UNITE+RefSeq BLAST	Peniophoraceae_f	Peniophoraceae_f	NA	fig4_q30_SE_itsxpress_unite_blast_top1_rescue	ITSxpress	SE	SE	ITSxpress
70025ad4639606e16dea1984c10d1e5f	UNITE+RefSeq BLAST	Clitopilus	Clitopilus_baronii	NA	fig4_q30_SE_itsxpress_unite_blast_top1_rescue	ITSxpress	SE	SE	ITSxpress
7b0c2826eb7474c7abe104a585597010	UNITE+RefSeq BLAST	Ophiognomonia	Ophiognomonia_pseudoischnostyla	NA	fig4_q30_SE_itsxpress_unite_blast_top1_rescue	ITSxpress	SE	SE	ITSxpress
168e27f59b5437d613141aaa2f916072	UNITE+RefSeq BLAST	Dipodascaceae_f	Dipodascaceae_f	NA	fig4_q30_SE_itsxpress_unite_blast_top1_rescue	ITSxpress	SE	SE	ITSxpress
99e63fe25fa4ee8bc4e2a4bcd0ad77fa	UNITE+RefSeq BLAST	Ceratobasidium	Unclassified	NA	fig4_q30_SE_itsxpress_unite_blast_top1_rescue	ITSxpress	SE	SE	ITSxpress
98931596f0356707dc1093ebb37e9669	UNITE+RefSeq BLAST	Phlebiopsis	Phlebiopsis_gigantea	NA	fig4_q30_SE_itsxpress_unite_blast_top1_rescue	ITSxpress	SE	SE	ITSxpress
ed1c2120a1da64cd9a0b5ea27488f1cd	UNITE+RefSeq BLAST	Paraphoma	Paraphoma_pye	NA	fig4_q30_SE_itsxpress_unite_blast_top1_rescue	ITSxpress	SE	SE	ITSxpress
3b1e3bee5d6ff21b4b0c0f956304b8d6	UNITE+RefSeq BLAST	Xylodon	Xylodon_flaviporus	NA	fig4_q30_SE_itsxpress_unite_blast_top1_rescue	ITSxpress	SE	SE	ITSxpress
4a9eebc6771e1b0950879ee3dd5c5c70	UNITE+RefSeq BLAST	Aureobasidium	Aureobasidium_pullulans	NA	fig4_q30_SE_itsxpress_unite_blast_top1_rescue	ITSxpress	SE	SE	ITSxpress
5ff4ba68c58f439132951ac2836f4148	UNITE+RefSeq BLAST	Fungi_k	Fungi_k	NA	fig4_q30_SE_itsxpress_unite_blast_top1_rescue	ITSxpress	SE	SE	ITSxpress
dcc55e98f520f9d97db040a6f18089ed	UNITE+RefSeq BLAST	Ramularia	Ramularia_eucalypti	NA	fig4_q30_SE_itsxpress_unite_blast_top1_rescue	ITSxpress	SE	SE	ITSxpress
ce09f92e8ab71b4062be2fcbf797fc29	UNITE+RefSeq BLAST	Leptosillia	Unclassified	NA	fig4_q30_SE_itsxpress_unite_blast_top1_rescue	ITSxpress	SE	SE	ITSxpress
64ff5d05e3dad56364385a586b8236d4	UNITE+RefSeq BLAST	Pichia	Pichia_kudriavzevii	NA	fig4_q30_SE_itsxpress_unite_blast_top1_rescue	ITSxpress	SE	SE	ITSxpress
a8471a97a89292ee71b9e346420d69e1	UNITE+RefSeq BLAST	Alternaria	Alternaria_iridiaustralis	NA	fig4_q30_SE_itsxpress_unite_blast_top1_rescue	ITSxpress	SE	SE	ITSxpress
387de4923eb7c1950b022e185327224b	UNITE+RefSeq BLAST	Ascomycota_p	Ascomycota_p	NA	fig4_q30_SE_itsxpress_unite_blast_top1_rescue	ITSxpress	SE	SE	ITSxpress
36461ec46bb917ed47cd574fbefddef4	UNITE+RefSeq BLAST	Neodevriesiaceae_f	Neodevriesiaceae_f	NA	fig4_q30_SE_itsxpress_unite_blast_top1_rescue	ITSxpress	SE	SE	ITSxpress
b4a8a1f40ecc093214c054a7af48b735	UNITE+RefSeq BLAST	Schizophyllum	Schizophyllum_commune	NA	fig4_q30_SE_itsxpress_unite_blast_top1_rescue	ITSxpress	SE	SE	ITSxpress
930b8a3cd5c6bff069c9063a99cd4afc	UNITE+RefSeq BLAST	Xylodon	Xylodon_flaviporus	NA	fig4_q30_SE_itsxpress_unite_blast_top1_rescue	ITSxpress	SE	SE	ITSxpress
6a0e3aee96bfc2772cd53575935a9820	UNITE+RefSeq BLAST	Alternaria	Alternaria_destruens	NA	fig4_q30_SE_itsxpress_unite_blast_top1_rescue	ITSxpress	SE	SE	ITSxpress
8f49b9d94608f4db3a83e066440a1940	UNITE+RefSeq BLAST	Cystofilobasidium	Cystofilobasidium_capitatum	NA	fig4_q30_SE_itsxpress_unite_blast_top1_rescue	ITSxpress	SE	SE	ITSxpress
e2e8f8a61f71f233f0988be837ebde76	UNITE+RefSeq BLAST	Schizophyllum	Schizophyllum_commune	NA	fig4_q30_SE_itsxpress_unite_blast_top1_rescue	ITSxpress	SE	SE	ITSxpress
5abc90d2b893634cb4e369cb1b289c56	UNITE+RefSeq BLAST	Xylodon	Xylodon_exilis	NA	fig4_q30_SE_itsxpress_unite_blast_top1_rescue	ITSxpress	SE	SE	ITSxpress
97453ab30a3666143045f217f306c8ce	UNITE+RefSeq BLAST	Hyphodontia	Hyphodontia_tropica	NA	fig4_q30_SE_itsxpress_unite_blast_top1_rescue	ITSxpress	SE	SE	ITSxpress
9e0921e5bbd7ecf4d47f5134c8ca0d2a	UNITE+RefSeq BLAST	Ophiosphaerella	Ophiosphaerella_chiangraiensis	NA	fig4_q30_SE_itsxpress_unite_blast_top1_rescue	ITSxpress	SE	SE	ITSxpress
67ac12c36ed74bf4b2ab4e260b63d49b	UNITE+RefSeq BLAST	Polyporales_o	Polyporales_o	NA	fig4_q30_SE_itsxpress_unite_blast_top1_rescue	ITSxpress	SE	SE	ITSxpress
9a5e816b64a377469b4612b58111273e	UNITE+RefSeq BLAST	Polyporales_o	Polyporales_o	NA	fig4_q30_SE_itsxpress_unite_blast_top1_rescue	ITSxpress	SE	SE	ITSxpress
6f34c4e55147d909ea49aec08ad12131	UNITE+RefSeq BLAST	Pluteus	Pluteus_castroae	NA	fig4_q30_SE_itsxpress_unite_blast_top1_rescue	ITSxpress	SE	SE	ITSxpress
6e798e8bc9548a371c93ba316db79db7	UNITE+RefSeq BLAST	Schizoporaceae_f	Schizoporaceae_f	NA	fig4_q30_SE_itsxpress_unite_blast_top1_rescue	ITSxpress	SE	SE	ITSxpress
ade857cfb8ef5522b94a08582fd1f830	UNITE+RefSeq BLAST	Candolleomyces	Unclassified	NA	fig4_q30_SE_itsxpress_unite_blast_top1_rescue	ITSxpress	SE	SE	ITSxpress
12c2997f0d90a475f5ebdb10a5bc0738	UNITE+RefSeq BLAST	Peniophorella	Peniophorella_crystallifera	NA	fig4_q30_SE_itsxpress_unite_blast_top1_rescue	ITSxpress	SE	SE	ITSxpress
d5a162c1881d5469ff29b9b9f460e83b	UNITE+RefSeq BLAST	Ascomycota_p	Ascomycota_p	NA	fig4_q30_SE_itsxpress_unite_blast_top1_rescue	ITSxpress	SE	SE	ITSxpress
c522712a9fcdfa1fb6cfe40fc5b9cd9d	UNITE+RefSeq BLAST	Sporobolomyces	Sporobolomyces_ruberrimus	NA	fig4_q30_SE_itsxpress_unite_blast_top1_rescue	ITSxpress	SE	SE	ITSxpress
1aa1322a555933d26756115adcdd8306	UNITE+RefSeq BLAST	Amphisphaeriales_o	Amphisphaeriales_o	NA	fig4_q30_SE_itsxpress_unite_blast_top1_rescue	ITSxpress	SE	SE	ITSxpress
83655ec6fed41d9301498ede33f9fe72	UNITE+RefSeq BLAST	Stereaceae_f	Stereaceae_f	NA	fig4_q30_SE_itsxpress_unite_blast_top1_rescue	ITSxpress	SE	SE	ITSxpress
adddbb74b1a69c541419b3c1ae222b0b	UNITE+RefSeq BLAST	Coprinellus	Unclassified	NA	fig4_q30_SE_itsxpress_unite_blast_top1_rescue	ITSxpress	SE	SE	ITSxpress
d06ee85ecbb1b97b12f84c0d16ead2e3	UNITE+RefSeq BLAST	Botrytis	Botrytis_caroliniana	NA	fig4_q30_SE_itsxpress_unite_blast_top1_rescue	ITSxpress	SE	SE	ITSxpress
d03b42d094fc26abc401a439481e5e12	UNITE+RefSeq BLAST	Diatrypaceae_f	Diatrypaceae_f	NA	fig4_q30_SE_itsxpress_unite_blast_top1_rescue	ITSxpress	SE	SE	ITSxpress
6a61a350e7bb425e4a7e3b25c45451ba	UNITE+RefSeq BLAST	Botryobasidium	Unclassified	NA	fig4_q30_SE_itsxpress_unite_blast_top1_rescue	ITSxpress	SE	SE	ITSxpress
ac2a41d13de2fdfe15a3f03b5f738401	UNITE+RefSeq BLAST	Trametes	Trametes_pubescens	NA	fig4_q30_SE_itsxpress_unite_blast_top1_rescue	ITSxpress	SE	SE	ITSxpress
f9f91a446fab387b809e7566d97ae0ea	UNITE+RefSeq BLAST	Polyporales_o	Polyporales_o	NA	fig4_q30_SE_itsxpress_unite_blast_top1_rescue	ITSxpress	SE	SE	ITSxpress
8e0a7cf611e2ea31a051956de91b5e05	UNITE+RefSeq BLAST	Mycoaciella	Mycoaciella_efibulata	NA	fig4_q30_SE_itsxpress_unite_blast_top1_rescue	ITSxpress	SE	SE	ITSxpress
66c79def06f0cc568a831f7334ed3eda	UNITE+RefSeq BLAST	Coprinopsis	Coprinopsis_urticicola	NA	fig4_q30_SE_itsxpress_unite_blast_top1_rescue	ITSxpress	SE	SE	ITSxpress
4bdd63f3ce013725020177990c0f88b4	UNITE+RefSeq BLAST	Candolleomyces	Unclassified	NA	fig4_q30_SE_itsxpress_unite_blast_top1_rescue	ITSxpress	SE	SE	ITSxpress
676abaa08ae3e87d0d6ca4eec8171cb4	UNITE+RefSeq BLAST	Peniophorella	Peniophorella_pubera	NA	fig4_q30_SE_itsxpress_unite_blast_top1_rescue	ITSxpress	SE	SE	ITSxpress
c89bc141df239be15bf707bdd443fa11	UNITE+RefSeq BLAST	Dissoconium	Dissoconium_eucalypti	NA	fig4_q30_SE_itsxpress_unite_blast_top1_rescue	ITSxpress	SE	SE	ITSxpress
78f1ff03d895408d0bbfc76f894befec	UNITE+RefSeq BLAST	Parastagonospora	Unclassified	NA	fig4_q30_SE_itsxpress_unite_blast_top1_rescue	ITSxpress	SE	SE	ITSxpress
92773ca624ac5e50008077f8db4af76f	UNITE+RefSeq BLAST	Sistotremastrum	Unclassified	NA	fig4_q30_SE_itsxpress_unite_blast_top1_rescue	ITSxpress	SE	SE	ITSxpress
f8b9d66d9e1a866ff5a14ad5c8c4991a	UNITE+RefSeq BLAST	Polyporales_o	Polyporales_o	NA	fig4_q30_SE_itsxpress_unite_blast_top1_rescue	ITSxpress	SE	SE	ITSxpress
0191681120840e940a5629f6f9c23e63	Mock type-strain BLAST	Nakaseomyces	Nakaseomyces_glabratus	k__Fungi; p__Ascomycota; c__Saccharomycetes; o__Saccharomycetales; f__Saccharomycetaceae; g__Nakaseomyces; s__Nakaseomyces_glabratus	fig4_q30_SE_itsxpress_unite_blast_top1_rescue	ITSxpress	SE	SE	ITSxpress
026c5263ced8f41669b14f7ee3ab05a6	Mock type-strain BLAST	Aspergillus	Aspergillus_fumigatus	k__Fungi; p__Ascomycota; c__Eurotiomycetes; o__Eurotiales; f__Aspergillaceae; g__Aspergillus; s__Aspergillus_fumigatus	fig4_q30_SE_itsxpress_unite_blast_top1_rescue	ITSxpress	SE	SE	ITSxpress
040c1e07de80d76e56f1d8b0b573ca34	Mock type-strain BLAST	Aspergillus	Aspergillus_fumigatus	k__Fungi; p__Ascomycota; c__Eurotiomycetes; o__Eurotiales; f__Aspergillaceae; g__Aspergillus; s__Aspergillus_fumigatus	fig4_q30_SE_itsxpress_unite_blast_top1_rescue	ITSxpress	SE	SE	ITSxpress
04a58f1fa63710803570b8b5e2d3733e	Mock type-strain BLAST	Aspergillus	Aspergillus_fumigatus	k__Fungi; p__Ascomycota; c__Eurotiomycetes; o__Eurotiales; f__Aspergillaceae; g__Aspergillus; s__Aspergillus_fumigatus	fig4_q30_SE_itsxpress_unite_blast_top1_rescue	ITSxpress	SE	SE	ITSxpress
05d6255f92dbd4b2b793b809c524de21	Mock type-strain BLAST	Cutaneotrichosporon	Cutaneotrichosporon_dermatis	k__Fungi; p__Basidiomycota; c__Tremellomycetes; o__Trichosporonales; f__Trichosporonaceae; g__Cutaneotrichosporon; s__Cutaneotrichosporon_dermatis	fig4_q30_SE_itsxpress_unite_blast_top1_rescue	ITSxpress	SE	SE	ITSxpress
05dcbd64ea8517b09449bf3ddd4a83dd	Mock type-strain BLAST	Malassezia	Malassezia_globosa	k__Fungi; p__Basidiomycota; c__Malasseziomycetes; o__Malasseziales; f__Malasseziaceae; g__Malassezia; s__Malassezia_globosa	fig4_q30_SE_itsxpress_unite_blast_top1_rescue	ITSxpress	SE	SE	ITSxpress
061f5ddd4c902be6adec1f0e62e8f2f4	Mock type-strain BLAST	Cutaneotrichosporon	Cutaneotrichosporon_dermatis	k__Fungi; p__Basidiomycota; c__Tremellomycetes; o__Trichosporonales; f__Trichosporonaceae; g__Cutaneotrichosporon; s__Cutaneotrichosporon_dermatis	fig4_q30_SE_itsxpress_unite_blast_top1_rescue	ITSxpress	SE	SE	ITSxpress
06a0c0a16a03d41b0e21de876ccd4a1a	Mock type-strain BLAST	Cryptococcus	Cryptococcus_neoformans	k__Fungi; p__Basidiomycota; c__Tremellomycetes; o__Tremellales; f__Tremellaceae; g__Cryptococcus; s__Cryptococcus_neoformans	fig4_q30_SE_itsxpress_unite_blast_top1_rescue	ITSxpress	SE	SE	ITSxpress
0adfbaa4d24ec21c5bd7da91cc36bf83	Mock type-strain BLAST	Saccharomyces	Saccharomyces_cerevisiae	k__Fungi; p__Ascomycota; c__Saccharomycetes; o__Saccharomycetales; f__Saccharomycetaceae; g__Saccharomyces; s__Saccharomyces_cerevisiae	fig4_q30_SE_itsxpress_unite_blast_top1_rescue	ITSxpress	SE	SE	ITSxpress
0b16710fc341de52d3db3a987523142b	Mock type-strain BLAST	Aspergillus	Aspergillus_fumigatus	k__Fungi; p__Ascomycota; c__Eurotiomycetes; o__Eurotiales; f__Aspergillaceae; g__Aspergillus; s__Aspergillus_fumigatus	fig4_q30_SE_itsxpress_unite_blast_top1_rescue	ITSxpress	SE	SE	ITSxpress
0d7f1fa221989e0cc733a52a1d979bfa	Mock type-strain BLAST	Fusarium	Fusarium_keratoplasticum	k__Fungi; p__Ascomycota; c__Sordariomycetes; o__Hypocreales; f__Nectriaceae; g__Fusarium; s__Fusarium_keratoplasticum	fig4_q30_SE_itsxpress_unite_blast_top1_rescue	ITSxpress	SE	SE	ITSxpress
0f501f42f168efedff8209067a2ccc06	Mock type-strain BLAST	Cryptococcus	Cryptococcus_neoformans	k__Fungi; p__Basidiomycota; c__Tremellomycetes; o__Tremellales; f__Tremellaceae; g__Cryptococcus; s__Cryptococcus_neoformans	fig4_q30_SE_itsxpress_unite_blast_top1_rescue	ITSxpress	SE	SE	ITSxpress
0f8830963d0007509b4256e7708c4537	Mock type-strain BLAST	Saccharomyces	Saccharomyces_cerevisiae	k__Fungi; p__Ascomycota; c__Saccharomycetes; o__Saccharomycetales; f__Saccharomycetaceae; g__Saccharomyces; s__Saccharomyces_cerevisiae	fig4_q30_SE_itsxpress_unite_blast_top1_rescue	ITSxpress	SE	SE	ITSxpress
0fd1d727176f466547928eba1e93d32c	Mock type-strain BLAST	Malassezia	Malassezia_globosa	k__Fungi; p__Basidiomycota; c__Malasseziomycetes; o__Malasseziales; f__Malasseziaceae; g__Malassezia; s__Malassezia_globosa	fig4_q30_SE_itsxpress_unite_blast_top1_rescue	ITSxpress	SE	SE	ITSxpress
0fdc8bc75eb918dcdf72a96e854a694e	Mock type-strain BLAST	Cryptococcus	Cryptococcus_neoformans	k__Fungi; p__Basidiomycota; c__Tremellomycetes; o__Tremellales; f__Tremellaceae; g__Cryptococcus; s__Cryptococcus_neoformans	fig4_q30_SE_itsxpress_unite_blast_top1_rescue	ITSxpress	SE	SE	ITSxpress
12ae8aec67f6e9580e434bbd62c83dcd	Mock type-strain BLAST	Fusarium	Fusarium_keratoplasticum	k__Fungi; p__Ascomycota; c__Sordariomycetes; o__Hypocreales; f__Nectriaceae; g__Fusarium; s__Fusarium_keratoplasticum	fig4_q30_SE_itsxpress_unite_blast_top1_rescue	ITSxpress	SE	SE	ITSxpress
12c2997f0d90a475f5ebdb10a5bc0738	Mock type-strain BLAST	Saccharomyces	Saccharomyces_cerevisiae	k__Fungi; p__Ascomycota; c__Saccharomycetes; o__Saccharomycetales; f__Saccharomycetaceae; g__Saccharomyces; s__Saccharomyces_cerevisiae	fig4_q30_SE_itsxpress_unite_blast_top1_rescue	ITSxpress	SE	SE	ITSxpress
12da108a541069a69ac639ae2edcd700	Mock type-strain BLAST	Candida	Candida_albicans	k__Fungi; p__Ascomycota; c__Saccharomycetes; o__Saccharomycetales; f__Debaryomycetaceae; g__Candida; s__Candida_albicans	fig4_q30_SE_itsxpress_unite_blast_top1_rescue	ITSxpress	SE	SE	ITSxpress
168e27f59b5437d613141aaa2f916072	Mock type-strain BLAST	Saccharomyces	Saccharomyces_cerevisiae	k__Fungi; p__Ascomycota; c__Saccharomycetes; o__Saccharomycetales; f__Saccharomycetaceae; g__Saccharomyces; s__Saccharomyces_cerevisiae	fig4_q30_SE_itsxpress_unite_blast_top1_rescue	ITSxpress	SE	SE	ITSxpress
16abe59764bca0b5a4207799f0194527	Mock type-strain BLAST	Cryptococcus	Cryptococcus_neoformans	k__Fungi; p__Basidiomycota; c__Tremellomycetes; o__Tremellales; f__Tremellaceae; g__Cryptococcus; s__Cryptococcus_neoformans	fig4_q30_SE_itsxpress_unite_blast_top1_rescue	ITSxpress	SE	SE	ITSxpress
19781955f7dc8059d72ca67fe69742f4	Mock type-strain BLAST	Cryptococcus	Cryptococcus_neoformans	k__Fungi; p__Basidiomycota; c__Tremellomycetes; o__Tremellales; f__Tremellaceae; g__Cryptococcus; s__Cryptococcus_neoformans	fig4_q30_SE_itsxpress_unite_blast_top1_rescue	ITSxpress	SE	SE	ITSxpress
1a3a25327947f82ebb909ce5f5832571	Mock type-strain BLAST	Saccharomyces	Saccharomyces_cerevisiae	k__Fungi; p__Ascomycota; c__Saccharomycetes; o__Saccharomycetales; f__Saccharomycetaceae; g__Saccharomyces; s__Saccharomyces_cerevisiae	fig4_q30_SE_itsxpress_unite_blast_top1_rescue	ITSxpress	SE	SE	ITSxpress
1a947799bb1e2fa52ae4560b796f282e	Mock type-strain BLAST	Nakaseomyces	Nakaseomyces_glabratus	k__Fungi; p__Ascomycota; c__Saccharomycetes; o__Saccharomycetales; f__Saccharomycetaceae; g__Nakaseomyces; s__Nakaseomyces_glabratus	fig4_q30_SE_itsxpress_unite_blast_top1_rescue	ITSxpress	SE	SE	ITSxpress
1aa1322a555933d26756115adcdd8306	Mock type-strain BLAST	Penicillium	Penicillium_chrysogenum	k__Fungi; p__Ascomycota; c__Eurotiomycetes; o__Eurotiales; f__Aspergillaceae; g__Penicillium; s__Penicillium_chrysogenum	fig4_q30_SE_itsxpress_unite_blast_top1_rescue	ITSxpress	SE	SE	ITSxpress
1b0e91eb4d0ab35ac3472b26d4207b8d	Mock type-strain BLAST	Cutaneotrichosporon	Cutaneotrichosporon_dermatis	k__Fungi; p__Basidiomycota; c__Tremellomycetes; o__Trichosporonales; f__Trichosporonaceae; g__Cutaneotrichosporon; s__Cutaneotrichosporon_dermatis	fig4_q30_SE_itsxpress_unite_blast_top1_rescue	ITSxpress	SE	SE	ITSxpress
1dca3eeb6a114d7c75d945b4c787c3c6	Mock type-strain BLAST	Nakaseomyces	Nakaseomyces_glabratus	k__Fungi; p__Ascomycota; c__Saccharomycetes; o__Saccharomycetales; f__Saccharomycetaceae; g__Nakaseomyces; s__Nakaseomyces_glabratus	fig4_q30_SE_itsxpress_unite_blast_top1_rescue	ITSxpress	SE	SE	ITSxpress
1f2562bcd89888cd5dc1ecfc90af6ca5	Mock type-strain BLAST	Cryptococcus	Cryptococcus_neoformans	k__Fungi; p__Basidiomycota; c__Tremellomycetes; o__Tremellales; f__Tremellaceae; g__Cryptococcus; s__Cryptococcus_neoformans	fig4_q30_SE_itsxpress_unite_blast_top1_rescue	ITSxpress	SE	SE	ITSxpress
20737c9d81433cafb2c8d460c8527fc2	Mock type-strain BLAST	Saccharomyces	Saccharomyces_cerevisiae	k__Fungi; p__Ascomycota; c__Saccharomycetes; o__Saccharomycetales; f__Saccharomycetaceae; g__Saccharomyces; s__Saccharomyces_cerevisiae	fig4_q30_SE_itsxpress_unite_blast_top1_rescue	ITSxpress	SE	SE	ITSxpress
221ef287399115b8dae38548c41a71d1	Mock type-strain BLAST	Cryptococcus	Cryptococcus_neoformans	k__Fungi; p__Basidiomycota; c__Tremellomycetes; o__Tremellales; f__Tremellaceae; g__Cryptococcus; s__Cryptococcus_neoformans	fig4_q30_SE_itsxpress_unite_blast_top1_rescue	ITSxpress	SE	SE	ITSxpress
22a3bd58cea56c64d6c04ce292d4536f	Mock type-strain BLAST	Cutaneotrichosporon	Cutaneotrichosporon_dermatis	k__Fungi; p__Basidiomycota; c__Tremellomycetes; o__Trichosporonales; f__Trichosporonaceae; g__Cutaneotrichosporon; s__Cutaneotrichosporon_dermatis	fig4_q30_SE_itsxpress_unite_blast_top1_rescue	ITSxpress	SE	SE	ITSxpress
22e6624e26f54bfb3113b73634ac85ed	Mock type-strain BLAST	Cutaneotrichosporon	Cutaneotrichosporon_dermatis	k__Fungi; p__Basidiomycota; c__Tremellomycetes; o__Trichosporonales; f__Trichosporonaceae; g__Cutaneotrichosporon; s__Cutaneotrichosporon_dermatis	fig4_q30_SE_itsxpress_unite_blast_top1_rescue	ITSxpress	SE	SE	ITSxpress
2502cb3a6108ac2eaa7d36cba4a08694	Mock type-strain BLAST	Fusarium	Fusarium_keratoplasticum	k__Fungi; p__Ascomycota; c__Sordariomycetes; o__Hypocreales; f__Nectriaceae; g__Fusarium; s__Fusarium_keratoplasticum	fig4_q30_SE_itsxpress_unite_blast_top1_rescue	ITSxpress	SE	SE	ITSxpress
287262dba4d69007a0d2f229a8d6e234	Mock type-strain BLAST	Cryptococcus	Cryptococcus_neoformans	k__Fungi; p__Basidiomycota; c__Tremellomycetes; o__Tremellales; f__Tremellaceae; g__Cryptococcus; s__Cryptococcus_neoformans	fig4_q30_SE_itsxpress_unite_blast_top1_rescue	ITSxpress	SE	SE	ITSxpress
29672ac01b5c6750735fed1907ddd347	Mock type-strain BLAST	Cryptococcus	Cryptococcus_neoformans	k__Fungi; p__Basidiomycota; c__Tremellomycetes; o__Tremellales; f__Tremellaceae; g__Cryptococcus; s__Cryptococcus_neoformans	fig4_q30_SE_itsxpress_unite_blast_top1_rescue	ITSxpress	SE	SE	ITSxpress
29ef50e61eafd8ec49fa6292da0e3dca	Mock type-strain BLAST	Cutaneotrichosporon	Cutaneotrichosporon_dermatis	k__Fungi; p__Basidiomycota; c__Tremellomycetes; o__Trichosporonales; f__Trichosporonaceae; g__Cutaneotrichosporon; s__Cutaneotrichosporon_dermatis	fig4_q30_SE_itsxpress_unite_blast_top1_rescue	ITSxpress	SE	SE	ITSxpress
2a03599d48e1a5883a372e8a8261d445	Mock type-strain BLAST	Fusarium	Fusarium_keratoplasticum	k__Fungi; p__Ascomycota; c__Sordariomycetes; o__Hypocreales; f__Nectriaceae; g__Fusarium; s__Fusarium_keratoplasticum	fig4_q30_SE_itsxpress_unite_blast_top1_rescue	ITSxpress	SE	SE	ITSxpress
2b3947738a14174fa55da284e5156ce1	Mock type-strain BLAST	Cryptococcus	Cryptococcus_neoformans	k__Fungi; p__Basidiomycota; c__Tremellomycetes; o__Tremellales; f__Tremellaceae; g__Cryptococcus; s__Cryptococcus_neoformans	fig4_q30_SE_itsxpress_unite_blast_top1_rescue	ITSxpress	SE	SE	ITSxpress
2ce0943ee52455e0ef499cf2ef2d4e04	Mock type-strain BLAST	Penicillium	Penicillium_chrysogenum	k__Fungi; p__Ascomycota; c__Eurotiomycetes; o__Eurotiales; f__Aspergillaceae; g__Penicillium; s__Penicillium_chrysogenum	fig4_q30_SE_itsxpress_unite_blast_top1_rescue	ITSxpress	SE	SE	ITSxpress
2cf4c915f873b95edee25be8e58fb36c	Mock type-strain BLAST	Cutaneotrichosporon	Cutaneotrichosporon_dermatis	k__Fungi; p__Basidiomycota; c__Tremellomycetes; o__Trichosporonales; f__Trichosporonaceae; g__Cutaneotrichosporon; s__Cutaneotrichosporon_dermatis	fig4_q30_SE_itsxpress_unite_blast_top1_rescue	ITSxpress	SE	SE	ITSxpress
2d783fc0a24c9350fd6e4c008ade61f1	Mock type-strain BLAST	Penicillium	Penicillium_chrysogenum	k__Fungi; p__Ascomycota; c__Eurotiomycetes; o__Eurotiales; f__Aspergillaceae; g__Penicillium; s__Penicillium_chrysogenum	fig4_q30_SE_itsxpress_unite_blast_top1_rescue	ITSxpress	SE	SE	ITSxpress
2e73001a9be64e290563c8eec53be808	Mock type-strain BLAST	Saccharomyces	Saccharomyces_cerevisiae	k__Fungi; p__Ascomycota; c__Saccharomycetes; o__Saccharomycetales; f__Saccharomycetaceae; g__Saccharomyces; s__Saccharomyces_cerevisiae	fig4_q30_SE_itsxpress_unite_blast_top1_rescue	ITSxpress	SE	SE	ITSxpress
2f9d7e8bea9501d87407a5e5a59bf89b	Mock type-strain BLAST	Aspergillus	Aspergillus_fumigatus	k__Fungi; p__Ascomycota; c__Eurotiomycetes; o__Eurotiales; f__Aspergillaceae; g__Aspergillus; s__Aspergillus_fumigatus	fig4_q30_SE_itsxpress_unite_blast_top1_rescue	ITSxpress	SE	SE	ITSxpress
30c66d5481541d89952d4ca5765d73bc	Mock type-strain BLAST	Cryptococcus	Cryptococcus_neoformans	k__Fungi; p__Basidiomycota; c__Tremellomycetes; o__Tremellales; f__Tremellaceae; g__Cryptococcus; s__Cryptococcus_neoformans	fig4_q30_SE_itsxpress_unite_blast_top1_rescue	ITSxpress	SE	SE	ITSxpress
31fe6db9ce878dc354cb87b45c498d9e	Mock type-strain BLAST	Trichophyton	Trichophyton_interdigitale	k__Fungi; p__Ascomycota; c__Eurotiomycetes; o__Onygenales; f__Arthrodermataceae; g__Trichophyton; s__Trichophyton_interdigitale	fig4_q30_SE_itsxpress_unite_blast_top1_rescue	ITSxpress	SE	SE	ITSxpress
36461ec46bb917ed47cd574fbefddef4	Mock type-strain BLAST	Fusarium	Fusarium_keratoplasticum	k__Fungi; p__Ascomycota; c__Sordariomycetes; o__Hypocreales; f__Nectriaceae; g__Fusarium; s__Fusarium_keratoplasticum	fig4_q30_SE_itsxpress_unite_blast_top1_rescue	ITSxpress	SE	SE	ITSxpress
387de4923eb7c1950b022e185327224b	Mock type-strain BLAST	Nakaseomyces	Nakaseomyces_glabratus	k__Fungi; p__Ascomycota; c__Saccharomycetes; o__Saccharomycetales; f__Saccharomycetaceae; g__Nakaseomyces; s__Nakaseomyces_glabratus	fig4_q30_SE_itsxpress_unite_blast_top1_rescue	ITSxpress	SE	SE	ITSxpress
3aff115ea9dc889997fec9ab39973349	Mock type-strain BLAST	Cutaneotrichosporon	Cutaneotrichosporon_dermatis	k__Fungi; p__Basidiomycota; c__Tremellomycetes; o__Trichosporonales; f__Trichosporonaceae; g__Cutaneotrichosporon; s__Cutaneotrichosporon_dermatis	fig4_q30_SE_itsxpress_unite_blast_top1_rescue	ITSxpress	SE	SE	ITSxpress
3b1e3bee5d6ff21b4b0c0f956304b8d6	Mock type-strain BLAST	Cutaneotrichosporon	Cutaneotrichosporon_dermatis	k__Fungi; p__Basidiomycota; c__Tremellomycetes; o__Trichosporonales; f__Trichosporonaceae; g__Cutaneotrichosporon; s__Cutaneotrichosporon_dermatis	fig4_q30_SE_itsxpress_unite_blast_top1_rescue	ITSxpress	SE	SE	ITSxpress
3b4804e27a65e63fcb5e309dd023eb58	Mock type-strain BLAST	Cryptococcus	Cryptococcus_neoformans	k__Fungi; p__Basidiomycota; c__Tremellomycetes; o__Tremellales; f__Tremellaceae; g__Cryptococcus; s__Cryptococcus_neoformans	fig4_q30_SE_itsxpress_unite_blast_top1_rescue	ITSxpress	SE	SE	ITSxpress
3c251e4ab957b4744ba14e78227fd569	Mock type-strain BLAST	Aspergillus	Aspergillus_fumigatus	k__Fungi; p__Ascomycota; c__Eurotiomycetes; o__Eurotiales; f__Aspergillaceae; g__Aspergillus; s__Aspergillus_fumigatus	fig4_q30_SE_itsxpress_unite_blast_top1_rescue	ITSxpress	SE	SE	ITSxpress
3ccc75f00bd3d144ceaa0391c4349da4	Mock type-strain BLAST	Malassezia	Malassezia_globosa	k__Fungi; p__Basidiomycota; c__Malasseziomycetes; o__Malasseziales; f__Malasseziaceae; g__Malassezia; s__Malassezia_globosa	fig4_q30_SE_itsxpress_unite_blast_top1_rescue	ITSxpress	SE	SE	ITSxpress
3f44577f73ab9162efce5c7fb027b424	Mock type-strain BLAST	Saccharomyces	Saccharomyces_cerevisiae	k__Fungi; p__Ascomycota; c__Saccharomycetes; o__Saccharomycetales; f__Saccharomycetaceae; g__Saccharomyces; s__Saccharomyces_cerevisiae	fig4_q30_SE_itsxpress_unite_blast_top1_rescue	ITSxpress	SE	SE	ITSxpress
416459bd47d3ee053c27c919d17b7758	Mock type-strain BLAST	Cutaneotrichosporon	Cutaneotrichosporon_dermatis	k__Fungi; p__Basidiomycota; c__Tremellomycetes; o__Trichosporonales; f__Trichosporonaceae; g__Cutaneotrichosporon; s__Cutaneotrichosporon_dermatis	fig4_q30_SE_itsxpress_unite_blast_top1_rescue	ITSxpress	SE	SE	ITSxpress
42d420e7d403c74c113556d3aa5f7d95	Mock type-strain BLAST	Saccharomyces	Saccharomyces_cerevisiae	k__Fungi; p__Ascomycota; c__Saccharomycetes; o__Saccharomycetales; f__Saccharomycetaceae; g__Saccharomyces; s__Saccharomyces_cerevisiae	fig4_q30_SE_itsxpress_unite_blast_top1_rescue	ITSxpress	SE	SE	ITSxpress
4404a71ee8b8a868175be7a2bf9a30df	Mock type-strain BLAST	Cutaneotrichosporon	Cutaneotrichosporon_dermatis	k__Fungi; p__Basidiomycota; c__Tremellomycetes; o__Trichosporonales; f__Trichosporonaceae; g__Cutaneotrichosporon; s__Cutaneotrichosporon_dermatis	fig4_q30_SE_itsxpress_unite_blast_top1_rescue	ITSxpress	SE	SE	ITSxpress
442ab96d28f454ce78c630de3babe890	Mock type-strain BLAST	Cryptococcus	Cryptococcus_neoformans	k__Fungi; p__Basidiomycota; c__Tremellomycetes; o__Tremellales; f__Tremellaceae; g__Cryptococcus; s__Cryptococcus_neoformans	fig4_q30_SE_itsxpress_unite_blast_top1_rescue	ITSxpress	SE	SE	ITSxpress
44a05b01f5f5bea58a5e3a13e14d59fc	Mock type-strain BLAST	Aspergillus	Aspergillus_fumigatus	k__Fungi; p__Ascomycota; c__Eurotiomycetes; o__Eurotiales; f__Aspergillaceae; g__Aspergillus; s__Aspergillus_fumigatus	fig4_q30_SE_itsxpress_unite_blast_top1_rescue	ITSxpress	SE	SE	ITSxpress
44f90264df134259ebc0896303d9a493	Mock type-strain BLAST	Aspergillus	Aspergillus_fumigatus	k__Fungi; p__Ascomycota; c__Eurotiomycetes; o__Eurotiales; f__Aspergillaceae; g__Aspergillus; s__Aspergillus_fumigatus	fig4_q30_SE_itsxpress_unite_blast_top1_rescue	ITSxpress	SE	SE	ITSxpress
461408f78553b3df306b093f8114a076	Mock type-strain BLAST	Trichophyton	Trichophyton_interdigitale	k__Fungi; p__Ascomycota; c__Eurotiomycetes; o__Onygenales; f__Arthrodermataceae; g__Trichophyton; s__Trichophyton_interdigitale	fig4_q30_SE_itsxpress_unite_blast_top1_rescue	ITSxpress	SE	SE	ITSxpress
4633194a0263db268947d953c3df2544	Mock type-strain BLAST	Cryptococcus	Cryptococcus_neoformans	k__Fungi; p__Basidiomycota; c__Tremellomycetes; o__Tremellales; f__Tremellaceae; g__Cryptococcus; s__Cryptococcus_neoformans	fig4_q30_SE_itsxpress_unite_blast_top1_rescue	ITSxpress	SE	SE	ITSxpress
467a1a0fe603e21da0ad3925a4a2040e	Mock type-strain BLAST	Fusarium	Fusarium_keratoplasticum	k__Fungi; p__Ascomycota; c__Sordariomycetes; o__Hypocreales; f__Nectriaceae; g__Fusarium; s__Fusarium_keratoplasticum	fig4_q30_SE_itsxpress_unite_blast_top1_rescue	ITSxpress	SE	SE	ITSxpress
4a9eebc6771e1b0950879ee3dd5c5c70	Mock type-strain BLAST	Penicillium	Penicillium_chrysogenum	k__Fungi; p__Ascomycota; c__Eurotiomycetes; o__Eurotiales; f__Aspergillaceae; g__Penicillium; s__Penicillium_chrysogenum	fig4_q30_SE_itsxpress_unite_blast_top1_rescue	ITSxpress	SE	SE	ITSxpress
4bdd63f3ce013725020177990c0f88b4	Mock type-strain BLAST	Cryptococcus	Cryptococcus_neoformans	k__Fungi; p__Basidiomycota; c__Tremellomycetes; o__Tremellales; f__Tremellaceae; g__Cryptococcus; s__Cryptococcus_neoformans	fig4_q30_SE_itsxpress_unite_blast_top1_rescue	ITSxpress	SE	SE	ITSxpress
4fe0a80f8c4b0a6cfc9a15c0926fd3f1	Mock type-strain BLAST	Fusarium	Fusarium_keratoplasticum	k__Fungi; p__Ascomycota; c__Sordariomycetes; o__Hypocreales; f__Nectriaceae; g__Fusarium; s__Fusarium_keratoplasticum	fig4_q30_SE_itsxpress_unite_blast_top1_rescue	ITSxpress	SE	SE	ITSxpress
508bc8790f22bd6e6e7d77dbf30759fa	Mock type-strain BLAST	Cryptococcus	Cryptococcus_neoformans	k__Fungi; p__Basidiomycota; c__Tremellomycetes; o__Tremellales; f__Tremellaceae; g__Cryptococcus; s__Cryptococcus_neoformans	fig4_q30_SE_itsxpress_unite_blast_top1_rescue	ITSxpress	SE	SE	ITSxpress
53c9feac786c2fec525605f3db4ae987	Mock type-strain BLAST	Penicillium	Penicillium_chrysogenum	k__Fungi; p__Ascomycota; c__Eurotiomycetes; o__Eurotiales; f__Aspergillaceae; g__Penicillium; s__Penicillium_chrysogenum	fig4_q30_SE_itsxpress_unite_blast_top1_rescue	ITSxpress	SE	SE	ITSxpress
54c185729a43db8910321baddfea8807	Mock type-strain BLAST	Cutaneotrichosporon	Cutaneotrichosporon_dermatis	k__Fungi; p__Basidiomycota; c__Tremellomycetes; o__Trichosporonales; f__Trichosporonaceae; g__Cutaneotrichosporon; s__Cutaneotrichosporon_dermatis	fig4_q30_SE_itsxpress_unite_blast_top1_rescue	ITSxpress	SE	SE	ITSxpress
54f44042aa65835826eb2207758c96d9	Mock type-strain BLAST	Aspergillus	Aspergillus_fumigatus	k__Fungi; p__Ascomycota; c__Eurotiomycetes; o__Eurotiales; f__Aspergillaceae; g__Aspergillus; s__Aspergillus_fumigatus	fig4_q30_SE_itsxpress_unite_blast_top1_rescue	ITSxpress	SE	SE	ITSxpress
56bd90154fccd93f3ae9a9c168a3d352	Mock type-strain BLAST	Cutaneotrichosporon	Cutaneotrichosporon_dermatis	k__Fungi; p__Basidiomycota; c__Tremellomycetes; o__Trichosporonales; f__Trichosporonaceae; g__Cutaneotrichosporon; s__Cutaneotrichosporon_dermatis	fig4_q30_SE_itsxpress_unite_blast_top1_rescue	ITSxpress	SE	SE	ITSxpress
56dd3123fef44895b66ffa154dcef3fd	Mock type-strain BLAST	Cryptococcus	Cryptococcus_neoformans	k__Fungi; p__Basidiomycota; c__Tremellomycetes; o__Tremellales; f__Tremellaceae; g__Cryptococcus; s__Cryptococcus_neoformans	fig4_q30_SE_itsxpress_unite_blast_top1_rescue	ITSxpress	SE	SE	ITSxpress
57dff5e5f62d238d6f055b37452ac823	Mock type-strain BLAST	Saccharomyces	Saccharomyces_cerevisiae	k__Fungi; p__Ascomycota; c__Saccharomycetes; o__Saccharomycetales; f__Saccharomycetaceae; g__Saccharomyces; s__Saccharomyces_cerevisiae	fig4_q30_SE_itsxpress_unite_blast_top1_rescue	ITSxpress	SE	SE	ITSxpress
5abc90d2b893634cb4e369cb1b289c56	Mock type-strain BLAST	Cutaneotrichosporon	Cutaneotrichosporon_dermatis	k__Fungi; p__Basidiomycota; c__Tremellomycetes; o__Trichosporonales; f__Trichosporonaceae; g__Cutaneotrichosporon; s__Cutaneotrichosporon_dermatis	fig4_q30_SE_itsxpress_unite_blast_top1_rescue	ITSxpress	SE	SE	ITSxpress
5bca0c643641a8a1dc9257cb476a4350	Mock type-strain BLAST	Cryptococcus	Cryptococcus_neoformans	k__Fungi; p__Basidiomycota; c__Tremellomycetes; o__Tremellales; f__Tremellaceae; g__Cryptococcus; s__Cryptococcus_neoformans	fig4_q30_SE_itsxpress_unite_blast_top1_rescue	ITSxpress	SE	SE	ITSxpress
5c3158d98ae7185c37026511e5dbdb2c	Mock type-strain BLAST	Penicillium	Penicillium_chrysogenum	k__Fungi; p__Ascomycota; c__Eurotiomycetes; o__Eurotiales; f__Aspergillaceae; g__Penicillium; s__Penicillium_chrysogenum	fig4_q30_SE_itsxpress_unite_blast_top1_rescue	ITSxpress	SE	SE	ITSxpress
5c36e4197af8694525d815e3fcfb8e1b	Mock type-strain BLAST	Cutaneotrichosporon	Cutaneotrichosporon_dermatis	k__Fungi; p__Basidiomycota; c__Tremellomycetes; o__Trichosporonales; f__Trichosporonaceae; g__Cutaneotrichosporon; s__Cutaneotrichosporon_dermatis	fig4_q30_SE_itsxpress_unite_blast_top1_rescue	ITSxpress	SE	SE	ITSxpress
5caba2baca9ecddfad50b0b99c30129a	Mock type-strain BLAST	Cutaneotrichosporon	Cutaneotrichosporon_dermatis	k__Fungi; p__Basidiomycota; c__Tremellomycetes; o__Trichosporonales; f__Trichosporonaceae; g__Cutaneotrichosporon; s__Cutaneotrichosporon_dermatis	fig4_q30_SE_itsxpress_unite_blast_top1_rescue	ITSxpress	SE	SE	ITSxpress
5cf59bf73d9d0377920b66b458d34daa	Mock type-strain BLAST	Cryptococcus	Cryptococcus_neoformans	k__Fungi; p__Basidiomycota; c__Tremellomycetes; o__Tremellales; f__Tremellaceae; g__Cryptococcus; s__Cryptococcus_neoformans	fig4_q30_SE_itsxpress_unite_blast_top1_rescue	ITSxpress	SE	SE	ITSxpress
5db7d119f68cc612f70048a57d68fc13	Mock type-strain BLAST	Cryptococcus	Cryptococcus_neoformans	k__Fungi; p__Basidiomycota; c__Tremellomycetes; o__Tremellales; f__Tremellaceae; g__Cryptococcus; s__Cryptococcus_neoformans	fig4_q30_SE_itsxpress_unite_blast_top1_rescue	ITSxpress	SE	SE	ITSxpress
5dc59752d7c7ad5bdc3b142a17e36f9d	Mock type-strain BLAST	Cutaneotrichosporon	Cutaneotrichosporon_dermatis	k__Fungi; p__Basidiomycota; c__Tremellomycetes; o__Trichosporonales; f__Trichosporonaceae; g__Cutaneotrichosporon; s__Cutaneotrichosporon_dermatis	fig4_q30_SE_itsxpress_unite_blast_top1_rescue	ITSxpress	SE	SE	ITSxpress
5ff4ba68c58f439132951ac2836f4148	Mock type-strain BLAST	Cryptococcus	Cryptococcus_neoformans	k__Fungi; p__Basidiomycota; c__Tremellomycetes; o__Tremellales; f__Tremellaceae; g__Cryptococcus; s__Cryptococcus_neoformans	fig4_q30_SE_itsxpress_unite_blast_top1_rescue	ITSxpress	SE	SE	ITSxpress
6092927047fe7a692354e4fd7c745e4c	Mock type-strain BLAST	Cutaneotrichosporon	Cutaneotrichosporon_dermatis	k__Fungi; p__Basidiomycota; c__Tremellomycetes; o__Trichosporonales; f__Trichosporonaceae; g__Cutaneotrichosporon; s__Cutaneotrichosporon_dermatis	fig4_q30_SE_itsxpress_unite_blast_top1_rescue	ITSxpress	SE	SE	ITSxpress
60c4503cc5091926c0fe5039f5800884	Mock type-strain BLAST	Cryptococcus	Cryptococcus_neoformans	k__Fungi; p__Basidiomycota; c__Tremellomycetes; o__Tremellales; f__Tremellaceae; g__Cryptococcus; s__Cryptococcus_neoformans	fig4_q30_SE_itsxpress_unite_blast_top1_rescue	ITSxpress	SE	SE	ITSxpress
61126afa4733fbaeff0e31a74c4e98ba	Mock type-strain BLAST	Fusarium	Fusarium_keratoplasticum	k__Fungi; p__Ascomycota; c__Sordariomycetes; o__Hypocreales; f__Nectriaceae; g__Fusarium; s__Fusarium_keratoplasticum	fig4_q30_SE_itsxpress_unite_blast_top1_rescue	ITSxpress	SE	SE	ITSxpress
61352d1986de0e531503621118f45b90	Mock type-strain BLAST	Cryptococcus	Cryptococcus_neoformans	k__Fungi; p__Basidiomycota; c__Tremellomycetes; o__Tremellales; f__Tremellaceae; g__Cryptococcus; s__Cryptococcus_neoformans	fig4_q30_SE_itsxpress_unite_blast_top1_rescue	ITSxpress	SE	SE	ITSxpress
6143c50035fe5fc5272475693b56bdf1	Mock type-strain BLAST	Candida	Candida_albicans	k__Fungi; p__Ascomycota; c__Saccharomycetes; o__Saccharomycetales; f__Debaryomycetaceae; g__Candida; s__Candida_albicans	fig4_q30_SE_itsxpress_unite_blast_top1_rescue	ITSxpress	SE	SE	ITSxpress
64a421accf97b206b9b5685b98f5362b	Mock type-strain BLAST	Cryptococcus	Cryptococcus_neoformans	k__Fungi; p__Basidiomycota; c__Tremellomycetes; o__Tremellales; f__Tremellaceae; g__Cryptococcus; s__Cryptococcus_neoformans	fig4_q30_SE_itsxpress_unite_blast_top1_rescue	ITSxpress	SE	SE	ITSxpress
64ff5d05e3dad56364385a586b8236d4	Mock type-strain BLAST	Nakaseomyces	Nakaseomyces_glabratus	k__Fungi; p__Ascomycota; c__Saccharomycetes; o__Saccharomycetales; f__Saccharomycetaceae; g__Nakaseomyces; s__Nakaseomyces_glabratus	fig4_q30_SE_itsxpress_unite_blast_top1_rescue	ITSxpress	SE	SE	ITSxpress
668fa3bfa87c1f99cd925cf397f33b9d	Mock type-strain BLAST	Cutaneotrichosporon	Cutaneotrichosporon_dermatis	k__Fungi; p__Basidiomycota; c__Tremellomycetes; o__Trichosporonales; f__Trichosporonaceae; g__Cutaneotrichosporon; s__Cutaneotrichosporon_dermatis	fig4_q30_SE_itsxpress_unite_blast_top1_rescue	ITSxpress	SE	SE	ITSxpress
66c79def06f0cc568a831f7334ed3eda	Mock type-strain BLAST	Cryptococcus	Cryptococcus_neoformans	k__Fungi; p__Basidiomycota; c__Tremellomycetes; o__Tremellales; f__Tremellaceae; g__Cryptococcus; s__Cryptococcus_neoformans	fig4_q30_SE_itsxpress_unite_blast_top1_rescue	ITSxpress	SE	SE	ITSxpress
676abaa08ae3e87d0d6ca4eec8171cb4	Mock type-strain BLAST	Cryptococcus	Cryptococcus_neoformans	k__Fungi; p__Basidiomycota; c__Tremellomycetes; o__Tremellales; f__Tremellaceae; g__Cryptococcus; s__Cryptococcus_neoformans	fig4_q30_SE_itsxpress_unite_blast_top1_rescue	ITSxpress	SE	SE	ITSxpress
67ac12c36ed74bf4b2ab4e260b63d49b	Mock type-strain BLAST	Cutaneotrichosporon	Cutaneotrichosporon_dermatis	k__Fungi; p__Basidiomycota; c__Tremellomycetes; o__Trichosporonales; f__Trichosporonaceae; g__Cutaneotrichosporon; s__Cutaneotrichosporon_dermatis	fig4_q30_SE_itsxpress_unite_blast_top1_rescue	ITSxpress	SE	SE	ITSxpress
68dabd57307987843582c72e68a2476d	Mock type-strain BLAST	Cutaneotrichosporon	Cutaneotrichosporon_dermatis	k__Fungi; p__Basidiomycota; c__Tremellomycetes; o__Trichosporonales; f__Trichosporonaceae; g__Cutaneotrichosporon; s__Cutaneotrichosporon_dermatis	fig4_q30_SE_itsxpress_unite_blast_top1_rescue	ITSxpress	SE	SE	ITSxpress
69d7a7d7c05039ce3b5be70ffacc089f	Mock type-strain BLAST	Fusarium	Fusarium_keratoplasticum	k__Fungi; p__Ascomycota; c__Sordariomycetes; o__Hypocreales; f__Nectriaceae; g__Fusarium; s__Fusarium_keratoplasticum	fig4_q30_SE_itsxpress_unite_blast_top1_rescue	ITSxpress	SE	SE	ITSxpress
6a0e3aee96bfc2772cd53575935a9820	Mock type-strain BLAST	Aspergillus	Aspergillus_fumigatus	k__Fungi; p__Ascomycota; c__Eurotiomycetes; o__Eurotiales; f__Aspergillaceae; g__Aspergillus; s__Aspergillus_fumigatus	fig4_q30_SE_itsxpress_unite_blast_top1_rescue	ITSxpress	SE	SE	ITSxpress
6a61a350e7bb425e4a7e3b25c45451ba	Mock type-strain BLAST	Cryptococcus	Cryptococcus_neoformans	k__Fungi; p__Basidiomycota; c__Tremellomycetes; o__Tremellales; f__Tremellaceae; g__Cryptococcus; s__Cryptococcus_neoformans	fig4_q30_SE_itsxpress_unite_blast_top1_rescue	ITSxpress	SE	SE	ITSxpress
6a6ced4c67f0e53846c66a3878c89679	Mock type-strain BLAST	Cryptococcus	Cryptococcus_neoformans	k__Fungi; p__Basidiomycota; c__Tremellomycetes; o__Tremellales; f__Tremellaceae; g__Cryptococcus; s__Cryptococcus_neoformans	fig4_q30_SE_itsxpress_unite_blast_top1_rescue	ITSxpress	SE	SE	ITSxpress
6ad6916c8792e0521d8ebf5ef3aeed16	Mock type-strain BLAST	Trichophyton	Trichophyton_interdigitale	k__Fungi; p__Ascomycota; c__Eurotiomycetes; o__Onygenales; f__Arthrodermataceae; g__Trichophyton; s__Trichophyton_interdigitale	fig4_q30_SE_itsxpress_unite_blast_top1_rescue	ITSxpress	SE	SE	ITSxpress
6bc0377ff54d84a0270fdb17ac5ddf05	Mock type-strain BLAST	Malassezia	Malassezia_globosa	k__Fungi; p__Basidiomycota; c__Malasseziomycetes; o__Malasseziales; f__Malasseziaceae; g__Malassezia; s__Malassezia_globosa	fig4_q30_SE_itsxpress_unite_blast_top1_rescue	ITSxpress	SE	SE	ITSxpress
6e798e8bc9548a371c93ba316db79db7	Mock type-strain BLAST	Cutaneotrichosporon	Cutaneotrichosporon_dermatis	k__Fungi; p__Basidiomycota; c__Tremellomycetes; o__Trichosporonales; f__Trichosporonaceae; g__Cutaneotrichosporon; s__Cutaneotrichosporon_dermatis	fig4_q30_SE_itsxpress_unite_blast_top1_rescue	ITSxpress	SE	SE	ITSxpress
6f34c4e55147d909ea49aec08ad12131	Mock type-strain BLAST	Nakaseomyces	Nakaseomyces_glabratus	k__Fungi; p__Ascomycota; c__Saccharomycetes; o__Saccharomycetales; f__Saccharomycetaceae; g__Nakaseomyces; s__Nakaseomyces_glabratus	fig4_q30_SE_itsxpress_unite_blast_top1_rescue	ITSxpress	SE	SE	ITSxpress
70025ad4639606e16dea1984c10d1e5f	Mock type-strain BLAST	Cryptococcus	Cryptococcus_neoformans	k__Fungi; p__Basidiomycota; c__Tremellomycetes; o__Tremellales; f__Tremellaceae; g__Cryptococcus; s__Cryptococcus_neoformans	fig4_q30_SE_itsxpress_unite_blast_top1_rescue	ITSxpress	SE	SE	ITSxpress
7427e344a3b803c9806e8626c0012ce9	Mock type-strain BLAST	Cutaneotrichosporon	Cutaneotrichosporon_dermatis	k__Fungi; p__Basidiomycota; c__Tremellomycetes; o__Trichosporonales; f__Trichosporonaceae; g__Cutaneotrichosporon; s__Cutaneotrichosporon_dermatis	fig4_q30_SE_itsxpress_unite_blast_top1_rescue	ITSxpress	SE	SE	ITSxpress
7786a01bd4219ab71a63750426db7244	Mock type-strain BLAST	Cryptococcus	Cryptococcus_neoformans	k__Fungi; p__Basidiomycota; c__Tremellomycetes; o__Tremellales; f__Tremellaceae; g__Cryptococcus; s__Cryptococcus_neoformans	fig4_q30_SE_itsxpress_unite_blast_top1_rescue	ITSxpress	SE	SE	ITSxpress
78f1ff03d895408d0bbfc76f894befec	Mock type-strain BLAST	Aspergillus	Aspergillus_fumigatus	k__Fungi; p__Ascomycota; c__Eurotiomycetes; o__Eurotiales; f__Aspergillaceae; g__Aspergillus; s__Aspergillus_fumigatus	fig4_q30_SE_itsxpress_unite_blast_top1_rescue	ITSxpress	SE	SE	ITSxpress
79267446d41d9eede7d4641c3f59b86e	Mock type-strain BLAST	Cryptococcus	Cryptococcus_neoformans	k__Fungi; p__Basidiomycota; c__Tremellomycetes; o__Tremellales; f__Tremellaceae; g__Cryptococcus; s__Cryptococcus_neoformans	fig4_q30_SE_itsxpress_unite_blast_top1_rescue	ITSxpress	SE	SE	ITSxpress
7b0c2826eb7474c7abe104a585597010	Mock type-strain BLAST	Fusarium	Fusarium_keratoplasticum	k__Fungi; p__Ascomycota; c__Sordariomycetes; o__Hypocreales; f__Nectriaceae; g__Fusarium; s__Fusarium_keratoplasticum	fig4_q30_SE_itsxpress_unite_blast_top1_rescue	ITSxpress	SE	SE	ITSxpress
7bae5c3eda249b5e319a1c10b526375b	Mock type-strain BLAST	Penicillium	Penicillium_chrysogenum	k__Fungi; p__Ascomycota; c__Eurotiomycetes; o__Eurotiales; f__Aspergillaceae; g__Penicillium; s__Penicillium_chrysogenum	fig4_q30_SE_itsxpress_unite_blast_top1_rescue	ITSxpress	SE	SE	ITSxpress
7bcfb3ade16f38b45a1df52d34d64c4e	Mock type-strain BLAST	Cutaneotrichosporon	Cutaneotrichosporon_dermatis	k__Fungi; p__Basidiomycota; c__Tremellomycetes; o__Trichosporonales; f__Trichosporonaceae; g__Cutaneotrichosporon; s__Cutaneotrichosporon_dermatis	fig4_q30_SE_itsxpress_unite_blast_top1_rescue	ITSxpress	SE	SE	ITSxpress
8030ebf24e656af8149aa73dc4f958ea	Mock type-strain BLAST	Cryptococcus	Cryptococcus_neoformans	k__Fungi; p__Basidiomycota; c__Tremellomycetes; o__Tremellales; f__Tremellaceae; g__Cryptococcus; s__Cryptococcus_neoformans	fig4_q30_SE_itsxpress_unite_blast_top1_rescue	ITSxpress	SE	SE	ITSxpress
80656d9a953b600388a8d5b3284216b9	Mock type-strain BLAST	Candida	Candida_albicans	k__Fungi; p__Ascomycota; c__Saccharomycetes; o__Saccharomycetales; f__Debaryomycetaceae; g__Candida; s__Candida_albicans	fig4_q30_SE_itsxpress_unite_blast_top1_rescue	ITSxpress	SE	SE	ITSxpress
816f82f1c4b9b20db5c8823dd52cb136	Mock type-strain BLAST	Cryptococcus	Cryptococcus_neoformans	k__Fungi; p__Basidiomycota; c__Tremellomycetes; o__Tremellales; f__Tremellaceae; g__Cryptococcus; s__Cryptococcus_neoformans	fig4_q30_SE_itsxpress_unite_blast_top1_rescue	ITSxpress	SE	SE	ITSxpress
826fd5dc6426f46bdf51bdc001f5e8f4	Mock type-strain BLAST	Saccharomyces	Saccharomyces_cerevisiae	k__Fungi; p__Ascomycota; c__Saccharomycetes; o__Saccharomycetales; f__Saccharomycetaceae; g__Saccharomyces; s__Saccharomyces_cerevisiae	fig4_q30_SE_itsxpress_unite_blast_top1_rescue	ITSxpress	SE	SE	ITSxpress
83655ec6fed41d9301498ede33f9fe72	Mock type-strain BLAST	Cryptococcus	Cryptococcus_neoformans	k__Fungi; p__Basidiomycota; c__Tremellomycetes; o__Tremellales; f__Tremellaceae; g__Cryptococcus; s__Cryptococcus_neoformans	fig4_q30_SE_itsxpress_unite_blast_top1_rescue	ITSxpress	SE	SE	ITSxpress
838e5d450e7b14351a28fa2e38461e84	Mock type-strain BLAST	Cryptococcus	Cryptococcus_neoformans	k__Fungi; p__Basidiomycota; c__Tremellomycetes; o__Tremellales; f__Tremellaceae; g__Cryptococcus; s__Cryptococcus_neoformans	fig4_q30_SE_itsxpress_unite_blast_top1_rescue	ITSxpress	SE	SE	ITSxpress
83da93600831577d6f76875ba26d9661	Mock type-strain BLAST	Nakaseomyces	Nakaseomyces_glabratus	k__Fungi; p__Ascomycota; c__Saccharomycetes; o__Saccharomycetales; f__Saccharomycetaceae; g__Nakaseomyces; s__Nakaseomyces_glabratus	fig4_q30_SE_itsxpress_unite_blast_top1_rescue	ITSxpress	SE	SE	ITSxpress
8424931b6de8bfc1cc5bc36b87754fe9	Mock type-strain BLAST	Cutaneotrichosporon	Cutaneotrichosporon_dermatis	k__Fungi; p__Basidiomycota; c__Tremellomycetes; o__Trichosporonales; f__Trichosporonaceae; g__Cutaneotrichosporon; s__Cutaneotrichosporon_dermatis	fig4_q30_SE_itsxpress_unite_blast_top1_rescue	ITSxpress	SE	SE	ITSxpress
88bfe70998cfd35a12a909620792688a	Mock type-strain BLAST	Penicillium	Penicillium_chrysogenum	k__Fungi; p__Ascomycota; c__Eurotiomycetes; o__Eurotiales; f__Aspergillaceae; g__Penicillium; s__Penicillium_chrysogenum	fig4_q30_SE_itsxpress_unite_blast_top1_rescue	ITSxpress	SE	SE	ITSxpress
897a37c049e111f2e2792037d2fc6c37	Mock type-strain BLAST	Cryptococcus	Cryptococcus_neoformans	k__Fungi; p__Basidiomycota; c__Tremellomycetes; o__Tremellales; f__Tremellaceae; g__Cryptococcus; s__Cryptococcus_neoformans	fig4_q30_SE_itsxpress_unite_blast_top1_rescue	ITSxpress	SE	SE	ITSxpress
8a99e0cf4cc750c183d0799756d96ad0	Mock type-strain BLAST	Saccharomyces	Saccharomyces_cerevisiae	k__Fungi; p__Ascomycota; c__Saccharomycetes; o__Saccharomycetales; f__Saccharomycetaceae; g__Saccharomyces; s__Saccharomyces_cerevisiae	fig4_q30_SE_itsxpress_unite_blast_top1_rescue	ITSxpress	SE	SE	ITSxpress
8e0a7cf611e2ea31a051956de91b5e05	Mock type-strain BLAST	Cutaneotrichosporon	Cutaneotrichosporon_dermatis	k__Fungi; p__Basidiomycota; c__Tremellomycetes; o__Trichosporonales; f__Trichosporonaceae; g__Cutaneotrichosporon; s__Cutaneotrichosporon_dermatis	fig4_q30_SE_itsxpress_unite_blast_top1_rescue	ITSxpress	SE	SE	ITSxpress
8e25974e8e7a661b1c1d180b4101cfce	Mock type-strain BLAST	Cryptococcus	Cryptococcus_neoformans	k__Fungi; p__Basidiomycota; c__Tremellomycetes; o__Tremellales; f__Tremellaceae; g__Cryptococcus; s__Cryptococcus_neoformans	fig4_q30_SE_itsxpress_unite_blast_top1_rescue	ITSxpress	SE	SE	ITSxpress
8f430b4358071fffd96016bca9f08ac0	Mock type-strain BLAST	Cutaneotrichosporon	Cutaneotrichosporon_dermatis	k__Fungi; p__Basidiomycota; c__Tremellomycetes; o__Trichosporonales; f__Trichosporonaceae; g__Cutaneotrichosporon; s__Cutaneotrichosporon_dermatis	fig4_q30_SE_itsxpress_unite_blast_top1_rescue	ITSxpress	SE	SE	ITSxpress
8f49b9d94608f4db3a83e066440a1940	Mock type-strain BLAST	Saccharomyces	Saccharomyces_cerevisiae	k__Fungi; p__Ascomycota; c__Saccharomycetes; o__Saccharomycetales; f__Saccharomycetaceae; g__Saccharomyces; s__Saccharomyces_cerevisiae	fig4_q30_SE_itsxpress_unite_blast_top1_rescue	ITSxpress	SE	SE	ITSxpress
90a30f03ca37989d3320d5abf225636d	Mock type-strain BLAST	Penicillium	Penicillium_chrysogenum	k__Fungi; p__Ascomycota; c__Eurotiomycetes; o__Eurotiales; f__Aspergillaceae; g__Penicillium; s__Penicillium_chrysogenum	fig4_q30_SE_itsxpress_unite_blast_top1_rescue	ITSxpress	SE	SE	ITSxpress
913d6a6c7d51c84d30e4c47c884c6d07	Mock type-strain BLAST	Fusarium	Fusarium_keratoplasticum	k__Fungi; p__Ascomycota; c__Sordariomycetes; o__Hypocreales; f__Nectriaceae; g__Fusarium; s__Fusarium_keratoplasticum	fig4_q30_SE_itsxpress_unite_blast_top1_rescue	ITSxpress	SE	SE	ITSxpress
91ed5a72b201f13a385a89abeee5e191	Mock type-strain BLAST	Penicillium	Penicillium_chrysogenum	k__Fungi; p__Ascomycota; c__Eurotiomycetes; o__Eurotiales; f__Aspergillaceae; g__Penicillium; s__Penicillium_chrysogenum	fig4_q30_SE_itsxpress_unite_blast_top1_rescue	ITSxpress	SE	SE	ITSxpress
921f876dd61c8fdd639a56fbb16d7b6c	Mock type-strain BLAST	Aspergillus	Aspergillus_fumigatus	k__Fungi; p__Ascomycota; c__Eurotiomycetes; o__Eurotiales; f__Aspergillaceae; g__Aspergillus; s__Aspergillus_fumigatus	fig4_q30_SE_itsxpress_unite_blast_top1_rescue	ITSxpress	SE	SE	ITSxpress
92773ca624ac5e50008077f8db4af76f	Mock type-strain BLAST	Cryptococcus	Cryptococcus_neoformans	k__Fungi; p__Basidiomycota; c__Tremellomycetes; o__Tremellales; f__Tremellaceae; g__Cryptococcus; s__Cryptococcus_neoformans	fig4_q30_SE_itsxpress_unite_blast_top1_rescue	ITSxpress	SE	SE	ITSxpress
930b8a3cd5c6bff069c9063a99cd4afc	Mock type-strain BLAST	Cutaneotrichosporon	Cutaneotrichosporon_dermatis	k__Fungi; p__Basidiomycota; c__Tremellomycetes; o__Trichosporonales; f__Trichosporonaceae; g__Cutaneotrichosporon; s__Cutaneotrichosporon_dermatis	fig4_q30_SE_itsxpress_unite_blast_top1_rescue	ITSxpress	SE	SE	ITSxpress
950d50b0de25bc9dca465fb972fc90ce	Mock type-strain BLAST	Cutaneotrichosporon	Cutaneotrichosporon_dermatis	k__Fungi; p__Basidiomycota; c__Tremellomycetes; o__Trichosporonales; f__Trichosporonaceae; g__Cutaneotrichosporon; s__Cutaneotrichosporon_dermatis	fig4_q30_SE_itsxpress_unite_blast_top1_rescue	ITSxpress	SE	SE	ITSxpress
97453ab30a3666143045f217f306c8ce	Mock type-strain BLAST	Cutaneotrichosporon	Cutaneotrichosporon_dermatis	k__Fungi; p__Basidiomycota; c__Tremellomycetes; o__Trichosporonales; f__Trichosporonaceae; g__Cutaneotrichosporon; s__Cutaneotrichosporon_dermatis	fig4_q30_SE_itsxpress_unite_blast_top1_rescue	ITSxpress	SE	SE	ITSxpress
98668f2433cc3fdfcf3c34e11d1ba521	Mock type-strain BLAST	Trichophyton	Trichophyton_interdigitale	k__Fungi; p__Ascomycota; c__Eurotiomycetes; o__Onygenales; f__Arthrodermataceae; g__Trichophyton; s__Trichophyton_interdigitale	fig4_q30_SE_itsxpress_unite_blast_top1_rescue	ITSxpress	SE	SE	ITSxpress
98906e38db8e05a595f3c0efb3021003	Mock type-strain BLAST	Penicillium	Penicillium_chrysogenum	k__Fungi; p__Ascomycota; c__Eurotiomycetes; o__Eurotiales; f__Aspergillaceae; g__Penicillium; s__Penicillium_chrysogenum	fig4_q30_SE_itsxpress_unite_blast_top1_rescue	ITSxpress	SE	SE	ITSxpress
98931596f0356707dc1093ebb37e9669	Mock type-strain BLAST	Cryptococcus	Cryptococcus_neoformans	k__Fungi; p__Basidiomycota; c__Tremellomycetes; o__Tremellales; f__Tremellaceae; g__Cryptococcus; s__Cryptococcus_neoformans	fig4_q30_SE_itsxpress_unite_blast_top1_rescue	ITSxpress	SE	SE	ITSxpress
99db2e59f1430fe920de9f1dfaf6827b	Mock type-strain BLAST	Cryptococcus	Cryptococcus_neoformans	k__Fungi; p__Basidiomycota; c__Tremellomycetes; o__Tremellales; f__Tremellaceae; g__Cryptococcus; s__Cryptococcus_neoformans	fig4_q30_SE_itsxpress_unite_blast_top1_rescue	ITSxpress	SE	SE	ITSxpress
99e63fe25fa4ee8bc4e2a4bcd0ad77fa	Mock type-strain BLAST	Nakaseomyces	Nakaseomyces_glabratus	k__Fungi; p__Ascomycota; c__Saccharomycetes; o__Saccharomycetales; f__Saccharomycetaceae; g__Nakaseomyces; s__Nakaseomyces_glabratus	fig4_q30_SE_itsxpress_unite_blast_top1_rescue	ITSxpress	SE	SE	ITSxpress
9a5e816b64a377469b4612b58111273e	Mock type-strain BLAST	Cryptococcus	Cryptococcus_neoformans	k__Fungi; p__Basidiomycota; c__Tremellomycetes; o__Tremellales; f__Tremellaceae; g__Cryptococcus; s__Cryptococcus_neoformans	fig4_q30_SE_itsxpress_unite_blast_top1_rescue	ITSxpress	SE	SE	ITSxpress
9b348dda321c3c7240c36962ca827b97	Mock type-strain BLAST	Saccharomyces	Saccharomyces_cerevisiae	k__Fungi; p__Ascomycota; c__Saccharomycetes; o__Saccharomycetales; f__Saccharomycetaceae; g__Saccharomyces; s__Saccharomyces_cerevisiae	fig4_q30_SE_itsxpress_unite_blast_top1_rescue	ITSxpress	SE	SE	ITSxpress
9e0921e5bbd7ecf4d47f5134c8ca0d2a	Mock type-strain BLAST	Penicillium	Penicillium_chrysogenum	k__Fungi; p__Ascomycota; c__Eurotiomycetes; o__Eurotiales; f__Aspergillaceae; g__Penicillium; s__Penicillium_chrysogenum	fig4_q30_SE_itsxpress_unite_blast_top1_rescue	ITSxpress	SE	SE	ITSxpress
9e9aed34ec9b46ddf8b4be25bd081d10	Mock type-strain BLAST	Penicillium	Penicillium_chrysogenum	k__Fungi; p__Ascomycota; c__Eurotiomycetes; o__Eurotiales; f__Aspergillaceae; g__Penicillium; s__Penicillium_chrysogenum	fig4_q30_SE_itsxpress_unite_blast_top1_rescue	ITSxpress	SE	SE	ITSxpress
a0ccfed95b0637c91f74ee17fd6e7627	Mock type-strain BLAST	Penicillium	Penicillium_chrysogenum	k__Fungi; p__Ascomycota; c__Eurotiomycetes; o__Eurotiales; f__Aspergillaceae; g__Penicillium; s__Penicillium_chrysogenum	fig4_q30_SE_itsxpress_unite_blast_top1_rescue	ITSxpress	SE	SE	ITSxpress
a52cdca0457164d0daa612a0ea60543e	Mock type-strain BLAST	Cutaneotrichosporon	Cutaneotrichosporon_dermatis	k__Fungi; p__Basidiomycota; c__Tremellomycetes; o__Trichosporonales; f__Trichosporonaceae; g__Cutaneotrichosporon; s__Cutaneotrichosporon_dermatis	fig4_q30_SE_itsxpress_unite_blast_top1_rescue	ITSxpress	SE	SE	ITSxpress
a5a3ef9cd6b81c4902db04c8fbf42ada	Mock type-strain BLAST	Cryptococcus	Cryptococcus_neoformans	k__Fungi; p__Basidiomycota; c__Tremellomycetes; o__Tremellales; f__Tremellaceae; g__Cryptococcus; s__Cryptococcus_neoformans	fig4_q30_SE_itsxpress_unite_blast_top1_rescue	ITSxpress	SE	SE	ITSxpress
a6f2328646e39b677ef9b36fb9d0fe1f	Mock type-strain BLAST	Cutaneotrichosporon	Cutaneotrichosporon_dermatis	k__Fungi; p__Basidiomycota; c__Tremellomycetes; o__Trichosporonales; f__Trichosporonaceae; g__Cutaneotrichosporon; s__Cutaneotrichosporon_dermatis	fig4_q30_SE_itsxpress_unite_blast_top1_rescue	ITSxpress	SE	SE	ITSxpress
a8471a97a89292ee71b9e346420d69e1	Mock type-strain BLAST	Aspergillus	Aspergillus_fumigatus	k__Fungi; p__Ascomycota; c__Eurotiomycetes; o__Eurotiales; f__Aspergillaceae; g__Aspergillus; s__Aspergillus_fumigatus	fig4_q30_SE_itsxpress_unite_blast_top1_rescue	ITSxpress	SE	SE	ITSxpress
a9862003c339ee2dd8dbc924014edc86	Mock type-strain BLAST	Cryptococcus	Cryptococcus_neoformans	k__Fungi; p__Basidiomycota; c__Tremellomycetes; o__Tremellales; f__Tremellaceae; g__Cryptococcus; s__Cryptococcus_neoformans	fig4_q30_SE_itsxpress_unite_blast_top1_rescue	ITSxpress	SE	SE	ITSxpress
ab0d77b1519583edbf1bed05b8691759	Mock type-strain BLAST	Cryptococcus	Cryptococcus_neoformans	k__Fungi; p__Basidiomycota; c__Tremellomycetes; o__Tremellales; f__Tremellaceae; g__Cryptococcus; s__Cryptococcus_neoformans	fig4_q30_SE_itsxpress_unite_blast_top1_rescue	ITSxpress	SE	SE	ITSxpress
abc7679572c0b1ba3de8661e079cb062	Mock type-strain BLAST	Cutaneotrichosporon	Cutaneotrichosporon_dermatis	k__Fungi; p__Basidiomycota; c__Tremellomycetes; o__Trichosporonales; f__Trichosporonaceae; g__Cutaneotrichosporon; s__Cutaneotrichosporon_dermatis	fig4_q30_SE_itsxpress_unite_blast_top1_rescue	ITSxpress	SE	SE	ITSxpress
ac2a41d13de2fdfe15a3f03b5f738401	Mock type-strain BLAST	Cryptococcus	Cryptococcus_neoformans	k__Fungi; p__Basidiomycota; c__Tremellomycetes; o__Tremellales; f__Tremellaceae; g__Cryptococcus; s__Cryptococcus_neoformans	fig4_q30_SE_itsxpress_unite_blast_top1_rescue	ITSxpress	SE	SE	ITSxpress
ac5f58eb564aba9ebbf608a7c30f3ee1	Mock type-strain BLAST	Cryptococcus	Cryptococcus_neoformans	k__Fungi; p__Basidiomycota; c__Tremellomycetes; o__Tremellales; f__Tremellaceae; g__Cryptococcus; s__Cryptococcus_neoformans	fig4_q30_SE_itsxpress_unite_blast_top1_rescue	ITSxpress	SE	SE	ITSxpress
adddbb74b1a69c541419b3c1ae222b0b	Mock type-strain BLAST	Cryptococcus	Cryptococcus_neoformans	k__Fungi; p__Basidiomycota; c__Tremellomycetes; o__Tremellales; f__Tremellaceae; g__Cryptococcus; s__Cryptococcus_neoformans	fig4_q30_SE_itsxpress_unite_blast_top1_rescue	ITSxpress	SE	SE	ITSxpress
ade857cfb8ef5522b94a08582fd1f830	Mock type-strain BLAST	Cryptococcus	Cryptococcus_neoformans	k__Fungi; p__Basidiomycota; c__Tremellomycetes; o__Tremellales; f__Tremellaceae; g__Cryptococcus; s__Cryptococcus_neoformans	fig4_q30_SE_itsxpress_unite_blast_top1_rescue	ITSxpress	SE	SE	ITSxpress
b046f251007bcf28da1ecc6ab7bdac42	Mock type-strain BLAST	Fusarium	Fusarium_keratoplasticum	k__Fungi; p__Ascomycota; c__Sordariomycetes; o__Hypocreales; f__Nectriaceae; g__Fusarium; s__Fusarium_keratoplasticum	fig4_q30_SE_itsxpress_unite_blast_top1_rescue	ITSxpress	SE	SE	ITSxpress
b228b4d00e715499fdce32e16b3f5a74	Mock type-strain BLAST	Cryptococcus	Cryptococcus_neoformans	k__Fungi; p__Basidiomycota; c__Tremellomycetes; o__Tremellales; f__Tremellaceae; g__Cryptococcus; s__Cryptococcus_neoformans	fig4_q30_SE_itsxpress_unite_blast_top1_rescue	ITSxpress	SE	SE	ITSxpress
b4a8a1f40ecc093214c054a7af48b735	Mock type-strain BLAST	Cutaneotrichosporon	Cutaneotrichosporon_dermatis	k__Fungi; p__Basidiomycota; c__Tremellomycetes; o__Trichosporonales; f__Trichosporonaceae; g__Cutaneotrichosporon; s__Cutaneotrichosporon_dermatis	fig4_q30_SE_itsxpress_unite_blast_top1_rescue	ITSxpress	SE	SE	ITSxpress
b5b9c2526e8ef4a0423d48453db784ce	Mock type-strain BLAST	Cryptococcus	Cryptococcus_neoformans	k__Fungi; p__Basidiomycota; c__Tremellomycetes; o__Tremellales; f__Tremellaceae; g__Cryptococcus; s__Cryptococcus_neoformans	fig4_q30_SE_itsxpress_unite_blast_top1_rescue	ITSxpress	SE	SE	ITSxpress
b69023c2fa4f941f5e3dd0b8992986a6	Mock type-strain BLAST	Cryptococcus	Cryptococcus_neoformans	k__Fungi; p__Basidiomycota; c__Tremellomycetes; o__Tremellales; f__Tremellaceae; g__Cryptococcus; s__Cryptococcus_neoformans	fig4_q30_SE_itsxpress_unite_blast_top1_rescue	ITSxpress	SE	SE	ITSxpress
b824e4d927813dd5b4c64fa745487857	Mock type-strain BLAST	Cutaneotrichosporon	Cutaneotrichosporon_dermatis	k__Fungi; p__Basidiomycota; c__Tremellomycetes; o__Trichosporonales; f__Trichosporonaceae; g__Cutaneotrichosporon; s__Cutaneotrichosporon_dermatis	fig4_q30_SE_itsxpress_unite_blast_top1_rescue	ITSxpress	SE	SE	ITSxpress
b930655cdbda2d0f0758d5276c15600d	Mock type-strain BLAST	Penicillium	Penicillium_chrysogenum	k__Fungi; p__Ascomycota; c__Eurotiomycetes; o__Eurotiales; f__Aspergillaceae; g__Penicillium; s__Penicillium_chrysogenum	fig4_q30_SE_itsxpress_unite_blast_top1_rescue	ITSxpress	SE	SE	ITSxpress
b940c7f16e902dd4f7b022ba34403921	Mock type-strain BLAST	Cryptococcus	Cryptococcus_neoformans	k__Fungi; p__Basidiomycota; c__Tremellomycetes; o__Tremellales; f__Tremellaceae; g__Cryptococcus; s__Cryptococcus_neoformans	fig4_q30_SE_itsxpress_unite_blast_top1_rescue	ITSxpress	SE	SE	ITSxpress
b9971e7ed6a896d4364494eb339d9aab	Mock type-strain BLAST	Cryptococcus	Cryptococcus_neoformans	k__Fungi; p__Basidiomycota; c__Tremellomycetes; o__Tremellales; f__Tremellaceae; g__Cryptococcus; s__Cryptococcus_neoformans	fig4_q30_SE_itsxpress_unite_blast_top1_rescue	ITSxpress	SE	SE	ITSxpress
b9c4559032ad8182443254a9dcf649dc	Mock type-strain BLAST	Saccharomyces	Saccharomyces_cerevisiae	k__Fungi; p__Ascomycota; c__Saccharomycetes; o__Saccharomycetales; f__Saccharomycetaceae; g__Saccharomyces; s__Saccharomyces_cerevisiae	fig4_q30_SE_itsxpress_unite_blast_top1_rescue	ITSxpress	SE	SE	ITSxpress
bc735706b2cac9f5c1211164aed408a6	Mock type-strain BLAST	Cutaneotrichosporon	Cutaneotrichosporon_dermatis	k__Fungi; p__Basidiomycota; c__Tremellomycetes; o__Trichosporonales; f__Trichosporonaceae; g__Cutaneotrichosporon; s__Cutaneotrichosporon_dermatis	fig4_q30_SE_itsxpress_unite_blast_top1_rescue	ITSxpress	SE	SE	ITSxpress
bdd1298dc4d310e6e8843d32e7d3ccf2	Mock type-strain BLAST	Saccharomyces	Saccharomyces_cerevisiae	k__Fungi; p__Ascomycota; c__Saccharomycetes; o__Saccharomycetales; f__Saccharomycetaceae; g__Saccharomyces; s__Saccharomyces_cerevisiae	fig4_q30_SE_itsxpress_unite_blast_top1_rescue	ITSxpress	SE	SE	ITSxpress
c20373be96723055fe98fb270fa1644f	Mock type-strain BLAST	Saccharomyces	Saccharomyces_cerevisiae	k__Fungi; p__Ascomycota; c__Saccharomycetes; o__Saccharomycetales; f__Saccharomycetaceae; g__Saccharomyces; s__Saccharomyces_cerevisiae	fig4_q30_SE_itsxpress_unite_blast_top1_rescue	ITSxpress	SE	SE	ITSxpress
c3017cee759791c63e9536350bd70e59	Mock type-strain BLAST	Saccharomyces	Saccharomyces_cerevisiae	k__Fungi; p__Ascomycota; c__Saccharomycetes; o__Saccharomycetales; f__Saccharomycetaceae; g__Saccharomyces; s__Saccharomyces_cerevisiae	fig4_q30_SE_itsxpress_unite_blast_top1_rescue	ITSxpress	SE	SE	ITSxpress
c3b3863baf308516d9bae664ff9843c6	Mock type-strain BLAST	Fusarium	Fusarium_keratoplasticum	k__Fungi; p__Ascomycota; c__Sordariomycetes; o__Hypocreales; f__Nectriaceae; g__Fusarium; s__Fusarium_keratoplasticum	fig4_q30_SE_itsxpress_unite_blast_top1_rescue	ITSxpress	SE	SE	ITSxpress
c3f0dd8fd4b6dd5006fabc5bcc3a6487	Mock type-strain BLAST	Cryptococcus	Cryptococcus_neoformans	k__Fungi; p__Basidiomycota; c__Tremellomycetes; o__Tremellales; f__Tremellaceae; g__Cryptococcus; s__Cryptococcus_neoformans	fig4_q30_SE_itsxpress_unite_blast_top1_rescue	ITSxpress	SE	SE	ITSxpress
c4882dc60b49c95b93e46ef6e32dfc12	Mock type-strain BLAST	Aspergillus	Aspergillus_fumigatus	k__Fungi; p__Ascomycota; c__Eurotiomycetes; o__Eurotiales; f__Aspergillaceae; g__Aspergillus; s__Aspergillus_fumigatus	fig4_q30_SE_itsxpress_unite_blast_top1_rescue	ITSxpress	SE	SE	ITSxpress
c522712a9fcdfa1fb6cfe40fc5b9cd9d	Mock type-strain BLAST	Cutaneotrichosporon	Cutaneotrichosporon_dermatis	k__Fungi; p__Basidiomycota; c__Tremellomycetes; o__Trichosporonales; f__Trichosporonaceae; g__Cutaneotrichosporon; s__Cutaneotrichosporon_dermatis	fig4_q30_SE_itsxpress_unite_blast_top1_rescue	ITSxpress	SE	SE	ITSxpress
c5fc3fd35912da93c85f5c96bd65b76d	Mock type-strain BLAST	Aspergillus	Aspergillus_fumigatus	k__Fungi; p__Ascomycota; c__Eurotiomycetes; o__Eurotiales; f__Aspergillaceae; g__Aspergillus; s__Aspergillus_fumigatus	fig4_q30_SE_itsxpress_unite_blast_top1_rescue	ITSxpress	SE	SE	ITSxpress
c67a5fd1ce96bcf6942bea2f1111936a	Mock type-strain BLAST	Cryptococcus	Cryptococcus_neoformans	k__Fungi; p__Basidiomycota; c__Tremellomycetes; o__Tremellales; f__Tremellaceae; g__Cryptococcus; s__Cryptococcus_neoformans	fig4_q30_SE_itsxpress_unite_blast_top1_rescue	ITSxpress	SE	SE	ITSxpress
c89bc141df239be15bf707bdd443fa11	Mock type-strain BLAST	Aspergillus	Aspergillus_fumigatus	k__Fungi; p__Ascomycota; c__Eurotiomycetes; o__Eurotiales; f__Aspergillaceae; g__Aspergillus; s__Aspergillus_fumigatus	fig4_q30_SE_itsxpress_unite_blast_top1_rescue	ITSxpress	SE	SE	ITSxpress
ca611572ed9359dd66fcb0cff64534b9	Mock type-strain BLAST	Cutaneotrichosporon	Cutaneotrichosporon_dermatis	k__Fungi; p__Basidiomycota; c__Tremellomycetes; o__Trichosporonales; f__Trichosporonaceae; g__Cutaneotrichosporon; s__Cutaneotrichosporon_dermatis	fig4_q30_SE_itsxpress_unite_blast_top1_rescue	ITSxpress	SE	SE	ITSxpress
cadc4e9f5f1990bd77f040b0e7bc7ebd	Mock type-strain BLAST	Nakaseomyces	Nakaseomyces_glabratus	k__Fungi; p__Ascomycota; c__Saccharomycetes; o__Saccharomycetales; f__Saccharomycetaceae; g__Nakaseomyces; s__Nakaseomyces_glabratus	fig4_q30_SE_itsxpress_unite_blast_top1_rescue	ITSxpress	SE	SE	ITSxpress
cb2c0e20773df56a36e2a0f9eabe0e2d	Mock type-strain BLAST	Penicillium	Penicillium_chrysogenum	k__Fungi; p__Ascomycota; c__Eurotiomycetes; o__Eurotiales; f__Aspergillaceae; g__Penicillium; s__Penicillium_chrysogenum	fig4_q30_SE_itsxpress_unite_blast_top1_rescue	ITSxpress	SE	SE	ITSxpress
cdd244abd5bf539f9d30cb7b2907eaa7	Mock type-strain BLAST	Aspergillus	Aspergillus_fumigatus	k__Fungi; p__Ascomycota; c__Eurotiomycetes; o__Eurotiales; f__Aspergillaceae; g__Aspergillus; s__Aspergillus_fumigatus	fig4_q30_SE_itsxpress_unite_blast_top1_rescue	ITSxpress	SE	SE	ITSxpress
ce09f92e8ab71b4062be2fcbf797fc29	Mock type-strain BLAST	Fusarium	Fusarium_keratoplasticum	k__Fungi; p__Ascomycota; c__Sordariomycetes; o__Hypocreales; f__Nectriaceae; g__Fusarium; s__Fusarium_keratoplasticum	fig4_q30_SE_itsxpress_unite_blast_top1_rescue	ITSxpress	SE	SE	ITSxpress
d03b42d094fc26abc401a439481e5e12	Mock type-strain BLAST	Aspergillus	Aspergillus_fumigatus	k__Fungi; p__Ascomycota; c__Eurotiomycetes; o__Eurotiales; f__Aspergillaceae; g__Aspergillus; s__Aspergillus_fumigatus	fig4_q30_SE_itsxpress_unite_blast_top1_rescue	ITSxpress	SE	SE	ITSxpress
d05459c8d61194d8dcde4757fe7ae0fb	Mock type-strain BLAST	Candida	Candida_albicans	k__Fungi; p__Ascomycota; c__Saccharomycetes; o__Saccharomycetales; f__Debaryomycetaceae; g__Candida; s__Candida_albicans	fig4_q30_SE_itsxpress_unite_blast_top1_rescue	ITSxpress	SE	SE	ITSxpress
d06ee85ecbb1b97b12f84c0d16ead2e3	Mock type-strain BLAST	Penicillium	Penicillium_chrysogenum	k__Fungi; p__Ascomycota; c__Eurotiomycetes; o__Eurotiales; f__Aspergillaceae; g__Penicillium; s__Penicillium_chrysogenum	fig4_q30_SE_itsxpress_unite_blast_top1_rescue	ITSxpress	SE	SE	ITSxpress
d0dd260d0fe8cfb01289969e39422e98	Mock type-strain BLAST	Cryptococcus	Cryptococcus_neoformans	k__Fungi; p__Basidiomycota; c__Tremellomycetes; o__Tremellales; f__Tremellaceae; g__Cryptococcus; s__Cryptococcus_neoformans	fig4_q30_SE_itsxpress_unite_blast_top1_rescue	ITSxpress	SE	SE	ITSxpress
d41474f8e49115abf6f296e3fee6b8b1	Mock type-strain BLAST	Aspergillus	Aspergillus_fumigatus	k__Fungi; p__Ascomycota; c__Eurotiomycetes; o__Eurotiales; f__Aspergillaceae; g__Aspergillus; s__Aspergillus_fumigatus	fig4_q30_SE_itsxpress_unite_blast_top1_rescue	ITSxpress	SE	SE	ITSxpress
d5a162c1881d5469ff29b9b9f460e83b	Mock type-strain BLAST	Nakaseomyces	Nakaseomyces_glabratus	k__Fungi; p__Ascomycota; c__Saccharomycetes; o__Saccharomycetales; f__Saccharomycetaceae; g__Nakaseomyces; s__Nakaseomyces_glabratus	fig4_q30_SE_itsxpress_unite_blast_top1_rescue	ITSxpress	SE	SE	ITSxpress
d5f4d4c61556cd9a88f8e7072585def2	Mock type-strain BLAST	Aspergillus	Aspergillus_fumigatus	k__Fungi; p__Ascomycota; c__Eurotiomycetes; o__Eurotiales; f__Aspergillaceae; g__Aspergillus; s__Aspergillus_fumigatus	fig4_q30_SE_itsxpress_unite_blast_top1_rescue	ITSxpress	SE	SE	ITSxpress
d6e7806fe6c49f4c960a7210ce8b929b	Mock type-strain BLAST	Aspergillus	Aspergillus_fumigatus	k__Fungi; p__Ascomycota; c__Eurotiomycetes; o__Eurotiales; f__Aspergillaceae; g__Aspergillus; s__Aspergillus_fumigatus	fig4_q30_SE_itsxpress_unite_blast_top1_rescue	ITSxpress	SE	SE	ITSxpress
d97e529002843bf4f22d9f84f696902d	Mock type-strain BLAST	Cutaneotrichosporon	Cutaneotrichosporon_dermatis	k__Fungi; p__Basidiomycota; c__Tremellomycetes; o__Trichosporonales; f__Trichosporonaceae; g__Cutaneotrichosporon; s__Cutaneotrichosporon_dermatis	fig4_q30_SE_itsxpress_unite_blast_top1_rescue	ITSxpress	SE	SE	ITSxpress
dcc55e98f520f9d97db040a6f18089ed	Mock type-strain BLAST	Trichophyton	Trichophyton_interdigitale	k__Fungi; p__Ascomycota; c__Eurotiomycetes; o__Onygenales; f__Arthrodermataceae; g__Trichophyton; s__Trichophyton_interdigitale	fig4_q30_SE_itsxpress_unite_blast_top1_rescue	ITSxpress	SE	SE	ITSxpress
dd71353a2d00bf3451a122a46a5e631e	Mock type-strain BLAST	Cryptococcus	Cryptococcus_neoformans	k__Fungi; p__Basidiomycota; c__Tremellomycetes; o__Tremellales; f__Tremellaceae; g__Cryptococcus; s__Cryptococcus_neoformans	fig4_q30_SE_itsxpress_unite_blast_top1_rescue	ITSxpress	SE	SE	ITSxpress
dd8e55d527cabd71ce88988dc06eb8aa	Mock type-strain BLAST	Cutaneotrichosporon	Cutaneotrichosporon_dermatis	k__Fungi; p__Basidiomycota; c__Tremellomycetes; o__Trichosporonales; f__Trichosporonaceae; g__Cutaneotrichosporon; s__Cutaneotrichosporon_dermatis	fig4_q30_SE_itsxpress_unite_blast_top1_rescue	ITSxpress	SE	SE	ITSxpress
e1824953c4f6846e8527e3e52997573d	Mock type-strain BLAST	Cryptococcus	Cryptococcus_neoformans	k__Fungi; p__Basidiomycota; c__Tremellomycetes; o__Tremellales; f__Tremellaceae; g__Cryptococcus; s__Cryptococcus_neoformans	fig4_q30_SE_itsxpress_unite_blast_top1_rescue	ITSxpress	SE	SE	ITSxpress
e2e8f8a61f71f233f0988be837ebde76	Mock type-strain BLAST	Cryptococcus	Cryptococcus_neoformans	k__Fungi; p__Basidiomycota; c__Tremellomycetes; o__Tremellales; f__Tremellaceae; g__Cryptococcus; s__Cryptococcus_neoformans	fig4_q30_SE_itsxpress_unite_blast_top1_rescue	ITSxpress	SE	SE	ITSxpress
e399dc7c0823811b06f9eea10fa4ea6c	Mock type-strain BLAST	Fusarium	Fusarium_keratoplasticum	k__Fungi; p__Ascomycota; c__Sordariomycetes; o__Hypocreales; f__Nectriaceae; g__Fusarium; s__Fusarium_keratoplasticum	fig4_q30_SE_itsxpress_unite_blast_top1_rescue	ITSxpress	SE	SE	ITSxpress
e41e471e043e714cdac6ad0eecc8cdf5	Mock type-strain BLAST	Cryptococcus	Cryptococcus_neoformans	k__Fungi; p__Basidiomycota; c__Tremellomycetes; o__Tremellales; f__Tremellaceae; g__Cryptococcus; s__Cryptococcus_neoformans	fig4_q30_SE_itsxpress_unite_blast_top1_rescue	ITSxpress	SE	SE	ITSxpress
e52555860813ba428db5125f3f1bcfc3	Mock type-strain BLAST	Cutaneotrichosporon	Cutaneotrichosporon_dermatis	k__Fungi; p__Basidiomycota; c__Tremellomycetes; o__Trichosporonales; f__Trichosporonaceae; g__Cutaneotrichosporon; s__Cutaneotrichosporon_dermatis	fig4_q30_SE_itsxpress_unite_blast_top1_rescue	ITSxpress	SE	SE	ITSxpress
e6042d9d33d4676b7a7d6c7d232be5b0	Mock type-strain BLAST	Aspergillus	Aspergillus_fumigatus	k__Fungi; p__Ascomycota; c__Eurotiomycetes; o__Eurotiales; f__Aspergillaceae; g__Aspergillus; s__Aspergillus_fumigatus	fig4_q30_SE_itsxpress_unite_blast_top1_rescue	ITSxpress	SE	SE	ITSxpress
e696a65744372846e5a5ad7901af11d5	Mock type-strain BLAST	Candida	Candida_albicans	k__Fungi; p__Ascomycota; c__Saccharomycetes; o__Saccharomycetales; f__Debaryomycetaceae; g__Candida; s__Candida_albicans	fig4_q30_SE_itsxpress_unite_blast_top1_rescue	ITSxpress	SE	SE	ITSxpress
e76ba80fe55d469a2f7883dffea1e3a2	Mock type-strain BLAST	Trichophyton	Trichophyton_interdigitale	k__Fungi; p__Ascomycota; c__Eurotiomycetes; o__Onygenales; f__Arthrodermataceae; g__Trichophyton; s__Trichophyton_interdigitale	fig4_q30_SE_itsxpress_unite_blast_top1_rescue	ITSxpress	SE	SE	ITSxpress
e8f9c25e55b59219535e215c1b148c4d	Mock type-strain BLAST	Fusarium	Fusarium_keratoplasticum	k__Fungi; p__Ascomycota; c__Sordariomycetes; o__Hypocreales; f__Nectriaceae; g__Fusarium; s__Fusarium_keratoplasticum	fig4_q30_SE_itsxpress_unite_blast_top1_rescue	ITSxpress	SE	SE	ITSxpress
ec1984762c2def53d14e8559d502eb63	Mock type-strain BLAST	Saccharomyces	Saccharomyces_cerevisiae	k__Fungi; p__Ascomycota; c__Saccharomycetes; o__Saccharomycetales; f__Saccharomycetaceae; g__Saccharomyces; s__Saccharomyces_cerevisiae	fig4_q30_SE_itsxpress_unite_blast_top1_rescue	ITSxpress	SE	SE	ITSxpress
ed1c2120a1da64cd9a0b5ea27488f1cd	Mock type-strain BLAST	Cryptococcus	Cryptococcus_neoformans	k__Fungi; p__Basidiomycota; c__Tremellomycetes; o__Tremellales; f__Tremellaceae; g__Cryptococcus; s__Cryptococcus_neoformans	fig4_q30_SE_itsxpress_unite_blast_top1_rescue	ITSxpress	SE	SE	ITSxpress
ed3e9912ffac4094303328fb6a4ea10c	Mock type-strain BLAST	Fusarium	Fusarium_keratoplasticum	k__Fungi; p__Ascomycota; c__Sordariomycetes; o__Hypocreales; f__Nectriaceae; g__Fusarium; s__Fusarium_keratoplasticum	fig4_q30_SE_itsxpress_unite_blast_top1_rescue	ITSxpress	SE	SE	ITSxpress
ede209db473731ebfe17f1dbf1c88156	Mock type-strain BLAST	Penicillium	Penicillium_chrysogenum	k__Fungi; p__Ascomycota; c__Eurotiomycetes; o__Eurotiales; f__Aspergillaceae; g__Penicillium; s__Penicillium_chrysogenum	fig4_q30_SE_itsxpress_unite_blast_top1_rescue	ITSxpress	SE	SE	ITSxpress
ef4979826d864561698d80e1ef8e1f26	Mock type-strain BLAST	Cryptococcus	Cryptococcus_neoformans	k__Fungi; p__Basidiomycota; c__Tremellomycetes; o__Tremellales; f__Tremellaceae; g__Cryptococcus; s__Cryptococcus_neoformans	fig4_q30_SE_itsxpress_unite_blast_top1_rescue	ITSxpress	SE	SE	ITSxpress
ef5b732f4220ffb4068dfff3f4590237	Mock type-strain BLAST	Cutaneotrichosporon	Cutaneotrichosporon_dermatis	k__Fungi; p__Basidiomycota; c__Tremellomycetes; o__Trichosporonales; f__Trichosporonaceae; g__Cutaneotrichosporon; s__Cutaneotrichosporon_dermatis	fig4_q30_SE_itsxpress_unite_blast_top1_rescue	ITSxpress	SE	SE	ITSxpress
ef7cf9848db5544fe03fb7d411336533	Mock type-strain BLAST	Candida	Candida_albicans	k__Fungi; p__Ascomycota; c__Saccharomycetes; o__Saccharomycetales; f__Debaryomycetaceae; g__Candida; s__Candida_albicans	fig4_q30_SE_itsxpress_unite_blast_top1_rescue	ITSxpress	SE	SE	ITSxpress
efd82533963fb288f116c97705e40ede	Mock type-strain BLAST	Cryptococcus	Cryptococcus_neoformans	k__Fungi; p__Basidiomycota; c__Tremellomycetes; o__Tremellales; f__Tremellaceae; g__Cryptococcus; s__Cryptococcus_neoformans	fig4_q30_SE_itsxpress_unite_blast_top1_rescue	ITSxpress	SE	SE	ITSxpress
f1c57273935879d23965899d63727f74	Mock type-strain BLAST	Penicillium	Penicillium_chrysogenum	k__Fungi; p__Ascomycota; c__Eurotiomycetes; o__Eurotiales; f__Aspergillaceae; g__Penicillium; s__Penicillium_chrysogenum	fig4_q30_SE_itsxpress_unite_blast_top1_rescue	ITSxpress	SE	SE	ITSxpress
f2303e6f6a3249de1bbcb777452ec808	Mock type-strain BLAST	Cryptococcus	Cryptococcus_neoformans	k__Fungi; p__Basidiomycota; c__Tremellomycetes; o__Tremellales; f__Tremellaceae; g__Cryptococcus; s__Cryptococcus_neoformans	fig4_q30_SE_itsxpress_unite_blast_top1_rescue	ITSxpress	SE	SE	ITSxpress
f8b9d66d9e1a866ff5a14ad5c8c4991a	Mock type-strain BLAST	Nakaseomyces	Nakaseomyces_glabratus	k__Fungi; p__Ascomycota; c__Saccharomycetes; o__Saccharomycetales; f__Saccharomycetaceae; g__Nakaseomyces; s__Nakaseomyces_glabratus	fig4_q30_SE_itsxpress_unite_blast_top1_rescue	ITSxpress	SE	SE	ITSxpress
f92a6f85062448c90ca17f26c5777cb0	Mock type-strain BLAST	Cutaneotrichosporon	Cutaneotrichosporon_dermatis	k__Fungi; p__Basidiomycota; c__Tremellomycetes; o__Trichosporonales; f__Trichosporonaceae; g__Cutaneotrichosporon; s__Cutaneotrichosporon_dermatis	fig4_q30_SE_itsxpress_unite_blast_top1_rescue	ITSxpress	SE	SE	ITSxpress
f99cd28f84efab0680f5b5f07811d773	Mock type-strain BLAST	Saccharomyces	Saccharomyces_cerevisiae	k__Fungi; p__Ascomycota; c__Saccharomycetes; o__Saccharomycetales; f__Saccharomycetaceae; g__Saccharomyces; s__Saccharomyces_cerevisiae	fig4_q30_SE_itsxpress_unite_blast_top1_rescue	ITSxpress	SE	SE	ITSxpress
f9f6a23a053f51e186449e05d98261ce	Mock type-strain BLAST	Trichophyton	Trichophyton_interdigitale	k__Fungi; p__Ascomycota; c__Eurotiomycetes; o__Onygenales; f__Arthrodermataceae; g__Trichophyton; s__Trichophyton_interdigitale	fig4_q30_SE_itsxpress_unite_blast_top1_rescue	ITSxpress	SE	SE	ITSxpress
f9f91a446fab387b809e7566d97ae0ea	Mock type-strain BLAST	Cryptococcus	Cryptococcus_neoformans	k__Fungi; p__Basidiomycota; c__Tremellomycetes; o__Tremellales; f__Tremellaceae; g__Cryptococcus; s__Cryptococcus_neoformans	fig4_q30_SE_itsxpress_unite_blast_top1_rescue	ITSxpress	SE	SE	ITSxpress
fa4787cdae91213d04dc949409061c56	Mock type-strain BLAST	Cryptococcus	Cryptococcus_neoformans	k__Fungi; p__Basidiomycota; c__Tremellomycetes; o__Tremellales; f__Tremellaceae; g__Cryptococcus; s__Cryptococcus_neoformans	fig4_q30_SE_itsxpress_unite_blast_top1_rescue	ITSxpress	SE	SE	ITSxpress
94582dfd0163256b9ba66b217191b5d7	UNITE	Candida	Candida_albicans	k__Fungi; p__Ascomycota; c__Saccharomycetes; o__Saccharomycetales; f__Saccharomycetales_fam_Incertae_sedis; g__Candida; s__Candida_albicans	fig4_q30_PE_cutadapt_unite_blast_top1_rescue	Cutadapt	PE	PE	Cutadapt
03de5f5896c6815c01fb82e636a2d449	UNITE	Cutaneotrichosporon	Cutaneotrichosporon_mucoides	k__Fungi; p__Basidiomycota; c__Tremellomycetes; o__Trichosporonales; f__Trichosporonaceae; g__Cutaneotrichosporon; s__Cutaneotrichosporon_mucoides	fig4_q30_PE_cutadapt_unite_blast_top1_rescue	Cutadapt	PE	PE	Cutadapt
a18789fb47a3a707fd63fa3b4051fac8	UNITE	Cryptococcus	Cryptococcus_neoformans	k__Fungi; p__Basidiomycota; c__Tremellomycetes; o__Tremellales; f__Cryptococcaceae; g__Cryptococcus; s__Cryptococcus_neoformans	fig4_q30_PE_cutadapt_unite_blast_top1_rescue	Cutadapt	PE	PE	Cutadapt
77af6915246bc6753bf0513efd3804c2	UNITE	Penicillium	Unclassified	k__Fungi; p__Ascomycota; c__Eurotiomycetes; o__Eurotiales; f__Aspergillaceae; g__Penicillium; s__Penicillium_g	fig4_q30_PE_cutadapt_unite_blast_top1_rescue	Cutadapt	PE	PE	Cutadapt
780933a320c8e557970d7d3bb1a87d12	UNITE	Nakaseomyces	Nakaseomyces_glabratus	k__Fungi; p__Ascomycota; c__Saccharomycetes; o__Saccharomycetales; f__Saccharomycetaceae; g__Nakaseomyces; s__Nakaseomyces_glabratus	fig4_q30_PE_cutadapt_unite_blast_top1_rescue	Cutadapt	PE	PE	Cutadapt
0ea5c361d3337b625fb478ae11fb59bb	UNITE	Saccharomyces	Saccharomyces_cerevisiae	k__Fungi; p__Ascomycota; c__Saccharomycetes; o__Saccharomycetales; f__Saccharomycetaceae; g__Saccharomyces; s__Saccharomyces_cerevisiae	fig4_q30_PE_cutadapt_unite_blast_top1_rescue	Cutadapt	PE	PE	Cutadapt
9fe16fd93ac73e9e4d58434fd4438af0	UNITE	Ascomycota_p	Ascomycota_p	k__Fungi; p__Ascomycota; c__Ascomycota_p; o__Ascomycota_p; f__Ascomycota_p; g__Ascomycota_p; s__Ascomycota_p	fig4_q30_PE_cutadapt_unite_blast_top1_rescue	Cutadapt	PE	PE	Cutadapt
11842fe4669d5dc87ff9d34dc08ef2f2	UNITE	Candida	Candida_albicans	k__Fungi; p__Ascomycota; c__Saccharomycetes; o__Saccharomycetales; f__Saccharomycetales_fam_Incertae_sedis; g__Candida; s__Candida_albicans	fig4_q30_PE_cutadapt_unite_blast_top1_rescue	Cutadapt	PE	PE	Cutadapt
5e2c12eecbfdf3fff3b2b65482b499c7	UNITE	Aspergillus	Aspergillus_fumigatus	k__Fungi; p__Ascomycota; c__Eurotiomycetes; o__Eurotiales; f__Aspergillaceae; g__Aspergillus; s__Aspergillus_fumigatus	fig4_q30_PE_cutadapt_unite_blast_top1_rescue	Cutadapt	PE	PE	Cutadapt
da3dbb64be8691d27645aa7b82caeba7	UNITE	Aspergillus	Aspergillus_fumigatus	k__Fungi; p__Ascomycota; c__Eurotiomycetes; o__Eurotiales; f__Aspergillaceae; g__Aspergillus; s__Aspergillus_fumigatus	fig4_q30_PE_cutadapt_unite_blast_top1_rescue	Cutadapt	PE	PE	Cutadapt
b8bd3043d0b693dc6b5b7d4ae86033f9	UNITE	Candida	Candida_albicans	k__Fungi; p__Ascomycota; c__Saccharomycetes; o__Saccharomycetales; f__Saccharomycetales_fam_Incertae_sedis; g__Candida; s__Candida_albicans	fig4_q30_PE_cutadapt_unite_blast_top1_rescue	Cutadapt	PE	PE	Cutadapt
61d8d693c2929788a39237ffcfa57ced	UNITE	Fungi_k	Fungi_k	k__Fungi; p__Fungi_k; c__Fungi_k; o__Fungi_k; f__Fungi_k; g__Fungi_k; s__Fungi_k	fig4_q30_PE_cutadapt_unite_blast_top1_rescue	Cutadapt	PE	PE	Cutadapt
2e034c1aa05be4c5111594d8a3c15afd	UNITE	Fungi_k	Fungi_k	k__Fungi; p__Fungi_k; c__Fungi_k; o__Fungi_k; f__Fungi_k; g__Fungi_k; s__Fungi_k	fig4_q30_PE_cutadapt_unite_blast_top1_rescue	Cutadapt	PE	PE	Cutadapt
fa49207aafe8816360a131aaed63c5c4	UNITE	Cutaneotrichosporon	Cutaneotrichosporon_mucoides	k__Fungi; p__Basidiomycota; c__Tremellomycetes; o__Trichosporonales; f__Trichosporonaceae; g__Cutaneotrichosporon; s__Cutaneotrichosporon_mucoides	fig4_q30_PE_cutadapt_unite_blast_top1_rescue	Cutadapt	PE	PE	Cutadapt
20724af4e0f4acaddd718dafdbd09bfa	UNITE	Cutaneotrichosporon	Cutaneotrichosporon_mucoides	k__Fungi; p__Basidiomycota; c__Tremellomycetes; o__Trichosporonales; f__Trichosporonaceae; g__Cutaneotrichosporon; s__Cutaneotrichosporon_mucoides	fig4_q30_PE_cutadapt_unite_blast_top1_rescue	Cutadapt	PE	PE	Cutadapt
deb97cee17e99b323f1cbf412123cbe4	UNITE	Ascomycota_p	Ascomycota_p	k__Fungi; p__Ascomycota; c__Ascomycota_p; o__Ascomycota_p; f__Ascomycota_p; g__Ascomycota_p; s__Ascomycota_p	fig4_q30_PE_cutadapt_unite_blast_top1_rescue	Cutadapt	PE	PE	Cutadapt
529773f8e657ea61f96deda99c494873	UNITE	Ascomycota_p	Ascomycota_p	k__Fungi; p__Ascomycota; c__Ascomycota_p; o__Ascomycota_p; f__Ascomycota_p; g__Ascomycota_p; s__Ascomycota_p	fig4_q30_PE_cutadapt_unite_blast_top1_rescue	Cutadapt	PE	PE	Cutadapt
590132bd07b175817d210a561f31a4a7	UNITE	Trichophyton	Trichophyton_mentagrophytes	k__Fungi; p__Ascomycota; c__Eurotiomycetes; o__Onygenales; f__Arthrodermataceae; g__Trichophyton; s__Trichophyton_mentagrophytes	fig4_q30_PE_cutadapt_unite_blast_top1_rescue	Cutadapt	PE	PE	Cutadapt
29733cd0bf01391c2b1b07b45a29b756	UNITE	Cutaneotrichosporon	Cutaneotrichosporon_debeurmannianum	k__Fungi; p__Basidiomycota; c__Tremellomycetes; o__Trichosporonales; f__Trichosporonaceae; g__Cutaneotrichosporon; s__Cutaneotrichosporon_debeurmannianum	fig4_q30_PE_cutadapt_unite_blast_top1_rescue	Cutadapt	PE	PE	Cutadapt
f4d59f3582021edd31f8a66bfbe26d3f	UNITE	Irpex	Irpex_hydnoides	k__Fungi; p__Basidiomycota; c__Agaricomycetes; o__Polyporales; f__Irpicaceae; g__Irpex; s__Irpex_hydnoides	fig4_q30_PE_cutadapt_unite_blast_top1_rescue	Cutadapt	PE	PE	Cutadapt
905456212b0753912cb440d99f46a06a	UNITE	Ascomycota_p	Ascomycota_p	k__Fungi; p__Ascomycota; c__Ascomycota_p; o__Ascomycota_p; f__Ascomycota_p; g__Ascomycota_p; s__Ascomycota_p	fig4_q30_PE_cutadapt_unite_blast_top1_rescue	Cutadapt	PE	PE	Cutadapt
7bc674b40d076f018a37dfafe8b2816b	UNITE	Ascomycota_p	Ascomycota_p	k__Fungi; p__Ascomycota; c__Ascomycota_p; o__Ascomycota_p; f__Ascomycota_p; g__Ascomycota_p; s__Ascomycota_p	fig4_q30_PE_cutadapt_unite_blast_top1_rescue	Cutadapt	PE	PE	Cutadapt
b51b5ed103b9c82d0f30382550327fbd	UNITE	Kazachstania	Kazachstania_servazzii	k__Fungi; p__Ascomycota; c__Saccharomycetes; o__Saccharomycetales; f__Saccharomycetaceae; g__Kazachstania; s__Kazachstania_servazzii	fig4_q30_PE_cutadapt_unite_blast_top1_rescue	Cutadapt	PE	PE	Cutadapt
483028ff24e4f601e06ded031e01d11a	UNITE	Irpex	Irpex_laceratus	k__Fungi; p__Basidiomycota; c__Agaricomycetes; o__Polyporales; f__Irpicaceae; g__Irpex; s__Irpex_laceratus	fig4_q30_PE_cutadapt_unite_blast_top1_rescue	Cutadapt	PE	PE	Cutadapt
cbc3861eff42f4b8102fa7270debb33b	UNITE	Debaryomyces	Debaryomyces_delbrueckii	k__Fungi; p__Ascomycota; c__Saccharomycetes; o__Saccharomycetales; f__Debaryomycetaceae; g__Debaryomyces; s__Debaryomyces_delbrueckii	fig4_q30_PE_cutadapt_unite_blast_top1_rescue	Cutadapt	PE	PE	Cutadapt
6c6f38ebf80a8a9c7ca3c50dc2363d1f	UNITE	Fungi_k	Fungi_k	k__Fungi; p__Fungi_k; c__Fungi_k; o__Fungi_k; f__Fungi_k; g__Fungi_k; s__Fungi_k	fig4_q30_PE_cutadapt_unite_blast_top1_rescue	Cutadapt	PE	PE	Cutadapt
7ab51b82ee043df208fbd659506c728d	UNITE	Fusarium	Unclassified	k__Fungi; p__Ascomycota; c__Sordariomycetes; o__Hypocreales; f__Nectriaceae; g__Fusarium; s__Fusarium_g	fig4_q30_PE_cutadapt_unite_blast_top1_rescue	Cutadapt	PE	PE	Cutadapt
3b4e11535ad357e303ef9030433d4713	UNITE	Ascomycota_p	Ascomycota_p	k__Fungi; p__Ascomycota; c__Ascomycota_p; o__Ascomycota_p; f__Ascomycota_p; g__Ascomycota_p; s__Ascomycota_p	fig4_q30_PE_cutadapt_unite_blast_top1_rescue	Cutadapt	PE	PE	Cutadapt
708fe7d9660f6d64ee5ba7114357ed41	UNITE	Nigrospora	Unclassified	k__Fungi; p__Ascomycota; c__Sordariomycetes; o__Amphisphaeriales; f__Apiosporaceae; g__Nigrospora; s__Nigrospora_g	fig4_q30_PE_cutadapt_unite_blast_top1_rescue	Cutadapt	PE	PE	Cutadapt
a646a4b4217efc3e6f6ac3b8179fb986	UNITE	Penicillium	Unclassified	k__Fungi; p__Ascomycota; c__Eurotiomycetes; o__Eurotiales; f__Aspergillaceae; g__Penicillium; s__Penicillium_g	fig4_q30_PE_cutadapt_unite_blast_top1_rescue	Cutadapt	PE	PE	Cutadapt
570f764a5084a41650f1c49d6f3fd466	UNITE	Peniophoraceae_f	Peniophoraceae_f	k__Fungi; p__Basidiomycota; c__Agaricomycetes; o__Russulales; f__Peniophoraceae; g__Peniophoraceae_f; s__Peniophoraceae_f	fig4_q30_PE_cutadapt_unite_blast_top1_rescue	Cutadapt	PE	PE	Cutadapt
62fabc748aba349f3ab0821df3e005b3	UNITE	Stereaceae_f	Stereaceae_f	k__Fungi; p__Basidiomycota; c__Agaricomycetes; o__Russulales; f__Stereaceae; g__Stereaceae_f; s__Stereaceae_f	fig4_q30_PE_cutadapt_unite_blast_top1_rescue	Cutadapt	PE	PE	Cutadapt
cf8bd45533b6f51ae2b980d2981ac5c5	UNITE	Candida	Candida_albicans	k__Fungi; p__Ascomycota; c__Saccharomycetes; o__Saccharomycetales; f__Saccharomycetales_fam_Incertae_sedis; g__Candida; s__Candida_albicans	fig4_q30_PE_cutadapt_unite_blast_top1_rescue	Cutadapt	PE	PE	Cutadapt
caa632e6377dc066d267ab16ba44eceb	UNITE	Candida	Candida_albicans	k__Fungi; p__Ascomycota; c__Saccharomycetes; o__Saccharomycetales; f__Saccharomycetales_fam_Incertae_sedis; g__Candida; s__Candida_albicans	fig4_q30_PE_cutadapt_unite_blast_top1_rescue	Cutadapt	PE	PE	Cutadapt
75119fa8298f5d6864c0d8f5795ae4ef	UNITE	Candida	Candida_albicans	k__Fungi; p__Ascomycota; c__Saccharomycetes; o__Saccharomycetales; f__Saccharomycetales_fam_Incertae_sedis; g__Candida; s__Candida_albicans	fig4_q30_PE_cutadapt_unite_blast_top1_rescue	Cutadapt	PE	PE	Cutadapt
e25bb45f33000148f4784fb8a0192a94	UNITE	Saccharomyces	Saccharomyces_cerevisiae	k__Fungi; p__Ascomycota; c__Saccharomycetes; o__Saccharomycetales; f__Saccharomycetaceae; g__Saccharomyces; s__Saccharomyces_cerevisiae	fig4_q30_PE_cutadapt_unite_blast_top1_rescue	Cutadapt	PE	PE	Cutadapt
f3a40e2dc8515c8e668fe47d3b330794	UNITE	Cutaneotrichosporon	Cutaneotrichosporon_mucoides	k__Fungi; p__Basidiomycota; c__Tremellomycetes; o__Trichosporonales; f__Trichosporonaceae; g__Cutaneotrichosporon; s__Cutaneotrichosporon_mucoides	fig4_q30_PE_cutadapt_unite_blast_top1_rescue	Cutadapt	PE	PE	Cutadapt
01b9bca264d99ceaedcce67eeee0c285	UNITE	Didymellaceae_f	Didymellaceae_f	k__Fungi; p__Ascomycota; c__Dothideomycetes; o__Pleosporales; f__Didymellaceae; g__Didymellaceae_f; s__Didymellaceae_f	fig4_q30_PE_cutadapt_unite_blast_top1_rescue	Cutadapt	PE	PE	Cutadapt
fe5dd60487e397f73714f40f42953e76	UNITE	Aspergillus	Aspergillus_ruber	k__Fungi; p__Ascomycota; c__Eurotiomycetes; o__Eurotiales; f__Aspergillaceae; g__Aspergillus; s__Aspergillus_ruber	fig4_q30_PE_cutadapt_unite_blast_top1_rescue	Cutadapt	PE	PE	Cutadapt
639353bbf29e0f26b33b9c88db1892ec	UNITE	Ascomycota_p	Ascomycota_p	k__Fungi; p__Ascomycota; c__Ascomycota_p; o__Ascomycota_p; f__Ascomycota_p; g__Ascomycota_p; s__Ascomycota_p	fig4_q30_PE_cutadapt_unite_blast_top1_rescue	Cutadapt	PE	PE	Cutadapt
8514469c4a82cfbc7c2f44e7df5a66fa	UNITE	Bjerkandera	Bjerkandera_adusta	k__Fungi; p__Basidiomycota; c__Agaricomycetes; o__Polyporales; f__Phanerochaetaceae; g__Bjerkandera; s__Bjerkandera_adusta	fig4_q30_PE_cutadapt_unite_blast_top1_rescue	Cutadapt	PE	PE	Cutadapt
a9f744b1b96b43b37db5e221ec38c5db	UNITE	Mucor	Mucor_circinelloides	k__Fungi; p__Mucoromycota; c__Mucoromycetes; o__Mucorales; f__Mucoraceae; g__Mucor; s__Mucor_circinelloides	fig4_q30_PE_cutadapt_unite_blast_top1_rescue	Cutadapt	PE	PE	Cutadapt
d15f326e40dfa3b854e7a256318ec321	UNITE	Penicillium	Penicillium_brevicompactum	k__Fungi; p__Ascomycota; c__Eurotiomycetes; o__Eurotiales; f__Aspergillaceae; g__Penicillium; s__Penicillium_brevicompactum	fig4_q30_PE_cutadapt_unite_blast_top1_rescue	Cutadapt	PE	PE	Cutadapt
e71bf72c6d1bb519189030844bbb6a8a	UNITE	Bullera	Bullera_alba	k__Fungi; p__Basidiomycota; c__Tremellomycetes; o__Tremellales; f__Bulleraceae; g__Bullera; s__Bullera_alba	fig4_q30_PE_cutadapt_unite_blast_top1_rescue	Cutadapt	PE	PE	Cutadapt
dd8b84b6c87fcecf8df76050b70b6a2e	UNITE	Candolleomyces	Candolleomyces_subminutisporus	k__Fungi; p__Basidiomycota; c__Agaricomycetes; o__Agaricales; f__Psathyrellaceae; g__Candolleomyces; s__Candolleomyces_subminutisporus	fig4_q30_PE_cutadapt_unite_blast_top1_rescue	Cutadapt	PE	PE	Cutadapt
c42df08d0d30ffb92d0d536d020a4953	UNITE	Fungi_k	Fungi_k	k__Fungi; p__Fungi_k; c__Fungi_k; o__Fungi_k; f__Fungi_k; g__Fungi_k; s__Fungi_k	fig4_q30_PE_cutadapt_unite_blast_top1_rescue	Cutadapt	PE	PE	Cutadapt
6c64590e8ec3b22dc5b0cc911ad3b68c	UNITE	Ophiognomonia	Unclassified	k__Fungi; p__Ascomycota; c__Sordariomycetes; o__Diaporthales; f__Gnomoniaceae; g__Ophiognomonia; s__Ophiognomonia_g	fig4_q30_PE_cutadapt_unite_blast_top1_rescue	Cutadapt	PE	PE	Cutadapt
35a96f9e520fcaf4c32c441672576bdb	UNITE	Irpex	Irpex_hydnoides	k__Fungi; p__Basidiomycota; c__Agaricomycetes; o__Polyporales; f__Irpicaceae; g__Irpex; s__Irpex_hydnoides	fig4_q30_PE_cutadapt_unite_blast_top1_rescue	Cutadapt	PE	PE	Cutadapt
824cad1ad715206245b6959000cb619c	UNITE	Agaricomycetes_c	Agaricomycetes_c	k__Fungi; p__Basidiomycota; c__Agaricomycetes; o__Agaricomycetes_c; f__Agaricomycetes_c; g__Agaricomycetes_c; s__Agaricomycetes_c	fig4_q30_PE_cutadapt_unite_blast_top1_rescue	Cutadapt	PE	PE	Cutadapt
dc31d3cd1f368b6736b7ab377a9d3a9c	UNITE	Peniophoraceae_f	Peniophoraceae_f	k__Fungi; p__Basidiomycota; c__Agaricomycetes; o__Russulales; f__Peniophoraceae; g__Peniophoraceae_f; s__Peniophoraceae_f	fig4_q30_PE_cutadapt_unite_blast_top1_rescue	Cutadapt	PE	PE	Cutadapt
1062b08fe389426eacd44013d0f1f831	UNITE	Ascomycota_p	Ascomycota_p	k__Fungi; p__Ascomycota; c__Ascomycota_p; o__Ascomycota_p; f__Ascomycota_p; g__Ascomycota_p; s__Ascomycota_p	fig4_q30_PE_cutadapt_unite_blast_top1_rescue	Cutadapt	PE	PE	Cutadapt
9d97a0af7f2ef9407934fbadfaacf8b5	UNITE	Peniophoraceae_f	Peniophoraceae_f	k__Fungi; p__Basidiomycota; c__Agaricomycetes; o__Russulales; f__Peniophoraceae; g__Peniophoraceae_f; s__Peniophoraceae_f	fig4_q30_PE_cutadapt_unite_blast_top1_rescue	Cutadapt	PE	PE	Cutadapt
a03ed4e1914bb72959ef2be3b31f7ac6	UNITE	Hericiaceae_f	Hericiaceae_f	k__Fungi; p__Basidiomycota; c__Agaricomycetes; o__Russulales; f__Hericiaceae; g__Hericiaceae_f; s__Hericiaceae_f	fig4_q30_PE_cutadapt_unite_blast_top1_rescue	Cutadapt	PE	PE	Cutadapt
f6f5923d4dd3c8badbc2b3e5e4b02b91	UNITE	Trametes	Trametes_pubescens	k__Fungi; p__Basidiomycota; c__Agaricomycetes; o__Polyporales; f__Polyporaceae; g__Trametes; s__Trametes_pubescens	fig4_q30_PE_cutadapt_unite_blast_top1_rescue	Cutadapt	PE	PE	Cutadapt
7ca4a4a45a805841fa086a8ed97e5dad	UNITE	Ascomycota_p	Ascomycota_p	k__Fungi; p__Ascomycota; c__Ascomycota_p; o__Ascomycota_p; f__Ascomycota_p; g__Ascomycota_p; s__Ascomycota_p	fig4_q30_PE_cutadapt_unite_blast_top1_rescue	Cutadapt	PE	PE	Cutadapt
ef95468ac58c379df3eb0f8355e0e00f	UNITE	Irpex	Irpex_laceratus	k__Fungi; p__Basidiomycota; c__Agaricomycetes; o__Polyporales; f__Irpicaceae; g__Irpex; s__Irpex_laceratus	fig4_q30_PE_cutadapt_unite_blast_top1_rescue	Cutadapt	PE	PE	Cutadapt
2e3950f5f6c1c1a1fb643cc894f2aec3	UNITE	Daedaleopsis	Daedaleopsis_confragosa	k__Fungi; p__Basidiomycota; c__Agaricomycetes; o__Polyporales; f__Polyporaceae; g__Daedaleopsis; s__Daedaleopsis_confragosa	fig4_q30_PE_cutadapt_unite_blast_top1_rescue	Cutadapt	PE	PE	Cutadapt
7b9d4a846cd904d4d91f697f90c6eb7e	UNITE	Tilletiopsis	Tilletiopsis_washingtonensis	k__Fungi; p__Basidiomycota; c__Exobasidiomycetes; o__Entylomatales; f__Entylomataceae; g__Tilletiopsis; s__Tilletiopsis_washingtonensis	fig4_q30_PE_cutadapt_unite_blast_top1_rescue	Cutadapt	PE	PE	Cutadapt
ec242822fcc557e9339f089df02f97f0	UNITE	Phanerochaete	Phanerochaete_livescens	k__Fungi; p__Basidiomycota; c__Agaricomycetes; o__Polyporales; f__Phanerochaetaceae; g__Phanerochaete; s__Phanerochaete_livescens	fig4_q30_PE_cutadapt_unite_blast_top1_rescue	Cutadapt	PE	PE	Cutadapt
b52eda8a4baa1b15ac8ec4d7522abcc8	UNITE	Sporobolomyces	Unclassified	k__Fungi; p__Basidiomycota; c__Microbotryomycetes; o__Sporidiobolales; f__Sporidiobolaceae; g__Sporobolomyces; s__Sporobolomyces_g	fig4_q30_PE_cutadapt_unite_blast_top1_rescue	Cutadapt	PE	PE	Cutadapt
9a3542073661caa439f73c1873400ce8	UNITE	Cutaneotrichosporon	Cutaneotrichosporon_mucoides	k__Fungi; p__Basidiomycota; c__Tremellomycetes; o__Trichosporonales; f__Trichosporonaceae; g__Cutaneotrichosporon; s__Cutaneotrichosporon_mucoides	fig4_q30_PE_cutadapt_unite_blast_top1_rescue	Cutadapt	PE	PE	Cutadapt
97549e4fa4e4837c3b81d3f01db97dea	UNITE	Candida	Candida_albicans	k__Fungi; p__Ascomycota; c__Saccharomycetes; o__Saccharomycetales; f__Saccharomycetales_fam_Incertae_sedis; g__Candida; s__Candida_albicans	fig4_q30_PE_cutadapt_unite_blast_top1_rescue	Cutadapt	PE	PE	Cutadapt
c24918cc7ed3fc2a00ec08a58e24ef46	UNITE	Hydnoporia	Hydnoporia_yasudae	k__Fungi; p__Basidiomycota; c__Agaricomycetes; o__Hymenochaetales; f__Hymenochaetaceae; g__Hydnoporia; s__Hydnoporia_yasudae	fig4_q30_PE_cutadapt_unite_blast_top1_rescue	Cutadapt	PE	PE	Cutadapt
49e42f543450b3655fa635095b6a84e5	UNITE	Ascomycota_p	Ascomycota_p	k__Fungi; p__Ascomycota; c__Ascomycota_p; o__Ascomycota_p; f__Ascomycota_p; g__Ascomycota_p; s__Ascomycota_p	fig4_q30_PE_cutadapt_unite_blast_top1_rescue	Cutadapt	PE	PE	Cutadapt
22e477ea80b688324c819bfe250a03ec	UNITE	Polyporales_o	Polyporales_o	k__Fungi; p__Basidiomycota; c__Agaricomycetes; o__Polyporales; f__Polyporales_o; g__Polyporales_o; s__Polyporales_o	fig4_q30_PE_cutadapt_unite_blast_top1_rescue	Cutadapt	PE	PE	Cutadapt
b001fb61dd6f4db8b22dc8eeb9e3677e	UNITE	Malassezia	Malassezia_sympodialis	k__Fungi; p__Basidiomycota; c__Malasseziomycetes; o__Malasseziales; f__Malasseziaceae; g__Malassezia; s__Malassezia_sympodialis	fig4_q30_PE_cutadapt_unite_blast_top1_rescue	Cutadapt	PE	PE	Cutadapt
a8dd4ea318c0f55bda76f7c49124254b	UNITE	Schizophyllum	Schizophyllum_commune	k__Fungi; p__Basidiomycota; c__Agaricomycetes; o__Agaricales; f__Schizophyllaceae; g__Schizophyllum; s__Schizophyllum_commune	fig4_q30_PE_cutadapt_unite_blast_top1_rescue	Cutadapt	PE	PE	Cutadapt
e6e622e0c9c574a045fd0dde7ab5a0a0	UNITE	Candida	Candida_albicans	k__Fungi; p__Ascomycota; c__Saccharomycetes; o__Saccharomycetales; f__Saccharomycetales_fam_Incertae_sedis; g__Candida; s__Candida_albicans	fig4_q30_PE_cutadapt_unite_blast_top1_rescue	Cutadapt	PE	PE	Cutadapt
8aad4e3a6eaac9deac3f8ee96333eb1b	UNITE	Crepidotus	Unclassified	k__Fungi; p__Basidiomycota; c__Agaricomycetes; o__Agaricales; f__Crepidotaceae; g__Crepidotus; s__Crepidotus_g	fig4_q30_PE_cutadapt_unite_blast_top1_rescue	Cutadapt	PE	PE	Cutadapt
8c4c1e27aeb937396303d685b8e472a5	UNITE	Sistotremastrum	Sistotremastrum_guttuliferum	k__Fungi; p__Basidiomycota; c__Agaricomycetes; o__Trechisporales; f__Hydnodontaceae; g__Sistotremastrum; s__Sistotremastrum_guttuliferum	fig4_q30_PE_cutadapt_unite_blast_top1_rescue	Cutadapt	PE	PE	Cutadapt
70ff98b81e41acd4ca4c6621e2d3a7ed	UNITE	Pleosporales_o	Pleosporales_o	k__Fungi; p__Ascomycota; c__Dothideomycetes; o__Pleosporales; f__Pleosporales_o; g__Pleosporales_o; s__Pleosporales_o	fig4_q30_PE_cutadapt_unite_blast_top1_rescue	Cutadapt	PE	PE	Cutadapt
36bb7a251b8db804102d55924be7ceb7	UNITE	Ceratobasidiaceae_f	Ceratobasidiaceae_f	k__Fungi; p__Basidiomycota; c__Agaricomycetes; o__Cantharellales; f__Ceratobasidiaceae; g__Ceratobasidiaceae_f; s__Ceratobasidiaceae_f	fig4_q30_PE_cutadapt_unite_blast_top1_rescue	Cutadapt	PE	PE	Cutadapt
3cf141483bd7591f4ba51ec258455287	UNITE	Ascomycota_p	Ascomycota_p	k__Fungi; p__Ascomycota; c__Ascomycota_p; o__Ascomycota_p; f__Ascomycota_p; g__Ascomycota_p; s__Ascomycota_p	fig4_q30_PE_cutadapt_unite_blast_top1_rescue	Cutadapt	PE	PE	Cutadapt
8ac0b9cd95572afa972fdb20098f4502	UNITE	Dothideomycetes_c	Dothideomycetes_c	k__Fungi; p__Ascomycota; c__Dothideomycetes; o__Dothideomycetes_c; f__Dothideomycetes_c; g__Dothideomycetes_c; s__Dothideomycetes_c	fig4_q30_PE_cutadapt_unite_blast_top1_rescue	Cutadapt	PE	PE	Cutadapt
7342e7108f710f266d9062bbf3415e43	UNITE	Paragibellulopsis	Paragibellulopsis_chrysanthemi	k__Fungi; p__Ascomycota; c__Sordariomycetes; o__Glomerellales; f__Plectosphaerellaceae; g__Paragibellulopsis; s__Paragibellulopsis_chrysanthemi	fig4_q30_PE_cutadapt_unite_blast_top1_rescue	Cutadapt	PE	PE	Cutadapt
27297b7c249900a4b843b2f365f2f58c	UNITE	Irpex	Irpex_hydnoides	k__Fungi; p__Basidiomycota; c__Agaricomycetes; o__Polyporales; f__Irpicaceae; g__Irpex; s__Irpex_hydnoides	fig4_q30_PE_cutadapt_unite_blast_top1_rescue	Cutadapt	PE	PE	Cutadapt
5f3fefa03a0182a5670fb3083e2ad7f9	UNITE	Phlebiopsis	Unclassified	k__Fungi; p__Basidiomycota; c__Agaricomycetes; o__Polyporales; f__Phanerochaetaceae; g__Phlebiopsis; s__Phlebiopsis_g	fig4_q30_PE_cutadapt_unite_blast_top1_rescue	Cutadapt	PE	PE	Cutadapt
b1164aaea169a7ee1f528b21fd52bce7	UNITE	Ascomycota_p	Ascomycota_p	k__Fungi; p__Ascomycota; c__Ascomycota_p; o__Ascomycota_p; f__Ascomycota_p; g__Ascomycota_p; s__Ascomycota_p	fig4_q30_PE_cutadapt_unite_blast_top1_rescue	Cutadapt	PE	PE	Cutadapt
01f7633d99821e693602dae45808d71c	UNITE	Schizophyllum	Schizophyllum_commune	k__Fungi; p__Basidiomycota; c__Agaricomycetes; o__Agaricales; f__Schizophyllaceae; g__Schizophyllum; s__Schizophyllum_commune	fig4_q30_PE_cutadapt_unite_blast_top1_rescue	Cutadapt	PE	PE	Cutadapt
37fd731965ed9f30a073fd330c34f19b	UNITE	Fungi_k	Fungi_k	k__Fungi; p__Fungi_k; c__Fungi_k; o__Fungi_k; f__Fungi_k; g__Fungi_k; s__Fungi_k	fig4_q30_PE_cutadapt_unite_blast_top1_rescue	Cutadapt	PE	PE	Cutadapt
280368cdff4f777ae988c6a3c9cca85f	UNITE	Udeniomyces	Udeniomyces_pyricola	k__Fungi; p__Basidiomycota; c__Tremellomycetes; o__Cystofilobasidiales; f__Mrakiaceae; g__Udeniomyces; s__Udeniomyces_pyricola	fig4_q30_PE_cutadapt_unite_blast_top1_rescue	Cutadapt	PE	PE	Cutadapt
7823e9cbfc207aa43d02f0fe7b042f1b	UNITE	Biscogniauxia	Biscogniauxia_atropunctata	k__Fungi; p__Ascomycota; c__Sordariomycetes; o__Xylariales; f__Graphostromataceae; g__Biscogniauxia; s__Biscogniauxia_atropunctata	fig4_q30_PE_cutadapt_unite_blast_top1_rescue	Cutadapt	PE	PE	Cutadapt
49bcc97c03a0653cb80f79c2c5f8b19a	UNITE	Candida	Candida_dubliniensis	k__Fungi; p__Ascomycota; c__Saccharomycetes; o__Saccharomycetales; f__Saccharomycetales_fam_Incertae_sedis; g__Candida; s__Candida_dubliniensis	fig4_q30_PE_cutadapt_unite_blast_top1_rescue	Cutadapt	PE	PE	Cutadapt
87c1440d8bb908eca49371e3bade6a91	UNITE	Mucor	Unclassified	k__Fungi; p__Mucoromycota; c__Mucoromycetes; o__Mucorales; f__Mucoraceae; g__Mucor; s__Mucor_g	fig4_q30_PE_cutadapt_unite_blast_top1_rescue	Cutadapt	PE	PE	Cutadapt
b84c5ce7ffdb045632be2f6b94323dfe	UNITE	Cutaneotrichosporon	Cutaneotrichosporon_mucoides	k__Fungi; p__Basidiomycota; c__Tremellomycetes; o__Trichosporonales; f__Trichosporonaceae; g__Cutaneotrichosporon; s__Cutaneotrichosporon_mucoides	fig4_q30_PE_cutadapt_unite_blast_top1_rescue	Cutadapt	PE	PE	Cutadapt
c3ac7f9b16a282464bcef99f9a81543e	UNITE	Penicillium	Unclassified	k__Fungi; p__Ascomycota; c__Eurotiomycetes; o__Eurotiales; f__Aspergillaceae; g__Penicillium; s__Penicillium_g	fig4_q30_PE_cutadapt_unite_blast_top1_rescue	Cutadapt	PE	PE	Cutadapt
4c1a21b88f8f585d285a06ad0af7725c	UNITE	Penicillium	Penicillium_sclerotiorum	k__Fungi; p__Ascomycota; c__Eurotiomycetes; o__Eurotiales; f__Aspergillaceae; g__Penicillium; s__Penicillium_sclerotiorum	fig4_q30_PE_cutadapt_unite_blast_top1_rescue	Cutadapt	PE	PE	Cutadapt
ed08fe04da925633f2c00f8cc1622edb	UNITE	Steccherinum	Steccherinum_tenuissimum	k__Fungi; p__Basidiomycota; c__Agaricomycetes; o__Polyporales; f__Steccherinaceae; g__Steccherinum; s__Steccherinum_tenuissimum	fig4_q30_PE_cutadapt_unite_blast_top1_rescue	Cutadapt	PE	PE	Cutadapt
ccaa9026e396d4818dfe7b2a8a9ded99	UNITE	Xylodon	Xylodon_flaviporus	k__Fungi; p__Basidiomycota; c__Agaricomycetes; o__Hymenochaetales; f__Schizoporaceae; g__Xylodon; s__Xylodon_flaviporus	fig4_q30_PE_cutadapt_unite_blast_top1_rescue	Cutadapt	PE	PE	Cutadapt
7bc58b0abd5098f2ef0a61cd7d827443	UNITE	Fungi_k	Fungi_k	k__Fungi; p__Fungi_k; c__Fungi_k; o__Fungi_k; f__Fungi_k; g__Fungi_k; s__Fungi_k	fig4_q30_PE_cutadapt_unite_blast_top1_rescue	Cutadapt	PE	PE	Cutadapt
4ecc63232ae7a35c72123a89208ccd2e	UNITE	Fungi_k	Fungi_k	k__Fungi; p__Fungi_k; c__Fungi_k; o__Fungi_k; f__Fungi_k; g__Fungi_k; s__Fungi_k	fig4_q30_PE_cutadapt_unite_blast_top1_rescue	Cutadapt	PE	PE	Cutadapt
f1e26dc5de94e5ab231af0b5370bb2e2	UNITE	Fungi_k	Fungi_k	k__Fungi; p__Fungi_k; c__Fungi_k; o__Fungi_k; f__Fungi_k; g__Fungi_k; s__Fungi_k	fig4_q30_PE_cutadapt_unite_blast_top1_rescue	Cutadapt	PE	PE	Cutadapt
d3cf17e7ddaf0b1aea15774633f30129	UNITE	Cystobasidium	Cystobasidium_slooffiae	k__Fungi; p__Basidiomycota; c__Cystobasidiomycetes; o__Cystobasidiales; f__Cystobasidiaceae; g__Cystobasidium; s__Cystobasidium_slooffiae	fig4_q30_PE_cutadapt_unite_blast_top1_rescue	Cutadapt	PE	PE	Cutadapt
c4c056deff753f4ef06780b99493596f	UNITE	Atheliales_o	Atheliales_o	k__Fungi; p__Basidiomycota; c__Agaricomycetes; o__Atheliales; f__Atheliales_o; g__Atheliales_o; s__Atheliales_o	fig4_q30_PE_cutadapt_unite_blast_top1_rescue	Cutadapt	PE	PE	Cutadapt
3ee5b4735ff168cd1b6a7193563a859b	UNITE	Peniophoraceae_f	Peniophoraceae_f	k__Fungi; p__Basidiomycota; c__Agaricomycetes; o__Russulales; f__Peniophoraceae; g__Peniophoraceae_f; s__Peniophoraceae_f	fig4_q30_PE_cutadapt_unite_blast_top1_rescue	Cutadapt	PE	PE	Cutadapt
f45167fe9037171e98d058bf61f10146	UNITE	Ceriporia	Ceriporia_nanlingensis	k__Fungi; p__Basidiomycota; c__Agaricomycetes; o__Polyporales; f__Irpicaceae; g__Ceriporia; s__Ceriporia_nanlingensis	fig4_q30_PE_cutadapt_unite_blast_top1_rescue	Cutadapt	PE	PE	Cutadapt
ee7388dacc8e4b7870d607cc42b50b9d	UNITE	Irpex	Irpex_laceratus	k__Fungi; p__Basidiomycota; c__Agaricomycetes; o__Polyporales; f__Irpicaceae; g__Irpex; s__Irpex_laceratus	fig4_q30_PE_cutadapt_unite_blast_top1_rescue	Cutadapt	PE	PE	Cutadapt
2c24ade1f6d21508f680725d560471b9	UNITE	Fungi_k	Fungi_k	k__Fungi; p__Fungi_k; c__Fungi_k; o__Fungi_k; f__Fungi_k; g__Fungi_k; s__Fungi_k	fig4_q30_PE_cutadapt_unite_blast_top1_rescue	Cutadapt	PE	PE	Cutadapt
665ad022321b70667403ddce0993eda4	UNITE	Fungi_k	Fungi_k	k__Fungi; p__Fungi_k; c__Fungi_k; o__Fungi_k; f__Fungi_k; g__Fungi_k; s__Fungi_k	fig4_q30_PE_cutadapt_unite_blast_top1_rescue	Cutadapt	PE	PE	Cutadapt
e28b6e0bb0e64f81a0dd9d665d0459ef	UNITE	Sporobolomyces	Sporobolomyces_carnicolor	k__Fungi; p__Basidiomycota; c__Microbotryomycetes; o__Sporidiobolales; f__Sporidiobolaceae; g__Sporobolomyces; s__Sporobolomyces_carnicolor	fig4_q30_PE_cutadapt_unite_blast_top1_rescue	Cutadapt	PE	PE	Cutadapt
c1c188f9bec8b8bdc4dcfebee1b40cb2	UNITE	Trametes	Trametes_hirsuta	k__Fungi; p__Basidiomycota; c__Agaricomycetes; o__Polyporales; f__Polyporaceae; g__Trametes; s__Trametes_hirsuta	fig4_q30_PE_cutadapt_unite_blast_top1_rescue	Cutadapt	PE	PE	Cutadapt
50f4af150db8ec540493d2a0bf932341	UNITE	Fuscoporia	Fuscoporia_karsteniana	k__Fungi; p__Basidiomycota; c__Agaricomycetes; o__Hymenochaetales; f__Hymenochaetaceae; g__Fuscoporia; s__Fuscoporia_karsteniana	fig4_q30_PE_cutadapt_unite_blast_top1_rescue	Cutadapt	PE	PE	Cutadapt
ed4824782d1a2a0df7b273a4267b408a	UNITE	Sarocladium	Sarocladium_zeae	k__Fungi; p__Ascomycota; c__Sordariomycetes; o__Hypocreales; f__Sarocladiaceae; g__Sarocladium; s__Sarocladium_zeae	fig4_q30_PE_cutadapt_unite_blast_top1_rescue	Cutadapt	PE	PE	Cutadapt
5dda9a089382440ef931ad4ff5e8ffbb	UNITE	Irpex	Irpex_hydnoides	k__Fungi; p__Basidiomycota; c__Agaricomycetes; o__Polyporales; f__Irpicaceae; g__Irpex; s__Irpex_hydnoides	fig4_q30_PE_cutadapt_unite_blast_top1_rescue	Cutadapt	PE	PE	Cutadapt
0a135d06258a4917295be19c2f72f676	UNITE	Penicillium	Unclassified	k__Fungi; p__Ascomycota; c__Eurotiomycetes; o__Eurotiales; f__Aspergillaceae; g__Penicillium; s__Penicillium_g	fig4_q30_PE_cutadapt_unite_blast_top1_rescue	Cutadapt	PE	PE	Cutadapt
138ac92150209d94b9e015e7735368f1	UNITE	Penicillium	Unclassified	k__Fungi; p__Ascomycota; c__Eurotiomycetes; o__Eurotiales; f__Aspergillaceae; g__Penicillium; s__Penicillium_g	fig4_q30_PE_cutadapt_unite_blast_top1_rescue	Cutadapt	PE	PE	Cutadapt
2995053d4cdadcaafad9308b84e0e4a8	UNITE	Coprinopsis	Coprinopsis_urticicola	k__Fungi; p__Basidiomycota; c__Agaricomycetes; o__Agaricales; f__Psathyrellaceae; g__Coprinopsis; s__Coprinopsis_urticicola	fig4_q30_PE_cutadapt_unite_blast_top1_rescue	Cutadapt	PE	PE	Cutadapt
248e2fe59d856b93e8bf1adcb9e172d4	UNITE	Ascomycota_p	Ascomycota_p	k__Fungi; p__Ascomycota; c__Ascomycota_p; o__Ascomycota_p; f__Ascomycota_p; g__Ascomycota_p; s__Ascomycota_p	fig4_q30_PE_cutadapt_unite_blast_top1_rescue	Cutadapt	PE	PE	Cutadapt
bc79eb705cf420f2d21394f7ba4fc470	UNITE	Candida	Candida_albicans	k__Fungi; p__Ascomycota; c__Saccharomycetes; o__Saccharomycetales; f__Saccharomycetales_fam_Incertae_sedis; g__Candida; s__Candida_albicans	fig4_q30_PE_cutadapt_unite_blast_top1_rescue	Cutadapt	PE	PE	Cutadapt
c6b37d0ce32b13674721bc28dce1eb28	UNITE	Helotiales_o	Helotiales_o	k__Fungi; p__Ascomycota; c__Leotiomycetes; o__Helotiales; f__Helotiales_o; g__Helotiales_o; s__Helotiales_o	fig4_q30_PE_cutadapt_unite_blast_top1_rescue	Cutadapt	PE	PE	Cutadapt
91a7fbfb6202e3edbe0a45f2865e19c8	UNITE	Talaromyces	Talaromyces_purgamentorum	k__Fungi; p__Ascomycota; c__Eurotiomycetes; o__Eurotiales; f__Trichocomaceae; g__Talaromyces; s__Talaromyces_purgamentorum	fig4_q30_PE_cutadapt_unite_blast_top1_rescue	Cutadapt	PE	PE	Cutadapt
50e29a0983b9c1a46afd399477503736	UNITE	Fungi_k	Fungi_k	k__Fungi; p__Fungi_k; c__Fungi_k; o__Fungi_k; f__Fungi_k; g__Fungi_k; s__Fungi_k	fig4_q30_PE_cutadapt_unite_blast_top1_rescue	Cutadapt	PE	PE	Cutadapt
3251b8618a77585ac75c4825f24bdc34	UNITE	Udeniomyces	Udeniomyces_pyricola	k__Fungi; p__Basidiomycota; c__Tremellomycetes; o__Cystofilobasidiales; f__Mrakiaceae; g__Udeniomyces; s__Udeniomyces_pyricola	fig4_q30_PE_cutadapt_unite_blast_top1_rescue	Cutadapt	PE	PE	Cutadapt
0067abbe4f3ec2c8b1f93f21dab22215	UNITE	Penicillium	Penicillium_sumatraense	k__Fungi; p__Ascomycota; c__Eurotiomycetes; o__Eurotiales; f__Aspergillaceae; g__Penicillium; s__Penicillium_sumatraense	fig4_q30_PE_cutadapt_unite_blast_top1_rescue	Cutadapt	PE	PE	Cutadapt
0e00ccfc8a7aac1541f7536f41bc8369	UNITE	Ceriporia	Ceriporia_nanlingensis	k__Fungi; p__Basidiomycota; c__Agaricomycetes; o__Polyporales; f__Irpicaceae; g__Ceriporia; s__Ceriporia_nanlingensis	fig4_q30_PE_cutadapt_unite_blast_top1_rescue	Cutadapt	PE	PE	Cutadapt
044c0abf07903b8b4131f54e35a7c56b	UNITE	Peniophoraceae_f	Peniophoraceae_f	k__Fungi; p__Basidiomycota; c__Agaricomycetes; o__Russulales; f__Peniophoraceae; g__Peniophoraceae_f; s__Peniophoraceae_f	fig4_q30_PE_cutadapt_unite_blast_top1_rescue	Cutadapt	PE	PE	Cutadapt
d889a202f22bd13d38f739e651e87fd9	UNITE	Candida	Candida_albicans	k__Fungi; p__Ascomycota; c__Saccharomycetes; o__Saccharomycetales; f__Saccharomycetales_fam_Incertae_sedis; g__Candida; s__Candida_albicans	fig4_q30_PE_cutadapt_unite_blast_top1_rescue	Cutadapt	PE	PE	Cutadapt
68816968b3d097f59efc81d7e2e5709b	UNITE	Suillus	Suillus_viscidus	k__Fungi; p__Basidiomycota; c__Agaricomycetes; o__Boletales; f__Suillaceae; g__Suillus; s__Suillus_viscidus	fig4_q30_PE_cutadapt_unite_blast_top1_rescue	Cutadapt	PE	PE	Cutadapt
deaa18d8f1f0a68e77236fd060313b09	UNITE	Aureobasidium	Aureobasidium_pullulans	k__Fungi; p__Ascomycota; c__Dothideomycetes; o__Dothideales; f__Saccotheciaceae; g__Aureobasidium; s__Aureobasidium_pullulans	fig4_q30_PE_cutadapt_unite_blast_top1_rescue	Cutadapt	PE	PE	Cutadapt
2fadc7fa01c6d1e87be809237590227f	UNITE	Fungi_k	Fungi_k	k__Fungi; p__Fungi_k; c__Fungi_k; o__Fungi_k; f__Fungi_k; g__Fungi_k; s__Fungi_k	fig4_q30_PE_cutadapt_unite_blast_top1_rescue	Cutadapt	PE	PE	Cutadapt
80031c9738d7445f1f857a5681c053a2	UNITE	Fungi_k	Fungi_k	k__Fungi; p__Fungi_k; c__Fungi_k; o__Fungi_k; f__Fungi_k; g__Fungi_k; s__Fungi_k	fig4_q30_PE_cutadapt_unite_blast_top1_rescue	Cutadapt	PE	PE	Cutadapt
281db102e852e9efd030a38cc9bf92f7	UNITE	Aspergillus	Aspergillus_neotritici	k__Fungi; p__Ascomycota; c__Eurotiomycetes; o__Eurotiales; f__Aspergillaceae; g__Aspergillus; s__Aspergillus_neotritici	fig4_q30_PE_cutadapt_unite_blast_top1_rescue	Cutadapt	PE	PE	Cutadapt
b68330710b2ee120d528ed1888de0c19	UNITE	Penicillium	Penicillium_flavigenum	k__Fungi; p__Ascomycota; c__Eurotiomycetes; o__Eurotiales; f__Aspergillaceae; g__Penicillium; s__Penicillium_flavigenum	fig4_q30_PE_cutadapt_unite_blast_top1_rescue	Cutadapt	PE	PE	Cutadapt
2b6bf177cf258974855eb3b9d419ffbc	UNITE	Irpex	Irpex_laceratus	k__Fungi; p__Basidiomycota; c__Agaricomycetes; o__Polyporales; f__Irpicaceae; g__Irpex; s__Irpex_laceratus	fig4_q30_PE_cutadapt_unite_blast_top1_rescue	Cutadapt	PE	PE	Cutadapt
31c5d2162fbc4550b1537c9a9bc92d55	UNITE	Ascomycota_p	Ascomycota_p	k__Fungi; p__Ascomycota; c__Ascomycota_p; o__Ascomycota_p; f__Ascomycota_p; g__Ascomycota_p; s__Ascomycota_p	fig4_q30_PE_cutadapt_unite_blast_top1_rescue	Cutadapt	PE	PE	Cutadapt
e62da64a67447ad0575490684a5b2e91	UNITE	Xeromyces	Xeromyces_bisporus	k__Fungi; p__Ascomycota; c__Eurotiomycetes; o__Eurotiales; f__Aspergillaceae; g__Xeromyces; s__Xeromyces_bisporus	fig4_q30_PE_cutadapt_unite_blast_top1_rescue	Cutadapt	PE	PE	Cutadapt
84448bc0a8762b43632301f4c6d429eb	UNITE	Rhizoplaca	Rhizoplaca_novomexicana	k__Fungi; p__Ascomycota; c__Lecanoromycetes; o__Lecanorales; f__Lecanoraceae; g__Rhizoplaca; s__Rhizoplaca_novomexicana	fig4_q30_PE_cutadapt_unite_blast_top1_rescue	Cutadapt	PE	PE	Cutadapt
a3d5c4ddcd229676d01f4d84ceb4c269	UNITE	Ascomycota_p	Ascomycota_p	k__Fungi; p__Ascomycota; c__Ascomycota_p; o__Ascomycota_p; f__Ascomycota_p; g__Ascomycota_p; s__Ascomycota_p	fig4_q30_PE_cutadapt_unite_blast_top1_rescue	Cutadapt	PE	PE	Cutadapt
0f2841458644573d5efdd928ad1b992f	UNITE	Mucor	Mucor_circinelloides	k__Fungi; p__Mucoromycota; c__Mucoromycetes; o__Mucorales; f__Mucoraceae; g__Mucor; s__Mucor_circinelloides	fig4_q30_PE_cutadapt_unite_blast_top1_rescue	Cutadapt	PE	PE	Cutadapt
b071af43257d5c4de2339fe5cbf735d2	UNITE	Fungi_k	Fungi_k	k__Fungi; p__Fungi_k; c__Fungi_k; o__Fungi_k; f__Fungi_k; g__Fungi_k; s__Fungi_k	fig4_q30_PE_cutadapt_unite_blast_top1_rescue	Cutadapt	PE	PE	Cutadapt
216f8b39045b9b00c7f830736ee9bc59	UNITE	Ascomycota_p	Ascomycota_p	k__Fungi; p__Ascomycota; c__Ascomycota_p; o__Ascomycota_p; f__Ascomycota_p; g__Ascomycota_p; s__Ascomycota_p	fig4_q30_PE_cutadapt_unite_blast_top1_rescue	Cutadapt	PE	PE	Cutadapt
63f1a87072986331d33badecc342608c	UNITE	Fungi_k	Fungi_k	k__Fungi; p__Fungi_k; c__Fungi_k; o__Fungi_k; f__Fungi_k; g__Fungi_k; s__Fungi_k	fig4_q30_PE_cutadapt_unite_blast_top1_rescue	Cutadapt	PE	PE	Cutadapt
f49e5929ca3833c66e1441cdadb318b5	UNITE	Ascomycota_p	Ascomycota_p	k__Fungi; p__Ascomycota; c__Ascomycota_p; o__Ascomycota_p; f__Ascomycota_p; g__Ascomycota_p; s__Ascomycota_p	fig4_q30_PE_cutadapt_unite_blast_top1_rescue	Cutadapt	PE	PE	Cutadapt
aea3e03e30b06124e1d93a28dd05f1e6	UNITE	Ascomycota_p	Ascomycota_p	k__Fungi; p__Ascomycota; c__Ascomycota_p; o__Ascomycota_p; f__Ascomycota_p; g__Ascomycota_p; s__Ascomycota_p	fig4_q30_PE_cutadapt_unite_blast_top1_rescue	Cutadapt	PE	PE	Cutadapt
c55c882cd5b0311b9de7f084c67c9416	UNITE	Ascomycota_p	Ascomycota_p	k__Fungi; p__Ascomycota; c__Ascomycota_p; o__Ascomycota_p; f__Ascomycota_p; g__Ascomycota_p; s__Ascomycota_p	fig4_q30_PE_cutadapt_unite_blast_top1_rescue	Cutadapt	PE	PE	Cutadapt
2abd97d819164ca22fea7fc261ffc6f7	UNITE	Ascomycota_p	Ascomycota_p	k__Fungi; p__Ascomycota; c__Ascomycota_p; o__Ascomycota_p; f__Ascomycota_p; g__Ascomycota_p; s__Ascomycota_p	fig4_q30_PE_cutadapt_unite_blast_top1_rescue	Cutadapt	PE	PE	Cutadapt
e0e9522799898c83f9f0e45ef54fe8b0	UNITE	Fungi_k	Fungi_k	k__Fungi; p__Fungi_k; c__Fungi_k; o__Fungi_k; f__Fungi_k; g__Fungi_k; s__Fungi_k	fig4_q30_PE_cutadapt_unite_blast_top1_rescue	Cutadapt	PE	PE	Cutadapt
12bedaf58ec89b5e05c19ad026fdaf9c	UNITE	Ascomycota_p	Ascomycota_p	k__Fungi; p__Ascomycota; c__Ascomycota_p; o__Ascomycota_p; f__Ascomycota_p; g__Ascomycota_p; s__Ascomycota_p	fig4_q30_PE_cutadapt_unite_blast_top1_rescue	Cutadapt	PE	PE	Cutadapt
ec5862344e2468f6db640be9b7b2db07	UNITE	Fungi_k	Fungi_k	k__Fungi; p__Fungi_k; c__Fungi_k; o__Fungi_k; f__Fungi_k; g__Fungi_k; s__Fungi_k	fig4_q30_PE_cutadapt_unite_blast_top1_rescue	Cutadapt	PE	PE	Cutadapt
b7af39848139236f0e6c6b805ac1e03a	UNITE	Aspergillus	Aspergillus_fumigatus	k__Fungi; p__Ascomycota; c__Eurotiomycetes; o__Eurotiales; f__Aspergillaceae; g__Aspergillus; s__Aspergillus_fumigatus	fig4_q30_PE_cutadapt_unite_blast_top1_rescue	Cutadapt	PE	PE	Cutadapt
a6465fce89de2e231daebd63bfc0b190	UNITE	Burgoa	Burgoa_verzuoliana	k__Fungi; p__Basidiomycota; c__Agaricomycetes; o__Cantharellales; f__Hydnaceae; g__Burgoa; s__Burgoa_verzuoliana	fig4_q30_PE_cutadapt_unite_blast_top1_rescue	Cutadapt	PE	PE	Cutadapt
3d70ec70dc3495e97569bc5f82356e79	UNITE	Penicillium	Penicillium_brevicompactum	k__Fungi; p__Ascomycota; c__Eurotiomycetes; o__Eurotiales; f__Aspergillaceae; g__Penicillium; s__Penicillium_brevicompactum	fig4_q30_PE_cutadapt_unite_blast_top1_rescue	Cutadapt	PE	PE	Cutadapt
d016750395fb04761d3346b6911b9ddb	UNITE	Ascomycota_p	Ascomycota_p	k__Fungi; p__Ascomycota; c__Ascomycota_p; o__Ascomycota_p; f__Ascomycota_p; g__Ascomycota_p; s__Ascomycota_p	fig4_q30_PE_cutadapt_unite_blast_top1_rescue	Cutadapt	PE	PE	Cutadapt
49571ba106c5eaf7edcc41ad9aabb51c	UNITE	Penicillium	Unclassified	k__Fungi; p__Ascomycota; c__Eurotiomycetes; o__Eurotiales; f__Aspergillaceae; g__Penicillium; s__Penicillium_g	fig4_q30_PE_cutadapt_unite_blast_top1_rescue	Cutadapt	PE	PE	Cutadapt
ad9491bf7adf542567e36638860807a3	UNITE	Asterostroma	Unclassified	k__Fungi; p__Basidiomycota; c__Agaricomycetes; o__Russulales; f__Peniophoraceae; g__Asterostroma; s__Asterostroma_g	fig4_q30_PE_cutadapt_unite_blast_top1_rescue	Cutadapt	PE	PE	Cutadapt
327ac8462f09dcda6956148eee117615	UNITE	Cystobasidium	Cystobasidium_slooffiae	k__Fungi; p__Basidiomycota; c__Cystobasidiomycetes; o__Cystobasidiales; f__Cystobasidiaceae; g__Cystobasidium; s__Cystobasidium_slooffiae	fig4_q30_PE_cutadapt_unite_blast_top1_rescue	Cutadapt	PE	PE	Cutadapt
c97cb7a6c9ebb46e3770a690678d2f8d	UNITE	Fungi_k	Fungi_k	k__Fungi; p__Fungi_k; c__Fungi_k; o__Fungi_k; f__Fungi_k; g__Fungi_k; s__Fungi_k	fig4_q30_PE_cutadapt_unite_blast_top1_rescue	Cutadapt	PE	PE	Cutadapt
0752dc88c365db47a824bafc2310dd10	UNITE	Candolleomyces	Candolleomyces_sulcatotuberculosus	k__Fungi; p__Basidiomycota; c__Agaricomycetes; o__Agaricales; f__Psathyrellaceae; g__Candolleomyces; s__Candolleomyces_sulcatotuberculosus	fig4_q30_PE_cutadapt_unite_blast_top1_rescue	Cutadapt	PE	PE	Cutadapt
d121c3d0e035fe1d0b878d54314a0f3f	UNITE	Penicillium	Penicillium_sumatraense	k__Fungi; p__Ascomycota; c__Eurotiomycetes; o__Eurotiales; f__Aspergillaceae; g__Penicillium; s__Penicillium_sumatraense	fig4_q30_PE_cutadapt_unite_blast_top1_rescue	Cutadapt	PE	PE	Cutadapt
df30642ec969952fcdf4d28844df8343	UNITE	Ascomycota_p	Ascomycota_p	k__Fungi; p__Ascomycota; c__Ascomycota_p; o__Ascomycota_p; f__Ascomycota_p; g__Ascomycota_p; s__Ascomycota_p	fig4_q30_PE_cutadapt_unite_blast_top1_rescue	Cutadapt	PE	PE	Cutadapt
ec9d49717f5ec126ae4334e7cf55dc5c	UNITE	Ascomycota_p	Ascomycota_p	k__Fungi; p__Ascomycota; c__Ascomycota_p; o__Ascomycota_p; f__Ascomycota_p; g__Ascomycota_p; s__Ascomycota_p	fig4_q30_PE_cutadapt_unite_blast_top1_rescue	Cutadapt	PE	PE	Cutadapt
c112e1a48e0a652986fa8042932e4aba	UNITE	Ascomycota_p	Ascomycota_p	k__Fungi; p__Ascomycota; c__Ascomycota_p; o__Ascomycota_p; f__Ascomycota_p; g__Ascomycota_p; s__Ascomycota_p	fig4_q30_PE_cutadapt_unite_blast_top1_rescue	Cutadapt	PE	PE	Cutadapt
3dd71b10d0b8f04b121398f33b1ed917	UNITE	Fungi_k	Fungi_k	k__Fungi; p__Fungi_k; c__Fungi_k; o__Fungi_k; f__Fungi_k; g__Fungi_k; s__Fungi_k	fig4_q30_PE_cutadapt_unite_blast_top1_rescue	Cutadapt	PE	PE	Cutadapt
cba7e2526abc568cdf9b74db64253fcd	UNITE	Rhodotorula	Rhodotorula_mucilaginosa	k__Fungi; p__Basidiomycota; c__Microbotryomycetes; o__Sporidiobolales; f__Sporidiobolaceae; g__Rhodotorula; s__Rhodotorula_mucilaginosa	fig4_q30_PE_cutadapt_unite_blast_top1_rescue	Cutadapt	PE	PE	Cutadapt
31560b5d879415f9d225ce0802e2fd05	UNITE	Ascomycota_p	Ascomycota_p	k__Fungi; p__Ascomycota; c__Ascomycota_p; o__Ascomycota_p; f__Ascomycota_p; g__Ascomycota_p; s__Ascomycota_p	fig4_q30_PE_cutadapt_unite_blast_top1_rescue	Cutadapt	PE	PE	Cutadapt
7040a2dcaf918f6a747f01f90867b3ea	UNITE	Ascomycota_p	Ascomycota_p	k__Fungi; p__Ascomycota; c__Ascomycota_p; o__Ascomycota_p; f__Ascomycota_p; g__Ascomycota_p; s__Ascomycota_p	fig4_q30_PE_cutadapt_unite_blast_top1_rescue	Cutadapt	PE	PE	Cutadapt
763363ca587175a2a01b16bee819a51f	UNITE	Ascomycota_p	Ascomycota_p	k__Fungi; p__Ascomycota; c__Ascomycota_p; o__Ascomycota_p; f__Ascomycota_p; g__Ascomycota_p; s__Ascomycota_p	fig4_q30_PE_cutadapt_unite_blast_top1_rescue	Cutadapt	PE	PE	Cutadapt
12bc1df8e5526b1c0c554f895543944a	UNITE	Candida	Candida_albicans	k__Fungi; p__Ascomycota; c__Saccharomycetes; o__Saccharomycetales; f__Saccharomycetales_fam_Incertae_sedis; g__Candida; s__Candida_albicans	fig4_q30_PE_cutadapt_unite_blast_top1_rescue	Cutadapt	PE	PE	Cutadapt
42d8b80b62a028d308d496be03ddc17e	UNITE	Ascomycota_p	Ascomycota_p	k__Fungi; p__Ascomycota; c__Ascomycota_p; o__Ascomycota_p; f__Ascomycota_p; g__Ascomycota_p; s__Ascomycota_p	fig4_q30_PE_cutadapt_unite_blast_top1_rescue	Cutadapt	PE	PE	Cutadapt
fb7034b7e4ae776739fa3661b5089842	UNITE	Ascomycota_p	Ascomycota_p	k__Fungi; p__Ascomycota; c__Ascomycota_p; o__Ascomycota_p; f__Ascomycota_p; g__Ascomycota_p; s__Ascomycota_p	fig4_q30_PE_cutadapt_unite_blast_top1_rescue	Cutadapt	PE	PE	Cutadapt
05a29d43e7926471622da8fb7de61e0d	UNITE	Ascomycota_p	Ascomycota_p	k__Fungi; p__Ascomycota; c__Ascomycota_p; o__Ascomycota_p; f__Ascomycota_p; g__Ascomycota_p; s__Ascomycota_p	fig4_q30_PE_cutadapt_unite_blast_top1_rescue	Cutadapt	PE	PE	Cutadapt
30145686d304e71fdb7d7fa50e09e432	UNITE	Lecanorales_o	Lecanorales_o	k__Fungi; p__Ascomycota; c__Lecanoromycetes; o__Lecanorales; f__Lecanorales_o; g__Lecanorales_o; s__Lecanorales_o	fig4_q30_PE_cutadapt_unite_blast_top1_rescue	Cutadapt	PE	PE	Cutadapt
fa80b39ca2cea9ec824ab8329503c0b6	UNITE	Candida	Candida_albicans	k__Fungi; p__Ascomycota; c__Saccharomycetes; o__Saccharomycetales; f__Saccharomycetales_fam_Incertae_sedis; g__Candida; s__Candida_albicans	fig4_q30_PE_cutadapt_unite_blast_top1_rescue	Cutadapt	PE	PE	Cutadapt
85306328b28868171608c7a174ef9714	UNITE	Fungi_k	Fungi_k	k__Fungi; p__Fungi_k; c__Fungi_k; o__Fungi_k; f__Fungi_k; g__Fungi_k; s__Fungi_k	fig4_q30_PE_cutadapt_unite_blast_top1_rescue	Cutadapt	PE	PE	Cutadapt
06dcdeaf8b7e48026a27971278d6783a	UNITE	Fungi_k	Fungi_k	k__Fungi; p__Fungi_k; c__Fungi_k; o__Fungi_k; f__Fungi_k; g__Fungi_k; s__Fungi_k	fig4_q30_PE_cutadapt_unite_blast_top1_rescue	Cutadapt	PE	PE	Cutadapt
cceb7ee36727c84880c1b84ccd4f3adc	UNITE	Ascomycota_p	Ascomycota_p	k__Fungi; p__Ascomycota; c__Ascomycota_p; o__Ascomycota_p; f__Ascomycota_p; g__Ascomycota_p; s__Ascomycota_p	fig4_q30_PE_cutadapt_unite_blast_top1_rescue	Cutadapt	PE	PE	Cutadapt
59518884a6394f163c1fd8bf32724986	UNITE	Kazachstania	Kazachstania_servazzii	k__Fungi; p__Ascomycota; c__Saccharomycetes; o__Saccharomycetales; f__Saccharomycetaceae; g__Kazachstania; s__Kazachstania_servazzii	fig4_q30_PE_cutadapt_unite_blast_top1_rescue	Cutadapt	PE	PE	Cutadapt
55e72fb625f146ef1f9405078ed9eb83	UNITE	Aspergillus	Unclassified	k__Fungi; p__Ascomycota; c__Eurotiomycetes; o__Eurotiales; f__Aspergillaceae; g__Aspergillus; s__Aspergillus_g	fig4_q30_PE_cutadapt_unite_blast_top1_rescue	Cutadapt	PE	PE	Cutadapt
7df5ea44dd745fc344db1c2cf3dad914	UNITE	Ascomycota_p	Ascomycota_p	k__Fungi; p__Ascomycota; c__Ascomycota_p; o__Ascomycota_p; f__Ascomycota_p; g__Ascomycota_p; s__Ascomycota_p	fig4_q30_PE_cutadapt_unite_blast_top1_rescue	Cutadapt	PE	PE	Cutadapt
8fe099ea85b1426f980cfbc7217317c0	UNITE	Ascomycota_p	Ascomycota_p	k__Fungi; p__Ascomycota; c__Ascomycota_p; o__Ascomycota_p; f__Ascomycota_p; g__Ascomycota_p; s__Ascomycota_p	fig4_q30_PE_cutadapt_unite_blast_top1_rescue	Cutadapt	PE	PE	Cutadapt
3b6a50bec08bd3931952ed31f36ea1fa	UNITE	Ascomycota_p	Ascomycota_p	k__Fungi; p__Ascomycota; c__Ascomycota_p; o__Ascomycota_p; f__Ascomycota_p; g__Ascomycota_p; s__Ascomycota_p	fig4_q30_PE_cutadapt_unite_blast_top1_rescue	Cutadapt	PE	PE	Cutadapt
e3064899818d6e27aec934443a9804d2	UNITE	Asterostroma	Unclassified	k__Fungi; p__Basidiomycota; c__Agaricomycetes; o__Russulales; f__Peniophoraceae; g__Asterostroma; s__Asterostroma_g	fig4_q30_PE_cutadapt_unite_blast_top1_rescue	Cutadapt	PE	PE	Cutadapt
b1840536a49192c93eb7a5bbd8032543	UNITE	Didymellaceae_f	Didymellaceae_f	k__Fungi; p__Ascomycota; c__Dothideomycetes; o__Pleosporales; f__Didymellaceae; g__Didymellaceae_f; s__Didymellaceae_f	fig4_q30_PE_cutadapt_unite_blast_top1_rescue	Cutadapt	PE	PE	Cutadapt
70cbce5d61cb2030b63c82c666f54081	UNITE	Ascomycota_p	Ascomycota_p	k__Fungi; p__Ascomycota; c__Ascomycota_p; o__Ascomycota_p; f__Ascomycota_p; g__Ascomycota_p; s__Ascomycota_p	fig4_q30_PE_cutadapt_unite_blast_top1_rescue	Cutadapt	PE	PE	Cutadapt
71859ab7f1603ff9b3d59324e492f605	UNITE	Cutaneotrichosporon	Cutaneotrichosporon_debeurmannianum	k__Fungi; p__Basidiomycota; c__Tremellomycetes; o__Trichosporonales; f__Trichosporonaceae; g__Cutaneotrichosporon; s__Cutaneotrichosporon_debeurmannianum	fig4_q30_PE_cutadapt_unite_blast_top1_rescue	Cutadapt	PE	PE	Cutadapt
6d1824cabce6d9f8ada12085fc62e3b5	UNITE	Trechispora	Unclassified	k__Fungi; p__Basidiomycota; c__Agaricomycetes; o__Trechisporales; f__Hydnodontaceae; g__Trechispora; s__Trechispora_g	fig4_q30_PE_cutadapt_unite_blast_top1_rescue	Cutadapt	PE	PE	Cutadapt
505e8cc5528f6813a8ba55549fb87686	UNITE	Ascomycota_p	Ascomycota_p	k__Fungi; p__Ascomycota; c__Ascomycota_p; o__Ascomycota_p; f__Ascomycota_p; g__Ascomycota_p; s__Ascomycota_p	fig4_q30_PE_cutadapt_unite_blast_top1_rescue	Cutadapt	PE	PE	Cutadapt
a0f3d0f291fd91622c1c6201dbd2ee9b	UNITE	Ascomycota_p	Ascomycota_p	k__Fungi; p__Ascomycota; c__Ascomycota_p; o__Ascomycota_p; f__Ascomycota_p; g__Ascomycota_p; s__Ascomycota_p	fig4_q30_PE_cutadapt_unite_blast_top1_rescue	Cutadapt	PE	PE	Cutadapt
bfa5eb72b6b527fd3f42d358351f70df	UNITE	Lecanorales_o	Lecanorales_o	k__Fungi; p__Ascomycota; c__Lecanoromycetes; o__Lecanorales; f__Lecanorales_o; g__Lecanorales_o; s__Lecanorales_o	fig4_q30_PE_cutadapt_unite_blast_top1_rescue	Cutadapt	PE	PE	Cutadapt
95cba38e7659470f90eca3c6934caa1e	UNITE	Ascomycota_p	Ascomycota_p	k__Fungi; p__Ascomycota; c__Ascomycota_p; o__Ascomycota_p; f__Ascomycota_p; g__Ascomycota_p; s__Ascomycota_p	fig4_q30_PE_cutadapt_unite_blast_top1_rescue	Cutadapt	PE	PE	Cutadapt
735b4ee401f3ba5f9cba26f586875eb9	UNITE	Fungi_k	Fungi_k	k__Fungi; p__Fungi_k; c__Fungi_k; o__Fungi_k; f__Fungi_k; g__Fungi_k; s__Fungi_k	fig4_q30_PE_cutadapt_unite_blast_top1_rescue	Cutadapt	PE	PE	Cutadapt
ab31fbe2d352b712591004902b64d498	UNITE	Ascomycota_p	Ascomycota_p	k__Fungi; p__Ascomycota; c__Ascomycota_p; o__Ascomycota_p; f__Ascomycota_p; g__Ascomycota_p; s__Ascomycota_p	fig4_q30_PE_cutadapt_unite_blast_top1_rescue	Cutadapt	PE	PE	Cutadapt
12f2f6a9a7cbb3ff7cd71234932b8205	UNITE	Ascomycota_p	Ascomycota_p	k__Fungi; p__Ascomycota; c__Ascomycota_p; o__Ascomycota_p; f__Ascomycota_p; g__Ascomycota_p; s__Ascomycota_p	fig4_q30_PE_cutadapt_unite_blast_top1_rescue	Cutadapt	PE	PE	Cutadapt
c0447e340233bf2670ca6ce846b113ed	UNITE	Cryptococcus	Cryptococcus_neoformans	k__Fungi; p__Basidiomycota; c__Tremellomycetes; o__Tremellales; f__Cryptococcaceae; g__Cryptococcus; s__Cryptococcus_neoformans	fig4_q30_PE_cutadapt_unite_blast_top1_rescue	Cutadapt	PE	PE	Cutadapt
93fea7c2c9ed7a874c452b6159d40d2a	UNITE	Ascomycota_p	Ascomycota_p	k__Fungi; p__Ascomycota; c__Ascomycota_p; o__Ascomycota_p; f__Ascomycota_p; g__Ascomycota_p; s__Ascomycota_p	fig4_q30_PE_cutadapt_unite_blast_top1_rescue	Cutadapt	PE	PE	Cutadapt
71945500e145bbbd3a73efe58b4df3e6	UNITE	Ascomycota_p	Ascomycota_p	k__Fungi; p__Ascomycota; c__Ascomycota_p; o__Ascomycota_p; f__Ascomycota_p; g__Ascomycota_p; s__Ascomycota_p	fig4_q30_PE_cutadapt_unite_blast_top1_rescue	Cutadapt	PE	PE	Cutadapt
0a830187c3805daf0287eb3179767638	UNITE	Ascomycota_p	Ascomycota_p	k__Fungi; p__Ascomycota; c__Ascomycota_p; o__Ascomycota_p; f__Ascomycota_p; g__Ascomycota_p; s__Ascomycota_p	fig4_q30_PE_cutadapt_unite_blast_top1_rescue	Cutadapt	PE	PE	Cutadapt
03adce78e88ff12a6e2bd982b4276941	UNITE	Ascomycota_p	Ascomycota_p	k__Fungi; p__Ascomycota; c__Ascomycota_p; o__Ascomycota_p; f__Ascomycota_p; g__Ascomycota_p; s__Ascomycota_p	fig4_q30_PE_cutadapt_unite_blast_top1_rescue	Cutadapt	PE	PE	Cutadapt
49a3e816a50dc0d518ef46b38d94ddb4	UNITE	Ascomycota_p	Ascomycota_p	k__Fungi; p__Ascomycota; c__Ascomycota_p; o__Ascomycota_p; f__Ascomycota_p; g__Ascomycota_p; s__Ascomycota_p	fig4_q30_PE_cutadapt_unite_blast_top1_rescue	Cutadapt	PE	PE	Cutadapt
205ab5dacfd29a76e5283f8a2f1b2919	UNITE	Ascomycota_p	Ascomycota_p	k__Fungi; p__Ascomycota; c__Ascomycota_p; o__Ascomycota_p; f__Ascomycota_p; g__Ascomycota_p; s__Ascomycota_p	fig4_q30_PE_cutadapt_unite_blast_top1_rescue	Cutadapt	PE	PE	Cutadapt
02c332c3221a7fc18460f12ac0111d82	UNITE	Ascomycota_p	Ascomycota_p	k__Fungi; p__Ascomycota; c__Ascomycota_p; o__Ascomycota_p; f__Ascomycota_p; g__Ascomycota_p; s__Ascomycota_p	fig4_q30_PE_cutadapt_unite_blast_top1_rescue	Cutadapt	PE	PE	Cutadapt
727da6234c9362043da2e1abc6d319f7	UNITE	Ascomycota_p	Ascomycota_p	k__Fungi; p__Ascomycota; c__Ascomycota_p; o__Ascomycota_p; f__Ascomycota_p; g__Ascomycota_p; s__Ascomycota_p	fig4_q30_PE_cutadapt_unite_blast_top1_rescue	Cutadapt	PE	PE	Cutadapt
b4669d24d11cdccd9bd463a852d555bc	UNITE	Ascomycota_p	Ascomycota_p	k__Fungi; p__Ascomycota; c__Ascomycota_p; o__Ascomycota_p; f__Ascomycota_p; g__Ascomycota_p; s__Ascomycota_p	fig4_q30_PE_cutadapt_unite_blast_top1_rescue	Cutadapt	PE	PE	Cutadapt
ddc938d077e73fa80d60433ea0f065b1	UNITE	Aspergillus	Aspergillus_fumigatus	k__Fungi; p__Ascomycota; c__Eurotiomycetes; o__Eurotiales; f__Aspergillaceae; g__Aspergillus; s__Aspergillus_fumigatus	fig4_q30_PE_cutadapt_unite_blast_top1_rescue	Cutadapt	PE	PE	Cutadapt
af9cef9bdf2ea4966fe74e7f66f4166d	UNITE	Ascomycota_p	Ascomycota_p	k__Fungi; p__Ascomycota; c__Ascomycota_p; o__Ascomycota_p; f__Ascomycota_p; g__Ascomycota_p; s__Ascomycota_p	fig4_q30_PE_cutadapt_unite_blast_top1_rescue	Cutadapt	PE	PE	Cutadapt
d934a39e0d71a2b5050db4496921bb9c	UNITE	Fungi_k	Fungi_k	k__Fungi; p__Fungi_k; c__Fungi_k; o__Fungi_k; f__Fungi_k; g__Fungi_k; s__Fungi_k	fig4_q30_PE_cutadapt_unite_blast_top1_rescue	Cutadapt	PE	PE	Cutadapt
2fbdf5a89725b2d9f30df08f41b4ad46	UNITE	Fungi_k	Fungi_k	k__Fungi; p__Fungi_k; c__Fungi_k; o__Fungi_k; f__Fungi_k; g__Fungi_k; s__Fungi_k	fig4_q30_PE_cutadapt_unite_blast_top1_rescue	Cutadapt	PE	PE	Cutadapt
dce6cdf241c1820d8fd691f257ee721f	UNITE	Nigrospora	Unclassified	k__Fungi; p__Ascomycota; c__Sordariomycetes; o__Amphisphaeriales; f__Apiosporaceae; g__Nigrospora; s__Nigrospora_g	fig4_q30_PE_cutadapt_unite_blast_top1_rescue	Cutadapt	PE	PE	Cutadapt
87d1bd5b2855b9f226ac0eb2cb071be7	UNITE	Ascomycota_p	Ascomycota_p	k__Fungi; p__Ascomycota; c__Ascomycota_p; o__Ascomycota_p; f__Ascomycota_p; g__Ascomycota_p; s__Ascomycota_p	fig4_q30_PE_cutadapt_unite_blast_top1_rescue	Cutadapt	PE	PE	Cutadapt
8a04f1876109a8ff5839566f4fd606d6	UNITE	Fungi_k	Fungi_k	k__Fungi; p__Fungi_k; c__Fungi_k; o__Fungi_k; f__Fungi_k; g__Fungi_k; s__Fungi_k	fig4_q30_PE_cutadapt_unite_blast_top1_rescue	Cutadapt	PE	PE	Cutadapt
bc6bcc69956b0d2e7c5a60ce32e14b65	UNITE	Candida	Candida_albicans	k__Fungi; p__Ascomycota; c__Saccharomycetes; o__Saccharomycetales; f__Saccharomycetales_fam_Incertae_sedis; g__Candida; s__Candida_albicans	fig4_q30_PE_cutadapt_unite_blast_top1_rescue	Cutadapt	PE	PE	Cutadapt
32743da7dde0b6ffb4f006884c7a7b8d	UNITE	Lecanoromycetes_c	Lecanoromycetes_c	k__Fungi; p__Ascomycota; c__Lecanoromycetes; o__Lecanoromycetes_c; f__Lecanoromycetes_c; g__Lecanoromycetes_c; s__Lecanoromycetes_c	fig4_q30_PE_cutadapt_unite_blast_top1_rescue	Cutadapt	PE	PE	Cutadapt
f3a42145228ac47bb4d37a0cdda6b1ee	UNITE	Fungi_k	Fungi_k	k__Fungi; p__Fungi_k; c__Fungi_k; o__Fungi_k; f__Fungi_k; g__Fungi_k; s__Fungi_k	fig4_q30_PE_cutadapt_unite_blast_top1_rescue	Cutadapt	PE	PE	Cutadapt
ec8817a9df86a0eeb249c443053142e7	UNITE	Irpex	Irpex_hydnoides	k__Fungi; p__Basidiomycota; c__Agaricomycetes; o__Polyporales; f__Irpicaceae; g__Irpex; s__Irpex_hydnoides	fig4_q30_PE_cutadapt_unite_blast_top1_rescue	Cutadapt	PE	PE	Cutadapt
4cec1c35ec0504a1e410d8aed292dd5e	UNITE	Fungi_k	Fungi_k	k__Fungi; p__Fungi_k; c__Fungi_k; o__Fungi_k; f__Fungi_k; g__Fungi_k; s__Fungi_k	fig4_q30_PE_cutadapt_unite_blast_top1_rescue	Cutadapt	PE	PE	Cutadapt
f6a521a0d8aa769735adaf5767c25c2a	UNITE	Cutaneotrichosporon	Cutaneotrichosporon_mucoides	k__Fungi; p__Basidiomycota; c__Tremellomycetes; o__Trichosporonales; f__Trichosporonaceae; g__Cutaneotrichosporon; s__Cutaneotrichosporon_mucoides	fig4_q30_PE_cutadapt_unite_blast_top1_rescue	Cutadapt	PE	PE	Cutadapt
1b69e545bedbbe7f5b89775d7ef84275	UNITE	Fungi_k	Fungi_k	k__Fungi; p__Fungi_k; c__Fungi_k; o__Fungi_k; f__Fungi_k; g__Fungi_k; s__Fungi_k	fig4_q30_PE_cutadapt_unite_blast_top1_rescue	Cutadapt	PE	PE	Cutadapt
d6c8b47cc1bb5f8553022804cd24cea0	UNITE	Debaryomyces	Debaryomyces_delbrueckii	k__Fungi; p__Ascomycota; c__Saccharomycetes; o__Saccharomycetales; f__Debaryomycetaceae; g__Debaryomyces; s__Debaryomyces_delbrueckii	fig4_q30_PE_cutadapt_unite_blast_top1_rescue	Cutadapt	PE	PE	Cutadapt
9b465a6e0841bfbf5ea5022c737fb636	UNITE	Ascomycota_p	Ascomycota_p	k__Fungi; p__Ascomycota; c__Ascomycota_p; o__Ascomycota_p; f__Ascomycota_p; g__Ascomycota_p; s__Ascomycota_p	fig4_q30_PE_cutadapt_unite_blast_top1_rescue	Cutadapt	PE	PE	Cutadapt
68cf4b4b59982cc3e29ba6ce3db880c2	UNITE	Ascomycota_p	Ascomycota_p	k__Fungi; p__Ascomycota; c__Ascomycota_p; o__Ascomycota_p; f__Ascomycota_p; g__Ascomycota_p; s__Ascomycota_p	fig4_q30_PE_cutadapt_unite_blast_top1_rescue	Cutadapt	PE	PE	Cutadapt
b82f9d330ad2b2c5e255d8af52e82b94	UNITE	Fungi_k	Fungi_k	k__Fungi; p__Fungi_k; c__Fungi_k; o__Fungi_k; f__Fungi_k; g__Fungi_k; s__Fungi_k	fig4_q30_PE_cutadapt_unite_blast_top1_rescue	Cutadapt	PE	PE	Cutadapt
e6fd0ca5e1ff2bc07426d361bf4a7867	UNITE	Fungi_k	Fungi_k	k__Fungi; p__Fungi_k; c__Fungi_k; o__Fungi_k; f__Fungi_k; g__Fungi_k; s__Fungi_k	fig4_q30_PE_cutadapt_unite_blast_top1_rescue	Cutadapt	PE	PE	Cutadapt
dca378344034475d8837d2a486ffe7cb	UNITE	Ascomycota_p	Ascomycota_p	k__Fungi; p__Ascomycota; c__Ascomycota_p; o__Ascomycota_p; f__Ascomycota_p; g__Ascomycota_p; s__Ascomycota_p	fig4_q30_PE_cutadapt_unite_blast_top1_rescue	Cutadapt	PE	PE	Cutadapt
c41d0d22037e23e4eb1db6f53cd44bea	UNITE	Cryptococcus	Cryptococcus_neoformans	k__Fungi; p__Basidiomycota; c__Tremellomycetes; o__Tremellales; f__Cryptococcaceae; g__Cryptococcus; s__Cryptococcus_neoformans	fig4_q30_PE_cutadapt_unite_blast_top1_rescue	Cutadapt	PE	PE	Cutadapt
55f94a753a4f27fc03739231cebbf40d	UNITE	Ascomycota_p	Ascomycota_p	k__Fungi; p__Ascomycota; c__Ascomycota_p; o__Ascomycota_p; f__Ascomycota_p; g__Ascomycota_p; s__Ascomycota_p	fig4_q30_PE_cutadapt_unite_blast_top1_rescue	Cutadapt	PE	PE	Cutadapt
cc08f8f31d340f9fcaa25592bf1a9325	UNITE	Malassezia	Unclassified	k__Fungi; p__Basidiomycota; c__Malasseziomycetes; o__Malasseziales; f__Malasseziaceae; g__Malassezia; s__Malassezia_g	fig4_q30_PE_cutadapt_unite_blast_top1_rescue	Cutadapt	PE	PE	Cutadapt
080d5100561ec2c06ed6b12f04e6765e	UNITE	Fungi_k	Fungi_k	k__Fungi; p__Fungi_k; c__Fungi_k; o__Fungi_k; f__Fungi_k; g__Fungi_k; s__Fungi_k	fig4_q30_PE_cutadapt_unite_blast_top1_rescue	Cutadapt	PE	PE	Cutadapt
b191d950a9a65d52c43bd7aaa1c286ee	UNITE	Ascomycota_p	Ascomycota_p	k__Fungi; p__Ascomycota; c__Ascomycota_p; o__Ascomycota_p; f__Ascomycota_p; g__Ascomycota_p; s__Ascomycota_p	fig4_q30_PE_cutadapt_unite_blast_top1_rescue	Cutadapt	PE	PE	Cutadapt
73893c73559817285246302cf5b1f21a	UNITE	Penicillium	Unclassified	k__Fungi; p__Ascomycota; c__Eurotiomycetes; o__Eurotiales; f__Aspergillaceae; g__Penicillium; s__Penicillium_g	fig4_q30_PE_cutadapt_unite_blast_top1_rescue	Cutadapt	PE	PE	Cutadapt
cb10a86d6b17ba0f9f4c0db650f1d52c	UNITE	Didymellaceae_f	Didymellaceae_f	k__Fungi; p__Ascomycota; c__Dothideomycetes; o__Pleosporales; f__Didymellaceae; g__Didymellaceae_f; s__Didymellaceae_f	fig4_q30_PE_cutadapt_unite_blast_top1_rescue	Cutadapt	PE	PE	Cutadapt
242a0769509ab0072292f369fe9712cb	UNITE	Plagiostoma	Unclassified	k__Fungi; p__Ascomycota; c__Sordariomycetes; o__Diaporthales; f__Gnomoniaceae; g__Plagiostoma; s__Plagiostoma_g	fig4_q30_PE_cutadapt_unite_blast_top1_rescue	Cutadapt	PE	PE	Cutadapt
4539f96340bbdd30f7074996b09675d4	UNITE	Lecanoromycetes_c	Lecanoromycetes_c	k__Fungi; p__Ascomycota; c__Lecanoromycetes; o__Lecanoromycetes_c; f__Lecanoromycetes_c; g__Lecanoromycetes_c; s__Lecanoromycetes_c	fig4_q30_PE_cutadapt_unite_blast_top1_rescue	Cutadapt	PE	PE	Cutadapt
bb9df888d0edd2d01f6b8ac2ba9dde38	UNITE	Fungi_k	Fungi_k	k__Fungi; p__Fungi_k; c__Fungi_k; o__Fungi_k; f__Fungi_k; g__Fungi_k; s__Fungi_k	fig4_q30_PE_cutadapt_unite_blast_top1_rescue	Cutadapt	PE	PE	Cutadapt
a0fd778266947c5a5022b199532692d2	UNITE	Ascomycota_p	Ascomycota_p	k__Fungi; p__Ascomycota; c__Ascomycota_p; o__Ascomycota_p; f__Ascomycota_p; g__Ascomycota_p; s__Ascomycota_p	fig4_q30_PE_cutadapt_unite_blast_top1_rescue	Cutadapt	PE	PE	Cutadapt
86c1a1016f87627c316841d03b0347aa	UNITE	Saccharomyces	Unclassified	k__Fungi; p__Ascomycota; c__Saccharomycetes; o__Saccharomycetales; f__Saccharomycetaceae; g__Saccharomyces; s__Saccharomyces_g	fig4_q30_PE_cutadapt_unite_blast_top1_rescue	Cutadapt	PE	PE	Cutadapt
eb280d3c9f9b72b9a987c894583394c9	UNITE	Ascomycota_p	Ascomycota_p	k__Fungi; p__Ascomycota; c__Ascomycota_p; o__Ascomycota_p; f__Ascomycota_p; g__Ascomycota_p; s__Ascomycota_p	fig4_q30_PE_cutadapt_unite_blast_top1_rescue	Cutadapt	PE	PE	Cutadapt
b08781976f9e9fcd6907ea42bfc40ce7	UNITE	Ascomycota_p	Ascomycota_p	k__Fungi; p__Ascomycota; c__Ascomycota_p; o__Ascomycota_p; f__Ascomycota_p; g__Ascomycota_p; s__Ascomycota_p	fig4_q30_PE_cutadapt_unite_blast_top1_rescue	Cutadapt	PE	PE	Cutadapt
6a85b597c165c35ce6800d5abf5bbf07	UNITE	Ascomycota_p	Ascomycota_p	k__Fungi; p__Ascomycota; c__Ascomycota_p; o__Ascomycota_p; f__Ascomycota_p; g__Ascomycota_p; s__Ascomycota_p	fig4_q30_PE_cutadapt_unite_blast_top1_rescue	Cutadapt	PE	PE	Cutadapt
6b4f5c8380f7afe17131a564daab247a	UNITE	Cutaneotrichosporon	Cutaneotrichosporon_mucoides	k__Fungi; p__Basidiomycota; c__Tremellomycetes; o__Trichosporonales; f__Trichosporonaceae; g__Cutaneotrichosporon; s__Cutaneotrichosporon_mucoides	fig4_q30_PE_cutadapt_unite_blast_top1_rescue	Cutadapt	PE	PE	Cutadapt
abd60db5ca7dd95c7782bf8e826ce4bd	UNITE	Fungi_k	Fungi_k	k__Fungi; p__Fungi_k; c__Fungi_k; o__Fungi_k; f__Fungi_k; g__Fungi_k; s__Fungi_k	fig4_q30_PE_cutadapt_unite_blast_top1_rescue	Cutadapt	PE	PE	Cutadapt
d7829289d2c65ee05c8bc548262f7462	UNITE	Fungi_k	Fungi_k	k__Fungi; p__Fungi_k; c__Fungi_k; o__Fungi_k; f__Fungi_k; g__Fungi_k; s__Fungi_k	fig4_q30_PE_cutadapt_unite_blast_top1_rescue	Cutadapt	PE	PE	Cutadapt
e49a1c33bff01b0baad3885264c9e2dc	UNITE	Cryptococcus	Cryptococcus_neoformans	k__Fungi; p__Basidiomycota; c__Tremellomycetes; o__Tremellales; f__Cryptococcaceae; g__Cryptococcus; s__Cryptococcus_neoformans	fig4_q30_PE_cutadapt_unite_blast_top1_rescue	Cutadapt	PE	PE	Cutadapt
cf67de0c1660116cbb49fdfe08f43ec7	UNITE	Candida	Candida_albicans	k__Fungi; p__Ascomycota; c__Saccharomycetes; o__Saccharomycetales; f__Saccharomycetales_fam_Incertae_sedis; g__Candida; s__Candida_albicans	fig4_q30_PE_cutadapt_unite_blast_top1_rescue	Cutadapt	PE	PE	Cutadapt
eed5e4d3a31942e1584d9ceffa60b00f	UNITE	Fungi_k	Fungi_k	k__Fungi; p__Fungi_k; c__Fungi_k; o__Fungi_k; f__Fungi_k; g__Fungi_k; s__Fungi_k	fig4_q30_PE_cutadapt_unite_blast_top1_rescue	Cutadapt	PE	PE	Cutadapt
6b8aaf1114108305afca11f0d57feed2	UNITE	Fungi_k	Fungi_k	k__Fungi; p__Fungi_k; c__Fungi_k; o__Fungi_k; f__Fungi_k; g__Fungi_k; s__Fungi_k	fig4_q30_PE_cutadapt_unite_blast_top1_rescue	Cutadapt	PE	PE	Cutadapt
d113cb0c70777652f1c5e5babc1945f8	UNITE	Pleosporales_o	Pleosporales_o	k__Fungi; p__Ascomycota; c__Dothideomycetes; o__Pleosporales; f__Pleosporales_o; g__Pleosporales_o; s__Pleosporales_o	fig4_q30_PE_cutadapt_unite_blast_top1_rescue	Cutadapt	PE	PE	Cutadapt
cab80b01344b2892d9a7eb759f13c776	UNITE	Ascomycota_p	Ascomycota_p	k__Fungi; p__Ascomycota; c__Ascomycota_p; o__Ascomycota_p; f__Ascomycota_p; g__Ascomycota_p; s__Ascomycota_p	fig4_q30_PE_cutadapt_unite_blast_top1_rescue	Cutadapt	PE	PE	Cutadapt
91a2226a1404a1ddb6b84c2cb3e22ef9	UNITE	Ascomycota_p	Ascomycota_p	k__Fungi; p__Ascomycota; c__Ascomycota_p; o__Ascomycota_p; f__Ascomycota_p; g__Ascomycota_p; s__Ascomycota_p	fig4_q30_PE_cutadapt_unite_blast_top1_rescue	Cutadapt	PE	PE	Cutadapt
30b16329ff6c395c2a4cfc8e6fcb799a	UNITE	Ascomycota_p	Ascomycota_p	k__Fungi; p__Ascomycota; c__Ascomycota_p; o__Ascomycota_p; f__Ascomycota_p; g__Ascomycota_p; s__Ascomycota_p	fig4_q30_PE_cutadapt_unite_blast_top1_rescue	Cutadapt	PE	PE	Cutadapt
7bcc41bca6086b958c287e878aba801a	UNITE	Ascomycota_p	Ascomycota_p	k__Fungi; p__Ascomycota; c__Ascomycota_p; o__Ascomycota_p; f__Ascomycota_p; g__Ascomycota_p; s__Ascomycota_p	fig4_q30_PE_cutadapt_unite_blast_top1_rescue	Cutadapt	PE	PE	Cutadapt
ff34f3db7fbb3ad8306614c173ba2319	UNITE	Fungi_k	Fungi_k	k__Fungi; p__Fungi_k; c__Fungi_k; o__Fungi_k; f__Fungi_k; g__Fungi_k; s__Fungi_k	fig4_q30_PE_cutadapt_unite_blast_top1_rescue	Cutadapt	PE	PE	Cutadapt
0e6108700c9a01c0be9929564a203813	UNITE	Leucosporidium	Leucosporidium_intermedium	k__Fungi; p__Basidiomycota; c__Microbotryomycetes; o__Leucosporidiales; f__Leucosporidiaceae; g__Leucosporidium; s__Leucosporidium_intermedium	fig4_q30_PE_cutadapt_unite_blast_top1_rescue	Cutadapt	PE	PE	Cutadapt
533388903b34a5fd264b5621ff9da2dd	UNITE	Ascomycota_p	Ascomycota_p	k__Fungi; p__Ascomycota; c__Ascomycota_p; o__Ascomycota_p; f__Ascomycota_p; g__Ascomycota_p; s__Ascomycota_p	fig4_q30_PE_cutadapt_unite_blast_top1_rescue	Cutadapt	PE	PE	Cutadapt
1797597fabec15ebe972f68a03ce19cd	UNITE	Ascomycota_p	Ascomycota_p	k__Fungi; p__Ascomycota; c__Ascomycota_p; o__Ascomycota_p; f__Ascomycota_p; g__Ascomycota_p; s__Ascomycota_p	fig4_q30_PE_cutadapt_unite_blast_top1_rescue	Cutadapt	PE	PE	Cutadapt
3c179d3523313fe7a2e2ea3ef9be1cab	UNITE	Fungi_k	Fungi_k	k__Fungi; p__Fungi_k; c__Fungi_k; o__Fungi_k; f__Fungi_k; g__Fungi_k; s__Fungi_k	fig4_q30_PE_cutadapt_unite_blast_top1_rescue	Cutadapt	PE	PE	Cutadapt
1cfb9be7ca486afcfae835ecb3dfd32c	UNITE	Lecanorales_o	Lecanorales_o	k__Fungi; p__Ascomycota; c__Lecanoromycetes; o__Lecanorales; f__Lecanorales_o; g__Lecanorales_o; s__Lecanorales_o	fig4_q30_PE_cutadapt_unite_blast_top1_rescue	Cutadapt	PE	PE	Cutadapt
b6049637e9edcb5f2f9707570c5fea70	UNITE	Aspergillaceae_f	Aspergillaceae_f	k__Fungi; p__Ascomycota; c__Eurotiomycetes; o__Eurotiales; f__Aspergillaceae; g__Aspergillaceae_f; s__Aspergillaceae_f	fig4_q30_PE_cutadapt_unite_blast_top1_rescue	Cutadapt	PE	PE	Cutadapt
01517fb3b2efbc8638ba652cff74ea45	UNITE	Ascomycota_p	Ascomycota_p	k__Fungi; p__Ascomycota; c__Ascomycota_p; o__Ascomycota_p; f__Ascomycota_p; g__Ascomycota_p; s__Ascomycota_p	fig4_q30_PE_cutadapt_unite_blast_top1_rescue	Cutadapt	PE	PE	Cutadapt
dba663d8ae96cc529852817b3b3f367b	UNITE	Candida	Candida_albicans	k__Fungi; p__Ascomycota; c__Saccharomycetes; o__Saccharomycetales; f__Saccharomycetales_fam_Incertae_sedis; g__Candida; s__Candida_albicans	fig4_q30_PE_cutadapt_unite_blast_top1_rescue	Cutadapt	PE	PE	Cutadapt
62b08cca041da3e87b78b282c6b70ffa	UNITE	Fungi_k	Fungi_k	k__Fungi; p__Fungi_k; c__Fungi_k; o__Fungi_k; f__Fungi_k; g__Fungi_k; s__Fungi_k	fig4_q30_PE_cutadapt_unite_blast_top1_rescue	Cutadapt	PE	PE	Cutadapt
784787765efbbce1fdb6980c8b2d0d82	UNITE	Fungi_k	Fungi_k	k__Fungi; p__Fungi_k; c__Fungi_k; o__Fungi_k; f__Fungi_k; g__Fungi_k; s__Fungi_k	fig4_q30_PE_cutadapt_unite_blast_top1_rescue	Cutadapt	PE	PE	Cutadapt
0579fae15ec314635f7bfd4b794ca07d	UNITE	Ascomycota_p	Ascomycota_p	k__Fungi; p__Ascomycota; c__Ascomycota_p; o__Ascomycota_p; f__Ascomycota_p; g__Ascomycota_p; s__Ascomycota_p	fig4_q30_PE_cutadapt_unite_blast_top1_rescue	Cutadapt	PE	PE	Cutadapt
09d930f2ed87b3557b31fac73c4ec6ac	UNITE	Ascomycota_p	Ascomycota_p	k__Fungi; p__Ascomycota; c__Ascomycota_p; o__Ascomycota_p; f__Ascomycota_p; g__Ascomycota_p; s__Ascomycota_p	fig4_q30_PE_cutadapt_unite_blast_top1_rescue	Cutadapt	PE	PE	Cutadapt
b12ed4056a059a247c6bfdadddd6fad2	UNITE	Fungi_k	Fungi_k	k__Fungi; p__Fungi_k; c__Fungi_k; o__Fungi_k; f__Fungi_k; g__Fungi_k; s__Fungi_k	fig4_q30_PE_cutadapt_unite_blast_top1_rescue	Cutadapt	PE	PE	Cutadapt
414db13a7edea047edada196ef86d1db	UNITE	Ascomycota_p	Ascomycota_p	k__Fungi; p__Ascomycota; c__Ascomycota_p; o__Ascomycota_p; f__Ascomycota_p; g__Ascomycota_p; s__Ascomycota_p	fig4_q30_PE_cutadapt_unite_blast_top1_rescue	Cutadapt	PE	PE	Cutadapt
126e5a0ce844106e98f8b9bb7903dd6e	UNITE	Cutaneotrichosporon	Cutaneotrichosporon_mucoides	k__Fungi; p__Basidiomycota; c__Tremellomycetes; o__Trichosporonales; f__Trichosporonaceae; g__Cutaneotrichosporon; s__Cutaneotrichosporon_mucoides	fig4_q30_PE_cutadapt_unite_blast_top1_rescue	Cutadapt	PE	PE	Cutadapt
e93f497c90349fad4736dc6e20b72895	UNITE	Cutaneotrichosporon	Cutaneotrichosporon_debeurmannianum	k__Fungi; p__Basidiomycota; c__Tremellomycetes; o__Trichosporonales; f__Trichosporonaceae; g__Cutaneotrichosporon; s__Cutaneotrichosporon_debeurmannianum	fig4_q30_PE_cutadapt_unite_blast_top1_rescue	Cutadapt	PE	PE	Cutadapt
43da86f7221f3f1ae0c3c676f634c5b4	UNITE	Biscogniauxia	Biscogniauxia_atropunctata	k__Fungi; p__Ascomycota; c__Sordariomycetes; o__Xylariales; f__Graphostromataceae; g__Biscogniauxia; s__Biscogniauxia_atropunctata	fig4_q30_PE_cutadapt_unite_blast_top1_rescue	Cutadapt	PE	PE	Cutadapt
3c3ad52280ae901c819f286ea37e0bb3	UNITE	Fungi_k	Fungi_k	k__Fungi; p__Fungi_k; c__Fungi_k; o__Fungi_k; f__Fungi_k; g__Fungi_k; s__Fungi_k	fig4_q30_PE_cutadapt_unite_blast_top1_rescue	Cutadapt	PE	PE	Cutadapt
c1515f66ee532bfdcd8cc7d081e59b7c	UNITE	Ascomycota_p	Ascomycota_p	k__Fungi; p__Ascomycota; c__Ascomycota_p; o__Ascomycota_p; f__Ascomycota_p; g__Ascomycota_p; s__Ascomycota_p	fig4_q30_PE_cutadapt_unite_blast_top1_rescue	Cutadapt	PE	PE	Cutadapt
6a5dc5c1af3f771d468b04f61b6916d3	UNITE	Aspergillus	Aspergillus_fumigatus	k__Fungi; p__Ascomycota; c__Eurotiomycetes; o__Eurotiales; f__Aspergillaceae; g__Aspergillus; s__Aspergillus_fumigatus	fig4_q30_PE_cutadapt_unite_blast_top1_rescue	Cutadapt	PE	PE	Cutadapt
26f118e2e4997cc33c7b3c65fb658710	UNITE	Aspergillus	Aspergillus_fumigatus	k__Fungi; p__Ascomycota; c__Eurotiomycetes; o__Eurotiales; f__Aspergillaceae; g__Aspergillus; s__Aspergillus_fumigatus	fig4_q30_PE_cutadapt_unite_blast_top1_rescue	Cutadapt	PE	PE	Cutadapt
0b62be82e1459c48fa9aa6a73f45136b	UNITE	Candida	Candida_dubliniensis	k__Fungi; p__Ascomycota; c__Saccharomycetes; o__Saccharomycetales; f__Saccharomycetales_fam_Incertae_sedis; g__Candida; s__Candida_dubliniensis	fig4_q30_PE_cutadapt_unite_blast_top1_rescue	Cutadapt	PE	PE	Cutadapt
870b996b7364a3020227bc4b918ba54f	UNITE	Fungi_k	Fungi_k	k__Fungi; p__Fungi_k; c__Fungi_k; o__Fungi_k; f__Fungi_k; g__Fungi_k; s__Fungi_k	fig4_q30_PE_cutadapt_unite_blast_top1_rescue	Cutadapt	PE	PE	Cutadapt
b71b6e97d898c9794bb80b4a58679c81	UNITE	Fungi_k	Fungi_k	k__Fungi; p__Fungi_k; c__Fungi_k; o__Fungi_k; f__Fungi_k; g__Fungi_k; s__Fungi_k	fig4_q30_PE_cutadapt_unite_blast_top1_rescue	Cutadapt	PE	PE	Cutadapt
db27875bac77493d68e0574f50fec6b8	UNITE	Fungi_k	Fungi_k	k__Fungi; p__Fungi_k; c__Fungi_k; o__Fungi_k; f__Fungi_k; g__Fungi_k; s__Fungi_k	fig4_q30_PE_cutadapt_unite_blast_top1_rescue	Cutadapt	PE	PE	Cutadapt
eca677b652afb80f02a64e9a83fef553	UNITE	Fungi_k	Fungi_k	k__Fungi; p__Fungi_k; c__Fungi_k; o__Fungi_k; f__Fungi_k; g__Fungi_k; s__Fungi_k	fig4_q30_PE_cutadapt_unite_blast_top1_rescue	Cutadapt	PE	PE	Cutadapt
db0ef5bf5a0990e3c19bc43772baf5c8	UNITE	Fungi_k	Fungi_k	k__Fungi; p__Fungi_k; c__Fungi_k; o__Fungi_k; f__Fungi_k; g__Fungi_k; s__Fungi_k	fig4_q30_PE_cutadapt_unite_blast_top1_rescue	Cutadapt	PE	PE	Cutadapt
7e03bd761487711a8890e1e88b07b30a	UNITE	Penicillium	Penicillium_flavigenum	k__Fungi; p__Ascomycota; c__Eurotiomycetes; o__Eurotiales; f__Aspergillaceae; g__Penicillium; s__Penicillium_flavigenum	fig4_q30_PE_cutadapt_unite_blast_top1_rescue	Cutadapt	PE	PE	Cutadapt
3d20affbd4fdca37e202d916e1b449e9	UNITE	Fungi_k	Fungi_k	k__Fungi; p__Fungi_k; c__Fungi_k; o__Fungi_k; f__Fungi_k; g__Fungi_k; s__Fungi_k	fig4_q30_PE_cutadapt_unite_blast_top1_rescue	Cutadapt	PE	PE	Cutadapt
c62cc042cc6a67f6ea1ed71ffd87d7c0	UNITE	Aspergillus	Aspergillus_fumigatus	k__Fungi; p__Ascomycota; c__Eurotiomycetes; o__Eurotiales; f__Aspergillaceae; g__Aspergillus; s__Aspergillus_fumigatus	fig4_q30_PE_cutadapt_unite_blast_top1_rescue	Cutadapt	PE	PE	Cutadapt
b6bec96f103eb0545b217f1d657e4222	UNITE	Fungi_k	Fungi_k	k__Fungi; p__Fungi_k; c__Fungi_k; o__Fungi_k; f__Fungi_k; g__Fungi_k; s__Fungi_k	fig4_q30_PE_cutadapt_unite_blast_top1_rescue	Cutadapt	PE	PE	Cutadapt
31803537c550591a1809288aa796b431	UNITE	Candida	Candida_albicans	k__Fungi; p__Ascomycota; c__Saccharomycetes; o__Saccharomycetales; f__Saccharomycetales_fam_Incertae_sedis; g__Candida; s__Candida_albicans	fig4_q30_PE_cutadapt_unite_blast_top1_rescue	Cutadapt	PE	PE	Cutadapt
b2e68d5fe99e43410ff0cb7ff1d1b7b1	UNITE	Fungi_k	Fungi_k	k__Fungi; p__Fungi_k; c__Fungi_k; o__Fungi_k; f__Fungi_k; g__Fungi_k; s__Fungi_k	fig4_q30_PE_cutadapt_unite_blast_top1_rescue	Cutadapt	PE	PE	Cutadapt
4c66ae20b90bfd65449bcb4d6a759a03	UNITE	Candida	Candida_albicans	k__Fungi; p__Ascomycota; c__Saccharomycetes; o__Saccharomycetales; f__Saccharomycetales_fam_Incertae_sedis; g__Candida; s__Candida_albicans	fig4_q30_PE_cutadapt_unite_blast_top1_rescue	Cutadapt	PE	PE	Cutadapt
a0f0fd169551be4f1d94ff06f51c2ca9	UNITE	Ascomycota_p	Ascomycota_p	k__Fungi; p__Ascomycota; c__Ascomycota_p; o__Ascomycota_p; f__Ascomycota_p; g__Ascomycota_p; s__Ascomycota_p	fig4_q30_PE_cutadapt_unite_blast_top1_rescue	Cutadapt	PE	PE	Cutadapt
876475b4e5efdb58c11382a1e251651e	UNITE	Fungi_k	Fungi_k	k__Fungi; p__Fungi_k; c__Fungi_k; o__Fungi_k; f__Fungi_k; g__Fungi_k; s__Fungi_k	fig4_q30_PE_cutadapt_unite_blast_top1_rescue	Cutadapt	PE	PE	Cutadapt
02a08e7b3d2d977945313b9fb5d6cccc	UNITE	Fungi_k	Fungi_k	k__Fungi; p__Fungi_k; c__Fungi_k; o__Fungi_k; f__Fungi_k; g__Fungi_k; s__Fungi_k	fig4_q30_PE_cutadapt_unite_blast_top1_rescue	Cutadapt	PE	PE	Cutadapt
14fc77bb4fb1b62493910ff14198fb48	UNITE	Ascomycota_p	Ascomycota_p	k__Fungi; p__Ascomycota; c__Ascomycota_p; o__Ascomycota_p; f__Ascomycota_p; g__Ascomycota_p; s__Ascomycota_p	fig4_q30_PE_cutadapt_unite_blast_top1_rescue	Cutadapt	PE	PE	Cutadapt
d96eb67859f13de9303ee89dc461115d	UNITE	Fungi_k	Fungi_k	k__Fungi; p__Fungi_k; c__Fungi_k; o__Fungi_k; f__Fungi_k; g__Fungi_k; s__Fungi_k	fig4_q30_PE_cutadapt_unite_blast_top1_rescue	Cutadapt	PE	PE	Cutadapt
fc6c4e11383bfe07c738ed3d89340482	UNITE	Aspergillus	Aspergillus_ruber	k__Fungi; p__Ascomycota; c__Eurotiomycetes; o__Eurotiales; f__Aspergillaceae; g__Aspergillus; s__Aspergillus_ruber	fig4_q30_PE_cutadapt_unite_blast_top1_rescue	Cutadapt	PE	PE	Cutadapt
adf520abcc93fe7b164b08de9cfcbaf6	UNITE	Fungi_k	Fungi_k	k__Fungi; p__Fungi_k; c__Fungi_k; o__Fungi_k; f__Fungi_k; g__Fungi_k; s__Fungi_k	fig4_q30_PE_cutadapt_unite_blast_top1_rescue	Cutadapt	PE	PE	Cutadapt
56400a68c14dd4ec158ee81d130bd69c	UNITE	Talaromyces	Talaromyces_purgamentorum	k__Fungi; p__Ascomycota; c__Eurotiomycetes; o__Eurotiales; f__Trichocomaceae; g__Talaromyces; s__Talaromyces_purgamentorum	fig4_q30_PE_cutadapt_unite_blast_top1_rescue	Cutadapt	PE	PE	Cutadapt
6401d7680fa55a18a47abe7d71030afd	UNITE	Nakaseomyces	Nakaseomyces_glabratus	k__Fungi; p__Ascomycota; c__Saccharomycetes; o__Saccharomycetales; f__Saccharomycetaceae; g__Nakaseomyces; s__Nakaseomyces_glabratus	fig4_q30_PE_cutadapt_unite_blast_top1_rescue	Cutadapt	PE	PE	Cutadapt
7790111cbadc0f985b36480bbe110813	UNITE	Ascomycota_p	Ascomycota_p	k__Fungi; p__Ascomycota; c__Ascomycota_p; o__Ascomycota_p; f__Ascomycota_p; g__Ascomycota_p; s__Ascomycota_p	fig4_q30_PE_cutadapt_unite_blast_top1_rescue	Cutadapt	PE	PE	Cutadapt
62eb88ee0b056d637cf1dec297286385	UNITE	Fungi_k	Fungi_k	k__Fungi; p__Fungi_k; c__Fungi_k; o__Fungi_k; f__Fungi_k; g__Fungi_k; s__Fungi_k	fig4_q30_PE_cutadapt_unite_blast_top1_rescue	Cutadapt	PE	PE	Cutadapt
13e538015116992176a9c32705810203	UNITE	Fungi_k	Fungi_k	k__Fungi; p__Fungi_k; c__Fungi_k; o__Fungi_k; f__Fungi_k; g__Fungi_k; s__Fungi_k	fig4_q30_PE_cutadapt_unite_blast_top1_rescue	Cutadapt	PE	PE	Cutadapt
ea269f7c04a8c3401ecdb9586b4323b8	UNITE	Helotiales_o	Helotiales_o	k__Fungi; p__Ascomycota; c__Leotiomycetes; o__Helotiales; f__Helotiales_o; g__Helotiales_o; s__Helotiales_o	fig4_q30_PE_cutadapt_unite_blast_top1_rescue	Cutadapt	PE	PE	Cutadapt
cf1bc020266efa2d5c932a805d5510ec	UNITE	Fungi_k	Fungi_k	k__Fungi; p__Fungi_k; c__Fungi_k; o__Fungi_k; f__Fungi_k; g__Fungi_k; s__Fungi_k	fig4_q30_PE_cutadapt_unite_blast_top1_rescue	Cutadapt	PE	PE	Cutadapt
48076d777be0f231b8ab42722e0d5ea9	UNITE	Ascomycota_p	Ascomycota_p	k__Fungi; p__Ascomycota; c__Ascomycota_p; o__Ascomycota_p; f__Ascomycota_p; g__Ascomycota_p; s__Ascomycota_p	fig4_q30_PE_cutadapt_unite_blast_top1_rescue	Cutadapt	PE	PE	Cutadapt
69d793556be28ee92a0658398e5b471c	UNITE	Ascomycota_p	Ascomycota_p	k__Fungi; p__Ascomycota; c__Ascomycota_p; o__Ascomycota_p; f__Ascomycota_p; g__Ascomycota_p; s__Ascomycota_p	fig4_q30_PE_cutadapt_unite_blast_top1_rescue	Cutadapt	PE	PE	Cutadapt
2609534e889775b071bd4877a3cbdb06	UNITE	Fungi_k	Fungi_k	k__Fungi; p__Fungi_k; c__Fungi_k; o__Fungi_k; f__Fungi_k; g__Fungi_k; s__Fungi_k	fig4_q30_PE_cutadapt_unite_blast_top1_rescue	Cutadapt	PE	PE	Cutadapt
3cb7182b23e66c4a1e3a662df7eff540	UNITE	Fungi_k	Fungi_k	k__Fungi; p__Fungi_k; c__Fungi_k; o__Fungi_k; f__Fungi_k; g__Fungi_k; s__Fungi_k	fig4_q30_PE_cutadapt_unite_blast_top1_rescue	Cutadapt	PE	PE	Cutadapt
eb7ae5701404f55c4858cac509cd1036	UNITE	Ascomycota_p	Ascomycota_p	k__Fungi; p__Ascomycota; c__Ascomycota_p; o__Ascomycota_p; f__Ascomycota_p; g__Ascomycota_p; s__Ascomycota_p	fig4_q30_PE_cutadapt_unite_blast_top1_rescue	Cutadapt	PE	PE	Cutadapt
b6f2dbe167d7ea6998779f966d282265	UNITE	Fungi_k	Fungi_k	k__Fungi; p__Fungi_k; c__Fungi_k; o__Fungi_k; f__Fungi_k; g__Fungi_k; s__Fungi_k	fig4_q30_PE_cutadapt_unite_blast_top1_rescue	Cutadapt	PE	PE	Cutadapt
c2b6527533c45ea91cdbd09c67e14420	UNITE	Penicillium	Penicillium_brevicompactum	k__Fungi; p__Ascomycota; c__Eurotiomycetes; o__Eurotiales; f__Aspergillaceae; g__Penicillium; s__Penicillium_brevicompactum	fig4_q30_PE_cutadapt_unite_blast_top1_rescue	Cutadapt	PE	PE	Cutadapt
59b0265e4dc737bee8126e3b843b6011	UNITE	Cryptococcus	Cryptococcus_neoformans	k__Fungi; p__Basidiomycota; c__Tremellomycetes; o__Tremellales; f__Cryptococcaceae; g__Cryptococcus; s__Cryptococcus_neoformans	fig4_q30_PE_cutadapt_unite_blast_top1_rescue	Cutadapt	PE	PE	Cutadapt
1b241e7bdd60b771e4c856c64c3e9ad7	UNITE	Sarocladium	Sarocladium_zeae	k__Fungi; p__Ascomycota; c__Sordariomycetes; o__Hypocreales; f__Sarocladiaceae; g__Sarocladium; s__Sarocladium_zeae	fig4_q30_PE_cutadapt_unite_blast_top1_rescue	Cutadapt	PE	PE	Cutadapt
2d3b44850570682e08688c29f56403cd	UNITE	Fungi_k	Fungi_k	k__Fungi; p__Fungi_k; c__Fungi_k; o__Fungi_k; f__Fungi_k; g__Fungi_k; s__Fungi_k	fig4_q30_PE_cutadapt_unite_blast_top1_rescue	Cutadapt	PE	PE	Cutadapt
97b1e3d578b831c37bc51c4217a4d4f1	UNITE	Fungi_k	Fungi_k	k__Fungi; p__Fungi_k; c__Fungi_k; o__Fungi_k; f__Fungi_k; g__Fungi_k; s__Fungi_k	fig4_q30_PE_cutadapt_unite_blast_top1_rescue	Cutadapt	PE	PE	Cutadapt
a4345c0686c98cd64b93c00a48d38d90	UNITE	Fungi_k	Fungi_k	k__Fungi; p__Fungi_k; c__Fungi_k; o__Fungi_k; f__Fungi_k; g__Fungi_k; s__Fungi_k	fig4_q30_PE_cutadapt_unite_blast_top1_rescue	Cutadapt	PE	PE	Cutadapt
f2317d2b58e57a17e2043c724f1bf120	UNITE	Cryptococcus	Cryptococcus_neoformans	k__Fungi; p__Basidiomycota; c__Tremellomycetes; o__Tremellales; f__Cryptococcaceae; g__Cryptococcus; s__Cryptococcus_neoformans	fig4_q30_PE_cutadapt_unite_blast_top1_rescue	Cutadapt	PE	PE	Cutadapt
b99ae1d666389da38cad26d7243004e9	UNITE	Ascomycota_p	Ascomycota_p	k__Fungi; p__Ascomycota; c__Ascomycota_p; o__Ascomycota_p; f__Ascomycota_p; g__Ascomycota_p; s__Ascomycota_p	fig4_q30_PE_cutadapt_unite_blast_top1_rescue	Cutadapt	PE	PE	Cutadapt
6e5724e8d6c2ad61bf6e6dc69c270239	UNITE	Ascomycota_p	Ascomycota_p	k__Fungi; p__Ascomycota; c__Ascomycota_p; o__Ascomycota_p; f__Ascomycota_p; g__Ascomycota_p; s__Ascomycota_p	fig4_q30_PE_cutadapt_unite_blast_top1_rescue	Cutadapt	PE	PE	Cutadapt
3fc64d4054e1ba29068b0e64f66a9df4	UNITE	Ascomycota_p	Ascomycota_p	k__Fungi; p__Ascomycota; c__Ascomycota_p; o__Ascomycota_p; f__Ascomycota_p; g__Ascomycota_p; s__Ascomycota_p	fig4_q30_PE_cutadapt_unite_blast_top1_rescue	Cutadapt	PE	PE	Cutadapt
dff53305db8c0edeebd63a7c55860b06	UNITE	Ascomycota_p	Ascomycota_p	k__Fungi; p__Ascomycota; c__Ascomycota_p; o__Ascomycota_p; f__Ascomycota_p; g__Ascomycota_p; s__Ascomycota_p	fig4_q30_PE_cutadapt_unite_blast_top1_rescue	Cutadapt	PE	PE	Cutadapt
80e541b8af41ac979a19ec8570ba6115	UNITE	Fungi_k	Fungi_k	k__Fungi; p__Fungi_k; c__Fungi_k; o__Fungi_k; f__Fungi_k; g__Fungi_k; s__Fungi_k	fig4_q30_PE_cutadapt_unite_blast_top1_rescue	Cutadapt	PE	PE	Cutadapt
75a160ad822662d2f519cfde7d31cd06	UNITE	Ascomycota_p	Ascomycota_p	k__Fungi; p__Ascomycota; c__Ascomycota_p; o__Ascomycota_p; f__Ascomycota_p; g__Ascomycota_p; s__Ascomycota_p	fig4_q30_PE_cutadapt_unite_blast_top1_rescue	Cutadapt	PE	PE	Cutadapt
c8dce878620b52b38172236f39acc7fa	UNITE	Fungi_k	Fungi_k	k__Fungi; p__Fungi_k; c__Fungi_k; o__Fungi_k; f__Fungi_k; g__Fungi_k; s__Fungi_k	fig4_q30_PE_cutadapt_unite_blast_top1_rescue	Cutadapt	PE	PE	Cutadapt
e964994d6f202441af10c435acc7d999	UNITE	Nakaseomyces	Nakaseomyces_glabratus	k__Fungi; p__Ascomycota; c__Saccharomycetes; o__Saccharomycetales; f__Saccharomycetaceae; g__Nakaseomyces; s__Nakaseomyces_glabratus	fig4_q30_PE_cutadapt_unite_blast_top1_rescue	Cutadapt	PE	PE	Cutadapt
493f6991a7aac555ad9c841b1e46c0ec	UNITE	Ascomycota_p	Ascomycota_p	k__Fungi; p__Ascomycota; c__Ascomycota_p; o__Ascomycota_p; f__Ascomycota_p; g__Ascomycota_p; s__Ascomycota_p	fig4_q30_PE_cutadapt_unite_blast_top1_rescue	Cutadapt	PE	PE	Cutadapt
a63edff864bc2a9fbdfebdeaa599b649	UNITE	Fungi_k	Fungi_k	k__Fungi; p__Fungi_k; c__Fungi_k; o__Fungi_k; f__Fungi_k; g__Fungi_k; s__Fungi_k	fig4_q30_PE_cutadapt_unite_blast_top1_rescue	Cutadapt	PE	PE	Cutadapt
d45c1f3a09c64a4db63e989bea16782a	UNITE	Asterostroma	Unclassified	k__Fungi; p__Basidiomycota; c__Agaricomycetes; o__Russulales; f__Peniophoraceae; g__Asterostroma; s__Asterostroma_g	fig4_q30_PE_cutadapt_unite_blast_top1_rescue	Cutadapt	PE	PE	Cutadapt
157e05e1b98eae47c6bd9e0ce5dbc881	UNITE	Candida	Candida_albicans	k__Fungi; p__Ascomycota; c__Saccharomycetes; o__Saccharomycetales; f__Saccharomycetales_fam_Incertae_sedis; g__Candida; s__Candida_albicans	fig4_q30_PE_cutadapt_unite_blast_top1_rescue	Cutadapt	PE	PE	Cutadapt
343617d9697538489da301c11a5d82b6	UNITE	Phlebia	Unclassified	k__Fungi; p__Basidiomycota; c__Agaricomycetes; o__Polyporales; f__Meruliaceae; g__Phlebia; s__Phlebia_g	fig4_q30_PE_cutadapt_unite_blast_top1_rescue	Cutadapt	PE	PE	Cutadapt
2881c8dcc461db66d6476faa81c6f034	UNITE	Cutaneotrichosporon	Cutaneotrichosporon_mucoides	k__Fungi; p__Basidiomycota; c__Tremellomycetes; o__Trichosporonales; f__Trichosporonaceae; g__Cutaneotrichosporon; s__Cutaneotrichosporon_mucoides	fig4_q30_PE_cutadapt_unite_blast_top1_rescue	Cutadapt	PE	PE	Cutadapt
3ad5201997e575e30a33b0927c35159e	UNITE	Penicillium	Penicillium_sclerotiorum	k__Fungi; p__Ascomycota; c__Eurotiomycetes; o__Eurotiales; f__Aspergillaceae; g__Penicillium; s__Penicillium_sclerotiorum	fig4_q30_PE_cutadapt_unite_blast_top1_rescue	Cutadapt	PE	PE	Cutadapt
de9f5d789a08776f6e7ba581d784327c	UNITE	Fungi_k	Fungi_k	k__Fungi; p__Fungi_k; c__Fungi_k; o__Fungi_k; f__Fungi_k; g__Fungi_k; s__Fungi_k	fig4_q30_PE_cutadapt_unite_blast_top1_rescue	Cutadapt	PE	PE	Cutadapt
ba7510d311e4a8aef419d78ca383da83	UNITE	Stereaceae_f	Stereaceae_f	k__Fungi; p__Basidiomycota; c__Agaricomycetes; o__Russulales; f__Stereaceae; g__Stereaceae_f; s__Stereaceae_f	fig4_q30_PE_cutadapt_unite_blast_top1_rescue	Cutadapt	PE	PE	Cutadapt
3eaa552b715fdc7aa8d3485858928c6c	UNITE	Fungi_k	Fungi_k	k__Fungi; p__Fungi_k; c__Fungi_k; o__Fungi_k; f__Fungi_k; g__Fungi_k; s__Fungi_k	fig4_q30_PE_cutadapt_unite_blast_top1_rescue	Cutadapt	PE	PE	Cutadapt
3a527d6363a858cbdb36b1403f9f7df7	UNITE	Hannaella	Hannaella_oryzae	k__Fungi; p__Basidiomycota; c__Tremellomycetes; o__Tremellales; f__Bulleribasidiaceae; g__Hannaella; s__Hannaella_oryzae	fig4_q30_PE_cutadapt_unite_blast_top1_rescue	Cutadapt	PE	PE	Cutadapt
6e6ea7eb9a05010549b1eb6b10e5b28a	UNITE	Helotiales_o	Helotiales_o	k__Fungi; p__Ascomycota; c__Leotiomycetes; o__Helotiales; f__Helotiales_o; g__Helotiales_o; s__Helotiales_o	fig4_q30_PE_cutadapt_unite_blast_top1_rescue	Cutadapt	PE	PE	Cutadapt
65bf2d1474808fbc3e29027139c0bc89	UNITE	Ascomycota_p	Ascomycota_p	k__Fungi; p__Ascomycota; c__Ascomycota_p; o__Ascomycota_p; f__Ascomycota_p; g__Ascomycota_p; s__Ascomycota_p	fig4_q30_PE_cutadapt_unite_blast_top1_rescue	Cutadapt	PE	PE	Cutadapt
fa5c3717c38ec0a0608200d65036bf26	UNITE	Fungi_k	Fungi_k	k__Fungi; p__Fungi_k; c__Fungi_k; o__Fungi_k; f__Fungi_k; g__Fungi_k; s__Fungi_k	fig4_q30_PE_cutadapt_unite_blast_top1_rescue	Cutadapt	PE	PE	Cutadapt
44f63ce58e8859e2fd95aa59ec000aac	UNITE	Cryptococcus	Cryptococcus_neoformans	k__Fungi; p__Basidiomycota; c__Tremellomycetes; o__Tremellales; f__Cryptococcaceae; g__Cryptococcus; s__Cryptococcus_neoformans	fig4_q30_PE_cutadapt_unite_blast_top1_rescue	Cutadapt	PE	PE	Cutadapt
5e4b1923571b29530a629c7fba5ec555	UNITE	Phlebia	Unclassified	k__Fungi; p__Basidiomycota; c__Agaricomycetes; o__Polyporales; f__Meruliaceae; g__Phlebia; s__Phlebia_g	fig4_q30_PE_cutadapt_unite_blast_top1_rescue	Cutadapt	PE	PE	Cutadapt
7ecdaf0133e8f0ade887999e0877f287	UNITE	Fungi_k	Fungi_k	k__Fungi; p__Fungi_k; c__Fungi_k; o__Fungi_k; f__Fungi_k; g__Fungi_k; s__Fungi_k	fig4_q30_PE_cutadapt_unite_blast_top1_rescue	Cutadapt	PE	PE	Cutadapt
d16f2b6f389647abc71b88d4f95a1425	UNITE	Pleosporales_o	Pleosporales_o	k__Fungi; p__Ascomycota; c__Dothideomycetes; o__Pleosporales; f__Pleosporales_o; g__Pleosporales_o; s__Pleosporales_o	fig4_q30_PE_cutadapt_unite_blast_top1_rescue	Cutadapt	PE	PE	Cutadapt
7a10d75f3164deff71973636bb24d61a	UNITE	Fungi_k	Fungi_k	k__Fungi; p__Fungi_k; c__Fungi_k; o__Fungi_k; f__Fungi_k; g__Fungi_k; s__Fungi_k	fig4_q30_PE_cutadapt_unite_blast_top1_rescue	Cutadapt	PE	PE	Cutadapt
7ab119d39a4cfa246bc56173600c2ac9	UNITE	Fungi_k	Fungi_k	k__Fungi; p__Fungi_k; c__Fungi_k; o__Fungi_k; f__Fungi_k; g__Fungi_k; s__Fungi_k	fig4_q30_PE_cutadapt_unite_blast_top1_rescue	Cutadapt	PE	PE	Cutadapt
8bcd042eb6355d4e86e5590419facdbc	UNITE	Fungi_k	Fungi_k	k__Fungi; p__Fungi_k; c__Fungi_k; o__Fungi_k; f__Fungi_k; g__Fungi_k; s__Fungi_k	fig4_q30_PE_cutadapt_unite_blast_top1_rescue	Cutadapt	PE	PE	Cutadapt
9c22a054931e451debbfc78dcc021a1f	UNITE	Fungi_k	Fungi_k	k__Fungi; p__Fungi_k; c__Fungi_k; o__Fungi_k; f__Fungi_k; g__Fungi_k; s__Fungi_k	fig4_q30_PE_cutadapt_unite_blast_top1_rescue	Cutadapt	PE	PE	Cutadapt
05a56095084bcc3dde845c95ccb3f491	UNITE	Irpex	Irpex_hydnoides	k__Fungi; p__Basidiomycota; c__Agaricomycetes; o__Polyporales; f__Irpicaceae; g__Irpex; s__Irpex_hydnoides	fig4_q30_PE_cutadapt_unite_blast_top1_rescue	Cutadapt	PE	PE	Cutadapt
874450a33ecf28c395b152e094cbba5c	UNITE	Paraphoma	Paraphoma_rhaphiolepidis	k__Fungi; p__Ascomycota; c__Dothideomycetes; o__Pleosporales; f__Phaeosphaeriaceae; g__Paraphoma; s__Paraphoma_rhaphiolepidis	fig4_q30_PE_cutadapt_unite_blast_top1_rescue	Cutadapt	PE	PE	Cutadapt
ecb27c145358ad94558f0c105d455511	UNITE	Paraphoma	Paraphoma_rhaphiolepidis	k__Fungi; p__Ascomycota; c__Dothideomycetes; o__Pleosporales; f__Phaeosphaeriaceae; g__Paraphoma; s__Paraphoma_rhaphiolepidis	fig4_q30_PE_cutadapt_unite_blast_top1_rescue	Cutadapt	PE	PE	Cutadapt
10eca292eb84a97e234c6e330e288bdd	UNITE	Pluteus	Unclassified	k__Fungi; p__Basidiomycota; c__Agaricomycetes; o__Agaricales; f__Pluteaceae; g__Pluteus; s__Pluteus_g	fig4_q30_PE_cutadapt_unite_blast_top1_rescue	Cutadapt	PE	PE	Cutadapt
838abc5f3fe16a8fd0df438f5088704d	UNITE	Fungi_k	Fungi_k	k__Fungi; p__Fungi_k; c__Fungi_k; o__Fungi_k; f__Fungi_k; g__Fungi_k; s__Fungi_k	fig4_q30_PE_cutadapt_unite_blast_top1_rescue	Cutadapt	PE	PE	Cutadapt
7ea105befe242b870ac3113605fef73a	UNITE	Fungi_k	Fungi_k	k__Fungi; p__Fungi_k; c__Fungi_k; o__Fungi_k; f__Fungi_k; g__Fungi_k; s__Fungi_k	fig4_q30_PE_cutadapt_unite_blast_top1_rescue	Cutadapt	PE	PE	Cutadapt
8ab90bebb29c598d82a0357fb34b46a1	UNITE	Fungi_k	Fungi_k	k__Fungi; p__Fungi_k; c__Fungi_k; o__Fungi_k; f__Fungi_k; g__Fungi_k; s__Fungi_k	fig4_q30_PE_cutadapt_unite_blast_top1_rescue	Cutadapt	PE	PE	Cutadapt
40210b03d60063aa9a1cb1a1c65fbb24	UNITE	Ascomycota_p	Ascomycota_p	k__Fungi; p__Ascomycota; c__Ascomycota_p; o__Ascomycota_p; f__Ascomycota_p; g__Ascomycota_p; s__Ascomycota_p	fig4_q30_PE_cutadapt_unite_blast_top1_rescue	Cutadapt	PE	PE	Cutadapt
a57df8b2e0da91707ca7aa14a715eb9d	UNITE	Ascomycota_p	Ascomycota_p	k__Fungi; p__Ascomycota; c__Ascomycota_p; o__Ascomycota_p; f__Ascomycota_p; g__Ascomycota_p; s__Ascomycota_p	fig4_q30_PE_cutadapt_unite_blast_top1_rescue	Cutadapt	PE	PE	Cutadapt
b945b4fc83cc3c7350db9b639ff95cdb	UNITE	Hymenochaete	Hymenochaete_odontoides	k__Fungi; p__Basidiomycota; c__Agaricomycetes; o__Hymenochaetales; f__Hymenochaetaceae; g__Hymenochaete; s__Hymenochaete_odontoides	fig4_q30_PE_cutadapt_unite_blast_top1_rescue	Cutadapt	PE	PE	Cutadapt
f8f66f00e3f4d16fd424b04bd2c32c3d	UNITE	Fungi_k	Fungi_k	k__Fungi; p__Fungi_k; c__Fungi_k; o__Fungi_k; f__Fungi_k; g__Fungi_k; s__Fungi_k	fig4_q30_PE_cutadapt_unite_blast_top1_rescue	Cutadapt	PE	PE	Cutadapt
885829ee0d831837d0e86f97b63251c9	UNITE	Phaeosphaeriaceae_f	Phaeosphaeriaceae_f	k__Fungi; p__Ascomycota; c__Dothideomycetes; o__Pleosporales; f__Phaeosphaeriaceae; g__Phaeosphaeriaceae_f; s__Phaeosphaeriaceae_f	fig4_q30_PE_cutadapt_unite_blast_top1_rescue	Cutadapt	PE	PE	Cutadapt
949b5a88e5a1307133bfbfbbb4309acc	UNITE	Kazachstania	Kazachstania_servazzii	k__Fungi; p__Ascomycota; c__Saccharomycetes; o__Saccharomycetales; f__Saccharomycetaceae; g__Kazachstania; s__Kazachstania_servazzii	fig4_q30_PE_cutadapt_unite_blast_top1_rescue	Cutadapt	PE	PE	Cutadapt
1d819ed956fe66695c8533e01cda3c40	UNITE	Cutaneotrichosporon	Cutaneotrichosporon_mucoides	k__Fungi; p__Basidiomycota; c__Tremellomycetes; o__Trichosporonales; f__Trichosporonaceae; g__Cutaneotrichosporon; s__Cutaneotrichosporon_mucoides	fig4_q30_PE_cutadapt_unite_blast_top1_rescue	Cutadapt	PE	PE	Cutadapt
4e28595eb5c6e8086f94ad08d17e3bd1	UNITE	Pleosporales_o	Pleosporales_o	k__Fungi; p__Ascomycota; c__Dothideomycetes; o__Pleosporales; f__Pleosporales_o; g__Pleosporales_o; s__Pleosporales_o	fig4_q30_PE_cutadapt_unite_blast_top1_rescue	Cutadapt	PE	PE	Cutadapt
bfe48bc109bc83adb4329dd720f13411	UNITE	Fungi_k	Fungi_k	k__Fungi; p__Fungi_k; c__Fungi_k; o__Fungi_k; f__Fungi_k; g__Fungi_k; s__Fungi_k	fig4_q30_PE_cutadapt_unite_blast_top1_rescue	Cutadapt	PE	PE	Cutadapt
a43acb8918a5ce3d94ff925242d20b20	UNITE	Cutaneotrichosporon	Cutaneotrichosporon_mucoides	k__Fungi; p__Basidiomycota; c__Tremellomycetes; o__Trichosporonales; f__Trichosporonaceae; g__Cutaneotrichosporon; s__Cutaneotrichosporon_mucoides	fig4_q30_PE_cutadapt_unite_blast_top1_rescue	Cutadapt	PE	PE	Cutadapt
e5df968e1b748c53679a29497cedafc9	UNITE	Peniophoraceae_f	Peniophoraceae_f	k__Fungi; p__Basidiomycota; c__Agaricomycetes; o__Russulales; f__Peniophoraceae; g__Peniophoraceae_f; s__Peniophoraceae_f	fig4_q30_PE_cutadapt_unite_blast_top1_rescue	Cutadapt	PE	PE	Cutadapt
9cfae492e1e3f63b413eb2f4f1d5eee6	UNITE	Coniothyrium	Coniothyrium_sidae	k__Fungi; p__Ascomycota; c__Dothideomycetes; o__Pleosporales; f__Coniothyriaceae; g__Coniothyrium; s__Coniothyrium_sidae	fig4_q30_PE_cutadapt_unite_blast_top1_rescue	Cutadapt	PE	PE	Cutadapt
09de61d81017f4d844ceb66d071f6718	UNITE	Fungi_k	Fungi_k	k__Fungi; p__Fungi_k; c__Fungi_k; o__Fungi_k; f__Fungi_k; g__Fungi_k; s__Fungi_k	fig4_q30_PE_cutadapt_unite_blast_top1_rescue	Cutadapt	PE	PE	Cutadapt
ef72dbd8d9fc0b4d053df2fef0d2fdc5	UNITE	Ascomycota_p	Ascomycota_p	k__Fungi; p__Ascomycota; c__Ascomycota_p; o__Ascomycota_p; f__Ascomycota_p; g__Ascomycota_p; s__Ascomycota_p	fig4_q30_PE_cutadapt_unite_blast_top1_rescue	Cutadapt	PE	PE	Cutadapt
d14317fde9b414445f21f37c9d7e44d4	UNITE	Ascomycota_p	Ascomycota_p	k__Fungi; p__Ascomycota; c__Ascomycota_p; o__Ascomycota_p; f__Ascomycota_p; g__Ascomycota_p; s__Ascomycota_p	fig4_q30_PE_cutadapt_unite_blast_top1_rescue	Cutadapt	PE	PE	Cutadapt
9dafdae447485a1c3b64cf210c30023a	UNITE	Fungi_k	Fungi_k	k__Fungi; p__Fungi_k; c__Fungi_k; o__Fungi_k; f__Fungi_k; g__Fungi_k; s__Fungi_k	fig4_q30_PE_cutadapt_unite_blast_top1_rescue	Cutadapt	PE	PE	Cutadapt
13938a532131c6422d6bd44980ee26ad	UNITE	Fungi_k	Fungi_k	k__Fungi; p__Fungi_k; c__Fungi_k; o__Fungi_k; f__Fungi_k; g__Fungi_k; s__Fungi_k	fig4_q30_PE_cutadapt_unite_blast_top1_rescue	Cutadapt	PE	PE	Cutadapt
1caf3038387e5ec2fbe3b12374ffabad	UNITE	Paragibellulopsis	Paragibellulopsis_chrysanthemi	k__Fungi; p__Ascomycota; c__Sordariomycetes; o__Glomerellales; f__Plectosphaerellaceae; g__Paragibellulopsis; s__Paragibellulopsis_chrysanthemi	fig4_q30_PE_cutadapt_unite_blast_top1_rescue	Cutadapt	PE	PE	Cutadapt
9a838396270c86c308806d219c3ccab1	UNITE	Fungi_k	Fungi_k	k__Fungi; p__Fungi_k; c__Fungi_k; o__Fungi_k; f__Fungi_k; g__Fungi_k; s__Fungi_k	fig4_q30_PE_cutadapt_unite_blast_top1_rescue	Cutadapt	PE	PE	Cutadapt
59d799f495532ebead030eed7bf2f83b	UNITE	Cutaneotrichosporon	Cutaneotrichosporon_mucoides	k__Fungi; p__Basidiomycota; c__Tremellomycetes; o__Trichosporonales; f__Trichosporonaceae; g__Cutaneotrichosporon; s__Cutaneotrichosporon_mucoides	fig4_q30_PE_cutadapt_unite_blast_top1_rescue	Cutadapt	PE	PE	Cutadapt
e08b78852bed4afcea6b40d7010d60eb	UNITE	Exidia	Exidia_uvapassa	k__Fungi; p__Basidiomycota; c__Agaricomycetes; o__Auriculariales; f__Auriculariaceae; g__Exidia; s__Exidia_uvapassa	fig4_q30_PE_cutadapt_unite_blast_top1_rescue	Cutadapt	PE	PE	Cutadapt
a6c6c15f86c5acbde3a72761962a6161	UNITE	Peniophoraceae_f	Peniophoraceae_f	k__Fungi; p__Basidiomycota; c__Agaricomycetes; o__Russulales; f__Peniophoraceae; g__Peniophoraceae_f; s__Peniophoraceae_f	fig4_q30_PE_cutadapt_unite_blast_top1_rescue	Cutadapt	PE	PE	Cutadapt
4d5cb465f36e34a074f27d4dd53f2b2d	UNITE	Periconia	Periconia_celtidis	k__Fungi; p__Ascomycota; c__Dothideomycetes; o__Pleosporales; f__Periconiaceae; g__Periconia; s__Periconia_celtidis	fig4_q30_PE_cutadapt_unite_blast_top1_rescue	Cutadapt	PE	PE	Cutadapt
55095aa38dc46f1e8131c392a0df9241	UNITE	Cryptococcus	Cryptococcus_neoformans	k__Fungi; p__Basidiomycota; c__Tremellomycetes; o__Tremellales; f__Cryptococcaceae; g__Cryptococcus; s__Cryptococcus_neoformans	fig4_q30_PE_cutadapt_unite_blast_top1_rescue	Cutadapt	PE	PE	Cutadapt
44b6ea5ad2db0f4f7eeaebad701b8ff3	UNITE	Polyporales_o	Polyporales_o	k__Fungi; p__Basidiomycota; c__Agaricomycetes; o__Polyporales; f__Polyporales_o; g__Polyporales_o; s__Polyporales_o	fig4_q30_PE_cutadapt_unite_blast_top1_rescue	Cutadapt	PE	PE	Cutadapt
013a0b22fa2570a9fca2281d979c43ce	UNITE	Peniophoraceae_f	Peniophoraceae_f	k__Fungi; p__Basidiomycota; c__Agaricomycetes; o__Russulales; f__Peniophoraceae; g__Peniophoraceae_f; s__Peniophoraceae_f	fig4_q30_PE_cutadapt_unite_blast_top1_rescue	Cutadapt	PE	PE	Cutadapt
3172b69504ea1e872af24e7b1e27224d	UNITE	Hyphodontia	Hyphodontia_tropica	k__Fungi; p__Basidiomycota; c__Agaricomycetes; o__Hymenochaetales; f__Schizoporaceae; g__Hyphodontia; s__Hyphodontia_tropica	fig4_q30_PE_cutadapt_unite_blast_top1_rescue	Cutadapt	PE	PE	Cutadapt
1621173d9b15df3ab3f26d4c7dd234c5	UNITE	Ascomycota_p	Ascomycota_p	k__Fungi; p__Ascomycota; c__Ascomycota_p; o__Ascomycota_p; f__Ascomycota_p; g__Ascomycota_p; s__Ascomycota_p	fig4_q30_PE_cutadapt_unite_blast_top1_rescue	Cutadapt	PE	PE	Cutadapt
22133c804d861d83fe6ea04c05e550cb	UNITE	Thelebolus	Unclassified	k__Fungi; p__Ascomycota; c__Leotiomycetes; o__Thelebolales; f__Thelebolaceae; g__Thelebolus; s__Thelebolus_g	fig4_q30_PE_cutadapt_unite_blast_top1_rescue	Cutadapt	PE	PE	Cutadapt
1611fa31357d5d95b54e5ce6e67b7336	UNITE	Ascomycota_p	Ascomycota_p	k__Fungi; p__Ascomycota; c__Ascomycota_p; o__Ascomycota_p; f__Ascomycota_p; g__Ascomycota_p; s__Ascomycota_p	fig4_q30_PE_cutadapt_unite_blast_top1_rescue	Cutadapt	PE	PE	Cutadapt
e332c648f24c130c5f2d59d5449b40fc	UNITE	Fungi_k	Fungi_k	k__Fungi; p__Fungi_k; c__Fungi_k; o__Fungi_k; f__Fungi_k; g__Fungi_k; s__Fungi_k	fig4_q30_PE_cutadapt_unite_blast_top1_rescue	Cutadapt	PE	PE	Cutadapt
c2fb5f432519bf12ffcbe6f3babe8db9	UNITE	Fungi_k	Fungi_k	k__Fungi; p__Fungi_k; c__Fungi_k; o__Fungi_k; f__Fungi_k; g__Fungi_k; s__Fungi_k	fig4_q30_PE_cutadapt_unite_blast_top1_rescue	Cutadapt	PE	PE	Cutadapt
53e003cae5cc021112cb7b0c3ec680ec	UNITE	Fungi_k	Fungi_k	k__Fungi; p__Fungi_k; c__Fungi_k; o__Fungi_k; f__Fungi_k; g__Fungi_k; s__Fungi_k	fig4_q30_PE_cutadapt_unite_blast_top1_rescue	Cutadapt	PE	PE	Cutadapt
05bc9afc08b64748dca00ebba463b277	UNITE	Ascomycota_p	Ascomycota_p	k__Fungi; p__Ascomycota; c__Ascomycota_p; o__Ascomycota_p; f__Ascomycota_p; g__Ascomycota_p; s__Ascomycota_p	fig4_q30_PE_cutadapt_unite_blast_top1_rescue	Cutadapt	PE	PE	Cutadapt
b1ca15402a23230040fa88e3d6a11d2f	UNITE	Cutaneotrichosporon	Cutaneotrichosporon_mucoides	k__Fungi; p__Basidiomycota; c__Tremellomycetes; o__Trichosporonales; f__Trichosporonaceae; g__Cutaneotrichosporon; s__Cutaneotrichosporon_mucoides	fig4_q30_PE_cutadapt_unite_blast_top1_rescue	Cutadapt	PE	PE	Cutadapt
4957da039270f4d9dd22369b1564cc19	UNITE	Fungi_k	Fungi_k	k__Fungi; p__Fungi_k; c__Fungi_k; o__Fungi_k; f__Fungi_k; g__Fungi_k; s__Fungi_k	fig4_q30_PE_cutadapt_unite_blast_top1_rescue	Cutadapt	PE	PE	Cutadapt
95f1773c2a7d0ca13e927254c8112db1	UNITE	Cryptococcus	Cryptococcus_neoformans	k__Fungi; p__Basidiomycota; c__Tremellomycetes; o__Tremellales; f__Cryptococcaceae; g__Cryptococcus; s__Cryptococcus_neoformans	fig4_q30_PE_cutadapt_unite_blast_top1_rescue	Cutadapt	PE	PE	Cutadapt
fb76d27379d6ef9ed89ed41710259908	UNITE	Fungi_k	Fungi_k	k__Fungi; p__Fungi_k; c__Fungi_k; o__Fungi_k; f__Fungi_k; g__Fungi_k; s__Fungi_k	fig4_q30_PE_cutadapt_unite_blast_top1_rescue	Cutadapt	PE	PE	Cutadapt
7af52fba2ca72fdd5d71deef24c61e8f	UNITE	Stereaceae_f	Stereaceae_f	k__Fungi; p__Basidiomycota; c__Agaricomycetes; o__Russulales; f__Stereaceae; g__Stereaceae_f; s__Stereaceae_f	fig4_q30_PE_cutadapt_unite_blast_top1_rescue	Cutadapt	PE	PE	Cutadapt
33dba7b0fe74ead03efdfb26e8f5b4c1	UNITE	Phanerochaete	Unclassified	k__Fungi; p__Basidiomycota; c__Agaricomycetes; o__Polyporales; f__Phanerochaetaceae; g__Phanerochaete; s__Phanerochaete_g	fig4_q30_PE_cutadapt_unite_blast_top1_rescue	Cutadapt	PE	PE	Cutadapt
e5d853208ee1048f3c1aa0c35964ff89	UNITE	Neosetophoma	Neosetophoma_guiyangensis	k__Fungi; p__Ascomycota; c__Dothideomycetes; o__Pleosporales; f__Phaeosphaeriaceae; g__Neosetophoma; s__Neosetophoma_guiyangensis	fig4_q30_PE_cutadapt_unite_blast_top1_rescue	Cutadapt	PE	PE	Cutadapt
261aaef3e9f437880fed728e842bf3ce	UNITE	Mycoaciella	Mycoaciella_efibulata	k__Fungi; p__Basidiomycota; c__Agaricomycetes; o__Polyporales; f__Meruliaceae; g__Mycoaciella; s__Mycoaciella_efibulata	fig4_q30_PE_cutadapt_unite_blast_top1_rescue	Cutadapt	PE	PE	Cutadapt
5a1347579b6378c186b1571a290bb9d4	UNITE	Trametes	Trametes_hirsuta	k__Fungi; p__Basidiomycota; c__Agaricomycetes; o__Polyporales; f__Polyporaceae; g__Trametes; s__Trametes_hirsuta	fig4_q30_PE_cutadapt_unite_blast_top1_rescue	Cutadapt	PE	PE	Cutadapt
87bb58fa78a3cd628677f1f4b6259b4f	UNITE	Sistotrema	Sistotrema_brinkmannii	k__Fungi; p__Basidiomycota; c__Agaricomycetes; o__Cantharellales; f__Hydnaceae; g__Sistotrema; s__Sistotrema_brinkmannii	fig4_q30_PE_cutadapt_unite_blast_top1_rescue	Cutadapt	PE	PE	Cutadapt
52c2647fcfc1edfae9d7f91c8120c7be	UNITE	Agaricales_o	Agaricales_o	k__Fungi; p__Basidiomycota; c__Agaricomycetes; o__Agaricales; f__Agaricales_o; g__Agaricales_o; s__Agaricales_o	fig4_q30_PE_cutadapt_unite_blast_top1_rescue	Cutadapt	PE	PE	Cutadapt
f420cbde9cad909158433a2da2bc2724	UNITE	Butyrea	Butyrea_japonica	k__Fungi; p__Basidiomycota; c__Agaricomycetes; o__Polyporales; f__Steccherinaceae; g__Butyrea; s__Butyrea_japonica	fig4_q30_PE_cutadapt_unite_blast_top1_rescue	Cutadapt	PE	PE	Cutadapt
c9b656acfc99a5a40f2209f65d0c5b1d	UNITE	Leptospora	Unclassified	k__Fungi; p__Ascomycota; c__Dothideomycetes; o__Pleosporales; f__Phaeosphaeriaceae; g__Leptospora; s__Leptospora_g	fig4_q30_PE_cutadapt_unite_blast_top1_rescue	Cutadapt	PE	PE	Cutadapt
4161c7222171a84b64f908d3ea32728d	UNITE	Scopuloides	Scopuloides_hydnoides	k__Fungi; p__Basidiomycota; c__Agaricomycetes; o__Polyporales; f__Meruliaceae; g__Scopuloides; s__Scopuloides_hydnoides	fig4_q30_PE_cutadapt_unite_blast_top1_rescue	Cutadapt	PE	PE	Cutadapt
c8c777b869ce2f3711dd9d93f592b50c	UNITE	Fungi_k	Fungi_k	k__Fungi; p__Fungi_k; c__Fungi_k; o__Fungi_k; f__Fungi_k; g__Fungi_k; s__Fungi_k	fig4_q30_PE_cutadapt_unite_blast_top1_rescue	Cutadapt	PE	PE	Cutadapt
4e64c1e73420427b8cb13f30a0a6ab7a	UNITE	Ascomycota_p	Ascomycota_p	k__Fungi; p__Ascomycota; c__Ascomycota_p; o__Ascomycota_p; f__Ascomycota_p; g__Ascomycota_p; s__Ascomycota_p	fig4_q30_PE_cutadapt_unite_blast_top1_rescue	Cutadapt	PE	PE	Cutadapt
72b67bfcae18678bf980eddd36a9771a	UNITE	Fungi_k	Fungi_k	k__Fungi; p__Fungi_k; c__Fungi_k; o__Fungi_k; f__Fungi_k; g__Fungi_k; s__Fungi_k	fig4_q30_PE_cutadapt_unite_blast_top1_rescue	Cutadapt	PE	PE	Cutadapt
286dcb58947ebd65c54731a7b31e1426	UNITE	Ascomycota_p	Ascomycota_p	k__Fungi; p__Ascomycota; c__Ascomycota_p; o__Ascomycota_p; f__Ascomycota_p; g__Ascomycota_p; s__Ascomycota_p	fig4_q30_PE_cutadapt_unite_blast_top1_rescue	Cutadapt	PE	PE	Cutadapt
ea682988cc2366bcca203b858e165dbf	UNITE	Ascomycota_p	Ascomycota_p	k__Fungi; p__Ascomycota; c__Ascomycota_p; o__Ascomycota_p; f__Ascomycota_p; g__Ascomycota_p; s__Ascomycota_p	fig4_q30_PE_cutadapt_unite_blast_top1_rescue	Cutadapt	PE	PE	Cutadapt
8fa026cd7de8b2de01e24a358b88be37	UNITE	Fungi_k	Fungi_k	k__Fungi; p__Fungi_k; c__Fungi_k; o__Fungi_k; f__Fungi_k; g__Fungi_k; s__Fungi_k	fig4_q30_PE_cutadapt_unite_blast_top1_rescue	Cutadapt	PE	PE	Cutadapt
4b54985ad5446341d5ff07722207c144	UNITE	Ascomycota_p	Ascomycota_p	k__Fungi; p__Ascomycota; c__Ascomycota_p; o__Ascomycota_p; f__Ascomycota_p; g__Ascomycota_p; s__Ascomycota_p	fig4_q30_PE_cutadapt_unite_blast_top1_rescue	Cutadapt	PE	PE	Cutadapt
63e821fd9fdbf2d8444cbd74ace0344b	UNITE	Fungi_k	Fungi_k	k__Fungi; p__Fungi_k; c__Fungi_k; o__Fungi_k; f__Fungi_k; g__Fungi_k; s__Fungi_k	fig4_q30_PE_cutadapt_unite_blast_top1_rescue	Cutadapt	PE	PE	Cutadapt
b9bf649979c8d63c1c961595bd9cbfb0	UNITE	Ascomycota_p	Ascomycota_p	k__Fungi; p__Ascomycota; c__Ascomycota_p; o__Ascomycota_p; f__Ascomycota_p; g__Ascomycota_p; s__Ascomycota_p	fig4_q30_PE_cutadapt_unite_blast_top1_rescue	Cutadapt	PE	PE	Cutadapt
54a9657d58d6908639ab20f13473c550	UNITE	Ascomycota_p	Ascomycota_p	k__Fungi; p__Ascomycota; c__Ascomycota_p; o__Ascomycota_p; f__Ascomycota_p; g__Ascomycota_p; s__Ascomycota_p	fig4_q30_PE_cutadapt_unite_blast_top1_rescue	Cutadapt	PE	PE	Cutadapt
2f59dd7e9fc446d7a14b08931d27996b	UNITE	Fungi_k	Fungi_k	k__Fungi; p__Fungi_k; c__Fungi_k; o__Fungi_k; f__Fungi_k; g__Fungi_k; s__Fungi_k	fig4_q30_PE_cutadapt_unite_blast_top1_rescue	Cutadapt	PE	PE	Cutadapt
72dd57beba4abec6d0d494eb0718bc12	UNITE	Trametes	Trametes_versicolor	k__Fungi; p__Basidiomycota; c__Agaricomycetes; o__Polyporales; f__Polyporaceae; g__Trametes; s__Trametes_versicolor	fig4_q30_PE_cutadapt_unite_blast_top1_rescue	Cutadapt	PE	PE	Cutadapt
bad85d945e752646a087d8f0bbad3e12	UNITE	Cryptococcus	Cryptococcus_neoformans	k__Fungi; p__Basidiomycota; c__Tremellomycetes; o__Tremellales; f__Cryptococcaceae; g__Cryptococcus; s__Cryptococcus_neoformans	fig4_q30_PE_cutadapt_unite_blast_top1_rescue	Cutadapt	PE	PE	Cutadapt
c775e1e68ff04f34433731d8adc2836c	UNITE	Fungi_k	Fungi_k	k__Fungi; p__Fungi_k; c__Fungi_k; o__Fungi_k; f__Fungi_k; g__Fungi_k; s__Fungi_k	fig4_q30_PE_cutadapt_unite_blast_top1_rescue	Cutadapt	PE	PE	Cutadapt
489bc5e89193d4fe9dfdd84adf0546b3	UNITE	Mycoaciella	Mycoaciella_efibulata	k__Fungi; p__Basidiomycota; c__Agaricomycetes; o__Polyporales; f__Meruliaceae; g__Mycoaciella; s__Mycoaciella_efibulata	fig4_q30_PE_cutadapt_unite_blast_top1_rescue	Cutadapt	PE	PE	Cutadapt
ba77eab3ca5230db545c4244103dd446	UNITE	Cutaneotrichosporon	Cutaneotrichosporon_mucoides	k__Fungi; p__Basidiomycota; c__Tremellomycetes; o__Trichosporonales; f__Trichosporonaceae; g__Cutaneotrichosporon; s__Cutaneotrichosporon_mucoides	fig4_q30_PE_cutadapt_unite_blast_top1_rescue	Cutadapt	PE	PE	Cutadapt
546d990a90f7a2a349d951836ff0f2fd	UNITE	Pleurotus	Pleurotus_ostreatus	k__Fungi; p__Basidiomycota; c__Agaricomycetes; o__Agaricales; f__Pleurotaceae; g__Pleurotus; s__Pleurotus_ostreatus	fig4_q30_PE_cutadapt_unite_blast_top1_rescue	Cutadapt	PE	PE	Cutadapt
af8682056a1a9eb428a421148900295c	UNITE	Fungi_k	Fungi_k	k__Fungi; p__Fungi_k; c__Fungi_k; o__Fungi_k; f__Fungi_k; g__Fungi_k; s__Fungi_k	fig4_q30_PE_cutadapt_unite_blast_top1_rescue	Cutadapt	PE	PE	Cutadapt
15f625a79a06fdc049afd9842e648080	UNITE	Irpex	Irpex_laceratus	k__Fungi; p__Basidiomycota; c__Agaricomycetes; o__Polyporales; f__Irpicaceae; g__Irpex; s__Irpex_laceratus	fig4_q30_PE_cutadapt_unite_blast_top1_rescue	Cutadapt	PE	PE	Cutadapt
1e00172a134024897f0a1637e7f9f7eb	UNITE	Fungi_k	Fungi_k	k__Fungi; p__Fungi_k; c__Fungi_k; o__Fungi_k; f__Fungi_k; g__Fungi_k; s__Fungi_k	fig4_q30_PE_cutadapt_unite_blast_top1_rescue	Cutadapt	PE	PE	Cutadapt
6d384cafc19065cc87fda307fc5edc62	UNITE	Phlebia	Phlebia_acanthocystis	k__Fungi; p__Basidiomycota; c__Agaricomycetes; o__Polyporales; f__Meruliaceae; g__Phlebia; s__Phlebia_acanthocystis	fig4_q30_PE_cutadapt_unite_blast_top1_rescue	Cutadapt	PE	PE	Cutadapt
a95bc4ccde33d49942cae98b507849d2	UNITE	Candida	Candida_albicans	k__Fungi; p__Ascomycota; c__Saccharomycetes; o__Saccharomycetales; f__Saccharomycetales_fam_Incertae_sedis; g__Candida; s__Candida_albicans	fig4_q30_PE_cutadapt_unite_blast_top1_rescue	Cutadapt	PE	PE	Cutadapt
5d5c68762a61289edf822ec0e8f464a8	UNITE	Candida	Candida_albicans	k__Fungi; p__Ascomycota; c__Saccharomycetes; o__Saccharomycetales; f__Saccharomycetales_fam_Incertae_sedis; g__Candida; s__Candida_albicans	fig4_q30_PE_cutadapt_unite_blast_top1_rescue	Cutadapt	PE	PE	Cutadapt
4f64f4d8332a80d95d2636365ec9ce6f	UNITE	Phanerochaete	Phanerochaete_cumulodentata	k__Fungi; p__Basidiomycota; c__Agaricomycetes; o__Polyporales; f__Phanerochaetaceae; g__Phanerochaete; s__Phanerochaete_cumulodentata	fig4_q30_PE_cutadapt_unite_blast_top1_rescue	Cutadapt	PE	PE	Cutadapt
6d4463163d7baef1ffc030ac5434b8fa	UNITE	Mycoaciella	Mycoaciella_efibulata	k__Fungi; p__Basidiomycota; c__Agaricomycetes; o__Polyporales; f__Meruliaceae; g__Mycoaciella; s__Mycoaciella_efibulata	fig4_q30_PE_cutadapt_unite_blast_top1_rescue	Cutadapt	PE	PE	Cutadapt
85cb2942a1f31a70093f7fd33e282c10	UNITE	Ophiosphaerella	Ophiosphaerella_aquatica	k__Fungi; p__Ascomycota; c__Dothideomycetes; o__Pleosporales; f__Phaeosphaeriaceae; g__Ophiosphaerella; s__Ophiosphaerella_aquatica	fig4_q30_PE_cutadapt_unite_blast_top1_rescue	Cutadapt	PE	PE	Cutadapt
653186fd067372dd2084721fb1479f53	UNITE	Sertulicium	Unclassified	k__Fungi; p__Basidiomycota; c__Agaricomycetes; o__Trechisporales; f__Trechisporales_fam_Incertae_sedis; g__Sertulicium; s__Sertulicium_g	fig4_q30_PE_cutadapt_unite_blast_top1_rescue	Cutadapt	PE	PE	Cutadapt
f24bad932a40bd5907b66928b249e6c4	UNITE	Peniophoraceae_f	Peniophoraceae_f	k__Fungi; p__Basidiomycota; c__Agaricomycetes; o__Russulales; f__Peniophoraceae; g__Peniophoraceae_f; s__Peniophoraceae_f	fig4_q30_PE_cutadapt_unite_blast_top1_rescue	Cutadapt	PE	PE	Cutadapt
33ea755d5d779ed211481b54b94a9919	UNITE	Stereaceae_f	Stereaceae_f	k__Fungi; p__Basidiomycota; c__Agaricomycetes; o__Russulales; f__Stereaceae; g__Stereaceae_f; s__Stereaceae_f	fig4_q30_PE_cutadapt_unite_blast_top1_rescue	Cutadapt	PE	PE	Cutadapt
467fd7fdc68ec2bc3ff68ce05b78ab34	UNITE	Irpicaceae_f	Irpicaceae_f	k__Fungi; p__Basidiomycota; c__Agaricomycetes; o__Polyporales; f__Irpicaceae; g__Irpicaceae_f; s__Irpicaceae_f	fig4_q30_PE_cutadapt_unite_blast_top1_rescue	Cutadapt	PE	PE	Cutadapt
51a982396cf2a0411b8d9b98cd55f672	UNITE	Ascomycota_p	Ascomycota_p	k__Fungi; p__Ascomycota; c__Ascomycota_p; o__Ascomycota_p; f__Ascomycota_p; g__Ascomycota_p; s__Ascomycota_p	fig4_q30_PE_cutadapt_unite_blast_top1_rescue	Cutadapt	PE	PE	Cutadapt
90a27fd125785b348bf5414901cb8f88	UNITE	Peniophoraceae_f	Peniophoraceae_f	k__Fungi; p__Basidiomycota; c__Agaricomycetes; o__Russulales; f__Peniophoraceae; g__Peniophoraceae_f; s__Peniophoraceae_f	fig4_q30_PE_cutadapt_unite_blast_top1_rescue	Cutadapt	PE	PE	Cutadapt
295bfd812f42f8f02cd0ba4418aad5d9	UNITE	Clitopilus	Unclassified	k__Fungi; p__Basidiomycota; c__Agaricomycetes; o__Agaricales; f__Entolomataceae; g__Clitopilus; s__Clitopilus_g	fig4_q30_PE_cutadapt_unite_blast_top1_rescue	Cutadapt	PE	PE	Cutadapt
40c94f5b821ef65501c4b2efa39da6db	UNITE	Polyporales_o	Polyporales_o	k__Fungi; p__Basidiomycota; c__Agaricomycetes; o__Polyporales; f__Polyporales_o; g__Polyporales_o; s__Polyporales_o	fig4_q30_PE_cutadapt_unite_blast_top1_rescue	Cutadapt	PE	PE	Cutadapt
4cff35afcd49a22c48b68822945290d1	UNITE	Gnomoniaceae_f	Gnomoniaceae_f	k__Fungi; p__Ascomycota; c__Sordariomycetes; o__Diaporthales; f__Gnomoniaceae; g__Gnomoniaceae_f; s__Gnomoniaceae_f	fig4_q30_PE_cutadapt_unite_blast_top1_rescue	Cutadapt	PE	PE	Cutadapt
51a98b7c5c93c54bda10caad99c364b6	UNITE	Phlebiopsis	Phlebiopsis_gigantea	k__Fungi; p__Basidiomycota; c__Agaricomycetes; o__Polyporales; f__Phanerochaetaceae; g__Phlebiopsis; s__Phlebiopsis_gigantea	fig4_q30_PE_cutadapt_unite_blast_top1_rescue	Cutadapt	PE	PE	Cutadapt
ea6e93c84843aa3cfe82790b7e8ee81d	UNITE	Xylodon	Xylodon_flaviporus	k__Fungi; p__Basidiomycota; c__Agaricomycetes; o__Hymenochaetales; f__Schizoporaceae; g__Xylodon; s__Xylodon_flaviporus	fig4_q30_PE_cutadapt_unite_blast_top1_rescue	Cutadapt	PE	PE	Cutadapt
b4d30608377b8ba0a2db046367b63098	UNITE	Ceratobasidiaceae_f	Ceratobasidiaceae_f	k__Fungi; p__Basidiomycota; c__Agaricomycetes; o__Cantharellales; f__Ceratobasidiaceae; g__Ceratobasidiaceae_f; s__Ceratobasidiaceae_f	fig4_q30_PE_cutadapt_unite_blast_top1_rescue	Cutadapt	PE	PE	Cutadapt
ff8927283a289e09e5c48a5cf7d76e7d	UNITE	Paraphoma	Paraphoma_rhaphiolepidis	k__Fungi; p__Ascomycota; c__Dothideomycetes; o__Pleosporales; f__Phaeosphaeriaceae; g__Paraphoma; s__Paraphoma_rhaphiolepidis	fig4_q30_PE_cutadapt_unite_blast_top1_rescue	Cutadapt	PE	PE	Cutadapt
651475140040092883fd5b3dd2f0873e	UNITE	Fungi_k	Fungi_k	k__Fungi; p__Fungi_k; c__Fungi_k; o__Fungi_k; f__Fungi_k; g__Fungi_k; s__Fungi_k	fig4_q30_PE_cutadapt_unite_blast_top1_rescue	Cutadapt	PE	PE	Cutadapt
6e260a5a65f2e47329e92f8d5caeda51	UNITE	Fungi_k	Fungi_k	k__Fungi; p__Fungi_k; c__Fungi_k; o__Fungi_k; f__Fungi_k; g__Fungi_k; s__Fungi_k	fig4_q30_PE_cutadapt_unite_blast_top1_rescue	Cutadapt	PE	PE	Cutadapt
3eab78c489c453c266d9f7f00ff7a306	UNITE	Ascomycota_p	Ascomycota_p	k__Fungi; p__Ascomycota; c__Ascomycota_p; o__Ascomycota_p; f__Ascomycota_p; g__Ascomycota_p; s__Ascomycota_p	fig4_q30_PE_cutadapt_unite_blast_top1_rescue	Cutadapt	PE	PE	Cutadapt
3ef930b55e2179db9e69a5023d604394	UNITE	Lecanoromycetes_c	Lecanoromycetes_c	k__Fungi; p__Ascomycota; c__Lecanoromycetes; o__Lecanoromycetes_c; f__Lecanoromycetes_c; g__Lecanoromycetes_c; s__Lecanoromycetes_c	fig4_q30_PE_cutadapt_unite_blast_top1_rescue	Cutadapt	PE	PE	Cutadapt
698241831931245ee5b614ffb602879b	UNITE	Fungi_k	Fungi_k	k__Fungi; p__Fungi_k; c__Fungi_k; o__Fungi_k; f__Fungi_k; g__Fungi_k; s__Fungi_k	fig4_q30_PE_cutadapt_unite_blast_top1_rescue	Cutadapt	PE	PE	Cutadapt
713d81a47c60f29f9ac478f9ed48fe0f	UNITE	Lecanoromycetes_c	Lecanoromycetes_c	k__Fungi; p__Ascomycota; c__Lecanoromycetes; o__Lecanoromycetes_c; f__Lecanoromycetes_c; g__Lecanoromycetes_c; s__Lecanoromycetes_c	fig4_q30_PE_cutadapt_unite_blast_top1_rescue	Cutadapt	PE	PE	Cutadapt
cf4fa2152a817be452f36c833693f1f3	UNITE	Ascomycota_p	Ascomycota_p	k__Fungi; p__Ascomycota; c__Ascomycota_p; o__Ascomycota_p; f__Ascomycota_p; g__Ascomycota_p; s__Ascomycota_p	fig4_q30_PE_cutadapt_unite_blast_top1_rescue	Cutadapt	PE	PE	Cutadapt
50629e38a5bac7973130accf256c91f1	UNITE	Fungi_k	Fungi_k	k__Fungi; p__Fungi_k; c__Fungi_k; o__Fungi_k; f__Fungi_k; g__Fungi_k; s__Fungi_k	fig4_q30_PE_cutadapt_unite_blast_top1_rescue	Cutadapt	PE	PE	Cutadapt
429bcc81ef1faa02997413b774540036	UNITE	Ascomycota_p	Ascomycota_p	k__Fungi; p__Ascomycota; c__Ascomycota_p; o__Ascomycota_p; f__Ascomycota_p; g__Ascomycota_p; s__Ascomycota_p	fig4_q30_PE_cutadapt_unite_blast_top1_rescue	Cutadapt	PE	PE	Cutadapt
c64847cfa36b0333b9f6d18a5e75bb41	UNITE	Ascomycota_p	Ascomycota_p	k__Fungi; p__Ascomycota; c__Ascomycota_p; o__Ascomycota_p; f__Ascomycota_p; g__Ascomycota_p; s__Ascomycota_p	fig4_q30_PE_cutadapt_unite_blast_top1_rescue	Cutadapt	PE	PE	Cutadapt
dbce73c8a1ab561d6f614ddf237a3797	UNITE	Fungi_k	Fungi_k	k__Fungi; p__Fungi_k; c__Fungi_k; o__Fungi_k; f__Fungi_k; g__Fungi_k; s__Fungi_k	fig4_q30_PE_cutadapt_unite_blast_top1_rescue	Cutadapt	PE	PE	Cutadapt
b65a2b82cd127c5e2a47ad8faa1b752a	UNITE	Fungi_k	Fungi_k	k__Fungi; p__Fungi_k; c__Fungi_k; o__Fungi_k; f__Fungi_k; g__Fungi_k; s__Fungi_k	fig4_q30_PE_cutadapt_unite_blast_top1_rescue	Cutadapt	PE	PE	Cutadapt
2bc30a5545badee22da1375355460f31	UNITE	Ascomycota_p	Ascomycota_p	k__Fungi; p__Ascomycota; c__Ascomycota_p; o__Ascomycota_p; f__Ascomycota_p; g__Ascomycota_p; s__Ascomycota_p	fig4_q30_PE_cutadapt_unite_blast_top1_rescue	Cutadapt	PE	PE	Cutadapt
6a488ebb19374e75ab8c1844bbafce8d	UNITE	Fungi_k	Fungi_k	k__Fungi; p__Fungi_k; c__Fungi_k; o__Fungi_k; f__Fungi_k; g__Fungi_k; s__Fungi_k	fig4_q30_PE_cutadapt_unite_blast_top1_rescue	Cutadapt	PE	PE	Cutadapt
61dac92d18153645f1b7803b725f026e	UNITE	Cryptococcus	Cryptococcus_neoformans	k__Fungi; p__Basidiomycota; c__Tremellomycetes; o__Tremellales; f__Cryptococcaceae; g__Cryptococcus; s__Cryptococcus_neoformans	fig4_q30_PE_cutadapt_unite_blast_top1_rescue	Cutadapt	PE	PE	Cutadapt
63a2e674402c346299d4c1df81ed5836	UNITE	Arthrodermataceae_f	Arthrodermataceae_f	k__Fungi; p__Ascomycota; c__Eurotiomycetes; o__Onygenales; f__Arthrodermataceae; g__Arthrodermataceae_f; s__Arthrodermataceae_f	fig4_q30_PE_cutadapt_unite_blast_top1_rescue	Cutadapt	PE	PE	Cutadapt
e07035ca1a78a733b80b767ee1d87f86	UNITE	Saccharomyces	Unclassified	k__Fungi; p__Ascomycota; c__Saccharomycetes; o__Saccharomycetales; f__Saccharomycetaceae; g__Saccharomyces; s__Saccharomyces_g	fig4_q30_PE_cutadapt_unite_blast_top1_rescue	Cutadapt	PE	PE	Cutadapt
e112c29f1d4d30f93d6a4f997da66225	UNITE	Leptosillia	Unclassified	k__Fungi; p__Ascomycota; c__Sordariomycetes; o__Xylariales; f__Leptosilliaceae; g__Leptosillia; s__Leptosillia_g	fig4_q30_PE_cutadapt_unite_blast_top1_rescue	Cutadapt	PE	PE	Cutadapt
a5d3ae1fbaa69186a9e9039292c6e302	UNITE	Pichia	Pichia_kudriavzevii	k__Fungi; p__Ascomycota; c__Saccharomycetes; o__Saccharomycetales; f__Pichiaceae; g__Pichia; s__Pichia_kudriavzevii	fig4_q30_PE_cutadapt_unite_blast_top1_rescue	Cutadapt	PE	PE	Cutadapt
c8505e875d51d986f896f036a5e618b9	UNITE	Saccharomycetales_o	Saccharomycetales_o	k__Fungi; p__Ascomycota; c__Saccharomycetes; o__Saccharomycetales; f__Saccharomycetales_o; g__Saccharomycetales_o; s__Saccharomycetales_o	fig4_q30_PE_cutadapt_unite_blast_top1_rescue	Cutadapt	PE	PE	Cutadapt
5a76779a9b28c5e5452a22a45442766d	UNITE	Saccharomycetales_o	Saccharomycetales_o	k__Fungi; p__Ascomycota; c__Saccharomycetes; o__Saccharomycetales; f__Saccharomycetales_o; g__Saccharomycetales_o; s__Saccharomycetales_o	fig4_q30_PE_cutadapt_unite_blast_top1_rescue	Cutadapt	PE	PE	Cutadapt
3126603ce7da70b1f82edec8c3993711	UNITE	Dothideomycetes_c	Dothideomycetes_c	k__Fungi; p__Ascomycota; c__Dothideomycetes; o__Dothideomycetes_c; f__Dothideomycetes_c; g__Dothideomycetes_c; s__Dothideomycetes_c	fig4_q30_PE_cutadapt_unite_blast_top1_rescue	Cutadapt	PE	PE	Cutadapt
f7218976c1e3cfa5b3311810d216b38c	UNITE	Penicillium	Unclassified	k__Fungi; p__Ascomycota; c__Eurotiomycetes; o__Eurotiales; f__Aspergillaceae; g__Penicillium; s__Penicillium_g	fig4_q30_PE_cutadapt_unite_blast_top1_rescue	Cutadapt	PE	PE	Cutadapt
066d3a6a9990f7d9069cd4f072317dbe	UNITE	Schizophyllum	Schizophyllum_commune	k__Fungi; p__Basidiomycota; c__Agaricomycetes; o__Agaricales; f__Schizophyllaceae; g__Schizophyllum; s__Schizophyllum_commune	fig4_q30_PE_cutadapt_unite_blast_top1_rescue	Cutadapt	PE	PE	Cutadapt
dbe4c02721914378ee2ed8912a91d64e	UNITE	Cystofilobasidium	Cystofilobasidium_capitatum	k__Fungi; p__Basidiomycota; c__Tremellomycetes; o__Cystofilobasidiales; f__Cystofilobasidiaceae; g__Cystofilobasidium; s__Cystofilobasidium_capitatum	fig4_q30_PE_cutadapt_unite_blast_top1_rescue	Cutadapt	PE	PE	Cutadapt
e44ef40252932c0964ad866230e82b21	UNITE	Komagataella	Komagataella_phaffii	k__Fungi; p__Ascomycota; c__Saccharomycetes; o__Saccharomycetales; f__Pichiaceae; g__Komagataella; s__Komagataella_phaffii	fig4_q30_PE_cutadapt_unite_blast_top1_rescue	Cutadapt	PE	PE	Cutadapt
0688c26b368b7fdfa3039ec0e57440b9	UNITE	Xylodon	Xylodon_exilis	k__Fungi; p__Basidiomycota; c__Agaricomycetes; o__Hymenochaetales; f__Schizoporaceae; g__Xylodon; s__Xylodon_exilis	fig4_q30_PE_cutadapt_unite_blast_top1_rescue	Cutadapt	PE	PE	Cutadapt
a0af600e9571d2458f95c090bdccea44	UNITE	Hyphodontia	Hyphodontia_tropica	k__Fungi; p__Basidiomycota; c__Agaricomycetes; o__Hymenochaetales; f__Schizoporaceae; g__Hyphodontia; s__Hyphodontia_tropica	fig4_q30_PE_cutadapt_unite_blast_top1_rescue	Cutadapt	PE	PE	Cutadapt
925459f9e4c80260242c0958f30b54e0	UNITE	Polyporales_o	Polyporales_o	k__Fungi; p__Basidiomycota; c__Agaricomycetes; o__Polyporales; f__Polyporales_o; g__Polyporales_o; s__Polyporales_o	fig4_q30_PE_cutadapt_unite_blast_top1_rescue	Cutadapt	PE	PE	Cutadapt
7d4e12dd159836405acad62046c8829b	UNITE	Fungi_k	Fungi_k	k__Fungi; p__Fungi_k; c__Fungi_k; o__Fungi_k; f__Fungi_k; g__Fungi_k; s__Fungi_k	fig4_q30_PE_cutadapt_unite_blast_top1_rescue	Cutadapt	PE	PE	Cutadapt
c49d0b7026b426e0ba1f838a9273ebf6	UNITE	Sporobolomyces	Sporobolomyces_ruberrimus	k__Fungi; p__Basidiomycota; c__Microbotryomycetes; o__Sporidiobolales; f__Sporidiobolaceae; g__Sporobolomyces; s__Sporobolomyces_ruberrimus	fig4_q30_PE_cutadapt_unite_blast_top1_rescue	Cutadapt	PE	PE	Cutadapt
5a3d239f7ef2ab837d7336056dfb1edb	UNITE	Schizoporaceae_f	Schizoporaceae_f	k__Fungi; p__Basidiomycota; c__Agaricomycetes; o__Hymenochaetales; f__Schizoporaceae; g__Schizoporaceae_f; s__Schizoporaceae_f	fig4_q30_PE_cutadapt_unite_blast_top1_rescue	Cutadapt	PE	PE	Cutadapt
7cad0bdd816afb85c88fd63f1d036143	UNITE	Mollisia	Mollisia_cinerea	k__Fungi; p__Ascomycota; c__Leotiomycetes; o__Helotiales; f__Mollisiaceae; g__Mollisia; s__Mollisia_cinerea	fig4_q30_PE_cutadapt_unite_blast_top1_rescue	Cutadapt	PE	PE	Cutadapt
5d9802182df7538d2c6be1cdfeb85659	UNITE	Peniophorella	Peniophorella_crystallifera	k__Fungi; p__Basidiomycota; c__Agaricomycetes; o__Hymenochaetales; f__Rickenellaceae; g__Peniophorella; s__Peniophorella_crystallifera	fig4_q30_PE_cutadapt_unite_blast_top1_rescue	Cutadapt	PE	PE	Cutadapt
c054c50e00ab77bb215bd00f935c0550	UNITE	Candolleomyces	Unclassified	k__Fungi; p__Basidiomycota; c__Agaricomycetes; o__Agaricales; f__Psathyrellaceae; g__Candolleomyces; s__Candolleomyces_g	fig4_q30_PE_cutadapt_unite_blast_top1_rescue	Cutadapt	PE	PE	Cutadapt
33dea5eef821c3979a5126d39932b903	UNITE	Stereaceae_f	Stereaceae_f	k__Fungi; p__Basidiomycota; c__Agaricomycetes; o__Russulales; f__Stereaceae; g__Stereaceae_f; s__Stereaceae_f	fig4_q30_PE_cutadapt_unite_blast_top1_rescue	Cutadapt	PE	PE	Cutadapt
72698b1fcb1822c8e37cdd124ada9b17	UNITE	Agaricomycetes_c	Agaricomycetes_c	k__Fungi; p__Basidiomycota; c__Agaricomycetes; o__Agaricomycetes_c; f__Agaricomycetes_c; g__Agaricomycetes_c; s__Agaricomycetes_c	fig4_q30_PE_cutadapt_unite_blast_top1_rescue	Cutadapt	PE	PE	Cutadapt
3da800126d9b7c1f05fa15feb7cd6c42	UNITE	Mycoaciella	Mycoaciella_efibulata	k__Fungi; p__Basidiomycota; c__Agaricomycetes; o__Polyporales; f__Meruliaceae; g__Mycoaciella; s__Mycoaciella_efibulata	fig4_q30_PE_cutadapt_unite_blast_top1_rescue	Cutadapt	PE	PE	Cutadapt
5c51cdf8de3c7b6aa78fc4cf2bcaeab3	UNITE	Polyporales_o	Polyporales_o	k__Fungi; p__Basidiomycota; c__Agaricomycetes; o__Polyporales; f__Polyporales_o; g__Polyporales_o; s__Polyporales_o	fig4_q30_PE_cutadapt_unite_blast_top1_rescue	Cutadapt	PE	PE	Cutadapt
6b37ace5f30e38cad6ca59d96f79d969	UNITE	Polyporales_o	Polyporales_o	k__Fungi; p__Basidiomycota; c__Agaricomycetes; o__Polyporales; f__Polyporales_o; g__Polyporales_o; s__Polyporales_o	fig4_q30_PE_cutadapt_unite_blast_top1_rescue	Cutadapt	PE	PE	Cutadapt
d12bec04329f5ff001a3f36842de4fcf	UNITE	Trechisporales_o	Trechisporales_o	k__Fungi; p__Basidiomycota; c__Agaricomycetes; o__Trechisporales; f__Trechisporales_o; g__Trechisporales_o; s__Trechisporales_o	fig4_q30_PE_cutadapt_unite_blast_top1_rescue	Cutadapt	PE	PE	Cutadapt
4b5579bef6f79e98d1ff9397bb7673ce	UNITE	Coprinopsis	Coprinopsis_urticicola	k__Fungi; p__Basidiomycota; c__Agaricomycetes; o__Agaricales; f__Psathyrellaceae; g__Coprinopsis; s__Coprinopsis_urticicola	fig4_q30_PE_cutadapt_unite_blast_top1_rescue	Cutadapt	PE	PE	Cutadapt
2ef1afa1f22282539202afd02e736199	UNITE	Peniophorella	Peniophorella_pubera	k__Fungi; p__Basidiomycota; c__Agaricomycetes; o__Hymenochaetales; f__Rickenellaceae; g__Peniophorella; s__Peniophorella_pubera	fig4_q30_PE_cutadapt_unite_blast_top1_rescue	Cutadapt	PE	PE	Cutadapt
b16db1fc7966f2e08f1492e3d2f0b4b2	UNITE	Ascomycota_p	Ascomycota_p	k__Fungi; p__Ascomycota; c__Ascomycota_p; o__Ascomycota_p; f__Ascomycota_p; g__Ascomycota_p; s__Ascomycota_p	fig4_q30_PE_cutadapt_unite_blast_top1_rescue	Cutadapt	PE	PE	Cutadapt
f8dfb2eaf616ca6fd27b85fafa01d333	UNITE	Fungi_k	Fungi_k	k__Fungi; p__Fungi_k; c__Fungi_k; o__Fungi_k; f__Fungi_k; g__Fungi_k; s__Fungi_k	fig4_q30_PE_cutadapt_unite_blast_top1_rescue	Cutadapt	PE	PE	Cutadapt
e8657b7595d5e8e4e50826f1c25b6aa6	UNITE	Ascomycota_p	Ascomycota_p	k__Fungi; p__Ascomycota; c__Ascomycota_p; o__Ascomycota_p; f__Ascomycota_p; g__Ascomycota_p; s__Ascomycota_p	fig4_q30_PE_cutadapt_unite_blast_top1_rescue	Cutadapt	PE	PE	Cutadapt
e8f7198381d65dc8753f199663cec60c	UNITE	Fungi_k	Fungi_k	k__Fungi; p__Fungi_k; c__Fungi_k; o__Fungi_k; f__Fungi_k; g__Fungi_k; s__Fungi_k	fig4_q30_PE_cutadapt_unite_blast_top1_rescue	Cutadapt	PE	PE	Cutadapt
d24759e6ba7e7f4d6daa0a60270c817e	UNITE	Fungi_k	Fungi_k	k__Fungi; p__Fungi_k; c__Fungi_k; o__Fungi_k; f__Fungi_k; g__Fungi_k; s__Fungi_k	fig4_q30_PE_cutadapt_unite_blast_top1_rescue	Cutadapt	PE	PE	Cutadapt
1e10e90c58289ef8eb06b210b1339a3c	UNITE	Aspergillus	Aspergillus_neotritici	k__Fungi; p__Ascomycota; c__Eurotiomycetes; o__Eurotiales; f__Aspergillaceae; g__Aspergillus; s__Aspergillus_neotritici	fig4_q30_PE_cutadapt_unite_blast_top1_rescue	Cutadapt	PE	PE	Cutadapt
94582dfd0163256b9ba66b217191b5d7	UNITE+RefSeq BLAST	Candida	Candida_albicans	NA	fig4_q30_PE_cutadapt_unite_blast_top1_rescue	Cutadapt	PE	PE	Cutadapt
03de5f5896c6815c01fb82e636a2d449	UNITE+RefSeq BLAST	Cutaneotrichosporon	Cutaneotrichosporon_mucoides	NA	fig4_q30_PE_cutadapt_unite_blast_top1_rescue	Cutadapt	PE	PE	Cutadapt
a18789fb47a3a707fd63fa3b4051fac8	UNITE+RefSeq BLAST	Cryptococcus	Cryptococcus_neoformans	NA	fig4_q30_PE_cutadapt_unite_blast_top1_rescue	Cutadapt	PE	PE	Cutadapt
77af6915246bc6753bf0513efd3804c2	UNITE+RefSeq BLAST	Penicillium	Penicillium_chrysogenum	NA	fig4_q30_PE_cutadapt_unite_blast_top1_rescue	Cutadapt	PE	PE	Cutadapt
780933a320c8e557970d7d3bb1a87d12	UNITE+RefSeq BLAST	Nakaseomyces	Nakaseomyces_glabratus	NA	fig4_q30_PE_cutadapt_unite_blast_top1_rescue	Cutadapt	PE	PE	Cutadapt
0ea5c361d3337b625fb478ae11fb59bb	UNITE+RefSeq BLAST	Saccharomyces	Saccharomyces_cerevisiae	NA	fig4_q30_PE_cutadapt_unite_blast_top1_rescue	Cutadapt	PE	PE	Cutadapt
9fe16fd93ac73e9e4d58434fd4438af0	UNITE+RefSeq BLAST	Ascomycota_p	Ascomycota_p	NA	fig4_q30_PE_cutadapt_unite_blast_top1_rescue	Cutadapt	PE	PE	Cutadapt
11842fe4669d5dc87ff9d34dc08ef2f2	UNITE+RefSeq BLAST	Candida	Candida_albicans	NA	fig4_q30_PE_cutadapt_unite_blast_top1_rescue	Cutadapt	PE	PE	Cutadapt
5e2c12eecbfdf3fff3b2b65482b499c7	UNITE+RefSeq BLAST	Aspergillus	Aspergillus_fumigatus	NA	fig4_q30_PE_cutadapt_unite_blast_top1_rescue	Cutadapt	PE	PE	Cutadapt
da3dbb64be8691d27645aa7b82caeba7	UNITE+RefSeq BLAST	Aspergillus	Aspergillus_fumigatus	NA	fig4_q30_PE_cutadapt_unite_blast_top1_rescue	Cutadapt	PE	PE	Cutadapt
b8bd3043d0b693dc6b5b7d4ae86033f9	UNITE+RefSeq BLAST	Candida	Candida_albicans	NA	fig4_q30_PE_cutadapt_unite_blast_top1_rescue	Cutadapt	PE	PE	Cutadapt
61d8d693c2929788a39237ffcfa57ced	UNITE+RefSeq BLAST	Fungi_k	Fungi_k	NA	fig4_q30_PE_cutadapt_unite_blast_top1_rescue	Cutadapt	PE	PE	Cutadapt
2e034c1aa05be4c5111594d8a3c15afd	UNITE+RefSeq BLAST	Fungi_k	Fungi_k	NA	fig4_q30_PE_cutadapt_unite_blast_top1_rescue	Cutadapt	PE	PE	Cutadapt
fa49207aafe8816360a131aaed63c5c4	UNITE+RefSeq BLAST	Cutaneotrichosporon	Cutaneotrichosporon_mucoides	NA	fig4_q30_PE_cutadapt_unite_blast_top1_rescue	Cutadapt	PE	PE	Cutadapt
20724af4e0f4acaddd718dafdbd09bfa	UNITE+RefSeq BLAST	Cutaneotrichosporon	Cutaneotrichosporon_mucoides	NA	fig4_q30_PE_cutadapt_unite_blast_top1_rescue	Cutadapt	PE	PE	Cutadapt
deb97cee17e99b323f1cbf412123cbe4	UNITE+RefSeq BLAST	Ascomycota_p	Ascomycota_p	NA	fig4_q30_PE_cutadapt_unite_blast_top1_rescue	Cutadapt	PE	PE	Cutadapt
529773f8e657ea61f96deda99c494873	UNITE+RefSeq BLAST	Ascomycota_p	Ascomycota_p	NA	fig4_q30_PE_cutadapt_unite_blast_top1_rescue	Cutadapt	PE	PE	Cutadapt
590132bd07b175817d210a561f31a4a7	UNITE+RefSeq BLAST	Trichophyton	Trichophyton_mentagrophytes	NA	fig4_q30_PE_cutadapt_unite_blast_top1_rescue	Cutadapt	PE	PE	Cutadapt
29733cd0bf01391c2b1b07b45a29b756	UNITE+RefSeq BLAST	Cutaneotrichosporon	Cutaneotrichosporon_debeurmannianum	NA	fig4_q30_PE_cutadapt_unite_blast_top1_rescue	Cutadapt	PE	PE	Cutadapt
f4d59f3582021edd31f8a66bfbe26d3f	UNITE+RefSeq BLAST	Irpex	Irpex_hydnoides	NA	fig4_q30_PE_cutadapt_unite_blast_top1_rescue	Cutadapt	PE	PE	Cutadapt
905456212b0753912cb440d99f46a06a	UNITE+RefSeq BLAST	Cladosporium	Cladosporium_colombiae	NA	fig4_q30_PE_cutadapt_unite_blast_top1_rescue	Cutadapt	PE	PE	Cutadapt
7bc674b40d076f018a37dfafe8b2816b	UNITE+RefSeq BLAST	Ascomycota_p	Ascomycota_p	NA	fig4_q30_PE_cutadapt_unite_blast_top1_rescue	Cutadapt	PE	PE	Cutadapt
b51b5ed103b9c82d0f30382550327fbd	UNITE+RefSeq BLAST	Kazachstania	Kazachstania_servazzii	NA	fig4_q30_PE_cutadapt_unite_blast_top1_rescue	Cutadapt	PE	PE	Cutadapt
483028ff24e4f601e06ded031e01d11a	UNITE+RefSeq BLAST	Irpex	Irpex_laceratus	NA	fig4_q30_PE_cutadapt_unite_blast_top1_rescue	Cutadapt	PE	PE	Cutadapt
cbc3861eff42f4b8102fa7270debb33b	UNITE+RefSeq BLAST	Debaryomyces	Debaryomyces_delbrueckii	NA	fig4_q30_PE_cutadapt_unite_blast_top1_rescue	Cutadapt	PE	PE	Cutadapt
6c6f38ebf80a8a9c7ca3c50dc2363d1f	UNITE+RefSeq BLAST	Fungi_k	Fungi_k	NA	fig4_q30_PE_cutadapt_unite_blast_top1_rescue	Cutadapt	PE	PE	Cutadapt
7ab51b82ee043df208fbd659506c728d	UNITE+RefSeq BLAST	Fusarium	Fusarium_keratoplasticum	NA	fig4_q30_PE_cutadapt_unite_blast_top1_rescue	Cutadapt	PE	PE	Cutadapt
3b4e11535ad357e303ef9030433d4713	UNITE+RefSeq BLAST	Cladosporium	Cladosporium_colombiae	NA	fig4_q30_PE_cutadapt_unite_blast_top1_rescue	Cutadapt	PE	PE	Cutadapt
708fe7d9660f6d64ee5ba7114357ed41	UNITE+RefSeq BLAST	Nigrospora	Unclassified	NA	fig4_q30_PE_cutadapt_unite_blast_top1_rescue	Cutadapt	PE	PE	Cutadapt
a646a4b4217efc3e6f6ac3b8179fb986	UNITE+RefSeq BLAST	Penicillium	Penicillium_chrysogenum	NA	fig4_q30_PE_cutadapt_unite_blast_top1_rescue	Cutadapt	PE	PE	Cutadapt
570f764a5084a41650f1c49d6f3fd466	UNITE+RefSeq BLAST	Peniophoraceae_f	Peniophoraceae_f	NA	fig4_q30_PE_cutadapt_unite_blast_top1_rescue	Cutadapt	PE	PE	Cutadapt
62fabc748aba349f3ab0821df3e005b3	UNITE+RefSeq BLAST	Stereaceae_f	Stereaceae_f	NA	fig4_q30_PE_cutadapt_unite_blast_top1_rescue	Cutadapt	PE	PE	Cutadapt
cf8bd45533b6f51ae2b980d2981ac5c5	UNITE+RefSeq BLAST	Candida	Candida_albicans	NA	fig4_q30_PE_cutadapt_unite_blast_top1_rescue	Cutadapt	PE	PE	Cutadapt
caa632e6377dc066d267ab16ba44eceb	UNITE+RefSeq BLAST	Candida	Candida_albicans	NA	fig4_q30_PE_cutadapt_unite_blast_top1_rescue	Cutadapt	PE	PE	Cutadapt
75119fa8298f5d6864c0d8f5795ae4ef	UNITE+RefSeq BLAST	Candida	Candida_albicans	NA	fig4_q30_PE_cutadapt_unite_blast_top1_rescue	Cutadapt	PE	PE	Cutadapt
e25bb45f33000148f4784fb8a0192a94	UNITE+RefSeq BLAST	Saccharomyces	Saccharomyces_cerevisiae	NA	fig4_q30_PE_cutadapt_unite_blast_top1_rescue	Cutadapt	PE	PE	Cutadapt
f3a40e2dc8515c8e668fe47d3b330794	UNITE+RefSeq BLAST	Cutaneotrichosporon	Cutaneotrichosporon_mucoides	NA	fig4_q30_PE_cutadapt_unite_blast_top1_rescue	Cutadapt	PE	PE	Cutadapt
01b9bca264d99ceaedcce67eeee0c285	UNITE+RefSeq BLAST	Neodidymella	Neodidymella_thailandicum	NA	fig4_q30_PE_cutadapt_unite_blast_top1_rescue	Cutadapt	PE	PE	Cutadapt
fe5dd60487e397f73714f40f42953e76	UNITE+RefSeq BLAST	Aspergillus	Aspergillus_ruber	NA	fig4_q30_PE_cutadapt_unite_blast_top1_rescue	Cutadapt	PE	PE	Cutadapt
639353bbf29e0f26b33b9c88db1892ec	UNITE+RefSeq BLAST	Ascomycota_p	Ascomycota_p	NA	fig4_q30_PE_cutadapt_unite_blast_top1_rescue	Cutadapt	PE	PE	Cutadapt
8514469c4a82cfbc7c2f44e7df5a66fa	UNITE+RefSeq BLAST	Bjerkandera	Bjerkandera_adusta	NA	fig4_q30_PE_cutadapt_unite_blast_top1_rescue	Cutadapt	PE	PE	Cutadapt
a9f744b1b96b43b37db5e221ec38c5db	UNITE+RefSeq BLAST	Mucor	Mucor_circinelloides	NA	fig4_q30_PE_cutadapt_unite_blast_top1_rescue	Cutadapt	PE	PE	Cutadapt
d15f326e40dfa3b854e7a256318ec321	UNITE+RefSeq BLAST	Penicillium	Penicillium_brevicompactum	NA	fig4_q30_PE_cutadapt_unite_blast_top1_rescue	Cutadapt	PE	PE	Cutadapt
e71bf72c6d1bb519189030844bbb6a8a	UNITE+RefSeq BLAST	Bullera	Bullera_alba	NA	fig4_q30_PE_cutadapt_unite_blast_top1_rescue	Cutadapt	PE	PE	Cutadapt
dd8b84b6c87fcecf8df76050b70b6a2e	UNITE+RefSeq BLAST	Candolleomyces	Candolleomyces_subminutisporus	NA	fig4_q30_PE_cutadapt_unite_blast_top1_rescue	Cutadapt	PE	PE	Cutadapt
c42df08d0d30ffb92d0d536d020a4953	UNITE+RefSeq BLAST	Fungi_k	Fungi_k	NA	fig4_q30_PE_cutadapt_unite_blast_top1_rescue	Cutadapt	PE	PE	Cutadapt
6c64590e8ec3b22dc5b0cc911ad3b68c	UNITE+RefSeq BLAST	Ophiognomonia	Unclassified	NA	fig4_q30_PE_cutadapt_unite_blast_top1_rescue	Cutadapt	PE	PE	Cutadapt
35a96f9e520fcaf4c32c441672576bdb	UNITE+RefSeq BLAST	Irpex	Irpex_hydnoides	NA	fig4_q30_PE_cutadapt_unite_blast_top1_rescue	Cutadapt	PE	PE	Cutadapt
824cad1ad715206245b6959000cb619c	UNITE+RefSeq BLAST	Agaricomycetes_c	Agaricomycetes_c	NA	fig4_q30_PE_cutadapt_unite_blast_top1_rescue	Cutadapt	PE	PE	Cutadapt
dc31d3cd1f368b6736b7ab377a9d3a9c	UNITE+RefSeq BLAST	Peniophoraceae_f	Peniophoraceae_f	NA	fig4_q30_PE_cutadapt_unite_blast_top1_rescue	Cutadapt	PE	PE	Cutadapt
1062b08fe389426eacd44013d0f1f831	UNITE+RefSeq BLAST	Ascomycota_p	Ascomycota_p	NA	fig4_q30_PE_cutadapt_unite_blast_top1_rescue	Cutadapt	PE	PE	Cutadapt
9d97a0af7f2ef9407934fbadfaacf8b5	UNITE+RefSeq BLAST	Peniophoraceae_f	Peniophoraceae_f	NA	fig4_q30_PE_cutadapt_unite_blast_top1_rescue	Cutadapt	PE	PE	Cutadapt
a03ed4e1914bb72959ef2be3b31f7ac6	UNITE+RefSeq BLAST	Hericiaceae_f	Hericiaceae_f	NA	fig4_q30_PE_cutadapt_unite_blast_top1_rescue	Cutadapt	PE	PE	Cutadapt
f6f5923d4dd3c8badbc2b3e5e4b02b91	UNITE+RefSeq BLAST	Trametes	Trametes_pubescens	NA	fig4_q30_PE_cutadapt_unite_blast_top1_rescue	Cutadapt	PE	PE	Cutadapt
7ca4a4a45a805841fa086a8ed97e5dad	UNITE+RefSeq BLAST	Ascomycota_p	Ascomycota_p	NA	fig4_q30_PE_cutadapt_unite_blast_top1_rescue	Cutadapt	PE	PE	Cutadapt
ef95468ac58c379df3eb0f8355e0e00f	UNITE+RefSeq BLAST	Irpex	Irpex_laceratus	NA	fig4_q30_PE_cutadapt_unite_blast_top1_rescue	Cutadapt	PE	PE	Cutadapt
2e3950f5f6c1c1a1fb643cc894f2aec3	UNITE+RefSeq BLAST	Daedaleopsis	Daedaleopsis_confragosa	NA	fig4_q30_PE_cutadapt_unite_blast_top1_rescue	Cutadapt	PE	PE	Cutadapt
7b9d4a846cd904d4d91f697f90c6eb7e	UNITE+RefSeq BLAST	Tilletiopsis	Tilletiopsis_washingtonensis	NA	fig4_q30_PE_cutadapt_unite_blast_top1_rescue	Cutadapt	PE	PE	Cutadapt
ec242822fcc557e9339f089df02f97f0	UNITE+RefSeq BLAST	Phanerochaete	Phanerochaete_livescens	NA	fig4_q30_PE_cutadapt_unite_blast_top1_rescue	Cutadapt	PE	PE	Cutadapt
b52eda8a4baa1b15ac8ec4d7522abcc8	UNITE+RefSeq BLAST	Sporobolomyces	Sporobolomyces_ruberrimus	NA	fig4_q30_PE_cutadapt_unite_blast_top1_rescue	Cutadapt	PE	PE	Cutadapt
9a3542073661caa439f73c1873400ce8	UNITE+RefSeq BLAST	Cutaneotrichosporon	Cutaneotrichosporon_mucoides	NA	fig4_q30_PE_cutadapt_unite_blast_top1_rescue	Cutadapt	PE	PE	Cutadapt
97549e4fa4e4837c3b81d3f01db97dea	UNITE+RefSeq BLAST	Candida	Candida_albicans	NA	fig4_q30_PE_cutadapt_unite_blast_top1_rescue	Cutadapt	PE	PE	Cutadapt
c24918cc7ed3fc2a00ec08a58e24ef46	UNITE+RefSeq BLAST	Hydnoporia	Hydnoporia_yasudae	NA	fig4_q30_PE_cutadapt_unite_blast_top1_rescue	Cutadapt	PE	PE	Cutadapt
49e42f543450b3655fa635095b6a84e5	UNITE+RefSeq BLAST	Ascomycota_p	Ascomycota_p	NA	fig4_q30_PE_cutadapt_unite_blast_top1_rescue	Cutadapt	PE	PE	Cutadapt
22e477ea80b688324c819bfe250a03ec	UNITE+RefSeq BLAST	Polyporales_o	Polyporales_o	NA	fig4_q30_PE_cutadapt_unite_blast_top1_rescue	Cutadapt	PE	PE	Cutadapt
b001fb61dd6f4db8b22dc8eeb9e3677e	UNITE+RefSeq BLAST	Malassezia	Malassezia_sympodialis	NA	fig4_q30_PE_cutadapt_unite_blast_top1_rescue	Cutadapt	PE	PE	Cutadapt
a8dd4ea318c0f55bda76f7c49124254b	UNITE+RefSeq BLAST	Schizophyllum	Schizophyllum_commune	NA	fig4_q30_PE_cutadapt_unite_blast_top1_rescue	Cutadapt	PE	PE	Cutadapt
e6e622e0c9c574a045fd0dde7ab5a0a0	UNITE+RefSeq BLAST	Candida	Candida_albicans	NA	fig4_q30_PE_cutadapt_unite_blast_top1_rescue	Cutadapt	PE	PE	Cutadapt
8aad4e3a6eaac9deac3f8ee96333eb1b	UNITE+RefSeq BLAST	Crepidotus	Unclassified	NA	fig4_q30_PE_cutadapt_unite_blast_top1_rescue	Cutadapt	PE	PE	Cutadapt
8c4c1e27aeb937396303d685b8e472a5	UNITE+RefSeq BLAST	Sistotremastrum	Sistotremastrum_guttuliferum	NA	fig4_q30_PE_cutadapt_unite_blast_top1_rescue	Cutadapt	PE	PE	Cutadapt
70ff98b81e41acd4ca4c6621e2d3a7ed	UNITE+RefSeq BLAST	Pleosporales_o	Pleosporales_o	NA	fig4_q30_PE_cutadapt_unite_blast_top1_rescue	Cutadapt	PE	PE	Cutadapt
36bb7a251b8db804102d55924be7ceb7	UNITE+RefSeq BLAST	Ceratobasidiaceae_f	Ceratobasidiaceae_f	NA	fig4_q30_PE_cutadapt_unite_blast_top1_rescue	Cutadapt	PE	PE	Cutadapt
3cf141483bd7591f4ba51ec258455287	UNITE+RefSeq BLAST	Ascomycota_p	Ascomycota_p	NA	fig4_q30_PE_cutadapt_unite_blast_top1_rescue	Cutadapt	PE	PE	Cutadapt
8ac0b9cd95572afa972fdb20098f4502	UNITE+RefSeq BLAST	Cladosporium	Cladosporium_tenuissimum	NA	fig4_q30_PE_cutadapt_unite_blast_top1_rescue	Cutadapt	PE	PE	Cutadapt
7342e7108f710f266d9062bbf3415e43	UNITE+RefSeq BLAST	Paragibellulopsis	Paragibellulopsis_chrysanthemi	NA	fig4_q30_PE_cutadapt_unite_blast_top1_rescue	Cutadapt	PE	PE	Cutadapt
27297b7c249900a4b843b2f365f2f58c	UNITE+RefSeq BLAST	Irpex	Irpex_hydnoides	NA	fig4_q30_PE_cutadapt_unite_blast_top1_rescue	Cutadapt	PE	PE	Cutadapt
5f3fefa03a0182a5670fb3083e2ad7f9	UNITE+RefSeq BLAST	Phlebiopsis	Unclassified	NA	fig4_q30_PE_cutadapt_unite_blast_top1_rescue	Cutadapt	PE	PE	Cutadapt
b1164aaea169a7ee1f528b21fd52bce7	UNITE+RefSeq BLAST	Ascomycota_p	Ascomycota_p	NA	fig4_q30_PE_cutadapt_unite_blast_top1_rescue	Cutadapt	PE	PE	Cutadapt
01f7633d99821e693602dae45808d71c	UNITE+RefSeq BLAST	Schizophyllum	Schizophyllum_commune	NA	fig4_q30_PE_cutadapt_unite_blast_top1_rescue	Cutadapt	PE	PE	Cutadapt
37fd731965ed9f30a073fd330c34f19b	UNITE+RefSeq BLAST	Fungi_k	Fungi_k	NA	fig4_q30_PE_cutadapt_unite_blast_top1_rescue	Cutadapt	PE	PE	Cutadapt
280368cdff4f777ae988c6a3c9cca85f	UNITE+RefSeq BLAST	Udeniomyces	Udeniomyces_pyricola	NA	fig4_q30_PE_cutadapt_unite_blast_top1_rescue	Cutadapt	PE	PE	Cutadapt
7823e9cbfc207aa43d02f0fe7b042f1b	UNITE+RefSeq BLAST	Biscogniauxia	Biscogniauxia_atropunctata	NA	fig4_q30_PE_cutadapt_unite_blast_top1_rescue	Cutadapt	PE	PE	Cutadapt
49bcc97c03a0653cb80f79c2c5f8b19a	UNITE+RefSeq BLAST	Candida	Candida_dubliniensis	NA	fig4_q30_PE_cutadapt_unite_blast_top1_rescue	Cutadapt	PE	PE	Cutadapt
87c1440d8bb908eca49371e3bade6a91	UNITE+RefSeq BLAST	Mucor	Unclassified	NA	fig4_q30_PE_cutadapt_unite_blast_top1_rescue	Cutadapt	PE	PE	Cutadapt
b84c5ce7ffdb045632be2f6b94323dfe	UNITE+RefSeq BLAST	Cutaneotrichosporon	Cutaneotrichosporon_mucoides	NA	fig4_q30_PE_cutadapt_unite_blast_top1_rescue	Cutadapt	PE	PE	Cutadapt
c3ac7f9b16a282464bcef99f9a81543e	UNITE+RefSeq BLAST	Penicillium	Penicillium_chrysogenum	NA	fig4_q30_PE_cutadapt_unite_blast_top1_rescue	Cutadapt	PE	PE	Cutadapt
4c1a21b88f8f585d285a06ad0af7725c	UNITE+RefSeq BLAST	Penicillium	Penicillium_sclerotiorum	NA	fig4_q30_PE_cutadapt_unite_blast_top1_rescue	Cutadapt	PE	PE	Cutadapt
ed08fe04da925633f2c00f8cc1622edb	UNITE+RefSeq BLAST	Steccherinum	Steccherinum_tenuissimum	NA	fig4_q30_PE_cutadapt_unite_blast_top1_rescue	Cutadapt	PE	PE	Cutadapt
ccaa9026e396d4818dfe7b2a8a9ded99	UNITE+RefSeq BLAST	Xylodon	Xylodon_flaviporus	NA	fig4_q30_PE_cutadapt_unite_blast_top1_rescue	Cutadapt	PE	PE	Cutadapt
7bc58b0abd5098f2ef0a61cd7d827443	UNITE+RefSeq BLAST	Fungi_k	Fungi_k	NA	fig4_q30_PE_cutadapt_unite_blast_top1_rescue	Cutadapt	PE	PE	Cutadapt
4ecc63232ae7a35c72123a89208ccd2e	UNITE+RefSeq BLAST	Fungi_k	Fungi_k	NA	fig4_q30_PE_cutadapt_unite_blast_top1_rescue	Cutadapt	PE	PE	Cutadapt
f1e26dc5de94e5ab231af0b5370bb2e2	UNITE+RefSeq BLAST	Fungi_k	Fungi_k	NA	fig4_q30_PE_cutadapt_unite_blast_top1_rescue	Cutadapt	PE	PE	Cutadapt
d3cf17e7ddaf0b1aea15774633f30129	UNITE+RefSeq BLAST	Cystobasidium	Cystobasidium_slooffiae	NA	fig4_q30_PE_cutadapt_unite_blast_top1_rescue	Cutadapt	PE	PE	Cutadapt
c4c056deff753f4ef06780b99493596f	UNITE+RefSeq BLAST	Atheliales_o	Atheliales_o	NA	fig4_q30_PE_cutadapt_unite_blast_top1_rescue	Cutadapt	PE	PE	Cutadapt
3ee5b4735ff168cd1b6a7193563a859b	UNITE+RefSeq BLAST	Peniophoraceae_f	Peniophoraceae_f	NA	fig4_q30_PE_cutadapt_unite_blast_top1_rescue	Cutadapt	PE	PE	Cutadapt
f45167fe9037171e98d058bf61f10146	UNITE+RefSeq BLAST	Ceriporia	Ceriporia_nanlingensis	NA	fig4_q30_PE_cutadapt_unite_blast_top1_rescue	Cutadapt	PE	PE	Cutadapt
ee7388dacc8e4b7870d607cc42b50b9d	UNITE+RefSeq BLAST	Irpex	Irpex_laceratus	NA	fig4_q30_PE_cutadapt_unite_blast_top1_rescue	Cutadapt	PE	PE	Cutadapt
2c24ade1f6d21508f680725d560471b9	UNITE+RefSeq BLAST	Fungi_k	Fungi_k	NA	fig4_q30_PE_cutadapt_unite_blast_top1_rescue	Cutadapt	PE	PE	Cutadapt
665ad022321b70667403ddce0993eda4	UNITE+RefSeq BLAST	Fungi_k	Fungi_k	NA	fig4_q30_PE_cutadapt_unite_blast_top1_rescue	Cutadapt	PE	PE	Cutadapt
e28b6e0bb0e64f81a0dd9d665d0459ef	UNITE+RefSeq BLAST	Sporobolomyces	Sporobolomyces_carnicolor	NA	fig4_q30_PE_cutadapt_unite_blast_top1_rescue	Cutadapt	PE	PE	Cutadapt
c1c188f9bec8b8bdc4dcfebee1b40cb2	UNITE+RefSeq BLAST	Trametes	Trametes_hirsuta	NA	fig4_q30_PE_cutadapt_unite_blast_top1_rescue	Cutadapt	PE	PE	Cutadapt
50f4af150db8ec540493d2a0bf932341	UNITE+RefSeq BLAST	Fuscoporia	Fuscoporia_karsteniana	NA	fig4_q30_PE_cutadapt_unite_blast_top1_rescue	Cutadapt	PE	PE	Cutadapt
ed4824782d1a2a0df7b273a4267b408a	UNITE+RefSeq BLAST	Sarocladium	Sarocladium_zeae	NA	fig4_q30_PE_cutadapt_unite_blast_top1_rescue	Cutadapt	PE	PE	Cutadapt
5dda9a089382440ef931ad4ff5e8ffbb	UNITE+RefSeq BLAST	Irpex	Irpex_hydnoides	NA	fig4_q30_PE_cutadapt_unite_blast_top1_rescue	Cutadapt	PE	PE	Cutadapt
0a135d06258a4917295be19c2f72f676	UNITE+RefSeq BLAST	Penicillium	Penicillium_chrysogenum	NA	fig4_q30_PE_cutadapt_unite_blast_top1_rescue	Cutadapt	PE	PE	Cutadapt
138ac92150209d94b9e015e7735368f1	UNITE+RefSeq BLAST	Penicillium	Unclassified	NA	fig4_q30_PE_cutadapt_unite_blast_top1_rescue	Cutadapt	PE	PE	Cutadapt
2995053d4cdadcaafad9308b84e0e4a8	UNITE+RefSeq BLAST	Coprinopsis	Coprinopsis_urticicola	NA	fig4_q30_PE_cutadapt_unite_blast_top1_rescue	Cutadapt	PE	PE	Cutadapt
248e2fe59d856b93e8bf1adcb9e172d4	UNITE+RefSeq BLAST	Ascomycota_p	Ascomycota_p	NA	fig4_q30_PE_cutadapt_unite_blast_top1_rescue	Cutadapt	PE	PE	Cutadapt
bc79eb705cf420f2d21394f7ba4fc470	UNITE+RefSeq BLAST	Candida	Candida_albicans	NA	fig4_q30_PE_cutadapt_unite_blast_top1_rescue	Cutadapt	PE	PE	Cutadapt
c6b37d0ce32b13674721bc28dce1eb28	UNITE+RefSeq BLAST	Helotiales_o	Helotiales_o	NA	fig4_q30_PE_cutadapt_unite_blast_top1_rescue	Cutadapt	PE	PE	Cutadapt
91a7fbfb6202e3edbe0a45f2865e19c8	UNITE+RefSeq BLAST	Talaromyces	Talaromyces_purgamentorum	NA	fig4_q30_PE_cutadapt_unite_blast_top1_rescue	Cutadapt	PE	PE	Cutadapt
50e29a0983b9c1a46afd399477503736	UNITE+RefSeq BLAST	Fungi_k	Fungi_k	NA	fig4_q30_PE_cutadapt_unite_blast_top1_rescue	Cutadapt	PE	PE	Cutadapt
3251b8618a77585ac75c4825f24bdc34	UNITE+RefSeq BLAST	Udeniomyces	Udeniomyces_pyricola	NA	fig4_q30_PE_cutadapt_unite_blast_top1_rescue	Cutadapt	PE	PE	Cutadapt
0067abbe4f3ec2c8b1f93f21dab22215	UNITE+RefSeq BLAST	Penicillium	Penicillium_sumatraense	NA	fig4_q30_PE_cutadapt_unite_blast_top1_rescue	Cutadapt	PE	PE	Cutadapt
0e00ccfc8a7aac1541f7536f41bc8369	UNITE+RefSeq BLAST	Ceriporia	Ceriporia_nanlingensis	NA	fig4_q30_PE_cutadapt_unite_blast_top1_rescue	Cutadapt	PE	PE	Cutadapt
044c0abf07903b8b4131f54e35a7c56b	UNITE+RefSeq BLAST	Peniophoraceae_f	Peniophoraceae_f	NA	fig4_q30_PE_cutadapt_unite_blast_top1_rescue	Cutadapt	PE	PE	Cutadapt
d889a202f22bd13d38f739e651e87fd9	UNITE+RefSeq BLAST	Candida	Candida_albicans	NA	fig4_q30_PE_cutadapt_unite_blast_top1_rescue	Cutadapt	PE	PE	Cutadapt
68816968b3d097f59efc81d7e2e5709b	UNITE+RefSeq BLAST	Suillus	Suillus_viscidus	NA	fig4_q30_PE_cutadapt_unite_blast_top1_rescue	Cutadapt	PE	PE	Cutadapt
deaa18d8f1f0a68e77236fd060313b09	UNITE+RefSeq BLAST	Aureobasidium	Aureobasidium_pullulans	NA	fig4_q30_PE_cutadapt_unite_blast_top1_rescue	Cutadapt	PE	PE	Cutadapt
2fadc7fa01c6d1e87be809237590227f	UNITE+RefSeq BLAST	Fungi_k	Fungi_k	NA	fig4_q30_PE_cutadapt_unite_blast_top1_rescue	Cutadapt	PE	PE	Cutadapt
80031c9738d7445f1f857a5681c053a2	UNITE+RefSeq BLAST	Fungi_k	Fungi_k	NA	fig4_q30_PE_cutadapt_unite_blast_top1_rescue	Cutadapt	PE	PE	Cutadapt
281db102e852e9efd030a38cc9bf92f7	UNITE+RefSeq BLAST	Aspergillus	Aspergillus_neotritici	NA	fig4_q30_PE_cutadapt_unite_blast_top1_rescue	Cutadapt	PE	PE	Cutadapt
b68330710b2ee120d528ed1888de0c19	UNITE+RefSeq BLAST	Penicillium	Penicillium_flavigenum	NA	fig4_q30_PE_cutadapt_unite_blast_top1_rescue	Cutadapt	PE	PE	Cutadapt
2b6bf177cf258974855eb3b9d419ffbc	UNITE+RefSeq BLAST	Irpex	Irpex_laceratus	NA	fig4_q30_PE_cutadapt_unite_blast_top1_rescue	Cutadapt	PE	PE	Cutadapt
31c5d2162fbc4550b1537c9a9bc92d55	UNITE+RefSeq BLAST	Ascomycota_p	Ascomycota_p	NA	fig4_q30_PE_cutadapt_unite_blast_top1_rescue	Cutadapt	PE	PE	Cutadapt
e62da64a67447ad0575490684a5b2e91	UNITE+RefSeq BLAST	Xeromyces	Xeromyces_bisporus	NA	fig4_q30_PE_cutadapt_unite_blast_top1_rescue	Cutadapt	PE	PE	Cutadapt
84448bc0a8762b43632301f4c6d429eb	UNITE+RefSeq BLAST	Rhizoplaca	Rhizoplaca_novomexicana	NA	fig4_q30_PE_cutadapt_unite_blast_top1_rescue	Cutadapt	PE	PE	Cutadapt
a3d5c4ddcd229676d01f4d84ceb4c269	UNITE+RefSeq BLAST	Ascomycota_p	Ascomycota_p	NA	fig4_q30_PE_cutadapt_unite_blast_top1_rescue	Cutadapt	PE	PE	Cutadapt
0f2841458644573d5efdd928ad1b992f	UNITE+RefSeq BLAST	Mucor	Mucor_circinelloides	NA	fig4_q30_PE_cutadapt_unite_blast_top1_rescue	Cutadapt	PE	PE	Cutadapt
b071af43257d5c4de2339fe5cbf735d2	UNITE+RefSeq BLAST	Fungi_k	Fungi_k	NA	fig4_q30_PE_cutadapt_unite_blast_top1_rescue	Cutadapt	PE	PE	Cutadapt
216f8b39045b9b00c7f830736ee9bc59	UNITE+RefSeq BLAST	Ascomycota_p	Ascomycota_p	NA	fig4_q30_PE_cutadapt_unite_blast_top1_rescue	Cutadapt	PE	PE	Cutadapt
63f1a87072986331d33badecc342608c	UNITE+RefSeq BLAST	Fungi_k	Fungi_k	NA	fig4_q30_PE_cutadapt_unite_blast_top1_rescue	Cutadapt	PE	PE	Cutadapt
f49e5929ca3833c66e1441cdadb318b5	UNITE+RefSeq BLAST	Ascomycota_p	Ascomycota_p	NA	fig4_q30_PE_cutadapt_unite_blast_top1_rescue	Cutadapt	PE	PE	Cutadapt
aea3e03e30b06124e1d93a28dd05f1e6	UNITE+RefSeq BLAST	Cladosporium	Cladosporium_colombiae	NA	fig4_q30_PE_cutadapt_unite_blast_top1_rescue	Cutadapt	PE	PE	Cutadapt
c55c882cd5b0311b9de7f084c67c9416	UNITE+RefSeq BLAST	Ascomycota_p	Ascomycota_p	NA	fig4_q30_PE_cutadapt_unite_blast_top1_rescue	Cutadapt	PE	PE	Cutadapt
2abd97d819164ca22fea7fc261ffc6f7	UNITE+RefSeq BLAST	Ascomycota_p	Ascomycota_p	NA	fig4_q30_PE_cutadapt_unite_blast_top1_rescue	Cutadapt	PE	PE	Cutadapt
e0e9522799898c83f9f0e45ef54fe8b0	UNITE+RefSeq BLAST	Candida	Candida_africana	NA	fig4_q30_PE_cutadapt_unite_blast_top1_rescue	Cutadapt	PE	PE	Cutadapt
12bedaf58ec89b5e05c19ad026fdaf9c	UNITE+RefSeq BLAST	Ascomycota_p	Ascomycota_p	NA	fig4_q30_PE_cutadapt_unite_blast_top1_rescue	Cutadapt	PE	PE	Cutadapt
ec5862344e2468f6db640be9b7b2db07	UNITE+RefSeq BLAST	Fungi_k	Fungi_k	NA	fig4_q30_PE_cutadapt_unite_blast_top1_rescue	Cutadapt	PE	PE	Cutadapt
b7af39848139236f0e6c6b805ac1e03a	UNITE+RefSeq BLAST	Aspergillus	Aspergillus_fumigatus	NA	fig4_q30_PE_cutadapt_unite_blast_top1_rescue	Cutadapt	PE	PE	Cutadapt
a6465fce89de2e231daebd63bfc0b190	UNITE+RefSeq BLAST	Burgoa	Burgoa_verzuoliana	NA	fig4_q30_PE_cutadapt_unite_blast_top1_rescue	Cutadapt	PE	PE	Cutadapt
3d70ec70dc3495e97569bc5f82356e79	UNITE+RefSeq BLAST	Penicillium	Penicillium_brevicompactum	NA	fig4_q30_PE_cutadapt_unite_blast_top1_rescue	Cutadapt	PE	PE	Cutadapt
d016750395fb04761d3346b6911b9ddb	UNITE+RefSeq BLAST	Ascomycota_p	Ascomycota_p	NA	fig4_q30_PE_cutadapt_unite_blast_top1_rescue	Cutadapt	PE	PE	Cutadapt
49571ba106c5eaf7edcc41ad9aabb51c	UNITE+RefSeq BLAST	Penicillium	Penicillium_chrysogenum	NA	fig4_q30_PE_cutadapt_unite_blast_top1_rescue	Cutadapt	PE	PE	Cutadapt
ad9491bf7adf542567e36638860807a3	UNITE+RefSeq BLAST	Cutaneotrichosporon	Cutaneotrichosporon_dermatis	NA	fig4_q30_PE_cutadapt_unite_blast_top1_rescue	Cutadapt	PE	PE	Cutadapt
327ac8462f09dcda6956148eee117615	UNITE+RefSeq BLAST	Cystobasidium	Cystobasidium_slooffiae	NA	fig4_q30_PE_cutadapt_unite_blast_top1_rescue	Cutadapt	PE	PE	Cutadapt
c97cb7a6c9ebb46e3770a690678d2f8d	UNITE+RefSeq BLAST	Fungi_k	Fungi_k	NA	fig4_q30_PE_cutadapt_unite_blast_top1_rescue	Cutadapt	PE	PE	Cutadapt
0752dc88c365db47a824bafc2310dd10	UNITE+RefSeq BLAST	Candolleomyces	Candolleomyces_sulcatotuberculosus	NA	fig4_q30_PE_cutadapt_unite_blast_top1_rescue	Cutadapt	PE	PE	Cutadapt
d121c3d0e035fe1d0b878d54314a0f3f	UNITE+RefSeq BLAST	Penicillium	Penicillium_sumatraense	NA	fig4_q30_PE_cutadapt_unite_blast_top1_rescue	Cutadapt	PE	PE	Cutadapt
df30642ec969952fcdf4d28844df8343	UNITE+RefSeq BLAST	Ascomycota_p	Ascomycota_p	NA	fig4_q30_PE_cutadapt_unite_blast_top1_rescue	Cutadapt	PE	PE	Cutadapt
ec9d49717f5ec126ae4334e7cf55dc5c	UNITE+RefSeq BLAST	Ascomycota_p	Ascomycota_p	NA	fig4_q30_PE_cutadapt_unite_blast_top1_rescue	Cutadapt	PE	PE	Cutadapt
c112e1a48e0a652986fa8042932e4aba	UNITE+RefSeq BLAST	Ascomycota_p	Ascomycota_p	NA	fig4_q30_PE_cutadapt_unite_blast_top1_rescue	Cutadapt	PE	PE	Cutadapt
3dd71b10d0b8f04b121398f33b1ed917	UNITE+RefSeq BLAST	Fungi_k	Fungi_k	NA	fig4_q30_PE_cutadapt_unite_blast_top1_rescue	Cutadapt	PE	PE	Cutadapt
cba7e2526abc568cdf9b74db64253fcd	UNITE+RefSeq BLAST	Rhodotorula	Rhodotorula_mucilaginosa	NA	fig4_q30_PE_cutadapt_unite_blast_top1_rescue	Cutadapt	PE	PE	Cutadapt
31560b5d879415f9d225ce0802e2fd05	UNITE+RefSeq BLAST	Ascomycota_p	Ascomycota_p	NA	fig4_q30_PE_cutadapt_unite_blast_top1_rescue	Cutadapt	PE	PE	Cutadapt
7040a2dcaf918f6a747f01f90867b3ea	UNITE+RefSeq BLAST	Penicillium	Penicillium_chrysogenum	NA	fig4_q30_PE_cutadapt_unite_blast_top1_rescue	Cutadapt	PE	PE	Cutadapt
763363ca587175a2a01b16bee819a51f	UNITE+RefSeq BLAST	Ascomycota_p	Ascomycota_p	NA	fig4_q30_PE_cutadapt_unite_blast_top1_rescue	Cutadapt	PE	PE	Cutadapt
12bc1df8e5526b1c0c554f895543944a	UNITE+RefSeq BLAST	Candida	Candida_albicans	NA	fig4_q30_PE_cutadapt_unite_blast_top1_rescue	Cutadapt	PE	PE	Cutadapt
42d8b80b62a028d308d496be03ddc17e	UNITE+RefSeq BLAST	Ascomycota_p	Ascomycota_p	NA	fig4_q30_PE_cutadapt_unite_blast_top1_rescue	Cutadapt	PE	PE	Cutadapt
fb7034b7e4ae776739fa3661b5089842	UNITE+RefSeq BLAST	Ascomycota_p	Ascomycota_p	NA	fig4_q30_PE_cutadapt_unite_blast_top1_rescue	Cutadapt	PE	PE	Cutadapt
05a29d43e7926471622da8fb7de61e0d	UNITE+RefSeq BLAST	Ascomycota_p	Ascomycota_p	NA	fig4_q30_PE_cutadapt_unite_blast_top1_rescue	Cutadapt	PE	PE	Cutadapt
30145686d304e71fdb7d7fa50e09e432	UNITE+RefSeq BLAST	Lecanorales_o	Lecanorales_o	NA	fig4_q30_PE_cutadapt_unite_blast_top1_rescue	Cutadapt	PE	PE	Cutadapt
fa80b39ca2cea9ec824ab8329503c0b6	UNITE+RefSeq BLAST	Candida	Candida_albicans	NA	fig4_q30_PE_cutadapt_unite_blast_top1_rescue	Cutadapt	PE	PE	Cutadapt
85306328b28868171608c7a174ef9714	UNITE+RefSeq BLAST	Fungi_k	Fungi_k	NA	fig4_q30_PE_cutadapt_unite_blast_top1_rescue	Cutadapt	PE	PE	Cutadapt
06dcdeaf8b7e48026a27971278d6783a	UNITE+RefSeq BLAST	Fungi_k	Fungi_k	NA	fig4_q30_PE_cutadapt_unite_blast_top1_rescue	Cutadapt	PE	PE	Cutadapt
cceb7ee36727c84880c1b84ccd4f3adc	UNITE+RefSeq BLAST	Ascomycota_p	Ascomycota_p	NA	fig4_q30_PE_cutadapt_unite_blast_top1_rescue	Cutadapt	PE	PE	Cutadapt
59518884a6394f163c1fd8bf32724986	UNITE+RefSeq BLAST	Kazachstania	Kazachstania_servazzii	NA	fig4_q30_PE_cutadapt_unite_blast_top1_rescue	Cutadapt	PE	PE	Cutadapt
55e72fb625f146ef1f9405078ed9eb83	UNITE+RefSeq BLAST	Aspergillus	Aspergillus_niger	NA	fig4_q30_PE_cutadapt_unite_blast_top1_rescue	Cutadapt	PE	PE	Cutadapt
7df5ea44dd745fc344db1c2cf3dad914	UNITE+RefSeq BLAST	Ascomycota_p	Ascomycota_p	NA	fig4_q30_PE_cutadapt_unite_blast_top1_rescue	Cutadapt	PE	PE	Cutadapt
8fe099ea85b1426f980cfbc7217317c0	UNITE+RefSeq BLAST	Ascomycota_p	Ascomycota_p	NA	fig4_q30_PE_cutadapt_unite_blast_top1_rescue	Cutadapt	PE	PE	Cutadapt
3b6a50bec08bd3931952ed31f36ea1fa	UNITE+RefSeq BLAST	Ascomycota_p	Ascomycota_p	NA	fig4_q30_PE_cutadapt_unite_blast_top1_rescue	Cutadapt	PE	PE	Cutadapt
e3064899818d6e27aec934443a9804d2	UNITE+RefSeq BLAST	Cryptococcus	Cryptococcus_gattii	NA	fig4_q30_PE_cutadapt_unite_blast_top1_rescue	Cutadapt	PE	PE	Cutadapt
b1840536a49192c93eb7a5bbd8032543	UNITE+RefSeq BLAST	Didymellaceae_f	Didymellaceae_f	NA	fig4_q30_PE_cutadapt_unite_blast_top1_rescue	Cutadapt	PE	PE	Cutadapt
70cbce5d61cb2030b63c82c666f54081	UNITE+RefSeq BLAST	Ascomycota_p	Ascomycota_p	NA	fig4_q30_PE_cutadapt_unite_blast_top1_rescue	Cutadapt	PE	PE	Cutadapt
71859ab7f1603ff9b3d59324e492f605	UNITE+RefSeq BLAST	Cutaneotrichosporon	Cutaneotrichosporon_debeurmannianum	NA	fig4_q30_PE_cutadapt_unite_blast_top1_rescue	Cutadapt	PE	PE	Cutadapt
6d1824cabce6d9f8ada12085fc62e3b5	UNITE+RefSeq BLAST	Trechispora	Unclassified	NA	fig4_q30_PE_cutadapt_unite_blast_top1_rescue	Cutadapt	PE	PE	Cutadapt
505e8cc5528f6813a8ba55549fb87686	UNITE+RefSeq BLAST	Ascomycota_p	Ascomycota_p	NA	fig4_q30_PE_cutadapt_unite_blast_top1_rescue	Cutadapt	PE	PE	Cutadapt
a0f3d0f291fd91622c1c6201dbd2ee9b	UNITE+RefSeq BLAST	Ascomycota_p	Ascomycota_p	NA	fig4_q30_PE_cutadapt_unite_blast_top1_rescue	Cutadapt	PE	PE	Cutadapt
bfa5eb72b6b527fd3f42d358351f70df	UNITE+RefSeq BLAST	Lecanorales_o	Lecanorales_o	NA	fig4_q30_PE_cutadapt_unite_blast_top1_rescue	Cutadapt	PE	PE	Cutadapt
95cba38e7659470f90eca3c6934caa1e	UNITE+RefSeq BLAST	Ascomycota_p	Ascomycota_p	NA	fig4_q30_PE_cutadapt_unite_blast_top1_rescue	Cutadapt	PE	PE	Cutadapt
735b4ee401f3ba5f9cba26f586875eb9	UNITE+RefSeq BLAST	Fungi_k	Fungi_k	NA	fig4_q30_PE_cutadapt_unite_blast_top1_rescue	Cutadapt	PE	PE	Cutadapt
ab31fbe2d352b712591004902b64d498	UNITE+RefSeq BLAST	Ascomycota_p	Ascomycota_p	NA	fig4_q30_PE_cutadapt_unite_blast_top1_rescue	Cutadapt	PE	PE	Cutadapt
12f2f6a9a7cbb3ff7cd71234932b8205	UNITE+RefSeq BLAST	Ascomycota_p	Ascomycota_p	NA	fig4_q30_PE_cutadapt_unite_blast_top1_rescue	Cutadapt	PE	PE	Cutadapt
c0447e340233bf2670ca6ce846b113ed	UNITE+RefSeq BLAST	Cryptococcus	Cryptococcus_neoformans	NA	fig4_q30_PE_cutadapt_unite_blast_top1_rescue	Cutadapt	PE	PE	Cutadapt
93fea7c2c9ed7a874c452b6159d40d2a	UNITE+RefSeq BLAST	Ascomycota_p	Ascomycota_p	NA	fig4_q30_PE_cutadapt_unite_blast_top1_rescue	Cutadapt	PE	PE	Cutadapt
71945500e145bbbd3a73efe58b4df3e6	UNITE+RefSeq BLAST	Ascomycota_p	Ascomycota_p	NA	fig4_q30_PE_cutadapt_unite_blast_top1_rescue	Cutadapt	PE	PE	Cutadapt
0a830187c3805daf0287eb3179767638	UNITE+RefSeq BLAST	Ascomycota_p	Ascomycota_p	NA	fig4_q30_PE_cutadapt_unite_blast_top1_rescue	Cutadapt	PE	PE	Cutadapt
03adce78e88ff12a6e2bd982b4276941	UNITE+RefSeq BLAST	Ascomycota_p	Ascomycota_p	NA	fig4_q30_PE_cutadapt_unite_blast_top1_rescue	Cutadapt	PE	PE	Cutadapt
49a3e816a50dc0d518ef46b38d94ddb4	UNITE+RefSeq BLAST	Cladosporium	Cladosporium_ossifragi	NA	fig4_q30_PE_cutadapt_unite_blast_top1_rescue	Cutadapt	PE	PE	Cutadapt
205ab5dacfd29a76e5283f8a2f1b2919	UNITE+RefSeq BLAST	Ascomycota_p	Ascomycota_p	NA	fig4_q30_PE_cutadapt_unite_blast_top1_rescue	Cutadapt	PE	PE	Cutadapt
02c332c3221a7fc18460f12ac0111d82	UNITE+RefSeq BLAST	Ascomycota_p	Ascomycota_p	NA	fig4_q30_PE_cutadapt_unite_blast_top1_rescue	Cutadapt	PE	PE	Cutadapt
727da6234c9362043da2e1abc6d319f7	UNITE+RefSeq BLAST	Ascomycota_p	Ascomycota_p	NA	fig4_q30_PE_cutadapt_unite_blast_top1_rescue	Cutadapt	PE	PE	Cutadapt
b4669d24d11cdccd9bd463a852d555bc	UNITE+RefSeq BLAST	Ascomycota_p	Ascomycota_p	NA	fig4_q30_PE_cutadapt_unite_blast_top1_rescue	Cutadapt	PE	PE	Cutadapt
ddc938d077e73fa80d60433ea0f065b1	UNITE+RefSeq BLAST	Aspergillus	Aspergillus_fumigatus	NA	fig4_q30_PE_cutadapt_unite_blast_top1_rescue	Cutadapt	PE	PE	Cutadapt
af9cef9bdf2ea4966fe74e7f66f4166d	UNITE+RefSeq BLAST	Ascomycota_p	Ascomycota_p	NA	fig4_q30_PE_cutadapt_unite_blast_top1_rescue	Cutadapt	PE	PE	Cutadapt
d934a39e0d71a2b5050db4496921bb9c	UNITE+RefSeq BLAST	Fungi_k	Fungi_k	NA	fig4_q30_PE_cutadapt_unite_blast_top1_rescue	Cutadapt	PE	PE	Cutadapt
2fbdf5a89725b2d9f30df08f41b4ad46	UNITE+RefSeq BLAST	Fungi_k	Fungi_k	NA	fig4_q30_PE_cutadapt_unite_blast_top1_rescue	Cutadapt	PE	PE	Cutadapt
dce6cdf241c1820d8fd691f257ee721f	UNITE+RefSeq BLAST	Nigrospora	Unclassified	NA	fig4_q30_PE_cutadapt_unite_blast_top1_rescue	Cutadapt	PE	PE	Cutadapt
87d1bd5b2855b9f226ac0eb2cb071be7	UNITE+RefSeq BLAST	Ascomycota_p	Ascomycota_p	NA	fig4_q30_PE_cutadapt_unite_blast_top1_rescue	Cutadapt	PE	PE	Cutadapt
8a04f1876109a8ff5839566f4fd606d6	UNITE+RefSeq BLAST	Fungi_k	Fungi_k	NA	fig4_q30_PE_cutadapt_unite_blast_top1_rescue	Cutadapt	PE	PE	Cutadapt
bc6bcc69956b0d2e7c5a60ce32e14b65	UNITE+RefSeq BLAST	Candida	Candida_albicans	NA	fig4_q30_PE_cutadapt_unite_blast_top1_rescue	Cutadapt	PE	PE	Cutadapt
32743da7dde0b6ffb4f006884c7a7b8d	UNITE+RefSeq BLAST	Lecanoromycetes_c	Lecanoromycetes_c	NA	fig4_q30_PE_cutadapt_unite_blast_top1_rescue	Cutadapt	PE	PE	Cutadapt
f3a42145228ac47bb4d37a0cdda6b1ee	UNITE+RefSeq BLAST	Fungi_k	Fungi_k	NA	fig4_q30_PE_cutadapt_unite_blast_top1_rescue	Cutadapt	PE	PE	Cutadapt
ec8817a9df86a0eeb249c443053142e7	UNITE+RefSeq BLAST	Irpex	Irpex_hydnoides	NA	fig4_q30_PE_cutadapt_unite_blast_top1_rescue	Cutadapt	PE	PE	Cutadapt
4cec1c35ec0504a1e410d8aed292dd5e	UNITE+RefSeq BLAST	Fungi_k	Fungi_k	NA	fig4_q30_PE_cutadapt_unite_blast_top1_rescue	Cutadapt	PE	PE	Cutadapt
f6a521a0d8aa769735adaf5767c25c2a	UNITE+RefSeq BLAST	Cutaneotrichosporon	Cutaneotrichosporon_mucoides	NA	fig4_q30_PE_cutadapt_unite_blast_top1_rescue	Cutadapt	PE	PE	Cutadapt
1b69e545bedbbe7f5b89775d7ef84275	UNITE+RefSeq BLAST	Fungi_k	Fungi_k	NA	fig4_q30_PE_cutadapt_unite_blast_top1_rescue	Cutadapt	PE	PE	Cutadapt
d6c8b47cc1bb5f8553022804cd24cea0	UNITE+RefSeq BLAST	Debaryomyces	Debaryomyces_delbrueckii	NA	fig4_q30_PE_cutadapt_unite_blast_top1_rescue	Cutadapt	PE	PE	Cutadapt
9b465a6e0841bfbf5ea5022c737fb636	UNITE+RefSeq BLAST	Ascomycota_p	Ascomycota_p	NA	fig4_q30_PE_cutadapt_unite_blast_top1_rescue	Cutadapt	PE	PE	Cutadapt
68cf4b4b59982cc3e29ba6ce3db880c2	UNITE+RefSeq BLAST	Ascomycota_p	Ascomycota_p	NA	fig4_q30_PE_cutadapt_unite_blast_top1_rescue	Cutadapt	PE	PE	Cutadapt
b82f9d330ad2b2c5e255d8af52e82b94	UNITE+RefSeq BLAST	Fungi_k	Fungi_k	NA	fig4_q30_PE_cutadapt_unite_blast_top1_rescue	Cutadapt	PE	PE	Cutadapt
e6fd0ca5e1ff2bc07426d361bf4a7867	UNITE+RefSeq BLAST	Fungi_k	Fungi_k	NA	fig4_q30_PE_cutadapt_unite_blast_top1_rescue	Cutadapt	PE	PE	Cutadapt
dca378344034475d8837d2a486ffe7cb	UNITE+RefSeq BLAST	Ascomycota_p	Ascomycota_p	NA	fig4_q30_PE_cutadapt_unite_blast_top1_rescue	Cutadapt	PE	PE	Cutadapt
c41d0d22037e23e4eb1db6f53cd44bea	UNITE+RefSeq BLAST	Cryptococcus	Cryptococcus_neoformans	NA	fig4_q30_PE_cutadapt_unite_blast_top1_rescue	Cutadapt	PE	PE	Cutadapt
55f94a753a4f27fc03739231cebbf40d	UNITE+RefSeq BLAST	Ascomycota_p	Ascomycota_p	NA	fig4_q30_PE_cutadapt_unite_blast_top1_rescue	Cutadapt	PE	PE	Cutadapt
cc08f8f31d340f9fcaa25592bf1a9325	UNITE+RefSeq BLAST	Malassezia	Unclassified	NA	fig4_q30_PE_cutadapt_unite_blast_top1_rescue	Cutadapt	PE	PE	Cutadapt
080d5100561ec2c06ed6b12f04e6765e	UNITE+RefSeq BLAST	Fungi_k	Fungi_k	NA	fig4_q30_PE_cutadapt_unite_blast_top1_rescue	Cutadapt	PE	PE	Cutadapt
b191d950a9a65d52c43bd7aaa1c286ee	UNITE+RefSeq BLAST	Ascomycota_p	Ascomycota_p	NA	fig4_q30_PE_cutadapt_unite_blast_top1_rescue	Cutadapt	PE	PE	Cutadapt
73893c73559817285246302cf5b1f21a	UNITE+RefSeq BLAST	Penicillium	Penicillium_chrysogenum	NA	fig4_q30_PE_cutadapt_unite_blast_top1_rescue	Cutadapt	PE	PE	Cutadapt
cb10a86d6b17ba0f9f4c0db650f1d52c	UNITE+RefSeq BLAST	Didymellaceae_f	Didymellaceae_f	NA	fig4_q30_PE_cutadapt_unite_blast_top1_rescue	Cutadapt	PE	PE	Cutadapt
242a0769509ab0072292f369fe9712cb	UNITE+RefSeq BLAST	Plagiostoma	Unclassified	NA	fig4_q30_PE_cutadapt_unite_blast_top1_rescue	Cutadapt	PE	PE	Cutadapt
4539f96340bbdd30f7074996b09675d4	UNITE+RefSeq BLAST	Lecanoromycetes_c	Lecanoromycetes_c	NA	fig4_q30_PE_cutadapt_unite_blast_top1_rescue	Cutadapt	PE	PE	Cutadapt
bb9df888d0edd2d01f6b8ac2ba9dde38	UNITE+RefSeq BLAST	Fungi_k	Fungi_k	NA	fig4_q30_PE_cutadapt_unite_blast_top1_rescue	Cutadapt	PE	PE	Cutadapt
a0fd778266947c5a5022b199532692d2	UNITE+RefSeq BLAST	Cladosporium	Cladosporium_ossifragi	NA	fig4_q30_PE_cutadapt_unite_blast_top1_rescue	Cutadapt	PE	PE	Cutadapt
86c1a1016f87627c316841d03b0347aa	UNITE+RefSeq BLAST	Saccharomyces	Unclassified	NA	fig4_q30_PE_cutadapt_unite_blast_top1_rescue	Cutadapt	PE	PE	Cutadapt
eb280d3c9f9b72b9a987c894583394c9	UNITE+RefSeq BLAST	Saccharomyces	Saccharomyces_uvarum	NA	fig4_q30_PE_cutadapt_unite_blast_top1_rescue	Cutadapt	PE	PE	Cutadapt
b08781976f9e9fcd6907ea42bfc40ce7	UNITE+RefSeq BLAST	Ascomycota_p	Ascomycota_p	NA	fig4_q30_PE_cutadapt_unite_blast_top1_rescue	Cutadapt	PE	PE	Cutadapt
6a85b597c165c35ce6800d5abf5bbf07	UNITE+RefSeq BLAST	Ascomycota_p	Ascomycota_p	NA	fig4_q30_PE_cutadapt_unite_blast_top1_rescue	Cutadapt	PE	PE	Cutadapt
6b4f5c8380f7afe17131a564daab247a	UNITE+RefSeq BLAST	Cutaneotrichosporon	Cutaneotrichosporon_mucoides	NA	fig4_q30_PE_cutadapt_unite_blast_top1_rescue	Cutadapt	PE	PE	Cutadapt
abd60db5ca7dd95c7782bf8e826ce4bd	UNITE+RefSeq BLAST	Fungi_k	Fungi_k	NA	fig4_q30_PE_cutadapt_unite_blast_top1_rescue	Cutadapt	PE	PE	Cutadapt
d7829289d2c65ee05c8bc548262f7462	UNITE+RefSeq BLAST	Fungi_k	Fungi_k	NA	fig4_q30_PE_cutadapt_unite_blast_top1_rescue	Cutadapt	PE	PE	Cutadapt
e49a1c33bff01b0baad3885264c9e2dc	UNITE+RefSeq BLAST	Cryptococcus	Cryptococcus_neoformans	NA	fig4_q30_PE_cutadapt_unite_blast_top1_rescue	Cutadapt	PE	PE	Cutadapt
cf67de0c1660116cbb49fdfe08f43ec7	UNITE+RefSeq BLAST	Candida	Candida_albicans	NA	fig4_q30_PE_cutadapt_unite_blast_top1_rescue	Cutadapt	PE	PE	Cutadapt
eed5e4d3a31942e1584d9ceffa60b00f	UNITE+RefSeq BLAST	Fungi_k	Fungi_k	NA	fig4_q30_PE_cutadapt_unite_blast_top1_rescue	Cutadapt	PE	PE	Cutadapt
6b8aaf1114108305afca11f0d57feed2	UNITE+RefSeq BLAST	Fungi_k	Fungi_k	NA	fig4_q30_PE_cutadapt_unite_blast_top1_rescue	Cutadapt	PE	PE	Cutadapt
d113cb0c70777652f1c5e5babc1945f8	UNITE+RefSeq BLAST	Pleosporales_o	Pleosporales_o	NA	fig4_q30_PE_cutadapt_unite_blast_top1_rescue	Cutadapt	PE	PE	Cutadapt
cab80b01344b2892d9a7eb759f13c776	UNITE+RefSeq BLAST	Ascomycota_p	Ascomycota_p	NA	fig4_q30_PE_cutadapt_unite_blast_top1_rescue	Cutadapt	PE	PE	Cutadapt
91a2226a1404a1ddb6b84c2cb3e22ef9	UNITE+RefSeq BLAST	Ascomycota_p	Ascomycota_p	NA	fig4_q30_PE_cutadapt_unite_blast_top1_rescue	Cutadapt	PE	PE	Cutadapt
30b16329ff6c395c2a4cfc8e6fcb799a	UNITE+RefSeq BLAST	Ascomycota_p	Ascomycota_p	NA	fig4_q30_PE_cutadapt_unite_blast_top1_rescue	Cutadapt	PE	PE	Cutadapt
7bcc41bca6086b958c287e878aba801a	UNITE+RefSeq BLAST	Ascomycota_p	Ascomycota_p	NA	fig4_q30_PE_cutadapt_unite_blast_top1_rescue	Cutadapt	PE	PE	Cutadapt
ff34f3db7fbb3ad8306614c173ba2319	UNITE+RefSeq BLAST	Fungi_k	Fungi_k	NA	fig4_q30_PE_cutadapt_unite_blast_top1_rescue	Cutadapt	PE	PE	Cutadapt
0e6108700c9a01c0be9929564a203813	UNITE+RefSeq BLAST	Leucosporidium	Leucosporidium_intermedium	NA	fig4_q30_PE_cutadapt_unite_blast_top1_rescue	Cutadapt	PE	PE	Cutadapt
533388903b34a5fd264b5621ff9da2dd	UNITE+RefSeq BLAST	Ascomycota_p	Ascomycota_p	NA	fig4_q30_PE_cutadapt_unite_blast_top1_rescue	Cutadapt	PE	PE	Cutadapt
1797597fabec15ebe972f68a03ce19cd	UNITE+RefSeq BLAST	Ascomycota_p	Ascomycota_p	NA	fig4_q30_PE_cutadapt_unite_blast_top1_rescue	Cutadapt	PE	PE	Cutadapt
3c179d3523313fe7a2e2ea3ef9be1cab	UNITE+RefSeq BLAST	Fungi_k	Fungi_k	NA	fig4_q30_PE_cutadapt_unite_blast_top1_rescue	Cutadapt	PE	PE	Cutadapt
1cfb9be7ca486afcfae835ecb3dfd32c	UNITE+RefSeq BLAST	Lecanorales_o	Lecanorales_o	NA	fig4_q30_PE_cutadapt_unite_blast_top1_rescue	Cutadapt	PE	PE	Cutadapt
b6049637e9edcb5f2f9707570c5fea70	UNITE+RefSeq BLAST	Aspergillaceae_f	Aspergillaceae_f	NA	fig4_q30_PE_cutadapt_unite_blast_top1_rescue	Cutadapt	PE	PE	Cutadapt
01517fb3b2efbc8638ba652cff74ea45	UNITE+RefSeq BLAST	Ascomycota_p	Ascomycota_p	NA	fig4_q30_PE_cutadapt_unite_blast_top1_rescue	Cutadapt	PE	PE	Cutadapt
dba663d8ae96cc529852817b3b3f367b	UNITE+RefSeq BLAST	Candida	Candida_albicans	NA	fig4_q30_PE_cutadapt_unite_blast_top1_rescue	Cutadapt	PE	PE	Cutadapt
62b08cca041da3e87b78b282c6b70ffa	UNITE+RefSeq BLAST	Fungi_k	Fungi_k	NA	fig4_q30_PE_cutadapt_unite_blast_top1_rescue	Cutadapt	PE	PE	Cutadapt
784787765efbbce1fdb6980c8b2d0d82	UNITE+RefSeq BLAST	Fungi_k	Fungi_k	NA	fig4_q30_PE_cutadapt_unite_blast_top1_rescue	Cutadapt	PE	PE	Cutadapt
0579fae15ec314635f7bfd4b794ca07d	UNITE+RefSeq BLAST	Ascomycota_p	Ascomycota_p	NA	fig4_q30_PE_cutadapt_unite_blast_top1_rescue	Cutadapt	PE	PE	Cutadapt
09d930f2ed87b3557b31fac73c4ec6ac	UNITE+RefSeq BLAST	Ascomycota_p	Ascomycota_p	NA	fig4_q30_PE_cutadapt_unite_blast_top1_rescue	Cutadapt	PE	PE	Cutadapt
b12ed4056a059a247c6bfdadddd6fad2	UNITE+RefSeq BLAST	Fungi_k	Fungi_k	NA	fig4_q30_PE_cutadapt_unite_blast_top1_rescue	Cutadapt	PE	PE	Cutadapt
414db13a7edea047edada196ef86d1db	UNITE+RefSeq BLAST	Ascomycota_p	Ascomycota_p	NA	fig4_q30_PE_cutadapt_unite_blast_top1_rescue	Cutadapt	PE	PE	Cutadapt
126e5a0ce844106e98f8b9bb7903dd6e	UNITE+RefSeq BLAST	Cutaneotrichosporon	Cutaneotrichosporon_mucoides	NA	fig4_q30_PE_cutadapt_unite_blast_top1_rescue	Cutadapt	PE	PE	Cutadapt
e93f497c90349fad4736dc6e20b72895	UNITE+RefSeq BLAST	Cutaneotrichosporon	Cutaneotrichosporon_debeurmannianum	NA	fig4_q30_PE_cutadapt_unite_blast_top1_rescue	Cutadapt	PE	PE	Cutadapt
43da86f7221f3f1ae0c3c676f634c5b4	UNITE+RefSeq BLAST	Biscogniauxia	Biscogniauxia_atropunctata	NA	fig4_q30_PE_cutadapt_unite_blast_top1_rescue	Cutadapt	PE	PE	Cutadapt
3c3ad52280ae901c819f286ea37e0bb3	UNITE+RefSeq BLAST	Fungi_k	Fungi_k	NA	fig4_q30_PE_cutadapt_unite_blast_top1_rescue	Cutadapt	PE	PE	Cutadapt
c1515f66ee532bfdcd8cc7d081e59b7c	UNITE+RefSeq BLAST	Ascomycota_p	Ascomycota_p	NA	fig4_q30_PE_cutadapt_unite_blast_top1_rescue	Cutadapt	PE	PE	Cutadapt
6a5dc5c1af3f771d468b04f61b6916d3	UNITE+RefSeq BLAST	Aspergillus	Aspergillus_fumigatus	NA	fig4_q30_PE_cutadapt_unite_blast_top1_rescue	Cutadapt	PE	PE	Cutadapt
26f118e2e4997cc33c7b3c65fb658710	UNITE+RefSeq BLAST	Aspergillus	Aspergillus_fumigatus	NA	fig4_q30_PE_cutadapt_unite_blast_top1_rescue	Cutadapt	PE	PE	Cutadapt
0b62be82e1459c48fa9aa6a73f45136b	UNITE+RefSeq BLAST	Candida	Candida_dubliniensis	NA	fig4_q30_PE_cutadapt_unite_blast_top1_rescue	Cutadapt	PE	PE	Cutadapt
870b996b7364a3020227bc4b918ba54f	UNITE+RefSeq BLAST	Fungi_k	Fungi_k	NA	fig4_q30_PE_cutadapt_unite_blast_top1_rescue	Cutadapt	PE	PE	Cutadapt
b71b6e97d898c9794bb80b4a58679c81	UNITE+RefSeq BLAST	Fungi_k	Fungi_k	NA	fig4_q30_PE_cutadapt_unite_blast_top1_rescue	Cutadapt	PE	PE	Cutadapt
db27875bac77493d68e0574f50fec6b8	UNITE+RefSeq BLAST	Fungi_k	Fungi_k	NA	fig4_q30_PE_cutadapt_unite_blast_top1_rescue	Cutadapt	PE	PE	Cutadapt
eca677b652afb80f02a64e9a83fef553	UNITE+RefSeq BLAST	Fungi_k	Fungi_k	NA	fig4_q30_PE_cutadapt_unite_blast_top1_rescue	Cutadapt	PE	PE	Cutadapt
db0ef5bf5a0990e3c19bc43772baf5c8	UNITE+RefSeq BLAST	Fungi_k	Fungi_k	NA	fig4_q30_PE_cutadapt_unite_blast_top1_rescue	Cutadapt	PE	PE	Cutadapt
7e03bd761487711a8890e1e88b07b30a	UNITE+RefSeq BLAST	Penicillium	Penicillium_flavigenum	NA	fig4_q30_PE_cutadapt_unite_blast_top1_rescue	Cutadapt	PE	PE	Cutadapt
3d20affbd4fdca37e202d916e1b449e9	UNITE+RefSeq BLAST	Fungi_k	Fungi_k	NA	fig4_q30_PE_cutadapt_unite_blast_top1_rescue	Cutadapt	PE	PE	Cutadapt
c62cc042cc6a67f6ea1ed71ffd87d7c0	UNITE+RefSeq BLAST	Aspergillus	Aspergillus_fumigatus	NA	fig4_q30_PE_cutadapt_unite_blast_top1_rescue	Cutadapt	PE	PE	Cutadapt
b6bec96f103eb0545b217f1d657e4222	UNITE+RefSeq BLAST	Fungi_k	Fungi_k	NA	fig4_q30_PE_cutadapt_unite_blast_top1_rescue	Cutadapt	PE	PE	Cutadapt
31803537c550591a1809288aa796b431	UNITE+RefSeq BLAST	Candida	Candida_albicans	NA	fig4_q30_PE_cutadapt_unite_blast_top1_rescue	Cutadapt	PE	PE	Cutadapt
b2e68d5fe99e43410ff0cb7ff1d1b7b1	UNITE+RefSeq BLAST	Fungi_k	Fungi_k	NA	fig4_q30_PE_cutadapt_unite_blast_top1_rescue	Cutadapt	PE	PE	Cutadapt
4c66ae20b90bfd65449bcb4d6a759a03	UNITE+RefSeq BLAST	Candida	Candida_albicans	NA	fig4_q30_PE_cutadapt_unite_blast_top1_rescue	Cutadapt	PE	PE	Cutadapt
a0f0fd169551be4f1d94ff06f51c2ca9	UNITE+RefSeq BLAST	Penicillium	Penicillium_baarnense	NA	fig4_q30_PE_cutadapt_unite_blast_top1_rescue	Cutadapt	PE	PE	Cutadapt
876475b4e5efdb58c11382a1e251651e	UNITE+RefSeq BLAST	Fungi_k	Fungi_k	NA	fig4_q30_PE_cutadapt_unite_blast_top1_rescue	Cutadapt	PE	PE	Cutadapt
02a08e7b3d2d977945313b9fb5d6cccc	UNITE+RefSeq BLAST	Fungi_k	Fungi_k	NA	fig4_q30_PE_cutadapt_unite_blast_top1_rescue	Cutadapt	PE	PE	Cutadapt
14fc77bb4fb1b62493910ff14198fb48	UNITE+RefSeq BLAST	Ascomycota_p	Ascomycota_p	NA	fig4_q30_PE_cutadapt_unite_blast_top1_rescue	Cutadapt	PE	PE	Cutadapt
d96eb67859f13de9303ee89dc461115d	UNITE+RefSeq BLAST	Fungi_k	Fungi_k	NA	fig4_q30_PE_cutadapt_unite_blast_top1_rescue	Cutadapt	PE	PE	Cutadapt
fc6c4e11383bfe07c738ed3d89340482	UNITE+RefSeq BLAST	Aspergillus	Aspergillus_ruber	NA	fig4_q30_PE_cutadapt_unite_blast_top1_rescue	Cutadapt	PE	PE	Cutadapt
adf520abcc93fe7b164b08de9cfcbaf6	UNITE+RefSeq BLAST	Aureobasidium	Aureobasidium_intercalariosporum	NA	fig4_q30_PE_cutadapt_unite_blast_top1_rescue	Cutadapt	PE	PE	Cutadapt
56400a68c14dd4ec158ee81d130bd69c	UNITE+RefSeq BLAST	Talaromyces	Talaromyces_purgamentorum	NA	fig4_q30_PE_cutadapt_unite_blast_top1_rescue	Cutadapt	PE	PE	Cutadapt
6401d7680fa55a18a47abe7d71030afd	UNITE+RefSeq BLAST	Nakaseomyces	Nakaseomyces_glabratus	NA	fig4_q30_PE_cutadapt_unite_blast_top1_rescue	Cutadapt	PE	PE	Cutadapt
7790111cbadc0f985b36480bbe110813	UNITE+RefSeq BLAST	Ascomycota_p	Ascomycota_p	NA	fig4_q30_PE_cutadapt_unite_blast_top1_rescue	Cutadapt	PE	PE	Cutadapt
62eb88ee0b056d637cf1dec297286385	UNITE+RefSeq BLAST	Fungi_k	Fungi_k	NA	fig4_q30_PE_cutadapt_unite_blast_top1_rescue	Cutadapt	PE	PE	Cutadapt
13e538015116992176a9c32705810203	UNITE+RefSeq BLAST	Fungi_k	Fungi_k	NA	fig4_q30_PE_cutadapt_unite_blast_top1_rescue	Cutadapt	PE	PE	Cutadapt
ea269f7c04a8c3401ecdb9586b4323b8	UNITE+RefSeq BLAST	Helotiales_o	Helotiales_o	NA	fig4_q30_PE_cutadapt_unite_blast_top1_rescue	Cutadapt	PE	PE	Cutadapt
cf1bc020266efa2d5c932a805d5510ec	UNITE+RefSeq BLAST	Fungi_k	Fungi_k	NA	fig4_q30_PE_cutadapt_unite_blast_top1_rescue	Cutadapt	PE	PE	Cutadapt
48076d777be0f231b8ab42722e0d5ea9	UNITE+RefSeq BLAST	Ascomycota_p	Ascomycota_p	NA	fig4_q30_PE_cutadapt_unite_blast_top1_rescue	Cutadapt	PE	PE	Cutadapt
69d793556be28ee92a0658398e5b471c	UNITE+RefSeq BLAST	Ascomycota_p	Ascomycota_p	NA	fig4_q30_PE_cutadapt_unite_blast_top1_rescue	Cutadapt	PE	PE	Cutadapt
2609534e889775b071bd4877a3cbdb06	UNITE+RefSeq BLAST	Fungi_k	Fungi_k	NA	fig4_q30_PE_cutadapt_unite_blast_top1_rescue	Cutadapt	PE	PE	Cutadapt
3cb7182b23e66c4a1e3a662df7eff540	UNITE+RefSeq BLAST	Fungi_k	Fungi_k	NA	fig4_q30_PE_cutadapt_unite_blast_top1_rescue	Cutadapt	PE	PE	Cutadapt
eb7ae5701404f55c4858cac509cd1036	UNITE+RefSeq BLAST	Ascomycota_p	Ascomycota_p	NA	fig4_q30_PE_cutadapt_unite_blast_top1_rescue	Cutadapt	PE	PE	Cutadapt
b6f2dbe167d7ea6998779f966d282265	UNITE+RefSeq BLAST	Fungi_k	Fungi_k	NA	fig4_q30_PE_cutadapt_unite_blast_top1_rescue	Cutadapt	PE	PE	Cutadapt
c2b6527533c45ea91cdbd09c67e14420	UNITE+RefSeq BLAST	Penicillium	Penicillium_brevicompactum	NA	fig4_q30_PE_cutadapt_unite_blast_top1_rescue	Cutadapt	PE	PE	Cutadapt
59b0265e4dc737bee8126e3b843b6011	UNITE+RefSeq BLAST	Cryptococcus	Cryptococcus_neoformans	NA	fig4_q30_PE_cutadapt_unite_blast_top1_rescue	Cutadapt	PE	PE	Cutadapt
1b241e7bdd60b771e4c856c64c3e9ad7	UNITE+RefSeq BLAST	Sarocladium	Sarocladium_zeae	NA	fig4_q30_PE_cutadapt_unite_blast_top1_rescue	Cutadapt	PE	PE	Cutadapt
2d3b44850570682e08688c29f56403cd	UNITE+RefSeq BLAST	Fungi_k	Fungi_k	NA	fig4_q30_PE_cutadapt_unite_blast_top1_rescue	Cutadapt	PE	PE	Cutadapt
97b1e3d578b831c37bc51c4217a4d4f1	UNITE+RefSeq BLAST	Fungi_k	Fungi_k	NA	fig4_q30_PE_cutadapt_unite_blast_top1_rescue	Cutadapt	PE	PE	Cutadapt
a4345c0686c98cd64b93c00a48d38d90	UNITE+RefSeq BLAST	Fungi_k	Fungi_k	NA	fig4_q30_PE_cutadapt_unite_blast_top1_rescue	Cutadapt	PE	PE	Cutadapt
f2317d2b58e57a17e2043c724f1bf120	UNITE+RefSeq BLAST	Cryptococcus	Cryptococcus_neoformans	NA	fig4_q30_PE_cutadapt_unite_blast_top1_rescue	Cutadapt	PE	PE	Cutadapt
b99ae1d666389da38cad26d7243004e9	UNITE+RefSeq BLAST	Ascomycota_p	Ascomycota_p	NA	fig4_q30_PE_cutadapt_unite_blast_top1_rescue	Cutadapt	PE	PE	Cutadapt
6e5724e8d6c2ad61bf6e6dc69c270239	UNITE+RefSeq BLAST	Ascomycota_p	Ascomycota_p	NA	fig4_q30_PE_cutadapt_unite_blast_top1_rescue	Cutadapt	PE	PE	Cutadapt
3fc64d4054e1ba29068b0e64f66a9df4	UNITE+RefSeq BLAST	Ascomycota_p	Ascomycota_p	NA	fig4_q30_PE_cutadapt_unite_blast_top1_rescue	Cutadapt	PE	PE	Cutadapt
dff53305db8c0edeebd63a7c55860b06	UNITE+RefSeq BLAST	Ascomycota_p	Ascomycota_p	NA	fig4_q30_PE_cutadapt_unite_blast_top1_rescue	Cutadapt	PE	PE	Cutadapt
80e541b8af41ac979a19ec8570ba6115	UNITE+RefSeq BLAST	Fungi_k	Fungi_k	NA	fig4_q30_PE_cutadapt_unite_blast_top1_rescue	Cutadapt	PE	PE	Cutadapt
75a160ad822662d2f519cfde7d31cd06	UNITE+RefSeq BLAST	Ascomycota_p	Ascomycota_p	NA	fig4_q30_PE_cutadapt_unite_blast_top1_rescue	Cutadapt	PE	PE	Cutadapt
c8dce878620b52b38172236f39acc7fa	UNITE+RefSeq BLAST	Fungi_k	Fungi_k	NA	fig4_q30_PE_cutadapt_unite_blast_top1_rescue	Cutadapt	PE	PE	Cutadapt
e964994d6f202441af10c435acc7d999	UNITE+RefSeq BLAST	Nakaseomyces	Nakaseomyces_glabratus	NA	fig4_q30_PE_cutadapt_unite_blast_top1_rescue	Cutadapt	PE	PE	Cutadapt
493f6991a7aac555ad9c841b1e46c0ec	UNITE+RefSeq BLAST	Ascomycota_p	Ascomycota_p	NA	fig4_q30_PE_cutadapt_unite_blast_top1_rescue	Cutadapt	PE	PE	Cutadapt
a63edff864bc2a9fbdfebdeaa599b649	UNITE+RefSeq BLAST	Fungi_k	Fungi_k	NA	fig4_q30_PE_cutadapt_unite_blast_top1_rescue	Cutadapt	PE	PE	Cutadapt
d45c1f3a09c64a4db63e989bea16782a	UNITE+RefSeq BLAST	Cryptococcus	Cryptococcus_gattii	NA	fig4_q30_PE_cutadapt_unite_blast_top1_rescue	Cutadapt	PE	PE	Cutadapt
157e05e1b98eae47c6bd9e0ce5dbc881	UNITE+RefSeq BLAST	Candida	Candida_albicans	NA	fig4_q30_PE_cutadapt_unite_blast_top1_rescue	Cutadapt	PE	PE	Cutadapt
343617d9697538489da301c11a5d82b6	UNITE+RefSeq BLAST	Phlebia	Unclassified	NA	fig4_q30_PE_cutadapt_unite_blast_top1_rescue	Cutadapt	PE	PE	Cutadapt
2881c8dcc461db66d6476faa81c6f034	UNITE+RefSeq BLAST	Cutaneotrichosporon	Cutaneotrichosporon_mucoides	NA	fig4_q30_PE_cutadapt_unite_blast_top1_rescue	Cutadapt	PE	PE	Cutadapt
3ad5201997e575e30a33b0927c35159e	UNITE+RefSeq BLAST	Penicillium	Penicillium_sclerotiorum	NA	fig4_q30_PE_cutadapt_unite_blast_top1_rescue	Cutadapt	PE	PE	Cutadapt
de9f5d789a08776f6e7ba581d784327c	UNITE+RefSeq BLAST	Fungi_k	Fungi_k	NA	fig4_q30_PE_cutadapt_unite_blast_top1_rescue	Cutadapt	PE	PE	Cutadapt
ba7510d311e4a8aef419d78ca383da83	UNITE+RefSeq BLAST	Stereaceae_f	Stereaceae_f	NA	fig4_q30_PE_cutadapt_unite_blast_top1_rescue	Cutadapt	PE	PE	Cutadapt
3eaa552b715fdc7aa8d3485858928c6c	UNITE+RefSeq BLAST	Fungi_k	Fungi_k	NA	fig4_q30_PE_cutadapt_unite_blast_top1_rescue	Cutadapt	PE	PE	Cutadapt
3a527d6363a858cbdb36b1403f9f7df7	UNITE+RefSeq BLAST	Hannaella	Hannaella_oryzae	NA	fig4_q30_PE_cutadapt_unite_blast_top1_rescue	Cutadapt	PE	PE	Cutadapt
6e6ea7eb9a05010549b1eb6b10e5b28a	UNITE+RefSeq BLAST	Helotiales_o	Helotiales_o	NA	fig4_q30_PE_cutadapt_unite_blast_top1_rescue	Cutadapt	PE	PE	Cutadapt
65bf2d1474808fbc3e29027139c0bc89	UNITE+RefSeq BLAST	Ascomycota_p	Ascomycota_p	NA	fig4_q30_PE_cutadapt_unite_blast_top1_rescue	Cutadapt	PE	PE	Cutadapt
fa5c3717c38ec0a0608200d65036bf26	UNITE+RefSeq BLAST	Fungi_k	Fungi_k	NA	fig4_q30_PE_cutadapt_unite_blast_top1_rescue	Cutadapt	PE	PE	Cutadapt
44f63ce58e8859e2fd95aa59ec000aac	UNITE+RefSeq BLAST	Cryptococcus	Cryptococcus_neoformans	NA	fig4_q30_PE_cutadapt_unite_blast_top1_rescue	Cutadapt	PE	PE	Cutadapt
5e4b1923571b29530a629c7fba5ec555	UNITE+RefSeq BLAST	Phlebia	Unclassified	NA	fig4_q30_PE_cutadapt_unite_blast_top1_rescue	Cutadapt	PE	PE	Cutadapt
7ecdaf0133e8f0ade887999e0877f287	UNITE+RefSeq BLAST	Fungi_k	Fungi_k	NA	fig4_q30_PE_cutadapt_unite_blast_top1_rescue	Cutadapt	PE	PE	Cutadapt
d16f2b6f389647abc71b88d4f95a1425	UNITE+RefSeq BLAST	Pleosporales_o	Pleosporales_o	NA	fig4_q30_PE_cutadapt_unite_blast_top1_rescue	Cutadapt	PE	PE	Cutadapt
7a10d75f3164deff71973636bb24d61a	UNITE+RefSeq BLAST	Fungi_k	Fungi_k	NA	fig4_q30_PE_cutadapt_unite_blast_top1_rescue	Cutadapt	PE	PE	Cutadapt
7ab119d39a4cfa246bc56173600c2ac9	UNITE+RefSeq BLAST	Fungi_k	Fungi_k	NA	fig4_q30_PE_cutadapt_unite_blast_top1_rescue	Cutadapt	PE	PE	Cutadapt
8bcd042eb6355d4e86e5590419facdbc	UNITE+RefSeq BLAST	Fungi_k	Fungi_k	NA	fig4_q30_PE_cutadapt_unite_blast_top1_rescue	Cutadapt	PE	PE	Cutadapt
9c22a054931e451debbfc78dcc021a1f	UNITE+RefSeq BLAST	Fungi_k	Fungi_k	NA	fig4_q30_PE_cutadapt_unite_blast_top1_rescue	Cutadapt	PE	PE	Cutadapt
05a56095084bcc3dde845c95ccb3f491	UNITE+RefSeq BLAST	Irpex	Irpex_hydnoides	NA	fig4_q30_PE_cutadapt_unite_blast_top1_rescue	Cutadapt	PE	PE	Cutadapt
874450a33ecf28c395b152e094cbba5c	UNITE+RefSeq BLAST	Paraphoma	Paraphoma_rhaphiolepidis	NA	fig4_q30_PE_cutadapt_unite_blast_top1_rescue	Cutadapt	PE	PE	Cutadapt
ecb27c145358ad94558f0c105d455511	UNITE+RefSeq BLAST	Paraphoma	Paraphoma_rhaphiolepidis	NA	fig4_q30_PE_cutadapt_unite_blast_top1_rescue	Cutadapt	PE	PE	Cutadapt
10eca292eb84a97e234c6e330e288bdd	UNITE+RefSeq BLAST	Pluteus	Unclassified	NA	fig4_q30_PE_cutadapt_unite_blast_top1_rescue	Cutadapt	PE	PE	Cutadapt
838abc5f3fe16a8fd0df438f5088704d	UNITE+RefSeq BLAST	Fungi_k	Fungi_k	NA	fig4_q30_PE_cutadapt_unite_blast_top1_rescue	Cutadapt	PE	PE	Cutadapt
7ea105befe242b870ac3113605fef73a	UNITE+RefSeq BLAST	Fungi_k	Fungi_k	NA	fig4_q30_PE_cutadapt_unite_blast_top1_rescue	Cutadapt	PE	PE	Cutadapt
8ab90bebb29c598d82a0357fb34b46a1	UNITE+RefSeq BLAST	Fungi_k	Fungi_k	NA	fig4_q30_PE_cutadapt_unite_blast_top1_rescue	Cutadapt	PE	PE	Cutadapt
40210b03d60063aa9a1cb1a1c65fbb24	UNITE+RefSeq BLAST	Ascomycota_p	Ascomycota_p	NA	fig4_q30_PE_cutadapt_unite_blast_top1_rescue	Cutadapt	PE	PE	Cutadapt
a57df8b2e0da91707ca7aa14a715eb9d	UNITE+RefSeq BLAST	Saccharomyces	Saccharomyces_uvarum	NA	fig4_q30_PE_cutadapt_unite_blast_top1_rescue	Cutadapt	PE	PE	Cutadapt
b945b4fc83cc3c7350db9b639ff95cdb	UNITE+RefSeq BLAST	Hymenochaete	Hymenochaete_odontoides	NA	fig4_q30_PE_cutadapt_unite_blast_top1_rescue	Cutadapt	PE	PE	Cutadapt
f8f66f00e3f4d16fd424b04bd2c32c3d	UNITE+RefSeq BLAST	Fungi_k	Fungi_k	NA	fig4_q30_PE_cutadapt_unite_blast_top1_rescue	Cutadapt	PE	PE	Cutadapt
885829ee0d831837d0e86f97b63251c9	UNITE+RefSeq BLAST	Phaeosphaeriaceae_f	Phaeosphaeriaceae_f	NA	fig4_q30_PE_cutadapt_unite_blast_top1_rescue	Cutadapt	PE	PE	Cutadapt
949b5a88e5a1307133bfbfbbb4309acc	UNITE+RefSeq BLAST	Kazachstania	Kazachstania_servazzii	NA	fig4_q30_PE_cutadapt_unite_blast_top1_rescue	Cutadapt	PE	PE	Cutadapt
1d819ed956fe66695c8533e01cda3c40	UNITE+RefSeq BLAST	Cutaneotrichosporon	Cutaneotrichosporon_mucoides	NA	fig4_q30_PE_cutadapt_unite_blast_top1_rescue	Cutadapt	PE	PE	Cutadapt
4e28595eb5c6e8086f94ad08d17e3bd1	UNITE+RefSeq BLAST	Pleosporales_o	Pleosporales_o	NA	fig4_q30_PE_cutadapt_unite_blast_top1_rescue	Cutadapt	PE	PE	Cutadapt
bfe48bc109bc83adb4329dd720f13411	UNITE+RefSeq BLAST	Fungi_k	Fungi_k	NA	fig4_q30_PE_cutadapt_unite_blast_top1_rescue	Cutadapt	PE	PE	Cutadapt
a43acb8918a5ce3d94ff925242d20b20	UNITE+RefSeq BLAST	Cutaneotrichosporon	Cutaneotrichosporon_mucoides	NA	fig4_q30_PE_cutadapt_unite_blast_top1_rescue	Cutadapt	PE	PE	Cutadapt
e5df968e1b748c53679a29497cedafc9	UNITE+RefSeq BLAST	Peniophoraceae_f	Peniophoraceae_f	NA	fig4_q30_PE_cutadapt_unite_blast_top1_rescue	Cutadapt	PE	PE	Cutadapt
9cfae492e1e3f63b413eb2f4f1d5eee6	UNITE+RefSeq BLAST	Coniothyrium	Coniothyrium_sidae	NA	fig4_q30_PE_cutadapt_unite_blast_top1_rescue	Cutadapt	PE	PE	Cutadapt
09de61d81017f4d844ceb66d071f6718	UNITE+RefSeq BLAST	Fungi_k	Fungi_k	NA	fig4_q30_PE_cutadapt_unite_blast_top1_rescue	Cutadapt	PE	PE	Cutadapt
ef72dbd8d9fc0b4d053df2fef0d2fdc5	UNITE+RefSeq BLAST	Ascomycota_p	Ascomycota_p	NA	fig4_q30_PE_cutadapt_unite_blast_top1_rescue	Cutadapt	PE	PE	Cutadapt
d14317fde9b414445f21f37c9d7e44d4	UNITE+RefSeq BLAST	Ascomycota_p	Ascomycota_p	NA	fig4_q30_PE_cutadapt_unite_blast_top1_rescue	Cutadapt	PE	PE	Cutadapt
9dafdae447485a1c3b64cf210c30023a	UNITE+RefSeq BLAST	Fungi_k	Fungi_k	NA	fig4_q30_PE_cutadapt_unite_blast_top1_rescue	Cutadapt	PE	PE	Cutadapt
13938a532131c6422d6bd44980ee26ad	UNITE+RefSeq BLAST	Fungi_k	Fungi_k	NA	fig4_q30_PE_cutadapt_unite_blast_top1_rescue	Cutadapt	PE	PE	Cutadapt
1caf3038387e5ec2fbe3b12374ffabad	UNITE+RefSeq BLAST	Paragibellulopsis	Paragibellulopsis_chrysanthemi	NA	fig4_q30_PE_cutadapt_unite_blast_top1_rescue	Cutadapt	PE	PE	Cutadapt
9a838396270c86c308806d219c3ccab1	UNITE+RefSeq BLAST	Fungi_k	Fungi_k	NA	fig4_q30_PE_cutadapt_unite_blast_top1_rescue	Cutadapt	PE	PE	Cutadapt
59d799f495532ebead030eed7bf2f83b	UNITE+RefSeq BLAST	Cutaneotrichosporon	Cutaneotrichosporon_mucoides	NA	fig4_q30_PE_cutadapt_unite_blast_top1_rescue	Cutadapt	PE	PE	Cutadapt
e08b78852bed4afcea6b40d7010d60eb	UNITE+RefSeq BLAST	Exidia	Exidia_uvapassa	NA	fig4_q30_PE_cutadapt_unite_blast_top1_rescue	Cutadapt	PE	PE	Cutadapt
a6c6c15f86c5acbde3a72761962a6161	UNITE+RefSeq BLAST	Peniophoraceae_f	Peniophoraceae_f	NA	fig4_q30_PE_cutadapt_unite_blast_top1_rescue	Cutadapt	PE	PE	Cutadapt
4d5cb465f36e34a074f27d4dd53f2b2d	UNITE+RefSeq BLAST	Periconia	Periconia_celtidis	NA	fig4_q30_PE_cutadapt_unite_blast_top1_rescue	Cutadapt	PE	PE	Cutadapt
55095aa38dc46f1e8131c392a0df9241	UNITE+RefSeq BLAST	Cryptococcus	Cryptococcus_neoformans	NA	fig4_q30_PE_cutadapt_unite_blast_top1_rescue	Cutadapt	PE	PE	Cutadapt
44b6ea5ad2db0f4f7eeaebad701b8ff3	UNITE+RefSeq BLAST	Polyporales_o	Polyporales_o	NA	fig4_q30_PE_cutadapt_unite_blast_top1_rescue	Cutadapt	PE	PE	Cutadapt
013a0b22fa2570a9fca2281d979c43ce	UNITE+RefSeq BLAST	Peniophoraceae_f	Peniophoraceae_f	NA	fig4_q30_PE_cutadapt_unite_blast_top1_rescue	Cutadapt	PE	PE	Cutadapt
3172b69504ea1e872af24e7b1e27224d	UNITE+RefSeq BLAST	Hyphodontia	Hyphodontia_tropica	NA	fig4_q30_PE_cutadapt_unite_blast_top1_rescue	Cutadapt	PE	PE	Cutadapt
1621173d9b15df3ab3f26d4c7dd234c5	UNITE+RefSeq BLAST	Ascomycota_p	Ascomycota_p	NA	fig4_q30_PE_cutadapt_unite_blast_top1_rescue	Cutadapt	PE	PE	Cutadapt
22133c804d861d83fe6ea04c05e550cb	UNITE+RefSeq BLAST	Thelebolus	Unclassified	NA	fig4_q30_PE_cutadapt_unite_blast_top1_rescue	Cutadapt	PE	PE	Cutadapt
1611fa31357d5d95b54e5ce6e67b7336	UNITE+RefSeq BLAST	Ascomycota_p	Ascomycota_p	NA	fig4_q30_PE_cutadapt_unite_blast_top1_rescue	Cutadapt	PE	PE	Cutadapt
e332c648f24c130c5f2d59d5449b40fc	UNITE+RefSeq BLAST	Fungi_k	Fungi_k	NA	fig4_q30_PE_cutadapt_unite_blast_top1_rescue	Cutadapt	PE	PE	Cutadapt
c2fb5f432519bf12ffcbe6f3babe8db9	UNITE+RefSeq BLAST	Fungi_k	Fungi_k	NA	fig4_q30_PE_cutadapt_unite_blast_top1_rescue	Cutadapt	PE	PE	Cutadapt
53e003cae5cc021112cb7b0c3ec680ec	UNITE+RefSeq BLAST	Fungi_k	Fungi_k	NA	fig4_q30_PE_cutadapt_unite_blast_top1_rescue	Cutadapt	PE	PE	Cutadapt
05bc9afc08b64748dca00ebba463b277	UNITE+RefSeq BLAST	Aspergillus	Aspergillus_fumigatus	NA	fig4_q30_PE_cutadapt_unite_blast_top1_rescue	Cutadapt	PE	PE	Cutadapt
b1ca15402a23230040fa88e3d6a11d2f	UNITE+RefSeq BLAST	Cutaneotrichosporon	Cutaneotrichosporon_mucoides	NA	fig4_q30_PE_cutadapt_unite_blast_top1_rescue	Cutadapt	PE	PE	Cutadapt
4957da039270f4d9dd22369b1564cc19	UNITE+RefSeq BLAST	Fungi_k	Fungi_k	NA	fig4_q30_PE_cutadapt_unite_blast_top1_rescue	Cutadapt	PE	PE	Cutadapt
95f1773c2a7d0ca13e927254c8112db1	UNITE+RefSeq BLAST	Cryptococcus	Cryptococcus_neoformans	NA	fig4_q30_PE_cutadapt_unite_blast_top1_rescue	Cutadapt	PE	PE	Cutadapt
fb76d27379d6ef9ed89ed41710259908	UNITE+RefSeq BLAST	Fungi_k	Fungi_k	NA	fig4_q30_PE_cutadapt_unite_blast_top1_rescue	Cutadapt	PE	PE	Cutadapt
7af52fba2ca72fdd5d71deef24c61e8f	UNITE+RefSeq BLAST	Stereaceae_f	Stereaceae_f	NA	fig4_q30_PE_cutadapt_unite_blast_top1_rescue	Cutadapt	PE	PE	Cutadapt
33dba7b0fe74ead03efdfb26e8f5b4c1	UNITE+RefSeq BLAST	Phanerochaete	Unclassified	NA	fig4_q30_PE_cutadapt_unite_blast_top1_rescue	Cutadapt	PE	PE	Cutadapt
e5d853208ee1048f3c1aa0c35964ff89	UNITE+RefSeq BLAST	Neosetophoma	Neosetophoma_guiyangensis	NA	fig4_q30_PE_cutadapt_unite_blast_top1_rescue	Cutadapt	PE	PE	Cutadapt
261aaef3e9f437880fed728e842bf3ce	UNITE+RefSeq BLAST	Mycoaciella	Mycoaciella_efibulata	NA	fig4_q30_PE_cutadapt_unite_blast_top1_rescue	Cutadapt	PE	PE	Cutadapt
5a1347579b6378c186b1571a290bb9d4	UNITE+RefSeq BLAST	Trametes	Trametes_hirsuta	NA	fig4_q30_PE_cutadapt_unite_blast_top1_rescue	Cutadapt	PE	PE	Cutadapt
87bb58fa78a3cd628677f1f4b6259b4f	UNITE+RefSeq BLAST	Sistotrema	Sistotrema_brinkmannii	NA	fig4_q30_PE_cutadapt_unite_blast_top1_rescue	Cutadapt	PE	PE	Cutadapt
52c2647fcfc1edfae9d7f91c8120c7be	UNITE+RefSeq BLAST	Agaricales_o	Agaricales_o	NA	fig4_q30_PE_cutadapt_unite_blast_top1_rescue	Cutadapt	PE	PE	Cutadapt
f420cbde9cad909158433a2da2bc2724	UNITE+RefSeq BLAST	Butyrea	Butyrea_japonica	NA	fig4_q30_PE_cutadapt_unite_blast_top1_rescue	Cutadapt	PE	PE	Cutadapt
c9b656acfc99a5a40f2209f65d0c5b1d	UNITE+RefSeq BLAST	Leptospora	Unclassified	NA	fig4_q30_PE_cutadapt_unite_blast_top1_rescue	Cutadapt	PE	PE	Cutadapt
4161c7222171a84b64f908d3ea32728d	UNITE+RefSeq BLAST	Scopuloides	Scopuloides_hydnoides	NA	fig4_q30_PE_cutadapt_unite_blast_top1_rescue	Cutadapt	PE	PE	Cutadapt
c8c777b869ce2f3711dd9d93f592b50c	UNITE+RefSeq BLAST	Fungi_k	Fungi_k	NA	fig4_q30_PE_cutadapt_unite_blast_top1_rescue	Cutadapt	PE	PE	Cutadapt
4e64c1e73420427b8cb13f30a0a6ab7a	UNITE+RefSeq BLAST	Ascomycota_p	Ascomycota_p	NA	fig4_q30_PE_cutadapt_unite_blast_top1_rescue	Cutadapt	PE	PE	Cutadapt
72b67bfcae18678bf980eddd36a9771a	UNITE+RefSeq BLAST	Fungi_k	Fungi_k	NA	fig4_q30_PE_cutadapt_unite_blast_top1_rescue	Cutadapt	PE	PE	Cutadapt
286dcb58947ebd65c54731a7b31e1426	UNITE+RefSeq BLAST	Ascomycota_p	Ascomycota_p	NA	fig4_q30_PE_cutadapt_unite_blast_top1_rescue	Cutadapt	PE	PE	Cutadapt
ea682988cc2366bcca203b858e165dbf	UNITE+RefSeq BLAST	Ascomycota_p	Ascomycota_p	NA	fig4_q30_PE_cutadapt_unite_blast_top1_rescue	Cutadapt	PE	PE	Cutadapt
8fa026cd7de8b2de01e24a358b88be37	UNITE+RefSeq BLAST	Fungi_k	Fungi_k	NA	fig4_q30_PE_cutadapt_unite_blast_top1_rescue	Cutadapt	PE	PE	Cutadapt
4b54985ad5446341d5ff07722207c144	UNITE+RefSeq BLAST	Ascomycota_p	Ascomycota_p	NA	fig4_q30_PE_cutadapt_unite_blast_top1_rescue	Cutadapt	PE	PE	Cutadapt
63e821fd9fdbf2d8444cbd74ace0344b	UNITE+RefSeq BLAST	Fungi_k	Fungi_k	NA	fig4_q30_PE_cutadapt_unite_blast_top1_rescue	Cutadapt	PE	PE	Cutadapt
b9bf649979c8d63c1c961595bd9cbfb0	UNITE+RefSeq BLAST	Ascomycota_p	Ascomycota_p	NA	fig4_q30_PE_cutadapt_unite_blast_top1_rescue	Cutadapt	PE	PE	Cutadapt
54a9657d58d6908639ab20f13473c550	UNITE+RefSeq BLAST	Ascomycota_p	Ascomycota_p	NA	fig4_q30_PE_cutadapt_unite_blast_top1_rescue	Cutadapt	PE	PE	Cutadapt
2f59dd7e9fc446d7a14b08931d27996b	UNITE+RefSeq BLAST	Fungi_k	Fungi_k	NA	fig4_q30_PE_cutadapt_unite_blast_top1_rescue	Cutadapt	PE	PE	Cutadapt
72dd57beba4abec6d0d494eb0718bc12	UNITE+RefSeq BLAST	Trametes	Trametes_versicolor	NA	fig4_q30_PE_cutadapt_unite_blast_top1_rescue	Cutadapt	PE	PE	Cutadapt
bad85d945e752646a087d8f0bbad3e12	UNITE+RefSeq BLAST	Cryptococcus	Cryptococcus_neoformans	NA	fig4_q30_PE_cutadapt_unite_blast_top1_rescue	Cutadapt	PE	PE	Cutadapt
c775e1e68ff04f34433731d8adc2836c	UNITE+RefSeq BLAST	Fungi_k	Fungi_k	NA	fig4_q30_PE_cutadapt_unite_blast_top1_rescue	Cutadapt	PE	PE	Cutadapt
489bc5e89193d4fe9dfdd84adf0546b3	UNITE+RefSeq BLAST	Mycoaciella	Mycoaciella_efibulata	NA	fig4_q30_PE_cutadapt_unite_blast_top1_rescue	Cutadapt	PE	PE	Cutadapt
ba77eab3ca5230db545c4244103dd446	UNITE+RefSeq BLAST	Cutaneotrichosporon	Cutaneotrichosporon_mucoides	NA	fig4_q30_PE_cutadapt_unite_blast_top1_rescue	Cutadapt	PE	PE	Cutadapt
546d990a90f7a2a349d951836ff0f2fd	UNITE+RefSeq BLAST	Pleurotus	Pleurotus_ostreatus	NA	fig4_q30_PE_cutadapt_unite_blast_top1_rescue	Cutadapt	PE	PE	Cutadapt
af8682056a1a9eb428a421148900295c	UNITE+RefSeq BLAST	Fungi_k	Fungi_k	NA	fig4_q30_PE_cutadapt_unite_blast_top1_rescue	Cutadapt	PE	PE	Cutadapt
15f625a79a06fdc049afd9842e648080	UNITE+RefSeq BLAST	Irpex	Irpex_laceratus	NA	fig4_q30_PE_cutadapt_unite_blast_top1_rescue	Cutadapt	PE	PE	Cutadapt
1e00172a134024897f0a1637e7f9f7eb	UNITE+RefSeq BLAST	Fungi_k	Fungi_k	NA	fig4_q30_PE_cutadapt_unite_blast_top1_rescue	Cutadapt	PE	PE	Cutadapt
6d384cafc19065cc87fda307fc5edc62	UNITE+RefSeq BLAST	Phlebia	Phlebia_acanthocystis	NA	fig4_q30_PE_cutadapt_unite_blast_top1_rescue	Cutadapt	PE	PE	Cutadapt
a95bc4ccde33d49942cae98b507849d2	UNITE+RefSeq BLAST	Candida	Candida_albicans	NA	fig4_q30_PE_cutadapt_unite_blast_top1_rescue	Cutadapt	PE	PE	Cutadapt
5d5c68762a61289edf822ec0e8f464a8	UNITE+RefSeq BLAST	Candida	Candida_albicans	NA	fig4_q30_PE_cutadapt_unite_blast_top1_rescue	Cutadapt	PE	PE	Cutadapt
4f64f4d8332a80d95d2636365ec9ce6f	UNITE+RefSeq BLAST	Phanerochaete	Phanerochaete_cumulodentata	NA	fig4_q30_PE_cutadapt_unite_blast_top1_rescue	Cutadapt	PE	PE	Cutadapt
6d4463163d7baef1ffc030ac5434b8fa	UNITE+RefSeq BLAST	Mycoaciella	Mycoaciella_efibulata	NA	fig4_q30_PE_cutadapt_unite_blast_top1_rescue	Cutadapt	PE	PE	Cutadapt
85cb2942a1f31a70093f7fd33e282c10	UNITE+RefSeq BLAST	Ophiosphaerella	Ophiosphaerella_aquatica	NA	fig4_q30_PE_cutadapt_unite_blast_top1_rescue	Cutadapt	PE	PE	Cutadapt
653186fd067372dd2084721fb1479f53	UNITE+RefSeq BLAST	Sertulicium	Unclassified	NA	fig4_q30_PE_cutadapt_unite_blast_top1_rescue	Cutadapt	PE	PE	Cutadapt
f24bad932a40bd5907b66928b249e6c4	UNITE+RefSeq BLAST	Peniophoraceae_f	Peniophoraceae_f	NA	fig4_q30_PE_cutadapt_unite_blast_top1_rescue	Cutadapt	PE	PE	Cutadapt
33ea755d5d779ed211481b54b94a9919	UNITE+RefSeq BLAST	Stereaceae_f	Stereaceae_f	NA	fig4_q30_PE_cutadapt_unite_blast_top1_rescue	Cutadapt	PE	PE	Cutadapt
467fd7fdc68ec2bc3ff68ce05b78ab34	UNITE+RefSeq BLAST	Irpicaceae_f	Irpicaceae_f	NA	fig4_q30_PE_cutadapt_unite_blast_top1_rescue	Cutadapt	PE	PE	Cutadapt
51a982396cf2a0411b8d9b98cd55f672	UNITE+RefSeq BLAST	Ascomycota_p	Ascomycota_p	NA	fig4_q30_PE_cutadapt_unite_blast_top1_rescue	Cutadapt	PE	PE	Cutadapt
90a27fd125785b348bf5414901cb8f88	UNITE+RefSeq BLAST	Peniophoraceae_f	Peniophoraceae_f	NA	fig4_q30_PE_cutadapt_unite_blast_top1_rescue	Cutadapt	PE	PE	Cutadapt
295bfd812f42f8f02cd0ba4418aad5d9	UNITE+RefSeq BLAST	Clitopilus	Unclassified	NA	fig4_q30_PE_cutadapt_unite_blast_top1_rescue	Cutadapt	PE	PE	Cutadapt
40c94f5b821ef65501c4b2efa39da6db	UNITE+RefSeq BLAST	Polyporales_o	Polyporales_o	NA	fig4_q30_PE_cutadapt_unite_blast_top1_rescue	Cutadapt	PE	PE	Cutadapt
4cff35afcd49a22c48b68822945290d1	UNITE+RefSeq BLAST	Gnomoniaceae_f	Gnomoniaceae_f	NA	fig4_q30_PE_cutadapt_unite_blast_top1_rescue	Cutadapt	PE	PE	Cutadapt
51a98b7c5c93c54bda10caad99c364b6	UNITE+RefSeq BLAST	Phlebiopsis	Phlebiopsis_gigantea	NA	fig4_q30_PE_cutadapt_unite_blast_top1_rescue	Cutadapt	PE	PE	Cutadapt
ea6e93c84843aa3cfe82790b7e8ee81d	UNITE+RefSeq BLAST	Xylodon	Xylodon_flaviporus	NA	fig4_q30_PE_cutadapt_unite_blast_top1_rescue	Cutadapt	PE	PE	Cutadapt
b4d30608377b8ba0a2db046367b63098	UNITE+RefSeq BLAST	Ceratobasidiaceae_f	Ceratobasidiaceae_f	NA	fig4_q30_PE_cutadapt_unite_blast_top1_rescue	Cutadapt	PE	PE	Cutadapt
ff8927283a289e09e5c48a5cf7d76e7d	UNITE+RefSeq BLAST	Paraphoma	Paraphoma_rhaphiolepidis	NA	fig4_q30_PE_cutadapt_unite_blast_top1_rescue	Cutadapt	PE	PE	Cutadapt
651475140040092883fd5b3dd2f0873e	UNITE+RefSeq BLAST	Fungi_k	Fungi_k	NA	fig4_q30_PE_cutadapt_unite_blast_top1_rescue	Cutadapt	PE	PE	Cutadapt
6e260a5a65f2e47329e92f8d5caeda51	UNITE+RefSeq BLAST	Fungi_k	Fungi_k	NA	fig4_q30_PE_cutadapt_unite_blast_top1_rescue	Cutadapt	PE	PE	Cutadapt
3eab78c489c453c266d9f7f00ff7a306	UNITE+RefSeq BLAST	Ascomycota_p	Ascomycota_p	NA	fig4_q30_PE_cutadapt_unite_blast_top1_rescue	Cutadapt	PE	PE	Cutadapt
3ef930b55e2179db9e69a5023d604394	UNITE+RefSeq BLAST	Lecanoromycetes_c	Lecanoromycetes_c	NA	fig4_q30_PE_cutadapt_unite_blast_top1_rescue	Cutadapt	PE	PE	Cutadapt
698241831931245ee5b614ffb602879b	UNITE+RefSeq BLAST	Fungi_k	Fungi_k	NA	fig4_q30_PE_cutadapt_unite_blast_top1_rescue	Cutadapt	PE	PE	Cutadapt
713d81a47c60f29f9ac478f9ed48fe0f	UNITE+RefSeq BLAST	Lecanoromycetes_c	Lecanoromycetes_c	NA	fig4_q30_PE_cutadapt_unite_blast_top1_rescue	Cutadapt	PE	PE	Cutadapt
cf4fa2152a817be452f36c833693f1f3	UNITE+RefSeq BLAST	Ascomycota_p	Ascomycota_p	NA	fig4_q30_PE_cutadapt_unite_blast_top1_rescue	Cutadapt	PE	PE	Cutadapt
50629e38a5bac7973130accf256c91f1	UNITE+RefSeq BLAST	Fungi_k	Fungi_k	NA	fig4_q30_PE_cutadapt_unite_blast_top1_rescue	Cutadapt	PE	PE	Cutadapt
429bcc81ef1faa02997413b774540036	UNITE+RefSeq BLAST	Ascomycota_p	Ascomycota_p	NA	fig4_q30_PE_cutadapt_unite_blast_top1_rescue	Cutadapt	PE	PE	Cutadapt
c64847cfa36b0333b9f6d18a5e75bb41	UNITE+RefSeq BLAST	Ascomycota_p	Ascomycota_p	NA	fig4_q30_PE_cutadapt_unite_blast_top1_rescue	Cutadapt	PE	PE	Cutadapt
dbce73c8a1ab561d6f614ddf237a3797	UNITE+RefSeq BLAST	Fungi_k	Fungi_k	NA	fig4_q30_PE_cutadapt_unite_blast_top1_rescue	Cutadapt	PE	PE	Cutadapt
b65a2b82cd127c5e2a47ad8faa1b752a	UNITE+RefSeq BLAST	Fungi_k	Fungi_k	NA	fig4_q30_PE_cutadapt_unite_blast_top1_rescue	Cutadapt	PE	PE	Cutadapt
2bc30a5545badee22da1375355460f31	UNITE+RefSeq BLAST	Ascomycota_p	Ascomycota_p	NA	fig4_q30_PE_cutadapt_unite_blast_top1_rescue	Cutadapt	PE	PE	Cutadapt
6a488ebb19374e75ab8c1844bbafce8d	UNITE+RefSeq BLAST	Fungi_k	Fungi_k	NA	fig4_q30_PE_cutadapt_unite_blast_top1_rescue	Cutadapt	PE	PE	Cutadapt
61dac92d18153645f1b7803b725f026e	UNITE+RefSeq BLAST	Cryptococcus	Cryptococcus_neoformans	NA	fig4_q30_PE_cutadapt_unite_blast_top1_rescue	Cutadapt	PE	PE	Cutadapt
63a2e674402c346299d4c1df81ed5836	UNITE+RefSeq BLAST	Arthrodermataceae_f	Arthrodermataceae_f	NA	fig4_q30_PE_cutadapt_unite_blast_top1_rescue	Cutadapt	PE	PE	Cutadapt
e07035ca1a78a733b80b767ee1d87f86	UNITE+RefSeq BLAST	Saccharomyces	Unclassified	NA	fig4_q30_PE_cutadapt_unite_blast_top1_rescue	Cutadapt	PE	PE	Cutadapt
e112c29f1d4d30f93d6a4f997da66225	UNITE+RefSeq BLAST	Leptosillia	Leptosillia_cordylinea	NA	fig4_q30_PE_cutadapt_unite_blast_top1_rescue	Cutadapt	PE	PE	Cutadapt
a5d3ae1fbaa69186a9e9039292c6e302	UNITE+RefSeq BLAST	Pichia	Pichia_kudriavzevii	NA	fig4_q30_PE_cutadapt_unite_blast_top1_rescue	Cutadapt	PE	PE	Cutadapt
c8505e875d51d986f896f036a5e618b9	UNITE+RefSeq BLAST	Nakaseomyces	Nakaseomyces_glabratus	NA	fig4_q30_PE_cutadapt_unite_blast_top1_rescue	Cutadapt	PE	PE	Cutadapt
5a76779a9b28c5e5452a22a45442766d	UNITE+RefSeq BLAST	Saccharomycetales_o	Saccharomycetales_o	NA	fig4_q30_PE_cutadapt_unite_blast_top1_rescue	Cutadapt	PE	PE	Cutadapt
3126603ce7da70b1f82edec8c3993711	UNITE+RefSeq BLAST	Dothideomycetes_c	Dothideomycetes_c	NA	fig4_q30_PE_cutadapt_unite_blast_top1_rescue	Cutadapt	PE	PE	Cutadapt
f7218976c1e3cfa5b3311810d216b38c	UNITE+RefSeq BLAST	Penicillium	Unclassified	NA	fig4_q30_PE_cutadapt_unite_blast_top1_rescue	Cutadapt	PE	PE	Cutadapt
066d3a6a9990f7d9069cd4f072317dbe	UNITE+RefSeq BLAST	Schizophyllum	Schizophyllum_commune	NA	fig4_q30_PE_cutadapt_unite_blast_top1_rescue	Cutadapt	PE	PE	Cutadapt
dbe4c02721914378ee2ed8912a91d64e	UNITE+RefSeq BLAST	Cystofilobasidium	Cystofilobasidium_capitatum	NA	fig4_q30_PE_cutadapt_unite_blast_top1_rescue	Cutadapt	PE	PE	Cutadapt
e44ef40252932c0964ad866230e82b21	UNITE+RefSeq BLAST	Komagataella	Komagataella_phaffii	NA	fig4_q30_PE_cutadapt_unite_blast_top1_rescue	Cutadapt	PE	PE	Cutadapt
0688c26b368b7fdfa3039ec0e57440b9	UNITE+RefSeq BLAST	Xylodon	Xylodon_exilis	NA	fig4_q30_PE_cutadapt_unite_blast_top1_rescue	Cutadapt	PE	PE	Cutadapt
a0af600e9571d2458f95c090bdccea44	UNITE+RefSeq BLAST	Hyphodontia	Hyphodontia_tropica	NA	fig4_q30_PE_cutadapt_unite_blast_top1_rescue	Cutadapt	PE	PE	Cutadapt
925459f9e4c80260242c0958f30b54e0	UNITE+RefSeq BLAST	Polyporales_o	Polyporales_o	NA	fig4_q30_PE_cutadapt_unite_blast_top1_rescue	Cutadapt	PE	PE	Cutadapt
7d4e12dd159836405acad62046c8829b	UNITE+RefSeq BLAST	Fungi_k	Fungi_k	NA	fig4_q30_PE_cutadapt_unite_blast_top1_rescue	Cutadapt	PE	PE	Cutadapt
c49d0b7026b426e0ba1f838a9273ebf6	UNITE+RefSeq BLAST	Sporobolomyces	Sporobolomyces_ruberrimus	NA	fig4_q30_PE_cutadapt_unite_blast_top1_rescue	Cutadapt	PE	PE	Cutadapt
5a3d239f7ef2ab837d7336056dfb1edb	UNITE+RefSeq BLAST	Schizoporaceae_f	Schizoporaceae_f	NA	fig4_q30_PE_cutadapt_unite_blast_top1_rescue	Cutadapt	PE	PE	Cutadapt
7cad0bdd816afb85c88fd63f1d036143	UNITE+RefSeq BLAST	Mollisia	Mollisia_cinerea	NA	fig4_q30_PE_cutadapt_unite_blast_top1_rescue	Cutadapt	PE	PE	Cutadapt
5d9802182df7538d2c6be1cdfeb85659	UNITE+RefSeq BLAST	Peniophorella	Peniophorella_crystallifera	NA	fig4_q30_PE_cutadapt_unite_blast_top1_rescue	Cutadapt	PE	PE	Cutadapt
c054c50e00ab77bb215bd00f935c0550	UNITE+RefSeq BLAST	Candolleomyces	Unclassified	NA	fig4_q30_PE_cutadapt_unite_blast_top1_rescue	Cutadapt	PE	PE	Cutadapt
33dea5eef821c3979a5126d39932b903	UNITE+RefSeq BLAST	Stereaceae_f	Stereaceae_f	NA	fig4_q30_PE_cutadapt_unite_blast_top1_rescue	Cutadapt	PE	PE	Cutadapt
72698b1fcb1822c8e37cdd124ada9b17	UNITE+RefSeq BLAST	Agaricomycetes_c	Agaricomycetes_c	NA	fig4_q30_PE_cutadapt_unite_blast_top1_rescue	Cutadapt	PE	PE	Cutadapt
3da800126d9b7c1f05fa15feb7cd6c42	UNITE+RefSeq BLAST	Mycoaciella	Mycoaciella_efibulata	NA	fig4_q30_PE_cutadapt_unite_blast_top1_rescue	Cutadapt	PE	PE	Cutadapt
5c51cdf8de3c7b6aa78fc4cf2bcaeab3	UNITE+RefSeq BLAST	Polyporales_o	Polyporales_o	NA	fig4_q30_PE_cutadapt_unite_blast_top1_rescue	Cutadapt	PE	PE	Cutadapt
6b37ace5f30e38cad6ca59d96f79d969	UNITE+RefSeq BLAST	Polyporales_o	Polyporales_o	NA	fig4_q30_PE_cutadapt_unite_blast_top1_rescue	Cutadapt	PE	PE	Cutadapt
d12bec04329f5ff001a3f36842de4fcf	UNITE+RefSeq BLAST	Trechisporales_o	Trechisporales_o	NA	fig4_q30_PE_cutadapt_unite_blast_top1_rescue	Cutadapt	PE	PE	Cutadapt
4b5579bef6f79e98d1ff9397bb7673ce	UNITE+RefSeq BLAST	Coprinopsis	Coprinopsis_urticicola	NA	fig4_q30_PE_cutadapt_unite_blast_top1_rescue	Cutadapt	PE	PE	Cutadapt
2ef1afa1f22282539202afd02e736199	UNITE+RefSeq BLAST	Peniophorella	Peniophorella_pubera	NA	fig4_q30_PE_cutadapt_unite_blast_top1_rescue	Cutadapt	PE	PE	Cutadapt
b16db1fc7966f2e08f1492e3d2f0b4b2	UNITE+RefSeq BLAST	Ascomycota_p	Ascomycota_p	NA	fig4_q30_PE_cutadapt_unite_blast_top1_rescue	Cutadapt	PE	PE	Cutadapt
f8dfb2eaf616ca6fd27b85fafa01d333	UNITE+RefSeq BLAST	Fungi_k	Fungi_k	NA	fig4_q30_PE_cutadapt_unite_blast_top1_rescue	Cutadapt	PE	PE	Cutadapt
e8657b7595d5e8e4e50826f1c25b6aa6	UNITE+RefSeq BLAST	Ascomycota_p	Ascomycota_p	NA	fig4_q30_PE_cutadapt_unite_blast_top1_rescue	Cutadapt	PE	PE	Cutadapt
e8f7198381d65dc8753f199663cec60c	UNITE+RefSeq BLAST	Fungi_k	Fungi_k	NA	fig4_q30_PE_cutadapt_unite_blast_top1_rescue	Cutadapt	PE	PE	Cutadapt
d24759e6ba7e7f4d6daa0a60270c817e	UNITE+RefSeq BLAST	Fungi_k	Fungi_k	NA	fig4_q30_PE_cutadapt_unite_blast_top1_rescue	Cutadapt	PE	PE	Cutadapt
1e10e90c58289ef8eb06b210b1339a3c	UNITE+RefSeq BLAST	Aspergillus	Aspergillus_neotritici	NA	fig4_q30_PE_cutadapt_unite_blast_top1_rescue	Cutadapt	PE	PE	Cutadapt
0067abbe4f3ec2c8b1f93f21dab22215	Mock type-strain BLAST	Aspergillus	Aspergillus_fumigatus	k__Fungi; p__Ascomycota; c__Eurotiomycetes; o__Eurotiales; f__Aspergillaceae; g__Aspergillus; s__Aspergillus_fumigatus	fig4_q30_PE_cutadapt_unite_blast_top1_rescue	Cutadapt	PE	PE	Cutadapt
013a0b22fa2570a9fca2281d979c43ce	Mock type-strain BLAST	Cryptococcus	Cryptococcus_neoformans	k__Fungi; p__Basidiomycota; c__Tremellomycetes; o__Tremellales; f__Tremellaceae; g__Cryptococcus; s__Cryptococcus_neoformans	fig4_q30_PE_cutadapt_unite_blast_top1_rescue	Cutadapt	PE	PE	Cutadapt
01517fb3b2efbc8638ba652cff74ea45	Mock type-strain BLAST	Nakaseomyces	Nakaseomyces_glabratus	k__Fungi; p__Ascomycota; c__Saccharomycetes; o__Saccharomycetales; f__Saccharomycetaceae; g__Nakaseomyces; s__Nakaseomyces_glabratus	fig4_q30_PE_cutadapt_unite_blast_top1_rescue	Cutadapt	PE	PE	Cutadapt
01b9bca264d99ceaedcce67eeee0c285	Mock type-strain BLAST	Aspergillus	Aspergillus_fumigatus	k__Fungi; p__Ascomycota; c__Eurotiomycetes; o__Eurotiales; f__Aspergillaceae; g__Aspergillus; s__Aspergillus_fumigatus	fig4_q30_PE_cutadapt_unite_blast_top1_rescue	Cutadapt	PE	PE	Cutadapt
01f7633d99821e693602dae45808d71c	Mock type-strain BLAST	Cryptococcus	Cryptococcus_neoformans	k__Fungi; p__Basidiomycota; c__Tremellomycetes; o__Tremellales; f__Tremellaceae; g__Cryptococcus; s__Cryptococcus_neoformans	fig4_q30_PE_cutadapt_unite_blast_top1_rescue	Cutadapt	PE	PE	Cutadapt
02a08e7b3d2d977945313b9fb5d6cccc	Mock type-strain BLAST	Saccharomyces	Saccharomyces_cerevisiae	k__Fungi; p__Ascomycota; c__Saccharomycetes; o__Saccharomycetales; f__Saccharomycetaceae; g__Saccharomyces; s__Saccharomyces_cerevisiae	fig4_q30_PE_cutadapt_unite_blast_top1_rescue	Cutadapt	PE	PE	Cutadapt
02c332c3221a7fc18460f12ac0111d82	Mock type-strain BLAST	Nakaseomyces	Nakaseomyces_glabratus	k__Fungi; p__Ascomycota; c__Saccharomycetes; o__Saccharomycetales; f__Saccharomycetaceae; g__Nakaseomyces; s__Nakaseomyces_glabratus	fig4_q30_PE_cutadapt_unite_blast_top1_rescue	Cutadapt	PE	PE	Cutadapt
03adce78e88ff12a6e2bd982b4276941	Mock type-strain BLAST	Nakaseomyces	Nakaseomyces_glabratus	k__Fungi; p__Ascomycota; c__Saccharomycetes; o__Saccharomycetales; f__Saccharomycetaceae; g__Nakaseomyces; s__Nakaseomyces_glabratus	fig4_q30_PE_cutadapt_unite_blast_top1_rescue	Cutadapt	PE	PE	Cutadapt
03de5f5896c6815c01fb82e636a2d449	Mock type-strain BLAST	Cutaneotrichosporon	Cutaneotrichosporon_dermatis	k__Fungi; p__Basidiomycota; c__Tremellomycetes; o__Trichosporonales; f__Trichosporonaceae; g__Cutaneotrichosporon; s__Cutaneotrichosporon_dermatis	fig4_q30_PE_cutadapt_unite_blast_top1_rescue	Cutadapt	PE	PE	Cutadapt
044c0abf07903b8b4131f54e35a7c56b	Mock type-strain BLAST	Cryptococcus	Cryptococcus_neoformans	k__Fungi; p__Basidiomycota; c__Tremellomycetes; o__Tremellales; f__Tremellaceae; g__Cryptococcus; s__Cryptococcus_neoformans	fig4_q30_PE_cutadapt_unite_blast_top1_rescue	Cutadapt	PE	PE	Cutadapt
0579fae15ec314635f7bfd4b794ca07d	Mock type-strain BLAST	Saccharomyces	Saccharomyces_cerevisiae	k__Fungi; p__Ascomycota; c__Saccharomycetes; o__Saccharomycetales; f__Saccharomycetaceae; g__Saccharomyces; s__Saccharomyces_cerevisiae	fig4_q30_PE_cutadapt_unite_blast_top1_rescue	Cutadapt	PE	PE	Cutadapt
05a29d43e7926471622da8fb7de61e0d	Mock type-strain BLAST	Aspergillus	Aspergillus_fumigatus	k__Fungi; p__Ascomycota; c__Eurotiomycetes; o__Eurotiales; f__Aspergillaceae; g__Aspergillus; s__Aspergillus_fumigatus	fig4_q30_PE_cutadapt_unite_blast_top1_rescue	Cutadapt	PE	PE	Cutadapt
05a56095084bcc3dde845c95ccb3f491	Mock type-strain BLAST	Cutaneotrichosporon	Cutaneotrichosporon_dermatis	k__Fungi; p__Basidiomycota; c__Tremellomycetes; o__Trichosporonales; f__Trichosporonaceae; g__Cutaneotrichosporon; s__Cutaneotrichosporon_dermatis	fig4_q30_PE_cutadapt_unite_blast_top1_rescue	Cutadapt	PE	PE	Cutadapt
05bc9afc08b64748dca00ebba463b277	Mock type-strain BLAST	Aspergillus	Aspergillus_fumigatus	k__Fungi; p__Ascomycota; c__Eurotiomycetes; o__Eurotiales; f__Aspergillaceae; g__Aspergillus; s__Aspergillus_fumigatus	fig4_q30_PE_cutadapt_unite_blast_top1_rescue	Cutadapt	PE	PE	Cutadapt
066d3a6a9990f7d9069cd4f072317dbe	Mock type-strain BLAST	Cryptococcus	Cryptococcus_neoformans	k__Fungi; p__Basidiomycota; c__Tremellomycetes; o__Tremellales; f__Tremellaceae; g__Cryptococcus; s__Cryptococcus_neoformans	fig4_q30_PE_cutadapt_unite_blast_top1_rescue	Cutadapt	PE	PE	Cutadapt
0688c26b368b7fdfa3039ec0e57440b9	Mock type-strain BLAST	Cutaneotrichosporon	Cutaneotrichosporon_dermatis	k__Fungi; p__Basidiomycota; c__Tremellomycetes; o__Trichosporonales; f__Trichosporonaceae; g__Cutaneotrichosporon; s__Cutaneotrichosporon_dermatis	fig4_q30_PE_cutadapt_unite_blast_top1_rescue	Cutadapt	PE	PE	Cutadapt
06dcdeaf8b7e48026a27971278d6783a	Mock type-strain BLAST	Aspergillus	Aspergillus_fumigatus	k__Fungi; p__Ascomycota; c__Eurotiomycetes; o__Eurotiales; f__Aspergillaceae; g__Aspergillus; s__Aspergillus_fumigatus	fig4_q30_PE_cutadapt_unite_blast_top1_rescue	Cutadapt	PE	PE	Cutadapt
0752dc88c365db47a824bafc2310dd10	Mock type-strain BLAST	Cutaneotrichosporon	Cutaneotrichosporon_dermatis	k__Fungi; p__Basidiomycota; c__Tremellomycetes; o__Trichosporonales; f__Trichosporonaceae; g__Cutaneotrichosporon; s__Cutaneotrichosporon_dermatis	fig4_q30_PE_cutadapt_unite_blast_top1_rescue	Cutadapt	PE	PE	Cutadapt
080d5100561ec2c06ed6b12f04e6765e	Mock type-strain BLAST	Nakaseomyces	Nakaseomyces_glabratus	k__Fungi; p__Ascomycota; c__Saccharomycetes; o__Saccharomycetales; f__Saccharomycetaceae; g__Nakaseomyces; s__Nakaseomyces_glabratus	fig4_q30_PE_cutadapt_unite_blast_top1_rescue	Cutadapt	PE	PE	Cutadapt
09d930f2ed87b3557b31fac73c4ec6ac	Mock type-strain BLAST	Nakaseomyces	Nakaseomyces_glabratus	k__Fungi; p__Ascomycota; c__Saccharomycetes; o__Saccharomycetales; f__Saccharomycetaceae; g__Nakaseomyces; s__Nakaseomyces_glabratus	fig4_q30_PE_cutadapt_unite_blast_top1_rescue	Cutadapt	PE	PE	Cutadapt
09de61d81017f4d844ceb66d071f6718	Mock type-strain BLAST	Trichophyton	Trichophyton_interdigitale	k__Fungi; p__Ascomycota; c__Eurotiomycetes; o__Onygenales; f__Arthrodermataceae; g__Trichophyton; s__Trichophyton_interdigitale	fig4_q30_PE_cutadapt_unite_blast_top1_rescue	Cutadapt	PE	PE	Cutadapt
0a135d06258a4917295be19c2f72f676	Mock type-strain BLAST	Penicillium	Penicillium_chrysogenum	k__Fungi; p__Ascomycota; c__Eurotiomycetes; o__Eurotiales; f__Aspergillaceae; g__Penicillium; s__Penicillium_chrysogenum	fig4_q30_PE_cutadapt_unite_blast_top1_rescue	Cutadapt	PE	PE	Cutadapt
0a830187c3805daf0287eb3179767638	Mock type-strain BLAST	Nakaseomyces	Nakaseomyces_glabratus	k__Fungi; p__Ascomycota; c__Saccharomycetes; o__Saccharomycetales; f__Saccharomycetaceae; g__Nakaseomyces; s__Nakaseomyces_glabratus	fig4_q30_PE_cutadapt_unite_blast_top1_rescue	Cutadapt	PE	PE	Cutadapt
0b62be82e1459c48fa9aa6a73f45136b	Mock type-strain BLAST	Candida	Candida_albicans	k__Fungi; p__Ascomycota; c__Saccharomycetes; o__Saccharomycetales; f__Debaryomycetaceae; g__Candida; s__Candida_albicans	fig4_q30_PE_cutadapt_unite_blast_top1_rescue	Cutadapt	PE	PE	Cutadapt
0e00ccfc8a7aac1541f7536f41bc8369	Mock type-strain BLAST	Cutaneotrichosporon	Cutaneotrichosporon_dermatis	k__Fungi; p__Basidiomycota; c__Tremellomycetes; o__Trichosporonales; f__Trichosporonaceae; g__Cutaneotrichosporon; s__Cutaneotrichosporon_dermatis	fig4_q30_PE_cutadapt_unite_blast_top1_rescue	Cutadapt	PE	PE	Cutadapt
0e6108700c9a01c0be9929564a203813	Mock type-strain BLAST	Cutaneotrichosporon	Cutaneotrichosporon_dermatis	k__Fungi; p__Basidiomycota; c__Tremellomycetes; o__Trichosporonales; f__Trichosporonaceae; g__Cutaneotrichosporon; s__Cutaneotrichosporon_dermatis	fig4_q30_PE_cutadapt_unite_blast_top1_rescue	Cutadapt	PE	PE	Cutadapt
0ea5c361d3337b625fb478ae11fb59bb	Mock type-strain BLAST	Saccharomyces	Saccharomyces_cerevisiae	k__Fungi; p__Ascomycota; c__Saccharomycetes; o__Saccharomycetales; f__Saccharomycetaceae; g__Saccharomyces; s__Saccharomyces_cerevisiae	fig4_q30_PE_cutadapt_unite_blast_top1_rescue	Cutadapt	PE	PE	Cutadapt
0f2841458644573d5efdd928ad1b992f	Mock type-strain BLAST	Cutaneotrichosporon	Cutaneotrichosporon_dermatis	k__Fungi; p__Basidiomycota; c__Tremellomycetes; o__Trichosporonales; f__Trichosporonaceae; g__Cutaneotrichosporon; s__Cutaneotrichosporon_dermatis	fig4_q30_PE_cutadapt_unite_blast_top1_rescue	Cutadapt	PE	PE	Cutadapt
1062b08fe389426eacd44013d0f1f831	Mock type-strain BLAST	Nakaseomyces	Nakaseomyces_glabratus	k__Fungi; p__Ascomycota; c__Saccharomycetes; o__Saccharomycetales; f__Saccharomycetaceae; g__Nakaseomyces; s__Nakaseomyces_glabratus	fig4_q30_PE_cutadapt_unite_blast_top1_rescue	Cutadapt	PE	PE	Cutadapt
10eca292eb84a97e234c6e330e288bdd	Mock type-strain BLAST	Cryptococcus	Cryptococcus_neoformans	k__Fungi; p__Basidiomycota; c__Tremellomycetes; o__Tremellales; f__Tremellaceae; g__Cryptococcus; s__Cryptococcus_neoformans	fig4_q30_PE_cutadapt_unite_blast_top1_rescue	Cutadapt	PE	PE	Cutadapt
11842fe4669d5dc87ff9d34dc08ef2f2	Mock type-strain BLAST	Candida	Candida_albicans	k__Fungi; p__Ascomycota; c__Saccharomycetes; o__Saccharomycetales; f__Debaryomycetaceae; g__Candida; s__Candida_albicans	fig4_q30_PE_cutadapt_unite_blast_top1_rescue	Cutadapt	PE	PE	Cutadapt
126e5a0ce844106e98f8b9bb7903dd6e	Mock type-strain BLAST	Cutaneotrichosporon	Cutaneotrichosporon_dermatis	k__Fungi; p__Basidiomycota; c__Tremellomycetes; o__Trichosporonales; f__Trichosporonaceae; g__Cutaneotrichosporon; s__Cutaneotrichosporon_dermatis	fig4_q30_PE_cutadapt_unite_blast_top1_rescue	Cutadapt	PE	PE	Cutadapt
12bc1df8e5526b1c0c554f895543944a	Mock type-strain BLAST	Candida	Candida_albicans	k__Fungi; p__Ascomycota; c__Saccharomycetes; o__Saccharomycetales; f__Debaryomycetaceae; g__Candida; s__Candida_albicans	fig4_q30_PE_cutadapt_unite_blast_top1_rescue	Cutadapt	PE	PE	Cutadapt
12bedaf58ec89b5e05c19ad026fdaf9c	Mock type-strain BLAST	Nakaseomyces	Nakaseomyces_glabratus	k__Fungi; p__Ascomycota; c__Saccharomycetes; o__Saccharomycetales; f__Saccharomycetaceae; g__Nakaseomyces; s__Nakaseomyces_glabratus	fig4_q30_PE_cutadapt_unite_blast_top1_rescue	Cutadapt	PE	PE	Cutadapt
12f2f6a9a7cbb3ff7cd71234932b8205	Mock type-strain BLAST	Nakaseomyces	Nakaseomyces_glabratus	k__Fungi; p__Ascomycota; c__Saccharomycetes; o__Saccharomycetales; f__Saccharomycetaceae; g__Nakaseomyces; s__Nakaseomyces_glabratus	fig4_q30_PE_cutadapt_unite_blast_top1_rescue	Cutadapt	PE	PE	Cutadapt
138ac92150209d94b9e015e7735368f1	Mock type-strain BLAST	Aspergillus	Aspergillus_fumigatus	k__Fungi; p__Ascomycota; c__Eurotiomycetes; o__Eurotiales; f__Aspergillaceae; g__Aspergillus; s__Aspergillus_fumigatus	fig4_q30_PE_cutadapt_unite_blast_top1_rescue	Cutadapt	PE	PE	Cutadapt
13938a532131c6422d6bd44980ee26ad	Mock type-strain BLAST	Penicillium	Penicillium_chrysogenum	k__Fungi; p__Ascomycota; c__Eurotiomycetes; o__Eurotiales; f__Aspergillaceae; g__Penicillium; s__Penicillium_chrysogenum	fig4_q30_PE_cutadapt_unite_blast_top1_rescue	Cutadapt	PE	PE	Cutadapt
13e538015116992176a9c32705810203	Mock type-strain BLAST	Nakaseomyces	Nakaseomyces_glabratus	k__Fungi; p__Ascomycota; c__Saccharomycetes; o__Saccharomycetales; f__Saccharomycetaceae; g__Nakaseomyces; s__Nakaseomyces_glabratus	fig4_q30_PE_cutadapt_unite_blast_top1_rescue	Cutadapt	PE	PE	Cutadapt
14fc77bb4fb1b62493910ff14198fb48	Mock type-strain BLAST	Aspergillus	Aspergillus_fumigatus	k__Fungi; p__Ascomycota; c__Eurotiomycetes; o__Eurotiales; f__Aspergillaceae; g__Aspergillus; s__Aspergillus_fumigatus	fig4_q30_PE_cutadapt_unite_blast_top1_rescue	Cutadapt	PE	PE	Cutadapt
157e05e1b98eae47c6bd9e0ce5dbc881	Mock type-strain BLAST	Candida	Candida_albicans	k__Fungi; p__Ascomycota; c__Saccharomycetes; o__Saccharomycetales; f__Debaryomycetaceae; g__Candida; s__Candida_albicans	fig4_q30_PE_cutadapt_unite_blast_top1_rescue	Cutadapt	PE	PE	Cutadapt
15f625a79a06fdc049afd9842e648080	Mock type-strain BLAST	Cryptococcus	Cryptococcus_neoformans	k__Fungi; p__Basidiomycota; c__Tremellomycetes; o__Tremellales; f__Tremellaceae; g__Cryptococcus; s__Cryptococcus_neoformans	fig4_q30_PE_cutadapt_unite_blast_top1_rescue	Cutadapt	PE	PE	Cutadapt
1611fa31357d5d95b54e5ce6e67b7336	Mock type-strain BLAST	Nakaseomyces	Nakaseomyces_glabratus	k__Fungi; p__Ascomycota; c__Saccharomycetes; o__Saccharomycetales; f__Saccharomycetaceae; g__Nakaseomyces; s__Nakaseomyces_glabratus	fig4_q30_PE_cutadapt_unite_blast_top1_rescue	Cutadapt	PE	PE	Cutadapt
1621173d9b15df3ab3f26d4c7dd234c5	Mock type-strain BLAST	Fusarium	Fusarium_keratoplasticum	k__Fungi; p__Ascomycota; c__Sordariomycetes; o__Hypocreales; f__Nectriaceae; g__Fusarium; s__Fusarium_keratoplasticum	fig4_q30_PE_cutadapt_unite_blast_top1_rescue	Cutadapt	PE	PE	Cutadapt
1797597fabec15ebe972f68a03ce19cd	Mock type-strain BLAST	Trichophyton	Trichophyton_interdigitale	k__Fungi; p__Ascomycota; c__Eurotiomycetes; o__Onygenales; f__Arthrodermataceae; g__Trichophyton; s__Trichophyton_interdigitale	fig4_q30_PE_cutadapt_unite_blast_top1_rescue	Cutadapt	PE	PE	Cutadapt
1b241e7bdd60b771e4c856c64c3e9ad7	Mock type-strain BLAST	Fusarium	Fusarium_keratoplasticum	k__Fungi; p__Ascomycota; c__Sordariomycetes; o__Hypocreales; f__Nectriaceae; g__Fusarium; s__Fusarium_keratoplasticum	fig4_q30_PE_cutadapt_unite_blast_top1_rescue	Cutadapt	PE	PE	Cutadapt
1b69e545bedbbe7f5b89775d7ef84275	Mock type-strain BLAST	Saccharomyces	Saccharomyces_cerevisiae	k__Fungi; p__Ascomycota; c__Saccharomycetes; o__Saccharomycetales; f__Saccharomycetaceae; g__Saccharomyces; s__Saccharomyces_cerevisiae	fig4_q30_PE_cutadapt_unite_blast_top1_rescue	Cutadapt	PE	PE	Cutadapt
1caf3038387e5ec2fbe3b12374ffabad	Mock type-strain BLAST	Fusarium	Fusarium_keratoplasticum	k__Fungi; p__Ascomycota; c__Sordariomycetes; o__Hypocreales; f__Nectriaceae; g__Fusarium; s__Fusarium_keratoplasticum	fig4_q30_PE_cutadapt_unite_blast_top1_rescue	Cutadapt	PE	PE	Cutadapt
1cfb9be7ca486afcfae835ecb3dfd32c	Mock type-strain BLAST	Nakaseomyces	Nakaseomyces_glabratus	k__Fungi; p__Ascomycota; c__Saccharomycetes; o__Saccharomycetales; f__Saccharomycetaceae; g__Nakaseomyces; s__Nakaseomyces_glabratus	fig4_q30_PE_cutadapt_unite_blast_top1_rescue	Cutadapt	PE	PE	Cutadapt
1d819ed956fe66695c8533e01cda3c40	Mock type-strain BLAST	Cutaneotrichosporon	Cutaneotrichosporon_dermatis	k__Fungi; p__Basidiomycota; c__Tremellomycetes; o__Trichosporonales; f__Trichosporonaceae; g__Cutaneotrichosporon; s__Cutaneotrichosporon_dermatis	fig4_q30_PE_cutadapt_unite_blast_top1_rescue	Cutadapt	PE	PE	Cutadapt
1e00172a134024897f0a1637e7f9f7eb	Mock type-strain BLAST	Aspergillus	Aspergillus_fumigatus	k__Fungi; p__Ascomycota; c__Eurotiomycetes; o__Eurotiales; f__Aspergillaceae; g__Aspergillus; s__Aspergillus_fumigatus	fig4_q30_PE_cutadapt_unite_blast_top1_rescue	Cutadapt	PE	PE	Cutadapt
1e10e90c58289ef8eb06b210b1339a3c	Mock type-strain BLAST	Aspergillus	Aspergillus_fumigatus	k__Fungi; p__Ascomycota; c__Eurotiomycetes; o__Eurotiales; f__Aspergillaceae; g__Aspergillus; s__Aspergillus_fumigatus	fig4_q30_PE_cutadapt_unite_blast_top1_rescue	Cutadapt	PE	PE	Cutadapt
205ab5dacfd29a76e5283f8a2f1b2919	Mock type-strain BLAST	Nakaseomyces	Nakaseomyces_glabratus	k__Fungi; p__Ascomycota; c__Saccharomycetes; o__Saccharomycetales; f__Saccharomycetaceae; g__Nakaseomyces; s__Nakaseomyces_glabratus	fig4_q30_PE_cutadapt_unite_blast_top1_rescue	Cutadapt	PE	PE	Cutadapt
20724af4e0f4acaddd718dafdbd09bfa	Mock type-strain BLAST	Cutaneotrichosporon	Cutaneotrichosporon_dermatis	k__Fungi; p__Basidiomycota; c__Tremellomycetes; o__Trichosporonales; f__Trichosporonaceae; g__Cutaneotrichosporon; s__Cutaneotrichosporon_dermatis	fig4_q30_PE_cutadapt_unite_blast_top1_rescue	Cutadapt	PE	PE	Cutadapt
216f8b39045b9b00c7f830736ee9bc59	Mock type-strain BLAST	Saccharomyces	Saccharomyces_cerevisiae	k__Fungi; p__Ascomycota; c__Saccharomycetes; o__Saccharomycetales; f__Saccharomycetaceae; g__Saccharomyces; s__Saccharomyces_cerevisiae	fig4_q30_PE_cutadapt_unite_blast_top1_rescue	Cutadapt	PE	PE	Cutadapt
22133c804d861d83fe6ea04c05e550cb	Mock type-strain BLAST	Penicillium	Penicillium_chrysogenum	k__Fungi; p__Ascomycota; c__Eurotiomycetes; o__Eurotiales; f__Aspergillaceae; g__Penicillium; s__Penicillium_chrysogenum	fig4_q30_PE_cutadapt_unite_blast_top1_rescue	Cutadapt	PE	PE	Cutadapt
22e477ea80b688324c819bfe250a03ec	Mock type-strain BLAST	Cutaneotrichosporon	Cutaneotrichosporon_dermatis	k__Fungi; p__Basidiomycota; c__Tremellomycetes; o__Trichosporonales; f__Trichosporonaceae; g__Cutaneotrichosporon; s__Cutaneotrichosporon_dermatis	fig4_q30_PE_cutadapt_unite_blast_top1_rescue	Cutadapt	PE	PE	Cutadapt
242a0769509ab0072292f369fe9712cb	Mock type-strain BLAST	Fusarium	Fusarium_keratoplasticum	k__Fungi; p__Ascomycota; c__Sordariomycetes; o__Hypocreales; f__Nectriaceae; g__Fusarium; s__Fusarium_keratoplasticum	fig4_q30_PE_cutadapt_unite_blast_top1_rescue	Cutadapt	PE	PE	Cutadapt
248e2fe59d856b93e8bf1adcb9e172d4	Mock type-strain BLAST	Nakaseomyces	Nakaseomyces_glabratus	k__Fungi; p__Ascomycota; c__Saccharomycetes; o__Saccharomycetales; f__Saccharomycetaceae; g__Nakaseomyces; s__Nakaseomyces_glabratus	fig4_q30_PE_cutadapt_unite_blast_top1_rescue	Cutadapt	PE	PE	Cutadapt
2609534e889775b071bd4877a3cbdb06	Mock type-strain BLAST	Aspergillus	Aspergillus_fumigatus	k__Fungi; p__Ascomycota; c__Eurotiomycetes; o__Eurotiales; f__Aspergillaceae; g__Aspergillus; s__Aspergillus_fumigatus	fig4_q30_PE_cutadapt_unite_blast_top1_rescue	Cutadapt	PE	PE	Cutadapt
261aaef3e9f437880fed728e842bf3ce	Mock type-strain BLAST	Cutaneotrichosporon	Cutaneotrichosporon_dermatis	k__Fungi; p__Basidiomycota; c__Tremellomycetes; o__Trichosporonales; f__Trichosporonaceae; g__Cutaneotrichosporon; s__Cutaneotrichosporon_dermatis	fig4_q30_PE_cutadapt_unite_blast_top1_rescue	Cutadapt	PE	PE	Cutadapt
26f118e2e4997cc33c7b3c65fb658710	Mock type-strain BLAST	Aspergillus	Aspergillus_fumigatus	k__Fungi; p__Ascomycota; c__Eurotiomycetes; o__Eurotiales; f__Aspergillaceae; g__Aspergillus; s__Aspergillus_fumigatus	fig4_q30_PE_cutadapt_unite_blast_top1_rescue	Cutadapt	PE	PE	Cutadapt
27297b7c249900a4b843b2f365f2f58c	Mock type-strain BLAST	Cutaneotrichosporon	Cutaneotrichosporon_dermatis	k__Fungi; p__Basidiomycota; c__Tremellomycetes; o__Trichosporonales; f__Trichosporonaceae; g__Cutaneotrichosporon; s__Cutaneotrichosporon_dermatis	fig4_q30_PE_cutadapt_unite_blast_top1_rescue	Cutadapt	PE	PE	Cutadapt
280368cdff4f777ae988c6a3c9cca85f	Mock type-strain BLAST	Cutaneotrichosporon	Cutaneotrichosporon_dermatis	k__Fungi; p__Basidiomycota; c__Tremellomycetes; o__Trichosporonales; f__Trichosporonaceae; g__Cutaneotrichosporon; s__Cutaneotrichosporon_dermatis	fig4_q30_PE_cutadapt_unite_blast_top1_rescue	Cutadapt	PE	PE	Cutadapt
281db102e852e9efd030a38cc9bf92f7	Mock type-strain BLAST	Penicillium	Penicillium_chrysogenum	k__Fungi; p__Ascomycota; c__Eurotiomycetes; o__Eurotiales; f__Aspergillaceae; g__Penicillium; s__Penicillium_chrysogenum	fig4_q30_PE_cutadapt_unite_blast_top1_rescue	Cutadapt	PE	PE	Cutadapt
286dcb58947ebd65c54731a7b31e1426	Mock type-strain BLAST	Aspergillus	Aspergillus_fumigatus	k__Fungi; p__Ascomycota; c__Eurotiomycetes; o__Eurotiales; f__Aspergillaceae; g__Aspergillus; s__Aspergillus_fumigatus	fig4_q30_PE_cutadapt_unite_blast_top1_rescue	Cutadapt	PE	PE	Cutadapt
2881c8dcc461db66d6476faa81c6f034	Mock type-strain BLAST	Cutaneotrichosporon	Cutaneotrichosporon_dermatis	k__Fungi; p__Basidiomycota; c__Tremellomycetes; o__Trichosporonales; f__Trichosporonaceae; g__Cutaneotrichosporon; s__Cutaneotrichosporon_dermatis	fig4_q30_PE_cutadapt_unite_blast_top1_rescue	Cutadapt	PE	PE	Cutadapt
295bfd812f42f8f02cd0ba4418aad5d9	Mock type-strain BLAST	Cutaneotrichosporon	Cutaneotrichosporon_dermatis	k__Fungi; p__Basidiomycota; c__Tremellomycetes; o__Trichosporonales; f__Trichosporonaceae; g__Cutaneotrichosporon; s__Cutaneotrichosporon_dermatis	fig4_q30_PE_cutadapt_unite_blast_top1_rescue	Cutadapt	PE	PE	Cutadapt
29733cd0bf01391c2b1b07b45a29b756	Mock type-strain BLAST	Cutaneotrichosporon	Cutaneotrichosporon_dermatis	k__Fungi; p__Basidiomycota; c__Tremellomycetes; o__Trichosporonales; f__Trichosporonaceae; g__Cutaneotrichosporon; s__Cutaneotrichosporon_dermatis	fig4_q30_PE_cutadapt_unite_blast_top1_rescue	Cutadapt	PE	PE	Cutadapt
2995053d4cdadcaafad9308b84e0e4a8	Mock type-strain BLAST	Cutaneotrichosporon	Cutaneotrichosporon_dermatis	k__Fungi; p__Basidiomycota; c__Tremellomycetes; o__Trichosporonales; f__Trichosporonaceae; g__Cutaneotrichosporon; s__Cutaneotrichosporon_dermatis	fig4_q30_PE_cutadapt_unite_blast_top1_rescue	Cutadapt	PE	PE	Cutadapt
2abd97d819164ca22fea7fc261ffc6f7	Mock type-strain BLAST	Nakaseomyces	Nakaseomyces_glabratus	k__Fungi; p__Ascomycota; c__Saccharomycetes; o__Saccharomycetales; f__Saccharomycetaceae; g__Nakaseomyces; s__Nakaseomyces_glabratus	fig4_q30_PE_cutadapt_unite_blast_top1_rescue	Cutadapt	PE	PE	Cutadapt
2b6bf177cf258974855eb3b9d419ffbc	Mock type-strain BLAST	Cutaneotrichosporon	Cutaneotrichosporon_dermatis	k__Fungi; p__Basidiomycota; c__Tremellomycetes; o__Trichosporonales; f__Trichosporonaceae; g__Cutaneotrichosporon; s__Cutaneotrichosporon_dermatis	fig4_q30_PE_cutadapt_unite_blast_top1_rescue	Cutadapt	PE	PE	Cutadapt
2bc30a5545badee22da1375355460f31	Mock type-strain BLAST	Aspergillus	Aspergillus_fumigatus	k__Fungi; p__Ascomycota; c__Eurotiomycetes; o__Eurotiales; f__Aspergillaceae; g__Aspergillus; s__Aspergillus_fumigatus	fig4_q30_PE_cutadapt_unite_blast_top1_rescue	Cutadapt	PE	PE	Cutadapt
2c24ade1f6d21508f680725d560471b9	Mock type-strain BLAST	Saccharomyces	Saccharomyces_cerevisiae	k__Fungi; p__Ascomycota; c__Saccharomycetes; o__Saccharomycetales; f__Saccharomycetaceae; g__Saccharomyces; s__Saccharomyces_cerevisiae	fig4_q30_PE_cutadapt_unite_blast_top1_rescue	Cutadapt	PE	PE	Cutadapt
2d3b44850570682e08688c29f56403cd	Mock type-strain BLAST	Aspergillus	Aspergillus_fumigatus	k__Fungi; p__Ascomycota; c__Eurotiomycetes; o__Eurotiales; f__Aspergillaceae; g__Aspergillus; s__Aspergillus_fumigatus	fig4_q30_PE_cutadapt_unite_blast_top1_rescue	Cutadapt	PE	PE	Cutadapt
2e034c1aa05be4c5111594d8a3c15afd	Mock type-strain BLAST	Nakaseomyces	Nakaseomyces_glabratus	k__Fungi; p__Ascomycota; c__Saccharomycetes; o__Saccharomycetales; f__Saccharomycetaceae; g__Nakaseomyces; s__Nakaseomyces_glabratus	fig4_q30_PE_cutadapt_unite_blast_top1_rescue	Cutadapt	PE	PE	Cutadapt
2e3950f5f6c1c1a1fb643cc894f2aec3	Mock type-strain BLAST	Cutaneotrichosporon	Cutaneotrichosporon_dermatis	k__Fungi; p__Basidiomycota; c__Tremellomycetes; o__Trichosporonales; f__Trichosporonaceae; g__Cutaneotrichosporon; s__Cutaneotrichosporon_dermatis	fig4_q30_PE_cutadapt_unite_blast_top1_rescue	Cutadapt	PE	PE	Cutadapt
2ef1afa1f22282539202afd02e736199	Mock type-strain BLAST	Cutaneotrichosporon	Cutaneotrichosporon_dermatis	k__Fungi; p__Basidiomycota; c__Tremellomycetes; o__Trichosporonales; f__Trichosporonaceae; g__Cutaneotrichosporon; s__Cutaneotrichosporon_dermatis	fig4_q30_PE_cutadapt_unite_blast_top1_rescue	Cutadapt	PE	PE	Cutadapt
2f59dd7e9fc446d7a14b08931d27996b	Mock type-strain BLAST	Aspergillus	Aspergillus_fumigatus	k__Fungi; p__Ascomycota; c__Eurotiomycetes; o__Eurotiales; f__Aspergillaceae; g__Aspergillus; s__Aspergillus_fumigatus	fig4_q30_PE_cutadapt_unite_blast_top1_rescue	Cutadapt	PE	PE	Cutadapt
2fadc7fa01c6d1e87be809237590227f	Mock type-strain BLAST	Saccharomyces	Saccharomyces_cerevisiae	k__Fungi; p__Ascomycota; c__Saccharomycetes; o__Saccharomycetales; f__Saccharomycetaceae; g__Saccharomyces; s__Saccharomyces_cerevisiae	fig4_q30_PE_cutadapt_unite_blast_top1_rescue	Cutadapt	PE	PE	Cutadapt
2fbdf5a89725b2d9f30df08f41b4ad46	Mock type-strain BLAST	Aspergillus	Aspergillus_fumigatus	k__Fungi; p__Ascomycota; c__Eurotiomycetes; o__Eurotiales; f__Aspergillaceae; g__Aspergillus; s__Aspergillus_fumigatus	fig4_q30_PE_cutadapt_unite_blast_top1_rescue	Cutadapt	PE	PE	Cutadapt
30145686d304e71fdb7d7fa50e09e432	Mock type-strain BLAST	Aspergillus	Aspergillus_fumigatus	k__Fungi; p__Ascomycota; c__Eurotiomycetes; o__Eurotiales; f__Aspergillaceae; g__Aspergillus; s__Aspergillus_fumigatus	fig4_q30_PE_cutadapt_unite_blast_top1_rescue	Cutadapt	PE	PE	Cutadapt
30b16329ff6c395c2a4cfc8e6fcb799a	Mock type-strain BLAST	Nakaseomyces	Nakaseomyces_glabratus	k__Fungi; p__Ascomycota; c__Saccharomycetes; o__Saccharomycetales; f__Saccharomycetaceae; g__Nakaseomyces; s__Nakaseomyces_glabratus	fig4_q30_PE_cutadapt_unite_blast_top1_rescue	Cutadapt	PE	PE	Cutadapt
3126603ce7da70b1f82edec8c3993711	Mock type-strain BLAST	Fusarium	Fusarium_keratoplasticum	k__Fungi; p__Ascomycota; c__Sordariomycetes; o__Hypocreales; f__Nectriaceae; g__Fusarium; s__Fusarium_keratoplasticum	fig4_q30_PE_cutadapt_unite_blast_top1_rescue	Cutadapt	PE	PE	Cutadapt
31560b5d879415f9d225ce0802e2fd05	Mock type-strain BLAST	Nakaseomyces	Nakaseomyces_glabratus	k__Fungi; p__Ascomycota; c__Saccharomycetes; o__Saccharomycetales; f__Saccharomycetaceae; g__Nakaseomyces; s__Nakaseomyces_glabratus	fig4_q30_PE_cutadapt_unite_blast_top1_rescue	Cutadapt	PE	PE	Cutadapt
3172b69504ea1e872af24e7b1e27224d	Mock type-strain BLAST	Cutaneotrichosporon	Cutaneotrichosporon_dermatis	k__Fungi; p__Basidiomycota; c__Tremellomycetes; o__Trichosporonales; f__Trichosporonaceae; g__Cutaneotrichosporon; s__Cutaneotrichosporon_dermatis	fig4_q30_PE_cutadapt_unite_blast_top1_rescue	Cutadapt	PE	PE	Cutadapt
31803537c550591a1809288aa796b431	Mock type-strain BLAST	Candida	Candida_albicans	k__Fungi; p__Ascomycota; c__Saccharomycetes; o__Saccharomycetales; f__Debaryomycetaceae; g__Candida; s__Candida_albicans	fig4_q30_PE_cutadapt_unite_blast_top1_rescue	Cutadapt	PE	PE	Cutadapt
31c5d2162fbc4550b1537c9a9bc92d55	Mock type-strain BLAST	Saccharomyces	Saccharomyces_cerevisiae	k__Fungi; p__Ascomycota; c__Saccharomycetes; o__Saccharomycetales; f__Saccharomycetaceae; g__Saccharomyces; s__Saccharomyces_cerevisiae	fig4_q30_PE_cutadapt_unite_blast_top1_rescue	Cutadapt	PE	PE	Cutadapt
3251b8618a77585ac75c4825f24bdc34	Mock type-strain BLAST	Cutaneotrichosporon	Cutaneotrichosporon_dermatis	k__Fungi; p__Basidiomycota; c__Tremellomycetes; o__Trichosporonales; f__Trichosporonaceae; g__Cutaneotrichosporon; s__Cutaneotrichosporon_dermatis	fig4_q30_PE_cutadapt_unite_blast_top1_rescue	Cutadapt	PE	PE	Cutadapt
32743da7dde0b6ffb4f006884c7a7b8d	Mock type-strain BLAST	Nakaseomyces	Nakaseomyces_glabratus	k__Fungi; p__Ascomycota; c__Saccharomycetes; o__Saccharomycetales; f__Saccharomycetaceae; g__Nakaseomyces; s__Nakaseomyces_glabratus	fig4_q30_PE_cutadapt_unite_blast_top1_rescue	Cutadapt	PE	PE	Cutadapt
327ac8462f09dcda6956148eee117615	Mock type-strain BLAST	Cryptococcus	Cryptococcus_neoformans	k__Fungi; p__Basidiomycota; c__Tremellomycetes; o__Tremellales; f__Tremellaceae; g__Cryptococcus; s__Cryptococcus_neoformans	fig4_q30_PE_cutadapt_unite_blast_top1_rescue	Cutadapt	PE	PE	Cutadapt
33dba7b0fe74ead03efdfb26e8f5b4c1	Mock type-strain BLAST	Cutaneotrichosporon	Cutaneotrichosporon_dermatis	k__Fungi; p__Basidiomycota; c__Tremellomycetes; o__Trichosporonales; f__Trichosporonaceae; g__Cutaneotrichosporon; s__Cutaneotrichosporon_dermatis	fig4_q30_PE_cutadapt_unite_blast_top1_rescue	Cutadapt	PE	PE	Cutadapt
33dea5eef821c3979a5126d39932b903	Mock type-strain BLAST	Cryptococcus	Cryptococcus_neoformans	k__Fungi; p__Basidiomycota; c__Tremellomycetes; o__Tremellales; f__Tremellaceae; g__Cryptococcus; s__Cryptococcus_neoformans	fig4_q30_PE_cutadapt_unite_blast_top1_rescue	Cutadapt	PE	PE	Cutadapt
33ea755d5d779ed211481b54b94a9919	Mock type-strain BLAST	Cryptococcus	Cryptococcus_neoformans	k__Fungi; p__Basidiomycota; c__Tremellomycetes; o__Tremellales; f__Tremellaceae; g__Cryptococcus; s__Cryptococcus_neoformans	fig4_q30_PE_cutadapt_unite_blast_top1_rescue	Cutadapt	PE	PE	Cutadapt
343617d9697538489da301c11a5d82b6	Mock type-strain BLAST	Cutaneotrichosporon	Cutaneotrichosporon_dermatis	k__Fungi; p__Basidiomycota; c__Tremellomycetes; o__Trichosporonales; f__Trichosporonaceae; g__Cutaneotrichosporon; s__Cutaneotrichosporon_dermatis	fig4_q30_PE_cutadapt_unite_blast_top1_rescue	Cutadapt	PE	PE	Cutadapt
35a96f9e520fcaf4c32c441672576bdb	Mock type-strain BLAST	Cutaneotrichosporon	Cutaneotrichosporon_dermatis	k__Fungi; p__Basidiomycota; c__Tremellomycetes; o__Trichosporonales; f__Trichosporonaceae; g__Cutaneotrichosporon; s__Cutaneotrichosporon_dermatis	fig4_q30_PE_cutadapt_unite_blast_top1_rescue	Cutadapt	PE	PE	Cutadapt
36bb7a251b8db804102d55924be7ceb7	Mock type-strain BLAST	Cutaneotrichosporon	Cutaneotrichosporon_dermatis	k__Fungi; p__Basidiomycota; c__Tremellomycetes; o__Trichosporonales; f__Trichosporonaceae; g__Cutaneotrichosporon; s__Cutaneotrichosporon_dermatis	fig4_q30_PE_cutadapt_unite_blast_top1_rescue	Cutadapt	PE	PE	Cutadapt
37fd731965ed9f30a073fd330c34f19b	Mock type-strain BLAST	Nakaseomyces	Nakaseomyces_glabratus	k__Fungi; p__Ascomycota; c__Saccharomycetes; o__Saccharomycetales; f__Saccharomycetaceae; g__Nakaseomyces; s__Nakaseomyces_glabratus	fig4_q30_PE_cutadapt_unite_blast_top1_rescue	Cutadapt	PE	PE	Cutadapt
3a527d6363a858cbdb36b1403f9f7df7	Mock type-strain BLAST	Cutaneotrichosporon	Cutaneotrichosporon_dermatis	k__Fungi; p__Basidiomycota; c__Tremellomycetes; o__Trichosporonales; f__Trichosporonaceae; g__Cutaneotrichosporon; s__Cutaneotrichosporon_dermatis	fig4_q30_PE_cutadapt_unite_blast_top1_rescue	Cutadapt	PE	PE	Cutadapt
3ad5201997e575e30a33b0927c35159e	Mock type-strain BLAST	Penicillium	Penicillium_chrysogenum	k__Fungi; p__Ascomycota; c__Eurotiomycetes; o__Eurotiales; f__Aspergillaceae; g__Penicillium; s__Penicillium_chrysogenum	fig4_q30_PE_cutadapt_unite_blast_top1_rescue	Cutadapt	PE	PE	Cutadapt
3b4e11535ad357e303ef9030433d4713	Mock type-strain BLAST	Trichophyton	Trichophyton_interdigitale	k__Fungi; p__Ascomycota; c__Eurotiomycetes; o__Onygenales; f__Arthrodermataceae; g__Trichophyton; s__Trichophyton_interdigitale	fig4_q30_PE_cutadapt_unite_blast_top1_rescue	Cutadapt	PE	PE	Cutadapt
3b6a50bec08bd3931952ed31f36ea1fa	Mock type-strain BLAST	Nakaseomyces	Nakaseomyces_glabratus	k__Fungi; p__Ascomycota; c__Saccharomycetes; o__Saccharomycetales; f__Saccharomycetaceae; g__Nakaseomyces; s__Nakaseomyces_glabratus	fig4_q30_PE_cutadapt_unite_blast_top1_rescue	Cutadapt	PE	PE	Cutadapt
3c179d3523313fe7a2e2ea3ef9be1cab	Mock type-strain BLAST	Aspergillus	Aspergillus_fumigatus	k__Fungi; p__Ascomycota; c__Eurotiomycetes; o__Eurotiales; f__Aspergillaceae; g__Aspergillus; s__Aspergillus_fumigatus	fig4_q30_PE_cutadapt_unite_blast_top1_rescue	Cutadapt	PE	PE	Cutadapt
3c3ad52280ae901c819f286ea37e0bb3	Mock type-strain BLAST	Trichophyton	Trichophyton_interdigitale	k__Fungi; p__Ascomycota; c__Eurotiomycetes; o__Onygenales; f__Arthrodermataceae; g__Trichophyton; s__Trichophyton_interdigitale	fig4_q30_PE_cutadapt_unite_blast_top1_rescue	Cutadapt	PE	PE	Cutadapt
3cb7182b23e66c4a1e3a662df7eff540	Mock type-strain BLAST	Saccharomyces	Saccharomyces_cerevisiae	k__Fungi; p__Ascomycota; c__Saccharomycetes; o__Saccharomycetales; f__Saccharomycetaceae; g__Saccharomyces; s__Saccharomyces_cerevisiae	fig4_q30_PE_cutadapt_unite_blast_top1_rescue	Cutadapt	PE	PE	Cutadapt
3cf141483bd7591f4ba51ec258455287	Mock type-strain BLAST	Trichophyton	Trichophyton_interdigitale	k__Fungi; p__Ascomycota; c__Eurotiomycetes; o__Onygenales; f__Arthrodermataceae; g__Trichophyton; s__Trichophyton_interdigitale	fig4_q30_PE_cutadapt_unite_blast_top1_rescue	Cutadapt	PE	PE	Cutadapt
3d20affbd4fdca37e202d916e1b449e9	Mock type-strain BLAST	Fusarium	Fusarium_keratoplasticum	k__Fungi; p__Ascomycota; c__Sordariomycetes; o__Hypocreales; f__Nectriaceae; g__Fusarium; s__Fusarium_keratoplasticum	fig4_q30_PE_cutadapt_unite_blast_top1_rescue	Cutadapt	PE	PE	Cutadapt
3d70ec70dc3495e97569bc5f82356e79	Mock type-strain BLAST	Penicillium	Penicillium_chrysogenum	k__Fungi; p__Ascomycota; c__Eurotiomycetes; o__Eurotiales; f__Aspergillaceae; g__Penicillium; s__Penicillium_chrysogenum	fig4_q30_PE_cutadapt_unite_blast_top1_rescue	Cutadapt	PE	PE	Cutadapt
3da800126d9b7c1f05fa15feb7cd6c42	Mock type-strain BLAST	Cutaneotrichosporon	Cutaneotrichosporon_dermatis	k__Fungi; p__Basidiomycota; c__Tremellomycetes; o__Trichosporonales; f__Trichosporonaceae; g__Cutaneotrichosporon; s__Cutaneotrichosporon_dermatis	fig4_q30_PE_cutadapt_unite_blast_top1_rescue	Cutadapt	PE	PE	Cutadapt
3dd71b10d0b8f04b121398f33b1ed917	Mock type-strain BLAST	Fusarium	Fusarium_keratoplasticum	k__Fungi; p__Ascomycota; c__Sordariomycetes; o__Hypocreales; f__Nectriaceae; g__Fusarium; s__Fusarium_keratoplasticum	fig4_q30_PE_cutadapt_unite_blast_top1_rescue	Cutadapt	PE	PE	Cutadapt
3eaa552b715fdc7aa8d3485858928c6c	Mock type-strain BLAST	Aspergillus	Aspergillus_fumigatus	k__Fungi; p__Ascomycota; c__Eurotiomycetes; o__Eurotiales; f__Aspergillaceae; g__Aspergillus; s__Aspergillus_fumigatus	fig4_q30_PE_cutadapt_unite_blast_top1_rescue	Cutadapt	PE	PE	Cutadapt
3eab78c489c453c266d9f7f00ff7a306	Mock type-strain BLAST	Saccharomyces	Saccharomyces_cerevisiae	k__Fungi; p__Ascomycota; c__Saccharomycetes; o__Saccharomycetales; f__Saccharomycetaceae; g__Saccharomyces; s__Saccharomyces_cerevisiae	fig4_q30_PE_cutadapt_unite_blast_top1_rescue	Cutadapt	PE	PE	Cutadapt
3ee5b4735ff168cd1b6a7193563a859b	Mock type-strain BLAST	Cryptococcus	Cryptococcus_neoformans	k__Fungi; p__Basidiomycota; c__Tremellomycetes; o__Tremellales; f__Tremellaceae; g__Cryptococcus; s__Cryptococcus_neoformans	fig4_q30_PE_cutadapt_unite_blast_top1_rescue	Cutadapt	PE	PE	Cutadapt
3ef930b55e2179db9e69a5023d604394	Mock type-strain BLAST	Aspergillus	Aspergillus_fumigatus	k__Fungi; p__Ascomycota; c__Eurotiomycetes; o__Eurotiales; f__Aspergillaceae; g__Aspergillus; s__Aspergillus_fumigatus	fig4_q30_PE_cutadapt_unite_blast_top1_rescue	Cutadapt	PE	PE	Cutadapt
3fc64d4054e1ba29068b0e64f66a9df4	Mock type-strain BLAST	Trichophyton	Trichophyton_interdigitale	k__Fungi; p__Ascomycota; c__Eurotiomycetes; o__Onygenales; f__Arthrodermataceae; g__Trichophyton; s__Trichophyton_interdigitale	fig4_q30_PE_cutadapt_unite_blast_top1_rescue	Cutadapt	PE	PE	Cutadapt
40210b03d60063aa9a1cb1a1c65fbb24	Mock type-strain BLAST	Aspergillus	Aspergillus_fumigatus	k__Fungi; p__Ascomycota; c__Eurotiomycetes; o__Eurotiales; f__Aspergillaceae; g__Aspergillus; s__Aspergillus_fumigatus	fig4_q30_PE_cutadapt_unite_blast_top1_rescue	Cutadapt	PE	PE	Cutadapt
40c94f5b821ef65501c4b2efa39da6db	Mock type-strain BLAST	Cutaneotrichosporon	Cutaneotrichosporon_dermatis	k__Fungi; p__Basidiomycota; c__Tremellomycetes; o__Trichosporonales; f__Trichosporonaceae; g__Cutaneotrichosporon; s__Cutaneotrichosporon_dermatis	fig4_q30_PE_cutadapt_unite_blast_top1_rescue	Cutadapt	PE	PE	Cutadapt
414db13a7edea047edada196ef86d1db	Mock type-strain BLAST	Nakaseomyces	Nakaseomyces_glabratus	k__Fungi; p__Ascomycota; c__Saccharomycetes; o__Saccharomycetales; f__Saccharomycetaceae; g__Nakaseomyces; s__Nakaseomyces_glabratus	fig4_q30_PE_cutadapt_unite_blast_top1_rescue	Cutadapt	PE	PE	Cutadapt
4161c7222171a84b64f908d3ea32728d	Mock type-strain BLAST	Cutaneotrichosporon	Cutaneotrichosporon_dermatis	k__Fungi; p__Basidiomycota; c__Tremellomycetes; o__Trichosporonales; f__Trichosporonaceae; g__Cutaneotrichosporon; s__Cutaneotrichosporon_dermatis	fig4_q30_PE_cutadapt_unite_blast_top1_rescue	Cutadapt	PE	PE	Cutadapt
429bcc81ef1faa02997413b774540036	Mock type-strain BLAST	Aspergillus	Aspergillus_fumigatus	k__Fungi; p__Ascomycota; c__Eurotiomycetes; o__Eurotiales; f__Aspergillaceae; g__Aspergillus; s__Aspergillus_fumigatus	fig4_q30_PE_cutadapt_unite_blast_top1_rescue	Cutadapt	PE	PE	Cutadapt
42d8b80b62a028d308d496be03ddc17e	Mock type-strain BLAST	Saccharomyces	Saccharomyces_cerevisiae	k__Fungi; p__Ascomycota; c__Saccharomycetes; o__Saccharomycetales; f__Saccharomycetaceae; g__Saccharomyces; s__Saccharomyces_cerevisiae	fig4_q30_PE_cutadapt_unite_blast_top1_rescue	Cutadapt	PE	PE	Cutadapt
43da86f7221f3f1ae0c3c676f634c5b4	Mock type-strain BLAST	Fusarium	Fusarium_keratoplasticum	k__Fungi; p__Ascomycota; c__Sordariomycetes; o__Hypocreales; f__Nectriaceae; g__Fusarium; s__Fusarium_keratoplasticum	fig4_q30_PE_cutadapt_unite_blast_top1_rescue	Cutadapt	PE	PE	Cutadapt
44b6ea5ad2db0f4f7eeaebad701b8ff3	Mock type-strain BLAST	Cutaneotrichosporon	Cutaneotrichosporon_dermatis	k__Fungi; p__Basidiomycota; c__Tremellomycetes; o__Trichosporonales; f__Trichosporonaceae; g__Cutaneotrichosporon; s__Cutaneotrichosporon_dermatis	fig4_q30_PE_cutadapt_unite_blast_top1_rescue	Cutadapt	PE	PE	Cutadapt
44f63ce58e8859e2fd95aa59ec000aac	Mock type-strain BLAST	Cryptococcus	Cryptococcus_neoformans	k__Fungi; p__Basidiomycota; c__Tremellomycetes; o__Tremellales; f__Tremellaceae; g__Cryptococcus; s__Cryptococcus_neoformans	fig4_q30_PE_cutadapt_unite_blast_top1_rescue	Cutadapt	PE	PE	Cutadapt
4539f96340bbdd30f7074996b09675d4	Mock type-strain BLAST	Nakaseomyces	Nakaseomyces_glabratus	k__Fungi; p__Ascomycota; c__Saccharomycetes; o__Saccharomycetales; f__Saccharomycetaceae; g__Nakaseomyces; s__Nakaseomyces_glabratus	fig4_q30_PE_cutadapt_unite_blast_top1_rescue	Cutadapt	PE	PE	Cutadapt
467fd7fdc68ec2bc3ff68ce05b78ab34	Mock type-strain BLAST	Cutaneotrichosporon	Cutaneotrichosporon_dermatis	k__Fungi; p__Basidiomycota; c__Tremellomycetes; o__Trichosporonales; f__Trichosporonaceae; g__Cutaneotrichosporon; s__Cutaneotrichosporon_dermatis	fig4_q30_PE_cutadapt_unite_blast_top1_rescue	Cutadapt	PE	PE	Cutadapt
48076d777be0f231b8ab42722e0d5ea9	Mock type-strain BLAST	Saccharomyces	Saccharomyces_cerevisiae	k__Fungi; p__Ascomycota; c__Saccharomycetes; o__Saccharomycetales; f__Saccharomycetaceae; g__Saccharomyces; s__Saccharomyces_cerevisiae	fig4_q30_PE_cutadapt_unite_blast_top1_rescue	Cutadapt	PE	PE	Cutadapt
483028ff24e4f601e06ded031e01d11a	Mock type-strain BLAST	Cutaneotrichosporon	Cutaneotrichosporon_dermatis	k__Fungi; p__Basidiomycota; c__Tremellomycetes; o__Trichosporonales; f__Trichosporonaceae; g__Cutaneotrichosporon; s__Cutaneotrichosporon_dermatis	fig4_q30_PE_cutadapt_unite_blast_top1_rescue	Cutadapt	PE	PE	Cutadapt
489bc5e89193d4fe9dfdd84adf0546b3	Mock type-strain BLAST	Cutaneotrichosporon	Cutaneotrichosporon_dermatis	k__Fungi; p__Basidiomycota; c__Tremellomycetes; o__Trichosporonales; f__Trichosporonaceae; g__Cutaneotrichosporon; s__Cutaneotrichosporon_dermatis	fig4_q30_PE_cutadapt_unite_blast_top1_rescue	Cutadapt	PE	PE	Cutadapt
493f6991a7aac555ad9c841b1e46c0ec	Mock type-strain BLAST	Saccharomyces	Saccharomyces_cerevisiae	k__Fungi; p__Ascomycota; c__Saccharomycetes; o__Saccharomycetales; f__Saccharomycetaceae; g__Saccharomyces; s__Saccharomyces_cerevisiae	fig4_q30_PE_cutadapt_unite_blast_top1_rescue	Cutadapt	PE	PE	Cutadapt
49571ba106c5eaf7edcc41ad9aabb51c	Mock type-strain BLAST	Penicillium	Penicillium_chrysogenum	k__Fungi; p__Ascomycota; c__Eurotiomycetes; o__Eurotiales; f__Aspergillaceae; g__Penicillium; s__Penicillium_chrysogenum	fig4_q30_PE_cutadapt_unite_blast_top1_rescue	Cutadapt	PE	PE	Cutadapt
4957da039270f4d9dd22369b1564cc19	Mock type-strain BLAST	Nakaseomyces	Nakaseomyces_glabratus	k__Fungi; p__Ascomycota; c__Saccharomycetes; o__Saccharomycetales; f__Saccharomycetaceae; g__Nakaseomyces; s__Nakaseomyces_glabratus	fig4_q30_PE_cutadapt_unite_blast_top1_rescue	Cutadapt	PE	PE	Cutadapt
49a3e816a50dc0d518ef46b38d94ddb4	Mock type-strain BLAST	Aspergillus	Aspergillus_fumigatus	k__Fungi; p__Ascomycota; c__Eurotiomycetes; o__Eurotiales; f__Aspergillaceae; g__Aspergillus; s__Aspergillus_fumigatus	fig4_q30_PE_cutadapt_unite_blast_top1_rescue	Cutadapt	PE	PE	Cutadapt
49bcc97c03a0653cb80f79c2c5f8b19a	Mock type-strain BLAST	Candida	Candida_albicans	k__Fungi; p__Ascomycota; c__Saccharomycetes; o__Saccharomycetales; f__Debaryomycetaceae; g__Candida; s__Candida_albicans	fig4_q30_PE_cutadapt_unite_blast_top1_rescue	Cutadapt	PE	PE	Cutadapt
49e42f543450b3655fa635095b6a84e5	Mock type-strain BLAST	Nakaseomyces	Nakaseomyces_glabratus	k__Fungi; p__Ascomycota; c__Saccharomycetes; o__Saccharomycetales; f__Saccharomycetaceae; g__Nakaseomyces; s__Nakaseomyces_glabratus	fig4_q30_PE_cutadapt_unite_blast_top1_rescue	Cutadapt	PE	PE	Cutadapt
4b54985ad5446341d5ff07722207c144	Mock type-strain BLAST	Aspergillus	Aspergillus_fumigatus	k__Fungi; p__Ascomycota; c__Eurotiomycetes; o__Eurotiales; f__Aspergillaceae; g__Aspergillus; s__Aspergillus_fumigatus	fig4_q30_PE_cutadapt_unite_blast_top1_rescue	Cutadapt	PE	PE	Cutadapt
4b5579bef6f79e98d1ff9397bb7673ce	Mock type-strain BLAST	Cutaneotrichosporon	Cutaneotrichosporon_dermatis	k__Fungi; p__Basidiomycota; c__Tremellomycetes; o__Trichosporonales; f__Trichosporonaceae; g__Cutaneotrichosporon; s__Cutaneotrichosporon_dermatis	fig4_q30_PE_cutadapt_unite_blast_top1_rescue	Cutadapt	PE	PE	Cutadapt
4c1a21b88f8f585d285a06ad0af7725c	Mock type-strain BLAST	Penicillium	Penicillium_chrysogenum	k__Fungi; p__Ascomycota; c__Eurotiomycetes; o__Eurotiales; f__Aspergillaceae; g__Penicillium; s__Penicillium_chrysogenum	fig4_q30_PE_cutadapt_unite_blast_top1_rescue	Cutadapt	PE	PE	Cutadapt
4c66ae20b90bfd65449bcb4d6a759a03	Mock type-strain BLAST	Candida	Candida_albicans	k__Fungi; p__Ascomycota; c__Saccharomycetes; o__Saccharomycetales; f__Debaryomycetaceae; g__Candida; s__Candida_albicans	fig4_q30_PE_cutadapt_unite_blast_top1_rescue	Cutadapt	PE	PE	Cutadapt
4cec1c35ec0504a1e410d8aed292dd5e	Mock type-strain BLAST	Aspergillus	Aspergillus_fumigatus	k__Fungi; p__Ascomycota; c__Eurotiomycetes; o__Eurotiales; f__Aspergillaceae; g__Aspergillus; s__Aspergillus_fumigatus	fig4_q30_PE_cutadapt_unite_blast_top1_rescue	Cutadapt	PE	PE	Cutadapt
4cff35afcd49a22c48b68822945290d1	Mock type-strain BLAST	Trichophyton	Trichophyton_interdigitale	k__Fungi; p__Ascomycota; c__Eurotiomycetes; o__Onygenales; f__Arthrodermataceae; g__Trichophyton; s__Trichophyton_interdigitale	fig4_q30_PE_cutadapt_unite_blast_top1_rescue	Cutadapt	PE	PE	Cutadapt
4d5cb465f36e34a074f27d4dd53f2b2d	Mock type-strain BLAST	Aspergillus	Aspergillus_fumigatus	k__Fungi; p__Ascomycota; c__Eurotiomycetes; o__Eurotiales; f__Aspergillaceae; g__Aspergillus; s__Aspergillus_fumigatus	fig4_q30_PE_cutadapt_unite_blast_top1_rescue	Cutadapt	PE	PE	Cutadapt
4e28595eb5c6e8086f94ad08d17e3bd1	Mock type-strain BLAST	Penicillium	Penicillium_chrysogenum	k__Fungi; p__Ascomycota; c__Eurotiomycetes; o__Eurotiales; f__Aspergillaceae; g__Penicillium; s__Penicillium_chrysogenum	fig4_q30_PE_cutadapt_unite_blast_top1_rescue	Cutadapt	PE	PE	Cutadapt
4e64c1e73420427b8cb13f30a0a6ab7a	Mock type-strain BLAST	Aspergillus	Aspergillus_fumigatus	k__Fungi; p__Ascomycota; c__Eurotiomycetes; o__Eurotiales; f__Aspergillaceae; g__Aspergillus; s__Aspergillus_fumigatus	fig4_q30_PE_cutadapt_unite_blast_top1_rescue	Cutadapt	PE	PE	Cutadapt
4ecc63232ae7a35c72123a89208ccd2e	Mock type-strain BLAST	Saccharomyces	Saccharomyces_cerevisiae	k__Fungi; p__Ascomycota; c__Saccharomycetes; o__Saccharomycetales; f__Saccharomycetaceae; g__Saccharomyces; s__Saccharomyces_cerevisiae	fig4_q30_PE_cutadapt_unite_blast_top1_rescue	Cutadapt	PE	PE	Cutadapt
4f64f4d8332a80d95d2636365ec9ce6f	Mock type-strain BLAST	Cutaneotrichosporon	Cutaneotrichosporon_dermatis	k__Fungi; p__Basidiomycota; c__Tremellomycetes; o__Trichosporonales; f__Trichosporonaceae; g__Cutaneotrichosporon; s__Cutaneotrichosporon_dermatis	fig4_q30_PE_cutadapt_unite_blast_top1_rescue	Cutadapt	PE	PE	Cutadapt
505e8cc5528f6813a8ba55549fb87686	Mock type-strain BLAST	Nakaseomyces	Nakaseomyces_glabratus	k__Fungi; p__Ascomycota; c__Saccharomycetes; o__Saccharomycetales; f__Saccharomycetaceae; g__Nakaseomyces; s__Nakaseomyces_glabratus	fig4_q30_PE_cutadapt_unite_blast_top1_rescue	Cutadapt	PE	PE	Cutadapt
50629e38a5bac7973130accf256c91f1	Mock type-strain BLAST	Fusarium	Fusarium_keratoplasticum	k__Fungi; p__Ascomycota; c__Sordariomycetes; o__Hypocreales; f__Nectriaceae; g__Fusarium; s__Fusarium_keratoplasticum	fig4_q30_PE_cutadapt_unite_blast_top1_rescue	Cutadapt	PE	PE	Cutadapt
50e29a0983b9c1a46afd399477503736	Mock type-strain BLAST	Nakaseomyces	Nakaseomyces_glabratus	k__Fungi; p__Ascomycota; c__Saccharomycetes; o__Saccharomycetales; f__Saccharomycetaceae; g__Nakaseomyces; s__Nakaseomyces_glabratus	fig4_q30_PE_cutadapt_unite_blast_top1_rescue	Cutadapt	PE	PE	Cutadapt
50f4af150db8ec540493d2a0bf932341	Mock type-strain BLAST	Cryptococcus	Cryptococcus_neoformans	k__Fungi; p__Basidiomycota; c__Tremellomycetes; o__Tremellales; f__Tremellaceae; g__Cryptococcus; s__Cryptococcus_neoformans	fig4_q30_PE_cutadapt_unite_blast_top1_rescue	Cutadapt	PE	PE	Cutadapt
51a982396cf2a0411b8d9b98cd55f672	Mock type-strain BLAST	Candida	Candida_albicans	k__Fungi; p__Ascomycota; c__Saccharomycetes; o__Saccharomycetales; f__Debaryomycetaceae; g__Candida; s__Candida_albicans	fig4_q30_PE_cutadapt_unite_blast_top1_rescue	Cutadapt	PE	PE	Cutadapt
51a98b7c5c93c54bda10caad99c364b6	Mock type-strain BLAST	Cutaneotrichosporon	Cutaneotrichosporon_dermatis	k__Fungi; p__Basidiomycota; c__Tremellomycetes; o__Trichosporonales; f__Trichosporonaceae; g__Cutaneotrichosporon; s__Cutaneotrichosporon_dermatis	fig4_q30_PE_cutadapt_unite_blast_top1_rescue	Cutadapt	PE	PE	Cutadapt
529773f8e657ea61f96deda99c494873	Mock type-strain BLAST	Nakaseomyces	Nakaseomyces_glabratus	k__Fungi; p__Ascomycota; c__Saccharomycetes; o__Saccharomycetales; f__Saccharomycetaceae; g__Nakaseomyces; s__Nakaseomyces_glabratus	fig4_q30_PE_cutadapt_unite_blast_top1_rescue	Cutadapt	PE	PE	Cutadapt
52c2647fcfc1edfae9d7f91c8120c7be	Mock type-strain BLAST	Cryptococcus	Cryptococcus_neoformans	k__Fungi; p__Basidiomycota; c__Tremellomycetes; o__Tremellales; f__Tremellaceae; g__Cryptococcus; s__Cryptococcus_neoformans	fig4_q30_PE_cutadapt_unite_blast_top1_rescue	Cutadapt	PE	PE	Cutadapt
533388903b34a5fd264b5621ff9da2dd	Mock type-strain BLAST	Trichophyton	Trichophyton_interdigitale	k__Fungi; p__Ascomycota; c__Eurotiomycetes; o__Onygenales; f__Arthrodermataceae; g__Trichophyton; s__Trichophyton_interdigitale	fig4_q30_PE_cutadapt_unite_blast_top1_rescue	Cutadapt	PE	PE	Cutadapt
53e003cae5cc021112cb7b0c3ec680ec	Mock type-strain BLAST	Penicillium	Penicillium_chrysogenum	k__Fungi; p__Ascomycota; c__Eurotiomycetes; o__Eurotiales; f__Aspergillaceae; g__Penicillium; s__Penicillium_chrysogenum	fig4_q30_PE_cutadapt_unite_blast_top1_rescue	Cutadapt	PE	PE	Cutadapt
546d990a90f7a2a349d951836ff0f2fd	Mock type-strain BLAST	Cryptococcus	Cryptococcus_neoformans	k__Fungi; p__Basidiomycota; c__Tremellomycetes; o__Tremellales; f__Tremellaceae; g__Cryptococcus; s__Cryptococcus_neoformans	fig4_q30_PE_cutadapt_unite_blast_top1_rescue	Cutadapt	PE	PE	Cutadapt
54a9657d58d6908639ab20f13473c550	Mock type-strain BLAST	Aspergillus	Aspergillus_fumigatus	k__Fungi; p__Ascomycota; c__Eurotiomycetes; o__Eurotiales; f__Aspergillaceae; g__Aspergillus; s__Aspergillus_fumigatus	fig4_q30_PE_cutadapt_unite_blast_top1_rescue	Cutadapt	PE	PE	Cutadapt
55095aa38dc46f1e8131c392a0df9241	Mock type-strain BLAST	Cryptococcus	Cryptococcus_neoformans	k__Fungi; p__Basidiomycota; c__Tremellomycetes; o__Tremellales; f__Tremellaceae; g__Cryptococcus; s__Cryptococcus_neoformans	fig4_q30_PE_cutadapt_unite_blast_top1_rescue	Cutadapt	PE	PE	Cutadapt
55e72fb625f146ef1f9405078ed9eb83	Mock type-strain BLAST	Aspergillus	Aspergillus_fumigatus	k__Fungi; p__Ascomycota; c__Eurotiomycetes; o__Eurotiales; f__Aspergillaceae; g__Aspergillus; s__Aspergillus_fumigatus	fig4_q30_PE_cutadapt_unite_blast_top1_rescue	Cutadapt	PE	PE	Cutadapt
55f94a753a4f27fc03739231cebbf40d	Mock type-strain BLAST	Nakaseomyces	Nakaseomyces_glabratus	k__Fungi; p__Ascomycota; c__Saccharomycetes; o__Saccharomycetales; f__Saccharomycetaceae; g__Nakaseomyces; s__Nakaseomyces_glabratus	fig4_q30_PE_cutadapt_unite_blast_top1_rescue	Cutadapt	PE	PE	Cutadapt
56400a68c14dd4ec158ee81d130bd69c	Mock type-strain BLAST	Penicillium	Penicillium_chrysogenum	k__Fungi; p__Ascomycota; c__Eurotiomycetes; o__Eurotiales; f__Aspergillaceae; g__Penicillium; s__Penicillium_chrysogenum	fig4_q30_PE_cutadapt_unite_blast_top1_rescue	Cutadapt	PE	PE	Cutadapt
570f764a5084a41650f1c49d6f3fd466	Mock type-strain BLAST	Cryptococcus	Cryptococcus_neoformans	k__Fungi; p__Basidiomycota; c__Tremellomycetes; o__Tremellales; f__Tremellaceae; g__Cryptococcus; s__Cryptococcus_neoformans	fig4_q30_PE_cutadapt_unite_blast_top1_rescue	Cutadapt	PE	PE	Cutadapt
590132bd07b175817d210a561f31a4a7	Mock type-strain BLAST	Trichophyton	Trichophyton_interdigitale	k__Fungi; p__Ascomycota; c__Eurotiomycetes; o__Onygenales; f__Arthrodermataceae; g__Trichophyton; s__Trichophyton_interdigitale	fig4_q30_PE_cutadapt_unite_blast_top1_rescue	Cutadapt	PE	PE	Cutadapt
59518884a6394f163c1fd8bf32724986	Mock type-strain BLAST	Nakaseomyces	Nakaseomyces_glabratus	k__Fungi; p__Ascomycota; c__Saccharomycetes; o__Saccharomycetales; f__Saccharomycetaceae; g__Nakaseomyces; s__Nakaseomyces_glabratus	fig4_q30_PE_cutadapt_unite_blast_top1_rescue	Cutadapt	PE	PE	Cutadapt
59b0265e4dc737bee8126e3b843b6011	Mock type-strain BLAST	Cryptococcus	Cryptococcus_neoformans	k__Fungi; p__Basidiomycota; c__Tremellomycetes; o__Tremellales; f__Tremellaceae; g__Cryptococcus; s__Cryptococcus_neoformans	fig4_q30_PE_cutadapt_unite_blast_top1_rescue	Cutadapt	PE	PE	Cutadapt
59d799f495532ebead030eed7bf2f83b	Mock type-strain BLAST	Cutaneotrichosporon	Cutaneotrichosporon_dermatis	k__Fungi; p__Basidiomycota; c__Tremellomycetes; o__Trichosporonales; f__Trichosporonaceae; g__Cutaneotrichosporon; s__Cutaneotrichosporon_dermatis	fig4_q30_PE_cutadapt_unite_blast_top1_rescue	Cutadapt	PE	PE	Cutadapt
5a1347579b6378c186b1571a290bb9d4	Mock type-strain BLAST	Cutaneotrichosporon	Cutaneotrichosporon_dermatis	k__Fungi; p__Basidiomycota; c__Tremellomycetes; o__Trichosporonales; f__Trichosporonaceae; g__Cutaneotrichosporon; s__Cutaneotrichosporon_dermatis	fig4_q30_PE_cutadapt_unite_blast_top1_rescue	Cutadapt	PE	PE	Cutadapt
5a3d239f7ef2ab837d7336056dfb1edb	Mock type-strain BLAST	Malassezia	Malassezia_globosa	k__Fungi; p__Basidiomycota; c__Malasseziomycetes; o__Malasseziales; f__Malasseziaceae; g__Malassezia; s__Malassezia_globosa	fig4_q30_PE_cutadapt_unite_blast_top1_rescue	Cutadapt	PE	PE	Cutadapt
5a76779a9b28c5e5452a22a45442766d	Mock type-strain BLAST	Candida	Candida_albicans	k__Fungi; p__Ascomycota; c__Saccharomycetes; o__Saccharomycetales; f__Debaryomycetaceae; g__Candida; s__Candida_albicans	fig4_q30_PE_cutadapt_unite_blast_top1_rescue	Cutadapt	PE	PE	Cutadapt
5c51cdf8de3c7b6aa78fc4cf2bcaeab3	Mock type-strain BLAST	Cryptococcus	Cryptococcus_neoformans	k__Fungi; p__Basidiomycota; c__Tremellomycetes; o__Tremellales; f__Tremellaceae; g__Cryptococcus; s__Cryptococcus_neoformans	fig4_q30_PE_cutadapt_unite_blast_top1_rescue	Cutadapt	PE	PE	Cutadapt
5d5c68762a61289edf822ec0e8f464a8	Mock type-strain BLAST	Candida	Candida_albicans	k__Fungi; p__Ascomycota; c__Saccharomycetes; o__Saccharomycetales; f__Debaryomycetaceae; g__Candida; s__Candida_albicans	fig4_q30_PE_cutadapt_unite_blast_top1_rescue	Cutadapt	PE	PE	Cutadapt
5d9802182df7538d2c6be1cdfeb85659	Mock type-strain BLAST	Candida	Candida_albicans	k__Fungi; p__Ascomycota; c__Saccharomycetes; o__Saccharomycetales; f__Debaryomycetaceae; g__Candida; s__Candida_albicans	fig4_q30_PE_cutadapt_unite_blast_top1_rescue	Cutadapt	PE	PE	Cutadapt
5dda9a089382440ef931ad4ff5e8ffbb	Mock type-strain BLAST	Cutaneotrichosporon	Cutaneotrichosporon_dermatis	k__Fungi; p__Basidiomycota; c__Tremellomycetes; o__Trichosporonales; f__Trichosporonaceae; g__Cutaneotrichosporon; s__Cutaneotrichosporon_dermatis	fig4_q30_PE_cutadapt_unite_blast_top1_rescue	Cutadapt	PE	PE	Cutadapt
5e2c12eecbfdf3fff3b2b65482b499c7	Mock type-strain BLAST	Aspergillus	Aspergillus_fumigatus	k__Fungi; p__Ascomycota; c__Eurotiomycetes; o__Eurotiales; f__Aspergillaceae; g__Aspergillus; s__Aspergillus_fumigatus	fig4_q30_PE_cutadapt_unite_blast_top1_rescue	Cutadapt	PE	PE	Cutadapt
5e4b1923571b29530a629c7fba5ec555	Mock type-strain BLAST	Cutaneotrichosporon	Cutaneotrichosporon_dermatis	k__Fungi; p__Basidiomycota; c__Tremellomycetes; o__Trichosporonales; f__Trichosporonaceae; g__Cutaneotrichosporon; s__Cutaneotrichosporon_dermatis	fig4_q30_PE_cutadapt_unite_blast_top1_rescue	Cutadapt	PE	PE	Cutadapt
5f3fefa03a0182a5670fb3083e2ad7f9	Mock type-strain BLAST	Cutaneotrichosporon	Cutaneotrichosporon_dermatis	k__Fungi; p__Basidiomycota; c__Tremellomycetes; o__Trichosporonales; f__Trichosporonaceae; g__Cutaneotrichosporon; s__Cutaneotrichosporon_dermatis	fig4_q30_PE_cutadapt_unite_blast_top1_rescue	Cutadapt	PE	PE	Cutadapt
61d8d693c2929788a39237ffcfa57ced	Mock type-strain BLAST	Saccharomyces	Saccharomyces_cerevisiae	k__Fungi; p__Ascomycota; c__Saccharomycetes; o__Saccharomycetales; f__Saccharomycetaceae; g__Saccharomyces; s__Saccharomyces_cerevisiae	fig4_q30_PE_cutadapt_unite_blast_top1_rescue	Cutadapt	PE	PE	Cutadapt
61dac92d18153645f1b7803b725f026e	Mock type-strain BLAST	Cryptococcus	Cryptococcus_neoformans	k__Fungi; p__Basidiomycota; c__Tremellomycetes; o__Tremellales; f__Tremellaceae; g__Cryptococcus; s__Cryptococcus_neoformans	fig4_q30_PE_cutadapt_unite_blast_top1_rescue	Cutadapt	PE	PE	Cutadapt
62b08cca041da3e87b78b282c6b70ffa	Mock type-strain BLAST	Saccharomyces	Saccharomyces_cerevisiae	k__Fungi; p__Ascomycota; c__Saccharomycetes; o__Saccharomycetales; f__Saccharomycetaceae; g__Saccharomyces; s__Saccharomyces_cerevisiae	fig4_q30_PE_cutadapt_unite_blast_top1_rescue	Cutadapt	PE	PE	Cutadapt
62eb88ee0b056d637cf1dec297286385	Mock type-strain BLAST	Aspergillus	Aspergillus_fumigatus	k__Fungi; p__Ascomycota; c__Eurotiomycetes; o__Eurotiales; f__Aspergillaceae; g__Aspergillus; s__Aspergillus_fumigatus	fig4_q30_PE_cutadapt_unite_blast_top1_rescue	Cutadapt	PE	PE	Cutadapt
62fabc748aba349f3ab0821df3e005b3	Mock type-strain BLAST	Cryptococcus	Cryptococcus_neoformans	k__Fungi; p__Basidiomycota; c__Tremellomycetes; o__Tremellales; f__Tremellaceae; g__Cryptococcus; s__Cryptococcus_neoformans	fig4_q30_PE_cutadapt_unite_blast_top1_rescue	Cutadapt	PE	PE	Cutadapt
639353bbf29e0f26b33b9c88db1892ec	Mock type-strain BLAST	Nakaseomyces	Nakaseomyces_glabratus	k__Fungi; p__Ascomycota; c__Saccharomycetes; o__Saccharomycetales; f__Saccharomycetaceae; g__Nakaseomyces; s__Nakaseomyces_glabratus	fig4_q30_PE_cutadapt_unite_blast_top1_rescue	Cutadapt	PE	PE	Cutadapt
63a2e674402c346299d4c1df81ed5836	Mock type-strain BLAST	Trichophyton	Trichophyton_interdigitale	k__Fungi; p__Ascomycota; c__Eurotiomycetes; o__Onygenales; f__Arthrodermataceae; g__Trichophyton; s__Trichophyton_interdigitale	fig4_q30_PE_cutadapt_unite_blast_top1_rescue	Cutadapt	PE	PE	Cutadapt
63e821fd9fdbf2d8444cbd74ace0344b	Mock type-strain BLAST	Fusarium	Fusarium_keratoplasticum	k__Fungi; p__Ascomycota; c__Sordariomycetes; o__Hypocreales; f__Nectriaceae; g__Fusarium; s__Fusarium_keratoplasticum	fig4_q30_PE_cutadapt_unite_blast_top1_rescue	Cutadapt	PE	PE	Cutadapt
63f1a87072986331d33badecc342608c	Mock type-strain BLAST	Saccharomyces	Saccharomyces_cerevisiae	k__Fungi; p__Ascomycota; c__Saccharomycetes; o__Saccharomycetales; f__Saccharomycetaceae; g__Saccharomyces; s__Saccharomyces_cerevisiae	fig4_q30_PE_cutadapt_unite_blast_top1_rescue	Cutadapt	PE	PE	Cutadapt
6401d7680fa55a18a47abe7d71030afd	Mock type-strain BLAST	Nakaseomyces	Nakaseomyces_glabratus	k__Fungi; p__Ascomycota; c__Saccharomycetes; o__Saccharomycetales; f__Saccharomycetaceae; g__Nakaseomyces; s__Nakaseomyces_glabratus	fig4_q30_PE_cutadapt_unite_blast_top1_rescue	Cutadapt	PE	PE	Cutadapt
651475140040092883fd5b3dd2f0873e	Mock type-strain BLAST	Penicillium	Penicillium_chrysogenum	k__Fungi; p__Ascomycota; c__Eurotiomycetes; o__Eurotiales; f__Aspergillaceae; g__Penicillium; s__Penicillium_chrysogenum	fig4_q30_PE_cutadapt_unite_blast_top1_rescue	Cutadapt	PE	PE	Cutadapt
653186fd067372dd2084721fb1479f53	Mock type-strain BLAST	Cryptococcus	Cryptococcus_neoformans	k__Fungi; p__Basidiomycota; c__Tremellomycetes; o__Tremellales; f__Tremellaceae; g__Cryptococcus; s__Cryptococcus_neoformans	fig4_q30_PE_cutadapt_unite_blast_top1_rescue	Cutadapt	PE	PE	Cutadapt
65bf2d1474808fbc3e29027139c0bc89	Mock type-strain BLAST	Aspergillus	Aspergillus_fumigatus	k__Fungi; p__Ascomycota; c__Eurotiomycetes; o__Eurotiales; f__Aspergillaceae; g__Aspergillus; s__Aspergillus_fumigatus	fig4_q30_PE_cutadapt_unite_blast_top1_rescue	Cutadapt	PE	PE	Cutadapt
665ad022321b70667403ddce0993eda4	Mock type-strain BLAST	Nakaseomyces	Nakaseomyces_glabratus	k__Fungi; p__Ascomycota; c__Saccharomycetes; o__Saccharomycetales; f__Saccharomycetaceae; g__Nakaseomyces; s__Nakaseomyces_glabratus	fig4_q30_PE_cutadapt_unite_blast_top1_rescue	Cutadapt	PE	PE	Cutadapt
68816968b3d097f59efc81d7e2e5709b	Mock type-strain BLAST	Cryptococcus	Cryptococcus_neoformans	k__Fungi; p__Basidiomycota; c__Tremellomycetes; o__Tremellales; f__Tremellaceae; g__Cryptococcus; s__Cryptococcus_neoformans	fig4_q30_PE_cutadapt_unite_blast_top1_rescue	Cutadapt	PE	PE	Cutadapt
68cf4b4b59982cc3e29ba6ce3db880c2	Mock type-strain BLAST	Nakaseomyces	Nakaseomyces_glabratus	k__Fungi; p__Ascomycota; c__Saccharomycetes; o__Saccharomycetales; f__Saccharomycetaceae; g__Nakaseomyces; s__Nakaseomyces_glabratus	fig4_q30_PE_cutadapt_unite_blast_top1_rescue	Cutadapt	PE	PE	Cutadapt
698241831931245ee5b614ffb602879b	Mock type-strain BLAST	Fusarium	Fusarium_keratoplasticum	k__Fungi; p__Ascomycota; c__Sordariomycetes; o__Hypocreales; f__Nectriaceae; g__Fusarium; s__Fusarium_keratoplasticum	fig4_q30_PE_cutadapt_unite_blast_top1_rescue	Cutadapt	PE	PE	Cutadapt
69d793556be28ee92a0658398e5b471c	Mock type-strain BLAST	Nakaseomyces	Nakaseomyces_glabratus	k__Fungi; p__Ascomycota; c__Saccharomycetes; o__Saccharomycetales; f__Saccharomycetaceae; g__Nakaseomyces; s__Nakaseomyces_glabratus	fig4_q30_PE_cutadapt_unite_blast_top1_rescue	Cutadapt	PE	PE	Cutadapt
6a488ebb19374e75ab8c1844bbafce8d	Mock type-strain BLAST	Trichophyton	Trichophyton_interdigitale	k__Fungi; p__Ascomycota; c__Eurotiomycetes; o__Onygenales; f__Arthrodermataceae; g__Trichophyton; s__Trichophyton_interdigitale	fig4_q30_PE_cutadapt_unite_blast_top1_rescue	Cutadapt	PE	PE	Cutadapt
6a5dc5c1af3f771d468b04f61b6916d3	Mock type-strain BLAST	Aspergillus	Aspergillus_fumigatus	k__Fungi; p__Ascomycota; c__Eurotiomycetes; o__Eurotiales; f__Aspergillaceae; g__Aspergillus; s__Aspergillus_fumigatus	fig4_q30_PE_cutadapt_unite_blast_top1_rescue	Cutadapt	PE	PE	Cutadapt
6a85b597c165c35ce6800d5abf5bbf07	Mock type-strain BLAST	Nakaseomyces	Nakaseomyces_glabratus	k__Fungi; p__Ascomycota; c__Saccharomycetes; o__Saccharomycetales; f__Saccharomycetaceae; g__Nakaseomyces; s__Nakaseomyces_glabratus	fig4_q30_PE_cutadapt_unite_blast_top1_rescue	Cutadapt	PE	PE	Cutadapt
6b37ace5f30e38cad6ca59d96f79d969	Mock type-strain BLAST	Cutaneotrichosporon	Cutaneotrichosporon_dermatis	k__Fungi; p__Basidiomycota; c__Tremellomycetes; o__Trichosporonales; f__Trichosporonaceae; g__Cutaneotrichosporon; s__Cutaneotrichosporon_dermatis	fig4_q30_PE_cutadapt_unite_blast_top1_rescue	Cutadapt	PE	PE	Cutadapt
6b4f5c8380f7afe17131a564daab247a	Mock type-strain BLAST	Cutaneotrichosporon	Cutaneotrichosporon_dermatis	k__Fungi; p__Basidiomycota; c__Tremellomycetes; o__Trichosporonales; f__Trichosporonaceae; g__Cutaneotrichosporon; s__Cutaneotrichosporon_dermatis	fig4_q30_PE_cutadapt_unite_blast_top1_rescue	Cutadapt	PE	PE	Cutadapt
6b8aaf1114108305afca11f0d57feed2	Mock type-strain BLAST	Saccharomyces	Saccharomyces_cerevisiae	k__Fungi; p__Ascomycota; c__Saccharomycetes; o__Saccharomycetales; f__Saccharomycetaceae; g__Saccharomyces; s__Saccharomyces_cerevisiae	fig4_q30_PE_cutadapt_unite_blast_top1_rescue	Cutadapt	PE	PE	Cutadapt
6c64590e8ec3b22dc5b0cc911ad3b68c	Mock type-strain BLAST	Fusarium	Fusarium_keratoplasticum	k__Fungi; p__Ascomycota; c__Sordariomycetes; o__Hypocreales; f__Nectriaceae; g__Fusarium; s__Fusarium_keratoplasticum	fig4_q30_PE_cutadapt_unite_blast_top1_rescue	Cutadapt	PE	PE	Cutadapt
6c6f38ebf80a8a9c7ca3c50dc2363d1f	Mock type-strain BLAST	Nakaseomyces	Nakaseomyces_glabratus	k__Fungi; p__Ascomycota; c__Saccharomycetes; o__Saccharomycetales; f__Saccharomycetaceae; g__Nakaseomyces; s__Nakaseomyces_glabratus	fig4_q30_PE_cutadapt_unite_blast_top1_rescue	Cutadapt	PE	PE	Cutadapt
6d1824cabce6d9f8ada12085fc62e3b5	Mock type-strain BLAST	Cryptococcus	Cryptococcus_neoformans	k__Fungi; p__Basidiomycota; c__Tremellomycetes; o__Tremellales; f__Tremellaceae; g__Cryptococcus; s__Cryptococcus_neoformans	fig4_q30_PE_cutadapt_unite_blast_top1_rescue	Cutadapt	PE	PE	Cutadapt
6d384cafc19065cc87fda307fc5edc62	Mock type-strain BLAST	Cutaneotrichosporon	Cutaneotrichosporon_dermatis	k__Fungi; p__Basidiomycota; c__Tremellomycetes; o__Trichosporonales; f__Trichosporonaceae; g__Cutaneotrichosporon; s__Cutaneotrichosporon_dermatis	fig4_q30_PE_cutadapt_unite_blast_top1_rescue	Cutadapt	PE	PE	Cutadapt
6d4463163d7baef1ffc030ac5434b8fa	Mock type-strain BLAST	Cutaneotrichosporon	Cutaneotrichosporon_dermatis	k__Fungi; p__Basidiomycota; c__Tremellomycetes; o__Trichosporonales; f__Trichosporonaceae; g__Cutaneotrichosporon; s__Cutaneotrichosporon_dermatis	fig4_q30_PE_cutadapt_unite_blast_top1_rescue	Cutadapt	PE	PE	Cutadapt
6e260a5a65f2e47329e92f8d5caeda51	Mock type-strain BLAST	Saccharomyces	Saccharomyces_cerevisiae	k__Fungi; p__Ascomycota; c__Saccharomycetes; o__Saccharomycetales; f__Saccharomycetaceae; g__Saccharomyces; s__Saccharomyces_cerevisiae	fig4_q30_PE_cutadapt_unite_blast_top1_rescue	Cutadapt	PE	PE	Cutadapt
6e5724e8d6c2ad61bf6e6dc69c270239	Mock type-strain BLAST	Aspergillus	Aspergillus_fumigatus	k__Fungi; p__Ascomycota; c__Eurotiomycetes; o__Eurotiales; f__Aspergillaceae; g__Aspergillus; s__Aspergillus_fumigatus	fig4_q30_PE_cutadapt_unite_blast_top1_rescue	Cutadapt	PE	PE	Cutadapt
6e6ea7eb9a05010549b1eb6b10e5b28a	Mock type-strain BLAST	Penicillium	Penicillium_chrysogenum	k__Fungi; p__Ascomycota; c__Eurotiomycetes; o__Eurotiales; f__Aspergillaceae; g__Penicillium; s__Penicillium_chrysogenum	fig4_q30_PE_cutadapt_unite_blast_top1_rescue	Cutadapt	PE	PE	Cutadapt
7040a2dcaf918f6a747f01f90867b3ea	Mock type-strain BLAST	Penicillium	Penicillium_chrysogenum	k__Fungi; p__Ascomycota; c__Eurotiomycetes; o__Eurotiales; f__Aspergillaceae; g__Penicillium; s__Penicillium_chrysogenum	fig4_q30_PE_cutadapt_unite_blast_top1_rescue	Cutadapt	PE	PE	Cutadapt
708fe7d9660f6d64ee5ba7114357ed41	Mock type-strain BLAST	Aspergillus	Aspergillus_fumigatus	k__Fungi; p__Ascomycota; c__Eurotiomycetes; o__Eurotiales; f__Aspergillaceae; g__Aspergillus; s__Aspergillus_fumigatus	fig4_q30_PE_cutadapt_unite_blast_top1_rescue	Cutadapt	PE	PE	Cutadapt
70cbce5d61cb2030b63c82c666f54081	Mock type-strain BLAST	Nakaseomyces	Nakaseomyces_glabratus	k__Fungi; p__Ascomycota; c__Saccharomycetes; o__Saccharomycetales; f__Saccharomycetaceae; g__Nakaseomyces; s__Nakaseomyces_glabratus	fig4_q30_PE_cutadapt_unite_blast_top1_rescue	Cutadapt	PE	PE	Cutadapt
70ff98b81e41acd4ca4c6621e2d3a7ed	Mock type-strain BLAST	Aspergillus	Aspergillus_fumigatus	k__Fungi; p__Ascomycota; c__Eurotiomycetes; o__Eurotiales; f__Aspergillaceae; g__Aspergillus; s__Aspergillus_fumigatus	fig4_q30_PE_cutadapt_unite_blast_top1_rescue	Cutadapt	PE	PE	Cutadapt
713d81a47c60f29f9ac478f9ed48fe0f	Mock type-strain BLAST	Aspergillus	Aspergillus_fumigatus	k__Fungi; p__Ascomycota; c__Eurotiomycetes; o__Eurotiales; f__Aspergillaceae; g__Aspergillus; s__Aspergillus_fumigatus	fig4_q30_PE_cutadapt_unite_blast_top1_rescue	Cutadapt	PE	PE	Cutadapt
71859ab7f1603ff9b3d59324e492f605	Mock type-strain BLAST	Cutaneotrichosporon	Cutaneotrichosporon_dermatis	k__Fungi; p__Basidiomycota; c__Tremellomycetes; o__Trichosporonales; f__Trichosporonaceae; g__Cutaneotrichosporon; s__Cutaneotrichosporon_dermatis	fig4_q30_PE_cutadapt_unite_blast_top1_rescue	Cutadapt	PE	PE	Cutadapt
71945500e145bbbd3a73efe58b4df3e6	Mock type-strain BLAST	Penicillium	Penicillium_chrysogenum	k__Fungi; p__Ascomycota; c__Eurotiomycetes; o__Eurotiales; f__Aspergillaceae; g__Penicillium; s__Penicillium_chrysogenum	fig4_q30_PE_cutadapt_unite_blast_top1_rescue	Cutadapt	PE	PE	Cutadapt
72698b1fcb1822c8e37cdd124ada9b17	Mock type-strain BLAST	Malassezia	Malassezia_globosa	k__Fungi; p__Basidiomycota; c__Malasseziomycetes; o__Malasseziales; f__Malasseziaceae; g__Malassezia; s__Malassezia_globosa	fig4_q30_PE_cutadapt_unite_blast_top1_rescue	Cutadapt	PE	PE	Cutadapt
727da6234c9362043da2e1abc6d319f7	Mock type-strain BLAST	Cryptococcus	Cryptococcus_neoformans	k__Fungi; p__Basidiomycota; c__Tremellomycetes; o__Tremellales; f__Tremellaceae; g__Cryptococcus; s__Cryptococcus_neoformans	fig4_q30_PE_cutadapt_unite_blast_top1_rescue	Cutadapt	PE	PE	Cutadapt
72b67bfcae18678bf980eddd36a9771a	Mock type-strain BLAST	Trichophyton	Trichophyton_interdigitale	k__Fungi; p__Ascomycota; c__Eurotiomycetes; o__Onygenales; f__Arthrodermataceae; g__Trichophyton; s__Trichophyton_interdigitale	fig4_q30_PE_cutadapt_unite_blast_top1_rescue	Cutadapt	PE	PE	Cutadapt
72dd57beba4abec6d0d494eb0718bc12	Mock type-strain BLAST	Cryptococcus	Cryptococcus_neoformans	k__Fungi; p__Basidiomycota; c__Tremellomycetes; o__Tremellales; f__Tremellaceae; g__Cryptococcus; s__Cryptococcus_neoformans	fig4_q30_PE_cutadapt_unite_blast_top1_rescue	Cutadapt	PE	PE	Cutadapt
7342e7108f710f266d9062bbf3415e43	Mock type-strain BLAST	Fusarium	Fusarium_keratoplasticum	k__Fungi; p__Ascomycota; c__Sordariomycetes; o__Hypocreales; f__Nectriaceae; g__Fusarium; s__Fusarium_keratoplasticum	fig4_q30_PE_cutadapt_unite_blast_top1_rescue	Cutadapt	PE	PE	Cutadapt
735b4ee401f3ba5f9cba26f586875eb9	Mock type-strain BLAST	Saccharomyces	Saccharomyces_cerevisiae	k__Fungi; p__Ascomycota; c__Saccharomycetes; o__Saccharomycetales; f__Saccharomycetaceae; g__Saccharomyces; s__Saccharomyces_cerevisiae	fig4_q30_PE_cutadapt_unite_blast_top1_rescue	Cutadapt	PE	PE	Cutadapt
73893c73559817285246302cf5b1f21a	Mock type-strain BLAST	Penicillium	Penicillium_chrysogenum	k__Fungi; p__Ascomycota; c__Eurotiomycetes; o__Eurotiales; f__Aspergillaceae; g__Penicillium; s__Penicillium_chrysogenum	fig4_q30_PE_cutadapt_unite_blast_top1_rescue	Cutadapt	PE	PE	Cutadapt
75119fa8298f5d6864c0d8f5795ae4ef	Mock type-strain BLAST	Candida	Candida_albicans	k__Fungi; p__Ascomycota; c__Saccharomycetes; o__Saccharomycetales; f__Debaryomycetaceae; g__Candida; s__Candida_albicans	fig4_q30_PE_cutadapt_unite_blast_top1_rescue	Cutadapt	PE	PE	Cutadapt
75a160ad822662d2f519cfde7d31cd06	Mock type-strain BLAST	Nakaseomyces	Nakaseomyces_glabratus	k__Fungi; p__Ascomycota; c__Saccharomycetes; o__Saccharomycetales; f__Saccharomycetaceae; g__Nakaseomyces; s__Nakaseomyces_glabratus	fig4_q30_PE_cutadapt_unite_blast_top1_rescue	Cutadapt	PE	PE	Cutadapt
763363ca587175a2a01b16bee819a51f	Mock type-strain BLAST	Nakaseomyces	Nakaseomyces_glabratus	k__Fungi; p__Ascomycota; c__Saccharomycetes; o__Saccharomycetales; f__Saccharomycetaceae; g__Nakaseomyces; s__Nakaseomyces_glabratus	fig4_q30_PE_cutadapt_unite_blast_top1_rescue	Cutadapt	PE	PE	Cutadapt
7790111cbadc0f985b36480bbe110813	Mock type-strain BLAST	Nakaseomyces	Nakaseomyces_glabratus	k__Fungi; p__Ascomycota; c__Saccharomycetes; o__Saccharomycetales; f__Saccharomycetaceae; g__Nakaseomyces; s__Nakaseomyces_glabratus	fig4_q30_PE_cutadapt_unite_blast_top1_rescue	Cutadapt	PE	PE	Cutadapt
77af6915246bc6753bf0513efd3804c2	Mock type-strain BLAST	Penicillium	Penicillium_chrysogenum	k__Fungi; p__Ascomycota; c__Eurotiomycetes; o__Eurotiales; f__Aspergillaceae; g__Penicillium; s__Penicillium_chrysogenum	fig4_q30_PE_cutadapt_unite_blast_top1_rescue	Cutadapt	PE	PE	Cutadapt
780933a320c8e557970d7d3bb1a87d12	Mock type-strain BLAST	Nakaseomyces	Nakaseomyces_glabratus	k__Fungi; p__Ascomycota; c__Saccharomycetes; o__Saccharomycetales; f__Saccharomycetaceae; g__Nakaseomyces; s__Nakaseomyces_glabratus	fig4_q30_PE_cutadapt_unite_blast_top1_rescue	Cutadapt	PE	PE	Cutadapt
7823e9cbfc207aa43d02f0fe7b042f1b	Mock type-strain BLAST	Fusarium	Fusarium_keratoplasticum	k__Fungi; p__Ascomycota; c__Sordariomycetes; o__Hypocreales; f__Nectriaceae; g__Fusarium; s__Fusarium_keratoplasticum	fig4_q30_PE_cutadapt_unite_blast_top1_rescue	Cutadapt	PE	PE	Cutadapt
784787765efbbce1fdb6980c8b2d0d82	Mock type-strain BLAST	Fusarium	Fusarium_keratoplasticum	k__Fungi; p__Ascomycota; c__Sordariomycetes; o__Hypocreales; f__Nectriaceae; g__Fusarium; s__Fusarium_keratoplasticum	fig4_q30_PE_cutadapt_unite_blast_top1_rescue	Cutadapt	PE	PE	Cutadapt
7a10d75f3164deff71973636bb24d61a	Mock type-strain BLAST	Saccharomyces	Saccharomyces_cerevisiae	k__Fungi; p__Ascomycota; c__Saccharomycetes; o__Saccharomycetales; f__Saccharomycetaceae; g__Saccharomyces; s__Saccharomyces_cerevisiae	fig4_q30_PE_cutadapt_unite_blast_top1_rescue	Cutadapt	PE	PE	Cutadapt
7ab119d39a4cfa246bc56173600c2ac9	Mock type-strain BLAST	Saccharomyces	Saccharomyces_cerevisiae	k__Fungi; p__Ascomycota; c__Saccharomycetes; o__Saccharomycetales; f__Saccharomycetaceae; g__Saccharomyces; s__Saccharomyces_cerevisiae	fig4_q30_PE_cutadapt_unite_blast_top1_rescue	Cutadapt	PE	PE	Cutadapt
7ab51b82ee043df208fbd659506c728d	Mock type-strain BLAST	Fusarium	Fusarium_keratoplasticum	k__Fungi; p__Ascomycota; c__Sordariomycetes; o__Hypocreales; f__Nectriaceae; g__Fusarium; s__Fusarium_keratoplasticum	fig4_q30_PE_cutadapt_unite_blast_top1_rescue	Cutadapt	PE	PE	Cutadapt
7af52fba2ca72fdd5d71deef24c61e8f	Mock type-strain BLAST	Cryptococcus	Cryptococcus_neoformans	k__Fungi; p__Basidiomycota; c__Tremellomycetes; o__Tremellales; f__Tremellaceae; g__Cryptococcus; s__Cryptococcus_neoformans	fig4_q30_PE_cutadapt_unite_blast_top1_rescue	Cutadapt	PE	PE	Cutadapt
7b9d4a846cd904d4d91f697f90c6eb7e	Mock type-strain BLAST	Malassezia	Malassezia_globosa	k__Fungi; p__Basidiomycota; c__Malasseziomycetes; o__Malasseziales; f__Malasseziaceae; g__Malassezia; s__Malassezia_globosa	fig4_q30_PE_cutadapt_unite_blast_top1_rescue	Cutadapt	PE	PE	Cutadapt
7bc58b0abd5098f2ef0a61cd7d827443	Mock type-strain BLAST	Saccharomyces	Saccharomyces_cerevisiae	k__Fungi; p__Ascomycota; c__Saccharomycetes; o__Saccharomycetales; f__Saccharomycetaceae; g__Saccharomyces; s__Saccharomyces_cerevisiae	fig4_q30_PE_cutadapt_unite_blast_top1_rescue	Cutadapt	PE	PE	Cutadapt
7bc674b40d076f018a37dfafe8b2816b	Mock type-strain BLAST	Nakaseomyces	Nakaseomyces_glabratus	k__Fungi; p__Ascomycota; c__Saccharomycetes; o__Saccharomycetales; f__Saccharomycetaceae; g__Nakaseomyces; s__Nakaseomyces_glabratus	fig4_q30_PE_cutadapt_unite_blast_top1_rescue	Cutadapt	PE	PE	Cutadapt
7bcc41bca6086b958c287e878aba801a	Mock type-strain BLAST	Nakaseomyces	Nakaseomyces_glabratus	k__Fungi; p__Ascomycota; c__Saccharomycetes; o__Saccharomycetales; f__Saccharomycetaceae; g__Nakaseomyces; s__Nakaseomyces_glabratus	fig4_q30_PE_cutadapt_unite_blast_top1_rescue	Cutadapt	PE	PE	Cutadapt
7ca4a4a45a805841fa086a8ed97e5dad	Mock type-strain BLAST	Nakaseomyces	Nakaseomyces_glabratus	k__Fungi; p__Ascomycota; c__Saccharomycetes; o__Saccharomycetales; f__Saccharomycetaceae; g__Nakaseomyces; s__Nakaseomyces_glabratus	fig4_q30_PE_cutadapt_unite_blast_top1_rescue	Cutadapt	PE	PE	Cutadapt
7cad0bdd816afb85c88fd63f1d036143	Mock type-strain BLAST	Aspergillus	Aspergillus_fumigatus	k__Fungi; p__Ascomycota; c__Eurotiomycetes; o__Eurotiales; f__Aspergillaceae; g__Aspergillus; s__Aspergillus_fumigatus	fig4_q30_PE_cutadapt_unite_blast_top1_rescue	Cutadapt	PE	PE	Cutadapt
7d4e12dd159836405acad62046c8829b	Mock type-strain BLAST	Penicillium	Penicillium_chrysogenum	k__Fungi; p__Ascomycota; c__Eurotiomycetes; o__Eurotiales; f__Aspergillaceae; g__Penicillium; s__Penicillium_chrysogenum	fig4_q30_PE_cutadapt_unite_blast_top1_rescue	Cutadapt	PE	PE	Cutadapt
7df5ea44dd745fc344db1c2cf3dad914	Mock type-strain BLAST	Nakaseomyces	Nakaseomyces_glabratus	k__Fungi; p__Ascomycota; c__Saccharomycetes; o__Saccharomycetales; f__Saccharomycetaceae; g__Nakaseomyces; s__Nakaseomyces_glabratus	fig4_q30_PE_cutadapt_unite_blast_top1_rescue	Cutadapt	PE	PE	Cutadapt
7e03bd761487711a8890e1e88b07b30a	Mock type-strain BLAST	Penicillium	Penicillium_chrysogenum	k__Fungi; p__Ascomycota; c__Eurotiomycetes; o__Eurotiales; f__Aspergillaceae; g__Penicillium; s__Penicillium_chrysogenum	fig4_q30_PE_cutadapt_unite_blast_top1_rescue	Cutadapt	PE	PE	Cutadapt
7ea105befe242b870ac3113605fef73a	Mock type-strain BLAST	Aspergillus	Aspergillus_fumigatus	k__Fungi; p__Ascomycota; c__Eurotiomycetes; o__Eurotiales; f__Aspergillaceae; g__Aspergillus; s__Aspergillus_fumigatus	fig4_q30_PE_cutadapt_unite_blast_top1_rescue	Cutadapt	PE	PE	Cutadapt
7ecdaf0133e8f0ade887999e0877f287	Mock type-strain BLAST	Fusarium	Fusarium_keratoplasticum	k__Fungi; p__Ascomycota; c__Sordariomycetes; o__Hypocreales; f__Nectriaceae; g__Fusarium; s__Fusarium_keratoplasticum	fig4_q30_PE_cutadapt_unite_blast_top1_rescue	Cutadapt	PE	PE	Cutadapt
80031c9738d7445f1f857a5681c053a2	Mock type-strain BLAST	Saccharomyces	Saccharomyces_cerevisiae	k__Fungi; p__Ascomycota; c__Saccharomycetes; o__Saccharomycetales; f__Saccharomycetaceae; g__Saccharomyces; s__Saccharomyces_cerevisiae	fig4_q30_PE_cutadapt_unite_blast_top1_rescue	Cutadapt	PE	PE	Cutadapt
80e541b8af41ac979a19ec8570ba6115	Mock type-strain BLAST	Saccharomyces	Saccharomyces_cerevisiae	k__Fungi; p__Ascomycota; c__Saccharomycetes; o__Saccharomycetales; f__Saccharomycetaceae; g__Saccharomyces; s__Saccharomyces_cerevisiae	fig4_q30_PE_cutadapt_unite_blast_top1_rescue	Cutadapt	PE	PE	Cutadapt
824cad1ad715206245b6959000cb619c	Mock type-strain BLAST	Malassezia	Malassezia_globosa	k__Fungi; p__Basidiomycota; c__Malasseziomycetes; o__Malasseziales; f__Malasseziaceae; g__Malassezia; s__Malassezia_globosa	fig4_q30_PE_cutadapt_unite_blast_top1_rescue	Cutadapt	PE	PE	Cutadapt
838abc5f3fe16a8fd0df438f5088704d	Mock type-strain BLAST	Aspergillus	Aspergillus_fumigatus	k__Fungi; p__Ascomycota; c__Eurotiomycetes; o__Eurotiales; f__Aspergillaceae; g__Aspergillus; s__Aspergillus_fumigatus	fig4_q30_PE_cutadapt_unite_blast_top1_rescue	Cutadapt	PE	PE	Cutadapt
84448bc0a8762b43632301f4c6d429eb	Mock type-strain BLAST	Trichophyton	Trichophyton_interdigitale	k__Fungi; p__Ascomycota; c__Eurotiomycetes; o__Onygenales; f__Arthrodermataceae; g__Trichophyton; s__Trichophyton_interdigitale	fig4_q30_PE_cutadapt_unite_blast_top1_rescue	Cutadapt	PE	PE	Cutadapt
8514469c4a82cfbc7c2f44e7df5a66fa	Mock type-strain BLAST	Cutaneotrichosporon	Cutaneotrichosporon_dermatis	k__Fungi; p__Basidiomycota; c__Tremellomycetes; o__Trichosporonales; f__Trichosporonaceae; g__Cutaneotrichosporon; s__Cutaneotrichosporon_dermatis	fig4_q30_PE_cutadapt_unite_blast_top1_rescue	Cutadapt	PE	PE	Cutadapt
85306328b28868171608c7a174ef9714	Mock type-strain BLAST	Saccharomyces	Saccharomyces_cerevisiae	k__Fungi; p__Ascomycota; c__Saccharomycetes; o__Saccharomycetales; f__Saccharomycetaceae; g__Saccharomyces; s__Saccharomyces_cerevisiae	fig4_q30_PE_cutadapt_unite_blast_top1_rescue	Cutadapt	PE	PE	Cutadapt
85cb2942a1f31a70093f7fd33e282c10	Mock type-strain BLAST	Aspergillus	Aspergillus_fumigatus	k__Fungi; p__Ascomycota; c__Eurotiomycetes; o__Eurotiales; f__Aspergillaceae; g__Aspergillus; s__Aspergillus_fumigatus	fig4_q30_PE_cutadapt_unite_blast_top1_rescue	Cutadapt	PE	PE	Cutadapt
86c1a1016f87627c316841d03b0347aa	Mock type-strain BLAST	Saccharomyces	Saccharomyces_cerevisiae	k__Fungi; p__Ascomycota; c__Saccharomycetes; o__Saccharomycetales; f__Saccharomycetaceae; g__Saccharomyces; s__Saccharomyces_cerevisiae	fig4_q30_PE_cutadapt_unite_blast_top1_rescue	Cutadapt	PE	PE	Cutadapt
870b996b7364a3020227bc4b918ba54f	Mock type-strain BLAST	Saccharomyces	Saccharomyces_cerevisiae	k__Fungi; p__Ascomycota; c__Saccharomycetes; o__Saccharomycetales; f__Saccharomycetaceae; g__Saccharomyces; s__Saccharomyces_cerevisiae	fig4_q30_PE_cutadapt_unite_blast_top1_rescue	Cutadapt	PE	PE	Cutadapt
874450a33ecf28c395b152e094cbba5c	Mock type-strain BLAST	Aspergillus	Aspergillus_fumigatus	k__Fungi; p__Ascomycota; c__Eurotiomycetes; o__Eurotiales; f__Aspergillaceae; g__Aspergillus; s__Aspergillus_fumigatus	fig4_q30_PE_cutadapt_unite_blast_top1_rescue	Cutadapt	PE	PE	Cutadapt
876475b4e5efdb58c11382a1e251651e	Mock type-strain BLAST	Aspergillus	Aspergillus_fumigatus	k__Fungi; p__Ascomycota; c__Eurotiomycetes; o__Eurotiales; f__Aspergillaceae; g__Aspergillus; s__Aspergillus_fumigatus	fig4_q30_PE_cutadapt_unite_blast_top1_rescue	Cutadapt	PE	PE	Cutadapt
87bb58fa78a3cd628677f1f4b6259b4f	Mock type-strain BLAST	Cryptococcus	Cryptococcus_neoformans	k__Fungi; p__Basidiomycota; c__Tremellomycetes; o__Tremellales; f__Tremellaceae; g__Cryptococcus; s__Cryptococcus_neoformans	fig4_q30_PE_cutadapt_unite_blast_top1_rescue	Cutadapt	PE	PE	Cutadapt
87c1440d8bb908eca49371e3bade6a91	Mock type-strain BLAST	Malassezia	Malassezia_globosa	k__Fungi; p__Basidiomycota; c__Malasseziomycetes; o__Malasseziales; f__Malasseziaceae; g__Malassezia; s__Malassezia_globosa	fig4_q30_PE_cutadapt_unite_blast_top1_rescue	Cutadapt	PE	PE	Cutadapt
87d1bd5b2855b9f226ac0eb2cb071be7	Mock type-strain BLAST	Nakaseomyces	Nakaseomyces_glabratus	k__Fungi; p__Ascomycota; c__Saccharomycetes; o__Saccharomycetales; f__Saccharomycetaceae; g__Nakaseomyces; s__Nakaseomyces_glabratus	fig4_q30_PE_cutadapt_unite_blast_top1_rescue	Cutadapt	PE	PE	Cutadapt
885829ee0d831837d0e86f97b63251c9	Mock type-strain BLAST	Aspergillus	Aspergillus_fumigatus	k__Fungi; p__Ascomycota; c__Eurotiomycetes; o__Eurotiales; f__Aspergillaceae; g__Aspergillus; s__Aspergillus_fumigatus	fig4_q30_PE_cutadapt_unite_blast_top1_rescue	Cutadapt	PE	PE	Cutadapt
8a04f1876109a8ff5839566f4fd606d6	Mock type-strain BLAST	Saccharomyces	Saccharomyces_cerevisiae	k__Fungi; p__Ascomycota; c__Saccharomycetes; o__Saccharomycetales; f__Saccharomycetaceae; g__Saccharomyces; s__Saccharomyces_cerevisiae	fig4_q30_PE_cutadapt_unite_blast_top1_rescue	Cutadapt	PE	PE	Cutadapt
8aad4e3a6eaac9deac3f8ee96333eb1b	Mock type-strain BLAST	Cutaneotrichosporon	Cutaneotrichosporon_dermatis	k__Fungi; p__Basidiomycota; c__Tremellomycetes; o__Trichosporonales; f__Trichosporonaceae; g__Cutaneotrichosporon; s__Cutaneotrichosporon_dermatis	fig4_q30_PE_cutadapt_unite_blast_top1_rescue	Cutadapt	PE	PE	Cutadapt
8ab90bebb29c598d82a0357fb34b46a1	Mock type-strain BLAST	Trichophyton	Trichophyton_interdigitale	k__Fungi; p__Ascomycota; c__Eurotiomycetes; o__Onygenales; f__Arthrodermataceae; g__Trichophyton; s__Trichophyton_interdigitale	fig4_q30_PE_cutadapt_unite_blast_top1_rescue	Cutadapt	PE	PE	Cutadapt
8ac0b9cd95572afa972fdb20098f4502	Mock type-strain BLAST	Trichophyton	Trichophyton_interdigitale	k__Fungi; p__Ascomycota; c__Eurotiomycetes; o__Onygenales; f__Arthrodermataceae; g__Trichophyton; s__Trichophyton_interdigitale	fig4_q30_PE_cutadapt_unite_blast_top1_rescue	Cutadapt	PE	PE	Cutadapt
8bcd042eb6355d4e86e5590419facdbc	Mock type-strain BLAST	Saccharomyces	Saccharomyces_cerevisiae	k__Fungi; p__Ascomycota; c__Saccharomycetes; o__Saccharomycetales; f__Saccharomycetaceae; g__Saccharomyces; s__Saccharomyces_cerevisiae	fig4_q30_PE_cutadapt_unite_blast_top1_rescue	Cutadapt	PE	PE	Cutadapt
8c4c1e27aeb937396303d685b8e472a5	Mock type-strain BLAST	Cryptococcus	Cryptococcus_neoformans	k__Fungi; p__Basidiomycota; c__Tremellomycetes; o__Tremellales; f__Tremellaceae; g__Cryptococcus; s__Cryptococcus_neoformans	fig4_q30_PE_cutadapt_unite_blast_top1_rescue	Cutadapt	PE	PE	Cutadapt
8fa026cd7de8b2de01e24a358b88be37	Mock type-strain BLAST	Saccharomyces	Saccharomyces_cerevisiae	k__Fungi; p__Ascomycota; c__Saccharomycetes; o__Saccharomycetales; f__Saccharomycetaceae; g__Saccharomyces; s__Saccharomyces_cerevisiae	fig4_q30_PE_cutadapt_unite_blast_top1_rescue	Cutadapt	PE	PE	Cutadapt
8fe099ea85b1426f980cfbc7217317c0	Mock type-strain BLAST	Nakaseomyces	Nakaseomyces_glabratus	k__Fungi; p__Ascomycota; c__Saccharomycetes; o__Saccharomycetales; f__Saccharomycetaceae; g__Nakaseomyces; s__Nakaseomyces_glabratus	fig4_q30_PE_cutadapt_unite_blast_top1_rescue	Cutadapt	PE	PE	Cutadapt
905456212b0753912cb440d99f46a06a	Mock type-strain BLAST	Trichophyton	Trichophyton_interdigitale	k__Fungi; p__Ascomycota; c__Eurotiomycetes; o__Onygenales; f__Arthrodermataceae; g__Trichophyton; s__Trichophyton_interdigitale	fig4_q30_PE_cutadapt_unite_blast_top1_rescue	Cutadapt	PE	PE	Cutadapt
90a27fd125785b348bf5414901cb8f88	Mock type-strain BLAST	Cryptococcus	Cryptococcus_neoformans	k__Fungi; p__Basidiomycota; c__Tremellomycetes; o__Tremellales; f__Tremellaceae; g__Cryptococcus; s__Cryptococcus_neoformans	fig4_q30_PE_cutadapt_unite_blast_top1_rescue	Cutadapt	PE	PE	Cutadapt
91a2226a1404a1ddb6b84c2cb3e22ef9	Mock type-strain BLAST	Saccharomyces	Saccharomyces_cerevisiae	k__Fungi; p__Ascomycota; c__Saccharomycetes; o__Saccharomycetales; f__Saccharomycetaceae; g__Saccharomyces; s__Saccharomyces_cerevisiae	fig4_q30_PE_cutadapt_unite_blast_top1_rescue	Cutadapt	PE	PE	Cutadapt
91a7fbfb6202e3edbe0a45f2865e19c8	Mock type-strain BLAST	Penicillium	Penicillium_chrysogenum	k__Fungi; p__Ascomycota; c__Eurotiomycetes; o__Eurotiales; f__Aspergillaceae; g__Penicillium; s__Penicillium_chrysogenum	fig4_q30_PE_cutadapt_unite_blast_top1_rescue	Cutadapt	PE	PE	Cutadapt
925459f9e4c80260242c0958f30b54e0	Mock type-strain BLAST	Cutaneotrichosporon	Cutaneotrichosporon_dermatis	k__Fungi; p__Basidiomycota; c__Tremellomycetes; o__Trichosporonales; f__Trichosporonaceae; g__Cutaneotrichosporon; s__Cutaneotrichosporon_dermatis	fig4_q30_PE_cutadapt_unite_blast_top1_rescue	Cutadapt	PE	PE	Cutadapt
93fea7c2c9ed7a874c452b6159d40d2a	Mock type-strain BLAST	Aspergillus	Aspergillus_fumigatus	k__Fungi; p__Ascomycota; c__Eurotiomycetes; o__Eurotiales; f__Aspergillaceae; g__Aspergillus; s__Aspergillus_fumigatus	fig4_q30_PE_cutadapt_unite_blast_top1_rescue	Cutadapt	PE	PE	Cutadapt
94582dfd0163256b9ba66b217191b5d7	Mock type-strain BLAST	Candida	Candida_albicans	k__Fungi; p__Ascomycota; c__Saccharomycetes; o__Saccharomycetales; f__Debaryomycetaceae; g__Candida; s__Candida_albicans	fig4_q30_PE_cutadapt_unite_blast_top1_rescue	Cutadapt	PE	PE	Cutadapt
949b5a88e5a1307133bfbfbbb4309acc	Mock type-strain BLAST	Saccharomyces	Saccharomyces_cerevisiae	k__Fungi; p__Ascomycota; c__Saccharomycetes; o__Saccharomycetales; f__Saccharomycetaceae; g__Saccharomyces; s__Saccharomyces_cerevisiae	fig4_q30_PE_cutadapt_unite_blast_top1_rescue	Cutadapt	PE	PE	Cutadapt
95cba38e7659470f90eca3c6934caa1e	Mock type-strain BLAST	Aspergillus	Aspergillus_fumigatus	k__Fungi; p__Ascomycota; c__Eurotiomycetes; o__Eurotiales; f__Aspergillaceae; g__Aspergillus; s__Aspergillus_fumigatus	fig4_q30_PE_cutadapt_unite_blast_top1_rescue	Cutadapt	PE	PE	Cutadapt
95f1773c2a7d0ca13e927254c8112db1	Mock type-strain BLAST	Cryptococcus	Cryptococcus_neoformans	k__Fungi; p__Basidiomycota; c__Tremellomycetes; o__Tremellales; f__Tremellaceae; g__Cryptococcus; s__Cryptococcus_neoformans	fig4_q30_PE_cutadapt_unite_blast_top1_rescue	Cutadapt	PE	PE	Cutadapt
97549e4fa4e4837c3b81d3f01db97dea	Mock type-strain BLAST	Candida	Candida_albicans	k__Fungi; p__Ascomycota; c__Saccharomycetes; o__Saccharomycetales; f__Debaryomycetaceae; g__Candida; s__Candida_albicans	fig4_q30_PE_cutadapt_unite_blast_top1_rescue	Cutadapt	PE	PE	Cutadapt
97b1e3d578b831c37bc51c4217a4d4f1	Mock type-strain BLAST	Aspergillus	Aspergillus_fumigatus	k__Fungi; p__Ascomycota; c__Eurotiomycetes; o__Eurotiales; f__Aspergillaceae; g__Aspergillus; s__Aspergillus_fumigatus	fig4_q30_PE_cutadapt_unite_blast_top1_rescue	Cutadapt	PE	PE	Cutadapt
9a3542073661caa439f73c1873400ce8	Mock type-strain BLAST	Cutaneotrichosporon	Cutaneotrichosporon_dermatis	k__Fungi; p__Basidiomycota; c__Tremellomycetes; o__Trichosporonales; f__Trichosporonaceae; g__Cutaneotrichosporon; s__Cutaneotrichosporon_dermatis	fig4_q30_PE_cutadapt_unite_blast_top1_rescue	Cutadapt	PE	PE	Cutadapt
9a838396270c86c308806d219c3ccab1	Mock type-strain BLAST	Fusarium	Fusarium_keratoplasticum	k__Fungi; p__Ascomycota; c__Sordariomycetes; o__Hypocreales; f__Nectriaceae; g__Fusarium; s__Fusarium_keratoplasticum	fig4_q30_PE_cutadapt_unite_blast_top1_rescue	Cutadapt	PE	PE	Cutadapt
9b465a6e0841bfbf5ea5022c737fb636	Mock type-strain BLAST	Nakaseomyces	Nakaseomyces_glabratus	k__Fungi; p__Ascomycota; c__Saccharomycetes; o__Saccharomycetales; f__Saccharomycetaceae; g__Nakaseomyces; s__Nakaseomyces_glabratus	fig4_q30_PE_cutadapt_unite_blast_top1_rescue	Cutadapt	PE	PE	Cutadapt
9c22a054931e451debbfc78dcc021a1f	Mock type-strain BLAST	Fusarium	Fusarium_keratoplasticum	k__Fungi; p__Ascomycota; c__Sordariomycetes; o__Hypocreales; f__Nectriaceae; g__Fusarium; s__Fusarium_keratoplasticum	fig4_q30_PE_cutadapt_unite_blast_top1_rescue	Cutadapt	PE	PE	Cutadapt
9cfae492e1e3f63b413eb2f4f1d5eee6	Mock type-strain BLAST	Aspergillus	Aspergillus_fumigatus	k__Fungi; p__Ascomycota; c__Eurotiomycetes; o__Eurotiales; f__Aspergillaceae; g__Aspergillus; s__Aspergillus_fumigatus	fig4_q30_PE_cutadapt_unite_blast_top1_rescue	Cutadapt	PE	PE	Cutadapt
9d97a0af7f2ef9407934fbadfaacf8b5	Mock type-strain BLAST	Cryptococcus	Cryptococcus_neoformans	k__Fungi; p__Basidiomycota; c__Tremellomycetes; o__Tremellales; f__Tremellaceae; g__Cryptococcus; s__Cryptococcus_neoformans	fig4_q30_PE_cutadapt_unite_blast_top1_rescue	Cutadapt	PE	PE	Cutadapt
9dafdae447485a1c3b64cf210c30023a	Mock type-strain BLAST	Trichophyton	Trichophyton_interdigitale	k__Fungi; p__Ascomycota; c__Eurotiomycetes; o__Onygenales; f__Arthrodermataceae; g__Trichophyton; s__Trichophyton_interdigitale	fig4_q30_PE_cutadapt_unite_blast_top1_rescue	Cutadapt	PE	PE	Cutadapt
9fe16fd93ac73e9e4d58434fd4438af0	Mock type-strain BLAST	Aspergillus	Aspergillus_fumigatus	k__Fungi; p__Ascomycota; c__Eurotiomycetes; o__Eurotiales; f__Aspergillaceae; g__Aspergillus; s__Aspergillus_fumigatus	fig4_q30_PE_cutadapt_unite_blast_top1_rescue	Cutadapt	PE	PE	Cutadapt
a03ed4e1914bb72959ef2be3b31f7ac6	Mock type-strain BLAST	Cryptococcus	Cryptococcus_neoformans	k__Fungi; p__Basidiomycota; c__Tremellomycetes; o__Tremellales; f__Tremellaceae; g__Cryptococcus; s__Cryptococcus_neoformans	fig4_q30_PE_cutadapt_unite_blast_top1_rescue	Cutadapt	PE	PE	Cutadapt
a0af600e9571d2458f95c090bdccea44	Mock type-strain BLAST	Cutaneotrichosporon	Cutaneotrichosporon_dermatis	k__Fungi; p__Basidiomycota; c__Tremellomycetes; o__Trichosporonales; f__Trichosporonaceae; g__Cutaneotrichosporon; s__Cutaneotrichosporon_dermatis	fig4_q30_PE_cutadapt_unite_blast_top1_rescue	Cutadapt	PE	PE	Cutadapt
a0f0fd169551be4f1d94ff06f51c2ca9	Mock type-strain BLAST	Penicillium	Penicillium_chrysogenum	k__Fungi; p__Ascomycota; c__Eurotiomycetes; o__Eurotiales; f__Aspergillaceae; g__Penicillium; s__Penicillium_chrysogenum	fig4_q30_PE_cutadapt_unite_blast_top1_rescue	Cutadapt	PE	PE	Cutadapt
a0f3d0f291fd91622c1c6201dbd2ee9b	Mock type-strain BLAST	Nakaseomyces	Nakaseomyces_glabratus	k__Fungi; p__Ascomycota; c__Saccharomycetes; o__Saccharomycetales; f__Saccharomycetaceae; g__Nakaseomyces; s__Nakaseomyces_glabratus	fig4_q30_PE_cutadapt_unite_blast_top1_rescue	Cutadapt	PE	PE	Cutadapt
a0fd778266947c5a5022b199532692d2	Mock type-strain BLAST	Aspergillus	Aspergillus_fumigatus	k__Fungi; p__Ascomycota; c__Eurotiomycetes; o__Eurotiales; f__Aspergillaceae; g__Aspergillus; s__Aspergillus_fumigatus	fig4_q30_PE_cutadapt_unite_blast_top1_rescue	Cutadapt	PE	PE	Cutadapt
a18789fb47a3a707fd63fa3b4051fac8	Mock type-strain BLAST	Cryptococcus	Cryptococcus_neoformans	k__Fungi; p__Basidiomycota; c__Tremellomycetes; o__Tremellales; f__Tremellaceae; g__Cryptococcus; s__Cryptococcus_neoformans	fig4_q30_PE_cutadapt_unite_blast_top1_rescue	Cutadapt	PE	PE	Cutadapt
a3d5c4ddcd229676d01f4d84ceb4c269	Mock type-strain BLAST	Aspergillus	Aspergillus_fumigatus	k__Fungi; p__Ascomycota; c__Eurotiomycetes; o__Eurotiales; f__Aspergillaceae; g__Aspergillus; s__Aspergillus_fumigatus	fig4_q30_PE_cutadapt_unite_blast_top1_rescue	Cutadapt	PE	PE	Cutadapt
a4345c0686c98cd64b93c00a48d38d90	Mock type-strain BLAST	Penicillium	Penicillium_chrysogenum	k__Fungi; p__Ascomycota; c__Eurotiomycetes; o__Eurotiales; f__Aspergillaceae; g__Penicillium; s__Penicillium_chrysogenum	fig4_q30_PE_cutadapt_unite_blast_top1_rescue	Cutadapt	PE	PE	Cutadapt
a43acb8918a5ce3d94ff925242d20b20	Mock type-strain BLAST	Cutaneotrichosporon	Cutaneotrichosporon_dermatis	k__Fungi; p__Basidiomycota; c__Tremellomycetes; o__Trichosporonales; f__Trichosporonaceae; g__Cutaneotrichosporon; s__Cutaneotrichosporon_dermatis	fig4_q30_PE_cutadapt_unite_blast_top1_rescue	Cutadapt	PE	PE	Cutadapt
a57df8b2e0da91707ca7aa14a715eb9d	Mock type-strain BLAST	Saccharomyces	Saccharomyces_cerevisiae	k__Fungi; p__Ascomycota; c__Saccharomycetes; o__Saccharomycetales; f__Saccharomycetaceae; g__Saccharomyces; s__Saccharomyces_cerevisiae	fig4_q30_PE_cutadapt_unite_blast_top1_rescue	Cutadapt	PE	PE	Cutadapt
a5d3ae1fbaa69186a9e9039292c6e302	Mock type-strain BLAST	Nakaseomyces	Nakaseomyces_glabratus	k__Fungi; p__Ascomycota; c__Saccharomycetes; o__Saccharomycetales; f__Saccharomycetaceae; g__Nakaseomyces; s__Nakaseomyces_glabratus	fig4_q30_PE_cutadapt_unite_blast_top1_rescue	Cutadapt	PE	PE	Cutadapt
a63edff864bc2a9fbdfebdeaa599b649	Mock type-strain BLAST	Fusarium	Fusarium_keratoplasticum	k__Fungi; p__Ascomycota; c__Sordariomycetes; o__Hypocreales; f__Nectriaceae; g__Fusarium; s__Fusarium_keratoplasticum	fig4_q30_PE_cutadapt_unite_blast_top1_rescue	Cutadapt	PE	PE	Cutadapt
a6465fce89de2e231daebd63bfc0b190	Mock type-strain BLAST	Cutaneotrichosporon	Cutaneotrichosporon_dermatis	k__Fungi; p__Basidiomycota; c__Tremellomycetes; o__Trichosporonales; f__Trichosporonaceae; g__Cutaneotrichosporon; s__Cutaneotrichosporon_dermatis	fig4_q30_PE_cutadapt_unite_blast_top1_rescue	Cutadapt	PE	PE	Cutadapt
a646a4b4217efc3e6f6ac3b8179fb986	Mock type-strain BLAST	Penicillium	Penicillium_chrysogenum	k__Fungi; p__Ascomycota; c__Eurotiomycetes; o__Eurotiales; f__Aspergillaceae; g__Penicillium; s__Penicillium_chrysogenum	fig4_q30_PE_cutadapt_unite_blast_top1_rescue	Cutadapt	PE	PE	Cutadapt
a6c6c15f86c5acbde3a72761962a6161	Mock type-strain BLAST	Cryptococcus	Cryptococcus_neoformans	k__Fungi; p__Basidiomycota; c__Tremellomycetes; o__Tremellales; f__Tremellaceae; g__Cryptococcus; s__Cryptococcus_neoformans	fig4_q30_PE_cutadapt_unite_blast_top1_rescue	Cutadapt	PE	PE	Cutadapt
a8dd4ea318c0f55bda76f7c49124254b	Mock type-strain BLAST	Cryptococcus	Cryptococcus_neoformans	k__Fungi; p__Basidiomycota; c__Tremellomycetes; o__Tremellales; f__Tremellaceae; g__Cryptococcus; s__Cryptococcus_neoformans	fig4_q30_PE_cutadapt_unite_blast_top1_rescue	Cutadapt	PE	PE	Cutadapt
a95bc4ccde33d49942cae98b507849d2	Mock type-strain BLAST	Candida	Candida_albicans	k__Fungi; p__Ascomycota; c__Saccharomycetes; o__Saccharomycetales; f__Debaryomycetaceae; g__Candida; s__Candida_albicans	fig4_q30_PE_cutadapt_unite_blast_top1_rescue	Cutadapt	PE	PE	Cutadapt
a9f744b1b96b43b37db5e221ec38c5db	Mock type-strain BLAST	Cutaneotrichosporon	Cutaneotrichosporon_dermatis	k__Fungi; p__Basidiomycota; c__Tremellomycetes; o__Trichosporonales; f__Trichosporonaceae; g__Cutaneotrichosporon; s__Cutaneotrichosporon_dermatis	fig4_q30_PE_cutadapt_unite_blast_top1_rescue	Cutadapt	PE	PE	Cutadapt
ab31fbe2d352b712591004902b64d498	Mock type-strain BLAST	Aspergillus	Aspergillus_fumigatus	k__Fungi; p__Ascomycota; c__Eurotiomycetes; o__Eurotiales; f__Aspergillaceae; g__Aspergillus; s__Aspergillus_fumigatus	fig4_q30_PE_cutadapt_unite_blast_top1_rescue	Cutadapt	PE	PE	Cutadapt
abd60db5ca7dd95c7782bf8e826ce4bd	Mock type-strain BLAST	Trichophyton	Trichophyton_interdigitale	k__Fungi; p__Ascomycota; c__Eurotiomycetes; o__Onygenales; f__Arthrodermataceae; g__Trichophyton; s__Trichophyton_interdigitale	fig4_q30_PE_cutadapt_unite_blast_top1_rescue	Cutadapt	PE	PE	Cutadapt
ad9491bf7adf542567e36638860807a3	Mock type-strain BLAST	Cutaneotrichosporon	Cutaneotrichosporon_dermatis	k__Fungi; p__Basidiomycota; c__Tremellomycetes; o__Trichosporonales; f__Trichosporonaceae; g__Cutaneotrichosporon; s__Cutaneotrichosporon_dermatis	fig4_q30_PE_cutadapt_unite_blast_top1_rescue	Cutadapt	PE	PE	Cutadapt
adf520abcc93fe7b164b08de9cfcbaf6	Mock type-strain BLAST	Penicillium	Penicillium_chrysogenum	k__Fungi; p__Ascomycota; c__Eurotiomycetes; o__Eurotiales; f__Aspergillaceae; g__Penicillium; s__Penicillium_chrysogenum	fig4_q30_PE_cutadapt_unite_blast_top1_rescue	Cutadapt	PE	PE	Cutadapt
aea3e03e30b06124e1d93a28dd05f1e6	Mock type-strain BLAST	Trichophyton	Trichophyton_interdigitale	k__Fungi; p__Ascomycota; c__Eurotiomycetes; o__Onygenales; f__Arthrodermataceae; g__Trichophyton; s__Trichophyton_interdigitale	fig4_q30_PE_cutadapt_unite_blast_top1_rescue	Cutadapt	PE	PE	Cutadapt
af8682056a1a9eb428a421148900295c	Mock type-strain BLAST	Penicillium	Penicillium_chrysogenum	k__Fungi; p__Ascomycota; c__Eurotiomycetes; o__Eurotiales; f__Aspergillaceae; g__Penicillium; s__Penicillium_chrysogenum	fig4_q30_PE_cutadapt_unite_blast_top1_rescue	Cutadapt	PE	PE	Cutadapt
af9cef9bdf2ea4966fe74e7f66f4166d	Mock type-strain BLAST	Nakaseomyces	Nakaseomyces_glabratus	k__Fungi; p__Ascomycota; c__Saccharomycetes; o__Saccharomycetales; f__Saccharomycetaceae; g__Nakaseomyces; s__Nakaseomyces_glabratus	fig4_q30_PE_cutadapt_unite_blast_top1_rescue	Cutadapt	PE	PE	Cutadapt
b001fb61dd6f4db8b22dc8eeb9e3677e	Mock type-strain BLAST	Malassezia	Malassezia_globosa	k__Fungi; p__Basidiomycota; c__Malasseziomycetes; o__Malasseziales; f__Malasseziaceae; g__Malassezia; s__Malassezia_globosa	fig4_q30_PE_cutadapt_unite_blast_top1_rescue	Cutadapt	PE	PE	Cutadapt
b071af43257d5c4de2339fe5cbf735d2	Mock type-strain BLAST	Nakaseomyces	Nakaseomyces_glabratus	k__Fungi; p__Ascomycota; c__Saccharomycetes; o__Saccharomycetales; f__Saccharomycetaceae; g__Nakaseomyces; s__Nakaseomyces_glabratus	fig4_q30_PE_cutadapt_unite_blast_top1_rescue	Cutadapt	PE	PE	Cutadapt
b08781976f9e9fcd6907ea42bfc40ce7	Mock type-strain BLAST	Trichophyton	Trichophyton_interdigitale	k__Fungi; p__Ascomycota; c__Eurotiomycetes; o__Onygenales; f__Arthrodermataceae; g__Trichophyton; s__Trichophyton_interdigitale	fig4_q30_PE_cutadapt_unite_blast_top1_rescue	Cutadapt	PE	PE	Cutadapt
b1164aaea169a7ee1f528b21fd52bce7	Mock type-strain BLAST	Nakaseomyces	Nakaseomyces_glabratus	k__Fungi; p__Ascomycota; c__Saccharomycetes; o__Saccharomycetales; f__Saccharomycetaceae; g__Nakaseomyces; s__Nakaseomyces_glabratus	fig4_q30_PE_cutadapt_unite_blast_top1_rescue	Cutadapt	PE	PE	Cutadapt
b12ed4056a059a247c6bfdadddd6fad2	Mock type-strain BLAST	Aspergillus	Aspergillus_fumigatus	k__Fungi; p__Ascomycota; c__Eurotiomycetes; o__Eurotiales; f__Aspergillaceae; g__Aspergillus; s__Aspergillus_fumigatus	fig4_q30_PE_cutadapt_unite_blast_top1_rescue	Cutadapt	PE	PE	Cutadapt
b16db1fc7966f2e08f1492e3d2f0b4b2	Mock type-strain BLAST	Nakaseomyces	Nakaseomyces_glabratus	k__Fungi; p__Ascomycota; c__Saccharomycetes; o__Saccharomycetales; f__Saccharomycetaceae; g__Nakaseomyces; s__Nakaseomyces_glabratus	fig4_q30_PE_cutadapt_unite_blast_top1_rescue	Cutadapt	PE	PE	Cutadapt
b1840536a49192c93eb7a5bbd8032543	Mock type-strain BLAST	Aspergillus	Aspergillus_fumigatus	k__Fungi; p__Ascomycota; c__Eurotiomycetes; o__Eurotiales; f__Aspergillaceae; g__Aspergillus; s__Aspergillus_fumigatus	fig4_q30_PE_cutadapt_unite_blast_top1_rescue	Cutadapt	PE	PE	Cutadapt
b191d950a9a65d52c43bd7aaa1c286ee	Mock type-strain BLAST	Aspergillus	Aspergillus_fumigatus	k__Fungi; p__Ascomycota; c__Eurotiomycetes; o__Eurotiales; f__Aspergillaceae; g__Aspergillus; s__Aspergillus_fumigatus	fig4_q30_PE_cutadapt_unite_blast_top1_rescue	Cutadapt	PE	PE	Cutadapt
b1ca15402a23230040fa88e3d6a11d2f	Mock type-strain BLAST	Cutaneotrichosporon	Cutaneotrichosporon_dermatis	k__Fungi; p__Basidiomycota; c__Tremellomycetes; o__Trichosporonales; f__Trichosporonaceae; g__Cutaneotrichosporon; s__Cutaneotrichosporon_dermatis	fig4_q30_PE_cutadapt_unite_blast_top1_rescue	Cutadapt	PE	PE	Cutadapt
b2e68d5fe99e43410ff0cb7ff1d1b7b1	Mock type-strain BLAST	Aspergillus	Aspergillus_fumigatus	k__Fungi; p__Ascomycota; c__Eurotiomycetes; o__Eurotiales; f__Aspergillaceae; g__Aspergillus; s__Aspergillus_fumigatus	fig4_q30_PE_cutadapt_unite_blast_top1_rescue	Cutadapt	PE	PE	Cutadapt
b4669d24d11cdccd9bd463a852d555bc	Mock type-strain BLAST	Nakaseomyces	Nakaseomyces_glabratus	k__Fungi; p__Ascomycota; c__Saccharomycetes; o__Saccharomycetales; f__Saccharomycetaceae; g__Nakaseomyces; s__Nakaseomyces_glabratus	fig4_q30_PE_cutadapt_unite_blast_top1_rescue	Cutadapt	PE	PE	Cutadapt
b4d30608377b8ba0a2db046367b63098	Mock type-strain BLAST	Cutaneotrichosporon	Cutaneotrichosporon_dermatis	k__Fungi; p__Basidiomycota; c__Tremellomycetes; o__Trichosporonales; f__Trichosporonaceae; g__Cutaneotrichosporon; s__Cutaneotrichosporon_dermatis	fig4_q30_PE_cutadapt_unite_blast_top1_rescue	Cutadapt	PE	PE	Cutadapt
b51b5ed103b9c82d0f30382550327fbd	Mock type-strain BLAST	Saccharomyces	Saccharomyces_cerevisiae	k__Fungi; p__Ascomycota; c__Saccharomycetes; o__Saccharomycetales; f__Saccharomycetaceae; g__Saccharomyces; s__Saccharomyces_cerevisiae	fig4_q30_PE_cutadapt_unite_blast_top1_rescue	Cutadapt	PE	PE	Cutadapt
b52eda8a4baa1b15ac8ec4d7522abcc8	Mock type-strain BLAST	Cutaneotrichosporon	Cutaneotrichosporon_dermatis	k__Fungi; p__Basidiomycota; c__Tremellomycetes; o__Trichosporonales; f__Trichosporonaceae; g__Cutaneotrichosporon; s__Cutaneotrichosporon_dermatis	fig4_q30_PE_cutadapt_unite_blast_top1_rescue	Cutadapt	PE	PE	Cutadapt
b6049637e9edcb5f2f9707570c5fea70	Mock type-strain BLAST	Aspergillus	Aspergillus_fumigatus	k__Fungi; p__Ascomycota; c__Eurotiomycetes; o__Eurotiales; f__Aspergillaceae; g__Aspergillus; s__Aspergillus_fumigatus	fig4_q30_PE_cutadapt_unite_blast_top1_rescue	Cutadapt	PE	PE	Cutadapt
b65a2b82cd127c5e2a47ad8faa1b752a	Mock type-strain BLAST	Trichophyton	Trichophyton_interdigitale	k__Fungi; p__Ascomycota; c__Eurotiomycetes; o__Onygenales; f__Arthrodermataceae; g__Trichophyton; s__Trichophyton_interdigitale	fig4_q30_PE_cutadapt_unite_blast_top1_rescue	Cutadapt	PE	PE	Cutadapt
b68330710b2ee120d528ed1888de0c19	Mock type-strain BLAST	Penicillium	Penicillium_chrysogenum	k__Fungi; p__Ascomycota; c__Eurotiomycetes; o__Eurotiales; f__Aspergillaceae; g__Penicillium; s__Penicillium_chrysogenum	fig4_q30_PE_cutadapt_unite_blast_top1_rescue	Cutadapt	PE	PE	Cutadapt
b6bec96f103eb0545b217f1d657e4222	Mock type-strain BLAST	Aspergillus	Aspergillus_fumigatus	k__Fungi; p__Ascomycota; c__Eurotiomycetes; o__Eurotiales; f__Aspergillaceae; g__Aspergillus; s__Aspergillus_fumigatus	fig4_q30_PE_cutadapt_unite_blast_top1_rescue	Cutadapt	PE	PE	Cutadapt
b6f2dbe167d7ea6998779f966d282265	Mock type-strain BLAST	Penicillium	Penicillium_chrysogenum	k__Fungi; p__Ascomycota; c__Eurotiomycetes; o__Eurotiales; f__Aspergillaceae; g__Penicillium; s__Penicillium_chrysogenum	fig4_q30_PE_cutadapt_unite_blast_top1_rescue	Cutadapt	PE	PE	Cutadapt
b71b6e97d898c9794bb80b4a58679c81	Mock type-strain BLAST	Fusarium	Fusarium_keratoplasticum	k__Fungi; p__Ascomycota; c__Sordariomycetes; o__Hypocreales; f__Nectriaceae; g__Fusarium; s__Fusarium_keratoplasticum	fig4_q30_PE_cutadapt_unite_blast_top1_rescue	Cutadapt	PE	PE	Cutadapt
b7af39848139236f0e6c6b805ac1e03a	Mock type-strain BLAST	Aspergillus	Aspergillus_fumigatus	k__Fungi; p__Ascomycota; c__Eurotiomycetes; o__Eurotiales; f__Aspergillaceae; g__Aspergillus; s__Aspergillus_fumigatus	fig4_q30_PE_cutadapt_unite_blast_top1_rescue	Cutadapt	PE	PE	Cutadapt
b82f9d330ad2b2c5e255d8af52e82b94	Mock type-strain BLAST	Nakaseomyces	Nakaseomyces_glabratus	k__Fungi; p__Ascomycota; c__Saccharomycetes; o__Saccharomycetales; f__Saccharomycetaceae; g__Nakaseomyces; s__Nakaseomyces_glabratus	fig4_q30_PE_cutadapt_unite_blast_top1_rescue	Cutadapt	PE	PE	Cutadapt
b84c5ce7ffdb045632be2f6b94323dfe	Mock type-strain BLAST	Cutaneotrichosporon	Cutaneotrichosporon_dermatis	k__Fungi; p__Basidiomycota; c__Tremellomycetes; o__Trichosporonales; f__Trichosporonaceae; g__Cutaneotrichosporon; s__Cutaneotrichosporon_dermatis	fig4_q30_PE_cutadapt_unite_blast_top1_rescue	Cutadapt	PE	PE	Cutadapt
b8bd3043d0b693dc6b5b7d4ae86033f9	Mock type-strain BLAST	Candida	Candida_albicans	k__Fungi; p__Ascomycota; c__Saccharomycetes; o__Saccharomycetales; f__Debaryomycetaceae; g__Candida; s__Candida_albicans	fig4_q30_PE_cutadapt_unite_blast_top1_rescue	Cutadapt	PE	PE	Cutadapt
b945b4fc83cc3c7350db9b639ff95cdb	Mock type-strain BLAST	Cryptococcus	Cryptococcus_neoformans	k__Fungi; p__Basidiomycota; c__Tremellomycetes; o__Tremellales; f__Tremellaceae; g__Cryptococcus; s__Cryptococcus_neoformans	fig4_q30_PE_cutadapt_unite_blast_top1_rescue	Cutadapt	PE	PE	Cutadapt
b99ae1d666389da38cad26d7243004e9	Mock type-strain BLAST	Trichophyton	Trichophyton_interdigitale	k__Fungi; p__Ascomycota; c__Eurotiomycetes; o__Onygenales; f__Arthrodermataceae; g__Trichophyton; s__Trichophyton_interdigitale	fig4_q30_PE_cutadapt_unite_blast_top1_rescue	Cutadapt	PE	PE	Cutadapt
b9bf649979c8d63c1c961595bd9cbfb0	Mock type-strain BLAST	Trichophyton	Trichophyton_interdigitale	k__Fungi; p__Ascomycota; c__Eurotiomycetes; o__Onygenales; f__Arthrodermataceae; g__Trichophyton; s__Trichophyton_interdigitale	fig4_q30_PE_cutadapt_unite_blast_top1_rescue	Cutadapt	PE	PE	Cutadapt
ba7510d311e4a8aef419d78ca383da83	Mock type-strain BLAST	Cryptococcus	Cryptococcus_neoformans	k__Fungi; p__Basidiomycota; c__Tremellomycetes; o__Tremellales; f__Tremellaceae; g__Cryptococcus; s__Cryptococcus_neoformans	fig4_q30_PE_cutadapt_unite_blast_top1_rescue	Cutadapt	PE	PE	Cutadapt
ba77eab3ca5230db545c4244103dd446	Mock type-strain BLAST	Cutaneotrichosporon	Cutaneotrichosporon_dermatis	k__Fungi; p__Basidiomycota; c__Tremellomycetes; o__Trichosporonales; f__Trichosporonaceae; g__Cutaneotrichosporon; s__Cutaneotrichosporon_dermatis	fig4_q30_PE_cutadapt_unite_blast_top1_rescue	Cutadapt	PE	PE	Cutadapt
bad85d945e752646a087d8f0bbad3e12	Mock type-strain BLAST	Cryptococcus	Cryptococcus_neoformans	k__Fungi; p__Basidiomycota; c__Tremellomycetes; o__Tremellales; f__Tremellaceae; g__Cryptococcus; s__Cryptococcus_neoformans	fig4_q30_PE_cutadapt_unite_blast_top1_rescue	Cutadapt	PE	PE	Cutadapt
bb9df888d0edd2d01f6b8ac2ba9dde38	Mock type-strain BLAST	Saccharomyces	Saccharomyces_cerevisiae	k__Fungi; p__Ascomycota; c__Saccharomycetes; o__Saccharomycetales; f__Saccharomycetaceae; g__Saccharomyces; s__Saccharomyces_cerevisiae	fig4_q30_PE_cutadapt_unite_blast_top1_rescue	Cutadapt	PE	PE	Cutadapt
bc6bcc69956b0d2e7c5a60ce32e14b65	Mock type-strain BLAST	Candida	Candida_albicans	k__Fungi; p__Ascomycota; c__Saccharomycetes; o__Saccharomycetales; f__Debaryomycetaceae; g__Candida; s__Candida_albicans	fig4_q30_PE_cutadapt_unite_blast_top1_rescue	Cutadapt	PE	PE	Cutadapt
bc79eb705cf420f2d21394f7ba4fc470	Mock type-strain BLAST	Candida	Candida_albicans	k__Fungi; p__Ascomycota; c__Saccharomycetes; o__Saccharomycetales; f__Debaryomycetaceae; g__Candida; s__Candida_albicans	fig4_q30_PE_cutadapt_unite_blast_top1_rescue	Cutadapt	PE	PE	Cutadapt
bfa5eb72b6b527fd3f42d358351f70df	Mock type-strain BLAST	Nakaseomyces	Nakaseomyces_glabratus	k__Fungi; p__Ascomycota; c__Saccharomycetes; o__Saccharomycetales; f__Saccharomycetaceae; g__Nakaseomyces; s__Nakaseomyces_glabratus	fig4_q30_PE_cutadapt_unite_blast_top1_rescue	Cutadapt	PE	PE	Cutadapt
bfe48bc109bc83adb4329dd720f13411	Mock type-strain BLAST	Fusarium	Fusarium_keratoplasticum	k__Fungi; p__Ascomycota; c__Sordariomycetes; o__Hypocreales; f__Nectriaceae; g__Fusarium; s__Fusarium_keratoplasticum	fig4_q30_PE_cutadapt_unite_blast_top1_rescue	Cutadapt	PE	PE	Cutadapt
c0447e340233bf2670ca6ce846b113ed	Mock type-strain BLAST	Cryptococcus	Cryptococcus_neoformans	k__Fungi; p__Basidiomycota; c__Tremellomycetes; o__Tremellales; f__Tremellaceae; g__Cryptococcus; s__Cryptococcus_neoformans	fig4_q30_PE_cutadapt_unite_blast_top1_rescue	Cutadapt	PE	PE	Cutadapt
c054c50e00ab77bb215bd00f935c0550	Mock type-strain BLAST	Cutaneotrichosporon	Cutaneotrichosporon_dermatis	k__Fungi; p__Basidiomycota; c__Tremellomycetes; o__Trichosporonales; f__Trichosporonaceae; g__Cutaneotrichosporon; s__Cutaneotrichosporon_dermatis	fig4_q30_PE_cutadapt_unite_blast_top1_rescue	Cutadapt	PE	PE	Cutadapt
c112e1a48e0a652986fa8042932e4aba	Mock type-strain BLAST	Nakaseomyces	Nakaseomyces_glabratus	k__Fungi; p__Ascomycota; c__Saccharomycetes; o__Saccharomycetales; f__Saccharomycetaceae; g__Nakaseomyces; s__Nakaseomyces_glabratus	fig4_q30_PE_cutadapt_unite_blast_top1_rescue	Cutadapt	PE	PE	Cutadapt
c1515f66ee532bfdcd8cc7d081e59b7c	Mock type-strain BLAST	Aspergillus	Aspergillus_fumigatus	k__Fungi; p__Ascomycota; c__Eurotiomycetes; o__Eurotiales; f__Aspergillaceae; g__Aspergillus; s__Aspergillus_fumigatus	fig4_q30_PE_cutadapt_unite_blast_top1_rescue	Cutadapt	PE	PE	Cutadapt
c1c188f9bec8b8bdc4dcfebee1b40cb2	Mock type-strain BLAST	Cutaneotrichosporon	Cutaneotrichosporon_dermatis	k__Fungi; p__Basidiomycota; c__Tremellomycetes; o__Trichosporonales; f__Trichosporonaceae; g__Cutaneotrichosporon; s__Cutaneotrichosporon_dermatis	fig4_q30_PE_cutadapt_unite_blast_top1_rescue	Cutadapt	PE	PE	Cutadapt
c24918cc7ed3fc2a00ec08a58e24ef46	Mock type-strain BLAST	Cryptococcus	Cryptococcus_neoformans	k__Fungi; p__Basidiomycota; c__Tremellomycetes; o__Tremellales; f__Tremellaceae; g__Cryptococcus; s__Cryptococcus_neoformans	fig4_q30_PE_cutadapt_unite_blast_top1_rescue	Cutadapt	PE	PE	Cutadapt
c2b6527533c45ea91cdbd09c67e14420	Mock type-strain BLAST	Penicillium	Penicillium_chrysogenum	k__Fungi; p__Ascomycota; c__Eurotiomycetes; o__Eurotiales; f__Aspergillaceae; g__Penicillium; s__Penicillium_chrysogenum	fig4_q30_PE_cutadapt_unite_blast_top1_rescue	Cutadapt	PE	PE	Cutadapt
c2fb5f432519bf12ffcbe6f3babe8db9	Mock type-strain BLAST	Nakaseomyces	Nakaseomyces_glabratus	k__Fungi; p__Ascomycota; c__Saccharomycetes; o__Saccharomycetales; f__Saccharomycetaceae; g__Nakaseomyces; s__Nakaseomyces_glabratus	fig4_q30_PE_cutadapt_unite_blast_top1_rescue	Cutadapt	PE	PE	Cutadapt
c3ac7f9b16a282464bcef99f9a81543e	Mock type-strain BLAST	Penicillium	Penicillium_chrysogenum	k__Fungi; p__Ascomycota; c__Eurotiomycetes; o__Eurotiales; f__Aspergillaceae; g__Penicillium; s__Penicillium_chrysogenum	fig4_q30_PE_cutadapt_unite_blast_top1_rescue	Cutadapt	PE	PE	Cutadapt
c41d0d22037e23e4eb1db6f53cd44bea	Mock type-strain BLAST	Cryptococcus	Cryptococcus_neoformans	k__Fungi; p__Basidiomycota; c__Tremellomycetes; o__Tremellales; f__Tremellaceae; g__Cryptococcus; s__Cryptococcus_neoformans	fig4_q30_PE_cutadapt_unite_blast_top1_rescue	Cutadapt	PE	PE	Cutadapt
c42df08d0d30ffb92d0d536d020a4953	Mock type-strain BLAST	Cryptococcus	Cryptococcus_neoformans	k__Fungi; p__Basidiomycota; c__Tremellomycetes; o__Tremellales; f__Tremellaceae; g__Cryptococcus; s__Cryptococcus_neoformans	fig4_q30_PE_cutadapt_unite_blast_top1_rescue	Cutadapt	PE	PE	Cutadapt
c49d0b7026b426e0ba1f838a9273ebf6	Mock type-strain BLAST	Cutaneotrichosporon	Cutaneotrichosporon_dermatis	k__Fungi; p__Basidiomycota; c__Tremellomycetes; o__Trichosporonales; f__Trichosporonaceae; g__Cutaneotrichosporon; s__Cutaneotrichosporon_dermatis	fig4_q30_PE_cutadapt_unite_blast_top1_rescue	Cutadapt	PE	PE	Cutadapt
c4c056deff753f4ef06780b99493596f	Mock type-strain BLAST	Cutaneotrichosporon	Cutaneotrichosporon_dermatis	k__Fungi; p__Basidiomycota; c__Tremellomycetes; o__Trichosporonales; f__Trichosporonaceae; g__Cutaneotrichosporon; s__Cutaneotrichosporon_dermatis	fig4_q30_PE_cutadapt_unite_blast_top1_rescue	Cutadapt	PE	PE	Cutadapt
c55c882cd5b0311b9de7f084c67c9416	Mock type-strain BLAST	Saccharomyces	Saccharomyces_cerevisiae	k__Fungi; p__Ascomycota; c__Saccharomycetes; o__Saccharomycetales; f__Saccharomycetaceae; g__Saccharomyces; s__Saccharomyces_cerevisiae	fig4_q30_PE_cutadapt_unite_blast_top1_rescue	Cutadapt	PE	PE	Cutadapt
c62cc042cc6a67f6ea1ed71ffd87d7c0	Mock type-strain BLAST	Aspergillus	Aspergillus_fumigatus	k__Fungi; p__Ascomycota; c__Eurotiomycetes; o__Eurotiales; f__Aspergillaceae; g__Aspergillus; s__Aspergillus_fumigatus	fig4_q30_PE_cutadapt_unite_blast_top1_rescue	Cutadapt	PE	PE	Cutadapt
c64847cfa36b0333b9f6d18a5e75bb41	Mock type-strain BLAST	Malassezia	Malassezia_globosa	k__Fungi; p__Basidiomycota; c__Malasseziomycetes; o__Malasseziales; f__Malasseziaceae; g__Malassezia; s__Malassezia_globosa	fig4_q30_PE_cutadapt_unite_blast_top1_rescue	Cutadapt	PE	PE	Cutadapt
c6b37d0ce32b13674721bc28dce1eb28	Mock type-strain BLAST	Fusarium	Fusarium_keratoplasticum	k__Fungi; p__Ascomycota; c__Sordariomycetes; o__Hypocreales; f__Nectriaceae; g__Fusarium; s__Fusarium_keratoplasticum	fig4_q30_PE_cutadapt_unite_blast_top1_rescue	Cutadapt	PE	PE	Cutadapt
c775e1e68ff04f34433731d8adc2836c	Mock type-strain BLAST	Trichophyton	Trichophyton_interdigitale	k__Fungi; p__Ascomycota; c__Eurotiomycetes; o__Onygenales; f__Arthrodermataceae; g__Trichophyton; s__Trichophyton_interdigitale	fig4_q30_PE_cutadapt_unite_blast_top1_rescue	Cutadapt	PE	PE	Cutadapt
c8505e875d51d986f896f036a5e618b9	Mock type-strain BLAST	Nakaseomyces	Nakaseomyces_glabratus	k__Fungi; p__Ascomycota; c__Saccharomycetes; o__Saccharomycetales; f__Saccharomycetaceae; g__Nakaseomyces; s__Nakaseomyces_glabratus	fig4_q30_PE_cutadapt_unite_blast_top1_rescue	Cutadapt	PE	PE	Cutadapt
c8c777b869ce2f3711dd9d93f592b50c	Mock type-strain BLAST	Penicillium	Penicillium_chrysogenum	k__Fungi; p__Ascomycota; c__Eurotiomycetes; o__Eurotiales; f__Aspergillaceae; g__Penicillium; s__Penicillium_chrysogenum	fig4_q30_PE_cutadapt_unite_blast_top1_rescue	Cutadapt	PE	PE	Cutadapt
c8dce878620b52b38172236f39acc7fa	Mock type-strain BLAST	Fusarium	Fusarium_keratoplasticum	k__Fungi; p__Ascomycota; c__Sordariomycetes; o__Hypocreales; f__Nectriaceae; g__Fusarium; s__Fusarium_keratoplasticum	fig4_q30_PE_cutadapt_unite_blast_top1_rescue	Cutadapt	PE	PE	Cutadapt
c97cb7a6c9ebb46e3770a690678d2f8d	Mock type-strain BLAST	Cryptococcus	Cryptococcus_neoformans	k__Fungi; p__Basidiomycota; c__Tremellomycetes; o__Tremellales; f__Tremellaceae; g__Cryptococcus; s__Cryptococcus_neoformans	fig4_q30_PE_cutadapt_unite_blast_top1_rescue	Cutadapt	PE	PE	Cutadapt
c9b656acfc99a5a40f2209f65d0c5b1d	Mock type-strain BLAST	Aspergillus	Aspergillus_fumigatus	k__Fungi; p__Ascomycota; c__Eurotiomycetes; o__Eurotiales; f__Aspergillaceae; g__Aspergillus; s__Aspergillus_fumigatus	fig4_q30_PE_cutadapt_unite_blast_top1_rescue	Cutadapt	PE	PE	Cutadapt
caa632e6377dc066d267ab16ba44eceb	Mock type-strain BLAST	Candida	Candida_albicans	k__Fungi; p__Ascomycota; c__Saccharomycetes; o__Saccharomycetales; f__Debaryomycetaceae; g__Candida; s__Candida_albicans	fig4_q30_PE_cutadapt_unite_blast_top1_rescue	Cutadapt	PE	PE	Cutadapt
cab80b01344b2892d9a7eb759f13c776	Mock type-strain BLAST	Nakaseomyces	Nakaseomyces_glabratus	k__Fungi; p__Ascomycota; c__Saccharomycetes; o__Saccharomycetales; f__Saccharomycetaceae; g__Nakaseomyces; s__Nakaseomyces_glabratus	fig4_q30_PE_cutadapt_unite_blast_top1_rescue	Cutadapt	PE	PE	Cutadapt
cb10a86d6b17ba0f9f4c0db650f1d52c	Mock type-strain BLAST	Aspergillus	Aspergillus_fumigatus	k__Fungi; p__Ascomycota; c__Eurotiomycetes; o__Eurotiales; f__Aspergillaceae; g__Aspergillus; s__Aspergillus_fumigatus	fig4_q30_PE_cutadapt_unite_blast_top1_rescue	Cutadapt	PE	PE	Cutadapt
cba7e2526abc568cdf9b74db64253fcd	Mock type-strain BLAST	Malassezia	Malassezia_globosa	k__Fungi; p__Basidiomycota; c__Malasseziomycetes; o__Malasseziales; f__Malasseziaceae; g__Malassezia; s__Malassezia_globosa	fig4_q30_PE_cutadapt_unite_blast_top1_rescue	Cutadapt	PE	PE	Cutadapt
cbc3861eff42f4b8102fa7270debb33b	Mock type-strain BLAST	Saccharomyces	Saccharomyces_cerevisiae	k__Fungi; p__Ascomycota; c__Saccharomycetes; o__Saccharomycetales; f__Saccharomycetaceae; g__Saccharomyces; s__Saccharomyces_cerevisiae	fig4_q30_PE_cutadapt_unite_blast_top1_rescue	Cutadapt	PE	PE	Cutadapt
cc08f8f31d340f9fcaa25592bf1a9325	Mock type-strain BLAST	Malassezia	Malassezia_globosa	k__Fungi; p__Basidiomycota; c__Malasseziomycetes; o__Malasseziales; f__Malasseziaceae; g__Malassezia; s__Malassezia_globosa	fig4_q30_PE_cutadapt_unite_blast_top1_rescue	Cutadapt	PE	PE	Cutadapt
ccaa9026e396d4818dfe7b2a8a9ded99	Mock type-strain BLAST	Cutaneotrichosporon	Cutaneotrichosporon_dermatis	k__Fungi; p__Basidiomycota; c__Tremellomycetes; o__Trichosporonales; f__Trichosporonaceae; g__Cutaneotrichosporon; s__Cutaneotrichosporon_dermatis	fig4_q30_PE_cutadapt_unite_blast_top1_rescue	Cutadapt	PE	PE	Cutadapt
cceb7ee36727c84880c1b84ccd4f3adc	Mock type-strain BLAST	Nakaseomyces	Nakaseomyces_glabratus	k__Fungi; p__Ascomycota; c__Saccharomycetes; o__Saccharomycetales; f__Saccharomycetaceae; g__Nakaseomyces; s__Nakaseomyces_glabratus	fig4_q30_PE_cutadapt_unite_blast_top1_rescue	Cutadapt	PE	PE	Cutadapt
cf1bc020266efa2d5c932a805d5510ec	Mock type-strain BLAST	Aspergillus	Aspergillus_fumigatus	k__Fungi; p__Ascomycota; c__Eurotiomycetes; o__Eurotiales; f__Aspergillaceae; g__Aspergillus; s__Aspergillus_fumigatus	fig4_q30_PE_cutadapt_unite_blast_top1_rescue	Cutadapt	PE	PE	Cutadapt
cf4fa2152a817be452f36c833693f1f3	Mock type-strain BLAST	Aspergillus	Aspergillus_fumigatus	k__Fungi; p__Ascomycota; c__Eurotiomycetes; o__Eurotiales; f__Aspergillaceae; g__Aspergillus; s__Aspergillus_fumigatus	fig4_q30_PE_cutadapt_unite_blast_top1_rescue	Cutadapt	PE	PE	Cutadapt
cf67de0c1660116cbb49fdfe08f43ec7	Mock type-strain BLAST	Candida	Candida_albicans	k__Fungi; p__Ascomycota; c__Saccharomycetes; o__Saccharomycetales; f__Debaryomycetaceae; g__Candida; s__Candida_albicans	fig4_q30_PE_cutadapt_unite_blast_top1_rescue	Cutadapt	PE	PE	Cutadapt
cf8bd45533b6f51ae2b980d2981ac5c5	Mock type-strain BLAST	Candida	Candida_albicans	k__Fungi; p__Ascomycota; c__Saccharomycetes; o__Saccharomycetales; f__Debaryomycetaceae; g__Candida; s__Candida_albicans	fig4_q30_PE_cutadapt_unite_blast_top1_rescue	Cutadapt	PE	PE	Cutadapt
d016750395fb04761d3346b6911b9ddb	Mock type-strain BLAST	Nakaseomyces	Nakaseomyces_glabratus	k__Fungi; p__Ascomycota; c__Saccharomycetes; o__Saccharomycetales; f__Saccharomycetaceae; g__Nakaseomyces; s__Nakaseomyces_glabratus	fig4_q30_PE_cutadapt_unite_blast_top1_rescue	Cutadapt	PE	PE	Cutadapt
d113cb0c70777652f1c5e5babc1945f8	Mock type-strain BLAST	Penicillium	Penicillium_chrysogenum	k__Fungi; p__Ascomycota; c__Eurotiomycetes; o__Eurotiales; f__Aspergillaceae; g__Penicillium; s__Penicillium_chrysogenum	fig4_q30_PE_cutadapt_unite_blast_top1_rescue	Cutadapt	PE	PE	Cutadapt
d121c3d0e035fe1d0b878d54314a0f3f	Mock type-strain BLAST	Aspergillus	Aspergillus_fumigatus	k__Fungi; p__Ascomycota; c__Eurotiomycetes; o__Eurotiales; f__Aspergillaceae; g__Aspergillus; s__Aspergillus_fumigatus	fig4_q30_PE_cutadapt_unite_blast_top1_rescue	Cutadapt	PE	PE	Cutadapt
d12bec04329f5ff001a3f36842de4fcf	Mock type-strain BLAST	Cryptococcus	Cryptococcus_neoformans	k__Fungi; p__Basidiomycota; c__Tremellomycetes; o__Tremellales; f__Tremellaceae; g__Cryptococcus; s__Cryptococcus_neoformans	fig4_q30_PE_cutadapt_unite_blast_top1_rescue	Cutadapt	PE	PE	Cutadapt
d14317fde9b414445f21f37c9d7e44d4	Mock type-strain BLAST	Saccharomyces	Saccharomyces_cerevisiae	k__Fungi; p__Ascomycota; c__Saccharomycetes; o__Saccharomycetales; f__Saccharomycetaceae; g__Saccharomyces; s__Saccharomyces_cerevisiae	fig4_q30_PE_cutadapt_unite_blast_top1_rescue	Cutadapt	PE	PE	Cutadapt
d15f326e40dfa3b854e7a256318ec321	Mock type-strain BLAST	Penicillium	Penicillium_chrysogenum	k__Fungi; p__Ascomycota; c__Eurotiomycetes; o__Eurotiales; f__Aspergillaceae; g__Penicillium; s__Penicillium_chrysogenum	fig4_q30_PE_cutadapt_unite_blast_top1_rescue	Cutadapt	PE	PE	Cutadapt
d16f2b6f389647abc71b88d4f95a1425	Mock type-strain BLAST	Aspergillus	Aspergillus_fumigatus	k__Fungi; p__Ascomycota; c__Eurotiomycetes; o__Eurotiales; f__Aspergillaceae; g__Aspergillus; s__Aspergillus_fumigatus	fig4_q30_PE_cutadapt_unite_blast_top1_rescue	Cutadapt	PE	PE	Cutadapt
d24759e6ba7e7f4d6daa0a60270c817e	Mock type-strain BLAST	Fusarium	Fusarium_keratoplasticum	k__Fungi; p__Ascomycota; c__Sordariomycetes; o__Hypocreales; f__Nectriaceae; g__Fusarium; s__Fusarium_keratoplasticum	fig4_q30_PE_cutadapt_unite_blast_top1_rescue	Cutadapt	PE	PE	Cutadapt
d3cf17e7ddaf0b1aea15774633f30129	Mock type-strain BLAST	Cryptococcus	Cryptococcus_neoformans	k__Fungi; p__Basidiomycota; c__Tremellomycetes; o__Tremellales; f__Tremellaceae; g__Cryptococcus; s__Cryptococcus_neoformans	fig4_q30_PE_cutadapt_unite_blast_top1_rescue	Cutadapt	PE	PE	Cutadapt
d45c1f3a09c64a4db63e989bea16782a	Mock type-strain BLAST	Cryptococcus	Cryptococcus_neoformans	k__Fungi; p__Basidiomycota; c__Tremellomycetes; o__Tremellales; f__Tremellaceae; g__Cryptococcus; s__Cryptococcus_neoformans	fig4_q30_PE_cutadapt_unite_blast_top1_rescue	Cutadapt	PE	PE	Cutadapt
d6c8b47cc1bb5f8553022804cd24cea0	Mock type-strain BLAST	Saccharomyces	Saccharomyces_cerevisiae	k__Fungi; p__Ascomycota; c__Saccharomycetes; o__Saccharomycetales; f__Saccharomycetaceae; g__Saccharomyces; s__Saccharomyces_cerevisiae	fig4_q30_PE_cutadapt_unite_blast_top1_rescue	Cutadapt	PE	PE	Cutadapt
d7829289d2c65ee05c8bc548262f7462	Mock type-strain BLAST	Nakaseomyces	Nakaseomyces_glabratus	k__Fungi; p__Ascomycota; c__Saccharomycetes; o__Saccharomycetales; f__Saccharomycetaceae; g__Nakaseomyces; s__Nakaseomyces_glabratus	fig4_q30_PE_cutadapt_unite_blast_top1_rescue	Cutadapt	PE	PE	Cutadapt
d889a202f22bd13d38f739e651e87fd9	Mock type-strain BLAST	Candida	Candida_albicans	k__Fungi; p__Ascomycota; c__Saccharomycetes; o__Saccharomycetales; f__Debaryomycetaceae; g__Candida; s__Candida_albicans	fig4_q30_PE_cutadapt_unite_blast_top1_rescue	Cutadapt	PE	PE	Cutadapt
d934a39e0d71a2b5050db4496921bb9c	Mock type-strain BLAST	Saccharomyces	Saccharomyces_cerevisiae	k__Fungi; p__Ascomycota; c__Saccharomycetes; o__Saccharomycetales; f__Saccharomycetaceae; g__Saccharomyces; s__Saccharomyces_cerevisiae	fig4_q30_PE_cutadapt_unite_blast_top1_rescue	Cutadapt	PE	PE	Cutadapt
d96eb67859f13de9303ee89dc461115d	Mock type-strain BLAST	Aspergillus	Aspergillus_fumigatus	k__Fungi; p__Ascomycota; c__Eurotiomycetes; o__Eurotiales; f__Aspergillaceae; g__Aspergillus; s__Aspergillus_fumigatus	fig4_q30_PE_cutadapt_unite_blast_top1_rescue	Cutadapt	PE	PE	Cutadapt
da3dbb64be8691d27645aa7b82caeba7	Mock type-strain BLAST	Aspergillus	Aspergillus_fumigatus	k__Fungi; p__Ascomycota; c__Eurotiomycetes; o__Eurotiales; f__Aspergillaceae; g__Aspergillus; s__Aspergillus_fumigatus	fig4_q30_PE_cutadapt_unite_blast_top1_rescue	Cutadapt	PE	PE	Cutadapt
db0ef5bf5a0990e3c19bc43772baf5c8	Mock type-strain BLAST	Saccharomyces	Saccharomyces_cerevisiae	k__Fungi; p__Ascomycota; c__Saccharomycetes; o__Saccharomycetales; f__Saccharomycetaceae; g__Saccharomyces; s__Saccharomyces_cerevisiae	fig4_q30_PE_cutadapt_unite_blast_top1_rescue	Cutadapt	PE	PE	Cutadapt
db27875bac77493d68e0574f50fec6b8	Mock type-strain BLAST	Aspergillus	Aspergillus_fumigatus	k__Fungi; p__Ascomycota; c__Eurotiomycetes; o__Eurotiales; f__Aspergillaceae; g__Aspergillus; s__Aspergillus_fumigatus	fig4_q30_PE_cutadapt_unite_blast_top1_rescue	Cutadapt	PE	PE	Cutadapt
dba663d8ae96cc529852817b3b3f367b	Mock type-strain BLAST	Candida	Candida_albicans	k__Fungi; p__Ascomycota; c__Saccharomycetes; o__Saccharomycetales; f__Debaryomycetaceae; g__Candida; s__Candida_albicans	fig4_q30_PE_cutadapt_unite_blast_top1_rescue	Cutadapt	PE	PE	Cutadapt
dbce73c8a1ab561d6f614ddf237a3797	Mock type-strain BLAST	Aspergillus	Aspergillus_fumigatus	k__Fungi; p__Ascomycota; c__Eurotiomycetes; o__Eurotiales; f__Aspergillaceae; g__Aspergillus; s__Aspergillus_fumigatus	fig4_q30_PE_cutadapt_unite_blast_top1_rescue	Cutadapt	PE	PE	Cutadapt
dbe4c02721914378ee2ed8912a91d64e	Mock type-strain BLAST	Cryptococcus	Cryptococcus_neoformans	k__Fungi; p__Basidiomycota; c__Tremellomycetes; o__Tremellales; f__Tremellaceae; g__Cryptococcus; s__Cryptococcus_neoformans	fig4_q30_PE_cutadapt_unite_blast_top1_rescue	Cutadapt	PE	PE	Cutadapt
dc31d3cd1f368b6736b7ab377a9d3a9c	Mock type-strain BLAST	Cryptococcus	Cryptococcus_neoformans	k__Fungi; p__Basidiomycota; c__Tremellomycetes; o__Tremellales; f__Tremellaceae; g__Cryptococcus; s__Cryptococcus_neoformans	fig4_q30_PE_cutadapt_unite_blast_top1_rescue	Cutadapt	PE	PE	Cutadapt
dca378344034475d8837d2a486ffe7cb	Mock type-strain BLAST	Trichophyton	Trichophyton_interdigitale	k__Fungi; p__Ascomycota; c__Eurotiomycetes; o__Onygenales; f__Arthrodermataceae; g__Trichophyton; s__Trichophyton_interdigitale	fig4_q30_PE_cutadapt_unite_blast_top1_rescue	Cutadapt	PE	PE	Cutadapt
dce6cdf241c1820d8fd691f257ee721f	Mock type-strain BLAST	Penicillium	Penicillium_chrysogenum	k__Fungi; p__Ascomycota; c__Eurotiomycetes; o__Eurotiales; f__Aspergillaceae; g__Penicillium; s__Penicillium_chrysogenum	fig4_q30_PE_cutadapt_unite_blast_top1_rescue	Cutadapt	PE	PE	Cutadapt
dd8b84b6c87fcecf8df76050b70b6a2e	Mock type-strain BLAST	Cutaneotrichosporon	Cutaneotrichosporon_dermatis	k__Fungi; p__Basidiomycota; c__Tremellomycetes; o__Trichosporonales; f__Trichosporonaceae; g__Cutaneotrichosporon; s__Cutaneotrichosporon_dermatis	fig4_q30_PE_cutadapt_unite_blast_top1_rescue	Cutadapt	PE	PE	Cutadapt
ddc938d077e73fa80d60433ea0f065b1	Mock type-strain BLAST	Aspergillus	Aspergillus_fumigatus	k__Fungi; p__Ascomycota; c__Eurotiomycetes; o__Eurotiales; f__Aspergillaceae; g__Aspergillus; s__Aspergillus_fumigatus	fig4_q30_PE_cutadapt_unite_blast_top1_rescue	Cutadapt	PE	PE	Cutadapt
de9f5d789a08776f6e7ba581d784327c	Mock type-strain BLAST	Fusarium	Fusarium_keratoplasticum	k__Fungi; p__Ascomycota; c__Sordariomycetes; o__Hypocreales; f__Nectriaceae; g__Fusarium; s__Fusarium_keratoplasticum	fig4_q30_PE_cutadapt_unite_blast_top1_rescue	Cutadapt	PE	PE	Cutadapt
deaa18d8f1f0a68e77236fd060313b09	Mock type-strain BLAST	Penicillium	Penicillium_chrysogenum	k__Fungi; p__Ascomycota; c__Eurotiomycetes; o__Eurotiales; f__Aspergillaceae; g__Penicillium; s__Penicillium_chrysogenum	fig4_q30_PE_cutadapt_unite_blast_top1_rescue	Cutadapt	PE	PE	Cutadapt
deb97cee17e99b323f1cbf412123cbe4	Mock type-strain BLAST	Nakaseomyces	Nakaseomyces_glabratus	k__Fungi; p__Ascomycota; c__Saccharomycetes; o__Saccharomycetales; f__Saccharomycetaceae; g__Nakaseomyces; s__Nakaseomyces_glabratus	fig4_q30_PE_cutadapt_unite_blast_top1_rescue	Cutadapt	PE	PE	Cutadapt
df30642ec969952fcdf4d28844df8343	Mock type-strain BLAST	Nakaseomyces	Nakaseomyces_glabratus	k__Fungi; p__Ascomycota; c__Saccharomycetes; o__Saccharomycetales; f__Saccharomycetaceae; g__Nakaseomyces; s__Nakaseomyces_glabratus	fig4_q30_PE_cutadapt_unite_blast_top1_rescue	Cutadapt	PE	PE	Cutadapt
dff53305db8c0edeebd63a7c55860b06	Mock type-strain BLAST	Saccharomyces	Saccharomyces_cerevisiae	k__Fungi; p__Ascomycota; c__Saccharomycetes; o__Saccharomycetales; f__Saccharomycetaceae; g__Saccharomyces; s__Saccharomyces_cerevisiae	fig4_q30_PE_cutadapt_unite_blast_top1_rescue	Cutadapt	PE	PE	Cutadapt
e07035ca1a78a733b80b767ee1d87f86	Mock type-strain BLAST	Saccharomyces	Saccharomyces_cerevisiae	k__Fungi; p__Ascomycota; c__Saccharomycetes; o__Saccharomycetales; f__Saccharomycetaceae; g__Saccharomyces; s__Saccharomyces_cerevisiae	fig4_q30_PE_cutadapt_unite_blast_top1_rescue	Cutadapt	PE	PE	Cutadapt
e08b78852bed4afcea6b40d7010d60eb	Mock type-strain BLAST	Malassezia	Malassezia_globosa	k__Fungi; p__Basidiomycota; c__Malasseziomycetes; o__Malasseziales; f__Malasseziaceae; g__Malassezia; s__Malassezia_globosa	fig4_q30_PE_cutadapt_unite_blast_top1_rescue	Cutadapt	PE	PE	Cutadapt
e0e9522799898c83f9f0e45ef54fe8b0	Mock type-strain BLAST	Candida	Candida_albicans	k__Fungi; p__Ascomycota; c__Saccharomycetes; o__Saccharomycetales; f__Debaryomycetaceae; g__Candida; s__Candida_albicans	fig4_q30_PE_cutadapt_unite_blast_top1_rescue	Cutadapt	PE	PE	Cutadapt
e112c29f1d4d30f93d6a4f997da66225	Mock type-strain BLAST	Penicillium	Penicillium_chrysogenum	k__Fungi; p__Ascomycota; c__Eurotiomycetes; o__Eurotiales; f__Aspergillaceae; g__Penicillium; s__Penicillium_chrysogenum	fig4_q30_PE_cutadapt_unite_blast_top1_rescue	Cutadapt	PE	PE	Cutadapt
e25bb45f33000148f4784fb8a0192a94	Mock type-strain BLAST	Saccharomyces	Saccharomyces_cerevisiae	k__Fungi; p__Ascomycota; c__Saccharomycetes; o__Saccharomycetales; f__Saccharomycetaceae; g__Saccharomyces; s__Saccharomyces_cerevisiae	fig4_q30_PE_cutadapt_unite_blast_top1_rescue	Cutadapt	PE	PE	Cutadapt
e28b6e0bb0e64f81a0dd9d665d0459ef	Mock type-strain BLAST	Cutaneotrichosporon	Cutaneotrichosporon_dermatis	k__Fungi; p__Basidiomycota; c__Tremellomycetes; o__Trichosporonales; f__Trichosporonaceae; g__Cutaneotrichosporon; s__Cutaneotrichosporon_dermatis	fig4_q30_PE_cutadapt_unite_blast_top1_rescue	Cutadapt	PE	PE	Cutadapt
e3064899818d6e27aec934443a9804d2	Mock type-strain BLAST	Cryptococcus	Cryptococcus_neoformans	k__Fungi; p__Basidiomycota; c__Tremellomycetes; o__Tremellales; f__Tremellaceae; g__Cryptococcus; s__Cryptococcus_neoformans	fig4_q30_PE_cutadapt_unite_blast_top1_rescue	Cutadapt	PE	PE	Cutadapt
e332c648f24c130c5f2d59d5449b40fc	Mock type-strain BLAST	Trichophyton	Trichophyton_interdigitale	k__Fungi; p__Ascomycota; c__Eurotiomycetes; o__Onygenales; f__Arthrodermataceae; g__Trichophyton; s__Trichophyton_interdigitale	fig4_q30_PE_cutadapt_unite_blast_top1_rescue	Cutadapt	PE	PE	Cutadapt
e44ef40252932c0964ad866230e82b21	Mock type-strain BLAST	Nakaseomyces	Nakaseomyces_glabratus	k__Fungi; p__Ascomycota; c__Saccharomycetes; o__Saccharomycetales; f__Saccharomycetaceae; g__Nakaseomyces; s__Nakaseomyces_glabratus	fig4_q30_PE_cutadapt_unite_blast_top1_rescue	Cutadapt	PE	PE	Cutadapt
e49a1c33bff01b0baad3885264c9e2dc	Mock type-strain BLAST	Cryptococcus	Cryptococcus_neoformans	k__Fungi; p__Basidiomycota; c__Tremellomycetes; o__Tremellales; f__Tremellaceae; g__Cryptococcus; s__Cryptococcus_neoformans	fig4_q30_PE_cutadapt_unite_blast_top1_rescue	Cutadapt	PE	PE	Cutadapt
e5d853208ee1048f3c1aa0c35964ff89	Mock type-strain BLAST	Aspergillus	Aspergillus_fumigatus	k__Fungi; p__Ascomycota; c__Eurotiomycetes; o__Eurotiales; f__Aspergillaceae; g__Aspergillus; s__Aspergillus_fumigatus	fig4_q30_PE_cutadapt_unite_blast_top1_rescue	Cutadapt	PE	PE	Cutadapt
e5df968e1b748c53679a29497cedafc9	Mock type-strain BLAST	Cryptococcus	Cryptococcus_neoformans	k__Fungi; p__Basidiomycota; c__Tremellomycetes; o__Tremellales; f__Tremellaceae; g__Cryptococcus; s__Cryptococcus_neoformans	fig4_q30_PE_cutadapt_unite_blast_top1_rescue	Cutadapt	PE	PE	Cutadapt
e62da64a67447ad0575490684a5b2e91	Mock type-strain BLAST	Aspergillus	Aspergillus_fumigatus	k__Fungi; p__Ascomycota; c__Eurotiomycetes; o__Eurotiales; f__Aspergillaceae; g__Aspergillus; s__Aspergillus_fumigatus	fig4_q30_PE_cutadapt_unite_blast_top1_rescue	Cutadapt	PE	PE	Cutadapt
e6e622e0c9c574a045fd0dde7ab5a0a0	Mock type-strain BLAST	Candida	Candida_albicans	k__Fungi; p__Ascomycota; c__Saccharomycetes; o__Saccharomycetales; f__Debaryomycetaceae; g__Candida; s__Candida_albicans	fig4_q30_PE_cutadapt_unite_blast_top1_rescue	Cutadapt	PE	PE	Cutadapt
e6fd0ca5e1ff2bc07426d361bf4a7867	Mock type-strain BLAST	Trichophyton	Trichophyton_interdigitale	k__Fungi; p__Ascomycota; c__Eurotiomycetes; o__Onygenales; f__Arthrodermataceae; g__Trichophyton; s__Trichophyton_interdigitale	fig4_q30_PE_cutadapt_unite_blast_top1_rescue	Cutadapt	PE	PE	Cutadapt
e71bf72c6d1bb519189030844bbb6a8a	Mock type-strain BLAST	Cutaneotrichosporon	Cutaneotrichosporon_dermatis	k__Fungi; p__Basidiomycota; c__Tremellomycetes; o__Trichosporonales; f__Trichosporonaceae; g__Cutaneotrichosporon; s__Cutaneotrichosporon_dermatis	fig4_q30_PE_cutadapt_unite_blast_top1_rescue	Cutadapt	PE	PE	Cutadapt
e8657b7595d5e8e4e50826f1c25b6aa6	Mock type-strain BLAST	Saccharomyces	Saccharomyces_cerevisiae	k__Fungi; p__Ascomycota; c__Saccharomycetes; o__Saccharomycetales; f__Saccharomycetaceae; g__Saccharomyces; s__Saccharomyces_cerevisiae	fig4_q30_PE_cutadapt_unite_blast_top1_rescue	Cutadapt	PE	PE	Cutadapt
e8f7198381d65dc8753f199663cec60c	Mock type-strain BLAST	Fusarium	Fusarium_keratoplasticum	k__Fungi; p__Ascomycota; c__Sordariomycetes; o__Hypocreales; f__Nectriaceae; g__Fusarium; s__Fusarium_keratoplasticum	fig4_q30_PE_cutadapt_unite_blast_top1_rescue	Cutadapt	PE	PE	Cutadapt
e93f497c90349fad4736dc6e20b72895	Mock type-strain BLAST	Cutaneotrichosporon	Cutaneotrichosporon_dermatis	k__Fungi; p__Basidiomycota; c__Tremellomycetes; o__Trichosporonales; f__Trichosporonaceae; g__Cutaneotrichosporon; s__Cutaneotrichosporon_dermatis	fig4_q30_PE_cutadapt_unite_blast_top1_rescue	Cutadapt	PE	PE	Cutadapt
e964994d6f202441af10c435acc7d999	Mock type-strain BLAST	Nakaseomyces	Nakaseomyces_glabratus	k__Fungi; p__Ascomycota; c__Saccharomycetes; o__Saccharomycetales; f__Saccharomycetaceae; g__Nakaseomyces; s__Nakaseomyces_glabratus	fig4_q30_PE_cutadapt_unite_blast_top1_rescue	Cutadapt	PE	PE	Cutadapt
ea269f7c04a8c3401ecdb9586b4323b8	Mock type-strain BLAST	Penicillium	Penicillium_chrysogenum	k__Fungi; p__Ascomycota; c__Eurotiomycetes; o__Eurotiales; f__Aspergillaceae; g__Penicillium; s__Penicillium_chrysogenum	fig4_q30_PE_cutadapt_unite_blast_top1_rescue	Cutadapt	PE	PE	Cutadapt
ea682988cc2366bcca203b858e165dbf	Mock type-strain BLAST	Saccharomyces	Saccharomyces_cerevisiae	k__Fungi; p__Ascomycota; c__Saccharomycetes; o__Saccharomycetales; f__Saccharomycetaceae; g__Saccharomyces; s__Saccharomyces_cerevisiae	fig4_q30_PE_cutadapt_unite_blast_top1_rescue	Cutadapt	PE	PE	Cutadapt
ea6e93c84843aa3cfe82790b7e8ee81d	Mock type-strain BLAST	Cutaneotrichosporon	Cutaneotrichosporon_dermatis	k__Fungi; p__Basidiomycota; c__Tremellomycetes; o__Trichosporonales; f__Trichosporonaceae; g__Cutaneotrichosporon; s__Cutaneotrichosporon_dermatis	fig4_q30_PE_cutadapt_unite_blast_top1_rescue	Cutadapt	PE	PE	Cutadapt
eb280d3c9f9b72b9a987c894583394c9	Mock type-strain BLAST	Saccharomyces	Saccharomyces_cerevisiae	k__Fungi; p__Ascomycota; c__Saccharomycetes; o__Saccharomycetales; f__Saccharomycetaceae; g__Saccharomyces; s__Saccharomyces_cerevisiae	fig4_q30_PE_cutadapt_unite_blast_top1_rescue	Cutadapt	PE	PE	Cutadapt
eb7ae5701404f55c4858cac509cd1036	Mock type-strain BLAST	Penicillium	Penicillium_chrysogenum	k__Fungi; p__Ascomycota; c__Eurotiomycetes; o__Eurotiales; f__Aspergillaceae; g__Penicillium; s__Penicillium_chrysogenum	fig4_q30_PE_cutadapt_unite_blast_top1_rescue	Cutadapt	PE	PE	Cutadapt
ec242822fcc557e9339f089df02f97f0	Mock type-strain BLAST	Cutaneotrichosporon	Cutaneotrichosporon_dermatis	k__Fungi; p__Basidiomycota; c__Tremellomycetes; o__Trichosporonales; f__Trichosporonaceae; g__Cutaneotrichosporon; s__Cutaneotrichosporon_dermatis	fig4_q30_PE_cutadapt_unite_blast_top1_rescue	Cutadapt	PE	PE	Cutadapt
ec5862344e2468f6db640be9b7b2db07	Mock type-strain BLAST	Saccharomyces	Saccharomyces_cerevisiae	k__Fungi; p__Ascomycota; c__Saccharomycetes; o__Saccharomycetales; f__Saccharomycetaceae; g__Saccharomyces; s__Saccharomyces_cerevisiae	fig4_q30_PE_cutadapt_unite_blast_top1_rescue	Cutadapt	PE	PE	Cutadapt
ec8817a9df86a0eeb249c443053142e7	Mock type-strain BLAST	Cutaneotrichosporon	Cutaneotrichosporon_dermatis	k__Fungi; p__Basidiomycota; c__Tremellomycetes; o__Trichosporonales; f__Trichosporonaceae; g__Cutaneotrichosporon; s__Cutaneotrichosporon_dermatis	fig4_q30_PE_cutadapt_unite_blast_top1_rescue	Cutadapt	PE	PE	Cutadapt
ec9d49717f5ec126ae4334e7cf55dc5c	Mock type-strain BLAST	Cryptococcus	Cryptococcus_neoformans	k__Fungi; p__Basidiomycota; c__Tremellomycetes; o__Tremellales; f__Tremellaceae; g__Cryptococcus; s__Cryptococcus_neoformans	fig4_q30_PE_cutadapt_unite_blast_top1_rescue	Cutadapt	PE	PE	Cutadapt
eca677b652afb80f02a64e9a83fef553	Mock type-strain BLAST	Saccharomyces	Saccharomyces_cerevisiae	k__Fungi; p__Ascomycota; c__Saccharomycetes; o__Saccharomycetales; f__Saccharomycetaceae; g__Saccharomyces; s__Saccharomyces_cerevisiae	fig4_q30_PE_cutadapt_unite_blast_top1_rescue	Cutadapt	PE	PE	Cutadapt
ecb27c145358ad94558f0c105d455511	Mock type-strain BLAST	Aspergillus	Aspergillus_fumigatus	k__Fungi; p__Ascomycota; c__Eurotiomycetes; o__Eurotiales; f__Aspergillaceae; g__Aspergillus; s__Aspergillus_fumigatus	fig4_q30_PE_cutadapt_unite_blast_top1_rescue	Cutadapt	PE	PE	Cutadapt
ed08fe04da925633f2c00f8cc1622edb	Mock type-strain BLAST	Cryptococcus	Cryptococcus_neoformans	k__Fungi; p__Basidiomycota; c__Tremellomycetes; o__Tremellales; f__Tremellaceae; g__Cryptococcus; s__Cryptococcus_neoformans	fig4_q30_PE_cutadapt_unite_blast_top1_rescue	Cutadapt	PE	PE	Cutadapt
ed4824782d1a2a0df7b273a4267b408a	Mock type-strain BLAST	Fusarium	Fusarium_keratoplasticum	k__Fungi; p__Ascomycota; c__Sordariomycetes; o__Hypocreales; f__Nectriaceae; g__Fusarium; s__Fusarium_keratoplasticum	fig4_q30_PE_cutadapt_unite_blast_top1_rescue	Cutadapt	PE	PE	Cutadapt
ee7388dacc8e4b7870d607cc42b50b9d	Mock type-strain BLAST	Cryptococcus	Cryptococcus_neoformans	k__Fungi; p__Basidiomycota; c__Tremellomycetes; o__Tremellales; f__Tremellaceae; g__Cryptococcus; s__Cryptococcus_neoformans	fig4_q30_PE_cutadapt_unite_blast_top1_rescue	Cutadapt	PE	PE	Cutadapt
eed5e4d3a31942e1584d9ceffa60b00f	Mock type-strain BLAST	Penicillium	Penicillium_chrysogenum	k__Fungi; p__Ascomycota; c__Eurotiomycetes; o__Eurotiales; f__Aspergillaceae; g__Penicillium; s__Penicillium_chrysogenum	fig4_q30_PE_cutadapt_unite_blast_top1_rescue	Cutadapt	PE	PE	Cutadapt
ef72dbd8d9fc0b4d053df2fef0d2fdc5	Mock type-strain BLAST	Fusarium	Fusarium_keratoplasticum	k__Fungi; p__Ascomycota; c__Sordariomycetes; o__Hypocreales; f__Nectriaceae; g__Fusarium; s__Fusarium_keratoplasticum	fig4_q30_PE_cutadapt_unite_blast_top1_rescue	Cutadapt	PE	PE	Cutadapt
ef95468ac58c379df3eb0f8355e0e00f	Mock type-strain BLAST	Cutaneotrichosporon	Cutaneotrichosporon_dermatis	k__Fungi; p__Basidiomycota; c__Tremellomycetes; o__Trichosporonales; f__Trichosporonaceae; g__Cutaneotrichosporon; s__Cutaneotrichosporon_dermatis	fig4_q30_PE_cutadapt_unite_blast_top1_rescue	Cutadapt	PE	PE	Cutadapt
f1e26dc5de94e5ab231af0b5370bb2e2	Mock type-strain BLAST	Saccharomyces	Saccharomyces_cerevisiae	k__Fungi; p__Ascomycota; c__Saccharomycetes; o__Saccharomycetales; f__Saccharomycetaceae; g__Saccharomyces; s__Saccharomyces_cerevisiae	fig4_q30_PE_cutadapt_unite_blast_top1_rescue	Cutadapt	PE	PE	Cutadapt
f2317d2b58e57a17e2043c724f1bf120	Mock type-strain BLAST	Cryptococcus	Cryptococcus_neoformans	k__Fungi; p__Basidiomycota; c__Tremellomycetes; o__Tremellales; f__Tremellaceae; g__Cryptococcus; s__Cryptococcus_neoformans	fig4_q30_PE_cutadapt_unite_blast_top1_rescue	Cutadapt	PE	PE	Cutadapt
f24bad932a40bd5907b66928b249e6c4	Mock type-strain BLAST	Cryptococcus	Cryptococcus_neoformans	k__Fungi; p__Basidiomycota; c__Tremellomycetes; o__Tremellales; f__Tremellaceae; g__Cryptococcus; s__Cryptococcus_neoformans	fig4_q30_PE_cutadapt_unite_blast_top1_rescue	Cutadapt	PE	PE	Cutadapt
f3a40e2dc8515c8e668fe47d3b330794	Mock type-strain BLAST	Cutaneotrichosporon	Cutaneotrichosporon_dermatis	k__Fungi; p__Basidiomycota; c__Tremellomycetes; o__Trichosporonales; f__Trichosporonaceae; g__Cutaneotrichosporon; s__Cutaneotrichosporon_dermatis	fig4_q30_PE_cutadapt_unite_blast_top1_rescue	Cutadapt	PE	PE	Cutadapt
f3a42145228ac47bb4d37a0cdda6b1ee	Mock type-strain BLAST	Fusarium	Fusarium_keratoplasticum	k__Fungi; p__Ascomycota; c__Sordariomycetes; o__Hypocreales; f__Nectriaceae; g__Fusarium; s__Fusarium_keratoplasticum	fig4_q30_PE_cutadapt_unite_blast_top1_rescue	Cutadapt	PE	PE	Cutadapt
f420cbde9cad909158433a2da2bc2724	Mock type-strain BLAST	Cutaneotrichosporon	Cutaneotrichosporon_dermatis	k__Fungi; p__Basidiomycota; c__Tremellomycetes; o__Trichosporonales; f__Trichosporonaceae; g__Cutaneotrichosporon; s__Cutaneotrichosporon_dermatis	fig4_q30_PE_cutadapt_unite_blast_top1_rescue	Cutadapt	PE	PE	Cutadapt
f45167fe9037171e98d058bf61f10146	Mock type-strain BLAST	Cutaneotrichosporon	Cutaneotrichosporon_dermatis	k__Fungi; p__Basidiomycota; c__Tremellomycetes; o__Trichosporonales; f__Trichosporonaceae; g__Cutaneotrichosporon; s__Cutaneotrichosporon_dermatis	fig4_q30_PE_cutadapt_unite_blast_top1_rescue	Cutadapt	PE	PE	Cutadapt
f49e5929ca3833c66e1441cdadb318b5	Mock type-strain BLAST	Nakaseomyces	Nakaseomyces_glabratus	k__Fungi; p__Ascomycota; c__Saccharomycetes; o__Saccharomycetales; f__Saccharomycetaceae; g__Nakaseomyces; s__Nakaseomyces_glabratus	fig4_q30_PE_cutadapt_unite_blast_top1_rescue	Cutadapt	PE	PE	Cutadapt
f4d59f3582021edd31f8a66bfbe26d3f	Mock type-strain BLAST	Cutaneotrichosporon	Cutaneotrichosporon_dermatis	k__Fungi; p__Basidiomycota; c__Tremellomycetes; o__Trichosporonales; f__Trichosporonaceae; g__Cutaneotrichosporon; s__Cutaneotrichosporon_dermatis	fig4_q30_PE_cutadapt_unite_blast_top1_rescue	Cutadapt	PE	PE	Cutadapt
f6a521a0d8aa769735adaf5767c25c2a	Mock type-strain BLAST	Cutaneotrichosporon	Cutaneotrichosporon_dermatis	k__Fungi; p__Basidiomycota; c__Tremellomycetes; o__Trichosporonales; f__Trichosporonaceae; g__Cutaneotrichosporon; s__Cutaneotrichosporon_dermatis	fig4_q30_PE_cutadapt_unite_blast_top1_rescue	Cutadapt	PE	PE	Cutadapt
f6f5923d4dd3c8badbc2b3e5e4b02b91	Mock type-strain BLAST	Cutaneotrichosporon	Cutaneotrichosporon_dermatis	k__Fungi; p__Basidiomycota; c__Tremellomycetes; o__Trichosporonales; f__Trichosporonaceae; g__Cutaneotrichosporon; s__Cutaneotrichosporon_dermatis	fig4_q30_PE_cutadapt_unite_blast_top1_rescue	Cutadapt	PE	PE	Cutadapt
f7218976c1e3cfa5b3311810d216b38c	Mock type-strain BLAST	Penicillium	Penicillium_chrysogenum	k__Fungi; p__Ascomycota; c__Eurotiomycetes; o__Eurotiales; f__Aspergillaceae; g__Penicillium; s__Penicillium_chrysogenum	fig4_q30_PE_cutadapt_unite_blast_top1_rescue	Cutadapt	PE	PE	Cutadapt
f8dfb2eaf616ca6fd27b85fafa01d333	Mock type-strain BLAST	Fusarium	Fusarium_keratoplasticum	k__Fungi; p__Ascomycota; c__Sordariomycetes; o__Hypocreales; f__Nectriaceae; g__Fusarium; s__Fusarium_keratoplasticum	fig4_q30_PE_cutadapt_unite_blast_top1_rescue	Cutadapt	PE	PE	Cutadapt
f8f66f00e3f4d16fd424b04bd2c32c3d	Mock type-strain BLAST	Penicillium	Penicillium_chrysogenum	k__Fungi; p__Ascomycota; c__Eurotiomycetes; o__Eurotiales; f__Aspergillaceae; g__Penicillium; s__Penicillium_chrysogenum	fig4_q30_PE_cutadapt_unite_blast_top1_rescue	Cutadapt	PE	PE	Cutadapt
fa49207aafe8816360a131aaed63c5c4	Mock type-strain BLAST	Cutaneotrichosporon	Cutaneotrichosporon_dermatis	k__Fungi; p__Basidiomycota; c__Tremellomycetes; o__Trichosporonales; f__Trichosporonaceae; g__Cutaneotrichosporon; s__Cutaneotrichosporon_dermatis	fig4_q30_PE_cutadapt_unite_blast_top1_rescue	Cutadapt	PE	PE	Cutadapt
fa5c3717c38ec0a0608200d65036bf26	Mock type-strain BLAST	Saccharomyces	Saccharomyces_cerevisiae	k__Fungi; p__Ascomycota; c__Saccharomycetes; o__Saccharomycetales; f__Saccharomycetaceae; g__Saccharomyces; s__Saccharomyces_cerevisiae	fig4_q30_PE_cutadapt_unite_blast_top1_rescue	Cutadapt	PE	PE	Cutadapt
fa80b39ca2cea9ec824ab8329503c0b6	Mock type-strain BLAST	Candida	Candida_albicans	k__Fungi; p__Ascomycota; c__Saccharomycetes; o__Saccharomycetales; f__Debaryomycetaceae; g__Candida; s__Candida_albicans	fig4_q30_PE_cutadapt_unite_blast_top1_rescue	Cutadapt	PE	PE	Cutadapt
fb7034b7e4ae776739fa3661b5089842	Mock type-strain BLAST	Nakaseomyces	Nakaseomyces_glabratus	k__Fungi; p__Ascomycota; c__Saccharomycetes; o__Saccharomycetales; f__Saccharomycetaceae; g__Nakaseomyces; s__Nakaseomyces_glabratus	fig4_q30_PE_cutadapt_unite_blast_top1_rescue	Cutadapt	PE	PE	Cutadapt
fb76d27379d6ef9ed89ed41710259908	Mock type-strain BLAST	Trichophyton	Trichophyton_interdigitale	k__Fungi; p__Ascomycota; c__Eurotiomycetes; o__Onygenales; f__Arthrodermataceae; g__Trichophyton; s__Trichophyton_interdigitale	fig4_q30_PE_cutadapt_unite_blast_top1_rescue	Cutadapt	PE	PE	Cutadapt
fc6c4e11383bfe07c738ed3d89340482	Mock type-strain BLAST	Penicillium	Penicillium_chrysogenum	k__Fungi; p__Ascomycota; c__Eurotiomycetes; o__Eurotiales; f__Aspergillaceae; g__Penicillium; s__Penicillium_chrysogenum	fig4_q30_PE_cutadapt_unite_blast_top1_rescue	Cutadapt	PE	PE	Cutadapt
fe5dd60487e397f73714f40f42953e76	Mock type-strain BLAST	Penicillium	Penicillium_chrysogenum	k__Fungi; p__Ascomycota; c__Eurotiomycetes; o__Eurotiales; f__Aspergillaceae; g__Penicillium; s__Penicillium_chrysogenum	fig4_q30_PE_cutadapt_unite_blast_top1_rescue	Cutadapt	PE	PE	Cutadapt
ff34f3db7fbb3ad8306614c173ba2319	Mock type-strain BLAST	Aspergillus	Aspergillus_fumigatus	k__Fungi; p__Ascomycota; c__Eurotiomycetes; o__Eurotiales; f__Aspergillaceae; g__Aspergillus; s__Aspergillus_fumigatus	fig4_q30_PE_cutadapt_unite_blast_top1_rescue	Cutadapt	PE	PE	Cutadapt
ff8927283a289e09e5c48a5cf7d76e7d	Mock type-strain BLAST	Aspergillus	Aspergillus_fumigatus	k__Fungi; p__Ascomycota; c__Eurotiomycetes; o__Eurotiales; f__Aspergillaceae; g__Aspergillus; s__Aspergillus_fumigatus	fig4_q30_PE_cutadapt_unite_blast_top1_rescue	Cutadapt	PE	PE	Cutadapt
72dd04cf016a807b3f0ed8e3b52565b4	UNITE	Candida	Candida_albicans	k__Fungi; p__Ascomycota; c__Saccharomycetes; o__Saccharomycetales; f__Saccharomycetales_fam_Incertae_sedis; g__Candida; s__Candida_albicans	fig4_q30_SE_cutadapt_unite_blast_top1_rescue	Cutadapt	SE	SE	Cutadapt
010b07e3b6da2a38547e45cd063dd63d	UNITE	Cutaneotrichosporon	Cutaneotrichosporon_mucoides	k__Fungi; p__Basidiomycota; c__Tremellomycetes; o__Trichosporonales; f__Trichosporonaceae; g__Cutaneotrichosporon; s__Cutaneotrichosporon_mucoides	fig4_q30_SE_cutadapt_unite_blast_top1_rescue	Cutadapt	SE	SE	Cutadapt
5eb88a9a6282b223cd88dbc003040251	UNITE	Cryptococcus	Cryptococcus_neoformans	k__Fungi; p__Basidiomycota; c__Tremellomycetes; o__Tremellales; f__Cryptococcaceae; g__Cryptococcus; s__Cryptococcus_neoformans	fig4_q30_SE_cutadapt_unite_blast_top1_rescue	Cutadapt	SE	SE	Cutadapt
ef2a10e078a78c78b0dfca20f3bc56d6	UNITE	Penicillium	Unclassified	k__Fungi; p__Ascomycota; c__Eurotiomycetes; o__Eurotiales; f__Aspergillaceae; g__Penicillium; s__Penicillium_g	fig4_q30_SE_cutadapt_unite_blast_top1_rescue	Cutadapt	SE	SE	Cutadapt
53926185040b69b43d226af323a0598e	UNITE	Nakaseomyces	Nakaseomyces_glabratus	k__Fungi; p__Ascomycota; c__Saccharomycetes; o__Saccharomycetales; f__Saccharomycetaceae; g__Nakaseomyces; s__Nakaseomyces_glabratus	fig4_q30_SE_cutadapt_unite_blast_top1_rescue	Cutadapt	SE	SE	Cutadapt
55c1f51cc4845985dae3c90e77b5d5b1	UNITE	Saccharomyces	Saccharomyces_cerevisiae	k__Fungi; p__Ascomycota; c__Saccharomycetes; o__Saccharomycetales; f__Saccharomycetaceae; g__Saccharomyces; s__Saccharomyces_cerevisiae	fig4_q30_SE_cutadapt_unite_blast_top1_rescue	Cutadapt	SE	SE	Cutadapt
38da37bf49a104ddf2f0adc044079d2e	UNITE	Ascomycota_p	Ascomycota_p	k__Fungi; p__Ascomycota; c__Ascomycota_p; o__Ascomycota_p; f__Ascomycota_p; g__Ascomycota_p; s__Ascomycota_p	fig4_q30_SE_cutadapt_unite_blast_top1_rescue	Cutadapt	SE	SE	Cutadapt
28b1e3694b1bcb9d577830df4fd6c876	UNITE	Aspergillus	Aspergillus_fumigatus	k__Fungi; p__Ascomycota; c__Eurotiomycetes; o__Eurotiales; f__Aspergillaceae; g__Aspergillus; s__Aspergillus_fumigatus	fig4_q30_SE_cutadapt_unite_blast_top1_rescue	Cutadapt	SE	SE	Cutadapt
f52aa5980a9162ead1e2a406681ba1b7	UNITE	Fungi_k	Fungi_k	k__Fungi; p__Fungi_k; c__Fungi_k; o__Fungi_k; f__Fungi_k; g__Fungi_k; s__Fungi_k	fig4_q30_SE_cutadapt_unite_blast_top1_rescue	Cutadapt	SE	SE	Cutadapt
7ec84e73c19db6fd14a892be88d602d6	UNITE	Ascomycota_p	Ascomycota_p	k__Fungi; p__Ascomycota; c__Ascomycota_p; o__Ascomycota_p; f__Ascomycota_p; g__Ascomycota_p; s__Ascomycota_p	fig4_q30_SE_cutadapt_unite_blast_top1_rescue	Cutadapt	SE	SE	Cutadapt
23ce5b9dd49c380e94ec122f11c8077f	UNITE	Fungi_k	Fungi_k	k__Fungi; p__Fungi_k; c__Fungi_k; o__Fungi_k; f__Fungi_k; g__Fungi_k; s__Fungi_k	fig4_q30_SE_cutadapt_unite_blast_top1_rescue	Cutadapt	SE	SE	Cutadapt
cbf18da6c0f768134b965e6c94579fb5	UNITE	Ascomycota_p	Ascomycota_p	k__Fungi; p__Ascomycota; c__Ascomycota_p; o__Ascomycota_p; f__Ascomycota_p; g__Ascomycota_p; s__Ascomycota_p	fig4_q30_SE_cutadapt_unite_blast_top1_rescue	Cutadapt	SE	SE	Cutadapt
719c06db40daf054bc4b27a72600de75	UNITE	Cutaneotrichosporon	Cutaneotrichosporon_debeurmannianum	k__Fungi; p__Basidiomycota; c__Tremellomycetes; o__Trichosporonales; f__Trichosporonaceae; g__Cutaneotrichosporon; s__Cutaneotrichosporon_debeurmannianum	fig4_q30_SE_cutadapt_unite_blast_top1_rescue	Cutadapt	SE	SE	Cutadapt
9c6a6a6806ecf36a83eea035327a4777	UNITE	Trichophyton	Trichophyton_mentagrophytes	k__Fungi; p__Ascomycota; c__Eurotiomycetes; o__Onygenales; f__Arthrodermataceae; g__Trichophyton; s__Trichophyton_mentagrophytes	fig4_q30_SE_cutadapt_unite_blast_top1_rescue	Cutadapt	SE	SE	Cutadapt
5aa8bf9dfef378818c857e66263bb473	UNITE	Cladosporium	Cladosporium_herbarum	k__Fungi; p__Ascomycota; c__Dothideomycetes; o__Cladosporiales; f__Cladosporiaceae; g__Cladosporium; s__Cladosporium_herbarum	fig4_q30_SE_cutadapt_unite_blast_top1_rescue	Cutadapt	SE	SE	Cutadapt
3454e06b84a4908c00458fd5cde8cfe4	UNITE	Irpex	Irpex_hacksungii	k__Fungi; p__Basidiomycota; c__Agaricomycetes; o__Polyporales; f__Irpicaceae; g__Irpex; s__Irpex_hacksungii	fig4_q30_SE_cutadapt_unite_blast_top1_rescue	Cutadapt	SE	SE	Cutadapt
d64a586df2febe320546417d9621d507	UNITE	Ascomycota_p	Ascomycota_p	k__Fungi; p__Ascomycota; c__Ascomycota_p; o__Ascomycota_p; f__Ascomycota_p; g__Ascomycota_p; s__Ascomycota_p	fig4_q30_SE_cutadapt_unite_blast_top1_rescue	Cutadapt	SE	SE	Cutadapt
2d5840001771d889fbe752a80463af2c	UNITE	Kazachstania	Kazachstania_servazzii	k__Fungi; p__Ascomycota; c__Saccharomycetes; o__Saccharomycetales; f__Saccharomycetaceae; g__Kazachstania; s__Kazachstania_servazzii	fig4_q30_SE_cutadapt_unite_blast_top1_rescue	Cutadapt	SE	SE	Cutadapt
9dca25bcfb9f6faab9371fc6704b590a	UNITE	Irpex	Irpex_laceratus	k__Fungi; p__Basidiomycota; c__Agaricomycetes; o__Polyporales; f__Irpicaceae; g__Irpex; s__Irpex_laceratus	fig4_q30_SE_cutadapt_unite_blast_top1_rescue	Cutadapt	SE	SE	Cutadapt
26c2e693490c7955c44b198bdf3e0088	UNITE	Debaryomyces	Debaryomyces_delbrueckii	k__Fungi; p__Ascomycota; c__Saccharomycetes; o__Saccharomycetales; f__Debaryomycetaceae; g__Debaryomyces; s__Debaryomyces_delbrueckii	fig4_q30_SE_cutadapt_unite_blast_top1_rescue	Cutadapt	SE	SE	Cutadapt
99b9ce04c0575bc120dc13c27c6fbd61	UNITE	Cryptococcus	Cryptococcus_neoformans	k__Fungi; p__Basidiomycota; c__Tremellomycetes; o__Tremellales; f__Cryptococcaceae; g__Cryptococcus; s__Cryptococcus_neoformans	fig4_q30_SE_cutadapt_unite_blast_top1_rescue	Cutadapt	SE	SE	Cutadapt
9899e5944be6d8cfc566fec1d4cdf106	UNITE	Cryptococcus	Cryptococcus_neoformans	k__Fungi; p__Basidiomycota; c__Tremellomycetes; o__Tremellales; f__Cryptococcaceae; g__Cryptococcus; s__Cryptococcus_neoformans	fig4_q30_SE_cutadapt_unite_blast_top1_rescue	Cutadapt	SE	SE	Cutadapt
852a848e6c1fce8ec025e60eb1d8ad45	UNITE	Cutaneotrichosporon	Cutaneotrichosporon_mucoides	k__Fungi; p__Basidiomycota; c__Tremellomycetes; o__Trichosporonales; f__Trichosporonaceae; g__Cutaneotrichosporon; s__Cutaneotrichosporon_mucoides	fig4_q30_SE_cutadapt_unite_blast_top1_rescue	Cutadapt	SE	SE	Cutadapt
1c8bbb1b54f02065db91f0386a39e0ad	UNITE	Ascomycota_p	Ascomycota_p	k__Fungi; p__Ascomycota; c__Ascomycota_p; o__Ascomycota_p; f__Ascomycota_p; g__Ascomycota_p; s__Ascomycota_p	fig4_q30_SE_cutadapt_unite_blast_top1_rescue	Cutadapt	SE	SE	Cutadapt
1eb57cce3c3583ae58927522adab0277	UNITE	Ascomycota_p	Ascomycota_p	k__Fungi; p__Ascomycota; c__Ascomycota_p; o__Ascomycota_p; f__Ascomycota_p; g__Ascomycota_p; s__Ascomycota_p	fig4_q30_SE_cutadapt_unite_blast_top1_rescue	Cutadapt	SE	SE	Cutadapt
2e39d48abc07a6ccc13a028ccde00e00	UNITE	Fusarium	Unclassified	k__Fungi; p__Ascomycota; c__Sordariomycetes; o__Hypocreales; f__Nectriaceae; g__Fusarium; s__Fusarium_g	fig4_q30_SE_cutadapt_unite_blast_top1_rescue	Cutadapt	SE	SE	Cutadapt
80d69bc60273cafc5a73ae55b234f7c9	UNITE	Nigrospora	Unclassified	k__Fungi; p__Ascomycota; c__Sordariomycetes; o__Amphisphaeriales; f__Apiosporaceae; g__Nigrospora; s__Nigrospora_g	fig4_q30_SE_cutadapt_unite_blast_top1_rescue	Cutadapt	SE	SE	Cutadapt
e9158b4ef80d8a3ac9e727f88e44cb72	UNITE	Peniophoraceae_f	Peniophoraceae_f	k__Fungi; p__Basidiomycota; c__Agaricomycetes; o__Russulales; f__Peniophoraceae; g__Peniophoraceae_f; s__Peniophoraceae_f	fig4_q30_SE_cutadapt_unite_blast_top1_rescue	Cutadapt	SE	SE	Cutadapt
385c77a0d40dfabdc66dff6fc5e92f33	UNITE	Irpex	Irpex_laceratus	k__Fungi; p__Basidiomycota; c__Agaricomycetes; o__Polyporales; f__Irpicaceae; g__Irpex; s__Irpex_laceratus	fig4_q30_SE_cutadapt_unite_blast_top1_rescue	Cutadapt	SE	SE	Cutadapt
722fb57e17229696cb75e47ad882962f	UNITE	Stereaceae_f	Stereaceae_f	k__Fungi; p__Basidiomycota; c__Agaricomycetes; o__Russulales; f__Stereaceae; g__Stereaceae_f; s__Stereaceae_f	fig4_q30_SE_cutadapt_unite_blast_top1_rescue	Cutadapt	SE	SE	Cutadapt
a841082e3b16121e246a0a2ca1534c20	UNITE	Didymellaceae_f	Didymellaceae_f	k__Fungi; p__Ascomycota; c__Dothideomycetes; o__Pleosporales; f__Didymellaceae; g__Didymellaceae_f; s__Didymellaceae_f	fig4_q30_SE_cutadapt_unite_blast_top1_rescue	Cutadapt	SE	SE	Cutadapt
a5af3fc8194eb0b464eafe3cdb571633	UNITE	Saccharomyces	Saccharomyces_cerevisiae	k__Fungi; p__Ascomycota; c__Saccharomycetes; o__Saccharomycetales; f__Saccharomycetaceae; g__Saccharomyces; s__Saccharomyces_cerevisiae	fig4_q30_SE_cutadapt_unite_blast_top1_rescue	Cutadapt	SE	SE	Cutadapt
fb1e99770074de04d7dff1b96c37c523	UNITE	Aspergillus	Unclassified	k__Fungi; p__Ascomycota; c__Eurotiomycetes; o__Eurotiales; f__Aspergillaceae; g__Aspergillus; s__Aspergillus_g	fig4_q30_SE_cutadapt_unite_blast_top1_rescue	Cutadapt	SE	SE	Cutadapt
628fa4d9864efdb099121fdc264211a5	UNITE	Penicillium	Penicillium_patris-mei	k__Fungi; p__Ascomycota; c__Eurotiomycetes; o__Eurotiales; f__Aspergillaceae; g__Penicillium; s__Penicillium_patris-mei	fig4_q30_SE_cutadapt_unite_blast_top1_rescue	Cutadapt	SE	SE	Cutadapt
bfa6afd86523df0a5ddd44a01da73ddb	UNITE	Fungi_k	Fungi_k	k__Fungi; p__Fungi_k; c__Fungi_k; o__Fungi_k; f__Fungi_k; g__Fungi_k; s__Fungi_k	fig4_q30_SE_cutadapt_unite_blast_top1_rescue	Cutadapt	SE	SE	Cutadapt
dc4c92957db247364b6bca5eb5bd2b66	UNITE	Ascomycota_p	Ascomycota_p	k__Fungi; p__Ascomycota; c__Ascomycota_p; o__Ascomycota_p; f__Ascomycota_p; g__Ascomycota_p; s__Ascomycota_p	fig4_q30_SE_cutadapt_unite_blast_top1_rescue	Cutadapt	SE	SE	Cutadapt
442a16533e54a9749b2cc6af051e2025	UNITE	Schizophyllum	Schizophyllum_commune	k__Fungi; p__Basidiomycota; c__Agaricomycetes; o__Agaricales; f__Schizophyllaceae; g__Schizophyllum; s__Schizophyllum_commune	fig4_q30_SE_cutadapt_unite_blast_top1_rescue	Cutadapt	SE	SE	Cutadapt
12cc799b99ed75d931516e3b1cc680ad	UNITE	Bjerkandera	Bjerkandera_adusta	k__Fungi; p__Basidiomycota; c__Agaricomycetes; o__Polyporales; f__Phanerochaetaceae; g__Bjerkandera; s__Bjerkandera_adusta	fig4_q30_SE_cutadapt_unite_blast_top1_rescue	Cutadapt	SE	SE	Cutadapt
af01a0d35b83bc29b5aed222ed1a3fa5	UNITE	Mucor	Mucor_circinelloides	k__Fungi; p__Mucoromycota; c__Mucoromycetes; o__Mucorales; f__Mucoraceae; g__Mucor; s__Mucor_circinelloides	fig4_q30_SE_cutadapt_unite_blast_top1_rescue	Cutadapt	SE	SE	Cutadapt
5a06576196c23f808bdfe0399228553a	UNITE	Candolleomyces	Candolleomyces_subminutisporus	k__Fungi; p__Basidiomycota; c__Agaricomycetes; o__Agaricales; f__Psathyrellaceae; g__Candolleomyces; s__Candolleomyces_subminutisporus	fig4_q30_SE_cutadapt_unite_blast_top1_rescue	Cutadapt	SE	SE	Cutadapt
adda5ef25aa444e1e8e3dbf448184191	UNITE	Bullera	Bullera_alba	k__Fungi; p__Basidiomycota; c__Tremellomycetes; o__Tremellales; f__Bulleraceae; g__Bullera; s__Bullera_alba	fig4_q30_SE_cutadapt_unite_blast_top1_rescue	Cutadapt	SE	SE	Cutadapt
4c2a20f52c5307c38f027444128a1e56	UNITE	Fungi_k	Fungi_k	k__Fungi; p__Fungi_k; c__Fungi_k; o__Fungi_k; f__Fungi_k; g__Fungi_k; s__Fungi_k	fig4_q30_SE_cutadapt_unite_blast_top1_rescue	Cutadapt	SE	SE	Cutadapt
d0b4254cf72c2997dd42ad82af681f04	UNITE	Cryptococcus	Cryptococcus_neoformans	k__Fungi; p__Basidiomycota; c__Tremellomycetes; o__Tremellales; f__Cryptococcaceae; g__Cryptococcus; s__Cryptococcus_neoformans	fig4_q30_SE_cutadapt_unite_blast_top1_rescue	Cutadapt	SE	SE	Cutadapt
b6d153f4aa1b7adc86d16ea7f46db14a	UNITE	Ophiognomonia	Ophiognomonia_asiatica	k__Fungi; p__Ascomycota; c__Sordariomycetes; o__Diaporthales; f__Gnomoniaceae; g__Ophiognomonia; s__Ophiognomonia_asiatica	fig4_q30_SE_cutadapt_unite_blast_top1_rescue	Cutadapt	SE	SE	Cutadapt
6d4528949a1b4da8c05713abbbd208fd	UNITE	Irpex	Irpex_hacksungii	k__Fungi; p__Basidiomycota; c__Agaricomycetes; o__Polyporales; f__Irpicaceae; g__Irpex; s__Irpex_hacksungii	fig4_q30_SE_cutadapt_unite_blast_top1_rescue	Cutadapt	SE	SE	Cutadapt
1a06f4d3b11bdcb6ad8457f0d779d84b	UNITE	Schizoporaceae_f	Schizoporaceae_f	k__Fungi; p__Basidiomycota; c__Agaricomycetes; o__Hymenochaetales; f__Schizoporaceae; g__Schizoporaceae_f; s__Schizoporaceae_f	fig4_q30_SE_cutadapt_unite_blast_top1_rescue	Cutadapt	SE	SE	Cutadapt
52ecfb22e1c990982f5951c06b4908b3	UNITE	Udeniomyces	Udeniomyces_pyricola	k__Fungi; p__Basidiomycota; c__Tremellomycetes; o__Cystofilobasidiales; f__Mrakiaceae; g__Udeniomyces; s__Udeniomyces_pyricola	fig4_q30_SE_cutadapt_unite_blast_top1_rescue	Cutadapt	SE	SE	Cutadapt
b7b0fcf787b97ca7ed398fae36e66b47	UNITE	Fungi_k	Fungi_k	k__Fungi; p__Fungi_k; c__Fungi_k; o__Fungi_k; f__Fungi_k; g__Fungi_k; s__Fungi_k	fig4_q30_SE_cutadapt_unite_blast_top1_rescue	Cutadapt	SE	SE	Cutadapt
96089fcd4be16af3744dff9823059e84	UNITE	Peniophoraceae_f	Peniophoraceae_f	k__Fungi; p__Basidiomycota; c__Agaricomycetes; o__Russulales; f__Peniophoraceae; g__Peniophoraceae_f; s__Peniophoraceae_f	fig4_q30_SE_cutadapt_unite_blast_top1_rescue	Cutadapt	SE	SE	Cutadapt
00b0c1b2dd29f6dde895345a89eab2d4	UNITE	Peniophoraceae_f	Peniophoraceae_f	k__Fungi; p__Basidiomycota; c__Agaricomycetes; o__Russulales; f__Peniophoraceae; g__Peniophoraceae_f; s__Peniophoraceae_f	fig4_q30_SE_cutadapt_unite_blast_top1_rescue	Cutadapt	SE	SE	Cutadapt
d00069f184bac3614964ebeeb9e0c463	UNITE	Dentipellis	Dentipellis_fragilis	k__Fungi; p__Basidiomycota; c__Agaricomycetes; o__Russulales; f__Hericiaceae; g__Dentipellis; s__Dentipellis_fragilis	fig4_q30_SE_cutadapt_unite_blast_top1_rescue	Cutadapt	SE	SE	Cutadapt
a98e7da7571b7fd9f95c9e1ddfda6826	UNITE	Trametes	Trametes_pubescens	k__Fungi; p__Basidiomycota; c__Agaricomycetes; o__Polyporales; f__Polyporaceae; g__Trametes; s__Trametes_pubescens	fig4_q30_SE_cutadapt_unite_blast_top1_rescue	Cutadapt	SE	SE	Cutadapt
01bb26a8a1751eb3c5b4b7ecb7e47993	UNITE	Fungi_k	Fungi_k	k__Fungi; p__Fungi_k; c__Fungi_k; o__Fungi_k; f__Fungi_k; g__Fungi_k; s__Fungi_k	fig4_q30_SE_cutadapt_unite_blast_top1_rescue	Cutadapt	SE	SE	Cutadapt
98889d06c709abb06729cab49128dd46	UNITE	Daedaleopsis	Daedaleopsis_confragosa	k__Fungi; p__Basidiomycota; c__Agaricomycetes; o__Polyporales; f__Polyporaceae; g__Daedaleopsis; s__Daedaleopsis_confragosa	fig4_q30_SE_cutadapt_unite_blast_top1_rescue	Cutadapt	SE	SE	Cutadapt
957a4979ef8eb030190ed5fa5f7c5e47	UNITE	Tilletiopsis	Tilletiopsis_washingtonensis	k__Fungi; p__Basidiomycota; c__Exobasidiomycetes; o__Entylomatales; f__Entylomataceae; g__Tilletiopsis; s__Tilletiopsis_washingtonensis	fig4_q30_SE_cutadapt_unite_blast_top1_rescue	Cutadapt	SE	SE	Cutadapt
117e36b53921c2986d9b3bf373166f23	UNITE	Phanerochaete	Phanerochaete_livescens	k__Fungi; p__Basidiomycota; c__Agaricomycetes; o__Polyporales; f__Phanerochaetaceae; g__Phanerochaete; s__Phanerochaete_livescens	fig4_q30_SE_cutadapt_unite_blast_top1_rescue	Cutadapt	SE	SE	Cutadapt
2ec4fcc1eb3651a961c3fb1428c3433b	UNITE	Sporobolomyces	Unclassified	k__Fungi; p__Basidiomycota; c__Microbotryomycetes; o__Sporidiobolales; f__Sporidiobolaceae; g__Sporobolomyces; s__Sporobolomyces_g	fig4_q30_SE_cutadapt_unite_blast_top1_rescue	Cutadapt	SE	SE	Cutadapt
380916886b4dd08f02461044249c308d	UNITE	Hymenochaetopsis	Hymenochaetopsis_yasudae	k__Fungi; p__Basidiomycota; c__Agaricomycetes; o__Hymenochaetales; f__Hymenochaetaceae; g__Hymenochaetopsis; s__Hymenochaetopsis_yasudae	fig4_q30_SE_cutadapt_unite_blast_top1_rescue	Cutadapt	SE	SE	Cutadapt
4895bce8e320a5bf47a9ca23b5631654	UNITE	Ascomycota_p	Ascomycota_p	k__Fungi; p__Ascomycota; c__Ascomycota_p; o__Ascomycota_p; f__Ascomycota_p; g__Ascomycota_p; s__Ascomycota_p	fig4_q30_SE_cutadapt_unite_blast_top1_rescue	Cutadapt	SE	SE	Cutadapt
59f88c9bea61b29af23eed08c6f6a96e	UNITE	Polyporales_o	Polyporales_o	k__Fungi; p__Basidiomycota; c__Agaricomycetes; o__Polyporales; f__Polyporales_o; g__Polyporales_o; s__Polyporales_o	fig4_q30_SE_cutadapt_unite_blast_top1_rescue	Cutadapt	SE	SE	Cutadapt
816d201ed9172ccf13a16767c31c90c9	UNITE	Malassezia	Malassezia_sympodialis	k__Fungi; p__Basidiomycota; c__Malasseziomycetes; o__Malasseziales; f__Malasseziaceae; g__Malassezia; s__Malassezia_sympodialis	fig4_q30_SE_cutadapt_unite_blast_top1_rescue	Cutadapt	SE	SE	Cutadapt
9c44645f431c91d96352598dc69d9dd4	UNITE	Pleosporales_o	Pleosporales_o	k__Fungi; p__Ascomycota; c__Dothideomycetes; o__Pleosporales; f__Pleosporales_o; g__Pleosporales_o; s__Pleosporales_o	fig4_q30_SE_cutadapt_unite_blast_top1_rescue	Cutadapt	SE	SE	Cutadapt
705dc39cc2275d1e72dc907ff947628d	UNITE	Crepidotus	Unclassified	k__Fungi; p__Basidiomycota; c__Agaricomycetes; o__Agaricales; f__Crepidotaceae; g__Crepidotus; s__Crepidotus_g	fig4_q30_SE_cutadapt_unite_blast_top1_rescue	Cutadapt	SE	SE	Cutadapt
0b9eb13a7db8bebd0a71d05bfce5f411	UNITE	Sistotremastrum	Sistotremastrum_guttuliferum	k__Fungi; p__Basidiomycota; c__Agaricomycetes; o__Trechisporales; f__Hydnodontaceae; g__Sistotremastrum; s__Sistotremastrum_guttuliferum	fig4_q30_SE_cutadapt_unite_blast_top1_rescue	Cutadapt	SE	SE	Cutadapt
0dc05c777d2a965f0a5d08d7b7a56458	UNITE	Dothideomycetes_c	Dothideomycetes_c	k__Fungi; p__Ascomycota; c__Dothideomycetes; o__Dothideomycetes_c; f__Dothideomycetes_c; g__Dothideomycetes_c; s__Dothideomycetes_c	fig4_q30_SE_cutadapt_unite_blast_top1_rescue	Cutadapt	SE	SE	Cutadapt
0d2054ad18668ff06200cd375bad78fc	UNITE	Ceratobasidiaceae_f	Ceratobasidiaceae_f	k__Fungi; p__Basidiomycota; c__Agaricomycetes; o__Cantharellales; f__Ceratobasidiaceae; g__Ceratobasidiaceae_f; s__Ceratobasidiaceae_f	fig4_q30_SE_cutadapt_unite_blast_top1_rescue	Cutadapt	SE	SE	Cutadapt
15341b177fd17d7c5a13510e07a8a807	UNITE	Fungi_k	Fungi_k	k__Fungi; p__Fungi_k; c__Fungi_k; o__Fungi_k; f__Fungi_k; g__Fungi_k; s__Fungi_k	fig4_q30_SE_cutadapt_unite_blast_top1_rescue	Cutadapt	SE	SE	Cutadapt
b1b361c336fa35c9c85cc4d6e884e225	UNITE	Paragibellulopsis	Paragibellulopsis_chrysanthemi	k__Fungi; p__Ascomycota; c__Sordariomycetes; o__Glomerellales; f__Plectosphaerellaceae; g__Paragibellulopsis; s__Paragibellulopsis_chrysanthemi	fig4_q30_SE_cutadapt_unite_blast_top1_rescue	Cutadapt	SE	SE	Cutadapt
188f2c973193c37c726eb3e8437e22d6	UNITE	Irpex	Irpex_hacksungii	k__Fungi; p__Basidiomycota; c__Agaricomycetes; o__Polyporales; f__Irpicaceae; g__Irpex; s__Irpex_hacksungii	fig4_q30_SE_cutadapt_unite_blast_top1_rescue	Cutadapt	SE	SE	Cutadapt
d88567ebe660f0a6651f4846b34d71e2	UNITE	Cystobasidium	Cystobasidium_slooffiae	k__Fungi; p__Basidiomycota; c__Cystobasidiomycetes; o__Cystobasidiales; f__Cystobasidiaceae; g__Cystobasidium; s__Cystobasidium_slooffiae	fig4_q30_SE_cutadapt_unite_blast_top1_rescue	Cutadapt	SE	SE	Cutadapt
a35b5bb74ae271253c48bf3dc7eaf278	UNITE	Phlebiopsis	Unclassified	k__Fungi; p__Basidiomycota; c__Agaricomycetes; o__Polyporales; f__Phanerochaetaceae; g__Phlebiopsis; s__Phlebiopsis_g	fig4_q30_SE_cutadapt_unite_blast_top1_rescue	Cutadapt	SE	SE	Cutadapt
460ee956051055b9917825569ff923c6	UNITE	Fungi_k	Fungi_k	k__Fungi; p__Fungi_k; c__Fungi_k; o__Fungi_k; f__Fungi_k; g__Fungi_k; s__Fungi_k	fig4_q30_SE_cutadapt_unite_blast_top1_rescue	Cutadapt	SE	SE	Cutadapt
6579df31fdeb07e99320f5c35e866053	UNITE	Biscogniauxia	Biscogniauxia_atropunctata	k__Fungi; p__Ascomycota; c__Sordariomycetes; o__Xylariales; f__Graphostromataceae; g__Biscogniauxia; s__Biscogniauxia_atropunctata	fig4_q30_SE_cutadapt_unite_blast_top1_rescue	Cutadapt	SE	SE	Cutadapt
10bd3d3bd7cf83389aa23b472f7e1b02	UNITE	Candida	Candida_dubliniensis	k__Fungi; p__Ascomycota; c__Saccharomycetes; o__Saccharomycetales; f__Saccharomycetales_fam_Incertae_sedis; g__Candida; s__Candida_dubliniensis	fig4_q30_SE_cutadapt_unite_blast_top1_rescue	Cutadapt	SE	SE	Cutadapt
3d6bfcea85715e48dbcf0dd76406cc95	UNITE	Mucor	Mucor_nidicola	k__Fungi; p__Mucoromycota; c__Mucoromycetes; o__Mucorales; f__Mucoraceae; g__Mucor; s__Mucor_nidicola	fig4_q30_SE_cutadapt_unite_blast_top1_rescue	Cutadapt	SE	SE	Cutadapt
661bf01ab3c55eee56f097097463b355	UNITE	Penicillium	Penicillium_sclerotiorum	k__Fungi; p__Ascomycota; c__Eurotiomycetes; o__Eurotiales; f__Aspergillaceae; g__Penicillium; s__Penicillium_sclerotiorum	fig4_q30_SE_cutadapt_unite_blast_top1_rescue	Cutadapt	SE	SE	Cutadapt
52e9f5f2067648d12ec4ece62907a916	UNITE	Steccherinum	Steccherinum_tenuissimum	k__Fungi; p__Basidiomycota; c__Agaricomycetes; o__Polyporales; f__Steccherinaceae; g__Steccherinum; s__Steccherinum_tenuissimum	fig4_q30_SE_cutadapt_unite_blast_top1_rescue	Cutadapt	SE	SE	Cutadapt
17fd2c848707f61d8529a69db689f25d	UNITE	Xylodon	Xylodon_flaviporus	k__Fungi; p__Basidiomycota; c__Agaricomycetes; o__Hymenochaetales; f__Schizoporaceae; g__Xylodon; s__Xylodon_flaviporus	fig4_q30_SE_cutadapt_unite_blast_top1_rescue	Cutadapt	SE	SE	Cutadapt
9cb444debe2d75a0faae9e99b58b96cd	UNITE	Fungi_k	Fungi_k	k__Fungi; p__Fungi_k; c__Fungi_k; o__Fungi_k; f__Fungi_k; g__Fungi_k; s__Fungi_k	fig4_q30_SE_cutadapt_unite_blast_top1_rescue	Cutadapt	SE	SE	Cutadapt
f1e26dc5de94e5ab231af0b5370bb2e2	UNITE	Fungi_k	Fungi_k	k__Fungi; p__Fungi_k; c__Fungi_k; o__Fungi_k; f__Fungi_k; g__Fungi_k; s__Fungi_k	fig4_q30_SE_cutadapt_unite_blast_top1_rescue	Cutadapt	SE	SE	Cutadapt
30b0fb5596b860a51ac563e7ee8466cb	UNITE	Atheliales_o	Atheliales_o	k__Fungi; p__Basidiomycota; c__Agaricomycetes; o__Atheliales; f__Atheliales_o; g__Atheliales_o; s__Atheliales_o	fig4_q30_SE_cutadapt_unite_blast_top1_rescue	Cutadapt	SE	SE	Cutadapt
aec4b0133013dab9debc4e68fe3659ff	UNITE	Peniophoraceae_f	Peniophoraceae_f	k__Fungi; p__Basidiomycota; c__Agaricomycetes; o__Russulales; f__Peniophoraceae; g__Peniophoraceae_f; s__Peniophoraceae_f	fig4_q30_SE_cutadapt_unite_blast_top1_rescue	Cutadapt	SE	SE	Cutadapt
7f21c32326f029d0dc23b6548c9be2eb	UNITE	Ceriporia	Ceriporia_nanlingensis	k__Fungi; p__Basidiomycota; c__Agaricomycetes; o__Polyporales; f__Irpicaceae; g__Ceriporia; s__Ceriporia_nanlingensis	fig4_q30_SE_cutadapt_unite_blast_top1_rescue	Cutadapt	SE	SE	Cutadapt
031b9c6bdcad084cb3a095a0d198cebd	UNITE	Fungi_k	Fungi_k	k__Fungi; p__Fungi_k; c__Fungi_k; o__Fungi_k; f__Fungi_k; g__Fungi_k; s__Fungi_k	fig4_q30_SE_cutadapt_unite_blast_top1_rescue	Cutadapt	SE	SE	Cutadapt
fb35ca8ff15793fd70c07633f55dad71	UNITE	Fungi_k	Fungi_k	k__Fungi; p__Fungi_k; c__Fungi_k; o__Fungi_k; f__Fungi_k; g__Fungi_k; s__Fungi_k	fig4_q30_SE_cutadapt_unite_blast_top1_rescue	Cutadapt	SE	SE	Cutadapt
ab7c9f9f3b22be975b8ce431693e3ece	UNITE	Sporobolomyces	Sporobolomyces_carnicolor	k__Fungi; p__Basidiomycota; c__Microbotryomycetes; o__Sporidiobolales; f__Sporidiobolaceae; g__Sporobolomyces; s__Sporobolomyces_carnicolor	fig4_q30_SE_cutadapt_unite_blast_top1_rescue	Cutadapt	SE	SE	Cutadapt
dfeb122bae0ce9f357229be0b4e90619	UNITE	Trametes	Trametes_hirsuta	k__Fungi; p__Basidiomycota; c__Agaricomycetes; o__Polyporales; f__Polyporaceae; g__Trametes; s__Trametes_hirsuta	fig4_q30_SE_cutadapt_unite_blast_top1_rescue	Cutadapt	SE	SE	Cutadapt
a84c1b186e95fc28c77e0c58812ca7e5	UNITE	Fuscoporia	Fuscoporia_karsteniana	k__Fungi; p__Basidiomycota; c__Agaricomycetes; o__Hymenochaetales; f__Hymenochaetaceae; g__Fuscoporia; s__Fuscoporia_karsteniana	fig4_q30_SE_cutadapt_unite_blast_top1_rescue	Cutadapt	SE	SE	Cutadapt
ff05b9a82953ffcc6645056118fff882	UNITE	Sarocladium	Sarocladium_zeae	k__Fungi; p__Ascomycota; c__Sordariomycetes; o__Hypocreales; f__Sarocladiaceae; g__Sarocladium; s__Sarocladium_zeae	fig4_q30_SE_cutadapt_unite_blast_top1_rescue	Cutadapt	SE	SE	Cutadapt
c159022850229d28f9c8462163c7d352	UNITE	Irpex	Irpex_hacksungii	k__Fungi; p__Basidiomycota; c__Agaricomycetes; o__Polyporales; f__Irpicaceae; g__Irpex; s__Irpex_hacksungii	fig4_q30_SE_cutadapt_unite_blast_top1_rescue	Cutadapt	SE	SE	Cutadapt
f99e1af2943587a660911231516d2b0d	UNITE	Penicillium	Penicillium_citrinum	k__Fungi; p__Ascomycota; c__Eurotiomycetes; o__Eurotiales; f__Aspergillaceae; g__Penicillium; s__Penicillium_citrinum	fig4_q30_SE_cutadapt_unite_blast_top1_rescue	Cutadapt	SE	SE	Cutadapt
e99579856827fee5f22ab107b3a13376	UNITE	Fungi_k	Fungi_k	k__Fungi; p__Fungi_k; c__Fungi_k; o__Fungi_k; f__Fungi_k; g__Fungi_k; s__Fungi_k	fig4_q30_SE_cutadapt_unite_blast_top1_rescue	Cutadapt	SE	SE	Cutadapt
3cd81fadba0bfa954ab5979c1601a3f1	UNITE	Coprinopsis	Unclassified	k__Fungi; p__Basidiomycota; c__Agaricomycetes; o__Agaricales; f__Psathyrellaceae; g__Coprinopsis; s__Coprinopsis_g	fig4_q30_SE_cutadapt_unite_blast_top1_rescue	Cutadapt	SE	SE	Cutadapt
4932e029d9172067e8f5fd3ec92cf65f	UNITE	Talaromyces	Unclassified	k__Fungi; p__Ascomycota; c__Eurotiomycetes; o__Eurotiales; f__Trichocomaceae; g__Talaromyces; s__Talaromyces_g	fig4_q30_SE_cutadapt_unite_blast_top1_rescue	Cutadapt	SE	SE	Cutadapt
0f3757bb9559984673430e50398b09b4	UNITE	Helotiales_o	Helotiales_o	k__Fungi; p__Ascomycota; c__Leotiomycetes; o__Helotiales; f__Helotiales_o; g__Helotiales_o; s__Helotiales_o	fig4_q30_SE_cutadapt_unite_blast_top1_rescue	Cutadapt	SE	SE	Cutadapt
00ee2a2c090f05308822650762e66a5b	UNITE	Fungi_k	Fungi_k	k__Fungi; p__Fungi_k; c__Fungi_k; o__Fungi_k; f__Fungi_k; g__Fungi_k; s__Fungi_k	fig4_q30_SE_cutadapt_unite_blast_top1_rescue	Cutadapt	SE	SE	Cutadapt
448deac40229a7efe42560189717e686	UNITE	Penicillium	Penicillium_sumatraense	k__Fungi; p__Ascomycota; c__Eurotiomycetes; o__Eurotiales; f__Aspergillaceae; g__Penicillium; s__Penicillium_sumatraense	fig4_q30_SE_cutadapt_unite_blast_top1_rescue	Cutadapt	SE	SE	Cutadapt
0fa00e784c08052273ca73e81a15e062	UNITE	Ceriporia	Ceriporia_nanlingensis	k__Fungi; p__Basidiomycota; c__Agaricomycetes; o__Polyporales; f__Irpicaceae; g__Ceriporia; s__Ceriporia_nanlingensis	fig4_q30_SE_cutadapt_unite_blast_top1_rescue	Cutadapt	SE	SE	Cutadapt
92ebee3e1d5e106289f51862c1333f71	UNITE	Peniophoraceae_f	Peniophoraceae_f	k__Fungi; p__Basidiomycota; c__Agaricomycetes; o__Russulales; f__Peniophoraceae; g__Peniophoraceae_f; s__Peniophoraceae_f	fig4_q30_SE_cutadapt_unite_blast_top1_rescue	Cutadapt	SE	SE	Cutadapt
7c26a2bc5ea2beb04c6da14fd04a67c3	UNITE	Suillus	Unclassified	k__Fungi; p__Basidiomycota; c__Agaricomycetes; o__Boletales; f__Suillaceae; g__Suillus; s__Suillus_g	fig4_q30_SE_cutadapt_unite_blast_top1_rescue	Cutadapt	SE	SE	Cutadapt
ce2917ca97a6ed458f6df0078d2e50b8	UNITE	Aureobasidium	Aureobasidium_pullulans	k__Fungi; p__Ascomycota; c__Dothideomycetes; o__Dothideales; f__Saccotheciaceae; g__Aureobasidium; s__Aureobasidium_pullulans	fig4_q30_SE_cutadapt_unite_blast_top1_rescue	Cutadapt	SE	SE	Cutadapt
b356543b7a64ebdabe2aacf2a2b4e4af	UNITE	Fungi_k	Fungi_k	k__Fungi; p__Fungi_k; c__Fungi_k; o__Fungi_k; f__Fungi_k; g__Fungi_k; s__Fungi_k	fig4_q30_SE_cutadapt_unite_blast_top1_rescue	Cutadapt	SE	SE	Cutadapt
338ebd69d5b03851738ff9768b025122	UNITE	Fungi_k	Fungi_k	k__Fungi; p__Fungi_k; c__Fungi_k; o__Fungi_k; f__Fungi_k; g__Fungi_k; s__Fungi_k	fig4_q30_SE_cutadapt_unite_blast_top1_rescue	Cutadapt	SE	SE	Cutadapt
80031c9738d7445f1f857a5681c053a2	UNITE	Fungi_k	Fungi_k	k__Fungi; p__Fungi_k; c__Fungi_k; o__Fungi_k; f__Fungi_k; g__Fungi_k; s__Fungi_k	fig4_q30_SE_cutadapt_unite_blast_top1_rescue	Cutadapt	SE	SE	Cutadapt
67f44c83f92569ef7a21c13966f48c49	UNITE	Aspergillus	Unclassified	k__Fungi; p__Ascomycota; c__Eurotiomycetes; o__Eurotiales; f__Aspergillaceae; g__Aspergillus; s__Aspergillus_g	fig4_q30_SE_cutadapt_unite_blast_top1_rescue	Cutadapt	SE	SE	Cutadapt
2b01ef55e239b98907664a9962dd835b	UNITE	Ascomycota_p	Ascomycota_p	k__Fungi; p__Ascomycota; c__Ascomycota_p; o__Ascomycota_p; f__Ascomycota_p; g__Ascomycota_p; s__Ascomycota_p	fig4_q30_SE_cutadapt_unite_blast_top1_rescue	Cutadapt	SE	SE	Cutadapt
9b61ba42a163f182fb0517d16e21353b	UNITE	Xeromyces	Xeromyces_bisporus	k__Fungi; p__Ascomycota; c__Eurotiomycetes; o__Eurotiales; f__Aspergillaceae; g__Xeromyces; s__Xeromyces_bisporus	fig4_q30_SE_cutadapt_unite_blast_top1_rescue	Cutadapt	SE	SE	Cutadapt
6eee9ddd3be2fa1716629021008b521e	UNITE	Rhizoplaca	Rhizoplaca_novomexicana	k__Fungi; p__Ascomycota; c__Lecanoromycetes; o__Lecanorales; f__Lecanoraceae; g__Rhizoplaca; s__Rhizoplaca_novomexicana	fig4_q30_SE_cutadapt_unite_blast_top1_rescue	Cutadapt	SE	SE	Cutadapt
89b2c9df3eca133597ce82b96537e5cb	UNITE	Ascomycota_p	Ascomycota_p	k__Fungi; p__Ascomycota; c__Ascomycota_p; o__Ascomycota_p; f__Ascomycota_p; g__Ascomycota_p; s__Ascomycota_p	fig4_q30_SE_cutadapt_unite_blast_top1_rescue	Cutadapt	SE	SE	Cutadapt
96bf17ba3b4f9d5e0a21bebcbe3e6347	UNITE	Mucor	Mucor_circinelloides	k__Fungi; p__Mucoromycota; c__Mucoromycetes; o__Mucorales; f__Mucoraceae; g__Mucor; s__Mucor_circinelloides	fig4_q30_SE_cutadapt_unite_blast_top1_rescue	Cutadapt	SE	SE	Cutadapt
ec6e9c6d65a5399d0933b26589fe40db	UNITE	Fungi_k	Fungi_k	k__Fungi; p__Fungi_k; c__Fungi_k; o__Fungi_k; f__Fungi_k; g__Fungi_k; s__Fungi_k	fig4_q30_SE_cutadapt_unite_blast_top1_rescue	Cutadapt	SE	SE	Cutadapt
1081bb0a739150388231c3df65f909dc	UNITE	Ascomycota_p	Ascomycota_p	k__Fungi; p__Ascomycota; c__Ascomycota_p; o__Ascomycota_p; f__Ascomycota_p; g__Ascomycota_p; s__Ascomycota_p	fig4_q30_SE_cutadapt_unite_blast_top1_rescue	Cutadapt	SE	SE	Cutadapt
4941117af711ee0d06af22a61b399b2d	UNITE	Ascomycota_p	Ascomycota_p	k__Fungi; p__Ascomycota; c__Ascomycota_p; o__Ascomycota_p; f__Ascomycota_p; g__Ascomycota_p; s__Ascomycota_p	fig4_q30_SE_cutadapt_unite_blast_top1_rescue	Cutadapt	SE	SE	Cutadapt
04afb5de4ef391d0ab8c50f4bfe0e962	UNITE	Ascomycota_p	Ascomycota_p	k__Fungi; p__Ascomycota; c__Ascomycota_p; o__Ascomycota_p; f__Ascomycota_p; g__Ascomycota_p; s__Ascomycota_p	fig4_q30_SE_cutadapt_unite_blast_top1_rescue	Cutadapt	SE	SE	Cutadapt
2abd97d819164ca22fea7fc261ffc6f7	UNITE	Ascomycota_p	Ascomycota_p	k__Fungi; p__Ascomycota; c__Ascomycota_p; o__Ascomycota_p; f__Ascomycota_p; g__Ascomycota_p; s__Ascomycota_p	fig4_q30_SE_cutadapt_unite_blast_top1_rescue	Cutadapt	SE	SE	Cutadapt
35f06e1185ad3c6c3effe47fae6c598c	UNITE	Ascomycota_p	Ascomycota_p	k__Fungi; p__Ascomycota; c__Ascomycota_p; o__Ascomycota_p; f__Ascomycota_p; g__Ascomycota_p; s__Ascomycota_p	fig4_q30_SE_cutadapt_unite_blast_top1_rescue	Cutadapt	SE	SE	Cutadapt
ef625af92358d0ebe325ddb17b618ef9	UNITE	Fungi_k	Fungi_k	k__Fungi; p__Fungi_k; c__Fungi_k; o__Fungi_k; f__Fungi_k; g__Fungi_k; s__Fungi_k	fig4_q30_SE_cutadapt_unite_blast_top1_rescue	Cutadapt	SE	SE	Cutadapt
e82b717c2dd3e0adf38d29ca295ddd59	UNITE	Fungi_k	Fungi_k	k__Fungi; p__Fungi_k; c__Fungi_k; o__Fungi_k; f__Fungi_k; g__Fungi_k; s__Fungi_k	fig4_q30_SE_cutadapt_unite_blast_top1_rescue	Cutadapt	SE	SE	Cutadapt
59e40ac1498d94cbe3008b752b9b8303	UNITE	Ascomycota_p	Ascomycota_p	k__Fungi; p__Ascomycota; c__Ascomycota_p; o__Ascomycota_p; f__Ascomycota_p; g__Ascomycota_p; s__Ascomycota_p	fig4_q30_SE_cutadapt_unite_blast_top1_rescue	Cutadapt	SE	SE	Cutadapt
a1ddc0359a09921a4282096b4bd79a1c	UNITE	Ascomycota_p	Ascomycota_p	k__Fungi; p__Ascomycota; c__Ascomycota_p; o__Ascomycota_p; f__Ascomycota_p; g__Ascomycota_p; s__Ascomycota_p	fig4_q30_SE_cutadapt_unite_blast_top1_rescue	Cutadapt	SE	SE	Cutadapt
c2203519577ce726b6acdcbc0b212be6	UNITE	Hydnaceae_f	Hydnaceae_f	k__Fungi; p__Basidiomycota; c__Agaricomycetes; o__Cantharellales; f__Hydnaceae; g__Hydnaceae_f; s__Hydnaceae_f	fig4_q30_SE_cutadapt_unite_blast_top1_rescue	Cutadapt	SE	SE	Cutadapt
6a9936467ea0ec25f21c078e03632613	UNITE	Candida	Candida_albicans	k__Fungi; p__Ascomycota; c__Saccharomycetes; o__Saccharomycetales; f__Saccharomycetales_fam_Incertae_sedis; g__Candida; s__Candida_albicans	fig4_q30_SE_cutadapt_unite_blast_top1_rescue	Cutadapt	SE	SE	Cutadapt
f3556e55c63ed4a9ecddd5ef5c6d9ae8	UNITE	Fungi_k	Fungi_k	k__Fungi; p__Fungi_k; c__Fungi_k; o__Fungi_k; f__Fungi_k; g__Fungi_k; s__Fungi_k	fig4_q30_SE_cutadapt_unite_blast_top1_rescue	Cutadapt	SE	SE	Cutadapt
c694e89dc307e53cba3c2902c5b6c85d	UNITE	Fungi_k	Fungi_k	k__Fungi; p__Fungi_k; c__Fungi_k; o__Fungi_k; f__Fungi_k; g__Fungi_k; s__Fungi_k	fig4_q30_SE_cutadapt_unite_blast_top1_rescue	Cutadapt	SE	SE	Cutadapt
c9cf851cc8b151e77a0a03db7e8e5217	UNITE	Cryptococcus	Cryptococcus_neoformans	k__Fungi; p__Basidiomycota; c__Tremellomycetes; o__Tremellales; f__Cryptococcaceae; g__Cryptococcus; s__Cryptococcus_neoformans	fig4_q30_SE_cutadapt_unite_blast_top1_rescue	Cutadapt	SE	SE	Cutadapt
b52a1a66de4c1b1ac1df6e2151141f35	UNITE	Fungi_k	Fungi_k	k__Fungi; p__Fungi_k; c__Fungi_k; o__Fungi_k; f__Fungi_k; g__Fungi_k; s__Fungi_k	fig4_q30_SE_cutadapt_unite_blast_top1_rescue	Cutadapt	SE	SE	Cutadapt
d17228a9992e50708dfe3ab981c02b40	UNITE	Ascomycota_p	Ascomycota_p	k__Fungi; p__Ascomycota; c__Ascomycota_p; o__Ascomycota_p; f__Ascomycota_p; g__Ascomycota_p; s__Ascomycota_p	fig4_q30_SE_cutadapt_unite_blast_top1_rescue	Cutadapt	SE	SE	Cutadapt
bf60bfa70e65550fe55e453011d1dc47	UNITE	Fungi_k	Fungi_k	k__Fungi; p__Fungi_k; c__Fungi_k; o__Fungi_k; f__Fungi_k; g__Fungi_k; s__Fungi_k	fig4_q30_SE_cutadapt_unite_blast_top1_rescue	Cutadapt	SE	SE	Cutadapt
1b0ea89e8460365693bf9a78cd7193ef	UNITE	Fungi_k	Fungi_k	k__Fungi; p__Fungi_k; c__Fungi_k; o__Fungi_k; f__Fungi_k; g__Fungi_k; s__Fungi_k	fig4_q30_SE_cutadapt_unite_blast_top1_rescue	Cutadapt	SE	SE	Cutadapt
f9e0459672e12d102a630e4436ffb437	UNITE	Candolleomyces	Unclassified	k__Fungi; p__Basidiomycota; c__Agaricomycetes; o__Agaricales; f__Psathyrellaceae; g__Candolleomyces; s__Candolleomyces_g	fig4_q30_SE_cutadapt_unite_blast_top1_rescue	Cutadapt	SE	SE	Cutadapt
429ef104fcabfbb4b403c2c09309eadf	UNITE	Penicillium	Penicillium_sumatraense	k__Fungi; p__Ascomycota; c__Eurotiomycetes; o__Eurotiales; f__Aspergillaceae; g__Penicillium; s__Penicillium_sumatraense	fig4_q30_SE_cutadapt_unite_blast_top1_rescue	Cutadapt	SE	SE	Cutadapt
f995e145056827d946990165fee89f13	UNITE	Fungi_k	Fungi_k	k__Fungi; p__Fungi_k; c__Fungi_k; o__Fungi_k; f__Fungi_k; g__Fungi_k; s__Fungi_k	fig4_q30_SE_cutadapt_unite_blast_top1_rescue	Cutadapt	SE	SE	Cutadapt
6734e9cf02163049e17ba80c6b32c086	UNITE	Fungi_k	Fungi_k	k__Fungi; p__Fungi_k; c__Fungi_k; o__Fungi_k; f__Fungi_k; g__Fungi_k; s__Fungi_k	fig4_q30_SE_cutadapt_unite_blast_top1_rescue	Cutadapt	SE	SE	Cutadapt
d25e7da93e6b99dc8a029aa614772d33	UNITE	Ascomycota_p	Ascomycota_p	k__Fungi; p__Ascomycota; c__Ascomycota_p; o__Ascomycota_p; f__Ascomycota_p; g__Ascomycota_p; s__Ascomycota_p	fig4_q30_SE_cutadapt_unite_blast_top1_rescue	Cutadapt	SE	SE	Cutadapt
3055f49397f6797b6af3d93deaed571e	UNITE	Rhodotorula	Rhodotorula_mucilaginosa	k__Fungi; p__Basidiomycota; c__Microbotryomycetes; o__Sporidiobolales; f__Sporidiobolaceae; g__Rhodotorula; s__Rhodotorula_mucilaginosa	fig4_q30_SE_cutadapt_unite_blast_top1_rescue	Cutadapt	SE	SE	Cutadapt
6ea70f7a936fb3c83b92541a31d0699e	UNITE	Fungi_k	Fungi_k	k__Fungi; p__Fungi_k; c__Fungi_k; o__Fungi_k; f__Fungi_k; g__Fungi_k; s__Fungi_k	fig4_q30_SE_cutadapt_unite_blast_top1_rescue	Cutadapt	SE	SE	Cutadapt
90c790cd51b041fe427de8b5a8538108	UNITE	Ascomycota_p	Ascomycota_p	k__Fungi; p__Ascomycota; c__Ascomycota_p; o__Ascomycota_p; f__Ascomycota_p; g__Ascomycota_p; s__Ascomycota_p	fig4_q30_SE_cutadapt_unite_blast_top1_rescue	Cutadapt	SE	SE	Cutadapt
bd59c047dfd8722ab82188dd160d6676	UNITE	Ascomycota_p	Ascomycota_p	k__Fungi; p__Ascomycota; c__Ascomycota_p; o__Ascomycota_p; f__Ascomycota_p; g__Ascomycota_p; s__Ascomycota_p	fig4_q30_SE_cutadapt_unite_blast_top1_rescue	Cutadapt	SE	SE	Cutadapt
38af596704a7b2a9f8c44337022e99fa	UNITE	Ascomycota_p	Ascomycota_p	k__Fungi; p__Ascomycota; c__Ascomycota_p; o__Ascomycota_p; f__Ascomycota_p; g__Ascomycota_p; s__Ascomycota_p	fig4_q30_SE_cutadapt_unite_blast_top1_rescue	Cutadapt	SE	SE	Cutadapt
56b3fd0a76a57716fa9dc86ef499f86a	UNITE	Ascomycota_p	Ascomycota_p	k__Fungi; p__Ascomycota; c__Ascomycota_p; o__Ascomycota_p; f__Ascomycota_p; g__Ascomycota_p; s__Ascomycota_p	fig4_q30_SE_cutadapt_unite_blast_top1_rescue	Cutadapt	SE	SE	Cutadapt
593628bb9050300495d659b459fd5aa3	UNITE	Fungi_k	Fungi_k	k__Fungi; p__Fungi_k; c__Fungi_k; o__Fungi_k; f__Fungi_k; g__Fungi_k; s__Fungi_k	fig4_q30_SE_cutadapt_unite_blast_top1_rescue	Cutadapt	SE	SE	Cutadapt
c9e7884f1c2075801461d85650da4f8d	UNITE	Fungi_k	Fungi_k	k__Fungi; p__Fungi_k; c__Fungi_k; o__Fungi_k; f__Fungi_k; g__Fungi_k; s__Fungi_k	fig4_q30_SE_cutadapt_unite_blast_top1_rescue	Cutadapt	SE	SE	Cutadapt
8eedab30efdc40b9d88bdabe03635ba4	UNITE	Fungi_k	Fungi_k	k__Fungi; p__Fungi_k; c__Fungi_k; o__Fungi_k; f__Fungi_k; g__Fungi_k; s__Fungi_k	fig4_q30_SE_cutadapt_unite_blast_top1_rescue	Cutadapt	SE	SE	Cutadapt
21feee196968505b63639074b75a7d27	UNITE	Kazachstania	Kazachstania_servazzii	k__Fungi; p__Ascomycota; c__Saccharomycetes; o__Saccharomycetales; f__Saccharomycetaceae; g__Kazachstania; s__Kazachstania_servazzii	fig4_q30_SE_cutadapt_unite_blast_top1_rescue	Cutadapt	SE	SE	Cutadapt
0768181f519364a9439b4901c0812f7d	UNITE	Fungi_k	Fungi_k	k__Fungi; p__Fungi_k; c__Fungi_k; o__Fungi_k; f__Fungi_k; g__Fungi_k; s__Fungi_k	fig4_q30_SE_cutadapt_unite_blast_top1_rescue	Cutadapt	SE	SE	Cutadapt
fcbc999ca804479fd39bdcaef8c7c1c0	UNITE	Aspergillus	Unclassified	k__Fungi; p__Ascomycota; c__Eurotiomycetes; o__Eurotiales; f__Aspergillaceae; g__Aspergillus; s__Aspergillus_g	fig4_q30_SE_cutadapt_unite_blast_top1_rescue	Cutadapt	SE	SE	Cutadapt
c37e09b9fad0c4eba3557a245868649d	UNITE	Ascomycota_p	Ascomycota_p	k__Fungi; p__Ascomycota; c__Ascomycota_p; o__Ascomycota_p; f__Ascomycota_p; g__Ascomycota_p; s__Ascomycota_p	fig4_q30_SE_cutadapt_unite_blast_top1_rescue	Cutadapt	SE	SE	Cutadapt
28545e23c1f29aea79e54c2490f42375	UNITE	Ascomycota_p	Ascomycota_p	k__Fungi; p__Ascomycota; c__Ascomycota_p; o__Ascomycota_p; f__Ascomycota_p; g__Ascomycota_p; s__Ascomycota_p	fig4_q30_SE_cutadapt_unite_blast_top1_rescue	Cutadapt	SE	SE	Cutadapt
eb0a24cde4475b6ba4de24cc713e47bd	UNITE	Cryptococcus	Cryptococcus_neoformans	k__Fungi; p__Basidiomycota; c__Tremellomycetes; o__Tremellales; f__Cryptococcaceae; g__Cryptococcus; s__Cryptococcus_neoformans	fig4_q30_SE_cutadapt_unite_blast_top1_rescue	Cutadapt	SE	SE	Cutadapt
e05fc0449f67499fe6ddec89784dbb5d	UNITE	Didymellaceae_f	Didymellaceae_f	k__Fungi; p__Ascomycota; c__Dothideomycetes; o__Pleosporales; f__Didymellaceae; g__Didymellaceae_f; s__Didymellaceae_f	fig4_q30_SE_cutadapt_unite_blast_top1_rescue	Cutadapt	SE	SE	Cutadapt
c4f98e0590c3c3c748b905428148ad3a	UNITE	Fungi_k	Fungi_k	k__Fungi; p__Fungi_k; c__Fungi_k; o__Fungi_k; f__Fungi_k; g__Fungi_k; s__Fungi_k	fig4_q30_SE_cutadapt_unite_blast_top1_rescue	Cutadapt	SE	SE	Cutadapt
5508856d9d35057c551dd5960df94f40	UNITE	Fungi_k	Fungi_k	k__Fungi; p__Fungi_k; c__Fungi_k; o__Fungi_k; f__Fungi_k; g__Fungi_k; s__Fungi_k	fig4_q30_SE_cutadapt_unite_blast_top1_rescue	Cutadapt	SE	SE	Cutadapt
22381edf2faa88f0c0f8bece81941d9f	UNITE	Trechispora	Unclassified	k__Fungi; p__Basidiomycota; c__Agaricomycetes; o__Trechisporales; f__Hydnodontaceae; g__Trechispora; s__Trechispora_g	fig4_q30_SE_cutadapt_unite_blast_top1_rescue	Cutadapt	SE	SE	Cutadapt
6790f42c7414d04cbfca2d0bc9403137	UNITE	Fungi_k	Fungi_k	k__Fungi; p__Fungi_k; c__Fungi_k; o__Fungi_k; f__Fungi_k; g__Fungi_k; s__Fungi_k	fig4_q30_SE_cutadapt_unite_blast_top1_rescue	Cutadapt	SE	SE	Cutadapt
169e5e3b66682ea6eb26c477ce213b7c	UNITE	Ascomycota_p	Ascomycota_p	k__Fungi; p__Ascomycota; c__Ascomycota_p; o__Ascomycota_p; f__Ascomycota_p; g__Ascomycota_p; s__Ascomycota_p	fig4_q30_SE_cutadapt_unite_blast_top1_rescue	Cutadapt	SE	SE	Cutadapt
45abd68f253254c6fa3ef6981b6b7e84	UNITE	Fungi_k	Fungi_k	k__Fungi; p__Fungi_k; c__Fungi_k; o__Fungi_k; f__Fungi_k; g__Fungi_k; s__Fungi_k	fig4_q30_SE_cutadapt_unite_blast_top1_rescue	Cutadapt	SE	SE	Cutadapt
3cdd5c9296b323dd20d1dc2d8c42357a	UNITE	Ascomycota_p	Ascomycota_p	k__Fungi; p__Ascomycota; c__Ascomycota_p; o__Ascomycota_p; f__Ascomycota_p; g__Ascomycota_p; s__Ascomycota_p	fig4_q30_SE_cutadapt_unite_blast_top1_rescue	Cutadapt	SE	SE	Cutadapt
734b3bd502cf4e15ab36e06823ea19d1	UNITE	Fungi_k	Fungi_k	k__Fungi; p__Fungi_k; c__Fungi_k; o__Fungi_k; f__Fungi_k; g__Fungi_k; s__Fungi_k	fig4_q30_SE_cutadapt_unite_blast_top1_rescue	Cutadapt	SE	SE	Cutadapt
4bc9878d9cb5210bbfa8e56b3f990fe1	UNITE	Ascomycota_p	Ascomycota_p	k__Fungi; p__Ascomycota; c__Ascomycota_p; o__Ascomycota_p; f__Ascomycota_p; g__Ascomycota_p; s__Ascomycota_p	fig4_q30_SE_cutadapt_unite_blast_top1_rescue	Cutadapt	SE	SE	Cutadapt
e2d6b080c35429edc1bf79320290191c	UNITE	Fungi_k	Fungi_k	k__Fungi; p__Fungi_k; c__Fungi_k; o__Fungi_k; f__Fungi_k; g__Fungi_k; s__Fungi_k	fig4_q30_SE_cutadapt_unite_blast_top1_rescue	Cutadapt	SE	SE	Cutadapt
79b8b59b62b6bcd94537b80830d7f47d	UNITE	Fungi_k	Fungi_k	k__Fungi; p__Fungi_k; c__Fungi_k; o__Fungi_k; f__Fungi_k; g__Fungi_k; s__Fungi_k	fig4_q30_SE_cutadapt_unite_blast_top1_rescue	Cutadapt	SE	SE	Cutadapt
0d2a77295862dea2a5fc3940be192278	UNITE	Ascomycota_p	Ascomycota_p	k__Fungi; p__Ascomycota; c__Ascomycota_p; o__Ascomycota_p; f__Ascomycota_p; g__Ascomycota_p; s__Ascomycota_p	fig4_q30_SE_cutadapt_unite_blast_top1_rescue	Cutadapt	SE	SE	Cutadapt
0ae1e837235a2579609ba6290feae7d9	UNITE	Ascomycota_p	Ascomycota_p	k__Fungi; p__Ascomycota; c__Ascomycota_p; o__Ascomycota_p; f__Ascomycota_p; g__Ascomycota_p; s__Ascomycota_p	fig4_q30_SE_cutadapt_unite_blast_top1_rescue	Cutadapt	SE	SE	Cutadapt
690485dcc88ee46eafca88455c1350fb	UNITE	Fungi_k	Fungi_k	k__Fungi; p__Fungi_k; c__Fungi_k; o__Fungi_k; f__Fungi_k; g__Fungi_k; s__Fungi_k	fig4_q30_SE_cutadapt_unite_blast_top1_rescue	Cutadapt	SE	SE	Cutadapt
810614b36a07abd1a925d29282f91909	UNITE	Fungi_k	Fungi_k	k__Fungi; p__Fungi_k; c__Fungi_k; o__Fungi_k; f__Fungi_k; g__Fungi_k; s__Fungi_k	fig4_q30_SE_cutadapt_unite_blast_top1_rescue	Cutadapt	SE	SE	Cutadapt
ea7f5040ec9eea16e64fd85b2b7d0572	UNITE	Fungi_k	Fungi_k	k__Fungi; p__Fungi_k; c__Fungi_k; o__Fungi_k; f__Fungi_k; g__Fungi_k; s__Fungi_k	fig4_q30_SE_cutadapt_unite_blast_top1_rescue	Cutadapt	SE	SE	Cutadapt
25a303dbf5b2a6790682c1e63eb0bc86	UNITE	Fungi_k	Fungi_k	k__Fungi; p__Fungi_k; c__Fungi_k; o__Fungi_k; f__Fungi_k; g__Fungi_k; s__Fungi_k	fig4_q30_SE_cutadapt_unite_blast_top1_rescue	Cutadapt	SE	SE	Cutadapt
c736e249da125d2afbdc5153e798f4ff	UNITE	Fungi_k	Fungi_k	k__Fungi; p__Fungi_k; c__Fungi_k; o__Fungi_k; f__Fungi_k; g__Fungi_k; s__Fungi_k	fig4_q30_SE_cutadapt_unite_blast_top1_rescue	Cutadapt	SE	SE	Cutadapt
424a42c649741aeff084e4e4be42d5e8	UNITE	Fungi_k	Fungi_k	k__Fungi; p__Fungi_k; c__Fungi_k; o__Fungi_k; f__Fungi_k; g__Fungi_k; s__Fungi_k	fig4_q30_SE_cutadapt_unite_blast_top1_rescue	Cutadapt	SE	SE	Cutadapt
7eb255283c6c52bd61ca80e88b608ef1	UNITE	Ascomycota_p	Ascomycota_p	k__Fungi; p__Ascomycota; c__Ascomycota_p; o__Ascomycota_p; f__Ascomycota_p; g__Ascomycota_p; s__Ascomycota_p	fig4_q30_SE_cutadapt_unite_blast_top1_rescue	Cutadapt	SE	SE	Cutadapt
464e19f539c8d48eeb059761e4076133	UNITE	Fungi_k	Fungi_k	k__Fungi; p__Fungi_k; c__Fungi_k; o__Fungi_k; f__Fungi_k; g__Fungi_k; s__Fungi_k	fig4_q30_SE_cutadapt_unite_blast_top1_rescue	Cutadapt	SE	SE	Cutadapt
89280dfd2d6284d8379415b8579079b4	UNITE	Fungi_k	Fungi_k	k__Fungi; p__Fungi_k; c__Fungi_k; o__Fungi_k; f__Fungi_k; g__Fungi_k; s__Fungi_k	fig4_q30_SE_cutadapt_unite_blast_top1_rescue	Cutadapt	SE	SE	Cutadapt
c9724494bb18bcad90882e40457e048a	UNITE	Candida	Candida_albicans	k__Fungi; p__Ascomycota; c__Saccharomycetes; o__Saccharomycetales; f__Saccharomycetales_fam_Incertae_sedis; g__Candida; s__Candida_albicans	fig4_q30_SE_cutadapt_unite_blast_top1_rescue	Cutadapt	SE	SE	Cutadapt
1c99b355daab861d42ef02ad4aecd425	UNITE	Fungi_k	Fungi_k	k__Fungi; p__Fungi_k; c__Fungi_k; o__Fungi_k; f__Fungi_k; g__Fungi_k; s__Fungi_k	fig4_q30_SE_cutadapt_unite_blast_top1_rescue	Cutadapt	SE	SE	Cutadapt
d0ba115d2648c5cea27a7c508f335db2	UNITE	Fungi_k	Fungi_k	k__Fungi; p__Fungi_k; c__Fungi_k; o__Fungi_k; f__Fungi_k; g__Fungi_k; s__Fungi_k	fig4_q30_SE_cutadapt_unite_blast_top1_rescue	Cutadapt	SE	SE	Cutadapt
3d5f170d59af5aa3757284a921c5a385	UNITE	Cutaneotrichosporon	Cutaneotrichosporon_mucoides	k__Fungi; p__Basidiomycota; c__Tremellomycetes; o__Trichosporonales; f__Trichosporonaceae; g__Cutaneotrichosporon; s__Cutaneotrichosporon_mucoides	fig4_q30_SE_cutadapt_unite_blast_top1_rescue	Cutadapt	SE	SE	Cutadapt
a4d6aeda4e809ef4f25111f66e15a8ca	UNITE	Ascomycota_p	Ascomycota_p	k__Fungi; p__Ascomycota; c__Ascomycota_p; o__Ascomycota_p; f__Ascomycota_p; g__Ascomycota_p; s__Ascomycota_p	fig4_q30_SE_cutadapt_unite_blast_top1_rescue	Cutadapt	SE	SE	Cutadapt
621f2a9745265d827cc94a1d025b8a38	UNITE	Fungi_k	Fungi_k	k__Fungi; p__Fungi_k; c__Fungi_k; o__Fungi_k; f__Fungi_k; g__Fungi_k; s__Fungi_k	fig4_q30_SE_cutadapt_unite_blast_top1_rescue	Cutadapt	SE	SE	Cutadapt
8fa01d73021156ed6e2382e0d80dec3a	UNITE	Candida	Candida_albicans	k__Fungi; p__Ascomycota; c__Saccharomycetes; o__Saccharomycetales; f__Saccharomycetales_fam_Incertae_sedis; g__Candida; s__Candida_albicans	fig4_q30_SE_cutadapt_unite_blast_top1_rescue	Cutadapt	SE	SE	Cutadapt
4aae9ea7e4bfc0aaa35d3772535cb612	UNITE	Irpex	Irpex_hacksungii	k__Fungi; p__Basidiomycota; c__Agaricomycetes; o__Polyporales; f__Irpicaceae; g__Irpex; s__Irpex_hacksungii	fig4_q30_SE_cutadapt_unite_blast_top1_rescue	Cutadapt	SE	SE	Cutadapt
29555bd5b7d79e088911358e619af0af	UNITE	Fungi_k	Fungi_k	k__Fungi; p__Fungi_k; c__Fungi_k; o__Fungi_k; f__Fungi_k; g__Fungi_k; s__Fungi_k	fig4_q30_SE_cutadapt_unite_blast_top1_rescue	Cutadapt	SE	SE	Cutadapt
a264df5dbe2ffe5b564231684a02d56d	UNITE	Debaryomyces	Debaryomyces_delbrueckii	k__Fungi; p__Ascomycota; c__Saccharomycetes; o__Saccharomycetales; f__Debaryomycetaceae; g__Debaryomyces; s__Debaryomyces_delbrueckii	fig4_q30_SE_cutadapt_unite_blast_top1_rescue	Cutadapt	SE	SE	Cutadapt
754268c86474386269e578a4eb485b8a	UNITE	Candida	Candida_albicans	k__Fungi; p__Ascomycota; c__Saccharomycetes; o__Saccharomycetales; f__Saccharomycetales_fam_Incertae_sedis; g__Candida; s__Candida_albicans	fig4_q30_SE_cutadapt_unite_blast_top1_rescue	Cutadapt	SE	SE	Cutadapt
4ff375ae9b66ece9a7f74f5a13354b9d	UNITE	Fungi_k	Fungi_k	k__Fungi; p__Fungi_k; c__Fungi_k; o__Fungi_k; f__Fungi_k; g__Fungi_k; s__Fungi_k	fig4_q30_SE_cutadapt_unite_blast_top1_rescue	Cutadapt	SE	SE	Cutadapt
8d3e05b052f65c88c539505f87882851	UNITE	Ascomycota_p	Ascomycota_p	k__Fungi; p__Ascomycota; c__Ascomycota_p; o__Ascomycota_p; f__Ascomycota_p; g__Ascomycota_p; s__Ascomycota_p	fig4_q30_SE_cutadapt_unite_blast_top1_rescue	Cutadapt	SE	SE	Cutadapt
feb42ca1b6adcd738ff9ba386892f11e	UNITE	Penicillium	Unclassified	k__Fungi; p__Ascomycota; c__Eurotiomycetes; o__Eurotiales; f__Aspergillaceae; g__Penicillium; s__Penicillium_g	fig4_q30_SE_cutadapt_unite_blast_top1_rescue	Cutadapt	SE	SE	Cutadapt
2e723fe0c70769428c06e39a8f19d9d8	UNITE	Fungi_k	Fungi_k	k__Fungi; p__Fungi_k; c__Fungi_k; o__Fungi_k; f__Fungi_k; g__Fungi_k; s__Fungi_k	fig4_q30_SE_cutadapt_unite_blast_top1_rescue	Cutadapt	SE	SE	Cutadapt
315a14f72987afaafb1b8701eaa0b075	UNITE	Cryptococcus	Cryptococcus_neoformans	k__Fungi; p__Basidiomycota; c__Tremellomycetes; o__Tremellales; f__Cryptococcaceae; g__Cryptococcus; s__Cryptococcus_neoformans	fig4_q30_SE_cutadapt_unite_blast_top1_rescue	Cutadapt	SE	SE	Cutadapt
644c895ef79df8c731420be73cf8b6c0	UNITE	Fungi_k	Fungi_k	k__Fungi; p__Fungi_k; c__Fungi_k; o__Fungi_k; f__Fungi_k; g__Fungi_k; s__Fungi_k	fig4_q30_SE_cutadapt_unite_blast_top1_rescue	Cutadapt	SE	SE	Cutadapt
80e1bf7ccd84a6512dc5cc240266fbbc	UNITE	Malassezia	Malassezia_globosa	k__Fungi; p__Basidiomycota; c__Malasseziomycetes; o__Malasseziales; f__Malasseziaceae; g__Malassezia; s__Malassezia_globosa	fig4_q30_SE_cutadapt_unite_blast_top1_rescue	Cutadapt	SE	SE	Cutadapt
26461f63a0aa3891866f330d837eb06e	UNITE	Ascomycota_p	Ascomycota_p	k__Fungi; p__Ascomycota; c__Ascomycota_p; o__Ascomycota_p; f__Ascomycota_p; g__Ascomycota_p; s__Ascomycota_p	fig4_q30_SE_cutadapt_unite_blast_top1_rescue	Cutadapt	SE	SE	Cutadapt
0b670ea5bad69a636e48836a55475086	UNITE	Fungi_k	Fungi_k	k__Fungi; p__Fungi_k; c__Fungi_k; o__Fungi_k; f__Fungi_k; g__Fungi_k; s__Fungi_k	fig4_q30_SE_cutadapt_unite_blast_top1_rescue	Cutadapt	SE	SE	Cutadapt
9d85d8067d02e30a806463de2845ccdd	UNITE	Fungi_k	Fungi_k	k__Fungi; p__Fungi_k; c__Fungi_k; o__Fungi_k; f__Fungi_k; g__Fungi_k; s__Fungi_k	fig4_q30_SE_cutadapt_unite_blast_top1_rescue	Cutadapt	SE	SE	Cutadapt
14f563b611081c3d96a3656b7e727a14	UNITE	Ascomycota_p	Ascomycota_p	k__Fungi; p__Ascomycota; c__Ascomycota_p; o__Ascomycota_p; f__Ascomycota_p; g__Ascomycota_p; s__Ascomycota_p	fig4_q30_SE_cutadapt_unite_blast_top1_rescue	Cutadapt	SE	SE	Cutadapt
4e69eeb85eb9ec34c929b61a9a698d0e	UNITE	Saccharomyces	Unclassified	k__Fungi; p__Ascomycota; c__Saccharomycetes; o__Saccharomycetales; f__Saccharomycetaceae; g__Saccharomyces; s__Saccharomyces_g	fig4_q30_SE_cutadapt_unite_blast_top1_rescue	Cutadapt	SE	SE	Cutadapt
c4de8920d09cfcb35cb11ca9ed00200f	UNITE	Fungi_k	Fungi_k	k__Fungi; p__Fungi_k; c__Fungi_k; o__Fungi_k; f__Fungi_k; g__Fungi_k; s__Fungi_k	fig4_q30_SE_cutadapt_unite_blast_top1_rescue	Cutadapt	SE	SE	Cutadapt
a920043b0a1f468a1d704fb1d44f1538	UNITE	Fungi_k	Fungi_k	k__Fungi; p__Fungi_k; c__Fungi_k; o__Fungi_k; f__Fungi_k; g__Fungi_k; s__Fungi_k	fig4_q30_SE_cutadapt_unite_blast_top1_rescue	Cutadapt	SE	SE	Cutadapt
484bd431a65762338ef456a194b5348e	UNITE	Saccharomycetales_o	Saccharomycetales_o	k__Fungi; p__Ascomycota; c__Saccharomycetes; o__Saccharomycetales; f__Saccharomycetales_o; g__Saccharomycetales_o; s__Saccharomycetales_o	fig4_q30_SE_cutadapt_unite_blast_top1_rescue	Cutadapt	SE	SE	Cutadapt
7022c374ae44a6ea810bc3bc7018547c	UNITE	Fungi_k	Fungi_k	k__Fungi; p__Fungi_k; c__Fungi_k; o__Fungi_k; f__Fungi_k; g__Fungi_k; s__Fungi_k	fig4_q30_SE_cutadapt_unite_blast_top1_rescue	Cutadapt	SE	SE	Cutadapt
267cae1380db2b4584c9e1a67d952b7c	UNITE	Ascomycota_p	Ascomycota_p	k__Fungi; p__Ascomycota; c__Ascomycota_p; o__Ascomycota_p; f__Ascomycota_p; g__Ascomycota_p; s__Ascomycota_p	fig4_q30_SE_cutadapt_unite_blast_top1_rescue	Cutadapt	SE	SE	Cutadapt
260b8bebae425ab1944a3e6b09292088	UNITE	Fungi_k	Fungi_k	k__Fungi; p__Fungi_k; c__Fungi_k; o__Fungi_k; f__Fungi_k; g__Fungi_k; s__Fungi_k	fig4_q30_SE_cutadapt_unite_blast_top1_rescue	Cutadapt	SE	SE	Cutadapt
7afb59c70eff2cec5a071dd7c3ca79e0	UNITE	Ascomycota_p	Ascomycota_p	k__Fungi; p__Ascomycota; c__Ascomycota_p; o__Ascomycota_p; f__Ascomycota_p; g__Ascomycota_p; s__Ascomycota_p	fig4_q30_SE_cutadapt_unite_blast_top1_rescue	Cutadapt	SE	SE	Cutadapt
1d1e47a562efc72e0e1a703adb1156bc	UNITE	Ascomycota_p	Ascomycota_p	k__Fungi; p__Ascomycota; c__Ascomycota_p; o__Ascomycota_p; f__Ascomycota_p; g__Ascomycota_p; s__Ascomycota_p	fig4_q30_SE_cutadapt_unite_blast_top1_rescue	Cutadapt	SE	SE	Cutadapt
11472a6b13e3d38e37aa6d6f3b131991	UNITE	Fungi_k	Fungi_k	k__Fungi; p__Fungi_k; c__Fungi_k; o__Fungi_k; f__Fungi_k; g__Fungi_k; s__Fungi_k	fig4_q30_SE_cutadapt_unite_blast_top1_rescue	Cutadapt	SE	SE	Cutadapt
7243d6f6c59327bcf48abb33a65296e7	UNITE	Ascomycota_p	Ascomycota_p	k__Fungi; p__Ascomycota; c__Ascomycota_p; o__Ascomycota_p; f__Ascomycota_p; g__Ascomycota_p; s__Ascomycota_p	fig4_q30_SE_cutadapt_unite_blast_top1_rescue	Cutadapt	SE	SE	Cutadapt
567a9deab0960d0e2e0fb43ebc9b535e	UNITE	Ascomycota_p	Ascomycota_p	k__Fungi; p__Ascomycota; c__Ascomycota_p; o__Ascomycota_p; f__Ascomycota_p; g__Ascomycota_p; s__Ascomycota_p	fig4_q30_SE_cutadapt_unite_blast_top1_rescue	Cutadapt	SE	SE	Cutadapt
5105a2d6db57cdbabd078e95db2396c5	UNITE	Fungi_k	Fungi_k	k__Fungi; p__Fungi_k; c__Fungi_k; o__Fungi_k; f__Fungi_k; g__Fungi_k; s__Fungi_k	fig4_q30_SE_cutadapt_unite_blast_top1_rescue	Cutadapt	SE	SE	Cutadapt
90aa0385993cdfbec9b8925a1163afb6	UNITE	Fungi_k	Fungi_k	k__Fungi; p__Fungi_k; c__Fungi_k; o__Fungi_k; f__Fungi_k; g__Fungi_k; s__Fungi_k	fig4_q30_SE_cutadapt_unite_blast_top1_rescue	Cutadapt	SE	SE	Cutadapt
955eb7ae0fe2a3213438ef5bec2de66e	UNITE	Fungi_k	Fungi_k	k__Fungi; p__Fungi_k; c__Fungi_k; o__Fungi_k; f__Fungi_k; g__Fungi_k; s__Fungi_k	fig4_q30_SE_cutadapt_unite_blast_top1_rescue	Cutadapt	SE	SE	Cutadapt
c97fecfe6785166d168fafdd986ee02f	UNITE	Fungi_k	Fungi_k	k__Fungi; p__Fungi_k; c__Fungi_k; o__Fungi_k; f__Fungi_k; g__Fungi_k; s__Fungi_k	fig4_q30_SE_cutadapt_unite_blast_top1_rescue	Cutadapt	SE	SE	Cutadapt
c0b1830e2feafc77fb275d5a16f99809	UNITE	Ascomycota_p	Ascomycota_p	k__Fungi; p__Ascomycota; c__Ascomycota_p; o__Ascomycota_p; f__Ascomycota_p; g__Ascomycota_p; s__Ascomycota_p	fig4_q30_SE_cutadapt_unite_blast_top1_rescue	Cutadapt	SE	SE	Cutadapt
5302560500e967552b1490312b4bb3b3	UNITE	Fungi_k	Fungi_k	k__Fungi; p__Fungi_k; c__Fungi_k; o__Fungi_k; f__Fungi_k; g__Fungi_k; s__Fungi_k	fig4_q30_SE_cutadapt_unite_blast_top1_rescue	Cutadapt	SE	SE	Cutadapt
f235e5de715614a0b7c2b48197a6a8ba	UNITE	Ascomycota_p	Ascomycota_p	k__Fungi; p__Ascomycota; c__Ascomycota_p; o__Ascomycota_p; f__Ascomycota_p; g__Ascomycota_p; s__Ascomycota_p	fig4_q30_SE_cutadapt_unite_blast_top1_rescue	Cutadapt	SE	SE	Cutadapt
b96feb915f752cb0cac454b227ea516d	UNITE	Fungi_k	Fungi_k	k__Fungi; p__Fungi_k; c__Fungi_k; o__Fungi_k; f__Fungi_k; g__Fungi_k; s__Fungi_k	fig4_q30_SE_cutadapt_unite_blast_top1_rescue	Cutadapt	SE	SE	Cutadapt
8c82b71188e096be2feb08fd7d64d6a6	UNITE	Leucosporidium	Leucosporidium_intermedium	k__Fungi; p__Basidiomycota; c__Microbotryomycetes; o__Leucosporidiales; f__Leucosporidiaceae; g__Leucosporidium; s__Leucosporidium_intermedium	fig4_q30_SE_cutadapt_unite_blast_top1_rescue	Cutadapt	SE	SE	Cutadapt
8578ebd1501eab5abc643bb43fb0b7e2	UNITE	Fungi_k	Fungi_k	k__Fungi; p__Fungi_k; c__Fungi_k; o__Fungi_k; f__Fungi_k; g__Fungi_k; s__Fungi_k	fig4_q30_SE_cutadapt_unite_blast_top1_rescue	Cutadapt	SE	SE	Cutadapt
7b3895e4ce4378f120ee488c628004dc	UNITE	Fungi_k	Fungi_k	k__Fungi; p__Fungi_k; c__Fungi_k; o__Fungi_k; f__Fungi_k; g__Fungi_k; s__Fungi_k	fig4_q30_SE_cutadapt_unite_blast_top1_rescue	Cutadapt	SE	SE	Cutadapt
674495db5026d621602634dd1d9ca190	UNITE	Fungi_k	Fungi_k	k__Fungi; p__Fungi_k; c__Fungi_k; o__Fungi_k; f__Fungi_k; g__Fungi_k; s__Fungi_k	fig4_q30_SE_cutadapt_unite_blast_top1_rescue	Cutadapt	SE	SE	Cutadapt
5aa08add5073423bc935416fc4122a79	UNITE	Fungi_k	Fungi_k	k__Fungi; p__Fungi_k; c__Fungi_k; o__Fungi_k; f__Fungi_k; g__Fungi_k; s__Fungi_k	fig4_q30_SE_cutadapt_unite_blast_top1_rescue	Cutadapt	SE	SE	Cutadapt
75107df2ba22157d21ca3da014ea641a	UNITE	Ascomycota_p	Ascomycota_p	k__Fungi; p__Ascomycota; c__Ascomycota_p; o__Ascomycota_p; f__Ascomycota_p; g__Ascomycota_p; s__Ascomycota_p	fig4_q30_SE_cutadapt_unite_blast_top1_rescue	Cutadapt	SE	SE	Cutadapt
934f533a78b5de1479b59f1a682d064c	UNITE	Fungi_k	Fungi_k	k__Fungi; p__Fungi_k; c__Fungi_k; o__Fungi_k; f__Fungi_k; g__Fungi_k; s__Fungi_k	fig4_q30_SE_cutadapt_unite_blast_top1_rescue	Cutadapt	SE	SE	Cutadapt
2ebd8a5b8c3455f415eca2f216a9d915	UNITE	Ascomycota_p	Ascomycota_p	k__Fungi; p__Ascomycota; c__Ascomycota_p; o__Ascomycota_p; f__Ascomycota_p; g__Ascomycota_p; s__Ascomycota_p	fig4_q30_SE_cutadapt_unite_blast_top1_rescue	Cutadapt	SE	SE	Cutadapt
fc7fa41febb165d9e2c1aa251fe03adb	UNITE	Ascomycota_p	Ascomycota_p	k__Fungi; p__Ascomycota; c__Ascomycota_p; o__Ascomycota_p; f__Ascomycota_p; g__Ascomycota_p; s__Ascomycota_p	fig4_q30_SE_cutadapt_unite_blast_top1_rescue	Cutadapt	SE	SE	Cutadapt
e09cee250683d1d9c0efe6766aea6426	UNITE	Ascomycota_p	Ascomycota_p	k__Fungi; p__Ascomycota; c__Ascomycota_p; o__Ascomycota_p; f__Ascomycota_p; g__Ascomycota_p; s__Ascomycota_p	fig4_q30_SE_cutadapt_unite_blast_top1_rescue	Cutadapt	SE	SE	Cutadapt
26c3adb423a4d6b98b84d34fa5beca3f	UNITE	Fungi_k	Fungi_k	k__Fungi; p__Fungi_k; c__Fungi_k; o__Fungi_k; f__Fungi_k; g__Fungi_k; s__Fungi_k	fig4_q30_SE_cutadapt_unite_blast_top1_rescue	Cutadapt	SE	SE	Cutadapt
04054fce3ae97d78e67d2d454985add2	UNITE	Fungi_k	Fungi_k	k__Fungi; p__Fungi_k; c__Fungi_k; o__Fungi_k; f__Fungi_k; g__Fungi_k; s__Fungi_k	fig4_q30_SE_cutadapt_unite_blast_top1_rescue	Cutadapt	SE	SE	Cutadapt
8a52693c2a3066f0951f6e0ab114cf44	UNITE	Fungi_k	Fungi_k	k__Fungi; p__Fungi_k; c__Fungi_k; o__Fungi_k; f__Fungi_k; g__Fungi_k; s__Fungi_k	fig4_q30_SE_cutadapt_unite_blast_top1_rescue	Cutadapt	SE	SE	Cutadapt
a9a8701bb82e83502dac035e738a9a66	UNITE	Fungi_k	Fungi_k	k__Fungi; p__Fungi_k; c__Fungi_k; o__Fungi_k; f__Fungi_k; g__Fungi_k; s__Fungi_k	fig4_q30_SE_cutadapt_unite_blast_top1_rescue	Cutadapt	SE	SE	Cutadapt
96800d25db2a29d576ee27c9b1735e9f	UNITE	Fungi_k	Fungi_k	k__Fungi; p__Fungi_k; c__Fungi_k; o__Fungi_k; f__Fungi_k; g__Fungi_k; s__Fungi_k	fig4_q30_SE_cutadapt_unite_blast_top1_rescue	Cutadapt	SE	SE	Cutadapt
f68813f6ebcb8f7323b15cb6dad97526	UNITE	Trechispora	Unclassified	k__Fungi; p__Basidiomycota; c__Agaricomycetes; o__Trechisporales; f__Hydnodontaceae; g__Trechispora; s__Trechispora_g	fig4_q30_SE_cutadapt_unite_blast_top1_rescue	Cutadapt	SE	SE	Cutadapt
091b9ab07282fb2810730607e7c73a6b	UNITE	Fungi_k	Fungi_k	k__Fungi; p__Fungi_k; c__Fungi_k; o__Fungi_k; f__Fungi_k; g__Fungi_k; s__Fungi_k	fig4_q30_SE_cutadapt_unite_blast_top1_rescue	Cutadapt	SE	SE	Cutadapt
247c8459db6ae8b1257380e69c42b883	UNITE	Penicillium	Unclassified	k__Fungi; p__Ascomycota; c__Eurotiomycetes; o__Eurotiales; f__Aspergillaceae; g__Penicillium; s__Penicillium_g	fig4_q30_SE_cutadapt_unite_blast_top1_rescue	Cutadapt	SE	SE	Cutadapt
725402e2a81677678ca9799ecc96fe7f	UNITE	Fungi_k	Fungi_k	k__Fungi; p__Fungi_k; c__Fungi_k; o__Fungi_k; f__Fungi_k; g__Fungi_k; s__Fungi_k	fig4_q30_SE_cutadapt_unite_blast_top1_rescue	Cutadapt	SE	SE	Cutadapt
870b996b7364a3020227bc4b918ba54f	UNITE	Fungi_k	Fungi_k	k__Fungi; p__Fungi_k; c__Fungi_k; o__Fungi_k; f__Fungi_k; g__Fungi_k; s__Fungi_k	fig4_q30_SE_cutadapt_unite_blast_top1_rescue	Cutadapt	SE	SE	Cutadapt
194c5d7ddd16e9c0363bffc3aef8ceb8	UNITE	Fungi_k	Fungi_k	k__Fungi; p__Fungi_k; c__Fungi_k; o__Fungi_k; f__Fungi_k; g__Fungi_k; s__Fungi_k	fig4_q30_SE_cutadapt_unite_blast_top1_rescue	Cutadapt	SE	SE	Cutadapt
f32c3a43668f703f0abe5a6d1c0b37a5	UNITE	Fungi_k	Fungi_k	k__Fungi; p__Fungi_k; c__Fungi_k; o__Fungi_k; f__Fungi_k; g__Fungi_k; s__Fungi_k	fig4_q30_SE_cutadapt_unite_blast_top1_rescue	Cutadapt	SE	SE	Cutadapt
85d8f5af58655f5e9a0875198e40a4cf	UNITE	Fungi_k	Fungi_k	k__Fungi; p__Fungi_k; c__Fungi_k; o__Fungi_k; f__Fungi_k; g__Fungi_k; s__Fungi_k	fig4_q30_SE_cutadapt_unite_blast_top1_rescue	Cutadapt	SE	SE	Cutadapt
eca677b652afb80f02a64e9a83fef553	UNITE	Fungi_k	Fungi_k	k__Fungi; p__Fungi_k; c__Fungi_k; o__Fungi_k; f__Fungi_k; g__Fungi_k; s__Fungi_k	fig4_q30_SE_cutadapt_unite_blast_top1_rescue	Cutadapt	SE	SE	Cutadapt
0e3a92d5368de742d7e37a8b3d7f4bfa	UNITE	Arthrodermataceae_f	Arthrodermataceae_f	k__Fungi; p__Ascomycota; c__Eurotiomycetes; o__Onygenales; f__Arthrodermataceae; g__Arthrodermataceae_f; s__Arthrodermataceae_f	fig4_q30_SE_cutadapt_unite_blast_top1_rescue	Cutadapt	SE	SE	Cutadapt
25d556970166dcb7050422023be88e22	UNITE	Fungi_k	Fungi_k	k__Fungi; p__Fungi_k; c__Fungi_k; o__Fungi_k; f__Fungi_k; g__Fungi_k; s__Fungi_k	fig4_q30_SE_cutadapt_unite_blast_top1_rescue	Cutadapt	SE	SE	Cutadapt
b818ea92d26b8c0d7b99eb77906b9e01	UNITE	Fungi_k	Fungi_k	k__Fungi; p__Fungi_k; c__Fungi_k; o__Fungi_k; f__Fungi_k; g__Fungi_k; s__Fungi_k	fig4_q30_SE_cutadapt_unite_blast_top1_rescue	Cutadapt	SE	SE	Cutadapt
2a28786ae739c0770d1372c549046931	UNITE	Fungi_k	Fungi_k	k__Fungi; p__Fungi_k; c__Fungi_k; o__Fungi_k; f__Fungi_k; g__Fungi_k; s__Fungi_k	fig4_q30_SE_cutadapt_unite_blast_top1_rescue	Cutadapt	SE	SE	Cutadapt
615431307bb72c4d99dcb3c243d810db	UNITE	Fungi_k	Fungi_k	k__Fungi; p__Fungi_k; c__Fungi_k; o__Fungi_k; f__Fungi_k; g__Fungi_k; s__Fungi_k	fig4_q30_SE_cutadapt_unite_blast_top1_rescue	Cutadapt	SE	SE	Cutadapt
b67b81c102e2f5fa366b3d4d0869f235	UNITE	Fungi_k	Fungi_k	k__Fungi; p__Fungi_k; c__Fungi_k; o__Fungi_k; f__Fungi_k; g__Fungi_k; s__Fungi_k	fig4_q30_SE_cutadapt_unite_blast_top1_rescue	Cutadapt	SE	SE	Cutadapt
bed7b9d2faf1441d064e85f99538ff52	UNITE	Fungi_k	Fungi_k	k__Fungi; p__Fungi_k; c__Fungi_k; o__Fungi_k; f__Fungi_k; g__Fungi_k; s__Fungi_k	fig4_q30_SE_cutadapt_unite_blast_top1_rescue	Cutadapt	SE	SE	Cutadapt
638e7ccf3419acc06aafd317364cba75	UNITE	Fungi_k	Fungi_k	k__Fungi; p__Fungi_k; c__Fungi_k; o__Fungi_k; f__Fungi_k; g__Fungi_k; s__Fungi_k	fig4_q30_SE_cutadapt_unite_blast_top1_rescue	Cutadapt	SE	SE	Cutadapt
e2708925a7f42bb9e1f62f04f1ee3e26	UNITE	Lecanorales_o	Lecanorales_o	k__Fungi; p__Ascomycota; c__Lecanoromycetes; o__Lecanorales; f__Lecanorales_o; g__Lecanorales_o; s__Lecanorales_o	fig4_q30_SE_cutadapt_unite_blast_top1_rescue	Cutadapt	SE	SE	Cutadapt
6ff9a3e427e998643e8d98a2a3d9157b	UNITE	Fungi_k	Fungi_k	k__Fungi; p__Fungi_k; c__Fungi_k; o__Fungi_k; f__Fungi_k; g__Fungi_k; s__Fungi_k	fig4_q30_SE_cutadapt_unite_blast_top1_rescue	Cutadapt	SE	SE	Cutadapt
cfa201d304dab9c66d991e37660ea7cd	UNITE	Fungi_k	Fungi_k	k__Fungi; p__Fungi_k; c__Fungi_k; o__Fungi_k; f__Fungi_k; g__Fungi_k; s__Fungi_k	fig4_q30_SE_cutadapt_unite_blast_top1_rescue	Cutadapt	SE	SE	Cutadapt
2cd0dea7da04cbdb02a749d6ce0ce2a8	UNITE	Fungi_k	Fungi_k	k__Fungi; p__Fungi_k; c__Fungi_k; o__Fungi_k; f__Fungi_k; g__Fungi_k; s__Fungi_k	fig4_q30_SE_cutadapt_unite_blast_top1_rescue	Cutadapt	SE	SE	Cutadapt
9b515710aedd7956e1b33b0f43a5da4d	UNITE	Ascomycota_p	Ascomycota_p	k__Fungi; p__Ascomycota; c__Ascomycota_p; o__Ascomycota_p; f__Ascomycota_p; g__Ascomycota_p; s__Ascomycota_p	fig4_q30_SE_cutadapt_unite_blast_top1_rescue	Cutadapt	SE	SE	Cutadapt
8f5b156b2473d6552ed30cec420b2b02	UNITE	Fungi_k	Fungi_k	k__Fungi; p__Fungi_k; c__Fungi_k; o__Fungi_k; f__Fungi_k; g__Fungi_k; s__Fungi_k	fig4_q30_SE_cutadapt_unite_blast_top1_rescue	Cutadapt	SE	SE	Cutadapt
ff7f232a0ba2b8cdee78935456caded9	UNITE	Fungi_k	Fungi_k	k__Fungi; p__Fungi_k; c__Fungi_k; o__Fungi_k; f__Fungi_k; g__Fungi_k; s__Fungi_k	fig4_q30_SE_cutadapt_unite_blast_top1_rescue	Cutadapt	SE	SE	Cutadapt
32be290b5fe51f5e4611e2e1a37fa1db	UNITE	Fungi_k	Fungi_k	k__Fungi; p__Fungi_k; c__Fungi_k; o__Fungi_k; f__Fungi_k; g__Fungi_k; s__Fungi_k	fig4_q30_SE_cutadapt_unite_blast_top1_rescue	Cutadapt	SE	SE	Cutadapt
b1b896a1775460c058fc891882a5bad8	UNITE	Ascomycota_p	Ascomycota_p	k__Fungi; p__Ascomycota; c__Ascomycota_p; o__Ascomycota_p; f__Ascomycota_p; g__Ascomycota_p; s__Ascomycota_p	fig4_q30_SE_cutadapt_unite_blast_top1_rescue	Cutadapt	SE	SE	Cutadapt
fb16acc3ac783ab7d6101776190a58e0	UNITE	Ascomycota_p	Ascomycota_p	k__Fungi; p__Ascomycota; c__Ascomycota_p; o__Ascomycota_p; f__Ascomycota_p; g__Ascomycota_p; s__Ascomycota_p	fig4_q30_SE_cutadapt_unite_blast_top1_rescue	Cutadapt	SE	SE	Cutadapt
119831b712be8db7b70c0d6d950624da	UNITE	Fungi_k	Fungi_k	k__Fungi; p__Fungi_k; c__Fungi_k; o__Fungi_k; f__Fungi_k; g__Fungi_k; s__Fungi_k	fig4_q30_SE_cutadapt_unite_blast_top1_rescue	Cutadapt	SE	SE	Cutadapt
6a9c03927332a86761ef8140c19e76a2	UNITE	Fungi_k	Fungi_k	k__Fungi; p__Fungi_k; c__Fungi_k; o__Fungi_k; f__Fungi_k; g__Fungi_k; s__Fungi_k	fig4_q30_SE_cutadapt_unite_blast_top1_rescue	Cutadapt	SE	SE	Cutadapt
5cae4f6bc86eca0f1eedf3d66b889b17	UNITE	Fungi_k	Fungi_k	k__Fungi; p__Fungi_k; c__Fungi_k; o__Fungi_k; f__Fungi_k; g__Fungi_k; s__Fungi_k	fig4_q30_SE_cutadapt_unite_blast_top1_rescue	Cutadapt	SE	SE	Cutadapt
ba931772211836a80a6f9001b2507e01	UNITE	Fungi_k	Fungi_k	k__Fungi; p__Fungi_k; c__Fungi_k; o__Fungi_k; f__Fungi_k; g__Fungi_k; s__Fungi_k	fig4_q30_SE_cutadapt_unite_blast_top1_rescue	Cutadapt	SE	SE	Cutadapt
ef25c954c06d510896f91b6ee3f9d1aa	UNITE	Fungi_k	Fungi_k	k__Fungi; p__Fungi_k; c__Fungi_k; o__Fungi_k; f__Fungi_k; g__Fungi_k; s__Fungi_k	fig4_q30_SE_cutadapt_unite_blast_top1_rescue	Cutadapt	SE	SE	Cutadapt
a536855c690075a22d2f70db5665151c	UNITE	Fungi_k	Fungi_k	k__Fungi; p__Fungi_k; c__Fungi_k; o__Fungi_k; f__Fungi_k; g__Fungi_k; s__Fungi_k	fig4_q30_SE_cutadapt_unite_blast_top1_rescue	Cutadapt	SE	SE	Cutadapt
b2d71c8a1835967453bd96a5aecac0d2	UNITE	Fungi_k	Fungi_k	k__Fungi; p__Fungi_k; c__Fungi_k; o__Fungi_k; f__Fungi_k; g__Fungi_k; s__Fungi_k	fig4_q30_SE_cutadapt_unite_blast_top1_rescue	Cutadapt	SE	SE	Cutadapt
fe389004a774f698876b52bcd5148b90	UNITE	Ascomycota_p	Ascomycota_p	k__Fungi; p__Ascomycota; c__Ascomycota_p; o__Ascomycota_p; f__Ascomycota_p; g__Ascomycota_p; s__Ascomycota_p	fig4_q30_SE_cutadapt_unite_blast_top1_rescue	Cutadapt	SE	SE	Cutadapt
56a66d4f4883495fe6e8252edcc6c71c	UNITE	Fungi_k	Fungi_k	k__Fungi; p__Fungi_k; c__Fungi_k; o__Fungi_k; f__Fungi_k; g__Fungi_k; s__Fungi_k	fig4_q30_SE_cutadapt_unite_blast_top1_rescue	Cutadapt	SE	SE	Cutadapt
a0a05fb837d128e0f13ab3295773109e	UNITE	Fungi_k	Fungi_k	k__Fungi; p__Fungi_k; c__Fungi_k; o__Fungi_k; f__Fungi_k; g__Fungi_k; s__Fungi_k	fig4_q30_SE_cutadapt_unite_blast_top1_rescue	Cutadapt	SE	SE	Cutadapt
158508c453d93903d315196a844918ef	UNITE	Fungi_k	Fungi_k	k__Fungi; p__Fungi_k; c__Fungi_k; o__Fungi_k; f__Fungi_k; g__Fungi_k; s__Fungi_k	fig4_q30_SE_cutadapt_unite_blast_top1_rescue	Cutadapt	SE	SE	Cutadapt
5535856acc809af76ab3ddb22e9e211d	UNITE	Fungi_k	Fungi_k	k__Fungi; p__Fungi_k; c__Fungi_k; o__Fungi_k; f__Fungi_k; g__Fungi_k; s__Fungi_k	fig4_q30_SE_cutadapt_unite_blast_top1_rescue	Cutadapt	SE	SE	Cutadapt
9787c7e873499f9e560ca6b6422ce0e8	UNITE	Fungi_k	Fungi_k	k__Fungi; p__Fungi_k; c__Fungi_k; o__Fungi_k; f__Fungi_k; g__Fungi_k; s__Fungi_k	fig4_q30_SE_cutadapt_unite_blast_top1_rescue	Cutadapt	SE	SE	Cutadapt
1b7d4ee38520a8d71abb44031eecc577	UNITE	Fungi_k	Fungi_k	k__Fungi; p__Fungi_k; c__Fungi_k; o__Fungi_k; f__Fungi_k; g__Fungi_k; s__Fungi_k	fig4_q30_SE_cutadapt_unite_blast_top1_rescue	Cutadapt	SE	SE	Cutadapt
bcfb019abaec65a6eeefd25b4a00e7f3	UNITE	Fungi_k	Fungi_k	k__Fungi; p__Fungi_k; c__Fungi_k; o__Fungi_k; f__Fungi_k; g__Fungi_k; s__Fungi_k	fig4_q30_SE_cutadapt_unite_blast_top1_rescue	Cutadapt	SE	SE	Cutadapt
5f75d4aac0231ac26b212754cfe7bc3e	UNITE	Fungi_k	Fungi_k	k__Fungi; p__Fungi_k; c__Fungi_k; o__Fungi_k; f__Fungi_k; g__Fungi_k; s__Fungi_k	fig4_q30_SE_cutadapt_unite_blast_top1_rescue	Cutadapt	SE	SE	Cutadapt
6a84d445d0bc5b70a398f6fdf01eb66f	UNITE	Ascomycota_p	Ascomycota_p	k__Fungi; p__Ascomycota; c__Ascomycota_p; o__Ascomycota_p; f__Ascomycota_p; g__Ascomycota_p; s__Ascomycota_p	fig4_q30_SE_cutadapt_unite_blast_top1_rescue	Cutadapt	SE	SE	Cutadapt
299858db667f2d7fa90d17f8f1e54be0	UNITE	Fungi_k	Fungi_k	k__Fungi; p__Fungi_k; c__Fungi_k; o__Fungi_k; f__Fungi_k; g__Fungi_k; s__Fungi_k	fig4_q30_SE_cutadapt_unite_blast_top1_rescue	Cutadapt	SE	SE	Cutadapt
708ed5611c17651ff5806fa18df950fa	UNITE	Ascomycota_p	Ascomycota_p	k__Fungi; p__Ascomycota; c__Ascomycota_p; o__Ascomycota_p; f__Ascomycota_p; g__Ascomycota_p; s__Ascomycota_p	fig4_q30_SE_cutadapt_unite_blast_top1_rescue	Cutadapt	SE	SE	Cutadapt
36a7dafd8a4806c2f7c373b5c9916b22	UNITE	Fungi_k	Fungi_k	k__Fungi; p__Fungi_k; c__Fungi_k; o__Fungi_k; f__Fungi_k; g__Fungi_k; s__Fungi_k	fig4_q30_SE_cutadapt_unite_blast_top1_rescue	Cutadapt	SE	SE	Cutadapt
3039df4ad5007ae4944976c043d3d432	UNITE	Fungi_k	Fungi_k	k__Fungi; p__Fungi_k; c__Fungi_k; o__Fungi_k; f__Fungi_k; g__Fungi_k; s__Fungi_k	fig4_q30_SE_cutadapt_unite_blast_top1_rescue	Cutadapt	SE	SE	Cutadapt
66b54e2a443f697f121c66c80dc95df9	UNITE	Saccharomycetales_o	Saccharomycetales_o	k__Fungi; p__Ascomycota; c__Saccharomycetes; o__Saccharomycetales; f__Saccharomycetales_o; g__Saccharomycetales_o; s__Saccharomycetales_o	fig4_q30_SE_cutadapt_unite_blast_top1_rescue	Cutadapt	SE	SE	Cutadapt
6b364ee32451dd49784a71f534ef2bae	UNITE	Aspergillaceae_f	Aspergillaceae_f	k__Fungi; p__Ascomycota; c__Eurotiomycetes; o__Eurotiales; f__Aspergillaceae; g__Aspergillaceae_f; s__Aspergillaceae_f	fig4_q30_SE_cutadapt_unite_blast_top1_rescue	Cutadapt	SE	SE	Cutadapt
1458c99c0a4aa2958f73d7262165066a	UNITE	Ascomycota_p	Ascomycota_p	k__Fungi; p__Ascomycota; c__Ascomycota_p; o__Ascomycota_p; f__Ascomycota_p; g__Ascomycota_p; s__Ascomycota_p	fig4_q30_SE_cutadapt_unite_blast_top1_rescue	Cutadapt	SE	SE	Cutadapt
e2b964f9c965bdcdf26553e425dbd793	UNITE	Fungi_k	Fungi_k	k__Fungi; p__Fungi_k; c__Fungi_k; o__Fungi_k; f__Fungi_k; g__Fungi_k; s__Fungi_k	fig4_q30_SE_cutadapt_unite_blast_top1_rescue	Cutadapt	SE	SE	Cutadapt
8965aa6d2863f5cb3cd73c6b457b8c10	UNITE	Fungi_k	Fungi_k	k__Fungi; p__Fungi_k; c__Fungi_k; o__Fungi_k; f__Fungi_k; g__Fungi_k; s__Fungi_k	fig4_q30_SE_cutadapt_unite_blast_top1_rescue	Cutadapt	SE	SE	Cutadapt
88d9e26258cbe6803242c238c2455096	UNITE	Ascomycota_p	Ascomycota_p	k__Fungi; p__Ascomycota; c__Ascomycota_p; o__Ascomycota_p; f__Ascomycota_p; g__Ascomycota_p; s__Ascomycota_p	fig4_q30_SE_cutadapt_unite_blast_top1_rescue	Cutadapt	SE	SE	Cutadapt
dbd506df66b81dcdb231c7b21f39140b	UNITE	Phlebia	Phlebia_acerina	k__Fungi; p__Basidiomycota; c__Agaricomycetes; o__Polyporales; f__Meruliaceae; g__Phlebia; s__Phlebia_acerina	fig4_q30_SE_cutadapt_unite_blast_top1_rescue	Cutadapt	SE	SE	Cutadapt
c9a08cedfce3e1d4e0167bcd82f1eed8	UNITE	Fungi_k	Fungi_k	k__Fungi; p__Fungi_k; c__Fungi_k; o__Fungi_k; f__Fungi_k; g__Fungi_k; s__Fungi_k	fig4_q30_SE_cutadapt_unite_blast_top1_rescue	Cutadapt	SE	SE	Cutadapt
d1e17b274ba99de355a3817e54d6236e	UNITE	Stereaceae_f	Stereaceae_f	k__Fungi; p__Basidiomycota; c__Agaricomycetes; o__Russulales; f__Stereaceae; g__Stereaceae_f; s__Stereaceae_f	fig4_q30_SE_cutadapt_unite_blast_top1_rescue	Cutadapt	SE	SE	Cutadapt
5e1d83eccf923b1343d8824231f1bbe1	UNITE	Fungi_k	Fungi_k	k__Fungi; p__Fungi_k; c__Fungi_k; o__Fungi_k; f__Fungi_k; g__Fungi_k; s__Fungi_k	fig4_q30_SE_cutadapt_unite_blast_top1_rescue	Cutadapt	SE	SE	Cutadapt
43071ca5a252d644aa64b30a517cdb84	UNITE	Hannaella	Hannaella_oryzae	k__Fungi; p__Basidiomycota; c__Tremellomycetes; o__Tremellales; f__Bulleribasidiaceae; g__Hannaella; s__Hannaella_oryzae	fig4_q30_SE_cutadapt_unite_blast_top1_rescue	Cutadapt	SE	SE	Cutadapt
5cf5a5092050bcd623fa6eb69cef27bc	UNITE	Helotiales_o	Helotiales_o	k__Fungi; p__Ascomycota; c__Leotiomycetes; o__Helotiales; f__Helotiales_o; g__Helotiales_o; s__Helotiales_o	fig4_q30_SE_cutadapt_unite_blast_top1_rescue	Cutadapt	SE	SE	Cutadapt
337831ba7d77685699981e28fb64cf23	UNITE	Ascomycota_p	Ascomycota_p	k__Fungi; p__Ascomycota; c__Ascomycota_p; o__Ascomycota_p; f__Ascomycota_p; g__Ascomycota_p; s__Ascomycota_p	fig4_q30_SE_cutadapt_unite_blast_top1_rescue	Cutadapt	SE	SE	Cutadapt
eb419687cb6c69004db4a72c323e21f8	UNITE	Fungi_k	Fungi_k	k__Fungi; p__Fungi_k; c__Fungi_k; o__Fungi_k; f__Fungi_k; g__Fungi_k; s__Fungi_k	fig4_q30_SE_cutadapt_unite_blast_top1_rescue	Cutadapt	SE	SE	Cutadapt
5028db85c93296a70c563f0a3ef6eeb2	UNITE	Phlebia	Phlebia_acerina	k__Fungi; p__Basidiomycota; c__Agaricomycetes; o__Polyporales; f__Meruliaceae; g__Phlebia; s__Phlebia_acerina	fig4_q30_SE_cutadapt_unite_blast_top1_rescue	Cutadapt	SE	SE	Cutadapt
3b19d4888b7cb5cae6d71495a64c1f99	UNITE	Paraphoma	Unclassified	k__Fungi; p__Ascomycota; c__Dothideomycetes; o__Pleosporales; f__Phaeosphaeriaceae; g__Paraphoma; s__Paraphoma_g	fig4_q30_SE_cutadapt_unite_blast_top1_rescue	Cutadapt	SE	SE	Cutadapt
5187486fe872390b9182d5481d070c1e	UNITE	Pleosporales_o	Pleosporales_o	k__Fungi; p__Ascomycota; c__Dothideomycetes; o__Pleosporales; f__Pleosporales_o; g__Pleosporales_o; s__Pleosporales_o	fig4_q30_SE_cutadapt_unite_blast_top1_rescue	Cutadapt	SE	SE	Cutadapt
58b2e2109c1625d12106aa0c3bbdc3d8	UNITE	Fungi_k	Fungi_k	k__Fungi; p__Fungi_k; c__Fungi_k; o__Fungi_k; f__Fungi_k; g__Fungi_k; s__Fungi_k	fig4_q30_SE_cutadapt_unite_blast_top1_rescue	Cutadapt	SE	SE	Cutadapt
70c24fbf5a1015511f7eeaa619943c09	UNITE	Fungi_k	Fungi_k	k__Fungi; p__Fungi_k; c__Fungi_k; o__Fungi_k; f__Fungi_k; g__Fungi_k; s__Fungi_k	fig4_q30_SE_cutadapt_unite_blast_top1_rescue	Cutadapt	SE	SE	Cutadapt
ccd9b87685ec477410a892a19c6f56e2	UNITE	Ascomycota_p	Ascomycota_p	k__Fungi; p__Ascomycota; c__Ascomycota_p; o__Ascomycota_p; f__Ascomycota_p; g__Ascomycota_p; s__Ascomycota_p	fig4_q30_SE_cutadapt_unite_blast_top1_rescue	Cutadapt	SE	SE	Cutadapt
ea97745628171c1b7140643a9f70461e	UNITE	Ascomycota_p	Ascomycota_p	k__Fungi; p__Ascomycota; c__Ascomycota_p; o__Ascomycota_p; f__Ascomycota_p; g__Ascomycota_p; s__Ascomycota_p	fig4_q30_SE_cutadapt_unite_blast_top1_rescue	Cutadapt	SE	SE	Cutadapt
bbc5e3ab547288791a3a60ebe42ab10c	UNITE	Fungi_k	Fungi_k	k__Fungi; p__Fungi_k; c__Fungi_k; o__Fungi_k; f__Fungi_k; g__Fungi_k; s__Fungi_k	fig4_q30_SE_cutadapt_unite_blast_top1_rescue	Cutadapt	SE	SE	Cutadapt
6d536c0697e3374ffb3ec10414641759	UNITE	Metschnikowia	Unclassified	k__Fungi; p__Ascomycota; c__Saccharomycetes; o__Saccharomycetales; f__Metschnikowiaceae; g__Metschnikowia; s__Metschnikowia_g	fig4_q30_SE_cutadapt_unite_blast_top1_rescue	Cutadapt	SE	SE	Cutadapt
3c9ae85851f407a4c95023d2f0cf58be	UNITE	Fungi_k	Fungi_k	k__Fungi; p__Fungi_k; c__Fungi_k; o__Fungi_k; f__Fungi_k; g__Fungi_k; s__Fungi_k	fig4_q30_SE_cutadapt_unite_blast_top1_rescue	Cutadapt	SE	SE	Cutadapt
eb56c19be8e5fbe1c2a1ca33be8c1b24	UNITE	Fungi_k	Fungi_k	k__Fungi; p__Fungi_k; c__Fungi_k; o__Fungi_k; f__Fungi_k; g__Fungi_k; s__Fungi_k	fig4_q30_SE_cutadapt_unite_blast_top1_rescue	Cutadapt	SE	SE	Cutadapt
cc56f99c558815f04df56c615a4708ea	UNITE	Irpex	Irpex_hacksungii	k__Fungi; p__Basidiomycota; c__Agaricomycetes; o__Polyporales; f__Irpicaceae; g__Irpex; s__Irpex_hacksungii	fig4_q30_SE_cutadapt_unite_blast_top1_rescue	Cutadapt	SE	SE	Cutadapt
93ca18c8326c68730665b16f4afc4c27	UNITE	Paraphoma	Paraphoma_rhaphiolepidis	k__Fungi; p__Ascomycota; c__Dothideomycetes; o__Pleosporales; f__Phaeosphaeriaceae; g__Paraphoma; s__Paraphoma_rhaphiolepidis	fig4_q30_SE_cutadapt_unite_blast_top1_rescue	Cutadapt	SE	SE	Cutadapt
240d740ef91d43f334788e266d661f7b	UNITE	Pluteus	Unclassified	k__Fungi; p__Basidiomycota; c__Agaricomycetes; o__Agaricales; f__Pluteaceae; g__Pluteus; s__Pluteus_g	fig4_q30_SE_cutadapt_unite_blast_top1_rescue	Cutadapt	SE	SE	Cutadapt
84b5c1c947a868e466363aca6892af10	UNITE	Coniothyrium	Coniothyrium_sidae	k__Fungi; p__Ascomycota; c__Dothideomycetes; o__Pleosporales; f__Coniothyriaceae; g__Coniothyrium; s__Coniothyrium_sidae	fig4_q30_SE_cutadapt_unite_blast_top1_rescue	Cutadapt	SE	SE	Cutadapt
b2d80c0c3ae31c0fa0081d4ec7136a6b	UNITE	Fungi_k	Fungi_k	k__Fungi; p__Fungi_k; c__Fungi_k; o__Fungi_k; f__Fungi_k; g__Fungi_k; s__Fungi_k	fig4_q30_SE_cutadapt_unite_blast_top1_rescue	Cutadapt	SE	SE	Cutadapt
a8006bd4661f54caf04a33bfd953834d	UNITE	Fungi_k	Fungi_k	k__Fungi; p__Fungi_k; c__Fungi_k; o__Fungi_k; f__Fungi_k; g__Fungi_k; s__Fungi_k	fig4_q30_SE_cutadapt_unite_blast_top1_rescue	Cutadapt	SE	SE	Cutadapt
2f43c6a7f9331f447cc24981f1887474	UNITE	Fungi_k	Fungi_k	k__Fungi; p__Fungi_k; c__Fungi_k; o__Fungi_k; f__Fungi_k; g__Fungi_k; s__Fungi_k	fig4_q30_SE_cutadapt_unite_blast_top1_rescue	Cutadapt	SE	SE	Cutadapt
034dd71309f0853471154f43bc02abd1	UNITE	Ascomycota_p	Ascomycota_p	k__Fungi; p__Ascomycota; c__Ascomycota_p; o__Ascomycota_p; f__Ascomycota_p; g__Ascomycota_p; s__Ascomycota_p	fig4_q30_SE_cutadapt_unite_blast_top1_rescue	Cutadapt	SE	SE	Cutadapt
579ecb5e770eff08feca9199a9d1b0c7	UNITE	Rhizoplaca	Rhizoplaca_novomexicana	k__Fungi; p__Ascomycota; c__Lecanoromycetes; o__Lecanorales; f__Lecanoraceae; g__Rhizoplaca; s__Rhizoplaca_novomexicana	fig4_q30_SE_cutadapt_unite_blast_top1_rescue	Cutadapt	SE	SE	Cutadapt
d7fc1469409e75228a73f2e6c5a2a3c7	UNITE	Lecanoromycetes_c	Lecanoromycetes_c	k__Fungi; p__Ascomycota; c__Lecanoromycetes; o__Lecanoromycetes_c; f__Lecanoromycetes_c; g__Lecanoromycetes_c; s__Lecanoromycetes_c	fig4_q30_SE_cutadapt_unite_blast_top1_rescue	Cutadapt	SE	SE	Cutadapt
7ec116ba801fe0dd6ad02c5516ba27b6	UNITE	Ascomycota_p	Ascomycota_p	k__Fungi; p__Ascomycota; c__Ascomycota_p; o__Ascomycota_p; f__Ascomycota_p; g__Ascomycota_p; s__Ascomycota_p	fig4_q30_SE_cutadapt_unite_blast_top1_rescue	Cutadapt	SE	SE	Cutadapt
29d62dfd66a91504472270a3fc584aad	UNITE	Saccharomyces	Unclassified	k__Fungi; p__Ascomycota; c__Saccharomycetes; o__Saccharomycetales; f__Saccharomycetaceae; g__Saccharomyces; s__Saccharomyces_g	fig4_q30_SE_cutadapt_unite_blast_top1_rescue	Cutadapt	SE	SE	Cutadapt
e43a7fd010f2b357ee8e0655e81440be	UNITE	Fungi_k	Fungi_k	k__Fungi; p__Fungi_k; c__Fungi_k; o__Fungi_k; f__Fungi_k; g__Fungi_k; s__Fungi_k	fig4_q30_SE_cutadapt_unite_blast_top1_rescue	Cutadapt	SE	SE	Cutadapt
fbea4bf29a9ade946b3674af59bbdb75	UNITE	Hymenochaete	Hymenochaete_odontoides	k__Fungi; p__Basidiomycota; c__Agaricomycetes; o__Hymenochaetales; f__Hymenochaetaceae; g__Hymenochaete; s__Hymenochaete_odontoides	fig4_q30_SE_cutadapt_unite_blast_top1_rescue	Cutadapt	SE	SE	Cutadapt
9a8e760195cd584b7811142a27f29b00	UNITE	Fungi_k	Fungi_k	k__Fungi; p__Fungi_k; c__Fungi_k; o__Fungi_k; f__Fungi_k; g__Fungi_k; s__Fungi_k	fig4_q30_SE_cutadapt_unite_blast_top1_rescue	Cutadapt	SE	SE	Cutadapt
b7bfeefde3acfbb774c0c51ff1d9ab5a	UNITE	Phaeosphaeriaceae_f	Phaeosphaeriaceae_f	k__Fungi; p__Ascomycota; c__Dothideomycetes; o__Pleosporales; f__Phaeosphaeriaceae; g__Phaeosphaeriaceae_f; s__Phaeosphaeriaceae_f	fig4_q30_SE_cutadapt_unite_blast_top1_rescue	Cutadapt	SE	SE	Cutadapt
9a507bbaa2506b564c6ecc67ac11ca51	UNITE	Pleosporales_o	Pleosporales_o	k__Fungi; p__Ascomycota; c__Dothideomycetes; o__Pleosporales; f__Pleosporales_o; g__Pleosporales_o; s__Pleosporales_o	fig4_q30_SE_cutadapt_unite_blast_top1_rescue	Cutadapt	SE	SE	Cutadapt
c9e58beca8becb5fcc7e538ede488f9e	UNITE	Ascomycota_p	Ascomycota_p	k__Fungi; p__Ascomycota; c__Ascomycota_p; o__Ascomycota_p; f__Ascomycota_p; g__Ascomycota_p; s__Ascomycota_p	fig4_q30_SE_cutadapt_unite_blast_top1_rescue	Cutadapt	SE	SE	Cutadapt
d67ec88ac6b0a4537d390059cf1dac96	UNITE	Basidiomycota_p	Basidiomycota_p	k__Fungi; p__Basidiomycota; c__Basidiomycota_p; o__Basidiomycota_p; f__Basidiomycota_p; g__Basidiomycota_p; s__Basidiomycota_p	fig4_q30_SE_cutadapt_unite_blast_top1_rescue	Cutadapt	SE	SE	Cutadapt
24d7b4411285b730ba3e4413dd9c2988	UNITE	Peniophoraceae_f	Peniophoraceae_f	k__Fungi; p__Basidiomycota; c__Agaricomycetes; o__Russulales; f__Peniophoraceae; g__Peniophoraceae_f; s__Peniophoraceae_f	fig4_q30_SE_cutadapt_unite_blast_top1_rescue	Cutadapt	SE	SE	Cutadapt
6976a055044853c7e68d7943cfd3806a	UNITE	Fungi_k	Fungi_k	k__Fungi; p__Fungi_k; c__Fungi_k; o__Fungi_k; f__Fungi_k; g__Fungi_k; s__Fungi_k	fig4_q30_SE_cutadapt_unite_blast_top1_rescue	Cutadapt	SE	SE	Cutadapt
57953a259caf82bc29a84735e0ceb763	UNITE	Fungi_k	Fungi_k	k__Fungi; p__Fungi_k; c__Fungi_k; o__Fungi_k; f__Fungi_k; g__Fungi_k; s__Fungi_k	fig4_q30_SE_cutadapt_unite_blast_top1_rescue	Cutadapt	SE	SE	Cutadapt
c3fa753391ecc001d88bbc94b9693dd6	UNITE	Ascomycota_p	Ascomycota_p	k__Fungi; p__Ascomycota; c__Ascomycota_p; o__Ascomycota_p; f__Ascomycota_p; g__Ascomycota_p; s__Ascomycota_p	fig4_q30_SE_cutadapt_unite_blast_top1_rescue	Cutadapt	SE	SE	Cutadapt
8c9faa9e15875e19c83d12df14a5a3ff	UNITE	Ascomycota_p	Ascomycota_p	k__Fungi; p__Ascomycota; c__Ascomycota_p; o__Ascomycota_p; f__Ascomycota_p; g__Ascomycota_p; s__Ascomycota_p	fig4_q30_SE_cutadapt_unite_blast_top1_rescue	Cutadapt	SE	SE	Cutadapt
ccd031f4267764c6dbee39b62a142b1b	UNITE	Fungi_k	Fungi_k	k__Fungi; p__Fungi_k; c__Fungi_k; o__Fungi_k; f__Fungi_k; g__Fungi_k; s__Fungi_k	fig4_q30_SE_cutadapt_unite_blast_top1_rescue	Cutadapt	SE	SE	Cutadapt
a810f4bd2f53d48fc7f37e94bf363fc4	UNITE	Fungi_k	Fungi_k	k__Fungi; p__Fungi_k; c__Fungi_k; o__Fungi_k; f__Fungi_k; g__Fungi_k; s__Fungi_k	fig4_q30_SE_cutadapt_unite_blast_top1_rescue	Cutadapt	SE	SE	Cutadapt
d30bd92498a8cd6f581788d3c914949d	UNITE	Penicillium	Unclassified	k__Fungi; p__Ascomycota; c__Eurotiomycetes; o__Eurotiales; f__Aspergillaceae; g__Penicillium; s__Penicillium_g	fig4_q30_SE_cutadapt_unite_blast_top1_rescue	Cutadapt	SE	SE	Cutadapt
94c0d2deeddd5f1e709b971ddca5b96f	UNITE	Ascomycota_p	Ascomycota_p	k__Fungi; p__Ascomycota; c__Ascomycota_p; o__Ascomycota_p; f__Ascomycota_p; g__Ascomycota_p; s__Ascomycota_p	fig4_q30_SE_cutadapt_unite_blast_top1_rescue	Cutadapt	SE	SE	Cutadapt
94dddfcdc76df2a1fd9cc9fef269a37a	UNITE	Exidia	Exidia_uvapassa	k__Fungi; p__Basidiomycota; c__Agaricomycetes; o__Auriculariales; f__Auriculariaceae; g__Exidia; s__Exidia_uvapassa	fig4_q30_SE_cutadapt_unite_blast_top1_rescue	Cutadapt	SE	SE	Cutadapt
3ee47f1d98e4915c5a3a26a8c46c4890	UNITE	Peniophoraceae_f	Peniophoraceae_f	k__Fungi; p__Basidiomycota; c__Agaricomycetes; o__Russulales; f__Peniophoraceae; g__Peniophoraceae_f; s__Peniophoraceae_f	fig4_q30_SE_cutadapt_unite_blast_top1_rescue	Cutadapt	SE	SE	Cutadapt
6d5d5e8e8195643d12ad9f89722821ba	UNITE	Periconia	Periconia_celtidis	k__Fungi; p__Ascomycota; c__Dothideomycetes; o__Pleosporales; f__Periconiaceae; g__Periconia; s__Periconia_celtidis	fig4_q30_SE_cutadapt_unite_blast_top1_rescue	Cutadapt	SE	SE	Cutadapt
d6cc98cce9c2687e7e03206bda7d9f64	UNITE	Peniophoraceae_f	Peniophoraceae_f	k__Fungi; p__Basidiomycota; c__Agaricomycetes; o__Russulales; f__Peniophoraceae; g__Peniophoraceae_f; s__Peniophoraceae_f	fig4_q30_SE_cutadapt_unite_blast_top1_rescue	Cutadapt	SE	SE	Cutadapt
4f6650e0c14cacd7abd09857e6585ff4	UNITE	Basidiomycota_p	Basidiomycota_p	k__Fungi; p__Basidiomycota; c__Basidiomycota_p; o__Basidiomycota_p; f__Basidiomycota_p; g__Basidiomycota_p; s__Basidiomycota_p	fig4_q30_SE_cutadapt_unite_blast_top1_rescue	Cutadapt	SE	SE	Cutadapt
ccf3654d7cb955da43f548b2d4a6463a	UNITE	Hyphodontia	Hyphodontia_tropica	k__Fungi; p__Basidiomycota; c__Agaricomycetes; o__Hymenochaetales; f__Schizoporaceae; g__Hyphodontia; s__Hyphodontia_tropica	fig4_q30_SE_cutadapt_unite_blast_top1_rescue	Cutadapt	SE	SE	Cutadapt
1540d97c8f1d072ae65b7a4c33585746	UNITE	Thelebolus	Unclassified	k__Fungi; p__Ascomycota; c__Leotiomycetes; o__Thelebolales; f__Thelebolaceae; g__Thelebolus; s__Thelebolus_g	fig4_q30_SE_cutadapt_unite_blast_top1_rescue	Cutadapt	SE	SE	Cutadapt
7332820fcc90af10ffa68c99d5c2d874	UNITE	Ascomycota_p	Ascomycota_p	k__Fungi; p__Ascomycota; c__Ascomycota_p; o__Ascomycota_p; f__Ascomycota_p; g__Ascomycota_p; s__Ascomycota_p	fig4_q30_SE_cutadapt_unite_blast_top1_rescue	Cutadapt	SE	SE	Cutadapt
6e82328c42ba7c3e6116b76beafea40d	UNITE	Fungi_k	Fungi_k	k__Fungi; p__Fungi_k; c__Fungi_k; o__Fungi_k; f__Fungi_k; g__Fungi_k; s__Fungi_k	fig4_q30_SE_cutadapt_unite_blast_top1_rescue	Cutadapt	SE	SE	Cutadapt
05b496404be4e237c87028a88f649e1a	UNITE	Ascomycota_p	Ascomycota_p	k__Fungi; p__Ascomycota; c__Ascomycota_p; o__Ascomycota_p; f__Ascomycota_p; g__Ascomycota_p; s__Ascomycota_p	fig4_q30_SE_cutadapt_unite_blast_top1_rescue	Cutadapt	SE	SE	Cutadapt
bfd09568df5b64763bb30e17f8d02f3c	UNITE	Fungi_k	Fungi_k	k__Fungi; p__Fungi_k; c__Fungi_k; o__Fungi_k; f__Fungi_k; g__Fungi_k; s__Fungi_k	fig4_q30_SE_cutadapt_unite_blast_top1_rescue	Cutadapt	SE	SE	Cutadapt
0fb48a8ab7edb9fc5d7e0721fd6a71ed	UNITE	Fungi_k	Fungi_k	k__Fungi; p__Fungi_k; c__Fungi_k; o__Fungi_k; f__Fungi_k; g__Fungi_k; s__Fungi_k	fig4_q30_SE_cutadapt_unite_blast_top1_rescue	Cutadapt	SE	SE	Cutadapt
ab224c39466ee6d32bd0cb957ff3bf07	UNITE	Ascomycota_p	Ascomycota_p	k__Fungi; p__Ascomycota; c__Ascomycota_p; o__Ascomycota_p; f__Ascomycota_p; g__Ascomycota_p; s__Ascomycota_p	fig4_q30_SE_cutadapt_unite_blast_top1_rescue	Cutadapt	SE	SE	Cutadapt
b407c9e0ae8d92182c419ee74b4da114	UNITE	Fungi_k	Fungi_k	k__Fungi; p__Fungi_k; c__Fungi_k; o__Fungi_k; f__Fungi_k; g__Fungi_k; s__Fungi_k	fig4_q30_SE_cutadapt_unite_blast_top1_rescue	Cutadapt	SE	SE	Cutadapt
1c8aea5d6f2451aac5a804b66803af1e	UNITE	Fungi_k	Fungi_k	k__Fungi; p__Fungi_k; c__Fungi_k; o__Fungi_k; f__Fungi_k; g__Fungi_k; s__Fungi_k	fig4_q30_SE_cutadapt_unite_blast_top1_rescue	Cutadapt	SE	SE	Cutadapt
4d1c9fd884a315a755aa7c59427b2d62	UNITE	Phanerochaete	Unclassified	k__Fungi; p__Basidiomycota; c__Agaricomycetes; o__Polyporales; f__Phanerochaetaceae; g__Phanerochaete; s__Phanerochaete_g	fig4_q30_SE_cutadapt_unite_blast_top1_rescue	Cutadapt	SE	SE	Cutadapt
6e0e8ddf7043ec51d326dff163480dc7	UNITE	Neosetophoma	Neosetophoma_guiyangensis	k__Fungi; p__Ascomycota; c__Dothideomycetes; o__Pleosporales; f__Phaeosphaeriaceae; g__Neosetophoma; s__Neosetophoma_guiyangensis	fig4_q30_SE_cutadapt_unite_blast_top1_rescue	Cutadapt	SE	SE	Cutadapt
f3668a5d3a3b9ae5ec04a62d6b276380	UNITE	Ascomycota_p	Ascomycota_p	k__Fungi; p__Ascomycota; c__Ascomycota_p; o__Ascomycota_p; f__Ascomycota_p; g__Ascomycota_p; s__Ascomycota_p	fig4_q30_SE_cutadapt_unite_blast_top1_rescue	Cutadapt	SE	SE	Cutadapt
3ca224352821ab4798e0ab4bb73ab267	UNITE	Mycoaciella	Mycoaciella_efibulata	k__Fungi; p__Basidiomycota; c__Agaricomycetes; o__Polyporales; f__Meruliaceae; g__Mycoaciella; s__Mycoaciella_efibulata	fig4_q30_SE_cutadapt_unite_blast_top1_rescue	Cutadapt	SE	SE	Cutadapt
4829c7cee3b18ec5924817979293801f	UNITE	Sistotrema	Sistotrema_brinkmannii	k__Fungi; p__Basidiomycota; c__Agaricomycetes; o__Cantharellales; f__Hydnaceae; g__Sistotrema; s__Sistotrema_brinkmannii	fig4_q30_SE_cutadapt_unite_blast_top1_rescue	Cutadapt	SE	SE	Cutadapt
397362a873a8f2418d7c6e6697262abc	UNITE	Agaricales_o	Agaricales_o	k__Fungi; p__Basidiomycota; c__Agaricomycetes; o__Agaricales; f__Agaricales_o; g__Agaricales_o; s__Agaricales_o	fig4_q30_SE_cutadapt_unite_blast_top1_rescue	Cutadapt	SE	SE	Cutadapt
b0ae62f3189358ff6ca6e936a7f09b21	UNITE	Trametes	Trametes_hirsuta	k__Fungi; p__Basidiomycota; c__Agaricomycetes; o__Polyporales; f__Polyporaceae; g__Trametes; s__Trametes_hirsuta	fig4_q30_SE_cutadapt_unite_blast_top1_rescue	Cutadapt	SE	SE	Cutadapt
c7e72cd68f619fbd50765269dd08f1d2	UNITE	Butyrea	Butyrea_japonica	k__Fungi; p__Basidiomycota; c__Agaricomycetes; o__Polyporales; f__Steccherinaceae; g__Butyrea; s__Butyrea_japonica	fig4_q30_SE_cutadapt_unite_blast_top1_rescue	Cutadapt	SE	SE	Cutadapt
c12e357adf22e7dfbf24ddb92f3e037b	UNITE	Leptospora	Unclassified	k__Fungi; p__Ascomycota; c__Dothideomycetes; o__Pleosporales; f__Phaeosphaeriaceae; g__Leptospora; s__Leptospora_g	fig4_q30_SE_cutadapt_unite_blast_top1_rescue	Cutadapt	SE	SE	Cutadapt
a5fb812775e585a48c8358419981538a	UNITE	Scopuloides	Unclassified	k__Fungi; p__Basidiomycota; c__Agaricomycetes; o__Polyporales; f__Meruliaceae; g__Scopuloides; s__Scopuloides_g	fig4_q30_SE_cutadapt_unite_blast_top1_rescue	Cutadapt	SE	SE	Cutadapt
ef16d0695cbd2892a71d4e49c28bd4ea	UNITE	Trametes	Trametes_hirsuta	k__Fungi; p__Basidiomycota; c__Agaricomycetes; o__Polyporales; f__Polyporaceae; g__Trametes; s__Trametes_hirsuta	fig4_q30_SE_cutadapt_unite_blast_top1_rescue	Cutadapt	SE	SE	Cutadapt
59e39ce5b0fa28367628aaac73e3ace5	UNITE	Fungi_k	Fungi_k	k__Fungi; p__Fungi_k; c__Fungi_k; o__Fungi_k; f__Fungi_k; g__Fungi_k; s__Fungi_k	fig4_q30_SE_cutadapt_unite_blast_top1_rescue	Cutadapt	SE	SE	Cutadapt
a8667283551f577f6feb70486539d8d1	UNITE	Ascomycota_p	Ascomycota_p	k__Fungi; p__Ascomycota; c__Ascomycota_p; o__Ascomycota_p; f__Ascomycota_p; g__Ascomycota_p; s__Ascomycota_p	fig4_q30_SE_cutadapt_unite_blast_top1_rescue	Cutadapt	SE	SE	Cutadapt
9ab532e02e09a25a4e7fc6d767fa9aa1	UNITE	Fungi_k	Fungi_k	k__Fungi; p__Fungi_k; c__Fungi_k; o__Fungi_k; f__Fungi_k; g__Fungi_k; s__Fungi_k	fig4_q30_SE_cutadapt_unite_blast_top1_rescue	Cutadapt	SE	SE	Cutadapt
cc654ac138d65ef720d9e6927b4275cf	UNITE	Ascomycota_p	Ascomycota_p	k__Fungi; p__Ascomycota; c__Ascomycota_p; o__Ascomycota_p; f__Ascomycota_p; g__Ascomycota_p; s__Ascomycota_p	fig4_q30_SE_cutadapt_unite_blast_top1_rescue	Cutadapt	SE	SE	Cutadapt
e7d607347edf89506f50e84573edc326	UNITE	Ascomycota_p	Ascomycota_p	k__Fungi; p__Ascomycota; c__Ascomycota_p; o__Ascomycota_p; f__Ascomycota_p; g__Ascomycota_p; s__Ascomycota_p	fig4_q30_SE_cutadapt_unite_blast_top1_rescue	Cutadapt	SE	SE	Cutadapt
9382063e0b2044656cf90225daa688cc	UNITE	Ascomycota_p	Ascomycota_p	k__Fungi; p__Ascomycota; c__Ascomycota_p; o__Ascomycota_p; f__Ascomycota_p; g__Ascomycota_p; s__Ascomycota_p	fig4_q30_SE_cutadapt_unite_blast_top1_rescue	Cutadapt	SE	SE	Cutadapt
1f918dc743f502eb0290572adf274b34	UNITE	Fungi_k	Fungi_k	k__Fungi; p__Fungi_k; c__Fungi_k; o__Fungi_k; f__Fungi_k; g__Fungi_k; s__Fungi_k	fig4_q30_SE_cutadapt_unite_blast_top1_rescue	Cutadapt	SE	SE	Cutadapt
4951881ce90885c4c3b8b071badab83f	UNITE	Fungi_k	Fungi_k	k__Fungi; p__Fungi_k; c__Fungi_k; o__Fungi_k; f__Fungi_k; g__Fungi_k; s__Fungi_k	fig4_q30_SE_cutadapt_unite_blast_top1_rescue	Cutadapt	SE	SE	Cutadapt
43f18b9991f72cfc8bf12cbd1b48c96b	UNITE	Fungi_k	Fungi_k	k__Fungi; p__Fungi_k; c__Fungi_k; o__Fungi_k; f__Fungi_k; g__Fungi_k; s__Fungi_k	fig4_q30_SE_cutadapt_unite_blast_top1_rescue	Cutadapt	SE	SE	Cutadapt
1b2e8a0293b43f376c41093828fde254	UNITE	Trametes	Trametes_versicolor	k__Fungi; p__Basidiomycota; c__Agaricomycetes; o__Polyporales; f__Polyporaceae; g__Trametes; s__Trametes_versicolor	fig4_q30_SE_cutadapt_unite_blast_top1_rescue	Cutadapt	SE	SE	Cutadapt
b7961057390a6c976529ef24c7f377f3	UNITE	Fungi_k	Fungi_k	k__Fungi; p__Fungi_k; c__Fungi_k; o__Fungi_k; f__Fungi_k; g__Fungi_k; s__Fungi_k	fig4_q30_SE_cutadapt_unite_blast_top1_rescue	Cutadapt	SE	SE	Cutadapt
61645f9cde6903edbbd03f5235efd2d1	UNITE	Pleurotus	Pleurotus_ostreatus	k__Fungi; p__Basidiomycota; c__Agaricomycetes; o__Agaricales; f__Pleurotaceae; g__Pleurotus; s__Pleurotus_ostreatus	fig4_q30_SE_cutadapt_unite_blast_top1_rescue	Cutadapt	SE	SE	Cutadapt
ab4ff24c6768499d28626cb4e300616a	UNITE	Mycoaciella	Mycoaciella_efibulata	k__Fungi; p__Basidiomycota; c__Agaricomycetes; o__Polyporales; f__Meruliaceae; g__Mycoaciella; s__Mycoaciella_efibulata	fig4_q30_SE_cutadapt_unite_blast_top1_rescue	Cutadapt	SE	SE	Cutadapt
4b3032f1ababa735f461201a632784c8	UNITE	Phlebia	Phlebia_acanthocystis	k__Fungi; p__Basidiomycota; c__Agaricomycetes; o__Polyporales; f__Meruliaceae; g__Phlebia; s__Phlebia_acanthocystis	fig4_q30_SE_cutadapt_unite_blast_top1_rescue	Cutadapt	SE	SE	Cutadapt
fa6042518061af83ea6007686638c607	UNITE	Fungi_k	Fungi_k	k__Fungi; p__Fungi_k; c__Fungi_k; o__Fungi_k; f__Fungi_k; g__Fungi_k; s__Fungi_k	fig4_q30_SE_cutadapt_unite_blast_top1_rescue	Cutadapt	SE	SE	Cutadapt
0f360b09103c67271c91a7874e444b09	UNITE	Dentipellis	Dentipellis_fragilis	k__Fungi; p__Basidiomycota; c__Agaricomycetes; o__Russulales; f__Hericiaceae; g__Dentipellis; s__Dentipellis_fragilis	fig4_q30_SE_cutadapt_unite_blast_top1_rescue	Cutadapt	SE	SE	Cutadapt
679ca3aecfbd02b0d7659b6327a70872	UNITE	Ascomycota_p	Ascomycota_p	k__Fungi; p__Ascomycota; c__Ascomycota_p; o__Ascomycota_p; f__Ascomycota_p; g__Ascomycota_p; s__Ascomycota_p	fig4_q30_SE_cutadapt_unite_blast_top1_rescue	Cutadapt	SE	SE	Cutadapt
16703d0a4083f43db27f62158cbd405a	UNITE	Ophiosphaerella	Ophiosphaerella_chiangraiensis	k__Fungi; p__Ascomycota; c__Dothideomycetes; o__Pleosporales; f__Phaeosphaeriaceae; g__Ophiosphaerella; s__Ophiosphaerella_chiangraiensis	fig4_q30_SE_cutadapt_unite_blast_top1_rescue	Cutadapt	SE	SE	Cutadapt
fed98bc28374334a8e2df19c0ed70b46	UNITE	Peniophoraceae_f	Peniophoraceae_f	k__Fungi; p__Basidiomycota; c__Agaricomycetes; o__Russulales; f__Peniophoraceae; g__Peniophoraceae_f; s__Peniophoraceae_f	fig4_q30_SE_cutadapt_unite_blast_top1_rescue	Cutadapt	SE	SE	Cutadapt
c7ddb05d44bb0ae81e055fa6ff76c7ad	UNITE	Phanerochaete	Phanerochaete_cumulodentata	k__Fungi; p__Basidiomycota; c__Agaricomycetes; o__Polyporales; f__Phanerochaetaceae; g__Phanerochaete; s__Phanerochaete_cumulodentata	fig4_q30_SE_cutadapt_unite_blast_top1_rescue	Cutadapt	SE	SE	Cutadapt
88be853cbd81bb124d987055745dd220	UNITE	Trechisporales_o	Trechisporales_o	k__Fungi; p__Basidiomycota; c__Agaricomycetes; o__Trechisporales; f__Trechisporales_o; g__Trechisporales_o; s__Trechisporales_o	fig4_q30_SE_cutadapt_unite_blast_top1_rescue	Cutadapt	SE	SE	Cutadapt
f1997867c1a1b8dbf76c227712592c2b	UNITE	Mycoaciella	Mycoaciella_efibulata	k__Fungi; p__Basidiomycota; c__Agaricomycetes; o__Polyporales; f__Meruliaceae; g__Mycoaciella; s__Mycoaciella_efibulata	fig4_q30_SE_cutadapt_unite_blast_top1_rescue	Cutadapt	SE	SE	Cutadapt
224d56ff798feaccbf5f4ce5eaf3ded3	UNITE	Stereaceae_f	Stereaceae_f	k__Fungi; p__Basidiomycota; c__Agaricomycetes; o__Russulales; f__Stereaceae; g__Stereaceae_f; s__Stereaceae_f	fig4_q30_SE_cutadapt_unite_blast_top1_rescue	Cutadapt	SE	SE	Cutadapt
b26396e1664e227b62d104f34fd92b40	UNITE	Hyphoderma	Hyphoderma_setigerum	k__Fungi; p__Basidiomycota; c__Agaricomycetes; o__Polyporales; f__Hyphodermataceae; g__Hyphoderma; s__Hyphoderma_setigerum	fig4_q30_SE_cutadapt_unite_blast_top1_rescue	Cutadapt	SE	SE	Cutadapt
6ff253a77431f16f031f09943020be98	UNITE	Polyporales_o	Polyporales_o	k__Fungi; p__Basidiomycota; c__Agaricomycetes; o__Polyporales; f__Polyporales_o; g__Polyporales_o; s__Polyporales_o	fig4_q30_SE_cutadapt_unite_blast_top1_rescue	Cutadapt	SE	SE	Cutadapt
f948e144edae90d5a6361cefa3a96d1e	UNITE	Peniophoraceae_f	Peniophoraceae_f	k__Fungi; p__Basidiomycota; c__Agaricomycetes; o__Russulales; f__Peniophoraceae; g__Peniophoraceae_f; s__Peniophoraceae_f	fig4_q30_SE_cutadapt_unite_blast_top1_rescue	Cutadapt	SE	SE	Cutadapt
a554710d9573066da22c4a4f87f01d3a	UNITE	Clitopilus	Clitopilus_baronii	k__Fungi; p__Basidiomycota; c__Agaricomycetes; o__Agaricales; f__Entolomataceae; g__Clitopilus; s__Clitopilus_baronii	fig4_q30_SE_cutadapt_unite_blast_top1_rescue	Cutadapt	SE	SE	Cutadapt
dedfb065825f7af0f11dc63cd4a5b596	UNITE	Fungi_k	Fungi_k	k__Fungi; p__Fungi_k; c__Fungi_k; o__Fungi_k; f__Fungi_k; g__Fungi_k; s__Fungi_k	fig4_q30_SE_cutadapt_unite_blast_top1_rescue	Cutadapt	SE	SE	Cutadapt
8abbc3706d83fc336ad674b159566a26	UNITE	Ophiognomonia	Ophiognomonia_asiatica	k__Fungi; p__Ascomycota; c__Sordariomycetes; o__Diaporthales; f__Gnomoniaceae; g__Ophiognomonia; s__Ophiognomonia_asiatica	fig4_q30_SE_cutadapt_unite_blast_top1_rescue	Cutadapt	SE	SE	Cutadapt
17952accf0a19bde02e3576f0b21a02f	UNITE	Paraphoma	Unclassified	k__Fungi; p__Ascomycota; c__Dothideomycetes; o__Pleosporales; f__Phaeosphaeriaceae; g__Paraphoma; s__Paraphoma_g	fig4_q30_SE_cutadapt_unite_blast_top1_rescue	Cutadapt	SE	SE	Cutadapt
cc572ce0686826cfa6fa0474048bea08	UNITE	Phlebiopsis	Phlebiopsis_gigantea	k__Fungi; p__Basidiomycota; c__Agaricomycetes; o__Polyporales; f__Phanerochaetaceae; g__Phlebiopsis; s__Phlebiopsis_gigantea	fig4_q30_SE_cutadapt_unite_blast_top1_rescue	Cutadapt	SE	SE	Cutadapt
a0e94e321165b221002d4815536f2eea	UNITE	Ceratobasidium	Unclassified	k__Fungi; p__Basidiomycota; c__Agaricomycetes; o__Cantharellales; f__Ceratobasidiaceae; g__Ceratobasidium; s__Ceratobasidium_g	fig4_q30_SE_cutadapt_unite_blast_top1_rescue	Cutadapt	SE	SE	Cutadapt
ee7eded8ff16d52a1a8b95d1ac582d73	UNITE	Xylodon	Xylodon_flaviporus	k__Fungi; p__Basidiomycota; c__Agaricomycetes; o__Hymenochaetales; f__Schizoporaceae; g__Xylodon; s__Xylodon_flaviporus	fig4_q30_SE_cutadapt_unite_blast_top1_rescue	Cutadapt	SE	SE	Cutadapt
c2e2bbe0f275c3ae873e4c8011264301	UNITE	Fungi_k	Fungi_k	k__Fungi; p__Fungi_k; c__Fungi_k; o__Fungi_k; f__Fungi_k; g__Fungi_k; s__Fungi_k	fig4_q30_SE_cutadapt_unite_blast_top1_rescue	Cutadapt	SE	SE	Cutadapt
4bfd955490a13cf9d93564394b8053c5	UNITE	Ascomycota_p	Ascomycota_p	k__Fungi; p__Ascomycota; c__Ascomycota_p; o__Ascomycota_p; f__Ascomycota_p; g__Ascomycota_p; s__Ascomycota_p	fig4_q30_SE_cutadapt_unite_blast_top1_rescue	Cutadapt	SE	SE	Cutadapt
c2084f73dc59a63c76060a2d438c90dd	UNITE	Ascomycota_p	Ascomycota_p	k__Fungi; p__Ascomycota; c__Ascomycota_p; o__Ascomycota_p; f__Ascomycota_p; g__Ascomycota_p; s__Ascomycota_p	fig4_q30_SE_cutadapt_unite_blast_top1_rescue	Cutadapt	SE	SE	Cutadapt
588b3566dfb1cd5eec4c04e15e8a68e4	UNITE	Fungi_k	Fungi_k	k__Fungi; p__Fungi_k; c__Fungi_k; o__Fungi_k; f__Fungi_k; g__Fungi_k; s__Fungi_k	fig4_q30_SE_cutadapt_unite_blast_top1_rescue	Cutadapt	SE	SE	Cutadapt
ff27b8703c571d06a3bb9d893ed7daea	UNITE	Fungi_k	Fungi_k	k__Fungi; p__Fungi_k; c__Fungi_k; o__Fungi_k; f__Fungi_k; g__Fungi_k; s__Fungi_k	fig4_q30_SE_cutadapt_unite_blast_top1_rescue	Cutadapt	SE	SE	Cutadapt
31169ddba661462ce73f8c72d905380f	UNITE	Lecanoromycetes_c	Lecanoromycetes_c	k__Fungi; p__Ascomycota; c__Lecanoromycetes; o__Lecanoromycetes_c; f__Lecanoromycetes_c; g__Lecanoromycetes_c; s__Lecanoromycetes_c	fig4_q30_SE_cutadapt_unite_blast_top1_rescue	Cutadapt	SE	SE	Cutadapt
6f44fdcac884f9349154a511f9ec5467	UNITE	Fungi_k	Fungi_k	k__Fungi; p__Fungi_k; c__Fungi_k; o__Fungi_k; f__Fungi_k; g__Fungi_k; s__Fungi_k	fig4_q30_SE_cutadapt_unite_blast_top1_rescue	Cutadapt	SE	SE	Cutadapt
e98dc9729afccefe7d09d64fb570d0f7	UNITE	Fungi_k	Fungi_k	k__Fungi; p__Fungi_k; c__Fungi_k; o__Fungi_k; f__Fungi_k; g__Fungi_k; s__Fungi_k	fig4_q30_SE_cutadapt_unite_blast_top1_rescue	Cutadapt	SE	SE	Cutadapt
f94cceab17230de007f8fd723ae80e47	UNITE	Ascomycota_p	Ascomycota_p	k__Fungi; p__Ascomycota; c__Ascomycota_p; o__Ascomycota_p; f__Ascomycota_p; g__Ascomycota_p; s__Ascomycota_p	fig4_q30_SE_cutadapt_unite_blast_top1_rescue	Cutadapt	SE	SE	Cutadapt
891d74d20e746b1fb0158d4e1d1738cf	UNITE	Fungi_k	Fungi_k	k__Fungi; p__Fungi_k; c__Fungi_k; o__Fungi_k; f__Fungi_k; g__Fungi_k; s__Fungi_k	fig4_q30_SE_cutadapt_unite_blast_top1_rescue	Cutadapt	SE	SE	Cutadapt
e56ef4932dbe840d72fbf03dd085350e	UNITE	Fungi_k	Fungi_k	k__Fungi; p__Fungi_k; c__Fungi_k; o__Fungi_k; f__Fungi_k; g__Fungi_k; s__Fungi_k	fig4_q30_SE_cutadapt_unite_blast_top1_rescue	Cutadapt	SE	SE	Cutadapt
f6f997289cd3527af5c901a89ed81029	UNITE	Ascomycota_p	Ascomycota_p	k__Fungi; p__Ascomycota; c__Ascomycota_p; o__Ascomycota_p; f__Ascomycota_p; g__Ascomycota_p; s__Ascomycota_p	fig4_q30_SE_cutadapt_unite_blast_top1_rescue	Cutadapt	SE	SE	Cutadapt
210606b4fff7f1b545874ba7442c65b1	UNITE	Ascomycota_p	Ascomycota_p	k__Fungi; p__Ascomycota; c__Ascomycota_p; o__Ascomycota_p; f__Ascomycota_p; g__Ascomycota_p; s__Ascomycota_p	fig4_q30_SE_cutadapt_unite_blast_top1_rescue	Cutadapt	SE	SE	Cutadapt
75460142a37c38afe494aff9cc6ce051	UNITE	Fungi_k	Fungi_k	k__Fungi; p__Fungi_k; c__Fungi_k; o__Fungi_k; f__Fungi_k; g__Fungi_k; s__Fungi_k	fig4_q30_SE_cutadapt_unite_blast_top1_rescue	Cutadapt	SE	SE	Cutadapt
ccd3ca0ed71b6faaaccf15455d97d962	UNITE	Fungi_k	Fungi_k	k__Fungi; p__Fungi_k; c__Fungi_k; o__Fungi_k; f__Fungi_k; g__Fungi_k; s__Fungi_k	fig4_q30_SE_cutadapt_unite_blast_top1_rescue	Cutadapt	SE	SE	Cutadapt
aff14a00453aec3e51788b5e8539956b	UNITE	Fungi_k	Fungi_k	k__Fungi; p__Fungi_k; c__Fungi_k; o__Fungi_k; f__Fungi_k; g__Fungi_k; s__Fungi_k	fig4_q30_SE_cutadapt_unite_blast_top1_rescue	Cutadapt	SE	SE	Cutadapt
24b8daa5b10dcf42144074fc7fbfb3d6	UNITE	Ascomycota_p	Ascomycota_p	k__Fungi; p__Ascomycota; c__Ascomycota_p; o__Ascomycota_p; f__Ascomycota_p; g__Ascomycota_p; s__Ascomycota_p	fig4_q30_SE_cutadapt_unite_blast_top1_rescue	Cutadapt	SE	SE	Cutadapt
127a250c366f54f7a8ff08616edff9c2	UNITE	Fungi_k	Fungi_k	k__Fungi; p__Fungi_k; c__Fungi_k; o__Fungi_k; f__Fungi_k; g__Fungi_k; s__Fungi_k	fig4_q30_SE_cutadapt_unite_blast_top1_rescue	Cutadapt	SE	SE	Cutadapt
cca066ec93ac3b58cb278c7a3039a50d	UNITE	Fungi_k	Fungi_k	k__Fungi; p__Fungi_k; c__Fungi_k; o__Fungi_k; f__Fungi_k; g__Fungi_k; s__Fungi_k	fig4_q30_SE_cutadapt_unite_blast_top1_rescue	Cutadapt	SE	SE	Cutadapt
1ad0453306a32c66b7332becae773259	UNITE	Rhizoplaca	Rhizoplaca_novomexicana	k__Fungi; p__Ascomycota; c__Lecanoromycetes; o__Lecanorales; f__Lecanoraceae; g__Rhizoplaca; s__Rhizoplaca_novomexicana	fig4_q30_SE_cutadapt_unite_blast_top1_rescue	Cutadapt	SE	SE	Cutadapt
9c70c6df883ccc8bc958aa9b237f3dcd	UNITE	Leptosillia	Unclassified	k__Fungi; p__Ascomycota; c__Sordariomycetes; o__Xylariales; f__Leptosilliaceae; g__Leptosillia; s__Leptosillia_g	fig4_q30_SE_cutadapt_unite_blast_top1_rescue	Cutadapt	SE	SE	Cutadapt
6c1fc4704aa612ba09b1cc742f0c67b2	UNITE	Pichia	Pichia_kudriavzevii	k__Fungi; p__Ascomycota; c__Saccharomycetes; o__Saccharomycetales; f__Pichiaceae; g__Pichia; s__Pichia_kudriavzevii	fig4_q30_SE_cutadapt_unite_blast_top1_rescue	Cutadapt	SE	SE	Cutadapt
3e386a41fce9acea998443c7cd0b8976	UNITE	Dothideomycetes_c	Dothideomycetes_c	k__Fungi; p__Ascomycota; c__Dothideomycetes; o__Dothideomycetes_c; f__Dothideomycetes_c; g__Dothideomycetes_c; s__Dothideomycetes_c	fig4_q30_SE_cutadapt_unite_blast_top1_rescue	Cutadapt	SE	SE	Cutadapt
b3243e1a3accfd9f8cc3834cc9ca2539	UNITE	Saccharomycetales_o	Saccharomycetales_o	k__Fungi; p__Ascomycota; c__Saccharomycetes; o__Saccharomycetales; f__Saccharomycetales_o; g__Saccharomycetales_o; s__Saccharomycetales_o	fig4_q30_SE_cutadapt_unite_blast_top1_rescue	Cutadapt	SE	SE	Cutadapt
38b1cb46f1899335c80c5e172caaf2c2	UNITE	Schizophyllum	Schizophyllum_commune	k__Fungi; p__Basidiomycota; c__Agaricomycetes; o__Agaricales; f__Schizophyllaceae; g__Schizophyllum; s__Schizophyllum_commune	fig4_q30_SE_cutadapt_unite_blast_top1_rescue	Cutadapt	SE	SE	Cutadapt
ab861263ab8cf4788c4354708ba995e6	UNITE	Schizophyllum	Schizophyllum_commune	k__Fungi; p__Basidiomycota; c__Agaricomycetes; o__Agaricales; f__Schizophyllaceae; g__Schizophyllum; s__Schizophyllum_commune	fig4_q30_SE_cutadapt_unite_blast_top1_rescue	Cutadapt	SE	SE	Cutadapt
0d3edc0897c2b3a22e9e71d741ee679e	UNITE	Cystofilobasidium	Cystofilobasidium_capitatum	k__Fungi; p__Basidiomycota; c__Tremellomycetes; o__Cystofilobasidiales; f__Cystofilobasidiaceae; g__Cystofilobasidium; s__Cystofilobasidium_capitatum	fig4_q30_SE_cutadapt_unite_blast_top1_rescue	Cutadapt	SE	SE	Cutadapt
830623f85c074e3be00b07789c2ab817	UNITE	Komagataella	Komagataella_phaffii	k__Fungi; p__Ascomycota; c__Saccharomycetes; o__Saccharomycetales; f__Pichiaceae; g__Komagataella; s__Komagataella_phaffii	fig4_q30_SE_cutadapt_unite_blast_top1_rescue	Cutadapt	SE	SE	Cutadapt
bab512ce52e946dd049bf21f3f71d7f8	UNITE	Ophiosphaerella	Ophiosphaerella_chiangraiensis	k__Fungi; p__Ascomycota; c__Dothideomycetes; o__Pleosporales; f__Phaeosphaeriaceae; g__Ophiosphaerella; s__Ophiosphaerella_chiangraiensis	fig4_q30_SE_cutadapt_unite_blast_top1_rescue	Cutadapt	SE	SE	Cutadapt
3307422fad2c09efd87bd795d113550c	UNITE	Xylodon	Xylodon_exilis	k__Fungi; p__Basidiomycota; c__Agaricomycetes; o__Hymenochaetales; f__Schizoporaceae; g__Xylodon; s__Xylodon_exilis	fig4_q30_SE_cutadapt_unite_blast_top1_rescue	Cutadapt	SE	SE	Cutadapt
8d231a317ba8cf704dcdc9a1d5d1de99	UNITE	Polyporales_o	Polyporales_o	k__Fungi; p__Basidiomycota; c__Agaricomycetes; o__Polyporales; f__Polyporales_o; g__Polyporales_o; s__Polyporales_o	fig4_q30_SE_cutadapt_unite_blast_top1_rescue	Cutadapt	SE	SE	Cutadapt
103944e65cf9b9d2dac28c3bd3fabb2e	UNITE	Polyporales_o	Polyporales_o	k__Fungi; p__Basidiomycota; c__Agaricomycetes; o__Polyporales; f__Polyporales_o; g__Polyporales_o; s__Polyporales_o	fig4_q30_SE_cutadapt_unite_blast_top1_rescue	Cutadapt	SE	SE	Cutadapt
f212910f88c465884b6e3ce383c1d163	UNITE	Hyphodontia	Hyphodontia_tropica	k__Fungi; p__Basidiomycota; c__Agaricomycetes; o__Hymenochaetales; f__Schizoporaceae; g__Hyphodontia; s__Hyphodontia_tropica	fig4_q30_SE_cutadapt_unite_blast_top1_rescue	Cutadapt	SE	SE	Cutadapt
56c2041c40052605a6924e3e9ceef831	UNITE	Pluteus	Pluteus_castroae	k__Fungi; p__Basidiomycota; c__Agaricomycetes; o__Agaricales; f__Pluteaceae; g__Pluteus; s__Pluteus_castroae	fig4_q30_SE_cutadapt_unite_blast_top1_rescue	Cutadapt	SE	SE	Cutadapt
115c4ab3a2c4442ff28c495a79bd59ea	UNITE	Candolleomyces	Unclassified	k__Fungi; p__Basidiomycota; c__Agaricomycetes; o__Agaricales; f__Psathyrellaceae; g__Candolleomyces; s__Candolleomyces_g	fig4_q30_SE_cutadapt_unite_blast_top1_rescue	Cutadapt	SE	SE	Cutadapt
d06e13114c26fb411371fc6585f90fcc	UNITE	Schizoporaceae_f	Schizoporaceae_f	k__Fungi; p__Basidiomycota; c__Agaricomycetes; o__Hymenochaetales; f__Schizoporaceae; g__Schizoporaceae_f; s__Schizoporaceae_f	fig4_q30_SE_cutadapt_unite_blast_top1_rescue	Cutadapt	SE	SE	Cutadapt
9da0998852867aa3521b3fce0470f933	UNITE	Peniophorella	Peniophorella_crystallifera	k__Fungi; p__Basidiomycota; c__Agaricomycetes; o__Hymenochaetales; f__Rickenellaceae; g__Peniophorella; s__Peniophorella_crystallifera	fig4_q30_SE_cutadapt_unite_blast_top1_rescue	Cutadapt	SE	SE	Cutadapt
cd2d016625f7659f938c0f3d984dcfed	UNITE	Sporobolomyces	Sporobolomyces_ruberrimus	k__Fungi; p__Basidiomycota; c__Microbotryomycetes; o__Sporidiobolales; f__Sporidiobolaceae; g__Sporobolomyces; s__Sporobolomyces_ruberrimus	fig4_q30_SE_cutadapt_unite_blast_top1_rescue	Cutadapt	SE	SE	Cutadapt
861e3c2d2e021bc75d515a994d56517e	UNITE	Mollisia	Unclassified	k__Fungi; p__Ascomycota; c__Leotiomycetes; o__Helotiales; f__Mollisiaceae; g__Mollisia; s__Mollisia_g	fig4_q30_SE_cutadapt_unite_blast_top1_rescue	Cutadapt	SE	SE	Cutadapt
c208ad125626e378ec600060758c2b74	UNITE	Fungi_k	Fungi_k	k__Fungi; p__Fungi_k; c__Fungi_k; o__Fungi_k; f__Fungi_k; g__Fungi_k; s__Fungi_k	fig4_q30_SE_cutadapt_unite_blast_top1_rescue	Cutadapt	SE	SE	Cutadapt
f0affb04ad14d212d17e6dadefab055f	UNITE	Stereaceae_f	Stereaceae_f	k__Fungi; p__Basidiomycota; c__Agaricomycetes; o__Russulales; f__Stereaceae; g__Stereaceae_f; s__Stereaceae_f	fig4_q30_SE_cutadapt_unite_blast_top1_rescue	Cutadapt	SE	SE	Cutadapt
417ff10c1dde2640f0c95e9274677e6e	UNITE	Botryobasidium	Unclassified	k__Fungi; p__Basidiomycota; c__Agaricomycetes; o__Cantharellales; f__Botryobasidiaceae; g__Botryobasidium; s__Botryobasidium_g	fig4_q30_SE_cutadapt_unite_blast_top1_rescue	Cutadapt	SE	SE	Cutadapt
641f531733565284c1dd59890b5a5e83	UNITE	Trametes	Trametes_pubescens	k__Fungi; p__Basidiomycota; c__Agaricomycetes; o__Polyporales; f__Polyporaceae; g__Trametes; s__Trametes_pubescens	fig4_q30_SE_cutadapt_unite_blast_top1_rescue	Cutadapt	SE	SE	Cutadapt
1498268fea63f9f27158b65ab52ae8ed	UNITE	Polyporales_o	Polyporales_o	k__Fungi; p__Basidiomycota; c__Agaricomycetes; o__Polyporales; f__Polyporales_o; g__Polyporales_o; s__Polyporales_o	fig4_q30_SE_cutadapt_unite_blast_top1_rescue	Cutadapt	SE	SE	Cutadapt
5d8ceac78519a012a4994ba03709767a	UNITE	Mycoaciella	Mycoaciella_efibulata	k__Fungi; p__Basidiomycota; c__Agaricomycetes; o__Polyporales; f__Meruliaceae; g__Mycoaciella; s__Mycoaciella_efibulata	fig4_q30_SE_cutadapt_unite_blast_top1_rescue	Cutadapt	SE	SE	Cutadapt
daf9001a3300ede6912762d783d25c18	UNITE	Polyporales_o	Polyporales_o	k__Fungi; p__Basidiomycota; c__Agaricomycetes; o__Polyporales; f__Polyporales_o; g__Polyporales_o; s__Polyporales_o	fig4_q30_SE_cutadapt_unite_blast_top1_rescue	Cutadapt	SE	SE	Cutadapt
05697bc7833ce61e4a0e0ca5e59744b4	UNITE	Sistotremastrum	Unclassified	k__Fungi; p__Basidiomycota; c__Agaricomycetes; o__Trechisporales; f__Hydnodontaceae; g__Sistotremastrum; s__Sistotremastrum_g	fig4_q30_SE_cutadapt_unite_blast_top1_rescue	Cutadapt	SE	SE	Cutadapt
120b958eec2e26323850dffc01440286	UNITE	Coprinopsis	Coprinopsis_urticicola	k__Fungi; p__Basidiomycota; c__Agaricomycetes; o__Agaricales; f__Psathyrellaceae; g__Coprinopsis; s__Coprinopsis_urticicola	fig4_q30_SE_cutadapt_unite_blast_top1_rescue	Cutadapt	SE	SE	Cutadapt
f401ef7c85b3ea9e632f2b89384dcadf	UNITE	Peniophorella	Peniophorella_pubera	k__Fungi; p__Basidiomycota; c__Agaricomycetes; o__Hymenochaetales; f__Rickenellaceae; g__Peniophorella; s__Peniophorella_pubera	fig4_q30_SE_cutadapt_unite_blast_top1_rescue	Cutadapt	SE	SE	Cutadapt
aacdd1d59dacc3d196e6ad9d3bf8f7c6	UNITE	Phaeosphaeria	Unclassified	k__Fungi; p__Ascomycota; c__Dothideomycetes; o__Pleosporales; f__Phaeosphaeriaceae; g__Phaeosphaeria; s__Phaeosphaeria_g	fig4_q30_SE_cutadapt_unite_blast_top1_rescue	Cutadapt	SE	SE	Cutadapt
aa1b583b09e5b061d90381b8d2a27bba	UNITE	Candolleomyces	Unclassified	k__Fungi; p__Basidiomycota; c__Agaricomycetes; o__Agaricales; f__Psathyrellaceae; g__Candolleomyces; s__Candolleomyces_g	fig4_q30_SE_cutadapt_unite_blast_top1_rescue	Cutadapt	SE	SE	Cutadapt
ad19965cbabe7075d634d4d224ccbdd8	UNITE	Ascomycota_p	Ascomycota_p	k__Fungi; p__Ascomycota; c__Ascomycota_p; o__Ascomycota_p; f__Ascomycota_p; g__Ascomycota_p; s__Ascomycota_p	fig4_q30_SE_cutadapt_unite_blast_top1_rescue	Cutadapt	SE	SE	Cutadapt
70d60c1f3f6ba9ae04d78ef6f824c9b8	UNITE	Fungi_k	Fungi_k	k__Fungi; p__Fungi_k; c__Fungi_k; o__Fungi_k; f__Fungi_k; g__Fungi_k; s__Fungi_k	fig4_q30_SE_cutadapt_unite_blast_top1_rescue	Cutadapt	SE	SE	Cutadapt
a7c166e09c38af96a5fccc7a43c6065d	UNITE	Ascomycota_p	Ascomycota_p	k__Fungi; p__Ascomycota; c__Ascomycota_p; o__Ascomycota_p; f__Ascomycota_p; g__Ascomycota_p; s__Ascomycota_p	fig4_q30_SE_cutadapt_unite_blast_top1_rescue	Cutadapt	SE	SE	Cutadapt
291a78fb09fc52eec65489c0f9391ea3	UNITE	Fungi_k	Fungi_k	k__Fungi; p__Fungi_k; c__Fungi_k; o__Fungi_k; f__Fungi_k; g__Fungi_k; s__Fungi_k	fig4_q30_SE_cutadapt_unite_blast_top1_rescue	Cutadapt	SE	SE	Cutadapt
ec4276f41a3a82838b695987e7bb5ed1	UNITE	Ascomycota_p	Ascomycota_p	k__Fungi; p__Ascomycota; c__Ascomycota_p; o__Ascomycota_p; f__Ascomycota_p; g__Ascomycota_p; s__Ascomycota_p	fig4_q30_SE_cutadapt_unite_blast_top1_rescue	Cutadapt	SE	SE	Cutadapt
46af2089e83994319d971cbc29507615	UNITE	Fungi_k	Fungi_k	k__Fungi; p__Fungi_k; c__Fungi_k; o__Fungi_k; f__Fungi_k; g__Fungi_k; s__Fungi_k	fig4_q30_SE_cutadapt_unite_blast_top1_rescue	Cutadapt	SE	SE	Cutadapt
cdd4c8be3d7c15248e9dee490ecf867a	UNITE	Fungi_k	Fungi_k	k__Fungi; p__Fungi_k; c__Fungi_k; o__Fungi_k; f__Fungi_k; g__Fungi_k; s__Fungi_k	fig4_q30_SE_cutadapt_unite_blast_top1_rescue	Cutadapt	SE	SE	Cutadapt
72dd04cf016a807b3f0ed8e3b52565b4	UNITE+RefSeq BLAST	Candida	Candida_albicans	NA	fig4_q30_SE_cutadapt_unite_blast_top1_rescue	Cutadapt	SE	SE	Cutadapt
010b07e3b6da2a38547e45cd063dd63d	UNITE+RefSeq BLAST	Cutaneotrichosporon	Cutaneotrichosporon_mucoides	NA	fig4_q30_SE_cutadapt_unite_blast_top1_rescue	Cutadapt	SE	SE	Cutadapt
5eb88a9a6282b223cd88dbc003040251	UNITE+RefSeq BLAST	Cryptococcus	Cryptococcus_neoformans	NA	fig4_q30_SE_cutadapt_unite_blast_top1_rescue	Cutadapt	SE	SE	Cutadapt
ef2a10e078a78c78b0dfca20f3bc56d6	UNITE+RefSeq BLAST	Penicillium	Penicillium_chrysogenum	NA	fig4_q30_SE_cutadapt_unite_blast_top1_rescue	Cutadapt	SE	SE	Cutadapt
53926185040b69b43d226af323a0598e	UNITE+RefSeq BLAST	Nakaseomyces	Nakaseomyces_glabratus	NA	fig4_q30_SE_cutadapt_unite_blast_top1_rescue	Cutadapt	SE	SE	Cutadapt
55c1f51cc4845985dae3c90e77b5d5b1	UNITE+RefSeq BLAST	Saccharomyces	Saccharomyces_cerevisiae	NA	fig4_q30_SE_cutadapt_unite_blast_top1_rescue	Cutadapt	SE	SE	Cutadapt
38da37bf49a104ddf2f0adc044079d2e	UNITE+RefSeq BLAST	Ascomycota_p	Ascomycota_p	NA	fig4_q30_SE_cutadapt_unite_blast_top1_rescue	Cutadapt	SE	SE	Cutadapt
28b1e3694b1bcb9d577830df4fd6c876	UNITE+RefSeq BLAST	Aspergillus	Aspergillus_fumigatus	NA	fig4_q30_SE_cutadapt_unite_blast_top1_rescue	Cutadapt	SE	SE	Cutadapt
f52aa5980a9162ead1e2a406681ba1b7	UNITE+RefSeq BLAST	Fungi_k	Fungi_k	NA	fig4_q30_SE_cutadapt_unite_blast_top1_rescue	Cutadapt	SE	SE	Cutadapt
7ec84e73c19db6fd14a892be88d602d6	UNITE+RefSeq BLAST	Ascomycota_p	Ascomycota_p	NA	fig4_q30_SE_cutadapt_unite_blast_top1_rescue	Cutadapt	SE	SE	Cutadapt
23ce5b9dd49c380e94ec122f11c8077f	UNITE+RefSeq BLAST	Fungi_k	Fungi_k	NA	fig4_q30_SE_cutadapt_unite_blast_top1_rescue	Cutadapt	SE	SE	Cutadapt
cbf18da6c0f768134b965e6c94579fb5	UNITE+RefSeq BLAST	Ascomycota_p	Ascomycota_p	NA	fig4_q30_SE_cutadapt_unite_blast_top1_rescue	Cutadapt	SE	SE	Cutadapt
719c06db40daf054bc4b27a72600de75	UNITE+RefSeq BLAST	Cutaneotrichosporon	Cutaneotrichosporon_debeurmannianum	NA	fig4_q30_SE_cutadapt_unite_blast_top1_rescue	Cutadapt	SE	SE	Cutadapt
9c6a6a6806ecf36a83eea035327a4777	UNITE+RefSeq BLAST	Trichophyton	Trichophyton_mentagrophytes	NA	fig4_q30_SE_cutadapt_unite_blast_top1_rescue	Cutadapt	SE	SE	Cutadapt
5aa8bf9dfef378818c857e66263bb473	UNITE+RefSeq BLAST	Cladosporium	Cladosporium_herbarum	NA	fig4_q30_SE_cutadapt_unite_blast_top1_rescue	Cutadapt	SE	SE	Cutadapt
3454e06b84a4908c00458fd5cde8cfe4	UNITE+RefSeq BLAST	Irpex	Irpex_hacksungii	NA	fig4_q30_SE_cutadapt_unite_blast_top1_rescue	Cutadapt	SE	SE	Cutadapt
d64a586df2febe320546417d9621d507	UNITE+RefSeq BLAST	Ascomycota_p	Ascomycota_p	NA	fig4_q30_SE_cutadapt_unite_blast_top1_rescue	Cutadapt	SE	SE	Cutadapt
2d5840001771d889fbe752a80463af2c	UNITE+RefSeq BLAST	Kazachstania	Kazachstania_servazzii	NA	fig4_q30_SE_cutadapt_unite_blast_top1_rescue	Cutadapt	SE	SE	Cutadapt
9dca25bcfb9f6faab9371fc6704b590a	UNITE+RefSeq BLAST	Irpex	Irpex_laceratus	NA	fig4_q30_SE_cutadapt_unite_blast_top1_rescue	Cutadapt	SE	SE	Cutadapt
26c2e693490c7955c44b198bdf3e0088	UNITE+RefSeq BLAST	Debaryomyces	Debaryomyces_delbrueckii	NA	fig4_q30_SE_cutadapt_unite_blast_top1_rescue	Cutadapt	SE	SE	Cutadapt
99b9ce04c0575bc120dc13c27c6fbd61	UNITE+RefSeq BLAST	Cryptococcus	Cryptococcus_neoformans	NA	fig4_q30_SE_cutadapt_unite_blast_top1_rescue	Cutadapt	SE	SE	Cutadapt
9899e5944be6d8cfc566fec1d4cdf106	UNITE+RefSeq BLAST	Cryptococcus	Cryptococcus_neoformans	NA	fig4_q30_SE_cutadapt_unite_blast_top1_rescue	Cutadapt	SE	SE	Cutadapt
852a848e6c1fce8ec025e60eb1d8ad45	UNITE+RefSeq BLAST	Cutaneotrichosporon	Cutaneotrichosporon_mucoides	NA	fig4_q30_SE_cutadapt_unite_blast_top1_rescue	Cutadapt	SE	SE	Cutadapt
1c8bbb1b54f02065db91f0386a39e0ad	UNITE+RefSeq BLAST	Ascomycota_p	Ascomycota_p	NA	fig4_q30_SE_cutadapt_unite_blast_top1_rescue	Cutadapt	SE	SE	Cutadapt
1eb57cce3c3583ae58927522adab0277	UNITE+RefSeq BLAST	Cladosporium	Cladosporium_angustisporum	NA	fig4_q30_SE_cutadapt_unite_blast_top1_rescue	Cutadapt	SE	SE	Cutadapt
2e39d48abc07a6ccc13a028ccde00e00	UNITE+RefSeq BLAST	Fusarium	Fusarium_keratoplasticum	NA	fig4_q30_SE_cutadapt_unite_blast_top1_rescue	Cutadapt	SE	SE	Cutadapt
80d69bc60273cafc5a73ae55b234f7c9	UNITE+RefSeq BLAST	Nigrospora	Unclassified	NA	fig4_q30_SE_cutadapt_unite_blast_top1_rescue	Cutadapt	SE	SE	Cutadapt
e9158b4ef80d8a3ac9e727f88e44cb72	UNITE+RefSeq BLAST	Peniophoraceae_f	Peniophoraceae_f	NA	fig4_q30_SE_cutadapt_unite_blast_top1_rescue	Cutadapt	SE	SE	Cutadapt
385c77a0d40dfabdc66dff6fc5e92f33	UNITE+RefSeq BLAST	Irpex	Irpex_laceratus	NA	fig4_q30_SE_cutadapt_unite_blast_top1_rescue	Cutadapt	SE	SE	Cutadapt
722fb57e17229696cb75e47ad882962f	UNITE+RefSeq BLAST	Stereaceae_f	Stereaceae_f	NA	fig4_q30_SE_cutadapt_unite_blast_top1_rescue	Cutadapt	SE	SE	Cutadapt
a841082e3b16121e246a0a2ca1534c20	UNITE+RefSeq BLAST	Neodidymella	Neodidymella_thailandicum	NA	fig4_q30_SE_cutadapt_unite_blast_top1_rescue	Cutadapt	SE	SE	Cutadapt
a5af3fc8194eb0b464eafe3cdb571633	UNITE+RefSeq BLAST	Saccharomyces	Saccharomyces_cerevisiae	NA	fig4_q30_SE_cutadapt_unite_blast_top1_rescue	Cutadapt	SE	SE	Cutadapt
fb1e99770074de04d7dff1b96c37c523	UNITE+RefSeq BLAST	Aspergillus	Aspergillus_cibarius	NA	fig4_q30_SE_cutadapt_unite_blast_top1_rescue	Cutadapt	SE	SE	Cutadapt
628fa4d9864efdb099121fdc264211a5	UNITE+RefSeq BLAST	Penicillium	Penicillium_patris-mei	NA	fig4_q30_SE_cutadapt_unite_blast_top1_rescue	Cutadapt	SE	SE	Cutadapt
bfa6afd86523df0a5ddd44a01da73ddb	UNITE+RefSeq BLAST	Fungi_k	Fungi_k	NA	fig4_q30_SE_cutadapt_unite_blast_top1_rescue	Cutadapt	SE	SE	Cutadapt
dc4c92957db247364b6bca5eb5bd2b66	UNITE+RefSeq BLAST	Ascomycota_p	Ascomycota_p	NA	fig4_q30_SE_cutadapt_unite_blast_top1_rescue	Cutadapt	SE	SE	Cutadapt
442a16533e54a9749b2cc6af051e2025	UNITE+RefSeq BLAST	Schizophyllum	Schizophyllum_commune	NA	fig4_q30_SE_cutadapt_unite_blast_top1_rescue	Cutadapt	SE	SE	Cutadapt
12cc799b99ed75d931516e3b1cc680ad	UNITE+RefSeq BLAST	Bjerkandera	Bjerkandera_adusta	NA	fig4_q30_SE_cutadapt_unite_blast_top1_rescue	Cutadapt	SE	SE	Cutadapt
af01a0d35b83bc29b5aed222ed1a3fa5	UNITE+RefSeq BLAST	Mucor	Mucor_circinelloides	NA	fig4_q30_SE_cutadapt_unite_blast_top1_rescue	Cutadapt	SE	SE	Cutadapt
5a06576196c23f808bdfe0399228553a	UNITE+RefSeq BLAST	Candolleomyces	Candolleomyces_subminutisporus	NA	fig4_q30_SE_cutadapt_unite_blast_top1_rescue	Cutadapt	SE	SE	Cutadapt
adda5ef25aa444e1e8e3dbf448184191	UNITE+RefSeq BLAST	Bullera	Bullera_alba	NA	fig4_q30_SE_cutadapt_unite_blast_top1_rescue	Cutadapt	SE	SE	Cutadapt
4c2a20f52c5307c38f027444128a1e56	UNITE+RefSeq BLAST	Fungi_k	Fungi_k	NA	fig4_q30_SE_cutadapt_unite_blast_top1_rescue	Cutadapt	SE	SE	Cutadapt
d0b4254cf72c2997dd42ad82af681f04	UNITE+RefSeq BLAST	Cryptococcus	Cryptococcus_neoformans	NA	fig4_q30_SE_cutadapt_unite_blast_top1_rescue	Cutadapt	SE	SE	Cutadapt
b6d153f4aa1b7adc86d16ea7f46db14a	UNITE+RefSeq BLAST	Ophiognomonia	Ophiognomonia_asiatica	NA	fig4_q30_SE_cutadapt_unite_blast_top1_rescue	Cutadapt	SE	SE	Cutadapt
6d4528949a1b4da8c05713abbbd208fd	UNITE+RefSeq BLAST	Irpex	Irpex_hacksungii	NA	fig4_q30_SE_cutadapt_unite_blast_top1_rescue	Cutadapt	SE	SE	Cutadapt
1a06f4d3b11bdcb6ad8457f0d779d84b	UNITE+RefSeq BLAST	Schizoporaceae_f	Schizoporaceae_f	NA	fig4_q30_SE_cutadapt_unite_blast_top1_rescue	Cutadapt	SE	SE	Cutadapt
52ecfb22e1c990982f5951c06b4908b3	UNITE+RefSeq BLAST	Udeniomyces	Udeniomyces_pyricola	NA	fig4_q30_SE_cutadapt_unite_blast_top1_rescue	Cutadapt	SE	SE	Cutadapt
b7b0fcf787b97ca7ed398fae36e66b47	UNITE+RefSeq BLAST	Fungi_k	Fungi_k	NA	fig4_q30_SE_cutadapt_unite_blast_top1_rescue	Cutadapt	SE	SE	Cutadapt
96089fcd4be16af3744dff9823059e84	UNITE+RefSeq BLAST	Peniophoraceae_f	Peniophoraceae_f	NA	fig4_q30_SE_cutadapt_unite_blast_top1_rescue	Cutadapt	SE	SE	Cutadapt
00b0c1b2dd29f6dde895345a89eab2d4	UNITE+RefSeq BLAST	Peniophoraceae_f	Peniophoraceae_f	NA	fig4_q30_SE_cutadapt_unite_blast_top1_rescue	Cutadapt	SE	SE	Cutadapt
d00069f184bac3614964ebeeb9e0c463	UNITE+RefSeq BLAST	Dentipellis	Dentipellis_fragilis	NA	fig4_q30_SE_cutadapt_unite_blast_top1_rescue	Cutadapt	SE	SE	Cutadapt
a98e7da7571b7fd9f95c9e1ddfda6826	UNITE+RefSeq BLAST	Trametes	Trametes_pubescens	NA	fig4_q30_SE_cutadapt_unite_blast_top1_rescue	Cutadapt	SE	SE	Cutadapt
01bb26a8a1751eb3c5b4b7ecb7e47993	UNITE+RefSeq BLAST	Fungi_k	Fungi_k	NA	fig4_q30_SE_cutadapt_unite_blast_top1_rescue	Cutadapt	SE	SE	Cutadapt
98889d06c709abb06729cab49128dd46	UNITE+RefSeq BLAST	Daedaleopsis	Daedaleopsis_confragosa	NA	fig4_q30_SE_cutadapt_unite_blast_top1_rescue	Cutadapt	SE	SE	Cutadapt
957a4979ef8eb030190ed5fa5f7c5e47	UNITE+RefSeq BLAST	Tilletiopsis	Tilletiopsis_washingtonensis	NA	fig4_q30_SE_cutadapt_unite_blast_top1_rescue	Cutadapt	SE	SE	Cutadapt
117e36b53921c2986d9b3bf373166f23	UNITE+RefSeq BLAST	Phanerochaete	Phanerochaete_livescens	NA	fig4_q30_SE_cutadapt_unite_blast_top1_rescue	Cutadapt	SE	SE	Cutadapt
2ec4fcc1eb3651a961c3fb1428c3433b	UNITE+RefSeq BLAST	Sporobolomyces	Sporobolomyces_phaffii	NA	fig4_q30_SE_cutadapt_unite_blast_top1_rescue	Cutadapt	SE	SE	Cutadapt
380916886b4dd08f02461044249c308d	UNITE+RefSeq BLAST	Hymenochaetopsis	Hymenochaetopsis_yasudae	NA	fig4_q30_SE_cutadapt_unite_blast_top1_rescue	Cutadapt	SE	SE	Cutadapt
4895bce8e320a5bf47a9ca23b5631654	UNITE+RefSeq BLAST	Ascomycota_p	Ascomycota_p	NA	fig4_q30_SE_cutadapt_unite_blast_top1_rescue	Cutadapt	SE	SE	Cutadapt
59f88c9bea61b29af23eed08c6f6a96e	UNITE+RefSeq BLAST	Polyporales_o	Polyporales_o	NA	fig4_q30_SE_cutadapt_unite_blast_top1_rescue	Cutadapt	SE	SE	Cutadapt
816d201ed9172ccf13a16767c31c90c9	UNITE+RefSeq BLAST	Malassezia	Malassezia_sympodialis	NA	fig4_q30_SE_cutadapt_unite_blast_top1_rescue	Cutadapt	SE	SE	Cutadapt
9c44645f431c91d96352598dc69d9dd4	UNITE+RefSeq BLAST	Pleosporales_o	Pleosporales_o	NA	fig4_q30_SE_cutadapt_unite_blast_top1_rescue	Cutadapt	SE	SE	Cutadapt
705dc39cc2275d1e72dc907ff947628d	UNITE+RefSeq BLAST	Crepidotus	Unclassified	NA	fig4_q30_SE_cutadapt_unite_blast_top1_rescue	Cutadapt	SE	SE	Cutadapt
0b9eb13a7db8bebd0a71d05bfce5f411	UNITE+RefSeq BLAST	Sistotremastrum	Sistotremastrum_guttuliferum	NA	fig4_q30_SE_cutadapt_unite_blast_top1_rescue	Cutadapt	SE	SE	Cutadapt
0dc05c777d2a965f0a5d08d7b7a56458	UNITE+RefSeq BLAST	Cladosporium	Cladosporium_colocasiae	NA	fig4_q30_SE_cutadapt_unite_blast_top1_rescue	Cutadapt	SE	SE	Cutadapt
0d2054ad18668ff06200cd375bad78fc	UNITE+RefSeq BLAST	Ceratobasidiaceae_f	Ceratobasidiaceae_f	NA	fig4_q30_SE_cutadapt_unite_blast_top1_rescue	Cutadapt	SE	SE	Cutadapt
15341b177fd17d7c5a13510e07a8a807	UNITE+RefSeq BLAST	Fungi_k	Fungi_k	NA	fig4_q30_SE_cutadapt_unite_blast_top1_rescue	Cutadapt	SE	SE	Cutadapt
b1b361c336fa35c9c85cc4d6e884e225	UNITE+RefSeq BLAST	Paragibellulopsis	Paragibellulopsis_chrysanthemi	NA	fig4_q30_SE_cutadapt_unite_blast_top1_rescue	Cutadapt	SE	SE	Cutadapt
188f2c973193c37c726eb3e8437e22d6	UNITE+RefSeq BLAST	Irpex	Irpex_hacksungii	NA	fig4_q30_SE_cutadapt_unite_blast_top1_rescue	Cutadapt	SE	SE	Cutadapt
d88567ebe660f0a6651f4846b34d71e2	UNITE+RefSeq BLAST	Cystobasidium	Cystobasidium_slooffiae	NA	fig4_q30_SE_cutadapt_unite_blast_top1_rescue	Cutadapt	SE	SE	Cutadapt
a35b5bb74ae271253c48bf3dc7eaf278	UNITE+RefSeq BLAST	Phlebiopsis	Unclassified	NA	fig4_q30_SE_cutadapt_unite_blast_top1_rescue	Cutadapt	SE	SE	Cutadapt
460ee956051055b9917825569ff923c6	UNITE+RefSeq BLAST	Fungi_k	Fungi_k	NA	fig4_q30_SE_cutadapt_unite_blast_top1_rescue	Cutadapt	SE	SE	Cutadapt
6579df31fdeb07e99320f5c35e866053	UNITE+RefSeq BLAST	Biscogniauxia	Biscogniauxia_atropunctata	NA	fig4_q30_SE_cutadapt_unite_blast_top1_rescue	Cutadapt	SE	SE	Cutadapt
10bd3d3bd7cf83389aa23b472f7e1b02	UNITE+RefSeq BLAST	Candida	Candida_dubliniensis	NA	fig4_q30_SE_cutadapt_unite_blast_top1_rescue	Cutadapt	SE	SE	Cutadapt
3d6bfcea85715e48dbcf0dd76406cc95	UNITE+RefSeq BLAST	Mucor	Mucor_nidicola	NA	fig4_q30_SE_cutadapt_unite_blast_top1_rescue	Cutadapt	SE	SE	Cutadapt
661bf01ab3c55eee56f097097463b355	UNITE+RefSeq BLAST	Penicillium	Penicillium_sclerotiorum	NA	fig4_q30_SE_cutadapt_unite_blast_top1_rescue	Cutadapt	SE	SE	Cutadapt
52e9f5f2067648d12ec4ece62907a916	UNITE+RefSeq BLAST	Steccherinum	Steccherinum_tenuissimum	NA	fig4_q30_SE_cutadapt_unite_blast_top1_rescue	Cutadapt	SE	SE	Cutadapt
17fd2c848707f61d8529a69db689f25d	UNITE+RefSeq BLAST	Xylodon	Xylodon_flaviporus	NA	fig4_q30_SE_cutadapt_unite_blast_top1_rescue	Cutadapt	SE	SE	Cutadapt
9cb444debe2d75a0faae9e99b58b96cd	UNITE+RefSeq BLAST	Fungi_k	Fungi_k	NA	fig4_q30_SE_cutadapt_unite_blast_top1_rescue	Cutadapt	SE	SE	Cutadapt
f1e26dc5de94e5ab231af0b5370bb2e2	UNITE+RefSeq BLAST	Fungi_k	Fungi_k	NA	fig4_q30_SE_cutadapt_unite_blast_top1_rescue	Cutadapt	SE	SE	Cutadapt
30b0fb5596b860a51ac563e7ee8466cb	UNITE+RefSeq BLAST	Atheliales_o	Atheliales_o	NA	fig4_q30_SE_cutadapt_unite_blast_top1_rescue	Cutadapt	SE	SE	Cutadapt
aec4b0133013dab9debc4e68fe3659ff	UNITE+RefSeq BLAST	Peniophoraceae_f	Peniophoraceae_f	NA	fig4_q30_SE_cutadapt_unite_blast_top1_rescue	Cutadapt	SE	SE	Cutadapt
7f21c32326f029d0dc23b6548c9be2eb	UNITE+RefSeq BLAST	Ceriporia	Ceriporia_nanlingensis	NA	fig4_q30_SE_cutadapt_unite_blast_top1_rescue	Cutadapt	SE	SE	Cutadapt
031b9c6bdcad084cb3a095a0d198cebd	UNITE+RefSeq BLAST	Fungi_k	Fungi_k	NA	fig4_q30_SE_cutadapt_unite_blast_top1_rescue	Cutadapt	SE	SE	Cutadapt
fb35ca8ff15793fd70c07633f55dad71	UNITE+RefSeq BLAST	Fungi_k	Fungi_k	NA	fig4_q30_SE_cutadapt_unite_blast_top1_rescue	Cutadapt	SE	SE	Cutadapt
ab7c9f9f3b22be975b8ce431693e3ece	UNITE+RefSeq BLAST	Sporobolomyces	Sporobolomyces_carnicolor	NA	fig4_q30_SE_cutadapt_unite_blast_top1_rescue	Cutadapt	SE	SE	Cutadapt
dfeb122bae0ce9f357229be0b4e90619	UNITE+RefSeq BLAST	Trametes	Trametes_hirsuta	NA	fig4_q30_SE_cutadapt_unite_blast_top1_rescue	Cutadapt	SE	SE	Cutadapt
a84c1b186e95fc28c77e0c58812ca7e5	UNITE+RefSeq BLAST	Fuscoporia	Fuscoporia_karsteniana	NA	fig4_q30_SE_cutadapt_unite_blast_top1_rescue	Cutadapt	SE	SE	Cutadapt
ff05b9a82953ffcc6645056118fff882	UNITE+RefSeq BLAST	Sarocladium	Sarocladium_zeae	NA	fig4_q30_SE_cutadapt_unite_blast_top1_rescue	Cutadapt	SE	SE	Cutadapt
c159022850229d28f9c8462163c7d352	UNITE+RefSeq BLAST	Irpex	Irpex_hacksungii	NA	fig4_q30_SE_cutadapt_unite_blast_top1_rescue	Cutadapt	SE	SE	Cutadapt
f99e1af2943587a660911231516d2b0d	UNITE+RefSeq BLAST	Penicillium	Penicillium_citrinum	NA	fig4_q30_SE_cutadapt_unite_blast_top1_rescue	Cutadapt	SE	SE	Cutadapt
e99579856827fee5f22ab107b3a13376	UNITE+RefSeq BLAST	Fungi_k	Fungi_k	NA	fig4_q30_SE_cutadapt_unite_blast_top1_rescue	Cutadapt	SE	SE	Cutadapt
3cd81fadba0bfa954ab5979c1601a3f1	UNITE+RefSeq BLAST	Coprinopsis	Unclassified	NA	fig4_q30_SE_cutadapt_unite_blast_top1_rescue	Cutadapt	SE	SE	Cutadapt
4932e029d9172067e8f5fd3ec92cf65f	UNITE+RefSeq BLAST	Talaromyces	Talaromyces_adpressus	NA	fig4_q30_SE_cutadapt_unite_blast_top1_rescue	Cutadapt	SE	SE	Cutadapt
0f3757bb9559984673430e50398b09b4	UNITE+RefSeq BLAST	Helotiales_o	Helotiales_o	NA	fig4_q30_SE_cutadapt_unite_blast_top1_rescue	Cutadapt	SE	SE	Cutadapt
00ee2a2c090f05308822650762e66a5b	UNITE+RefSeq BLAST	Fungi_k	Fungi_k	NA	fig4_q30_SE_cutadapt_unite_blast_top1_rescue	Cutadapt	SE	SE	Cutadapt
448deac40229a7efe42560189717e686	UNITE+RefSeq BLAST	Penicillium	Penicillium_sumatraense	NA	fig4_q30_SE_cutadapt_unite_blast_top1_rescue	Cutadapt	SE	SE	Cutadapt
0fa00e784c08052273ca73e81a15e062	UNITE+RefSeq BLAST	Ceriporia	Ceriporia_nanlingensis	NA	fig4_q30_SE_cutadapt_unite_blast_top1_rescue	Cutadapt	SE	SE	Cutadapt
92ebee3e1d5e106289f51862c1333f71	UNITE+RefSeq BLAST	Peniophoraceae_f	Peniophoraceae_f	NA	fig4_q30_SE_cutadapt_unite_blast_top1_rescue	Cutadapt	SE	SE	Cutadapt
7c26a2bc5ea2beb04c6da14fd04a67c3	UNITE+RefSeq BLAST	Suillus	Unclassified	NA	fig4_q30_SE_cutadapt_unite_blast_top1_rescue	Cutadapt	SE	SE	Cutadapt
ce2917ca97a6ed458f6df0078d2e50b8	UNITE+RefSeq BLAST	Aureobasidium	Aureobasidium_pullulans	NA	fig4_q30_SE_cutadapt_unite_blast_top1_rescue	Cutadapt	SE	SE	Cutadapt
b356543b7a64ebdabe2aacf2a2b4e4af	UNITE+RefSeq BLAST	Fungi_k	Fungi_k	NA	fig4_q30_SE_cutadapt_unite_blast_top1_rescue	Cutadapt	SE	SE	Cutadapt
338ebd69d5b03851738ff9768b025122	UNITE+RefSeq BLAST	Fungi_k	Fungi_k	NA	fig4_q30_SE_cutadapt_unite_blast_top1_rescue	Cutadapt	SE	SE	Cutadapt
80031c9738d7445f1f857a5681c053a2	UNITE+RefSeq BLAST	Fungi_k	Fungi_k	NA	fig4_q30_SE_cutadapt_unite_blast_top1_rescue	Cutadapt	SE	SE	Cutadapt
67f44c83f92569ef7a21c13966f48c49	UNITE+RefSeq BLAST	Aspergillus	Aspergillus_candidus	NA	fig4_q30_SE_cutadapt_unite_blast_top1_rescue	Cutadapt	SE	SE	Cutadapt
2b01ef55e239b98907664a9962dd835b	UNITE+RefSeq BLAST	Ascomycota_p	Ascomycota_p	NA	fig4_q30_SE_cutadapt_unite_blast_top1_rescue	Cutadapt	SE	SE	Cutadapt
9b61ba42a163f182fb0517d16e21353b	UNITE+RefSeq BLAST	Xeromyces	Xeromyces_bisporus	NA	fig4_q30_SE_cutadapt_unite_blast_top1_rescue	Cutadapt	SE	SE	Cutadapt
6eee9ddd3be2fa1716629021008b521e	UNITE+RefSeq BLAST	Rhizoplaca	Rhizoplaca_novomexicana	NA	fig4_q30_SE_cutadapt_unite_blast_top1_rescue	Cutadapt	SE	SE	Cutadapt
89b2c9df3eca133597ce82b96537e5cb	UNITE+RefSeq BLAST	Ascomycota_p	Ascomycota_p	NA	fig4_q30_SE_cutadapt_unite_blast_top1_rescue	Cutadapt	SE	SE	Cutadapt
96bf17ba3b4f9d5e0a21bebcbe3e6347	UNITE+RefSeq BLAST	Mucor	Mucor_circinelloides	NA	fig4_q30_SE_cutadapt_unite_blast_top1_rescue	Cutadapt	SE	SE	Cutadapt
ec6e9c6d65a5399d0933b26589fe40db	UNITE+RefSeq BLAST	Fungi_k	Fungi_k	NA	fig4_q30_SE_cutadapt_unite_blast_top1_rescue	Cutadapt	SE	SE	Cutadapt
1081bb0a739150388231c3df65f909dc	UNITE+RefSeq BLAST	Ascomycota_p	Ascomycota_p	NA	fig4_q30_SE_cutadapt_unite_blast_top1_rescue	Cutadapt	SE	SE	Cutadapt
4941117af711ee0d06af22a61b399b2d	UNITE+RefSeq BLAST	Ascomycota_p	Ascomycota_p	NA	fig4_q30_SE_cutadapt_unite_blast_top1_rescue	Cutadapt	SE	SE	Cutadapt
04afb5de4ef391d0ab8c50f4bfe0e962	UNITE+RefSeq BLAST	Ascomycota_p	Ascomycota_p	NA	fig4_q30_SE_cutadapt_unite_blast_top1_rescue	Cutadapt	SE	SE	Cutadapt
2abd97d819164ca22fea7fc261ffc6f7	UNITE+RefSeq BLAST	Ascomycota_p	Ascomycota_p	NA	fig4_q30_SE_cutadapt_unite_blast_top1_rescue	Cutadapt	SE	SE	Cutadapt
35f06e1185ad3c6c3effe47fae6c598c	UNITE+RefSeq BLAST	Candida	Candida_africana	NA	fig4_q30_SE_cutadapt_unite_blast_top1_rescue	Cutadapt	SE	SE	Cutadapt
ef625af92358d0ebe325ddb17b618ef9	UNITE+RefSeq BLAST	Fungi_k	Fungi_k	NA	fig4_q30_SE_cutadapt_unite_blast_top1_rescue	Cutadapt	SE	SE	Cutadapt
e82b717c2dd3e0adf38d29ca295ddd59	UNITE+RefSeq BLAST	Fungi_k	Fungi_k	NA	fig4_q30_SE_cutadapt_unite_blast_top1_rescue	Cutadapt	SE	SE	Cutadapt
59e40ac1498d94cbe3008b752b9b8303	UNITE+RefSeq BLAST	Ascomycota_p	Ascomycota_p	NA	fig4_q30_SE_cutadapt_unite_blast_top1_rescue	Cutadapt	SE	SE	Cutadapt
a1ddc0359a09921a4282096b4bd79a1c	UNITE+RefSeq BLAST	Ascomycota_p	Ascomycota_p	NA	fig4_q30_SE_cutadapt_unite_blast_top1_rescue	Cutadapt	SE	SE	Cutadapt
c2203519577ce726b6acdcbc0b212be6	UNITE+RefSeq BLAST	Hydnaceae_f	Hydnaceae_f	NA	fig4_q30_SE_cutadapt_unite_blast_top1_rescue	Cutadapt	SE	SE	Cutadapt
6a9936467ea0ec25f21c078e03632613	UNITE+RefSeq BLAST	Candida	Candida_albicans	NA	fig4_q30_SE_cutadapt_unite_blast_top1_rescue	Cutadapt	SE	SE	Cutadapt
f3556e55c63ed4a9ecddd5ef5c6d9ae8	UNITE+RefSeq BLAST	Fungi_k	Fungi_k	NA	fig4_q30_SE_cutadapt_unite_blast_top1_rescue	Cutadapt	SE	SE	Cutadapt
c694e89dc307e53cba3c2902c5b6c85d	UNITE+RefSeq BLAST	Cutaneotrichosporon	Cutaneotrichosporon_dermatis	NA	fig4_q30_SE_cutadapt_unite_blast_top1_rescue	Cutadapt	SE	SE	Cutadapt
c9cf851cc8b151e77a0a03db7e8e5217	UNITE+RefSeq BLAST	Cryptococcus	Cryptococcus_neoformans	NA	fig4_q30_SE_cutadapt_unite_blast_top1_rescue	Cutadapt	SE	SE	Cutadapt
b52a1a66de4c1b1ac1df6e2151141f35	UNITE+RefSeq BLAST	Fungi_k	Fungi_k	NA	fig4_q30_SE_cutadapt_unite_blast_top1_rescue	Cutadapt	SE	SE	Cutadapt
d17228a9992e50708dfe3ab981c02b40	UNITE+RefSeq BLAST	Penicillium	Penicillium_chrysogenum	NA	fig4_q30_SE_cutadapt_unite_blast_top1_rescue	Cutadapt	SE	SE	Cutadapt
bf60bfa70e65550fe55e453011d1dc47	UNITE+RefSeq BLAST	Fungi_k	Fungi_k	NA	fig4_q30_SE_cutadapt_unite_blast_top1_rescue	Cutadapt	SE	SE	Cutadapt
1b0ea89e8460365693bf9a78cd7193ef	UNITE+RefSeq BLAST	Fungi_k	Fungi_k	NA	fig4_q30_SE_cutadapt_unite_blast_top1_rescue	Cutadapt	SE	SE	Cutadapt
f9e0459672e12d102a630e4436ffb437	UNITE+RefSeq BLAST	Candolleomyces	Unclassified	NA	fig4_q30_SE_cutadapt_unite_blast_top1_rescue	Cutadapt	SE	SE	Cutadapt
429ef104fcabfbb4b403c2c09309eadf	UNITE+RefSeq BLAST	Penicillium	Penicillium_sumatraense	NA	fig4_q30_SE_cutadapt_unite_blast_top1_rescue	Cutadapt	SE	SE	Cutadapt
f995e145056827d946990165fee89f13	UNITE+RefSeq BLAST	Fungi_k	Fungi_k	NA	fig4_q30_SE_cutadapt_unite_blast_top1_rescue	Cutadapt	SE	SE	Cutadapt
6734e9cf02163049e17ba80c6b32c086	UNITE+RefSeq BLAST	Fungi_k	Fungi_k	NA	fig4_q30_SE_cutadapt_unite_blast_top1_rescue	Cutadapt	SE	SE	Cutadapt
d25e7da93e6b99dc8a029aa614772d33	UNITE+RefSeq BLAST	Ascomycota_p	Ascomycota_p	NA	fig4_q30_SE_cutadapt_unite_blast_top1_rescue	Cutadapt	SE	SE	Cutadapt
3055f49397f6797b6af3d93deaed571e	UNITE+RefSeq BLAST	Rhodotorula	Rhodotorula_mucilaginosa	NA	fig4_q30_SE_cutadapt_unite_blast_top1_rescue	Cutadapt	SE	SE	Cutadapt
6ea70f7a936fb3c83b92541a31d0699e	UNITE+RefSeq BLAST	Fungi_k	Fungi_k	NA	fig4_q30_SE_cutadapt_unite_blast_top1_rescue	Cutadapt	SE	SE	Cutadapt
90c790cd51b041fe427de8b5a8538108	UNITE+RefSeq BLAST	Ascomycota_p	Ascomycota_p	NA	fig4_q30_SE_cutadapt_unite_blast_top1_rescue	Cutadapt	SE	SE	Cutadapt
bd59c047dfd8722ab82188dd160d6676	UNITE+RefSeq BLAST	Ascomycota_p	Ascomycota_p	NA	fig4_q30_SE_cutadapt_unite_blast_top1_rescue	Cutadapt	SE	SE	Cutadapt
38af596704a7b2a9f8c44337022e99fa	UNITE+RefSeq BLAST	Ascomycota_p	Ascomycota_p	NA	fig4_q30_SE_cutadapt_unite_blast_top1_rescue	Cutadapt	SE	SE	Cutadapt
56b3fd0a76a57716fa9dc86ef499f86a	UNITE+RefSeq BLAST	Ascomycota_p	Ascomycota_p	NA	fig4_q30_SE_cutadapt_unite_blast_top1_rescue	Cutadapt	SE	SE	Cutadapt
593628bb9050300495d659b459fd5aa3	UNITE+RefSeq BLAST	Fungi_k	Fungi_k	NA	fig4_q30_SE_cutadapt_unite_blast_top1_rescue	Cutadapt	SE	SE	Cutadapt
c9e7884f1c2075801461d85650da4f8d	UNITE+RefSeq BLAST	Fungi_k	Fungi_k	NA	fig4_q30_SE_cutadapt_unite_blast_top1_rescue	Cutadapt	SE	SE	Cutadapt
8eedab30efdc40b9d88bdabe03635ba4	UNITE+RefSeq BLAST	Fungi_k	Fungi_k	NA	fig4_q30_SE_cutadapt_unite_blast_top1_rescue	Cutadapt	SE	SE	Cutadapt
21feee196968505b63639074b75a7d27	UNITE+RefSeq BLAST	Kazachstania	Kazachstania_servazzii	NA	fig4_q30_SE_cutadapt_unite_blast_top1_rescue	Cutadapt	SE	SE	Cutadapt
0768181f519364a9439b4901c0812f7d	UNITE+RefSeq BLAST	Fungi_k	Fungi_k	NA	fig4_q30_SE_cutadapt_unite_blast_top1_rescue	Cutadapt	SE	SE	Cutadapt
fcbc999ca804479fd39bdcaef8c7c1c0	UNITE+RefSeq BLAST	Aspergillus	Aspergillus_niger	NA	fig4_q30_SE_cutadapt_unite_blast_top1_rescue	Cutadapt	SE	SE	Cutadapt
c37e09b9fad0c4eba3557a245868649d	UNITE+RefSeq BLAST	Ascomycota_p	Ascomycota_p	NA	fig4_q30_SE_cutadapt_unite_blast_top1_rescue	Cutadapt	SE	SE	Cutadapt
28545e23c1f29aea79e54c2490f42375	UNITE+RefSeq BLAST	Cryptococcus	Cryptococcus_gattii	NA	fig4_q30_SE_cutadapt_unite_blast_top1_rescue	Cutadapt	SE	SE	Cutadapt
eb0a24cde4475b6ba4de24cc713e47bd	UNITE+RefSeq BLAST	Cryptococcus	Cryptococcus_neoformans	NA	fig4_q30_SE_cutadapt_unite_blast_top1_rescue	Cutadapt	SE	SE	Cutadapt
e05fc0449f67499fe6ddec89784dbb5d	UNITE+RefSeq BLAST	Boeremia	Boeremia_lycopersici	NA	fig4_q30_SE_cutadapt_unite_blast_top1_rescue	Cutadapt	SE	SE	Cutadapt
c4f98e0590c3c3c748b905428148ad3a	UNITE+RefSeq BLAST	Fungi_k	Fungi_k	NA	fig4_q30_SE_cutadapt_unite_blast_top1_rescue	Cutadapt	SE	SE	Cutadapt
5508856d9d35057c551dd5960df94f40	UNITE+RefSeq BLAST	Fungi_k	Fungi_k	NA	fig4_q30_SE_cutadapt_unite_blast_top1_rescue	Cutadapt	SE	SE	Cutadapt
22381edf2faa88f0c0f8bece81941d9f	UNITE+RefSeq BLAST	Trechispora	Unclassified	NA	fig4_q30_SE_cutadapt_unite_blast_top1_rescue	Cutadapt	SE	SE	Cutadapt
6790f42c7414d04cbfca2d0bc9403137	UNITE+RefSeq BLAST	Fungi_k	Fungi_k	NA	fig4_q30_SE_cutadapt_unite_blast_top1_rescue	Cutadapt	SE	SE	Cutadapt
169e5e3b66682ea6eb26c477ce213b7c	UNITE+RefSeq BLAST	Ascomycota_p	Ascomycota_p	NA	fig4_q30_SE_cutadapt_unite_blast_top1_rescue	Cutadapt	SE	SE	Cutadapt
45abd68f253254c6fa3ef6981b6b7e84	UNITE+RefSeq BLAST	Fungi_k	Fungi_k	NA	fig4_q30_SE_cutadapt_unite_blast_top1_rescue	Cutadapt	SE	SE	Cutadapt
3cdd5c9296b323dd20d1dc2d8c42357a	UNITE+RefSeq BLAST	Ascomycota_p	Ascomycota_p	NA	fig4_q30_SE_cutadapt_unite_blast_top1_rescue	Cutadapt	SE	SE	Cutadapt
734b3bd502cf4e15ab36e06823ea19d1	UNITE+RefSeq BLAST	Fungi_k	Fungi_k	NA	fig4_q30_SE_cutadapt_unite_blast_top1_rescue	Cutadapt	SE	SE	Cutadapt
4bc9878d9cb5210bbfa8e56b3f990fe1	UNITE+RefSeq BLAST	Ascomycota_p	Ascomycota_p	NA	fig4_q30_SE_cutadapt_unite_blast_top1_rescue	Cutadapt	SE	SE	Cutadapt
e2d6b080c35429edc1bf79320290191c	UNITE+RefSeq BLAST	Fungi_k	Fungi_k	NA	fig4_q30_SE_cutadapt_unite_blast_top1_rescue	Cutadapt	SE	SE	Cutadapt
79b8b59b62b6bcd94537b80830d7f47d	UNITE+RefSeq BLAST	Fungi_k	Fungi_k	NA	fig4_q30_SE_cutadapt_unite_blast_top1_rescue	Cutadapt	SE	SE	Cutadapt
0d2a77295862dea2a5fc3940be192278	UNITE+RefSeq BLAST	Ascomycota_p	Ascomycota_p	NA	fig4_q30_SE_cutadapt_unite_blast_top1_rescue	Cutadapt	SE	SE	Cutadapt
0ae1e837235a2579609ba6290feae7d9	UNITE+RefSeq BLAST	Ascomycota_p	Ascomycota_p	NA	fig4_q30_SE_cutadapt_unite_blast_top1_rescue	Cutadapt	SE	SE	Cutadapt
690485dcc88ee46eafca88455c1350fb	UNITE+RefSeq BLAST	Fungi_k	Fungi_k	NA	fig4_q30_SE_cutadapt_unite_blast_top1_rescue	Cutadapt	SE	SE	Cutadapt
810614b36a07abd1a925d29282f91909	UNITE+RefSeq BLAST	Fungi_k	Fungi_k	NA	fig4_q30_SE_cutadapt_unite_blast_top1_rescue	Cutadapt	SE	SE	Cutadapt
ea7f5040ec9eea16e64fd85b2b7d0572	UNITE+RefSeq BLAST	Fungi_k	Fungi_k	NA	fig4_q30_SE_cutadapt_unite_blast_top1_rescue	Cutadapt	SE	SE	Cutadapt
25a303dbf5b2a6790682c1e63eb0bc86	UNITE+RefSeq BLAST	Fungi_k	Fungi_k	NA	fig4_q30_SE_cutadapt_unite_blast_top1_rescue	Cutadapt	SE	SE	Cutadapt
c736e249da125d2afbdc5153e798f4ff	UNITE+RefSeq BLAST	Fungi_k	Fungi_k	NA	fig4_q30_SE_cutadapt_unite_blast_top1_rescue	Cutadapt	SE	SE	Cutadapt
424a42c649741aeff084e4e4be42d5e8	UNITE+RefSeq BLAST	Fungi_k	Fungi_k	NA	fig4_q30_SE_cutadapt_unite_blast_top1_rescue	Cutadapt	SE	SE	Cutadapt
7eb255283c6c52bd61ca80e88b608ef1	UNITE+RefSeq BLAST	Ascomycota_p	Ascomycota_p	NA	fig4_q30_SE_cutadapt_unite_blast_top1_rescue	Cutadapt	SE	SE	Cutadapt
464e19f539c8d48eeb059761e4076133	UNITE+RefSeq BLAST	Fungi_k	Fungi_k	NA	fig4_q30_SE_cutadapt_unite_blast_top1_rescue	Cutadapt	SE	SE	Cutadapt
89280dfd2d6284d8379415b8579079b4	UNITE+RefSeq BLAST	Fungi_k	Fungi_k	NA	fig4_q30_SE_cutadapt_unite_blast_top1_rescue	Cutadapt	SE	SE	Cutadapt
c9724494bb18bcad90882e40457e048a	UNITE+RefSeq BLAST	Candida	Candida_albicans	NA	fig4_q30_SE_cutadapt_unite_blast_top1_rescue	Cutadapt	SE	SE	Cutadapt
1c99b355daab861d42ef02ad4aecd425	UNITE+RefSeq BLAST	Fungi_k	Fungi_k	NA	fig4_q30_SE_cutadapt_unite_blast_top1_rescue	Cutadapt	SE	SE	Cutadapt
d0ba115d2648c5cea27a7c508f335db2	UNITE+RefSeq BLAST	Fungi_k	Fungi_k	NA	fig4_q30_SE_cutadapt_unite_blast_top1_rescue	Cutadapt	SE	SE	Cutadapt
3d5f170d59af5aa3757284a921c5a385	UNITE+RefSeq BLAST	Cutaneotrichosporon	Cutaneotrichosporon_mucoides	NA	fig4_q30_SE_cutadapt_unite_blast_top1_rescue	Cutadapt	SE	SE	Cutadapt
a4d6aeda4e809ef4f25111f66e15a8ca	UNITE+RefSeq BLAST	Ascomycota_p	Ascomycota_p	NA	fig4_q30_SE_cutadapt_unite_blast_top1_rescue	Cutadapt	SE	SE	Cutadapt
621f2a9745265d827cc94a1d025b8a38	UNITE+RefSeq BLAST	Fungi_k	Fungi_k	NA	fig4_q30_SE_cutadapt_unite_blast_top1_rescue	Cutadapt	SE	SE	Cutadapt
8fa01d73021156ed6e2382e0d80dec3a	UNITE+RefSeq BLAST	Candida	Candida_albicans	NA	fig4_q30_SE_cutadapt_unite_blast_top1_rescue	Cutadapt	SE	SE	Cutadapt
4aae9ea7e4bfc0aaa35d3772535cb612	UNITE+RefSeq BLAST	Irpex	Irpex_hacksungii	NA	fig4_q30_SE_cutadapt_unite_blast_top1_rescue	Cutadapt	SE	SE	Cutadapt
29555bd5b7d79e088911358e619af0af	UNITE+RefSeq BLAST	Fungi_k	Fungi_k	NA	fig4_q30_SE_cutadapt_unite_blast_top1_rescue	Cutadapt	SE	SE	Cutadapt
a264df5dbe2ffe5b564231684a02d56d	UNITE+RefSeq BLAST	Debaryomyces	Debaryomyces_delbrueckii	NA	fig4_q30_SE_cutadapt_unite_blast_top1_rescue	Cutadapt	SE	SE	Cutadapt
754268c86474386269e578a4eb485b8a	UNITE+RefSeq BLAST	Candida	Candida_albicans	NA	fig4_q30_SE_cutadapt_unite_blast_top1_rescue	Cutadapt	SE	SE	Cutadapt
4ff375ae9b66ece9a7f74f5a13354b9d	UNITE+RefSeq BLAST	Fungi_k	Fungi_k	NA	fig4_q30_SE_cutadapt_unite_blast_top1_rescue	Cutadapt	SE	SE	Cutadapt
8d3e05b052f65c88c539505f87882851	UNITE+RefSeq BLAST	Ascomycota_p	Ascomycota_p	NA	fig4_q30_SE_cutadapt_unite_blast_top1_rescue	Cutadapt	SE	SE	Cutadapt
feb42ca1b6adcd738ff9ba386892f11e	UNITE+RefSeq BLAST	Penicillium	Penicillium_chrysogenum	NA	fig4_q30_SE_cutadapt_unite_blast_top1_rescue	Cutadapt	SE	SE	Cutadapt
2e723fe0c70769428c06e39a8f19d9d8	UNITE+RefSeq BLAST	Fungi_k	Fungi_k	NA	fig4_q30_SE_cutadapt_unite_blast_top1_rescue	Cutadapt	SE	SE	Cutadapt
315a14f72987afaafb1b8701eaa0b075	UNITE+RefSeq BLAST	Cryptococcus	Cryptococcus_neoformans	NA	fig4_q30_SE_cutadapt_unite_blast_top1_rescue	Cutadapt	SE	SE	Cutadapt
644c895ef79df8c731420be73cf8b6c0	UNITE+RefSeq BLAST	Fungi_k	Fungi_k	NA	fig4_q30_SE_cutadapt_unite_blast_top1_rescue	Cutadapt	SE	SE	Cutadapt
80e1bf7ccd84a6512dc5cc240266fbbc	UNITE+RefSeq BLAST	Malassezia	Malassezia_globosa	NA	fig4_q30_SE_cutadapt_unite_blast_top1_rescue	Cutadapt	SE	SE	Cutadapt
26461f63a0aa3891866f330d837eb06e	UNITE+RefSeq BLAST	Ascomycota_p	Ascomycota_p	NA	fig4_q30_SE_cutadapt_unite_blast_top1_rescue	Cutadapt	SE	SE	Cutadapt
0b670ea5bad69a636e48836a55475086	UNITE+RefSeq BLAST	Fungi_k	Fungi_k	NA	fig4_q30_SE_cutadapt_unite_blast_top1_rescue	Cutadapt	SE	SE	Cutadapt
9d85d8067d02e30a806463de2845ccdd	UNITE+RefSeq BLAST	Fungi_k	Fungi_k	NA	fig4_q30_SE_cutadapt_unite_blast_top1_rescue	Cutadapt	SE	SE	Cutadapt
14f563b611081c3d96a3656b7e727a14	UNITE+RefSeq BLAST	Ascomycota_p	Ascomycota_p	NA	fig4_q30_SE_cutadapt_unite_blast_top1_rescue	Cutadapt	SE	SE	Cutadapt
4e69eeb85eb9ec34c929b61a9a698d0e	UNITE+RefSeq BLAST	Saccharomyces	Unclassified	NA	fig4_q30_SE_cutadapt_unite_blast_top1_rescue	Cutadapt	SE	SE	Cutadapt
c4de8920d09cfcb35cb11ca9ed00200f	UNITE+RefSeq BLAST	Fungi_k	Fungi_k	NA	fig4_q30_SE_cutadapt_unite_blast_top1_rescue	Cutadapt	SE	SE	Cutadapt
a920043b0a1f468a1d704fb1d44f1538	UNITE+RefSeq BLAST	Fungi_k	Fungi_k	NA	fig4_q30_SE_cutadapt_unite_blast_top1_rescue	Cutadapt	SE	SE	Cutadapt
484bd431a65762338ef456a194b5348e	UNITE+RefSeq BLAST	Candida	Candida_tropicalis	NA	fig4_q30_SE_cutadapt_unite_blast_top1_rescue	Cutadapt	SE	SE	Cutadapt
7022c374ae44a6ea810bc3bc7018547c	UNITE+RefSeq BLAST	Fungi_k	Fungi_k	NA	fig4_q30_SE_cutadapt_unite_blast_top1_rescue	Cutadapt	SE	SE	Cutadapt
267cae1380db2b4584c9e1a67d952b7c	UNITE+RefSeq BLAST	Ascomycota_p	Ascomycota_p	NA	fig4_q30_SE_cutadapt_unite_blast_top1_rescue	Cutadapt	SE	SE	Cutadapt
260b8bebae425ab1944a3e6b09292088	UNITE+RefSeq BLAST	Fungi_k	Fungi_k	NA	fig4_q30_SE_cutadapt_unite_blast_top1_rescue	Cutadapt	SE	SE	Cutadapt
7afb59c70eff2cec5a071dd7c3ca79e0	UNITE+RefSeq BLAST	Ascomycota_p	Ascomycota_p	NA	fig4_q30_SE_cutadapt_unite_blast_top1_rescue	Cutadapt	SE	SE	Cutadapt
1d1e47a562efc72e0e1a703adb1156bc	UNITE+RefSeq BLAST	Ascomycota_p	Ascomycota_p	NA	fig4_q30_SE_cutadapt_unite_blast_top1_rescue	Cutadapt	SE	SE	Cutadapt
11472a6b13e3d38e37aa6d6f3b131991	UNITE+RefSeq BLAST	Fungi_k	Fungi_k	NA	fig4_q30_SE_cutadapt_unite_blast_top1_rescue	Cutadapt	SE	SE	Cutadapt
7243d6f6c59327bcf48abb33a65296e7	UNITE+RefSeq BLAST	Ascomycota_p	Ascomycota_p	NA	fig4_q30_SE_cutadapt_unite_blast_top1_rescue	Cutadapt	SE	SE	Cutadapt
567a9deab0960d0e2e0fb43ebc9b535e	UNITE+RefSeq BLAST	Ascomycota_p	Ascomycota_p	NA	fig4_q30_SE_cutadapt_unite_blast_top1_rescue	Cutadapt	SE	SE	Cutadapt
5105a2d6db57cdbabd078e95db2396c5	UNITE+RefSeq BLAST	Fungi_k	Fungi_k	NA	fig4_q30_SE_cutadapt_unite_blast_top1_rescue	Cutadapt	SE	SE	Cutadapt
90aa0385993cdfbec9b8925a1163afb6	UNITE+RefSeq BLAST	Fungi_k	Fungi_k	NA	fig4_q30_SE_cutadapt_unite_blast_top1_rescue	Cutadapt	SE	SE	Cutadapt
955eb7ae0fe2a3213438ef5bec2de66e	UNITE+RefSeq BLAST	Fungi_k	Fungi_k	NA	fig4_q30_SE_cutadapt_unite_blast_top1_rescue	Cutadapt	SE	SE	Cutadapt
c97fecfe6785166d168fafdd986ee02f	UNITE+RefSeq BLAST	Fungi_k	Fungi_k	NA	fig4_q30_SE_cutadapt_unite_blast_top1_rescue	Cutadapt	SE	SE	Cutadapt
c0b1830e2feafc77fb275d5a16f99809	UNITE+RefSeq BLAST	Ascomycota_p	Ascomycota_p	NA	fig4_q30_SE_cutadapt_unite_blast_top1_rescue	Cutadapt	SE	SE	Cutadapt
5302560500e967552b1490312b4bb3b3	UNITE+RefSeq BLAST	Fungi_k	Fungi_k	NA	fig4_q30_SE_cutadapt_unite_blast_top1_rescue	Cutadapt	SE	SE	Cutadapt
f235e5de715614a0b7c2b48197a6a8ba	UNITE+RefSeq BLAST	Ascomycota_p	Ascomycota_p	NA	fig4_q30_SE_cutadapt_unite_blast_top1_rescue	Cutadapt	SE	SE	Cutadapt
b96feb915f752cb0cac454b227ea516d	UNITE+RefSeq BLAST	Fungi_k	Fungi_k	NA	fig4_q30_SE_cutadapt_unite_blast_top1_rescue	Cutadapt	SE	SE	Cutadapt
8c82b71188e096be2feb08fd7d64d6a6	UNITE+RefSeq BLAST	Leucosporidium	Leucosporidium_intermedium	NA	fig4_q30_SE_cutadapt_unite_blast_top1_rescue	Cutadapt	SE	SE	Cutadapt
8578ebd1501eab5abc643bb43fb0b7e2	UNITE+RefSeq BLAST	Fungi_k	Fungi_k	NA	fig4_q30_SE_cutadapt_unite_blast_top1_rescue	Cutadapt	SE	SE	Cutadapt
7b3895e4ce4378f120ee488c628004dc	UNITE+RefSeq BLAST	Fungi_k	Fungi_k	NA	fig4_q30_SE_cutadapt_unite_blast_top1_rescue	Cutadapt	SE	SE	Cutadapt
674495db5026d621602634dd1d9ca190	UNITE+RefSeq BLAST	Penicillium	Penicillium_cuddlyae	NA	fig4_q30_SE_cutadapt_unite_blast_top1_rescue	Cutadapt	SE	SE	Cutadapt
5aa08add5073423bc935416fc4122a79	UNITE+RefSeq BLAST	Fungi_k	Fungi_k	NA	fig4_q30_SE_cutadapt_unite_blast_top1_rescue	Cutadapt	SE	SE	Cutadapt
75107df2ba22157d21ca3da014ea641a	UNITE+RefSeq BLAST	Ascomycota_p	Ascomycota_p	NA	fig4_q30_SE_cutadapt_unite_blast_top1_rescue	Cutadapt	SE	SE	Cutadapt
934f533a78b5de1479b59f1a682d064c	UNITE+RefSeq BLAST	Fungi_k	Fungi_k	NA	fig4_q30_SE_cutadapt_unite_blast_top1_rescue	Cutadapt	SE	SE	Cutadapt
2ebd8a5b8c3455f415eca2f216a9d915	UNITE+RefSeq BLAST	Ascomycota_p	Ascomycota_p	NA	fig4_q30_SE_cutadapt_unite_blast_top1_rescue	Cutadapt	SE	SE	Cutadapt
fc7fa41febb165d9e2c1aa251fe03adb	UNITE+RefSeq BLAST	Ascomycota_p	Ascomycota_p	NA	fig4_q30_SE_cutadapt_unite_blast_top1_rescue	Cutadapt	SE	SE	Cutadapt
e09cee250683d1d9c0efe6766aea6426	UNITE+RefSeq BLAST	Ascomycota_p	Ascomycota_p	NA	fig4_q30_SE_cutadapt_unite_blast_top1_rescue	Cutadapt	SE	SE	Cutadapt
26c3adb423a4d6b98b84d34fa5beca3f	UNITE+RefSeq BLAST	Fungi_k	Fungi_k	NA	fig4_q30_SE_cutadapt_unite_blast_top1_rescue	Cutadapt	SE	SE	Cutadapt
04054fce3ae97d78e67d2d454985add2	UNITE+RefSeq BLAST	Fungi_k	Fungi_k	NA	fig4_q30_SE_cutadapt_unite_blast_top1_rescue	Cutadapt	SE	SE	Cutadapt
8a52693c2a3066f0951f6e0ab114cf44	UNITE+RefSeq BLAST	Fungi_k	Fungi_k	NA	fig4_q30_SE_cutadapt_unite_blast_top1_rescue	Cutadapt	SE	SE	Cutadapt
a9a8701bb82e83502dac035e738a9a66	UNITE+RefSeq BLAST	Fungi_k	Fungi_k	NA	fig4_q30_SE_cutadapt_unite_blast_top1_rescue	Cutadapt	SE	SE	Cutadapt
96800d25db2a29d576ee27c9b1735e9f	UNITE+RefSeq BLAST	Fungi_k	Fungi_k	NA	fig4_q30_SE_cutadapt_unite_blast_top1_rescue	Cutadapt	SE	SE	Cutadapt
f68813f6ebcb8f7323b15cb6dad97526	UNITE+RefSeq BLAST	Trechispora	Unclassified	NA	fig4_q30_SE_cutadapt_unite_blast_top1_rescue	Cutadapt	SE	SE	Cutadapt
091b9ab07282fb2810730607e7c73a6b	UNITE+RefSeq BLAST	Fungi_k	Fungi_k	NA	fig4_q30_SE_cutadapt_unite_blast_top1_rescue	Cutadapt	SE	SE	Cutadapt
247c8459db6ae8b1257380e69c42b883	UNITE+RefSeq BLAST	Penicillium	Unclassified	NA	fig4_q30_SE_cutadapt_unite_blast_top1_rescue	Cutadapt	SE	SE	Cutadapt
725402e2a81677678ca9799ecc96fe7f	UNITE+RefSeq BLAST	Fungi_k	Fungi_k	NA	fig4_q30_SE_cutadapt_unite_blast_top1_rescue	Cutadapt	SE	SE	Cutadapt
870b996b7364a3020227bc4b918ba54f	UNITE+RefSeq BLAST	Fungi_k	Fungi_k	NA	fig4_q30_SE_cutadapt_unite_blast_top1_rescue	Cutadapt	SE	SE	Cutadapt
194c5d7ddd16e9c0363bffc3aef8ceb8	UNITE+RefSeq BLAST	Fungi_k	Fungi_k	NA	fig4_q30_SE_cutadapt_unite_blast_top1_rescue	Cutadapt	SE	SE	Cutadapt
f32c3a43668f703f0abe5a6d1c0b37a5	UNITE+RefSeq BLAST	Mariannaea	Mariannaea_atlantica	NA	fig4_q30_SE_cutadapt_unite_blast_top1_rescue	Cutadapt	SE	SE	Cutadapt
85d8f5af58655f5e9a0875198e40a4cf	UNITE+RefSeq BLAST	Fungi_k	Fungi_k	NA	fig4_q30_SE_cutadapt_unite_blast_top1_rescue	Cutadapt	SE	SE	Cutadapt
eca677b652afb80f02a64e9a83fef553	UNITE+RefSeq BLAST	Fungi_k	Fungi_k	NA	fig4_q30_SE_cutadapt_unite_blast_top1_rescue	Cutadapt	SE	SE	Cutadapt
0e3a92d5368de742d7e37a8b3d7f4bfa	UNITE+RefSeq BLAST	Arthrodermataceae_f	Arthrodermataceae_f	NA	fig4_q30_SE_cutadapt_unite_blast_top1_rescue	Cutadapt	SE	SE	Cutadapt
25d556970166dcb7050422023be88e22	UNITE+RefSeq BLAST	Fungi_k	Fungi_k	NA	fig4_q30_SE_cutadapt_unite_blast_top1_rescue	Cutadapt	SE	SE	Cutadapt
b818ea92d26b8c0d7b99eb77906b9e01	UNITE+RefSeq BLAST	Fungi_k	Fungi_k	NA	fig4_q30_SE_cutadapt_unite_blast_top1_rescue	Cutadapt	SE	SE	Cutadapt
2a28786ae739c0770d1372c549046931	UNITE+RefSeq BLAST	Penicillium	Penicillium_marinum	NA	fig4_q30_SE_cutadapt_unite_blast_top1_rescue	Cutadapt	SE	SE	Cutadapt
615431307bb72c4d99dcb3c243d810db	UNITE+RefSeq BLAST	Fungi_k	Fungi_k	NA	fig4_q30_SE_cutadapt_unite_blast_top1_rescue	Cutadapt	SE	SE	Cutadapt
b67b81c102e2f5fa366b3d4d0869f235	UNITE+RefSeq BLAST	Fungi_k	Fungi_k	NA	fig4_q30_SE_cutadapt_unite_blast_top1_rescue	Cutadapt	SE	SE	Cutadapt
bed7b9d2faf1441d064e85f99538ff52	UNITE+RefSeq BLAST	Fungi_k	Fungi_k	NA	fig4_q30_SE_cutadapt_unite_blast_top1_rescue	Cutadapt	SE	SE	Cutadapt
638e7ccf3419acc06aafd317364cba75	UNITE+RefSeq BLAST	Fungi_k	Fungi_k	NA	fig4_q30_SE_cutadapt_unite_blast_top1_rescue	Cutadapt	SE	SE	Cutadapt
e2708925a7f42bb9e1f62f04f1ee3e26	UNITE+RefSeq BLAST	Lecanorales_o	Lecanorales_o	NA	fig4_q30_SE_cutadapt_unite_blast_top1_rescue	Cutadapt	SE	SE	Cutadapt
6ff9a3e427e998643e8d98a2a3d9157b	UNITE+RefSeq BLAST	Fungi_k	Fungi_k	NA	fig4_q30_SE_cutadapt_unite_blast_top1_rescue	Cutadapt	SE	SE	Cutadapt
cfa201d304dab9c66d991e37660ea7cd	UNITE+RefSeq BLAST	Fungi_k	Fungi_k	NA	fig4_q30_SE_cutadapt_unite_blast_top1_rescue	Cutadapt	SE	SE	Cutadapt
2cd0dea7da04cbdb02a749d6ce0ce2a8	UNITE+RefSeq BLAST	Saccharomyces	Saccharomyces_arboricola	NA	fig4_q30_SE_cutadapt_unite_blast_top1_rescue	Cutadapt	SE	SE	Cutadapt
9b515710aedd7956e1b33b0f43a5da4d	UNITE+RefSeq BLAST	Ascomycota_p	Ascomycota_p	NA	fig4_q30_SE_cutadapt_unite_blast_top1_rescue	Cutadapt	SE	SE	Cutadapt
8f5b156b2473d6552ed30cec420b2b02	UNITE+RefSeq BLAST	Fungi_k	Fungi_k	NA	fig4_q30_SE_cutadapt_unite_blast_top1_rescue	Cutadapt	SE	SE	Cutadapt
ff7f232a0ba2b8cdee78935456caded9	UNITE+RefSeq BLAST	Fungi_k	Fungi_k	NA	fig4_q30_SE_cutadapt_unite_blast_top1_rescue	Cutadapt	SE	SE	Cutadapt
32be290b5fe51f5e4611e2e1a37fa1db	UNITE+RefSeq BLAST	Fungi_k	Fungi_k	NA	fig4_q30_SE_cutadapt_unite_blast_top1_rescue	Cutadapt	SE	SE	Cutadapt
b1b896a1775460c058fc891882a5bad8	UNITE+RefSeq BLAST	Ascomycota_p	Ascomycota_p	NA	fig4_q30_SE_cutadapt_unite_blast_top1_rescue	Cutadapt	SE	SE	Cutadapt
fb16acc3ac783ab7d6101776190a58e0	UNITE+RefSeq BLAST	Ascomycota_p	Ascomycota_p	NA	fig4_q30_SE_cutadapt_unite_blast_top1_rescue	Cutadapt	SE	SE	Cutadapt
119831b712be8db7b70c0d6d950624da	UNITE+RefSeq BLAST	Fungi_k	Fungi_k	NA	fig4_q30_SE_cutadapt_unite_blast_top1_rescue	Cutadapt	SE	SE	Cutadapt
6a9c03927332a86761ef8140c19e76a2	UNITE+RefSeq BLAST	Fungi_k	Fungi_k	NA	fig4_q30_SE_cutadapt_unite_blast_top1_rescue	Cutadapt	SE	SE	Cutadapt
5cae4f6bc86eca0f1eedf3d66b889b17	UNITE+RefSeq BLAST	Fungi_k	Fungi_k	NA	fig4_q30_SE_cutadapt_unite_blast_top1_rescue	Cutadapt	SE	SE	Cutadapt
ba931772211836a80a6f9001b2507e01	UNITE+RefSeq BLAST	Fungi_k	Fungi_k	NA	fig4_q30_SE_cutadapt_unite_blast_top1_rescue	Cutadapt	SE	SE	Cutadapt
ef25c954c06d510896f91b6ee3f9d1aa	UNITE+RefSeq BLAST	Fungi_k	Fungi_k	NA	fig4_q30_SE_cutadapt_unite_blast_top1_rescue	Cutadapt	SE	SE	Cutadapt
a536855c690075a22d2f70db5665151c	UNITE+RefSeq BLAST	Fungi_k	Fungi_k	NA	fig4_q30_SE_cutadapt_unite_blast_top1_rescue	Cutadapt	SE	SE	Cutadapt
b2d71c8a1835967453bd96a5aecac0d2	UNITE+RefSeq BLAST	Fungi_k	Fungi_k	NA	fig4_q30_SE_cutadapt_unite_blast_top1_rescue	Cutadapt	SE	SE	Cutadapt
fe389004a774f698876b52bcd5148b90	UNITE+RefSeq BLAST	Cladosporium	Cladosporium_angustisporum	NA	fig4_q30_SE_cutadapt_unite_blast_top1_rescue	Cutadapt	SE	SE	Cutadapt
56a66d4f4883495fe6e8252edcc6c71c	UNITE+RefSeq BLAST	Fungi_k	Fungi_k	NA	fig4_q30_SE_cutadapt_unite_blast_top1_rescue	Cutadapt	SE	SE	Cutadapt
a0a05fb837d128e0f13ab3295773109e	UNITE+RefSeq BLAST	Fungi_k	Fungi_k	NA	fig4_q30_SE_cutadapt_unite_blast_top1_rescue	Cutadapt	SE	SE	Cutadapt
158508c453d93903d315196a844918ef	UNITE+RefSeq BLAST	Fungi_k	Fungi_k	NA	fig4_q30_SE_cutadapt_unite_blast_top1_rescue	Cutadapt	SE	SE	Cutadapt
5535856acc809af76ab3ddb22e9e211d	UNITE+RefSeq BLAST	Fungi_k	Fungi_k	NA	fig4_q30_SE_cutadapt_unite_blast_top1_rescue	Cutadapt	SE	SE	Cutadapt
9787c7e873499f9e560ca6b6422ce0e8	UNITE+RefSeq BLAST	Fungi_k	Fungi_k	NA	fig4_q30_SE_cutadapt_unite_blast_top1_rescue	Cutadapt	SE	SE	Cutadapt
1b7d4ee38520a8d71abb44031eecc577	UNITE+RefSeq BLAST	Fungi_k	Fungi_k	NA	fig4_q30_SE_cutadapt_unite_blast_top1_rescue	Cutadapt	SE	SE	Cutadapt
bcfb019abaec65a6eeefd25b4a00e7f3	UNITE+RefSeq BLAST	Cylindrotrichum	Cylindrotrichum_submersum	NA	fig4_q30_SE_cutadapt_unite_blast_top1_rescue	Cutadapt	SE	SE	Cutadapt
5f75d4aac0231ac26b212754cfe7bc3e	UNITE+RefSeq BLAST	Fungi_k	Fungi_k	NA	fig4_q30_SE_cutadapt_unite_blast_top1_rescue	Cutadapt	SE	SE	Cutadapt
6a84d445d0bc5b70a398f6fdf01eb66f	UNITE+RefSeq BLAST	Ascomycota_p	Ascomycota_p	NA	fig4_q30_SE_cutadapt_unite_blast_top1_rescue	Cutadapt	SE	SE	Cutadapt
299858db667f2d7fa90d17f8f1e54be0	UNITE+RefSeq BLAST	Fungi_k	Fungi_k	NA	fig4_q30_SE_cutadapt_unite_blast_top1_rescue	Cutadapt	SE	SE	Cutadapt
708ed5611c17651ff5806fa18df950fa	UNITE+RefSeq BLAST	Ascomycota_p	Ascomycota_p	NA	fig4_q30_SE_cutadapt_unite_blast_top1_rescue	Cutadapt	SE	SE	Cutadapt
36a7dafd8a4806c2f7c373b5c9916b22	UNITE+RefSeq BLAST	Fungi_k	Fungi_k	NA	fig4_q30_SE_cutadapt_unite_blast_top1_rescue	Cutadapt	SE	SE	Cutadapt
3039df4ad5007ae4944976c043d3d432	UNITE+RefSeq BLAST	Fungi_k	Fungi_k	NA	fig4_q30_SE_cutadapt_unite_blast_top1_rescue	Cutadapt	SE	SE	Cutadapt
66b54e2a443f697f121c66c80dc95df9	UNITE+RefSeq BLAST	Nakaseomyces	Nakaseomyces_glabratus	NA	fig4_q30_SE_cutadapt_unite_blast_top1_rescue	Cutadapt	SE	SE	Cutadapt
6b364ee32451dd49784a71f534ef2bae	UNITE+RefSeq BLAST	Aspergillaceae_f	Aspergillaceae_f	NA	fig4_q30_SE_cutadapt_unite_blast_top1_rescue	Cutadapt	SE	SE	Cutadapt
1458c99c0a4aa2958f73d7262165066a	UNITE+RefSeq BLAST	Penicillium	Penicillium_chrysogenum	NA	fig4_q30_SE_cutadapt_unite_blast_top1_rescue	Cutadapt	SE	SE	Cutadapt
e2b964f9c965bdcdf26553e425dbd793	UNITE+RefSeq BLAST	Fungi_k	Fungi_k	NA	fig4_q30_SE_cutadapt_unite_blast_top1_rescue	Cutadapt	SE	SE	Cutadapt
8965aa6d2863f5cb3cd73c6b457b8c10	UNITE+RefSeq BLAST	Fungi_k	Fungi_k	NA	fig4_q30_SE_cutadapt_unite_blast_top1_rescue	Cutadapt	SE	SE	Cutadapt
88d9e26258cbe6803242c238c2455096	UNITE+RefSeq BLAST	Cryptococcus	Cryptococcus_neoformans	NA	fig4_q30_SE_cutadapt_unite_blast_top1_rescue	Cutadapt	SE	SE	Cutadapt
dbd506df66b81dcdb231c7b21f39140b	UNITE+RefSeq BLAST	Phlebia	Phlebia_acerina	NA	fig4_q30_SE_cutadapt_unite_blast_top1_rescue	Cutadapt	SE	SE	Cutadapt
c9a08cedfce3e1d4e0167bcd82f1eed8	UNITE+RefSeq BLAST	Fungi_k	Fungi_k	NA	fig4_q30_SE_cutadapt_unite_blast_top1_rescue	Cutadapt	SE	SE	Cutadapt
d1e17b274ba99de355a3817e54d6236e	UNITE+RefSeq BLAST	Stereaceae_f	Stereaceae_f	NA	fig4_q30_SE_cutadapt_unite_blast_top1_rescue	Cutadapt	SE	SE	Cutadapt
5e1d83eccf923b1343d8824231f1bbe1	UNITE+RefSeq BLAST	Fungi_k	Fungi_k	NA	fig4_q30_SE_cutadapt_unite_blast_top1_rescue	Cutadapt	SE	SE	Cutadapt
43071ca5a252d644aa64b30a517cdb84	UNITE+RefSeq BLAST	Hannaella	Hannaella_oryzae	NA	fig4_q30_SE_cutadapt_unite_blast_top1_rescue	Cutadapt	SE	SE	Cutadapt
5cf5a5092050bcd623fa6eb69cef27bc	UNITE+RefSeq BLAST	Helotiales_o	Helotiales_o	NA	fig4_q30_SE_cutadapt_unite_blast_top1_rescue	Cutadapt	SE	SE	Cutadapt
337831ba7d77685699981e28fb64cf23	UNITE+RefSeq BLAST	Ascomycota_p	Ascomycota_p	NA	fig4_q30_SE_cutadapt_unite_blast_top1_rescue	Cutadapt	SE	SE	Cutadapt
eb419687cb6c69004db4a72c323e21f8	UNITE+RefSeq BLAST	Fungi_k	Fungi_k	NA	fig4_q30_SE_cutadapt_unite_blast_top1_rescue	Cutadapt	SE	SE	Cutadapt
5028db85c93296a70c563f0a3ef6eeb2	UNITE+RefSeq BLAST	Phlebia	Phlebia_acerina	NA	fig4_q30_SE_cutadapt_unite_blast_top1_rescue	Cutadapt	SE	SE	Cutadapt
3b19d4888b7cb5cae6d71495a64c1f99	UNITE+RefSeq BLAST	Paraphoma	Paraphoma_chrysanthemicola	NA	fig4_q30_SE_cutadapt_unite_blast_top1_rescue	Cutadapt	SE	SE	Cutadapt
5187486fe872390b9182d5481d070c1e	UNITE+RefSeq BLAST	Pleosporales_o	Pleosporales_o	NA	fig4_q30_SE_cutadapt_unite_blast_top1_rescue	Cutadapt	SE	SE	Cutadapt
58b2e2109c1625d12106aa0c3bbdc3d8	UNITE+RefSeq BLAST	Fungi_k	Fungi_k	NA	fig4_q30_SE_cutadapt_unite_blast_top1_rescue	Cutadapt	SE	SE	Cutadapt
70c24fbf5a1015511f7eeaa619943c09	UNITE+RefSeq BLAST	Fungi_k	Fungi_k	NA	fig4_q30_SE_cutadapt_unite_blast_top1_rescue	Cutadapt	SE	SE	Cutadapt
ccd9b87685ec477410a892a19c6f56e2	UNITE+RefSeq BLAST	Ascomycota_p	Ascomycota_p	NA	fig4_q30_SE_cutadapt_unite_blast_top1_rescue	Cutadapt	SE	SE	Cutadapt
ea97745628171c1b7140643a9f70461e	UNITE+RefSeq BLAST	Ascomycota_p	Ascomycota_p	NA	fig4_q30_SE_cutadapt_unite_blast_top1_rescue	Cutadapt	SE	SE	Cutadapt
bbc5e3ab547288791a3a60ebe42ab10c	UNITE+RefSeq BLAST	Penicillium	Penicillium_cuddlyae	NA	fig4_q30_SE_cutadapt_unite_blast_top1_rescue	Cutadapt	SE	SE	Cutadapt
6d536c0697e3374ffb3ec10414641759	UNITE+RefSeq BLAST	Metschnikowia	Unclassified	NA	fig4_q30_SE_cutadapt_unite_blast_top1_rescue	Cutadapt	SE	SE	Cutadapt
3c9ae85851f407a4c95023d2f0cf58be	UNITE+RefSeq BLAST	Fungi_k	Fungi_k	NA	fig4_q30_SE_cutadapt_unite_blast_top1_rescue	Cutadapt	SE	SE	Cutadapt
eb56c19be8e5fbe1c2a1ca33be8c1b24	UNITE+RefSeq BLAST	Fungi_k	Fungi_k	NA	fig4_q30_SE_cutadapt_unite_blast_top1_rescue	Cutadapt	SE	SE	Cutadapt
cc56f99c558815f04df56c615a4708ea	UNITE+RefSeq BLAST	Irpex	Irpex_hacksungii	NA	fig4_q30_SE_cutadapt_unite_blast_top1_rescue	Cutadapt	SE	SE	Cutadapt
93ca18c8326c68730665b16f4afc4c27	UNITE+RefSeq BLAST	Paraphoma	Paraphoma_rhaphiolepidis	NA	fig4_q30_SE_cutadapt_unite_blast_top1_rescue	Cutadapt	SE	SE	Cutadapt
240d740ef91d43f334788e266d661f7b	UNITE+RefSeq BLAST	Pluteus	Unclassified	NA	fig4_q30_SE_cutadapt_unite_blast_top1_rescue	Cutadapt	SE	SE	Cutadapt
84b5c1c947a868e466363aca6892af10	UNITE+RefSeq BLAST	Coniothyrium	Coniothyrium_sidae	NA	fig4_q30_SE_cutadapt_unite_blast_top1_rescue	Cutadapt	SE	SE	Cutadapt
b2d80c0c3ae31c0fa0081d4ec7136a6b	UNITE+RefSeq BLAST	Fungi_k	Fungi_k	NA	fig4_q30_SE_cutadapt_unite_blast_top1_rescue	Cutadapt	SE	SE	Cutadapt
a8006bd4661f54caf04a33bfd953834d	UNITE+RefSeq BLAST	Fungi_k	Fungi_k	NA	fig4_q30_SE_cutadapt_unite_blast_top1_rescue	Cutadapt	SE	SE	Cutadapt
2f43c6a7f9331f447cc24981f1887474	UNITE+RefSeq BLAST	Fungi_k	Fungi_k	NA	fig4_q30_SE_cutadapt_unite_blast_top1_rescue	Cutadapt	SE	SE	Cutadapt
034dd71309f0853471154f43bc02abd1	UNITE+RefSeq BLAST	Ascomycota_p	Ascomycota_p	NA	fig4_q30_SE_cutadapt_unite_blast_top1_rescue	Cutadapt	SE	SE	Cutadapt
579ecb5e770eff08feca9199a9d1b0c7	UNITE+RefSeq BLAST	Rhizoplaca	Rhizoplaca_novomexicana	NA	fig4_q30_SE_cutadapt_unite_blast_top1_rescue	Cutadapt	SE	SE	Cutadapt
d7fc1469409e75228a73f2e6c5a2a3c7	UNITE+RefSeq BLAST	Lecanoromycetes_c	Lecanoromycetes_c	NA	fig4_q30_SE_cutadapt_unite_blast_top1_rescue	Cutadapt	SE	SE	Cutadapt
7ec116ba801fe0dd6ad02c5516ba27b6	UNITE+RefSeq BLAST	Ascomycota_p	Ascomycota_p	NA	fig4_q30_SE_cutadapt_unite_blast_top1_rescue	Cutadapt	SE	SE	Cutadapt
29d62dfd66a91504472270a3fc584aad	UNITE+RefSeq BLAST	Saccharomyces	Unclassified	NA	fig4_q30_SE_cutadapt_unite_blast_top1_rescue	Cutadapt	SE	SE	Cutadapt
e43a7fd010f2b357ee8e0655e81440be	UNITE+RefSeq BLAST	Fungi_k	Fungi_k	NA	fig4_q30_SE_cutadapt_unite_blast_top1_rescue	Cutadapt	SE	SE	Cutadapt
fbea4bf29a9ade946b3674af59bbdb75	UNITE+RefSeq BLAST	Hymenochaete	Hymenochaete_odontoides	NA	fig4_q30_SE_cutadapt_unite_blast_top1_rescue	Cutadapt	SE	SE	Cutadapt
9a8e760195cd584b7811142a27f29b00	UNITE+RefSeq BLAST	Fungi_k	Fungi_k	NA	fig4_q30_SE_cutadapt_unite_blast_top1_rescue	Cutadapt	SE	SE	Cutadapt
b7bfeefde3acfbb774c0c51ff1d9ab5a	UNITE+RefSeq BLAST	Phaeosphaeriaceae_f	Phaeosphaeriaceae_f	NA	fig4_q30_SE_cutadapt_unite_blast_top1_rescue	Cutadapt	SE	SE	Cutadapt
9a507bbaa2506b564c6ecc67ac11ca51	UNITE+RefSeq BLAST	Pleosporales_o	Pleosporales_o	NA	fig4_q30_SE_cutadapt_unite_blast_top1_rescue	Cutadapt	SE	SE	Cutadapt
c9e58beca8becb5fcc7e538ede488f9e	UNITE+RefSeq BLAST	Ascomycota_p	Ascomycota_p	NA	fig4_q30_SE_cutadapt_unite_blast_top1_rescue	Cutadapt	SE	SE	Cutadapt
d67ec88ac6b0a4537d390059cf1dac96	UNITE+RefSeq BLAST	Basidiomycota_p	Basidiomycota_p	NA	fig4_q30_SE_cutadapt_unite_blast_top1_rescue	Cutadapt	SE	SE	Cutadapt
24d7b4411285b730ba3e4413dd9c2988	UNITE+RefSeq BLAST	Peniophoraceae_f	Peniophoraceae_f	NA	fig4_q30_SE_cutadapt_unite_blast_top1_rescue	Cutadapt	SE	SE	Cutadapt
6976a055044853c7e68d7943cfd3806a	UNITE+RefSeq BLAST	Fungi_k	Fungi_k	NA	fig4_q30_SE_cutadapt_unite_blast_top1_rescue	Cutadapt	SE	SE	Cutadapt
57953a259caf82bc29a84735e0ceb763	UNITE+RefSeq BLAST	Fungi_k	Fungi_k	NA	fig4_q30_SE_cutadapt_unite_blast_top1_rescue	Cutadapt	SE	SE	Cutadapt
c3fa753391ecc001d88bbc94b9693dd6	UNITE+RefSeq BLAST	Ascomycota_p	Ascomycota_p	NA	fig4_q30_SE_cutadapt_unite_blast_top1_rescue	Cutadapt	SE	SE	Cutadapt
8c9faa9e15875e19c83d12df14a5a3ff	UNITE+RefSeq BLAST	Ascomycota_p	Ascomycota_p	NA	fig4_q30_SE_cutadapt_unite_blast_top1_rescue	Cutadapt	SE	SE	Cutadapt
ccd031f4267764c6dbee39b62a142b1b	UNITE+RefSeq BLAST	Fungi_k	Fungi_k	NA	fig4_q30_SE_cutadapt_unite_blast_top1_rescue	Cutadapt	SE	SE	Cutadapt
a810f4bd2f53d48fc7f37e94bf363fc4	UNITE+RefSeq BLAST	Fungi_k	Fungi_k	NA	fig4_q30_SE_cutadapt_unite_blast_top1_rescue	Cutadapt	SE	SE	Cutadapt
d30bd92498a8cd6f581788d3c914949d	UNITE+RefSeq BLAST	Penicillium	Unclassified	NA	fig4_q30_SE_cutadapt_unite_blast_top1_rescue	Cutadapt	SE	SE	Cutadapt
94c0d2deeddd5f1e709b971ddca5b96f	UNITE+RefSeq BLAST	Fusarium	Fusarium_pernambucanum	NA	fig4_q30_SE_cutadapt_unite_blast_top1_rescue	Cutadapt	SE	SE	Cutadapt
94dddfcdc76df2a1fd9cc9fef269a37a	UNITE+RefSeq BLAST	Exidia	Exidia_uvapassa	NA	fig4_q30_SE_cutadapt_unite_blast_top1_rescue	Cutadapt	SE	SE	Cutadapt
3ee47f1d98e4915c5a3a26a8c46c4890	UNITE+RefSeq BLAST	Peniophoraceae_f	Peniophoraceae_f	NA	fig4_q30_SE_cutadapt_unite_blast_top1_rescue	Cutadapt	SE	SE	Cutadapt
6d5d5e8e8195643d12ad9f89722821ba	UNITE+RefSeq BLAST	Periconia	Periconia_celtidis	NA	fig4_q30_SE_cutadapt_unite_blast_top1_rescue	Cutadapt	SE	SE	Cutadapt
d6cc98cce9c2687e7e03206bda7d9f64	UNITE+RefSeq BLAST	Peniophoraceae_f	Peniophoraceae_f	NA	fig4_q30_SE_cutadapt_unite_blast_top1_rescue	Cutadapt	SE	SE	Cutadapt
4f6650e0c14cacd7abd09857e6585ff4	UNITE+RefSeq BLAST	Basidiomycota_p	Basidiomycota_p	NA	fig4_q30_SE_cutadapt_unite_blast_top1_rescue	Cutadapt	SE	SE	Cutadapt
ccf3654d7cb955da43f548b2d4a6463a	UNITE+RefSeq BLAST	Hyphodontia	Hyphodontia_tropica	NA	fig4_q30_SE_cutadapt_unite_blast_top1_rescue	Cutadapt	SE	SE	Cutadapt
1540d97c8f1d072ae65b7a4c33585746	UNITE+RefSeq BLAST	Thelebolus	Unclassified	NA	fig4_q30_SE_cutadapt_unite_blast_top1_rescue	Cutadapt	SE	SE	Cutadapt
7332820fcc90af10ffa68c99d5c2d874	UNITE+RefSeq BLAST	Ascomycota_p	Ascomycota_p	NA	fig4_q30_SE_cutadapt_unite_blast_top1_rescue	Cutadapt	SE	SE	Cutadapt
6e82328c42ba7c3e6116b76beafea40d	UNITE+RefSeq BLAST	Fungi_k	Fungi_k	NA	fig4_q30_SE_cutadapt_unite_blast_top1_rescue	Cutadapt	SE	SE	Cutadapt
05b496404be4e237c87028a88f649e1a	UNITE+RefSeq BLAST	Ascomycota_p	Ascomycota_p	NA	fig4_q30_SE_cutadapt_unite_blast_top1_rescue	Cutadapt	SE	SE	Cutadapt
bfd09568df5b64763bb30e17f8d02f3c	UNITE+RefSeq BLAST	Fungi_k	Fungi_k	NA	fig4_q30_SE_cutadapt_unite_blast_top1_rescue	Cutadapt	SE	SE	Cutadapt
0fb48a8ab7edb9fc5d7e0721fd6a71ed	UNITE+RefSeq BLAST	Fungi_k	Fungi_k	NA	fig4_q30_SE_cutadapt_unite_blast_top1_rescue	Cutadapt	SE	SE	Cutadapt
ab224c39466ee6d32bd0cb957ff3bf07	UNITE+RefSeq BLAST	Aspergillus	Aspergillus_fumigatus	NA	fig4_q30_SE_cutadapt_unite_blast_top1_rescue	Cutadapt	SE	SE	Cutadapt
b407c9e0ae8d92182c419ee74b4da114	UNITE+RefSeq BLAST	Fungi_k	Fungi_k	NA	fig4_q30_SE_cutadapt_unite_blast_top1_rescue	Cutadapt	SE	SE	Cutadapt
1c8aea5d6f2451aac5a804b66803af1e	UNITE+RefSeq BLAST	Fungi_k	Fungi_k	NA	fig4_q30_SE_cutadapt_unite_blast_top1_rescue	Cutadapt	SE	SE	Cutadapt
4d1c9fd884a315a755aa7c59427b2d62	UNITE+RefSeq BLAST	Phanerochaete	Unclassified	NA	fig4_q30_SE_cutadapt_unite_blast_top1_rescue	Cutadapt	SE	SE	Cutadapt
6e0e8ddf7043ec51d326dff163480dc7	UNITE+RefSeq BLAST	Neosetophoma	Neosetophoma_guiyangensis	NA	fig4_q30_SE_cutadapt_unite_blast_top1_rescue	Cutadapt	SE	SE	Cutadapt
f3668a5d3a3b9ae5ec04a62d6b276380	UNITE+RefSeq BLAST	Ascomycota_p	Ascomycota_p	NA	fig4_q30_SE_cutadapt_unite_blast_top1_rescue	Cutadapt	SE	SE	Cutadapt
3ca224352821ab4798e0ab4bb73ab267	UNITE+RefSeq BLAST	Mycoaciella	Mycoaciella_efibulata	NA	fig4_q30_SE_cutadapt_unite_blast_top1_rescue	Cutadapt	SE	SE	Cutadapt
4829c7cee3b18ec5924817979293801f	UNITE+RefSeq BLAST	Sistotrema	Sistotrema_brinkmannii	NA	fig4_q30_SE_cutadapt_unite_blast_top1_rescue	Cutadapt	SE	SE	Cutadapt
397362a873a8f2418d7c6e6697262abc	UNITE+RefSeq BLAST	Agaricales_o	Agaricales_o	NA	fig4_q30_SE_cutadapt_unite_blast_top1_rescue	Cutadapt	SE	SE	Cutadapt
b0ae62f3189358ff6ca6e936a7f09b21	UNITE+RefSeq BLAST	Trametes	Trametes_hirsuta	NA	fig4_q30_SE_cutadapt_unite_blast_top1_rescue	Cutadapt	SE	SE	Cutadapt
c7e72cd68f619fbd50765269dd08f1d2	UNITE+RefSeq BLAST	Butyrea	Butyrea_japonica	NA	fig4_q30_SE_cutadapt_unite_blast_top1_rescue	Cutadapt	SE	SE	Cutadapt
c12e357adf22e7dfbf24ddb92f3e037b	UNITE+RefSeq BLAST	Leptospora	Unclassified	NA	fig4_q30_SE_cutadapt_unite_blast_top1_rescue	Cutadapt	SE	SE	Cutadapt
a5fb812775e585a48c8358419981538a	UNITE+RefSeq BLAST	Scopuloides	Unclassified	NA	fig4_q30_SE_cutadapt_unite_blast_top1_rescue	Cutadapt	SE	SE	Cutadapt
ef16d0695cbd2892a71d4e49c28bd4ea	UNITE+RefSeq BLAST	Trametes	Trametes_hirsuta	NA	fig4_q30_SE_cutadapt_unite_blast_top1_rescue	Cutadapt	SE	SE	Cutadapt
59e39ce5b0fa28367628aaac73e3ace5	UNITE+RefSeq BLAST	Fungi_k	Fungi_k	NA	fig4_q30_SE_cutadapt_unite_blast_top1_rescue	Cutadapt	SE	SE	Cutadapt
a8667283551f577f6feb70486539d8d1	UNITE+RefSeq BLAST	Ascomycota_p	Ascomycota_p	NA	fig4_q30_SE_cutadapt_unite_blast_top1_rescue	Cutadapt	SE	SE	Cutadapt
9ab532e02e09a25a4e7fc6d767fa9aa1	UNITE+RefSeq BLAST	Fungi_k	Fungi_k	NA	fig4_q30_SE_cutadapt_unite_blast_top1_rescue	Cutadapt	SE	SE	Cutadapt
cc654ac138d65ef720d9e6927b4275cf	UNITE+RefSeq BLAST	Ascomycota_p	Ascomycota_p	NA	fig4_q30_SE_cutadapt_unite_blast_top1_rescue	Cutadapt	SE	SE	Cutadapt
e7d607347edf89506f50e84573edc326	UNITE+RefSeq BLAST	Ascomycota_p	Ascomycota_p	NA	fig4_q30_SE_cutadapt_unite_blast_top1_rescue	Cutadapt	SE	SE	Cutadapt
9382063e0b2044656cf90225daa688cc	UNITE+RefSeq BLAST	Ascomycota_p	Ascomycota_p	NA	fig4_q30_SE_cutadapt_unite_blast_top1_rescue	Cutadapt	SE	SE	Cutadapt
1f918dc743f502eb0290572adf274b34	UNITE+RefSeq BLAST	Fungi_k	Fungi_k	NA	fig4_q30_SE_cutadapt_unite_blast_top1_rescue	Cutadapt	SE	SE	Cutadapt
4951881ce90885c4c3b8b071badab83f	UNITE+RefSeq BLAST	Fungi_k	Fungi_k	NA	fig4_q30_SE_cutadapt_unite_blast_top1_rescue	Cutadapt	SE	SE	Cutadapt
43f18b9991f72cfc8bf12cbd1b48c96b	UNITE+RefSeq BLAST	Fungi_k	Fungi_k	NA	fig4_q30_SE_cutadapt_unite_blast_top1_rescue	Cutadapt	SE	SE	Cutadapt
1b2e8a0293b43f376c41093828fde254	UNITE+RefSeq BLAST	Trametes	Trametes_versicolor	NA	fig4_q30_SE_cutadapt_unite_blast_top1_rescue	Cutadapt	SE	SE	Cutadapt
b7961057390a6c976529ef24c7f377f3	UNITE+RefSeq BLAST	Fungi_k	Fungi_k	NA	fig4_q30_SE_cutadapt_unite_blast_top1_rescue	Cutadapt	SE	SE	Cutadapt
61645f9cde6903edbbd03f5235efd2d1	UNITE+RefSeq BLAST	Pleurotus	Pleurotus_ostreatus	NA	fig4_q30_SE_cutadapt_unite_blast_top1_rescue	Cutadapt	SE	SE	Cutadapt
ab4ff24c6768499d28626cb4e300616a	UNITE+RefSeq BLAST	Mycoaciella	Mycoaciella_efibulata	NA	fig4_q30_SE_cutadapt_unite_blast_top1_rescue	Cutadapt	SE	SE	Cutadapt
4b3032f1ababa735f461201a632784c8	UNITE+RefSeq BLAST	Phlebia	Phlebia_acanthocystis	NA	fig4_q30_SE_cutadapt_unite_blast_top1_rescue	Cutadapt	SE	SE	Cutadapt
fa6042518061af83ea6007686638c607	UNITE+RefSeq BLAST	Fungi_k	Fungi_k	NA	fig4_q30_SE_cutadapt_unite_blast_top1_rescue	Cutadapt	SE	SE	Cutadapt
0f360b09103c67271c91a7874e444b09	UNITE+RefSeq BLAST	Dentipellis	Dentipellis_fragilis	NA	fig4_q30_SE_cutadapt_unite_blast_top1_rescue	Cutadapt	SE	SE	Cutadapt
679ca3aecfbd02b0d7659b6327a70872	UNITE+RefSeq BLAST	Ascomycota_p	Ascomycota_p	NA	fig4_q30_SE_cutadapt_unite_blast_top1_rescue	Cutadapt	SE	SE	Cutadapt
16703d0a4083f43db27f62158cbd405a	UNITE+RefSeq BLAST	Ophiosphaerella	Ophiosphaerella_chiangraiensis	NA	fig4_q30_SE_cutadapt_unite_blast_top1_rescue	Cutadapt	SE	SE	Cutadapt
fed98bc28374334a8e2df19c0ed70b46	UNITE+RefSeq BLAST	Peniophoraceae_f	Peniophoraceae_f	NA	fig4_q30_SE_cutadapt_unite_blast_top1_rescue	Cutadapt	SE	SE	Cutadapt
c7ddb05d44bb0ae81e055fa6ff76c7ad	UNITE+RefSeq BLAST	Phanerochaete	Phanerochaete_cumulodentata	NA	fig4_q30_SE_cutadapt_unite_blast_top1_rescue	Cutadapt	SE	SE	Cutadapt
88be853cbd81bb124d987055745dd220	UNITE+RefSeq BLAST	Trechisporales_o	Trechisporales_o	NA	fig4_q30_SE_cutadapt_unite_blast_top1_rescue	Cutadapt	SE	SE	Cutadapt
f1997867c1a1b8dbf76c227712592c2b	UNITE+RefSeq BLAST	Mycoaciella	Mycoaciella_efibulata	NA	fig4_q30_SE_cutadapt_unite_blast_top1_rescue	Cutadapt	SE	SE	Cutadapt
224d56ff798feaccbf5f4ce5eaf3ded3	UNITE+RefSeq BLAST	Stereaceae_f	Stereaceae_f	NA	fig4_q30_SE_cutadapt_unite_blast_top1_rescue	Cutadapt	SE	SE	Cutadapt
b26396e1664e227b62d104f34fd92b40	UNITE+RefSeq BLAST	Hyphoderma	Hyphoderma_setigerum	NA	fig4_q30_SE_cutadapt_unite_blast_top1_rescue	Cutadapt	SE	SE	Cutadapt
6ff253a77431f16f031f09943020be98	UNITE+RefSeq BLAST	Polyporales_o	Polyporales_o	NA	fig4_q30_SE_cutadapt_unite_blast_top1_rescue	Cutadapt	SE	SE	Cutadapt
f948e144edae90d5a6361cefa3a96d1e	UNITE+RefSeq BLAST	Peniophoraceae_f	Peniophoraceae_f	NA	fig4_q30_SE_cutadapt_unite_blast_top1_rescue	Cutadapt	SE	SE	Cutadapt
a554710d9573066da22c4a4f87f01d3a	UNITE+RefSeq BLAST	Clitopilus	Clitopilus_baronii	NA	fig4_q30_SE_cutadapt_unite_blast_top1_rescue	Cutadapt	SE	SE	Cutadapt
dedfb065825f7af0f11dc63cd4a5b596	UNITE+RefSeq BLAST	Fungi_k	Fungi_k	NA	fig4_q30_SE_cutadapt_unite_blast_top1_rescue	Cutadapt	SE	SE	Cutadapt
8abbc3706d83fc336ad674b159566a26	UNITE+RefSeq BLAST	Ophiognomonia	Ophiognomonia_asiatica	NA	fig4_q30_SE_cutadapt_unite_blast_top1_rescue	Cutadapt	SE	SE	Cutadapt
17952accf0a19bde02e3576f0b21a02f	UNITE+RefSeq BLAST	Paraphoma	Paraphoma_pye	NA	fig4_q30_SE_cutadapt_unite_blast_top1_rescue	Cutadapt	SE	SE	Cutadapt
cc572ce0686826cfa6fa0474048bea08	UNITE+RefSeq BLAST	Phlebiopsis	Phlebiopsis_gigantea	NA	fig4_q30_SE_cutadapt_unite_blast_top1_rescue	Cutadapt	SE	SE	Cutadapt
a0e94e321165b221002d4815536f2eea	UNITE+RefSeq BLAST	Ceratobasidium	Unclassified	NA	fig4_q30_SE_cutadapt_unite_blast_top1_rescue	Cutadapt	SE	SE	Cutadapt
ee7eded8ff16d52a1a8b95d1ac582d73	UNITE+RefSeq BLAST	Xylodon	Xylodon_flaviporus	NA	fig4_q30_SE_cutadapt_unite_blast_top1_rescue	Cutadapt	SE	SE	Cutadapt
c2e2bbe0f275c3ae873e4c8011264301	UNITE+RefSeq BLAST	Fungi_k	Fungi_k	NA	fig4_q30_SE_cutadapt_unite_blast_top1_rescue	Cutadapt	SE	SE	Cutadapt
4bfd955490a13cf9d93564394b8053c5	UNITE+RefSeq BLAST	Ascomycota_p	Ascomycota_p	NA	fig4_q30_SE_cutadapt_unite_blast_top1_rescue	Cutadapt	SE	SE	Cutadapt
c2084f73dc59a63c76060a2d438c90dd	UNITE+RefSeq BLAST	Ascomycota_p	Ascomycota_p	NA	fig4_q30_SE_cutadapt_unite_blast_top1_rescue	Cutadapt	SE	SE	Cutadapt
588b3566dfb1cd5eec4c04e15e8a68e4	UNITE+RefSeq BLAST	Fungi_k	Fungi_k	NA	fig4_q30_SE_cutadapt_unite_blast_top1_rescue	Cutadapt	SE	SE	Cutadapt
ff27b8703c571d06a3bb9d893ed7daea	UNITE+RefSeq BLAST	Fungi_k	Fungi_k	NA	fig4_q30_SE_cutadapt_unite_blast_top1_rescue	Cutadapt	SE	SE	Cutadapt
31169ddba661462ce73f8c72d905380f	UNITE+RefSeq BLAST	Lecanoromycetes_c	Lecanoromycetes_c	NA	fig4_q30_SE_cutadapt_unite_blast_top1_rescue	Cutadapt	SE	SE	Cutadapt
6f44fdcac884f9349154a511f9ec5467	UNITE+RefSeq BLAST	Fungi_k	Fungi_k	NA	fig4_q30_SE_cutadapt_unite_blast_top1_rescue	Cutadapt	SE	SE	Cutadapt
e98dc9729afccefe7d09d64fb570d0f7	UNITE+RefSeq BLAST	Fungi_k	Fungi_k	NA	fig4_q30_SE_cutadapt_unite_blast_top1_rescue	Cutadapt	SE	SE	Cutadapt
f94cceab17230de007f8fd723ae80e47	UNITE+RefSeq BLAST	Ascomycota_p	Ascomycota_p	NA	fig4_q30_SE_cutadapt_unite_blast_top1_rescue	Cutadapt	SE	SE	Cutadapt
891d74d20e746b1fb0158d4e1d1738cf	UNITE+RefSeq BLAST	Fungi_k	Fungi_k	NA	fig4_q30_SE_cutadapt_unite_blast_top1_rescue	Cutadapt	SE	SE	Cutadapt
e56ef4932dbe840d72fbf03dd085350e	UNITE+RefSeq BLAST	Fungi_k	Fungi_k	NA	fig4_q30_SE_cutadapt_unite_blast_top1_rescue	Cutadapt	SE	SE	Cutadapt
f6f997289cd3527af5c901a89ed81029	UNITE+RefSeq BLAST	Ascomycota_p	Ascomycota_p	NA	fig4_q30_SE_cutadapt_unite_blast_top1_rescue	Cutadapt	SE	SE	Cutadapt
210606b4fff7f1b545874ba7442c65b1	UNITE+RefSeq BLAST	Ascomycota_p	Ascomycota_p	NA	fig4_q30_SE_cutadapt_unite_blast_top1_rescue	Cutadapt	SE	SE	Cutadapt
75460142a37c38afe494aff9cc6ce051	UNITE+RefSeq BLAST	Fungi_k	Fungi_k	NA	fig4_q30_SE_cutadapt_unite_blast_top1_rescue	Cutadapt	SE	SE	Cutadapt
ccd3ca0ed71b6faaaccf15455d97d962	UNITE+RefSeq BLAST	Fungi_k	Fungi_k	NA	fig4_q30_SE_cutadapt_unite_blast_top1_rescue	Cutadapt	SE	SE	Cutadapt
aff14a00453aec3e51788b5e8539956b	UNITE+RefSeq BLAST	Fungi_k	Fungi_k	NA	fig4_q30_SE_cutadapt_unite_blast_top1_rescue	Cutadapt	SE	SE	Cutadapt
24b8daa5b10dcf42144074fc7fbfb3d6	UNITE+RefSeq BLAST	Ascomycota_p	Ascomycota_p	NA	fig4_q30_SE_cutadapt_unite_blast_top1_rescue	Cutadapt	SE	SE	Cutadapt
127a250c366f54f7a8ff08616edff9c2	UNITE+RefSeq BLAST	Fungi_k	Fungi_k	NA	fig4_q30_SE_cutadapt_unite_blast_top1_rescue	Cutadapt	SE	SE	Cutadapt
cca066ec93ac3b58cb278c7a3039a50d	UNITE+RefSeq BLAST	Fungi_k	Fungi_k	NA	fig4_q30_SE_cutadapt_unite_blast_top1_rescue	Cutadapt	SE	SE	Cutadapt
1ad0453306a32c66b7332becae773259	UNITE+RefSeq BLAST	Rhizoplaca	Rhizoplaca_novomexicana	NA	fig4_q30_SE_cutadapt_unite_blast_top1_rescue	Cutadapt	SE	SE	Cutadapt
9c70c6df883ccc8bc958aa9b237f3dcd	UNITE+RefSeq BLAST	Leptosillia	Leptosillia_cordylinea	NA	fig4_q30_SE_cutadapt_unite_blast_top1_rescue	Cutadapt	SE	SE	Cutadapt
6c1fc4704aa612ba09b1cc742f0c67b2	UNITE+RefSeq BLAST	Pichia	Pichia_kudriavzevii	NA	fig4_q30_SE_cutadapt_unite_blast_top1_rescue	Cutadapt	SE	SE	Cutadapt
3e386a41fce9acea998443c7cd0b8976	UNITE+RefSeq BLAST	Dothideomycetes_c	Dothideomycetes_c	NA	fig4_q30_SE_cutadapt_unite_blast_top1_rescue	Cutadapt	SE	SE	Cutadapt
b3243e1a3accfd9f8cc3834cc9ca2539	UNITE+RefSeq BLAST	Saccharomycetales_o	Saccharomycetales_o	NA	fig4_q30_SE_cutadapt_unite_blast_top1_rescue	Cutadapt	SE	SE	Cutadapt
38b1cb46f1899335c80c5e172caaf2c2	UNITE+RefSeq BLAST	Schizophyllum	Schizophyllum_commune	NA	fig4_q30_SE_cutadapt_unite_blast_top1_rescue	Cutadapt	SE	SE	Cutadapt
ab861263ab8cf4788c4354708ba995e6	UNITE+RefSeq BLAST	Schizophyllum	Schizophyllum_commune	NA	fig4_q30_SE_cutadapt_unite_blast_top1_rescue	Cutadapt	SE	SE	Cutadapt
0d3edc0897c2b3a22e9e71d741ee679e	UNITE+RefSeq BLAST	Cystofilobasidium	Cystofilobasidium_capitatum	NA	fig4_q30_SE_cutadapt_unite_blast_top1_rescue	Cutadapt	SE	SE	Cutadapt
830623f85c074e3be00b07789c2ab817	UNITE+RefSeq BLAST	Komagataella	Komagataella_phaffii	NA	fig4_q30_SE_cutadapt_unite_blast_top1_rescue	Cutadapt	SE	SE	Cutadapt
bab512ce52e946dd049bf21f3f71d7f8	UNITE+RefSeq BLAST	Ophiosphaerella	Ophiosphaerella_chiangraiensis	NA	fig4_q30_SE_cutadapt_unite_blast_top1_rescue	Cutadapt	SE	SE	Cutadapt
3307422fad2c09efd87bd795d113550c	UNITE+RefSeq BLAST	Xylodon	Xylodon_exilis	NA	fig4_q30_SE_cutadapt_unite_blast_top1_rescue	Cutadapt	SE	SE	Cutadapt
8d231a317ba8cf704dcdc9a1d5d1de99	UNITE+RefSeq BLAST	Polyporales_o	Polyporales_o	NA	fig4_q30_SE_cutadapt_unite_blast_top1_rescue	Cutadapt	SE	SE	Cutadapt
103944e65cf9b9d2dac28c3bd3fabb2e	UNITE+RefSeq BLAST	Polyporales_o	Polyporales_o	NA	fig4_q30_SE_cutadapt_unite_blast_top1_rescue	Cutadapt	SE	SE	Cutadapt
f212910f88c465884b6e3ce383c1d163	UNITE+RefSeq BLAST	Hyphodontia	Hyphodontia_tropica	NA	fig4_q30_SE_cutadapt_unite_blast_top1_rescue	Cutadapt	SE	SE	Cutadapt
56c2041c40052605a6924e3e9ceef831	UNITE+RefSeq BLAST	Pluteus	Pluteus_castroae	NA	fig4_q30_SE_cutadapt_unite_blast_top1_rescue	Cutadapt	SE	SE	Cutadapt
115c4ab3a2c4442ff28c495a79bd59ea	UNITE+RefSeq BLAST	Candolleomyces	Candolleomyces_luridus	NA	fig4_q30_SE_cutadapt_unite_blast_top1_rescue	Cutadapt	SE	SE	Cutadapt
d06e13114c26fb411371fc6585f90fcc	UNITE+RefSeq BLAST	Schizoporaceae_f	Schizoporaceae_f	NA	fig4_q30_SE_cutadapt_unite_blast_top1_rescue	Cutadapt	SE	SE	Cutadapt
9da0998852867aa3521b3fce0470f933	UNITE+RefSeq BLAST	Peniophorella	Peniophorella_crystallifera	NA	fig4_q30_SE_cutadapt_unite_blast_top1_rescue	Cutadapt	SE	SE	Cutadapt
cd2d016625f7659f938c0f3d984dcfed	UNITE+RefSeq BLAST	Sporobolomyces	Sporobolomyces_ruberrimus	NA	fig4_q30_SE_cutadapt_unite_blast_top1_rescue	Cutadapt	SE	SE	Cutadapt
861e3c2d2e021bc75d515a994d56517e	UNITE+RefSeq BLAST	Mollisia	Unclassified	NA	fig4_q30_SE_cutadapt_unite_blast_top1_rescue	Cutadapt	SE	SE	Cutadapt
c208ad125626e378ec600060758c2b74	UNITE+RefSeq BLAST	Fungi_k	Fungi_k	NA	fig4_q30_SE_cutadapt_unite_blast_top1_rescue	Cutadapt	SE	SE	Cutadapt
f0affb04ad14d212d17e6dadefab055f	UNITE+RefSeq BLAST	Stereaceae_f	Stereaceae_f	NA	fig4_q30_SE_cutadapt_unite_blast_top1_rescue	Cutadapt	SE	SE	Cutadapt
417ff10c1dde2640f0c95e9274677e6e	UNITE+RefSeq BLAST	Botryobasidium	Unclassified	NA	fig4_q30_SE_cutadapt_unite_blast_top1_rescue	Cutadapt	SE	SE	Cutadapt
641f531733565284c1dd59890b5a5e83	UNITE+RefSeq BLAST	Trametes	Trametes_pubescens	NA	fig4_q30_SE_cutadapt_unite_blast_top1_rescue	Cutadapt	SE	SE	Cutadapt
1498268fea63f9f27158b65ab52ae8ed	UNITE+RefSeq BLAST	Polyporales_o	Polyporales_o	NA	fig4_q30_SE_cutadapt_unite_blast_top1_rescue	Cutadapt	SE	SE	Cutadapt
5d8ceac78519a012a4994ba03709767a	UNITE+RefSeq BLAST	Mycoaciella	Mycoaciella_efibulata	NA	fig4_q30_SE_cutadapt_unite_blast_top1_rescue	Cutadapt	SE	SE	Cutadapt
daf9001a3300ede6912762d783d25c18	UNITE+RefSeq BLAST	Polyporales_o	Polyporales_o	NA	fig4_q30_SE_cutadapt_unite_blast_top1_rescue	Cutadapt	SE	SE	Cutadapt
05697bc7833ce61e4a0e0ca5e59744b4	UNITE+RefSeq BLAST	Sistotremastrum	Unclassified	NA	fig4_q30_SE_cutadapt_unite_blast_top1_rescue	Cutadapt	SE	SE	Cutadapt
120b958eec2e26323850dffc01440286	UNITE+RefSeq BLAST	Coprinopsis	Coprinopsis_urticicola	NA	fig4_q30_SE_cutadapt_unite_blast_top1_rescue	Cutadapt	SE	SE	Cutadapt
f401ef7c85b3ea9e632f2b89384dcadf	UNITE+RefSeq BLAST	Peniophorella	Peniophorella_pubera	NA	fig4_q30_SE_cutadapt_unite_blast_top1_rescue	Cutadapt	SE	SE	Cutadapt
aacdd1d59dacc3d196e6ad9d3bf8f7c6	UNITE+RefSeq BLAST	Phaeosphaeria	Unclassified	NA	fig4_q30_SE_cutadapt_unite_blast_top1_rescue	Cutadapt	SE	SE	Cutadapt
aa1b583b09e5b061d90381b8d2a27bba	UNITE+RefSeq BLAST	Candolleomyces	Unclassified	NA	fig4_q30_SE_cutadapt_unite_blast_top1_rescue	Cutadapt	SE	SE	Cutadapt
ad19965cbabe7075d634d4d224ccbdd8	UNITE+RefSeq BLAST	Ascomycota_p	Ascomycota_p	NA	fig4_q30_SE_cutadapt_unite_blast_top1_rescue	Cutadapt	SE	SE	Cutadapt
70d60c1f3f6ba9ae04d78ef6f824c9b8	UNITE+RefSeq BLAST	Fungi_k	Fungi_k	NA	fig4_q30_SE_cutadapt_unite_blast_top1_rescue	Cutadapt	SE	SE	Cutadapt
a7c166e09c38af96a5fccc7a43c6065d	UNITE+RefSeq BLAST	Ascomycota_p	Ascomycota_p	NA	fig4_q30_SE_cutadapt_unite_blast_top1_rescue	Cutadapt	SE	SE	Cutadapt
291a78fb09fc52eec65489c0f9391ea3	UNITE+RefSeq BLAST	Fungi_k	Fungi_k	NA	fig4_q30_SE_cutadapt_unite_blast_top1_rescue	Cutadapt	SE	SE	Cutadapt
ec4276f41a3a82838b695987e7bb5ed1	UNITE+RefSeq BLAST	Ascomycota_p	Ascomycota_p	NA	fig4_q30_SE_cutadapt_unite_blast_top1_rescue	Cutadapt	SE	SE	Cutadapt
46af2089e83994319d971cbc29507615	UNITE+RefSeq BLAST	Fungi_k	Fungi_k	NA	fig4_q30_SE_cutadapt_unite_blast_top1_rescue	Cutadapt	SE	SE	Cutadapt
cdd4c8be3d7c15248e9dee490ecf867a	UNITE+RefSeq BLAST	Fungi_k	Fungi_k	NA	fig4_q30_SE_cutadapt_unite_blast_top1_rescue	Cutadapt	SE	SE	Cutadapt
00b0c1b2dd29f6dde895345a89eab2d4	Mock type-strain BLAST	Cryptococcus	Cryptococcus_neoformans	k__Fungi; p__Basidiomycota; c__Tremellomycetes; o__Tremellales; f__Tremellaceae; g__Cryptococcus; s__Cryptococcus_neoformans	fig4_q30_SE_cutadapt_unite_blast_top1_rescue	Cutadapt	SE	SE	Cutadapt
00ee2a2c090f05308822650762e66a5b	Mock type-strain BLAST	Nakaseomyces	Nakaseomyces_glabratus	k__Fungi; p__Ascomycota; c__Saccharomycetes; o__Saccharomycetales; f__Saccharomycetaceae; g__Nakaseomyces; s__Nakaseomyces_glabratus	fig4_q30_SE_cutadapt_unite_blast_top1_rescue	Cutadapt	SE	SE	Cutadapt
010b07e3b6da2a38547e45cd063dd63d	Mock type-strain BLAST	Cutaneotrichosporon	Cutaneotrichosporon_dermatis	k__Fungi; p__Basidiomycota; c__Tremellomycetes; o__Trichosporonales; f__Trichosporonaceae; g__Cutaneotrichosporon; s__Cutaneotrichosporon_dermatis	fig4_q30_SE_cutadapt_unite_blast_top1_rescue	Cutadapt	SE	SE	Cutadapt
01bb26a8a1751eb3c5b4b7ecb7e47993	Mock type-strain BLAST	Nakaseomyces	Nakaseomyces_glabratus	k__Fungi; p__Ascomycota; c__Saccharomycetes; o__Saccharomycetales; f__Saccharomycetaceae; g__Nakaseomyces; s__Nakaseomyces_glabratus	fig4_q30_SE_cutadapt_unite_blast_top1_rescue	Cutadapt	SE	SE	Cutadapt
031b9c6bdcad084cb3a095a0d198cebd	Mock type-strain BLAST	Saccharomyces	Saccharomyces_cerevisiae	k__Fungi; p__Ascomycota; c__Saccharomycetes; o__Saccharomycetales; f__Saccharomycetaceae; g__Saccharomyces; s__Saccharomyces_cerevisiae	fig4_q30_SE_cutadapt_unite_blast_top1_rescue	Cutadapt	SE	SE	Cutadapt
034dd71309f0853471154f43bc02abd1	Mock type-strain BLAST	Aspergillus	Aspergillus_fumigatus	k__Fungi; p__Ascomycota; c__Eurotiomycetes; o__Eurotiales; f__Aspergillaceae; g__Aspergillus; s__Aspergillus_fumigatus	fig4_q30_SE_cutadapt_unite_blast_top1_rescue	Cutadapt	SE	SE	Cutadapt
04054fce3ae97d78e67d2d454985add2	Mock type-strain BLAST	Aspergillus	Aspergillus_fumigatus	k__Fungi; p__Ascomycota; c__Eurotiomycetes; o__Eurotiales; f__Aspergillaceae; g__Aspergillus; s__Aspergillus_fumigatus	fig4_q30_SE_cutadapt_unite_blast_top1_rescue	Cutadapt	SE	SE	Cutadapt
04afb5de4ef391d0ab8c50f4bfe0e962	Mock type-strain BLAST	Aspergillus	Aspergillus_fumigatus	k__Fungi; p__Ascomycota; c__Eurotiomycetes; o__Eurotiales; f__Aspergillaceae; g__Aspergillus; s__Aspergillus_fumigatus	fig4_q30_SE_cutadapt_unite_blast_top1_rescue	Cutadapt	SE	SE	Cutadapt
05697bc7833ce61e4a0e0ca5e59744b4	Mock type-strain BLAST	Cryptococcus	Cryptococcus_neoformans	k__Fungi; p__Basidiomycota; c__Tremellomycetes; o__Tremellales; f__Tremellaceae; g__Cryptococcus; s__Cryptococcus_neoformans	fig4_q30_SE_cutadapt_unite_blast_top1_rescue	Cutadapt	SE	SE	Cutadapt
05b496404be4e237c87028a88f649e1a	Mock type-strain BLAST	Aspergillus	Aspergillus_fumigatus	k__Fungi; p__Ascomycota; c__Eurotiomycetes; o__Eurotiales; f__Aspergillaceae; g__Aspergillus; s__Aspergillus_fumigatus	fig4_q30_SE_cutadapt_unite_blast_top1_rescue	Cutadapt	SE	SE	Cutadapt
0768181f519364a9439b4901c0812f7d	Mock type-strain BLAST	Nakaseomyces	Nakaseomyces_glabratus	k__Fungi; p__Ascomycota; c__Saccharomycetes; o__Saccharomycetales; f__Saccharomycetaceae; g__Nakaseomyces; s__Nakaseomyces_glabratus	fig4_q30_SE_cutadapt_unite_blast_top1_rescue	Cutadapt	SE	SE	Cutadapt
091b9ab07282fb2810730607e7c73a6b	Mock type-strain BLAST	Candida	Candida_albicans	k__Fungi; p__Ascomycota; c__Saccharomycetes; o__Saccharomycetales; f__Debaryomycetaceae; g__Candida; s__Candida_albicans	fig4_q30_SE_cutadapt_unite_blast_top1_rescue	Cutadapt	SE	SE	Cutadapt
0ae1e837235a2579609ba6290feae7d9	Mock type-strain BLAST	Nakaseomyces	Nakaseomyces_glabratus	k__Fungi; p__Ascomycota; c__Saccharomycetes; o__Saccharomycetales; f__Saccharomycetaceae; g__Nakaseomyces; s__Nakaseomyces_glabratus	fig4_q30_SE_cutadapt_unite_blast_top1_rescue	Cutadapt	SE	SE	Cutadapt
0b670ea5bad69a636e48836a55475086	Mock type-strain BLAST	Nakaseomyces	Nakaseomyces_glabratus	k__Fungi; p__Ascomycota; c__Saccharomycetes; o__Saccharomycetales; f__Saccharomycetaceae; g__Nakaseomyces; s__Nakaseomyces_glabratus	fig4_q30_SE_cutadapt_unite_blast_top1_rescue	Cutadapt	SE	SE	Cutadapt
0b9eb13a7db8bebd0a71d05bfce5f411	Mock type-strain BLAST	Cryptococcus	Cryptococcus_neoformans	k__Fungi; p__Basidiomycota; c__Tremellomycetes; o__Tremellales; f__Tremellaceae; g__Cryptococcus; s__Cryptococcus_neoformans	fig4_q30_SE_cutadapt_unite_blast_top1_rescue	Cutadapt	SE	SE	Cutadapt
0d2054ad18668ff06200cd375bad78fc	Mock type-strain BLAST	Cutaneotrichosporon	Cutaneotrichosporon_dermatis	k__Fungi; p__Basidiomycota; c__Tremellomycetes; o__Trichosporonales; f__Trichosporonaceae; g__Cutaneotrichosporon; s__Cutaneotrichosporon_dermatis	fig4_q30_SE_cutadapt_unite_blast_top1_rescue	Cutadapt	SE	SE	Cutadapt
0d2a77295862dea2a5fc3940be192278	Mock type-strain BLAST	Penicillium	Penicillium_chrysogenum	k__Fungi; p__Ascomycota; c__Eurotiomycetes; o__Eurotiales; f__Aspergillaceae; g__Penicillium; s__Penicillium_chrysogenum	fig4_q30_SE_cutadapt_unite_blast_top1_rescue	Cutadapt	SE	SE	Cutadapt
0d3edc0897c2b3a22e9e71d741ee679e	Mock type-strain BLAST	Cryptococcus	Cryptococcus_neoformans	k__Fungi; p__Basidiomycota; c__Tremellomycetes; o__Tremellales; f__Tremellaceae; g__Cryptococcus; s__Cryptococcus_neoformans	fig4_q30_SE_cutadapt_unite_blast_top1_rescue	Cutadapt	SE	SE	Cutadapt
0dc05c777d2a965f0a5d08d7b7a56458	Mock type-strain BLAST	Trichophyton	Trichophyton_interdigitale	k__Fungi; p__Ascomycota; c__Eurotiomycetes; o__Onygenales; f__Arthrodermataceae; g__Trichophyton; s__Trichophyton_interdigitale	fig4_q30_SE_cutadapt_unite_blast_top1_rescue	Cutadapt	SE	SE	Cutadapt
0e3a92d5368de742d7e37a8b3d7f4bfa	Mock type-strain BLAST	Trichophyton	Trichophyton_interdigitale	k__Fungi; p__Ascomycota; c__Eurotiomycetes; o__Onygenales; f__Arthrodermataceae; g__Trichophyton; s__Trichophyton_interdigitale	fig4_q30_SE_cutadapt_unite_blast_top1_rescue	Cutadapt	SE	SE	Cutadapt
0f360b09103c67271c91a7874e444b09	Mock type-strain BLAST	Cryptococcus	Cryptococcus_neoformans	k__Fungi; p__Basidiomycota; c__Tremellomycetes; o__Tremellales; f__Tremellaceae; g__Cryptococcus; s__Cryptococcus_neoformans	fig4_q30_SE_cutadapt_unite_blast_top1_rescue	Cutadapt	SE	SE	Cutadapt
0f3757bb9559984673430e50398b09b4	Mock type-strain BLAST	Penicillium	Penicillium_chrysogenum	k__Fungi; p__Ascomycota; c__Eurotiomycetes; o__Eurotiales; f__Aspergillaceae; g__Penicillium; s__Penicillium_chrysogenum	fig4_q30_SE_cutadapt_unite_blast_top1_rescue	Cutadapt	SE	SE	Cutadapt
0fa00e784c08052273ca73e81a15e062	Mock type-strain BLAST	Cutaneotrichosporon	Cutaneotrichosporon_dermatis	k__Fungi; p__Basidiomycota; c__Tremellomycetes; o__Trichosporonales; f__Trichosporonaceae; g__Cutaneotrichosporon; s__Cutaneotrichosporon_dermatis	fig4_q30_SE_cutadapt_unite_blast_top1_rescue	Cutadapt	SE	SE	Cutadapt
0fb48a8ab7edb9fc5d7e0721fd6a71ed	Mock type-strain BLAST	Nakaseomyces	Nakaseomyces_glabratus	k__Fungi; p__Ascomycota; c__Saccharomycetes; o__Saccharomycetales; f__Saccharomycetaceae; g__Nakaseomyces; s__Nakaseomyces_glabratus	fig4_q30_SE_cutadapt_unite_blast_top1_rescue	Cutadapt	SE	SE	Cutadapt
103944e65cf9b9d2dac28c3bd3fabb2e	Mock type-strain BLAST	Cryptococcus	Cryptococcus_neoformans	k__Fungi; p__Basidiomycota; c__Tremellomycetes; o__Tremellales; f__Tremellaceae; g__Cryptococcus; s__Cryptococcus_neoformans	fig4_q30_SE_cutadapt_unite_blast_top1_rescue	Cutadapt	SE	SE	Cutadapt
1081bb0a739150388231c3df65f909dc	Mock type-strain BLAST	Cutaneotrichosporon	Cutaneotrichosporon_dermatis	k__Fungi; p__Basidiomycota; c__Tremellomycetes; o__Trichosporonales; f__Trichosporonaceae; g__Cutaneotrichosporon; s__Cutaneotrichosporon_dermatis	fig4_q30_SE_cutadapt_unite_blast_top1_rescue	Cutadapt	SE	SE	Cutadapt
10bd3d3bd7cf83389aa23b472f7e1b02	Mock type-strain BLAST	Candida	Candida_albicans	k__Fungi; p__Ascomycota; c__Saccharomycetes; o__Saccharomycetales; f__Debaryomycetaceae; g__Candida; s__Candida_albicans	fig4_q30_SE_cutadapt_unite_blast_top1_rescue	Cutadapt	SE	SE	Cutadapt
11472a6b13e3d38e37aa6d6f3b131991	Mock type-strain BLAST	Trichophyton	Trichophyton_interdigitale	k__Fungi; p__Ascomycota; c__Eurotiomycetes; o__Onygenales; f__Arthrodermataceae; g__Trichophyton; s__Trichophyton_interdigitale	fig4_q30_SE_cutadapt_unite_blast_top1_rescue	Cutadapt	SE	SE	Cutadapt
115c4ab3a2c4442ff28c495a79bd59ea	Mock type-strain BLAST	Cryptococcus	Cryptococcus_neoformans	k__Fungi; p__Basidiomycota; c__Tremellomycetes; o__Tremellales; f__Tremellaceae; g__Cryptococcus; s__Cryptococcus_neoformans	fig4_q30_SE_cutadapt_unite_blast_top1_rescue	Cutadapt	SE	SE	Cutadapt
117e36b53921c2986d9b3bf373166f23	Mock type-strain BLAST	Cutaneotrichosporon	Cutaneotrichosporon_dermatis	k__Fungi; p__Basidiomycota; c__Tremellomycetes; o__Trichosporonales; f__Trichosporonaceae; g__Cutaneotrichosporon; s__Cutaneotrichosporon_dermatis	fig4_q30_SE_cutadapt_unite_blast_top1_rescue	Cutadapt	SE	SE	Cutadapt
119831b712be8db7b70c0d6d950624da	Mock type-strain BLAST	Nakaseomyces	Nakaseomyces_glabratus	k__Fungi; p__Ascomycota; c__Saccharomycetes; o__Saccharomycetales; f__Saccharomycetaceae; g__Nakaseomyces; s__Nakaseomyces_glabratus	fig4_q30_SE_cutadapt_unite_blast_top1_rescue	Cutadapt	SE	SE	Cutadapt
120b958eec2e26323850dffc01440286	Mock type-strain BLAST	Cutaneotrichosporon	Cutaneotrichosporon_dermatis	k__Fungi; p__Basidiomycota; c__Tremellomycetes; o__Trichosporonales; f__Trichosporonaceae; g__Cutaneotrichosporon; s__Cutaneotrichosporon_dermatis	fig4_q30_SE_cutadapt_unite_blast_top1_rescue	Cutadapt	SE	SE	Cutadapt
127a250c366f54f7a8ff08616edff9c2	Mock type-strain BLAST	Trichophyton	Trichophyton_interdigitale	k__Fungi; p__Ascomycota; c__Eurotiomycetes; o__Onygenales; f__Arthrodermataceae; g__Trichophyton; s__Trichophyton_interdigitale	fig4_q30_SE_cutadapt_unite_blast_top1_rescue	Cutadapt	SE	SE	Cutadapt
12cc799b99ed75d931516e3b1cc680ad	Mock type-strain BLAST	Cutaneotrichosporon	Cutaneotrichosporon_dermatis	k__Fungi; p__Basidiomycota; c__Tremellomycetes; o__Trichosporonales; f__Trichosporonaceae; g__Cutaneotrichosporon; s__Cutaneotrichosporon_dermatis	fig4_q30_SE_cutadapt_unite_blast_top1_rescue	Cutadapt	SE	SE	Cutadapt
1458c99c0a4aa2958f73d7262165066a	Mock type-strain BLAST	Penicillium	Penicillium_chrysogenum	k__Fungi; p__Ascomycota; c__Eurotiomycetes; o__Eurotiales; f__Aspergillaceae; g__Penicillium; s__Penicillium_chrysogenum	fig4_q30_SE_cutadapt_unite_blast_top1_rescue	Cutadapt	SE	SE	Cutadapt
1498268fea63f9f27158b65ab52ae8ed	Mock type-strain BLAST	Cryptococcus	Cryptococcus_neoformans	k__Fungi; p__Basidiomycota; c__Tremellomycetes; o__Tremellales; f__Tremellaceae; g__Cryptococcus; s__Cryptococcus_neoformans	fig4_q30_SE_cutadapt_unite_blast_top1_rescue	Cutadapt	SE	SE	Cutadapt
14f563b611081c3d96a3656b7e727a14	Mock type-strain BLAST	Nakaseomyces	Nakaseomyces_glabratus	k__Fungi; p__Ascomycota; c__Saccharomycetes; o__Saccharomycetales; f__Saccharomycetaceae; g__Nakaseomyces; s__Nakaseomyces_glabratus	fig4_q30_SE_cutadapt_unite_blast_top1_rescue	Cutadapt	SE	SE	Cutadapt
15341b177fd17d7c5a13510e07a8a807	Mock type-strain BLAST	Trichophyton	Trichophyton_interdigitale	k__Fungi; p__Ascomycota; c__Eurotiomycetes; o__Onygenales; f__Arthrodermataceae; g__Trichophyton; s__Trichophyton_interdigitale	fig4_q30_SE_cutadapt_unite_blast_top1_rescue	Cutadapt	SE	SE	Cutadapt
1540d97c8f1d072ae65b7a4c33585746	Mock type-strain BLAST	Penicillium	Penicillium_chrysogenum	k__Fungi; p__Ascomycota; c__Eurotiomycetes; o__Eurotiales; f__Aspergillaceae; g__Penicillium; s__Penicillium_chrysogenum	fig4_q30_SE_cutadapt_unite_blast_top1_rescue	Cutadapt	SE	SE	Cutadapt
158508c453d93903d315196a844918ef	Mock type-strain BLAST	Nakaseomyces	Nakaseomyces_glabratus	k__Fungi; p__Ascomycota; c__Saccharomycetes; o__Saccharomycetales; f__Saccharomycetaceae; g__Nakaseomyces; s__Nakaseomyces_glabratus	fig4_q30_SE_cutadapt_unite_blast_top1_rescue	Cutadapt	SE	SE	Cutadapt
16703d0a4083f43db27f62158cbd405a	Mock type-strain BLAST	Penicillium	Penicillium_chrysogenum	k__Fungi; p__Ascomycota; c__Eurotiomycetes; o__Eurotiales; f__Aspergillaceae; g__Penicillium; s__Penicillium_chrysogenum	fig4_q30_SE_cutadapt_unite_blast_top1_rescue	Cutadapt	SE	SE	Cutadapt
169e5e3b66682ea6eb26c477ce213b7c	Mock type-strain BLAST	Aspergillus	Aspergillus_fumigatus	k__Fungi; p__Ascomycota; c__Eurotiomycetes; o__Eurotiales; f__Aspergillaceae; g__Aspergillus; s__Aspergillus_fumigatus	fig4_q30_SE_cutadapt_unite_blast_top1_rescue	Cutadapt	SE	SE	Cutadapt
17952accf0a19bde02e3576f0b21a02f	Mock type-strain BLAST	Aspergillus	Aspergillus_fumigatus	k__Fungi; p__Ascomycota; c__Eurotiomycetes; o__Eurotiales; f__Aspergillaceae; g__Aspergillus; s__Aspergillus_fumigatus	fig4_q30_SE_cutadapt_unite_blast_top1_rescue	Cutadapt	SE	SE	Cutadapt
17fd2c848707f61d8529a69db689f25d	Mock type-strain BLAST	Cryptococcus	Cryptococcus_neoformans	k__Fungi; p__Basidiomycota; c__Tremellomycetes; o__Tremellales; f__Tremellaceae; g__Cryptococcus; s__Cryptococcus_neoformans	fig4_q30_SE_cutadapt_unite_blast_top1_rescue	Cutadapt	SE	SE	Cutadapt
188f2c973193c37c726eb3e8437e22d6	Mock type-strain BLAST	Cutaneotrichosporon	Cutaneotrichosporon_dermatis	k__Fungi; p__Basidiomycota; c__Tremellomycetes; o__Trichosporonales; f__Trichosporonaceae; g__Cutaneotrichosporon; s__Cutaneotrichosporon_dermatis	fig4_q30_SE_cutadapt_unite_blast_top1_rescue	Cutadapt	SE	SE	Cutadapt
194c5d7ddd16e9c0363bffc3aef8ceb8	Mock type-strain BLAST	Saccharomyces	Saccharomyces_cerevisiae	k__Fungi; p__Ascomycota; c__Saccharomycetes; o__Saccharomycetales; f__Saccharomycetaceae; g__Saccharomyces; s__Saccharomyces_cerevisiae	fig4_q30_SE_cutadapt_unite_blast_top1_rescue	Cutadapt	SE	SE	Cutadapt
1a06f4d3b11bdcb6ad8457f0d779d84b	Mock type-strain BLAST	Malassezia	Malassezia_globosa	k__Fungi; p__Basidiomycota; c__Malasseziomycetes; o__Malasseziales; f__Malasseziaceae; g__Malassezia; s__Malassezia_globosa	fig4_q30_SE_cutadapt_unite_blast_top1_rescue	Cutadapt	SE	SE	Cutadapt
1ad0453306a32c66b7332becae773259	Mock type-strain BLAST	Aspergillus	Aspergillus_fumigatus	k__Fungi; p__Ascomycota; c__Eurotiomycetes; o__Eurotiales; f__Aspergillaceae; g__Aspergillus; s__Aspergillus_fumigatus	fig4_q30_SE_cutadapt_unite_blast_top1_rescue	Cutadapt	SE	SE	Cutadapt
1b0ea89e8460365693bf9a78cd7193ef	Mock type-strain BLAST	Cutaneotrichosporon	Cutaneotrichosporon_dermatis	k__Fungi; p__Basidiomycota; c__Tremellomycetes; o__Trichosporonales; f__Trichosporonaceae; g__Cutaneotrichosporon; s__Cutaneotrichosporon_dermatis	fig4_q30_SE_cutadapt_unite_blast_top1_rescue	Cutadapt	SE	SE	Cutadapt
1b2e8a0293b43f376c41093828fde254	Mock type-strain BLAST	Cryptococcus	Cryptococcus_neoformans	k__Fungi; p__Basidiomycota; c__Tremellomycetes; o__Tremellales; f__Tremellaceae; g__Cryptococcus; s__Cryptococcus_neoformans	fig4_q30_SE_cutadapt_unite_blast_top1_rescue	Cutadapt	SE	SE	Cutadapt
1b7d4ee38520a8d71abb44031eecc577	Mock type-strain BLAST	Cutaneotrichosporon	Cutaneotrichosporon_dermatis	k__Fungi; p__Basidiomycota; c__Tremellomycetes; o__Trichosporonales; f__Trichosporonaceae; g__Cutaneotrichosporon; s__Cutaneotrichosporon_dermatis	fig4_q30_SE_cutadapt_unite_blast_top1_rescue	Cutadapt	SE	SE	Cutadapt
1c8aea5d6f2451aac5a804b66803af1e	Mock type-strain BLAST	Penicillium	Penicillium_chrysogenum	k__Fungi; p__Ascomycota; c__Eurotiomycetes; o__Eurotiales; f__Aspergillaceae; g__Penicillium; s__Penicillium_chrysogenum	fig4_q30_SE_cutadapt_unite_blast_top1_rescue	Cutadapt	SE	SE	Cutadapt
1c8bbb1b54f02065db91f0386a39e0ad	Mock type-strain BLAST	Nakaseomyces	Nakaseomyces_glabratus	k__Fungi; p__Ascomycota; c__Saccharomycetes; o__Saccharomycetales; f__Saccharomycetaceae; g__Nakaseomyces; s__Nakaseomyces_glabratus	fig4_q30_SE_cutadapt_unite_blast_top1_rescue	Cutadapt	SE	SE	Cutadapt
1c99b355daab861d42ef02ad4aecd425	Mock type-strain BLAST	Saccharomyces	Saccharomyces_cerevisiae	k__Fungi; p__Ascomycota; c__Saccharomycetes; o__Saccharomycetales; f__Saccharomycetaceae; g__Saccharomyces; s__Saccharomyces_cerevisiae	fig4_q30_SE_cutadapt_unite_blast_top1_rescue	Cutadapt	SE	SE	Cutadapt
1d1e47a562efc72e0e1a703adb1156bc	Mock type-strain BLAST	Nakaseomyces	Nakaseomyces_glabratus	k__Fungi; p__Ascomycota; c__Saccharomycetes; o__Saccharomycetales; f__Saccharomycetaceae; g__Nakaseomyces; s__Nakaseomyces_glabratus	fig4_q30_SE_cutadapt_unite_blast_top1_rescue	Cutadapt	SE	SE	Cutadapt
1eb57cce3c3583ae58927522adab0277	Mock type-strain BLAST	Trichophyton	Trichophyton_interdigitale	k__Fungi; p__Ascomycota; c__Eurotiomycetes; o__Onygenales; f__Arthrodermataceae; g__Trichophyton; s__Trichophyton_interdigitale	fig4_q30_SE_cutadapt_unite_blast_top1_rescue	Cutadapt	SE	SE	Cutadapt
1f918dc743f502eb0290572adf274b34	Mock type-strain BLAST	Saccharomyces	Saccharomyces_cerevisiae	k__Fungi; p__Ascomycota; c__Saccharomycetes; o__Saccharomycetales; f__Saccharomycetaceae; g__Saccharomyces; s__Saccharomyces_cerevisiae	fig4_q30_SE_cutadapt_unite_blast_top1_rescue	Cutadapt	SE	SE	Cutadapt
210606b4fff7f1b545874ba7442c65b1	Mock type-strain BLAST	Candida	Candida_albicans	k__Fungi; p__Ascomycota; c__Saccharomycetes; o__Saccharomycetales; f__Debaryomycetaceae; g__Candida; s__Candida_albicans	fig4_q30_SE_cutadapt_unite_blast_top1_rescue	Cutadapt	SE	SE	Cutadapt
21feee196968505b63639074b75a7d27	Mock type-strain BLAST	Nakaseomyces	Nakaseomyces_glabratus	k__Fungi; p__Ascomycota; c__Saccharomycetes; o__Saccharomycetales; f__Saccharomycetaceae; g__Nakaseomyces; s__Nakaseomyces_glabratus	fig4_q30_SE_cutadapt_unite_blast_top1_rescue	Cutadapt	SE	SE	Cutadapt
22381edf2faa88f0c0f8bece81941d9f	Mock type-strain BLAST	Cryptococcus	Cryptococcus_neoformans	k__Fungi; p__Basidiomycota; c__Tremellomycetes; o__Tremellales; f__Tremellaceae; g__Cryptococcus; s__Cryptococcus_neoformans	fig4_q30_SE_cutadapt_unite_blast_top1_rescue	Cutadapt	SE	SE	Cutadapt
224d56ff798feaccbf5f4ce5eaf3ded3	Mock type-strain BLAST	Cryptococcus	Cryptococcus_neoformans	k__Fungi; p__Basidiomycota; c__Tremellomycetes; o__Tremellales; f__Tremellaceae; g__Cryptococcus; s__Cryptococcus_neoformans	fig4_q30_SE_cutadapt_unite_blast_top1_rescue	Cutadapt	SE	SE	Cutadapt
23ce5b9dd49c380e94ec122f11c8077f	Mock type-strain BLAST	Nakaseomyces	Nakaseomyces_glabratus	k__Fungi; p__Ascomycota; c__Saccharomycetes; o__Saccharomycetales; f__Saccharomycetaceae; g__Nakaseomyces; s__Nakaseomyces_glabratus	fig4_q30_SE_cutadapt_unite_blast_top1_rescue	Cutadapt	SE	SE	Cutadapt
240d740ef91d43f334788e266d661f7b	Mock type-strain BLAST	Cryptococcus	Cryptococcus_neoformans	k__Fungi; p__Basidiomycota; c__Tremellomycetes; o__Tremellales; f__Tremellaceae; g__Cryptococcus; s__Cryptococcus_neoformans	fig4_q30_SE_cutadapt_unite_blast_top1_rescue	Cutadapt	SE	SE	Cutadapt
247c8459db6ae8b1257380e69c42b883	Mock type-strain BLAST	Penicillium	Penicillium_chrysogenum	k__Fungi; p__Ascomycota; c__Eurotiomycetes; o__Eurotiales; f__Aspergillaceae; g__Penicillium; s__Penicillium_chrysogenum	fig4_q30_SE_cutadapt_unite_blast_top1_rescue	Cutadapt	SE	SE	Cutadapt
24b8daa5b10dcf42144074fc7fbfb3d6	Mock type-strain BLAST	Nakaseomyces	Nakaseomyces_glabratus	k__Fungi; p__Ascomycota; c__Saccharomycetes; o__Saccharomycetales; f__Saccharomycetaceae; g__Nakaseomyces; s__Nakaseomyces_glabratus	fig4_q30_SE_cutadapt_unite_blast_top1_rescue	Cutadapt	SE	SE	Cutadapt
24d7b4411285b730ba3e4413dd9c2988	Mock type-strain BLAST	Cryptococcus	Cryptococcus_neoformans	k__Fungi; p__Basidiomycota; c__Tremellomycetes; o__Tremellales; f__Tremellaceae; g__Cryptococcus; s__Cryptococcus_neoformans	fig4_q30_SE_cutadapt_unite_blast_top1_rescue	Cutadapt	SE	SE	Cutadapt
25a303dbf5b2a6790682c1e63eb0bc86	Mock type-strain BLAST	Aspergillus	Aspergillus_fumigatus	k__Fungi; p__Ascomycota; c__Eurotiomycetes; o__Eurotiales; f__Aspergillaceae; g__Aspergillus; s__Aspergillus_fumigatus	fig4_q30_SE_cutadapt_unite_blast_top1_rescue	Cutadapt	SE	SE	Cutadapt
25d556970166dcb7050422023be88e22	Mock type-strain BLAST	Saccharomyces	Saccharomyces_cerevisiae	k__Fungi; p__Ascomycota; c__Saccharomycetes; o__Saccharomycetales; f__Saccharomycetaceae; g__Saccharomyces; s__Saccharomyces_cerevisiae	fig4_q30_SE_cutadapt_unite_blast_top1_rescue	Cutadapt	SE	SE	Cutadapt
260b8bebae425ab1944a3e6b09292088	Mock type-strain BLAST	Trichophyton	Trichophyton_interdigitale	k__Fungi; p__Ascomycota; c__Eurotiomycetes; o__Onygenales; f__Arthrodermataceae; g__Trichophyton; s__Trichophyton_interdigitale	fig4_q30_SE_cutadapt_unite_blast_top1_rescue	Cutadapt	SE	SE	Cutadapt
26461f63a0aa3891866f330d837eb06e	Mock type-strain BLAST	Trichophyton	Trichophyton_interdigitale	k__Fungi; p__Ascomycota; c__Eurotiomycetes; o__Onygenales; f__Arthrodermataceae; g__Trichophyton; s__Trichophyton_interdigitale	fig4_q30_SE_cutadapt_unite_blast_top1_rescue	Cutadapt	SE	SE	Cutadapt
267cae1380db2b4584c9e1a67d952b7c	Mock type-strain BLAST	Saccharomyces	Saccharomyces_cerevisiae	k__Fungi; p__Ascomycota; c__Saccharomycetes; o__Saccharomycetales; f__Saccharomycetaceae; g__Saccharomyces; s__Saccharomyces_cerevisiae	fig4_q30_SE_cutadapt_unite_blast_top1_rescue	Cutadapt	SE	SE	Cutadapt
26c2e693490c7955c44b198bdf3e0088	Mock type-strain BLAST	Saccharomyces	Saccharomyces_cerevisiae	k__Fungi; p__Ascomycota; c__Saccharomycetes; o__Saccharomycetales; f__Saccharomycetaceae; g__Saccharomyces; s__Saccharomyces_cerevisiae	fig4_q30_SE_cutadapt_unite_blast_top1_rescue	Cutadapt	SE	SE	Cutadapt
26c3adb423a4d6b98b84d34fa5beca3f	Mock type-strain BLAST	Fusarium	Fusarium_keratoplasticum	k__Fungi; p__Ascomycota; c__Sordariomycetes; o__Hypocreales; f__Nectriaceae; g__Fusarium; s__Fusarium_keratoplasticum	fig4_q30_SE_cutadapt_unite_blast_top1_rescue	Cutadapt	SE	SE	Cutadapt
28545e23c1f29aea79e54c2490f42375	Mock type-strain BLAST	Cryptococcus	Cryptococcus_neoformans	k__Fungi; p__Basidiomycota; c__Tremellomycetes; o__Tremellales; f__Tremellaceae; g__Cryptococcus; s__Cryptococcus_neoformans	fig4_q30_SE_cutadapt_unite_blast_top1_rescue	Cutadapt	SE	SE	Cutadapt
28b1e3694b1bcb9d577830df4fd6c876	Mock type-strain BLAST	Aspergillus	Aspergillus_fumigatus	k__Fungi; p__Ascomycota; c__Eurotiomycetes; o__Eurotiales; f__Aspergillaceae; g__Aspergillus; s__Aspergillus_fumigatus	fig4_q30_SE_cutadapt_unite_blast_top1_rescue	Cutadapt	SE	SE	Cutadapt
291a78fb09fc52eec65489c0f9391ea3	Mock type-strain BLAST	Saccharomyces	Saccharomyces_cerevisiae	k__Fungi; p__Ascomycota; c__Saccharomycetes; o__Saccharomycetales; f__Saccharomycetaceae; g__Saccharomyces; s__Saccharomyces_cerevisiae	fig4_q30_SE_cutadapt_unite_blast_top1_rescue	Cutadapt	SE	SE	Cutadapt
29555bd5b7d79e088911358e619af0af	Mock type-strain BLAST	Saccharomyces	Saccharomyces_cerevisiae	k__Fungi; p__Ascomycota; c__Saccharomycetes; o__Saccharomycetales; f__Saccharomycetaceae; g__Saccharomyces; s__Saccharomyces_cerevisiae	fig4_q30_SE_cutadapt_unite_blast_top1_rescue	Cutadapt	SE	SE	Cutadapt
299858db667f2d7fa90d17f8f1e54be0	Mock type-strain BLAST	Saccharomyces	Saccharomyces_cerevisiae	k__Fungi; p__Ascomycota; c__Saccharomycetes; o__Saccharomycetales; f__Saccharomycetaceae; g__Saccharomyces; s__Saccharomyces_cerevisiae	fig4_q30_SE_cutadapt_unite_blast_top1_rescue	Cutadapt	SE	SE	Cutadapt
29d62dfd66a91504472270a3fc584aad	Mock type-strain BLAST	Saccharomyces	Saccharomyces_cerevisiae	k__Fungi; p__Ascomycota; c__Saccharomycetes; o__Saccharomycetales; f__Saccharomycetaceae; g__Saccharomyces; s__Saccharomyces_cerevisiae	fig4_q30_SE_cutadapt_unite_blast_top1_rescue	Cutadapt	SE	SE	Cutadapt
2a28786ae739c0770d1372c549046931	Mock type-strain BLAST	Penicillium	Penicillium_chrysogenum	k__Fungi; p__Ascomycota; c__Eurotiomycetes; o__Eurotiales; f__Aspergillaceae; g__Penicillium; s__Penicillium_chrysogenum	fig4_q30_SE_cutadapt_unite_blast_top1_rescue	Cutadapt	SE	SE	Cutadapt
2abd97d819164ca22fea7fc261ffc6f7	Mock type-strain BLAST	Nakaseomyces	Nakaseomyces_glabratus	k__Fungi; p__Ascomycota; c__Saccharomycetes; o__Saccharomycetales; f__Saccharomycetaceae; g__Nakaseomyces; s__Nakaseomyces_glabratus	fig4_q30_SE_cutadapt_unite_blast_top1_rescue	Cutadapt	SE	SE	Cutadapt
2b01ef55e239b98907664a9962dd835b	Mock type-strain BLAST	Saccharomyces	Saccharomyces_cerevisiae	k__Fungi; p__Ascomycota; c__Saccharomycetes; o__Saccharomycetales; f__Saccharomycetaceae; g__Saccharomyces; s__Saccharomyces_cerevisiae	fig4_q30_SE_cutadapt_unite_blast_top1_rescue	Cutadapt	SE	SE	Cutadapt
2cd0dea7da04cbdb02a749d6ce0ce2a8	Mock type-strain BLAST	Saccharomyces	Saccharomyces_cerevisiae	k__Fungi; p__Ascomycota; c__Saccharomycetes; o__Saccharomycetales; f__Saccharomycetaceae; g__Saccharomyces; s__Saccharomyces_cerevisiae	fig4_q30_SE_cutadapt_unite_blast_top1_rescue	Cutadapt	SE	SE	Cutadapt
2d5840001771d889fbe752a80463af2c	Mock type-strain BLAST	Saccharomyces	Saccharomyces_cerevisiae	k__Fungi; p__Ascomycota; c__Saccharomycetes; o__Saccharomycetales; f__Saccharomycetaceae; g__Saccharomyces; s__Saccharomyces_cerevisiae	fig4_q30_SE_cutadapt_unite_blast_top1_rescue	Cutadapt	SE	SE	Cutadapt
2e39d48abc07a6ccc13a028ccde00e00	Mock type-strain BLAST	Fusarium	Fusarium_keratoplasticum	k__Fungi; p__Ascomycota; c__Sordariomycetes; o__Hypocreales; f__Nectriaceae; g__Fusarium; s__Fusarium_keratoplasticum	fig4_q30_SE_cutadapt_unite_blast_top1_rescue	Cutadapt	SE	SE	Cutadapt
2e723fe0c70769428c06e39a8f19d9d8	Mock type-strain BLAST	Nakaseomyces	Nakaseomyces_glabratus	k__Fungi; p__Ascomycota; c__Saccharomycetes; o__Saccharomycetales; f__Saccharomycetaceae; g__Nakaseomyces; s__Nakaseomyces_glabratus	fig4_q30_SE_cutadapt_unite_blast_top1_rescue	Cutadapt	SE	SE	Cutadapt
2ebd8a5b8c3455f415eca2f216a9d915	Mock type-strain BLAST	Nakaseomyces	Nakaseomyces_glabratus	k__Fungi; p__Ascomycota; c__Saccharomycetes; o__Saccharomycetales; f__Saccharomycetaceae; g__Nakaseomyces; s__Nakaseomyces_glabratus	fig4_q30_SE_cutadapt_unite_blast_top1_rescue	Cutadapt	SE	SE	Cutadapt
2ec4fcc1eb3651a961c3fb1428c3433b	Mock type-strain BLAST	Cutaneotrichosporon	Cutaneotrichosporon_dermatis	k__Fungi; p__Basidiomycota; c__Tremellomycetes; o__Trichosporonales; f__Trichosporonaceae; g__Cutaneotrichosporon; s__Cutaneotrichosporon_dermatis	fig4_q30_SE_cutadapt_unite_blast_top1_rescue	Cutadapt	SE	SE	Cutadapt
2f43c6a7f9331f447cc24981f1887474	Mock type-strain BLAST	Aspergillus	Aspergillus_fumigatus	k__Fungi; p__Ascomycota; c__Eurotiomycetes; o__Eurotiales; f__Aspergillaceae; g__Aspergillus; s__Aspergillus_fumigatus	fig4_q30_SE_cutadapt_unite_blast_top1_rescue	Cutadapt	SE	SE	Cutadapt
3039df4ad5007ae4944976c043d3d432	Mock type-strain BLAST	Saccharomyces	Saccharomyces_cerevisiae	k__Fungi; p__Ascomycota; c__Saccharomycetes; o__Saccharomycetales; f__Saccharomycetaceae; g__Saccharomyces; s__Saccharomyces_cerevisiae	fig4_q30_SE_cutadapt_unite_blast_top1_rescue	Cutadapt	SE	SE	Cutadapt
3055f49397f6797b6af3d93deaed571e	Mock type-strain BLAST	Malassezia	Malassezia_globosa	k__Fungi; p__Basidiomycota; c__Malasseziomycetes; o__Malasseziales; f__Malasseziaceae; g__Malassezia; s__Malassezia_globosa	fig4_q30_SE_cutadapt_unite_blast_top1_rescue	Cutadapt	SE	SE	Cutadapt
30b0fb5596b860a51ac563e7ee8466cb	Mock type-strain BLAST	Cryptococcus	Cryptococcus_neoformans	k__Fungi; p__Basidiomycota; c__Tremellomycetes; o__Tremellales; f__Tremellaceae; g__Cryptococcus; s__Cryptococcus_neoformans	fig4_q30_SE_cutadapt_unite_blast_top1_rescue	Cutadapt	SE	SE	Cutadapt
31169ddba661462ce73f8c72d905380f	Mock type-strain BLAST	Aspergillus	Aspergillus_fumigatus	k__Fungi; p__Ascomycota; c__Eurotiomycetes; o__Eurotiales; f__Aspergillaceae; g__Aspergillus; s__Aspergillus_fumigatus	fig4_q30_SE_cutadapt_unite_blast_top1_rescue	Cutadapt	SE	SE	Cutadapt
315a14f72987afaafb1b8701eaa0b075	Mock type-strain BLAST	Cryptococcus	Cryptococcus_neoformans	k__Fungi; p__Basidiomycota; c__Tremellomycetes; o__Tremellales; f__Tremellaceae; g__Cryptococcus; s__Cryptococcus_neoformans	fig4_q30_SE_cutadapt_unite_blast_top1_rescue	Cutadapt	SE	SE	Cutadapt
32be290b5fe51f5e4611e2e1a37fa1db	Mock type-strain BLAST	Saccharomyces	Saccharomyces_cerevisiae	k__Fungi; p__Ascomycota; c__Saccharomycetes; o__Saccharomycetales; f__Saccharomycetaceae; g__Saccharomyces; s__Saccharomyces_cerevisiae	fig4_q30_SE_cutadapt_unite_blast_top1_rescue	Cutadapt	SE	SE	Cutadapt
3307422fad2c09efd87bd795d113550c	Mock type-strain BLAST	Malassezia	Malassezia_globosa	k__Fungi; p__Basidiomycota; c__Malasseziomycetes; o__Malasseziales; f__Malasseziaceae; g__Malassezia; s__Malassezia_globosa	fig4_q30_SE_cutadapt_unite_blast_top1_rescue	Cutadapt	SE	SE	Cutadapt
337831ba7d77685699981e28fb64cf23	Mock type-strain BLAST	Trichophyton	Trichophyton_interdigitale	k__Fungi; p__Ascomycota; c__Eurotiomycetes; o__Onygenales; f__Arthrodermataceae; g__Trichophyton; s__Trichophyton_interdigitale	fig4_q30_SE_cutadapt_unite_blast_top1_rescue	Cutadapt	SE	SE	Cutadapt
338ebd69d5b03851738ff9768b025122	Mock type-strain BLAST	Nakaseomyces	Nakaseomyces_glabratus	k__Fungi; p__Ascomycota; c__Saccharomycetes; o__Saccharomycetales; f__Saccharomycetaceae; g__Nakaseomyces; s__Nakaseomyces_glabratus	fig4_q30_SE_cutadapt_unite_blast_top1_rescue	Cutadapt	SE	SE	Cutadapt
3454e06b84a4908c00458fd5cde8cfe4	Mock type-strain BLAST	Cutaneotrichosporon	Cutaneotrichosporon_dermatis	k__Fungi; p__Basidiomycota; c__Tremellomycetes; o__Trichosporonales; f__Trichosporonaceae; g__Cutaneotrichosporon; s__Cutaneotrichosporon_dermatis	fig4_q30_SE_cutadapt_unite_blast_top1_rescue	Cutadapt	SE	SE	Cutadapt
35f06e1185ad3c6c3effe47fae6c598c	Mock type-strain BLAST	Candida	Candida_albicans	k__Fungi; p__Ascomycota; c__Saccharomycetes; o__Saccharomycetales; f__Debaryomycetaceae; g__Candida; s__Candida_albicans	fig4_q30_SE_cutadapt_unite_blast_top1_rescue	Cutadapt	SE	SE	Cutadapt
36a7dafd8a4806c2f7c373b5c9916b22	Mock type-strain BLAST	Aspergillus	Aspergillus_fumigatus	k__Fungi; p__Ascomycota; c__Eurotiomycetes; o__Eurotiales; f__Aspergillaceae; g__Aspergillus; s__Aspergillus_fumigatus	fig4_q30_SE_cutadapt_unite_blast_top1_rescue	Cutadapt	SE	SE	Cutadapt
380916886b4dd08f02461044249c308d	Mock type-strain BLAST	Cryptococcus	Cryptococcus_neoformans	k__Fungi; p__Basidiomycota; c__Tremellomycetes; o__Tremellales; f__Tremellaceae; g__Cryptococcus; s__Cryptococcus_neoformans	fig4_q30_SE_cutadapt_unite_blast_top1_rescue	Cutadapt	SE	SE	Cutadapt
385c77a0d40dfabdc66dff6fc5e92f33	Mock type-strain BLAST	Cutaneotrichosporon	Cutaneotrichosporon_dermatis	k__Fungi; p__Basidiomycota; c__Tremellomycetes; o__Trichosporonales; f__Trichosporonaceae; g__Cutaneotrichosporon; s__Cutaneotrichosporon_dermatis	fig4_q30_SE_cutadapt_unite_blast_top1_rescue	Cutadapt	SE	SE	Cutadapt
38af596704a7b2a9f8c44337022e99fa	Mock type-strain BLAST	Aspergillus	Aspergillus_fumigatus	k__Fungi; p__Ascomycota; c__Eurotiomycetes; o__Eurotiales; f__Aspergillaceae; g__Aspergillus; s__Aspergillus_fumigatus	fig4_q30_SE_cutadapt_unite_blast_top1_rescue	Cutadapt	SE	SE	Cutadapt
38b1cb46f1899335c80c5e172caaf2c2	Mock type-strain BLAST	Cryptococcus	Cryptococcus_neoformans	k__Fungi; p__Basidiomycota; c__Tremellomycetes; o__Tremellales; f__Tremellaceae; g__Cryptococcus; s__Cryptococcus_neoformans	fig4_q30_SE_cutadapt_unite_blast_top1_rescue	Cutadapt	SE	SE	Cutadapt
38da37bf49a104ddf2f0adc044079d2e	Mock type-strain BLAST	Aspergillus	Aspergillus_fumigatus	k__Fungi; p__Ascomycota; c__Eurotiomycetes; o__Eurotiales; f__Aspergillaceae; g__Aspergillus; s__Aspergillus_fumigatus	fig4_q30_SE_cutadapt_unite_blast_top1_rescue	Cutadapt	SE	SE	Cutadapt
397362a873a8f2418d7c6e6697262abc	Mock type-strain BLAST	Cryptococcus	Cryptococcus_neoformans	k__Fungi; p__Basidiomycota; c__Tremellomycetes; o__Tremellales; f__Tremellaceae; g__Cryptococcus; s__Cryptococcus_neoformans	fig4_q30_SE_cutadapt_unite_blast_top1_rescue	Cutadapt	SE	SE	Cutadapt
3b19d4888b7cb5cae6d71495a64c1f99	Mock type-strain BLAST	Aspergillus	Aspergillus_fumigatus	k__Fungi; p__Ascomycota; c__Eurotiomycetes; o__Eurotiales; f__Aspergillaceae; g__Aspergillus; s__Aspergillus_fumigatus	fig4_q30_SE_cutadapt_unite_blast_top1_rescue	Cutadapt	SE	SE	Cutadapt
3c9ae85851f407a4c95023d2f0cf58be	Mock type-strain BLAST	Saccharomyces	Saccharomyces_cerevisiae	k__Fungi; p__Ascomycota; c__Saccharomycetes; o__Saccharomycetales; f__Saccharomycetaceae; g__Saccharomyces; s__Saccharomyces_cerevisiae	fig4_q30_SE_cutadapt_unite_blast_top1_rescue	Cutadapt	SE	SE	Cutadapt
3ca224352821ab4798e0ab4bb73ab267	Mock type-strain BLAST	Malassezia	Malassezia_globosa	k__Fungi; p__Basidiomycota; c__Malasseziomycetes; o__Malasseziales; f__Malasseziaceae; g__Malassezia; s__Malassezia_globosa	fig4_q30_SE_cutadapt_unite_blast_top1_rescue	Cutadapt	SE	SE	Cutadapt
3cd81fadba0bfa954ab5979c1601a3f1	Mock type-strain BLAST	Cutaneotrichosporon	Cutaneotrichosporon_dermatis	k__Fungi; p__Basidiomycota; c__Tremellomycetes; o__Trichosporonales; f__Trichosporonaceae; g__Cutaneotrichosporon; s__Cutaneotrichosporon_dermatis	fig4_q30_SE_cutadapt_unite_blast_top1_rescue	Cutadapt	SE	SE	Cutadapt
3cdd5c9296b323dd20d1dc2d8c42357a	Mock type-strain BLAST	Aspergillus	Aspergillus_fumigatus	k__Fungi; p__Ascomycota; c__Eurotiomycetes; o__Eurotiales; f__Aspergillaceae; g__Aspergillus; s__Aspergillus_fumigatus	fig4_q30_SE_cutadapt_unite_blast_top1_rescue	Cutadapt	SE	SE	Cutadapt
3d5f170d59af5aa3757284a921c5a385	Mock type-strain BLAST	Cutaneotrichosporon	Cutaneotrichosporon_dermatis	k__Fungi; p__Basidiomycota; c__Tremellomycetes; o__Trichosporonales; f__Trichosporonaceae; g__Cutaneotrichosporon; s__Cutaneotrichosporon_dermatis	fig4_q30_SE_cutadapt_unite_blast_top1_rescue	Cutadapt	SE	SE	Cutadapt
3d6bfcea85715e48dbcf0dd76406cc95	Mock type-strain BLAST	Malassezia	Malassezia_globosa	k__Fungi; p__Basidiomycota; c__Malasseziomycetes; o__Malasseziales; f__Malasseziaceae; g__Malassezia; s__Malassezia_globosa	fig4_q30_SE_cutadapt_unite_blast_top1_rescue	Cutadapt	SE	SE	Cutadapt
3e386a41fce9acea998443c7cd0b8976	Mock type-strain BLAST	Fusarium	Fusarium_keratoplasticum	k__Fungi; p__Ascomycota; c__Sordariomycetes; o__Hypocreales; f__Nectriaceae; g__Fusarium; s__Fusarium_keratoplasticum	fig4_q30_SE_cutadapt_unite_blast_top1_rescue	Cutadapt	SE	SE	Cutadapt
3ee47f1d98e4915c5a3a26a8c46c4890	Mock type-strain BLAST	Cryptococcus	Cryptococcus_neoformans	k__Fungi; p__Basidiomycota; c__Tremellomycetes; o__Tremellales; f__Tremellaceae; g__Cryptococcus; s__Cryptococcus_neoformans	fig4_q30_SE_cutadapt_unite_blast_top1_rescue	Cutadapt	SE	SE	Cutadapt
417ff10c1dde2640f0c95e9274677e6e	Mock type-strain BLAST	Malassezia	Malassezia_globosa	k__Fungi; p__Basidiomycota; c__Malasseziomycetes; o__Malasseziales; f__Malasseziaceae; g__Malassezia; s__Malassezia_globosa	fig4_q30_SE_cutadapt_unite_blast_top1_rescue	Cutadapt	SE	SE	Cutadapt
424a42c649741aeff084e4e4be42d5e8	Mock type-strain BLAST	Aspergillus	Aspergillus_fumigatus	k__Fungi; p__Ascomycota; c__Eurotiomycetes; o__Eurotiales; f__Aspergillaceae; g__Aspergillus; s__Aspergillus_fumigatus	fig4_q30_SE_cutadapt_unite_blast_top1_rescue	Cutadapt	SE	SE	Cutadapt
429ef104fcabfbb4b403c2c09309eadf	Mock type-strain BLAST	Aspergillus	Aspergillus_fumigatus	k__Fungi; p__Ascomycota; c__Eurotiomycetes; o__Eurotiales; f__Aspergillaceae; g__Aspergillus; s__Aspergillus_fumigatus	fig4_q30_SE_cutadapt_unite_blast_top1_rescue	Cutadapt	SE	SE	Cutadapt
43071ca5a252d644aa64b30a517cdb84	Mock type-strain BLAST	Cutaneotrichosporon	Cutaneotrichosporon_dermatis	k__Fungi; p__Basidiomycota; c__Tremellomycetes; o__Trichosporonales; f__Trichosporonaceae; g__Cutaneotrichosporon; s__Cutaneotrichosporon_dermatis	fig4_q30_SE_cutadapt_unite_blast_top1_rescue	Cutadapt	SE	SE	Cutadapt
43f18b9991f72cfc8bf12cbd1b48c96b	Mock type-strain BLAST	Aspergillus	Aspergillus_fumigatus	k__Fungi; p__Ascomycota; c__Eurotiomycetes; o__Eurotiales; f__Aspergillaceae; g__Aspergillus; s__Aspergillus_fumigatus	fig4_q30_SE_cutadapt_unite_blast_top1_rescue	Cutadapt	SE	SE	Cutadapt
442a16533e54a9749b2cc6af051e2025	Mock type-strain BLAST	Cryptococcus	Cryptococcus_neoformans	k__Fungi; p__Basidiomycota; c__Tremellomycetes; o__Tremellales; f__Tremellaceae; g__Cryptococcus; s__Cryptococcus_neoformans	fig4_q30_SE_cutadapt_unite_blast_top1_rescue	Cutadapt	SE	SE	Cutadapt
448deac40229a7efe42560189717e686	Mock type-strain BLAST	Aspergillus	Aspergillus_fumigatus	k__Fungi; p__Ascomycota; c__Eurotiomycetes; o__Eurotiales; f__Aspergillaceae; g__Aspergillus; s__Aspergillus_fumigatus	fig4_q30_SE_cutadapt_unite_blast_top1_rescue	Cutadapt	SE	SE	Cutadapt
45abd68f253254c6fa3ef6981b6b7e84	Mock type-strain BLAST	Nakaseomyces	Nakaseomyces_glabratus	k__Fungi; p__Ascomycota; c__Saccharomycetes; o__Saccharomycetales; f__Saccharomycetaceae; g__Nakaseomyces; s__Nakaseomyces_glabratus	fig4_q30_SE_cutadapt_unite_blast_top1_rescue	Cutadapt	SE	SE	Cutadapt
460ee956051055b9917825569ff923c6	Mock type-strain BLAST	Nakaseomyces	Nakaseomyces_glabratus	k__Fungi; p__Ascomycota; c__Saccharomycetes; o__Saccharomycetales; f__Saccharomycetaceae; g__Nakaseomyces; s__Nakaseomyces_glabratus	fig4_q30_SE_cutadapt_unite_blast_top1_rescue	Cutadapt	SE	SE	Cutadapt
464e19f539c8d48eeb059761e4076133	Mock type-strain BLAST	Nakaseomyces	Nakaseomyces_glabratus	k__Fungi; p__Ascomycota; c__Saccharomycetes; o__Saccharomycetales; f__Saccharomycetaceae; g__Nakaseomyces; s__Nakaseomyces_glabratus	fig4_q30_SE_cutadapt_unite_blast_top1_rescue	Cutadapt	SE	SE	Cutadapt
46af2089e83994319d971cbc29507615	Mock type-strain BLAST	Fusarium	Fusarium_keratoplasticum	k__Fungi; p__Ascomycota; c__Sordariomycetes; o__Hypocreales; f__Nectriaceae; g__Fusarium; s__Fusarium_keratoplasticum	fig4_q30_SE_cutadapt_unite_blast_top1_rescue	Cutadapt	SE	SE	Cutadapt
4829c7cee3b18ec5924817979293801f	Mock type-strain BLAST	Cryptococcus	Cryptococcus_neoformans	k__Fungi; p__Basidiomycota; c__Tremellomycetes; o__Tremellales; f__Tremellaceae; g__Cryptococcus; s__Cryptococcus_neoformans	fig4_q30_SE_cutadapt_unite_blast_top1_rescue	Cutadapt	SE	SE	Cutadapt
484bd431a65762338ef456a194b5348e	Mock type-strain BLAST	Candida	Candida_albicans	k__Fungi; p__Ascomycota; c__Saccharomycetes; o__Saccharomycetales; f__Debaryomycetaceae; g__Candida; s__Candida_albicans	fig4_q30_SE_cutadapt_unite_blast_top1_rescue	Cutadapt	SE	SE	Cutadapt
4895bce8e320a5bf47a9ca23b5631654	Mock type-strain BLAST	Nakaseomyces	Nakaseomyces_glabratus	k__Fungi; p__Ascomycota; c__Saccharomycetes; o__Saccharomycetales; f__Saccharomycetaceae; g__Nakaseomyces; s__Nakaseomyces_glabratus	fig4_q30_SE_cutadapt_unite_blast_top1_rescue	Cutadapt	SE	SE	Cutadapt
4932e029d9172067e8f5fd3ec92cf65f	Mock type-strain BLAST	Penicillium	Penicillium_chrysogenum	k__Fungi; p__Ascomycota; c__Eurotiomycetes; o__Eurotiales; f__Aspergillaceae; g__Penicillium; s__Penicillium_chrysogenum	fig4_q30_SE_cutadapt_unite_blast_top1_rescue	Cutadapt	SE	SE	Cutadapt
4941117af711ee0d06af22a61b399b2d	Mock type-strain BLAST	Nakaseomyces	Nakaseomyces_glabratus	k__Fungi; p__Ascomycota; c__Saccharomycetes; o__Saccharomycetales; f__Saccharomycetaceae; g__Nakaseomyces; s__Nakaseomyces_glabratus	fig4_q30_SE_cutadapt_unite_blast_top1_rescue	Cutadapt	SE	SE	Cutadapt
4951881ce90885c4c3b8b071badab83f	Mock type-strain BLAST	Fusarium	Fusarium_keratoplasticum	k__Fungi; p__Ascomycota; c__Sordariomycetes; o__Hypocreales; f__Nectriaceae; g__Fusarium; s__Fusarium_keratoplasticum	fig4_q30_SE_cutadapt_unite_blast_top1_rescue	Cutadapt	SE	SE	Cutadapt
4aae9ea7e4bfc0aaa35d3772535cb612	Mock type-strain BLAST	Cutaneotrichosporon	Cutaneotrichosporon_dermatis	k__Fungi; p__Basidiomycota; c__Tremellomycetes; o__Trichosporonales; f__Trichosporonaceae; g__Cutaneotrichosporon; s__Cutaneotrichosporon_dermatis	fig4_q30_SE_cutadapt_unite_blast_top1_rescue	Cutadapt	SE	SE	Cutadapt
4b3032f1ababa735f461201a632784c8	Mock type-strain BLAST	Cutaneotrichosporon	Cutaneotrichosporon_dermatis	k__Fungi; p__Basidiomycota; c__Tremellomycetes; o__Trichosporonales; f__Trichosporonaceae; g__Cutaneotrichosporon; s__Cutaneotrichosporon_dermatis	fig4_q30_SE_cutadapt_unite_blast_top1_rescue	Cutadapt	SE	SE	Cutadapt
4bc9878d9cb5210bbfa8e56b3f990fe1	Mock type-strain BLAST	Aspergillus	Aspergillus_fumigatus	k__Fungi; p__Ascomycota; c__Eurotiomycetes; o__Eurotiales; f__Aspergillaceae; g__Aspergillus; s__Aspergillus_fumigatus	fig4_q30_SE_cutadapt_unite_blast_top1_rescue	Cutadapt	SE	SE	Cutadapt
4bfd955490a13cf9d93564394b8053c5	Mock type-strain BLAST	Aspergillus	Aspergillus_fumigatus	k__Fungi; p__Ascomycota; c__Eurotiomycetes; o__Eurotiales; f__Aspergillaceae; g__Aspergillus; s__Aspergillus_fumigatus	fig4_q30_SE_cutadapt_unite_blast_top1_rescue	Cutadapt	SE	SE	Cutadapt
4c2a20f52c5307c38f027444128a1e56	Mock type-strain BLAST	Cryptococcus	Cryptococcus_neoformans	k__Fungi; p__Basidiomycota; c__Tremellomycetes; o__Tremellales; f__Tremellaceae; g__Cryptococcus; s__Cryptococcus_neoformans	fig4_q30_SE_cutadapt_unite_blast_top1_rescue	Cutadapt	SE	SE	Cutadapt
4d1c9fd884a315a755aa7c59427b2d62	Mock type-strain BLAST	Cutaneotrichosporon	Cutaneotrichosporon_dermatis	k__Fungi; p__Basidiomycota; c__Tremellomycetes; o__Trichosporonales; f__Trichosporonaceae; g__Cutaneotrichosporon; s__Cutaneotrichosporon_dermatis	fig4_q30_SE_cutadapt_unite_blast_top1_rescue	Cutadapt	SE	SE	Cutadapt
4e69eeb85eb9ec34c929b61a9a698d0e	Mock type-strain BLAST	Saccharomyces	Saccharomyces_cerevisiae	k__Fungi; p__Ascomycota; c__Saccharomycetes; o__Saccharomycetales; f__Saccharomycetaceae; g__Saccharomyces; s__Saccharomyces_cerevisiae	fig4_q30_SE_cutadapt_unite_blast_top1_rescue	Cutadapt	SE	SE	Cutadapt
4f6650e0c14cacd7abd09857e6585ff4	Mock type-strain BLAST	Cutaneotrichosporon	Cutaneotrichosporon_dermatis	k__Fungi; p__Basidiomycota; c__Tremellomycetes; o__Trichosporonales; f__Trichosporonaceae; g__Cutaneotrichosporon; s__Cutaneotrichosporon_dermatis	fig4_q30_SE_cutadapt_unite_blast_top1_rescue	Cutadapt	SE	SE	Cutadapt
4ff375ae9b66ece9a7f74f5a13354b9d	Mock type-strain BLAST	Saccharomyces	Saccharomyces_cerevisiae	k__Fungi; p__Ascomycota; c__Saccharomycetes; o__Saccharomycetales; f__Saccharomycetaceae; g__Saccharomyces; s__Saccharomyces_cerevisiae	fig4_q30_SE_cutadapt_unite_blast_top1_rescue	Cutadapt	SE	SE	Cutadapt
5028db85c93296a70c563f0a3ef6eeb2	Mock type-strain BLAST	Cutaneotrichosporon	Cutaneotrichosporon_dermatis	k__Fungi; p__Basidiomycota; c__Tremellomycetes; o__Trichosporonales; f__Trichosporonaceae; g__Cutaneotrichosporon; s__Cutaneotrichosporon_dermatis	fig4_q30_SE_cutadapt_unite_blast_top1_rescue	Cutadapt	SE	SE	Cutadapt
5105a2d6db57cdbabd078e95db2396c5	Mock type-strain BLAST	Nakaseomyces	Nakaseomyces_glabratus	k__Fungi; p__Ascomycota; c__Saccharomycetes; o__Saccharomycetales; f__Saccharomycetaceae; g__Nakaseomyces; s__Nakaseomyces_glabratus	fig4_q30_SE_cutadapt_unite_blast_top1_rescue	Cutadapt	SE	SE	Cutadapt
5187486fe872390b9182d5481d070c1e	Mock type-strain BLAST	Penicillium	Penicillium_chrysogenum	k__Fungi; p__Ascomycota; c__Eurotiomycetes; o__Eurotiales; f__Aspergillaceae; g__Penicillium; s__Penicillium_chrysogenum	fig4_q30_SE_cutadapt_unite_blast_top1_rescue	Cutadapt	SE	SE	Cutadapt
52e9f5f2067648d12ec4ece62907a916	Mock type-strain BLAST	Cryptococcus	Cryptococcus_neoformans	k__Fungi; p__Basidiomycota; c__Tremellomycetes; o__Tremellales; f__Tremellaceae; g__Cryptococcus; s__Cryptococcus_neoformans	fig4_q30_SE_cutadapt_unite_blast_top1_rescue	Cutadapt	SE	SE	Cutadapt
52ecfb22e1c990982f5951c06b4908b3	Mock type-strain BLAST	Cutaneotrichosporon	Cutaneotrichosporon_dermatis	k__Fungi; p__Basidiomycota; c__Tremellomycetes; o__Trichosporonales; f__Trichosporonaceae; g__Cutaneotrichosporon; s__Cutaneotrichosporon_dermatis	fig4_q30_SE_cutadapt_unite_blast_top1_rescue	Cutadapt	SE	SE	Cutadapt
5302560500e967552b1490312b4bb3b3	Mock type-strain BLAST	Trichophyton	Trichophyton_interdigitale	k__Fungi; p__Ascomycota; c__Eurotiomycetes; o__Onygenales; f__Arthrodermataceae; g__Trichophyton; s__Trichophyton_interdigitale	fig4_q30_SE_cutadapt_unite_blast_top1_rescue	Cutadapt	SE	SE	Cutadapt
53926185040b69b43d226af323a0598e	Mock type-strain BLAST	Nakaseomyces	Nakaseomyces_glabratus	k__Fungi; p__Ascomycota; c__Saccharomycetes; o__Saccharomycetales; f__Saccharomycetaceae; g__Nakaseomyces; s__Nakaseomyces_glabratus	fig4_q30_SE_cutadapt_unite_blast_top1_rescue	Cutadapt	SE	SE	Cutadapt
5508856d9d35057c551dd5960df94f40	Mock type-strain BLAST	Nakaseomyces	Nakaseomyces_glabratus	k__Fungi; p__Ascomycota; c__Saccharomycetes; o__Saccharomycetales; f__Saccharomycetaceae; g__Nakaseomyces; s__Nakaseomyces_glabratus	fig4_q30_SE_cutadapt_unite_blast_top1_rescue	Cutadapt	SE	SE	Cutadapt
5535856acc809af76ab3ddb22e9e211d	Mock type-strain BLAST	Candida	Candida_albicans	k__Fungi; p__Ascomycota; c__Saccharomycetes; o__Saccharomycetales; f__Debaryomycetaceae; g__Candida; s__Candida_albicans	fig4_q30_SE_cutadapt_unite_blast_top1_rescue	Cutadapt	SE	SE	Cutadapt
55c1f51cc4845985dae3c90e77b5d5b1	Mock type-strain BLAST	Saccharomyces	Saccharomyces_cerevisiae	k__Fungi; p__Ascomycota; c__Saccharomycetes; o__Saccharomycetales; f__Saccharomycetaceae; g__Saccharomyces; s__Saccharomyces_cerevisiae	fig4_q30_SE_cutadapt_unite_blast_top1_rescue	Cutadapt	SE	SE	Cutadapt
567a9deab0960d0e2e0fb43ebc9b535e	Mock type-strain BLAST	Aspergillus	Aspergillus_fumigatus	k__Fungi; p__Ascomycota; c__Eurotiomycetes; o__Eurotiales; f__Aspergillaceae; g__Aspergillus; s__Aspergillus_fumigatus	fig4_q30_SE_cutadapt_unite_blast_top1_rescue	Cutadapt	SE	SE	Cutadapt
56a66d4f4883495fe6e8252edcc6c71c	Mock type-strain BLAST	Fusarium	Fusarium_keratoplasticum	k__Fungi; p__Ascomycota; c__Sordariomycetes; o__Hypocreales; f__Nectriaceae; g__Fusarium; s__Fusarium_keratoplasticum	fig4_q30_SE_cutadapt_unite_blast_top1_rescue	Cutadapt	SE	SE	Cutadapt
56b3fd0a76a57716fa9dc86ef499f86a	Mock type-strain BLAST	Nakaseomyces	Nakaseomyces_glabratus	k__Fungi; p__Ascomycota; c__Saccharomycetes; o__Saccharomycetales; f__Saccharomycetaceae; g__Nakaseomyces; s__Nakaseomyces_glabratus	fig4_q30_SE_cutadapt_unite_blast_top1_rescue	Cutadapt	SE	SE	Cutadapt
56c2041c40052605a6924e3e9ceef831	Mock type-strain BLAST	Cutaneotrichosporon	Cutaneotrichosporon_dermatis	k__Fungi; p__Basidiomycota; c__Tremellomycetes; o__Trichosporonales; f__Trichosporonaceae; g__Cutaneotrichosporon; s__Cutaneotrichosporon_dermatis	fig4_q30_SE_cutadapt_unite_blast_top1_rescue	Cutadapt	SE	SE	Cutadapt
57953a259caf82bc29a84735e0ceb763	Mock type-strain BLAST	Saccharomyces	Saccharomyces_cerevisiae	k__Fungi; p__Ascomycota; c__Saccharomycetes; o__Saccharomycetales; f__Saccharomycetaceae; g__Saccharomyces; s__Saccharomyces_cerevisiae	fig4_q30_SE_cutadapt_unite_blast_top1_rescue	Cutadapt	SE	SE	Cutadapt
579ecb5e770eff08feca9199a9d1b0c7	Mock type-strain BLAST	Candida	Candida_albicans	k__Fungi; p__Ascomycota; c__Saccharomycetes; o__Saccharomycetales; f__Debaryomycetaceae; g__Candida; s__Candida_albicans	fig4_q30_SE_cutadapt_unite_blast_top1_rescue	Cutadapt	SE	SE	Cutadapt
588b3566dfb1cd5eec4c04e15e8a68e4	Mock type-strain BLAST	Saccharomyces	Saccharomyces_cerevisiae	k__Fungi; p__Ascomycota; c__Saccharomycetes; o__Saccharomycetales; f__Saccharomycetaceae; g__Saccharomyces; s__Saccharomyces_cerevisiae	fig4_q30_SE_cutadapt_unite_blast_top1_rescue	Cutadapt	SE	SE	Cutadapt
58b2e2109c1625d12106aa0c3bbdc3d8	Mock type-strain BLAST	Saccharomyces	Saccharomyces_cerevisiae	k__Fungi; p__Ascomycota; c__Saccharomycetes; o__Saccharomycetales; f__Saccharomycetaceae; g__Saccharomyces; s__Saccharomyces_cerevisiae	fig4_q30_SE_cutadapt_unite_blast_top1_rescue	Cutadapt	SE	SE	Cutadapt
593628bb9050300495d659b459fd5aa3	Mock type-strain BLAST	Saccharomyces	Saccharomyces_cerevisiae	k__Fungi; p__Ascomycota; c__Saccharomycetes; o__Saccharomycetales; f__Saccharomycetaceae; g__Saccharomyces; s__Saccharomyces_cerevisiae	fig4_q30_SE_cutadapt_unite_blast_top1_rescue	Cutadapt	SE	SE	Cutadapt
59e39ce5b0fa28367628aaac73e3ace5	Mock type-strain BLAST	Penicillium	Penicillium_chrysogenum	k__Fungi; p__Ascomycota; c__Eurotiomycetes; o__Eurotiales; f__Aspergillaceae; g__Penicillium; s__Penicillium_chrysogenum	fig4_q30_SE_cutadapt_unite_blast_top1_rescue	Cutadapt	SE	SE	Cutadapt
59e40ac1498d94cbe3008b752b9b8303	Mock type-strain BLAST	Nakaseomyces	Nakaseomyces_glabratus	k__Fungi; p__Ascomycota; c__Saccharomycetes; o__Saccharomycetales; f__Saccharomycetaceae; g__Nakaseomyces; s__Nakaseomyces_glabratus	fig4_q30_SE_cutadapt_unite_blast_top1_rescue	Cutadapt	SE	SE	Cutadapt
59f88c9bea61b29af23eed08c6f6a96e	Mock type-strain BLAST	Cryptococcus	Cryptococcus_neoformans	k__Fungi; p__Basidiomycota; c__Tremellomycetes; o__Tremellales; f__Tremellaceae; g__Cryptococcus; s__Cryptococcus_neoformans	fig4_q30_SE_cutadapt_unite_blast_top1_rescue	Cutadapt	SE	SE	Cutadapt
5a06576196c23f808bdfe0399228553a	Mock type-strain BLAST	Cutaneotrichosporon	Cutaneotrichosporon_dermatis	k__Fungi; p__Basidiomycota; c__Tremellomycetes; o__Trichosporonales; f__Trichosporonaceae; g__Cutaneotrichosporon; s__Cutaneotrichosporon_dermatis	fig4_q30_SE_cutadapt_unite_blast_top1_rescue	Cutadapt	SE	SE	Cutadapt
5aa08add5073423bc935416fc4122a79	Mock type-strain BLAST	Trichophyton	Trichophyton_interdigitale	k__Fungi; p__Ascomycota; c__Eurotiomycetes; o__Onygenales; f__Arthrodermataceae; g__Trichophyton; s__Trichophyton_interdigitale	fig4_q30_SE_cutadapt_unite_blast_top1_rescue	Cutadapt	SE	SE	Cutadapt
5aa8bf9dfef378818c857e66263bb473	Mock type-strain BLAST	Trichophyton	Trichophyton_interdigitale	k__Fungi; p__Ascomycota; c__Eurotiomycetes; o__Onygenales; f__Arthrodermataceae; g__Trichophyton; s__Trichophyton_interdigitale	fig4_q30_SE_cutadapt_unite_blast_top1_rescue	Cutadapt	SE	SE	Cutadapt
5cae4f6bc86eca0f1eedf3d66b889b17	Mock type-strain BLAST	Saccharomyces	Saccharomyces_cerevisiae	k__Fungi; p__Ascomycota; c__Saccharomycetes; o__Saccharomycetales; f__Saccharomycetaceae; g__Saccharomyces; s__Saccharomyces_cerevisiae	fig4_q30_SE_cutadapt_unite_blast_top1_rescue	Cutadapt	SE	SE	Cutadapt
5cf5a5092050bcd623fa6eb69cef27bc	Mock type-strain BLAST	Penicillium	Penicillium_chrysogenum	k__Fungi; p__Ascomycota; c__Eurotiomycetes; o__Eurotiales; f__Aspergillaceae; g__Penicillium; s__Penicillium_chrysogenum	fig4_q30_SE_cutadapt_unite_blast_top1_rescue	Cutadapt	SE	SE	Cutadapt
5d8ceac78519a012a4994ba03709767a	Mock type-strain BLAST	Malassezia	Malassezia_globosa	k__Fungi; p__Basidiomycota; c__Malasseziomycetes; o__Malasseziales; f__Malasseziaceae; g__Malassezia; s__Malassezia_globosa	fig4_q30_SE_cutadapt_unite_blast_top1_rescue	Cutadapt	SE	SE	Cutadapt
5e1d83eccf923b1343d8824231f1bbe1	Mock type-strain BLAST	Nakaseomyces	Nakaseomyces_glabratus	k__Fungi; p__Ascomycota; c__Saccharomycetes; o__Saccharomycetales; f__Saccharomycetaceae; g__Nakaseomyces; s__Nakaseomyces_glabratus	fig4_q30_SE_cutadapt_unite_blast_top1_rescue	Cutadapt	SE	SE	Cutadapt
5eb88a9a6282b223cd88dbc003040251	Mock type-strain BLAST	Cryptococcus	Cryptococcus_neoformans	k__Fungi; p__Basidiomycota; c__Tremellomycetes; o__Tremellales; f__Tremellaceae; g__Cryptococcus; s__Cryptococcus_neoformans	fig4_q30_SE_cutadapt_unite_blast_top1_rescue	Cutadapt	SE	SE	Cutadapt
5f75d4aac0231ac26b212754cfe7bc3e	Mock type-strain BLAST	Candida	Candida_albicans	k__Fungi; p__Ascomycota; c__Saccharomycetes; o__Saccharomycetales; f__Debaryomycetaceae; g__Candida; s__Candida_albicans	fig4_q30_SE_cutadapt_unite_blast_top1_rescue	Cutadapt	SE	SE	Cutadapt
615431307bb72c4d99dcb3c243d810db	Mock type-strain BLAST	Saccharomyces	Saccharomyces_cerevisiae	k__Fungi; p__Ascomycota; c__Saccharomycetes; o__Saccharomycetales; f__Saccharomycetaceae; g__Saccharomyces; s__Saccharomyces_cerevisiae	fig4_q30_SE_cutadapt_unite_blast_top1_rescue	Cutadapt	SE	SE	Cutadapt
61645f9cde6903edbbd03f5235efd2d1	Mock type-strain BLAST	Cryptococcus	Cryptococcus_neoformans	k__Fungi; p__Basidiomycota; c__Tremellomycetes; o__Tremellales; f__Tremellaceae; g__Cryptococcus; s__Cryptococcus_neoformans	fig4_q30_SE_cutadapt_unite_blast_top1_rescue	Cutadapt	SE	SE	Cutadapt
621f2a9745265d827cc94a1d025b8a38	Mock type-strain BLAST	Saccharomyces	Saccharomyces_cerevisiae	k__Fungi; p__Ascomycota; c__Saccharomycetes; o__Saccharomycetales; f__Saccharomycetaceae; g__Saccharomyces; s__Saccharomyces_cerevisiae	fig4_q30_SE_cutadapt_unite_blast_top1_rescue	Cutadapt	SE	SE	Cutadapt
628fa4d9864efdb099121fdc264211a5	Mock type-strain BLAST	Penicillium	Penicillium_chrysogenum	k__Fungi; p__Ascomycota; c__Eurotiomycetes; o__Eurotiales; f__Aspergillaceae; g__Penicillium; s__Penicillium_chrysogenum	fig4_q30_SE_cutadapt_unite_blast_top1_rescue	Cutadapt	SE	SE	Cutadapt
638e7ccf3419acc06aafd317364cba75	Mock type-strain BLAST	Saccharomyces	Saccharomyces_cerevisiae	k__Fungi; p__Ascomycota; c__Saccharomycetes; o__Saccharomycetales; f__Saccharomycetaceae; g__Saccharomyces; s__Saccharomyces_cerevisiae	fig4_q30_SE_cutadapt_unite_blast_top1_rescue	Cutadapt	SE	SE	Cutadapt
641f531733565284c1dd59890b5a5e83	Mock type-strain BLAST	Cryptococcus	Cryptococcus_neoformans	k__Fungi; p__Basidiomycota; c__Tremellomycetes; o__Tremellales; f__Tremellaceae; g__Cryptococcus; s__Cryptococcus_neoformans	fig4_q30_SE_cutadapt_unite_blast_top1_rescue	Cutadapt	SE	SE	Cutadapt
644c895ef79df8c731420be73cf8b6c0	Mock type-strain BLAST	Trichophyton	Trichophyton_interdigitale	k__Fungi; p__Ascomycota; c__Eurotiomycetes; o__Onygenales; f__Arthrodermataceae; g__Trichophyton; s__Trichophyton_interdigitale	fig4_q30_SE_cutadapt_unite_blast_top1_rescue	Cutadapt	SE	SE	Cutadapt
6579df31fdeb07e99320f5c35e866053	Mock type-strain BLAST	Fusarium	Fusarium_keratoplasticum	k__Fungi; p__Ascomycota; c__Sordariomycetes; o__Hypocreales; f__Nectriaceae; g__Fusarium; s__Fusarium_keratoplasticum	fig4_q30_SE_cutadapt_unite_blast_top1_rescue	Cutadapt	SE	SE	Cutadapt
661bf01ab3c55eee56f097097463b355	Mock type-strain BLAST	Penicillium	Penicillium_chrysogenum	k__Fungi; p__Ascomycota; c__Eurotiomycetes; o__Eurotiales; f__Aspergillaceae; g__Penicillium; s__Penicillium_chrysogenum	fig4_q30_SE_cutadapt_unite_blast_top1_rescue	Cutadapt	SE	SE	Cutadapt
66b54e2a443f697f121c66c80dc95df9	Mock type-strain BLAST	Nakaseomyces	Nakaseomyces_glabratus	k__Fungi; p__Ascomycota; c__Saccharomycetes; o__Saccharomycetales; f__Saccharomycetaceae; g__Nakaseomyces; s__Nakaseomyces_glabratus	fig4_q30_SE_cutadapt_unite_blast_top1_rescue	Cutadapt	SE	SE	Cutadapt
6734e9cf02163049e17ba80c6b32c086	Mock type-strain BLAST	Saccharomyces	Saccharomyces_cerevisiae	k__Fungi; p__Ascomycota; c__Saccharomycetes; o__Saccharomycetales; f__Saccharomycetaceae; g__Saccharomyces; s__Saccharomyces_cerevisiae	fig4_q30_SE_cutadapt_unite_blast_top1_rescue	Cutadapt	SE	SE	Cutadapt
674495db5026d621602634dd1d9ca190	Mock type-strain BLAST	Aspergillus	Aspergillus_fumigatus	k__Fungi; p__Ascomycota; c__Eurotiomycetes; o__Eurotiales; f__Aspergillaceae; g__Aspergillus; s__Aspergillus_fumigatus	fig4_q30_SE_cutadapt_unite_blast_top1_rescue	Cutadapt	SE	SE	Cutadapt
6790f42c7414d04cbfca2d0bc9403137	Mock type-strain BLAST	Nakaseomyces	Nakaseomyces_glabratus	k__Fungi; p__Ascomycota; c__Saccharomycetes; o__Saccharomycetales; f__Saccharomycetaceae; g__Nakaseomyces; s__Nakaseomyces_glabratus	fig4_q30_SE_cutadapt_unite_blast_top1_rescue	Cutadapt	SE	SE	Cutadapt
679ca3aecfbd02b0d7659b6327a70872	Mock type-strain BLAST	Nakaseomyces	Nakaseomyces_glabratus	k__Fungi; p__Ascomycota; c__Saccharomycetes; o__Saccharomycetales; f__Saccharomycetaceae; g__Nakaseomyces; s__Nakaseomyces_glabratus	fig4_q30_SE_cutadapt_unite_blast_top1_rescue	Cutadapt	SE	SE	Cutadapt
67f44c83f92569ef7a21c13966f48c49	Mock type-strain BLAST	Penicillium	Penicillium_chrysogenum	k__Fungi; p__Ascomycota; c__Eurotiomycetes; o__Eurotiales; f__Aspergillaceae; g__Penicillium; s__Penicillium_chrysogenum	fig4_q30_SE_cutadapt_unite_blast_top1_rescue	Cutadapt	SE	SE	Cutadapt
690485dcc88ee46eafca88455c1350fb	Mock type-strain BLAST	Nakaseomyces	Nakaseomyces_glabratus	k__Fungi; p__Ascomycota; c__Saccharomycetes; o__Saccharomycetales; f__Saccharomycetaceae; g__Nakaseomyces; s__Nakaseomyces_glabratus	fig4_q30_SE_cutadapt_unite_blast_top1_rescue	Cutadapt	SE	SE	Cutadapt
6976a055044853c7e68d7943cfd3806a	Mock type-strain BLAST	Saccharomyces	Saccharomyces_cerevisiae	k__Fungi; p__Ascomycota; c__Saccharomycetes; o__Saccharomycetales; f__Saccharomycetaceae; g__Saccharomyces; s__Saccharomyces_cerevisiae	fig4_q30_SE_cutadapt_unite_blast_top1_rescue	Cutadapt	SE	SE	Cutadapt
6a84d445d0bc5b70a398f6fdf01eb66f	Mock type-strain BLAST	Trichophyton	Trichophyton_interdigitale	k__Fungi; p__Ascomycota; c__Eurotiomycetes; o__Onygenales; f__Arthrodermataceae; g__Trichophyton; s__Trichophyton_interdigitale	fig4_q30_SE_cutadapt_unite_blast_top1_rescue	Cutadapt	SE	SE	Cutadapt
6a9936467ea0ec25f21c078e03632613	Mock type-strain BLAST	Candida	Candida_albicans	k__Fungi; p__Ascomycota; c__Saccharomycetes; o__Saccharomycetales; f__Debaryomycetaceae; g__Candida; s__Candida_albicans	fig4_q30_SE_cutadapt_unite_blast_top1_rescue	Cutadapt	SE	SE	Cutadapt
6a9c03927332a86761ef8140c19e76a2	Mock type-strain BLAST	Nakaseomyces	Nakaseomyces_glabratus	k__Fungi; p__Ascomycota; c__Saccharomycetes; o__Saccharomycetales; f__Saccharomycetaceae; g__Nakaseomyces; s__Nakaseomyces_glabratus	fig4_q30_SE_cutadapt_unite_blast_top1_rescue	Cutadapt	SE	SE	Cutadapt
6b364ee32451dd49784a71f534ef2bae	Mock type-strain BLAST	Aspergillus	Aspergillus_fumigatus	k__Fungi; p__Ascomycota; c__Eurotiomycetes; o__Eurotiales; f__Aspergillaceae; g__Aspergillus; s__Aspergillus_fumigatus	fig4_q30_SE_cutadapt_unite_blast_top1_rescue	Cutadapt	SE	SE	Cutadapt
6c1fc4704aa612ba09b1cc742f0c67b2	Mock type-strain BLAST	Nakaseomyces	Nakaseomyces_glabratus	k__Fungi; p__Ascomycota; c__Saccharomycetes; o__Saccharomycetales; f__Saccharomycetaceae; g__Nakaseomyces; s__Nakaseomyces_glabratus	fig4_q30_SE_cutadapt_unite_blast_top1_rescue	Cutadapt	SE	SE	Cutadapt
6d4528949a1b4da8c05713abbbd208fd	Mock type-strain BLAST	Cutaneotrichosporon	Cutaneotrichosporon_dermatis	k__Fungi; p__Basidiomycota; c__Tremellomycetes; o__Trichosporonales; f__Trichosporonaceae; g__Cutaneotrichosporon; s__Cutaneotrichosporon_dermatis	fig4_q30_SE_cutadapt_unite_blast_top1_rescue	Cutadapt	SE	SE	Cutadapt
6d536c0697e3374ffb3ec10414641759	Mock type-strain BLAST	Saccharomyces	Saccharomyces_cerevisiae	k__Fungi; p__Ascomycota; c__Saccharomycetes; o__Saccharomycetales; f__Saccharomycetaceae; g__Saccharomyces; s__Saccharomyces_cerevisiae	fig4_q30_SE_cutadapt_unite_blast_top1_rescue	Cutadapt	SE	SE	Cutadapt
6d5d5e8e8195643d12ad9f89722821ba	Mock type-strain BLAST	Aspergillus	Aspergillus_fumigatus	k__Fungi; p__Ascomycota; c__Eurotiomycetes; o__Eurotiales; f__Aspergillaceae; g__Aspergillus; s__Aspergillus_fumigatus	fig4_q30_SE_cutadapt_unite_blast_top1_rescue	Cutadapt	SE	SE	Cutadapt
6e0e8ddf7043ec51d326dff163480dc7	Mock type-strain BLAST	Aspergillus	Aspergillus_fumigatus	k__Fungi; p__Ascomycota; c__Eurotiomycetes; o__Eurotiales; f__Aspergillaceae; g__Aspergillus; s__Aspergillus_fumigatus	fig4_q30_SE_cutadapt_unite_blast_top1_rescue	Cutadapt	SE	SE	Cutadapt
6e82328c42ba7c3e6116b76beafea40d	Mock type-strain BLAST	Trichophyton	Trichophyton_interdigitale	k__Fungi; p__Ascomycota; c__Eurotiomycetes; o__Onygenales; f__Arthrodermataceae; g__Trichophyton; s__Trichophyton_interdigitale	fig4_q30_SE_cutadapt_unite_blast_top1_rescue	Cutadapt	SE	SE	Cutadapt
6ea70f7a936fb3c83b92541a31d0699e	Mock type-strain BLAST	Nakaseomyces	Nakaseomyces_glabratus	k__Fungi; p__Ascomycota; c__Saccharomycetes; o__Saccharomycetales; f__Saccharomycetaceae; g__Nakaseomyces; s__Nakaseomyces_glabratus	fig4_q30_SE_cutadapt_unite_blast_top1_rescue	Cutadapt	SE	SE	Cutadapt
6eee9ddd3be2fa1716629021008b521e	Mock type-strain BLAST	Trichophyton	Trichophyton_interdigitale	k__Fungi; p__Ascomycota; c__Eurotiomycetes; o__Onygenales; f__Arthrodermataceae; g__Trichophyton; s__Trichophyton_interdigitale	fig4_q30_SE_cutadapt_unite_blast_top1_rescue	Cutadapt	SE	SE	Cutadapt
6f44fdcac884f9349154a511f9ec5467	Mock type-strain BLAST	Nakaseomyces	Nakaseomyces_glabratus	k__Fungi; p__Ascomycota; c__Saccharomycetes; o__Saccharomycetales; f__Saccharomycetaceae; g__Nakaseomyces; s__Nakaseomyces_glabratus	fig4_q30_SE_cutadapt_unite_blast_top1_rescue	Cutadapt	SE	SE	Cutadapt
6ff253a77431f16f031f09943020be98	Mock type-strain BLAST	Cutaneotrichosporon	Cutaneotrichosporon_dermatis	k__Fungi; p__Basidiomycota; c__Tremellomycetes; o__Trichosporonales; f__Trichosporonaceae; g__Cutaneotrichosporon; s__Cutaneotrichosporon_dermatis	fig4_q30_SE_cutadapt_unite_blast_top1_rescue	Cutadapt	SE	SE	Cutadapt
6ff9a3e427e998643e8d98a2a3d9157b	Mock type-strain BLAST	Trichophyton	Trichophyton_interdigitale	k__Fungi; p__Ascomycota; c__Eurotiomycetes; o__Onygenales; f__Arthrodermataceae; g__Trichophyton; s__Trichophyton_interdigitale	fig4_q30_SE_cutadapt_unite_blast_top1_rescue	Cutadapt	SE	SE	Cutadapt
7022c374ae44a6ea810bc3bc7018547c	Mock type-strain BLAST	Fusarium	Fusarium_keratoplasticum	k__Fungi; p__Ascomycota; c__Sordariomycetes; o__Hypocreales; f__Nectriaceae; g__Fusarium; s__Fusarium_keratoplasticum	fig4_q30_SE_cutadapt_unite_blast_top1_rescue	Cutadapt	SE	SE	Cutadapt
705dc39cc2275d1e72dc907ff947628d	Mock type-strain BLAST	Cutaneotrichosporon	Cutaneotrichosporon_dermatis	k__Fungi; p__Basidiomycota; c__Tremellomycetes; o__Trichosporonales; f__Trichosporonaceae; g__Cutaneotrichosporon; s__Cutaneotrichosporon_dermatis	fig4_q30_SE_cutadapt_unite_blast_top1_rescue	Cutadapt	SE	SE	Cutadapt
708ed5611c17651ff5806fa18df950fa	Mock type-strain BLAST	Saccharomyces	Saccharomyces_cerevisiae	k__Fungi; p__Ascomycota; c__Saccharomycetes; o__Saccharomycetales; f__Saccharomycetaceae; g__Saccharomyces; s__Saccharomyces_cerevisiae	fig4_q30_SE_cutadapt_unite_blast_top1_rescue	Cutadapt	SE	SE	Cutadapt
70c24fbf5a1015511f7eeaa619943c09	Mock type-strain BLAST	Saccharomyces	Saccharomyces_cerevisiae	k__Fungi; p__Ascomycota; c__Saccharomycetes; o__Saccharomycetales; f__Saccharomycetaceae; g__Saccharomyces; s__Saccharomyces_cerevisiae	fig4_q30_SE_cutadapt_unite_blast_top1_rescue	Cutadapt	SE	SE	Cutadapt
70d60c1f3f6ba9ae04d78ef6f824c9b8	Mock type-strain BLAST	Fusarium	Fusarium_keratoplasticum	k__Fungi; p__Ascomycota; c__Sordariomycetes; o__Hypocreales; f__Nectriaceae; g__Fusarium; s__Fusarium_keratoplasticum	fig4_q30_SE_cutadapt_unite_blast_top1_rescue	Cutadapt	SE	SE	Cutadapt
719c06db40daf054bc4b27a72600de75	Mock type-strain BLAST	Cutaneotrichosporon	Cutaneotrichosporon_dermatis	k__Fungi; p__Basidiomycota; c__Tremellomycetes; o__Trichosporonales; f__Trichosporonaceae; g__Cutaneotrichosporon; s__Cutaneotrichosporon_dermatis	fig4_q30_SE_cutadapt_unite_blast_top1_rescue	Cutadapt	SE	SE	Cutadapt
722fb57e17229696cb75e47ad882962f	Mock type-strain BLAST	Cryptococcus	Cryptococcus_neoformans	k__Fungi; p__Basidiomycota; c__Tremellomycetes; o__Tremellales; f__Tremellaceae; g__Cryptococcus; s__Cryptococcus_neoformans	fig4_q30_SE_cutadapt_unite_blast_top1_rescue	Cutadapt	SE	SE	Cutadapt
7243d6f6c59327bcf48abb33a65296e7	Mock type-strain BLAST	Nakaseomyces	Nakaseomyces_glabratus	k__Fungi; p__Ascomycota; c__Saccharomycetes; o__Saccharomycetales; f__Saccharomycetaceae; g__Nakaseomyces; s__Nakaseomyces_glabratus	fig4_q30_SE_cutadapt_unite_blast_top1_rescue	Cutadapt	SE	SE	Cutadapt
725402e2a81677678ca9799ecc96fe7f	Mock type-strain BLAST	Saccharomyces	Saccharomyces_cerevisiae	k__Fungi; p__Ascomycota; c__Saccharomycetes; o__Saccharomycetales; f__Saccharomycetaceae; g__Saccharomyces; s__Saccharomyces_cerevisiae	fig4_q30_SE_cutadapt_unite_blast_top1_rescue	Cutadapt	SE	SE	Cutadapt
72dd04cf016a807b3f0ed8e3b52565b4	Mock type-strain BLAST	Candida	Candida_albicans	k__Fungi; p__Ascomycota; c__Saccharomycetes; o__Saccharomycetales; f__Debaryomycetaceae; g__Candida; s__Candida_albicans	fig4_q30_SE_cutadapt_unite_blast_top1_rescue	Cutadapt	SE	SE	Cutadapt
7332820fcc90af10ffa68c99d5c2d874	Mock type-strain BLAST	Candida	Candida_albicans	k__Fungi; p__Ascomycota; c__Saccharomycetes; o__Saccharomycetales; f__Debaryomycetaceae; g__Candida; s__Candida_albicans	fig4_q30_SE_cutadapt_unite_blast_top1_rescue	Cutadapt	SE	SE	Cutadapt
734b3bd502cf4e15ab36e06823ea19d1	Mock type-strain BLAST	Nakaseomyces	Nakaseomyces_glabratus	k__Fungi; p__Ascomycota; c__Saccharomycetes; o__Saccharomycetales; f__Saccharomycetaceae; g__Nakaseomyces; s__Nakaseomyces_glabratus	fig4_q30_SE_cutadapt_unite_blast_top1_rescue	Cutadapt	SE	SE	Cutadapt
75107df2ba22157d21ca3da014ea641a	Mock type-strain BLAST	Trichophyton	Trichophyton_interdigitale	k__Fungi; p__Ascomycota; c__Eurotiomycetes; o__Onygenales; f__Arthrodermataceae; g__Trichophyton; s__Trichophyton_interdigitale	fig4_q30_SE_cutadapt_unite_blast_top1_rescue	Cutadapt	SE	SE	Cutadapt
754268c86474386269e578a4eb485b8a	Mock type-strain BLAST	Candida	Candida_albicans	k__Fungi; p__Ascomycota; c__Saccharomycetes; o__Saccharomycetales; f__Debaryomycetaceae; g__Candida; s__Candida_albicans	fig4_q30_SE_cutadapt_unite_blast_top1_rescue	Cutadapt	SE	SE	Cutadapt
75460142a37c38afe494aff9cc6ce051	Mock type-strain BLAST	Aspergillus	Aspergillus_fumigatus	k__Fungi; p__Ascomycota; c__Eurotiomycetes; o__Eurotiales; f__Aspergillaceae; g__Aspergillus; s__Aspergillus_fumigatus	fig4_q30_SE_cutadapt_unite_blast_top1_rescue	Cutadapt	SE	SE	Cutadapt
79b8b59b62b6bcd94537b80830d7f47d	Mock type-strain BLAST	Nakaseomyces	Nakaseomyces_glabratus	k__Fungi; p__Ascomycota; c__Saccharomycetes; o__Saccharomycetales; f__Saccharomycetaceae; g__Nakaseomyces; s__Nakaseomyces_glabratus	fig4_q30_SE_cutadapt_unite_blast_top1_rescue	Cutadapt	SE	SE	Cutadapt
7afb59c70eff2cec5a071dd7c3ca79e0	Mock type-strain BLAST	Fusarium	Fusarium_keratoplasticum	k__Fungi; p__Ascomycota; c__Sordariomycetes; o__Hypocreales; f__Nectriaceae; g__Fusarium; s__Fusarium_keratoplasticum	fig4_q30_SE_cutadapt_unite_blast_top1_rescue	Cutadapt	SE	SE	Cutadapt
7b3895e4ce4378f120ee488c628004dc	Mock type-strain BLAST	Trichophyton	Trichophyton_interdigitale	k__Fungi; p__Ascomycota; c__Eurotiomycetes; o__Onygenales; f__Arthrodermataceae; g__Trichophyton; s__Trichophyton_interdigitale	fig4_q30_SE_cutadapt_unite_blast_top1_rescue	Cutadapt	SE	SE	Cutadapt
7c26a2bc5ea2beb04c6da14fd04a67c3	Mock type-strain BLAST	Cryptococcus	Cryptococcus_neoformans	k__Fungi; p__Basidiomycota; c__Tremellomycetes; o__Tremellales; f__Tremellaceae; g__Cryptococcus; s__Cryptococcus_neoformans	fig4_q30_SE_cutadapt_unite_blast_top1_rescue	Cutadapt	SE	SE	Cutadapt
7eb255283c6c52bd61ca80e88b608ef1	Mock type-strain BLAST	Saccharomyces	Saccharomyces_cerevisiae	k__Fungi; p__Ascomycota; c__Saccharomycetes; o__Saccharomycetales; f__Saccharomycetaceae; g__Saccharomyces; s__Saccharomyces_cerevisiae	fig4_q30_SE_cutadapt_unite_blast_top1_rescue	Cutadapt	SE	SE	Cutadapt
7ec116ba801fe0dd6ad02c5516ba27b6	Mock type-strain BLAST	Saccharomyces	Saccharomyces_cerevisiae	k__Fungi; p__Ascomycota; c__Saccharomycetes; o__Saccharomycetales; f__Saccharomycetaceae; g__Saccharomyces; s__Saccharomyces_cerevisiae	fig4_q30_SE_cutadapt_unite_blast_top1_rescue	Cutadapt	SE	SE	Cutadapt
7ec84e73c19db6fd14a892be88d602d6	Mock type-strain BLAST	Nakaseomyces	Nakaseomyces_glabratus	k__Fungi; p__Ascomycota; c__Saccharomycetes; o__Saccharomycetales; f__Saccharomycetaceae; g__Nakaseomyces; s__Nakaseomyces_glabratus	fig4_q30_SE_cutadapt_unite_blast_top1_rescue	Cutadapt	SE	SE	Cutadapt
7f21c32326f029d0dc23b6548c9be2eb	Mock type-strain BLAST	Cutaneotrichosporon	Cutaneotrichosporon_dermatis	k__Fungi; p__Basidiomycota; c__Tremellomycetes; o__Trichosporonales; f__Trichosporonaceae; g__Cutaneotrichosporon; s__Cutaneotrichosporon_dermatis	fig4_q30_SE_cutadapt_unite_blast_top1_rescue	Cutadapt	SE	SE	Cutadapt
80031c9738d7445f1f857a5681c053a2	Mock type-strain BLAST	Saccharomyces	Saccharomyces_cerevisiae	k__Fungi; p__Ascomycota; c__Saccharomycetes; o__Saccharomycetales; f__Saccharomycetaceae; g__Saccharomyces; s__Saccharomyces_cerevisiae	fig4_q30_SE_cutadapt_unite_blast_top1_rescue	Cutadapt	SE	SE	Cutadapt
80d69bc60273cafc5a73ae55b234f7c9	Mock type-strain BLAST	Fusarium	Fusarium_keratoplasticum	k__Fungi; p__Ascomycota; c__Sordariomycetes; o__Hypocreales; f__Nectriaceae; g__Fusarium; s__Fusarium_keratoplasticum	fig4_q30_SE_cutadapt_unite_blast_top1_rescue	Cutadapt	SE	SE	Cutadapt
80e1bf7ccd84a6512dc5cc240266fbbc	Mock type-strain BLAST	Malassezia	Malassezia_globosa	k__Fungi; p__Basidiomycota; c__Malasseziomycetes; o__Malasseziales; f__Malasseziaceae; g__Malassezia; s__Malassezia_globosa	fig4_q30_SE_cutadapt_unite_blast_top1_rescue	Cutadapt	SE	SE	Cutadapt
810614b36a07abd1a925d29282f91909	Mock type-strain BLAST	Nakaseomyces	Nakaseomyces_glabratus	k__Fungi; p__Ascomycota; c__Saccharomycetes; o__Saccharomycetales; f__Saccharomycetaceae; g__Nakaseomyces; s__Nakaseomyces_glabratus	fig4_q30_SE_cutadapt_unite_blast_top1_rescue	Cutadapt	SE	SE	Cutadapt
816d201ed9172ccf13a16767c31c90c9	Mock type-strain BLAST	Malassezia	Malassezia_globosa	k__Fungi; p__Basidiomycota; c__Malasseziomycetes; o__Malasseziales; f__Malasseziaceae; g__Malassezia; s__Malassezia_globosa	fig4_q30_SE_cutadapt_unite_blast_top1_rescue	Cutadapt	SE	SE	Cutadapt
830623f85c074e3be00b07789c2ab817	Mock type-strain BLAST	Nakaseomyces	Nakaseomyces_glabratus	k__Fungi; p__Ascomycota; c__Saccharomycetes; o__Saccharomycetales; f__Saccharomycetaceae; g__Nakaseomyces; s__Nakaseomyces_glabratus	fig4_q30_SE_cutadapt_unite_blast_top1_rescue	Cutadapt	SE	SE	Cutadapt
84b5c1c947a868e466363aca6892af10	Mock type-strain BLAST	Aspergillus	Aspergillus_fumigatus	k__Fungi; p__Ascomycota; c__Eurotiomycetes; o__Eurotiales; f__Aspergillaceae; g__Aspergillus; s__Aspergillus_fumigatus	fig4_q30_SE_cutadapt_unite_blast_top1_rescue	Cutadapt	SE	SE	Cutadapt
852a848e6c1fce8ec025e60eb1d8ad45	Mock type-strain BLAST	Cutaneotrichosporon	Cutaneotrichosporon_dermatis	k__Fungi; p__Basidiomycota; c__Tremellomycetes; o__Trichosporonales; f__Trichosporonaceae; g__Cutaneotrichosporon; s__Cutaneotrichosporon_dermatis	fig4_q30_SE_cutadapt_unite_blast_top1_rescue	Cutadapt	SE	SE	Cutadapt
8578ebd1501eab5abc643bb43fb0b7e2	Mock type-strain BLAST	Nakaseomyces	Nakaseomyces_glabratus	k__Fungi; p__Ascomycota; c__Saccharomycetes; o__Saccharomycetales; f__Saccharomycetaceae; g__Nakaseomyces; s__Nakaseomyces_glabratus	fig4_q30_SE_cutadapt_unite_blast_top1_rescue	Cutadapt	SE	SE	Cutadapt
85d8f5af58655f5e9a0875198e40a4cf	Mock type-strain BLAST	Nakaseomyces	Nakaseomyces_glabratus	k__Fungi; p__Ascomycota; c__Saccharomycetes; o__Saccharomycetales; f__Saccharomycetaceae; g__Nakaseomyces; s__Nakaseomyces_glabratus	fig4_q30_SE_cutadapt_unite_blast_top1_rescue	Cutadapt	SE	SE	Cutadapt
861e3c2d2e021bc75d515a994d56517e	Mock type-strain BLAST	Fusarium	Fusarium_keratoplasticum	k__Fungi; p__Ascomycota; c__Sordariomycetes; o__Hypocreales; f__Nectriaceae; g__Fusarium; s__Fusarium_keratoplasticum	fig4_q30_SE_cutadapt_unite_blast_top1_rescue	Cutadapt	SE	SE	Cutadapt
870b996b7364a3020227bc4b918ba54f	Mock type-strain BLAST	Saccharomyces	Saccharomyces_cerevisiae	k__Fungi; p__Ascomycota; c__Saccharomycetes; o__Saccharomycetales; f__Saccharomycetaceae; g__Saccharomyces; s__Saccharomyces_cerevisiae	fig4_q30_SE_cutadapt_unite_blast_top1_rescue	Cutadapt	SE	SE	Cutadapt
88be853cbd81bb124d987055745dd220	Mock type-strain BLAST	Cryptococcus	Cryptococcus_neoformans	k__Fungi; p__Basidiomycota; c__Tremellomycetes; o__Tremellales; f__Tremellaceae; g__Cryptococcus; s__Cryptococcus_neoformans	fig4_q30_SE_cutadapt_unite_blast_top1_rescue	Cutadapt	SE	SE	Cutadapt
88d9e26258cbe6803242c238c2455096	Mock type-strain BLAST	Cryptococcus	Cryptococcus_neoformans	k__Fungi; p__Basidiomycota; c__Tremellomycetes; o__Tremellales; f__Tremellaceae; g__Cryptococcus; s__Cryptococcus_neoformans	fig4_q30_SE_cutadapt_unite_blast_top1_rescue	Cutadapt	SE	SE	Cutadapt
891d74d20e746b1fb0158d4e1d1738cf	Mock type-strain BLAST	Trichophyton	Trichophyton_interdigitale	k__Fungi; p__Ascomycota; c__Eurotiomycetes; o__Onygenales; f__Arthrodermataceae; g__Trichophyton; s__Trichophyton_interdigitale	fig4_q30_SE_cutadapt_unite_blast_top1_rescue	Cutadapt	SE	SE	Cutadapt
89280dfd2d6284d8379415b8579079b4	Mock type-strain BLAST	Saccharomyces	Saccharomyces_cerevisiae	k__Fungi; p__Ascomycota; c__Saccharomycetes; o__Saccharomycetales; f__Saccharomycetaceae; g__Saccharomyces; s__Saccharomyces_cerevisiae	fig4_q30_SE_cutadapt_unite_blast_top1_rescue	Cutadapt	SE	SE	Cutadapt
8965aa6d2863f5cb3cd73c6b457b8c10	Mock type-strain BLAST	Nakaseomyces	Nakaseomyces_glabratus	k__Fungi; p__Ascomycota; c__Saccharomycetes; o__Saccharomycetales; f__Saccharomycetaceae; g__Nakaseomyces; s__Nakaseomyces_glabratus	fig4_q30_SE_cutadapt_unite_blast_top1_rescue	Cutadapt	SE	SE	Cutadapt
89b2c9df3eca133597ce82b96537e5cb	Mock type-strain BLAST	Aspergillus	Aspergillus_fumigatus	k__Fungi; p__Ascomycota; c__Eurotiomycetes; o__Eurotiales; f__Aspergillaceae; g__Aspergillus; s__Aspergillus_fumigatus	fig4_q30_SE_cutadapt_unite_blast_top1_rescue	Cutadapt	SE	SE	Cutadapt
8a52693c2a3066f0951f6e0ab114cf44	Mock type-strain BLAST	Saccharomyces	Saccharomyces_cerevisiae	k__Fungi; p__Ascomycota; c__Saccharomycetes; o__Saccharomycetales; f__Saccharomycetaceae; g__Saccharomyces; s__Saccharomyces_cerevisiae	fig4_q30_SE_cutadapt_unite_blast_top1_rescue	Cutadapt	SE	SE	Cutadapt
8abbc3706d83fc336ad674b159566a26	Mock type-strain BLAST	Candida	Candida_albicans	k__Fungi; p__Ascomycota; c__Saccharomycetes; o__Saccharomycetales; f__Debaryomycetaceae; g__Candida; s__Candida_albicans	fig4_q30_SE_cutadapt_unite_blast_top1_rescue	Cutadapt	SE	SE	Cutadapt
8c82b71188e096be2feb08fd7d64d6a6	Mock type-strain BLAST	Cutaneotrichosporon	Cutaneotrichosporon_dermatis	k__Fungi; p__Basidiomycota; c__Tremellomycetes; o__Trichosporonales; f__Trichosporonaceae; g__Cutaneotrichosporon; s__Cutaneotrichosporon_dermatis	fig4_q30_SE_cutadapt_unite_blast_top1_rescue	Cutadapt	SE	SE	Cutadapt
8c9faa9e15875e19c83d12df14a5a3ff	Mock type-strain BLAST	Saccharomyces	Saccharomyces_cerevisiae	k__Fungi; p__Ascomycota; c__Saccharomycetes; o__Saccharomycetales; f__Saccharomycetaceae; g__Saccharomyces; s__Saccharomyces_cerevisiae	fig4_q30_SE_cutadapt_unite_blast_top1_rescue	Cutadapt	SE	SE	Cutadapt
8d231a317ba8cf704dcdc9a1d5d1de99	Mock type-strain BLAST	Cryptococcus	Cryptococcus_neoformans	k__Fungi; p__Basidiomycota; c__Tremellomycetes; o__Tremellales; f__Tremellaceae; g__Cryptococcus; s__Cryptococcus_neoformans	fig4_q30_SE_cutadapt_unite_blast_top1_rescue	Cutadapt	SE	SE	Cutadapt
8d3e05b052f65c88c539505f87882851	Mock type-strain BLAST	Nakaseomyces	Nakaseomyces_glabratus	k__Fungi; p__Ascomycota; c__Saccharomycetes; o__Saccharomycetales; f__Saccharomycetaceae; g__Nakaseomyces; s__Nakaseomyces_glabratus	fig4_q30_SE_cutadapt_unite_blast_top1_rescue	Cutadapt	SE	SE	Cutadapt
8eedab30efdc40b9d88bdabe03635ba4	Mock type-strain BLAST	Candida	Candida_albicans	k__Fungi; p__Ascomycota; c__Saccharomycetes; o__Saccharomycetales; f__Debaryomycetaceae; g__Candida; s__Candida_albicans	fig4_q30_SE_cutadapt_unite_blast_top1_rescue	Cutadapt	SE	SE	Cutadapt
8f5b156b2473d6552ed30cec420b2b02	Mock type-strain BLAST	Nakaseomyces	Nakaseomyces_glabratus	k__Fungi; p__Ascomycota; c__Saccharomycetes; o__Saccharomycetales; f__Saccharomycetaceae; g__Nakaseomyces; s__Nakaseomyces_glabratus	fig4_q30_SE_cutadapt_unite_blast_top1_rescue	Cutadapt	SE	SE	Cutadapt
8fa01d73021156ed6e2382e0d80dec3a	Mock type-strain BLAST	Candida	Candida_albicans	k__Fungi; p__Ascomycota; c__Saccharomycetes; o__Saccharomycetales; f__Debaryomycetaceae; g__Candida; s__Candida_albicans	fig4_q30_SE_cutadapt_unite_blast_top1_rescue	Cutadapt	SE	SE	Cutadapt
90aa0385993cdfbec9b8925a1163afb6	Mock type-strain BLAST	Saccharomyces	Saccharomyces_cerevisiae	k__Fungi; p__Ascomycota; c__Saccharomycetes; o__Saccharomycetales; f__Saccharomycetaceae; g__Saccharomyces; s__Saccharomyces_cerevisiae	fig4_q30_SE_cutadapt_unite_blast_top1_rescue	Cutadapt	SE	SE	Cutadapt
90c790cd51b041fe427de8b5a8538108	Mock type-strain BLAST	Nakaseomyces	Nakaseomyces_glabratus	k__Fungi; p__Ascomycota; c__Saccharomycetes; o__Saccharomycetales; f__Saccharomycetaceae; g__Nakaseomyces; s__Nakaseomyces_glabratus	fig4_q30_SE_cutadapt_unite_blast_top1_rescue	Cutadapt	SE	SE	Cutadapt
92ebee3e1d5e106289f51862c1333f71	Mock type-strain BLAST	Cryptococcus	Cryptococcus_neoformans	k__Fungi; p__Basidiomycota; c__Tremellomycetes; o__Tremellales; f__Tremellaceae; g__Cryptococcus; s__Cryptococcus_neoformans	fig4_q30_SE_cutadapt_unite_blast_top1_rescue	Cutadapt	SE	SE	Cutadapt
934f533a78b5de1479b59f1a682d064c	Mock type-strain BLAST	Saccharomyces	Saccharomyces_cerevisiae	k__Fungi; p__Ascomycota; c__Saccharomycetes; o__Saccharomycetales; f__Saccharomycetaceae; g__Saccharomyces; s__Saccharomyces_cerevisiae	fig4_q30_SE_cutadapt_unite_blast_top1_rescue	Cutadapt	SE	SE	Cutadapt
9382063e0b2044656cf90225daa688cc	Mock type-strain BLAST	Saccharomyces	Saccharomyces_cerevisiae	k__Fungi; p__Ascomycota; c__Saccharomycetes; o__Saccharomycetales; f__Saccharomycetaceae; g__Saccharomyces; s__Saccharomyces_cerevisiae	fig4_q30_SE_cutadapt_unite_blast_top1_rescue	Cutadapt	SE	SE	Cutadapt
93ca18c8326c68730665b16f4afc4c27	Mock type-strain BLAST	Aspergillus	Aspergillus_fumigatus	k__Fungi; p__Ascomycota; c__Eurotiomycetes; o__Eurotiales; f__Aspergillaceae; g__Aspergillus; s__Aspergillus_fumigatus	fig4_q30_SE_cutadapt_unite_blast_top1_rescue	Cutadapt	SE	SE	Cutadapt
94c0d2deeddd5f1e709b971ddca5b96f	Mock type-strain BLAST	Fusarium	Fusarium_keratoplasticum	k__Fungi; p__Ascomycota; c__Sordariomycetes; o__Hypocreales; f__Nectriaceae; g__Fusarium; s__Fusarium_keratoplasticum	fig4_q30_SE_cutadapt_unite_blast_top1_rescue	Cutadapt	SE	SE	Cutadapt
94dddfcdc76df2a1fd9cc9fef269a37a	Mock type-strain BLAST	Malassezia	Malassezia_globosa	k__Fungi; p__Basidiomycota; c__Malasseziomycetes; o__Malasseziales; f__Malasseziaceae; g__Malassezia; s__Malassezia_globosa	fig4_q30_SE_cutadapt_unite_blast_top1_rescue	Cutadapt	SE	SE	Cutadapt
955eb7ae0fe2a3213438ef5bec2de66e	Mock type-strain BLAST	Saccharomyces	Saccharomyces_cerevisiae	k__Fungi; p__Ascomycota; c__Saccharomycetes; o__Saccharomycetales; f__Saccharomycetaceae; g__Saccharomyces; s__Saccharomyces_cerevisiae	fig4_q30_SE_cutadapt_unite_blast_top1_rescue	Cutadapt	SE	SE	Cutadapt
957a4979ef8eb030190ed5fa5f7c5e47	Mock type-strain BLAST	Malassezia	Malassezia_globosa	k__Fungi; p__Basidiomycota; c__Malasseziomycetes; o__Malasseziales; f__Malasseziaceae; g__Malassezia; s__Malassezia_globosa	fig4_q30_SE_cutadapt_unite_blast_top1_rescue	Cutadapt	SE	SE	Cutadapt
96089fcd4be16af3744dff9823059e84	Mock type-strain BLAST	Cryptococcus	Cryptococcus_neoformans	k__Fungi; p__Basidiomycota; c__Tremellomycetes; o__Tremellales; f__Tremellaceae; g__Cryptococcus; s__Cryptococcus_neoformans	fig4_q30_SE_cutadapt_unite_blast_top1_rescue	Cutadapt	SE	SE	Cutadapt
96800d25db2a29d576ee27c9b1735e9f	Mock type-strain BLAST	Saccharomyces	Saccharomyces_cerevisiae	k__Fungi; p__Ascomycota; c__Saccharomycetes; o__Saccharomycetales; f__Saccharomycetaceae; g__Saccharomyces; s__Saccharomyces_cerevisiae	fig4_q30_SE_cutadapt_unite_blast_top1_rescue	Cutadapt	SE	SE	Cutadapt
96bf17ba3b4f9d5e0a21bebcbe3e6347	Mock type-strain BLAST	Cutaneotrichosporon	Cutaneotrichosporon_dermatis	k__Fungi; p__Basidiomycota; c__Tremellomycetes; o__Trichosporonales; f__Trichosporonaceae; g__Cutaneotrichosporon; s__Cutaneotrichosporon_dermatis	fig4_q30_SE_cutadapt_unite_blast_top1_rescue	Cutadapt	SE	SE	Cutadapt
9787c7e873499f9e560ca6b6422ce0e8	Mock type-strain BLAST	Saccharomyces	Saccharomyces_cerevisiae	k__Fungi; p__Ascomycota; c__Saccharomycetes; o__Saccharomycetales; f__Saccharomycetaceae; g__Saccharomyces; s__Saccharomyces_cerevisiae	fig4_q30_SE_cutadapt_unite_blast_top1_rescue	Cutadapt	SE	SE	Cutadapt
98889d06c709abb06729cab49128dd46	Mock type-strain BLAST	Cutaneotrichosporon	Cutaneotrichosporon_dermatis	k__Fungi; p__Basidiomycota; c__Tremellomycetes; o__Trichosporonales; f__Trichosporonaceae; g__Cutaneotrichosporon; s__Cutaneotrichosporon_dermatis	fig4_q30_SE_cutadapt_unite_blast_top1_rescue	Cutadapt	SE	SE	Cutadapt
9899e5944be6d8cfc566fec1d4cdf106	Mock type-strain BLAST	Cryptococcus	Cryptococcus_neoformans	k__Fungi; p__Basidiomycota; c__Tremellomycetes; o__Tremellales; f__Tremellaceae; g__Cryptococcus; s__Cryptococcus_neoformans	fig4_q30_SE_cutadapt_unite_blast_top1_rescue	Cutadapt	SE	SE	Cutadapt
99b9ce04c0575bc120dc13c27c6fbd61	Mock type-strain BLAST	Cryptococcus	Cryptococcus_neoformans	k__Fungi; p__Basidiomycota; c__Tremellomycetes; o__Tremellales; f__Tremellaceae; g__Cryptococcus; s__Cryptococcus_neoformans	fig4_q30_SE_cutadapt_unite_blast_top1_rescue	Cutadapt	SE	SE	Cutadapt
9a507bbaa2506b564c6ecc67ac11ca51	Mock type-strain BLAST	Trichophyton	Trichophyton_interdigitale	k__Fungi; p__Ascomycota; c__Eurotiomycetes; o__Onygenales; f__Arthrodermataceae; g__Trichophyton; s__Trichophyton_interdigitale	fig4_q30_SE_cutadapt_unite_blast_top1_rescue	Cutadapt	SE	SE	Cutadapt
9a8e760195cd584b7811142a27f29b00	Mock type-strain BLAST	Cutaneotrichosporon	Cutaneotrichosporon_dermatis	k__Fungi; p__Basidiomycota; c__Tremellomycetes; o__Trichosporonales; f__Trichosporonaceae; g__Cutaneotrichosporon; s__Cutaneotrichosporon_dermatis	fig4_q30_SE_cutadapt_unite_blast_top1_rescue	Cutadapt	SE	SE	Cutadapt
9ab532e02e09a25a4e7fc6d767fa9aa1	Mock type-strain BLAST	Trichophyton	Trichophyton_interdigitale	k__Fungi; p__Ascomycota; c__Eurotiomycetes; o__Onygenales; f__Arthrodermataceae; g__Trichophyton; s__Trichophyton_interdigitale	fig4_q30_SE_cutadapt_unite_blast_top1_rescue	Cutadapt	SE	SE	Cutadapt
9b515710aedd7956e1b33b0f43a5da4d	Mock type-strain BLAST	Aspergillus	Aspergillus_fumigatus	k__Fungi; p__Ascomycota; c__Eurotiomycetes; o__Eurotiales; f__Aspergillaceae; g__Aspergillus; s__Aspergillus_fumigatus	fig4_q30_SE_cutadapt_unite_blast_top1_rescue	Cutadapt	SE	SE	Cutadapt
9b61ba42a163f182fb0517d16e21353b	Mock type-strain BLAST	Penicillium	Penicillium_chrysogenum	k__Fungi; p__Ascomycota; c__Eurotiomycetes; o__Eurotiales; f__Aspergillaceae; g__Penicillium; s__Penicillium_chrysogenum	fig4_q30_SE_cutadapt_unite_blast_top1_rescue	Cutadapt	SE	SE	Cutadapt
9c44645f431c91d96352598dc69d9dd4	Mock type-strain BLAST	Penicillium	Penicillium_chrysogenum	k__Fungi; p__Ascomycota; c__Eurotiomycetes; o__Eurotiales; f__Aspergillaceae; g__Penicillium; s__Penicillium_chrysogenum	fig4_q30_SE_cutadapt_unite_blast_top1_rescue	Cutadapt	SE	SE	Cutadapt
9c6a6a6806ecf36a83eea035327a4777	Mock type-strain BLAST	Trichophyton	Trichophyton_interdigitale	k__Fungi; p__Ascomycota; c__Eurotiomycetes; o__Onygenales; f__Arthrodermataceae; g__Trichophyton; s__Trichophyton_interdigitale	fig4_q30_SE_cutadapt_unite_blast_top1_rescue	Cutadapt	SE	SE	Cutadapt
9c70c6df883ccc8bc958aa9b237f3dcd	Mock type-strain BLAST	Fusarium	Fusarium_keratoplasticum	k__Fungi; p__Ascomycota; c__Sordariomycetes; o__Hypocreales; f__Nectriaceae; g__Fusarium; s__Fusarium_keratoplasticum	fig4_q30_SE_cutadapt_unite_blast_top1_rescue	Cutadapt	SE	SE	Cutadapt
9cb444debe2d75a0faae9e99b58b96cd	Mock type-strain BLAST	Saccharomyces	Saccharomyces_cerevisiae	k__Fungi; p__Ascomycota; c__Saccharomycetes; o__Saccharomycetales; f__Saccharomycetaceae; g__Saccharomyces; s__Saccharomyces_cerevisiae	fig4_q30_SE_cutadapt_unite_blast_top1_rescue	Cutadapt	SE	SE	Cutadapt
9d85d8067d02e30a806463de2845ccdd	Mock type-strain BLAST	Nakaseomyces	Nakaseomyces_glabratus	k__Fungi; p__Ascomycota; c__Saccharomycetes; o__Saccharomycetales; f__Saccharomycetaceae; g__Nakaseomyces; s__Nakaseomyces_glabratus	fig4_q30_SE_cutadapt_unite_blast_top1_rescue	Cutadapt	SE	SE	Cutadapt
9da0998852867aa3521b3fce0470f933	Mock type-strain BLAST	Malassezia	Malassezia_globosa	k__Fungi; p__Basidiomycota; c__Malasseziomycetes; o__Malasseziales; f__Malasseziaceae; g__Malassezia; s__Malassezia_globosa	fig4_q30_SE_cutadapt_unite_blast_top1_rescue	Cutadapt	SE	SE	Cutadapt
9dca25bcfb9f6faab9371fc6704b590a	Mock type-strain BLAST	Cutaneotrichosporon	Cutaneotrichosporon_dermatis	k__Fungi; p__Basidiomycota; c__Tremellomycetes; o__Trichosporonales; f__Trichosporonaceae; g__Cutaneotrichosporon; s__Cutaneotrichosporon_dermatis	fig4_q30_SE_cutadapt_unite_blast_top1_rescue	Cutadapt	SE	SE	Cutadapt
a0a05fb837d128e0f13ab3295773109e	Mock type-strain BLAST	Cutaneotrichosporon	Cutaneotrichosporon_dermatis	k__Fungi; p__Basidiomycota; c__Tremellomycetes; o__Trichosporonales; f__Trichosporonaceae; g__Cutaneotrichosporon; s__Cutaneotrichosporon_dermatis	fig4_q30_SE_cutadapt_unite_blast_top1_rescue	Cutadapt	SE	SE	Cutadapt
a0e94e321165b221002d4815536f2eea	Mock type-strain BLAST	Cutaneotrichosporon	Cutaneotrichosporon_dermatis	k__Fungi; p__Basidiomycota; c__Tremellomycetes; o__Trichosporonales; f__Trichosporonaceae; g__Cutaneotrichosporon; s__Cutaneotrichosporon_dermatis	fig4_q30_SE_cutadapt_unite_blast_top1_rescue	Cutadapt	SE	SE	Cutadapt
a1ddc0359a09921a4282096b4bd79a1c	Mock type-strain BLAST	Nakaseomyces	Nakaseomyces_glabratus	k__Fungi; p__Ascomycota; c__Saccharomycetes; o__Saccharomycetales; f__Saccharomycetaceae; g__Nakaseomyces; s__Nakaseomyces_glabratus	fig4_q30_SE_cutadapt_unite_blast_top1_rescue	Cutadapt	SE	SE	Cutadapt
a264df5dbe2ffe5b564231684a02d56d	Mock type-strain BLAST	Saccharomyces	Saccharomyces_cerevisiae	k__Fungi; p__Ascomycota; c__Saccharomycetes; o__Saccharomycetales; f__Saccharomycetaceae; g__Saccharomyces; s__Saccharomyces_cerevisiae	fig4_q30_SE_cutadapt_unite_blast_top1_rescue	Cutadapt	SE	SE	Cutadapt
a35b5bb74ae271253c48bf3dc7eaf278	Mock type-strain BLAST	Cutaneotrichosporon	Cutaneotrichosporon_dermatis	k__Fungi; p__Basidiomycota; c__Tremellomycetes; o__Trichosporonales; f__Trichosporonaceae; g__Cutaneotrichosporon; s__Cutaneotrichosporon_dermatis	fig4_q30_SE_cutadapt_unite_blast_top1_rescue	Cutadapt	SE	SE	Cutadapt
a4d6aeda4e809ef4f25111f66e15a8ca	Mock type-strain BLAST	Nakaseomyces	Nakaseomyces_glabratus	k__Fungi; p__Ascomycota; c__Saccharomycetes; o__Saccharomycetales; f__Saccharomycetaceae; g__Nakaseomyces; s__Nakaseomyces_glabratus	fig4_q30_SE_cutadapt_unite_blast_top1_rescue	Cutadapt	SE	SE	Cutadapt
a536855c690075a22d2f70db5665151c	Mock type-strain BLAST	Aspergillus	Aspergillus_fumigatus	k__Fungi; p__Ascomycota; c__Eurotiomycetes; o__Eurotiales; f__Aspergillaceae; g__Aspergillus; s__Aspergillus_fumigatus	fig4_q30_SE_cutadapt_unite_blast_top1_rescue	Cutadapt	SE	SE	Cutadapt
a554710d9573066da22c4a4f87f01d3a	Mock type-strain BLAST	Cryptococcus	Cryptococcus_neoformans	k__Fungi; p__Basidiomycota; c__Tremellomycetes; o__Tremellales; f__Tremellaceae; g__Cryptococcus; s__Cryptococcus_neoformans	fig4_q30_SE_cutadapt_unite_blast_top1_rescue	Cutadapt	SE	SE	Cutadapt
a5af3fc8194eb0b464eafe3cdb571633	Mock type-strain BLAST	Saccharomyces	Saccharomyces_cerevisiae	k__Fungi; p__Ascomycota; c__Saccharomycetes; o__Saccharomycetales; f__Saccharomycetaceae; g__Saccharomyces; s__Saccharomyces_cerevisiae	fig4_q30_SE_cutadapt_unite_blast_top1_rescue	Cutadapt	SE	SE	Cutadapt
a5fb812775e585a48c8358419981538a	Mock type-strain BLAST	Cryptococcus	Cryptococcus_neoformans	k__Fungi; p__Basidiomycota; c__Tremellomycetes; o__Tremellales; f__Tremellaceae; g__Cryptococcus; s__Cryptococcus_neoformans	fig4_q30_SE_cutadapt_unite_blast_top1_rescue	Cutadapt	SE	SE	Cutadapt
a7c166e09c38af96a5fccc7a43c6065d	Mock type-strain BLAST	Aspergillus	Aspergillus_fumigatus	k__Fungi; p__Ascomycota; c__Eurotiomycetes; o__Eurotiales; f__Aspergillaceae; g__Aspergillus; s__Aspergillus_fumigatus	fig4_q30_SE_cutadapt_unite_blast_top1_rescue	Cutadapt	SE	SE	Cutadapt
a8006bd4661f54caf04a33bfd953834d	Mock type-strain BLAST	Nakaseomyces	Nakaseomyces_glabratus	k__Fungi; p__Ascomycota; c__Saccharomycetes; o__Saccharomycetales; f__Saccharomycetaceae; g__Nakaseomyces; s__Nakaseomyces_glabratus	fig4_q30_SE_cutadapt_unite_blast_top1_rescue	Cutadapt	SE	SE	Cutadapt
a810f4bd2f53d48fc7f37e94bf363fc4	Mock type-strain BLAST	Trichophyton	Trichophyton_interdigitale	k__Fungi; p__Ascomycota; c__Eurotiomycetes; o__Onygenales; f__Arthrodermataceae; g__Trichophyton; s__Trichophyton_interdigitale	fig4_q30_SE_cutadapt_unite_blast_top1_rescue	Cutadapt	SE	SE	Cutadapt
a841082e3b16121e246a0a2ca1534c20	Mock type-strain BLAST	Aspergillus	Aspergillus_fumigatus	k__Fungi; p__Ascomycota; c__Eurotiomycetes; o__Eurotiales; f__Aspergillaceae; g__Aspergillus; s__Aspergillus_fumigatus	fig4_q30_SE_cutadapt_unite_blast_top1_rescue	Cutadapt	SE	SE	Cutadapt
a84c1b186e95fc28c77e0c58812ca7e5	Mock type-strain BLAST	Cryptococcus	Cryptococcus_neoformans	k__Fungi; p__Basidiomycota; c__Tremellomycetes; o__Tremellales; f__Tremellaceae; g__Cryptococcus; s__Cryptococcus_neoformans	fig4_q30_SE_cutadapt_unite_blast_top1_rescue	Cutadapt	SE	SE	Cutadapt
a8667283551f577f6feb70486539d8d1	Mock type-strain BLAST	Aspergillus	Aspergillus_fumigatus	k__Fungi; p__Ascomycota; c__Eurotiomycetes; o__Eurotiales; f__Aspergillaceae; g__Aspergillus; s__Aspergillus_fumigatus	fig4_q30_SE_cutadapt_unite_blast_top1_rescue	Cutadapt	SE	SE	Cutadapt
a920043b0a1f468a1d704fb1d44f1538	Mock type-strain BLAST	Nakaseomyces	Nakaseomyces_glabratus	k__Fungi; p__Ascomycota; c__Saccharomycetes; o__Saccharomycetales; f__Saccharomycetaceae; g__Nakaseomyces; s__Nakaseomyces_glabratus	fig4_q30_SE_cutadapt_unite_blast_top1_rescue	Cutadapt	SE	SE	Cutadapt
a98e7da7571b7fd9f95c9e1ddfda6826	Mock type-strain BLAST	Cryptococcus	Cryptococcus_neoformans	k__Fungi; p__Basidiomycota; c__Tremellomycetes; o__Tremellales; f__Tremellaceae; g__Cryptococcus; s__Cryptococcus_neoformans	fig4_q30_SE_cutadapt_unite_blast_top1_rescue	Cutadapt	SE	SE	Cutadapt
a9a8701bb82e83502dac035e738a9a66	Mock type-strain BLAST	Nakaseomyces	Nakaseomyces_glabratus	k__Fungi; p__Ascomycota; c__Saccharomycetes; o__Saccharomycetales; f__Saccharomycetaceae; g__Nakaseomyces; s__Nakaseomyces_glabratus	fig4_q30_SE_cutadapt_unite_blast_top1_rescue	Cutadapt	SE	SE	Cutadapt
aa1b583b09e5b061d90381b8d2a27bba	Mock type-strain BLAST	Cryptococcus	Cryptococcus_neoformans	k__Fungi; p__Basidiomycota; c__Tremellomycetes; o__Tremellales; f__Tremellaceae; g__Cryptococcus; s__Cryptococcus_neoformans	fig4_q30_SE_cutadapt_unite_blast_top1_rescue	Cutadapt	SE	SE	Cutadapt
aacdd1d59dacc3d196e6ad9d3bf8f7c6	Mock type-strain BLAST	Aspergillus	Aspergillus_fumigatus	k__Fungi; p__Ascomycota; c__Eurotiomycetes; o__Eurotiales; f__Aspergillaceae; g__Aspergillus; s__Aspergillus_fumigatus	fig4_q30_SE_cutadapt_unite_blast_top1_rescue	Cutadapt	SE	SE	Cutadapt
ab224c39466ee6d32bd0cb957ff3bf07	Mock type-strain BLAST	Aspergillus	Aspergillus_fumigatus	k__Fungi; p__Ascomycota; c__Eurotiomycetes; o__Eurotiales; f__Aspergillaceae; g__Aspergillus; s__Aspergillus_fumigatus	fig4_q30_SE_cutadapt_unite_blast_top1_rescue	Cutadapt	SE	SE	Cutadapt
ab4ff24c6768499d28626cb4e300616a	Mock type-strain BLAST	Malassezia	Malassezia_globosa	k__Fungi; p__Basidiomycota; c__Malasseziomycetes; o__Malasseziales; f__Malasseziaceae; g__Malassezia; s__Malassezia_globosa	fig4_q30_SE_cutadapt_unite_blast_top1_rescue	Cutadapt	SE	SE	Cutadapt
ab7c9f9f3b22be975b8ce431693e3ece	Mock type-strain BLAST	Cutaneotrichosporon	Cutaneotrichosporon_dermatis	k__Fungi; p__Basidiomycota; c__Tremellomycetes; o__Trichosporonales; f__Trichosporonaceae; g__Cutaneotrichosporon; s__Cutaneotrichosporon_dermatis	fig4_q30_SE_cutadapt_unite_blast_top1_rescue	Cutadapt	SE	SE	Cutadapt
ab861263ab8cf4788c4354708ba995e6	Mock type-strain BLAST	Cryptococcus	Cryptococcus_neoformans	k__Fungi; p__Basidiomycota; c__Tremellomycetes; o__Tremellales; f__Tremellaceae; g__Cryptococcus; s__Cryptococcus_neoformans	fig4_q30_SE_cutadapt_unite_blast_top1_rescue	Cutadapt	SE	SE	Cutadapt
ad19965cbabe7075d634d4d224ccbdd8	Mock type-strain BLAST	Nakaseomyces	Nakaseomyces_glabratus	k__Fungi; p__Ascomycota; c__Saccharomycetes; o__Saccharomycetales; f__Saccharomycetaceae; g__Nakaseomyces; s__Nakaseomyces_glabratus	fig4_q30_SE_cutadapt_unite_blast_top1_rescue	Cutadapt	SE	SE	Cutadapt
adda5ef25aa444e1e8e3dbf448184191	Mock type-strain BLAST	Cutaneotrichosporon	Cutaneotrichosporon_dermatis	k__Fungi; p__Basidiomycota; c__Tremellomycetes; o__Trichosporonales; f__Trichosporonaceae; g__Cutaneotrichosporon; s__Cutaneotrichosporon_dermatis	fig4_q30_SE_cutadapt_unite_blast_top1_rescue	Cutadapt	SE	SE	Cutadapt
aec4b0133013dab9debc4e68fe3659ff	Mock type-strain BLAST	Cryptococcus	Cryptococcus_neoformans	k__Fungi; p__Basidiomycota; c__Tremellomycetes; o__Tremellales; f__Tremellaceae; g__Cryptococcus; s__Cryptococcus_neoformans	fig4_q30_SE_cutadapt_unite_blast_top1_rescue	Cutadapt	SE	SE	Cutadapt
af01a0d35b83bc29b5aed222ed1a3fa5	Mock type-strain BLAST	Cutaneotrichosporon	Cutaneotrichosporon_dermatis	k__Fungi; p__Basidiomycota; c__Tremellomycetes; o__Trichosporonales; f__Trichosporonaceae; g__Cutaneotrichosporon; s__Cutaneotrichosporon_dermatis	fig4_q30_SE_cutadapt_unite_blast_top1_rescue	Cutadapt	SE	SE	Cutadapt
aff14a00453aec3e51788b5e8539956b	Mock type-strain BLAST	Nakaseomyces	Nakaseomyces_glabratus	k__Fungi; p__Ascomycota; c__Saccharomycetes; o__Saccharomycetales; f__Saccharomycetaceae; g__Nakaseomyces; s__Nakaseomyces_glabratus	fig4_q30_SE_cutadapt_unite_blast_top1_rescue	Cutadapt	SE	SE	Cutadapt
b0ae62f3189358ff6ca6e936a7f09b21	Mock type-strain BLAST	Cryptococcus	Cryptococcus_neoformans	k__Fungi; p__Basidiomycota; c__Tremellomycetes; o__Tremellales; f__Tremellaceae; g__Cryptococcus; s__Cryptococcus_neoformans	fig4_q30_SE_cutadapt_unite_blast_top1_rescue	Cutadapt	SE	SE	Cutadapt
b1b361c336fa35c9c85cc4d6e884e225	Mock type-strain BLAST	Fusarium	Fusarium_keratoplasticum	k__Fungi; p__Ascomycota; c__Sordariomycetes; o__Hypocreales; f__Nectriaceae; g__Fusarium; s__Fusarium_keratoplasticum	fig4_q30_SE_cutadapt_unite_blast_top1_rescue	Cutadapt	SE	SE	Cutadapt
b1b896a1775460c058fc891882a5bad8	Mock type-strain BLAST	Nakaseomyces	Nakaseomyces_glabratus	k__Fungi; p__Ascomycota; c__Saccharomycetes; o__Saccharomycetales; f__Saccharomycetaceae; g__Nakaseomyces; s__Nakaseomyces_glabratus	fig4_q30_SE_cutadapt_unite_blast_top1_rescue	Cutadapt	SE	SE	Cutadapt
b26396e1664e227b62d104f34fd92b40	Mock type-strain BLAST	Malassezia	Malassezia_globosa	k__Fungi; p__Basidiomycota; c__Malasseziomycetes; o__Malasseziales; f__Malasseziaceae; g__Malassezia; s__Malassezia_globosa	fig4_q30_SE_cutadapt_unite_blast_top1_rescue	Cutadapt	SE	SE	Cutadapt
b2d71c8a1835967453bd96a5aecac0d2	Mock type-strain BLAST	Saccharomyces	Saccharomyces_cerevisiae	k__Fungi; p__Ascomycota; c__Saccharomycetes; o__Saccharomycetales; f__Saccharomycetaceae; g__Saccharomyces; s__Saccharomyces_cerevisiae	fig4_q30_SE_cutadapt_unite_blast_top1_rescue	Cutadapt	SE	SE	Cutadapt
b2d80c0c3ae31c0fa0081d4ec7136a6b	Mock type-strain BLAST	Saccharomyces	Saccharomyces_cerevisiae	k__Fungi; p__Ascomycota; c__Saccharomycetes; o__Saccharomycetales; f__Saccharomycetaceae; g__Saccharomyces; s__Saccharomyces_cerevisiae	fig4_q30_SE_cutadapt_unite_blast_top1_rescue	Cutadapt	SE	SE	Cutadapt
b3243e1a3accfd9f8cc3834cc9ca2539	Mock type-strain BLAST	Candida	Candida_albicans	k__Fungi; p__Ascomycota; c__Saccharomycetes; o__Saccharomycetales; f__Debaryomycetaceae; g__Candida; s__Candida_albicans	fig4_q30_SE_cutadapt_unite_blast_top1_rescue	Cutadapt	SE	SE	Cutadapt
b356543b7a64ebdabe2aacf2a2b4e4af	Mock type-strain BLAST	Aspergillus	Aspergillus_fumigatus	k__Fungi; p__Ascomycota; c__Eurotiomycetes; o__Eurotiales; f__Aspergillaceae; g__Aspergillus; s__Aspergillus_fumigatus	fig4_q30_SE_cutadapt_unite_blast_top1_rescue	Cutadapt	SE	SE	Cutadapt
b407c9e0ae8d92182c419ee74b4da114	Mock type-strain BLAST	Trichophyton	Trichophyton_interdigitale	k__Fungi; p__Ascomycota; c__Eurotiomycetes; o__Onygenales; f__Arthrodermataceae; g__Trichophyton; s__Trichophyton_interdigitale	fig4_q30_SE_cutadapt_unite_blast_top1_rescue	Cutadapt	SE	SE	Cutadapt
b52a1a66de4c1b1ac1df6e2151141f35	Mock type-strain BLAST	Fusarium	Fusarium_keratoplasticum	k__Fungi; p__Ascomycota; c__Sordariomycetes; o__Hypocreales; f__Nectriaceae; g__Fusarium; s__Fusarium_keratoplasticum	fig4_q30_SE_cutadapt_unite_blast_top1_rescue	Cutadapt	SE	SE	Cutadapt
b67b81c102e2f5fa366b3d4d0869f235	Mock type-strain BLAST	Aspergillus	Aspergillus_fumigatus	k__Fungi; p__Ascomycota; c__Eurotiomycetes; o__Eurotiales; f__Aspergillaceae; g__Aspergillus; s__Aspergillus_fumigatus	fig4_q30_SE_cutadapt_unite_blast_top1_rescue	Cutadapt	SE	SE	Cutadapt
b6d153f4aa1b7adc86d16ea7f46db14a	Mock type-strain BLAST	Candida	Candida_albicans	k__Fungi; p__Ascomycota; c__Saccharomycetes; o__Saccharomycetales; f__Debaryomycetaceae; g__Candida; s__Candida_albicans	fig4_q30_SE_cutadapt_unite_blast_top1_rescue	Cutadapt	SE	SE	Cutadapt
b7961057390a6c976529ef24c7f377f3	Mock type-strain BLAST	Saccharomyces	Saccharomyces_cerevisiae	k__Fungi; p__Ascomycota; c__Saccharomycetes; o__Saccharomycetales; f__Saccharomycetaceae; g__Saccharomyces; s__Saccharomyces_cerevisiae	fig4_q30_SE_cutadapt_unite_blast_top1_rescue	Cutadapt	SE	SE	Cutadapt
b7b0fcf787b97ca7ed398fae36e66b47	Mock type-strain BLAST	Nakaseomyces	Nakaseomyces_glabratus	k__Fungi; p__Ascomycota; c__Saccharomycetes; o__Saccharomycetales; f__Saccharomycetaceae; g__Nakaseomyces; s__Nakaseomyces_glabratus	fig4_q30_SE_cutadapt_unite_blast_top1_rescue	Cutadapt	SE	SE	Cutadapt
b7bfeefde3acfbb774c0c51ff1d9ab5a	Mock type-strain BLAST	Aspergillus	Aspergillus_fumigatus	k__Fungi; p__Ascomycota; c__Eurotiomycetes; o__Eurotiales; f__Aspergillaceae; g__Aspergillus; s__Aspergillus_fumigatus	fig4_q30_SE_cutadapt_unite_blast_top1_rescue	Cutadapt	SE	SE	Cutadapt
b818ea92d26b8c0d7b99eb77906b9e01	Mock type-strain BLAST	Penicillium	Penicillium_chrysogenum	k__Fungi; p__Ascomycota; c__Eurotiomycetes; o__Eurotiales; f__Aspergillaceae; g__Penicillium; s__Penicillium_chrysogenum	fig4_q30_SE_cutadapt_unite_blast_top1_rescue	Cutadapt	SE	SE	Cutadapt
b96feb915f752cb0cac454b227ea516d	Mock type-strain BLAST	Penicillium	Penicillium_chrysogenum	k__Fungi; p__Ascomycota; c__Eurotiomycetes; o__Eurotiales; f__Aspergillaceae; g__Penicillium; s__Penicillium_chrysogenum	fig4_q30_SE_cutadapt_unite_blast_top1_rescue	Cutadapt	SE	SE	Cutadapt
ba931772211836a80a6f9001b2507e01	Mock type-strain BLAST	Nakaseomyces	Nakaseomyces_glabratus	k__Fungi; p__Ascomycota; c__Saccharomycetes; o__Saccharomycetales; f__Saccharomycetaceae; g__Nakaseomyces; s__Nakaseomyces_glabratus	fig4_q30_SE_cutadapt_unite_blast_top1_rescue	Cutadapt	SE	SE	Cutadapt
bab512ce52e946dd049bf21f3f71d7f8	Mock type-strain BLAST	Penicillium	Penicillium_chrysogenum	k__Fungi; p__Ascomycota; c__Eurotiomycetes; o__Eurotiales; f__Aspergillaceae; g__Penicillium; s__Penicillium_chrysogenum	fig4_q30_SE_cutadapt_unite_blast_top1_rescue	Cutadapt	SE	SE	Cutadapt
bbc5e3ab547288791a3a60ebe42ab10c	Mock type-strain BLAST	Aspergillus	Aspergillus_fumigatus	k__Fungi; p__Ascomycota; c__Eurotiomycetes; o__Eurotiales; f__Aspergillaceae; g__Aspergillus; s__Aspergillus_fumigatus	fig4_q30_SE_cutadapt_unite_blast_top1_rescue	Cutadapt	SE	SE	Cutadapt
bcfb019abaec65a6eeefd25b4a00e7f3	Mock type-strain BLAST	Cutaneotrichosporon	Cutaneotrichosporon_dermatis	k__Fungi; p__Basidiomycota; c__Tremellomycetes; o__Trichosporonales; f__Trichosporonaceae; g__Cutaneotrichosporon; s__Cutaneotrichosporon_dermatis	fig4_q30_SE_cutadapt_unite_blast_top1_rescue	Cutadapt	SE	SE	Cutadapt
bd59c047dfd8722ab82188dd160d6676	Mock type-strain BLAST	Nakaseomyces	Nakaseomyces_glabratus	k__Fungi; p__Ascomycota; c__Saccharomycetes; o__Saccharomycetales; f__Saccharomycetaceae; g__Nakaseomyces; s__Nakaseomyces_glabratus	fig4_q30_SE_cutadapt_unite_blast_top1_rescue	Cutadapt	SE	SE	Cutadapt
bed7b9d2faf1441d064e85f99538ff52	Mock type-strain BLAST	Penicillium	Penicillium_chrysogenum	k__Fungi; p__Ascomycota; c__Eurotiomycetes; o__Eurotiales; f__Aspergillaceae; g__Penicillium; s__Penicillium_chrysogenum	fig4_q30_SE_cutadapt_unite_blast_top1_rescue	Cutadapt	SE	SE	Cutadapt
bf60bfa70e65550fe55e453011d1dc47	Mock type-strain BLAST	Saccharomyces	Saccharomyces_cerevisiae	k__Fungi; p__Ascomycota; c__Saccharomycetes; o__Saccharomycetales; f__Saccharomycetaceae; g__Saccharomyces; s__Saccharomyces_cerevisiae	fig4_q30_SE_cutadapt_unite_blast_top1_rescue	Cutadapt	SE	SE	Cutadapt
bfa6afd86523df0a5ddd44a01da73ddb	Mock type-strain BLAST	Nakaseomyces	Nakaseomyces_glabratus	k__Fungi; p__Ascomycota; c__Saccharomycetes; o__Saccharomycetales; f__Saccharomycetaceae; g__Nakaseomyces; s__Nakaseomyces_glabratus	fig4_q30_SE_cutadapt_unite_blast_top1_rescue	Cutadapt	SE	SE	Cutadapt
bfd09568df5b64763bb30e17f8d02f3c	Mock type-strain BLAST	Nakaseomyces	Nakaseomyces_glabratus	k__Fungi; p__Ascomycota; c__Saccharomycetes; o__Saccharomycetales; f__Saccharomycetaceae; g__Nakaseomyces; s__Nakaseomyces_glabratus	fig4_q30_SE_cutadapt_unite_blast_top1_rescue	Cutadapt	SE	SE	Cutadapt
c0b1830e2feafc77fb275d5a16f99809	Mock type-strain BLAST	Nakaseomyces	Nakaseomyces_glabratus	k__Fungi; p__Ascomycota; c__Saccharomycetes; o__Saccharomycetales; f__Saccharomycetaceae; g__Nakaseomyces; s__Nakaseomyces_glabratus	fig4_q30_SE_cutadapt_unite_blast_top1_rescue	Cutadapt	SE	SE	Cutadapt
c12e357adf22e7dfbf24ddb92f3e037b	Mock type-strain BLAST	Aspergillus	Aspergillus_fumigatus	k__Fungi; p__Ascomycota; c__Eurotiomycetes; o__Eurotiales; f__Aspergillaceae; g__Aspergillus; s__Aspergillus_fumigatus	fig4_q30_SE_cutadapt_unite_blast_top1_rescue	Cutadapt	SE	SE	Cutadapt
c159022850229d28f9c8462163c7d352	Mock type-strain BLAST	Cutaneotrichosporon	Cutaneotrichosporon_dermatis	k__Fungi; p__Basidiomycota; c__Tremellomycetes; o__Trichosporonales; f__Trichosporonaceae; g__Cutaneotrichosporon; s__Cutaneotrichosporon_dermatis	fig4_q30_SE_cutadapt_unite_blast_top1_rescue	Cutadapt	SE	SE	Cutadapt
c2084f73dc59a63c76060a2d438c90dd	Mock type-strain BLAST	Nakaseomyces	Nakaseomyces_glabratus	k__Fungi; p__Ascomycota; c__Saccharomycetes; o__Saccharomycetales; f__Saccharomycetaceae; g__Nakaseomyces; s__Nakaseomyces_glabratus	fig4_q30_SE_cutadapt_unite_blast_top1_rescue	Cutadapt	SE	SE	Cutadapt
c208ad125626e378ec600060758c2b74	Mock type-strain BLAST	Cutaneotrichosporon	Cutaneotrichosporon_dermatis	k__Fungi; p__Basidiomycota; c__Tremellomycetes; o__Trichosporonales; f__Trichosporonaceae; g__Cutaneotrichosporon; s__Cutaneotrichosporon_dermatis	fig4_q30_SE_cutadapt_unite_blast_top1_rescue	Cutadapt	SE	SE	Cutadapt
c2203519577ce726b6acdcbc0b212be6	Mock type-strain BLAST	Cutaneotrichosporon	Cutaneotrichosporon_dermatis	k__Fungi; p__Basidiomycota; c__Tremellomycetes; o__Trichosporonales; f__Trichosporonaceae; g__Cutaneotrichosporon; s__Cutaneotrichosporon_dermatis	fig4_q30_SE_cutadapt_unite_blast_top1_rescue	Cutadapt	SE	SE	Cutadapt
c2e2bbe0f275c3ae873e4c8011264301	Mock type-strain BLAST	Nakaseomyces	Nakaseomyces_glabratus	k__Fungi; p__Ascomycota; c__Saccharomycetes; o__Saccharomycetales; f__Saccharomycetaceae; g__Nakaseomyces; s__Nakaseomyces_glabratus	fig4_q30_SE_cutadapt_unite_blast_top1_rescue	Cutadapt	SE	SE	Cutadapt
c37e09b9fad0c4eba3557a245868649d	Mock type-strain BLAST	Nakaseomyces	Nakaseomyces_glabratus	k__Fungi; p__Ascomycota; c__Saccharomycetes; o__Saccharomycetales; f__Saccharomycetaceae; g__Nakaseomyces; s__Nakaseomyces_glabratus	fig4_q30_SE_cutadapt_unite_blast_top1_rescue	Cutadapt	SE	SE	Cutadapt
c3fa753391ecc001d88bbc94b9693dd6	Mock type-strain BLAST	Fusarium	Fusarium_keratoplasticum	k__Fungi; p__Ascomycota; c__Sordariomycetes; o__Hypocreales; f__Nectriaceae; g__Fusarium; s__Fusarium_keratoplasticum	fig4_q30_SE_cutadapt_unite_blast_top1_rescue	Cutadapt	SE	SE	Cutadapt
c4de8920d09cfcb35cb11ca9ed00200f	Mock type-strain BLAST	Saccharomyces	Saccharomyces_cerevisiae	k__Fungi; p__Ascomycota; c__Saccharomycetes; o__Saccharomycetales; f__Saccharomycetaceae; g__Saccharomyces; s__Saccharomyces_cerevisiae	fig4_q30_SE_cutadapt_unite_blast_top1_rescue	Cutadapt	SE	SE	Cutadapt
c4f98e0590c3c3c748b905428148ad3a	Mock type-strain BLAST	Nakaseomyces	Nakaseomyces_glabratus	k__Fungi; p__Ascomycota; c__Saccharomycetes; o__Saccharomycetales; f__Saccharomycetaceae; g__Nakaseomyces; s__Nakaseomyces_glabratus	fig4_q30_SE_cutadapt_unite_blast_top1_rescue	Cutadapt	SE	SE	Cutadapt
c694e89dc307e53cba3c2902c5b6c85d	Mock type-strain BLAST	Cutaneotrichosporon	Cutaneotrichosporon_dermatis	k__Fungi; p__Basidiomycota; c__Tremellomycetes; o__Trichosporonales; f__Trichosporonaceae; g__Cutaneotrichosporon; s__Cutaneotrichosporon_dermatis	fig4_q30_SE_cutadapt_unite_blast_top1_rescue	Cutadapt	SE	SE	Cutadapt
c736e249da125d2afbdc5153e798f4ff	Mock type-strain BLAST	Nakaseomyces	Nakaseomyces_glabratus	k__Fungi; p__Ascomycota; c__Saccharomycetes; o__Saccharomycetales; f__Saccharomycetaceae; g__Nakaseomyces; s__Nakaseomyces_glabratus	fig4_q30_SE_cutadapt_unite_blast_top1_rescue	Cutadapt	SE	SE	Cutadapt
c7ddb05d44bb0ae81e055fa6ff76c7ad	Mock type-strain BLAST	Cutaneotrichosporon	Cutaneotrichosporon_dermatis	k__Fungi; p__Basidiomycota; c__Tremellomycetes; o__Trichosporonales; f__Trichosporonaceae; g__Cutaneotrichosporon; s__Cutaneotrichosporon_dermatis	fig4_q30_SE_cutadapt_unite_blast_top1_rescue	Cutadapt	SE	SE	Cutadapt
c7e72cd68f619fbd50765269dd08f1d2	Mock type-strain BLAST	Cryptococcus	Cryptococcus_neoformans	k__Fungi; p__Basidiomycota; c__Tremellomycetes; o__Tremellales; f__Tremellaceae; g__Cryptococcus; s__Cryptococcus_neoformans	fig4_q30_SE_cutadapt_unite_blast_top1_rescue	Cutadapt	SE	SE	Cutadapt
c9724494bb18bcad90882e40457e048a	Mock type-strain BLAST	Candida	Candida_albicans	k__Fungi; p__Ascomycota; c__Saccharomycetes; o__Saccharomycetales; f__Debaryomycetaceae; g__Candida; s__Candida_albicans	fig4_q30_SE_cutadapt_unite_blast_top1_rescue	Cutadapt	SE	SE	Cutadapt
c97fecfe6785166d168fafdd986ee02f	Mock type-strain BLAST	Nakaseomyces	Nakaseomyces_glabratus	k__Fungi; p__Ascomycota; c__Saccharomycetes; o__Saccharomycetales; f__Saccharomycetaceae; g__Nakaseomyces; s__Nakaseomyces_glabratus	fig4_q30_SE_cutadapt_unite_blast_top1_rescue	Cutadapt	SE	SE	Cutadapt
c9a08cedfce3e1d4e0167bcd82f1eed8	Mock type-strain BLAST	Saccharomyces	Saccharomyces_cerevisiae	k__Fungi; p__Ascomycota; c__Saccharomycetes; o__Saccharomycetales; f__Saccharomycetaceae; g__Saccharomyces; s__Saccharomyces_cerevisiae	fig4_q30_SE_cutadapt_unite_blast_top1_rescue	Cutadapt	SE	SE	Cutadapt
c9cf851cc8b151e77a0a03db7e8e5217	Mock type-strain BLAST	Cryptococcus	Cryptococcus_neoformans	k__Fungi; p__Basidiomycota; c__Tremellomycetes; o__Tremellales; f__Tremellaceae; g__Cryptococcus; s__Cryptococcus_neoformans	fig4_q30_SE_cutadapt_unite_blast_top1_rescue	Cutadapt	SE	SE	Cutadapt
c9e58beca8becb5fcc7e538ede488f9e	Mock type-strain BLAST	Fusarium	Fusarium_keratoplasticum	k__Fungi; p__Ascomycota; c__Sordariomycetes; o__Hypocreales; f__Nectriaceae; g__Fusarium; s__Fusarium_keratoplasticum	fig4_q30_SE_cutadapt_unite_blast_top1_rescue	Cutadapt	SE	SE	Cutadapt
c9e7884f1c2075801461d85650da4f8d	Mock type-strain BLAST	Nakaseomyces	Nakaseomyces_glabratus	k__Fungi; p__Ascomycota; c__Saccharomycetes; o__Saccharomycetales; f__Saccharomycetaceae; g__Nakaseomyces; s__Nakaseomyces_glabratus	fig4_q30_SE_cutadapt_unite_blast_top1_rescue	Cutadapt	SE	SE	Cutadapt
cbf18da6c0f768134b965e6c94579fb5	Mock type-strain BLAST	Nakaseomyces	Nakaseomyces_glabratus	k__Fungi; p__Ascomycota; c__Saccharomycetes; o__Saccharomycetales; f__Saccharomycetaceae; g__Nakaseomyces; s__Nakaseomyces_glabratus	fig4_q30_SE_cutadapt_unite_blast_top1_rescue	Cutadapt	SE	SE	Cutadapt
cc56f99c558815f04df56c615a4708ea	Mock type-strain BLAST	Cutaneotrichosporon	Cutaneotrichosporon_dermatis	k__Fungi; p__Basidiomycota; c__Tremellomycetes; o__Trichosporonales; f__Trichosporonaceae; g__Cutaneotrichosporon; s__Cutaneotrichosporon_dermatis	fig4_q30_SE_cutadapt_unite_blast_top1_rescue	Cutadapt	SE	SE	Cutadapt
cc572ce0686826cfa6fa0474048bea08	Mock type-strain BLAST	Cutaneotrichosporon	Cutaneotrichosporon_dermatis	k__Fungi; p__Basidiomycota; c__Tremellomycetes; o__Trichosporonales; f__Trichosporonaceae; g__Cutaneotrichosporon; s__Cutaneotrichosporon_dermatis	fig4_q30_SE_cutadapt_unite_blast_top1_rescue	Cutadapt	SE	SE	Cutadapt
cc654ac138d65ef720d9e6927b4275cf	Mock type-strain BLAST	Aspergillus	Aspergillus_fumigatus	k__Fungi; p__Ascomycota; c__Eurotiomycetes; o__Eurotiales; f__Aspergillaceae; g__Aspergillus; s__Aspergillus_fumigatus	fig4_q30_SE_cutadapt_unite_blast_top1_rescue	Cutadapt	SE	SE	Cutadapt
cca066ec93ac3b58cb278c7a3039a50d	Mock type-strain BLAST	Nakaseomyces	Nakaseomyces_glabratus	k__Fungi; p__Ascomycota; c__Saccharomycetes; o__Saccharomycetales; f__Saccharomycetaceae; g__Nakaseomyces; s__Nakaseomyces_glabratus	fig4_q30_SE_cutadapt_unite_blast_top1_rescue	Cutadapt	SE	SE	Cutadapt
ccd031f4267764c6dbee39b62a142b1b	Mock type-strain BLAST	Saccharomyces	Saccharomyces_cerevisiae	k__Fungi; p__Ascomycota; c__Saccharomycetes; o__Saccharomycetales; f__Saccharomycetaceae; g__Saccharomyces; s__Saccharomyces_cerevisiae	fig4_q30_SE_cutadapt_unite_blast_top1_rescue	Cutadapt	SE	SE	Cutadapt
ccd3ca0ed71b6faaaccf15455d97d962	Mock type-strain BLAST	Malassezia	Malassezia_globosa	k__Fungi; p__Basidiomycota; c__Malasseziomycetes; o__Malasseziales; f__Malasseziaceae; g__Malassezia; s__Malassezia_globosa	fig4_q30_SE_cutadapt_unite_blast_top1_rescue	Cutadapt	SE	SE	Cutadapt
ccd9b87685ec477410a892a19c6f56e2	Mock type-strain BLAST	Aspergillus	Aspergillus_fumigatus	k__Fungi; p__Ascomycota; c__Eurotiomycetes; o__Eurotiales; f__Aspergillaceae; g__Aspergillus; s__Aspergillus_fumigatus	fig4_q30_SE_cutadapt_unite_blast_top1_rescue	Cutadapt	SE	SE	Cutadapt
ccf3654d7cb955da43f548b2d4a6463a	Mock type-strain BLAST	Malassezia	Malassezia_globosa	k__Fungi; p__Basidiomycota; c__Malasseziomycetes; o__Malasseziales; f__Malasseziaceae; g__Malassezia; s__Malassezia_globosa	fig4_q30_SE_cutadapt_unite_blast_top1_rescue	Cutadapt	SE	SE	Cutadapt
cd2d016625f7659f938c0f3d984dcfed	Mock type-strain BLAST	Cutaneotrichosporon	Cutaneotrichosporon_dermatis	k__Fungi; p__Basidiomycota; c__Tremellomycetes; o__Trichosporonales; f__Trichosporonaceae; g__Cutaneotrichosporon; s__Cutaneotrichosporon_dermatis	fig4_q30_SE_cutadapt_unite_blast_top1_rescue	Cutadapt	SE	SE	Cutadapt
cdd4c8be3d7c15248e9dee490ecf867a	Mock type-strain BLAST	Cryptococcus	Cryptococcus_neoformans	k__Fungi; p__Basidiomycota; c__Tremellomycetes; o__Tremellales; f__Tremellaceae; g__Cryptococcus; s__Cryptococcus_neoformans	fig4_q30_SE_cutadapt_unite_blast_top1_rescue	Cutadapt	SE	SE	Cutadapt
ce2917ca97a6ed458f6df0078d2e50b8	Mock type-strain BLAST	Penicillium	Penicillium_chrysogenum	k__Fungi; p__Ascomycota; c__Eurotiomycetes; o__Eurotiales; f__Aspergillaceae; g__Penicillium; s__Penicillium_chrysogenum	fig4_q30_SE_cutadapt_unite_blast_top1_rescue	Cutadapt	SE	SE	Cutadapt
cfa201d304dab9c66d991e37660ea7cd	Mock type-strain BLAST	Nakaseomyces	Nakaseomyces_glabratus	k__Fungi; p__Ascomycota; c__Saccharomycetes; o__Saccharomycetales; f__Saccharomycetaceae; g__Nakaseomyces; s__Nakaseomyces_glabratus	fig4_q30_SE_cutadapt_unite_blast_top1_rescue	Cutadapt	SE	SE	Cutadapt
d00069f184bac3614964ebeeb9e0c463	Mock type-strain BLAST	Cryptococcus	Cryptococcus_neoformans	k__Fungi; p__Basidiomycota; c__Tremellomycetes; o__Tremellales; f__Tremellaceae; g__Cryptococcus; s__Cryptococcus_neoformans	fig4_q30_SE_cutadapt_unite_blast_top1_rescue	Cutadapt	SE	SE	Cutadapt
d06e13114c26fb411371fc6585f90fcc	Mock type-strain BLAST	Malassezia	Malassezia_globosa	k__Fungi; p__Basidiomycota; c__Malasseziomycetes; o__Malasseziales; f__Malasseziaceae; g__Malassezia; s__Malassezia_globosa	fig4_q30_SE_cutadapt_unite_blast_top1_rescue	Cutadapt	SE	SE	Cutadapt
d0b4254cf72c2997dd42ad82af681f04	Mock type-strain BLAST	Cryptococcus	Cryptococcus_neoformans	k__Fungi; p__Basidiomycota; c__Tremellomycetes; o__Tremellales; f__Tremellaceae; g__Cryptococcus; s__Cryptococcus_neoformans	fig4_q30_SE_cutadapt_unite_blast_top1_rescue	Cutadapt	SE	SE	Cutadapt
d0ba115d2648c5cea27a7c508f335db2	Mock type-strain BLAST	Saccharomyces	Saccharomyces_cerevisiae	k__Fungi; p__Ascomycota; c__Saccharomycetes; o__Saccharomycetales; f__Saccharomycetaceae; g__Saccharomyces; s__Saccharomyces_cerevisiae	fig4_q30_SE_cutadapt_unite_blast_top1_rescue	Cutadapt	SE	SE	Cutadapt
d17228a9992e50708dfe3ab981c02b40	Mock type-strain BLAST	Penicillium	Penicillium_chrysogenum	k__Fungi; p__Ascomycota; c__Eurotiomycetes; o__Eurotiales; f__Aspergillaceae; g__Penicillium; s__Penicillium_chrysogenum	fig4_q30_SE_cutadapt_unite_blast_top1_rescue	Cutadapt	SE	SE	Cutadapt
d1e17b274ba99de355a3817e54d6236e	Mock type-strain BLAST	Cryptococcus	Cryptococcus_neoformans	k__Fungi; p__Basidiomycota; c__Tremellomycetes; o__Tremellales; f__Tremellaceae; g__Cryptococcus; s__Cryptococcus_neoformans	fig4_q30_SE_cutadapt_unite_blast_top1_rescue	Cutadapt	SE	SE	Cutadapt
d25e7da93e6b99dc8a029aa614772d33	Mock type-strain BLAST	Nakaseomyces	Nakaseomyces_glabratus	k__Fungi; p__Ascomycota; c__Saccharomycetes; o__Saccharomycetales; f__Saccharomycetaceae; g__Nakaseomyces; s__Nakaseomyces_glabratus	fig4_q30_SE_cutadapt_unite_blast_top1_rescue	Cutadapt	SE	SE	Cutadapt
d30bd92498a8cd6f581788d3c914949d	Mock type-strain BLAST	Penicillium	Penicillium_chrysogenum	k__Fungi; p__Ascomycota; c__Eurotiomycetes; o__Eurotiales; f__Aspergillaceae; g__Penicillium; s__Penicillium_chrysogenum	fig4_q30_SE_cutadapt_unite_blast_top1_rescue	Cutadapt	SE	SE	Cutadapt
d64a586df2febe320546417d9621d507	Mock type-strain BLAST	Nakaseomyces	Nakaseomyces_glabratus	k__Fungi; p__Ascomycota; c__Saccharomycetes; o__Saccharomycetales; f__Saccharomycetaceae; g__Nakaseomyces; s__Nakaseomyces_glabratus	fig4_q30_SE_cutadapt_unite_blast_top1_rescue	Cutadapt	SE	SE	Cutadapt
d67ec88ac6b0a4537d390059cf1dac96	Mock type-strain BLAST	Cutaneotrichosporon	Cutaneotrichosporon_dermatis	k__Fungi; p__Basidiomycota; c__Tremellomycetes; o__Trichosporonales; f__Trichosporonaceae; g__Cutaneotrichosporon; s__Cutaneotrichosporon_dermatis	fig4_q30_SE_cutadapt_unite_blast_top1_rescue	Cutadapt	SE	SE	Cutadapt
d6cc98cce9c2687e7e03206bda7d9f64	Mock type-strain BLAST	Cryptococcus	Cryptococcus_neoformans	k__Fungi; p__Basidiomycota; c__Tremellomycetes; o__Tremellales; f__Tremellaceae; g__Cryptococcus; s__Cryptococcus_neoformans	fig4_q30_SE_cutadapt_unite_blast_top1_rescue	Cutadapt	SE	SE	Cutadapt
d7fc1469409e75228a73f2e6c5a2a3c7	Mock type-strain BLAST	Trichophyton	Trichophyton_interdigitale	k__Fungi; p__Ascomycota; c__Eurotiomycetes; o__Onygenales; f__Arthrodermataceae; g__Trichophyton; s__Trichophyton_interdigitale	fig4_q30_SE_cutadapt_unite_blast_top1_rescue	Cutadapt	SE	SE	Cutadapt
d88567ebe660f0a6651f4846b34d71e2	Mock type-strain BLAST	Cryptococcus	Cryptococcus_neoformans	k__Fungi; p__Basidiomycota; c__Tremellomycetes; o__Tremellales; f__Tremellaceae; g__Cryptococcus; s__Cryptococcus_neoformans	fig4_q30_SE_cutadapt_unite_blast_top1_rescue	Cutadapt	SE	SE	Cutadapt
daf9001a3300ede6912762d783d25c18	Mock type-strain BLAST	Cryptococcus	Cryptococcus_neoformans	k__Fungi; p__Basidiomycota; c__Tremellomycetes; o__Tremellales; f__Tremellaceae; g__Cryptococcus; s__Cryptococcus_neoformans	fig4_q30_SE_cutadapt_unite_blast_top1_rescue	Cutadapt	SE	SE	Cutadapt
dbd506df66b81dcdb231c7b21f39140b	Mock type-strain BLAST	Cutaneotrichosporon	Cutaneotrichosporon_dermatis	k__Fungi; p__Basidiomycota; c__Tremellomycetes; o__Trichosporonales; f__Trichosporonaceae; g__Cutaneotrichosporon; s__Cutaneotrichosporon_dermatis	fig4_q30_SE_cutadapt_unite_blast_top1_rescue	Cutadapt	SE	SE	Cutadapt
dc4c92957db247364b6bca5eb5bd2b66	Mock type-strain BLAST	Nakaseomyces	Nakaseomyces_glabratus	k__Fungi; p__Ascomycota; c__Saccharomycetes; o__Saccharomycetales; f__Saccharomycetaceae; g__Nakaseomyces; s__Nakaseomyces_glabratus	fig4_q30_SE_cutadapt_unite_blast_top1_rescue	Cutadapt	SE	SE	Cutadapt
dedfb065825f7af0f11dc63cd4a5b596	Mock type-strain BLAST	Candida	Candida_albicans	k__Fungi; p__Ascomycota; c__Saccharomycetes; o__Saccharomycetales; f__Debaryomycetaceae; g__Candida; s__Candida_albicans	fig4_q30_SE_cutadapt_unite_blast_top1_rescue	Cutadapt	SE	SE	Cutadapt
dfeb122bae0ce9f357229be0b4e90619	Mock type-strain BLAST	Cryptococcus	Cryptococcus_neoformans	k__Fungi; p__Basidiomycota; c__Tremellomycetes; o__Tremellales; f__Tremellaceae; g__Cryptococcus; s__Cryptococcus_neoformans	fig4_q30_SE_cutadapt_unite_blast_top1_rescue	Cutadapt	SE	SE	Cutadapt
e05fc0449f67499fe6ddec89784dbb5d	Mock type-strain BLAST	Aspergillus	Aspergillus_fumigatus	k__Fungi; p__Ascomycota; c__Eurotiomycetes; o__Eurotiales; f__Aspergillaceae; g__Aspergillus; s__Aspergillus_fumigatus	fig4_q30_SE_cutadapt_unite_blast_top1_rescue	Cutadapt	SE	SE	Cutadapt
e09cee250683d1d9c0efe6766aea6426	Mock type-strain BLAST	Cutaneotrichosporon	Cutaneotrichosporon_dermatis	k__Fungi; p__Basidiomycota; c__Tremellomycetes; o__Trichosporonales; f__Trichosporonaceae; g__Cutaneotrichosporon; s__Cutaneotrichosporon_dermatis	fig4_q30_SE_cutadapt_unite_blast_top1_rescue	Cutadapt	SE	SE	Cutadapt
e2708925a7f42bb9e1f62f04f1ee3e26	Mock type-strain BLAST	Nakaseomyces	Nakaseomyces_glabratus	k__Fungi; p__Ascomycota; c__Saccharomycetes; o__Saccharomycetales; f__Saccharomycetaceae; g__Nakaseomyces; s__Nakaseomyces_glabratus	fig4_q30_SE_cutadapt_unite_blast_top1_rescue	Cutadapt	SE	SE	Cutadapt
e2b964f9c965bdcdf26553e425dbd793	Mock type-strain BLAST	Saccharomyces	Saccharomyces_cerevisiae	k__Fungi; p__Ascomycota; c__Saccharomycetes; o__Saccharomycetales; f__Saccharomycetaceae; g__Saccharomyces; s__Saccharomyces_cerevisiae	fig4_q30_SE_cutadapt_unite_blast_top1_rescue	Cutadapt	SE	SE	Cutadapt
e2d6b080c35429edc1bf79320290191c	Mock type-strain BLAST	Saccharomyces	Saccharomyces_cerevisiae	k__Fungi; p__Ascomycota; c__Saccharomycetes; o__Saccharomycetales; f__Saccharomycetaceae; g__Saccharomyces; s__Saccharomyces_cerevisiae	fig4_q30_SE_cutadapt_unite_blast_top1_rescue	Cutadapt	SE	SE	Cutadapt
e43a7fd010f2b357ee8e0655e81440be	Mock type-strain BLAST	Nakaseomyces	Nakaseomyces_glabratus	k__Fungi; p__Ascomycota; c__Saccharomycetes; o__Saccharomycetales; f__Saccharomycetaceae; g__Nakaseomyces; s__Nakaseomyces_glabratus	fig4_q30_SE_cutadapt_unite_blast_top1_rescue	Cutadapt	SE	SE	Cutadapt
e56ef4932dbe840d72fbf03dd085350e	Mock type-strain BLAST	Saccharomyces	Saccharomyces_cerevisiae	k__Fungi; p__Ascomycota; c__Saccharomycetes; o__Saccharomycetales; f__Saccharomycetaceae; g__Saccharomyces; s__Saccharomyces_cerevisiae	fig4_q30_SE_cutadapt_unite_blast_top1_rescue	Cutadapt	SE	SE	Cutadapt
e7d607347edf89506f50e84573edc326	Mock type-strain BLAST	Aspergillus	Aspergillus_fumigatus	k__Fungi; p__Ascomycota; c__Eurotiomycetes; o__Eurotiales; f__Aspergillaceae; g__Aspergillus; s__Aspergillus_fumigatus	fig4_q30_SE_cutadapt_unite_blast_top1_rescue	Cutadapt	SE	SE	Cutadapt
e82b717c2dd3e0adf38d29ca295ddd59	Mock type-strain BLAST	Saccharomyces	Saccharomyces_cerevisiae	k__Fungi; p__Ascomycota; c__Saccharomycetes; o__Saccharomycetales; f__Saccharomycetaceae; g__Saccharomyces; s__Saccharomyces_cerevisiae	fig4_q30_SE_cutadapt_unite_blast_top1_rescue	Cutadapt	SE	SE	Cutadapt
e9158b4ef80d8a3ac9e727f88e44cb72	Mock type-strain BLAST	Cryptococcus	Cryptococcus_neoformans	k__Fungi; p__Basidiomycota; c__Tremellomycetes; o__Tremellales; f__Tremellaceae; g__Cryptococcus; s__Cryptococcus_neoformans	fig4_q30_SE_cutadapt_unite_blast_top1_rescue	Cutadapt	SE	SE	Cutadapt
e98dc9729afccefe7d09d64fb570d0f7	Mock type-strain BLAST	Saccharomyces	Saccharomyces_cerevisiae	k__Fungi; p__Ascomycota; c__Saccharomycetes; o__Saccharomycetales; f__Saccharomycetaceae; g__Saccharomyces; s__Saccharomyces_cerevisiae	fig4_q30_SE_cutadapt_unite_blast_top1_rescue	Cutadapt	SE	SE	Cutadapt
e99579856827fee5f22ab107b3a13376	Mock type-strain BLAST	Nakaseomyces	Nakaseomyces_glabratus	k__Fungi; p__Ascomycota; c__Saccharomycetes; o__Saccharomycetales; f__Saccharomycetaceae; g__Nakaseomyces; s__Nakaseomyces_glabratus	fig4_q30_SE_cutadapt_unite_blast_top1_rescue	Cutadapt	SE	SE	Cutadapt
ea7f5040ec9eea16e64fd85b2b7d0572	Mock type-strain BLAST	Cryptococcus	Cryptococcus_neoformans	k__Fungi; p__Basidiomycota; c__Tremellomycetes; o__Tremellales; f__Tremellaceae; g__Cryptococcus; s__Cryptococcus_neoformans	fig4_q30_SE_cutadapt_unite_blast_top1_rescue	Cutadapt	SE	SE	Cutadapt
ea97745628171c1b7140643a9f70461e	Mock type-strain BLAST	Aspergillus	Aspergillus_fumigatus	k__Fungi; p__Ascomycota; c__Eurotiomycetes; o__Eurotiales; f__Aspergillaceae; g__Aspergillus; s__Aspergillus_fumigatus	fig4_q30_SE_cutadapt_unite_blast_top1_rescue	Cutadapt	SE	SE	Cutadapt
eb0a24cde4475b6ba4de24cc713e47bd	Mock type-strain BLAST	Cryptococcus	Cryptococcus_neoformans	k__Fungi; p__Basidiomycota; c__Tremellomycetes; o__Tremellales; f__Tremellaceae; g__Cryptococcus; s__Cryptococcus_neoformans	fig4_q30_SE_cutadapt_unite_blast_top1_rescue	Cutadapt	SE	SE	Cutadapt
eb419687cb6c69004db4a72c323e21f8	Mock type-strain BLAST	Saccharomyces	Saccharomyces_cerevisiae	k__Fungi; p__Ascomycota; c__Saccharomycetes; o__Saccharomycetales; f__Saccharomycetaceae; g__Saccharomyces; s__Saccharomyces_cerevisiae	fig4_q30_SE_cutadapt_unite_blast_top1_rescue	Cutadapt	SE	SE	Cutadapt
eb56c19be8e5fbe1c2a1ca33be8c1b24	Mock type-strain BLAST	Aspergillus	Aspergillus_fumigatus	k__Fungi; p__Ascomycota; c__Eurotiomycetes; o__Eurotiales; f__Aspergillaceae; g__Aspergillus; s__Aspergillus_fumigatus	fig4_q30_SE_cutadapt_unite_blast_top1_rescue	Cutadapt	SE	SE	Cutadapt
ec4276f41a3a82838b695987e7bb5ed1	Mock type-strain BLAST	Saccharomyces	Saccharomyces_cerevisiae	k__Fungi; p__Ascomycota; c__Saccharomycetes; o__Saccharomycetales; f__Saccharomycetaceae; g__Saccharomyces; s__Saccharomyces_cerevisiae	fig4_q30_SE_cutadapt_unite_blast_top1_rescue	Cutadapt	SE	SE	Cutadapt
ec6e9c6d65a5399d0933b26589fe40db	Mock type-strain BLAST	Saccharomyces	Saccharomyces_cerevisiae	k__Fungi; p__Ascomycota; c__Saccharomycetes; o__Saccharomycetales; f__Saccharomycetaceae; g__Saccharomyces; s__Saccharomyces_cerevisiae	fig4_q30_SE_cutadapt_unite_blast_top1_rescue	Cutadapt	SE	SE	Cutadapt
eca677b652afb80f02a64e9a83fef553	Mock type-strain BLAST	Saccharomyces	Saccharomyces_cerevisiae	k__Fungi; p__Ascomycota; c__Saccharomycetes; o__Saccharomycetales; f__Saccharomycetaceae; g__Saccharomyces; s__Saccharomyces_cerevisiae	fig4_q30_SE_cutadapt_unite_blast_top1_rescue	Cutadapt	SE	SE	Cutadapt
ee7eded8ff16d52a1a8b95d1ac582d73	Mock type-strain BLAST	Cryptococcus	Cryptococcus_neoformans	k__Fungi; p__Basidiomycota; c__Tremellomycetes; o__Tremellales; f__Tremellaceae; g__Cryptococcus; s__Cryptococcus_neoformans	fig4_q30_SE_cutadapt_unite_blast_top1_rescue	Cutadapt	SE	SE	Cutadapt
ef16d0695cbd2892a71d4e49c28bd4ea	Mock type-strain BLAST	Cryptococcus	Cryptococcus_neoformans	k__Fungi; p__Basidiomycota; c__Tremellomycetes; o__Tremellales; f__Tremellaceae; g__Cryptococcus; s__Cryptococcus_neoformans	fig4_q30_SE_cutadapt_unite_blast_top1_rescue	Cutadapt	SE	SE	Cutadapt
ef25c954c06d510896f91b6ee3f9d1aa	Mock type-strain BLAST	Nakaseomyces	Nakaseomyces_glabratus	k__Fungi; p__Ascomycota; c__Saccharomycetes; o__Saccharomycetales; f__Saccharomycetaceae; g__Nakaseomyces; s__Nakaseomyces_glabratus	fig4_q30_SE_cutadapt_unite_blast_top1_rescue	Cutadapt	SE	SE	Cutadapt
ef2a10e078a78c78b0dfca20f3bc56d6	Mock type-strain BLAST	Penicillium	Penicillium_chrysogenum	k__Fungi; p__Ascomycota; c__Eurotiomycetes; o__Eurotiales; f__Aspergillaceae; g__Penicillium; s__Penicillium_chrysogenum	fig4_q30_SE_cutadapt_unite_blast_top1_rescue	Cutadapt	SE	SE	Cutadapt
ef625af92358d0ebe325ddb17b618ef9	Mock type-strain BLAST	Nakaseomyces	Nakaseomyces_glabratus	k__Fungi; p__Ascomycota; c__Saccharomycetes; o__Saccharomycetales; f__Saccharomycetaceae; g__Nakaseomyces; s__Nakaseomyces_glabratus	fig4_q30_SE_cutadapt_unite_blast_top1_rescue	Cutadapt	SE	SE	Cutadapt
f0affb04ad14d212d17e6dadefab055f	Mock type-strain BLAST	Cryptococcus	Cryptococcus_neoformans	k__Fungi; p__Basidiomycota; c__Tremellomycetes; o__Tremellales; f__Tremellaceae; g__Cryptococcus; s__Cryptococcus_neoformans	fig4_q30_SE_cutadapt_unite_blast_top1_rescue	Cutadapt	SE	SE	Cutadapt
f1997867c1a1b8dbf76c227712592c2b	Mock type-strain BLAST	Malassezia	Malassezia_globosa	k__Fungi; p__Basidiomycota; c__Malasseziomycetes; o__Malasseziales; f__Malasseziaceae; g__Malassezia; s__Malassezia_globosa	fig4_q30_SE_cutadapt_unite_blast_top1_rescue	Cutadapt	SE	SE	Cutadapt
f1e26dc5de94e5ab231af0b5370bb2e2	Mock type-strain BLAST	Saccharomyces	Saccharomyces_cerevisiae	k__Fungi; p__Ascomycota; c__Saccharomycetes; o__Saccharomycetales; f__Saccharomycetaceae; g__Saccharomyces; s__Saccharomyces_cerevisiae	fig4_q30_SE_cutadapt_unite_blast_top1_rescue	Cutadapt	SE	SE	Cutadapt
f212910f88c465884b6e3ce383c1d163	Mock type-strain BLAST	Malassezia	Malassezia_globosa	k__Fungi; p__Basidiomycota; c__Malasseziomycetes; o__Malasseziales; f__Malasseziaceae; g__Malassezia; s__Malassezia_globosa	fig4_q30_SE_cutadapt_unite_blast_top1_rescue	Cutadapt	SE	SE	Cutadapt
f235e5de715614a0b7c2b48197a6a8ba	Mock type-strain BLAST	Nakaseomyces	Nakaseomyces_glabratus	k__Fungi; p__Ascomycota; c__Saccharomycetes; o__Saccharomycetales; f__Saccharomycetaceae; g__Nakaseomyces; s__Nakaseomyces_glabratus	fig4_q30_SE_cutadapt_unite_blast_top1_rescue	Cutadapt	SE	SE	Cutadapt
f32c3a43668f703f0abe5a6d1c0b37a5	Mock type-strain BLAST	Aspergillus	Aspergillus_fumigatus	k__Fungi; p__Ascomycota; c__Eurotiomycetes; o__Eurotiales; f__Aspergillaceae; g__Aspergillus; s__Aspergillus_fumigatus	fig4_q30_SE_cutadapt_unite_blast_top1_rescue	Cutadapt	SE	SE	Cutadapt
f3556e55c63ed4a9ecddd5ef5c6d9ae8	Mock type-strain BLAST	Nakaseomyces	Nakaseomyces_glabratus	k__Fungi; p__Ascomycota; c__Saccharomycetes; o__Saccharomycetales; f__Saccharomycetaceae; g__Nakaseomyces; s__Nakaseomyces_glabratus	fig4_q30_SE_cutadapt_unite_blast_top1_rescue	Cutadapt	SE	SE	Cutadapt
f3668a5d3a3b9ae5ec04a62d6b276380	Mock type-strain BLAST	Fusarium	Fusarium_keratoplasticum	k__Fungi; p__Ascomycota; c__Sordariomycetes; o__Hypocreales; f__Nectriaceae; g__Fusarium; s__Fusarium_keratoplasticum	fig4_q30_SE_cutadapt_unite_blast_top1_rescue	Cutadapt	SE	SE	Cutadapt
f401ef7c85b3ea9e632f2b89384dcadf	Mock type-strain BLAST	Malassezia	Malassezia_globosa	k__Fungi; p__Basidiomycota; c__Malasseziomycetes; o__Malasseziales; f__Malasseziaceae; g__Malassezia; s__Malassezia_globosa	fig4_q30_SE_cutadapt_unite_blast_top1_rescue	Cutadapt	SE	SE	Cutadapt
f52aa5980a9162ead1e2a406681ba1b7	Mock type-strain BLAST	Saccharomyces	Saccharomyces_cerevisiae	k__Fungi; p__Ascomycota; c__Saccharomycetes; o__Saccharomycetales; f__Saccharomycetaceae; g__Saccharomyces; s__Saccharomyces_cerevisiae	fig4_q30_SE_cutadapt_unite_blast_top1_rescue	Cutadapt	SE	SE	Cutadapt
f68813f6ebcb8f7323b15cb6dad97526	Mock type-strain BLAST	Cryptococcus	Cryptococcus_neoformans	k__Fungi; p__Basidiomycota; c__Tremellomycetes; o__Tremellales; f__Tremellaceae; g__Cryptococcus; s__Cryptococcus_neoformans	fig4_q30_SE_cutadapt_unite_blast_top1_rescue	Cutadapt	SE	SE	Cutadapt
f6f997289cd3527af5c901a89ed81029	Mock type-strain BLAST	Aspergillus	Aspergillus_fumigatus	k__Fungi; p__Ascomycota; c__Eurotiomycetes; o__Eurotiales; f__Aspergillaceae; g__Aspergillus; s__Aspergillus_fumigatus	fig4_q30_SE_cutadapt_unite_blast_top1_rescue	Cutadapt	SE	SE	Cutadapt
f948e144edae90d5a6361cefa3a96d1e	Mock type-strain BLAST	Cryptococcus	Cryptococcus_neoformans	k__Fungi; p__Basidiomycota; c__Tremellomycetes; o__Tremellales; f__Tremellaceae; g__Cryptococcus; s__Cryptococcus_neoformans	fig4_q30_SE_cutadapt_unite_blast_top1_rescue	Cutadapt	SE	SE	Cutadapt
f94cceab17230de007f8fd723ae80e47	Mock type-strain BLAST	Malassezia	Malassezia_globosa	k__Fungi; p__Basidiomycota; c__Malasseziomycetes; o__Malasseziales; f__Malasseziaceae; g__Malassezia; s__Malassezia_globosa	fig4_q30_SE_cutadapt_unite_blast_top1_rescue	Cutadapt	SE	SE	Cutadapt
f995e145056827d946990165fee89f13	Mock type-strain BLAST	Cryptococcus	Cryptococcus_neoformans	k__Fungi; p__Basidiomycota; c__Tremellomycetes; o__Tremellales; f__Tremellaceae; g__Cryptococcus; s__Cryptococcus_neoformans	fig4_q30_SE_cutadapt_unite_blast_top1_rescue	Cutadapt	SE	SE	Cutadapt
f99e1af2943587a660911231516d2b0d	Mock type-strain BLAST	Aspergillus	Aspergillus_fumigatus	k__Fungi; p__Ascomycota; c__Eurotiomycetes; o__Eurotiales; f__Aspergillaceae; g__Aspergillus; s__Aspergillus_fumigatus	fig4_q30_SE_cutadapt_unite_blast_top1_rescue	Cutadapt	SE	SE	Cutadapt
f9e0459672e12d102a630e4436ffb437	Mock type-strain BLAST	Cryptococcus	Cryptococcus_neoformans	k__Fungi; p__Basidiomycota; c__Tremellomycetes; o__Tremellales; f__Tremellaceae; g__Cryptococcus; s__Cryptococcus_neoformans	fig4_q30_SE_cutadapt_unite_blast_top1_rescue	Cutadapt	SE	SE	Cutadapt
fa6042518061af83ea6007686638c607	Mock type-strain BLAST	Saccharomyces	Saccharomyces_cerevisiae	k__Fungi; p__Ascomycota; c__Saccharomycetes; o__Saccharomycetales; f__Saccharomycetaceae; g__Saccharomyces; s__Saccharomyces_cerevisiae	fig4_q30_SE_cutadapt_unite_blast_top1_rescue	Cutadapt	SE	SE	Cutadapt
fb16acc3ac783ab7d6101776190a58e0	Mock type-strain BLAST	Saccharomyces	Saccharomyces_cerevisiae	k__Fungi; p__Ascomycota; c__Saccharomycetes; o__Saccharomycetales; f__Saccharomycetaceae; g__Saccharomyces; s__Saccharomyces_cerevisiae	fig4_q30_SE_cutadapt_unite_blast_top1_rescue	Cutadapt	SE	SE	Cutadapt
fb1e99770074de04d7dff1b96c37c523	Mock type-strain BLAST	Penicillium	Penicillium_chrysogenum	k__Fungi; p__Ascomycota; c__Eurotiomycetes; o__Eurotiales; f__Aspergillaceae; g__Penicillium; s__Penicillium_chrysogenum	fig4_q30_SE_cutadapt_unite_blast_top1_rescue	Cutadapt	SE	SE	Cutadapt
fb35ca8ff15793fd70c07633f55dad71	Mock type-strain BLAST	Nakaseomyces	Nakaseomyces_glabratus	k__Fungi; p__Ascomycota; c__Saccharomycetes; o__Saccharomycetales; f__Saccharomycetaceae; g__Nakaseomyces; s__Nakaseomyces_glabratus	fig4_q30_SE_cutadapt_unite_blast_top1_rescue	Cutadapt	SE	SE	Cutadapt
fbea4bf29a9ade946b3674af59bbdb75	Mock type-strain BLAST	Cryptococcus	Cryptococcus_neoformans	k__Fungi; p__Basidiomycota; c__Tremellomycetes; o__Tremellales; f__Tremellaceae; g__Cryptococcus; s__Cryptococcus_neoformans	fig4_q30_SE_cutadapt_unite_blast_top1_rescue	Cutadapt	SE	SE	Cutadapt
fc7fa41febb165d9e2c1aa251fe03adb	Mock type-strain BLAST	Nakaseomyces	Nakaseomyces_glabratus	k__Fungi; p__Ascomycota; c__Saccharomycetes; o__Saccharomycetales; f__Saccharomycetaceae; g__Nakaseomyces; s__Nakaseomyces_glabratus	fig4_q30_SE_cutadapt_unite_blast_top1_rescue	Cutadapt	SE	SE	Cutadapt
fcbc999ca804479fd39bdcaef8c7c1c0	Mock type-strain BLAST	Aspergillus	Aspergillus_fumigatus	k__Fungi; p__Ascomycota; c__Eurotiomycetes; o__Eurotiales; f__Aspergillaceae; g__Aspergillus; s__Aspergillus_fumigatus	fig4_q30_SE_cutadapt_unite_blast_top1_rescue	Cutadapt	SE	SE	Cutadapt
fe389004a774f698876b52bcd5148b90	Mock type-strain BLAST	Trichophyton	Trichophyton_interdigitale	k__Fungi; p__Ascomycota; c__Eurotiomycetes; o__Onygenales; f__Arthrodermataceae; g__Trichophyton; s__Trichophyton_interdigitale	fig4_q30_SE_cutadapt_unite_blast_top1_rescue	Cutadapt	SE	SE	Cutadapt
feb42ca1b6adcd738ff9ba386892f11e	Mock type-strain BLAST	Penicillium	Penicillium_chrysogenum	k__Fungi; p__Ascomycota; c__Eurotiomycetes; o__Eurotiales; f__Aspergillaceae; g__Penicillium; s__Penicillium_chrysogenum	fig4_q30_SE_cutadapt_unite_blast_top1_rescue	Cutadapt	SE	SE	Cutadapt
fed98bc28374334a8e2df19c0ed70b46	Mock type-strain BLAST	Cryptococcus	Cryptococcus_neoformans	k__Fungi; p__Basidiomycota; c__Tremellomycetes; o__Tremellales; f__Tremellaceae; g__Cryptococcus; s__Cryptococcus_neoformans	fig4_q30_SE_cutadapt_unite_blast_top1_rescue	Cutadapt	SE	SE	Cutadapt
ff05b9a82953ffcc6645056118fff882	Mock type-strain BLAST	Fusarium	Fusarium_keratoplasticum	k__Fungi; p__Ascomycota; c__Sordariomycetes; o__Hypocreales; f__Nectriaceae; g__Fusarium; s__Fusarium_keratoplasticum	fig4_q30_SE_cutadapt_unite_blast_top1_rescue	Cutadapt	SE	SE	Cutadapt
ff27b8703c571d06a3bb9d893ed7daea	Mock type-strain BLAST	Saccharomyces	Saccharomyces_cerevisiae	k__Fungi; p__Ascomycota; c__Saccharomycetes; o__Saccharomycetales; f__Saccharomycetaceae; g__Saccharomyces; s__Saccharomyces_cerevisiae	fig4_q30_SE_cutadapt_unite_blast_top1_rescue	Cutadapt	SE	SE	Cutadapt
ff7f232a0ba2b8cdee78935456caded9	Mock type-strain BLAST	Saccharomyces	Saccharomyces_cerevisiae	k__Fungi; p__Ascomycota; c__Saccharomycetes; o__Saccharomycetales; f__Saccharomycetaceae; g__Saccharomyces; s__Saccharomyces_cerevisiae	fig4_q30_SE_cutadapt_unite_blast_top1_rescue	Cutadapt	SE	SE	Cutadapt
