ASV	Kingdom	Phylum	Class	Order	Family	Genus	Species	Final_Taxon	Replacement_Status	Replacement_Reason
72dd04cf016a807b3f0ed8e3b52565b4	Fungi	Ascomycota	Pichiomycetes	Serinales	Debaryomycetaceae	Candida	Candida_albicans	k__Fungi; p__Ascomycota; c__Pichiomycetes; o__Serinales; f__Debaryomycetaceae; g__Candida; s__Candida_albicans	blast_species_replaced_high_confidence	BLAST species passed high-confidence replacement cutoffs. Genus concordance was not required.
010b07e3b6da2a38547e45cd063dd63d	Fungi	Basidiomycota	Tremellomycetes	Trichosporonales	Trichosporonaceae	Cutaneotrichosporon	Cutaneotrichosporon_dermatis	k__Fungi; p__Basidiomycota; c__Tremellomycetes; o__Trichosporonales; f__Trichosporonaceae; g__Cutaneotrichosporon; s__Cutaneotrichosporon_dermatis	blast_species_replaced_high_confidence	BLAST species passed high-confidence replacement cutoffs. Genus concordance was not required.
5eb88a9a6282b223cd88dbc003040251	Fungi	Basidiomycota	Tremellomycetes	Tremellales	Cryptococcaceae	Cryptococcus	Cryptococcus_neoformans	k__Fungi; p__Basidiomycota; c__Tremellomycetes; o__Tremellales; f__Cryptococcaceae; g__Cryptococcus; s__Cryptococcus_neoformans	qiime_retained_ambiguous_blast	BLAST top hit was ambiguous with an exact-score species conflict.
ef2a10e078a78c78b0dfca20f3bc56d6	Fungi	Ascomycota	Eurotiomycetes	Eurotiales	Aspergillaceae	Penicillium	Penicillium_g	k__Fungi; p__Ascomycota; c__Eurotiomycetes; o__Eurotiales; f__Aspergillaceae; g__Penicillium; s__Penicillium_g	qiime_retained_ambiguous_blast	BLAST top hit was ambiguous with an exact-score species conflict.
53926185040b69b43d226af323a0598e	Fungi	Ascomycota	Saccharomycetes	Saccharomycetales	Saccharomycetaceae	Nakaseomyces	Nakaseomyces_glabratus	k__Fungi; p__Ascomycota; c__Saccharomycetes; o__Saccharomycetales; f__Saccharomycetaceae; g__Nakaseomyces; s__Nakaseomyces_glabratus	blast_species_replaced_high_confidence	BLAST species passed high-confidence replacement cutoffs. Genus concordance was not required.
55c1f51cc4845985dae3c90e77b5d5b1	Fungi	Ascomycota	Saccharomycetes	Saccharomycetales	Saccharomycetaceae	Saccharomyces	Saccharomyces_cerevisiae	k__Fungi; p__Ascomycota; c__Saccharomycetes; o__Saccharomycetales; f__Saccharomycetaceae; g__Saccharomyces; s__Saccharomyces_cerevisiae	qiime_retained_ambiguous_blast	BLAST top hit was ambiguous with an exact-score species conflict.
38da37bf49a104ddf2f0adc044079d2e	Fungi	Ascomycota	Ascomycota_p	Ascomycota_p	Ascomycota_p	Ascomycota_p	Ascomycota_p	k__Fungi; p__Ascomycota; c__Ascomycota_p; o__Ascomycota_p; f__Ascomycota_p; g__Ascomycota_p; s__Ascomycota_p	qiime_retained_no_blast_species	No BLAST species-level top hit was available.
28b1e3694b1bcb9d577830df4fd6c876	Fungi	Ascomycota	Eurotiomycetes	Eurotiales	Aspergillaceae	Aspergillus	Aspergillus_fumigatus	k__Fungi; p__Ascomycota; c__Eurotiomycetes; o__Eurotiales; f__Aspergillaceae; g__Aspergillus; s__Aspergillus_fumigatus	blast_species_replaced_high_confidence	BLAST species passed high-confidence replacement cutoffs. Genus concordance was not required.
1eb57cce3c3583ae58927522adab0277	Fungi	Ascomycota	Ascomycota_p	Ascomycota_p	Ascomycota_p	Ascomycota_p	Ascomycota_p	k__Fungi; p__Ascomycota; c__Ascomycota_p; o__Ascomycota_p; f__Ascomycota_p; g__Ascomycota_p; s__Ascomycota_p	qiime_retained_ambiguous_blast	BLAST top hit was ambiguous with an exact-score species conflict.
830623f85c074e3be00b07789c2ab817	Fungi	Ascomycota	Saccharomycetes	Saccharomycetales	Pichiaceae	Komagataella	Komagataella_phaffii	k__Fungi; p__Ascomycota; c__Saccharomycetes; o__Saccharomycetales; f__Pichiaceae; g__Komagataella; s__Komagataella_phaffii	qiime_retained_no_blast_species	No BLAST species-level top hit was available.
f52aa5980a9162ead1e2a406681ba1b7	Fungi	Fungi_k	Fungi_k	Fungi_k	Fungi_k	Fungi_k	Fungi_k	k__Fungi; p__Fungi_k; c__Fungi_k; o__Fungi_k; f__Fungi_k; g__Fungi_k; s__Fungi_k	qiime_retained_no_blast_species	No BLAST species-level top hit was available.
7ec84e73c19db6fd14a892be88d602d6	Fungi	Ascomycota	Ascomycota_p	Ascomycota_p	Ascomycota_p	Ascomycota_p	Ascomycota_p	k__Fungi; p__Ascomycota; c__Ascomycota_p; o__Ascomycota_p; f__Ascomycota_p; g__Ascomycota_p; s__Ascomycota_p	qiime_retained_no_blast_species	No BLAST species-level top hit was available.
23ce5b9dd49c380e94ec122f11c8077f	Fungi	Fungi_k	Fungi_k	Fungi_k	Fungi_k	Fungi_k	Fungi_k	k__Fungi; p__Fungi_k; c__Fungi_k; o__Fungi_k; f__Fungi_k; g__Fungi_k; s__Fungi_k	qiime_retained_no_blast_species	No BLAST species-level top hit was available.
cbf18da6c0f768134b965e6c94579fb5	Fungi	Ascomycota	Ascomycota_p	Ascomycota_p	Ascomycota_p	Ascomycota_p	Ascomycota_p	k__Fungi; p__Ascomycota; c__Ascomycota_p; o__Ascomycota_p; f__Ascomycota_p; g__Ascomycota_p; s__Ascomycota_p	qiime_retained_no_blast_species	No BLAST species-level top hit was available.
719c06db40daf054bc4b27a72600de75	Fungi	Basidiomycota	Tremellomycetes	Trichosporonales	Trichosporonaceae	Cutaneotrichosporon	Cutaneotrichosporon_debeurmannianum	k__Fungi; p__Basidiomycota; c__Tremellomycetes; o__Trichosporonales; f__Trichosporonaceae; g__Cutaneotrichosporon; s__Cutaneotrichosporon_debeurmannianum	blast_species_replaced_high_confidence	BLAST species passed high-confidence replacement cutoffs. Genus concordance was not required.
9c6a6a6806ecf36a83eea035327a4777	Fungi	Ascomycota	Eurotiomycetes	Onygenales	Arthrodermataceae	Trichophyton	Trichophyton_interdigitale	k__Fungi; p__Ascomycota; c__Eurotiomycetes; o__Onygenales; f__Arthrodermataceae; g__Trichophyton; s__Trichophyton_interdigitale	blast_species_replaced_high_confidence	BLAST species passed high-confidence replacement cutoffs. Genus concordance was not required.
5aa8bf9dfef378818c857e66263bb473	Fungi	Ascomycota	Dothideomycetes	Cladosporiales	Cladosporiaceae	Cladosporium	Cladosporium_herbarum	k__Fungi; p__Ascomycota; c__Dothideomycetes; o__Cladosporiales; f__Cladosporiaceae; g__Cladosporium; s__Cladosporium_herbarum	qiime_retained_ambiguous_blast	BLAST top hit was ambiguous with an exact-score species conflict.
3454e06b84a4908c00458fd5cde8cfe4	Fungi	Basidiomycota	Agaricomycetes	Polyporales	Irpicaceae	Irpex	Irpex_hacksungii	k__Fungi; p__Basidiomycota; c__Agaricomycetes; o__Polyporales; f__Irpicaceae; g__Irpex; s__Irpex_hacksungii	qiime_retained_no_blast_species	No BLAST species-level top hit was available.
65433fbabd7ad0e7fc93f8c3e8840b66	Fungi	Ascomycota	Dothideomycetes	Pleosporales	Neopyrenochaetaceae	Neopyrenochaeta	Neopyrenochaeta_g	k__Fungi; p__Ascomycota; c__Dothideomycetes; o__Pleosporales; f__Neopyrenochaetaceae; g__Neopyrenochaeta; s__Neopyrenochaeta_g	qiime_retained_no_blast_species	No BLAST species-level top hit was available.
d64a586df2febe320546417d9621d507	Fungi	Ascomycota	Ascomycota_p	Ascomycota_p	Ascomycota_p	Ascomycota_p	Ascomycota_p	k__Fungi; p__Ascomycota; c__Ascomycota_p; o__Ascomycota_p; f__Ascomycota_p; g__Ascomycota_p; s__Ascomycota_p	qiime_retained_no_blast_species	No BLAST species-level top hit was available.
2d5840001771d889fbe752a80463af2c	Fungi	Ascomycota	Saccharomycetes	Saccharomycetales	Saccharomycetaceae	Monosporozyma	Monosporozyma_servazzii	k__Fungi; p__Ascomycota; c__Saccharomycetes; o__Saccharomycetales; f__Saccharomycetaceae; g__Monosporozyma; s__Monosporozyma_servazzii	blast_species_replaced_high_confidence	BLAST species passed high-confidence replacement cutoffs. Genus concordance was not required.
9dca25bcfb9f6faab9371fc6704b590a	Fungi	Basidiomycota	Agaricomycetes	Polyporales	Irpicaceae	Irpex	Irpex_laceratus	k__Fungi; p__Basidiomycota; c__Agaricomycetes; o__Polyporales; f__Irpicaceae; g__Irpex; s__Irpex_laceratus	qiime_retained_no_blast_species	No BLAST species-level top hit was available.
26c2e693490c7955c44b198bdf3e0088	Fungi	Ascomycota	Saccharomycetes	Saccharomycetales	Saccharomycetaceae	Torulaspora	Torulaspora_delbrueckii	k__Fungi; p__Ascomycota; c__Saccharomycetes; o__Saccharomycetales; f__Saccharomycetaceae; g__Torulaspora; s__Torulaspora_delbrueckii	blast_species_replaced_high_confidence	BLAST species passed high-confidence replacement cutoffs. Genus concordance was not required.
99b9ce04c0575bc120dc13c27c6fbd61	Fungi	Basidiomycota	Tremellomycetes	Tremellales	Cryptococcaceae	Cryptococcus	Cryptococcus_neoformans	k__Fungi; p__Basidiomycota; c__Tremellomycetes; o__Tremellales; f__Cryptococcaceae; g__Cryptococcus; s__Cryptococcus_neoformans	qiime_retained_ambiguous_blast	BLAST top hit was ambiguous with an exact-score species conflict.
212a7f45c8b306a233e73d9c3263adb8	Fungi	Ascomycota	Dothideomycetes	Cladosporiales	Cladosporiaceae	Cladosporium	Cladosporium_g	k__Fungi; p__Ascomycota; c__Dothideomycetes; o__Cladosporiales; f__Cladosporiaceae; g__Cladosporium; s__Cladosporium_g	qiime_retained_blast_cutoff_fail	BLAST top hit did not pass species-level replacement cutoffs.
9899e5944be6d8cfc566fec1d4cdf106	Fungi	Basidiomycota	Tremellomycetes	Tremellales	Cryptococcaceae	Cryptococcus	Cryptococcus_neoformans	k__Fungi; p__Basidiomycota; c__Tremellomycetes; o__Tremellales; f__Cryptococcaceae; g__Cryptococcus; s__Cryptococcus_neoformans	qiime_retained_no_blast_species	No BLAST species-level top hit was available.
852a848e6c1fce8ec025e60eb1d8ad45	Fungi	Basidiomycota	Tremellomycetes	Trichosporonales	Trichosporonaceae	Cutaneotrichosporon	Cutaneotrichosporon_mucoides	k__Fungi; p__Basidiomycota; c__Tremellomycetes; o__Trichosporonales; f__Trichosporonaceae; g__Cutaneotrichosporon; s__Cutaneotrichosporon_mucoides	qiime_retained_no_blast_species	No BLAST species-level top hit was available.
1c8bbb1b54f02065db91f0386a39e0ad	Fungi	Ascomycota	Ascomycota_p	Ascomycota_p	Ascomycota_p	Ascomycota_p	Ascomycota_p	k__Fungi; p__Ascomycota; c__Ascomycota_p; o__Ascomycota_p; f__Ascomycota_p; g__Ascomycota_p; s__Ascomycota_p	qiime_retained_no_blast_species	No BLAST species-level top hit was available.
2e39d48abc07a6ccc13a028ccde00e00	Fungi	Ascomycota	Sordariomycetes	Hypocreales	Nectriaceae	Fusarium	Fusarium_keratoplasticum	k__Fungi; p__Ascomycota; c__Sordariomycetes; o__Hypocreales; f__Nectriaceae; g__Fusarium; s__Fusarium_keratoplasticum	blast_species_replaced_high_confidence	BLAST species passed high-confidence replacement cutoffs. Genus concordance was not required.
80d69bc60273cafc5a73ae55b234f7c9	Fungi	Ascomycota	Sordariomycetes	Amphisphaeriales	Apiosporaceae	Nigrospora	Nigrospora_g	k__Fungi; p__Ascomycota; c__Sordariomycetes; o__Amphisphaeriales; f__Apiosporaceae; g__Nigrospora; s__Nigrospora_g	qiime_retained_no_blast_species	No BLAST species-level top hit was available.
e9158b4ef80d8a3ac9e727f88e44cb72	Fungi	Basidiomycota	Agaricomycetes	Russulales	Peniophoraceae	Peniophoraceae_f	Peniophoraceae_f	k__Fungi; p__Basidiomycota; c__Agaricomycetes; o__Russulales; f__Peniophoraceae; g__Peniophoraceae_f; s__Peniophoraceae_f	qiime_retained_no_blast_species	No BLAST species-level top hit was available.
385c77a0d40dfabdc66dff6fc5e92f33	Fungi	Basidiomycota	Agaricomycetes	Polyporales	Irpicaceae	Irpex	Irpex_laceratus	k__Fungi; p__Basidiomycota; c__Agaricomycetes; o__Polyporales; f__Irpicaceae; g__Irpex; s__Irpex_laceratus	qiime_retained_no_blast_species	No BLAST species-level top hit was available.
e05fc0449f67499fe6ddec89784dbb5d	Fungi	Ascomycota	Dothideomycetes	Pleosporales	Didymellaceae	Boeremia	Boeremia_lycopersici	k__Fungi; p__Ascomycota; c__Dothideomycetes; o__Pleosporales; f__Didymellaceae; g__Boeremia; s__Boeremia_lycopersici	blast_species_replaced_high_confidence	BLAST species passed high-confidence replacement cutoffs. Genus concordance was not required.
722fb57e17229696cb75e47ad882962f	Fungi	Basidiomycota	Agaricomycetes	Russulales	Stereaceae	Stereaceae_f	Stereaceae_f	k__Fungi; p__Basidiomycota; c__Agaricomycetes; o__Russulales; f__Stereaceae; g__Stereaceae_f; s__Stereaceae_f	qiime_retained_no_blast_species	No BLAST species-level top hit was available.
a841082e3b16121e246a0a2ca1534c20	Fungi	Ascomycota	Dothideomycetes	Pleosporales	Didymellaceae	Didymellaceae_f	Didymellaceae_f	k__Fungi; p__Ascomycota; c__Dothideomycetes; o__Pleosporales; f__Didymellaceae; g__Didymellaceae_f; s__Didymellaceae_f	qiime_retained_ambiguous_blast	BLAST top hit was ambiguous with an exact-score species conflict.
a5af3fc8194eb0b464eafe3cdb571633	Fungi	Ascomycota	Saccharomycetes	Saccharomycetales	Saccharomycetaceae	Saccharomyces	Saccharomyces_cerevisiae	k__Fungi; p__Ascomycota; c__Saccharomycetes; o__Saccharomycetales; f__Saccharomycetaceae; g__Saccharomyces; s__Saccharomyces_cerevisiae	qiime_retained_no_blast_species	No BLAST species-level top hit was available.
fb1e99770074de04d7dff1b96c37c523	Fungi	Ascomycota	Eurotiomycetes	Eurotiales	Aspergillaceae	Aspergillus	Aspergillus_g	k__Fungi; p__Ascomycota; c__Eurotiomycetes; o__Eurotiales; f__Aspergillaceae; g__Aspergillus; s__Aspergillus_g	qiime_retained_ambiguous_blast	BLAST top hit was ambiguous with an exact-score species conflict.
628fa4d9864efdb099121fdc264211a5	Fungi	Ascomycota	Eurotiomycetes	Eurotiales	Aspergillaceae	Penicillium	Penicillium_patris-mei	k__Fungi; p__Ascomycota; c__Eurotiomycetes; o__Eurotiales; f__Aspergillaceae; g__Penicillium; s__Penicillium_patris-mei	qiime_retained_ambiguous_blast	BLAST top hit was ambiguous with an exact-score species conflict.
bfa6afd86523df0a5ddd44a01da73ddb	Fungi	Fungi_k	Fungi_k	Fungi_k	Fungi_k	Fungi_k	Fungi_k	k__Fungi; p__Fungi_k; c__Fungi_k; o__Fungi_k; f__Fungi_k; g__Fungi_k; s__Fungi_k	qiime_retained_no_blast_species	No BLAST species-level top hit was available.
dc4c92957db247364b6bca5eb5bd2b66	Fungi	Ascomycota	Ascomycota_p	Ascomycota_p	Ascomycota_p	Ascomycota_p	Ascomycota_p	k__Fungi; p__Ascomycota; c__Ascomycota_p; o__Ascomycota_p; f__Ascomycota_p; g__Ascomycota_p; s__Ascomycota_p	qiime_retained_no_blast_species	No BLAST species-level top hit was available.
442a16533e54a9749b2cc6af051e2025	Fungi	Basidiomycota	Agaricomycetes	Agaricales	Schizophyllaceae	Schizophyllum	Schizophyllum_commune	k__Fungi; p__Basidiomycota; c__Agaricomycetes; o__Agaricales; f__Schizophyllaceae; g__Schizophyllum; s__Schizophyllum_commune	qiime_retained_no_blast_species	No BLAST species-level top hit was available.
12cc799b99ed75d931516e3b1cc680ad	Fungi	Basidiomycota	Agaricomycetes	Polyporales	Phanerochaetaceae	Bjerkandera	Bjerkandera_adusta	k__Fungi; p__Basidiomycota; c__Agaricomycetes; o__Polyporales; f__Phanerochaetaceae; g__Bjerkandera; s__Bjerkandera_adusta	qiime_retained_no_blast_species	No BLAST species-level top hit was available.
af01a0d35b83bc29b5aed222ed1a3fa5	Fungi	Mucoromycota	Mucoromycetes	Mucorales	Mucoraceae	Mucor	Mucor_circinelloides	k__Fungi; p__Mucoromycota; c__Mucoromycetes; o__Mucorales; f__Mucoraceae; g__Mucor; s__Mucor_circinelloides	blast_species_replaced_high_confidence	BLAST species passed high-confidence replacement cutoffs. Genus concordance was not required.
5a06576196c23f808bdfe0399228553a	Fungi	Basidiomycota	Agaricomycetes	Agaricales	Psathyrellaceae	Candolleomyces	Candolleomyces_subminutisporus	k__Fungi; p__Basidiomycota; c__Agaricomycetes; o__Agaricales; f__Psathyrellaceae; g__Candolleomyces; s__Candolleomyces_subminutisporus	blast_species_replaced_high_confidence	BLAST species passed high-confidence replacement cutoffs. Genus concordance was not required.
adda5ef25aa444e1e8e3dbf448184191	Fungi	Basidiomycota	Tremellomycetes	Tremellales	Bulleraceae	Bullera	Bullera_alba	k__Fungi; p__Basidiomycota; c__Tremellomycetes; o__Tremellales; f__Bulleraceae; g__Bullera; s__Bullera_alba	blast_species_replaced_high_confidence	BLAST species passed high-confidence replacement cutoffs. Genus concordance was not required.
4c2a20f52c5307c38f027444128a1e56	Fungi	Fungi_k	Fungi_k	Fungi_k	Fungi_k	Fungi_k	Fungi_k	k__Fungi; p__Fungi_k; c__Fungi_k; o__Fungi_k; f__Fungi_k; g__Fungi_k; s__Fungi_k	qiime_retained_no_blast_species	No BLAST species-level top hit was available.
d0b4254cf72c2997dd42ad82af681f04	Fungi	Basidiomycota	Tremellomycetes	Tremellales	Cryptococcaceae	Cryptococcus	Cryptococcus_neoformans	k__Fungi; p__Basidiomycota; c__Tremellomycetes; o__Tremellales; f__Cryptococcaceae; g__Cryptococcus; s__Cryptococcus_neoformans	qiime_retained_no_blast_species	No BLAST species-level top hit was available.
b6d153f4aa1b7adc86d16ea7f46db14a	Fungi	Ascomycota	Sordariomycetes	Diaporthales	Gnomoniaceae	Ophiognomonia	Ophiognomonia_asiatica	k__Fungi; p__Ascomycota; c__Sordariomycetes; o__Diaporthales; f__Gnomoniaceae; g__Ophiognomonia; s__Ophiognomonia_asiatica	qiime_retained_blast_cutoff_fail	BLAST top hit did not pass species-level replacement cutoffs.
6d4528949a1b4da8c05713abbbd208fd	Fungi	Basidiomycota	Agaricomycetes	Polyporales	Irpicaceae	Irpex	Irpex_hacksungii	k__Fungi; p__Basidiomycota; c__Agaricomycetes; o__Polyporales; f__Irpicaceae; g__Irpex; s__Irpex_hacksungii	qiime_retained_no_blast_species	No BLAST species-level top hit was available.
1a06f4d3b11bdcb6ad8457f0d779d84b	Fungi	Basidiomycota	Agaricomycetes	Hymenochaetales	Schizoporaceae	Schizoporaceae_f	Schizoporaceae_f	k__Fungi; p__Basidiomycota; c__Agaricomycetes; o__Hymenochaetales; f__Schizoporaceae; g__Schizoporaceae_f; s__Schizoporaceae_f	qiime_retained_no_blast_species	No BLAST species-level top hit was available.
52ecfb22e1c990982f5951c06b4908b3	Fungi	Basidiomycota	Tremellomycetes	Cystofilobasidiales	Mrakiaceae	Udeniomyces	Udeniomyces_pyricola	k__Fungi; p__Basidiomycota; c__Tremellomycetes; o__Cystofilobasidiales; f__Mrakiaceae; g__Udeniomyces; s__Udeniomyces_pyricola	blast_species_replaced_high_confidence	BLAST species passed high-confidence replacement cutoffs. Genus concordance was not required.
b7b0fcf787b97ca7ed398fae36e66b47	Fungi	Fungi_k	Fungi_k	Fungi_k	Fungi_k	Fungi_k	Fungi_k	k__Fungi; p__Fungi_k; c__Fungi_k; o__Fungi_k; f__Fungi_k; g__Fungi_k; s__Fungi_k	qiime_retained_no_blast_species	No BLAST species-level top hit was available.
96089fcd4be16af3744dff9823059e84	Fungi	Basidiomycota	Agaricomycetes	Russulales	Peniophoraceae	Peniophoraceae_f	Peniophoraceae_f	k__Fungi; p__Basidiomycota; c__Agaricomycetes; o__Russulales; f__Peniophoraceae; g__Peniophoraceae_f; s__Peniophoraceae_f	qiime_retained_no_blast_species	No BLAST species-level top hit was available.
00b0c1b2dd29f6dde895345a89eab2d4	Fungi	Basidiomycota	Agaricomycetes	Russulales	Peniophoraceae	Peniophoraceae_f	Peniophoraceae_f	k__Fungi; p__Basidiomycota; c__Agaricomycetes; o__Russulales; f__Peniophoraceae; g__Peniophoraceae_f; s__Peniophoraceae_f	qiime_retained_no_blast_species	No BLAST species-level top hit was available.
d00069f184bac3614964ebeeb9e0c463	Fungi	Basidiomycota	Agaricomycetes	Russulales	Hericiaceae	Dentipellis	Dentipellis_fragilis	k__Fungi; p__Basidiomycota; c__Agaricomycetes; o__Russulales; f__Hericiaceae; g__Dentipellis; s__Dentipellis_fragilis	qiime_retained_no_blast_species	No BLAST species-level top hit was available.
a98e7da7571b7fd9f95c9e1ddfda6826	Fungi	Basidiomycota	Agaricomycetes	Polyporales	Polyporaceae	Trametes	Trametes_versicolor	k__Fungi; p__Basidiomycota; c__Agaricomycetes; o__Polyporales; f__Polyporaceae; g__Trametes; s__Trametes_versicolor	blast_species_replaced_high_confidence	BLAST species passed high-confidence replacement cutoffs. Genus concordance was not required.
01bb26a8a1751eb3c5b4b7ecb7e47993	Fungi	Fungi_k	Fungi_k	Fungi_k	Fungi_k	Fungi_k	Fungi_k	k__Fungi; p__Fungi_k; c__Fungi_k; o__Fungi_k; f__Fungi_k; g__Fungi_k; s__Fungi_k	qiime_retained_no_blast_species	No BLAST species-level top hit was available.
98889d06c709abb06729cab49128dd46	Fungi	Basidiomycota	Agaricomycetes	Polyporales	Polyporaceae	Daedaleopsis	Daedaleopsis_confragosa	k__Fungi; p__Basidiomycota; c__Agaricomycetes; o__Polyporales; f__Polyporaceae; g__Daedaleopsis; s__Daedaleopsis_confragosa	qiime_retained_no_blast_species	No BLAST species-level top hit was available.
957a4979ef8eb030190ed5fa5f7c5e47	Fungi	Basidiomycota	Exobasidiomycetes	Entylomatales	Entylomataceae	Tilletiopsis	Tilletiopsis_washingtonensis	k__Fungi; p__Basidiomycota; c__Exobasidiomycetes; o__Entylomatales; f__Entylomataceae; g__Tilletiopsis; s__Tilletiopsis_washingtonensis	qiime_retained_no_blast_species	No BLAST species-level top hit was available.
117e36b53921c2986d9b3bf373166f23	Fungi	Basidiomycota	Agaricomycetes	Polyporales	Phanerochaetaceae	Phanerochaete	Phanerochaete_concrescens	k__Fungi; p__Basidiomycota; c__Agaricomycetes; o__Polyporales; f__Phanerochaetaceae; g__Phanerochaete; s__Phanerochaete_concrescens	blast_species_replaced_high_confidence	BLAST species passed high-confidence replacement cutoffs. Genus concordance was not required.
2ec4fcc1eb3651a961c3fb1428c3433b	Fungi	Basidiomycota	Microbotryomycetes	Sporidiobolales	Sporidiobolaceae	Sporobolomyces	Sporobolomyces_phaffii	k__Fungi; p__Basidiomycota; c__Microbotryomycetes; o__Sporidiobolales; f__Sporidiobolaceae; g__Sporobolomyces; s__Sporobolomyces_phaffii	blast_species_replaced_high_confidence	BLAST species passed high-confidence replacement cutoffs. Genus concordance was not required.
380916886b4dd08f02461044249c308d	Fungi	Basidiomycota	Agaricomycetes	Hymenochaetales	Hymenochaetaceae	Hymenochaetopsis	Hymenochaetopsis_yasudae	k__Fungi; p__Basidiomycota; c__Agaricomycetes; o__Hymenochaetales; f__Hymenochaetaceae; g__Hymenochaetopsis; s__Hymenochaetopsis_yasudae	qiime_retained_no_blast_species	No BLAST species-level top hit was available.
4895bce8e320a5bf47a9ca23b5631654	Fungi	Ascomycota	Ascomycota_p	Ascomycota_p	Ascomycota_p	Ascomycota_p	Ascomycota_p	k__Fungi; p__Ascomycota; c__Ascomycota_p; o__Ascomycota_p; f__Ascomycota_p; g__Ascomycota_p; s__Ascomycota_p	qiime_retained_no_blast_species	No BLAST species-level top hit was available.
59f88c9bea61b29af23eed08c6f6a96e	Fungi	Basidiomycota	Agaricomycetes	Polyporales	Polyporales_o	Polyporales_o	Polyporales_o	k__Fungi; p__Basidiomycota; c__Agaricomycetes; o__Polyporales; f__Polyporales_o; g__Polyporales_o; s__Polyporales_o	qiime_retained_no_blast_species	No BLAST species-level top hit was available.
816d201ed9172ccf13a16767c31c90c9	Fungi	Basidiomycota	Malasseziomycetes	Malasseziales	Malasseziaceae	Malassezia	Malassezia_sympodialis	k__Fungi; p__Basidiomycota; c__Malasseziomycetes; o__Malasseziales; f__Malasseziaceae; g__Malassezia; s__Malassezia_sympodialis	blast_species_replaced_high_confidence	BLAST species passed high-confidence replacement cutoffs. Genus concordance was not required.
9c44645f431c91d96352598dc69d9dd4	Fungi	Ascomycota	Dothideomycetes	Pleosporales	Pleosporales_o	Pleosporales_o	Pleosporales_o	k__Fungi; p__Ascomycota; c__Dothideomycetes; o__Pleosporales; f__Pleosporales_o; g__Pleosporales_o; s__Pleosporales_o	qiime_retained_no_blast_species	No BLAST species-level top hit was available.
705dc39cc2275d1e72dc907ff947628d	Fungi	Basidiomycota	Agaricomycetes	Agaricales	Crepidotaceae	Crepidotus	Crepidotus_g	k__Fungi; p__Basidiomycota; c__Agaricomycetes; o__Agaricales; f__Crepidotaceae; g__Crepidotus; s__Crepidotus_g	qiime_retained_no_blast_species	No BLAST species-level top hit was available.
0b9eb13a7db8bebd0a71d05bfce5f411	Fungi	Basidiomycota	Agaricomycetes	Trechisporales	unclassified_Trechisporales_family	Sistotremastrum	Sistotremastrum_guttuliferum	k__Fungi; p__Basidiomycota; c__Agaricomycetes; o__Trechisporales; f__unclassified_Trechisporales_family; g__Sistotremastrum; s__Sistotremastrum_guttuliferum	blast_species_replaced_high_confidence	BLAST species passed high-confidence replacement cutoffs. Genus concordance was not required.
0dc05c777d2a965f0a5d08d7b7a56458	Fungi	Ascomycota	Dothideomycetes	Dothideomycetes_c	Dothideomycetes_c	Dothideomycetes_c	Dothideomycetes_c	k__Fungi; p__Ascomycota; c__Dothideomycetes; o__Dothideomycetes_c; f__Dothideomycetes_c; g__Dothideomycetes_c; s__Dothideomycetes_c	qiime_retained_ambiguous_blast	BLAST top hit was ambiguous with an exact-score species conflict.
0d2054ad18668ff06200cd375bad78fc	Fungi	Basidiomycota	Agaricomycetes	Cantharellales	Ceratobasidiaceae	Ceratobasidiaceae_f	Ceratobasidiaceae_f	k__Fungi; p__Basidiomycota; c__Agaricomycetes; o__Cantharellales; f__Ceratobasidiaceae; g__Ceratobasidiaceae_f; s__Ceratobasidiaceae_f	qiime_retained_no_blast_species	No BLAST species-level top hit was available.
15341b177fd17d7c5a13510e07a8a807	Fungi	Fungi_k	Fungi_k	Fungi_k	Fungi_k	Fungi_k	Fungi_k	k__Fungi; p__Fungi_k; c__Fungi_k; o__Fungi_k; f__Fungi_k; g__Fungi_k; s__Fungi_k	qiime_retained_no_blast_species	No BLAST species-level top hit was available.
b1b361c336fa35c9c85cc4d6e884e225	Fungi	Ascomycota	Sordariomycetes	Glomerellales	Plectosphaerellaceae	Paragibellulopsis	Paragibellulopsis_chrysanthemi	k__Fungi; p__Ascomycota; c__Sordariomycetes; o__Glomerellales; f__Plectosphaerellaceae; g__Paragibellulopsis; s__Paragibellulopsis_chrysanthemi	qiime_retained_no_blast_species	No BLAST species-level top hit was available.
188f2c973193c37c726eb3e8437e22d6	Fungi	Basidiomycota	Agaricomycetes	Polyporales	Irpicaceae	Irpex	Irpex_hacksungii	k__Fungi; p__Basidiomycota; c__Agaricomycetes; o__Polyporales; f__Irpicaceae; g__Irpex; s__Irpex_hacksungii	qiime_retained_no_blast_species	No BLAST species-level top hit was available.
d88567ebe660f0a6651f4846b34d71e2	Fungi	Basidiomycota	Cystobasidiomycetes	Cystobasidiales	Cystobasidiaceae	Cystobasidium	Cystobasidium_slooffiae	k__Fungi; p__Basidiomycota; c__Cystobasidiomycetes; o__Cystobasidiales; f__Cystobasidiaceae; g__Cystobasidium; s__Cystobasidium_slooffiae	blast_species_replaced_high_confidence	BLAST species passed high-confidence replacement cutoffs. Genus concordance was not required.
a35b5bb74ae271253c48bf3dc7eaf278	Fungi	Basidiomycota	Agaricomycetes	Polyporales	Phanerochaetaceae	Phlebiopsis	Phlebiopsis_g	k__Fungi; p__Basidiomycota; c__Agaricomycetes; o__Polyporales; f__Phanerochaetaceae; g__Phlebiopsis; s__Phlebiopsis_g	qiime_retained_no_blast_species	No BLAST species-level top hit was available.
460ee956051055b9917825569ff923c6	Fungi	Fungi_k	Fungi_k	Fungi_k	Fungi_k	Fungi_k	Fungi_k	k__Fungi; p__Fungi_k; c__Fungi_k; o__Fungi_k; f__Fungi_k; g__Fungi_k; s__Fungi_k	qiime_retained_no_blast_species	No BLAST species-level top hit was available.
6579df31fdeb07e99320f5c35e866053	Fungi	Ascomycota	Sordariomycetes	Xylariales	Graphostromataceae	Biscogniauxia	Biscogniauxia_atropunctata	k__Fungi; p__Ascomycota; c__Sordariomycetes; o__Xylariales; f__Graphostromataceae; g__Biscogniauxia; s__Biscogniauxia_atropunctata	qiime_retained_no_blast_species	No BLAST species-level top hit was available.
10bd3d3bd7cf83389aa23b472f7e1b02	Fungi	Ascomycota	Pichiomycetes	Serinales	Debaryomycetaceae	Candida	Candida_dubliniensis	k__Fungi; p__Ascomycota; c__Pichiomycetes; o__Serinales; f__Debaryomycetaceae; g__Candida; s__Candida_dubliniensis	blast_species_replaced_high_confidence	BLAST species passed high-confidence replacement cutoffs. Genus concordance was not required.
3d6bfcea85715e48dbcf0dd76406cc95	Fungi	Mucoromycota	Mucoromycetes	Mucorales	Mucoraceae	Mucor	Mucor_nidicola	k__Fungi; p__Mucoromycota; c__Mucoromycetes; o__Mucorales; f__Mucoraceae; g__Mucor; s__Mucor_nidicola	qiime_retained_no_blast_species	No BLAST species-level top hit was available.
661bf01ab3c55eee56f097097463b355	Fungi	Ascomycota	Eurotiomycetes	Eurotiales	Aspergillaceae	Penicillium	Penicillium_mallochii	k__Fungi; p__Ascomycota; c__Eurotiomycetes; o__Eurotiales; f__Aspergillaceae; g__Penicillium; s__Penicillium_mallochii	blast_species_replaced_high_confidence	BLAST species passed high-confidence replacement cutoffs. Genus concordance was not required.
52e9f5f2067648d12ec4ece62907a916	Fungi	Basidiomycota	Agaricomycetes	Polyporales	Steccherinaceae	Steccherinum	Steccherinum_tenuissimum	k__Fungi; p__Basidiomycota; c__Agaricomycetes; o__Polyporales; f__Steccherinaceae; g__Steccherinum; s__Steccherinum_tenuissimum	qiime_retained_no_blast_species	No BLAST species-level top hit was available.
17fd2c848707f61d8529a69db689f25d	Fungi	Basidiomycota	Agaricomycetes	Hymenochaetales	Schizoporaceae	Xylodon	Xylodon_flaviporus	k__Fungi; p__Basidiomycota; c__Agaricomycetes; o__Hymenochaetales; f__Schizoporaceae; g__Xylodon; s__Xylodon_flaviporus	qiime_retained_no_blast_species	No BLAST species-level top hit was available.
9cb444debe2d75a0faae9e99b58b96cd	Fungi	Fungi_k	Fungi_k	Fungi_k	Fungi_k	Fungi_k	Fungi_k	k__Fungi; p__Fungi_k; c__Fungi_k; o__Fungi_k; f__Fungi_k; g__Fungi_k; s__Fungi_k	qiime_retained_no_blast_species	No BLAST species-level top hit was available.
f1e26dc5de94e5ab231af0b5370bb2e2	Fungi	Fungi_k	Fungi_k	Fungi_k	Fungi_k	Fungi_k	Fungi_k	k__Fungi; p__Fungi_k; c__Fungi_k; o__Fungi_k; f__Fungi_k; g__Fungi_k; s__Fungi_k	qiime_retained_no_blast_species	No BLAST species-level top hit was available.
30b0fb5596b860a51ac563e7ee8466cb	Fungi	Basidiomycota	Agaricomycetes	Atheliales	Atheliales_o	Atheliales_o	Atheliales_o	k__Fungi; p__Basidiomycota; c__Agaricomycetes; o__Atheliales; f__Atheliales_o; g__Atheliales_o; s__Atheliales_o	qiime_retained_no_blast_species	No BLAST species-level top hit was available.
aec4b0133013dab9debc4e68fe3659ff	Fungi	Basidiomycota	Agaricomycetes	Russulales	Peniophoraceae	Peniophoraceae_f	Peniophoraceae_f	k__Fungi; p__Basidiomycota; c__Agaricomycetes; o__Russulales; f__Peniophoraceae; g__Peniophoraceae_f; s__Peniophoraceae_f	qiime_retained_no_blast_species	No BLAST species-level top hit was available.
7f21c32326f029d0dc23b6548c9be2eb	Fungi	Basidiomycota	Agaricomycetes	Polyporales	Irpicaceae	Ceriporia	Ceriporia_nanlingensis	k__Fungi; p__Basidiomycota; c__Agaricomycetes; o__Polyporales; f__Irpicaceae; g__Ceriporia; s__Ceriporia_nanlingensis	qiime_retained_no_blast_species	No BLAST species-level top hit was available.
031b9c6bdcad084cb3a095a0d198cebd	Fungi	Fungi_k	Fungi_k	Fungi_k	Fungi_k	Fungi_k	Fungi_k	k__Fungi; p__Fungi_k; c__Fungi_k; o__Fungi_k; f__Fungi_k; g__Fungi_k; s__Fungi_k	qiime_retained_no_blast_species	No BLAST species-level top hit was available.
fb35ca8ff15793fd70c07633f55dad71	Fungi	Fungi_k	Fungi_k	Fungi_k	Fungi_k	Fungi_k	Fungi_k	k__Fungi; p__Fungi_k; c__Fungi_k; o__Fungi_k; f__Fungi_k; g__Fungi_k; s__Fungi_k	qiime_retained_no_blast_species	No BLAST species-level top hit was available.
ab7c9f9f3b22be975b8ce431693e3ece	Fungi	Basidiomycota	Microbotryomycetes	Sporidiobolales	Sporidiobolaceae	Sporobolomyces	Sporobolomyces_carnicolor	k__Fungi; p__Basidiomycota; c__Microbotryomycetes; o__Sporidiobolales; f__Sporidiobolaceae; g__Sporobolomyces; s__Sporobolomyces_carnicolor	blast_species_replaced_high_confidence	BLAST species passed high-confidence replacement cutoffs. Genus concordance was not required.
dfeb122bae0ce9f357229be0b4e90619	Fungi	Basidiomycota	Agaricomycetes	Polyporales	Polyporaceae	Trametes	Trametes_hirsuta	k__Fungi; p__Basidiomycota; c__Agaricomycetes; o__Polyporales; f__Polyporaceae; g__Trametes; s__Trametes_hirsuta	qiime_retained_no_blast_species	No BLAST species-level top hit was available.
a84c1b186e95fc28c77e0c58812ca7e5	Fungi	Basidiomycota	Agaricomycetes	Hymenochaetales	Hymenochaetaceae	Fuscoporia	Fuscoporia_gilvoides	k__Fungi; p__Basidiomycota; c__Agaricomycetes; o__Hymenochaetales; f__Hymenochaetaceae; g__Fuscoporia; s__Fuscoporia_gilvoides	blast_species_replaced_high_confidence	BLAST species passed high-confidence replacement cutoffs. Genus concordance was not required.
ff05b9a82953ffcc6645056118fff882	Fungi	Ascomycota	Sordariomycetes	Hypocreales	Sarocladiaceae	Sarocladium	Sarocladium_zeae	k__Fungi; p__Ascomycota; c__Sordariomycetes; o__Hypocreales; f__Sarocladiaceae; g__Sarocladium; s__Sarocladium_zeae	qiime_retained_blast_cutoff_fail	BLAST top hit did not pass species-level replacement cutoffs.
c159022850229d28f9c8462163c7d352	Fungi	Basidiomycota	Agaricomycetes	Polyporales	Irpicaceae	Irpex	Irpex_hacksungii	k__Fungi; p__Basidiomycota; c__Agaricomycetes; o__Polyporales; f__Irpicaceae; g__Irpex; s__Irpex_hacksungii	qiime_retained_no_blast_species	No BLAST species-level top hit was available.
f99e1af2943587a660911231516d2b0d	Fungi	Ascomycota	Eurotiomycetes	Eurotiales	Aspergillaceae	Penicillium	Penicillium_citrinum	k__Fungi; p__Ascomycota; c__Eurotiomycetes; o__Eurotiales; f__Aspergillaceae; g__Penicillium; s__Penicillium_citrinum	qiime_retained_no_blast_species	No BLAST species-level top hit was available.
e99579856827fee5f22ab107b3a13376	Fungi	Fungi_k	Fungi_k	Fungi_k	Fungi_k	Fungi_k	Fungi_k	k__Fungi; p__Fungi_k; c__Fungi_k; o__Fungi_k; f__Fungi_k; g__Fungi_k; s__Fungi_k	qiime_retained_no_blast_species	No BLAST species-level top hit was available.
3cd81fadba0bfa954ab5979c1601a3f1	Fungi	Basidiomycota	Agaricomycetes	Agaricales	Psathyrellaceae	Coprinopsis	Coprinopsis_g	k__Fungi; p__Basidiomycota; c__Agaricomycetes; o__Agaricales; f__Psathyrellaceae; g__Coprinopsis; s__Coprinopsis_g	qiime_retained_no_blast_species	No BLAST species-level top hit was available.
ee5f92fb85239ef0e008d94c6caa3021	Fungi	Mucoromycota	Mucoromycetes	Mucorales	Cunninghamellaceae	Absidia	Absidia_g	k__Fungi; p__Mucoromycota; c__Mucoromycetes; o__Mucorales; f__Cunninghamellaceae; g__Absidia; s__Absidia_g	qiime_retained_no_blast_species	No BLAST species-level top hit was available.
4932e029d9172067e8f5fd3ec92cf65f	Fungi	Ascomycota	Eurotiomycetes	Eurotiales	Trichocomaceae	Talaromyces	Talaromyces_adpressus	k__Fungi; p__Ascomycota; c__Eurotiomycetes; o__Eurotiales; f__Trichocomaceae; g__Talaromyces; s__Talaromyces_adpressus	blast_species_replaced_high_confidence	BLAST species passed high-confidence replacement cutoffs. Genus concordance was not required.
0f3757bb9559984673430e50398b09b4	Fungi	Ascomycota	Leotiomycetes	Helotiales	Helotiales_o	Helotiales_o	Helotiales_o	k__Fungi; p__Ascomycota; c__Leotiomycetes; o__Helotiales; f__Helotiales_o; g__Helotiales_o; s__Helotiales_o	qiime_retained_no_blast_species	No BLAST species-level top hit was available.
00ee2a2c090f05308822650762e66a5b	Fungi	Fungi_k	Fungi_k	Fungi_k	Fungi_k	Fungi_k	Fungi_k	k__Fungi; p__Fungi_k; c__Fungi_k; o__Fungi_k; f__Fungi_k; g__Fungi_k; s__Fungi_k	qiime_retained_no_blast_species	No BLAST species-level top hit was available.
448deac40229a7efe42560189717e686	Fungi	Ascomycota	Eurotiomycetes	Eurotiales	Aspergillaceae	Penicillium	Penicillium_sumatraense	k__Fungi; p__Ascomycota; c__Eurotiomycetes; o__Eurotiales; f__Aspergillaceae; g__Penicillium; s__Penicillium_sumatraense	blast_species_replaced_high_confidence	BLAST species passed high-confidence replacement cutoffs. Genus concordance was not required.
0fa00e784c08052273ca73e81a15e062	Fungi	Basidiomycota	Agaricomycetes	Polyporales	Irpicaceae	Ceriporia	Ceriporia_nanlingensis	k__Fungi; p__Basidiomycota; c__Agaricomycetes; o__Polyporales; f__Irpicaceae; g__Ceriporia; s__Ceriporia_nanlingensis	qiime_retained_no_blast_species	No BLAST species-level top hit was available.
d5e6579d4f59fbc7e5111623153c0dc6	Fungi	Ascomycota	Leotiomycetes	Helotiales	Helotiales_o	Helotiales_o	Helotiales_o	k__Fungi; p__Ascomycota; c__Leotiomycetes; o__Helotiales; f__Helotiales_o; g__Helotiales_o; s__Helotiales_o	qiime_retained_no_blast_species	No BLAST species-level top hit was available.
92ebee3e1d5e106289f51862c1333f71	Fungi	Basidiomycota	Agaricomycetes	Russulales	Peniophoraceae	Peniophoraceae_f	Peniophoraceae_f	k__Fungi; p__Basidiomycota; c__Agaricomycetes; o__Russulales; f__Peniophoraceae; g__Peniophoraceae_f; s__Peniophoraceae_f	qiime_retained_no_blast_species	No BLAST species-level top hit was available.
7c26a2bc5ea2beb04c6da14fd04a67c3	Fungi	Basidiomycota	Agaricomycetes	Boletales	Suillaceae	Suillus	Suillus_g	k__Fungi; p__Basidiomycota; c__Agaricomycetes; o__Boletales; f__Suillaceae; g__Suillus; s__Suillus_g	qiime_retained_no_blast_species	No BLAST species-level top hit was available.
ce2917ca97a6ed458f6df0078d2e50b8	Fungi	Ascomycota	Dothideomycetes	Dothideales	Saccotheciaceae	Aureobasidium	Aureobasidium_intercalariosporum	k__Fungi; p__Ascomycota; c__Dothideomycetes; o__Dothideales; f__Saccotheciaceae; g__Aureobasidium; s__Aureobasidium_intercalariosporum	blast_species_replaced_high_confidence	BLAST species passed high-confidence replacement cutoffs. Genus concordance was not required.
b356543b7a64ebdabe2aacf2a2b4e4af	Fungi	Fungi_k	Fungi_k	Fungi_k	Fungi_k	Fungi_k	Fungi_k	k__Fungi; p__Fungi_k; c__Fungi_k; o__Fungi_k; f__Fungi_k; g__Fungi_k; s__Fungi_k	qiime_retained_no_blast_species	No BLAST species-level top hit was available.
338ebd69d5b03851738ff9768b025122	Fungi	Fungi_k	Fungi_k	Fungi_k	Fungi_k	Fungi_k	Fungi_k	k__Fungi; p__Fungi_k; c__Fungi_k; o__Fungi_k; f__Fungi_k; g__Fungi_k; s__Fungi_k	qiime_retained_no_blast_species	No BLAST species-level top hit was available.
80031c9738d7445f1f857a5681c053a2	Fungi	Fungi_k	Fungi_k	Fungi_k	Fungi_k	Fungi_k	Fungi_k	k__Fungi; p__Fungi_k; c__Fungi_k; o__Fungi_k; f__Fungi_k; g__Fungi_k; s__Fungi_k	qiime_retained_no_blast_species	No BLAST species-level top hit was available.
67f44c83f92569ef7a21c13966f48c49	Fungi	Ascomycota	Eurotiomycetes	Eurotiales	Aspergillaceae	Aspergillus	Aspergillus_g	k__Fungi; p__Ascomycota; c__Eurotiomycetes; o__Eurotiales; f__Aspergillaceae; g__Aspergillus; s__Aspergillus_g	qiime_retained_ambiguous_blast	BLAST top hit was ambiguous with an exact-score species conflict.
2b01ef55e239b98907664a9962dd835b	Fungi	Ascomycota	Ascomycota_p	Ascomycota_p	Ascomycota_p	Ascomycota_p	Ascomycota_p	k__Fungi; p__Ascomycota; c__Ascomycota_p; o__Ascomycota_p; f__Ascomycota_p; g__Ascomycota_p; s__Ascomycota_p	qiime_retained_no_blast_species	No BLAST species-level top hit was available.
9b61ba42a163f182fb0517d16e21353b	Fungi	Ascomycota	Eurotiomycetes	Eurotiales	Aspergillaceae	Xeromyces	Xeromyces_bisporus	k__Fungi; p__Ascomycota; c__Eurotiomycetes; o__Eurotiales; f__Aspergillaceae; g__Xeromyces; s__Xeromyces_bisporus	blast_species_replaced_high_confidence	BLAST species passed high-confidence replacement cutoffs. Genus concordance was not required.
6eee9ddd3be2fa1716629021008b521e	Fungi	Ascomycota	Lecanoromycetes	Lecanorales	Lecanoraceae	Rhizoplaca	Rhizoplaca_novomexicana	k__Fungi; p__Ascomycota; c__Lecanoromycetes; o__Lecanorales; f__Lecanoraceae; g__Rhizoplaca; s__Rhizoplaca_novomexicana	qiime_retained_no_blast_species	No BLAST species-level top hit was available.
89b2c9df3eca133597ce82b96537e5cb	Fungi	Ascomycota	Ascomycota_p	Ascomycota_p	Ascomycota_p	Ascomycota_p	Ascomycota_p	k__Fungi; p__Ascomycota; c__Ascomycota_p; o__Ascomycota_p; f__Ascomycota_p; g__Ascomycota_p; s__Ascomycota_p	qiime_retained_no_blast_species	No BLAST species-level top hit was available.
96bf17ba3b4f9d5e0a21bebcbe3e6347	Fungi	Mucoromycota	Mucoromycetes	Mucorales	Mucoraceae	Mucor	Mucor_circinelloides	k__Fungi; p__Mucoromycota; c__Mucoromycetes; o__Mucorales; f__Mucoraceae; g__Mucor; s__Mucor_circinelloides	blast_species_replaced_high_confidence	BLAST species passed high-confidence replacement cutoffs. Genus concordance was not required.
ec6e9c6d65a5399d0933b26589fe40db	Fungi	Fungi_k	Fungi_k	Fungi_k	Fungi_k	Fungi_k	Fungi_k	k__Fungi; p__Fungi_k; c__Fungi_k; o__Fungi_k; f__Fungi_k; g__Fungi_k; s__Fungi_k	qiime_retained_no_blast_species	No BLAST species-level top hit was available.
1081bb0a739150388231c3df65f909dc	Fungi	Ascomycota	Ascomycota_p	Ascomycota_p	Ascomycota_p	Ascomycota_p	Ascomycota_p	k__Fungi; p__Ascomycota; c__Ascomycota_p; o__Ascomycota_p; f__Ascomycota_p; g__Ascomycota_p; s__Ascomycota_p	qiime_retained_no_blast_species	No BLAST species-level top hit was available.
4941117af711ee0d06af22a61b399b2d	Fungi	Ascomycota	Ascomycota_p	Ascomycota_p	Ascomycota_p	Ascomycota_p	Ascomycota_p	k__Fungi; p__Ascomycota; c__Ascomycota_p; o__Ascomycota_p; f__Ascomycota_p; g__Ascomycota_p; s__Ascomycota_p	qiime_retained_no_blast_species	No BLAST species-level top hit was available.
04afb5de4ef391d0ab8c50f4bfe0e962	Fungi	Ascomycota	Ascomycota_p	Ascomycota_p	Ascomycota_p	Ascomycota_p	Ascomycota_p	k__Fungi; p__Ascomycota; c__Ascomycota_p; o__Ascomycota_p; f__Ascomycota_p; g__Ascomycota_p; s__Ascomycota_p	qiime_retained_no_blast_species	No BLAST species-level top hit was available.
2abd97d819164ca22fea7fc261ffc6f7	Fungi	Ascomycota	Ascomycota_p	Ascomycota_p	Ascomycota_p	Ascomycota_p	Ascomycota_p	k__Fungi; p__Ascomycota; c__Ascomycota_p; o__Ascomycota_p; f__Ascomycota_p; g__Ascomycota_p; s__Ascomycota_p	qiime_retained_no_blast_species	No BLAST species-level top hit was available.
35f06e1185ad3c6c3effe47fae6c598c	Fungi	Ascomycota	Pichiomycetes	Serinales	Debaryomycetaceae	Candida	Candida_africana	k__Fungi; p__Ascomycota; c__Pichiomycetes; o__Serinales; f__Debaryomycetaceae; g__Candida; s__Candida_africana	blast_species_replaced_high_confidence	BLAST species passed high-confidence replacement cutoffs. Genus concordance was not required.
ef625af92358d0ebe325ddb17b618ef9	Fungi	Fungi_k	Fungi_k	Fungi_k	Fungi_k	Fungi_k	Fungi_k	k__Fungi; p__Fungi_k; c__Fungi_k; o__Fungi_k; f__Fungi_k; g__Fungi_k; s__Fungi_k	qiime_retained_no_blast_species	No BLAST species-level top hit was available.
e82b717c2dd3e0adf38d29ca295ddd59	Fungi	Fungi_k	Fungi_k	Fungi_k	Fungi_k	Fungi_k	Fungi_k	k__Fungi; p__Fungi_k; c__Fungi_k; o__Fungi_k; f__Fungi_k; g__Fungi_k; s__Fungi_k	qiime_retained_no_blast_species	No BLAST species-level top hit was available.
59e40ac1498d94cbe3008b752b9b8303	Fungi	Ascomycota	Ascomycota_p	Ascomycota_p	Ascomycota_p	Ascomycota_p	Ascomycota_p	k__Fungi; p__Ascomycota; c__Ascomycota_p; o__Ascomycota_p; f__Ascomycota_p; g__Ascomycota_p; s__Ascomycota_p	qiime_retained_no_blast_species	No BLAST species-level top hit was available.
a1ddc0359a09921a4282096b4bd79a1c	Fungi	Ascomycota	Ascomycota_p	Ascomycota_p	Ascomycota_p	Ascomycota_p	Ascomycota_p	k__Fungi; p__Ascomycota; c__Ascomycota_p; o__Ascomycota_p; f__Ascomycota_p; g__Ascomycota_p; s__Ascomycota_p	qiime_retained_no_blast_species	No BLAST species-level top hit was available.
c2203519577ce726b6acdcbc0b212be6	Fungi	Basidiomycota	Agaricomycetes	Cantharellales	Hydnaceae	Hydnaceae_f	Hydnaceae_f	k__Fungi; p__Basidiomycota; c__Agaricomycetes; o__Cantharellales; f__Hydnaceae; g__Hydnaceae_f; s__Hydnaceae_f	qiime_retained_no_blast_species	No BLAST species-level top hit was available.
6a9936467ea0ec25f21c078e03632613	Fungi	Ascomycota	Pichiomycetes	Serinales	Debaryomycetaceae	Candida	Candida_albicans	k__Fungi; p__Ascomycota; c__Pichiomycetes; o__Serinales; f__Debaryomycetaceae; g__Candida; s__Candida_albicans	blast_species_replaced_high_confidence	BLAST species passed high-confidence replacement cutoffs. Genus concordance was not required.
f3556e55c63ed4a9ecddd5ef5c6d9ae8	Fungi	Fungi_k	Fungi_k	Fungi_k	Fungi_k	Fungi_k	Fungi_k	k__Fungi; p__Fungi_k; c__Fungi_k; o__Fungi_k; f__Fungi_k; g__Fungi_k; s__Fungi_k	qiime_retained_no_blast_species	No BLAST species-level top hit was available.
c694e89dc307e53cba3c2902c5b6c85d	Fungi	Basidiomycota	Tremellomycetes	Trichosporonales	Trichosporonaceae	Cutaneotrichosporon	Cutaneotrichosporon_dermatis	k__Fungi; p__Basidiomycota; c__Tremellomycetes; o__Trichosporonales; f__Trichosporonaceae; g__Cutaneotrichosporon; s__Cutaneotrichosporon_dermatis	blast_species_replaced_high_confidence	BLAST species passed high-confidence replacement cutoffs. Genus concordance was not required.
c9cf851cc8b151e77a0a03db7e8e5217	Fungi	Basidiomycota	Tremellomycetes	Tremellales	Cryptococcaceae	Cryptococcus	Cryptococcus_neoformans	k__Fungi; p__Basidiomycota; c__Tremellomycetes; o__Tremellales; f__Cryptococcaceae; g__Cryptococcus; s__Cryptococcus_neoformans	qiime_retained_ambiguous_blast	BLAST top hit was ambiguous with an exact-score species conflict.
b52a1a66de4c1b1ac1df6e2151141f35	Fungi	Fungi_k	Fungi_k	Fungi_k	Fungi_k	Fungi_k	Fungi_k	k__Fungi; p__Fungi_k; c__Fungi_k; o__Fungi_k; f__Fungi_k; g__Fungi_k; s__Fungi_k	qiime_retained_no_blast_species	No BLAST species-level top hit was available.
d17228a9992e50708dfe3ab981c02b40	Fungi	Ascomycota	Ascomycota_p	Ascomycota_p	Ascomycota_p	Ascomycota_p	Ascomycota_p	k__Fungi; p__Ascomycota; c__Ascomycota_p; o__Ascomycota_p; f__Ascomycota_p; g__Ascomycota_p; s__Ascomycota_p	qiime_retained_ambiguous_blast	BLAST top hit was ambiguous with an exact-score species conflict.
bf60bfa70e65550fe55e453011d1dc47	Fungi	Fungi_k	Fungi_k	Fungi_k	Fungi_k	Fungi_k	Fungi_k	k__Fungi; p__Fungi_k; c__Fungi_k; o__Fungi_k; f__Fungi_k; g__Fungi_k; s__Fungi_k	qiime_retained_no_blast_species	No BLAST species-level top hit was available.
1b0ea89e8460365693bf9a78cd7193ef	Fungi	Fungi_k	Fungi_k	Fungi_k	Fungi_k	Fungi_k	Fungi_k	k__Fungi; p__Fungi_k; c__Fungi_k; o__Fungi_k; f__Fungi_k; g__Fungi_k; s__Fungi_k	qiime_retained_no_blast_species	No BLAST species-level top hit was available.
f9e0459672e12d102a630e4436ffb437	Fungi	Basidiomycota	Agaricomycetes	Agaricales	Psathyrellaceae	Candolleomyces	Candolleomyces_g	k__Fungi; p__Basidiomycota; c__Agaricomycetes; o__Agaricales; f__Psathyrellaceae; g__Candolleomyces; s__Candolleomyces_g	qiime_retained_no_blast_species	No BLAST species-level top hit was available.
429ef104fcabfbb4b403c2c09309eadf	Fungi	Ascomycota	Eurotiomycetes	Eurotiales	Aspergillaceae	Penicillium	Penicillium_sumatraense	k__Fungi; p__Ascomycota; c__Eurotiomycetes; o__Eurotiales; f__Aspergillaceae; g__Penicillium; s__Penicillium_sumatraense	blast_species_replaced_high_confidence	BLAST species passed high-confidence replacement cutoffs. Genus concordance was not required.
a65c458a2eaee29b99fc1cc9465e919e	Fungi	Ascomycota	Ascomycota_p	Ascomycota_p	Ascomycota_p	Ascomycota_p	Ascomycota_p	k__Fungi; p__Ascomycota; c__Ascomycota_p; o__Ascomycota_p; f__Ascomycota_p; g__Ascomycota_p; s__Ascomycota_p	qiime_retained_ambiguous_blast	BLAST top hit was ambiguous with an exact-score species conflict.
f995e145056827d946990165fee89f13	Fungi	Fungi_k	Fungi_k	Fungi_k	Fungi_k	Fungi_k	Fungi_k	k__Fungi; p__Fungi_k; c__Fungi_k; o__Fungi_k; f__Fungi_k; g__Fungi_k; s__Fungi_k	qiime_retained_no_blast_species	No BLAST species-level top hit was available.
6734e9cf02163049e17ba80c6b32c086	Fungi	Fungi_k	Fungi_k	Fungi_k	Fungi_k	Fungi_k	Fungi_k	k__Fungi; p__Fungi_k; c__Fungi_k; o__Fungi_k; f__Fungi_k; g__Fungi_k; s__Fungi_k	qiime_retained_no_blast_species	No BLAST species-level top hit was available.
d25e7da93e6b99dc8a029aa614772d33	Fungi	Ascomycota	Ascomycota_p	Ascomycota_p	Ascomycota_p	Ascomycota_p	Ascomycota_p	k__Fungi; p__Ascomycota; c__Ascomycota_p; o__Ascomycota_p; f__Ascomycota_p; g__Ascomycota_p; s__Ascomycota_p	qiime_retained_no_blast_species	No BLAST species-level top hit was available.
3055f49397f6797b6af3d93deaed571e	Fungi	Basidiomycota	Microbotryomycetes	Sporidiobolales	Sporidiobolaceae	Rhodotorula	Rhodotorula_mucilaginosa	k__Fungi; p__Basidiomycota; c__Microbotryomycetes; o__Sporidiobolales; f__Sporidiobolaceae; g__Rhodotorula; s__Rhodotorula_mucilaginosa	qiime_retained_ambiguous_blast	BLAST top hit was ambiguous with an exact-score species conflict.
6ea70f7a936fb3c83b92541a31d0699e	Fungi	Fungi_k	Fungi_k	Fungi_k	Fungi_k	Fungi_k	Fungi_k	k__Fungi; p__Fungi_k; c__Fungi_k; o__Fungi_k; f__Fungi_k; g__Fungi_k; s__Fungi_k	qiime_retained_no_blast_species	No BLAST species-level top hit was available.
90c790cd51b041fe427de8b5a8538108	Fungi	Ascomycota	Ascomycota_p	Ascomycota_p	Ascomycota_p	Ascomycota_p	Ascomycota_p	k__Fungi; p__Ascomycota; c__Ascomycota_p; o__Ascomycota_p; f__Ascomycota_p; g__Ascomycota_p; s__Ascomycota_p	qiime_retained_no_blast_species	No BLAST species-level top hit was available.
bd59c047dfd8722ab82188dd160d6676	Fungi	Ascomycota	Ascomycota_p	Ascomycota_p	Ascomycota_p	Ascomycota_p	Ascomycota_p	k__Fungi; p__Ascomycota; c__Ascomycota_p; o__Ascomycota_p; f__Ascomycota_p; g__Ascomycota_p; s__Ascomycota_p	qiime_retained_no_blast_species	No BLAST species-level top hit was available.
38af596704a7b2a9f8c44337022e99fa	Fungi	Ascomycota	Ascomycota_p	Ascomycota_p	Ascomycota_p	Ascomycota_p	Ascomycota_p	k__Fungi; p__Ascomycota; c__Ascomycota_p; o__Ascomycota_p; f__Ascomycota_p; g__Ascomycota_p; s__Ascomycota_p	qiime_retained_no_blast_species	No BLAST species-level top hit was available.
56b3fd0a76a57716fa9dc86ef499f86a	Fungi	Ascomycota	Ascomycota_p	Ascomycota_p	Ascomycota_p	Ascomycota_p	Ascomycota_p	k__Fungi; p__Ascomycota; c__Ascomycota_p; o__Ascomycota_p; f__Ascomycota_p; g__Ascomycota_p; s__Ascomycota_p	qiime_retained_no_blast_species	No BLAST species-level top hit was available.
593628bb9050300495d659b459fd5aa3	Fungi	Fungi_k	Fungi_k	Fungi_k	Fungi_k	Fungi_k	Fungi_k	k__Fungi; p__Fungi_k; c__Fungi_k; o__Fungi_k; f__Fungi_k; g__Fungi_k; s__Fungi_k	qiime_retained_no_blast_species	No BLAST species-level top hit was available.
c9e7884f1c2075801461d85650da4f8d	Fungi	Fungi_k	Fungi_k	Fungi_k	Fungi_k	Fungi_k	Fungi_k	k__Fungi; p__Fungi_k; c__Fungi_k; o__Fungi_k; f__Fungi_k; g__Fungi_k; s__Fungi_k	qiime_retained_no_blast_species	No BLAST species-level top hit was available.
8eedab30efdc40b9d88bdabe03635ba4	Fungi	Fungi_k	Fungi_k	Fungi_k	Fungi_k	Fungi_k	Fungi_k	k__Fungi; p__Fungi_k; c__Fungi_k; o__Fungi_k; f__Fungi_k; g__Fungi_k; s__Fungi_k	qiime_retained_no_blast_species	No BLAST species-level top hit was available.
21feee196968505b63639074b75a7d27	Fungi	Ascomycota	Saccharomycetes	Saccharomycetales	Saccharomycetaceae	Monosporozyma	Monosporozyma_servazzii	k__Fungi; p__Ascomycota; c__Saccharomycetes; o__Saccharomycetales; f__Saccharomycetaceae; g__Monosporozyma; s__Monosporozyma_servazzii	blast_species_replaced_high_confidence	BLAST species passed high-confidence replacement cutoffs. Genus concordance was not required.
51274328fae601e51cb78952f19c2422	Fungi	Ascomycota	Leotiomycetes	Helotiales	Helotiales_o	Helotiales_o	Helotiales_o	k__Fungi; p__Ascomycota; c__Leotiomycetes; o__Helotiales; f__Helotiales_o; g__Helotiales_o; s__Helotiales_o	qiime_retained_no_blast_species	No BLAST species-level top hit was available.
0768181f519364a9439b4901c0812f7d	Fungi	Fungi_k	Fungi_k	Fungi_k	Fungi_k	Fungi_k	Fungi_k	k__Fungi; p__Fungi_k; c__Fungi_k; o__Fungi_k; f__Fungi_k; g__Fungi_k; s__Fungi_k	qiime_retained_no_blast_species	No BLAST species-level top hit was available.
fcbc999ca804479fd39bdcaef8c7c1c0	Fungi	Ascomycota	Eurotiomycetes	Eurotiales	Aspergillaceae	Aspergillus	Aspergillus_g	k__Fungi; p__Ascomycota; c__Eurotiomycetes; o__Eurotiales; f__Aspergillaceae; g__Aspergillus; s__Aspergillus_g	qiime_retained_ambiguous_blast	BLAST top hit was ambiguous with an exact-score species conflict.
c37e09b9fad0c4eba3557a245868649d	Fungi	Ascomycota	Ascomycota_p	Ascomycota_p	Ascomycota_p	Ascomycota_p	Ascomycota_p	k__Fungi; p__Ascomycota; c__Ascomycota_p; o__Ascomycota_p; f__Ascomycota_p; g__Ascomycota_p; s__Ascomycota_p	qiime_retained_no_blast_species	No BLAST species-level top hit was available.
28545e23c1f29aea79e54c2490f42375	Fungi	Basidiomycota	Tremellomycetes	Tremellales	Cryptococcaceae	Cryptococcus	Cryptococcus_gattii	k__Fungi; p__Basidiomycota; c__Tremellomycetes; o__Tremellales; f__Cryptococcaceae; g__Cryptococcus; s__Cryptococcus_gattii	blast_species_replaced_high_confidence	BLAST species passed high-confidence replacement cutoffs. Genus concordance was not required.
eb0a24cde4475b6ba4de24cc713e47bd	Fungi	Basidiomycota	Tremellomycetes	Tremellales	Cryptococcaceae	Cryptococcus	Cryptococcus_neoformans	k__Fungi; p__Basidiomycota; c__Tremellomycetes; o__Tremellales; f__Cryptococcaceae; g__Cryptococcus; s__Cryptococcus_neoformans	qiime_retained_blast_cutoff_fail	BLAST top hit did not pass species-level replacement cutoffs.
c4f98e0590c3c3c748b905428148ad3a	Fungi	Fungi_k	Fungi_k	Fungi_k	Fungi_k	Fungi_k	Fungi_k	k__Fungi; p__Fungi_k; c__Fungi_k; o__Fungi_k; f__Fungi_k; g__Fungi_k; s__Fungi_k	qiime_retained_no_blast_species	No BLAST species-level top hit was available.
5508856d9d35057c551dd5960df94f40	Fungi	Fungi_k	Fungi_k	Fungi_k	Fungi_k	Fungi_k	Fungi_k	k__Fungi; p__Fungi_k; c__Fungi_k; o__Fungi_k; f__Fungi_k; g__Fungi_k; s__Fungi_k	qiime_retained_no_blast_species	No BLAST species-level top hit was available.
22381edf2faa88f0c0f8bece81941d9f	Fungi	Basidiomycota	Agaricomycetes	Trechisporales	Hydnodontaceae	Trechispora	Trechispora_g	k__Fungi; p__Basidiomycota; c__Agaricomycetes; o__Trechisporales; f__Hydnodontaceae; g__Trechispora; s__Trechispora_g	qiime_retained_no_blast_species	No BLAST species-level top hit was available.
6790f42c7414d04cbfca2d0bc9403137	Fungi	Fungi_k	Fungi_k	Fungi_k	Fungi_k	Fungi_k	Fungi_k	k__Fungi; p__Fungi_k; c__Fungi_k; o__Fungi_k; f__Fungi_k; g__Fungi_k; s__Fungi_k	qiime_retained_no_blast_species	No BLAST species-level top hit was available.
169e5e3b66682ea6eb26c477ce213b7c	Fungi	Ascomycota	Ascomycota_p	Ascomycota_p	Ascomycota_p	Ascomycota_p	Ascomycota_p	k__Fungi; p__Ascomycota; c__Ascomycota_p; o__Ascomycota_p; f__Ascomycota_p; g__Ascomycota_p; s__Ascomycota_p	qiime_retained_no_blast_species	No BLAST species-level top hit was available.
45abd68f253254c6fa3ef6981b6b7e84	Fungi	Fungi_k	Fungi_k	Fungi_k	Fungi_k	Fungi_k	Fungi_k	k__Fungi; p__Fungi_k; c__Fungi_k; o__Fungi_k; f__Fungi_k; g__Fungi_k; s__Fungi_k	qiime_retained_no_blast_species	No BLAST species-level top hit was available.
3cdd5c9296b323dd20d1dc2d8c42357a	Fungi	Ascomycota	Ascomycota_p	Ascomycota_p	Ascomycota_p	Ascomycota_p	Ascomycota_p	k__Fungi; p__Ascomycota; c__Ascomycota_p; o__Ascomycota_p; f__Ascomycota_p; g__Ascomycota_p; s__Ascomycota_p	qiime_retained_no_blast_species	No BLAST species-level top hit was available.
734b3bd502cf4e15ab36e06823ea19d1	Fungi	Fungi_k	Fungi_k	Fungi_k	Fungi_k	Fungi_k	Fungi_k	k__Fungi; p__Fungi_k; c__Fungi_k; o__Fungi_k; f__Fungi_k; g__Fungi_k; s__Fungi_k	qiime_retained_no_blast_species	No BLAST species-level top hit was available.
4bc9878d9cb5210bbfa8e56b3f990fe1	Fungi	Ascomycota	Ascomycota_p	Ascomycota_p	Ascomycota_p	Ascomycota_p	Ascomycota_p	k__Fungi; p__Ascomycota; c__Ascomycota_p; o__Ascomycota_p; f__Ascomycota_p; g__Ascomycota_p; s__Ascomycota_p	qiime_retained_no_blast_species	No BLAST species-level top hit was available.
e2d6b080c35429edc1bf79320290191c	Fungi	Fungi_k	Fungi_k	Fungi_k	Fungi_k	Fungi_k	Fungi_k	k__Fungi; p__Fungi_k; c__Fungi_k; o__Fungi_k; f__Fungi_k; g__Fungi_k; s__Fungi_k	qiime_retained_no_blast_species	No BLAST species-level top hit was available.
79b8b59b62b6bcd94537b80830d7f47d	Fungi	Fungi_k	Fungi_k	Fungi_k	Fungi_k	Fungi_k	Fungi_k	k__Fungi; p__Fungi_k; c__Fungi_k; o__Fungi_k; f__Fungi_k; g__Fungi_k; s__Fungi_k	qiime_retained_blast_cutoff_fail	BLAST top hit did not pass species-level replacement cutoffs.
0d2a77295862dea2a5fc3940be192278	Fungi	Ascomycota	Ascomycota_p	Ascomycota_p	Ascomycota_p	Ascomycota_p	Ascomycota_p	k__Fungi; p__Ascomycota; c__Ascomycota_p; o__Ascomycota_p; f__Ascomycota_p; g__Ascomycota_p; s__Ascomycota_p	qiime_retained_no_blast_species	No BLAST species-level top hit was available.
0ae1e837235a2579609ba6290feae7d9	Fungi	Ascomycota	Ascomycota_p	Ascomycota_p	Ascomycota_p	Ascomycota_p	Ascomycota_p	k__Fungi; p__Ascomycota; c__Ascomycota_p; o__Ascomycota_p; f__Ascomycota_p; g__Ascomycota_p; s__Ascomycota_p	qiime_retained_no_blast_species	No BLAST species-level top hit was available.
690485dcc88ee46eafca88455c1350fb	Fungi	Fungi_k	Fungi_k	Fungi_k	Fungi_k	Fungi_k	Fungi_k	k__Fungi; p__Fungi_k; c__Fungi_k; o__Fungi_k; f__Fungi_k; g__Fungi_k; s__Fungi_k	qiime_retained_no_blast_species	No BLAST species-level top hit was available.
810614b36a07abd1a925d29282f91909	Fungi	Fungi_k	Fungi_k	Fungi_k	Fungi_k	Fungi_k	Fungi_k	k__Fungi; p__Fungi_k; c__Fungi_k; o__Fungi_k; f__Fungi_k; g__Fungi_k; s__Fungi_k	qiime_retained_no_blast_species	No BLAST species-level top hit was available.
ea7f5040ec9eea16e64fd85b2b7d0572	Fungi	Fungi_k	Fungi_k	Fungi_k	Fungi_k	Fungi_k	Fungi_k	k__Fungi; p__Fungi_k; c__Fungi_k; o__Fungi_k; f__Fungi_k; g__Fungi_k; s__Fungi_k	qiime_retained_no_blast_species	No BLAST species-level top hit was available.
25a303dbf5b2a6790682c1e63eb0bc86	Fungi	Fungi_k	Fungi_k	Fungi_k	Fungi_k	Fungi_k	Fungi_k	k__Fungi; p__Fungi_k; c__Fungi_k; o__Fungi_k; f__Fungi_k; g__Fungi_k; s__Fungi_k	qiime_retained_no_blast_species	No BLAST species-level top hit was available.
c736e249da125d2afbdc5153e798f4ff	Fungi	Fungi_k	Fungi_k	Fungi_k	Fungi_k	Fungi_k	Fungi_k	k__Fungi; p__Fungi_k; c__Fungi_k; o__Fungi_k; f__Fungi_k; g__Fungi_k; s__Fungi_k	qiime_retained_no_blast_species	No BLAST species-level top hit was available.
424a42c649741aeff084e4e4be42d5e8	Fungi	Fungi_k	Fungi_k	Fungi_k	Fungi_k	Fungi_k	Fungi_k	k__Fungi; p__Fungi_k; c__Fungi_k; o__Fungi_k; f__Fungi_k; g__Fungi_k; s__Fungi_k	qiime_retained_no_blast_species	No BLAST species-level top hit was available.
7eb255283c6c52bd61ca80e88b608ef1	Fungi	Ascomycota	Ascomycota_p	Ascomycota_p	Ascomycota_p	Ascomycota_p	Ascomycota_p	k__Fungi; p__Ascomycota; c__Ascomycota_p; o__Ascomycota_p; f__Ascomycota_p; g__Ascomycota_p; s__Ascomycota_p	qiime_retained_no_blast_species	No BLAST species-level top hit was available.
464e19f539c8d48eeb059761e4076133	Fungi	Fungi_k	Fungi_k	Fungi_k	Fungi_k	Fungi_k	Fungi_k	k__Fungi; p__Fungi_k; c__Fungi_k; o__Fungi_k; f__Fungi_k; g__Fungi_k; s__Fungi_k	qiime_retained_no_blast_species	No BLAST species-level top hit was available.
89280dfd2d6284d8379415b8579079b4	Fungi	Fungi_k	Fungi_k	Fungi_k	Fungi_k	Fungi_k	Fungi_k	k__Fungi; p__Fungi_k; c__Fungi_k; o__Fungi_k; f__Fungi_k; g__Fungi_k; s__Fungi_k	qiime_retained_no_blast_species	No BLAST species-level top hit was available.
c9724494bb18bcad90882e40457e048a	Fungi	Ascomycota	Pichiomycetes	Serinales	Debaryomycetaceae	Candida	Candida_albicans	k__Fungi; p__Ascomycota; c__Pichiomycetes; o__Serinales; f__Debaryomycetaceae; g__Candida; s__Candida_albicans	blast_species_replaced_high_confidence	BLAST species passed high-confidence replacement cutoffs. Genus concordance was not required.
1c99b355daab861d42ef02ad4aecd425	Fungi	Fungi_k	Fungi_k	Fungi_k	Fungi_k	Fungi_k	Fungi_k	k__Fungi; p__Fungi_k; c__Fungi_k; o__Fungi_k; f__Fungi_k; g__Fungi_k; s__Fungi_k	qiime_retained_no_blast_species	No BLAST species-level top hit was available.
d0ba115d2648c5cea27a7c508f335db2	Fungi	Fungi_k	Fungi_k	Fungi_k	Fungi_k	Fungi_k	Fungi_k	k__Fungi; p__Fungi_k; c__Fungi_k; o__Fungi_k; f__Fungi_k; g__Fungi_k; s__Fungi_k	qiime_retained_no_blast_species	No BLAST species-level top hit was available.
3d5f170d59af5aa3757284a921c5a385	Fungi	Basidiomycota	Tremellomycetes	Trichosporonales	Trichosporonaceae	Cutaneotrichosporon	Cutaneotrichosporon_dermatis	k__Fungi; p__Basidiomycota; c__Tremellomycetes; o__Trichosporonales; f__Trichosporonaceae; g__Cutaneotrichosporon; s__Cutaneotrichosporon_dermatis	blast_species_replaced_high_confidence	BLAST species passed high-confidence replacement cutoffs. Genus concordance was not required.
a4d6aeda4e809ef4f25111f66e15a8ca	Fungi	Ascomycota	Ascomycota_p	Ascomycota_p	Ascomycota_p	Ascomycota_p	Ascomycota_p	k__Fungi; p__Ascomycota; c__Ascomycota_p; o__Ascomycota_p; f__Ascomycota_p; g__Ascomycota_p; s__Ascomycota_p	qiime_retained_no_blast_species	No BLAST species-level top hit was available.
621f2a9745265d827cc94a1d025b8a38	Fungi	Fungi_k	Fungi_k	Fungi_k	Fungi_k	Fungi_k	Fungi_k	k__Fungi; p__Fungi_k; c__Fungi_k; o__Fungi_k; f__Fungi_k; g__Fungi_k; s__Fungi_k	qiime_retained_no_blast_species	No BLAST species-level top hit was available.
8fa01d73021156ed6e2382e0d80dec3a	Fungi	Ascomycota	Pichiomycetes	Serinales	Debaryomycetaceae	Candida	Candida_albicans	k__Fungi; p__Ascomycota; c__Pichiomycetes; o__Serinales; f__Debaryomycetaceae; g__Candida; s__Candida_albicans	blast_species_replaced_high_confidence	BLAST species passed high-confidence replacement cutoffs. Genus concordance was not required.
d451ec00d290f5d04b65f2b8efdebc57	Fungi	Ascomycota	Saccharomycetes	Saccharomycetales	Pichiaceae	Komagataella	Komagataella_phaffii	k__Fungi; p__Ascomycota; c__Saccharomycetes; o__Saccharomycetales; f__Pichiaceae; g__Komagataella; s__Komagataella_phaffii	qiime_retained_no_blast_species	No BLAST species-level top hit was available.
4aae9ea7e4bfc0aaa35d3772535cb612	Fungi	Basidiomycota	Agaricomycetes	Polyporales	Irpicaceae	Irpex	Irpex_hacksungii	k__Fungi; p__Basidiomycota; c__Agaricomycetes; o__Polyporales; f__Irpicaceae; g__Irpex; s__Irpex_hacksungii	qiime_retained_no_blast_species	No BLAST species-level top hit was available.
29555bd5b7d79e088911358e619af0af	Fungi	Fungi_k	Fungi_k	Fungi_k	Fungi_k	Fungi_k	Fungi_k	k__Fungi; p__Fungi_k; c__Fungi_k; o__Fungi_k; f__Fungi_k; g__Fungi_k; s__Fungi_k	qiime_retained_no_blast_species	No BLAST species-level top hit was available.
a264df5dbe2ffe5b564231684a02d56d	Fungi	Ascomycota	Saccharomycetes	Saccharomycetales	Saccharomycetaceae	Torulaspora	Torulaspora_delbrueckii	k__Fungi; p__Ascomycota; c__Saccharomycetes; o__Saccharomycetales; f__Saccharomycetaceae; g__Torulaspora; s__Torulaspora_delbrueckii	blast_species_replaced_high_confidence	BLAST species passed high-confidence replacement cutoffs. Genus concordance was not required.
754268c86474386269e578a4eb485b8a	Fungi	Ascomycota	Pichiomycetes	Serinales	Debaryomycetaceae	Candida	Candida_albicans	k__Fungi; p__Ascomycota; c__Pichiomycetes; o__Serinales; f__Debaryomycetaceae; g__Candida; s__Candida_albicans	blast_species_replaced_high_confidence	BLAST species passed high-confidence replacement cutoffs. Genus concordance was not required.
4ff375ae9b66ece9a7f74f5a13354b9d	Fungi	Fungi_k	Fungi_k	Fungi_k	Fungi_k	Fungi_k	Fungi_k	k__Fungi; p__Fungi_k; c__Fungi_k; o__Fungi_k; f__Fungi_k; g__Fungi_k; s__Fungi_k	qiime_retained_no_blast_species	No BLAST species-level top hit was available.
e160892fa06aeac24cede5fd0d9fac0c	Fungi	Ascomycota	Pichiomycetes	Pichiales	Pichiaceae	Pichia	Pichia_kudriavzevii	k__Fungi; p__Ascomycota; c__Pichiomycetes; o__Pichiales; f__Pichiaceae; g__Pichia; s__Pichia_kudriavzevii	blast_species_replaced_high_confidence	BLAST species passed high-confidence replacement cutoffs. Genus concordance was not required.
8d3e05b052f65c88c539505f87882851	Fungi	Ascomycota	Ascomycota_p	Ascomycota_p	Ascomycota_p	Ascomycota_p	Ascomycota_p	k__Fungi; p__Ascomycota; c__Ascomycota_p; o__Ascomycota_p; f__Ascomycota_p; g__Ascomycota_p; s__Ascomycota_p	qiime_retained_no_blast_species	No BLAST species-level top hit was available.
feb42ca1b6adcd738ff9ba386892f11e	Fungi	Ascomycota	Eurotiomycetes	Eurotiales	Aspergillaceae	Penicillium	Penicillium_g	k__Fungi; p__Ascomycota; c__Eurotiomycetes; o__Eurotiales; f__Aspergillaceae; g__Penicillium; s__Penicillium_g	qiime_retained_ambiguous_blast	BLAST top hit was ambiguous with an exact-score species conflict.
2e723fe0c70769428c06e39a8f19d9d8	Fungi	Fungi_k	Fungi_k	Fungi_k	Fungi_k	Fungi_k	Fungi_k	k__Fungi; p__Fungi_k; c__Fungi_k; o__Fungi_k; f__Fungi_k; g__Fungi_k; s__Fungi_k	qiime_retained_no_blast_species	No BLAST species-level top hit was available.
315a14f72987afaafb1b8701eaa0b075	Fungi	Basidiomycota	Tremellomycetes	Tremellales	Cryptococcaceae	Cryptococcus	Cryptococcus_neoformans	k__Fungi; p__Basidiomycota; c__Tremellomycetes; o__Tremellales; f__Cryptococcaceae; g__Cryptococcus; s__Cryptococcus_neoformans	qiime_retained_ambiguous_blast	BLAST top hit was ambiguous with an exact-score species conflict.
644c895ef79df8c731420be73cf8b6c0	Fungi	Fungi_k	Fungi_k	Fungi_k	Fungi_k	Fungi_k	Fungi_k	k__Fungi; p__Fungi_k; c__Fungi_k; o__Fungi_k; f__Fungi_k; g__Fungi_k; s__Fungi_k	qiime_retained_no_blast_species	No BLAST species-level top hit was available.
80e1bf7ccd84a6512dc5cc240266fbbc	Fungi	Basidiomycota	Malasseziomycetes	Malasseziales	Malasseziaceae	Malassezia	Malassezia_globosa	k__Fungi; p__Basidiomycota; c__Malasseziomycetes; o__Malasseziales; f__Malasseziaceae; g__Malassezia; s__Malassezia_globosa	blast_species_replaced_high_confidence	BLAST species passed high-confidence replacement cutoffs. Genus concordance was not required.
26461f63a0aa3891866f330d837eb06e	Fungi	Ascomycota	Ascomycota_p	Ascomycota_p	Ascomycota_p	Ascomycota_p	Ascomycota_p	k__Fungi; p__Ascomycota; c__Ascomycota_p; o__Ascomycota_p; f__Ascomycota_p; g__Ascomycota_p; s__Ascomycota_p	qiime_retained_no_blast_species	No BLAST species-level top hit was available.
0b670ea5bad69a636e48836a55475086	Fungi	Fungi_k	Fungi_k	Fungi_k	Fungi_k	Fungi_k	Fungi_k	k__Fungi; p__Fungi_k; c__Fungi_k; o__Fungi_k; f__Fungi_k; g__Fungi_k; s__Fungi_k	qiime_retained_no_blast_species	No BLAST species-level top hit was available.
9d85d8067d02e30a806463de2845ccdd	Fungi	Fungi_k	Fungi_k	Fungi_k	Fungi_k	Fungi_k	Fungi_k	k__Fungi; p__Fungi_k; c__Fungi_k; o__Fungi_k; f__Fungi_k; g__Fungi_k; s__Fungi_k	qiime_retained_no_blast_species	No BLAST species-level top hit was available.
14f563b611081c3d96a3656b7e727a14	Fungi	Ascomycota	Ascomycota_p	Ascomycota_p	Ascomycota_p	Ascomycota_p	Ascomycota_p	k__Fungi; p__Ascomycota; c__Ascomycota_p; o__Ascomycota_p; f__Ascomycota_p; g__Ascomycota_p; s__Ascomycota_p	qiime_retained_no_blast_species	No BLAST species-level top hit was available.
4e69eeb85eb9ec34c929b61a9a698d0e	Fungi	Ascomycota	Saccharomycetes	Saccharomycetales	Saccharomycetaceae	Saccharomyces	Saccharomyces_g	k__Fungi; p__Ascomycota; c__Saccharomycetes; o__Saccharomycetales; f__Saccharomycetaceae; g__Saccharomyces; s__Saccharomyces_g	qiime_retained_blast_cutoff_fail	BLAST top hit did not pass species-level replacement cutoffs.
c4de8920d09cfcb35cb11ca9ed00200f	Fungi	Fungi_k	Fungi_k	Fungi_k	Fungi_k	Fungi_k	Fungi_k	k__Fungi; p__Fungi_k; c__Fungi_k; o__Fungi_k; f__Fungi_k; g__Fungi_k; s__Fungi_k	qiime_retained_no_blast_species	No BLAST species-level top hit was available.
a920043b0a1f468a1d704fb1d44f1538	Fungi	Fungi_k	Fungi_k	Fungi_k	Fungi_k	Fungi_k	Fungi_k	k__Fungi; p__Fungi_k; c__Fungi_k; o__Fungi_k; f__Fungi_k; g__Fungi_k; s__Fungi_k	qiime_retained_no_blast_species	No BLAST species-level top hit was available.
484bd431a65762338ef456a194b5348e	Fungi	Ascomycota	Saccharomycetes	Saccharomycetales	Saccharomycetales_o	Saccharomycetales_o	Saccharomycetales_o	k__Fungi; p__Ascomycota; c__Saccharomycetes; o__Saccharomycetales; f__Saccharomycetales_o; g__Saccharomycetales_o; s__Saccharomycetales_o	qiime_retained_ambiguous_blast	BLAST top hit was ambiguous with an exact-score species conflict.
7022c374ae44a6ea810bc3bc7018547c	Fungi	Fungi_k	Fungi_k	Fungi_k	Fungi_k	Fungi_k	Fungi_k	k__Fungi; p__Fungi_k; c__Fungi_k; o__Fungi_k; f__Fungi_k; g__Fungi_k; s__Fungi_k	qiime_retained_no_blast_species	No BLAST species-level top hit was available.
267cae1380db2b4584c9e1a67d952b7c	Fungi	Ascomycota	Ascomycota_p	Ascomycota_p	Ascomycota_p	Ascomycota_p	Ascomycota_p	k__Fungi; p__Ascomycota; c__Ascomycota_p; o__Ascomycota_p; f__Ascomycota_p; g__Ascomycota_p; s__Ascomycota_p	qiime_retained_blast_cutoff_fail	BLAST top hit did not pass species-level replacement cutoffs.
260b8bebae425ab1944a3e6b09292088	Fungi	Fungi_k	Fungi_k	Fungi_k	Fungi_k	Fungi_k	Fungi_k	k__Fungi; p__Fungi_k; c__Fungi_k; o__Fungi_k; f__Fungi_k; g__Fungi_k; s__Fungi_k	qiime_retained_no_blast_species	No BLAST species-level top hit was available.
7afb59c70eff2cec5a071dd7c3ca79e0	Fungi	Ascomycota	Ascomycota_p	Ascomycota_p	Ascomycota_p	Ascomycota_p	Ascomycota_p	k__Fungi; p__Ascomycota; c__Ascomycota_p; o__Ascomycota_p; f__Ascomycota_p; g__Ascomycota_p; s__Ascomycota_p	qiime_retained_no_blast_species	No BLAST species-level top hit was available.
1d1e47a562efc72e0e1a703adb1156bc	Fungi	Ascomycota	Ascomycota_p	Ascomycota_p	Ascomycota_p	Ascomycota_p	Ascomycota_p	k__Fungi; p__Ascomycota; c__Ascomycota_p; o__Ascomycota_p; f__Ascomycota_p; g__Ascomycota_p; s__Ascomycota_p	qiime_retained_no_blast_species	No BLAST species-level top hit was available.
11472a6b13e3d38e37aa6d6f3b131991	Fungi	Fungi_k	Fungi_k	Fungi_k	Fungi_k	Fungi_k	Fungi_k	k__Fungi; p__Fungi_k; c__Fungi_k; o__Fungi_k; f__Fungi_k; g__Fungi_k; s__Fungi_k	qiime_retained_no_blast_species	No BLAST species-level top hit was available.
7243d6f6c59327bcf48abb33a65296e7	Fungi	Ascomycota	Ascomycota_p	Ascomycota_p	Ascomycota_p	Ascomycota_p	Ascomycota_p	k__Fungi; p__Ascomycota; c__Ascomycota_p; o__Ascomycota_p; f__Ascomycota_p; g__Ascomycota_p; s__Ascomycota_p	qiime_retained_no_blast_species	No BLAST species-level top hit was available.
567a9deab0960d0e2e0fb43ebc9b535e	Fungi	Ascomycota	Ascomycota_p	Ascomycota_p	Ascomycota_p	Ascomycota_p	Ascomycota_p	k__Fungi; p__Ascomycota; c__Ascomycota_p; o__Ascomycota_p; f__Ascomycota_p; g__Ascomycota_p; s__Ascomycota_p	qiime_retained_no_blast_species	No BLAST species-level top hit was available.
5105a2d6db57cdbabd078e95db2396c5	Fungi	Fungi_k	Fungi_k	Fungi_k	Fungi_k	Fungi_k	Fungi_k	k__Fungi; p__Fungi_k; c__Fungi_k; o__Fungi_k; f__Fungi_k; g__Fungi_k; s__Fungi_k	qiime_retained_no_blast_species	No BLAST species-level top hit was available.
90aa0385993cdfbec9b8925a1163afb6	Fungi	Fungi_k	Fungi_k	Fungi_k	Fungi_k	Fungi_k	Fungi_k	k__Fungi; p__Fungi_k; c__Fungi_k; o__Fungi_k; f__Fungi_k; g__Fungi_k; s__Fungi_k	qiime_retained_no_blast_species	No BLAST species-level top hit was available.
955eb7ae0fe2a3213438ef5bec2de66e	Fungi	Fungi_k	Fungi_k	Fungi_k	Fungi_k	Fungi_k	Fungi_k	k__Fungi; p__Fungi_k; c__Fungi_k; o__Fungi_k; f__Fungi_k; g__Fungi_k; s__Fungi_k	qiime_retained_no_blast_species	No BLAST species-level top hit was available.
c97fecfe6785166d168fafdd986ee02f	Fungi	Fungi_k	Fungi_k	Fungi_k	Fungi_k	Fungi_k	Fungi_k	k__Fungi; p__Fungi_k; c__Fungi_k; o__Fungi_k; f__Fungi_k; g__Fungi_k; s__Fungi_k	qiime_retained_no_blast_species	No BLAST species-level top hit was available.
c0b1830e2feafc77fb275d5a16f99809	Fungi	Ascomycota	Ascomycota_p	Ascomycota_p	Ascomycota_p	Ascomycota_p	Ascomycota_p	k__Fungi; p__Ascomycota; c__Ascomycota_p; o__Ascomycota_p; f__Ascomycota_p; g__Ascomycota_p; s__Ascomycota_p	qiime_retained_no_blast_species	No BLAST species-level top hit was available.
5302560500e967552b1490312b4bb3b3	Fungi	Fungi_k	Fungi_k	Fungi_k	Fungi_k	Fungi_k	Fungi_k	k__Fungi; p__Fungi_k; c__Fungi_k; o__Fungi_k; f__Fungi_k; g__Fungi_k; s__Fungi_k	qiime_retained_no_blast_species	No BLAST species-level top hit was available.
f235e5de715614a0b7c2b48197a6a8ba	Fungi	Ascomycota	Ascomycota_p	Ascomycota_p	Ascomycota_p	Ascomycota_p	Ascomycota_p	k__Fungi; p__Ascomycota; c__Ascomycota_p; o__Ascomycota_p; f__Ascomycota_p; g__Ascomycota_p; s__Ascomycota_p	qiime_retained_no_blast_species	No BLAST species-level top hit was available.
b96feb915f752cb0cac454b227ea516d	Fungi	Fungi_k	Fungi_k	Fungi_k	Fungi_k	Fungi_k	Fungi_k	k__Fungi; p__Fungi_k; c__Fungi_k; o__Fungi_k; f__Fungi_k; g__Fungi_k; s__Fungi_k	qiime_retained_no_blast_species	No BLAST species-level top hit was available.
8c82b71188e096be2feb08fd7d64d6a6	Fungi	Basidiomycota	Microbotryomycetes	Leucosporidiales	Leucosporidiaceae	Leucosporidium	Leucosporidium_intermedium	k__Fungi; p__Basidiomycota; c__Microbotryomycetes; o__Leucosporidiales; f__Leucosporidiaceae; g__Leucosporidium; s__Leucosporidium_intermedium	blast_species_replaced_high_confidence	BLAST species passed high-confidence replacement cutoffs. Genus concordance was not required.
8578ebd1501eab5abc643bb43fb0b7e2	Fungi	Fungi_k	Fungi_k	Fungi_k	Fungi_k	Fungi_k	Fungi_k	k__Fungi; p__Fungi_k; c__Fungi_k; o__Fungi_k; f__Fungi_k; g__Fungi_k; s__Fungi_k	qiime_retained_no_blast_species	No BLAST species-level top hit was available.
7b3895e4ce4378f120ee488c628004dc	Fungi	Fungi_k	Fungi_k	Fungi_k	Fungi_k	Fungi_k	Fungi_k	k__Fungi; p__Fungi_k; c__Fungi_k; o__Fungi_k; f__Fungi_k; g__Fungi_k; s__Fungi_k	qiime_retained_no_blast_species	No BLAST species-level top hit was available.
674495db5026d621602634dd1d9ca190	Fungi	Fungi_k	Fungi_k	Fungi_k	Fungi_k	Fungi_k	Fungi_k	k__Fungi; p__Fungi_k; c__Fungi_k; o__Fungi_k; f__Fungi_k; g__Fungi_k; s__Fungi_k	qiime_retained_ambiguous_blast	BLAST top hit was ambiguous with an exact-score species conflict.
5aa08add5073423bc935416fc4122a79	Fungi	Fungi_k	Fungi_k	Fungi_k	Fungi_k	Fungi_k	Fungi_k	k__Fungi; p__Fungi_k; c__Fungi_k; o__Fungi_k; f__Fungi_k; g__Fungi_k; s__Fungi_k	qiime_retained_no_blast_species	No BLAST species-level top hit was available.
75107df2ba22157d21ca3da014ea641a	Fungi	Ascomycota	Ascomycota_p	Ascomycota_p	Ascomycota_p	Ascomycota_p	Ascomycota_p	k__Fungi; p__Ascomycota; c__Ascomycota_p; o__Ascomycota_p; f__Ascomycota_p; g__Ascomycota_p; s__Ascomycota_p	qiime_retained_no_blast_species	No BLAST species-level top hit was available.
934f533a78b5de1479b59f1a682d064c	Fungi	Fungi_k	Fungi_k	Fungi_k	Fungi_k	Fungi_k	Fungi_k	k__Fungi; p__Fungi_k; c__Fungi_k; o__Fungi_k; f__Fungi_k; g__Fungi_k; s__Fungi_k	qiime_retained_no_blast_species	No BLAST species-level top hit was available.
2ebd8a5b8c3455f415eca2f216a9d915	Fungi	Ascomycota	Ascomycota_p	Ascomycota_p	Ascomycota_p	Ascomycota_p	Ascomycota_p	k__Fungi; p__Ascomycota; c__Ascomycota_p; o__Ascomycota_p; f__Ascomycota_p; g__Ascomycota_p; s__Ascomycota_p	qiime_retained_no_blast_species	No BLAST species-level top hit was available.
fc7fa41febb165d9e2c1aa251fe03adb	Fungi	Ascomycota	Ascomycota_p	Ascomycota_p	Ascomycota_p	Ascomycota_p	Ascomycota_p	k__Fungi; p__Ascomycota; c__Ascomycota_p; o__Ascomycota_p; f__Ascomycota_p; g__Ascomycota_p; s__Ascomycota_p	qiime_retained_no_blast_species	No BLAST species-level top hit was available.
e09cee250683d1d9c0efe6766aea6426	Fungi	Ascomycota	Ascomycota_p	Ascomycota_p	Ascomycota_p	Ascomycota_p	Ascomycota_p	k__Fungi; p__Ascomycota; c__Ascomycota_p; o__Ascomycota_p; f__Ascomycota_p; g__Ascomycota_p; s__Ascomycota_p	qiime_retained_no_blast_species	No BLAST species-level top hit was available.
26c3adb423a4d6b98b84d34fa5beca3f	Fungi	Fungi_k	Fungi_k	Fungi_k	Fungi_k	Fungi_k	Fungi_k	k__Fungi; p__Fungi_k; c__Fungi_k; o__Fungi_k; f__Fungi_k; g__Fungi_k; s__Fungi_k	qiime_retained_no_blast_species	No BLAST species-level top hit was available.
04054fce3ae97d78e67d2d454985add2	Fungi	Fungi_k	Fungi_k	Fungi_k	Fungi_k	Fungi_k	Fungi_k	k__Fungi; p__Fungi_k; c__Fungi_k; o__Fungi_k; f__Fungi_k; g__Fungi_k; s__Fungi_k	qiime_retained_no_blast_species	No BLAST species-level top hit was available.
8a52693c2a3066f0951f6e0ab114cf44	Fungi	Fungi_k	Fungi_k	Fungi_k	Fungi_k	Fungi_k	Fungi_k	k__Fungi; p__Fungi_k; c__Fungi_k; o__Fungi_k; f__Fungi_k; g__Fungi_k; s__Fungi_k	qiime_retained_no_blast_species	No BLAST species-level top hit was available.
a9a8701bb82e83502dac035e738a9a66	Fungi	Fungi_k	Fungi_k	Fungi_k	Fungi_k	Fungi_k	Fungi_k	k__Fungi; p__Fungi_k; c__Fungi_k; o__Fungi_k; f__Fungi_k; g__Fungi_k; s__Fungi_k	qiime_retained_no_blast_species	No BLAST species-level top hit was available.
96800d25db2a29d576ee27c9b1735e9f	Fungi	Fungi_k	Fungi_k	Fungi_k	Fungi_k	Fungi_k	Fungi_k	k__Fungi; p__Fungi_k; c__Fungi_k; o__Fungi_k; f__Fungi_k; g__Fungi_k; s__Fungi_k	qiime_retained_no_blast_species	No BLAST species-level top hit was available.
f32c3a43668f703f0abe5a6d1c0b37a5	Fungi	Fungi_k	Fungi_k	Fungi_k	Fungi_k	Fungi_k	Fungi_k	k__Fungi; p__Fungi_k; c__Fungi_k; o__Fungi_k; f__Fungi_k; g__Fungi_k; s__Fungi_k	qiime_retained_ambiguous_blast	BLAST top hit was ambiguous with an exact-score species conflict.
43b699344cd30824e9b375638111b901	Fungi	Ascomycota	Sordariomycetes	Hypocreales	Nectriaceae	Fusarium	Fusarium_foetens	k__Fungi; p__Ascomycota; c__Sordariomycetes; o__Hypocreales; f__Nectriaceae; g__Fusarium; s__Fusarium_foetens	blast_species_replaced_high_confidence	BLAST species passed high-confidence replacement cutoffs. Genus concordance was not required.
f68813f6ebcb8f7323b15cb6dad97526	Fungi	Basidiomycota	Agaricomycetes	Trechisporales	Hydnodontaceae	Trechispora	Trechispora_g	k__Fungi; p__Basidiomycota; c__Agaricomycetes; o__Trechisporales; f__Hydnodontaceae; g__Trechispora; s__Trechispora_g	qiime_retained_no_blast_species	No BLAST species-level top hit was available.
091b9ab07282fb2810730607e7c73a6b	Fungi	Fungi_k	Fungi_k	Fungi_k	Fungi_k	Fungi_k	Fungi_k	k__Fungi; p__Fungi_k; c__Fungi_k; o__Fungi_k; f__Fungi_k; g__Fungi_k; s__Fungi_k	qiime_retained_no_blast_species	No BLAST species-level top hit was available.
247c8459db6ae8b1257380e69c42b883	Fungi	Ascomycota	Eurotiomycetes	Eurotiales	Aspergillaceae	Penicillium	Penicillium_g	k__Fungi; p__Ascomycota; c__Eurotiomycetes; o__Eurotiales; f__Aspergillaceae; g__Penicillium; s__Penicillium_g	qiime_retained_ambiguous_blast	BLAST top hit was ambiguous with an exact-score species conflict.
725402e2a81677678ca9799ecc96fe7f	Fungi	Fungi_k	Fungi_k	Fungi_k	Fungi_k	Fungi_k	Fungi_k	k__Fungi; p__Fungi_k; c__Fungi_k; o__Fungi_k; f__Fungi_k; g__Fungi_k; s__Fungi_k	qiime_retained_no_blast_species	No BLAST species-level top hit was available.
870b996b7364a3020227bc4b918ba54f	Fungi	Fungi_k	Fungi_k	Fungi_k	Fungi_k	Fungi_k	Fungi_k	k__Fungi; p__Fungi_k; c__Fungi_k; o__Fungi_k; f__Fungi_k; g__Fungi_k; s__Fungi_k	qiime_retained_no_blast_species	No BLAST species-level top hit was available.
194c5d7ddd16e9c0363bffc3aef8ceb8	Fungi	Fungi_k	Fungi_k	Fungi_k	Fungi_k	Fungi_k	Fungi_k	k__Fungi; p__Fungi_k; c__Fungi_k; o__Fungi_k; f__Fungi_k; g__Fungi_k; s__Fungi_k	qiime_retained_no_blast_species	No BLAST species-level top hit was available.
85d8f5af58655f5e9a0875198e40a4cf	Fungi	Fungi_k	Fungi_k	Fungi_k	Fungi_k	Fungi_k	Fungi_k	k__Fungi; p__Fungi_k; c__Fungi_k; o__Fungi_k; f__Fungi_k; g__Fungi_k; s__Fungi_k	qiime_retained_no_blast_species	No BLAST species-level top hit was available.
eca677b652afb80f02a64e9a83fef553	Fungi	Fungi_k	Fungi_k	Fungi_k	Fungi_k	Fungi_k	Fungi_k	k__Fungi; p__Fungi_k; c__Fungi_k; o__Fungi_k; f__Fungi_k; g__Fungi_k; s__Fungi_k	qiime_retained_no_blast_species	No BLAST species-level top hit was available.
0e3a92d5368de742d7e37a8b3d7f4bfa	Fungi	Ascomycota	Eurotiomycetes	Onygenales	Arthrodermataceae	Arthrodermataceae_f	Arthrodermataceae_f	k__Fungi; p__Ascomycota; c__Eurotiomycetes; o__Onygenales; f__Arthrodermataceae; g__Arthrodermataceae_f; s__Arthrodermataceae_f	qiime_retained_ambiguous_blast	BLAST top hit was ambiguous with an exact-score species conflict.
25d556970166dcb7050422023be88e22	Fungi	Fungi_k	Fungi_k	Fungi_k	Fungi_k	Fungi_k	Fungi_k	k__Fungi; p__Fungi_k; c__Fungi_k; o__Fungi_k; f__Fungi_k; g__Fungi_k; s__Fungi_k	qiime_retained_no_blast_species	No BLAST species-level top hit was available.
b818ea92d26b8c0d7b99eb77906b9e01	Fungi	Fungi_k	Fungi_k	Fungi_k	Fungi_k	Fungi_k	Fungi_k	k__Fungi; p__Fungi_k; c__Fungi_k; o__Fungi_k; f__Fungi_k; g__Fungi_k; s__Fungi_k	qiime_retained_no_blast_species	No BLAST species-level top hit was available.
2a28786ae739c0770d1372c549046931	Fungi	Fungi_k	Fungi_k	Fungi_k	Fungi_k	Fungi_k	Fungi_k	k__Fungi; p__Fungi_k; c__Fungi_k; o__Fungi_k; f__Fungi_k; g__Fungi_k; s__Fungi_k	qiime_retained_ambiguous_blast	BLAST top hit was ambiguous with an exact-score species conflict.
615431307bb72c4d99dcb3c243d810db	Fungi	Fungi_k	Fungi_k	Fungi_k	Fungi_k	Fungi_k	Fungi_k	k__Fungi; p__Fungi_k; c__Fungi_k; o__Fungi_k; f__Fungi_k; g__Fungi_k; s__Fungi_k	qiime_retained_no_blast_species	No BLAST species-level top hit was available.
b67b81c102e2f5fa366b3d4d0869f235	Fungi	Fungi_k	Fungi_k	Fungi_k	Fungi_k	Fungi_k	Fungi_k	k__Fungi; p__Fungi_k; c__Fungi_k; o__Fungi_k; f__Fungi_k; g__Fungi_k; s__Fungi_k	qiime_retained_no_blast_species	No BLAST species-level top hit was available.
bed7b9d2faf1441d064e85f99538ff52	Fungi	Fungi_k	Fungi_k	Fungi_k	Fungi_k	Fungi_k	Fungi_k	k__Fungi; p__Fungi_k; c__Fungi_k; o__Fungi_k; f__Fungi_k; g__Fungi_k; s__Fungi_k	qiime_retained_no_blast_species	No BLAST species-level top hit was available.
638e7ccf3419acc06aafd317364cba75	Fungi	Fungi_k	Fungi_k	Fungi_k	Fungi_k	Fungi_k	Fungi_k	k__Fungi; p__Fungi_k; c__Fungi_k; o__Fungi_k; f__Fungi_k; g__Fungi_k; s__Fungi_k	qiime_retained_no_blast_species	No BLAST species-level top hit was available.
e2708925a7f42bb9e1f62f04f1ee3e26	Fungi	Ascomycota	Lecanoromycetes	Lecanorales	Lecanorales_o	Lecanorales_o	Lecanorales_o	k__Fungi; p__Ascomycota; c__Lecanoromycetes; o__Lecanorales; f__Lecanorales_o; g__Lecanorales_o; s__Lecanorales_o	qiime_retained_no_blast_species	No BLAST species-level top hit was available.
6ff9a3e427e998643e8d98a2a3d9157b	Fungi	Fungi_k	Fungi_k	Fungi_k	Fungi_k	Fungi_k	Fungi_k	k__Fungi; p__Fungi_k; c__Fungi_k; o__Fungi_k; f__Fungi_k; g__Fungi_k; s__Fungi_k	qiime_retained_no_blast_species	No BLAST species-level top hit was available.
cfa201d304dab9c66d991e37660ea7cd	Fungi	Fungi_k	Fungi_k	Fungi_k	Fungi_k	Fungi_k	Fungi_k	k__Fungi; p__Fungi_k; c__Fungi_k; o__Fungi_k; f__Fungi_k; g__Fungi_k; s__Fungi_k	qiime_retained_no_blast_species	No BLAST species-level top hit was available.
2cd0dea7da04cbdb02a749d6ce0ce2a8	Fungi	Fungi_k	Fungi_k	Fungi_k	Fungi_k	Fungi_k	Fungi_k	k__Fungi; p__Fungi_k; c__Fungi_k; o__Fungi_k; f__Fungi_k; g__Fungi_k; s__Fungi_k	qiime_retained_ambiguous_blast	BLAST top hit was ambiguous with an exact-score species conflict.
9b515710aedd7956e1b33b0f43a5da4d	Fungi	Ascomycota	Ascomycota_p	Ascomycota_p	Ascomycota_p	Ascomycota_p	Ascomycota_p	k__Fungi; p__Ascomycota; c__Ascomycota_p; o__Ascomycota_p; f__Ascomycota_p; g__Ascomycota_p; s__Ascomycota_p	qiime_retained_no_blast_species	No BLAST species-level top hit was available.
8f5b156b2473d6552ed30cec420b2b02	Fungi	Fungi_k	Fungi_k	Fungi_k	Fungi_k	Fungi_k	Fungi_k	k__Fungi; p__Fungi_k; c__Fungi_k; o__Fungi_k; f__Fungi_k; g__Fungi_k; s__Fungi_k	qiime_retained_no_blast_species	No BLAST species-level top hit was available.
ff7f232a0ba2b8cdee78935456caded9	Fungi	Fungi_k	Fungi_k	Fungi_k	Fungi_k	Fungi_k	Fungi_k	k__Fungi; p__Fungi_k; c__Fungi_k; o__Fungi_k; f__Fungi_k; g__Fungi_k; s__Fungi_k	qiime_retained_no_blast_species	No BLAST species-level top hit was available.
32be290b5fe51f5e4611e2e1a37fa1db	Fungi	Fungi_k	Fungi_k	Fungi_k	Fungi_k	Fungi_k	Fungi_k	k__Fungi; p__Fungi_k; c__Fungi_k; o__Fungi_k; f__Fungi_k; g__Fungi_k; s__Fungi_k	qiime_retained_no_blast_species	No BLAST species-level top hit was available.
b1b896a1775460c058fc891882a5bad8	Fungi	Ascomycota	Ascomycota_p	Ascomycota_p	Ascomycota_p	Ascomycota_p	Ascomycota_p	k__Fungi; p__Ascomycota; c__Ascomycota_p; o__Ascomycota_p; f__Ascomycota_p; g__Ascomycota_p; s__Ascomycota_p	qiime_retained_no_blast_species	No BLAST species-level top hit was available.
fb16acc3ac783ab7d6101776190a58e0	Fungi	Ascomycota	Ascomycota_p	Ascomycota_p	Ascomycota_p	Ascomycota_p	Ascomycota_p	k__Fungi; p__Ascomycota; c__Ascomycota_p; o__Ascomycota_p; f__Ascomycota_p; g__Ascomycota_p; s__Ascomycota_p	qiime_retained_no_blast_species	No BLAST species-level top hit was available.
119831b712be8db7b70c0d6d950624da	Fungi	Fungi_k	Fungi_k	Fungi_k	Fungi_k	Fungi_k	Fungi_k	k__Fungi; p__Fungi_k; c__Fungi_k; o__Fungi_k; f__Fungi_k; g__Fungi_k; s__Fungi_k	qiime_retained_no_blast_species	No BLAST species-level top hit was available.
6a9c03927332a86761ef8140c19e76a2	Fungi	Fungi_k	Fungi_k	Fungi_k	Fungi_k	Fungi_k	Fungi_k	k__Fungi; p__Fungi_k; c__Fungi_k; o__Fungi_k; f__Fungi_k; g__Fungi_k; s__Fungi_k	qiime_retained_no_blast_species	No BLAST species-level top hit was available.
5cae4f6bc86eca0f1eedf3d66b889b17	Fungi	Fungi_k	Fungi_k	Fungi_k	Fungi_k	Fungi_k	Fungi_k	k__Fungi; p__Fungi_k; c__Fungi_k; o__Fungi_k; f__Fungi_k; g__Fungi_k; s__Fungi_k	qiime_retained_no_blast_species	No BLAST species-level top hit was available.
ba931772211836a80a6f9001b2507e01	Fungi	Fungi_k	Fungi_k	Fungi_k	Fungi_k	Fungi_k	Fungi_k	k__Fungi; p__Fungi_k; c__Fungi_k; o__Fungi_k; f__Fungi_k; g__Fungi_k; s__Fungi_k	qiime_retained_no_blast_species	No BLAST species-level top hit was available.
ef25c954c06d510896f91b6ee3f9d1aa	Fungi	Fungi_k	Fungi_k	Fungi_k	Fungi_k	Fungi_k	Fungi_k	k__Fungi; p__Fungi_k; c__Fungi_k; o__Fungi_k; f__Fungi_k; g__Fungi_k; s__Fungi_k	qiime_retained_no_blast_species	No BLAST species-level top hit was available.
a536855c690075a22d2f70db5665151c	Fungi	Fungi_k	Fungi_k	Fungi_k	Fungi_k	Fungi_k	Fungi_k	k__Fungi; p__Fungi_k; c__Fungi_k; o__Fungi_k; f__Fungi_k; g__Fungi_k; s__Fungi_k	qiime_retained_no_blast_species	No BLAST species-level top hit was available.
b2d71c8a1835967453bd96a5aecac0d2	Fungi	Fungi_k	Fungi_k	Fungi_k	Fungi_k	Fungi_k	Fungi_k	k__Fungi; p__Fungi_k; c__Fungi_k; o__Fungi_k; f__Fungi_k; g__Fungi_k; s__Fungi_k	qiime_retained_no_blast_species	No BLAST species-level top hit was available.
fe389004a774f698876b52bcd5148b90	Fungi	Ascomycota	Ascomycota_p	Ascomycota_p	Ascomycota_p	Ascomycota_p	Ascomycota_p	k__Fungi; p__Ascomycota; c__Ascomycota_p; o__Ascomycota_p; f__Ascomycota_p; g__Ascomycota_p; s__Ascomycota_p	qiime_retained_ambiguous_blast	BLAST top hit was ambiguous with an exact-score species conflict.
56a66d4f4883495fe6e8252edcc6c71c	Fungi	Fungi_k	Fungi_k	Fungi_k	Fungi_k	Fungi_k	Fungi_k	k__Fungi; p__Fungi_k; c__Fungi_k; o__Fungi_k; f__Fungi_k; g__Fungi_k; s__Fungi_k	qiime_retained_no_blast_species	No BLAST species-level top hit was available.
a0a05fb837d128e0f13ab3295773109e	Fungi	Fungi_k	Fungi_k	Fungi_k	Fungi_k	Fungi_k	Fungi_k	k__Fungi; p__Fungi_k; c__Fungi_k; o__Fungi_k; f__Fungi_k; g__Fungi_k; s__Fungi_k	qiime_retained_no_blast_species	No BLAST species-level top hit was available.
158508c453d93903d315196a844918ef	Fungi	Fungi_k	Fungi_k	Fungi_k	Fungi_k	Fungi_k	Fungi_k	k__Fungi; p__Fungi_k; c__Fungi_k; o__Fungi_k; f__Fungi_k; g__Fungi_k; s__Fungi_k	qiime_retained_no_blast_species	No BLAST species-level top hit was available.
5535856acc809af76ab3ddb22e9e211d	Fungi	Fungi_k	Fungi_k	Fungi_k	Fungi_k	Fungi_k	Fungi_k	k__Fungi; p__Fungi_k; c__Fungi_k; o__Fungi_k; f__Fungi_k; g__Fungi_k; s__Fungi_k	qiime_retained_no_blast_species	No BLAST species-level top hit was available.
9787c7e873499f9e560ca6b6422ce0e8	Fungi	Fungi_k	Fungi_k	Fungi_k	Fungi_k	Fungi_k	Fungi_k	k__Fungi; p__Fungi_k; c__Fungi_k; o__Fungi_k; f__Fungi_k; g__Fungi_k; s__Fungi_k	qiime_retained_no_blast_species	No BLAST species-level top hit was available.
1b7d4ee38520a8d71abb44031eecc577	Fungi	Fungi_k	Fungi_k	Fungi_k	Fungi_k	Fungi_k	Fungi_k	k__Fungi; p__Fungi_k; c__Fungi_k; o__Fungi_k; f__Fungi_k; g__Fungi_k; s__Fungi_k	qiime_retained_no_blast_species	No BLAST species-level top hit was available.
bcfb019abaec65a6eeefd25b4a00e7f3	Fungi	Fungi_k	Fungi_k	Fungi_k	Fungi_k	Fungi_k	Fungi_k	k__Fungi; p__Fungi_k; c__Fungi_k; o__Fungi_k; f__Fungi_k; g__Fungi_k; s__Fungi_k	qiime_retained_ambiguous_blast	BLAST top hit was ambiguous with an exact-score species conflict.
5f75d4aac0231ac26b212754cfe7bc3e	Fungi	Fungi_k	Fungi_k	Fungi_k	Fungi_k	Fungi_k	Fungi_k	k__Fungi; p__Fungi_k; c__Fungi_k; o__Fungi_k; f__Fungi_k; g__Fungi_k; s__Fungi_k	qiime_retained_no_blast_species	No BLAST species-level top hit was available.
6a84d445d0bc5b70a398f6fdf01eb66f	Fungi	Ascomycota	Ascomycota_p	Ascomycota_p	Ascomycota_p	Ascomycota_p	Ascomycota_p	k__Fungi; p__Ascomycota; c__Ascomycota_p; o__Ascomycota_p; f__Ascomycota_p; g__Ascomycota_p; s__Ascomycota_p	qiime_retained_no_blast_species	No BLAST species-level top hit was available.
299858db667f2d7fa90d17f8f1e54be0	Fungi	Fungi_k	Fungi_k	Fungi_k	Fungi_k	Fungi_k	Fungi_k	k__Fungi; p__Fungi_k; c__Fungi_k; o__Fungi_k; f__Fungi_k; g__Fungi_k; s__Fungi_k	qiime_retained_no_blast_species	No BLAST species-level top hit was available.
161c64a00b60cab9cd570cec0be8db0a	Fungi	Fungi_k	Fungi_k	Fungi_k	Fungi_k	Fungi_k	Fungi_k	k__Fungi; p__Fungi_k; c__Fungi_k; o__Fungi_k; f__Fungi_k; g__Fungi_k; s__Fungi_k	qiime_retained_no_blast_species	No BLAST species-level top hit was available.
708ed5611c17651ff5806fa18df950fa	Fungi	Ascomycota	Ascomycota_p	Ascomycota_p	Ascomycota_p	Ascomycota_p	Ascomycota_p	k__Fungi; p__Ascomycota; c__Ascomycota_p; o__Ascomycota_p; f__Ascomycota_p; g__Ascomycota_p; s__Ascomycota_p	qiime_retained_no_blast_species	No BLAST species-level top hit was available.
36a7dafd8a4806c2f7c373b5c9916b22	Fungi	Fungi_k	Fungi_k	Fungi_k	Fungi_k	Fungi_k	Fungi_k	k__Fungi; p__Fungi_k; c__Fungi_k; o__Fungi_k; f__Fungi_k; g__Fungi_k; s__Fungi_k	qiime_retained_no_blast_species	No BLAST species-level top hit was available.
3039df4ad5007ae4944976c043d3d432	Fungi	Fungi_k	Fungi_k	Fungi_k	Fungi_k	Fungi_k	Fungi_k	k__Fungi; p__Fungi_k; c__Fungi_k; o__Fungi_k; f__Fungi_k; g__Fungi_k; s__Fungi_k	qiime_retained_no_blast_species	No BLAST species-level top hit was available.
66b54e2a443f697f121c66c80dc95df9	Fungi	Ascomycota	Saccharomycetes	Saccharomycetales	Saccharomycetaceae	Nakaseomyces	Nakaseomyces_glabratus	k__Fungi; p__Ascomycota; c__Saccharomycetes; o__Saccharomycetales; f__Saccharomycetaceae; g__Nakaseomyces; s__Nakaseomyces_glabratus	blast_species_replaced_high_confidence	BLAST species passed high-confidence replacement cutoffs. Genus concordance was not required.
6b364ee32451dd49784a71f534ef2bae	Fungi	Ascomycota	Eurotiomycetes	Eurotiales	Aspergillaceae	Aspergillaceae_f	Aspergillaceae_f	k__Fungi; p__Ascomycota; c__Eurotiomycetes; o__Eurotiales; f__Aspergillaceae; g__Aspergillaceae_f; s__Aspergillaceae_f	qiime_retained_ambiguous_blast	BLAST top hit was ambiguous with an exact-score species conflict.
1458c99c0a4aa2958f73d7262165066a	Fungi	Ascomycota	Ascomycota_p	Ascomycota_p	Ascomycota_p	Ascomycota_p	Ascomycota_p	k__Fungi; p__Ascomycota; c__Ascomycota_p; o__Ascomycota_p; f__Ascomycota_p; g__Ascomycota_p; s__Ascomycota_p	qiime_retained_ambiguous_blast	BLAST top hit was ambiguous with an exact-score species conflict.
e2b964f9c965bdcdf26553e425dbd793	Fungi	Fungi_k	Fungi_k	Fungi_k	Fungi_k	Fungi_k	Fungi_k	k__Fungi; p__Fungi_k; c__Fungi_k; o__Fungi_k; f__Fungi_k; g__Fungi_k; s__Fungi_k	qiime_retained_no_blast_species	No BLAST species-level top hit was available.
8965aa6d2863f5cb3cd73c6b457b8c10	Fungi	Fungi_k	Fungi_k	Fungi_k	Fungi_k	Fungi_k	Fungi_k	k__Fungi; p__Fungi_k; c__Fungi_k; o__Fungi_k; f__Fungi_k; g__Fungi_k; s__Fungi_k	qiime_retained_no_blast_species	No BLAST species-level top hit was available.
88d9e26258cbe6803242c238c2455096	Fungi	Basidiomycota	Tremellomycetes	Tremellales	Cryptococcaceae	Cryptococcus	Cryptococcus_neoformans	k__Fungi; p__Basidiomycota; c__Tremellomycetes; o__Tremellales; f__Cryptococcaceae; g__Cryptococcus; s__Cryptococcus_neoformans	blast_species_replaced_high_confidence	BLAST species passed high-confidence replacement cutoffs. Genus concordance was not required.
dbd506df66b81dcdb231c7b21f39140b	Fungi	Basidiomycota	Agaricomycetes	Polyporales	Meruliaceae	Phlebia	Phlebia_acerina	k__Fungi; p__Basidiomycota; c__Agaricomycetes; o__Polyporales; f__Meruliaceae; g__Phlebia; s__Phlebia_acerina	qiime_retained_no_blast_species	No BLAST species-level top hit was available.
c9a08cedfce3e1d4e0167bcd82f1eed8	Fungi	Fungi_k	Fungi_k	Fungi_k	Fungi_k	Fungi_k	Fungi_k	k__Fungi; p__Fungi_k; c__Fungi_k; o__Fungi_k; f__Fungi_k; g__Fungi_k; s__Fungi_k	qiime_retained_no_blast_species	No BLAST species-level top hit was available.
d1e17b274ba99de355a3817e54d6236e	Fungi	Basidiomycota	Agaricomycetes	Russulales	Stereaceae	Stereaceae_f	Stereaceae_f	k__Fungi; p__Basidiomycota; c__Agaricomycetes; o__Russulales; f__Stereaceae; g__Stereaceae_f; s__Stereaceae_f	qiime_retained_no_blast_species	No BLAST species-level top hit was available.
5e1d83eccf923b1343d8824231f1bbe1	Fungi	Fungi_k	Fungi_k	Fungi_k	Fungi_k	Fungi_k	Fungi_k	k__Fungi; p__Fungi_k; c__Fungi_k; o__Fungi_k; f__Fungi_k; g__Fungi_k; s__Fungi_k	qiime_retained_no_blast_species	No BLAST species-level top hit was available.
43071ca5a252d644aa64b30a517cdb84	Fungi	Basidiomycota	Tremellomycetes	Tremellales	Bulleribasidiaceae	Hannaella	Hannaella_oryzae	k__Fungi; p__Basidiomycota; c__Tremellomycetes; o__Tremellales; f__Bulleribasidiaceae; g__Hannaella; s__Hannaella_oryzae	blast_species_replaced_high_confidence	BLAST species passed high-confidence replacement cutoffs. Genus concordance was not required.
5cf5a5092050bcd623fa6eb69cef27bc	Fungi	Ascomycota	Leotiomycetes	Helotiales	Helotiales_o	Helotiales_o	Helotiales_o	k__Fungi; p__Ascomycota; c__Leotiomycetes; o__Helotiales; f__Helotiales_o; g__Helotiales_o; s__Helotiales_o	qiime_retained_no_blast_species	No BLAST species-level top hit was available.
337831ba7d77685699981e28fb64cf23	Fungi	Ascomycota	Ascomycota_p	Ascomycota_p	Ascomycota_p	Ascomycota_p	Ascomycota_p	k__Fungi; p__Ascomycota; c__Ascomycota_p; o__Ascomycota_p; f__Ascomycota_p; g__Ascomycota_p; s__Ascomycota_p	qiime_retained_no_blast_species	No BLAST species-level top hit was available.
eb419687cb6c69004db4a72c323e21f8	Fungi	Fungi_k	Fungi_k	Fungi_k	Fungi_k	Fungi_k	Fungi_k	k__Fungi; p__Fungi_k; c__Fungi_k; o__Fungi_k; f__Fungi_k; g__Fungi_k; s__Fungi_k	qiime_retained_no_blast_species	No BLAST species-level top hit was available.
5028db85c93296a70c563f0a3ef6eeb2	Fungi	Basidiomycota	Agaricomycetes	Polyporales	Meruliaceae	Phlebia	Phlebia_acerina	k__Fungi; p__Basidiomycota; c__Agaricomycetes; o__Polyporales; f__Meruliaceae; g__Phlebia; s__Phlebia_acerina	qiime_retained_no_blast_species	No BLAST species-level top hit was available.
3b19d4888b7cb5cae6d71495a64c1f99	Fungi	Ascomycota	Dothideomycetes	Pleosporales	Phaeosphaeriaceae	Paraphoma	Paraphoma_chrysanthemicola	k__Fungi; p__Ascomycota; c__Dothideomycetes; o__Pleosporales; f__Phaeosphaeriaceae; g__Paraphoma; s__Paraphoma_chrysanthemicola	blast_species_replaced_high_confidence	BLAST species passed high-confidence replacement cutoffs. Genus concordance was not required.
5187486fe872390b9182d5481d070c1e	Fungi	Ascomycota	Dothideomycetes	Pleosporales	Pleosporales_o	Pleosporales_o	Pleosporales_o	k__Fungi; p__Ascomycota; c__Dothideomycetes; o__Pleosporales; f__Pleosporales_o; g__Pleosporales_o; s__Pleosporales_o	qiime_retained_no_blast_species	No BLAST species-level top hit was available.
58b2e2109c1625d12106aa0c3bbdc3d8	Fungi	Fungi_k	Fungi_k	Fungi_k	Fungi_k	Fungi_k	Fungi_k	k__Fungi; p__Fungi_k; c__Fungi_k; o__Fungi_k; f__Fungi_k; g__Fungi_k; s__Fungi_k	qiime_retained_no_blast_species	No BLAST species-level top hit was available.
70c24fbf5a1015511f7eeaa619943c09	Fungi	Fungi_k	Fungi_k	Fungi_k	Fungi_k	Fungi_k	Fungi_k	k__Fungi; p__Fungi_k; c__Fungi_k; o__Fungi_k; f__Fungi_k; g__Fungi_k; s__Fungi_k	qiime_retained_no_blast_species	No BLAST species-level top hit was available.
ccd9b87685ec477410a892a19c6f56e2	Fungi	Ascomycota	Ascomycota_p	Ascomycota_p	Ascomycota_p	Ascomycota_p	Ascomycota_p	k__Fungi; p__Ascomycota; c__Ascomycota_p; o__Ascomycota_p; f__Ascomycota_p; g__Ascomycota_p; s__Ascomycota_p	qiime_retained_no_blast_species	No BLAST species-level top hit was available.
ea97745628171c1b7140643a9f70461e	Fungi	Ascomycota	Ascomycota_p	Ascomycota_p	Ascomycota_p	Ascomycota_p	Ascomycota_p	k__Fungi; p__Ascomycota; c__Ascomycota_p; o__Ascomycota_p; f__Ascomycota_p; g__Ascomycota_p; s__Ascomycota_p	qiime_retained_no_blast_species	No BLAST species-level top hit was available.
bbc5e3ab547288791a3a60ebe42ab10c	Fungi	Fungi_k	Fungi_k	Fungi_k	Fungi_k	Fungi_k	Fungi_k	k__Fungi; p__Fungi_k; c__Fungi_k; o__Fungi_k; f__Fungi_k; g__Fungi_k; s__Fungi_k	qiime_retained_ambiguous_blast	BLAST top hit was ambiguous with an exact-score species conflict.
6d536c0697e3374ffb3ec10414641759	Fungi	Ascomycota	Saccharomycetes	Saccharomycetales	Metschnikowiaceae	Metschnikowia	Metschnikowia_g	k__Fungi; p__Ascomycota; c__Saccharomycetes; o__Saccharomycetales; f__Metschnikowiaceae; g__Metschnikowia; s__Metschnikowia_g	qiime_retained_no_blast_species	No BLAST species-level top hit was available.
3c9ae85851f407a4c95023d2f0cf58be	Fungi	Fungi_k	Fungi_k	Fungi_k	Fungi_k	Fungi_k	Fungi_k	k__Fungi; p__Fungi_k; c__Fungi_k; o__Fungi_k; f__Fungi_k; g__Fungi_k; s__Fungi_k	qiime_retained_no_blast_species	No BLAST species-level top hit was available.
eb56c19be8e5fbe1c2a1ca33be8c1b24	Fungi	Fungi_k	Fungi_k	Fungi_k	Fungi_k	Fungi_k	Fungi_k	k__Fungi; p__Fungi_k; c__Fungi_k; o__Fungi_k; f__Fungi_k; g__Fungi_k; s__Fungi_k	qiime_retained_no_blast_species	No BLAST species-level top hit was available.
cc56f99c558815f04df56c615a4708ea	Fungi	Basidiomycota	Agaricomycetes	Polyporales	Irpicaceae	Irpex	Irpex_hacksungii	k__Fungi; p__Basidiomycota; c__Agaricomycetes; o__Polyporales; f__Irpicaceae; g__Irpex; s__Irpex_hacksungii	qiime_retained_no_blast_species	No BLAST species-level top hit was available.
93ca18c8326c68730665b16f4afc4c27	Fungi	Ascomycota	Dothideomycetes	Pleosporales	Phaeosphaeriaceae	Paraphoma	Paraphoma_pye	k__Fungi; p__Ascomycota; c__Dothideomycetes; o__Pleosporales; f__Phaeosphaeriaceae; g__Paraphoma; s__Paraphoma_pye	blast_species_replaced_high_confidence	BLAST species passed high-confidence replacement cutoffs. Genus concordance was not required.
240d740ef91d43f334788e266d661f7b	Fungi	Basidiomycota	Agaricomycetes	Agaricales	Pluteaceae	Pluteus	Pluteus_g	k__Fungi; p__Basidiomycota; c__Agaricomycetes; o__Agaricales; f__Pluteaceae; g__Pluteus; s__Pluteus_g	qiime_retained_no_blast_species	No BLAST species-level top hit was available.
84b5c1c947a868e466363aca6892af10	Fungi	Ascomycota	Dothideomycetes	Pleosporales	Coniothyriaceae	Coniothyrium	Coniothyrium_sidae	k__Fungi; p__Ascomycota; c__Dothideomycetes; o__Pleosporales; f__Coniothyriaceae; g__Coniothyrium; s__Coniothyrium_sidae	qiime_retained_ambiguous_blast	BLAST top hit was ambiguous with an exact-score species conflict.
b2d80c0c3ae31c0fa0081d4ec7136a6b	Fungi	Fungi_k	Fungi_k	Fungi_k	Fungi_k	Fungi_k	Fungi_k	k__Fungi; p__Fungi_k; c__Fungi_k; o__Fungi_k; f__Fungi_k; g__Fungi_k; s__Fungi_k	qiime_retained_no_blast_species	No BLAST species-level top hit was available.
a8006bd4661f54caf04a33bfd953834d	Fungi	Fungi_k	Fungi_k	Fungi_k	Fungi_k	Fungi_k	Fungi_k	k__Fungi; p__Fungi_k; c__Fungi_k; o__Fungi_k; f__Fungi_k; g__Fungi_k; s__Fungi_k	qiime_retained_no_blast_species	No BLAST species-level top hit was available.
2f43c6a7f9331f447cc24981f1887474	Fungi	Fungi_k	Fungi_k	Fungi_k	Fungi_k	Fungi_k	Fungi_k	k__Fungi; p__Fungi_k; c__Fungi_k; o__Fungi_k; f__Fungi_k; g__Fungi_k; s__Fungi_k	qiime_retained_no_blast_species	No BLAST species-level top hit was available.
034dd71309f0853471154f43bc02abd1	Fungi	Ascomycota	Ascomycota_p	Ascomycota_p	Ascomycota_p	Ascomycota_p	Ascomycota_p	k__Fungi; p__Ascomycota; c__Ascomycota_p; o__Ascomycota_p; f__Ascomycota_p; g__Ascomycota_p; s__Ascomycota_p	qiime_retained_no_blast_species	No BLAST species-level top hit was available.
579ecb5e770eff08feca9199a9d1b0c7	Fungi	Ascomycota	Lecanoromycetes	Lecanorales	Lecanoraceae	Rhizoplaca	Rhizoplaca_novomexicana	k__Fungi; p__Ascomycota; c__Lecanoromycetes; o__Lecanorales; f__Lecanoraceae; g__Rhizoplaca; s__Rhizoplaca_novomexicana	qiime_retained_no_blast_species	No BLAST species-level top hit was available.
d7fc1469409e75228a73f2e6c5a2a3c7	Fungi	Ascomycota	Lecanoromycetes	Lecanoromycetes_c	Lecanoromycetes_c	Lecanoromycetes_c	Lecanoromycetes_c	k__Fungi; p__Ascomycota; c__Lecanoromycetes; o__Lecanoromycetes_c; f__Lecanoromycetes_c; g__Lecanoromycetes_c; s__Lecanoromycetes_c	qiime_retained_no_blast_species	No BLAST species-level top hit was available.
7ec116ba801fe0dd6ad02c5516ba27b6	Fungi	Ascomycota	Ascomycota_p	Ascomycota_p	Ascomycota_p	Ascomycota_p	Ascomycota_p	k__Fungi; p__Ascomycota; c__Ascomycota_p; o__Ascomycota_p; f__Ascomycota_p; g__Ascomycota_p; s__Ascomycota_p	qiime_retained_blast_cutoff_fail	BLAST top hit did not pass species-level replacement cutoffs.
29d62dfd66a91504472270a3fc584aad	Fungi	Ascomycota	Saccharomycetes	Saccharomycetales	Saccharomycetaceae	Saccharomyces	Saccharomyces_g	k__Fungi; p__Ascomycota; c__Saccharomycetes; o__Saccharomycetales; f__Saccharomycetaceae; g__Saccharomyces; s__Saccharomyces_g	qiime_retained_no_blast_species	No BLAST species-level top hit was available.
e43a7fd010f2b357ee8e0655e81440be	Fungi	Fungi_k	Fungi_k	Fungi_k	Fungi_k	Fungi_k	Fungi_k	k__Fungi; p__Fungi_k; c__Fungi_k; o__Fungi_k; f__Fungi_k; g__Fungi_k; s__Fungi_k	qiime_retained_no_blast_species	No BLAST species-level top hit was available.
fbea4bf29a9ade946b3674af59bbdb75	Fungi	Basidiomycota	Agaricomycetes	Hymenochaetales	Hymenochaetaceae	Hymenochaete	Hymenochaete_odontoides	k__Fungi; p__Basidiomycota; c__Agaricomycetes; o__Hymenochaetales; f__Hymenochaetaceae; g__Hymenochaete; s__Hymenochaete_odontoides	qiime_retained_no_blast_species	No BLAST species-level top hit was available.
9a8e760195cd584b7811142a27f29b00	Fungi	Fungi_k	Fungi_k	Fungi_k	Fungi_k	Fungi_k	Fungi_k	k__Fungi; p__Fungi_k; c__Fungi_k; o__Fungi_k; f__Fungi_k; g__Fungi_k; s__Fungi_k	qiime_retained_no_blast_species	No BLAST species-level top hit was available.
b7bfeefde3acfbb774c0c51ff1d9ab5a	Fungi	Ascomycota	Dothideomycetes	Pleosporales	Phaeosphaeriaceae	Phaeosphaeriaceae_f	Phaeosphaeriaceae_f	k__Fungi; p__Ascomycota; c__Dothideomycetes; o__Pleosporales; f__Phaeosphaeriaceae; g__Phaeosphaeriaceae_f; s__Phaeosphaeriaceae_f	qiime_retained_no_blast_species	No BLAST species-level top hit was available.
9a507bbaa2506b564c6ecc67ac11ca51	Fungi	Ascomycota	Dothideomycetes	Pleosporales	Pleosporales_o	Pleosporales_o	Pleosporales_o	k__Fungi; p__Ascomycota; c__Dothideomycetes; o__Pleosporales; f__Pleosporales_o; g__Pleosporales_o; s__Pleosporales_o	qiime_retained_no_blast_species	No BLAST species-level top hit was available.
c9e58beca8becb5fcc7e538ede488f9e	Fungi	Ascomycota	Ascomycota_p	Ascomycota_p	Ascomycota_p	Ascomycota_p	Ascomycota_p	k__Fungi; p__Ascomycota; c__Ascomycota_p; o__Ascomycota_p; f__Ascomycota_p; g__Ascomycota_p; s__Ascomycota_p	qiime_retained_no_blast_species	No BLAST species-level top hit was available.
d67ec88ac6b0a4537d390059cf1dac96	Fungi	Basidiomycota	Basidiomycota_p	Basidiomycota_p	Basidiomycota_p	Basidiomycota_p	Basidiomycota_p	k__Fungi; p__Basidiomycota; c__Basidiomycota_p; o__Basidiomycota_p; f__Basidiomycota_p; g__Basidiomycota_p; s__Basidiomycota_p	qiime_retained_no_blast_species	No BLAST species-level top hit was available.
24d7b4411285b730ba3e4413dd9c2988	Fungi	Basidiomycota	Agaricomycetes	Russulales	Peniophoraceae	Peniophoraceae_f	Peniophoraceae_f	k__Fungi; p__Basidiomycota; c__Agaricomycetes; o__Russulales; f__Peniophoraceae; g__Peniophoraceae_f; s__Peniophoraceae_f	qiime_retained_no_blast_species	No BLAST species-level top hit was available.
6976a055044853c7e68d7943cfd3806a	Fungi	Fungi_k	Fungi_k	Fungi_k	Fungi_k	Fungi_k	Fungi_k	k__Fungi; p__Fungi_k; c__Fungi_k; o__Fungi_k; f__Fungi_k; g__Fungi_k; s__Fungi_k	qiime_retained_no_blast_species	No BLAST species-level top hit was available.
57953a259caf82bc29a84735e0ceb763	Fungi	Fungi_k	Fungi_k	Fungi_k	Fungi_k	Fungi_k	Fungi_k	k__Fungi; p__Fungi_k; c__Fungi_k; o__Fungi_k; f__Fungi_k; g__Fungi_k; s__Fungi_k	qiime_retained_no_blast_species	No BLAST species-level top hit was available.
c3fa753391ecc001d88bbc94b9693dd6	Fungi	Ascomycota	Ascomycota_p	Ascomycota_p	Ascomycota_p	Ascomycota_p	Ascomycota_p	k__Fungi; p__Ascomycota; c__Ascomycota_p; o__Ascomycota_p; f__Ascomycota_p; g__Ascomycota_p; s__Ascomycota_p	qiime_retained_no_blast_species	No BLAST species-level top hit was available.
8c9faa9e15875e19c83d12df14a5a3ff	Fungi	Ascomycota	Ascomycota_p	Ascomycota_p	Ascomycota_p	Ascomycota_p	Ascomycota_p	k__Fungi; p__Ascomycota; c__Ascomycota_p; o__Ascomycota_p; f__Ascomycota_p; g__Ascomycota_p; s__Ascomycota_p	qiime_retained_no_blast_species	No BLAST species-level top hit was available.
ccd031f4267764c6dbee39b62a142b1b	Fungi	Fungi_k	Fungi_k	Fungi_k	Fungi_k	Fungi_k	Fungi_k	k__Fungi; p__Fungi_k; c__Fungi_k; o__Fungi_k; f__Fungi_k; g__Fungi_k; s__Fungi_k	qiime_retained_no_blast_species	No BLAST species-level top hit was available.
a810f4bd2f53d48fc7f37e94bf363fc4	Fungi	Fungi_k	Fungi_k	Fungi_k	Fungi_k	Fungi_k	Fungi_k	k__Fungi; p__Fungi_k; c__Fungi_k; o__Fungi_k; f__Fungi_k; g__Fungi_k; s__Fungi_k	qiime_retained_no_blast_species	No BLAST species-level top hit was available.
d30bd92498a8cd6f581788d3c914949d	Fungi	Ascomycota	Eurotiomycetes	Eurotiales	Aspergillaceae	Penicillium	Penicillium_g	k__Fungi; p__Ascomycota; c__Eurotiomycetes; o__Eurotiales; f__Aspergillaceae; g__Penicillium; s__Penicillium_g	qiime_retained_no_blast_species	No BLAST species-level top hit was available.
94c0d2deeddd5f1e709b971ddca5b96f	Fungi	Ascomycota	Ascomycota_p	Ascomycota_p	Ascomycota_p	Ascomycota_p	Ascomycota_p	k__Fungi; p__Ascomycota; c__Ascomycota_p; o__Ascomycota_p; f__Ascomycota_p; g__Ascomycota_p; s__Ascomycota_p	qiime_retained_ambiguous_blast	BLAST top hit was ambiguous with an exact-score species conflict.
94dddfcdc76df2a1fd9cc9fef269a37a	Fungi	Basidiomycota	Agaricomycetes	Auriculariales	Auriculariaceae	Exidia	Exidia_uvapassa	k__Fungi; p__Basidiomycota; c__Agaricomycetes; o__Auriculariales; f__Auriculariaceae; g__Exidia; s__Exidia_uvapassa	qiime_retained_no_blast_species	No BLAST species-level top hit was available.
3ee47f1d98e4915c5a3a26a8c46c4890	Fungi	Basidiomycota	Agaricomycetes	Russulales	Peniophoraceae	Peniophoraceae_f	Peniophoraceae_f	k__Fungi; p__Basidiomycota; c__Agaricomycetes; o__Russulales; f__Peniophoraceae; g__Peniophoraceae_f; s__Peniophoraceae_f	qiime_retained_no_blast_species	No BLAST species-level top hit was available.
6d5d5e8e8195643d12ad9f89722821ba	Fungi	Ascomycota	Dothideomycetes	Pleosporales	Periconiaceae	Periconia	Periconia_celtidis	k__Fungi; p__Ascomycota; c__Dothideomycetes; o__Pleosporales; f__Periconiaceae; g__Periconia; s__Periconia_celtidis	blast_species_replaced_high_confidence	BLAST species passed high-confidence replacement cutoffs. Genus concordance was not required.
d6cc98cce9c2687e7e03206bda7d9f64	Fungi	Basidiomycota	Agaricomycetes	Russulales	Peniophoraceae	Peniophoraceae_f	Peniophoraceae_f	k__Fungi; p__Basidiomycota; c__Agaricomycetes; o__Russulales; f__Peniophoraceae; g__Peniophoraceae_f; s__Peniophoraceae_f	qiime_retained_no_blast_species	No BLAST species-level top hit was available.
4f6650e0c14cacd7abd09857e6585ff4	Fungi	Basidiomycota	Basidiomycota_p	Basidiomycota_p	Basidiomycota_p	Basidiomycota_p	Basidiomycota_p	k__Fungi; p__Basidiomycota; c__Basidiomycota_p; o__Basidiomycota_p; f__Basidiomycota_p; g__Basidiomycota_p; s__Basidiomycota_p	qiime_retained_no_blast_species	No BLAST species-level top hit was available.
ccf3654d7cb955da43f548b2d4a6463a	Fungi	Basidiomycota	Agaricomycetes	Hymenochaetales	Schizoporaceae	Xylodon	Xylodon_muchuanensis	k__Fungi; p__Basidiomycota; c__Agaricomycetes; o__Hymenochaetales; f__Schizoporaceae; g__Xylodon; s__Xylodon_muchuanensis	blast_species_replaced_high_confidence	BLAST species passed high-confidence replacement cutoffs. Genus concordance was not required.
1540d97c8f1d072ae65b7a4c33585746	Fungi	Ascomycota	Leotiomycetes	Thelebolales	Thelebolaceae	Thelebolus	Thelebolus_g	k__Fungi; p__Ascomycota; c__Leotiomycetes; o__Thelebolales; f__Thelebolaceae; g__Thelebolus; s__Thelebolus_g	qiime_retained_no_blast_species	No BLAST species-level top hit was available.
7332820fcc90af10ffa68c99d5c2d874	Fungi	Ascomycota	Ascomycota_p	Ascomycota_p	Ascomycota_p	Ascomycota_p	Ascomycota_p	k__Fungi; p__Ascomycota; c__Ascomycota_p; o__Ascomycota_p; f__Ascomycota_p; g__Ascomycota_p; s__Ascomycota_p	qiime_retained_no_blast_species	No BLAST species-level top hit was available.
6e82328c42ba7c3e6116b76beafea40d	Fungi	Fungi_k	Fungi_k	Fungi_k	Fungi_k	Fungi_k	Fungi_k	k__Fungi; p__Fungi_k; c__Fungi_k; o__Fungi_k; f__Fungi_k; g__Fungi_k; s__Fungi_k	qiime_retained_no_blast_species	No BLAST species-level top hit was available.
05b496404be4e237c87028a88f649e1a	Fungi	Ascomycota	Ascomycota_p	Ascomycota_p	Ascomycota_p	Ascomycota_p	Ascomycota_p	k__Fungi; p__Ascomycota; c__Ascomycota_p; o__Ascomycota_p; f__Ascomycota_p; g__Ascomycota_p; s__Ascomycota_p	qiime_retained_no_blast_species	No BLAST species-level top hit was available.
bfd09568df5b64763bb30e17f8d02f3c	Fungi	Fungi_k	Fungi_k	Fungi_k	Fungi_k	Fungi_k	Fungi_k	k__Fungi; p__Fungi_k; c__Fungi_k; o__Fungi_k; f__Fungi_k; g__Fungi_k; s__Fungi_k	qiime_retained_no_blast_species	No BLAST species-level top hit was available.
0fb48a8ab7edb9fc5d7e0721fd6a71ed	Fungi	Fungi_k	Fungi_k	Fungi_k	Fungi_k	Fungi_k	Fungi_k	k__Fungi; p__Fungi_k; c__Fungi_k; o__Fungi_k; f__Fungi_k; g__Fungi_k; s__Fungi_k	qiime_retained_no_blast_species	No BLAST species-level top hit was available.
dd36eed9b61d37d408572443dac7a3cd	Fungi	Fungi_k	Fungi_k	Fungi_k	Fungi_k	Fungi_k	Fungi_k	k__Fungi; p__Fungi_k; c__Fungi_k; o__Fungi_k; f__Fungi_k; g__Fungi_k; s__Fungi_k	qiime_retained_no_blast_species	No BLAST species-level top hit was available.
ab224c39466ee6d32bd0cb957ff3bf07	Fungi	Ascomycota	Eurotiomycetes	Eurotiales	Aspergillaceae	Aspergillus	Aspergillus_fumigatus	k__Fungi; p__Ascomycota; c__Eurotiomycetes; o__Eurotiales; f__Aspergillaceae; g__Aspergillus; s__Aspergillus_fumigatus	blast_species_replaced_high_confidence	BLAST species passed high-confidence replacement cutoffs. Genus concordance was not required.
b407c9e0ae8d92182c419ee74b4da114	Fungi	Fungi_k	Fungi_k	Fungi_k	Fungi_k	Fungi_k	Fungi_k	k__Fungi; p__Fungi_k; c__Fungi_k; o__Fungi_k; f__Fungi_k; g__Fungi_k; s__Fungi_k	qiime_retained_no_blast_species	No BLAST species-level top hit was available.
1c8aea5d6f2451aac5a804b66803af1e	Fungi	Fungi_k	Fungi_k	Fungi_k	Fungi_k	Fungi_k	Fungi_k	k__Fungi; p__Fungi_k; c__Fungi_k; o__Fungi_k; f__Fungi_k; g__Fungi_k; s__Fungi_k	qiime_retained_no_blast_species	No BLAST species-level top hit was available.
4d1c9fd884a315a755aa7c59427b2d62	Fungi	Basidiomycota	Agaricomycetes	Polyporales	Phanerochaetaceae	Phanerochaete	Phanerochaete_g	k__Fungi; p__Basidiomycota; c__Agaricomycetes; o__Polyporales; f__Phanerochaetaceae; g__Phanerochaete; s__Phanerochaete_g	qiime_retained_no_blast_species	No BLAST species-level top hit was available.
6e0e8ddf7043ec51d326dff163480dc7	Fungi	Ascomycota	Dothideomycetes	Pleosporales	Phaeosphaeriaceae	Neosetophoma	Neosetophoma_guiyangensis	k__Fungi; p__Ascomycota; c__Dothideomycetes; o__Pleosporales; f__Phaeosphaeriaceae; g__Neosetophoma; s__Neosetophoma_guiyangensis	qiime_retained_no_blast_species	No BLAST species-level top hit was available.
f3668a5d3a3b9ae5ec04a62d6b276380	Fungi	Ascomycota	Ascomycota_p	Ascomycota_p	Ascomycota_p	Ascomycota_p	Ascomycota_p	k__Fungi; p__Ascomycota; c__Ascomycota_p; o__Ascomycota_p; f__Ascomycota_p; g__Ascomycota_p; s__Ascomycota_p	qiime_retained_no_blast_species	No BLAST species-level top hit was available.
3ca224352821ab4798e0ab4bb73ab267	Fungi	Basidiomycota	Agaricomycetes	Polyporales	Meruliaceae	Mycoaciella	Mycoaciella_efibulata	k__Fungi; p__Basidiomycota; c__Agaricomycetes; o__Polyporales; f__Meruliaceae; g__Mycoaciella; s__Mycoaciella_efibulata	blast_species_replaced_high_confidence	BLAST species passed high-confidence replacement cutoffs. Genus concordance was not required.
4829c7cee3b18ec5924817979293801f	Fungi	Basidiomycota	Agaricomycetes	Cantharellales	Hydnaceae	Sistotrema	Sistotrema_brinkmannii	k__Fungi; p__Basidiomycota; c__Agaricomycetes; o__Cantharellales; f__Hydnaceae; g__Sistotrema; s__Sistotrema_brinkmannii	qiime_retained_no_blast_species	No BLAST species-level top hit was available.
397362a873a8f2418d7c6e6697262abc	Fungi	Basidiomycota	Agaricomycetes	Agaricales	Agaricales_o	Agaricales_o	Agaricales_o	k__Fungi; p__Basidiomycota; c__Agaricomycetes; o__Agaricales; f__Agaricales_o; g__Agaricales_o; s__Agaricales_o	qiime_retained_no_blast_species	No BLAST species-level top hit was available.
b0ae62f3189358ff6ca6e936a7f09b21	Fungi	Basidiomycota	Agaricomycetes	Polyporales	Polyporaceae	Trametes	Trametes_hirsuta	k__Fungi; p__Basidiomycota; c__Agaricomycetes; o__Polyporales; f__Polyporaceae; g__Trametes; s__Trametes_hirsuta	qiime_retained_no_blast_species	No BLAST species-level top hit was available.
c7e72cd68f619fbd50765269dd08f1d2	Fungi	Basidiomycota	Agaricomycetes	Polyporales	Steccherinaceae	Butyrea	Butyrea_japonica	k__Fungi; p__Basidiomycota; c__Agaricomycetes; o__Polyporales; f__Steccherinaceae; g__Butyrea; s__Butyrea_japonica	qiime_retained_no_blast_species	No BLAST species-level top hit was available.
c12e357adf22e7dfbf24ddb92f3e037b	Fungi	Ascomycota	Dothideomycetes	Pleosporales	Phaeosphaeriaceae	Leptospora	Leptospora_g	k__Fungi; p__Ascomycota; c__Dothideomycetes; o__Pleosporales; f__Phaeosphaeriaceae; g__Leptospora; s__Leptospora_g	qiime_retained_no_blast_species	No BLAST species-level top hit was available.
a5fb812775e585a48c8358419981538a	Fungi	Basidiomycota	Agaricomycetes	Polyporales	Meruliaceae	Scopuloides	Scopuloides_g	k__Fungi; p__Basidiomycota; c__Agaricomycetes; o__Polyporales; f__Meruliaceae; g__Scopuloides; s__Scopuloides_g	qiime_retained_no_blast_species	No BLAST species-level top hit was available.
ef16d0695cbd2892a71d4e49c28bd4ea	Fungi	Basidiomycota	Agaricomycetes	Polyporales	Polyporaceae	Trametes	Trametes_hirsuta	k__Fungi; p__Basidiomycota; c__Agaricomycetes; o__Polyporales; f__Polyporaceae; g__Trametes; s__Trametes_hirsuta	qiime_retained_no_blast_species	No BLAST species-level top hit was available.
59e39ce5b0fa28367628aaac73e3ace5	Fungi	Fungi_k	Fungi_k	Fungi_k	Fungi_k	Fungi_k	Fungi_k	k__Fungi; p__Fungi_k; c__Fungi_k; o__Fungi_k; f__Fungi_k; g__Fungi_k; s__Fungi_k	qiime_retained_no_blast_species	No BLAST species-level top hit was available.
a8667283551f577f6feb70486539d8d1	Fungi	Ascomycota	Ascomycota_p	Ascomycota_p	Ascomycota_p	Ascomycota_p	Ascomycota_p	k__Fungi; p__Ascomycota; c__Ascomycota_p; o__Ascomycota_p; f__Ascomycota_p; g__Ascomycota_p; s__Ascomycota_p	qiime_retained_no_blast_species	No BLAST species-level top hit was available.
9ab532e02e09a25a4e7fc6d767fa9aa1	Fungi	Fungi_k	Fungi_k	Fungi_k	Fungi_k	Fungi_k	Fungi_k	k__Fungi; p__Fungi_k; c__Fungi_k; o__Fungi_k; f__Fungi_k; g__Fungi_k; s__Fungi_k	qiime_retained_no_blast_species	No BLAST species-level top hit was available.
cc654ac138d65ef720d9e6927b4275cf	Fungi	Ascomycota	Ascomycota_p	Ascomycota_p	Ascomycota_p	Ascomycota_p	Ascomycota_p	k__Fungi; p__Ascomycota; c__Ascomycota_p; o__Ascomycota_p; f__Ascomycota_p; g__Ascomycota_p; s__Ascomycota_p	qiime_retained_no_blast_species	No BLAST species-level top hit was available.
e7d607347edf89506f50e84573edc326	Fungi	Ascomycota	Ascomycota_p	Ascomycota_p	Ascomycota_p	Ascomycota_p	Ascomycota_p	k__Fungi; p__Ascomycota; c__Ascomycota_p; o__Ascomycota_p; f__Ascomycota_p; g__Ascomycota_p; s__Ascomycota_p	qiime_retained_no_blast_species	No BLAST species-level top hit was available.
9382063e0b2044656cf90225daa688cc	Fungi	Ascomycota	Ascomycota_p	Ascomycota_p	Ascomycota_p	Ascomycota_p	Ascomycota_p	k__Fungi; p__Ascomycota; c__Ascomycota_p; o__Ascomycota_p; f__Ascomycota_p; g__Ascomycota_p; s__Ascomycota_p	qiime_retained_no_blast_species	No BLAST species-level top hit was available.
1f918dc743f502eb0290572adf274b34	Fungi	Fungi_k	Fungi_k	Fungi_k	Fungi_k	Fungi_k	Fungi_k	k__Fungi; p__Fungi_k; c__Fungi_k; o__Fungi_k; f__Fungi_k; g__Fungi_k; s__Fungi_k	qiime_retained_no_blast_species	No BLAST species-level top hit was available.
4951881ce90885c4c3b8b071badab83f	Fungi	Fungi_k	Fungi_k	Fungi_k	Fungi_k	Fungi_k	Fungi_k	k__Fungi; p__Fungi_k; c__Fungi_k; o__Fungi_k; f__Fungi_k; g__Fungi_k; s__Fungi_k	qiime_retained_no_blast_species	No BLAST species-level top hit was available.
43f18b9991f72cfc8bf12cbd1b48c96b	Fungi	Fungi_k	Fungi_k	Fungi_k	Fungi_k	Fungi_k	Fungi_k	k__Fungi; p__Fungi_k; c__Fungi_k; o__Fungi_k; f__Fungi_k; g__Fungi_k; s__Fungi_k	qiime_retained_no_blast_species	No BLAST species-level top hit was available.
1b2e8a0293b43f376c41093828fde254	Fungi	Basidiomycota	Agaricomycetes	Polyporales	Polyporaceae	Trametes	Trametes_versicolor	k__Fungi; p__Basidiomycota; c__Agaricomycetes; o__Polyporales; f__Polyporaceae; g__Trametes; s__Trametes_versicolor	qiime_retained_no_blast_species	No BLAST species-level top hit was available.
b7961057390a6c976529ef24c7f377f3	Fungi	Fungi_k	Fungi_k	Fungi_k	Fungi_k	Fungi_k	Fungi_k	k__Fungi; p__Fungi_k; c__Fungi_k; o__Fungi_k; f__Fungi_k; g__Fungi_k; s__Fungi_k	qiime_retained_no_blast_species	No BLAST species-level top hit was available.
61645f9cde6903edbbd03f5235efd2d1	Fungi	Basidiomycota	Agaricomycetes	Agaricales	Pleurotaceae	Pleurotus	Pleurotus_ostreatus	k__Fungi; p__Basidiomycota; c__Agaricomycetes; o__Agaricales; f__Pleurotaceae; g__Pleurotus; s__Pleurotus_ostreatus	blast_species_replaced_high_confidence	BLAST species passed high-confidence replacement cutoffs. Genus concordance was not required.
ab4ff24c6768499d28626cb4e300616a	Fungi	Basidiomycota	Agaricomycetes	Polyporales	Meruliaceae	Mycoaciella	Mycoaciella_efibulata	k__Fungi; p__Basidiomycota; c__Agaricomycetes; o__Polyporales; f__Meruliaceae; g__Mycoaciella; s__Mycoaciella_efibulata	blast_species_replaced_high_confidence	BLAST species passed high-confidence replacement cutoffs. Genus concordance was not required.
4b3032f1ababa735f461201a632784c8	Fungi	Basidiomycota	Agaricomycetes	Polyporales	Meruliaceae	Phlebia	Phlebia_acanthocystis	k__Fungi; p__Basidiomycota; c__Agaricomycetes; o__Polyporales; f__Meruliaceae; g__Phlebia; s__Phlebia_acanthocystis	qiime_retained_no_blast_species	No BLAST species-level top hit was available.
fa6042518061af83ea6007686638c607	Fungi	Fungi_k	Fungi_k	Fungi_k	Fungi_k	Fungi_k	Fungi_k	k__Fungi; p__Fungi_k; c__Fungi_k; o__Fungi_k; f__Fungi_k; g__Fungi_k; s__Fungi_k	qiime_retained_no_blast_species	No BLAST species-level top hit was available.
0f360b09103c67271c91a7874e444b09	Fungi	Basidiomycota	Agaricomycetes	Russulales	Hericiaceae	Dentipellis	Dentipellis_fragilis	k__Fungi; p__Basidiomycota; c__Agaricomycetes; o__Russulales; f__Hericiaceae; g__Dentipellis; s__Dentipellis_fragilis	qiime_retained_no_blast_species	No BLAST species-level top hit was available.
679ca3aecfbd02b0d7659b6327a70872	Fungi	Ascomycota	Ascomycota_p	Ascomycota_p	Ascomycota_p	Ascomycota_p	Ascomycota_p	k__Fungi; p__Ascomycota; c__Ascomycota_p; o__Ascomycota_p; f__Ascomycota_p; g__Ascomycota_p; s__Ascomycota_p	qiime_retained_no_blast_species	No BLAST species-level top hit was available.
16703d0a4083f43db27f62158cbd405a	Fungi	Ascomycota	Dothideomycetes	Pleosporales	Phaeosphaeriaceae	Ophiosphaerella	Ophiosphaerella_chiangraiensis	k__Fungi; p__Ascomycota; c__Dothideomycetes; o__Pleosporales; f__Phaeosphaeriaceae; g__Ophiosphaerella; s__Ophiosphaerella_chiangraiensis	qiime_retained_no_blast_species	No BLAST species-level top hit was available.
fed98bc28374334a8e2df19c0ed70b46	Fungi	Basidiomycota	Agaricomycetes	Russulales	Peniophoraceae	Peniophoraceae_f	Peniophoraceae_f	k__Fungi; p__Basidiomycota; c__Agaricomycetes; o__Russulales; f__Peniophoraceae; g__Peniophoraceae_f; s__Peniophoraceae_f	qiime_retained_no_blast_species	No BLAST species-level top hit was available.
c7ddb05d44bb0ae81e055fa6ff76c7ad	Fungi	Basidiomycota	Agaricomycetes	Polyporales	Phanerochaetaceae	Phanerochaete	Phanerochaete_cumulodentata	k__Fungi; p__Basidiomycota; c__Agaricomycetes; o__Polyporales; f__Phanerochaetaceae; g__Phanerochaete; s__Phanerochaete_cumulodentata	qiime_retained_no_blast_species	No BLAST species-level top hit was available.
88be853cbd81bb124d987055745dd220	Fungi	Basidiomycota	Agaricomycetes	Trechisporales	Trechisporales_o	Trechisporales_o	Trechisporales_o	k__Fungi; p__Basidiomycota; c__Agaricomycetes; o__Trechisporales; f__Trechisporales_o; g__Trechisporales_o; s__Trechisporales_o	qiime_retained_no_blast_species	No BLAST species-level top hit was available.
f1997867c1a1b8dbf76c227712592c2b	Fungi	Basidiomycota	Agaricomycetes	Polyporales	Meruliaceae	Mycoaciella	Mycoaciella_efibulata	k__Fungi; p__Basidiomycota; c__Agaricomycetes; o__Polyporales; f__Meruliaceae; g__Mycoaciella; s__Mycoaciella_efibulata	qiime_retained_no_blast_species	No BLAST species-level top hit was available.
224d56ff798feaccbf5f4ce5eaf3ded3	Fungi	Basidiomycota	Agaricomycetes	Russulales	Stereaceae	Stereaceae_f	Stereaceae_f	k__Fungi; p__Basidiomycota; c__Agaricomycetes; o__Russulales; f__Stereaceae; g__Stereaceae_f; s__Stereaceae_f	qiime_retained_no_blast_species	No BLAST species-level top hit was available.
b26396e1664e227b62d104f34fd92b40	Fungi	Basidiomycota	Agaricomycetes	Polyporales	Hyphodermataceae	Hyphoderma	Hyphoderma_mopanshanense	k__Fungi; p__Basidiomycota; c__Agaricomycetes; o__Polyporales; f__Hyphodermataceae; g__Hyphoderma; s__Hyphoderma_mopanshanense	blast_species_replaced_high_confidence	BLAST species passed high-confidence replacement cutoffs. Genus concordance was not required.
6ff253a77431f16f031f09943020be98	Fungi	Basidiomycota	Agaricomycetes	Polyporales	Polyporales_o	Polyporales_o	Polyporales_o	k__Fungi; p__Basidiomycota; c__Agaricomycetes; o__Polyporales; f__Polyporales_o; g__Polyporales_o; s__Polyporales_o	qiime_retained_no_blast_species	No BLAST species-level top hit was available.
f948e144edae90d5a6361cefa3a96d1e	Fungi	Basidiomycota	Agaricomycetes	Russulales	Peniophoraceae	Peniophoraceae_f	Peniophoraceae_f	k__Fungi; p__Basidiomycota; c__Agaricomycetes; o__Russulales; f__Peniophoraceae; g__Peniophoraceae_f; s__Peniophoraceae_f	qiime_retained_no_blast_species	No BLAST species-level top hit was available.
a554710d9573066da22c4a4f87f01d3a	Fungi	Basidiomycota	Agaricomycetes	Agaricales	Entolomataceae	Clitopilus	Clitopilus_baronii	k__Fungi; p__Basidiomycota; c__Agaricomycetes; o__Agaricales; f__Entolomataceae; g__Clitopilus; s__Clitopilus_baronii	qiime_retained_no_blast_species	No BLAST species-level top hit was available.
dedfb065825f7af0f11dc63cd4a5b596	Fungi	Fungi_k	Fungi_k	Fungi_k	Fungi_k	Fungi_k	Fungi_k	k__Fungi; p__Fungi_k; c__Fungi_k; o__Fungi_k; f__Fungi_k; g__Fungi_k; s__Fungi_k	qiime_retained_no_blast_species	No BLAST species-level top hit was available.
8abbc3706d83fc336ad674b159566a26	Fungi	Ascomycota	Sordariomycetes	Diaporthales	Gnomoniaceae	Ophiognomonia	Ophiognomonia_asiatica	k__Fungi; p__Ascomycota; c__Sordariomycetes; o__Diaporthales; f__Gnomoniaceae; g__Ophiognomonia; s__Ophiognomonia_asiatica	qiime_retained_blast_cutoff_fail	BLAST top hit did not pass species-level replacement cutoffs.
17952accf0a19bde02e3576f0b21a02f	Fungi	Ascomycota	Dothideomycetes	Pleosporales	Phaeosphaeriaceae	Paraphoma	Paraphoma_pye	k__Fungi; p__Ascomycota; c__Dothideomycetes; o__Pleosporales; f__Phaeosphaeriaceae; g__Paraphoma; s__Paraphoma_pye	blast_species_replaced_high_confidence	BLAST species passed high-confidence replacement cutoffs. Genus concordance was not required.
cc572ce0686826cfa6fa0474048bea08	Fungi	Basidiomycota	Agaricomycetes	Polyporales	Phanerochaetaceae	Phlebiopsis	Phlebiopsis_odontoidea	k__Fungi; p__Basidiomycota; c__Agaricomycetes; o__Polyporales; f__Phanerochaetaceae; g__Phlebiopsis; s__Phlebiopsis_odontoidea	blast_species_replaced_high_confidence	BLAST species passed high-confidence replacement cutoffs. Genus concordance was not required.
a0e94e321165b221002d4815536f2eea	Fungi	Basidiomycota	Agaricomycetes	Cantharellales	Ceratobasidiaceae	Ceratobasidium	Ceratobasidium_g	k__Fungi; p__Basidiomycota; c__Agaricomycetes; o__Cantharellales; f__Ceratobasidiaceae; g__Ceratobasidium; s__Ceratobasidium_g	qiime_retained_no_blast_species	No BLAST species-level top hit was available.
ee7eded8ff16d52a1a8b95d1ac582d73	Fungi	Basidiomycota	Agaricomycetes	Hymenochaetales	Schizoporaceae	Xylodon	Xylodon_flaviporus	k__Fungi; p__Basidiomycota; c__Agaricomycetes; o__Hymenochaetales; f__Schizoporaceae; g__Xylodon; s__Xylodon_flaviporus	qiime_retained_no_blast_species	No BLAST species-level top hit was available.
c2e2bbe0f275c3ae873e4c8011264301	Fungi	Fungi_k	Fungi_k	Fungi_k	Fungi_k	Fungi_k	Fungi_k	k__Fungi; p__Fungi_k; c__Fungi_k; o__Fungi_k; f__Fungi_k; g__Fungi_k; s__Fungi_k	qiime_retained_no_blast_species	No BLAST species-level top hit was available.
4bfd955490a13cf9d93564394b8053c5	Fungi	Ascomycota	Ascomycota_p	Ascomycota_p	Ascomycota_p	Ascomycota_p	Ascomycota_p	k__Fungi; p__Ascomycota; c__Ascomycota_p; o__Ascomycota_p; f__Ascomycota_p; g__Ascomycota_p; s__Ascomycota_p	qiime_retained_no_blast_species	No BLAST species-level top hit was available.
c2084f73dc59a63c76060a2d438c90dd	Fungi	Ascomycota	Ascomycota_p	Ascomycota_p	Ascomycota_p	Ascomycota_p	Ascomycota_p	k__Fungi; p__Ascomycota; c__Ascomycota_p; o__Ascomycota_p; f__Ascomycota_p; g__Ascomycota_p; s__Ascomycota_p	qiime_retained_no_blast_species	No BLAST species-level top hit was available.
588b3566dfb1cd5eec4c04e15e8a68e4	Fungi	Fungi_k	Fungi_k	Fungi_k	Fungi_k	Fungi_k	Fungi_k	k__Fungi; p__Fungi_k; c__Fungi_k; o__Fungi_k; f__Fungi_k; g__Fungi_k; s__Fungi_k	qiime_retained_no_blast_species	No BLAST species-level top hit was available.
ff27b8703c571d06a3bb9d893ed7daea	Fungi	Fungi_k	Fungi_k	Fungi_k	Fungi_k	Fungi_k	Fungi_k	k__Fungi; p__Fungi_k; c__Fungi_k; o__Fungi_k; f__Fungi_k; g__Fungi_k; s__Fungi_k	qiime_retained_no_blast_species	No BLAST species-level top hit was available.
31169ddba661462ce73f8c72d905380f	Fungi	Ascomycota	Lecanoromycetes	Lecanoromycetes_c	Lecanoromycetes_c	Lecanoromycetes_c	Lecanoromycetes_c	k__Fungi; p__Ascomycota; c__Lecanoromycetes; o__Lecanoromycetes_c; f__Lecanoromycetes_c; g__Lecanoromycetes_c; s__Lecanoromycetes_c	qiime_retained_no_blast_species	No BLAST species-level top hit was available.
6f44fdcac884f9349154a511f9ec5467	Fungi	Fungi_k	Fungi_k	Fungi_k	Fungi_k	Fungi_k	Fungi_k	k__Fungi; p__Fungi_k; c__Fungi_k; o__Fungi_k; f__Fungi_k; g__Fungi_k; s__Fungi_k	qiime_retained_no_blast_species	No BLAST species-level top hit was available.
e98dc9729afccefe7d09d64fb570d0f7	Fungi	Fungi_k	Fungi_k	Fungi_k	Fungi_k	Fungi_k	Fungi_k	k__Fungi; p__Fungi_k; c__Fungi_k; o__Fungi_k; f__Fungi_k; g__Fungi_k; s__Fungi_k	qiime_retained_no_blast_species	No BLAST species-level top hit was available.
f94cceab17230de007f8fd723ae80e47	Fungi	Ascomycota	Ascomycota_p	Ascomycota_p	Ascomycota_p	Ascomycota_p	Ascomycota_p	k__Fungi; p__Ascomycota; c__Ascomycota_p; o__Ascomycota_p; f__Ascomycota_p; g__Ascomycota_p; s__Ascomycota_p	qiime_retained_no_blast_species	No BLAST species-level top hit was available.
891d74d20e746b1fb0158d4e1d1738cf	Fungi	Fungi_k	Fungi_k	Fungi_k	Fungi_k	Fungi_k	Fungi_k	k__Fungi; p__Fungi_k; c__Fungi_k; o__Fungi_k; f__Fungi_k; g__Fungi_k; s__Fungi_k	qiime_retained_no_blast_species	No BLAST species-level top hit was available.
e56ef4932dbe840d72fbf03dd085350e	Fungi	Fungi_k	Fungi_k	Fungi_k	Fungi_k	Fungi_k	Fungi_k	k__Fungi; p__Fungi_k; c__Fungi_k; o__Fungi_k; f__Fungi_k; g__Fungi_k; s__Fungi_k	qiime_retained_no_blast_species	No BLAST species-level top hit was available.
f6f997289cd3527af5c901a89ed81029	Fungi	Ascomycota	Ascomycota_p	Ascomycota_p	Ascomycota_p	Ascomycota_p	Ascomycota_p	k__Fungi; p__Ascomycota; c__Ascomycota_p; o__Ascomycota_p; f__Ascomycota_p; g__Ascomycota_p; s__Ascomycota_p	qiime_retained_no_blast_species	No BLAST species-level top hit was available.
210606b4fff7f1b545874ba7442c65b1	Fungi	Ascomycota	Ascomycota_p	Ascomycota_p	Ascomycota_p	Ascomycota_p	Ascomycota_p	k__Fungi; p__Ascomycota; c__Ascomycota_p; o__Ascomycota_p; f__Ascomycota_p; g__Ascomycota_p; s__Ascomycota_p	qiime_retained_no_blast_species	No BLAST species-level top hit was available.
75460142a37c38afe494aff9cc6ce051	Fungi	Fungi_k	Fungi_k	Fungi_k	Fungi_k	Fungi_k	Fungi_k	k__Fungi; p__Fungi_k; c__Fungi_k; o__Fungi_k; f__Fungi_k; g__Fungi_k; s__Fungi_k	qiime_retained_no_blast_species	No BLAST species-level top hit was available.
ccd3ca0ed71b6faaaccf15455d97d962	Fungi	Fungi_k	Fungi_k	Fungi_k	Fungi_k	Fungi_k	Fungi_k	k__Fungi; p__Fungi_k; c__Fungi_k; o__Fungi_k; f__Fungi_k; g__Fungi_k; s__Fungi_k	qiime_retained_no_blast_species	No BLAST species-level top hit was available.
aff14a00453aec3e51788b5e8539956b	Fungi	Fungi_k	Fungi_k	Fungi_k	Fungi_k	Fungi_k	Fungi_k	k__Fungi; p__Fungi_k; c__Fungi_k; o__Fungi_k; f__Fungi_k; g__Fungi_k; s__Fungi_k	qiime_retained_no_blast_species	No BLAST species-level top hit was available.
24b8daa5b10dcf42144074fc7fbfb3d6	Fungi	Ascomycota	Ascomycota_p	Ascomycota_p	Ascomycota_p	Ascomycota_p	Ascomycota_p	k__Fungi; p__Ascomycota; c__Ascomycota_p; o__Ascomycota_p; f__Ascomycota_p; g__Ascomycota_p; s__Ascomycota_p	qiime_retained_no_blast_species	No BLAST species-level top hit was available.
127a250c366f54f7a8ff08616edff9c2	Fungi	Fungi_k	Fungi_k	Fungi_k	Fungi_k	Fungi_k	Fungi_k	k__Fungi; p__Fungi_k; c__Fungi_k; o__Fungi_k; f__Fungi_k; g__Fungi_k; s__Fungi_k	qiime_retained_no_blast_species	No BLAST species-level top hit was available.
cca066ec93ac3b58cb278c7a3039a50d	Fungi	Fungi_k	Fungi_k	Fungi_k	Fungi_k	Fungi_k	Fungi_k	k__Fungi; p__Fungi_k; c__Fungi_k; o__Fungi_k; f__Fungi_k; g__Fungi_k; s__Fungi_k	qiime_retained_no_blast_species	No BLAST species-level top hit was available.
1ad0453306a32c66b7332becae773259	Fungi	Ascomycota	Lecanoromycetes	Lecanorales	Lecanoraceae	Rhizoplaca	Rhizoplaca_novomexicana	k__Fungi; p__Ascomycota; c__Lecanoromycetes; o__Lecanorales; f__Lecanoraceae; g__Rhizoplaca; s__Rhizoplaca_novomexicana	qiime_retained_no_blast_species	No BLAST species-level top hit was available.
9c70c6df883ccc8bc958aa9b237f3dcd	Fungi	Ascomycota	Sordariomycetes	Xylariales	Leptosilliaceae	Leptosillia	Leptosillia_cordylinea	k__Fungi; p__Ascomycota; c__Sordariomycetes; o__Xylariales; f__Leptosilliaceae; g__Leptosillia; s__Leptosillia_cordylinea	blast_species_replaced_high_confidence	BLAST species passed high-confidence replacement cutoffs. Genus concordance was not required.
6c1fc4704aa612ba09b1cc742f0c67b2	Fungi	Ascomycota	Pichiomycetes	Pichiales	Pichiaceae	Pichia	Pichia_kudriavzevii	k__Fungi; p__Ascomycota; c__Pichiomycetes; o__Pichiales; f__Pichiaceae; g__Pichia; s__Pichia_kudriavzevii	blast_species_replaced_high_confidence	BLAST species passed high-confidence replacement cutoffs. Genus concordance was not required.
3e386a41fce9acea998443c7cd0b8976	Fungi	Ascomycota	Dothideomycetes	Dothideomycetes_c	Dothideomycetes_c	Dothideomycetes_c	Dothideomycetes_c	k__Fungi; p__Ascomycota; c__Dothideomycetes; o__Dothideomycetes_c; f__Dothideomycetes_c; g__Dothideomycetes_c; s__Dothideomycetes_c	qiime_retained_no_blast_species	No BLAST species-level top hit was available.
b3243e1a3accfd9f8cc3834cc9ca2539	Fungi	Ascomycota	Saccharomycetes	Saccharomycetales	Saccharomycetales_o	Saccharomycetales_o	Saccharomycetales_o	k__Fungi; p__Ascomycota; c__Saccharomycetes; o__Saccharomycetales; f__Saccharomycetales_o; g__Saccharomycetales_o; s__Saccharomycetales_o	qiime_retained_no_blast_species	No BLAST species-level top hit was available.
38b1cb46f1899335c80c5e172caaf2c2	Fungi	Basidiomycota	Agaricomycetes	Agaricales	Schizophyllaceae	Schizophyllum	Schizophyllum_commune	k__Fungi; p__Basidiomycota; c__Agaricomycetes; o__Agaricales; f__Schizophyllaceae; g__Schizophyllum; s__Schizophyllum_commune	qiime_retained_no_blast_species	No BLAST species-level top hit was available.
ab861263ab8cf4788c4354708ba995e6	Fungi	Basidiomycota	Agaricomycetes	Agaricales	Schizophyllaceae	Schizophyllum	Schizophyllum_commune	k__Fungi; p__Basidiomycota; c__Agaricomycetes; o__Agaricales; f__Schizophyllaceae; g__Schizophyllum; s__Schizophyllum_commune	qiime_retained_no_blast_species	No BLAST species-level top hit was available.
0d3edc0897c2b3a22e9e71d741ee679e	Fungi	Basidiomycota	Tremellomycetes	Cystofilobasidiales	Cystofilobasidiaceae	Cystofilobasidium	Cystofilobasidium_capitatum	k__Fungi; p__Basidiomycota; c__Tremellomycetes; o__Cystofilobasidiales; f__Cystofilobasidiaceae; g__Cystofilobasidium; s__Cystofilobasidium_capitatum	blast_species_replaced_high_confidence	BLAST species passed high-confidence replacement cutoffs. Genus concordance was not required.
bab512ce52e946dd049bf21f3f71d7f8	Fungi	Ascomycota	Dothideomycetes	Pleosporales	Phaeosphaeriaceae	Ophiosphaerella	Ophiosphaerella_chiangraiensis	k__Fungi; p__Ascomycota; c__Dothideomycetes; o__Pleosporales; f__Phaeosphaeriaceae; g__Ophiosphaerella; s__Ophiosphaerella_chiangraiensis	qiime_retained_no_blast_species	No BLAST species-level top hit was available.
3307422fad2c09efd87bd795d113550c	Fungi	Basidiomycota	Agaricomycetes	Hymenochaetales	Schizoporaceae	Xylodon	Xylodon_exilis	k__Fungi; p__Basidiomycota; c__Agaricomycetes; o__Hymenochaetales; f__Schizoporaceae; g__Xylodon; s__Xylodon_exilis	blast_species_replaced_high_confidence	BLAST species passed high-confidence replacement cutoffs. Genus concordance was not required.
8d231a317ba8cf704dcdc9a1d5d1de99	Fungi	Basidiomycota	Agaricomycetes	Polyporales	Polyporales_o	Polyporales_o	Polyporales_o	k__Fungi; p__Basidiomycota; c__Agaricomycetes; o__Polyporales; f__Polyporales_o; g__Polyporales_o; s__Polyporales_o	qiime_retained_no_blast_species	No BLAST species-level top hit was available.
103944e65cf9b9d2dac28c3bd3fabb2e	Fungi	Basidiomycota	Agaricomycetes	Polyporales	Polyporales_o	Polyporales_o	Polyporales_o	k__Fungi; p__Basidiomycota; c__Agaricomycetes; o__Polyporales; f__Polyporales_o; g__Polyporales_o; s__Polyporales_o	qiime_retained_no_blast_species	No BLAST species-level top hit was available.
f212910f88c465884b6e3ce383c1d163	Fungi	Basidiomycota	Agaricomycetes	Hymenochaetales	Schizoporaceae	Xylodon	Xylodon_muchuanensis	k__Fungi; p__Basidiomycota; c__Agaricomycetes; o__Hymenochaetales; f__Schizoporaceae; g__Xylodon; s__Xylodon_muchuanensis	blast_species_replaced_high_confidence	BLAST species passed high-confidence replacement cutoffs. Genus concordance was not required.
56c2041c40052605a6924e3e9ceef831	Fungi	Basidiomycota	Agaricomycetes	Agaricales	Pluteaceae	Pluteus	Pluteus_variabilicolor	k__Fungi; p__Basidiomycota; c__Agaricomycetes; o__Agaricales; f__Pluteaceae; g__Pluteus; s__Pluteus_variabilicolor	blast_species_replaced_high_confidence	BLAST species passed high-confidence replacement cutoffs. Genus concordance was not required.
115c4ab3a2c4442ff28c495a79bd59ea	Fungi	Basidiomycota	Agaricomycetes	Agaricales	Psathyrellaceae	Candolleomyces	Candolleomyces_luridus	k__Fungi; p__Basidiomycota; c__Agaricomycetes; o__Agaricales; f__Psathyrellaceae; g__Candolleomyces; s__Candolleomyces_luridus	blast_species_replaced_high_confidence	BLAST species passed high-confidence replacement cutoffs. Genus concordance was not required.
d06e13114c26fb411371fc6585f90fcc	Fungi	Basidiomycota	Agaricomycetes	Hymenochaetales	Schizoporaceae	Schizoporaceae_f	Schizoporaceae_f	k__Fungi; p__Basidiomycota; c__Agaricomycetes; o__Hymenochaetales; f__Schizoporaceae; g__Schizoporaceae_f; s__Schizoporaceae_f	qiime_retained_no_blast_species	No BLAST species-level top hit was available.
9da0998852867aa3521b3fce0470f933	Fungi	Basidiomycota	Agaricomycetes	Hymenochaetales	unclassified_Hymenochaetales_family	Peniophorella	Peniophorella_crystallifera	k__Fungi; p__Basidiomycota; c__Agaricomycetes; o__Hymenochaetales; f__unclassified_Hymenochaetales_family; g__Peniophorella; s__Peniophorella_crystallifera	blast_species_replaced_high_confidence	BLAST species passed high-confidence replacement cutoffs. Genus concordance was not required.
cd2d016625f7659f938c0f3d984dcfed	Fungi	Basidiomycota	Microbotryomycetes	Sporidiobolales	Sporidiobolaceae	Sporobolomyces	Sporobolomyces_ruberrimus	k__Fungi; p__Basidiomycota; c__Microbotryomycetes; o__Sporidiobolales; f__Sporidiobolaceae; g__Sporobolomyces; s__Sporobolomyces_ruberrimus	blast_species_replaced_high_confidence	BLAST species passed high-confidence replacement cutoffs. Genus concordance was not required.
861e3c2d2e021bc75d515a994d56517e	Fungi	Ascomycota	Leotiomycetes	Helotiales	Mollisiaceae	Mollisia	Mollisia_g	k__Fungi; p__Ascomycota; c__Leotiomycetes; o__Helotiales; f__Mollisiaceae; g__Mollisia; s__Mollisia_g	qiime_retained_no_blast_species	No BLAST species-level top hit was available.
c208ad125626e378ec600060758c2b74	Fungi	Fungi_k	Fungi_k	Fungi_k	Fungi_k	Fungi_k	Fungi_k	k__Fungi; p__Fungi_k; c__Fungi_k; o__Fungi_k; f__Fungi_k; g__Fungi_k; s__Fungi_k	qiime_retained_no_blast_species	No BLAST species-level top hit was available.
f0affb04ad14d212d17e6dadefab055f	Fungi	Basidiomycota	Agaricomycetes	Russulales	Stereaceae	Stereaceae_f	Stereaceae_f	k__Fungi; p__Basidiomycota; c__Agaricomycetes; o__Russulales; f__Stereaceae; g__Stereaceae_f; s__Stereaceae_f	qiime_retained_no_blast_species	No BLAST species-level top hit was available.
417ff10c1dde2640f0c95e9274677e6e	Fungi	Basidiomycota	Agaricomycetes	Cantharellales	Botryobasidiaceae	Botryobasidium	Botryobasidium_g	k__Fungi; p__Basidiomycota; c__Agaricomycetes; o__Cantharellales; f__Botryobasidiaceae; g__Botryobasidium; s__Botryobasidium_g	qiime_retained_no_blast_species	No BLAST species-level top hit was available.
641f531733565284c1dd59890b5a5e83	Fungi	Basidiomycota	Agaricomycetes	Polyporales	Polyporaceae	Trametes	Trametes_versicolor	k__Fungi; p__Basidiomycota; c__Agaricomycetes; o__Polyporales; f__Polyporaceae; g__Trametes; s__Trametes_versicolor	blast_species_replaced_high_confidence	BLAST species passed high-confidence replacement cutoffs. Genus concordance was not required.
1498268fea63f9f27158b65ab52ae8ed	Fungi	Basidiomycota	Agaricomycetes	Polyporales	Polyporales_o	Polyporales_o	Polyporales_o	k__Fungi; p__Basidiomycota; c__Agaricomycetes; o__Polyporales; f__Polyporales_o; g__Polyporales_o; s__Polyporales_o	qiime_retained_no_blast_species	No BLAST species-level top hit was available.
5d8ceac78519a012a4994ba03709767a	Fungi	Basidiomycota	Agaricomycetes	Polyporales	Meruliaceae	Mycoaciella	Mycoaciella_efibulata	k__Fungi; p__Basidiomycota; c__Agaricomycetes; o__Polyporales; f__Meruliaceae; g__Mycoaciella; s__Mycoaciella_efibulata	qiime_retained_no_blast_species	No BLAST species-level top hit was available.
daf9001a3300ede6912762d783d25c18	Fungi	Basidiomycota	Agaricomycetes	Polyporales	Polyporales_o	Polyporales_o	Polyporales_o	k__Fungi; p__Basidiomycota; c__Agaricomycetes; o__Polyporales; f__Polyporales_o; g__Polyporales_o; s__Polyporales_o	qiime_retained_no_blast_species	No BLAST species-level top hit was available.
05697bc7833ce61e4a0e0ca5e59744b4	Fungi	Basidiomycota	Agaricomycetes	Trechisporales	Hydnodontaceae	Sistotremastrum	Sistotremastrum_g	k__Fungi; p__Basidiomycota; c__Agaricomycetes; o__Trechisporales; f__Hydnodontaceae; g__Sistotremastrum; s__Sistotremastrum_g	qiime_retained_no_blast_species	No BLAST species-level top hit was available.
120b958eec2e26323850dffc01440286	Fungi	Basidiomycota	Agaricomycetes	Agaricales	Psathyrellaceae	Coprinopsis	Coprinopsis_rhombisporoides	k__Fungi; p__Basidiomycota; c__Agaricomycetes; o__Agaricales; f__Psathyrellaceae; g__Coprinopsis; s__Coprinopsis_rhombisporoides	blast_species_replaced_high_confidence	BLAST species passed high-confidence replacement cutoffs. Genus concordance was not required.
f401ef7c85b3ea9e632f2b89384dcadf	Fungi	Basidiomycota	Agaricomycetes	Hymenochaetales	Rickenellaceae	Peniophorella	Peniophorella_pubera	k__Fungi; p__Basidiomycota; c__Agaricomycetes; o__Hymenochaetales; f__Rickenellaceae; g__Peniophorella; s__Peniophorella_pubera	qiime_retained_no_blast_species	No BLAST species-level top hit was available.
aacdd1d59dacc3d196e6ad9d3bf8f7c6	Fungi	Ascomycota	Dothideomycetes	Pleosporales	Phaeosphaeriaceae	Phaeosphaeria	Phaeosphaeria_g	k__Fungi; p__Ascomycota; c__Dothideomycetes; o__Pleosporales; f__Phaeosphaeriaceae; g__Phaeosphaeria; s__Phaeosphaeria_g	qiime_retained_no_blast_species	No BLAST species-level top hit was available.
aa1b583b09e5b061d90381b8d2a27bba	Fungi	Basidiomycota	Agaricomycetes	Agaricales	Psathyrellaceae	Candolleomyces	Candolleomyces_g	k__Fungi; p__Basidiomycota; c__Agaricomycetes; o__Agaricales; f__Psathyrellaceae; g__Candolleomyces; s__Candolleomyces_g	qiime_retained_no_blast_species	No BLAST species-level top hit was available.
ad19965cbabe7075d634d4d224ccbdd8	Fungi	Ascomycota	Ascomycota_p	Ascomycota_p	Ascomycota_p	Ascomycota_p	Ascomycota_p	k__Fungi; p__Ascomycota; c__Ascomycota_p; o__Ascomycota_p; f__Ascomycota_p; g__Ascomycota_p; s__Ascomycota_p	qiime_retained_no_blast_species	No BLAST species-level top hit was available.
70d60c1f3f6ba9ae04d78ef6f824c9b8	Fungi	Fungi_k	Fungi_k	Fungi_k	Fungi_k	Fungi_k	Fungi_k	k__Fungi; p__Fungi_k; c__Fungi_k; o__Fungi_k; f__Fungi_k; g__Fungi_k; s__Fungi_k	qiime_retained_no_blast_species	No BLAST species-level top hit was available.
a7c166e09c38af96a5fccc7a43c6065d	Fungi	Ascomycota	Ascomycota_p	Ascomycota_p	Ascomycota_p	Ascomycota_p	Ascomycota_p	k__Fungi; p__Ascomycota; c__Ascomycota_p; o__Ascomycota_p; f__Ascomycota_p; g__Ascomycota_p; s__Ascomycota_p	qiime_retained_no_blast_species	No BLAST species-level top hit was available.
291a78fb09fc52eec65489c0f9391ea3	Fungi	Fungi_k	Fungi_k	Fungi_k	Fungi_k	Fungi_k	Fungi_k	k__Fungi; p__Fungi_k; c__Fungi_k; o__Fungi_k; f__Fungi_k; g__Fungi_k; s__Fungi_k	qiime_retained_no_blast_species	No BLAST species-level top hit was available.
ec4276f41a3a82838b695987e7bb5ed1	Fungi	Ascomycota	Ascomycota_p	Ascomycota_p	Ascomycota_p	Ascomycota_p	Ascomycota_p	k__Fungi; p__Ascomycota; c__Ascomycota_p; o__Ascomycota_p; f__Ascomycota_p; g__Ascomycota_p; s__Ascomycota_p	qiime_retained_no_blast_species	No BLAST species-level top hit was available.
46af2089e83994319d971cbc29507615	Fungi	Fungi_k	Fungi_k	Fungi_k	Fungi_k	Fungi_k	Fungi_k	k__Fungi; p__Fungi_k; c__Fungi_k; o__Fungi_k; f__Fungi_k; g__Fungi_k; s__Fungi_k	qiime_retained_no_blast_species	No BLAST species-level top hit was available.
cdd4c8be3d7c15248e9dee490ecf867a	Fungi	Fungi_k	Fungi_k	Fungi_k	Fungi_k	Fungi_k	Fungi_k	k__Fungi; p__Fungi_k; c__Fungi_k; o__Fungi_k; f__Fungi_k; g__Fungi_k; s__Fungi_k	qiime_retained_no_blast_species	No BLAST species-level top hit was available.
