Feature ID	Taxon	Confidence	Taxon_Original	Kingdom	Phylum	Class	Order	Family	Genus	Species
72dd04cf016a807b3f0ed8e3b52565b4	k__Fungi; p__Ascomycota; c__Saccharomycetes; o__Saccharomycetales; f__Saccharomycetales_fam_Incertae_sedis; g__Candida; s__Candida_albicans	0.9996050236980345	k__Fungi;p__Ascomycota;c__Saccharomycetes;o__Saccharomycetales;f__Saccharomycetales_fam_Incertae_sedis;g__Candida;s__Candida_albicans;sh__SH1382505.10FU	Fungi	Ascomycota	Saccharomycetes	Saccharomycetales	Saccharomycetales_fam_Incertae_sedis	Candida	Candida_albicans
010b07e3b6da2a38547e45cd063dd63d	k__Fungi; p__Basidiomycota; c__Tremellomycetes; o__Trichosporonales; f__Trichosporonaceae; g__Cutaneotrichosporon; s__Cutaneotrichosporon_mucoides	0.908557390135598	k__Fungi;p__Basidiomycota;c__Tremellomycetes;o__Trichosporonales;f__Trichosporonaceae;g__Cutaneotrichosporon;s__Cutaneotrichosporon_mucoides;sh__SH1205828.10FU	Fungi	Basidiomycota	Tremellomycetes	Trichosporonales	Trichosporonaceae	Cutaneotrichosporon	Cutaneotrichosporon_mucoides
5eb88a9a6282b223cd88dbc003040251	k__Fungi; p__Basidiomycota; c__Tremellomycetes; o__Tremellales; f__Cryptococcaceae; g__Cryptococcus; s__Cryptococcus_neoformans	0.9998040679274508	k__Fungi;p__Basidiomycota;c__Tremellomycetes;o__Tremellales;f__Cryptococcaceae;g__Cryptococcus;s__Cryptococcus_neoformans;sh__SH1330342.10FU	Fungi	Basidiomycota	Tremellomycetes	Tremellales	Cryptococcaceae	Cryptococcus	Cryptococcus_neoformans
ef2a10e078a78c78b0dfca20f3bc56d6	k__Fungi; p__Ascomycota; c__Eurotiomycetes; o__Eurotiales; f__Aspergillaceae; g__Penicillium; s__Penicillium_g	0.9996479101992751	k__Fungi;p__Ascomycota;c__Eurotiomycetes;o__Eurotiales;f__Aspergillaceae;g__Penicillium	Fungi	Ascomycota	Eurotiomycetes	Eurotiales	Aspergillaceae	Penicillium	Penicillium_g
53926185040b69b43d226af323a0598e	k__Fungi; p__Ascomycota; c__Saccharomycetes; o__Saccharomycetales; f__Saccharomycetaceae; g__Nakaseomyces; s__Nakaseomyces_glabratus	0.999376514511509	k__Fungi;p__Ascomycota;c__Saccharomycetes;o__Saccharomycetales;f__Saccharomycetaceae;g__Nakaseomyces;s__Nakaseomyces_glabratus;sh__SH1215233.10FU	Fungi	Ascomycota	Saccharomycetes	Saccharomycetales	Saccharomycetaceae	Nakaseomyces	Nakaseomyces_glabratus
55c1f51cc4845985dae3c90e77b5d5b1	k__Fungi; p__Ascomycota; c__Saccharomycetes; o__Saccharomycetales; f__Saccharomycetaceae; g__Saccharomyces; s__Saccharomyces_cerevisiae	0.8632044743377101	k__Fungi;p__Ascomycota;c__Saccharomycetes;o__Saccharomycetales;f__Saccharomycetaceae;g__Saccharomyces;s__Saccharomyces_cerevisiae;sh__SH1085902.10FU	Fungi	Ascomycota	Saccharomycetes	Saccharomycetales	Saccharomycetaceae	Saccharomyces	Saccharomyces_cerevisiae
38da37bf49a104ddf2f0adc044079d2e	k__Fungi; p__Ascomycota; c__Ascomycota_p; o__Ascomycota_p; f__Ascomycota_p; g__Ascomycota_p; s__Ascomycota_p	0.7304101626906722	k__Fungi;p__Ascomycota	Fungi	Ascomycota	Ascomycota_p	Ascomycota_p	Ascomycota_p	Ascomycota_p	Ascomycota_p
28b1e3694b1bcb9d577830df4fd6c876	k__Fungi; p__Ascomycota; c__Eurotiomycetes; o__Eurotiales; f__Aspergillaceae; g__Aspergillus; s__Aspergillus_fumigatus	0.999809045005202	k__Fungi;p__Ascomycota;c__Eurotiomycetes;o__Eurotiales;f__Aspergillaceae;g__Aspergillus;s__Aspergillus_fumigatus;sh__SH1222513.10FU	Fungi	Ascomycota	Eurotiomycetes	Eurotiales	Aspergillaceae	Aspergillus	Aspergillus_fumigatus
1eb57cce3c3583ae58927522adab0277	k__Fungi; p__Ascomycota; c__Ascomycota_p; o__Ascomycota_p; f__Ascomycota_p; g__Ascomycota_p; s__Ascomycota_p	0.9999999909000719	k__Fungi;p__Ascomycota	Fungi	Ascomycota	Ascomycota_p	Ascomycota_p	Ascomycota_p	Ascomycota_p	Ascomycota_p
830623f85c074e3be00b07789c2ab817	k__Fungi; p__Ascomycota; c__Saccharomycetes; o__Saccharomycetales; f__Pichiaceae; g__Komagataella; s__Komagataella_phaffii	0.9149021009068583	k__Fungi;p__Ascomycota;c__Saccharomycetes;o__Saccharomycetales;f__Pichiaceae;g__Komagataella;s__Komagataella_phaffii;sh__SH1235229.10FU	Fungi	Ascomycota	Saccharomycetes	Saccharomycetales	Pichiaceae	Komagataella	Komagataella_phaffii
f52aa5980a9162ead1e2a406681ba1b7	k__Fungi; p__Fungi_k; c__Fungi_k; o__Fungi_k; f__Fungi_k; g__Fungi_k; s__Fungi_k	1.0000000000000033	k__Fungi	Fungi	Fungi_k	Fungi_k	Fungi_k	Fungi_k	Fungi_k	Fungi_k
7ec84e73c19db6fd14a892be88d602d6	k__Fungi; p__Ascomycota; c__Ascomycota_p; o__Ascomycota_p; f__Ascomycota_p; g__Ascomycota_p; s__Ascomycota_p	0.7739878329361579	k__Fungi;p__Ascomycota	Fungi	Ascomycota	Ascomycota_p	Ascomycota_p	Ascomycota_p	Ascomycota_p	Ascomycota_p
23ce5b9dd49c380e94ec122f11c8077f	k__Fungi; p__Fungi_k; c__Fungi_k; o__Fungi_k; f__Fungi_k; g__Fungi_k; s__Fungi_k	0.9999999999999972	k__Fungi	Fungi	Fungi_k	Fungi_k	Fungi_k	Fungi_k	Fungi_k	Fungi_k
cbf18da6c0f768134b965e6c94579fb5	k__Fungi; p__Ascomycota; c__Ascomycota_p; o__Ascomycota_p; f__Ascomycota_p; g__Ascomycota_p; s__Ascomycota_p	0.7049838922189909	k__Fungi;p__Ascomycota	Fungi	Ascomycota	Ascomycota_p	Ascomycota_p	Ascomycota_p	Ascomycota_p	Ascomycota_p
719c06db40daf054bc4b27a72600de75	k__Fungi; p__Basidiomycota; c__Tremellomycetes; o__Trichosporonales; f__Trichosporonaceae; g__Cutaneotrichosporon; s__Cutaneotrichosporon_debeurmannianum	0.9973938957251047	k__Fungi;p__Basidiomycota;c__Tremellomycetes;o__Trichosporonales;f__Trichosporonaceae;g__Cutaneotrichosporon;s__Cutaneotrichosporon_debeurmannianum;sh__SH1205817.10FU	Fungi	Basidiomycota	Tremellomycetes	Trichosporonales	Trichosporonaceae	Cutaneotrichosporon	Cutaneotrichosporon_debeurmannianum
9c6a6a6806ecf36a83eea035327a4777	k__Fungi; p__Ascomycota; c__Eurotiomycetes; o__Onygenales; f__Arthrodermataceae; g__Trichophyton; s__Trichophyton_mentagrophytes	0.9949256527818713	k__Fungi;p__Ascomycota;c__Eurotiomycetes;o__Onygenales;f__Arthrodermataceae;g__Trichophyton;s__Trichophyton_mentagrophytes;sh__SH1372247.10FU	Fungi	Ascomycota	Eurotiomycetes	Onygenales	Arthrodermataceae	Trichophyton	Trichophyton_mentagrophytes
5aa8bf9dfef378818c857e66263bb473	k__Fungi; p__Ascomycota; c__Dothideomycetes; o__Cladosporiales; f__Cladosporiaceae; g__Cladosporium; s__Cladosporium_herbarum	0.9074435671727941	k__Fungi;p__Ascomycota;c__Dothideomycetes;o__Cladosporiales;f__Cladosporiaceae;g__Cladosporium;s__Cladosporium_herbarum;sh__SH1335104.10FU	Fungi	Ascomycota	Dothideomycetes	Cladosporiales	Cladosporiaceae	Cladosporium	Cladosporium_herbarum
3454e06b84a4908c00458fd5cde8cfe4	k__Fungi; p__Basidiomycota; c__Agaricomycetes; o__Polyporales; f__Irpicaceae; g__Irpex; s__Irpex_hacksungii	0.9891767059527344	k__Fungi;p__Basidiomycota;c__Agaricomycetes;o__Polyporales;f__Irpicaceae;g__Irpex;s__Irpex_hacksungii;sh__SH1080352.10FU	Fungi	Basidiomycota	Agaricomycetes	Polyporales	Irpicaceae	Irpex	Irpex_hacksungii
65433fbabd7ad0e7fc93f8c3e8840b66	k__Fungi; p__Ascomycota; c__Dothideomycetes; o__Pleosporales; f__Neopyrenochaetaceae; g__Neopyrenochaeta; s__Neopyrenochaeta_g	0.7860211675814756	k__Fungi;p__Ascomycota;c__Dothideomycetes;o__Pleosporales;f__Neopyrenochaetaceae;g__Neopyrenochaeta;s__Neopyrenochaeta_sp;sh__SH1371961.10FU	Fungi	Ascomycota	Dothideomycetes	Pleosporales	Neopyrenochaetaceae	Neopyrenochaeta	Neopyrenochaeta_g
d64a586df2febe320546417d9621d507	k__Fungi; p__Ascomycota; c__Ascomycota_p; o__Ascomycota_p; f__Ascomycota_p; g__Ascomycota_p; s__Ascomycota_p	0.7016151818939144	k__Fungi;p__Ascomycota	Fungi	Ascomycota	Ascomycota_p	Ascomycota_p	Ascomycota_p	Ascomycota_p	Ascomycota_p
2d5840001771d889fbe752a80463af2c	k__Fungi; p__Ascomycota; c__Saccharomycetes; o__Saccharomycetales; f__Saccharomycetaceae; g__Kazachstania; s__Kazachstania_servazzii	0.9950717757129666	k__Fungi;p__Ascomycota;c__Saccharomycetes;o__Saccharomycetales;f__Saccharomycetaceae;g__Kazachstania;s__Kazachstania_servazzii;sh__SH1277533.10FU	Fungi	Ascomycota	Saccharomycetes	Saccharomycetales	Saccharomycetaceae	Kazachstania	Kazachstania_servazzii
9dca25bcfb9f6faab9371fc6704b590a	k__Fungi; p__Basidiomycota; c__Agaricomycetes; o__Polyporales; f__Irpicaceae; g__Irpex; s__Irpex_laceratus	0.8772461384064199	k__Fungi;p__Basidiomycota;c__Agaricomycetes;o__Polyporales;f__Irpicaceae;g__Irpex;s__Irpex_laceratus;sh__SH1208023.10FU	Fungi	Basidiomycota	Agaricomycetes	Polyporales	Irpicaceae	Irpex	Irpex_laceratus
26c2e693490c7955c44b198bdf3e0088	k__Fungi; p__Ascomycota; c__Saccharomycetes; o__Saccharomycetales; f__Debaryomycetaceae; g__Debaryomyces; s__Debaryomyces_delbrueckii	0.7536029728143	k__Fungi;p__Ascomycota;c__Saccharomycetes;o__Saccharomycetales;f__Debaryomycetaceae;g__Debaryomyces;s__Debaryomyces_delbrueckii;sh__SH1374157.10FU	Fungi	Ascomycota	Saccharomycetes	Saccharomycetales	Debaryomycetaceae	Debaryomyces	Debaryomyces_delbrueckii
99b9ce04c0575bc120dc13c27c6fbd61	k__Fungi; p__Basidiomycota; c__Tremellomycetes; o__Tremellales; f__Cryptococcaceae; g__Cryptococcus; s__Cryptococcus_neoformans	0.9900089142788081	k__Fungi;p__Basidiomycota;c__Tremellomycetes;o__Tremellales;f__Cryptococcaceae;g__Cryptococcus;s__Cryptococcus_neoformans;sh__SH1330342.10FU	Fungi	Basidiomycota	Tremellomycetes	Tremellales	Cryptococcaceae	Cryptococcus	Cryptococcus_neoformans
212a7f45c8b306a233e73d9c3263adb8	k__Fungi; p__Ascomycota; c__Dothideomycetes; o__Cladosporiales; f__Cladosporiaceae; g__Cladosporium; s__Cladosporium_g	0.7573695202553232	k__Fungi;p__Ascomycota;c__Dothideomycetes;o__Cladosporiales;f__Cladosporiaceae;g__Cladosporium	Fungi	Ascomycota	Dothideomycetes	Cladosporiales	Cladosporiaceae	Cladosporium	Cladosporium_g
9899e5944be6d8cfc566fec1d4cdf106	k__Fungi; p__Basidiomycota; c__Tremellomycetes; o__Tremellales; f__Cryptococcaceae; g__Cryptococcus; s__Cryptococcus_neoformans	0.813021832875662	k__Fungi;p__Basidiomycota;c__Tremellomycetes;o__Tremellales;f__Cryptococcaceae;g__Cryptococcus;s__Cryptococcus_neoformans;sh__SH1330342.10FU	Fungi	Basidiomycota	Tremellomycetes	Tremellales	Cryptococcaceae	Cryptococcus	Cryptococcus_neoformans
852a848e6c1fce8ec025e60eb1d8ad45	k__Fungi; p__Basidiomycota; c__Tremellomycetes; o__Trichosporonales; f__Trichosporonaceae; g__Cutaneotrichosporon; s__Cutaneotrichosporon_mucoides	0.8396706774836532	k__Fungi;p__Basidiomycota;c__Tremellomycetes;o__Trichosporonales;f__Trichosporonaceae;g__Cutaneotrichosporon;s__Cutaneotrichosporon_mucoides;sh__SH1205828.10FU	Fungi	Basidiomycota	Tremellomycetes	Trichosporonales	Trichosporonaceae	Cutaneotrichosporon	Cutaneotrichosporon_mucoides
1c8bbb1b54f02065db91f0386a39e0ad	k__Fungi; p__Ascomycota; c__Ascomycota_p; o__Ascomycota_p; f__Ascomycota_p; g__Ascomycota_p; s__Ascomycota_p	0.7281214865728713	k__Fungi;p__Ascomycota	Fungi	Ascomycota	Ascomycota_p	Ascomycota_p	Ascomycota_p	Ascomycota_p	Ascomycota_p
2e39d48abc07a6ccc13a028ccde00e00	k__Fungi; p__Ascomycota; c__Sordariomycetes; o__Hypocreales; f__Nectriaceae; g__Fusarium; s__Fusarium_g	0.8004405396440747	k__Fungi;p__Ascomycota;c__Sordariomycetes;o__Hypocreales;f__Nectriaceae;g__Fusarium;s__Fusarium_sp;sh__SH1345010.10FU	Fungi	Ascomycota	Sordariomycetes	Hypocreales	Nectriaceae	Fusarium	Fusarium_g
80d69bc60273cafc5a73ae55b234f7c9	k__Fungi; p__Ascomycota; c__Sordariomycetes; o__Amphisphaeriales; f__Apiosporaceae; g__Nigrospora; s__Nigrospora_g	0.9999893845431257	k__Fungi;p__Ascomycota;c__Sordariomycetes;o__Amphisphaeriales;f__Apiosporaceae;g__Nigrospora	Fungi	Ascomycota	Sordariomycetes	Amphisphaeriales	Apiosporaceae	Nigrospora	Nigrospora_g
e9158b4ef80d8a3ac9e727f88e44cb72	k__Fungi; p__Basidiomycota; c__Agaricomycetes; o__Russulales; f__Peniophoraceae; g__Peniophoraceae_f; s__Peniophoraceae_f	0.9997295818979747	k__Fungi;p__Basidiomycota;c__Agaricomycetes;o__Russulales;f__Peniophoraceae;g__Peniophoraceae_gen_Incertae_sedis;s__Peniophoraceae_sp;sh__SH1054279.10FU	Fungi	Basidiomycota	Agaricomycetes	Russulales	Peniophoraceae	Peniophoraceae_f	Peniophoraceae_f
385c77a0d40dfabdc66dff6fc5e92f33	k__Fungi; p__Basidiomycota; c__Agaricomycetes; o__Polyporales; f__Irpicaceae; g__Irpex; s__Irpex_laceratus	0.8377595931160278	k__Fungi;p__Basidiomycota;c__Agaricomycetes;o__Polyporales;f__Irpicaceae;g__Irpex;s__Irpex_laceratus;sh__SH1208023.10FU	Fungi	Basidiomycota	Agaricomycetes	Polyporales	Irpicaceae	Irpex	Irpex_laceratus
e05fc0449f67499fe6ddec89784dbb5d	k__Fungi; p__Ascomycota; c__Dothideomycetes; o__Pleosporales; f__Didymellaceae; g__Didymellaceae_f; s__Didymellaceae_f	0.9509543373321946	k__Fungi;p__Ascomycota;c__Dothideomycetes;o__Pleosporales;f__Didymellaceae	Fungi	Ascomycota	Dothideomycetes	Pleosporales	Didymellaceae	Didymellaceae_f	Didymellaceae_f
722fb57e17229696cb75e47ad882962f	k__Fungi; p__Basidiomycota; c__Agaricomycetes; o__Russulales; f__Stereaceae; g__Stereaceae_f; s__Stereaceae_f	0.9999983139715315	k__Fungi;p__Basidiomycota;c__Agaricomycetes;o__Russulales;f__Stereaceae;g__Stereaceae_gen_Incertae_sedis;s__Stereaceae_sp;sh__SH1075157.10FU	Fungi	Basidiomycota	Agaricomycetes	Russulales	Stereaceae	Stereaceae_f	Stereaceae_f
a841082e3b16121e246a0a2ca1534c20	k__Fungi; p__Ascomycota; c__Dothideomycetes; o__Pleosporales; f__Didymellaceae; g__Didymellaceae_f; s__Didymellaceae_f	0.9378938330741857	k__Fungi;p__Ascomycota;c__Dothideomycetes;o__Pleosporales;f__Didymellaceae	Fungi	Ascomycota	Dothideomycetes	Pleosporales	Didymellaceae	Didymellaceae_f	Didymellaceae_f
a5af3fc8194eb0b464eafe3cdb571633	k__Fungi; p__Ascomycota; c__Saccharomycetes; o__Saccharomycetales; f__Saccharomycetaceae; g__Saccharomyces; s__Saccharomyces_cerevisiae	0.8494363314667452	k__Fungi;p__Ascomycota;c__Saccharomycetes;o__Saccharomycetales;f__Saccharomycetaceae;g__Saccharomyces;s__Saccharomyces_cerevisiae;sh__SH1085902.10FU	Fungi	Ascomycota	Saccharomycetes	Saccharomycetales	Saccharomycetaceae	Saccharomyces	Saccharomyces_cerevisiae
fb1e99770074de04d7dff1b96c37c523	k__Fungi; p__Ascomycota; c__Eurotiomycetes; o__Eurotiales; f__Aspergillaceae; g__Aspergillus; s__Aspergillus_g	0.99972627726712	k__Fungi;p__Ascomycota;c__Eurotiomycetes;o__Eurotiales;f__Aspergillaceae;g__Aspergillus	Fungi	Ascomycota	Eurotiomycetes	Eurotiales	Aspergillaceae	Aspergillus	Aspergillus_g
628fa4d9864efdb099121fdc264211a5	k__Fungi; p__Ascomycota; c__Eurotiomycetes; o__Eurotiales; f__Aspergillaceae; g__Penicillium; s__Penicillium_patris-mei	0.8335981452643039	k__Fungi;p__Ascomycota;c__Eurotiomycetes;o__Eurotiales;f__Aspergillaceae;g__Penicillium;s__Penicillium_patris-mei;sh__SH1308047.10FU	Fungi	Ascomycota	Eurotiomycetes	Eurotiales	Aspergillaceae	Penicillium	Penicillium_patris-mei
bfa6afd86523df0a5ddd44a01da73ddb	k__Fungi; p__Fungi_k; c__Fungi_k; o__Fungi_k; f__Fungi_k; g__Fungi_k; s__Fungi_k	0.9999999999999905	k__Fungi	Fungi	Fungi_k	Fungi_k	Fungi_k	Fungi_k	Fungi_k	Fungi_k
dc4c92957db247364b6bca5eb5bd2b66	k__Fungi; p__Ascomycota; c__Ascomycota_p; o__Ascomycota_p; f__Ascomycota_p; g__Ascomycota_p; s__Ascomycota_p	0.8152844259768292	k__Fungi;p__Ascomycota	Fungi	Ascomycota	Ascomycota_p	Ascomycota_p	Ascomycota_p	Ascomycota_p	Ascomycota_p
442a16533e54a9749b2cc6af051e2025	k__Fungi; p__Basidiomycota; c__Agaricomycetes; o__Agaricales; f__Schizophyllaceae; g__Schizophyllum; s__Schizophyllum_commune	0.9583768341589165	k__Fungi;p__Basidiomycota;c__Agaricomycetes;o__Agaricales;f__Schizophyllaceae;g__Schizophyllum;s__Schizophyllum_commune;sh__SH1149944.10FU	Fungi	Basidiomycota	Agaricomycetes	Agaricales	Schizophyllaceae	Schizophyllum	Schizophyllum_commune
12cc799b99ed75d931516e3b1cc680ad	k__Fungi; p__Basidiomycota; c__Agaricomycetes; o__Polyporales; f__Phanerochaetaceae; g__Bjerkandera; s__Bjerkandera_adusta	0.997740507616251	k__Fungi;p__Basidiomycota;c__Agaricomycetes;o__Polyporales;f__Phanerochaetaceae;g__Bjerkandera;s__Bjerkandera_adusta;sh__SH1292884.10FU	Fungi	Basidiomycota	Agaricomycetes	Polyporales	Phanerochaetaceae	Bjerkandera	Bjerkandera_adusta
af01a0d35b83bc29b5aed222ed1a3fa5	k__Fungi; p__Mucoromycota; c__Mucoromycetes; o__Mucorales; f__Mucoraceae; g__Mucor; s__Mucor_circinelloides	0.9102628114717126	k__Fungi;p__Mucoromycota;c__Mucoromycetes;o__Mucorales;f__Mucoraceae;g__Mucor;s__Mucor_circinelloides;sh__SH1070275.10FU	Fungi	Mucoromycota	Mucoromycetes	Mucorales	Mucoraceae	Mucor	Mucor_circinelloides
5a06576196c23f808bdfe0399228553a	k__Fungi; p__Basidiomycota; c__Agaricomycetes; o__Agaricales; f__Psathyrellaceae; g__Candolleomyces; s__Candolleomyces_subminutisporus	0.996499040609471	k__Fungi;p__Basidiomycota;c__Agaricomycetes;o__Agaricales;f__Psathyrellaceae;g__Candolleomyces;s__Candolleomyces_subminutisporus;sh__SH1386963.10FU	Fungi	Basidiomycota	Agaricomycetes	Agaricales	Psathyrellaceae	Candolleomyces	Candolleomyces_subminutisporus
adda5ef25aa444e1e8e3dbf448184191	k__Fungi; p__Basidiomycota; c__Tremellomycetes; o__Tremellales; f__Bulleraceae; g__Bullera; s__Bullera_alba	0.9917224858724639	k__Fungi;p__Basidiomycota;c__Tremellomycetes;o__Tremellales;f__Bulleraceae;g__Bullera;s__Bullera_alba;sh__SH1204217.10FU	Fungi	Basidiomycota	Tremellomycetes	Tremellales	Bulleraceae	Bullera	Bullera_alba
4c2a20f52c5307c38f027444128a1e56	k__Fungi; p__Fungi_k; c__Fungi_k; o__Fungi_k; f__Fungi_k; g__Fungi_k; s__Fungi_k	0.9987467744175645	k__Fungi;p__Fungi_phy_Incertae_sedis;c__Fungi_cls_Incertae_sedis;o__Fungi_ord_Incertae_sedis;f__Fungi_fam_Incertae_sedis;g__Fungi_gen_Incertae_sedis;s__Fungi_sp;sh__SH1387283.10FU	Fungi	Fungi_k	Fungi_k	Fungi_k	Fungi_k	Fungi_k	Fungi_k
d0b4254cf72c2997dd42ad82af681f04	k__Fungi; p__Basidiomycota; c__Tremellomycetes; o__Tremellales; f__Cryptococcaceae; g__Cryptococcus; s__Cryptococcus_neoformans	0.9891331022867412	k__Fungi;p__Basidiomycota;c__Tremellomycetes;o__Tremellales;f__Cryptococcaceae;g__Cryptococcus;s__Cryptococcus_neoformans;sh__SH1330342.10FU	Fungi	Basidiomycota	Tremellomycetes	Tremellales	Cryptococcaceae	Cryptococcus	Cryptococcus_neoformans
b6d153f4aa1b7adc86d16ea7f46db14a	k__Fungi; p__Ascomycota; c__Sordariomycetes; o__Diaporthales; f__Gnomoniaceae; g__Ophiognomonia; s__Ophiognomonia_asiatica	0.8251508395127758	k__Fungi;p__Ascomycota;c__Sordariomycetes;o__Diaporthales;f__Gnomoniaceae;g__Ophiognomonia;s__Ophiognomonia_asiatica;sh__SH1212331.10FU	Fungi	Ascomycota	Sordariomycetes	Diaporthales	Gnomoniaceae	Ophiognomonia	Ophiognomonia_asiatica
6d4528949a1b4da8c05713abbbd208fd	k__Fungi; p__Basidiomycota; c__Agaricomycetes; o__Polyporales; f__Irpicaceae; g__Irpex; s__Irpex_hacksungii	0.9891347290121947	k__Fungi;p__Basidiomycota;c__Agaricomycetes;o__Polyporales;f__Irpicaceae;g__Irpex;s__Irpex_hacksungii;sh__SH1080352.10FU	Fungi	Basidiomycota	Agaricomycetes	Polyporales	Irpicaceae	Irpex	Irpex_hacksungii
1a06f4d3b11bdcb6ad8457f0d779d84b	k__Fungi; p__Basidiomycota; c__Agaricomycetes; o__Hymenochaetales; f__Schizoporaceae; g__Schizoporaceae_f; s__Schizoporaceae_f	0.7567943405580422	k__Fungi;p__Basidiomycota;c__Agaricomycetes;o__Hymenochaetales;f__Schizoporaceae	Fungi	Basidiomycota	Agaricomycetes	Hymenochaetales	Schizoporaceae	Schizoporaceae_f	Schizoporaceae_f
52ecfb22e1c990982f5951c06b4908b3	k__Fungi; p__Basidiomycota; c__Tremellomycetes; o__Cystofilobasidiales; f__Mrakiaceae; g__Udeniomyces; s__Udeniomyces_pyricola	0.8418181042518071	k__Fungi;p__Basidiomycota;c__Tremellomycetes;o__Cystofilobasidiales;f__Mrakiaceae;g__Udeniomyces;s__Udeniomyces_pyricola;sh__SH1356852.10FU	Fungi	Basidiomycota	Tremellomycetes	Cystofilobasidiales	Mrakiaceae	Udeniomyces	Udeniomyces_pyricola
b7b0fcf787b97ca7ed398fae36e66b47	k__Fungi; p__Fungi_k; c__Fungi_k; o__Fungi_k; f__Fungi_k; g__Fungi_k; s__Fungi_k	1.0000000000000024	k__Fungi	Fungi	Fungi_k	Fungi_k	Fungi_k	Fungi_k	Fungi_k	Fungi_k
96089fcd4be16af3744dff9823059e84	k__Fungi; p__Basidiomycota; c__Agaricomycetes; o__Russulales; f__Peniophoraceae; g__Peniophoraceae_f; s__Peniophoraceae_f	0.9997263267976645	k__Fungi;p__Basidiomycota;c__Agaricomycetes;o__Russulales;f__Peniophoraceae;g__Peniophoraceae_gen_Incertae_sedis;s__Peniophoraceae_sp;sh__SH1054279.10FU	Fungi	Basidiomycota	Agaricomycetes	Russulales	Peniophoraceae	Peniophoraceae_f	Peniophoraceae_f
00b0c1b2dd29f6dde895345a89eab2d4	k__Fungi; p__Basidiomycota; c__Agaricomycetes; o__Russulales; f__Peniophoraceae; g__Peniophoraceae_f; s__Peniophoraceae_f	0.9997400252950969	k__Fungi;p__Basidiomycota;c__Agaricomycetes;o__Russulales;f__Peniophoraceae;g__Peniophoraceae_gen_Incertae_sedis;s__Peniophoraceae_sp;sh__SH1054279.10FU	Fungi	Basidiomycota	Agaricomycetes	Russulales	Peniophoraceae	Peniophoraceae_f	Peniophoraceae_f
d00069f184bac3614964ebeeb9e0c463	k__Fungi; p__Basidiomycota; c__Agaricomycetes; o__Russulales; f__Hericiaceae; g__Dentipellis; s__Dentipellis_fragilis	0.8675683390114497	k__Fungi;p__Basidiomycota;c__Agaricomycetes;o__Russulales;f__Hericiaceae;g__Dentipellis;s__Dentipellis_fragilis;sh__SH1157884.10FU	Fungi	Basidiomycota	Agaricomycetes	Russulales	Hericiaceae	Dentipellis	Dentipellis_fragilis
a98e7da7571b7fd9f95c9e1ddfda6826	k__Fungi; p__Basidiomycota; c__Agaricomycetes; o__Polyporales; f__Polyporaceae; g__Trametes; s__Trametes_pubescens	0.9846525884857509	k__Fungi;p__Basidiomycota;c__Agaricomycetes;o__Polyporales;f__Polyporaceae;g__Trametes;s__Trametes_pubescens;sh__SH1088835.10FU	Fungi	Basidiomycota	Agaricomycetes	Polyporales	Polyporaceae	Trametes	Trametes_pubescens
01bb26a8a1751eb3c5b4b7ecb7e47993	k__Fungi; p__Fungi_k; c__Fungi_k; o__Fungi_k; f__Fungi_k; g__Fungi_k; s__Fungi_k	0.9999999999999953	k__Fungi	Fungi	Fungi_k	Fungi_k	Fungi_k	Fungi_k	Fungi_k	Fungi_k
98889d06c709abb06729cab49128dd46	k__Fungi; p__Basidiomycota; c__Agaricomycetes; o__Polyporales; f__Polyporaceae; g__Daedaleopsis; s__Daedaleopsis_confragosa	0.9797324097825423	k__Fungi;p__Basidiomycota;c__Agaricomycetes;o__Polyporales;f__Polyporaceae;g__Daedaleopsis;s__Daedaleopsis_confragosa;sh__SH1088853.10FU	Fungi	Basidiomycota	Agaricomycetes	Polyporales	Polyporaceae	Daedaleopsis	Daedaleopsis_confragosa
957a4979ef8eb030190ed5fa5f7c5e47	k__Fungi; p__Basidiomycota; c__Exobasidiomycetes; o__Entylomatales; f__Entylomataceae; g__Tilletiopsis; s__Tilletiopsis_washingtonensis	0.886847518098631	k__Fungi;p__Basidiomycota;c__Exobasidiomycetes;o__Entylomatales;f__Entylomataceae;g__Tilletiopsis;s__Tilletiopsis_washingtonensis;sh__SH1241579.10FU	Fungi	Basidiomycota	Exobasidiomycetes	Entylomatales	Entylomataceae	Tilletiopsis	Tilletiopsis_washingtonensis
117e36b53921c2986d9b3bf373166f23	k__Fungi; p__Basidiomycota; c__Agaricomycetes; o__Polyporales; f__Phanerochaetaceae; g__Phanerochaete; s__Phanerochaete_livescens	0.93604159006596	k__Fungi;p__Basidiomycota;c__Agaricomycetes;o__Polyporales;f__Phanerochaetaceae;g__Phanerochaete;s__Phanerochaete_livescens;sh__SH1412698.10FU	Fungi	Basidiomycota	Agaricomycetes	Polyporales	Phanerochaetaceae	Phanerochaete	Phanerochaete_livescens
2ec4fcc1eb3651a961c3fb1428c3433b	k__Fungi; p__Basidiomycota; c__Microbotryomycetes; o__Sporidiobolales; f__Sporidiobolaceae; g__Sporobolomyces; s__Sporobolomyces_g	0.7792713265419711	k__Fungi;p__Basidiomycota;c__Microbotryomycetes;o__Sporidiobolales;f__Sporidiobolaceae;g__Sporobolomyces;s__Sporobolomyces_sp	Fungi	Basidiomycota	Microbotryomycetes	Sporidiobolales	Sporidiobolaceae	Sporobolomyces	Sporobolomyces_g
380916886b4dd08f02461044249c308d	k__Fungi; p__Basidiomycota; c__Agaricomycetes; o__Hymenochaetales; f__Hymenochaetaceae; g__Hymenochaetopsis; s__Hymenochaetopsis_yasudae	0.8865045745005278	k__Fungi;p__Basidiomycota;c__Agaricomycetes;o__Hymenochaetales;f__Hymenochaetaceae;g__Hymenochaetopsis;s__Hymenochaetopsis_yasudae;sh__SH1227205.10FU	Fungi	Basidiomycota	Agaricomycetes	Hymenochaetales	Hymenochaetaceae	Hymenochaetopsis	Hymenochaetopsis_yasudae
4895bce8e320a5bf47a9ca23b5631654	k__Fungi; p__Ascomycota; c__Ascomycota_p; o__Ascomycota_p; f__Ascomycota_p; g__Ascomycota_p; s__Ascomycota_p	0.8086338473755519	k__Fungi;p__Ascomycota	Fungi	Ascomycota	Ascomycota_p	Ascomycota_p	Ascomycota_p	Ascomycota_p	Ascomycota_p
59f88c9bea61b29af23eed08c6f6a96e	k__Fungi; p__Basidiomycota; c__Agaricomycetes; o__Polyporales; f__Polyporales_o; g__Polyporales_o; s__Polyporales_o	0.8224206020660478	k__Fungi;p__Basidiomycota;c__Agaricomycetes;o__Polyporales;f__Polyporales_fam_Incertae_sedis;g__Polyporales_gen_Incertae_sedis;s__Polyporales_sp	Fungi	Basidiomycota	Agaricomycetes	Polyporales	Polyporales_o	Polyporales_o	Polyporales_o
816d201ed9172ccf13a16767c31c90c9	k__Fungi; p__Basidiomycota; c__Malasseziomycetes; o__Malasseziales; f__Malasseziaceae; g__Malassezia; s__Malassezia_sympodialis	0.9753995958742279	k__Fungi;p__Basidiomycota;c__Malasseziomycetes;o__Malasseziales;f__Malasseziaceae;g__Malassezia;s__Malassezia_sympodialis;sh__SH1349449.10FU	Fungi	Basidiomycota	Malasseziomycetes	Malasseziales	Malasseziaceae	Malassezia	Malassezia_sympodialis
9c44645f431c91d96352598dc69d9dd4	k__Fungi; p__Ascomycota; c__Dothideomycetes; o__Pleosporales; f__Pleosporales_o; g__Pleosporales_o; s__Pleosporales_o	0.7046157757889849	k__Fungi;p__Ascomycota;c__Dothideomycetes;o__Pleosporales;f__Pleosporales_fam_Incertae_sedis;g__Pleosporales_gen_Incertae_sedis;s__Pleosporales_sp	Fungi	Ascomycota	Dothideomycetes	Pleosporales	Pleosporales_o	Pleosporales_o	Pleosporales_o
705dc39cc2275d1e72dc907ff947628d	k__Fungi; p__Basidiomycota; c__Agaricomycetes; o__Agaricales; f__Crepidotaceae; g__Crepidotus; s__Crepidotus_g	0.9999990986133088	k__Fungi;p__Basidiomycota;c__Agaricomycetes;o__Agaricales;f__Crepidotaceae;g__Crepidotus	Fungi	Basidiomycota	Agaricomycetes	Agaricales	Crepidotaceae	Crepidotus	Crepidotus_g
0b9eb13a7db8bebd0a71d05bfce5f411	k__Fungi; p__Basidiomycota; c__Agaricomycetes; o__Trechisporales; f__Hydnodontaceae; g__Sistotremastrum; s__Sistotremastrum_guttuliferum	0.9986450317233851	k__Fungi;p__Basidiomycota;c__Agaricomycetes;o__Trechisporales;f__Hydnodontaceae;g__Sistotremastrum;s__Sistotremastrum_guttuliferum;sh__SH1293774.10FU	Fungi	Basidiomycota	Agaricomycetes	Trechisporales	Hydnodontaceae	Sistotremastrum	Sistotremastrum_guttuliferum
0dc05c777d2a965f0a5d08d7b7a56458	k__Fungi; p__Ascomycota; c__Dothideomycetes; o__Dothideomycetes_c; f__Dothideomycetes_c; g__Dothideomycetes_c; s__Dothideomycetes_c	0.919301012446291	k__Fungi;p__Ascomycota;c__Dothideomycetes	Fungi	Ascomycota	Dothideomycetes	Dothideomycetes_c	Dothideomycetes_c	Dothideomycetes_c	Dothideomycetes_c
0d2054ad18668ff06200cd375bad78fc	k__Fungi; p__Basidiomycota; c__Agaricomycetes; o__Cantharellales; f__Ceratobasidiaceae; g__Ceratobasidiaceae_f; s__Ceratobasidiaceae_f	0.9999870164695455	k__Fungi;p__Basidiomycota;c__Agaricomycetes;o__Cantharellales;f__Ceratobasidiaceae	Fungi	Basidiomycota	Agaricomycetes	Cantharellales	Ceratobasidiaceae	Ceratobasidiaceae_f	Ceratobasidiaceae_f
15341b177fd17d7c5a13510e07a8a807	k__Fungi; p__Fungi_k; c__Fungi_k; o__Fungi_k; f__Fungi_k; g__Fungi_k; s__Fungi_k	0.9999999999999871	k__Fungi	Fungi	Fungi_k	Fungi_k	Fungi_k	Fungi_k	Fungi_k	Fungi_k
b1b361c336fa35c9c85cc4d6e884e225	k__Fungi; p__Ascomycota; c__Sordariomycetes; o__Glomerellales; f__Plectosphaerellaceae; g__Paragibellulopsis; s__Paragibellulopsis_chrysanthemi	0.979317077657181	k__Fungi;p__Ascomycota;c__Sordariomycetes;o__Glomerellales;f__Plectosphaerellaceae;g__Paragibellulopsis;s__Paragibellulopsis_chrysanthemi	Fungi	Ascomycota	Sordariomycetes	Glomerellales	Plectosphaerellaceae	Paragibellulopsis	Paragibellulopsis_chrysanthemi
188f2c973193c37c726eb3e8437e22d6	k__Fungi; p__Basidiomycota; c__Agaricomycetes; o__Polyporales; f__Irpicaceae; g__Irpex; s__Irpex_hacksungii	0.9944951913062979	k__Fungi;p__Basidiomycota;c__Agaricomycetes;o__Polyporales;f__Irpicaceae;g__Irpex;s__Irpex_hacksungii;sh__SH1080352.10FU	Fungi	Basidiomycota	Agaricomycetes	Polyporales	Irpicaceae	Irpex	Irpex_hacksungii
d88567ebe660f0a6651f4846b34d71e2	k__Fungi; p__Basidiomycota; c__Cystobasidiomycetes; o__Cystobasidiales; f__Cystobasidiaceae; g__Cystobasidium; s__Cystobasidium_slooffiae	0.9889073948449705	k__Fungi;p__Basidiomycota;c__Cystobasidiomycetes;o__Cystobasidiales;f__Cystobasidiaceae;g__Cystobasidium;s__Cystobasidium_slooffiae;sh__SH1337768.10FU	Fungi	Basidiomycota	Cystobasidiomycetes	Cystobasidiales	Cystobasidiaceae	Cystobasidium	Cystobasidium_slooffiae
a35b5bb74ae271253c48bf3dc7eaf278	k__Fungi; p__Basidiomycota; c__Agaricomycetes; o__Polyporales; f__Phanerochaetaceae; g__Phlebiopsis; s__Phlebiopsis_g	0.9917145976157128	k__Fungi;p__Basidiomycota;c__Agaricomycetes;o__Polyporales;f__Phanerochaetaceae;g__Phlebiopsis;s__Phlebiopsis_sp;sh__SH1340676.10FU	Fungi	Basidiomycota	Agaricomycetes	Polyporales	Phanerochaetaceae	Phlebiopsis	Phlebiopsis_g
460ee956051055b9917825569ff923c6	k__Fungi; p__Fungi_k; c__Fungi_k; o__Fungi_k; f__Fungi_k; g__Fungi_k; s__Fungi_k	0.9999999999999888	k__Fungi	Fungi	Fungi_k	Fungi_k	Fungi_k	Fungi_k	Fungi_k	Fungi_k
6579df31fdeb07e99320f5c35e866053	k__Fungi; p__Ascomycota; c__Sordariomycetes; o__Xylariales; f__Graphostromataceae; g__Biscogniauxia; s__Biscogniauxia_atropunctata	0.9969157177427169	k__Fungi;p__Ascomycota;c__Sordariomycetes;o__Xylariales;f__Graphostromataceae;g__Biscogniauxia;s__Biscogniauxia_atropunctata;sh__SH1376962.10FU	Fungi	Ascomycota	Sordariomycetes	Xylariales	Graphostromataceae	Biscogniauxia	Biscogniauxia_atropunctata
10bd3d3bd7cf83389aa23b472f7e1b02	k__Fungi; p__Ascomycota; c__Saccharomycetes; o__Saccharomycetales; f__Saccharomycetales_fam_Incertae_sedis; g__Candida; s__Candida_dubliniensis	0.9999999800769361	k__Fungi;p__Ascomycota;c__Saccharomycetes;o__Saccharomycetales;f__Saccharomycetales_fam_Incertae_sedis;g__Candida;s__Candida_dubliniensis;sh__SH1382655.10FU	Fungi	Ascomycota	Saccharomycetes	Saccharomycetales	Saccharomycetales_fam_Incertae_sedis	Candida	Candida_dubliniensis
3d6bfcea85715e48dbcf0dd76406cc95	k__Fungi; p__Mucoromycota; c__Mucoromycetes; o__Mucorales; f__Mucoraceae; g__Mucor; s__Mucor_nidicola	0.889239489860263	k__Fungi;p__Mucoromycota;c__Mucoromycetes;o__Mucorales;f__Mucoraceae;g__Mucor;s__Mucor_nidicola;sh__SH1407096.10FU	Fungi	Mucoromycota	Mucoromycetes	Mucorales	Mucoraceae	Mucor	Mucor_nidicola
661bf01ab3c55eee56f097097463b355	k__Fungi; p__Ascomycota; c__Eurotiomycetes; o__Eurotiales; f__Aspergillaceae; g__Penicillium; s__Penicillium_sclerotiorum	0.949953029337921	k__Fungi;p__Ascomycota;c__Eurotiomycetes;o__Eurotiales;f__Aspergillaceae;g__Penicillium;s__Penicillium_sclerotiorum;sh__SH1354418.10FU	Fungi	Ascomycota	Eurotiomycetes	Eurotiales	Aspergillaceae	Penicillium	Penicillium_sclerotiorum
52e9f5f2067648d12ec4ece62907a916	k__Fungi; p__Basidiomycota; c__Agaricomycetes; o__Polyporales; f__Steccherinaceae; g__Steccherinum; s__Steccherinum_tenuissimum	0.9935945171927233	k__Fungi;p__Basidiomycota;c__Agaricomycetes;o__Polyporales;f__Steccherinaceae;g__Steccherinum;s__Steccherinum_tenuissimum;sh__SH1187344.10FU	Fungi	Basidiomycota	Agaricomycetes	Polyporales	Steccherinaceae	Steccherinum	Steccherinum_tenuissimum
17fd2c848707f61d8529a69db689f25d	k__Fungi; p__Basidiomycota; c__Agaricomycetes; o__Hymenochaetales; f__Schizoporaceae; g__Xylodon; s__Xylodon_flaviporus	0.9802184064429638	k__Fungi;p__Basidiomycota;c__Agaricomycetes;o__Hymenochaetales;f__Schizoporaceae;g__Xylodon;s__Xylodon_flaviporus;sh__SH1386323.10FU	Fungi	Basidiomycota	Agaricomycetes	Hymenochaetales	Schizoporaceae	Xylodon	Xylodon_flaviporus
9cb444debe2d75a0faae9e99b58b96cd	k__Fungi; p__Fungi_k; c__Fungi_k; o__Fungi_k; f__Fungi_k; g__Fungi_k; s__Fungi_k	0.999999999999994	k__Fungi	Fungi	Fungi_k	Fungi_k	Fungi_k	Fungi_k	Fungi_k	Fungi_k
f1e26dc5de94e5ab231af0b5370bb2e2	k__Fungi; p__Fungi_k; c__Fungi_k; o__Fungi_k; f__Fungi_k; g__Fungi_k; s__Fungi_k	0.9999999999999972	k__Fungi	Fungi	Fungi_k	Fungi_k	Fungi_k	Fungi_k	Fungi_k	Fungi_k
30b0fb5596b860a51ac563e7ee8466cb	k__Fungi; p__Basidiomycota; c__Agaricomycetes; o__Atheliales; f__Atheliales_o; g__Atheliales_o; s__Atheliales_o	0.7913289835690334	k__Fungi;p__Basidiomycota;c__Agaricomycetes;o__Atheliales;f__Atheliales_fam_Incertae_sedis;g__Atheliales_gen_Incertae_sedis;s__Atheliales_sp;sh__SH1077491.10FU	Fungi	Basidiomycota	Agaricomycetes	Atheliales	Atheliales_o	Atheliales_o	Atheliales_o
aec4b0133013dab9debc4e68fe3659ff	k__Fungi; p__Basidiomycota; c__Agaricomycetes; o__Russulales; f__Peniophoraceae; g__Peniophoraceae_f; s__Peniophoraceae_f	0.9998330962933829	k__Fungi;p__Basidiomycota;c__Agaricomycetes;o__Russulales;f__Peniophoraceae;g__Peniophoraceae_gen_Incertae_sedis;s__Peniophoraceae_sp;sh__SH1054279.10FU	Fungi	Basidiomycota	Agaricomycetes	Russulales	Peniophoraceae	Peniophoraceae_f	Peniophoraceae_f
7f21c32326f029d0dc23b6548c9be2eb	k__Fungi; p__Basidiomycota; c__Agaricomycetes; o__Polyporales; f__Irpicaceae; g__Ceriporia; s__Ceriporia_nanlingensis	0.9999483626917147	k__Fungi;p__Basidiomycota;c__Agaricomycetes;o__Polyporales;f__Irpicaceae;g__Ceriporia;s__Ceriporia_nanlingensis;sh__SH1290617.10FU	Fungi	Basidiomycota	Agaricomycetes	Polyporales	Irpicaceae	Ceriporia	Ceriporia_nanlingensis
031b9c6bdcad084cb3a095a0d198cebd	k__Fungi; p__Fungi_k; c__Fungi_k; o__Fungi_k; f__Fungi_k; g__Fungi_k; s__Fungi_k	1.0000000000000053	k__Fungi	Fungi	Fungi_k	Fungi_k	Fungi_k	Fungi_k	Fungi_k	Fungi_k
fb35ca8ff15793fd70c07633f55dad71	k__Fungi; p__Fungi_k; c__Fungi_k; o__Fungi_k; f__Fungi_k; g__Fungi_k; s__Fungi_k	1.0000000000000002	k__Fungi	Fungi	Fungi_k	Fungi_k	Fungi_k	Fungi_k	Fungi_k	Fungi_k
ab7c9f9f3b22be975b8ce431693e3ece	k__Fungi; p__Basidiomycota; c__Microbotryomycetes; o__Sporidiobolales; f__Sporidiobolaceae; g__Sporobolomyces; s__Sporobolomyces_carnicolor	0.9690755357001587	k__Fungi;p__Basidiomycota;c__Microbotryomycetes;o__Sporidiobolales;f__Sporidiobolaceae;g__Sporobolomyces;s__Sporobolomyces_carnicolor;sh__SH1273262.10FU	Fungi	Basidiomycota	Microbotryomycetes	Sporidiobolales	Sporidiobolaceae	Sporobolomyces	Sporobolomyces_carnicolor
dfeb122bae0ce9f357229be0b4e90619	k__Fungi; p__Basidiomycota; c__Agaricomycetes; o__Polyporales; f__Polyporaceae; g__Trametes; s__Trametes_hirsuta	0.7759705282227287	k__Fungi;p__Basidiomycota;c__Agaricomycetes;o__Polyporales;f__Polyporaceae;g__Trametes;s__Trametes_hirsuta;sh__SH1240572.10FU	Fungi	Basidiomycota	Agaricomycetes	Polyporales	Polyporaceae	Trametes	Trametes_hirsuta
a84c1b186e95fc28c77e0c58812ca7e5	k__Fungi; p__Basidiomycota; c__Agaricomycetes; o__Hymenochaetales; f__Hymenochaetaceae; g__Fuscoporia; s__Fuscoporia_karsteniana	0.9982149268876593	k__Fungi;p__Basidiomycota;c__Agaricomycetes;o__Hymenochaetales;f__Hymenochaetaceae;g__Fuscoporia;s__Fuscoporia_karsteniana;sh__SH1219095.10FU	Fungi	Basidiomycota	Agaricomycetes	Hymenochaetales	Hymenochaetaceae	Fuscoporia	Fuscoporia_karsteniana
ff05b9a82953ffcc6645056118fff882	k__Fungi; p__Ascomycota; c__Sordariomycetes; o__Hypocreales; f__Sarocladiaceae; g__Sarocladium; s__Sarocladium_zeae	0.9999402084295536	k__Fungi;p__Ascomycota;c__Sordariomycetes;o__Hypocreales;f__Sarocladiaceae;g__Sarocladium;s__Sarocladium_zeae;sh__SH1083619.10FU	Fungi	Ascomycota	Sordariomycetes	Hypocreales	Sarocladiaceae	Sarocladium	Sarocladium_zeae
c159022850229d28f9c8462163c7d352	k__Fungi; p__Basidiomycota; c__Agaricomycetes; o__Polyporales; f__Irpicaceae; g__Irpex; s__Irpex_hacksungii	0.9909638608371718	k__Fungi;p__Basidiomycota;c__Agaricomycetes;o__Polyporales;f__Irpicaceae;g__Irpex;s__Irpex_hacksungii;sh__SH1080352.10FU	Fungi	Basidiomycota	Agaricomycetes	Polyporales	Irpicaceae	Irpex	Irpex_hacksungii
f99e1af2943587a660911231516d2b0d	k__Fungi; p__Ascomycota; c__Eurotiomycetes; o__Eurotiales; f__Aspergillaceae; g__Penicillium; s__Penicillium_citrinum	0.8758659232400434	k__Fungi;p__Ascomycota;c__Eurotiomycetes;o__Eurotiales;f__Aspergillaceae;g__Penicillium;s__Penicillium_citrinum;sh__SH1095359.10FU	Fungi	Ascomycota	Eurotiomycetes	Eurotiales	Aspergillaceae	Penicillium	Penicillium_citrinum
e99579856827fee5f22ab107b3a13376	k__Fungi; p__Fungi_k; c__Fungi_k; o__Fungi_k; f__Fungi_k; g__Fungi_k; s__Fungi_k	1.0000000000000129	k__Fungi	Fungi	Fungi_k	Fungi_k	Fungi_k	Fungi_k	Fungi_k	Fungi_k
3cd81fadba0bfa954ab5979c1601a3f1	k__Fungi; p__Basidiomycota; c__Agaricomycetes; o__Agaricales; f__Psathyrellaceae; g__Coprinopsis; s__Coprinopsis_g	0.9998418842752959	k__Fungi;p__Basidiomycota;c__Agaricomycetes;o__Agaricales;f__Psathyrellaceae;g__Coprinopsis	Fungi	Basidiomycota	Agaricomycetes	Agaricales	Psathyrellaceae	Coprinopsis	Coprinopsis_g
ee5f92fb85239ef0e008d94c6caa3021	k__Fungi; p__Mucoromycota; c__Mucoromycetes; o__Mucorales; f__Cunninghamellaceae; g__Absidia; s__Absidia_g	0.9945263209493543	k__Fungi;p__Mucoromycota;c__Mucoromycetes;o__Mucorales;f__Cunninghamellaceae;g__Absidia;s__Absidia_sp	Fungi	Mucoromycota	Mucoromycetes	Mucorales	Cunninghamellaceae	Absidia	Absidia_g
4932e029d9172067e8f5fd3ec92cf65f	k__Fungi; p__Ascomycota; c__Eurotiomycetes; o__Eurotiales; f__Trichocomaceae; g__Talaromyces; s__Talaromyces_g	0.9994469978007016	k__Fungi;p__Ascomycota;c__Eurotiomycetes;o__Eurotiales;f__Trichocomaceae;g__Talaromyces	Fungi	Ascomycota	Eurotiomycetes	Eurotiales	Trichocomaceae	Talaromyces	Talaromyces_g
0f3757bb9559984673430e50398b09b4	k__Fungi; p__Ascomycota; c__Leotiomycetes; o__Helotiales; f__Helotiales_o; g__Helotiales_o; s__Helotiales_o	0.9961596594208594	k__Fungi;p__Ascomycota;c__Leotiomycetes;o__Helotiales;f__Helotiales_fam_Incertae_sedis;g__Helotiales_gen_Incertae_sedis;s__Helotiales_sp;sh__SH1208951.10FU	Fungi	Ascomycota	Leotiomycetes	Helotiales	Helotiales_o	Helotiales_o	Helotiales_o
00ee2a2c090f05308822650762e66a5b	k__Fungi; p__Fungi_k; c__Fungi_k; o__Fungi_k; f__Fungi_k; g__Fungi_k; s__Fungi_k	1.0000000000000124	k__Fungi	Fungi	Fungi_k	Fungi_k	Fungi_k	Fungi_k	Fungi_k	Fungi_k
448deac40229a7efe42560189717e686	k__Fungi; p__Ascomycota; c__Eurotiomycetes; o__Eurotiales; f__Aspergillaceae; g__Penicillium; s__Penicillium_sumatraense	0.7398758165389826	k__Fungi;p__Ascomycota;c__Eurotiomycetes;o__Eurotiales;f__Aspergillaceae;g__Penicillium;s__Penicillium_sumatraense	Fungi	Ascomycota	Eurotiomycetes	Eurotiales	Aspergillaceae	Penicillium	Penicillium_sumatraense
0fa00e784c08052273ca73e81a15e062	k__Fungi; p__Basidiomycota; c__Agaricomycetes; o__Polyporales; f__Irpicaceae; g__Ceriporia; s__Ceriporia_nanlingensis	0.9999574586663621	k__Fungi;p__Basidiomycota;c__Agaricomycetes;o__Polyporales;f__Irpicaceae;g__Ceriporia;s__Ceriporia_nanlingensis;sh__SH1290617.10FU	Fungi	Basidiomycota	Agaricomycetes	Polyporales	Irpicaceae	Ceriporia	Ceriporia_nanlingensis
d5e6579d4f59fbc7e5111623153c0dc6	k__Fungi; p__Ascomycota; c__Leotiomycetes; o__Helotiales; f__Helotiales_o; g__Helotiales_o; s__Helotiales_o	0.7091088466169545	k__Fungi;p__Ascomycota;c__Leotiomycetes;o__Helotiales	Fungi	Ascomycota	Leotiomycetes	Helotiales	Helotiales_o	Helotiales_o	Helotiales_o
92ebee3e1d5e106289f51862c1333f71	k__Fungi; p__Basidiomycota; c__Agaricomycetes; o__Russulales; f__Peniophoraceae; g__Peniophoraceae_f; s__Peniophoraceae_f	0.9997541173122065	k__Fungi;p__Basidiomycota;c__Agaricomycetes;o__Russulales;f__Peniophoraceae;g__Peniophoraceae_gen_Incertae_sedis;s__Peniophoraceae_sp;sh__SH1054279.10FU	Fungi	Basidiomycota	Agaricomycetes	Russulales	Peniophoraceae	Peniophoraceae_f	Peniophoraceae_f
7c26a2bc5ea2beb04c6da14fd04a67c3	k__Fungi; p__Basidiomycota; c__Agaricomycetes; o__Boletales; f__Suillaceae; g__Suillus; s__Suillus_g	0.9999929156422516	k__Fungi;p__Basidiomycota;c__Agaricomycetes;o__Boletales;f__Suillaceae;g__Suillus	Fungi	Basidiomycota	Agaricomycetes	Boletales	Suillaceae	Suillus	Suillus_g
ce2917ca97a6ed458f6df0078d2e50b8	k__Fungi; p__Ascomycota; c__Dothideomycetes; o__Dothideales; f__Saccotheciaceae; g__Aureobasidium; s__Aureobasidium_pullulans	0.9979886301634044	k__Fungi;p__Ascomycota;c__Dothideomycetes;o__Dothideales;f__Saccotheciaceae;g__Aureobasidium;s__Aureobasidium_pullulans;sh__SH1290132.10FU	Fungi	Ascomycota	Dothideomycetes	Dothideales	Saccotheciaceae	Aureobasidium	Aureobasidium_pullulans
b356543b7a64ebdabe2aacf2a2b4e4af	k__Fungi; p__Fungi_k; c__Fungi_k; o__Fungi_k; f__Fungi_k; g__Fungi_k; s__Fungi_k	1.000000000000011	k__Fungi	Fungi	Fungi_k	Fungi_k	Fungi_k	Fungi_k	Fungi_k	Fungi_k
338ebd69d5b03851738ff9768b025122	k__Fungi; p__Fungi_k; c__Fungi_k; o__Fungi_k; f__Fungi_k; g__Fungi_k; s__Fungi_k	0.9999999999999989	k__Fungi	Fungi	Fungi_k	Fungi_k	Fungi_k	Fungi_k	Fungi_k	Fungi_k
80031c9738d7445f1f857a5681c053a2	k__Fungi; p__Fungi_k; c__Fungi_k; o__Fungi_k; f__Fungi_k; g__Fungi_k; s__Fungi_k	0.9999999999999862	k__Fungi	Fungi	Fungi_k	Fungi_k	Fungi_k	Fungi_k	Fungi_k	Fungi_k
67f44c83f92569ef7a21c13966f48c49	k__Fungi; p__Ascomycota; c__Eurotiomycetes; o__Eurotiales; f__Aspergillaceae; g__Aspergillus; s__Aspergillus_g	0.952718283561182	k__Fungi;p__Ascomycota;c__Eurotiomycetes;o__Eurotiales;f__Aspergillaceae;g__Aspergillus	Fungi	Ascomycota	Eurotiomycetes	Eurotiales	Aspergillaceae	Aspergillus	Aspergillus_g
2b01ef55e239b98907664a9962dd835b	k__Fungi; p__Ascomycota; c__Ascomycota_p; o__Ascomycota_p; f__Ascomycota_p; g__Ascomycota_p; s__Ascomycota_p	0.7222162409147345	k__Fungi;p__Ascomycota	Fungi	Ascomycota	Ascomycota_p	Ascomycota_p	Ascomycota_p	Ascomycota_p	Ascomycota_p
9b61ba42a163f182fb0517d16e21353b	k__Fungi; p__Ascomycota; c__Eurotiomycetes; o__Eurotiales; f__Aspergillaceae; g__Xeromyces; s__Xeromyces_bisporus	0.9999979645796028	k__Fungi;p__Ascomycota;c__Eurotiomycetes;o__Eurotiales;f__Aspergillaceae;g__Xeromyces;s__Xeromyces_bisporus;sh__SH1338123.10FU	Fungi	Ascomycota	Eurotiomycetes	Eurotiales	Aspergillaceae	Xeromyces	Xeromyces_bisporus
6eee9ddd3be2fa1716629021008b521e	k__Fungi; p__Ascomycota; c__Lecanoromycetes; o__Lecanorales; f__Lecanoraceae; g__Rhizoplaca; s__Rhizoplaca_novomexicana	0.7156053729591471	k__Fungi;p__Ascomycota;c__Lecanoromycetes;o__Lecanorales;f__Lecanoraceae;g__Rhizoplaca;s__Rhizoplaca_novomexicana;sh__SH1199517.10FU	Fungi	Ascomycota	Lecanoromycetes	Lecanorales	Lecanoraceae	Rhizoplaca	Rhizoplaca_novomexicana
89b2c9df3eca133597ce82b96537e5cb	k__Fungi; p__Ascomycota; c__Ascomycota_p; o__Ascomycota_p; f__Ascomycota_p; g__Ascomycota_p; s__Ascomycota_p	0.8053509685545772	k__Fungi;p__Ascomycota	Fungi	Ascomycota	Ascomycota_p	Ascomycota_p	Ascomycota_p	Ascomycota_p	Ascomycota_p
96bf17ba3b4f9d5e0a21bebcbe3e6347	k__Fungi; p__Mucoromycota; c__Mucoromycetes; o__Mucorales; f__Mucoraceae; g__Mucor; s__Mucor_circinelloides	0.9204506054859856	k__Fungi;p__Mucoromycota;c__Mucoromycetes;o__Mucorales;f__Mucoraceae;g__Mucor;s__Mucor_circinelloides	Fungi	Mucoromycota	Mucoromycetes	Mucorales	Mucoraceae	Mucor	Mucor_circinelloides
ec6e9c6d65a5399d0933b26589fe40db	k__Fungi; p__Fungi_k; c__Fungi_k; o__Fungi_k; f__Fungi_k; g__Fungi_k; s__Fungi_k	1.0000000000000047	k__Fungi	Fungi	Fungi_k	Fungi_k	Fungi_k	Fungi_k	Fungi_k	Fungi_k
1081bb0a739150388231c3df65f909dc	k__Fungi; p__Ascomycota; c__Ascomycota_p; o__Ascomycota_p; f__Ascomycota_p; g__Ascomycota_p; s__Ascomycota_p	0.7030625595856475	k__Fungi;p__Ascomycota	Fungi	Ascomycota	Ascomycota_p	Ascomycota_p	Ascomycota_p	Ascomycota_p	Ascomycota_p
4941117af711ee0d06af22a61b399b2d	k__Fungi; p__Ascomycota; c__Ascomycota_p; o__Ascomycota_p; f__Ascomycota_p; g__Ascomycota_p; s__Ascomycota_p	0.76222117306301	k__Fungi;p__Ascomycota	Fungi	Ascomycota	Ascomycota_p	Ascomycota_p	Ascomycota_p	Ascomycota_p	Ascomycota_p
04afb5de4ef391d0ab8c50f4bfe0e962	k__Fungi; p__Ascomycota; c__Ascomycota_p; o__Ascomycota_p; f__Ascomycota_p; g__Ascomycota_p; s__Ascomycota_p	0.7774330786989126	k__Fungi;p__Ascomycota	Fungi	Ascomycota	Ascomycota_p	Ascomycota_p	Ascomycota_p	Ascomycota_p	Ascomycota_p
2abd97d819164ca22fea7fc261ffc6f7	k__Fungi; p__Ascomycota; c__Ascomycota_p; o__Ascomycota_p; f__Ascomycota_p; g__Ascomycota_p; s__Ascomycota_p	0.7897964993717408	k__Fungi;p__Ascomycota	Fungi	Ascomycota	Ascomycota_p	Ascomycota_p	Ascomycota_p	Ascomycota_p	Ascomycota_p
35f06e1185ad3c6c3effe47fae6c598c	k__Fungi; p__Ascomycota; c__Ascomycota_p; o__Ascomycota_p; f__Ascomycota_p; g__Ascomycota_p; s__Ascomycota_p	0.764670989222594	k__Fungi;p__Ascomycota	Fungi	Ascomycota	Ascomycota_p	Ascomycota_p	Ascomycota_p	Ascomycota_p	Ascomycota_p
ef625af92358d0ebe325ddb17b618ef9	k__Fungi; p__Fungi_k; c__Fungi_k; o__Fungi_k; f__Fungi_k; g__Fungi_k; s__Fungi_k	1.0000000000000135	k__Fungi	Fungi	Fungi_k	Fungi_k	Fungi_k	Fungi_k	Fungi_k	Fungi_k
e82b717c2dd3e0adf38d29ca295ddd59	k__Fungi; p__Fungi_k; c__Fungi_k; o__Fungi_k; f__Fungi_k; g__Fungi_k; s__Fungi_k	1.0000000000000133	k__Fungi	Fungi	Fungi_k	Fungi_k	Fungi_k	Fungi_k	Fungi_k	Fungi_k
59e40ac1498d94cbe3008b752b9b8303	k__Fungi; p__Ascomycota; c__Ascomycota_p; o__Ascomycota_p; f__Ascomycota_p; g__Ascomycota_p; s__Ascomycota_p	0.8245947387822186	k__Fungi;p__Ascomycota	Fungi	Ascomycota	Ascomycota_p	Ascomycota_p	Ascomycota_p	Ascomycota_p	Ascomycota_p
a1ddc0359a09921a4282096b4bd79a1c	k__Fungi; p__Ascomycota; c__Ascomycota_p; o__Ascomycota_p; f__Ascomycota_p; g__Ascomycota_p; s__Ascomycota_p	0.8391003449731068	k__Fungi;p__Ascomycota	Fungi	Ascomycota	Ascomycota_p	Ascomycota_p	Ascomycota_p	Ascomycota_p	Ascomycota_p
c2203519577ce726b6acdcbc0b212be6	k__Fungi; p__Basidiomycota; c__Agaricomycetes; o__Cantharellales; f__Hydnaceae; g__Hydnaceae_f; s__Hydnaceae_f	0.968744441592373	k__Fungi;p__Basidiomycota;c__Agaricomycetes;o__Cantharellales;f__Hydnaceae	Fungi	Basidiomycota	Agaricomycetes	Cantharellales	Hydnaceae	Hydnaceae_f	Hydnaceae_f
6a9936467ea0ec25f21c078e03632613	k__Fungi; p__Ascomycota; c__Saccharomycetes; o__Saccharomycetales; f__Saccharomycetales_fam_Incertae_sedis; g__Candida; s__Candida_albicans	0.99961700996475	k__Fungi;p__Ascomycota;c__Saccharomycetes;o__Saccharomycetales;f__Saccharomycetales_fam_Incertae_sedis;g__Candida;s__Candida_albicans;sh__SH1382505.10FU	Fungi	Ascomycota	Saccharomycetes	Saccharomycetales	Saccharomycetales_fam_Incertae_sedis	Candida	Candida_albicans
f3556e55c63ed4a9ecddd5ef5c6d9ae8	k__Fungi; p__Fungi_k; c__Fungi_k; o__Fungi_k; f__Fungi_k; g__Fungi_k; s__Fungi_k	0.999999999999999	k__Fungi	Fungi	Fungi_k	Fungi_k	Fungi_k	Fungi_k	Fungi_k	Fungi_k
c694e89dc307e53cba3c2902c5b6c85d	k__Fungi; p__Fungi_k; c__Fungi_k; o__Fungi_k; f__Fungi_k; g__Fungi_k; s__Fungi_k	1.0000000000000075	k__Fungi	Fungi	Fungi_k	Fungi_k	Fungi_k	Fungi_k	Fungi_k	Fungi_k
c9cf851cc8b151e77a0a03db7e8e5217	k__Fungi; p__Basidiomycota; c__Tremellomycetes; o__Tremellales; f__Cryptococcaceae; g__Cryptococcus; s__Cryptococcus_neoformans	0.9998147584504673	k__Fungi;p__Basidiomycota;c__Tremellomycetes;o__Tremellales;f__Cryptococcaceae;g__Cryptococcus;s__Cryptococcus_neoformans;sh__SH1330342.10FU	Fungi	Basidiomycota	Tremellomycetes	Tremellales	Cryptococcaceae	Cryptococcus	Cryptococcus_neoformans
b52a1a66de4c1b1ac1df6e2151141f35	k__Fungi; p__Fungi_k; c__Fungi_k; o__Fungi_k; f__Fungi_k; g__Fungi_k; s__Fungi_k	1.0000000000000087	k__Fungi	Fungi	Fungi_k	Fungi_k	Fungi_k	Fungi_k	Fungi_k	Fungi_k
d17228a9992e50708dfe3ab981c02b40	k__Fungi; p__Ascomycota; c__Ascomycota_p; o__Ascomycota_p; f__Ascomycota_p; g__Ascomycota_p; s__Ascomycota_p	0.9070926004730602	k__Fungi;p__Ascomycota	Fungi	Ascomycota	Ascomycota_p	Ascomycota_p	Ascomycota_p	Ascomycota_p	Ascomycota_p
bf60bfa70e65550fe55e453011d1dc47	k__Fungi; p__Fungi_k; c__Fungi_k; o__Fungi_k; f__Fungi_k; g__Fungi_k; s__Fungi_k	1.0000000000000138	k__Fungi	Fungi	Fungi_k	Fungi_k	Fungi_k	Fungi_k	Fungi_k	Fungi_k
1b0ea89e8460365693bf9a78cd7193ef	k__Fungi; p__Fungi_k; c__Fungi_k; o__Fungi_k; f__Fungi_k; g__Fungi_k; s__Fungi_k	1.0000000000000093	k__Fungi	Fungi	Fungi_k	Fungi_k	Fungi_k	Fungi_k	Fungi_k	Fungi_k
f9e0459672e12d102a630e4436ffb437	k__Fungi; p__Basidiomycota; c__Agaricomycetes; o__Agaricales; f__Psathyrellaceae; g__Candolleomyces; s__Candolleomyces_g	0.9629005137213285	k__Fungi;p__Basidiomycota;c__Agaricomycetes;o__Agaricales;f__Psathyrellaceae;g__Candolleomyces	Fungi	Basidiomycota	Agaricomycetes	Agaricales	Psathyrellaceae	Candolleomyces	Candolleomyces_g
429ef104fcabfbb4b403c2c09309eadf	k__Fungi; p__Ascomycota; c__Eurotiomycetes; o__Eurotiales; f__Aspergillaceae; g__Penicillium; s__Penicillium_sumatraense	0.7522422670077402	k__Fungi;p__Ascomycota;c__Eurotiomycetes;o__Eurotiales;f__Aspergillaceae;g__Penicillium;s__Penicillium_sumatraense	Fungi	Ascomycota	Eurotiomycetes	Eurotiales	Aspergillaceae	Penicillium	Penicillium_sumatraense
a65c458a2eaee29b99fc1cc9465e919e	k__Fungi; p__Ascomycota; c__Ascomycota_p; o__Ascomycota_p; f__Ascomycota_p; g__Ascomycota_p; s__Ascomycota_p	0.9999999860543438	k__Fungi;p__Ascomycota	Fungi	Ascomycota	Ascomycota_p	Ascomycota_p	Ascomycota_p	Ascomycota_p	Ascomycota_p
f995e145056827d946990165fee89f13	k__Fungi; p__Fungi_k; c__Fungi_k; o__Fungi_k; f__Fungi_k; g__Fungi_k; s__Fungi_k	0.9999999999999939	k__Fungi	Fungi	Fungi_k	Fungi_k	Fungi_k	Fungi_k	Fungi_k	Fungi_k
6734e9cf02163049e17ba80c6b32c086	k__Fungi; p__Fungi_k; c__Fungi_k; o__Fungi_k; f__Fungi_k; g__Fungi_k; s__Fungi_k	1.0000000000000069	k__Fungi	Fungi	Fungi_k	Fungi_k	Fungi_k	Fungi_k	Fungi_k	Fungi_k
d25e7da93e6b99dc8a029aa614772d33	k__Fungi; p__Ascomycota; c__Ascomycota_p; o__Ascomycota_p; f__Ascomycota_p; g__Ascomycota_p; s__Ascomycota_p	0.7530424013178127	k__Fungi;p__Ascomycota	Fungi	Ascomycota	Ascomycota_p	Ascomycota_p	Ascomycota_p	Ascomycota_p	Ascomycota_p
3055f49397f6797b6af3d93deaed571e	k__Fungi; p__Basidiomycota; c__Microbotryomycetes; o__Sporidiobolales; f__Sporidiobolaceae; g__Rhodotorula; s__Rhodotorula_mucilaginosa	0.989085703998107	k__Fungi;p__Basidiomycota;c__Microbotryomycetes;o__Sporidiobolales;f__Sporidiobolaceae;g__Rhodotorula;s__Rhodotorula_mucilaginosa;sh__SH1231669.10FU	Fungi	Basidiomycota	Microbotryomycetes	Sporidiobolales	Sporidiobolaceae	Rhodotorula	Rhodotorula_mucilaginosa
6ea70f7a936fb3c83b92541a31d0699e	k__Fungi; p__Fungi_k; c__Fungi_k; o__Fungi_k; f__Fungi_k; g__Fungi_k; s__Fungi_k	0.9999999999999982	k__Fungi	Fungi	Fungi_k	Fungi_k	Fungi_k	Fungi_k	Fungi_k	Fungi_k
90c790cd51b041fe427de8b5a8538108	k__Fungi; p__Ascomycota; c__Ascomycota_p; o__Ascomycota_p; f__Ascomycota_p; g__Ascomycota_p; s__Ascomycota_p	0.7771362015729117	k__Fungi;p__Ascomycota	Fungi	Ascomycota	Ascomycota_p	Ascomycota_p	Ascomycota_p	Ascomycota_p	Ascomycota_p
bd59c047dfd8722ab82188dd160d6676	k__Fungi; p__Ascomycota; c__Ascomycota_p; o__Ascomycota_p; f__Ascomycota_p; g__Ascomycota_p; s__Ascomycota_p	0.7864652136973059	k__Fungi;p__Ascomycota	Fungi	Ascomycota	Ascomycota_p	Ascomycota_p	Ascomycota_p	Ascomycota_p	Ascomycota_p
38af596704a7b2a9f8c44337022e99fa	k__Fungi; p__Ascomycota; c__Ascomycota_p; o__Ascomycota_p; f__Ascomycota_p; g__Ascomycota_p; s__Ascomycota_p	0.7108153016830788	k__Fungi;p__Ascomycota	Fungi	Ascomycota	Ascomycota_p	Ascomycota_p	Ascomycota_p	Ascomycota_p	Ascomycota_p
56b3fd0a76a57716fa9dc86ef499f86a	k__Fungi; p__Ascomycota; c__Ascomycota_p; o__Ascomycota_p; f__Ascomycota_p; g__Ascomycota_p; s__Ascomycota_p	0.8290238723617521	k__Fungi;p__Ascomycota	Fungi	Ascomycota	Ascomycota_p	Ascomycota_p	Ascomycota_p	Ascomycota_p	Ascomycota_p
593628bb9050300495d659b459fd5aa3	k__Fungi; p__Fungi_k; c__Fungi_k; o__Fungi_k; f__Fungi_k; g__Fungi_k; s__Fungi_k	0.9999999999999962	k__Fungi	Fungi	Fungi_k	Fungi_k	Fungi_k	Fungi_k	Fungi_k	Fungi_k
c9e7884f1c2075801461d85650da4f8d	k__Fungi; p__Fungi_k; c__Fungi_k; o__Fungi_k; f__Fungi_k; g__Fungi_k; s__Fungi_k	0.9999999999999978	k__Fungi	Fungi	Fungi_k	Fungi_k	Fungi_k	Fungi_k	Fungi_k	Fungi_k
8eedab30efdc40b9d88bdabe03635ba4	k__Fungi; p__Fungi_k; c__Fungi_k; o__Fungi_k; f__Fungi_k; g__Fungi_k; s__Fungi_k	1.0000000000000073	k__Fungi	Fungi	Fungi_k	Fungi_k	Fungi_k	Fungi_k	Fungi_k	Fungi_k
21feee196968505b63639074b75a7d27	k__Fungi; p__Ascomycota; c__Saccharomycetes; o__Saccharomycetales; f__Saccharomycetaceae; g__Kazachstania; s__Kazachstania_servazzii	0.9951658728646839	k__Fungi;p__Ascomycota;c__Saccharomycetes;o__Saccharomycetales;f__Saccharomycetaceae;g__Kazachstania;s__Kazachstania_servazzii;sh__SH1277533.10FU	Fungi	Ascomycota	Saccharomycetes	Saccharomycetales	Saccharomycetaceae	Kazachstania	Kazachstania_servazzii
51274328fae601e51cb78952f19c2422	k__Fungi; p__Ascomycota; c__Leotiomycetes; o__Helotiales; f__Helotiales_o; g__Helotiales_o; s__Helotiales_o	0.800799601549424	k__Fungi;p__Ascomycota;c__Leotiomycetes;o__Helotiales	Fungi	Ascomycota	Leotiomycetes	Helotiales	Helotiales_o	Helotiales_o	Helotiales_o
0768181f519364a9439b4901c0812f7d	k__Fungi; p__Fungi_k; c__Fungi_k; o__Fungi_k; f__Fungi_k; g__Fungi_k; s__Fungi_k	1.0000000000000002	k__Fungi	Fungi	Fungi_k	Fungi_k	Fungi_k	Fungi_k	Fungi_k	Fungi_k
fcbc999ca804479fd39bdcaef8c7c1c0	k__Fungi; p__Ascomycota; c__Eurotiomycetes; o__Eurotiales; f__Aspergillaceae; g__Aspergillus; s__Aspergillus_g	0.854051233064071	k__Fungi;p__Ascomycota;c__Eurotiomycetes;o__Eurotiales;f__Aspergillaceae;g__Aspergillus;s__Aspergillus_sp	Fungi	Ascomycota	Eurotiomycetes	Eurotiales	Aspergillaceae	Aspergillus	Aspergillus_g
c37e09b9fad0c4eba3557a245868649d	k__Fungi; p__Ascomycota; c__Ascomycota_p; o__Ascomycota_p; f__Ascomycota_p; g__Ascomycota_p; s__Ascomycota_p	0.7682206524219672	k__Fungi;p__Ascomycota	Fungi	Ascomycota	Ascomycota_p	Ascomycota_p	Ascomycota_p	Ascomycota_p	Ascomycota_p
28545e23c1f29aea79e54c2490f42375	k__Fungi; p__Ascomycota; c__Ascomycota_p; o__Ascomycota_p; f__Ascomycota_p; g__Ascomycota_p; s__Ascomycota_p	0.8437121510333081	k__Fungi;p__Ascomycota	Fungi	Ascomycota	Ascomycota_p	Ascomycota_p	Ascomycota_p	Ascomycota_p	Ascomycota_p
eb0a24cde4475b6ba4de24cc713e47bd	k__Fungi; p__Basidiomycota; c__Tremellomycetes; o__Tremellales; f__Cryptococcaceae; g__Cryptococcus; s__Cryptococcus_neoformans	0.9874195568210511	k__Fungi;p__Basidiomycota;c__Tremellomycetes;o__Tremellales;f__Cryptococcaceae;g__Cryptococcus;s__Cryptococcus_neoformans;sh__SH1330342.10FU	Fungi	Basidiomycota	Tremellomycetes	Tremellales	Cryptococcaceae	Cryptococcus	Cryptococcus_neoformans
c4f98e0590c3c3c748b905428148ad3a	k__Fungi; p__Fungi_k; c__Fungi_k; o__Fungi_k; f__Fungi_k; g__Fungi_k; s__Fungi_k	0.999999999999998	k__Fungi	Fungi	Fungi_k	Fungi_k	Fungi_k	Fungi_k	Fungi_k	Fungi_k
5508856d9d35057c551dd5960df94f40	k__Fungi; p__Fungi_k; c__Fungi_k; o__Fungi_k; f__Fungi_k; g__Fungi_k; s__Fungi_k	1.0000000000000129	k__Fungi	Fungi	Fungi_k	Fungi_k	Fungi_k	Fungi_k	Fungi_k	Fungi_k
22381edf2faa88f0c0f8bece81941d9f	k__Fungi; p__Basidiomycota; c__Agaricomycetes; o__Trechisporales; f__Hydnodontaceae; g__Trechispora; s__Trechispora_g	0.9424385551288882	k__Fungi;p__Basidiomycota;c__Agaricomycetes;o__Trechisporales;f__Hydnodontaceae;g__Trechispora;s__Trechispora_sp;sh__SH1170522.10FU	Fungi	Basidiomycota	Agaricomycetes	Trechisporales	Hydnodontaceae	Trechispora	Trechispora_g
6790f42c7414d04cbfca2d0bc9403137	k__Fungi; p__Fungi_k; c__Fungi_k; o__Fungi_k; f__Fungi_k; g__Fungi_k; s__Fungi_k	1.0000000000000053	k__Fungi	Fungi	Fungi_k	Fungi_k	Fungi_k	Fungi_k	Fungi_k	Fungi_k
169e5e3b66682ea6eb26c477ce213b7c	k__Fungi; p__Ascomycota; c__Ascomycota_p; o__Ascomycota_p; f__Ascomycota_p; g__Ascomycota_p; s__Ascomycota_p	0.7349309294024986	k__Fungi;p__Ascomycota	Fungi	Ascomycota	Ascomycota_p	Ascomycota_p	Ascomycota_p	Ascomycota_p	Ascomycota_p
45abd68f253254c6fa3ef6981b6b7e84	k__Fungi; p__Fungi_k; c__Fungi_k; o__Fungi_k; f__Fungi_k; g__Fungi_k; s__Fungi_k	0.9999999999999942	k__Fungi	Fungi	Fungi_k	Fungi_k	Fungi_k	Fungi_k	Fungi_k	Fungi_k
3cdd5c9296b323dd20d1dc2d8c42357a	k__Fungi; p__Ascomycota; c__Ascomycota_p; o__Ascomycota_p; f__Ascomycota_p; g__Ascomycota_p; s__Ascomycota_p	0.72093334331487	k__Fungi;p__Ascomycota	Fungi	Ascomycota	Ascomycota_p	Ascomycota_p	Ascomycota_p	Ascomycota_p	Ascomycota_p
734b3bd502cf4e15ab36e06823ea19d1	k__Fungi; p__Fungi_k; c__Fungi_k; o__Fungi_k; f__Fungi_k; g__Fungi_k; s__Fungi_k	1.0000000000000064	k__Fungi	Fungi	Fungi_k	Fungi_k	Fungi_k	Fungi_k	Fungi_k	Fungi_k
4bc9878d9cb5210bbfa8e56b3f990fe1	k__Fungi; p__Ascomycota; c__Ascomycota_p; o__Ascomycota_p; f__Ascomycota_p; g__Ascomycota_p; s__Ascomycota_p	0.7376342751174751	k__Fungi;p__Ascomycota	Fungi	Ascomycota	Ascomycota_p	Ascomycota_p	Ascomycota_p	Ascomycota_p	Ascomycota_p
e2d6b080c35429edc1bf79320290191c	k__Fungi; p__Fungi_k; c__Fungi_k; o__Fungi_k; f__Fungi_k; g__Fungi_k; s__Fungi_k	1.0000000000000027	k__Fungi	Fungi	Fungi_k	Fungi_k	Fungi_k	Fungi_k	Fungi_k	Fungi_k
79b8b59b62b6bcd94537b80830d7f47d	k__Fungi; p__Fungi_k; c__Fungi_k; o__Fungi_k; f__Fungi_k; g__Fungi_k; s__Fungi_k	0.99999999999999	k__Fungi	Fungi	Fungi_k	Fungi_k	Fungi_k	Fungi_k	Fungi_k	Fungi_k
0d2a77295862dea2a5fc3940be192278	k__Fungi; p__Ascomycota; c__Ascomycota_p; o__Ascomycota_p; f__Ascomycota_p; g__Ascomycota_p; s__Ascomycota_p	0.7270111482927919	k__Fungi;p__Ascomycota	Fungi	Ascomycota	Ascomycota_p	Ascomycota_p	Ascomycota_p	Ascomycota_p	Ascomycota_p
0ae1e837235a2579609ba6290feae7d9	k__Fungi; p__Ascomycota; c__Ascomycota_p; o__Ascomycota_p; f__Ascomycota_p; g__Ascomycota_p; s__Ascomycota_p	0.801042973317456	k__Fungi;p__Ascomycota	Fungi	Ascomycota	Ascomycota_p	Ascomycota_p	Ascomycota_p	Ascomycota_p	Ascomycota_p
690485dcc88ee46eafca88455c1350fb	k__Fungi; p__Fungi_k; c__Fungi_k; o__Fungi_k; f__Fungi_k; g__Fungi_k; s__Fungi_k	0.9999999999999903	k__Fungi	Fungi	Fungi_k	Fungi_k	Fungi_k	Fungi_k	Fungi_k	Fungi_k
810614b36a07abd1a925d29282f91909	k__Fungi; p__Fungi_k; c__Fungi_k; o__Fungi_k; f__Fungi_k; g__Fungi_k; s__Fungi_k	0.9999999999999999	k__Fungi	Fungi	Fungi_k	Fungi_k	Fungi_k	Fungi_k	Fungi_k	Fungi_k
ea7f5040ec9eea16e64fd85b2b7d0572	k__Fungi; p__Fungi_k; c__Fungi_k; o__Fungi_k; f__Fungi_k; g__Fungi_k; s__Fungi_k	1.0000000000000113	k__Fungi	Fungi	Fungi_k	Fungi_k	Fungi_k	Fungi_k	Fungi_k	Fungi_k
25a303dbf5b2a6790682c1e63eb0bc86	k__Fungi; p__Fungi_k; c__Fungi_k; o__Fungi_k; f__Fungi_k; g__Fungi_k; s__Fungi_k	0.9999999999999988	k__Fungi	Fungi	Fungi_k	Fungi_k	Fungi_k	Fungi_k	Fungi_k	Fungi_k
c736e249da125d2afbdc5153e798f4ff	k__Fungi; p__Fungi_k; c__Fungi_k; o__Fungi_k; f__Fungi_k; g__Fungi_k; s__Fungi_k	0.9999999999999988	k__Fungi	Fungi	Fungi_k	Fungi_k	Fungi_k	Fungi_k	Fungi_k	Fungi_k
424a42c649741aeff084e4e4be42d5e8	k__Fungi; p__Fungi_k; c__Fungi_k; o__Fungi_k; f__Fungi_k; g__Fungi_k; s__Fungi_k	0.9999999999999917	k__Fungi	Fungi	Fungi_k	Fungi_k	Fungi_k	Fungi_k	Fungi_k	Fungi_k
7eb255283c6c52bd61ca80e88b608ef1	k__Fungi; p__Ascomycota; c__Ascomycota_p; o__Ascomycota_p; f__Ascomycota_p; g__Ascomycota_p; s__Ascomycota_p	0.7843969321112361	k__Fungi;p__Ascomycota	Fungi	Ascomycota	Ascomycota_p	Ascomycota_p	Ascomycota_p	Ascomycota_p	Ascomycota_p
464e19f539c8d48eeb059761e4076133	k__Fungi; p__Fungi_k; c__Fungi_k; o__Fungi_k; f__Fungi_k; g__Fungi_k; s__Fungi_k	1.0000000000000064	k__Fungi	Fungi	Fungi_k	Fungi_k	Fungi_k	Fungi_k	Fungi_k	Fungi_k
89280dfd2d6284d8379415b8579079b4	k__Fungi; p__Fungi_k; c__Fungi_k; o__Fungi_k; f__Fungi_k; g__Fungi_k; s__Fungi_k	0.9999999999999956	k__Fungi	Fungi	Fungi_k	Fungi_k	Fungi_k	Fungi_k	Fungi_k	Fungi_k
c9724494bb18bcad90882e40457e048a	k__Fungi; p__Ascomycota; c__Saccharomycetes; o__Saccharomycetales; f__Saccharomycetales_fam_Incertae_sedis; g__Candida; s__Candida_albicans	0.9994934939344278	k__Fungi;p__Ascomycota;c__Saccharomycetes;o__Saccharomycetales;f__Saccharomycetales_fam_Incertae_sedis;g__Candida;s__Candida_albicans;sh__SH1382505.10FU	Fungi	Ascomycota	Saccharomycetes	Saccharomycetales	Saccharomycetales_fam_Incertae_sedis	Candida	Candida_albicans
1c99b355daab861d42ef02ad4aecd425	k__Fungi; p__Fungi_k; c__Fungi_k; o__Fungi_k; f__Fungi_k; g__Fungi_k; s__Fungi_k	0.9999999999999948	k__Fungi	Fungi	Fungi_k	Fungi_k	Fungi_k	Fungi_k	Fungi_k	Fungi_k
d0ba115d2648c5cea27a7c508f335db2	k__Fungi; p__Fungi_k; c__Fungi_k; o__Fungi_k; f__Fungi_k; g__Fungi_k; s__Fungi_k	1.0000000000000013	k__Fungi	Fungi	Fungi_k	Fungi_k	Fungi_k	Fungi_k	Fungi_k	Fungi_k
3d5f170d59af5aa3757284a921c5a385	k__Fungi; p__Basidiomycota; c__Tremellomycetes; o__Trichosporonales; f__Trichosporonaceae; g__Cutaneotrichosporon; s__Cutaneotrichosporon_mucoides	0.8803184357070618	k__Fungi;p__Basidiomycota;c__Tremellomycetes;o__Trichosporonales;f__Trichosporonaceae;g__Cutaneotrichosporon;s__Cutaneotrichosporon_mucoides;sh__SH1205828.10FU	Fungi	Basidiomycota	Tremellomycetes	Trichosporonales	Trichosporonaceae	Cutaneotrichosporon	Cutaneotrichosporon_mucoides
a4d6aeda4e809ef4f25111f66e15a8ca	k__Fungi; p__Ascomycota; c__Ascomycota_p; o__Ascomycota_p; f__Ascomycota_p; g__Ascomycota_p; s__Ascomycota_p	0.7038143125188805	k__Fungi;p__Ascomycota	Fungi	Ascomycota	Ascomycota_p	Ascomycota_p	Ascomycota_p	Ascomycota_p	Ascomycota_p
621f2a9745265d827cc94a1d025b8a38	k__Fungi; p__Fungi_k; c__Fungi_k; o__Fungi_k; f__Fungi_k; g__Fungi_k; s__Fungi_k	0.9999999999999973	k__Fungi	Fungi	Fungi_k	Fungi_k	Fungi_k	Fungi_k	Fungi_k	Fungi_k
8fa01d73021156ed6e2382e0d80dec3a	k__Fungi; p__Ascomycota; c__Saccharomycetes; o__Saccharomycetales; f__Saccharomycetales_fam_Incertae_sedis; g__Candida; s__Candida_albicans	0.9996736454682961	k__Fungi;p__Ascomycota;c__Saccharomycetes;o__Saccharomycetales;f__Saccharomycetales_fam_Incertae_sedis;g__Candida;s__Candida_albicans;sh__SH1382505.10FU	Fungi	Ascomycota	Saccharomycetes	Saccharomycetales	Saccharomycetales_fam_Incertae_sedis	Candida	Candida_albicans
d451ec00d290f5d04b65f2b8efdebc57	k__Fungi; p__Ascomycota; c__Saccharomycetes; o__Saccharomycetales; f__Pichiaceae; g__Komagataella; s__Komagataella_phaffii	0.9113510735416875	k__Fungi;p__Ascomycota;c__Saccharomycetes;o__Saccharomycetales;f__Pichiaceae;g__Komagataella;s__Komagataella_phaffii;sh__SH1235229.10FU	Fungi	Ascomycota	Saccharomycetes	Saccharomycetales	Pichiaceae	Komagataella	Komagataella_phaffii
4aae9ea7e4bfc0aaa35d3772535cb612	k__Fungi; p__Basidiomycota; c__Agaricomycetes; o__Polyporales; f__Irpicaceae; g__Irpex; s__Irpex_hacksungii	0.9879234838008426	k__Fungi;p__Basidiomycota;c__Agaricomycetes;o__Polyporales;f__Irpicaceae;g__Irpex;s__Irpex_hacksungii;sh__SH1080352.10FU	Fungi	Basidiomycota	Agaricomycetes	Polyporales	Irpicaceae	Irpex	Irpex_hacksungii
29555bd5b7d79e088911358e619af0af	k__Fungi; p__Fungi_k; c__Fungi_k; o__Fungi_k; f__Fungi_k; g__Fungi_k; s__Fungi_k	1.000000000000002	k__Fungi	Fungi	Fungi_k	Fungi_k	Fungi_k	Fungi_k	Fungi_k	Fungi_k
a264df5dbe2ffe5b564231684a02d56d	k__Fungi; p__Ascomycota; c__Saccharomycetes; o__Saccharomycetales; f__Debaryomycetaceae; g__Debaryomyces; s__Debaryomyces_delbrueckii	0.7679056190945494	k__Fungi;p__Ascomycota;c__Saccharomycetes;o__Saccharomycetales;f__Debaryomycetaceae;g__Debaryomyces;s__Debaryomyces_delbrueckii;sh__SH1374157.10FU	Fungi	Ascomycota	Saccharomycetes	Saccharomycetales	Debaryomycetaceae	Debaryomyces	Debaryomyces_delbrueckii
754268c86474386269e578a4eb485b8a	k__Fungi; p__Ascomycota; c__Saccharomycetes; o__Saccharomycetales; f__Saccharomycetales_fam_Incertae_sedis; g__Candida; s__Candida_albicans	0.9995834916675475	k__Fungi;p__Ascomycota;c__Saccharomycetes;o__Saccharomycetales;f__Saccharomycetales_fam_Incertae_sedis;g__Candida;s__Candida_albicans;sh__SH1382505.10FU	Fungi	Ascomycota	Saccharomycetes	Saccharomycetales	Saccharomycetales_fam_Incertae_sedis	Candida	Candida_albicans
4ff375ae9b66ece9a7f74f5a13354b9d	k__Fungi; p__Fungi_k; c__Fungi_k; o__Fungi_k; f__Fungi_k; g__Fungi_k; s__Fungi_k	0.999999999999993	k__Fungi	Fungi	Fungi_k	Fungi_k	Fungi_k	Fungi_k	Fungi_k	Fungi_k
e160892fa06aeac24cede5fd0d9fac0c	k__Fungi; p__Ascomycota; c__Saccharomycetes; o__Saccharomycetales; f__Pichiaceae; g__Pichia; s__Pichia_kudriavzevii	0.9479928101522828	k__Fungi;p__Ascomycota;c__Saccharomycetes;o__Saccharomycetales;f__Pichiaceae;g__Pichia;s__Pichia_kudriavzevii;sh__SH1293245.10FU	Fungi	Ascomycota	Saccharomycetes	Saccharomycetales	Pichiaceae	Pichia	Pichia_kudriavzevii
8d3e05b052f65c88c539505f87882851	k__Fungi; p__Ascomycota; c__Ascomycota_p; o__Ascomycota_p; f__Ascomycota_p; g__Ascomycota_p; s__Ascomycota_p	0.8344029106375928	k__Fungi;p__Ascomycota	Fungi	Ascomycota	Ascomycota_p	Ascomycota_p	Ascomycota_p	Ascomycota_p	Ascomycota_p
feb42ca1b6adcd738ff9ba386892f11e	k__Fungi; p__Ascomycota; c__Eurotiomycetes; o__Eurotiales; f__Aspergillaceae; g__Penicillium; s__Penicillium_g	0.9996884170607069	k__Fungi;p__Ascomycota;c__Eurotiomycetes;o__Eurotiales;f__Aspergillaceae;g__Penicillium	Fungi	Ascomycota	Eurotiomycetes	Eurotiales	Aspergillaceae	Penicillium	Penicillium_g
2e723fe0c70769428c06e39a8f19d9d8	k__Fungi; p__Fungi_k; c__Fungi_k; o__Fungi_k; f__Fungi_k; g__Fungi_k; s__Fungi_k	1.0000000000000142	k__Fungi	Fungi	Fungi_k	Fungi_k	Fungi_k	Fungi_k	Fungi_k	Fungi_k
315a14f72987afaafb1b8701eaa0b075	k__Fungi; p__Basidiomycota; c__Tremellomycetes; o__Tremellales; f__Cryptococcaceae; g__Cryptococcus; s__Cryptococcus_neoformans	0.9998056847587858	k__Fungi;p__Basidiomycota;c__Tremellomycetes;o__Tremellales;f__Cryptococcaceae;g__Cryptococcus;s__Cryptococcus_neoformans;sh__SH1330342.10FU	Fungi	Basidiomycota	Tremellomycetes	Tremellales	Cryptococcaceae	Cryptococcus	Cryptococcus_neoformans
644c895ef79df8c731420be73cf8b6c0	k__Fungi; p__Fungi_k; c__Fungi_k; o__Fungi_k; f__Fungi_k; g__Fungi_k; s__Fungi_k	1.0000000000000075	k__Fungi	Fungi	Fungi_k	Fungi_k	Fungi_k	Fungi_k	Fungi_k	Fungi_k
80e1bf7ccd84a6512dc5cc240266fbbc	k__Fungi; p__Basidiomycota; c__Malasseziomycetes; o__Malasseziales; f__Malasseziaceae; g__Malassezia; s__Malassezia_globosa	0.9295746762151142	k__Fungi;p__Basidiomycota;c__Malasseziomycetes;o__Malasseziales;f__Malasseziaceae;g__Malassezia;s__Malassezia_globosa;sh__SH1189575.10FU	Fungi	Basidiomycota	Malasseziomycetes	Malasseziales	Malasseziaceae	Malassezia	Malassezia_globosa
26461f63a0aa3891866f330d837eb06e	k__Fungi; p__Ascomycota; c__Ascomycota_p; o__Ascomycota_p; f__Ascomycota_p; g__Ascomycota_p; s__Ascomycota_p	0.7969487264906803	k__Fungi;p__Ascomycota	Fungi	Ascomycota	Ascomycota_p	Ascomycota_p	Ascomycota_p	Ascomycota_p	Ascomycota_p
0b670ea5bad69a636e48836a55475086	k__Fungi; p__Fungi_k; c__Fungi_k; o__Fungi_k; f__Fungi_k; g__Fungi_k; s__Fungi_k	0.9999999999999861	k__Fungi	Fungi	Fungi_k	Fungi_k	Fungi_k	Fungi_k	Fungi_k	Fungi_k
9d85d8067d02e30a806463de2845ccdd	k__Fungi; p__Fungi_k; c__Fungi_k; o__Fungi_k; f__Fungi_k; g__Fungi_k; s__Fungi_k	1.0000000000000115	k__Fungi	Fungi	Fungi_k	Fungi_k	Fungi_k	Fungi_k	Fungi_k	Fungi_k
14f563b611081c3d96a3656b7e727a14	k__Fungi; p__Ascomycota; c__Ascomycota_p; o__Ascomycota_p; f__Ascomycota_p; g__Ascomycota_p; s__Ascomycota_p	0.7050456419722007	k__Fungi;p__Ascomycota	Fungi	Ascomycota	Ascomycota_p	Ascomycota_p	Ascomycota_p	Ascomycota_p	Ascomycota_p
4e69eeb85eb9ec34c929b61a9a698d0e	k__Fungi; p__Ascomycota; c__Saccharomycetes; o__Saccharomycetales; f__Saccharomycetaceae; g__Saccharomyces; s__Saccharomyces_g	0.999667435008319	k__Fungi;p__Ascomycota;c__Saccharomycetes;o__Saccharomycetales;f__Saccharomycetaceae;g__Saccharomyces	Fungi	Ascomycota	Saccharomycetes	Saccharomycetales	Saccharomycetaceae	Saccharomyces	Saccharomyces_g
c4de8920d09cfcb35cb11ca9ed00200f	k__Fungi; p__Fungi_k; c__Fungi_k; o__Fungi_k; f__Fungi_k; g__Fungi_k; s__Fungi_k	1.0000000000000056	k__Fungi	Fungi	Fungi_k	Fungi_k	Fungi_k	Fungi_k	Fungi_k	Fungi_k
a920043b0a1f468a1d704fb1d44f1538	k__Fungi; p__Fungi_k; c__Fungi_k; o__Fungi_k; f__Fungi_k; g__Fungi_k; s__Fungi_k	0.9999999999999992	k__Fungi	Fungi	Fungi_k	Fungi_k	Fungi_k	Fungi_k	Fungi_k	Fungi_k
484bd431a65762338ef456a194b5348e	k__Fungi; p__Ascomycota; c__Saccharomycetes; o__Saccharomycetales; f__Saccharomycetales_o; g__Saccharomycetales_o; s__Saccharomycetales_o	0.8813906169655582	k__Fungi;p__Ascomycota;c__Saccharomycetes;o__Saccharomycetales	Fungi	Ascomycota	Saccharomycetes	Saccharomycetales	Saccharomycetales_o	Saccharomycetales_o	Saccharomycetales_o
7022c374ae44a6ea810bc3bc7018547c	k__Fungi; p__Fungi_k; c__Fungi_k; o__Fungi_k; f__Fungi_k; g__Fungi_k; s__Fungi_k	1.000000000000014	k__Fungi	Fungi	Fungi_k	Fungi_k	Fungi_k	Fungi_k	Fungi_k	Fungi_k
267cae1380db2b4584c9e1a67d952b7c	k__Fungi; p__Ascomycota; c__Ascomycota_p; o__Ascomycota_p; f__Ascomycota_p; g__Ascomycota_p; s__Ascomycota_p	0.7338773400628331	k__Fungi;p__Ascomycota	Fungi	Ascomycota	Ascomycota_p	Ascomycota_p	Ascomycota_p	Ascomycota_p	Ascomycota_p
260b8bebae425ab1944a3e6b09292088	k__Fungi; p__Fungi_k; c__Fungi_k; o__Fungi_k; f__Fungi_k; g__Fungi_k; s__Fungi_k	1.0000000000000109	k__Fungi	Fungi	Fungi_k	Fungi_k	Fungi_k	Fungi_k	Fungi_k	Fungi_k
7afb59c70eff2cec5a071dd7c3ca79e0	k__Fungi; p__Ascomycota; c__Ascomycota_p; o__Ascomycota_p; f__Ascomycota_p; g__Ascomycota_p; s__Ascomycota_p	0.7851047900310995	k__Fungi;p__Ascomycota	Fungi	Ascomycota	Ascomycota_p	Ascomycota_p	Ascomycota_p	Ascomycota_p	Ascomycota_p
1d1e47a562efc72e0e1a703adb1156bc	k__Fungi; p__Ascomycota; c__Ascomycota_p; o__Ascomycota_p; f__Ascomycota_p; g__Ascomycota_p; s__Ascomycota_p	0.7896722417980274	k__Fungi;p__Ascomycota	Fungi	Ascomycota	Ascomycota_p	Ascomycota_p	Ascomycota_p	Ascomycota_p	Ascomycota_p
11472a6b13e3d38e37aa6d6f3b131991	k__Fungi; p__Fungi_k; c__Fungi_k; o__Fungi_k; f__Fungi_k; g__Fungi_k; s__Fungi_k	0.9999999999999991	k__Fungi	Fungi	Fungi_k	Fungi_k	Fungi_k	Fungi_k	Fungi_k	Fungi_k
7243d6f6c59327bcf48abb33a65296e7	k__Fungi; p__Ascomycota; c__Ascomycota_p; o__Ascomycota_p; f__Ascomycota_p; g__Ascomycota_p; s__Ascomycota_p	0.8817584827209319	k__Fungi;p__Ascomycota	Fungi	Ascomycota	Ascomycota_p	Ascomycota_p	Ascomycota_p	Ascomycota_p	Ascomycota_p
567a9deab0960d0e2e0fb43ebc9b535e	k__Fungi; p__Ascomycota; c__Ascomycota_p; o__Ascomycota_p; f__Ascomycota_p; g__Ascomycota_p; s__Ascomycota_p	0.7361830214999329	k__Fungi;p__Ascomycota	Fungi	Ascomycota	Ascomycota_p	Ascomycota_p	Ascomycota_p	Ascomycota_p	Ascomycota_p
5105a2d6db57cdbabd078e95db2396c5	k__Fungi; p__Fungi_k; c__Fungi_k; o__Fungi_k; f__Fungi_k; g__Fungi_k; s__Fungi_k	1.0000000000000053	k__Fungi	Fungi	Fungi_k	Fungi_k	Fungi_k	Fungi_k	Fungi_k	Fungi_k
90aa0385993cdfbec9b8925a1163afb6	k__Fungi; p__Fungi_k; c__Fungi_k; o__Fungi_k; f__Fungi_k; g__Fungi_k; s__Fungi_k	1.0000000000000009	k__Fungi	Fungi	Fungi_k	Fungi_k	Fungi_k	Fungi_k	Fungi_k	Fungi_k
955eb7ae0fe2a3213438ef5bec2de66e	k__Fungi; p__Fungi_k; c__Fungi_k; o__Fungi_k; f__Fungi_k; g__Fungi_k; s__Fungi_k	0.9999999999999958	k__Fungi	Fungi	Fungi_k	Fungi_k	Fungi_k	Fungi_k	Fungi_k	Fungi_k
c97fecfe6785166d168fafdd986ee02f	k__Fungi; p__Fungi_k; c__Fungi_k; o__Fungi_k; f__Fungi_k; g__Fungi_k; s__Fungi_k	1.0000000000000036	k__Fungi	Fungi	Fungi_k	Fungi_k	Fungi_k	Fungi_k	Fungi_k	Fungi_k
c0b1830e2feafc77fb275d5a16f99809	k__Fungi; p__Ascomycota; c__Ascomycota_p; o__Ascomycota_p; f__Ascomycota_p; g__Ascomycota_p; s__Ascomycota_p	0.7475405814811088	k__Fungi;p__Ascomycota	Fungi	Ascomycota	Ascomycota_p	Ascomycota_p	Ascomycota_p	Ascomycota_p	Ascomycota_p
5302560500e967552b1490312b4bb3b3	k__Fungi; p__Fungi_k; c__Fungi_k; o__Fungi_k; f__Fungi_k; g__Fungi_k; s__Fungi_k	0.9999999999999976	k__Fungi	Fungi	Fungi_k	Fungi_k	Fungi_k	Fungi_k	Fungi_k	Fungi_k
f235e5de715614a0b7c2b48197a6a8ba	k__Fungi; p__Ascomycota; c__Ascomycota_p; o__Ascomycota_p; f__Ascomycota_p; g__Ascomycota_p; s__Ascomycota_p	0.7569332706240682	k__Fungi;p__Ascomycota	Fungi	Ascomycota	Ascomycota_p	Ascomycota_p	Ascomycota_p	Ascomycota_p	Ascomycota_p
b96feb915f752cb0cac454b227ea516d	k__Fungi; p__Fungi_k; c__Fungi_k; o__Fungi_k; f__Fungi_k; g__Fungi_k; s__Fungi_k	0.9999999999999976	k__Fungi	Fungi	Fungi_k	Fungi_k	Fungi_k	Fungi_k	Fungi_k	Fungi_k
8c82b71188e096be2feb08fd7d64d6a6	k__Fungi; p__Basidiomycota; c__Microbotryomycetes; o__Leucosporidiales; f__Leucosporidiaceae; g__Leucosporidium; s__Leucosporidium_intermedium	0.9982401661441592	k__Fungi;p__Basidiomycota;c__Microbotryomycetes;o__Leucosporidiales;f__Leucosporidiaceae;g__Leucosporidium;s__Leucosporidium_intermedium;sh__SH1410064.10FU	Fungi	Basidiomycota	Microbotryomycetes	Leucosporidiales	Leucosporidiaceae	Leucosporidium	Leucosporidium_intermedium
8578ebd1501eab5abc643bb43fb0b7e2	k__Fungi; p__Fungi_k; c__Fungi_k; o__Fungi_k; f__Fungi_k; g__Fungi_k; s__Fungi_k	0.9999999999999863	k__Fungi	Fungi	Fungi_k	Fungi_k	Fungi_k	Fungi_k	Fungi_k	Fungi_k
7b3895e4ce4378f120ee488c628004dc	k__Fungi; p__Fungi_k; c__Fungi_k; o__Fungi_k; f__Fungi_k; g__Fungi_k; s__Fungi_k	0.9999999999999986	k__Fungi	Fungi	Fungi_k	Fungi_k	Fungi_k	Fungi_k	Fungi_k	Fungi_k
674495db5026d621602634dd1d9ca190	k__Fungi; p__Fungi_k; c__Fungi_k; o__Fungi_k; f__Fungi_k; g__Fungi_k; s__Fungi_k	0.9999999999999974	k__Fungi	Fungi	Fungi_k	Fungi_k	Fungi_k	Fungi_k	Fungi_k	Fungi_k
5aa08add5073423bc935416fc4122a79	k__Fungi; p__Fungi_k; c__Fungi_k; o__Fungi_k; f__Fungi_k; g__Fungi_k; s__Fungi_k	0.9999999999999978	k__Fungi	Fungi	Fungi_k	Fungi_k	Fungi_k	Fungi_k	Fungi_k	Fungi_k
75107df2ba22157d21ca3da014ea641a	k__Fungi; p__Ascomycota; c__Ascomycota_p; o__Ascomycota_p; f__Ascomycota_p; g__Ascomycota_p; s__Ascomycota_p	0.7172967000654938	k__Fungi;p__Ascomycota	Fungi	Ascomycota	Ascomycota_p	Ascomycota_p	Ascomycota_p	Ascomycota_p	Ascomycota_p
934f533a78b5de1479b59f1a682d064c	k__Fungi; p__Fungi_k; c__Fungi_k; o__Fungi_k; f__Fungi_k; g__Fungi_k; s__Fungi_k	0.9999999999999949	k__Fungi	Fungi	Fungi_k	Fungi_k	Fungi_k	Fungi_k	Fungi_k	Fungi_k
2ebd8a5b8c3455f415eca2f216a9d915	k__Fungi; p__Ascomycota; c__Ascomycota_p; o__Ascomycota_p; f__Ascomycota_p; g__Ascomycota_p; s__Ascomycota_p	0.7451822301339132	k__Fungi;p__Ascomycota	Fungi	Ascomycota	Ascomycota_p	Ascomycota_p	Ascomycota_p	Ascomycota_p	Ascomycota_p
fc7fa41febb165d9e2c1aa251fe03adb	k__Fungi; p__Ascomycota; c__Ascomycota_p; o__Ascomycota_p; f__Ascomycota_p; g__Ascomycota_p; s__Ascomycota_p	0.7886877733099231	k__Fungi;p__Ascomycota	Fungi	Ascomycota	Ascomycota_p	Ascomycota_p	Ascomycota_p	Ascomycota_p	Ascomycota_p
e09cee250683d1d9c0efe6766aea6426	k__Fungi; p__Ascomycota; c__Ascomycota_p; o__Ascomycota_p; f__Ascomycota_p; g__Ascomycota_p; s__Ascomycota_p	0.7395996063869005	k__Fungi;p__Ascomycota	Fungi	Ascomycota	Ascomycota_p	Ascomycota_p	Ascomycota_p	Ascomycota_p	Ascomycota_p
26c3adb423a4d6b98b84d34fa5beca3f	k__Fungi; p__Fungi_k; c__Fungi_k; o__Fungi_k; f__Fungi_k; g__Fungi_k; s__Fungi_k	0.9999999999999934	k__Fungi	Fungi	Fungi_k	Fungi_k	Fungi_k	Fungi_k	Fungi_k	Fungi_k
04054fce3ae97d78e67d2d454985add2	k__Fungi; p__Fungi_k; c__Fungi_k; o__Fungi_k; f__Fungi_k; g__Fungi_k; s__Fungi_k	0.9999999999999866	k__Fungi	Fungi	Fungi_k	Fungi_k	Fungi_k	Fungi_k	Fungi_k	Fungi_k
8a52693c2a3066f0951f6e0ab114cf44	k__Fungi; p__Fungi_k; c__Fungi_k; o__Fungi_k; f__Fungi_k; g__Fungi_k; s__Fungi_k	1.000000000000003	k__Fungi	Fungi	Fungi_k	Fungi_k	Fungi_k	Fungi_k	Fungi_k	Fungi_k
a9a8701bb82e83502dac035e738a9a66	k__Fungi; p__Fungi_k; c__Fungi_k; o__Fungi_k; f__Fungi_k; g__Fungi_k; s__Fungi_k	1.0000000000000053	k__Fungi	Fungi	Fungi_k	Fungi_k	Fungi_k	Fungi_k	Fungi_k	Fungi_k
96800d25db2a29d576ee27c9b1735e9f	k__Fungi; p__Fungi_k; c__Fungi_k; o__Fungi_k; f__Fungi_k; g__Fungi_k; s__Fungi_k	0.9999999999999957	k__Fungi	Fungi	Fungi_k	Fungi_k	Fungi_k	Fungi_k	Fungi_k	Fungi_k
f32c3a43668f703f0abe5a6d1c0b37a5	k__Fungi; p__Fungi_k; c__Fungi_k; o__Fungi_k; f__Fungi_k; g__Fungi_k; s__Fungi_k	0.9999999999999974	k__Fungi	Fungi	Fungi_k	Fungi_k	Fungi_k	Fungi_k	Fungi_k	Fungi_k
43b699344cd30824e9b375638111b901	k__Fungi; p__Ascomycota; c__Sordariomycetes; o__Hypocreales; f__Nectriaceae; g__Fusarium; s__Fusarium_oxysporum	0.9496151907716618	k__Fungi;p__Ascomycota;c__Sordariomycetes;o__Hypocreales;f__Nectriaceae;g__Fusarium;s__Fusarium_oxysporum;sh__SH1049950.10FU	Fungi	Ascomycota	Sordariomycetes	Hypocreales	Nectriaceae	Fusarium	Fusarium_oxysporum
f68813f6ebcb8f7323b15cb6dad97526	k__Fungi; p__Basidiomycota; c__Agaricomycetes; o__Trechisporales; f__Hydnodontaceae; g__Trechispora; s__Trechispora_g	0.9768008335162365	k__Fungi;p__Basidiomycota;c__Agaricomycetes;o__Trechisporales;f__Hydnodontaceae;g__Trechispora;s__Trechispora_sp;sh__SH1170522.10FU	Fungi	Basidiomycota	Agaricomycetes	Trechisporales	Hydnodontaceae	Trechispora	Trechispora_g
091b9ab07282fb2810730607e7c73a6b	k__Fungi; p__Fungi_k; c__Fungi_k; o__Fungi_k; f__Fungi_k; g__Fungi_k; s__Fungi_k	1.0000000000000053	k__Fungi	Fungi	Fungi_k	Fungi_k	Fungi_k	Fungi_k	Fungi_k	Fungi_k
247c8459db6ae8b1257380e69c42b883	k__Fungi; p__Ascomycota; c__Eurotiomycetes; o__Eurotiales; f__Aspergillaceae; g__Penicillium; s__Penicillium_g	0.8937002508448301	k__Fungi;p__Ascomycota;c__Eurotiomycetes;o__Eurotiales;f__Aspergillaceae;g__Penicillium	Fungi	Ascomycota	Eurotiomycetes	Eurotiales	Aspergillaceae	Penicillium	Penicillium_g
725402e2a81677678ca9799ecc96fe7f	k__Fungi; p__Fungi_k; c__Fungi_k; o__Fungi_k; f__Fungi_k; g__Fungi_k; s__Fungi_k	1.000000000000007	k__Fungi	Fungi	Fungi_k	Fungi_k	Fungi_k	Fungi_k	Fungi_k	Fungi_k
870b996b7364a3020227bc4b918ba54f	k__Fungi; p__Fungi_k; c__Fungi_k; o__Fungi_k; f__Fungi_k; g__Fungi_k; s__Fungi_k	0.999999999999993	k__Fungi	Fungi	Fungi_k	Fungi_k	Fungi_k	Fungi_k	Fungi_k	Fungi_k
194c5d7ddd16e9c0363bffc3aef8ceb8	k__Fungi; p__Fungi_k; c__Fungi_k; o__Fungi_k; f__Fungi_k; g__Fungi_k; s__Fungi_k	1.0000000000000024	k__Fungi	Fungi	Fungi_k	Fungi_k	Fungi_k	Fungi_k	Fungi_k	Fungi_k
85d8f5af58655f5e9a0875198e40a4cf	k__Fungi; p__Fungi_k; c__Fungi_k; o__Fungi_k; f__Fungi_k; g__Fungi_k; s__Fungi_k	0.9999999999999989	k__Fungi	Fungi	Fungi_k	Fungi_k	Fungi_k	Fungi_k	Fungi_k	Fungi_k
eca677b652afb80f02a64e9a83fef553	k__Fungi; p__Fungi_k; c__Fungi_k; o__Fungi_k; f__Fungi_k; g__Fungi_k; s__Fungi_k	0.999999999999997	k__Fungi	Fungi	Fungi_k	Fungi_k	Fungi_k	Fungi_k	Fungi_k	Fungi_k
0e3a92d5368de742d7e37a8b3d7f4bfa	k__Fungi; p__Ascomycota; c__Eurotiomycetes; o__Onygenales; f__Arthrodermataceae; g__Arthrodermataceae_f; s__Arthrodermataceae_f	0.7531465609314464	k__Fungi;p__Ascomycota;c__Eurotiomycetes;o__Onygenales;f__Arthrodermataceae	Fungi	Ascomycota	Eurotiomycetes	Onygenales	Arthrodermataceae	Arthrodermataceae_f	Arthrodermataceae_f
25d556970166dcb7050422023be88e22	k__Fungi; p__Fungi_k; c__Fungi_k; o__Fungi_k; f__Fungi_k; g__Fungi_k; s__Fungi_k	0.9999999999999872	k__Fungi	Fungi	Fungi_k	Fungi_k	Fungi_k	Fungi_k	Fungi_k	Fungi_k
b818ea92d26b8c0d7b99eb77906b9e01	k__Fungi; p__Fungi_k; c__Fungi_k; o__Fungi_k; f__Fungi_k; g__Fungi_k; s__Fungi_k	0.9999999999999885	k__Fungi	Fungi	Fungi_k	Fungi_k	Fungi_k	Fungi_k	Fungi_k	Fungi_k
2a28786ae739c0770d1372c549046931	k__Fungi; p__Fungi_k; c__Fungi_k; o__Fungi_k; f__Fungi_k; g__Fungi_k; s__Fungi_k	1.0000000000000018	k__Fungi	Fungi	Fungi_k	Fungi_k	Fungi_k	Fungi_k	Fungi_k	Fungi_k
615431307bb72c4d99dcb3c243d810db	k__Fungi; p__Fungi_k; c__Fungi_k; o__Fungi_k; f__Fungi_k; g__Fungi_k; s__Fungi_k	0.9999999999999996	k__Fungi	Fungi	Fungi_k	Fungi_k	Fungi_k	Fungi_k	Fungi_k	Fungi_k
b67b81c102e2f5fa366b3d4d0869f235	k__Fungi; p__Fungi_k; c__Fungi_k; o__Fungi_k; f__Fungi_k; g__Fungi_k; s__Fungi_k	0.9999999999999869	k__Fungi	Fungi	Fungi_k	Fungi_k	Fungi_k	Fungi_k	Fungi_k	Fungi_k
bed7b9d2faf1441d064e85f99538ff52	k__Fungi; p__Fungi_k; c__Fungi_k; o__Fungi_k; f__Fungi_k; g__Fungi_k; s__Fungi_k	0.9999999999999973	k__Fungi	Fungi	Fungi_k	Fungi_k	Fungi_k	Fungi_k	Fungi_k	Fungi_k
638e7ccf3419acc06aafd317364cba75	k__Fungi; p__Fungi_k; c__Fungi_k; o__Fungi_k; f__Fungi_k; g__Fungi_k; s__Fungi_k	1.000000000000001	k__Fungi	Fungi	Fungi_k	Fungi_k	Fungi_k	Fungi_k	Fungi_k	Fungi_k
e2708925a7f42bb9e1f62f04f1ee3e26	k__Fungi; p__Ascomycota; c__Lecanoromycetes; o__Lecanorales; f__Lecanorales_o; g__Lecanorales_o; s__Lecanorales_o	0.7161723388497265	k__Fungi;p__Ascomycota;c__Lecanoromycetes;o__Lecanorales	Fungi	Ascomycota	Lecanoromycetes	Lecanorales	Lecanorales_o	Lecanorales_o	Lecanorales_o
6ff9a3e427e998643e8d98a2a3d9157b	k__Fungi; p__Fungi_k; c__Fungi_k; o__Fungi_k; f__Fungi_k; g__Fungi_k; s__Fungi_k	1.0000000000000138	k__Fungi	Fungi	Fungi_k	Fungi_k	Fungi_k	Fungi_k	Fungi_k	Fungi_k
cfa201d304dab9c66d991e37660ea7cd	k__Fungi; p__Fungi_k; c__Fungi_k; o__Fungi_k; f__Fungi_k; g__Fungi_k; s__Fungi_k	0.9999999999999954	k__Fungi	Fungi	Fungi_k	Fungi_k	Fungi_k	Fungi_k	Fungi_k	Fungi_k
2cd0dea7da04cbdb02a749d6ce0ce2a8	k__Fungi; p__Fungi_k; c__Fungi_k; o__Fungi_k; f__Fungi_k; g__Fungi_k; s__Fungi_k	1.0000000000000004	k__Fungi	Fungi	Fungi_k	Fungi_k	Fungi_k	Fungi_k	Fungi_k	Fungi_k
9b515710aedd7956e1b33b0f43a5da4d	k__Fungi; p__Ascomycota; c__Ascomycota_p; o__Ascomycota_p; f__Ascomycota_p; g__Ascomycota_p; s__Ascomycota_p	0.7129144828982695	k__Fungi;p__Ascomycota	Fungi	Ascomycota	Ascomycota_p	Ascomycota_p	Ascomycota_p	Ascomycota_p	Ascomycota_p
8f5b156b2473d6552ed30cec420b2b02	k__Fungi; p__Fungi_k; c__Fungi_k; o__Fungi_k; f__Fungi_k; g__Fungi_k; s__Fungi_k	0.9999999999999957	k__Fungi	Fungi	Fungi_k	Fungi_k	Fungi_k	Fungi_k	Fungi_k	Fungi_k
ff7f232a0ba2b8cdee78935456caded9	k__Fungi; p__Fungi_k; c__Fungi_k; o__Fungi_k; f__Fungi_k; g__Fungi_k; s__Fungi_k	1.0000000000000095	k__Fungi	Fungi	Fungi_k	Fungi_k	Fungi_k	Fungi_k	Fungi_k	Fungi_k
32be290b5fe51f5e4611e2e1a37fa1db	k__Fungi; p__Fungi_k; c__Fungi_k; o__Fungi_k; f__Fungi_k; g__Fungi_k; s__Fungi_k	0.9999999999999933	k__Fungi	Fungi	Fungi_k	Fungi_k	Fungi_k	Fungi_k	Fungi_k	Fungi_k
b1b896a1775460c058fc891882a5bad8	k__Fungi; p__Ascomycota; c__Ascomycota_p; o__Ascomycota_p; f__Ascomycota_p; g__Ascomycota_p; s__Ascomycota_p	0.8732372403636864	k__Fungi;p__Ascomycota	Fungi	Ascomycota	Ascomycota_p	Ascomycota_p	Ascomycota_p	Ascomycota_p	Ascomycota_p
fb16acc3ac783ab7d6101776190a58e0	k__Fungi; p__Ascomycota; c__Ascomycota_p; o__Ascomycota_p; f__Ascomycota_p; g__Ascomycota_p; s__Ascomycota_p	0.7559445118261395	k__Fungi;p__Ascomycota	Fungi	Ascomycota	Ascomycota_p	Ascomycota_p	Ascomycota_p	Ascomycota_p	Ascomycota_p
119831b712be8db7b70c0d6d950624da	k__Fungi; p__Fungi_k; c__Fungi_k; o__Fungi_k; f__Fungi_k; g__Fungi_k; s__Fungi_k	1.0000000000000087	k__Fungi	Fungi	Fungi_k	Fungi_k	Fungi_k	Fungi_k	Fungi_k	Fungi_k
6a9c03927332a86761ef8140c19e76a2	k__Fungi; p__Fungi_k; c__Fungi_k; o__Fungi_k; f__Fungi_k; g__Fungi_k; s__Fungi_k	1.0000000000000004	k__Fungi	Fungi	Fungi_k	Fungi_k	Fungi_k	Fungi_k	Fungi_k	Fungi_k
5cae4f6bc86eca0f1eedf3d66b889b17	k__Fungi; p__Fungi_k; c__Fungi_k; o__Fungi_k; f__Fungi_k; g__Fungi_k; s__Fungi_k	1.0000000000000053	k__Fungi	Fungi	Fungi_k	Fungi_k	Fungi_k	Fungi_k	Fungi_k	Fungi_k
ba931772211836a80a6f9001b2507e01	k__Fungi; p__Fungi_k; c__Fungi_k; o__Fungi_k; f__Fungi_k; g__Fungi_k; s__Fungi_k	1.0000000000000033	k__Fungi	Fungi	Fungi_k	Fungi_k	Fungi_k	Fungi_k	Fungi_k	Fungi_k
ef25c954c06d510896f91b6ee3f9d1aa	k__Fungi; p__Fungi_k; c__Fungi_k; o__Fungi_k; f__Fungi_k; g__Fungi_k; s__Fungi_k	0.999999999999993	k__Fungi	Fungi	Fungi_k	Fungi_k	Fungi_k	Fungi_k	Fungi_k	Fungi_k
a536855c690075a22d2f70db5665151c	k__Fungi; p__Fungi_k; c__Fungi_k; o__Fungi_k; f__Fungi_k; g__Fungi_k; s__Fungi_k	1.0000000000000022	k__Fungi	Fungi	Fungi_k	Fungi_k	Fungi_k	Fungi_k	Fungi_k	Fungi_k
b2d71c8a1835967453bd96a5aecac0d2	k__Fungi; p__Fungi_k; c__Fungi_k; o__Fungi_k; f__Fungi_k; g__Fungi_k; s__Fungi_k	0.9999999999999861	k__Fungi	Fungi	Fungi_k	Fungi_k	Fungi_k	Fungi_k	Fungi_k	Fungi_k
fe389004a774f698876b52bcd5148b90	k__Fungi; p__Ascomycota; c__Ascomycota_p; o__Ascomycota_p; f__Ascomycota_p; g__Ascomycota_p; s__Ascomycota_p	0.9999999915865042	k__Fungi;p__Ascomycota	Fungi	Ascomycota	Ascomycota_p	Ascomycota_p	Ascomycota_p	Ascomycota_p	Ascomycota_p
56a66d4f4883495fe6e8252edcc6c71c	k__Fungi; p__Fungi_k; c__Fungi_k; o__Fungi_k; f__Fungi_k; g__Fungi_k; s__Fungi_k	0.9999999999999982	k__Fungi	Fungi	Fungi_k	Fungi_k	Fungi_k	Fungi_k	Fungi_k	Fungi_k
a0a05fb837d128e0f13ab3295773109e	k__Fungi; p__Fungi_k; c__Fungi_k; o__Fungi_k; f__Fungi_k; g__Fungi_k; s__Fungi_k	1.0000000000000013	k__Fungi	Fungi	Fungi_k	Fungi_k	Fungi_k	Fungi_k	Fungi_k	Fungi_k
158508c453d93903d315196a844918ef	k__Fungi; p__Fungi_k; c__Fungi_k; o__Fungi_k; f__Fungi_k; g__Fungi_k; s__Fungi_k	1.0000000000000124	k__Fungi	Fungi	Fungi_k	Fungi_k	Fungi_k	Fungi_k	Fungi_k	Fungi_k
5535856acc809af76ab3ddb22e9e211d	k__Fungi; p__Fungi_k; c__Fungi_k; o__Fungi_k; f__Fungi_k; g__Fungi_k; s__Fungi_k	1.000000000000006	k__Fungi	Fungi	Fungi_k	Fungi_k	Fungi_k	Fungi_k	Fungi_k	Fungi_k
9787c7e873499f9e560ca6b6422ce0e8	k__Fungi; p__Fungi_k; c__Fungi_k; o__Fungi_k; f__Fungi_k; g__Fungi_k; s__Fungi_k	0.9999999999999998	k__Fungi	Fungi	Fungi_k	Fungi_k	Fungi_k	Fungi_k	Fungi_k	Fungi_k
1b7d4ee38520a8d71abb44031eecc577	k__Fungi; p__Fungi_k; c__Fungi_k; o__Fungi_k; f__Fungi_k; g__Fungi_k; s__Fungi_k	0.9999999999999942	k__Fungi	Fungi	Fungi_k	Fungi_k	Fungi_k	Fungi_k	Fungi_k	Fungi_k
bcfb019abaec65a6eeefd25b4a00e7f3	k__Fungi; p__Fungi_k; c__Fungi_k; o__Fungi_k; f__Fungi_k; g__Fungi_k; s__Fungi_k	0.9999999999999999	k__Fungi	Fungi	Fungi_k	Fungi_k	Fungi_k	Fungi_k	Fungi_k	Fungi_k
5f75d4aac0231ac26b212754cfe7bc3e	k__Fungi; p__Fungi_k; c__Fungi_k; o__Fungi_k; f__Fungi_k; g__Fungi_k; s__Fungi_k	1.000000000000014	k__Fungi	Fungi	Fungi_k	Fungi_k	Fungi_k	Fungi_k	Fungi_k	Fungi_k
6a84d445d0bc5b70a398f6fdf01eb66f	k__Fungi; p__Ascomycota; c__Ascomycota_p; o__Ascomycota_p; f__Ascomycota_p; g__Ascomycota_p; s__Ascomycota_p	0.8639425011829721	k__Fungi;p__Ascomycota	Fungi	Ascomycota	Ascomycota_p	Ascomycota_p	Ascomycota_p	Ascomycota_p	Ascomycota_p
299858db667f2d7fa90d17f8f1e54be0	k__Fungi; p__Fungi_k; c__Fungi_k; o__Fungi_k; f__Fungi_k; g__Fungi_k; s__Fungi_k	1.0000000000000062	k__Fungi	Fungi	Fungi_k	Fungi_k	Fungi_k	Fungi_k	Fungi_k	Fungi_k
161c64a00b60cab9cd570cec0be8db0a	k__Fungi; p__Fungi_k; c__Fungi_k; o__Fungi_k; f__Fungi_k; g__Fungi_k; s__Fungi_k	1.0000000000000024	k__Fungi	Fungi	Fungi_k	Fungi_k	Fungi_k	Fungi_k	Fungi_k	Fungi_k
708ed5611c17651ff5806fa18df950fa	k__Fungi; p__Ascomycota; c__Ascomycota_p; o__Ascomycota_p; f__Ascomycota_p; g__Ascomycota_p; s__Ascomycota_p	0.7093453552290592	k__Fungi;p__Ascomycota	Fungi	Ascomycota	Ascomycota_p	Ascomycota_p	Ascomycota_p	Ascomycota_p	Ascomycota_p
36a7dafd8a4806c2f7c373b5c9916b22	k__Fungi; p__Fungi_k; c__Fungi_k; o__Fungi_k; f__Fungi_k; g__Fungi_k; s__Fungi_k	1.0000000000000056	k__Fungi	Fungi	Fungi_k	Fungi_k	Fungi_k	Fungi_k	Fungi_k	Fungi_k
3039df4ad5007ae4944976c043d3d432	k__Fungi; p__Fungi_k; c__Fungi_k; o__Fungi_k; f__Fungi_k; g__Fungi_k; s__Fungi_k	0.9999999999999893	k__Fungi	Fungi	Fungi_k	Fungi_k	Fungi_k	Fungi_k	Fungi_k	Fungi_k
66b54e2a443f697f121c66c80dc95df9	k__Fungi; p__Ascomycota; c__Saccharomycetes; o__Saccharomycetales; f__Saccharomycetales_o; g__Saccharomycetales_o; s__Saccharomycetales_o	0.7598984057478545	k__Fungi;p__Ascomycota;c__Saccharomycetes;o__Saccharomycetales	Fungi	Ascomycota	Saccharomycetes	Saccharomycetales	Saccharomycetales_o	Saccharomycetales_o	Saccharomycetales_o
6b364ee32451dd49784a71f534ef2bae	k__Fungi; p__Ascomycota; c__Eurotiomycetes; o__Eurotiales; f__Aspergillaceae; g__Aspergillaceae_f; s__Aspergillaceae_f	0.9760074263478498	k__Fungi;p__Ascomycota;c__Eurotiomycetes;o__Eurotiales;f__Aspergillaceae	Fungi	Ascomycota	Eurotiomycetes	Eurotiales	Aspergillaceae	Aspergillaceae_f	Aspergillaceae_f
1458c99c0a4aa2958f73d7262165066a	k__Fungi; p__Ascomycota; c__Ascomycota_p; o__Ascomycota_p; f__Ascomycota_p; g__Ascomycota_p; s__Ascomycota_p	0.9172188782418199	k__Fungi;p__Ascomycota	Fungi	Ascomycota	Ascomycota_p	Ascomycota_p	Ascomycota_p	Ascomycota_p	Ascomycota_p
e2b964f9c965bdcdf26553e425dbd793	k__Fungi; p__Fungi_k; c__Fungi_k; o__Fungi_k; f__Fungi_k; g__Fungi_k; s__Fungi_k	0.9999999999999964	k__Fungi	Fungi	Fungi_k	Fungi_k	Fungi_k	Fungi_k	Fungi_k	Fungi_k
8965aa6d2863f5cb3cd73c6b457b8c10	k__Fungi; p__Fungi_k; c__Fungi_k; o__Fungi_k; f__Fungi_k; g__Fungi_k; s__Fungi_k	0.9999999999999937	k__Fungi	Fungi	Fungi_k	Fungi_k	Fungi_k	Fungi_k	Fungi_k	Fungi_k
88d9e26258cbe6803242c238c2455096	k__Fungi; p__Ascomycota; c__Ascomycota_p; o__Ascomycota_p; f__Ascomycota_p; g__Ascomycota_p; s__Ascomycota_p	0.8574192870955528	k__Fungi;p__Ascomycota	Fungi	Ascomycota	Ascomycota_p	Ascomycota_p	Ascomycota_p	Ascomycota_p	Ascomycota_p
dbd506df66b81dcdb231c7b21f39140b	k__Fungi; p__Basidiomycota; c__Agaricomycetes; o__Polyporales; f__Meruliaceae; g__Phlebia; s__Phlebia_acerina	0.851823382744896	k__Fungi;p__Basidiomycota;c__Agaricomycetes;o__Polyporales;f__Meruliaceae;g__Phlebia;s__Phlebia_acerina;sh__SH1304997.10FU	Fungi	Basidiomycota	Agaricomycetes	Polyporales	Meruliaceae	Phlebia	Phlebia_acerina
c9a08cedfce3e1d4e0167bcd82f1eed8	k__Fungi; p__Fungi_k; c__Fungi_k; o__Fungi_k; f__Fungi_k; g__Fungi_k; s__Fungi_k	0.9999999999999953	k__Fungi	Fungi	Fungi_k	Fungi_k	Fungi_k	Fungi_k	Fungi_k	Fungi_k
d1e17b274ba99de355a3817e54d6236e	k__Fungi; p__Basidiomycota; c__Agaricomycetes; o__Russulales; f__Stereaceae; g__Stereaceae_f; s__Stereaceae_f	0.9999995792747034	k__Fungi;p__Basidiomycota;c__Agaricomycetes;o__Russulales;f__Stereaceae;g__Stereaceae_gen_Incertae_sedis;s__Stereaceae_sp;sh__SH1075157.10FU	Fungi	Basidiomycota	Agaricomycetes	Russulales	Stereaceae	Stereaceae_f	Stereaceae_f
5e1d83eccf923b1343d8824231f1bbe1	k__Fungi; p__Fungi_k; c__Fungi_k; o__Fungi_k; f__Fungi_k; g__Fungi_k; s__Fungi_k	0.999999999999997	k__Fungi	Fungi	Fungi_k	Fungi_k	Fungi_k	Fungi_k	Fungi_k	Fungi_k
43071ca5a252d644aa64b30a517cdb84	k__Fungi; p__Basidiomycota; c__Tremellomycetes; o__Tremellales; f__Bulleribasidiaceae; g__Hannaella; s__Hannaella_oryzae	0.8104885321445096	k__Fungi;p__Basidiomycota;c__Tremellomycetes;o__Tremellales;f__Bulleribasidiaceae;g__Hannaella;s__Hannaella_oryzae;sh__SH1135713.10FU	Fungi	Basidiomycota	Tremellomycetes	Tremellales	Bulleribasidiaceae	Hannaella	Hannaella_oryzae
5cf5a5092050bcd623fa6eb69cef27bc	k__Fungi; p__Ascomycota; c__Leotiomycetes; o__Helotiales; f__Helotiales_o; g__Helotiales_o; s__Helotiales_o	0.9991611395567411	k__Fungi;p__Ascomycota;c__Leotiomycetes;o__Helotiales;f__Helotiales_fam_Incertae_sedis;g__Helotiales_gen_Incertae_sedis;s__Helotiales_sp;sh__SH1221671.10FU	Fungi	Ascomycota	Leotiomycetes	Helotiales	Helotiales_o	Helotiales_o	Helotiales_o
337831ba7d77685699981e28fb64cf23	k__Fungi; p__Ascomycota; c__Ascomycota_p; o__Ascomycota_p; f__Ascomycota_p; g__Ascomycota_p; s__Ascomycota_p	0.7020231430594961	k__Fungi;p__Ascomycota	Fungi	Ascomycota	Ascomycota_p	Ascomycota_p	Ascomycota_p	Ascomycota_p	Ascomycota_p
eb419687cb6c69004db4a72c323e21f8	k__Fungi; p__Fungi_k; c__Fungi_k; o__Fungi_k; f__Fungi_k; g__Fungi_k; s__Fungi_k	1.0000000000000087	k__Fungi	Fungi	Fungi_k	Fungi_k	Fungi_k	Fungi_k	Fungi_k	Fungi_k
5028db85c93296a70c563f0a3ef6eeb2	k__Fungi; p__Basidiomycota; c__Agaricomycetes; o__Polyporales; f__Meruliaceae; g__Phlebia; s__Phlebia_acerina	0.9292612189365818	k__Fungi;p__Basidiomycota;c__Agaricomycetes;o__Polyporales;f__Meruliaceae;g__Phlebia;s__Phlebia_acerina;sh__SH1304997.10FU	Fungi	Basidiomycota	Agaricomycetes	Polyporales	Meruliaceae	Phlebia	Phlebia_acerina
3b19d4888b7cb5cae6d71495a64c1f99	k__Fungi; p__Ascomycota; c__Dothideomycetes; o__Pleosporales; f__Phaeosphaeriaceae; g__Paraphoma; s__Paraphoma_g	0.9869399781389337	k__Fungi;p__Ascomycota;c__Dothideomycetes;o__Pleosporales;f__Phaeosphaeriaceae;g__Paraphoma	Fungi	Ascomycota	Dothideomycetes	Pleosporales	Phaeosphaeriaceae	Paraphoma	Paraphoma_g
5187486fe872390b9182d5481d070c1e	k__Fungi; p__Ascomycota; c__Dothideomycetes; o__Pleosporales; f__Pleosporales_o; g__Pleosporales_o; s__Pleosporales_o	0.9587797714283188	k__Fungi;p__Ascomycota;c__Dothideomycetes;o__Pleosporales;f__Pleosporales_fam_Incertae_sedis;g__Pleosporales_gen_Incertae_sedis;s__Pleosporales_sp;sh__SH1409076.10FU	Fungi	Ascomycota	Dothideomycetes	Pleosporales	Pleosporales_o	Pleosporales_o	Pleosporales_o
58b2e2109c1625d12106aa0c3bbdc3d8	k__Fungi; p__Fungi_k; c__Fungi_k; o__Fungi_k; f__Fungi_k; g__Fungi_k; s__Fungi_k	1.000000000000004	k__Fungi	Fungi	Fungi_k	Fungi_k	Fungi_k	Fungi_k	Fungi_k	Fungi_k
70c24fbf5a1015511f7eeaa619943c09	k__Fungi; p__Fungi_k; c__Fungi_k; o__Fungi_k; f__Fungi_k; g__Fungi_k; s__Fungi_k	1.0000000000000004	k__Fungi	Fungi	Fungi_k	Fungi_k	Fungi_k	Fungi_k	Fungi_k	Fungi_k
ccd9b87685ec477410a892a19c6f56e2	k__Fungi; p__Ascomycota; c__Ascomycota_p; o__Ascomycota_p; f__Ascomycota_p; g__Ascomycota_p; s__Ascomycota_p	0.7343171948861756	k__Fungi;p__Ascomycota	Fungi	Ascomycota	Ascomycota_p	Ascomycota_p	Ascomycota_p	Ascomycota_p	Ascomycota_p
ea97745628171c1b7140643a9f70461e	k__Fungi; p__Ascomycota; c__Ascomycota_p; o__Ascomycota_p; f__Ascomycota_p; g__Ascomycota_p; s__Ascomycota_p	0.7388695501490815	k__Fungi;p__Ascomycota	Fungi	Ascomycota	Ascomycota_p	Ascomycota_p	Ascomycota_p	Ascomycota_p	Ascomycota_p
bbc5e3ab547288791a3a60ebe42ab10c	k__Fungi; p__Fungi_k; c__Fungi_k; o__Fungi_k; f__Fungi_k; g__Fungi_k; s__Fungi_k	0.9999999999999991	k__Fungi	Fungi	Fungi_k	Fungi_k	Fungi_k	Fungi_k	Fungi_k	Fungi_k
6d536c0697e3374ffb3ec10414641759	k__Fungi; p__Ascomycota; c__Saccharomycetes; o__Saccharomycetales; f__Metschnikowiaceae; g__Metschnikowia; s__Metschnikowia_g	0.7683973394084884	k__Fungi;p__Ascomycota;c__Saccharomycetes;o__Saccharomycetales;f__Metschnikowiaceae;g__Metschnikowia	Fungi	Ascomycota	Saccharomycetes	Saccharomycetales	Metschnikowiaceae	Metschnikowia	Metschnikowia_g
3c9ae85851f407a4c95023d2f0cf58be	k__Fungi; p__Fungi_k; c__Fungi_k; o__Fungi_k; f__Fungi_k; g__Fungi_k; s__Fungi_k	1.0000000000000082	k__Fungi	Fungi	Fungi_k	Fungi_k	Fungi_k	Fungi_k	Fungi_k	Fungi_k
eb56c19be8e5fbe1c2a1ca33be8c1b24	k__Fungi; p__Fungi_k; c__Fungi_k; o__Fungi_k; f__Fungi_k; g__Fungi_k; s__Fungi_k	1.0000000000000007	k__Fungi	Fungi	Fungi_k	Fungi_k	Fungi_k	Fungi_k	Fungi_k	Fungi_k
cc56f99c558815f04df56c615a4708ea	k__Fungi; p__Basidiomycota; c__Agaricomycetes; o__Polyporales; f__Irpicaceae; g__Irpex; s__Irpex_hacksungii	0.9920246531809809	k__Fungi;p__Basidiomycota;c__Agaricomycetes;o__Polyporales;f__Irpicaceae;g__Irpex;s__Irpex_hacksungii;sh__SH1080352.10FU	Fungi	Basidiomycota	Agaricomycetes	Polyporales	Irpicaceae	Irpex	Irpex_hacksungii
93ca18c8326c68730665b16f4afc4c27	k__Fungi; p__Ascomycota; c__Dothideomycetes; o__Pleosporales; f__Phaeosphaeriaceae; g__Paraphoma; s__Paraphoma_rhaphiolepidis	0.8764838904467078	k__Fungi;p__Ascomycota;c__Dothideomycetes;o__Pleosporales;f__Phaeosphaeriaceae;g__Paraphoma;s__Paraphoma_rhaphiolepidis;sh__SH1409153.10FU	Fungi	Ascomycota	Dothideomycetes	Pleosporales	Phaeosphaeriaceae	Paraphoma	Paraphoma_rhaphiolepidis
240d740ef91d43f334788e266d661f7b	k__Fungi; p__Basidiomycota; c__Agaricomycetes; o__Agaricales; f__Pluteaceae; g__Pluteus; s__Pluteus_g	0.9999999312816298	k__Fungi;p__Basidiomycota;c__Agaricomycetes;o__Agaricales;f__Pluteaceae;g__Pluteus	Fungi	Basidiomycota	Agaricomycetes	Agaricales	Pluteaceae	Pluteus	Pluteus_g
84b5c1c947a868e466363aca6892af10	k__Fungi; p__Ascomycota; c__Dothideomycetes; o__Pleosporales; f__Coniothyriaceae; g__Coniothyrium; s__Coniothyrium_sidae	0.9973878410075192	k__Fungi;p__Ascomycota;c__Dothideomycetes;o__Pleosporales;f__Coniothyriaceae;g__Coniothyrium;s__Coniothyrium_sidae;sh__SH1371941.10FU	Fungi	Ascomycota	Dothideomycetes	Pleosporales	Coniothyriaceae	Coniothyrium	Coniothyrium_sidae
b2d80c0c3ae31c0fa0081d4ec7136a6b	k__Fungi; p__Fungi_k; c__Fungi_k; o__Fungi_k; f__Fungi_k; g__Fungi_k; s__Fungi_k	1.000000000000003	k__Fungi	Fungi	Fungi_k	Fungi_k	Fungi_k	Fungi_k	Fungi_k	Fungi_k
a8006bd4661f54caf04a33bfd953834d	k__Fungi; p__Fungi_k; c__Fungi_k; o__Fungi_k; f__Fungi_k; g__Fungi_k; s__Fungi_k	0.9999999999999978	k__Fungi	Fungi	Fungi_k	Fungi_k	Fungi_k	Fungi_k	Fungi_k	Fungi_k
2f43c6a7f9331f447cc24981f1887474	k__Fungi; p__Fungi_k; c__Fungi_k; o__Fungi_k; f__Fungi_k; g__Fungi_k; s__Fungi_k	0.9999999999999881	k__Fungi	Fungi	Fungi_k	Fungi_k	Fungi_k	Fungi_k	Fungi_k	Fungi_k
034dd71309f0853471154f43bc02abd1	k__Fungi; p__Ascomycota; c__Ascomycota_p; o__Ascomycota_p; f__Ascomycota_p; g__Ascomycota_p; s__Ascomycota_p	0.9248302528692216	k__Fungi;p__Ascomycota	Fungi	Ascomycota	Ascomycota_p	Ascomycota_p	Ascomycota_p	Ascomycota_p	Ascomycota_p
579ecb5e770eff08feca9199a9d1b0c7	k__Fungi; p__Ascomycota; c__Lecanoromycetes; o__Lecanorales; f__Lecanoraceae; g__Rhizoplaca; s__Rhizoplaca_novomexicana	0.8981500462268482	k__Fungi;p__Ascomycota;c__Lecanoromycetes;o__Lecanorales;f__Lecanoraceae;g__Rhizoplaca;s__Rhizoplaca_novomexicana;sh__SH1199517.10FU	Fungi	Ascomycota	Lecanoromycetes	Lecanorales	Lecanoraceae	Rhizoplaca	Rhizoplaca_novomexicana
d7fc1469409e75228a73f2e6c5a2a3c7	k__Fungi; p__Ascomycota; c__Lecanoromycetes; o__Lecanoromycetes_c; f__Lecanoromycetes_c; g__Lecanoromycetes_c; s__Lecanoromycetes_c	0.7217942992389841	k__Fungi;p__Ascomycota;c__Lecanoromycetes	Fungi	Ascomycota	Lecanoromycetes	Lecanoromycetes_c	Lecanoromycetes_c	Lecanoromycetes_c	Lecanoromycetes_c
7ec116ba801fe0dd6ad02c5516ba27b6	k__Fungi; p__Ascomycota; c__Ascomycota_p; o__Ascomycota_p; f__Ascomycota_p; g__Ascomycota_p; s__Ascomycota_p	0.7454745948902061	k__Fungi;p__Ascomycota	Fungi	Ascomycota	Ascomycota_p	Ascomycota_p	Ascomycota_p	Ascomycota_p	Ascomycota_p
29d62dfd66a91504472270a3fc584aad	k__Fungi; p__Ascomycota; c__Saccharomycetes; o__Saccharomycetales; f__Saccharomycetaceae; g__Saccharomyces; s__Saccharomyces_g	0.8725151072850396	k__Fungi;p__Ascomycota;c__Saccharomycetes;o__Saccharomycetales;f__Saccharomycetaceae;g__Saccharomyces	Fungi	Ascomycota	Saccharomycetes	Saccharomycetales	Saccharomycetaceae	Saccharomyces	Saccharomyces_g
e43a7fd010f2b357ee8e0655e81440be	k__Fungi; p__Fungi_k; c__Fungi_k; o__Fungi_k; f__Fungi_k; g__Fungi_k; s__Fungi_k	0.9999999999999949	k__Fungi	Fungi	Fungi_k	Fungi_k	Fungi_k	Fungi_k	Fungi_k	Fungi_k
fbea4bf29a9ade946b3674af59bbdb75	k__Fungi; p__Basidiomycota; c__Agaricomycetes; o__Hymenochaetales; f__Hymenochaetaceae; g__Hymenochaete; s__Hymenochaete_odontoides	0.9897440703509177	k__Fungi;p__Basidiomycota;c__Agaricomycetes;o__Hymenochaetales;f__Hymenochaetaceae;g__Hymenochaete;s__Hymenochaete_odontoides;sh__SH1409366.10FU	Fungi	Basidiomycota	Agaricomycetes	Hymenochaetales	Hymenochaetaceae	Hymenochaete	Hymenochaete_odontoides
9a8e760195cd584b7811142a27f29b00	k__Fungi; p__Fungi_k; c__Fungi_k; o__Fungi_k; f__Fungi_k; g__Fungi_k; s__Fungi_k	0.9999999999999949	k__Fungi	Fungi	Fungi_k	Fungi_k	Fungi_k	Fungi_k	Fungi_k	Fungi_k
b7bfeefde3acfbb774c0c51ff1d9ab5a	k__Fungi; p__Ascomycota; c__Dothideomycetes; o__Pleosporales; f__Phaeosphaeriaceae; g__Phaeosphaeriaceae_f; s__Phaeosphaeriaceae_f	0.9999999978999341	k__Fungi;p__Ascomycota;c__Dothideomycetes;o__Pleosporales;f__Phaeosphaeriaceae;g__Phaeosphaeriaceae_gen_Incertae_sedis;s__Phaeosphaeriaceae_sp;sh__SH1373954.10FU	Fungi	Ascomycota	Dothideomycetes	Pleosporales	Phaeosphaeriaceae	Phaeosphaeriaceae_f	Phaeosphaeriaceae_f
9a507bbaa2506b564c6ecc67ac11ca51	k__Fungi; p__Ascomycota; c__Dothideomycetes; o__Pleosporales; f__Pleosporales_o; g__Pleosporales_o; s__Pleosporales_o	0.9015878594103273	k__Fungi;p__Ascomycota;c__Dothideomycetes;o__Pleosporales	Fungi	Ascomycota	Dothideomycetes	Pleosporales	Pleosporales_o	Pleosporales_o	Pleosporales_o
c9e58beca8becb5fcc7e538ede488f9e	k__Fungi; p__Ascomycota; c__Ascomycota_p; o__Ascomycota_p; f__Ascomycota_p; g__Ascomycota_p; s__Ascomycota_p	0.7681166306900544	k__Fungi;p__Ascomycota	Fungi	Ascomycota	Ascomycota_p	Ascomycota_p	Ascomycota_p	Ascomycota_p	Ascomycota_p
d67ec88ac6b0a4537d390059cf1dac96	k__Fungi; p__Basidiomycota; c__Basidiomycota_p; o__Basidiomycota_p; f__Basidiomycota_p; g__Basidiomycota_p; s__Basidiomycota_p	0.9999999999851599	k__Fungi;p__Basidiomycota	Fungi	Basidiomycota	Basidiomycota_p	Basidiomycota_p	Basidiomycota_p	Basidiomycota_p	Basidiomycota_p
24d7b4411285b730ba3e4413dd9c2988	k__Fungi; p__Basidiomycota; c__Agaricomycetes; o__Russulales; f__Peniophoraceae; g__Peniophoraceae_f; s__Peniophoraceae_f	0.9993181706716713	k__Fungi;p__Basidiomycota;c__Agaricomycetes;o__Russulales;f__Peniophoraceae;g__Peniophoraceae_gen_Incertae_sedis;s__Peniophoraceae_sp;sh__SH1054279.10FU	Fungi	Basidiomycota	Agaricomycetes	Russulales	Peniophoraceae	Peniophoraceae_f	Peniophoraceae_f
6976a055044853c7e68d7943cfd3806a	k__Fungi; p__Fungi_k; c__Fungi_k; o__Fungi_k; f__Fungi_k; g__Fungi_k; s__Fungi_k	1.0000000000000036	k__Fungi	Fungi	Fungi_k	Fungi_k	Fungi_k	Fungi_k	Fungi_k	Fungi_k
57953a259caf82bc29a84735e0ceb763	k__Fungi; p__Fungi_k; c__Fungi_k; o__Fungi_k; f__Fungi_k; g__Fungi_k; s__Fungi_k	0.9999999999999877	k__Fungi	Fungi	Fungi_k	Fungi_k	Fungi_k	Fungi_k	Fungi_k	Fungi_k
c3fa753391ecc001d88bbc94b9693dd6	k__Fungi; p__Ascomycota; c__Ascomycota_p; o__Ascomycota_p; f__Ascomycota_p; g__Ascomycota_p; s__Ascomycota_p	0.7974026677575018	k__Fungi;p__Ascomycota	Fungi	Ascomycota	Ascomycota_p	Ascomycota_p	Ascomycota_p	Ascomycota_p	Ascomycota_p
8c9faa9e15875e19c83d12df14a5a3ff	k__Fungi; p__Ascomycota; c__Ascomycota_p; o__Ascomycota_p; f__Ascomycota_p; g__Ascomycota_p; s__Ascomycota_p	0.7144997110961564	k__Fungi;p__Ascomycota	Fungi	Ascomycota	Ascomycota_p	Ascomycota_p	Ascomycota_p	Ascomycota_p	Ascomycota_p
ccd031f4267764c6dbee39b62a142b1b	k__Fungi; p__Fungi_k; c__Fungi_k; o__Fungi_k; f__Fungi_k; g__Fungi_k; s__Fungi_k	1.0000000000000004	k__Fungi	Fungi	Fungi_k	Fungi_k	Fungi_k	Fungi_k	Fungi_k	Fungi_k
a810f4bd2f53d48fc7f37e94bf363fc4	k__Fungi; p__Fungi_k; c__Fungi_k; o__Fungi_k; f__Fungi_k; g__Fungi_k; s__Fungi_k	1.0000000000000042	k__Fungi	Fungi	Fungi_k	Fungi_k	Fungi_k	Fungi_k	Fungi_k	Fungi_k
d30bd92498a8cd6f581788d3c914949d	k__Fungi; p__Ascomycota; c__Eurotiomycetes; o__Eurotiales; f__Aspergillaceae; g__Penicillium; s__Penicillium_g	0.7373960690050727	k__Fungi;p__Ascomycota;c__Eurotiomycetes;o__Eurotiales;f__Aspergillaceae;g__Penicillium	Fungi	Ascomycota	Eurotiomycetes	Eurotiales	Aspergillaceae	Penicillium	Penicillium_g
94c0d2deeddd5f1e709b971ddca5b96f	k__Fungi; p__Ascomycota; c__Ascomycota_p; o__Ascomycota_p; f__Ascomycota_p; g__Ascomycota_p; s__Ascomycota_p	0.999999987648542	k__Fungi;p__Ascomycota	Fungi	Ascomycota	Ascomycota_p	Ascomycota_p	Ascomycota_p	Ascomycota_p	Ascomycota_p
94dddfcdc76df2a1fd9cc9fef269a37a	k__Fungi; p__Basidiomycota; c__Agaricomycetes; o__Auriculariales; f__Auriculariaceae; g__Exidia; s__Exidia_uvapassa	0.8848182369666833	k__Fungi;p__Basidiomycota;c__Agaricomycetes;o__Auriculariales;f__Auriculariaceae;g__Exidia;s__Exidia_uvapassa;sh__SH1313388.10FU	Fungi	Basidiomycota	Agaricomycetes	Auriculariales	Auriculariaceae	Exidia	Exidia_uvapassa
3ee47f1d98e4915c5a3a26a8c46c4890	k__Fungi; p__Basidiomycota; c__Agaricomycetes; o__Russulales; f__Peniophoraceae; g__Peniophoraceae_f; s__Peniophoraceae_f	0.9940330945492207	k__Fungi;p__Basidiomycota;c__Agaricomycetes;o__Russulales;f__Peniophoraceae;g__Peniophoraceae_gen_Incertae_sedis;s__Peniophoraceae_sp;sh__SH1054364.10FU	Fungi	Basidiomycota	Agaricomycetes	Russulales	Peniophoraceae	Peniophoraceae_f	Peniophoraceae_f
6d5d5e8e8195643d12ad9f89722821ba	k__Fungi; p__Ascomycota; c__Dothideomycetes; o__Pleosporales; f__Periconiaceae; g__Periconia; s__Periconia_celtidis	0.9984583685944256	k__Fungi;p__Ascomycota;c__Dothideomycetes;o__Pleosporales;f__Periconiaceae;g__Periconia;s__Periconia_celtidis;sh__SH1309970.10FU	Fungi	Ascomycota	Dothideomycetes	Pleosporales	Periconiaceae	Periconia	Periconia_celtidis
d6cc98cce9c2687e7e03206bda7d9f64	k__Fungi; p__Basidiomycota; c__Agaricomycetes; o__Russulales; f__Peniophoraceae; g__Peniophoraceae_f; s__Peniophoraceae_f	0.9999394118493026	k__Fungi;p__Basidiomycota;c__Agaricomycetes;o__Russulales;f__Peniophoraceae;g__Peniophoraceae_gen_Incertae_sedis;s__Peniophoraceae_sp;sh__SH1054279.10FU	Fungi	Basidiomycota	Agaricomycetes	Russulales	Peniophoraceae	Peniophoraceae_f	Peniophoraceae_f
4f6650e0c14cacd7abd09857e6585ff4	k__Fungi; p__Basidiomycota; c__Basidiomycota_p; o__Basidiomycota_p; f__Basidiomycota_p; g__Basidiomycota_p; s__Basidiomycota_p	0.9999999999200049	k__Fungi;p__Basidiomycota	Fungi	Basidiomycota	Basidiomycota_p	Basidiomycota_p	Basidiomycota_p	Basidiomycota_p	Basidiomycota_p
ccf3654d7cb955da43f548b2d4a6463a	k__Fungi; p__Basidiomycota; c__Agaricomycetes; o__Hymenochaetales; f__Schizoporaceae; g__Hyphodontia; s__Hyphodontia_tropica	0.9972330021560939	k__Fungi;p__Basidiomycota;c__Agaricomycetes;o__Hymenochaetales;f__Schizoporaceae;g__Hyphodontia;s__Hyphodontia_tropica;sh__SH1386342.10FU	Fungi	Basidiomycota	Agaricomycetes	Hymenochaetales	Schizoporaceae	Hyphodontia	Hyphodontia_tropica
1540d97c8f1d072ae65b7a4c33585746	k__Fungi; p__Ascomycota; c__Leotiomycetes; o__Thelebolales; f__Thelebolaceae; g__Thelebolus; s__Thelebolus_g	0.9635343170173765	k__Fungi;p__Ascomycota;c__Leotiomycetes;o__Thelebolales;f__Thelebolaceae;g__Thelebolus;s__Thelebolus_sp;sh__SH1255014.10FU	Fungi	Ascomycota	Leotiomycetes	Thelebolales	Thelebolaceae	Thelebolus	Thelebolus_g
7332820fcc90af10ffa68c99d5c2d874	k__Fungi; p__Ascomycota; c__Ascomycota_p; o__Ascomycota_p; f__Ascomycota_p; g__Ascomycota_p; s__Ascomycota_p	0.7526178311773432	k__Fungi;p__Ascomycota	Fungi	Ascomycota	Ascomycota_p	Ascomycota_p	Ascomycota_p	Ascomycota_p	Ascomycota_p
6e82328c42ba7c3e6116b76beafea40d	k__Fungi; p__Fungi_k; c__Fungi_k; o__Fungi_k; f__Fungi_k; g__Fungi_k; s__Fungi_k	0.9999999999999977	k__Fungi	Fungi	Fungi_k	Fungi_k	Fungi_k	Fungi_k	Fungi_k	Fungi_k
05b496404be4e237c87028a88f649e1a	k__Fungi; p__Ascomycota; c__Ascomycota_p; o__Ascomycota_p; f__Ascomycota_p; g__Ascomycota_p; s__Ascomycota_p	0.70735341086613	k__Fungi;p__Ascomycota	Fungi	Ascomycota	Ascomycota_p	Ascomycota_p	Ascomycota_p	Ascomycota_p	Ascomycota_p
bfd09568df5b64763bb30e17f8d02f3c	k__Fungi; p__Fungi_k; c__Fungi_k; o__Fungi_k; f__Fungi_k; g__Fungi_k; s__Fungi_k	1.0000000000000133	k__Fungi	Fungi	Fungi_k	Fungi_k	Fungi_k	Fungi_k	Fungi_k	Fungi_k
0fb48a8ab7edb9fc5d7e0721fd6a71ed	k__Fungi; p__Fungi_k; c__Fungi_k; o__Fungi_k; f__Fungi_k; g__Fungi_k; s__Fungi_k	1.0000000000000135	k__Fungi	Fungi	Fungi_k	Fungi_k	Fungi_k	Fungi_k	Fungi_k	Fungi_k
dd36eed9b61d37d408572443dac7a3cd	k__Fungi; p__Fungi_k; c__Fungi_k; o__Fungi_k; f__Fungi_k; g__Fungi_k; s__Fungi_k	1.0000000000000013	k__Fungi	Fungi	Fungi_k	Fungi_k	Fungi_k	Fungi_k	Fungi_k	Fungi_k
ab224c39466ee6d32bd0cb957ff3bf07	k__Fungi; p__Ascomycota; c__Ascomycota_p; o__Ascomycota_p; f__Ascomycota_p; g__Ascomycota_p; s__Ascomycota_p	0.951557787108703	k__Fungi;p__Ascomycota	Fungi	Ascomycota	Ascomycota_p	Ascomycota_p	Ascomycota_p	Ascomycota_p	Ascomycota_p
b407c9e0ae8d92182c419ee74b4da114	k__Fungi; p__Fungi_k; c__Fungi_k; o__Fungi_k; f__Fungi_k; g__Fungi_k; s__Fungi_k	1.000000000000002	k__Fungi	Fungi	Fungi_k	Fungi_k	Fungi_k	Fungi_k	Fungi_k	Fungi_k
1c8aea5d6f2451aac5a804b66803af1e	k__Fungi; p__Fungi_k; c__Fungi_k; o__Fungi_k; f__Fungi_k; g__Fungi_k; s__Fungi_k	0.9999999999999991	k__Fungi	Fungi	Fungi_k	Fungi_k	Fungi_k	Fungi_k	Fungi_k	Fungi_k
4d1c9fd884a315a755aa7c59427b2d62	k__Fungi; p__Basidiomycota; c__Agaricomycetes; o__Polyporales; f__Phanerochaetaceae; g__Phanerochaete; s__Phanerochaete_g	0.9733187847446043	k__Fungi;p__Basidiomycota;c__Agaricomycetes;o__Polyporales;f__Phanerochaetaceae;g__Phanerochaete	Fungi	Basidiomycota	Agaricomycetes	Polyporales	Phanerochaetaceae	Phanerochaete	Phanerochaete_g
6e0e8ddf7043ec51d326dff163480dc7	k__Fungi; p__Ascomycota; c__Dothideomycetes; o__Pleosporales; f__Phaeosphaeriaceae; g__Neosetophoma; s__Neosetophoma_guiyangensis	0.9770284729420556	k__Fungi;p__Ascomycota;c__Dothideomycetes;o__Pleosporales;f__Phaeosphaeriaceae;g__Neosetophoma;s__Neosetophoma_guiyangensis;sh__SH1409290.10FU	Fungi	Ascomycota	Dothideomycetes	Pleosporales	Phaeosphaeriaceae	Neosetophoma	Neosetophoma_guiyangensis
f3668a5d3a3b9ae5ec04a62d6b276380	k__Fungi; p__Ascomycota; c__Ascomycota_p; o__Ascomycota_p; f__Ascomycota_p; g__Ascomycota_p; s__Ascomycota_p	0.7597154974293095	k__Fungi;p__Ascomycota	Fungi	Ascomycota	Ascomycota_p	Ascomycota_p	Ascomycota_p	Ascomycota_p	Ascomycota_p
3ca224352821ab4798e0ab4bb73ab267	k__Fungi; p__Basidiomycota; c__Agaricomycetes; o__Polyporales; f__Meruliaceae; g__Mycoaciella; s__Mycoaciella_efibulata	0.999841349094342	k__Fungi;p__Basidiomycota;c__Agaricomycetes;o__Polyporales;f__Meruliaceae;g__Mycoaciella;s__Mycoaciella_efibulata;sh__SH1236382.10FU	Fungi	Basidiomycota	Agaricomycetes	Polyporales	Meruliaceae	Mycoaciella	Mycoaciella_efibulata
4829c7cee3b18ec5924817979293801f	k__Fungi; p__Basidiomycota; c__Agaricomycetes; o__Cantharellales; f__Hydnaceae; g__Sistotrema; s__Sistotrema_brinkmannii	0.8241740387555114	k__Fungi;p__Basidiomycota;c__Agaricomycetes;o__Cantharellales;f__Hydnaceae;g__Sistotrema;s__Sistotrema_brinkmannii;sh__SH1222328.10FU	Fungi	Basidiomycota	Agaricomycetes	Cantharellales	Hydnaceae	Sistotrema	Sistotrema_brinkmannii
397362a873a8f2418d7c6e6697262abc	k__Fungi; p__Basidiomycota; c__Agaricomycetes; o__Agaricales; f__Agaricales_o; g__Agaricales_o; s__Agaricales_o	0.8246852379958529	k__Fungi;p__Basidiomycota;c__Agaricomycetes;o__Agaricales;f__Agaricales_fam_Incertae_sedis;g__Agaricales_gen_Incertae_sedis;s__Agaricales_sp;sh__SH1397975.10FU	Fungi	Basidiomycota	Agaricomycetes	Agaricales	Agaricales_o	Agaricales_o	Agaricales_o
b0ae62f3189358ff6ca6e936a7f09b21	k__Fungi; p__Basidiomycota; c__Agaricomycetes; o__Polyporales; f__Polyporaceae; g__Trametes; s__Trametes_hirsuta	0.7799922786950066	k__Fungi;p__Basidiomycota;c__Agaricomycetes;o__Polyporales;f__Polyporaceae;g__Trametes;s__Trametes_hirsuta;sh__SH1240572.10FU	Fungi	Basidiomycota	Agaricomycetes	Polyporales	Polyporaceae	Trametes	Trametes_hirsuta
c7e72cd68f619fbd50765269dd08f1d2	k__Fungi; p__Basidiomycota; c__Agaricomycetes; o__Polyporales; f__Steccherinaceae; g__Butyrea; s__Butyrea_japonica	0.9999991923216662	k__Fungi;p__Basidiomycota;c__Agaricomycetes;o__Polyporales;f__Steccherinaceae;g__Butyrea;s__Butyrea_japonica;sh__SH1349759.10FU	Fungi	Basidiomycota	Agaricomycetes	Polyporales	Steccherinaceae	Butyrea	Butyrea_japonica
c12e357adf22e7dfbf24ddb92f3e037b	k__Fungi; p__Ascomycota; c__Dothideomycetes; o__Pleosporales; f__Phaeosphaeriaceae; g__Leptospora; s__Leptospora_g	0.9979029200315542	k__Fungi;p__Ascomycota;c__Dothideomycetes;o__Pleosporales;f__Phaeosphaeriaceae;g__Leptospora;s__Leptospora_sp;sh__SH1338567.10FU	Fungi	Ascomycota	Dothideomycetes	Pleosporales	Phaeosphaeriaceae	Leptospora	Leptospora_g
a5fb812775e585a48c8358419981538a	k__Fungi; p__Basidiomycota; c__Agaricomycetes; o__Polyporales; f__Meruliaceae; g__Scopuloides; s__Scopuloides_g	0.9995582048335702	k__Fungi;p__Basidiomycota;c__Agaricomycetes;o__Polyporales;f__Meruliaceae;g__Scopuloides	Fungi	Basidiomycota	Agaricomycetes	Polyporales	Meruliaceae	Scopuloides	Scopuloides_g
ef16d0695cbd2892a71d4e49c28bd4ea	k__Fungi; p__Basidiomycota; c__Agaricomycetes; o__Polyporales; f__Polyporaceae; g__Trametes; s__Trametes_hirsuta	0.7879077764665869	k__Fungi;p__Basidiomycota;c__Agaricomycetes;o__Polyporales;f__Polyporaceae;g__Trametes;s__Trametes_hirsuta;sh__SH1240572.10FU	Fungi	Basidiomycota	Agaricomycetes	Polyporales	Polyporaceae	Trametes	Trametes_hirsuta
59e39ce5b0fa28367628aaac73e3ace5	k__Fungi; p__Fungi_k; c__Fungi_k; o__Fungi_k; f__Fungi_k; g__Fungi_k; s__Fungi_k	1.000000000000003	k__Fungi	Fungi	Fungi_k	Fungi_k	Fungi_k	Fungi_k	Fungi_k	Fungi_k
a8667283551f577f6feb70486539d8d1	k__Fungi; p__Ascomycota; c__Ascomycota_p; o__Ascomycota_p; f__Ascomycota_p; g__Ascomycota_p; s__Ascomycota_p	0.755927383890539	k__Fungi;p__Ascomycota	Fungi	Ascomycota	Ascomycota_p	Ascomycota_p	Ascomycota_p	Ascomycota_p	Ascomycota_p
9ab532e02e09a25a4e7fc6d767fa9aa1	k__Fungi; p__Fungi_k; c__Fungi_k; o__Fungi_k; f__Fungi_k; g__Fungi_k; s__Fungi_k	0.9999999999999881	k__Fungi	Fungi	Fungi_k	Fungi_k	Fungi_k	Fungi_k	Fungi_k	Fungi_k
cc654ac138d65ef720d9e6927b4275cf	k__Fungi; p__Ascomycota; c__Ascomycota_p; o__Ascomycota_p; f__Ascomycota_p; g__Ascomycota_p; s__Ascomycota_p	0.7787094253828211	k__Fungi;p__Ascomycota	Fungi	Ascomycota	Ascomycota_p	Ascomycota_p	Ascomycota_p	Ascomycota_p	Ascomycota_p
e7d607347edf89506f50e84573edc326	k__Fungi; p__Ascomycota; c__Ascomycota_p; o__Ascomycota_p; f__Ascomycota_p; g__Ascomycota_p; s__Ascomycota_p	0.8444776285281854	k__Fungi;p__Ascomycota	Fungi	Ascomycota	Ascomycota_p	Ascomycota_p	Ascomycota_p	Ascomycota_p	Ascomycota_p
9382063e0b2044656cf90225daa688cc	k__Fungi; p__Ascomycota; c__Ascomycota_p; o__Ascomycota_p; f__Ascomycota_p; g__Ascomycota_p; s__Ascomycota_p	0.7068192961775138	k__Fungi;p__Ascomycota	Fungi	Ascomycota	Ascomycota_p	Ascomycota_p	Ascomycota_p	Ascomycota_p	Ascomycota_p
1f918dc743f502eb0290572adf274b34	k__Fungi; p__Fungi_k; c__Fungi_k; o__Fungi_k; f__Fungi_k; g__Fungi_k; s__Fungi_k	1.0000000000000122	k__Fungi	Fungi	Fungi_k	Fungi_k	Fungi_k	Fungi_k	Fungi_k	Fungi_k
4951881ce90885c4c3b8b071badab83f	k__Fungi; p__Fungi_k; c__Fungi_k; o__Fungi_k; f__Fungi_k; g__Fungi_k; s__Fungi_k	0.9999999999999948	k__Fungi	Fungi	Fungi_k	Fungi_k	Fungi_k	Fungi_k	Fungi_k	Fungi_k
43f18b9991f72cfc8bf12cbd1b48c96b	k__Fungi; p__Fungi_k; c__Fungi_k; o__Fungi_k; f__Fungi_k; g__Fungi_k; s__Fungi_k	0.999999999999997	k__Fungi	Fungi	Fungi_k	Fungi_k	Fungi_k	Fungi_k	Fungi_k	Fungi_k
1b2e8a0293b43f376c41093828fde254	k__Fungi; p__Basidiomycota; c__Agaricomycetes; o__Polyporales; f__Polyporaceae; g__Trametes; s__Trametes_versicolor	0.8401808805980382	k__Fungi;p__Basidiomycota;c__Agaricomycetes;o__Polyporales;f__Polyporaceae;g__Trametes;s__Trametes_versicolor;sh__SH1088860.10FU	Fungi	Basidiomycota	Agaricomycetes	Polyporales	Polyporaceae	Trametes	Trametes_versicolor
b7961057390a6c976529ef24c7f377f3	k__Fungi; p__Fungi_k; c__Fungi_k; o__Fungi_k; f__Fungi_k; g__Fungi_k; s__Fungi_k	0.9999999999999928	k__Fungi	Fungi	Fungi_k	Fungi_k	Fungi_k	Fungi_k	Fungi_k	Fungi_k
61645f9cde6903edbbd03f5235efd2d1	k__Fungi; p__Basidiomycota; c__Agaricomycetes; o__Agaricales; f__Pleurotaceae; g__Pleurotus; s__Pleurotus_ostreatus	0.9126519884646629	k__Fungi;p__Basidiomycota;c__Agaricomycetes;o__Agaricales;f__Pleurotaceae;g__Pleurotus;s__Pleurotus_ostreatus;sh__SH1165353.10FU	Fungi	Basidiomycota	Agaricomycetes	Agaricales	Pleurotaceae	Pleurotus	Pleurotus_ostreatus
ab4ff24c6768499d28626cb4e300616a	k__Fungi; p__Basidiomycota; c__Agaricomycetes; o__Polyporales; f__Meruliaceae; g__Mycoaciella; s__Mycoaciella_efibulata	0.9998406771697813	k__Fungi;p__Basidiomycota;c__Agaricomycetes;o__Polyporales;f__Meruliaceae;g__Mycoaciella;s__Mycoaciella_efibulata;sh__SH1236382.10FU	Fungi	Basidiomycota	Agaricomycetes	Polyporales	Meruliaceae	Mycoaciella	Mycoaciella_efibulata
4b3032f1ababa735f461201a632784c8	k__Fungi; p__Basidiomycota; c__Agaricomycetes; o__Polyporales; f__Meruliaceae; g__Phlebia; s__Phlebia_acanthocystis	0.9953031269648447	k__Fungi;p__Basidiomycota;c__Agaricomycetes;o__Polyporales;f__Meruliaceae;g__Phlebia;s__Phlebia_acanthocystis;sh__SH1236377.10FU	Fungi	Basidiomycota	Agaricomycetes	Polyporales	Meruliaceae	Phlebia	Phlebia_acanthocystis
fa6042518061af83ea6007686638c607	k__Fungi; p__Fungi_k; c__Fungi_k; o__Fungi_k; f__Fungi_k; g__Fungi_k; s__Fungi_k	0.9999999999999968	k__Fungi	Fungi	Fungi_k	Fungi_k	Fungi_k	Fungi_k	Fungi_k	Fungi_k
0f360b09103c67271c91a7874e444b09	k__Fungi; p__Basidiomycota; c__Agaricomycetes; o__Russulales; f__Hericiaceae; g__Dentipellis; s__Dentipellis_fragilis	0.8275970098718449	k__Fungi;p__Basidiomycota;c__Agaricomycetes;o__Russulales;f__Hericiaceae;g__Dentipellis;s__Dentipellis_fragilis;sh__SH1157884.10FU	Fungi	Basidiomycota	Agaricomycetes	Russulales	Hericiaceae	Dentipellis	Dentipellis_fragilis
679ca3aecfbd02b0d7659b6327a70872	k__Fungi; p__Ascomycota; c__Ascomycota_p; o__Ascomycota_p; f__Ascomycota_p; g__Ascomycota_p; s__Ascomycota_p	0.7990909367845986	k__Fungi;p__Ascomycota	Fungi	Ascomycota	Ascomycota_p	Ascomycota_p	Ascomycota_p	Ascomycota_p	Ascomycota_p
16703d0a4083f43db27f62158cbd405a	k__Fungi; p__Ascomycota; c__Dothideomycetes; o__Pleosporales; f__Phaeosphaeriaceae; g__Ophiosphaerella; s__Ophiosphaerella_chiangraiensis	0.959304272596237	k__Fungi;p__Ascomycota;c__Dothideomycetes;o__Pleosporales;f__Phaeosphaeriaceae;g__Ophiosphaerella;s__Ophiosphaerella_chiangraiensis;sh__SH1346430.10FU	Fungi	Ascomycota	Dothideomycetes	Pleosporales	Phaeosphaeriaceae	Ophiosphaerella	Ophiosphaerella_chiangraiensis
fed98bc28374334a8e2df19c0ed70b46	k__Fungi; p__Basidiomycota; c__Agaricomycetes; o__Russulales; f__Peniophoraceae; g__Peniophoraceae_f; s__Peniophoraceae_f	0.9994237516296886	k__Fungi;p__Basidiomycota;c__Agaricomycetes;o__Russulales;f__Peniophoraceae;g__Peniophoraceae_gen_Incertae_sedis;s__Peniophoraceae_sp;sh__SH1054279.10FU	Fungi	Basidiomycota	Agaricomycetes	Russulales	Peniophoraceae	Peniophoraceae_f	Peniophoraceae_f
c7ddb05d44bb0ae81e055fa6ff76c7ad	k__Fungi; p__Basidiomycota; c__Agaricomycetes; o__Polyporales; f__Phanerochaetaceae; g__Phanerochaete; s__Phanerochaete_cumulodentata	0.9390517121721671	k__Fungi;p__Basidiomycota;c__Agaricomycetes;o__Polyporales;f__Phanerochaetaceae;g__Phanerochaete;s__Phanerochaete_cumulodentata;sh__SH1412803.10FU	Fungi	Basidiomycota	Agaricomycetes	Polyporales	Phanerochaetaceae	Phanerochaete	Phanerochaete_cumulodentata
88be853cbd81bb124d987055745dd220	k__Fungi; p__Basidiomycota; c__Agaricomycetes; o__Trechisporales; f__Trechisporales_o; g__Trechisporales_o; s__Trechisporales_o	0.8785565672503568	k__Fungi;p__Basidiomycota;c__Agaricomycetes;o__Trechisporales;f__Trechisporales_fam_Incertae_sedis;g__Trechisporales_gen_Incertae_sedis;s__Trechisporales_sp;sh__SH1293772.10FU	Fungi	Basidiomycota	Agaricomycetes	Trechisporales	Trechisporales_o	Trechisporales_o	Trechisporales_o
f1997867c1a1b8dbf76c227712592c2b	k__Fungi; p__Basidiomycota; c__Agaricomycetes; o__Polyporales; f__Meruliaceae; g__Mycoaciella; s__Mycoaciella_efibulata	0.9997294115694138	k__Fungi;p__Basidiomycota;c__Agaricomycetes;o__Polyporales;f__Meruliaceae;g__Mycoaciella;s__Mycoaciella_efibulata;sh__SH1236382.10FU	Fungi	Basidiomycota	Agaricomycetes	Polyporales	Meruliaceae	Mycoaciella	Mycoaciella_efibulata
224d56ff798feaccbf5f4ce5eaf3ded3	k__Fungi; p__Basidiomycota; c__Agaricomycetes; o__Russulales; f__Stereaceae; g__Stereaceae_f; s__Stereaceae_f	0.9999981683111379	k__Fungi;p__Basidiomycota;c__Agaricomycetes;o__Russulales;f__Stereaceae;g__Stereaceae_gen_Incertae_sedis;s__Stereaceae_sp;sh__SH1075157.10FU	Fungi	Basidiomycota	Agaricomycetes	Russulales	Stereaceae	Stereaceae_f	Stereaceae_f
b26396e1664e227b62d104f34fd92b40	k__Fungi; p__Basidiomycota; c__Agaricomycetes; o__Polyporales; f__Hyphodermataceae; g__Hyphoderma; s__Hyphoderma_setigerum	0.9999999999600533	k__Fungi;p__Basidiomycota;c__Agaricomycetes;o__Polyporales;f__Hyphodermataceae;g__Hyphoderma;s__Hyphoderma_setigerum;sh__SH1251710.10FU	Fungi	Basidiomycota	Agaricomycetes	Polyporales	Hyphodermataceae	Hyphoderma	Hyphoderma_setigerum
6ff253a77431f16f031f09943020be98	k__Fungi; p__Basidiomycota; c__Agaricomycetes; o__Polyporales; f__Polyporales_o; g__Polyporales_o; s__Polyporales_o	0.9805022532421619	k__Fungi;p__Basidiomycota;c__Agaricomycetes;o__Polyporales;f__Polyporales_fam_Incertae_sedis;g__Polyporales_gen_Incertae_sedis;s__Polyporales_sp;sh__SH1290599.10FU	Fungi	Basidiomycota	Agaricomycetes	Polyporales	Polyporales_o	Polyporales_o	Polyporales_o
f948e144edae90d5a6361cefa3a96d1e	k__Fungi; p__Basidiomycota; c__Agaricomycetes; o__Russulales; f__Peniophoraceae; g__Peniophoraceae_f; s__Peniophoraceae_f	0.9999729424296557	k__Fungi;p__Basidiomycota;c__Agaricomycetes;o__Russulales;f__Peniophoraceae;g__Peniophoraceae_gen_Incertae_sedis;s__Peniophoraceae_sp;sh__SH1054279.10FU	Fungi	Basidiomycota	Agaricomycetes	Russulales	Peniophoraceae	Peniophoraceae_f	Peniophoraceae_f
a554710d9573066da22c4a4f87f01d3a	k__Fungi; p__Basidiomycota; c__Agaricomycetes; o__Agaricales; f__Entolomataceae; g__Clitopilus; s__Clitopilus_baronii	0.8069493956342291	k__Fungi;p__Basidiomycota;c__Agaricomycetes;o__Agaricales;f__Entolomataceae;g__Clitopilus;s__Clitopilus_baronii;sh__SH1217598.10FU	Fungi	Basidiomycota	Agaricomycetes	Agaricales	Entolomataceae	Clitopilus	Clitopilus_baronii
dedfb065825f7af0f11dc63cd4a5b596	k__Fungi; p__Fungi_k; c__Fungi_k; o__Fungi_k; f__Fungi_k; g__Fungi_k; s__Fungi_k	1.0000000000000133	k__Fungi	Fungi	Fungi_k	Fungi_k	Fungi_k	Fungi_k	Fungi_k	Fungi_k
8abbc3706d83fc336ad674b159566a26	k__Fungi; p__Ascomycota; c__Sordariomycetes; o__Diaporthales; f__Gnomoniaceae; g__Ophiognomonia; s__Ophiognomonia_asiatica	0.789624018846571	k__Fungi;p__Ascomycota;c__Sordariomycetes;o__Diaporthales;f__Gnomoniaceae;g__Ophiognomonia;s__Ophiognomonia_asiatica;sh__SH1212331.10FU	Fungi	Ascomycota	Sordariomycetes	Diaporthales	Gnomoniaceae	Ophiognomonia	Ophiognomonia_asiatica
17952accf0a19bde02e3576f0b21a02f	k__Fungi; p__Ascomycota; c__Dothideomycetes; o__Pleosporales; f__Phaeosphaeriaceae; g__Paraphoma; s__Paraphoma_g	0.9889841905753445	k__Fungi;p__Ascomycota;c__Dothideomycetes;o__Pleosporales;f__Phaeosphaeriaceae;g__Paraphoma	Fungi	Ascomycota	Dothideomycetes	Pleosporales	Phaeosphaeriaceae	Paraphoma	Paraphoma_g
cc572ce0686826cfa6fa0474048bea08	k__Fungi; p__Basidiomycota; c__Agaricomycetes; o__Polyporales; f__Phanerochaetaceae; g__Phlebiopsis; s__Phlebiopsis_gigantea	0.7704676692775431	k__Fungi;p__Basidiomycota;c__Agaricomycetes;o__Polyporales;f__Phanerochaetaceae;g__Phlebiopsis;s__Phlebiopsis_gigantea;sh__SH1412890.10FU	Fungi	Basidiomycota	Agaricomycetes	Polyporales	Phanerochaetaceae	Phlebiopsis	Phlebiopsis_gigantea
a0e94e321165b221002d4815536f2eea	k__Fungi; p__Basidiomycota; c__Agaricomycetes; o__Cantharellales; f__Ceratobasidiaceae; g__Ceratobasidium; s__Ceratobasidium_g	0.9990156608486106	k__Fungi;p__Basidiomycota;c__Agaricomycetes;o__Cantharellales;f__Ceratobasidiaceae;g__Ceratobasidium;s__Ceratobasidium_sp	Fungi	Basidiomycota	Agaricomycetes	Cantharellales	Ceratobasidiaceae	Ceratobasidium	Ceratobasidium_g
ee7eded8ff16d52a1a8b95d1ac582d73	k__Fungi; p__Basidiomycota; c__Agaricomycetes; o__Hymenochaetales; f__Schizoporaceae; g__Xylodon; s__Xylodon_flaviporus	0.9943280137970174	k__Fungi;p__Basidiomycota;c__Agaricomycetes;o__Hymenochaetales;f__Schizoporaceae;g__Xylodon;s__Xylodon_flaviporus;sh__SH1386323.10FU	Fungi	Basidiomycota	Agaricomycetes	Hymenochaetales	Schizoporaceae	Xylodon	Xylodon_flaviporus
c2e2bbe0f275c3ae873e4c8011264301	k__Fungi; p__Fungi_k; c__Fungi_k; o__Fungi_k; f__Fungi_k; g__Fungi_k; s__Fungi_k	1.0000000000000018	k__Fungi	Fungi	Fungi_k	Fungi_k	Fungi_k	Fungi_k	Fungi_k	Fungi_k
4bfd955490a13cf9d93564394b8053c5	k__Fungi; p__Ascomycota; c__Ascomycota_p; o__Ascomycota_p; f__Ascomycota_p; g__Ascomycota_p; s__Ascomycota_p	0.801858478043966	k__Fungi;p__Ascomycota	Fungi	Ascomycota	Ascomycota_p	Ascomycota_p	Ascomycota_p	Ascomycota_p	Ascomycota_p
c2084f73dc59a63c76060a2d438c90dd	k__Fungi; p__Ascomycota; c__Ascomycota_p; o__Ascomycota_p; f__Ascomycota_p; g__Ascomycota_p; s__Ascomycota_p	0.7080456588640536	k__Fungi;p__Ascomycota	Fungi	Ascomycota	Ascomycota_p	Ascomycota_p	Ascomycota_p	Ascomycota_p	Ascomycota_p
588b3566dfb1cd5eec4c04e15e8a68e4	k__Fungi; p__Fungi_k; c__Fungi_k; o__Fungi_k; f__Fungi_k; g__Fungi_k; s__Fungi_k	1.0000000000000036	k__Fungi	Fungi	Fungi_k	Fungi_k	Fungi_k	Fungi_k	Fungi_k	Fungi_k
ff27b8703c571d06a3bb9d893ed7daea	k__Fungi; p__Fungi_k; c__Fungi_k; o__Fungi_k; f__Fungi_k; g__Fungi_k; s__Fungi_k	0.9999999999999897	k__Fungi	Fungi	Fungi_k	Fungi_k	Fungi_k	Fungi_k	Fungi_k	Fungi_k
31169ddba661462ce73f8c72d905380f	k__Fungi; p__Ascomycota; c__Lecanoromycetes; o__Lecanoromycetes_c; f__Lecanoromycetes_c; g__Lecanoromycetes_c; s__Lecanoromycetes_c	0.8659601991437497	k__Fungi;p__Ascomycota;c__Lecanoromycetes	Fungi	Ascomycota	Lecanoromycetes	Lecanoromycetes_c	Lecanoromycetes_c	Lecanoromycetes_c	Lecanoromycetes_c
6f44fdcac884f9349154a511f9ec5467	k__Fungi; p__Fungi_k; c__Fungi_k; o__Fungi_k; f__Fungi_k; g__Fungi_k; s__Fungi_k	1.0000000000000053	k__Fungi	Fungi	Fungi_k	Fungi_k	Fungi_k	Fungi_k	Fungi_k	Fungi_k
e98dc9729afccefe7d09d64fb570d0f7	k__Fungi; p__Fungi_k; c__Fungi_k; o__Fungi_k; f__Fungi_k; g__Fungi_k; s__Fungi_k	0.99999999999999	k__Fungi	Fungi	Fungi_k	Fungi_k	Fungi_k	Fungi_k	Fungi_k	Fungi_k
f94cceab17230de007f8fd723ae80e47	k__Fungi; p__Ascomycota; c__Ascomycota_p; o__Ascomycota_p; f__Ascomycota_p; g__Ascomycota_p; s__Ascomycota_p	0.7639028150029449	k__Fungi;p__Ascomycota	Fungi	Ascomycota	Ascomycota_p	Ascomycota_p	Ascomycota_p	Ascomycota_p	Ascomycota_p
891d74d20e746b1fb0158d4e1d1738cf	k__Fungi; p__Fungi_k; c__Fungi_k; o__Fungi_k; f__Fungi_k; g__Fungi_k; s__Fungi_k	0.999999999999989	k__Fungi	Fungi	Fungi_k	Fungi_k	Fungi_k	Fungi_k	Fungi_k	Fungi_k
e56ef4932dbe840d72fbf03dd085350e	k__Fungi; p__Fungi_k; c__Fungi_k; o__Fungi_k; f__Fungi_k; g__Fungi_k; s__Fungi_k	0.9999999999999971	k__Fungi	Fungi	Fungi_k	Fungi_k	Fungi_k	Fungi_k	Fungi_k	Fungi_k
f6f997289cd3527af5c901a89ed81029	k__Fungi; p__Ascomycota; c__Ascomycota_p; o__Ascomycota_p; f__Ascomycota_p; g__Ascomycota_p; s__Ascomycota_p	0.8522582682448723	k__Fungi;p__Ascomycota	Fungi	Ascomycota	Ascomycota_p	Ascomycota_p	Ascomycota_p	Ascomycota_p	Ascomycota_p
210606b4fff7f1b545874ba7442c65b1	k__Fungi; p__Ascomycota; c__Ascomycota_p; o__Ascomycota_p; f__Ascomycota_p; g__Ascomycota_p; s__Ascomycota_p	0.705386992146343	k__Fungi;p__Ascomycota	Fungi	Ascomycota	Ascomycota_p	Ascomycota_p	Ascomycota_p	Ascomycota_p	Ascomycota_p
75460142a37c38afe494aff9cc6ce051	k__Fungi; p__Fungi_k; c__Fungi_k; o__Fungi_k; f__Fungi_k; g__Fungi_k; s__Fungi_k	1.000000000000009	k__Fungi	Fungi	Fungi_k	Fungi_k	Fungi_k	Fungi_k	Fungi_k	Fungi_k
ccd3ca0ed71b6faaaccf15455d97d962	k__Fungi; p__Fungi_k; c__Fungi_k; o__Fungi_k; f__Fungi_k; g__Fungi_k; s__Fungi_k	1.0000000000000058	k__Fungi	Fungi	Fungi_k	Fungi_k	Fungi_k	Fungi_k	Fungi_k	Fungi_k
aff14a00453aec3e51788b5e8539956b	k__Fungi; p__Fungi_k; c__Fungi_k; o__Fungi_k; f__Fungi_k; g__Fungi_k; s__Fungi_k	1.0000000000000122	k__Fungi	Fungi	Fungi_k	Fungi_k	Fungi_k	Fungi_k	Fungi_k	Fungi_k
24b8daa5b10dcf42144074fc7fbfb3d6	k__Fungi; p__Ascomycota; c__Ascomycota_p; o__Ascomycota_p; f__Ascomycota_p; g__Ascomycota_p; s__Ascomycota_p	0.8915337644036068	k__Fungi;p__Ascomycota	Fungi	Ascomycota	Ascomycota_p	Ascomycota_p	Ascomycota_p	Ascomycota_p	Ascomycota_p
127a250c366f54f7a8ff08616edff9c2	k__Fungi; p__Fungi_k; c__Fungi_k; o__Fungi_k; f__Fungi_k; g__Fungi_k; s__Fungi_k	0.9999999999999996	k__Fungi	Fungi	Fungi_k	Fungi_k	Fungi_k	Fungi_k	Fungi_k	Fungi_k
cca066ec93ac3b58cb278c7a3039a50d	k__Fungi; p__Fungi_k; c__Fungi_k; o__Fungi_k; f__Fungi_k; g__Fungi_k; s__Fungi_k	0.9999999999999951	k__Fungi	Fungi	Fungi_k	Fungi_k	Fungi_k	Fungi_k	Fungi_k	Fungi_k
1ad0453306a32c66b7332becae773259	k__Fungi; p__Ascomycota; c__Lecanoromycetes; o__Lecanorales; f__Lecanoraceae; g__Rhizoplaca; s__Rhizoplaca_novomexicana	0.8104773114636482	k__Fungi;p__Ascomycota;c__Lecanoromycetes;o__Lecanorales;f__Lecanoraceae;g__Rhizoplaca;s__Rhizoplaca_novomexicana;sh__SH1199517.10FU	Fungi	Ascomycota	Lecanoromycetes	Lecanorales	Lecanoraceae	Rhizoplaca	Rhizoplaca_novomexicana
9c70c6df883ccc8bc958aa9b237f3dcd	k__Fungi; p__Ascomycota; c__Sordariomycetes; o__Xylariales; f__Leptosilliaceae; g__Leptosillia; s__Leptosillia_g	0.9329555833755858	k__Fungi;p__Ascomycota;c__Sordariomycetes;o__Xylariales;f__Leptosilliaceae;g__Leptosillia;s__Leptosillia_sp;sh__SH1055465.10FU	Fungi	Ascomycota	Sordariomycetes	Xylariales	Leptosilliaceae	Leptosillia	Leptosillia_g
6c1fc4704aa612ba09b1cc742f0c67b2	k__Fungi; p__Ascomycota; c__Saccharomycetes; o__Saccharomycetales; f__Pichiaceae; g__Pichia; s__Pichia_kudriavzevii	0.9499126474468196	k__Fungi;p__Ascomycota;c__Saccharomycetes;o__Saccharomycetales;f__Pichiaceae;g__Pichia;s__Pichia_kudriavzevii;sh__SH1293245.10FU	Fungi	Ascomycota	Saccharomycetes	Saccharomycetales	Pichiaceae	Pichia	Pichia_kudriavzevii
3e386a41fce9acea998443c7cd0b8976	k__Fungi; p__Ascomycota; c__Dothideomycetes; o__Dothideomycetes_c; f__Dothideomycetes_c; g__Dothideomycetes_c; s__Dothideomycetes_c	0.7328169492987263	k__Fungi;p__Ascomycota;c__Dothideomycetes;o__Dothideomycetes_ord_Incertae_sedis;f__Dothideomycetes_fam_Incertae_sedis;g__Dothideomycetes_gen_Incertae_sedis;s__Dothideomycetes_sp;sh__SH1200230.10FU	Fungi	Ascomycota	Dothideomycetes	Dothideomycetes_c	Dothideomycetes_c	Dothideomycetes_c	Dothideomycetes_c
b3243e1a3accfd9f8cc3834cc9ca2539	k__Fungi; p__Ascomycota; c__Saccharomycetes; o__Saccharomycetales; f__Saccharomycetales_o; g__Saccharomycetales_o; s__Saccharomycetales_o	0.82015866679638	k__Fungi;p__Ascomycota;c__Saccharomycetes;o__Saccharomycetales;f__Saccharomycetales_fam_Incertae_sedis;g__Candida;s__Candida_sp;sh__SH1262298.10FU	Fungi	Ascomycota	Saccharomycetes	Saccharomycetales	Saccharomycetales_o	Saccharomycetales_o	Saccharomycetales_o
38b1cb46f1899335c80c5e172caaf2c2	k__Fungi; p__Basidiomycota; c__Agaricomycetes; o__Agaricales; f__Schizophyllaceae; g__Schizophyllum; s__Schizophyllum_commune	0.954143882100036	k__Fungi;p__Basidiomycota;c__Agaricomycetes;o__Agaricales;f__Schizophyllaceae;g__Schizophyllum;s__Schizophyllum_commune;sh__SH1149944.10FU	Fungi	Basidiomycota	Agaricomycetes	Agaricales	Schizophyllaceae	Schizophyllum	Schizophyllum_commune
ab861263ab8cf4788c4354708ba995e6	k__Fungi; p__Basidiomycota; c__Agaricomycetes; o__Agaricales; f__Schizophyllaceae; g__Schizophyllum; s__Schizophyllum_commune	0.9625349453214512	k__Fungi;p__Basidiomycota;c__Agaricomycetes;o__Agaricales;f__Schizophyllaceae;g__Schizophyllum;s__Schizophyllum_commune;sh__SH1149944.10FU	Fungi	Basidiomycota	Agaricomycetes	Agaricales	Schizophyllaceae	Schizophyllum	Schizophyllum_commune
0d3edc0897c2b3a22e9e71d741ee679e	k__Fungi; p__Basidiomycota; c__Tremellomycetes; o__Cystofilobasidiales; f__Cystofilobasidiaceae; g__Cystofilobasidium; s__Cystofilobasidium_capitatum	0.9992549188880167	k__Fungi;p__Basidiomycota;c__Tremellomycetes;o__Cystofilobasidiales;f__Cystofilobasidiaceae;g__Cystofilobasidium;s__Cystofilobasidium_capitatum;sh__SH1083418.10FU	Fungi	Basidiomycota	Tremellomycetes	Cystofilobasidiales	Cystofilobasidiaceae	Cystofilobasidium	Cystofilobasidium_capitatum
bab512ce52e946dd049bf21f3f71d7f8	k__Fungi; p__Ascomycota; c__Dothideomycetes; o__Pleosporales; f__Phaeosphaeriaceae; g__Ophiosphaerella; s__Ophiosphaerella_chiangraiensis	0.8076781997772332	k__Fungi;p__Ascomycota;c__Dothideomycetes;o__Pleosporales;f__Phaeosphaeriaceae;g__Ophiosphaerella;s__Ophiosphaerella_chiangraiensis;sh__SH1346430.10FU	Fungi	Ascomycota	Dothideomycetes	Pleosporales	Phaeosphaeriaceae	Ophiosphaerella	Ophiosphaerella_chiangraiensis
3307422fad2c09efd87bd795d113550c	k__Fungi; p__Basidiomycota; c__Agaricomycetes; o__Hymenochaetales; f__Schizoporaceae; g__Xylodon; s__Xylodon_exilis	0.999961063749126	k__Fungi;p__Basidiomycota;c__Agaricomycetes;o__Hymenochaetales;f__Schizoporaceae;g__Xylodon;s__Xylodon_exilis;sh__SH1386344.10FU	Fungi	Basidiomycota	Agaricomycetes	Hymenochaetales	Schizoporaceae	Xylodon	Xylodon_exilis
8d231a317ba8cf704dcdc9a1d5d1de99	k__Fungi; p__Basidiomycota; c__Agaricomycetes; o__Polyporales; f__Polyporales_o; g__Polyporales_o; s__Polyporales_o	0.8800084005005426	k__Fungi;p__Basidiomycota;c__Agaricomycetes;o__Polyporales	Fungi	Basidiomycota	Agaricomycetes	Polyporales	Polyporales_o	Polyporales_o	Polyporales_o
103944e65cf9b9d2dac28c3bd3fabb2e	k__Fungi; p__Basidiomycota; c__Agaricomycetes; o__Polyporales; f__Polyporales_o; g__Polyporales_o; s__Polyporales_o	0.99948820602771	k__Fungi;p__Basidiomycota;c__Agaricomycetes;o__Polyporales;f__Polyporales_fam_Incertae_sedis;g__Polyporales_gen_Incertae_sedis;s__Polyporales_sp;sh__SH1236354.10FU	Fungi	Basidiomycota	Agaricomycetes	Polyporales	Polyporales_o	Polyporales_o	Polyporales_o
f212910f88c465884b6e3ce383c1d163	k__Fungi; p__Basidiomycota; c__Agaricomycetes; o__Hymenochaetales; f__Schizoporaceae; g__Hyphodontia; s__Hyphodontia_tropica	0.9970904486435122	k__Fungi;p__Basidiomycota;c__Agaricomycetes;o__Hymenochaetales;f__Schizoporaceae;g__Hyphodontia;s__Hyphodontia_tropica;sh__SH1386342.10FU	Fungi	Basidiomycota	Agaricomycetes	Hymenochaetales	Schizoporaceae	Hyphodontia	Hyphodontia_tropica
56c2041c40052605a6924e3e9ceef831	k__Fungi; p__Basidiomycota; c__Agaricomycetes; o__Agaricales; f__Pluteaceae; g__Pluteus; s__Pluteus_castroae	0.9999999793081005	k__Fungi;p__Basidiomycota;c__Agaricomycetes;o__Agaricales;f__Pluteaceae;g__Pluteus;s__Pluteus_castroae;sh__SH1222990.10FU	Fungi	Basidiomycota	Agaricomycetes	Agaricales	Pluteaceae	Pluteus	Pluteus_castroae
115c4ab3a2c4442ff28c495a79bd59ea	k__Fungi; p__Basidiomycota; c__Agaricomycetes; o__Agaricales; f__Psathyrellaceae; g__Candolleomyces; s__Candolleomyces_g	0.7570040088445907	k__Fungi;p__Basidiomycota;c__Agaricomycetes;o__Agaricales;f__Psathyrellaceae;g__Candolleomyces;s__Candolleomyces_sp	Fungi	Basidiomycota	Agaricomycetes	Agaricales	Psathyrellaceae	Candolleomyces	Candolleomyces_g
d06e13114c26fb411371fc6585f90fcc	k__Fungi; p__Basidiomycota; c__Agaricomycetes; o__Hymenochaetales; f__Schizoporaceae; g__Schizoporaceae_f; s__Schizoporaceae_f	0.9999980210218211	k__Fungi;p__Basidiomycota;c__Agaricomycetes;o__Hymenochaetales;f__Schizoporaceae;g__Schizoporaceae_gen_Incertae_sedis;s__Schizoporaceae_sp;sh__SH1386196.10FU	Fungi	Basidiomycota	Agaricomycetes	Hymenochaetales	Schizoporaceae	Schizoporaceae_f	Schizoporaceae_f
9da0998852867aa3521b3fce0470f933	k__Fungi; p__Basidiomycota; c__Agaricomycetes; o__Hymenochaetales; f__Rickenellaceae; g__Peniophorella; s__Peniophorella_crystallifera	0.9999999943100023	k__Fungi;p__Basidiomycota;c__Agaricomycetes;o__Hymenochaetales;f__Rickenellaceae;g__Peniophorella;s__Peniophorella_crystallifera;sh__SH1218884.10FU	Fungi	Basidiomycota	Agaricomycetes	Hymenochaetales	Rickenellaceae	Peniophorella	Peniophorella_crystallifera
cd2d016625f7659f938c0f3d984dcfed	k__Fungi; p__Basidiomycota; c__Microbotryomycetes; o__Sporidiobolales; f__Sporidiobolaceae; g__Sporobolomyces; s__Sporobolomyces_ruberrimus	0.7802658145301632	k__Fungi;p__Basidiomycota;c__Microbotryomycetes;o__Sporidiobolales;f__Sporidiobolaceae;g__Sporobolomyces;s__Sporobolomyces_ruberrimus;sh__SH1273286.10FU	Fungi	Basidiomycota	Microbotryomycetes	Sporidiobolales	Sporidiobolaceae	Sporobolomyces	Sporobolomyces_ruberrimus
861e3c2d2e021bc75d515a994d56517e	k__Fungi; p__Ascomycota; c__Leotiomycetes; o__Helotiales; f__Mollisiaceae; g__Mollisia; s__Mollisia_g	0.8065142142759073	k__Fungi;p__Ascomycota;c__Leotiomycetes;o__Helotiales;f__Mollisiaceae;g__Mollisia;s__Mollisia_sp;sh__SH1193827.10FU	Fungi	Ascomycota	Leotiomycetes	Helotiales	Mollisiaceae	Mollisia	Mollisia_g
c208ad125626e378ec600060758c2b74	k__Fungi; p__Fungi_k; c__Fungi_k; o__Fungi_k; f__Fungi_k; g__Fungi_k; s__Fungi_k	1.0000000000000022	k__Fungi	Fungi	Fungi_k	Fungi_k	Fungi_k	Fungi_k	Fungi_k	Fungi_k
f0affb04ad14d212d17e6dadefab055f	k__Fungi; p__Basidiomycota; c__Agaricomycetes; o__Russulales; f__Stereaceae; g__Stereaceae_f; s__Stereaceae_f	0.9999906404834348	k__Fungi;p__Basidiomycota;c__Agaricomycetes;o__Russulales;f__Stereaceae;g__Stereaceae_gen_Incertae_sedis;s__Stereaceae_sp;sh__SH1075157.10FU	Fungi	Basidiomycota	Agaricomycetes	Russulales	Stereaceae	Stereaceae_f	Stereaceae_f
417ff10c1dde2640f0c95e9274677e6e	k__Fungi; p__Basidiomycota; c__Agaricomycetes; o__Cantharellales; f__Botryobasidiaceae; g__Botryobasidium; s__Botryobasidium_g	0.8929129772940867	k__Fungi;p__Basidiomycota;c__Agaricomycetes;o__Cantharellales;f__Botryobasidiaceae;g__Botryobasidium	Fungi	Basidiomycota	Agaricomycetes	Cantharellales	Botryobasidiaceae	Botryobasidium	Botryobasidium_g
641f531733565284c1dd59890b5a5e83	k__Fungi; p__Basidiomycota; c__Agaricomycetes; o__Polyporales; f__Polyporaceae; g__Trametes; s__Trametes_pubescens	0.890896232455714	k__Fungi;p__Basidiomycota;c__Agaricomycetes;o__Polyporales;f__Polyporaceae;g__Trametes;s__Trametes_pubescens;sh__SH1088835.10FU	Fungi	Basidiomycota	Agaricomycetes	Polyporales	Polyporaceae	Trametes	Trametes_pubescens
1498268fea63f9f27158b65ab52ae8ed	k__Fungi; p__Basidiomycota; c__Agaricomycetes; o__Polyporales; f__Polyporales_o; g__Polyporales_o; s__Polyporales_o	0.9999072735136	k__Fungi;p__Basidiomycota;c__Agaricomycetes;o__Polyporales;f__Polyporales_fam_Incertae_sedis;g__Polyporales_gen_Incertae_sedis;s__Polyporales_sp;sh__SH1254591.10FU	Fungi	Basidiomycota	Agaricomycetes	Polyporales	Polyporales_o	Polyporales_o	Polyporales_o
5d8ceac78519a012a4994ba03709767a	k__Fungi; p__Basidiomycota; c__Agaricomycetes; o__Polyporales; f__Meruliaceae; g__Mycoaciella; s__Mycoaciella_efibulata	0.99905036502925	k__Fungi;p__Basidiomycota;c__Agaricomycetes;o__Polyporales;f__Meruliaceae;g__Mycoaciella;s__Mycoaciella_efibulata;sh__SH1236382.10FU	Fungi	Basidiomycota	Agaricomycetes	Polyporales	Meruliaceae	Mycoaciella	Mycoaciella_efibulata
daf9001a3300ede6912762d783d25c18	k__Fungi; p__Basidiomycota; c__Agaricomycetes; o__Polyporales; f__Polyporales_o; g__Polyporales_o; s__Polyporales_o	0.9300765342836523	k__Fungi;p__Basidiomycota;c__Agaricomycetes;o__Polyporales;f__Polyporales_fam_Incertae_sedis;g__Polyporales_gen_Incertae_sedis;s__Polyporales_sp;sh__SH1176326.10FU	Fungi	Basidiomycota	Agaricomycetes	Polyporales	Polyporales_o	Polyporales_o	Polyporales_o
05697bc7833ce61e4a0e0ca5e59744b4	k__Fungi; p__Basidiomycota; c__Agaricomycetes; o__Trechisporales; f__Hydnodontaceae; g__Sistotremastrum; s__Sistotremastrum_g	0.9647229679117622	k__Fungi;p__Basidiomycota;c__Agaricomycetes;o__Trechisporales;f__Hydnodontaceae;g__Sistotremastrum;s__Sistotremastrum_sp;sh__SH1293775.10FU	Fungi	Basidiomycota	Agaricomycetes	Trechisporales	Hydnodontaceae	Sistotremastrum	Sistotremastrum_g
120b958eec2e26323850dffc01440286	k__Fungi; p__Basidiomycota; c__Agaricomycetes; o__Agaricales; f__Psathyrellaceae; g__Coprinopsis; s__Coprinopsis_urticicola	0.7256618250392052	k__Fungi;p__Basidiomycota;c__Agaricomycetes;o__Agaricales;f__Psathyrellaceae;g__Coprinopsis;s__Coprinopsis_urticicola;sh__SH1301609.10FU	Fungi	Basidiomycota	Agaricomycetes	Agaricales	Psathyrellaceae	Coprinopsis	Coprinopsis_urticicola
f401ef7c85b3ea9e632f2b89384dcadf	k__Fungi; p__Basidiomycota; c__Agaricomycetes; o__Hymenochaetales; f__Rickenellaceae; g__Peniophorella; s__Peniophorella_pubera	0.9999993418071433	k__Fungi;p__Basidiomycota;c__Agaricomycetes;o__Hymenochaetales;f__Rickenellaceae;g__Peniophorella;s__Peniophorella_pubera;sh__SH1218878.10FU	Fungi	Basidiomycota	Agaricomycetes	Hymenochaetales	Rickenellaceae	Peniophorella	Peniophorella_pubera
aacdd1d59dacc3d196e6ad9d3bf8f7c6	k__Fungi; p__Ascomycota; c__Dothideomycetes; o__Pleosporales; f__Phaeosphaeriaceae; g__Phaeosphaeria; s__Phaeosphaeria_g	0.9148839308781238	k__Fungi;p__Ascomycota;c__Dothideomycetes;o__Pleosporales;f__Phaeosphaeriaceae;g__Phaeosphaeria	Fungi	Ascomycota	Dothideomycetes	Pleosporales	Phaeosphaeriaceae	Phaeosphaeria	Phaeosphaeria_g
aa1b583b09e5b061d90381b8d2a27bba	k__Fungi; p__Basidiomycota; c__Agaricomycetes; o__Agaricales; f__Psathyrellaceae; g__Candolleomyces; s__Candolleomyces_g	0.7737615619435771	k__Fungi;p__Basidiomycota;c__Agaricomycetes;o__Agaricales;f__Psathyrellaceae;g__Candolleomyces;s__Candolleomyces_sp	Fungi	Basidiomycota	Agaricomycetes	Agaricales	Psathyrellaceae	Candolleomyces	Candolleomyces_g
ad19965cbabe7075d634d4d224ccbdd8	k__Fungi; p__Ascomycota; c__Ascomycota_p; o__Ascomycota_p; f__Ascomycota_p; g__Ascomycota_p; s__Ascomycota_p	0.7807550635919981	k__Fungi;p__Ascomycota	Fungi	Ascomycota	Ascomycota_p	Ascomycota_p	Ascomycota_p	Ascomycota_p	Ascomycota_p
70d60c1f3f6ba9ae04d78ef6f824c9b8	k__Fungi; p__Fungi_k; c__Fungi_k; o__Fungi_k; f__Fungi_k; g__Fungi_k; s__Fungi_k	0.9999999999999982	k__Fungi	Fungi	Fungi_k	Fungi_k	Fungi_k	Fungi_k	Fungi_k	Fungi_k
a7c166e09c38af96a5fccc7a43c6065d	k__Fungi; p__Ascomycota; c__Ascomycota_p; o__Ascomycota_p; f__Ascomycota_p; g__Ascomycota_p; s__Ascomycota_p	0.7411079106687806	k__Fungi;p__Ascomycota	Fungi	Ascomycota	Ascomycota_p	Ascomycota_p	Ascomycota_p	Ascomycota_p	Ascomycota_p
291a78fb09fc52eec65489c0f9391ea3	k__Fungi; p__Fungi_k; c__Fungi_k; o__Fungi_k; f__Fungi_k; g__Fungi_k; s__Fungi_k	1.0000000000000033	k__Fungi	Fungi	Fungi_k	Fungi_k	Fungi_k	Fungi_k	Fungi_k	Fungi_k
ec4276f41a3a82838b695987e7bb5ed1	k__Fungi; p__Ascomycota; c__Ascomycota_p; o__Ascomycota_p; f__Ascomycota_p; g__Ascomycota_p; s__Ascomycota_p	0.7249542891877157	k__Fungi;p__Ascomycota	Fungi	Ascomycota	Ascomycota_p	Ascomycota_p	Ascomycota_p	Ascomycota_p	Ascomycota_p
46af2089e83994319d971cbc29507615	k__Fungi; p__Fungi_k; c__Fungi_k; o__Fungi_k; f__Fungi_k; g__Fungi_k; s__Fungi_k	1.0000000000000033	k__Fungi	Fungi	Fungi_k	Fungi_k	Fungi_k	Fungi_k	Fungi_k	Fungi_k
cdd4c8be3d7c15248e9dee490ecf867a	k__Fungi; p__Fungi_k; c__Fungi_k; o__Fungi_k; f__Fungi_k; g__Fungi_k; s__Fungi_k	0.999999999999993	k__Fungi	Fungi	Fungi_k	Fungi_k	Fungi_k	Fungi_k	Fungi_k	Fungi_k
