ASV	QIIME_Taxon_Original	QIIME_Taxon_Normalized	QIIME_Confidence	QIIME_ConfidenceNumeric	QIIME_Kingdom	QIIME_Phylum	QIIME_Class	QIIME_Order	QIIME_Family	QIIME_Genus	QIIME_Species	BLAST_Top1_Accession	BLAST_Top1_TaxID	BLAST_Top1_Evalue	BLAST_Top1_Bitscore	BLAST_Top1_Pident	BLAST_Top1_Qcovus	BLAST_Top1_AlignmentLength	BLAST_AmbiguousTopHit	BLAST_SelectionStatus	BLAST_Top1_Kingdom	BLAST_Top1_Phylum	BLAST_Top1_Class	BLAST_Top1_Order	BLAST_Top1_Family	BLAST_Top1_Genus	BLAST_Top1_Species	BLAST_Top2_Accession	BLAST_Top2_Species	BLAST_Top2_Evalue	BLAST_Top2_Bitscore	BLAST_Top2_Pident	BLAST_Top2_Qcovus	BLAST_CutoffPass	BLAST_GenusMatch	Final_Kingdom	Final_Phylum	Final_Class	Final_Order	Final_Family	Final_Genus	Final_Species	Final_Taxon	Replacement_Status	Replacement_Reason
72dd04cf016a807b3f0ed8e3b52565b4	k__Fungi;p__Ascomycota;c__Saccharomycetes;o__Saccharomycetales;f__Saccharomycetales_fam_Incertae_sedis;g__Candida;s__Candida_albicans;sh__SH1382505.10FU	k__Fungi; p__Ascomycota; c__Saccharomycetes; o__Saccharomycetales; f__Saccharomycetales_fam_Incertae_sedis; g__Candida; s__Candida_albicans	0.9996050236980345	0.9996050236980344	Fungi	Ascomycota	Saccharomycetes	Saccharomycetales	Saccharomycetales_fam_Incertae_sedis	Candida	Candida_albicans	NR_125332	5476	1.4899999999999999e-115	412.0	100.0	100.0	228	False	candidate_available	Eukaryota	Ascomycota	Pichiomycetes	Serinales	Debaryomycetaceae	Candida	Candida_albicans	NR_138276	Candida_africana	7.71e-113	403.0	99.123	100	True	True	Fungi	Ascomycota	Saccharomycetes	Saccharomycetales	Saccharomycetales_fam_Incertae_sedis	Candida	Candida_albicans	k__Fungi; p__Ascomycota; c__Saccharomycetes; o__Saccharomycetales; f__Saccharomycetales_fam_Incertae_sedis; g__Candida; s__Candida_albicans	qiime_species_retained	QIIME already had a species-level assignment.
010b07e3b6da2a38547e45cd063dd63d	k__Fungi;p__Basidiomycota;c__Tremellomycetes;o__Trichosporonales;f__Trichosporonaceae;g__Cutaneotrichosporon;s__Cutaneotrichosporon_mucoides;sh__SH1205828.10FU	k__Fungi; p__Basidiomycota; c__Tremellomycetes; o__Trichosporonales; f__Trichosporonaceae; g__Cutaneotrichosporon; s__Cutaneotrichosporon_mucoides	0.908557390135598	0.908557390135598	Fungi	Basidiomycota	Tremellomycetes	Trichosporonales	Trichosporonaceae	Cutaneotrichosporon	Cutaneotrichosporon_mucoides	NR_130667	129132	1.4899999999999999e-115	412.0	100.0	100.0	228	False	candidate_available	Eukaryota	Basidiomycota	Tremellomycetes	Trichosporonales	Trichosporonaceae	Cutaneotrichosporon	Cutaneotrichosporon_dermatis	NR_073246	Cutaneotrichosporon_mucoides	7.71e-113	403.0	99.123	100	True	True	Fungi	Basidiomycota	Tremellomycetes	Trichosporonales	Trichosporonaceae	Cutaneotrichosporon	Cutaneotrichosporon_mucoides	k__Fungi; p__Basidiomycota; c__Tremellomycetes; o__Trichosporonales; f__Trichosporonaceae; g__Cutaneotrichosporon; s__Cutaneotrichosporon_mucoides	qiime_species_retained	QIIME already had a species-level assignment.
5eb88a9a6282b223cd88dbc003040251	k__Fungi;p__Basidiomycota;c__Tremellomycetes;o__Tremellales;f__Cryptococcaceae;g__Cryptococcus;s__Cryptococcus_neoformans;sh__SH1330342.10FU	k__Fungi; p__Basidiomycota; c__Tremellomycetes; o__Tremellales; f__Cryptococcaceae; g__Cryptococcus; s__Cryptococcus_neoformans	0.9998040679274508	0.9998040679274508	Fungi	Basidiomycota	Tremellomycetes	Tremellales	Cryptococcaceae	Cryptococcus	Cryptococcus_neoformans	NR_130682	5207	1.4899999999999999e-115	412.0	100.0	100.0	228	True	candidate_available	Eukaryota	Basidiomycota	Tremellomycetes	Tremellales	Cryptococcaceae	Cryptococcus	Cryptococcus_neoformans	NR_165941	Cryptococcus_gattii	1.49e-115	412.0	100.0	100	True	True	Fungi	Basidiomycota	Tremellomycetes	Tremellales	Cryptococcaceae	Cryptococcus	Cryptococcus_neoformans	k__Fungi; p__Basidiomycota; c__Tremellomycetes; o__Tremellales; f__Cryptococcaceae; g__Cryptococcus; s__Cryptococcus_neoformans	qiime_species_retained	QIIME already had a species-level assignment.
ef2a10e078a78c78b0dfca20f3bc56d6	k__Fungi;p__Ascomycota;c__Eurotiomycetes;o__Eurotiales;f__Aspergillaceae;g__Penicillium	k__Fungi; p__Ascomycota; c__Eurotiomycetes; o__Eurotiales; f__Aspergillaceae; g__Penicillium; s__Penicillium_g	0.9996479101992751	0.9996479101992752	Fungi	Ascomycota	Eurotiomycetes	Eurotiales	Aspergillaceae	Penicillium	Penicillium_g	NR_077145	5076	4.2900000000000004e-116	414.0	100.0	100.0	229	True	candidate_available	Eukaryota	Ascomycota	Eurotiomycetes	Eurotiales	Aspergillaceae	Penicillium	Penicillium_chrysogenum	NR_103695	Penicillium_flavigenum	4.29e-116	414.0	100.0	100	True	True	Fungi	Ascomycota	Eurotiomycetes	Eurotiales	Aspergillaceae	Penicillium	Penicillium_g	k__Fungi; p__Ascomycota; c__Eurotiomycetes; o__Eurotiales; f__Aspergillaceae; g__Penicillium; s__Penicillium_g	ambiguous_blast_hit	Top 1 and Top 2 had exact score ties but different species.
53926185040b69b43d226af323a0598e	k__Fungi;p__Ascomycota;c__Saccharomycetes;o__Saccharomycetales;f__Saccharomycetaceae;g__Nakaseomyces;s__Nakaseomyces_glabratus;sh__SH1215233.10FU	k__Fungi; p__Ascomycota; c__Saccharomycetes; o__Saccharomycetales; f__Saccharomycetaceae; g__Nakaseomyces; s__Nakaseomyces_glabratus	0.999376514511509	0.999376514511509	Fungi	Ascomycota	Saccharomycetes	Saccharomycetales	Saccharomycetaceae	Nakaseomyces	Nakaseomyces_glabratus	NR_130691	5478	1.4899999999999999e-115	412.0	100.0	100.0	228	False	candidate_available	Eukaryota	Ascomycota	Saccharomycetes	Saccharomycetales	Saccharomycetaceae	Nakaseomyces	Nakaseomyces_glabratus							True	True	Fungi	Ascomycota	Saccharomycetes	Saccharomycetales	Saccharomycetaceae	Nakaseomyces	Nakaseomyces_glabratus	k__Fungi; p__Ascomycota; c__Saccharomycetes; o__Saccharomycetales; f__Saccharomycetaceae; g__Nakaseomyces; s__Nakaseomyces_glabratus	qiime_species_retained	QIIME already had a species-level assignment.
55c1f51cc4845985dae3c90e77b5d5b1	k__Fungi;p__Ascomycota;c__Saccharomycetes;o__Saccharomycetales;f__Saccharomycetaceae;g__Saccharomyces;s__Saccharomyces_cerevisiae;sh__SH1085902.10FU	k__Fungi; p__Ascomycota; c__Saccharomycetes; o__Saccharomycetales; f__Saccharomycetaceae; g__Saccharomyces; s__Saccharomyces_cerevisiae	0.8632044743377101	0.8632044743377101	Fungi	Ascomycota	Saccharomycetes	Saccharomycetales	Saccharomycetaceae	Saccharomyces	Saccharomyces_cerevisiae	NR_111355	114524	7.71e-113	403.0	100.0	98.0	223	True	candidate_available	Eukaryota	Ascomycota	Saccharomycetes	Saccharomycetales	Saccharomycetaceae	Saccharomyces	Saccharomyces_kudriavzevii	NR_138272	Saccharomyces_paradoxus	7.71e-113	403.0	100.0	98	True	True	Fungi	Ascomycota	Saccharomycetes	Saccharomycetales	Saccharomycetaceae	Saccharomyces	Saccharomyces_cerevisiae	k__Fungi; p__Ascomycota; c__Saccharomycetes; o__Saccharomycetales; f__Saccharomycetaceae; g__Saccharomyces; s__Saccharomyces_cerevisiae	qiime_species_retained	QIIME already had a species-level assignment.
567a9deab0960d0e2e0fb43ebc9b535e	k__Fungi;p__Ascomycota	k__Fungi; p__Ascomycota; c__Ascomycota_p; o__Ascomycota_p; f__Ascomycota_p; g__Ascomycota_p; s__Ascomycota_p	0.7361830214999329	0.7361830214999329	Fungi	Ascomycota	Ascomycota_p	Ascomycota_p	Ascomycota_p	Ascomycota_p	Ascomycota_p																							False	False	Fungi	Ascomycota	Ascomycota_p	Ascomycota_p	Ascomycota_p	Ascomycota_p	Ascomycota_p	k__Fungi; p__Ascomycota; c__Ascomycota_p; o__Ascomycota_p; f__Ascomycota_p; g__Ascomycota_p; s__Ascomycota_p	qiime_genus_unresolved	QIIME genus was unresolved.
28b1e3694b1bcb9d577830df4fd6c876	k__Fungi;p__Ascomycota;c__Eurotiomycetes;o__Eurotiales;f__Aspergillaceae;g__Aspergillus;s__Aspergillus_fumigatus;sh__SH1222513.10FU	k__Fungi; p__Ascomycota; c__Eurotiomycetes; o__Eurotiales; f__Aspergillaceae; g__Aspergillus; s__Aspergillus_fumigatus	0.999809045005202	0.999809045005202	Fungi	Ascomycota	Eurotiomycetes	Eurotiales	Aspergillaceae	Aspergillus	Aspergillus_fumigatus	NR_121481	746128	1.4899999999999999e-115	412.0	100.0	100.0	228	False	candidate_available	Eukaryota	Ascomycota	Eurotiomycetes	Eurotiales	Aspergillaceae	Aspergillus	Aspergillus_fumigatus							True	True	Fungi	Ascomycota	Eurotiomycetes	Eurotiales	Aspergillaceae	Aspergillus	Aspergillus_fumigatus	k__Fungi; p__Ascomycota; c__Eurotiomycetes; o__Eurotiales; f__Aspergillaceae; g__Aspergillus; s__Aspergillus_fumigatus	qiime_species_retained	QIIME already had a species-level assignment.
1eb57cce3c3583ae58927522adab0277	k__Fungi;p__Ascomycota	k__Fungi; p__Ascomycota; c__Ascomycota_p; o__Ascomycota_p; f__Ascomycota_p; g__Ascomycota_p; s__Ascomycota_p	0.9999999909000719	0.999999990900072	Fungi	Ascomycota	Ascomycota_p	Ascomycota_p	Ascomycota_p	Ascomycota_p	Ascomycota_p	NR_111530	887084	6.33e-114	407.0	99.561	100.0	228	True	candidate_available	Eukaryota	Ascomycota	Dothideomycetes	Cladosporiales	Cladosporiaceae	Cladosporium	Cladosporium_angustisporum	NR_111532	Cladosporium_exile	6.33e-114	407.0	99.561	100	True	False	Fungi	Ascomycota	Ascomycota_p	Ascomycota_p	Ascomycota_p	Ascomycota_p	Ascomycota_p	k__Fungi; p__Ascomycota; c__Ascomycota_p; o__Ascomycota_p; f__Ascomycota_p; g__Ascomycota_p; s__Ascomycota_p	qiime_genus_unresolved	QIIME genus was unresolved.
830623f85c074e3be00b07789c2ab817	k__Fungi;p__Ascomycota;c__Saccharomycetes;o__Saccharomycetales;f__Pichiaceae;g__Komagataella;s__Komagataella_phaffii;sh__SH1235229.10FU	k__Fungi; p__Ascomycota; c__Saccharomycetes; o__Saccharomycetales; f__Pichiaceae; g__Komagataella; s__Komagataella_phaffii	0.9149021009068583	0.9149021009068584	Fungi	Ascomycota	Saccharomycetes	Saccharomycetales	Pichiaceae	Komagataella	Komagataella_phaffii																							False	False	Fungi	Ascomycota	Saccharomycetes	Saccharomycetales	Pichiaceae	Komagataella	Komagataella_phaffii	k__Fungi; p__Ascomycota; c__Saccharomycetes; o__Saccharomycetales; f__Pichiaceae; g__Komagataella; s__Komagataella_phaffii	qiime_species_retained	QIIME already had a species-level assignment.
f52aa5980a9162ead1e2a406681ba1b7	k__Fungi	k__Fungi; p__Fungi_k; c__Fungi_k; o__Fungi_k; f__Fungi_k; g__Fungi_k; s__Fungi_k	1.0000000000000033	1.000000000000003	Fungi	Fungi_k	Fungi_k	Fungi_k	Fungi_k	Fungi_k	Fungi_k																							False	False	Fungi	Fungi_k	Fungi_k	Fungi_k	Fungi_k	Fungi_k	Fungi_k	k__Fungi; p__Fungi_k; c__Fungi_k; o__Fungi_k; f__Fungi_k; g__Fungi_k; s__Fungi_k	qiime_genus_unresolved	QIIME genus was unresolved.
7ec84e73c19db6fd14a892be88d602d6	k__Fungi;p__Ascomycota	k__Fungi; p__Ascomycota; c__Ascomycota_p; o__Ascomycota_p; f__Ascomycota_p; g__Ascomycota_p; s__Ascomycota_p	0.7739878329361579	0.7739878329361579	Fungi	Ascomycota	Ascomycota_p	Ascomycota_p	Ascomycota_p	Ascomycota_p	Ascomycota_p																							False	False	Fungi	Ascomycota	Ascomycota_p	Ascomycota_p	Ascomycota_p	Ascomycota_p	Ascomycota_p	k__Fungi; p__Ascomycota; c__Ascomycota_p; o__Ascomycota_p; f__Ascomycota_p; g__Ascomycota_p; s__Ascomycota_p	qiime_genus_unresolved	QIIME genus was unresolved.
23ce5b9dd49c380e94ec122f11c8077f	k__Fungi	k__Fungi; p__Fungi_k; c__Fungi_k; o__Fungi_k; f__Fungi_k; g__Fungi_k; s__Fungi_k	0.9999999999999972	0.9999999999999972	Fungi	Fungi_k	Fungi_k	Fungi_k	Fungi_k	Fungi_k	Fungi_k																							False	False	Fungi	Fungi_k	Fungi_k	Fungi_k	Fungi_k	Fungi_k	Fungi_k	k__Fungi; p__Fungi_k; c__Fungi_k; o__Fungi_k; f__Fungi_k; g__Fungi_k; s__Fungi_k	qiime_genus_unresolved	QIIME genus was unresolved.
cbf18da6c0f768134b965e6c94579fb5	k__Fungi;p__Ascomycota	k__Fungi; p__Ascomycota; c__Ascomycota_p; o__Ascomycota_p; f__Ascomycota_p; g__Ascomycota_p; s__Ascomycota_p	0.7049838922189909	0.7049838922189909	Fungi	Ascomycota	Ascomycota_p	Ascomycota_p	Ascomycota_p	Ascomycota_p	Ascomycota_p																							False	False	Fungi	Ascomycota	Ascomycota_p	Ascomycota_p	Ascomycota_p	Ascomycota_p	Ascomycota_p	k__Fungi; p__Ascomycota; c__Ascomycota_p; o__Ascomycota_p; f__Ascomycota_p; g__Ascomycota_p; s__Ascomycota_p	qiime_genus_unresolved	QIIME genus was unresolved.
719c06db40daf054bc4b27a72600de75	k__Fungi;p__Basidiomycota;c__Tremellomycetes;o__Trichosporonales;f__Trichosporonaceae;g__Cutaneotrichosporon;s__Cutaneotrichosporon_debeurmannianum;sh__SH1205817.10FU	k__Fungi; p__Basidiomycota; c__Tremellomycetes; o__Trichosporonales; f__Trichosporonaceae; g__Cutaneotrichosporon; s__Cutaneotrichosporon_debeurmannianum	0.9973938957251047	0.9973938957251048	Fungi	Basidiomycota	Tremellomycetes	Trichosporonales	Trichosporonaceae	Cutaneotrichosporon	Cutaneotrichosporon_debeurmannianum	NR_154752	129131	1.4899999999999999e-115	412.0	100.0	100.0	228	False	candidate_available	Eukaryota	Basidiomycota	Tremellomycetes	Trichosporonales	Trichosporonaceae	Cutaneotrichosporon	Cutaneotrichosporon_debeurmannianum							True	True	Fungi	Basidiomycota	Tremellomycetes	Trichosporonales	Trichosporonaceae	Cutaneotrichosporon	Cutaneotrichosporon_debeurmannianum	k__Fungi; p__Basidiomycota; c__Tremellomycetes; o__Trichosporonales; f__Trichosporonaceae; g__Cutaneotrichosporon; s__Cutaneotrichosporon_debeurmannianum	qiime_species_retained	QIIME already had a species-level assignment.
9c6a6a6806ecf36a83eea035327a4777	k__Fungi;p__Ascomycota;c__Eurotiomycetes;o__Onygenales;f__Arthrodermataceae;g__Trichophyton;s__Trichophyton_mentagrophytes;sh__SH1372247.10FU	k__Fungi; p__Ascomycota; c__Eurotiomycetes; o__Onygenales; f__Arthrodermataceae; g__Trichophyton; s__Trichophyton_mentagrophytes	0.9949256527818713	0.9949256527818712	Fungi	Ascomycota	Eurotiomycetes	Onygenales	Arthrodermataceae	Trichophyton	Trichophyton_mentagrophytes	NR_144900	101480	1.4899999999999999e-115	412.0	100.0	100.0	228	False	candidate_available	Eukaryota	Ascomycota	Eurotiomycetes	Onygenales	Arthrodermataceae	Trichophyton	Trichophyton_interdigitale	NR_173767	Trichophyton_indotineae	6.33e-114	407.0	99.561	100	True	True	Fungi	Ascomycota	Eurotiomycetes	Onygenales	Arthrodermataceae	Trichophyton	Trichophyton_mentagrophytes	k__Fungi; p__Ascomycota; c__Eurotiomycetes; o__Onygenales; f__Arthrodermataceae; g__Trichophyton; s__Trichophyton_mentagrophytes	qiime_species_retained	QIIME already had a species-level assignment.
5aa8bf9dfef378818c857e66263bb473	k__Fungi;p__Ascomycota;c__Dothideomycetes;o__Cladosporiales;f__Cladosporiaceae;g__Cladosporium;s__Cladosporium_herbarum;sh__SH1335104.10FU	k__Fungi; p__Ascomycota; c__Dothideomycetes; o__Cladosporiales; f__Cladosporiaceae; g__Cladosporium; s__Cladosporium_herbarum	0.9074435671727941	0.907443567172794	Fungi	Ascomycota	Dothideomycetes	Cladosporiales	Cladosporiaceae	Cladosporium	Cladosporium_herbarum	NR_111530	887084	1.4899999999999999e-115	412.0	100.0	100.0	228	True	candidate_available	Eukaryota	Ascomycota	Dothideomycetes	Cladosporiales	Cladosporiaceae	Cladosporium	Cladosporium_angustisporum	NR_111532	Cladosporium_exile	1.49e-115	412.0	100.0	100	True	True	Fungi	Ascomycota	Dothideomycetes	Cladosporiales	Cladosporiaceae	Cladosporium	Cladosporium_herbarum	k__Fungi; p__Ascomycota; c__Dothideomycetes; o__Cladosporiales; f__Cladosporiaceae; g__Cladosporium; s__Cladosporium_herbarum	qiime_species_retained	QIIME already had a species-level assignment.
3454e06b84a4908c00458fd5cde8cfe4	k__Fungi;p__Basidiomycota;c__Agaricomycetes;o__Polyporales;f__Irpicaceae;g__Irpex;s__Irpex_hacksungii;sh__SH1080352.10FU	k__Fungi; p__Basidiomycota; c__Agaricomycetes; o__Polyporales; f__Irpicaceae; g__Irpex; s__Irpex_hacksungii	0.9891767059527344	0.9891767059527344	Fungi	Basidiomycota	Agaricomycetes	Polyporales	Irpicaceae	Irpex	Irpex_hacksungii																							False	False	Fungi	Basidiomycota	Agaricomycetes	Polyporales	Irpicaceae	Irpex	Irpex_hacksungii	k__Fungi; p__Basidiomycota; c__Agaricomycetes; o__Polyporales; f__Irpicaceae; g__Irpex; s__Irpex_hacksungii	qiime_species_retained	QIIME already had a species-level assignment.
65433fbabd7ad0e7fc93f8c3e8840b66	k__Fungi;p__Ascomycota;c__Dothideomycetes;o__Pleosporales;f__Neopyrenochaetaceae;g__Neopyrenochaeta;s__Neopyrenochaeta_sp;sh__SH1371961.10FU	k__Fungi; p__Ascomycota; c__Dothideomycetes; o__Pleosporales; f__Neopyrenochaetaceae; g__Neopyrenochaeta; s__Neopyrenochaeta_g	0.7860211675814756	0.7860211675814756	Fungi	Ascomycota	Dothideomycetes	Pleosporales	Neopyrenochaetaceae	Neopyrenochaeta	Neopyrenochaeta_g																							False	False	Fungi	Ascomycota	Dothideomycetes	Pleosporales	Neopyrenochaetaceae	Neopyrenochaeta	Neopyrenochaeta_g	k__Fungi; p__Ascomycota; c__Dothideomycetes; o__Pleosporales; f__Neopyrenochaetaceae; g__Neopyrenochaeta; s__Neopyrenochaeta_g	no_eligible_blast_hit	No strict BLAST candidate was available.
d64a586df2febe320546417d9621d507	k__Fungi;p__Ascomycota	k__Fungi; p__Ascomycota; c__Ascomycota_p; o__Ascomycota_p; f__Ascomycota_p; g__Ascomycota_p; s__Ascomycota_p	0.7016151818939144	0.7016151818939144	Fungi	Ascomycota	Ascomycota_p	Ascomycota_p	Ascomycota_p	Ascomycota_p	Ascomycota_p																							False	False	Fungi	Ascomycota	Ascomycota_p	Ascomycota_p	Ascomycota_p	Ascomycota_p	Ascomycota_p	k__Fungi; p__Ascomycota; c__Ascomycota_p; o__Ascomycota_p; f__Ascomycota_p; g__Ascomycota_p; s__Ascomycota_p	qiime_genus_unresolved	QIIME genus was unresolved.
2d5840001771d889fbe752a80463af2c	k__Fungi;p__Ascomycota;c__Saccharomycetes;o__Saccharomycetales;f__Saccharomycetaceae;g__Kazachstania;s__Kazachstania_servazzii;sh__SH1277533.10FU	k__Fungi; p__Ascomycota; c__Saccharomycetes; o__Saccharomycetales; f__Saccharomycetaceae; g__Kazachstania; s__Kazachstania_servazzii	0.9950717757129666	0.9950717757129666	Fungi	Ascomycota	Saccharomycetes	Saccharomycetales	Saccharomycetaceae	Kazachstania	Kazachstania_servazzii	NR_138193	27293	1.4899999999999999e-115	412.0	100.0	100.0	228	False	candidate_available	Eukaryota	Ascomycota	Saccharomycetes	Saccharomycetales	Saccharomycetaceae	Monosporozyma	Monosporozyma_servazzii							True	False	Fungi	Ascomycota	Saccharomycetes	Saccharomycetales	Saccharomycetaceae	Kazachstania	Kazachstania_servazzii	k__Fungi; p__Ascomycota; c__Saccharomycetes; o__Saccharomycetales; f__Saccharomycetaceae; g__Kazachstania; s__Kazachstania_servazzii	qiime_species_retained	QIIME already had a species-level assignment.
9dca25bcfb9f6faab9371fc6704b590a	k__Fungi;p__Basidiomycota;c__Agaricomycetes;o__Polyporales;f__Irpicaceae;g__Irpex;s__Irpex_laceratus;sh__SH1208023.10FU	k__Fungi; p__Basidiomycota; c__Agaricomycetes; o__Polyporales; f__Irpicaceae; g__Irpex; s__Irpex_laceratus	0.8772461384064199	0.8772461384064199	Fungi	Basidiomycota	Agaricomycetes	Polyporales	Irpicaceae	Irpex	Irpex_laceratus																							False	False	Fungi	Basidiomycota	Agaricomycetes	Polyporales	Irpicaceae	Irpex	Irpex_laceratus	k__Fungi; p__Basidiomycota; c__Agaricomycetes; o__Polyporales; f__Irpicaceae; g__Irpex; s__Irpex_laceratus	qiime_species_retained	QIIME already had a species-level assignment.
26c2e693490c7955c44b198bdf3e0088	k__Fungi;p__Ascomycota;c__Saccharomycetes;o__Saccharomycetales;f__Debaryomycetaceae;g__Debaryomyces;s__Debaryomyces_delbrueckii;sh__SH1374157.10FU	k__Fungi; p__Ascomycota; c__Saccharomycetes; o__Saccharomycetales; f__Debaryomycetaceae; g__Debaryomyces; s__Debaryomyces_delbrueckii	0.7536029728143	0.7536029728143	Fungi	Ascomycota	Saccharomycetes	Saccharomycetales	Debaryomycetaceae	Debaryomyces	Debaryomyces_delbrueckii	NR_111257	4950	1.4899999999999999e-115	412.0	100.0	100.0	228	False	candidate_available	Eukaryota	Ascomycota	Saccharomycetes	Saccharomycetales	Saccharomycetaceae	Torulaspora	Torulaspora_delbrueckii	NR_138200	Torulaspora_pretoriensis	2.21e-113	406.0	99.559	99	True	False	Fungi	Ascomycota	Saccharomycetes	Saccharomycetales	Debaryomycetaceae	Debaryomyces	Debaryomyces_delbrueckii	k__Fungi; p__Ascomycota; c__Saccharomycetes; o__Saccharomycetales; f__Debaryomycetaceae; g__Debaryomyces; s__Debaryomyces_delbrueckii	qiime_species_retained	QIIME already had a species-level assignment.
99b9ce04c0575bc120dc13c27c6fbd61	k__Fungi;p__Basidiomycota;c__Tremellomycetes;o__Tremellales;f__Cryptococcaceae;g__Cryptococcus;s__Cryptococcus_neoformans;sh__SH1330342.10FU	k__Fungi; p__Basidiomycota; c__Tremellomycetes; o__Tremellales; f__Cryptococcaceae; g__Cryptococcus; s__Cryptococcus_neoformans	0.9900089142788081	0.990008914278808	Fungi	Basidiomycota	Tremellomycetes	Tremellales	Cryptococcaceae	Cryptococcus	Cryptococcus_neoformans	NR_130682	5207	1.22e-97	352.0	100.0	86.0	195	True	candidate_available	Eukaryota	Basidiomycota	Tremellomycetes	Tremellales	Cryptococcaceae	Cryptococcus	Cryptococcus_neoformans	NR_165941	Cryptococcus_gattii	1.22e-97	352.0	100.0	86	True	True	Fungi	Basidiomycota	Tremellomycetes	Tremellales	Cryptococcaceae	Cryptococcus	Cryptococcus_neoformans	k__Fungi; p__Basidiomycota; c__Tremellomycetes; o__Tremellales; f__Cryptococcaceae; g__Cryptococcus; s__Cryptococcus_neoformans	qiime_species_retained	QIIME already had a species-level assignment.
212a7f45c8b306a233e73d9c3263adb8	k__Fungi;p__Ascomycota;c__Dothideomycetes;o__Cladosporiales;f__Cladosporiaceae;g__Cladosporium	k__Fungi; p__Ascomycota; c__Dothideomycetes; o__Cladosporiales; f__Cladosporiaceae; g__Cladosporium; s__Cladosporium_g	0.7573695202553232	0.7573695202553232	Fungi	Ascomycota	Dothideomycetes	Cladosporiales	Cladosporiaceae	Cladosporium	Cladosporium_g	NR_119605	1052096	7.22e-107	383.0	100.0	93.0	212	False	candidate_available	Eukaryota	Ascomycota	Dothideomycetes	Cladosporiales	Cladosporiaceae	Cladosporium	Cladosporium_halotolerans							True	True	Fungi	Ascomycota	Dothideomycetes	Cladosporiales	Cladosporiaceae	Cladosporium	Cladosporium_halotolerans	k__Fungi; p__Ascomycota; c__Dothideomycetes; o__Cladosporiales; f__Cladosporiaceae; g__Cladosporium; s__Cladosporium_halotolerans	species_replaced_by_blast	Strict BLAST evidence supported species-only replacement.
9899e5944be6d8cfc566fec1d4cdf106	k__Fungi;p__Basidiomycota;c__Tremellomycetes;o__Tremellales;f__Cryptococcaceae;g__Cryptococcus;s__Cryptococcus_neoformans;sh__SH1330342.10FU	k__Fungi; p__Basidiomycota; c__Tremellomycetes; o__Tremellales; f__Cryptococcaceae; g__Cryptococcus; s__Cryptococcus_neoformans	0.813021832875662	0.813021832875662	Fungi	Basidiomycota	Tremellomycetes	Tremellales	Cryptococcaceae	Cryptococcus	Cryptococcus_neoformans																							False	False	Fungi	Basidiomycota	Tremellomycetes	Tremellales	Cryptococcaceae	Cryptococcus	Cryptococcus_neoformans	k__Fungi; p__Basidiomycota; c__Tremellomycetes; o__Tremellales; f__Cryptococcaceae; g__Cryptococcus; s__Cryptococcus_neoformans	qiime_species_retained	QIIME already had a species-level assignment.
852a848e6c1fce8ec025e60eb1d8ad45	k__Fungi;p__Basidiomycota;c__Tremellomycetes;o__Trichosporonales;f__Trichosporonaceae;g__Cutaneotrichosporon;s__Cutaneotrichosporon_mucoides;sh__SH1205828.10FU	k__Fungi; p__Basidiomycota; c__Tremellomycetes; o__Trichosporonales; f__Trichosporonaceae; g__Cutaneotrichosporon; s__Cutaneotrichosporon_mucoides	0.8396706774836532	0.8396706774836532	Fungi	Basidiomycota	Tremellomycetes	Trichosporonales	Trichosporonaceae	Cutaneotrichosporon	Cutaneotrichosporon_mucoides																							False	False	Fungi	Basidiomycota	Tremellomycetes	Trichosporonales	Trichosporonaceae	Cutaneotrichosporon	Cutaneotrichosporon_mucoides	k__Fungi; p__Basidiomycota; c__Tremellomycetes; o__Trichosporonales; f__Trichosporonaceae; g__Cutaneotrichosporon; s__Cutaneotrichosporon_mucoides	qiime_species_retained	QIIME already had a species-level assignment.
1c8bbb1b54f02065db91f0386a39e0ad	k__Fungi;p__Ascomycota	k__Fungi; p__Ascomycota; c__Ascomycota_p; o__Ascomycota_p; f__Ascomycota_p; g__Ascomycota_p; s__Ascomycota_p	0.7281214865728713	0.7281214865728713	Fungi	Ascomycota	Ascomycota_p	Ascomycota_p	Ascomycota_p	Ascomycota_p	Ascomycota_p																							False	False	Fungi	Ascomycota	Ascomycota_p	Ascomycota_p	Ascomycota_p	Ascomycota_p	Ascomycota_p	k__Fungi; p__Ascomycota; c__Ascomycota_p; o__Ascomycota_p; f__Ascomycota_p; g__Ascomycota_p; s__Ascomycota_p	qiime_genus_unresolved	QIIME genus was unresolved.
2e39d48abc07a6ccc13a028ccde00e00	k__Fungi;p__Ascomycota;c__Sordariomycetes;o__Hypocreales;f__Nectriaceae;g__Fusarium;s__Fusarium_sp;sh__SH1345010.10FU	k__Fungi; p__Ascomycota; c__Sordariomycetes; o__Hypocreales; f__Nectriaceae; g__Fusarium; s__Fusarium_g	0.8004405396440747	0.8004405396440747	Fungi	Ascomycota	Sordariomycetes	Hypocreales	Nectriaceae	Fusarium	Fusarium_g	NR_130690	1328300	6.33e-114	407.0	99.561	100.0	228	False	candidate_available	Eukaryota	Ascomycota	Sordariomycetes	Hypocreales	Nectriaceae	Fusarium	Fusarium_keratoplasticum	NR_170733	Fusarium_tonkinense	7.71e-113	403.0	99.123	100	True	True	Fungi	Ascomycota	Sordariomycetes	Hypocreales	Nectriaceae	Fusarium	Fusarium_keratoplasticum	k__Fungi; p__Ascomycota; c__Sordariomycetes; o__Hypocreales; f__Nectriaceae; g__Fusarium; s__Fusarium_keratoplasticum	species_replaced_by_blast	Strict BLAST evidence supported species-only replacement.
80d69bc60273cafc5a73ae55b234f7c9	k__Fungi;p__Ascomycota;c__Sordariomycetes;o__Amphisphaeriales;f__Apiosporaceae;g__Nigrospora	k__Fungi; p__Ascomycota; c__Sordariomycetes; o__Amphisphaeriales; f__Apiosporaceae; g__Nigrospora; s__Nigrospora_g	0.9999893845431257	0.9999893845431256	Fungi	Ascomycota	Sordariomycetes	Amphisphaeriales	Apiosporaceae	Nigrospora	Nigrospora_g																							False	False	Fungi	Ascomycota	Sordariomycetes	Amphisphaeriales	Apiosporaceae	Nigrospora	Nigrospora_g	k__Fungi; p__Ascomycota; c__Sordariomycetes; o__Amphisphaeriales; f__Apiosporaceae; g__Nigrospora; s__Nigrospora_g	no_eligible_blast_hit	No strict BLAST candidate was available.
e9158b4ef80d8a3ac9e727f88e44cb72	k__Fungi;p__Basidiomycota;c__Agaricomycetes;o__Russulales;f__Peniophoraceae;g__Peniophoraceae_gen_Incertae_sedis;s__Peniophoraceae_sp;sh__SH1054279.10FU	k__Fungi; p__Basidiomycota; c__Agaricomycetes; o__Russulales; f__Peniophoraceae; g__Peniophoraceae_f; s__Peniophoraceae_f	0.9997295818979747	0.9997295818979748	Fungi	Basidiomycota	Agaricomycetes	Russulales	Peniophoraceae	Peniophoraceae_f	Peniophoraceae_f																							False	False	Fungi	Basidiomycota	Agaricomycetes	Russulales	Peniophoraceae	Peniophoraceae_f	Peniophoraceae_f	k__Fungi; p__Basidiomycota; c__Agaricomycetes; o__Russulales; f__Peniophoraceae; g__Peniophoraceae_f; s__Peniophoraceae_f	qiime_genus_unresolved	QIIME genus was unresolved.
385c77a0d40dfabdc66dff6fc5e92f33	k__Fungi;p__Basidiomycota;c__Agaricomycetes;o__Polyporales;f__Irpicaceae;g__Irpex;s__Irpex_laceratus;sh__SH1208023.10FU	k__Fungi; p__Basidiomycota; c__Agaricomycetes; o__Polyporales; f__Irpicaceae; g__Irpex; s__Irpex_laceratus	0.8377595931160278	0.8377595931160278	Fungi	Basidiomycota	Agaricomycetes	Polyporales	Irpicaceae	Irpex	Irpex_laceratus																							False	False	Fungi	Basidiomycota	Agaricomycetes	Polyporales	Irpicaceae	Irpex	Irpex_laceratus	k__Fungi; p__Basidiomycota; c__Agaricomycetes; o__Polyporales; f__Irpicaceae; g__Irpex; s__Irpex_laceratus	qiime_species_retained	QIIME already had a species-level assignment.
e05fc0449f67499fe6ddec89784dbb5d	k__Fungi;p__Ascomycota;c__Dothideomycetes;o__Pleosporales;f__Didymellaceae	k__Fungi; p__Ascomycota; c__Dothideomycetes; o__Pleosporales; f__Didymellaceae; g__Didymellaceae_f; s__Didymellaceae_f	0.9509543373321946	0.9509543373321946	Fungi	Ascomycota	Dothideomycetes	Pleosporales	Didymellaceae	Didymellaceae_f	Didymellaceae_f	NR_174639	749563	8.379999999999999e-126	447.0	99.6	100.0	250	False	candidate_available	Eukaryota	Ascomycota	Dothideomycetes	Pleosporales	Didymellaceae	Boeremia	Boeremia_lycopersici	NR_156400	Neodidymella_thailandicum	3.56e-124	441.0	99.203	100	True	False	Fungi	Ascomycota	Dothideomycetes	Pleosporales	Didymellaceae	Didymellaceae_f	Didymellaceae_f	k__Fungi; p__Ascomycota; c__Dothideomycetes; o__Pleosporales; f__Didymellaceae; g__Didymellaceae_f; s__Didymellaceae_f	qiime_genus_unresolved	QIIME genus was unresolved.
722fb57e17229696cb75e47ad882962f	k__Fungi;p__Basidiomycota;c__Agaricomycetes;o__Russulales;f__Stereaceae;g__Stereaceae_gen_Incertae_sedis;s__Stereaceae_sp;sh__SH1075157.10FU	k__Fungi; p__Basidiomycota; c__Agaricomycetes; o__Russulales; f__Stereaceae; g__Stereaceae_f; s__Stereaceae_f	0.9999983139715315	0.9999983139715316	Fungi	Basidiomycota	Agaricomycetes	Russulales	Stereaceae	Stereaceae_f	Stereaceae_f																							False	False	Fungi	Basidiomycota	Agaricomycetes	Russulales	Stereaceae	Stereaceae_f	Stereaceae_f	k__Fungi; p__Basidiomycota; c__Agaricomycetes; o__Russulales; f__Stereaceae; g__Stereaceae_f; s__Stereaceae_f	qiime_genus_unresolved	QIIME genus was unresolved.
a841082e3b16121e246a0a2ca1534c20	k__Fungi;p__Ascomycota;c__Dothideomycetes;o__Pleosporales;f__Didymellaceae	k__Fungi; p__Ascomycota; c__Dothideomycetes; o__Pleosporales; f__Didymellaceae; g__Didymellaceae_f; s__Didymellaceae_f	0.9378938330741857	0.9378938330741856	Fungi	Ascomycota	Dothideomycetes	Pleosporales	Didymellaceae	Didymellaceae_f	Didymellaceae_f	NR_156400	2126488	1.4899999999999999e-115	412.0	100.0	100.0	228	True	candidate_available	Eukaryota	Ascomycota	Dothideomycetes	Pleosporales	Didymellaceae	Neodidymella	Neodidymella_thailandicum	NR_158235	Similiphoma_crystallifera	1.49e-115	412.0	100.0	100	True	False	Fungi	Ascomycota	Dothideomycetes	Pleosporales	Didymellaceae	Didymellaceae_f	Didymellaceae_f	k__Fungi; p__Ascomycota; c__Dothideomycetes; o__Pleosporales; f__Didymellaceae; g__Didymellaceae_f; s__Didymellaceae_f	qiime_genus_unresolved	QIIME genus was unresolved.
a5af3fc8194eb0b464eafe3cdb571633	k__Fungi;p__Ascomycota;c__Saccharomycetes;o__Saccharomycetales;f__Saccharomycetaceae;g__Saccharomyces;s__Saccharomyces_cerevisiae;sh__SH1085902.10FU	k__Fungi; p__Ascomycota; c__Saccharomycetes; o__Saccharomycetales; f__Saccharomycetaceae; g__Saccharomyces; s__Saccharomyces_cerevisiae	0.8494363314667452	0.8494363314667452	Fungi	Ascomycota	Saccharomycetes	Saccharomycetales	Saccharomycetaceae	Saccharomyces	Saccharomyces_cerevisiae																							False	False	Fungi	Ascomycota	Saccharomycetes	Saccharomycetales	Saccharomycetaceae	Saccharomyces	Saccharomyces_cerevisiae	k__Fungi; p__Ascomycota; c__Saccharomycetes; o__Saccharomycetales; f__Saccharomycetaceae; g__Saccharomyces; s__Saccharomyces_cerevisiae	qiime_species_retained	QIIME already had a species-level assignment.
628fa4d9864efdb099121fdc264211a5	k__Fungi;p__Ascomycota;c__Eurotiomycetes;o__Eurotiales;f__Aspergillaceae;g__Penicillium;s__Penicillium_patris-mei;sh__SH1308047.10FU	k__Fungi; p__Ascomycota; c__Eurotiomycetes; o__Eurotiales; f__Aspergillaceae; g__Penicillium; s__Penicillium_patris-mei	0.8335981452643039	0.8335981452643039	Fungi	Ascomycota	Eurotiomycetes	Eurotiales	Aspergillaceae	Penicillium	Penicillium_patris-mei	NR_121299	5074	1.4899999999999999e-115	412.0	100.0	100.0	228	True	candidate_available	Eukaryota	Ascomycota	Eurotiomycetes	Eurotiales	Aspergillaceae	Penicillium	Penicillium_brevicompactum	NR_138336	Penicillium_kongii	1.49e-115	412.0	100.0	100	True	True	Fungi	Ascomycota	Eurotiomycetes	Eurotiales	Aspergillaceae	Penicillium	Penicillium_patris-mei	k__Fungi; p__Ascomycota; c__Eurotiomycetes; o__Eurotiales; f__Aspergillaceae; g__Penicillium; s__Penicillium_patris-mei	qiime_species_retained	QIIME already had a species-level assignment.
fb1e99770074de04d7dff1b96c37c523	k__Fungi;p__Ascomycota;c__Eurotiomycetes;o__Eurotiales;f__Aspergillaceae;g__Aspergillus	k__Fungi; p__Ascomycota; c__Eurotiomycetes; o__Eurotiales; f__Aspergillaceae; g__Aspergillus; s__Aspergillus_g	0.99972627726712	0.99972627726712	Fungi	Ascomycota	Eurotiomycetes	Eurotiales	Aspergillaceae	Aspergillus	Aspergillus_g	NR_111728	1235455	1.4899999999999999e-115	412.0	100.0	100.0	228	True	candidate_available	Eukaryota	Ascomycota	Eurotiomycetes	Eurotiales	Aspergillaceae	Aspergillus	Aspergillus_cibarius	NR_131286	Aspergillus_ruber	1.49e-115	412.0	100.0	100	True	True	Fungi	Ascomycota	Eurotiomycetes	Eurotiales	Aspergillaceae	Aspergillus	Aspergillus_g	k__Fungi; p__Ascomycota; c__Eurotiomycetes; o__Eurotiales; f__Aspergillaceae; g__Aspergillus; s__Aspergillus_g	ambiguous_blast_hit	Top 1 and Top 2 had exact score ties but different species.
bfa6afd86523df0a5ddd44a01da73ddb	k__Fungi	k__Fungi; p__Fungi_k; c__Fungi_k; o__Fungi_k; f__Fungi_k; g__Fungi_k; s__Fungi_k	0.9999999999999905	0.9999999999999905	Fungi	Fungi_k	Fungi_k	Fungi_k	Fungi_k	Fungi_k	Fungi_k																							False	False	Fungi	Fungi_k	Fungi_k	Fungi_k	Fungi_k	Fungi_k	Fungi_k	k__Fungi; p__Fungi_k; c__Fungi_k; o__Fungi_k; f__Fungi_k; g__Fungi_k; s__Fungi_k	qiime_genus_unresolved	QIIME genus was unresolved.
dc4c92957db247364b6bca5eb5bd2b66	k__Fungi;p__Ascomycota	k__Fungi; p__Ascomycota; c__Ascomycota_p; o__Ascomycota_p; f__Ascomycota_p; g__Ascomycota_p; s__Ascomycota_p	0.8152844259768292	0.8152844259768292	Fungi	Ascomycota	Ascomycota_p	Ascomycota_p	Ascomycota_p	Ascomycota_p	Ascomycota_p																							False	False	Fungi	Ascomycota	Ascomycota_p	Ascomycota_p	Ascomycota_p	Ascomycota_p	Ascomycota_p	k__Fungi; p__Ascomycota; c__Ascomycota_p; o__Ascomycota_p; f__Ascomycota_p; g__Ascomycota_p; s__Ascomycota_p	qiime_genus_unresolved	QIIME genus was unresolved.
442a16533e54a9749b2cc6af051e2025	k__Fungi;p__Basidiomycota;c__Agaricomycetes;o__Agaricales;f__Schizophyllaceae;g__Schizophyllum;s__Schizophyllum_commune;sh__SH1149944.10FU	k__Fungi; p__Basidiomycota; c__Agaricomycetes; o__Agaricales; f__Schizophyllaceae; g__Schizophyllum; s__Schizophyllum_commune	0.9583768341589165	0.9583768341589164	Fungi	Basidiomycota	Agaricomycetes	Agaricales	Schizophyllaceae	Schizophyllum	Schizophyllum_commune																							False	False	Fungi	Basidiomycota	Agaricomycetes	Agaricales	Schizophyllaceae	Schizophyllum	Schizophyllum_commune	k__Fungi; p__Basidiomycota; c__Agaricomycetes; o__Agaricales; f__Schizophyllaceae; g__Schizophyllum; s__Schizophyllum_commune	qiime_species_retained	QIIME already had a species-level assignment.
12cc799b99ed75d931516e3b1cc680ad	k__Fungi;p__Basidiomycota;c__Agaricomycetes;o__Polyporales;f__Phanerochaetaceae;g__Bjerkandera;s__Bjerkandera_adusta;sh__SH1292884.10FU	k__Fungi; p__Basidiomycota; c__Agaricomycetes; o__Polyporales; f__Phanerochaetaceae; g__Bjerkandera; s__Bjerkandera_adusta	0.997740507616251	0.997740507616251	Fungi	Basidiomycota	Agaricomycetes	Polyporales	Phanerochaetaceae	Bjerkandera	Bjerkandera_adusta																							False	False	Fungi	Basidiomycota	Agaricomycetes	Polyporales	Phanerochaetaceae	Bjerkandera	Bjerkandera_adusta	k__Fungi; p__Basidiomycota; c__Agaricomycetes; o__Polyporales; f__Phanerochaetaceae; g__Bjerkandera; s__Bjerkandera_adusta	qiime_species_retained	QIIME already had a species-level assignment.
af01a0d35b83bc29b5aed222ed1a3fa5	k__Fungi;p__Mucoromycota;c__Mucoromycetes;o__Mucorales;f__Mucoraceae;g__Mucor;s__Mucor_circinelloides;sh__SH1070275.10FU	k__Fungi; p__Mucoromycota; c__Mucoromycetes; o__Mucorales; f__Mucoraceae; g__Mucor; s__Mucor_circinelloides	0.9102628114717126	0.9102628114717126	Fungi	Mucoromycota	Mucoromycetes	Mucorales	Mucoraceae	Mucor	Mucor_circinelloides	NR_126116	36080	4.2900000000000004e-116	414.0	100.0	100.0	229	False	candidate_available	Eukaryota	Mucoromycota	Mucoromycetes	Mucorales	Mucoraceae	Mucor	Mucor_circinelloides							True	True	Fungi	Mucoromycota	Mucoromycetes	Mucorales	Mucoraceae	Mucor	Mucor_circinelloides	k__Fungi; p__Mucoromycota; c__Mucoromycetes; o__Mucorales; f__Mucoraceae; g__Mucor; s__Mucor_circinelloides	qiime_species_retained	QIIME already had a species-level assignment.
5a06576196c23f808bdfe0399228553a	k__Fungi;p__Basidiomycota;c__Agaricomycetes;o__Agaricales;f__Psathyrellaceae;g__Candolleomyces;s__Candolleomyces_subminutisporus;sh__SH1386963.10FU	k__Fungi; p__Basidiomycota; c__Agaricomycetes; o__Agaricales; f__Psathyrellaceae; g__Candolleomyces; s__Candolleomyces_subminutisporus	0.996499040609471	0.996499040609471	Fungi	Basidiomycota	Agaricomycetes	Agaricales	Psathyrellaceae	Candolleomyces	Candolleomyces_subminutisporus	NR_173318	2843180	1.4899999999999999e-115	412.0	100.0	100.0	228	False	candidate_available	Eukaryota	Basidiomycota	Agaricomycetes	Agaricales	Psathyrellaceae	Candolleomyces	Candolleomyces_subminutisporus							True	True	Fungi	Basidiomycota	Agaricomycetes	Agaricales	Psathyrellaceae	Candolleomyces	Candolleomyces_subminutisporus	k__Fungi; p__Basidiomycota; c__Agaricomycetes; o__Agaricales; f__Psathyrellaceae; g__Candolleomyces; s__Candolleomyces_subminutisporus	qiime_species_retained	QIIME already had a species-level assignment.
adda5ef25aa444e1e8e3dbf448184191	k__Fungi;p__Basidiomycota;c__Tremellomycetes;o__Tremellales;f__Bulleraceae;g__Bullera;s__Bullera_alba;sh__SH1204217.10FU	k__Fungi; p__Basidiomycota; c__Tremellomycetes; o__Tremellales; f__Bulleraceae; g__Bullera; s__Bullera_alba	0.9917224858724639	0.991722485872464	Fungi	Basidiomycota	Tremellomycetes	Tremellales	Bulleraceae	Bullera	Bullera_alba	NR_111083	157611	2.21e-113	406.0	99.563	100.0	229	False	candidate_available	Eukaryota	Basidiomycota	Tremellomycetes	Tremellales	Bulleraceae	Bullera	Bullera_alba							True	True	Fungi	Basidiomycota	Tremellomycetes	Tremellales	Bulleraceae	Bullera	Bullera_alba	k__Fungi; p__Basidiomycota; c__Tremellomycetes; o__Tremellales; f__Bulleraceae; g__Bullera; s__Bullera_alba	qiime_species_retained	QIIME already had a species-level assignment.
4c2a20f52c5307c38f027444128a1e56	k__Fungi;p__Fungi_phy_Incertae_sedis;c__Fungi_cls_Incertae_sedis;o__Fungi_ord_Incertae_sedis;f__Fungi_fam_Incertae_sedis;g__Fungi_gen_Incertae_sedis;s__Fungi_sp;sh__SH1387283.10FU	k__Fungi; p__Fungi_k; c__Fungi_k; o__Fungi_k; f__Fungi_k; g__Fungi_k; s__Fungi_k	0.9987467744175645	0.9987467744175644	Fungi	Fungi_k	Fungi_k	Fungi_k	Fungi_k	Fungi_k	Fungi_k																							False	False	Fungi	Fungi_k	Fungi_k	Fungi_k	Fungi_k	Fungi_k	Fungi_k	k__Fungi; p__Fungi_k; c__Fungi_k; o__Fungi_k; f__Fungi_k; g__Fungi_k; s__Fungi_k	qiime_genus_unresolved	QIIME genus was unresolved.
d0b4254cf72c2997dd42ad82af681f04	k__Fungi;p__Basidiomycota;c__Tremellomycetes;o__Tremellales;f__Cryptococcaceae;g__Cryptococcus;s__Cryptococcus_neoformans;sh__SH1330342.10FU	k__Fungi; p__Basidiomycota; c__Tremellomycetes; o__Tremellales; f__Cryptococcaceae; g__Cryptococcus; s__Cryptococcus_neoformans	0.9891331022867412	0.9891331022867412	Fungi	Basidiomycota	Tremellomycetes	Tremellales	Cryptococcaceae	Cryptococcus	Cryptococcus_neoformans																							False	False	Fungi	Basidiomycota	Tremellomycetes	Tremellales	Cryptococcaceae	Cryptococcus	Cryptococcus_neoformans	k__Fungi; p__Basidiomycota; c__Tremellomycetes; o__Tremellales; f__Cryptococcaceae; g__Cryptococcus; s__Cryptococcus_neoformans	qiime_species_retained	QIIME already had a species-level assignment.
b6d153f4aa1b7adc86d16ea7f46db14a	k__Fungi;p__Ascomycota;c__Sordariomycetes;o__Diaporthales;f__Gnomoniaceae;g__Ophiognomonia;s__Ophiognomonia_asiatica;sh__SH1212331.10FU	k__Fungi; p__Ascomycota; c__Sordariomycetes; o__Diaporthales; f__Gnomoniaceae; g__Ophiognomonia; s__Ophiognomonia_asiatica	0.8251508395127758	0.8251508395127758	Fungi	Ascomycota	Sordariomycetes	Diaporthales	Gnomoniaceae	Ophiognomonia	Ophiognomonia_asiatica	NR_120057	1245691	3.0700000000000002e-105	379.0	99.528	93.0	212	False	candidate_available	Eukaryota	Ascomycota	Sordariomycetes	Diaporthales	Gnomoniaceae	Ophiognomonia	Ophiognomonia_asiatica							True	True	Fungi	Ascomycota	Sordariomycetes	Diaporthales	Gnomoniaceae	Ophiognomonia	Ophiognomonia_asiatica	k__Fungi; p__Ascomycota; c__Sordariomycetes; o__Diaporthales; f__Gnomoniaceae; g__Ophiognomonia; s__Ophiognomonia_asiatica	qiime_species_retained	QIIME already had a species-level assignment.
6d4528949a1b4da8c05713abbbd208fd	k__Fungi;p__Basidiomycota;c__Agaricomycetes;o__Polyporales;f__Irpicaceae;g__Irpex;s__Irpex_hacksungii;sh__SH1080352.10FU	k__Fungi; p__Basidiomycota; c__Agaricomycetes; o__Polyporales; f__Irpicaceae; g__Irpex; s__Irpex_hacksungii	0.9891347290121947	0.9891347290121948	Fungi	Basidiomycota	Agaricomycetes	Polyporales	Irpicaceae	Irpex	Irpex_hacksungii																							False	False	Fungi	Basidiomycota	Agaricomycetes	Polyporales	Irpicaceae	Irpex	Irpex_hacksungii	k__Fungi; p__Basidiomycota; c__Agaricomycetes; o__Polyporales; f__Irpicaceae; g__Irpex; s__Irpex_hacksungii	qiime_species_retained	QIIME already had a species-level assignment.
1a06f4d3b11bdcb6ad8457f0d779d84b	k__Fungi;p__Basidiomycota;c__Agaricomycetes;o__Hymenochaetales;f__Schizoporaceae	k__Fungi; p__Basidiomycota; c__Agaricomycetes; o__Hymenochaetales; f__Schizoporaceae; g__Schizoporaceae_f; s__Schizoporaceae_f	0.7567943405580422	0.7567943405580422	Fungi	Basidiomycota	Agaricomycetes	Hymenochaetales	Schizoporaceae	Schizoporaceae_f	Schizoporaceae_f																							False	False	Fungi	Basidiomycota	Agaricomycetes	Hymenochaetales	Schizoporaceae	Schizoporaceae_f	Schizoporaceae_f	k__Fungi; p__Basidiomycota; c__Agaricomycetes; o__Hymenochaetales; f__Schizoporaceae; g__Schizoporaceae_f; s__Schizoporaceae_f	qiime_genus_unresolved	QIIME genus was unresolved.
52ecfb22e1c990982f5951c06b4908b3	k__Fungi;p__Basidiomycota;c__Tremellomycetes;o__Cystofilobasidiales;f__Mrakiaceae;g__Udeniomyces;s__Udeniomyces_pyricola;sh__SH1356852.10FU	k__Fungi; p__Basidiomycota; c__Tremellomycetes; o__Cystofilobasidiales; f__Mrakiaceae; g__Udeniomyces; s__Udeniomyces_pyricola	0.8418181042518071	0.8418181042518071	Fungi	Basidiomycota	Tremellomycetes	Cystofilobasidiales	Mrakiaceae	Udeniomyces	Udeniomyces_pyricola	NR_073233	42661	6.33e-114	407.0	99.561	100.0	228	False	candidate_available	Eukaryota	Basidiomycota	Tremellomycetes	Cystofilobasidiales	Mrakiaceae	Udeniomyces	Udeniomyces_pyricola							True	True	Fungi	Basidiomycota	Tremellomycetes	Cystofilobasidiales	Mrakiaceae	Udeniomyces	Udeniomyces_pyricola	k__Fungi; p__Basidiomycota; c__Tremellomycetes; o__Cystofilobasidiales; f__Mrakiaceae; g__Udeniomyces; s__Udeniomyces_pyricola	qiime_species_retained	QIIME already had a species-level assignment.
b7b0fcf787b97ca7ed398fae36e66b47	k__Fungi	k__Fungi; p__Fungi_k; c__Fungi_k; o__Fungi_k; f__Fungi_k; g__Fungi_k; s__Fungi_k	1.0000000000000024	1.0000000000000024	Fungi	Fungi_k	Fungi_k	Fungi_k	Fungi_k	Fungi_k	Fungi_k																							False	False	Fungi	Fungi_k	Fungi_k	Fungi_k	Fungi_k	Fungi_k	Fungi_k	k__Fungi; p__Fungi_k; c__Fungi_k; o__Fungi_k; f__Fungi_k; g__Fungi_k; s__Fungi_k	qiime_genus_unresolved	QIIME genus was unresolved.
96089fcd4be16af3744dff9823059e84	k__Fungi;p__Basidiomycota;c__Agaricomycetes;o__Russulales;f__Peniophoraceae;g__Peniophoraceae_gen_Incertae_sedis;s__Peniophoraceae_sp;sh__SH1054279.10FU	k__Fungi; p__Basidiomycota; c__Agaricomycetes; o__Russulales; f__Peniophoraceae; g__Peniophoraceae_f; s__Peniophoraceae_f	0.9997263267976645	0.9997263267976644	Fungi	Basidiomycota	Agaricomycetes	Russulales	Peniophoraceae	Peniophoraceae_f	Peniophoraceae_f																							False	False	Fungi	Basidiomycota	Agaricomycetes	Russulales	Peniophoraceae	Peniophoraceae_f	Peniophoraceae_f	k__Fungi; p__Basidiomycota; c__Agaricomycetes; o__Russulales; f__Peniophoraceae; g__Peniophoraceae_f; s__Peniophoraceae_f	qiime_genus_unresolved	QIIME genus was unresolved.
00b0c1b2dd29f6dde895345a89eab2d4	k__Fungi;p__Basidiomycota;c__Agaricomycetes;o__Russulales;f__Peniophoraceae;g__Peniophoraceae_gen_Incertae_sedis;s__Peniophoraceae_sp;sh__SH1054279.10FU	k__Fungi; p__Basidiomycota; c__Agaricomycetes; o__Russulales; f__Peniophoraceae; g__Peniophoraceae_f; s__Peniophoraceae_f	0.9997400252950969	0.9997400252950968	Fungi	Basidiomycota	Agaricomycetes	Russulales	Peniophoraceae	Peniophoraceae_f	Peniophoraceae_f																							False	False	Fungi	Basidiomycota	Agaricomycetes	Russulales	Peniophoraceae	Peniophoraceae_f	Peniophoraceae_f	k__Fungi; p__Basidiomycota; c__Agaricomycetes; o__Russulales; f__Peniophoraceae; g__Peniophoraceae_f; s__Peniophoraceae_f	qiime_genus_unresolved	QIIME genus was unresolved.
d00069f184bac3614964ebeeb9e0c463	k__Fungi;p__Basidiomycota;c__Agaricomycetes;o__Russulales;f__Hericiaceae;g__Dentipellis;s__Dentipellis_fragilis;sh__SH1157884.10FU	k__Fungi; p__Basidiomycota; c__Agaricomycetes; o__Russulales; f__Hericiaceae; g__Dentipellis; s__Dentipellis_fragilis	0.8675683390114497	0.8675683390114497	Fungi	Basidiomycota	Agaricomycetes	Russulales	Hericiaceae	Dentipellis	Dentipellis_fragilis																							False	False	Fungi	Basidiomycota	Agaricomycetes	Russulales	Hericiaceae	Dentipellis	Dentipellis_fragilis	k__Fungi; p__Basidiomycota; c__Agaricomycetes; o__Russulales; f__Hericiaceae; g__Dentipellis; s__Dentipellis_fragilis	qiime_species_retained	QIIME already had a species-level assignment.
a98e7da7571b7fd9f95c9e1ddfda6826	k__Fungi;p__Basidiomycota;c__Agaricomycetes;o__Polyporales;f__Polyporaceae;g__Trametes;s__Trametes_pubescens;sh__SH1088835.10FU	k__Fungi; p__Basidiomycota; c__Agaricomycetes; o__Polyporales; f__Polyporaceae; g__Trametes; s__Trametes_pubescens	0.9846525884857509	0.9846525884857508	Fungi	Basidiomycota	Agaricomycetes	Polyporales	Polyporaceae	Trametes	Trametes_pubescens	NR_154494	5325	2.69e-112	401.0	99.127	100.0	229	False	candidate_available	Eukaryota	Basidiomycota	Agaricomycetes	Polyporales	Polyporaceae	Trametes	Trametes_versicolor							True	True	Fungi	Basidiomycota	Agaricomycetes	Polyporales	Polyporaceae	Trametes	Trametes_pubescens	k__Fungi; p__Basidiomycota; c__Agaricomycetes; o__Polyporales; f__Polyporaceae; g__Trametes; s__Trametes_pubescens	qiime_species_retained	QIIME already had a species-level assignment.
01bb26a8a1751eb3c5b4b7ecb7e47993	k__Fungi	k__Fungi; p__Fungi_k; c__Fungi_k; o__Fungi_k; f__Fungi_k; g__Fungi_k; s__Fungi_k	0.9999999999999953	0.9999999999999952	Fungi	Fungi_k	Fungi_k	Fungi_k	Fungi_k	Fungi_k	Fungi_k																							False	False	Fungi	Fungi_k	Fungi_k	Fungi_k	Fungi_k	Fungi_k	Fungi_k	k__Fungi; p__Fungi_k; c__Fungi_k; o__Fungi_k; f__Fungi_k; g__Fungi_k; s__Fungi_k	qiime_genus_unresolved	QIIME genus was unresolved.
98889d06c709abb06729cab49128dd46	k__Fungi;p__Basidiomycota;c__Agaricomycetes;o__Polyporales;f__Polyporaceae;g__Daedaleopsis;s__Daedaleopsis_confragosa;sh__SH1088853.10FU	k__Fungi; p__Basidiomycota; c__Agaricomycetes; o__Polyporales; f__Polyporaceae; g__Daedaleopsis; s__Daedaleopsis_confragosa	0.9797324097825423	0.9797324097825424	Fungi	Basidiomycota	Agaricomycetes	Polyporales	Polyporaceae	Daedaleopsis	Daedaleopsis_confragosa																							False	False	Fungi	Basidiomycota	Agaricomycetes	Polyporales	Polyporaceae	Daedaleopsis	Daedaleopsis_confragosa	k__Fungi; p__Basidiomycota; c__Agaricomycetes; o__Polyporales; f__Polyporaceae; g__Daedaleopsis; s__Daedaleopsis_confragosa	qiime_species_retained	QIIME already had a species-level assignment.
957a4979ef8eb030190ed5fa5f7c5e47	k__Fungi;p__Basidiomycota;c__Exobasidiomycetes;o__Entylomatales;f__Entylomataceae;g__Tilletiopsis;s__Tilletiopsis_washingtonensis;sh__SH1241579.10FU	k__Fungi; p__Basidiomycota; c__Exobasidiomycetes; o__Entylomatales; f__Entylomataceae; g__Tilletiopsis; s__Tilletiopsis_washingtonensis	0.886847518098631	0.886847518098631	Fungi	Basidiomycota	Exobasidiomycetes	Entylomatales	Entylomataceae	Tilletiopsis	Tilletiopsis_washingtonensis																							False	False	Fungi	Basidiomycota	Exobasidiomycetes	Entylomatales	Entylomataceae	Tilletiopsis	Tilletiopsis_washingtonensis	k__Fungi; p__Basidiomycota; c__Exobasidiomycetes; o__Entylomatales; f__Entylomataceae; g__Tilletiopsis; s__Tilletiopsis_washingtonensis	qiime_species_retained	QIIME already had a species-level assignment.
117e36b53921c2986d9b3bf373166f23	k__Fungi;p__Basidiomycota;c__Agaricomycetes;o__Polyporales;f__Phanerochaetaceae;g__Phanerochaete;s__Phanerochaete_livescens;sh__SH1412698.10FU	k__Fungi; p__Basidiomycota; c__Agaricomycetes; o__Polyporales; f__Phanerochaetaceae; g__Phanerochaete; s__Phanerochaete_livescens	0.93604159006596	0.93604159006596	Fungi	Basidiomycota	Agaricomycetes	Polyporales	Phanerochaetaceae	Phanerochaete	Phanerochaete_livescens	NR_155027	1795765	1.4899999999999999e-115	412.0	100.0	100.0	228	False	candidate_available	Eukaryota	Basidiomycota	Agaricomycetes	Polyporales	Phanerochaetaceae	Phanerochaete	Phanerochaete_concrescens							True	True	Fungi	Basidiomycota	Agaricomycetes	Polyporales	Phanerochaetaceae	Phanerochaete	Phanerochaete_livescens	k__Fungi; p__Basidiomycota; c__Agaricomycetes; o__Polyporales; f__Phanerochaetaceae; g__Phanerochaete; s__Phanerochaete_livescens	qiime_species_retained	QIIME already had a species-level assignment.
2ec4fcc1eb3651a961c3fb1428c3433b	k__Fungi;p__Basidiomycota;c__Microbotryomycetes;o__Sporidiobolales;f__Sporidiobolaceae;g__Sporobolomyces;s__Sporobolomyces_sp	k__Fungi; p__Basidiomycota; c__Microbotryomycetes; o__Sporidiobolales; f__Sporidiobolaceae; g__Sporobolomyces; s__Sporobolomyces_g	0.7792713265419711	0.7792713265419711	Fungi	Basidiomycota	Microbotryomycetes	Sporidiobolales	Sporidiobolaceae	Sporobolomyces	Sporobolomyces_g	NR_137660	183961	1.4899999999999999e-115	412.0	100.0	100.0	228	False	candidate_available	Eukaryota	Basidiomycota	Microbotryomycetes	Sporidiobolales	Sporidiobolaceae	Sporobolomyces	Sporobolomyces_phaffii	NR_136959	Sporobolomyces_ruberrimus	6.33e-114	407.0	99.561	100	True	True	Fungi	Basidiomycota	Microbotryomycetes	Sporidiobolales	Sporidiobolaceae	Sporobolomyces	Sporobolomyces_phaffii	k__Fungi; p__Basidiomycota; c__Microbotryomycetes; o__Sporidiobolales; f__Sporidiobolaceae; g__Sporobolomyces; s__Sporobolomyces_phaffii	species_replaced_by_blast	Strict BLAST evidence supported species-only replacement.
380916886b4dd08f02461044249c308d	k__Fungi;p__Basidiomycota;c__Agaricomycetes;o__Hymenochaetales;f__Hymenochaetaceae;g__Hymenochaetopsis;s__Hymenochaetopsis_yasudae;sh__SH1227205.10FU	k__Fungi; p__Basidiomycota; c__Agaricomycetes; o__Hymenochaetales; f__Hymenochaetaceae; g__Hymenochaetopsis; s__Hymenochaetopsis_yasudae	0.8865045745005278	0.8865045745005278	Fungi	Basidiomycota	Agaricomycetes	Hymenochaetales	Hymenochaetaceae	Hymenochaetopsis	Hymenochaetopsis_yasudae																							False	False	Fungi	Basidiomycota	Agaricomycetes	Hymenochaetales	Hymenochaetaceae	Hymenochaetopsis	Hymenochaetopsis_yasudae	k__Fungi; p__Basidiomycota; c__Agaricomycetes; o__Hymenochaetales; f__Hymenochaetaceae; g__Hymenochaetopsis; s__Hymenochaetopsis_yasudae	qiime_species_retained	QIIME already had a species-level assignment.
4895bce8e320a5bf47a9ca23b5631654	k__Fungi;p__Ascomycota	k__Fungi; p__Ascomycota; c__Ascomycota_p; o__Ascomycota_p; f__Ascomycota_p; g__Ascomycota_p; s__Ascomycota_p	0.8086338473755519	0.8086338473755519	Fungi	Ascomycota	Ascomycota_p	Ascomycota_p	Ascomycota_p	Ascomycota_p	Ascomycota_p																							False	False	Fungi	Ascomycota	Ascomycota_p	Ascomycota_p	Ascomycota_p	Ascomycota_p	Ascomycota_p	k__Fungi; p__Ascomycota; c__Ascomycota_p; o__Ascomycota_p; f__Ascomycota_p; g__Ascomycota_p; s__Ascomycota_p	qiime_genus_unresolved	QIIME genus was unresolved.
59f88c9bea61b29af23eed08c6f6a96e	k__Fungi;p__Basidiomycota;c__Agaricomycetes;o__Polyporales;f__Polyporales_fam_Incertae_sedis;g__Polyporales_gen_Incertae_sedis;s__Polyporales_sp	k__Fungi; p__Basidiomycota; c__Agaricomycetes; o__Polyporales; f__Polyporales_o; g__Polyporales_o; s__Polyporales_o	0.8224206020660478	0.8224206020660478	Fungi	Basidiomycota	Agaricomycetes	Polyporales	Polyporales_o	Polyporales_o	Polyporales_o																							False	False	Fungi	Basidiomycota	Agaricomycetes	Polyporales	Polyporales_o	Polyporales_o	Polyporales_o	k__Fungi; p__Basidiomycota; c__Agaricomycetes; o__Polyporales; f__Polyporales_o; g__Polyporales_o; s__Polyporales_o	qiime_genus_unresolved	QIIME genus was unresolved.
816d201ed9172ccf13a16767c31c90c9	k__Fungi;p__Basidiomycota;c__Malasseziomycetes;o__Malasseziales;f__Malasseziaceae;g__Malassezia;s__Malassezia_sympodialis;sh__SH1349449.10FU	k__Fungi; p__Basidiomycota; c__Malasseziomycetes; o__Malasseziales; f__Malasseziaceae; g__Malassezia; s__Malassezia_sympodialis	0.9753995958742279	0.975399595874228	Fungi	Basidiomycota	Malasseziomycetes	Malasseziales	Malasseziaceae	Malassezia	Malassezia_sympodialis	NR_103583	76777	1.4899999999999999e-115	412.0	100.0	100.0	228	False	candidate_available	Eukaryota	Basidiomycota	Malasseziomycetes	Malasseziales	Malasseziaceae	Malassezia	Malassezia_sympodialis							True	True	Fungi	Basidiomycota	Malasseziomycetes	Malasseziales	Malasseziaceae	Malassezia	Malassezia_sympodialis	k__Fungi; p__Basidiomycota; c__Malasseziomycetes; o__Malasseziales; f__Malasseziaceae; g__Malassezia; s__Malassezia_sympodialis	qiime_species_retained	QIIME already had a species-level assignment.
9c44645f431c91d96352598dc69d9dd4	k__Fungi;p__Ascomycota;c__Dothideomycetes;o__Pleosporales;f__Pleosporales_fam_Incertae_sedis;g__Pleosporales_gen_Incertae_sedis;s__Pleosporales_sp	k__Fungi; p__Ascomycota; c__Dothideomycetes; o__Pleosporales; f__Pleosporales_o; g__Pleosporales_o; s__Pleosporales_o	0.7046157757889849	0.7046157757889849	Fungi	Ascomycota	Dothideomycetes	Pleosporales	Pleosporales_o	Pleosporales_o	Pleosporales_o																							False	False	Fungi	Ascomycota	Dothideomycetes	Pleosporales	Pleosporales_o	Pleosporales_o	Pleosporales_o	k__Fungi; p__Ascomycota; c__Dothideomycetes; o__Pleosporales; f__Pleosporales_o; g__Pleosporales_o; s__Pleosporales_o	qiime_genus_unresolved	QIIME genus was unresolved.
705dc39cc2275d1e72dc907ff947628d	k__Fungi;p__Basidiomycota;c__Agaricomycetes;o__Agaricales;f__Crepidotaceae;g__Crepidotus	k__Fungi; p__Basidiomycota; c__Agaricomycetes; o__Agaricales; f__Crepidotaceae; g__Crepidotus; s__Crepidotus_g	0.9999990986133088	0.9999990986133088	Fungi	Basidiomycota	Agaricomycetes	Agaricales	Crepidotaceae	Crepidotus	Crepidotus_g																							False	False	Fungi	Basidiomycota	Agaricomycetes	Agaricales	Crepidotaceae	Crepidotus	Crepidotus_g	k__Fungi; p__Basidiomycota; c__Agaricomycetes; o__Agaricales; f__Crepidotaceae; g__Crepidotus; s__Crepidotus_g	no_eligible_blast_hit	No strict BLAST candidate was available.
46ec25c5075d54f6eb7678bf61e0d4b0	k__Fungi;p__Basidiomycota;c__Agaricomycetes;o__Trechisporales;f__Hydnodontaceae;g__Sistotremastrum;s__Sistotremastrum_guttuliferum;sh__SH1293774.10FU	k__Fungi; p__Basidiomycota; c__Agaricomycetes; o__Trechisporales; f__Hydnodontaceae; g__Sistotremastrum; s__Sistotremastrum_guttuliferum	0.998669308026183	0.998669308026183	Fungi	Basidiomycota	Agaricomycetes	Trechisporales	Hydnodontaceae	Sistotremastrum	Sistotremastrum_guttuliferum	NR_120178	1290441	1.4899999999999999e-115	412.0	100.0	100.0	228	False	candidate_available	Eukaryota	Basidiomycota	Agaricomycetes	Trechisporales	unclassified_Trechisporales_family	Sistotremastrum	Sistotremastrum_guttuliferum							True	True	Fungi	Basidiomycota	Agaricomycetes	Trechisporales	Hydnodontaceae	Sistotremastrum	Sistotremastrum_guttuliferum	k__Fungi; p__Basidiomycota; c__Agaricomycetes; o__Trechisporales; f__Hydnodontaceae; g__Sistotremastrum; s__Sistotremastrum_guttuliferum	qiime_species_retained	QIIME already had a species-level assignment.
0dc05c777d2a965f0a5d08d7b7a56458	k__Fungi;p__Ascomycota;c__Dothideomycetes	k__Fungi; p__Ascomycota; c__Dothideomycetes; o__Dothideomycetes_c; f__Dothideomycetes_c; g__Dothideomycetes_c; s__Dothideomycetes_c	0.919301012446291	0.919301012446291	Fungi	Ascomycota	Dothideomycetes	Dothideomycetes_c	Dothideomycetes_c	Dothideomycetes_c	Dothideomycetes_c	NR_119840	102000	1.4899999999999999e-115	412.0	100.0	100.0	228	True	candidate_available	Eukaryota	Ascomycota	Dothideomycetes	Cladosporiales	Cladosporiaceae	Cladosporium	Cladosporium_colocasiae	NR_119855	Cladosporium_tenuissimum	1.49e-115	412.0	100.0	100	True	False	Fungi	Ascomycota	Dothideomycetes	Dothideomycetes_c	Dothideomycetes_c	Dothideomycetes_c	Dothideomycetes_c	k__Fungi; p__Ascomycota; c__Dothideomycetes; o__Dothideomycetes_c; f__Dothideomycetes_c; g__Dothideomycetes_c; s__Dothideomycetes_c	qiime_genus_unresolved	QIIME genus was unresolved.
0d2054ad18668ff06200cd375bad78fc	k__Fungi;p__Basidiomycota;c__Agaricomycetes;o__Cantharellales;f__Ceratobasidiaceae	k__Fungi; p__Basidiomycota; c__Agaricomycetes; o__Cantharellales; f__Ceratobasidiaceae; g__Ceratobasidiaceae_f; s__Ceratobasidiaceae_f	0.9999870164695455	0.9999870164695456	Fungi	Basidiomycota	Agaricomycetes	Cantharellales	Ceratobasidiaceae	Ceratobasidiaceae_f	Ceratobasidiaceae_f																							False	False	Fungi	Basidiomycota	Agaricomycetes	Cantharellales	Ceratobasidiaceae	Ceratobasidiaceae_f	Ceratobasidiaceae_f	k__Fungi; p__Basidiomycota; c__Agaricomycetes; o__Cantharellales; f__Ceratobasidiaceae; g__Ceratobasidiaceae_f; s__Ceratobasidiaceae_f	qiime_genus_unresolved	QIIME genus was unresolved.
15341b177fd17d7c5a13510e07a8a807	k__Fungi	k__Fungi; p__Fungi_k; c__Fungi_k; o__Fungi_k; f__Fungi_k; g__Fungi_k; s__Fungi_k	0.9999999999999871	0.9999999999999872	Fungi	Fungi_k	Fungi_k	Fungi_k	Fungi_k	Fungi_k	Fungi_k																							False	False	Fungi	Fungi_k	Fungi_k	Fungi_k	Fungi_k	Fungi_k	Fungi_k	k__Fungi; p__Fungi_k; c__Fungi_k; o__Fungi_k; f__Fungi_k; g__Fungi_k; s__Fungi_k	qiime_genus_unresolved	QIIME genus was unresolved.
b1b361c336fa35c9c85cc4d6e884e225	k__Fungi;p__Ascomycota;c__Sordariomycetes;o__Glomerellales;f__Plectosphaerellaceae;g__Paragibellulopsis;s__Paragibellulopsis_chrysanthemi	k__Fungi; p__Ascomycota; c__Sordariomycetes; o__Glomerellales; f__Plectosphaerellaceae; g__Paragibellulopsis; s__Paragibellulopsis_chrysanthemi	0.979317077657181	0.979317077657181	Fungi	Ascomycota	Sordariomycetes	Glomerellales	Plectosphaerellaceae	Paragibellulopsis	Paragibellulopsis_chrysanthemi																							False	False	Fungi	Ascomycota	Sordariomycetes	Glomerellales	Plectosphaerellaceae	Paragibellulopsis	Paragibellulopsis_chrysanthemi	k__Fungi; p__Ascomycota; c__Sordariomycetes; o__Glomerellales; f__Plectosphaerellaceae; g__Paragibellulopsis; s__Paragibellulopsis_chrysanthemi	qiime_species_retained	QIIME already had a species-level assignment.
188f2c973193c37c726eb3e8437e22d6	k__Fungi;p__Basidiomycota;c__Agaricomycetes;o__Polyporales;f__Irpicaceae;g__Irpex;s__Irpex_hacksungii;sh__SH1080352.10FU	k__Fungi; p__Basidiomycota; c__Agaricomycetes; o__Polyporales; f__Irpicaceae; g__Irpex; s__Irpex_hacksungii	0.9944951913062979	0.994495191306298	Fungi	Basidiomycota	Agaricomycetes	Polyporales	Irpicaceae	Irpex	Irpex_hacksungii																							False	False	Fungi	Basidiomycota	Agaricomycetes	Polyporales	Irpicaceae	Irpex	Irpex_hacksungii	k__Fungi; p__Basidiomycota; c__Agaricomycetes; o__Polyporales; f__Irpicaceae; g__Irpex; s__Irpex_hacksungii	qiime_species_retained	QIIME already had a species-level assignment.
d88567ebe660f0a6651f4846b34d71e2	k__Fungi;p__Basidiomycota;c__Cystobasidiomycetes;o__Cystobasidiales;f__Cystobasidiaceae;g__Cystobasidium;s__Cystobasidium_slooffiae;sh__SH1337768.10FU	k__Fungi; p__Basidiomycota; c__Cystobasidiomycetes; o__Cystobasidiales; f__Cystobasidiaceae; g__Cystobasidium; s__Cystobasidium_slooffiae	0.9889073948449705	0.9889073948449704	Fungi	Basidiomycota	Cystobasidiomycetes	Cystobasidiales	Cystobasidiaceae	Cystobasidium	Cystobasidium_slooffiae	NR_103568	106018	6.33e-114	407.0	99.561	100.0	228	False	candidate_available	Eukaryota	Basidiomycota	Cystobasidiomycetes	Cystobasidiales	Cystobasidiaceae	Cystobasidium	Cystobasidium_slooffiae							True	True	Fungi	Basidiomycota	Cystobasidiomycetes	Cystobasidiales	Cystobasidiaceae	Cystobasidium	Cystobasidium_slooffiae	k__Fungi; p__Basidiomycota; c__Cystobasidiomycetes; o__Cystobasidiales; f__Cystobasidiaceae; g__Cystobasidium; s__Cystobasidium_slooffiae	qiime_species_retained	QIIME already had a species-level assignment.
a35b5bb74ae271253c48bf3dc7eaf278	k__Fungi;p__Basidiomycota;c__Agaricomycetes;o__Polyporales;f__Phanerochaetaceae;g__Phlebiopsis;s__Phlebiopsis_sp;sh__SH1340676.10FU	k__Fungi; p__Basidiomycota; c__Agaricomycetes; o__Polyporales; f__Phanerochaetaceae; g__Phlebiopsis; s__Phlebiopsis_g	0.9917145976157128	0.9917145976157128	Fungi	Basidiomycota	Agaricomycetes	Polyporales	Phanerochaetaceae	Phlebiopsis	Phlebiopsis_g																							False	False	Fungi	Basidiomycota	Agaricomycetes	Polyporales	Phanerochaetaceae	Phlebiopsis	Phlebiopsis_g	k__Fungi; p__Basidiomycota; c__Agaricomycetes; o__Polyporales; f__Phanerochaetaceae; g__Phlebiopsis; s__Phlebiopsis_g	no_eligible_blast_hit	No strict BLAST candidate was available.
6579df31fdeb07e99320f5c35e866053	k__Fungi;p__Ascomycota;c__Sordariomycetes;o__Xylariales;f__Graphostromataceae;g__Biscogniauxia;s__Biscogniauxia_atropunctata;sh__SH1376962.10FU	k__Fungi; p__Ascomycota; c__Sordariomycetes; o__Xylariales; f__Graphostromataceae; g__Biscogniauxia; s__Biscogniauxia_atropunctata	0.9969157177427169	0.9969157177427168	Fungi	Ascomycota	Sordariomycetes	Xylariales	Graphostromataceae	Biscogniauxia	Biscogniauxia_atropunctata																							False	False	Fungi	Ascomycota	Sordariomycetes	Xylariales	Graphostromataceae	Biscogniauxia	Biscogniauxia_atropunctata	k__Fungi; p__Ascomycota; c__Sordariomycetes; o__Xylariales; f__Graphostromataceae; g__Biscogniauxia; s__Biscogniauxia_atropunctata	qiime_species_retained	QIIME already had a species-level assignment.
460ee956051055b9917825569ff923c6	k__Fungi	k__Fungi; p__Fungi_k; c__Fungi_k; o__Fungi_k; f__Fungi_k; g__Fungi_k; s__Fungi_k	0.9999999999999888	0.9999999999999888	Fungi	Fungi_k	Fungi_k	Fungi_k	Fungi_k	Fungi_k	Fungi_k																							False	False	Fungi	Fungi_k	Fungi_k	Fungi_k	Fungi_k	Fungi_k	Fungi_k	k__Fungi; p__Fungi_k; c__Fungi_k; o__Fungi_k; f__Fungi_k; g__Fungi_k; s__Fungi_k	qiime_genus_unresolved	QIIME genus was unresolved.
10bd3d3bd7cf83389aa23b472f7e1b02	k__Fungi;p__Ascomycota;c__Saccharomycetes;o__Saccharomycetales;f__Saccharomycetales_fam_Incertae_sedis;g__Candida;s__Candida_dubliniensis;sh__SH1382655.10FU	k__Fungi; p__Ascomycota; c__Saccharomycetes; o__Saccharomycetales; f__Saccharomycetales_fam_Incertae_sedis; g__Candida; s__Candida_dubliniensis	0.9999999800769361	0.999999980076936	Fungi	Ascomycota	Saccharomycetes	Saccharomycetales	Saccharomycetales_fam_Incertae_sedis	Candida	Candida_dubliniensis	NR_119386	42374	1.4899999999999999e-115	412.0	100.0	100.0	228	False	candidate_available	Eukaryota	Ascomycota	Pichiomycetes	Serinales	Debaryomycetaceae	Candida	Candida_dubliniensis							True	True	Fungi	Ascomycota	Saccharomycetes	Saccharomycetales	Saccharomycetales_fam_Incertae_sedis	Candida	Candida_dubliniensis	k__Fungi; p__Ascomycota; c__Saccharomycetes; o__Saccharomycetales; f__Saccharomycetales_fam_Incertae_sedis; g__Candida; s__Candida_dubliniensis	qiime_species_retained	QIIME already had a species-level assignment.
3d6bfcea85715e48dbcf0dd76406cc95	k__Fungi;p__Mucoromycota;c__Mucoromycetes;o__Mucorales;f__Mucoraceae;g__Mucor;s__Mucor_nidicola;sh__SH1407096.10FU	k__Fungi; p__Mucoromycota; c__Mucoromycetes; o__Mucorales; f__Mucoraceae; g__Mucor; s__Mucor_nidicola	0.889239489860263	0.889239489860263	Fungi	Mucoromycota	Mucoromycetes	Mucorales	Mucoraceae	Mucor	Mucor_nidicola																							False	False	Fungi	Mucoromycota	Mucoromycetes	Mucorales	Mucoraceae	Mucor	Mucor_nidicola	k__Fungi; p__Mucoromycota; c__Mucoromycetes; o__Mucorales; f__Mucoraceae; g__Mucor; s__Mucor_nidicola	qiime_species_retained	QIIME already had a species-level assignment.
661bf01ab3c55eee56f097097463b355	k__Fungi;p__Ascomycota;c__Eurotiomycetes;o__Eurotiales;f__Aspergillaceae;g__Penicillium;s__Penicillium_sclerotiorum;sh__SH1354418.10FU	k__Fungi; p__Ascomycota; c__Eurotiomycetes; o__Eurotiales; f__Aspergillaceae; g__Penicillium; s__Penicillium_sclerotiorum	0.949953029337921	0.949953029337921	Fungi	Ascomycota	Eurotiomycetes	Eurotiales	Aspergillaceae	Penicillium	Penicillium_sclerotiorum	NR_111674	1134119	3.28e-111	398.0	99.127	100.0	229	False	candidate_available	Eukaryota	Ascomycota	Eurotiomycetes	Eurotiales	Aspergillaceae	Penicillium	Penicillium_mallochii	NR_153273	Penicillium_exsudans	4.87e-109	390.0	100.0	95	True	True	Fungi	Ascomycota	Eurotiomycetes	Eurotiales	Aspergillaceae	Penicillium	Penicillium_sclerotiorum	k__Fungi; p__Ascomycota; c__Eurotiomycetes; o__Eurotiales; f__Aspergillaceae; g__Penicillium; s__Penicillium_sclerotiorum	qiime_species_retained	QIIME already had a species-level assignment.
52e9f5f2067648d12ec4ece62907a916	k__Fungi;p__Basidiomycota;c__Agaricomycetes;o__Polyporales;f__Steccherinaceae;g__Steccherinum;s__Steccherinum_tenuissimum;sh__SH1187344.10FU	k__Fungi; p__Basidiomycota; c__Agaricomycetes; o__Polyporales; f__Steccherinaceae; g__Steccherinum; s__Steccherinum_tenuissimum	0.9935945171927233	0.9935945171927232	Fungi	Basidiomycota	Agaricomycetes	Polyporales	Steccherinaceae	Steccherinum	Steccherinum_tenuissimum																							False	False	Fungi	Basidiomycota	Agaricomycetes	Polyporales	Steccherinaceae	Steccherinum	Steccherinum_tenuissimum	k__Fungi; p__Basidiomycota; c__Agaricomycetes; o__Polyporales; f__Steccherinaceae; g__Steccherinum; s__Steccherinum_tenuissimum	qiime_species_retained	QIIME already had a species-level assignment.
17fd2c848707f61d8529a69db689f25d	k__Fungi;p__Basidiomycota;c__Agaricomycetes;o__Hymenochaetales;f__Schizoporaceae;g__Xylodon;s__Xylodon_flaviporus;sh__SH1386323.10FU	k__Fungi; p__Basidiomycota; c__Agaricomycetes; o__Hymenochaetales; f__Schizoporaceae; g__Xylodon; s__Xylodon_flaviporus	0.9802184064429638	0.9802184064429638	Fungi	Basidiomycota	Agaricomycetes	Hymenochaetales	Schizoporaceae	Xylodon	Xylodon_flaviporus																							False	False	Fungi	Basidiomycota	Agaricomycetes	Hymenochaetales	Schizoporaceae	Xylodon	Xylodon_flaviporus	k__Fungi; p__Basidiomycota; c__Agaricomycetes; o__Hymenochaetales; f__Schizoporaceae; g__Xylodon; s__Xylodon_flaviporus	qiime_species_retained	QIIME already had a species-level assignment.
9cb444debe2d75a0faae9e99b58b96cd	k__Fungi	k__Fungi; p__Fungi_k; c__Fungi_k; o__Fungi_k; f__Fungi_k; g__Fungi_k; s__Fungi_k	0.999999999999994	0.999999999999994	Fungi	Fungi_k	Fungi_k	Fungi_k	Fungi_k	Fungi_k	Fungi_k																							False	False	Fungi	Fungi_k	Fungi_k	Fungi_k	Fungi_k	Fungi_k	Fungi_k	k__Fungi; p__Fungi_k; c__Fungi_k; o__Fungi_k; f__Fungi_k; g__Fungi_k; s__Fungi_k	qiime_genus_unresolved	QIIME genus was unresolved.
f1e26dc5de94e5ab231af0b5370bb2e2	k__Fungi	k__Fungi; p__Fungi_k; c__Fungi_k; o__Fungi_k; f__Fungi_k; g__Fungi_k; s__Fungi_k	0.9999999999999972	0.9999999999999972	Fungi	Fungi_k	Fungi_k	Fungi_k	Fungi_k	Fungi_k	Fungi_k																							False	False	Fungi	Fungi_k	Fungi_k	Fungi_k	Fungi_k	Fungi_k	Fungi_k	k__Fungi; p__Fungi_k; c__Fungi_k; o__Fungi_k; f__Fungi_k; g__Fungi_k; s__Fungi_k	qiime_genus_unresolved	QIIME genus was unresolved.
aec4b0133013dab9debc4e68fe3659ff	k__Fungi;p__Basidiomycota;c__Agaricomycetes;o__Russulales;f__Peniophoraceae;g__Peniophoraceae_gen_Incertae_sedis;s__Peniophoraceae_sp;sh__SH1054279.10FU	k__Fungi; p__Basidiomycota; c__Agaricomycetes; o__Russulales; f__Peniophoraceae; g__Peniophoraceae_f; s__Peniophoraceae_f	0.9998330962933829	0.9998330962933828	Fungi	Basidiomycota	Agaricomycetes	Russulales	Peniophoraceae	Peniophoraceae_f	Peniophoraceae_f																							False	False	Fungi	Basidiomycota	Agaricomycetes	Russulales	Peniophoraceae	Peniophoraceae_f	Peniophoraceae_f	k__Fungi; p__Basidiomycota; c__Agaricomycetes; o__Russulales; f__Peniophoraceae; g__Peniophoraceae_f; s__Peniophoraceae_f	qiime_genus_unresolved	QIIME genus was unresolved.
30b0fb5596b860a51ac563e7ee8466cb	k__Fungi;p__Basidiomycota;c__Agaricomycetes;o__Atheliales;f__Atheliales_fam_Incertae_sedis;g__Atheliales_gen_Incertae_sedis;s__Atheliales_sp;sh__SH1077491.10FU	k__Fungi; p__Basidiomycota; c__Agaricomycetes; o__Atheliales; f__Atheliales_o; g__Atheliales_o; s__Atheliales_o	0.7913289835690334	0.7913289835690334	Fungi	Basidiomycota	Agaricomycetes	Atheliales	Atheliales_o	Atheliales_o	Atheliales_o																							False	False	Fungi	Basidiomycota	Agaricomycetes	Atheliales	Atheliales_o	Atheliales_o	Atheliales_o	k__Fungi; p__Basidiomycota; c__Agaricomycetes; o__Atheliales; f__Atheliales_o; g__Atheliales_o; s__Atheliales_o	qiime_genus_unresolved	QIIME genus was unresolved.
7f21c32326f029d0dc23b6548c9be2eb	k__Fungi;p__Basidiomycota;c__Agaricomycetes;o__Polyporales;f__Irpicaceae;g__Ceriporia;s__Ceriporia_nanlingensis;sh__SH1290617.10FU	k__Fungi; p__Basidiomycota; c__Agaricomycetes; o__Polyporales; f__Irpicaceae; g__Ceriporia; s__Ceriporia_nanlingensis	0.9999483626917147	0.9999483626917148	Fungi	Basidiomycota	Agaricomycetes	Polyporales	Irpicaceae	Ceriporia	Ceriporia_nanlingensis																							False	False	Fungi	Basidiomycota	Agaricomycetes	Polyporales	Irpicaceae	Ceriporia	Ceriporia_nanlingensis	k__Fungi; p__Basidiomycota; c__Agaricomycetes; o__Polyporales; f__Irpicaceae; g__Ceriporia; s__Ceriporia_nanlingensis	qiime_species_retained	QIIME already had a species-level assignment.
031b9c6bdcad084cb3a095a0d198cebd	k__Fungi	k__Fungi; p__Fungi_k; c__Fungi_k; o__Fungi_k; f__Fungi_k; g__Fungi_k; s__Fungi_k	1.0000000000000053	1.000000000000005	Fungi	Fungi_k	Fungi_k	Fungi_k	Fungi_k	Fungi_k	Fungi_k																							False	False	Fungi	Fungi_k	Fungi_k	Fungi_k	Fungi_k	Fungi_k	Fungi_k	k__Fungi; p__Fungi_k; c__Fungi_k; o__Fungi_k; f__Fungi_k; g__Fungi_k; s__Fungi_k	qiime_genus_unresolved	QIIME genus was unresolved.
fb35ca8ff15793fd70c07633f55dad71	k__Fungi	k__Fungi; p__Fungi_k; c__Fungi_k; o__Fungi_k; f__Fungi_k; g__Fungi_k; s__Fungi_k	1.0000000000000002	1.0000000000000002	Fungi	Fungi_k	Fungi_k	Fungi_k	Fungi_k	Fungi_k	Fungi_k																							False	False	Fungi	Fungi_k	Fungi_k	Fungi_k	Fungi_k	Fungi_k	Fungi_k	k__Fungi; p__Fungi_k; c__Fungi_k; o__Fungi_k; f__Fungi_k; g__Fungi_k; s__Fungi_k	qiime_genus_unresolved	QIIME genus was unresolved.
ab7c9f9f3b22be975b8ce431693e3ece	k__Fungi;p__Basidiomycota;c__Microbotryomycetes;o__Sporidiobolales;f__Sporidiobolaceae;g__Sporobolomyces;s__Sporobolomyces_carnicolor;sh__SH1273262.10FU	k__Fungi; p__Basidiomycota; c__Microbotryomycetes; o__Sporidiobolales; f__Sporidiobolaceae; g__Sporobolomyces; s__Sporobolomyces_carnicolor	0.9690755357001587	0.9690755357001588	Fungi	Basidiomycota	Microbotryomycetes	Sporidiobolales	Sporidiobolaceae	Sporobolomyces	Sporobolomyces_carnicolor	NR_137659	183959	1.4899999999999999e-115	412.0	100.0	100.0	228	False	candidate_available	Eukaryota	Basidiomycota	Microbotryomycetes	Sporidiobolales	Sporidiobolaceae	Sporobolomyces	Sporobolomyces_carnicolor							True	True	Fungi	Basidiomycota	Microbotryomycetes	Sporidiobolales	Sporidiobolaceae	Sporobolomyces	Sporobolomyces_carnicolor	k__Fungi; p__Basidiomycota; c__Microbotryomycetes; o__Sporidiobolales; f__Sporidiobolaceae; g__Sporobolomyces; s__Sporobolomyces_carnicolor	qiime_species_retained	QIIME already had a species-level assignment.
dfeb122bae0ce9f357229be0b4e90619	k__Fungi;p__Basidiomycota;c__Agaricomycetes;o__Polyporales;f__Polyporaceae;g__Trametes;s__Trametes_hirsuta;sh__SH1240572.10FU	k__Fungi; p__Basidiomycota; c__Agaricomycetes; o__Polyporales; f__Polyporaceae; g__Trametes; s__Trametes_hirsuta	0.7759705282227287	0.7759705282227287	Fungi	Basidiomycota	Agaricomycetes	Polyporales	Polyporaceae	Trametes	Trametes_hirsuta																							False	False	Fungi	Basidiomycota	Agaricomycetes	Polyporales	Polyporaceae	Trametes	Trametes_hirsuta	k__Fungi; p__Basidiomycota; c__Agaricomycetes; o__Polyporales; f__Polyporaceae; g__Trametes; s__Trametes_hirsuta	qiime_species_retained	QIIME already had a species-level assignment.
a84c1b186e95fc28c77e0c58812ca7e5	k__Fungi;p__Basidiomycota;c__Agaricomycetes;o__Hymenochaetales;f__Hymenochaetaceae;g__Fuscoporia;s__Fuscoporia_karsteniana;sh__SH1219095.10FU	k__Fungi; p__Basidiomycota; c__Agaricomycetes; o__Hymenochaetales; f__Hymenochaetaceae; g__Fuscoporia; s__Fuscoporia_karsteniana	0.9982149268876593	0.9982149268876592	Fungi	Basidiomycota	Agaricomycetes	Hymenochaetales	Hymenochaetaceae	Fuscoporia	Fuscoporia_karsteniana	NR_189881	2942256	1.4899999999999999e-115	412.0	100.0	100.0	228	False	candidate_available	Eukaryota	Basidiomycota	Agaricomycetes	Hymenochaetales	Hymenochaetaceae	Fuscoporia	Fuscoporia_gilvoides	NR_172785	Fuscoporia_karsteniana	9.39e-112	399.0	99.123	100	True	True	Fungi	Basidiomycota	Agaricomycetes	Hymenochaetales	Hymenochaetaceae	Fuscoporia	Fuscoporia_karsteniana	k__Fungi; p__Basidiomycota; c__Agaricomycetes; o__Hymenochaetales; f__Hymenochaetaceae; g__Fuscoporia; s__Fuscoporia_karsteniana	qiime_species_retained	QIIME already had a species-level assignment.
ff05b9a82953ffcc6645056118fff882	k__Fungi;p__Ascomycota;c__Sordariomycetes;o__Hypocreales;f__Sarocladiaceae;g__Sarocladium;s__Sarocladium_zeae;sh__SH1083619.10FU	k__Fungi; p__Ascomycota; c__Sordariomycetes; o__Hypocreales; f__Sarocladiaceae; g__Sarocladium; s__Sarocladium_zeae	0.9999402084295536	0.9999402084295536	Fungi	Ascomycota	Sordariomycetes	Hypocreales	Sarocladiaceae	Sarocladium	Sarocladium_zeae	NR_130685	1036732	2.21e-113	405.0	100.0	98.0	224	False	candidate_available	Eukaryota	Ascomycota	Sordariomycetes	Hypocreales	Sarocladiaceae	Sarocladium	Sarocladium_zeae							True	True	Fungi	Ascomycota	Sordariomycetes	Hypocreales	Sarocladiaceae	Sarocladium	Sarocladium_zeae	k__Fungi; p__Ascomycota; c__Sordariomycetes; o__Hypocreales; f__Sarocladiaceae; g__Sarocladium; s__Sarocladium_zeae	qiime_species_retained	QIIME already had a species-level assignment.
c159022850229d28f9c8462163c7d352	k__Fungi;p__Basidiomycota;c__Agaricomycetes;o__Polyporales;f__Irpicaceae;g__Irpex;s__Irpex_hacksungii;sh__SH1080352.10FU	k__Fungi; p__Basidiomycota; c__Agaricomycetes; o__Polyporales; f__Irpicaceae; g__Irpex; s__Irpex_hacksungii	0.9909638608371718	0.9909638608371718	Fungi	Basidiomycota	Agaricomycetes	Polyporales	Irpicaceae	Irpex	Irpex_hacksungii																							False	False	Fungi	Basidiomycota	Agaricomycetes	Polyporales	Irpicaceae	Irpex	Irpex_hacksungii	k__Fungi; p__Basidiomycota; c__Agaricomycetes; o__Polyporales; f__Irpicaceae; g__Irpex; s__Irpex_hacksungii	qiime_species_retained	QIIME already had a species-level assignment.
f99e1af2943587a660911231516d2b0d	k__Fungi;p__Ascomycota;c__Eurotiomycetes;o__Eurotiales;f__Aspergillaceae;g__Penicillium;s__Penicillium_citrinum;sh__SH1095359.10FU	k__Fungi; p__Ascomycota; c__Eurotiomycetes; o__Eurotiales; f__Aspergillaceae; g__Penicillium; s__Penicillium_citrinum	0.8758659232400434	0.8758659232400434	Fungi	Ascomycota	Eurotiomycetes	Eurotiales	Aspergillaceae	Penicillium	Penicillium_citrinum																							False	False	Fungi	Ascomycota	Eurotiomycetes	Eurotiales	Aspergillaceae	Penicillium	Penicillium_citrinum	k__Fungi; p__Ascomycota; c__Eurotiomycetes; o__Eurotiales; f__Aspergillaceae; g__Penicillium; s__Penicillium_citrinum	qiime_species_retained	QIIME already had a species-level assignment.
e99579856827fee5f22ab107b3a13376	k__Fungi	k__Fungi; p__Fungi_k; c__Fungi_k; o__Fungi_k; f__Fungi_k; g__Fungi_k; s__Fungi_k	1.0000000000000129	1.0000000000000129	Fungi	Fungi_k	Fungi_k	Fungi_k	Fungi_k	Fungi_k	Fungi_k																							False	False	Fungi	Fungi_k	Fungi_k	Fungi_k	Fungi_k	Fungi_k	Fungi_k	k__Fungi; p__Fungi_k; c__Fungi_k; o__Fungi_k; f__Fungi_k; g__Fungi_k; s__Fungi_k	qiime_genus_unresolved	QIIME genus was unresolved.
3cd81fadba0bfa954ab5979c1601a3f1	k__Fungi;p__Basidiomycota;c__Agaricomycetes;o__Agaricales;f__Psathyrellaceae;g__Coprinopsis	k__Fungi; p__Basidiomycota; c__Agaricomycetes; o__Agaricales; f__Psathyrellaceae; g__Coprinopsis; s__Coprinopsis_g	0.9998418842752959	0.999841884275296	Fungi	Basidiomycota	Agaricomycetes	Agaricales	Psathyrellaceae	Coprinopsis	Coprinopsis_g																							False	False	Fungi	Basidiomycota	Agaricomycetes	Agaricales	Psathyrellaceae	Coprinopsis	Coprinopsis_g	k__Fungi; p__Basidiomycota; c__Agaricomycetes; o__Agaricales; f__Psathyrellaceae; g__Coprinopsis; s__Coprinopsis_g	no_eligible_blast_hit	No strict BLAST candidate was available.
ee5f92fb85239ef0e008d94c6caa3021	k__Fungi;p__Mucoromycota;c__Mucoromycetes;o__Mucorales;f__Cunninghamellaceae;g__Absidia;s__Absidia_sp	k__Fungi; p__Mucoromycota; c__Mucoromycetes; o__Mucorales; f__Cunninghamellaceae; g__Absidia; s__Absidia_g	0.9945263209493543	0.9945263209493544	Fungi	Mucoromycota	Mucoromycetes	Mucorales	Cunninghamellaceae	Absidia	Absidia_g																							False	False	Fungi	Mucoromycota	Mucoromycetes	Mucorales	Cunninghamellaceae	Absidia	Absidia_g	k__Fungi; p__Mucoromycota; c__Mucoromycetes; o__Mucorales; f__Cunninghamellaceae; g__Absidia; s__Absidia_g	no_eligible_blast_hit	No strict BLAST candidate was available.
0f3757bb9559984673430e50398b09b4	k__Fungi;p__Ascomycota;c__Leotiomycetes;o__Helotiales;f__Helotiales_fam_Incertae_sedis;g__Helotiales_gen_Incertae_sedis;s__Helotiales_sp;sh__SH1208951.10FU	k__Fungi; p__Ascomycota; c__Leotiomycetes; o__Helotiales; f__Helotiales_o; g__Helotiales_o; s__Helotiales_o	0.9961596594208594	0.9961596594208594	Fungi	Ascomycota	Leotiomycetes	Helotiales	Helotiales_o	Helotiales_o	Helotiales_o																							False	False	Fungi	Ascomycota	Leotiomycetes	Helotiales	Helotiales_o	Helotiales_o	Helotiales_o	k__Fungi; p__Ascomycota; c__Leotiomycetes; o__Helotiales; f__Helotiales_o; g__Helotiales_o; s__Helotiales_o	qiime_genus_unresolved	QIIME genus was unresolved.
4932e029d9172067e8f5fd3ec92cf65f	k__Fungi;p__Ascomycota;c__Eurotiomycetes;o__Eurotiales;f__Trichocomaceae;g__Talaromyces	k__Fungi; p__Ascomycota; c__Eurotiomycetes; o__Eurotiales; f__Trichocomaceae; g__Talaromyces; s__Talaromyces_g	0.9994469978007016	0.9994469978007016	Fungi	Ascomycota	Eurotiomycetes	Eurotiales	Trichocomaceae	Talaromyces	Talaromyces_g	NR_171595	1974180	9.39e-112	400.0	99.123	100.0	228	False	candidate_available	Eukaryota	Ascomycota	Eurotiomycetes	Eurotiales	Trichocomaceae	Talaromyces	Talaromyces_adpressus							True	True	Fungi	Ascomycota	Eurotiomycetes	Eurotiales	Trichocomaceae	Talaromyces	Talaromyces_adpressus	k__Fungi; p__Ascomycota; c__Eurotiomycetes; o__Eurotiales; f__Trichocomaceae; g__Talaromyces; s__Talaromyces_adpressus	species_replaced_by_blast	Strict BLAST evidence supported species-only replacement.
00ee2a2c090f05308822650762e66a5b	k__Fungi	k__Fungi; p__Fungi_k; c__Fungi_k; o__Fungi_k; f__Fungi_k; g__Fungi_k; s__Fungi_k	1.0000000000000124	1.0000000000000124	Fungi	Fungi_k	Fungi_k	Fungi_k	Fungi_k	Fungi_k	Fungi_k																							False	False	Fungi	Fungi_k	Fungi_k	Fungi_k	Fungi_k	Fungi_k	Fungi_k	k__Fungi; p__Fungi_k; c__Fungi_k; o__Fungi_k; f__Fungi_k; g__Fungi_k; s__Fungi_k	qiime_genus_unresolved	QIIME genus was unresolved.
448deac40229a7efe42560189717e686	k__Fungi;p__Ascomycota;c__Eurotiomycetes;o__Eurotiales;f__Aspergillaceae;g__Penicillium;s__Penicillium_sumatraense	k__Fungi; p__Ascomycota; c__Eurotiomycetes; o__Eurotiales; f__Aspergillaceae; g__Penicillium; s__Penicillium_sumatraense	0.7398758165389826	0.7398758165389826	Fungi	Ascomycota	Eurotiomycetes	Eurotiales	Aspergillaceae	Penicillium	Penicillium_sumatraense	NR_119812	70558	9.39e-112	399.0	99.123	100.0	228	False	candidate_available	Eukaryota	Ascomycota	Eurotiomycetes	Eurotiales	Aspergillaceae	Penicillium	Penicillium_sumatraense	NR_153214	Penicillium_meleagrinum	3.28e-111	398.0	99.119	99	True	True	Fungi	Ascomycota	Eurotiomycetes	Eurotiales	Aspergillaceae	Penicillium	Penicillium_sumatraense	k__Fungi; p__Ascomycota; c__Eurotiomycetes; o__Eurotiales; f__Aspergillaceae; g__Penicillium; s__Penicillium_sumatraense	qiime_species_retained	QIIME already had a species-level assignment.
0fa00e784c08052273ca73e81a15e062	k__Fungi;p__Basidiomycota;c__Agaricomycetes;o__Polyporales;f__Irpicaceae;g__Ceriporia;s__Ceriporia_nanlingensis;sh__SH1290617.10FU	k__Fungi; p__Basidiomycota; c__Agaricomycetes; o__Polyporales; f__Irpicaceae; g__Ceriporia; s__Ceriporia_nanlingensis	0.9999574586663621	0.999957458666362	Fungi	Basidiomycota	Agaricomycetes	Polyporales	Irpicaceae	Ceriporia	Ceriporia_nanlingensis																							False	False	Fungi	Basidiomycota	Agaricomycetes	Polyporales	Irpicaceae	Ceriporia	Ceriporia_nanlingensis	k__Fungi; p__Basidiomycota; c__Agaricomycetes; o__Polyporales; f__Irpicaceae; g__Ceriporia; s__Ceriporia_nanlingensis	qiime_species_retained	QIIME already had a species-level assignment.
d5e6579d4f59fbc7e5111623153c0dc6	k__Fungi;p__Ascomycota;c__Leotiomycetes;o__Helotiales	k__Fungi; p__Ascomycota; c__Leotiomycetes; o__Helotiales; f__Helotiales_o; g__Helotiales_o; s__Helotiales_o	0.7091088466169545	0.7091088466169545	Fungi	Ascomycota	Leotiomycetes	Helotiales	Helotiales_o	Helotiales_o	Helotiales_o																							False	False	Fungi	Ascomycota	Leotiomycetes	Helotiales	Helotiales_o	Helotiales_o	Helotiales_o	k__Fungi; p__Ascomycota; c__Leotiomycetes; o__Helotiales; f__Helotiales_o; g__Helotiales_o; s__Helotiales_o	qiime_genus_unresolved	QIIME genus was unresolved.
92ebee3e1d5e106289f51862c1333f71	k__Fungi;p__Basidiomycota;c__Agaricomycetes;o__Russulales;f__Peniophoraceae;g__Peniophoraceae_gen_Incertae_sedis;s__Peniophoraceae_sp;sh__SH1054279.10FU	k__Fungi; p__Basidiomycota; c__Agaricomycetes; o__Russulales; f__Peniophoraceae; g__Peniophoraceae_f; s__Peniophoraceae_f	0.9997541173122065	0.9997541173122064	Fungi	Basidiomycota	Agaricomycetes	Russulales	Peniophoraceae	Peniophoraceae_f	Peniophoraceae_f																							False	False	Fungi	Basidiomycota	Agaricomycetes	Russulales	Peniophoraceae	Peniophoraceae_f	Peniophoraceae_f	k__Fungi; p__Basidiomycota; c__Agaricomycetes; o__Russulales; f__Peniophoraceae; g__Peniophoraceae_f; s__Peniophoraceae_f	qiime_genus_unresolved	QIIME genus was unresolved.
7c26a2bc5ea2beb04c6da14fd04a67c3	k__Fungi;p__Basidiomycota;c__Agaricomycetes;o__Boletales;f__Suillaceae;g__Suillus	k__Fungi; p__Basidiomycota; c__Agaricomycetes; o__Boletales; f__Suillaceae; g__Suillus; s__Suillus_g	0.9999929156422516	0.9999929156422516	Fungi	Basidiomycota	Agaricomycetes	Boletales	Suillaceae	Suillus	Suillus_g																							False	False	Fungi	Basidiomycota	Agaricomycetes	Boletales	Suillaceae	Suillus	Suillus_g	k__Fungi; p__Basidiomycota; c__Agaricomycetes; o__Boletales; f__Suillaceae; g__Suillus; s__Suillus_g	no_eligible_blast_hit	No strict BLAST candidate was available.
ce2917ca97a6ed458f6df0078d2e50b8	k__Fungi;p__Ascomycota;c__Dothideomycetes;o__Dothideales;f__Saccotheciaceae;g__Aureobasidium;s__Aureobasidium_pullulans;sh__SH1290132.10FU	k__Fungi; p__Ascomycota; c__Dothideomycetes; o__Dothideales; f__Saccotheciaceae; g__Aureobasidium; s__Aureobasidium_pullulans	0.9979886301634044	0.9979886301634044	Fungi	Ascomycota	Dothideomycetes	Dothideales	Saccotheciaceae	Aureobasidium	Aureobasidium_pullulans	NR_189918	3062332	6.33e-114	407.0	99.561	100.0	228	False	candidate_available	Eukaryota	Ascomycota	Dothideomycetes	Dothideales	Saccotheciaceae	Aureobasidium	Aureobasidium_intercalariosporum							True	True	Fungi	Ascomycota	Dothideomycetes	Dothideales	Saccotheciaceae	Aureobasidium	Aureobasidium_pullulans	k__Fungi; p__Ascomycota; c__Dothideomycetes; o__Dothideales; f__Saccotheciaceae; g__Aureobasidium; s__Aureobasidium_pullulans	qiime_species_retained	QIIME already had a species-level assignment.
b356543b7a64ebdabe2aacf2a2b4e4af	k__Fungi	k__Fungi; p__Fungi_k; c__Fungi_k; o__Fungi_k; f__Fungi_k; g__Fungi_k; s__Fungi_k	1.000000000000011	1.000000000000011	Fungi	Fungi_k	Fungi_k	Fungi_k	Fungi_k	Fungi_k	Fungi_k																							False	False	Fungi	Fungi_k	Fungi_k	Fungi_k	Fungi_k	Fungi_k	Fungi_k	k__Fungi; p__Fungi_k; c__Fungi_k; o__Fungi_k; f__Fungi_k; g__Fungi_k; s__Fungi_k	qiime_genus_unresolved	QIIME genus was unresolved.
338ebd69d5b03851738ff9768b025122	k__Fungi	k__Fungi; p__Fungi_k; c__Fungi_k; o__Fungi_k; f__Fungi_k; g__Fungi_k; s__Fungi_k	0.9999999999999989	0.9999999999999988	Fungi	Fungi_k	Fungi_k	Fungi_k	Fungi_k	Fungi_k	Fungi_k																							False	False	Fungi	Fungi_k	Fungi_k	Fungi_k	Fungi_k	Fungi_k	Fungi_k	k__Fungi; p__Fungi_k; c__Fungi_k; o__Fungi_k; f__Fungi_k; g__Fungi_k; s__Fungi_k	qiime_genus_unresolved	QIIME genus was unresolved.
80031c9738d7445f1f857a5681c053a2	k__Fungi	k__Fungi; p__Fungi_k; c__Fungi_k; o__Fungi_k; f__Fungi_k; g__Fungi_k; s__Fungi_k	0.9999999999999862	0.9999999999999862	Fungi	Fungi_k	Fungi_k	Fungi_k	Fungi_k	Fungi_k	Fungi_k																							False	False	Fungi	Fungi_k	Fungi_k	Fungi_k	Fungi_k	Fungi_k	Fungi_k	k__Fungi; p__Fungi_k; c__Fungi_k; o__Fungi_k; f__Fungi_k; g__Fungi_k; s__Fungi_k	qiime_genus_unresolved	QIIME genus was unresolved.
67f44c83f92569ef7a21c13966f48c49	k__Fungi;p__Ascomycota;c__Eurotiomycetes;o__Eurotiales;f__Aspergillaceae;g__Aspergillus	k__Fungi; p__Ascomycota; c__Eurotiomycetes; o__Eurotiales; f__Aspergillaceae; g__Aspergillus; s__Aspergillus_g	0.952718283561182	0.952718283561182	Fungi	Ascomycota	Eurotiomycetes	Eurotiales	Aspergillaceae	Aspergillus	Aspergillus_g	NR_077149	41067	7.71e-113	403.0	99.123	100.0	228	True	candidate_available	Eukaryota	Ascomycota	Eurotiomycetes	Eurotiales	Aspergillaceae	Aspergillus	Aspergillus_candidus	NR_135396	Aspergillus_campestris	7.71e-113	403.0	99.123	100	True	True	Fungi	Ascomycota	Eurotiomycetes	Eurotiales	Aspergillaceae	Aspergillus	Aspergillus_g	k__Fungi; p__Ascomycota; c__Eurotiomycetes; o__Eurotiales; f__Aspergillaceae; g__Aspergillus; s__Aspergillus_g	ambiguous_blast_hit	Top 1 and Top 2 had exact score ties but different species.
87a6d0ce1c78b5cacb162bee4ec822d7	k__Fungi	k__Fungi; p__Fungi_k; c__Fungi_k; o__Fungi_k; f__Fungi_k; g__Fungi_k; s__Fungi_k	0.9999999999999949	0.9999999999999948	Fungi	Fungi_k	Fungi_k	Fungi_k	Fungi_k	Fungi_k	Fungi_k																							False	False	Fungi	Fungi_k	Fungi_k	Fungi_k	Fungi_k	Fungi_k	Fungi_k	k__Fungi; p__Fungi_k; c__Fungi_k; o__Fungi_k; f__Fungi_k; g__Fungi_k; s__Fungi_k	qiime_genus_unresolved	QIIME genus was unresolved.
9b61ba42a163f182fb0517d16e21353b	k__Fungi;p__Ascomycota;c__Eurotiomycetes;o__Eurotiales;f__Aspergillaceae;g__Xeromyces;s__Xeromyces_bisporus;sh__SH1338123.10FU	k__Fungi; p__Ascomycota; c__Eurotiomycetes; o__Eurotiales; f__Aspergillaceae; g__Xeromyces; s__Xeromyces_bisporus	0.9999979645796028	0.9999979645796028	Fungi	Ascomycota	Eurotiomycetes	Eurotiales	Aspergillaceae	Xeromyces	Xeromyces_bisporus	NR_154540	89491	1.4899999999999999e-115	412.0	100.0	100.0	228	False	candidate_available	Eukaryota	Ascomycota	Eurotiomycetes	Eurotiales	Aspergillaceae	Xeromyces	Xeromyces_bisporus							True	True	Fungi	Ascomycota	Eurotiomycetes	Eurotiales	Aspergillaceae	Xeromyces	Xeromyces_bisporus	k__Fungi; p__Ascomycota; c__Eurotiomycetes; o__Eurotiales; f__Aspergillaceae; g__Xeromyces; s__Xeromyces_bisporus	qiime_species_retained	QIIME already had a species-level assignment.
6eee9ddd3be2fa1716629021008b521e	k__Fungi;p__Ascomycota;c__Lecanoromycetes;o__Lecanorales;f__Lecanoraceae;g__Rhizoplaca;s__Rhizoplaca_novomexicana;sh__SH1199517.10FU	k__Fungi; p__Ascomycota; c__Lecanoromycetes; o__Lecanorales; f__Lecanoraceae; g__Rhizoplaca; s__Rhizoplaca_novomexicana	0.7156053729591471	0.7156053729591471	Fungi	Ascomycota	Lecanoromycetes	Lecanorales	Lecanoraceae	Rhizoplaca	Rhizoplaca_novomexicana																							False	False	Fungi	Ascomycota	Lecanoromycetes	Lecanorales	Lecanoraceae	Rhizoplaca	Rhizoplaca_novomexicana	k__Fungi; p__Ascomycota; c__Lecanoromycetes; o__Lecanorales; f__Lecanoraceae; g__Rhizoplaca; s__Rhizoplaca_novomexicana	qiime_species_retained	QIIME already had a species-level assignment.
89b2c9df3eca133597ce82b96537e5cb	k__Fungi;p__Ascomycota	k__Fungi; p__Ascomycota; c__Ascomycota_p; o__Ascomycota_p; f__Ascomycota_p; g__Ascomycota_p; s__Ascomycota_p	0.8053509685545772	0.8053509685545772	Fungi	Ascomycota	Ascomycota_p	Ascomycota_p	Ascomycota_p	Ascomycota_p	Ascomycota_p																							False	False	Fungi	Ascomycota	Ascomycota_p	Ascomycota_p	Ascomycota_p	Ascomycota_p	Ascomycota_p	k__Fungi; p__Ascomycota; c__Ascomycota_p; o__Ascomycota_p; f__Ascomycota_p; g__Ascomycota_p; s__Ascomycota_p	qiime_genus_unresolved	QIIME genus was unresolved.
96bf17ba3b4f9d5e0a21bebcbe3e6347	k__Fungi;p__Mucoromycota;c__Mucoromycetes;o__Mucorales;f__Mucoraceae;g__Mucor;s__Mucor_circinelloides	k__Fungi; p__Mucoromycota; c__Mucoromycetes; o__Mucorales; f__Mucoraceae; g__Mucor; s__Mucor_circinelloides	0.9204506054859856	0.9204506054859856	Fungi	Mucoromycota	Mucoromycetes	Mucorales	Mucoraceae	Mucor	Mucor_circinelloides	NR_126116	36080	2.22e-113	405.0	99.127	100.0	229	False	candidate_available	Eukaryota	Mucoromycota	Mucoromycetes	Mucorales	Mucoraceae	Mucor	Mucor_circinelloides							True	True	Fungi	Mucoromycota	Mucoromycetes	Mucorales	Mucoraceae	Mucor	Mucor_circinelloides	k__Fungi; p__Mucoromycota; c__Mucoromycetes; o__Mucorales; f__Mucoraceae; g__Mucor; s__Mucor_circinelloides	qiime_species_retained	QIIME already had a species-level assignment.
ec6e9c6d65a5399d0933b26589fe40db	k__Fungi	k__Fungi; p__Fungi_k; c__Fungi_k; o__Fungi_k; f__Fungi_k; g__Fungi_k; s__Fungi_k	1.0000000000000047	1.0000000000000049	Fungi	Fungi_k	Fungi_k	Fungi_k	Fungi_k	Fungi_k	Fungi_k																							False	False	Fungi	Fungi_k	Fungi_k	Fungi_k	Fungi_k	Fungi_k	Fungi_k	k__Fungi; p__Fungi_k; c__Fungi_k; o__Fungi_k; f__Fungi_k; g__Fungi_k; s__Fungi_k	qiime_genus_unresolved	QIIME genus was unresolved.
1081bb0a739150388231c3df65f909dc	k__Fungi;p__Ascomycota	k__Fungi; p__Ascomycota; c__Ascomycota_p; o__Ascomycota_p; f__Ascomycota_p; g__Ascomycota_p; s__Ascomycota_p	0.7030625595856475	0.7030625595856475	Fungi	Ascomycota	Ascomycota_p	Ascomycota_p	Ascomycota_p	Ascomycota_p	Ascomycota_p																							False	False	Fungi	Ascomycota	Ascomycota_p	Ascomycota_p	Ascomycota_p	Ascomycota_p	Ascomycota_p	k__Fungi; p__Ascomycota; c__Ascomycota_p; o__Ascomycota_p; f__Ascomycota_p; g__Ascomycota_p; s__Ascomycota_p	qiime_genus_unresolved	QIIME genus was unresolved.
4941117af711ee0d06af22a61b399b2d	k__Fungi;p__Ascomycota	k__Fungi; p__Ascomycota; c__Ascomycota_p; o__Ascomycota_p; f__Ascomycota_p; g__Ascomycota_p; s__Ascomycota_p	0.76222117306301	0.76222117306301	Fungi	Ascomycota	Ascomycota_p	Ascomycota_p	Ascomycota_p	Ascomycota_p	Ascomycota_p																							False	False	Fungi	Ascomycota	Ascomycota_p	Ascomycota_p	Ascomycota_p	Ascomycota_p	Ascomycota_p	k__Fungi; p__Ascomycota; c__Ascomycota_p; o__Ascomycota_p; f__Ascomycota_p; g__Ascomycota_p; s__Ascomycota_p	qiime_genus_unresolved	QIIME genus was unresolved.
6a9936467ea0ec25f21c078e03632613	k__Fungi;p__Ascomycota;c__Saccharomycetes;o__Saccharomycetales;f__Saccharomycetales_fam_Incertae_sedis;g__Candida;s__Candida_albicans;sh__SH1382505.10FU	k__Fungi; p__Ascomycota; c__Saccharomycetes; o__Saccharomycetales; f__Saccharomycetales_fam_Incertae_sedis; g__Candida; s__Candida_albicans	0.99961700996475	0.99961700996475	Fungi	Ascomycota	Saccharomycetes	Saccharomycetales	Saccharomycetales_fam_Incertae_sedis	Candida	Candida_albicans	NR_125332	5476	6.33e-114	407.0	99.561	100.0	228	False	candidate_available	Eukaryota	Ascomycota	Pichiomycetes	Serinales	Debaryomycetaceae	Candida	Candida_albicans							True	True	Fungi	Ascomycota	Saccharomycetes	Saccharomycetales	Saccharomycetales_fam_Incertae_sedis	Candida	Candida_albicans	k__Fungi; p__Ascomycota; c__Saccharomycetes; o__Saccharomycetales; f__Saccharomycetales_fam_Incertae_sedis; g__Candida; s__Candida_albicans	qiime_species_retained	QIIME already had a species-level assignment.
cb89054d5b3a2623ec486f0360d0ebd4	k__Fungi;p__Ascomycota	k__Fungi; p__Ascomycota; c__Ascomycota_p; o__Ascomycota_p; f__Ascomycota_p; g__Ascomycota_p; s__Ascomycota_p	0.7850446630449004	0.7850446630449004	Fungi	Ascomycota	Ascomycota_p	Ascomycota_p	Ascomycota_p	Ascomycota_p	Ascomycota_p																							False	False	Fungi	Ascomycota	Ascomycota_p	Ascomycota_p	Ascomycota_p	Ascomycota_p	Ascomycota_p	k__Fungi; p__Ascomycota; c__Ascomycota_p; o__Ascomycota_p; f__Ascomycota_p; g__Ascomycota_p; s__Ascomycota_p	qiime_genus_unresolved	QIIME genus was unresolved.
2abd97d819164ca22fea7fc261ffc6f7	k__Fungi;p__Ascomycota	k__Fungi; p__Ascomycota; c__Ascomycota_p; o__Ascomycota_p; f__Ascomycota_p; g__Ascomycota_p; s__Ascomycota_p	0.7897964993717408	0.7897964993717408	Fungi	Ascomycota	Ascomycota_p	Ascomycota_p	Ascomycota_p	Ascomycota_p	Ascomycota_p																							False	False	Fungi	Ascomycota	Ascomycota_p	Ascomycota_p	Ascomycota_p	Ascomycota_p	Ascomycota_p	k__Fungi; p__Ascomycota; c__Ascomycota_p; o__Ascomycota_p; f__Ascomycota_p; g__Ascomycota_p; s__Ascomycota_p	qiime_genus_unresolved	QIIME genus was unresolved.
35f06e1185ad3c6c3effe47fae6c598c	k__Fungi;p__Ascomycota	k__Fungi; p__Ascomycota; c__Ascomycota_p; o__Ascomycota_p; f__Ascomycota_p; g__Ascomycota_p; s__Ascomycota_p	0.764670989222594	0.764670989222594	Fungi	Ascomycota	Ascomycota_p	Ascomycota_p	Ascomycota_p	Ascomycota_p	Ascomycota_p	NR_138276	241526	1.0499999999999999e-150	530.0	99.003	100.0	301	False	candidate_available	Eukaryota	Ascomycota	Pichiomycetes	Serinales	Debaryomycetaceae	Candida	Candida_africana	NR_125332	Candida_albicans	3.4200000000000003e-144	508.0	100.0	93	True	False	Fungi	Ascomycota	Ascomycota_p	Ascomycota_p	Ascomycota_p	Ascomycota_p	Ascomycota_p	k__Fungi; p__Ascomycota; c__Ascomycota_p; o__Ascomycota_p; f__Ascomycota_p; g__Ascomycota_p; s__Ascomycota_p	qiime_genus_unresolved	QIIME genus was unresolved.
ef625af92358d0ebe325ddb17b618ef9	k__Fungi	k__Fungi; p__Fungi_k; c__Fungi_k; o__Fungi_k; f__Fungi_k; g__Fungi_k; s__Fungi_k	1.0000000000000135	1.0000000000000135	Fungi	Fungi_k	Fungi_k	Fungi_k	Fungi_k	Fungi_k	Fungi_k																							False	False	Fungi	Fungi_k	Fungi_k	Fungi_k	Fungi_k	Fungi_k	Fungi_k	k__Fungi; p__Fungi_k; c__Fungi_k; o__Fungi_k; f__Fungi_k; g__Fungi_k; s__Fungi_k	qiime_genus_unresolved	QIIME genus was unresolved.
e82b717c2dd3e0adf38d29ca295ddd59	k__Fungi	k__Fungi; p__Fungi_k; c__Fungi_k; o__Fungi_k; f__Fungi_k; g__Fungi_k; s__Fungi_k	1.0000000000000133	1.000000000000013	Fungi	Fungi_k	Fungi_k	Fungi_k	Fungi_k	Fungi_k	Fungi_k																							False	False	Fungi	Fungi_k	Fungi_k	Fungi_k	Fungi_k	Fungi_k	Fungi_k	k__Fungi; p__Fungi_k; c__Fungi_k; o__Fungi_k; f__Fungi_k; g__Fungi_k; s__Fungi_k	qiime_genus_unresolved	QIIME genus was unresolved.
a1ddc0359a09921a4282096b4bd79a1c	k__Fungi;p__Ascomycota	k__Fungi; p__Ascomycota; c__Ascomycota_p; o__Ascomycota_p; f__Ascomycota_p; g__Ascomycota_p; s__Ascomycota_p	0.8391003449731068	0.8391003449731068	Fungi	Ascomycota	Ascomycota_p	Ascomycota_p	Ascomycota_p	Ascomycota_p	Ascomycota_p																							False	False	Fungi	Ascomycota	Ascomycota_p	Ascomycota_p	Ascomycota_p	Ascomycota_p	Ascomycota_p	k__Fungi; p__Ascomycota; c__Ascomycota_p; o__Ascomycota_p; f__Ascomycota_p; g__Ascomycota_p; s__Ascomycota_p	qiime_genus_unresolved	QIIME genus was unresolved.
59e40ac1498d94cbe3008b752b9b8303	k__Fungi;p__Ascomycota	k__Fungi; p__Ascomycota; c__Ascomycota_p; o__Ascomycota_p; f__Ascomycota_p; g__Ascomycota_p; s__Ascomycota_p	0.8245947387822186	0.8245947387822186	Fungi	Ascomycota	Ascomycota_p	Ascomycota_p	Ascomycota_p	Ascomycota_p	Ascomycota_p																							False	False	Fungi	Ascomycota	Ascomycota_p	Ascomycota_p	Ascomycota_p	Ascomycota_p	Ascomycota_p	k__Fungi; p__Ascomycota; c__Ascomycota_p; o__Ascomycota_p; f__Ascomycota_p; g__Ascomycota_p; s__Ascomycota_p	qiime_genus_unresolved	QIIME genus was unresolved.
c2203519577ce726b6acdcbc0b212be6	k__Fungi;p__Basidiomycota;c__Agaricomycetes;o__Cantharellales;f__Hydnaceae	k__Fungi; p__Basidiomycota; c__Agaricomycetes; o__Cantharellales; f__Hydnaceae; g__Hydnaceae_f; s__Hydnaceae_f	0.968744441592373	0.968744441592373	Fungi	Basidiomycota	Agaricomycetes	Cantharellales	Hydnaceae	Hydnaceae_f	Hydnaceae_f																							False	False	Fungi	Basidiomycota	Agaricomycetes	Cantharellales	Hydnaceae	Hydnaceae_f	Hydnaceae_f	k__Fungi; p__Basidiomycota; c__Agaricomycetes; o__Cantharellales; f__Hydnaceae; g__Hydnaceae_f; s__Hydnaceae_f	qiime_genus_unresolved	QIIME genus was unresolved.
f3556e55c63ed4a9ecddd5ef5c6d9ae8	k__Fungi	k__Fungi; p__Fungi_k; c__Fungi_k; o__Fungi_k; f__Fungi_k; g__Fungi_k; s__Fungi_k	0.999999999999999	0.999999999999999	Fungi	Fungi_k	Fungi_k	Fungi_k	Fungi_k	Fungi_k	Fungi_k																							False	False	Fungi	Fungi_k	Fungi_k	Fungi_k	Fungi_k	Fungi_k	Fungi_k	k__Fungi; p__Fungi_k; c__Fungi_k; o__Fungi_k; f__Fungi_k; g__Fungi_k; s__Fungi_k	qiime_genus_unresolved	QIIME genus was unresolved.
c694e89dc307e53cba3c2902c5b6c85d	k__Fungi	k__Fungi; p__Fungi_k; c__Fungi_k; o__Fungi_k; f__Fungi_k; g__Fungi_k; s__Fungi_k	1.0000000000000075	1.0000000000000075	Fungi	Fungi_k	Fungi_k	Fungi_k	Fungi_k	Fungi_k	Fungi_k	NR_130667	129132	4.74e-155	544.0	100.0	100.0	301	False	candidate_available	Eukaryota	Basidiomycota	Tremellomycetes	Trichosporonales	Trichosporonaceae	Cutaneotrichosporon	Cutaneotrichosporon_dermatis	NR_073246	Cutaneotrichosporon_mucoides	2.46e-152	535.0	99.336	100	True	False	Fungi	Fungi_k	Fungi_k	Fungi_k	Fungi_k	Fungi_k	Fungi_k	k__Fungi; p__Fungi_k; c__Fungi_k; o__Fungi_k; f__Fungi_k; g__Fungi_k; s__Fungi_k	qiime_genus_unresolved	QIIME genus was unresolved.
c9cf851cc8b151e77a0a03db7e8e5217	k__Fungi;p__Basidiomycota;c__Tremellomycetes;o__Tremellales;f__Cryptococcaceae;g__Cryptococcus;s__Cryptococcus_neoformans;sh__SH1330342.10FU	k__Fungi; p__Basidiomycota; c__Tremellomycetes; o__Tremellales; f__Cryptococcaceae; g__Cryptococcus; s__Cryptococcus_neoformans	0.9998147584504673	0.9998147584504672	Fungi	Basidiomycota	Tremellomycetes	Tremellales	Cryptococcaceae	Cryptococcus	Cryptococcus_neoformans	NR_130682	5207	6.33e-114	407.0	99.561	100.0	228	True	candidate_available	Eukaryota	Basidiomycota	Tremellomycetes	Tremellales	Cryptococcaceae	Cryptococcus	Cryptococcus_neoformans	NR_165941	Cryptococcus_gattii	6.33e-114	407.0	99.561	100	True	True	Fungi	Basidiomycota	Tremellomycetes	Tremellales	Cryptococcaceae	Cryptococcus	Cryptococcus_neoformans	k__Fungi; p__Basidiomycota; c__Tremellomycetes; o__Tremellales; f__Cryptococcaceae; g__Cryptococcus; s__Cryptococcus_neoformans	qiime_species_retained	QIIME already had a species-level assignment.
b52a1a66de4c1b1ac1df6e2151141f35	k__Fungi	k__Fungi; p__Fungi_k; c__Fungi_k; o__Fungi_k; f__Fungi_k; g__Fungi_k; s__Fungi_k	1.0000000000000087	1.0000000000000089	Fungi	Fungi_k	Fungi_k	Fungi_k	Fungi_k	Fungi_k	Fungi_k																							False	False	Fungi	Fungi_k	Fungi_k	Fungi_k	Fungi_k	Fungi_k	Fungi_k	k__Fungi; p__Fungi_k; c__Fungi_k; o__Fungi_k; f__Fungi_k; g__Fungi_k; s__Fungi_k	qiime_genus_unresolved	QIIME genus was unresolved.
bf60bfa70e65550fe55e453011d1dc47	k__Fungi	k__Fungi; p__Fungi_k; c__Fungi_k; o__Fungi_k; f__Fungi_k; g__Fungi_k; s__Fungi_k	1.0000000000000138	1.0000000000000138	Fungi	Fungi_k	Fungi_k	Fungi_k	Fungi_k	Fungi_k	Fungi_k																							False	False	Fungi	Fungi_k	Fungi_k	Fungi_k	Fungi_k	Fungi_k	Fungi_k	k__Fungi; p__Fungi_k; c__Fungi_k; o__Fungi_k; f__Fungi_k; g__Fungi_k; s__Fungi_k	qiime_genus_unresolved	QIIME genus was unresolved.
1b0ea89e8460365693bf9a78cd7193ef	k__Fungi	k__Fungi; p__Fungi_k; c__Fungi_k; o__Fungi_k; f__Fungi_k; g__Fungi_k; s__Fungi_k	1.0000000000000093	1.000000000000009	Fungi	Fungi_k	Fungi_k	Fungi_k	Fungi_k	Fungi_k	Fungi_k																							False	False	Fungi	Fungi_k	Fungi_k	Fungi_k	Fungi_k	Fungi_k	Fungi_k	k__Fungi; p__Fungi_k; c__Fungi_k; o__Fungi_k; f__Fungi_k; g__Fungi_k; s__Fungi_k	qiime_genus_unresolved	QIIME genus was unresolved.
f9e0459672e12d102a630e4436ffb437	k__Fungi;p__Basidiomycota;c__Agaricomycetes;o__Agaricales;f__Psathyrellaceae;g__Candolleomyces	k__Fungi; p__Basidiomycota; c__Agaricomycetes; o__Agaricales; f__Psathyrellaceae; g__Candolleomyces; s__Candolleomyces_g	0.9629005137213285	0.9629005137213285	Fungi	Basidiomycota	Agaricomycetes	Agaricales	Psathyrellaceae	Candolleomyces	Candolleomyces_g																							False	False	Fungi	Basidiomycota	Agaricomycetes	Agaricales	Psathyrellaceae	Candolleomyces	Candolleomyces_g	k__Fungi; p__Basidiomycota; c__Agaricomycetes; o__Agaricales; f__Psathyrellaceae; g__Candolleomyces; s__Candolleomyces_g	no_eligible_blast_hit	No strict BLAST candidate was available.
d17228a9992e50708dfe3ab981c02b40	k__Fungi;p__Ascomycota	k__Fungi; p__Ascomycota; c__Ascomycota_p; o__Ascomycota_p; f__Ascomycota_p; g__Ascomycota_p; s__Ascomycota_p	0.9070926004730602	0.9070926004730602	Fungi	Ascomycota	Ascomycota_p	Ascomycota_p	Ascomycota_p	Ascomycota_p	Ascomycota_p	NR_077145	5076	4.74e-155	544.0	100.0	100.0	301	True	candidate_available	Eukaryota	Ascomycota	Eurotiomycetes	Eurotiales	Aspergillaceae	Penicillium	Penicillium_chrysogenum	NR_103695	Penicillium_flavigenum	4.74e-155	544.0	100.0	100	True	False	Fungi	Ascomycota	Ascomycota_p	Ascomycota_p	Ascomycota_p	Ascomycota_p	Ascomycota_p	k__Fungi; p__Ascomycota; c__Ascomycota_p; o__Ascomycota_p; f__Ascomycota_p; g__Ascomycota_p; s__Ascomycota_p	qiime_genus_unresolved	QIIME genus was unresolved.
429ef104fcabfbb4b403c2c09309eadf	k__Fungi;p__Ascomycota;c__Eurotiomycetes;o__Eurotiales;f__Aspergillaceae;g__Penicillium;s__Penicillium_sumatraense	k__Fungi; p__Ascomycota; c__Eurotiomycetes; o__Eurotiales; f__Aspergillaceae; g__Penicillium; s__Penicillium_sumatraense	0.7522422670077402	0.7522422670077402	Fungi	Ascomycota	Eurotiomycetes	Eurotiales	Aspergillaceae	Penicillium	Penicillium_sumatraense	NR_119812	70558	6.33e-114	407.0	99.561	100.0	228	False	candidate_available	Eukaryota	Ascomycota	Eurotiomycetes	Eurotiales	Aspergillaceae	Penicillium	Penicillium_sumatraense	NR_153214	Penicillium_meleagrinum	7.71e-113	404.0	99.558	99	True	True	Fungi	Ascomycota	Eurotiomycetes	Eurotiales	Aspergillaceae	Penicillium	Penicillium_sumatraense	k__Fungi; p__Ascomycota; c__Eurotiomycetes; o__Eurotiales; f__Aspergillaceae; g__Penicillium; s__Penicillium_sumatraense	qiime_species_retained	QIIME already had a species-level assignment.
a65c458a2eaee29b99fc1cc9465e919e	k__Fungi;p__Ascomycota	k__Fungi; p__Ascomycota; c__Ascomycota_p; o__Ascomycota_p; f__Ascomycota_p; g__Ascomycota_p; s__Ascomycota_p	0.9999999860543438	0.9999999860543438	Fungi	Ascomycota	Ascomycota_p	Ascomycota_p	Ascomycota_p	Ascomycota_p	Ascomycota_p	NR_111530	887084	7.71e-113	403.0	99.123	100.0	228	True	candidate_available	Eukaryota	Ascomycota	Dothideomycetes	Cladosporiales	Cladosporiaceae	Cladosporium	Cladosporium_angustisporum	NR_111532	Cladosporium_exile	7.71e-113	403.0	99.123	100	True	False	Fungi	Ascomycota	Ascomycota_p	Ascomycota_p	Ascomycota_p	Ascomycota_p	Ascomycota_p	k__Fungi; p__Ascomycota; c__Ascomycota_p; o__Ascomycota_p; f__Ascomycota_p; g__Ascomycota_p; s__Ascomycota_p	qiime_genus_unresolved	QIIME genus was unresolved.
f995e145056827d946990165fee89f13	k__Fungi	k__Fungi; p__Fungi_k; c__Fungi_k; o__Fungi_k; f__Fungi_k; g__Fungi_k; s__Fungi_k	0.9999999999999939	0.999999999999994	Fungi	Fungi_k	Fungi_k	Fungi_k	Fungi_k	Fungi_k	Fungi_k																							False	False	Fungi	Fungi_k	Fungi_k	Fungi_k	Fungi_k	Fungi_k	Fungi_k	k__Fungi; p__Fungi_k; c__Fungi_k; o__Fungi_k; f__Fungi_k; g__Fungi_k; s__Fungi_k	qiime_genus_unresolved	QIIME genus was unresolved.
6734e9cf02163049e17ba80c6b32c086	k__Fungi	k__Fungi; p__Fungi_k; c__Fungi_k; o__Fungi_k; f__Fungi_k; g__Fungi_k; s__Fungi_k	1.0000000000000069	1.0000000000000069	Fungi	Fungi_k	Fungi_k	Fungi_k	Fungi_k	Fungi_k	Fungi_k																							False	False	Fungi	Fungi_k	Fungi_k	Fungi_k	Fungi_k	Fungi_k	Fungi_k	k__Fungi; p__Fungi_k; c__Fungi_k; o__Fungi_k; f__Fungi_k; g__Fungi_k; s__Fungi_k	qiime_genus_unresolved	QIIME genus was unresolved.
0901d27d4685ab03d4aa96618f51bbc4	k__Fungi;p__Ascomycota	k__Fungi; p__Ascomycota; c__Ascomycota_p; o__Ascomycota_p; f__Ascomycota_p; g__Ascomycota_p; s__Ascomycota_p	0.7263251412464231	0.7263251412464231	Fungi	Ascomycota	Ascomycota_p	Ascomycota_p	Ascomycota_p	Ascomycota_p	Ascomycota_p																							False	False	Fungi	Ascomycota	Ascomycota_p	Ascomycota_p	Ascomycota_p	Ascomycota_p	Ascomycota_p	k__Fungi; p__Ascomycota; c__Ascomycota_p; o__Ascomycota_p; f__Ascomycota_p; g__Ascomycota_p; s__Ascomycota_p	qiime_genus_unresolved	QIIME genus was unresolved.
d25e7da93e6b99dc8a029aa614772d33	k__Fungi;p__Ascomycota	k__Fungi; p__Ascomycota; c__Ascomycota_p; o__Ascomycota_p; f__Ascomycota_p; g__Ascomycota_p; s__Ascomycota_p	0.7530424013178127	0.7530424013178127	Fungi	Ascomycota	Ascomycota_p	Ascomycota_p	Ascomycota_p	Ascomycota_p	Ascomycota_p																							False	False	Fungi	Ascomycota	Ascomycota_p	Ascomycota_p	Ascomycota_p	Ascomycota_p	Ascomycota_p	k__Fungi; p__Ascomycota; c__Ascomycota_p; o__Ascomycota_p; f__Ascomycota_p; g__Ascomycota_p; s__Ascomycota_p	qiime_genus_unresolved	QIIME genus was unresolved.
3055f49397f6797b6af3d93deaed571e	k__Fungi;p__Basidiomycota;c__Microbotryomycetes;o__Sporidiobolales;f__Sporidiobolaceae;g__Rhodotorula;s__Rhodotorula_mucilaginosa;sh__SH1231669.10FU	k__Fungi; p__Basidiomycota; c__Microbotryomycetes; o__Sporidiobolales; f__Sporidiobolaceae; g__Rhodotorula; s__Rhodotorula_mucilaginosa	0.989085703998107	0.989085703998107	Fungi	Basidiomycota	Microbotryomycetes	Sporidiobolales	Sporidiobolaceae	Rhodotorula	Rhodotorula_mucilaginosa	NR_073296	5537	6.24e-114	407.0	100.0	100.0	225	True	candidate_available	Eukaryota	Basidiomycota	Microbotryomycetes	Sporidiobolales	Sporidiobolaceae	Rhodotorula	Rhodotorula_mucilaginosa	NR_189977	Rhodotorula_mackellarae	6.24e-114	407.0	100.0	100	True	True	Fungi	Basidiomycota	Microbotryomycetes	Sporidiobolales	Sporidiobolaceae	Rhodotorula	Rhodotorula_mucilaginosa	k__Fungi; p__Basidiomycota; c__Microbotryomycetes; o__Sporidiobolales; f__Sporidiobolaceae; g__Rhodotorula; s__Rhodotorula_mucilaginosa	qiime_species_retained	QIIME already had a species-level assignment.
6ea70f7a936fb3c83b92541a31d0699e	k__Fungi	k__Fungi; p__Fungi_k; c__Fungi_k; o__Fungi_k; f__Fungi_k; g__Fungi_k; s__Fungi_k	0.9999999999999982	0.9999999999999982	Fungi	Fungi_k	Fungi_k	Fungi_k	Fungi_k	Fungi_k	Fungi_k																							False	False	Fungi	Fungi_k	Fungi_k	Fungi_k	Fungi_k	Fungi_k	Fungi_k	k__Fungi; p__Fungi_k; c__Fungi_k; o__Fungi_k; f__Fungi_k; g__Fungi_k; s__Fungi_k	qiime_genus_unresolved	QIIME genus was unresolved.
90c790cd51b041fe427de8b5a8538108	k__Fungi;p__Ascomycota	k__Fungi; p__Ascomycota; c__Ascomycota_p; o__Ascomycota_p; f__Ascomycota_p; g__Ascomycota_p; s__Ascomycota_p	0.7771362015729117	0.7771362015729117	Fungi	Ascomycota	Ascomycota_p	Ascomycota_p	Ascomycota_p	Ascomycota_p	Ascomycota_p																							False	False	Fungi	Ascomycota	Ascomycota_p	Ascomycota_p	Ascomycota_p	Ascomycota_p	Ascomycota_p	k__Fungi; p__Ascomycota; c__Ascomycota_p; o__Ascomycota_p; f__Ascomycota_p; g__Ascomycota_p; s__Ascomycota_p	qiime_genus_unresolved	QIIME genus was unresolved.
bd59c047dfd8722ab82188dd160d6676	k__Fungi;p__Ascomycota	k__Fungi; p__Ascomycota; c__Ascomycota_p; o__Ascomycota_p; f__Ascomycota_p; g__Ascomycota_p; s__Ascomycota_p	0.7864652136973059	0.7864652136973059	Fungi	Ascomycota	Ascomycota_p	Ascomycota_p	Ascomycota_p	Ascomycota_p	Ascomycota_p																							False	False	Fungi	Ascomycota	Ascomycota_p	Ascomycota_p	Ascomycota_p	Ascomycota_p	Ascomycota_p	k__Fungi; p__Ascomycota; c__Ascomycota_p; o__Ascomycota_p; f__Ascomycota_p; g__Ascomycota_p; s__Ascomycota_p	qiime_genus_unresolved	QIIME genus was unresolved.
c73a84e1852214049db88e6e75e7fcd5	k__Fungi;p__Ascomycota	k__Fungi; p__Ascomycota; c__Ascomycota_p; o__Ascomycota_p; f__Ascomycota_p; g__Ascomycota_p; s__Ascomycota_p	0.71670860591309	0.71670860591309	Fungi	Ascomycota	Ascomycota_p	Ascomycota_p	Ascomycota_p	Ascomycota_p	Ascomycota_p																							False	False	Fungi	Ascomycota	Ascomycota_p	Ascomycota_p	Ascomycota_p	Ascomycota_p	Ascomycota_p	k__Fungi; p__Ascomycota; c__Ascomycota_p; o__Ascomycota_p; f__Ascomycota_p; g__Ascomycota_p; s__Ascomycota_p	qiime_genus_unresolved	QIIME genus was unresolved.
c9e7884f1c2075801461d85650da4f8d	k__Fungi	k__Fungi; p__Fungi_k; c__Fungi_k; o__Fungi_k; f__Fungi_k; g__Fungi_k; s__Fungi_k	0.9999999999999978	0.9999999999999978	Fungi	Fungi_k	Fungi_k	Fungi_k	Fungi_k	Fungi_k	Fungi_k																							False	False	Fungi	Fungi_k	Fungi_k	Fungi_k	Fungi_k	Fungi_k	Fungi_k	k__Fungi; p__Fungi_k; c__Fungi_k; o__Fungi_k; f__Fungi_k; g__Fungi_k; s__Fungi_k	qiime_genus_unresolved	QIIME genus was unresolved.
b59d253253520539b9365d889477b441	k__Fungi	k__Fungi; p__Fungi_k; c__Fungi_k; o__Fungi_k; f__Fungi_k; g__Fungi_k; s__Fungi_k	1.0000000000000004	1.0000000000000004	Fungi	Fungi_k	Fungi_k	Fungi_k	Fungi_k	Fungi_k	Fungi_k																							False	False	Fungi	Fungi_k	Fungi_k	Fungi_k	Fungi_k	Fungi_k	Fungi_k	k__Fungi; p__Fungi_k; c__Fungi_k; o__Fungi_k; f__Fungi_k; g__Fungi_k; s__Fungi_k	qiime_genus_unresolved	QIIME genus was unresolved.
56b3fd0a76a57716fa9dc86ef499f86a	k__Fungi;p__Ascomycota	k__Fungi; p__Ascomycota; c__Ascomycota_p; o__Ascomycota_p; f__Ascomycota_p; g__Ascomycota_p; s__Ascomycota_p	0.8290238723617521	0.8290238723617521	Fungi	Ascomycota	Ascomycota_p	Ascomycota_p	Ascomycota_p	Ascomycota_p	Ascomycota_p																							False	False	Fungi	Ascomycota	Ascomycota_p	Ascomycota_p	Ascomycota_p	Ascomycota_p	Ascomycota_p	k__Fungi; p__Ascomycota; c__Ascomycota_p; o__Ascomycota_p; f__Ascomycota_p; g__Ascomycota_p; s__Ascomycota_p	qiime_genus_unresolved	QIIME genus was unresolved.
593628bb9050300495d659b459fd5aa3	k__Fungi	k__Fungi; p__Fungi_k; c__Fungi_k; o__Fungi_k; f__Fungi_k; g__Fungi_k; s__Fungi_k	0.9999999999999962	0.9999999999999962	Fungi	Fungi_k	Fungi_k	Fungi_k	Fungi_k	Fungi_k	Fungi_k																							False	False	Fungi	Fungi_k	Fungi_k	Fungi_k	Fungi_k	Fungi_k	Fungi_k	k__Fungi; p__Fungi_k; c__Fungi_k; o__Fungi_k; f__Fungi_k; g__Fungi_k; s__Fungi_k	qiime_genus_unresolved	QIIME genus was unresolved.
21feee196968505b63639074b75a7d27	k__Fungi;p__Ascomycota;c__Saccharomycetes;o__Saccharomycetales;f__Saccharomycetaceae;g__Kazachstania;s__Kazachstania_servazzii;sh__SH1277533.10FU	k__Fungi; p__Ascomycota; c__Saccharomycetes; o__Saccharomycetales; f__Saccharomycetaceae; g__Kazachstania; s__Kazachstania_servazzii	0.9951658728646839	0.995165872864684	Fungi	Ascomycota	Saccharomycetes	Saccharomycetales	Saccharomycetaceae	Kazachstania	Kazachstania_servazzii	NR_138193	27293	6.33e-114	407.0	99.561	100.0	228	False	candidate_available	Eukaryota	Ascomycota	Saccharomycetes	Saccharomycetales	Saccharomycetaceae	Monosporozyma	Monosporozyma_servazzii							True	False	Fungi	Ascomycota	Saccharomycetes	Saccharomycetales	Saccharomycetaceae	Kazachstania	Kazachstania_servazzii	k__Fungi; p__Ascomycota; c__Saccharomycetes; o__Saccharomycetales; f__Saccharomycetaceae; g__Kazachstania; s__Kazachstania_servazzii	qiime_species_retained	QIIME already had a species-level assignment.
51274328fae601e51cb78952f19c2422	k__Fungi;p__Ascomycota;c__Leotiomycetes;o__Helotiales	k__Fungi; p__Ascomycota; c__Leotiomycetes; o__Helotiales; f__Helotiales_o; g__Helotiales_o; s__Helotiales_o	0.800799601549424	0.800799601549424	Fungi	Ascomycota	Leotiomycetes	Helotiales	Helotiales_o	Helotiales_o	Helotiales_o																							False	False	Fungi	Ascomycota	Leotiomycetes	Helotiales	Helotiales_o	Helotiales_o	Helotiales_o	k__Fungi; p__Ascomycota; c__Leotiomycetes; o__Helotiales; f__Helotiales_o; g__Helotiales_o; s__Helotiales_o	qiime_genus_unresolved	QIIME genus was unresolved.
28545e23c1f29aea79e54c2490f42375	k__Fungi;p__Ascomycota	k__Fungi; p__Ascomycota; c__Ascomycota_p; o__Ascomycota_p; f__Ascomycota_p; g__Ascomycota_p; s__Ascomycota_p	0.8437121510333081	0.8437121510333081	Fungi	Ascomycota	Ascomycota_p	Ascomycota_p	Ascomycota_p	Ascomycota_p	Ascomycota_p	NR_165941	37769	7.04e-153	537.0	99.669	100.0	302	False	candidate_available	Eukaryota	Basidiomycota	Tremellomycetes	Tremellales	Cryptococcaceae	Cryptococcus	Cryptococcus_gattii	NR_171785	Cryptococcus_neoformans	2.46e-152	535.0	100.0	98	True	False	Fungi	Ascomycota	Ascomycota_p	Ascomycota_p	Ascomycota_p	Ascomycota_p	Ascomycota_p	k__Fungi; p__Ascomycota; c__Ascomycota_p; o__Ascomycota_p; f__Ascomycota_p; g__Ascomycota_p; s__Ascomycota_p	qiime_genus_unresolved	QIIME genus was unresolved.
fcbc999ca804479fd39bdcaef8c7c1c0	k__Fungi;p__Ascomycota;c__Eurotiomycetes;o__Eurotiales;f__Aspergillaceae;g__Aspergillus;s__Aspergillus_sp	k__Fungi; p__Ascomycota; c__Eurotiomycetes; o__Eurotiales; f__Aspergillaceae; g__Aspergillus; s__Aspergillus_g	0.854051233064071	0.854051233064071	Fungi	Ascomycota	Eurotiomycetes	Eurotiales	Aspergillaceae	Aspergillus	Aspergillus_g	NR_111348	5061	6.33e-114	407.0	99.561	100.0	228	True	candidate_available	Eukaryota	Ascomycota	Eurotiomycetes	Eurotiales	Aspergillaceae	Aspergillus	Aspergillus_niger	NR_137513	Aspergillus_welwitschiae	6.33e-114	407.0	99.561	100	True	True	Fungi	Ascomycota	Eurotiomycetes	Eurotiales	Aspergillaceae	Aspergillus	Aspergillus_g	k__Fungi; p__Ascomycota; c__Eurotiomycetes; o__Eurotiales; f__Aspergillaceae; g__Aspergillus; s__Aspergillus_g	ambiguous_blast_hit	Top 1 and Top 2 had exact score ties but different species.
0768181f519364a9439b4901c0812f7d	k__Fungi	k__Fungi; p__Fungi_k; c__Fungi_k; o__Fungi_k; f__Fungi_k; g__Fungi_k; s__Fungi_k	1.0000000000000002	1.0000000000000002	Fungi	Fungi_k	Fungi_k	Fungi_k	Fungi_k	Fungi_k	Fungi_k																							False	False	Fungi	Fungi_k	Fungi_k	Fungi_k	Fungi_k	Fungi_k	Fungi_k	k__Fungi; p__Fungi_k; c__Fungi_k; o__Fungi_k; f__Fungi_k; g__Fungi_k; s__Fungi_k	qiime_genus_unresolved	QIIME genus was unresolved.
c37e09b9fad0c4eba3557a245868649d	k__Fungi;p__Ascomycota	k__Fungi; p__Ascomycota; c__Ascomycota_p; o__Ascomycota_p; f__Ascomycota_p; g__Ascomycota_p; s__Ascomycota_p	0.7682206524219672	0.7682206524219672	Fungi	Ascomycota	Ascomycota_p	Ascomycota_p	Ascomycota_p	Ascomycota_p	Ascomycota_p																							False	False	Fungi	Ascomycota	Ascomycota_p	Ascomycota_p	Ascomycota_p	Ascomycota_p	Ascomycota_p	k__Fungi; p__Ascomycota; c__Ascomycota_p; o__Ascomycota_p; f__Ascomycota_p; g__Ascomycota_p; s__Ascomycota_p	qiime_genus_unresolved	QIIME genus was unresolved.
c4f98e0590c3c3c748b905428148ad3a	k__Fungi	k__Fungi; p__Fungi_k; c__Fungi_k; o__Fungi_k; f__Fungi_k; g__Fungi_k; s__Fungi_k	0.999999999999998	0.999999999999998	Fungi	Fungi_k	Fungi_k	Fungi_k	Fungi_k	Fungi_k	Fungi_k																							False	False	Fungi	Fungi_k	Fungi_k	Fungi_k	Fungi_k	Fungi_k	Fungi_k	k__Fungi; p__Fungi_k; c__Fungi_k; o__Fungi_k; f__Fungi_k; g__Fungi_k; s__Fungi_k	qiime_genus_unresolved	QIIME genus was unresolved.
5508856d9d35057c551dd5960df94f40	k__Fungi	k__Fungi; p__Fungi_k; c__Fungi_k; o__Fungi_k; f__Fungi_k; g__Fungi_k; s__Fungi_k	1.0000000000000129	1.0000000000000129	Fungi	Fungi_k	Fungi_k	Fungi_k	Fungi_k	Fungi_k	Fungi_k																							False	False	Fungi	Fungi_k	Fungi_k	Fungi_k	Fungi_k	Fungi_k	Fungi_k	k__Fungi; p__Fungi_k; c__Fungi_k; o__Fungi_k; f__Fungi_k; g__Fungi_k; s__Fungi_k	qiime_genus_unresolved	QIIME genus was unresolved.
22381edf2faa88f0c0f8bece81941d9f	k__Fungi;p__Basidiomycota;c__Agaricomycetes;o__Trechisporales;f__Hydnodontaceae;g__Trechispora;s__Trechispora_sp;sh__SH1170522.10FU	k__Fungi; p__Basidiomycota; c__Agaricomycetes; o__Trechisporales; f__Hydnodontaceae; g__Trechispora; s__Trechispora_g	0.9424385551288882	0.9424385551288882	Fungi	Basidiomycota	Agaricomycetes	Trechisporales	Hydnodontaceae	Trechispora	Trechispora_g																							False	False	Fungi	Basidiomycota	Agaricomycetes	Trechisporales	Hydnodontaceae	Trechispora	Trechispora_g	k__Fungi; p__Basidiomycota; c__Agaricomycetes; o__Trechisporales; f__Hydnodontaceae; g__Trechispora; s__Trechispora_g	no_eligible_blast_hit	No strict BLAST candidate was available.
b506688e1799c79d472e572c36c88f96	k__Fungi;p__Ascomycota	k__Fungi; p__Ascomycota; c__Ascomycota_p; o__Ascomycota_p; f__Ascomycota_p; g__Ascomycota_p; s__Ascomycota_p	0.7392529689818637	0.7392529689818637	Fungi	Ascomycota	Ascomycota_p	Ascomycota_p	Ascomycota_p	Ascomycota_p	Ascomycota_p																							False	False	Fungi	Ascomycota	Ascomycota_p	Ascomycota_p	Ascomycota_p	Ascomycota_p	Ascomycota_p	k__Fungi; p__Ascomycota; c__Ascomycota_p; o__Ascomycota_p; f__Ascomycota_p; g__Ascomycota_p; s__Ascomycota_p	qiime_genus_unresolved	QIIME genus was unresolved.
6790f42c7414d04cbfca2d0bc9403137	k__Fungi	k__Fungi; p__Fungi_k; c__Fungi_k; o__Fungi_k; f__Fungi_k; g__Fungi_k; s__Fungi_k	1.0000000000000053	1.000000000000005	Fungi	Fungi_k	Fungi_k	Fungi_k	Fungi_k	Fungi_k	Fungi_k																							False	False	Fungi	Fungi_k	Fungi_k	Fungi_k	Fungi_k	Fungi_k	Fungi_k	k__Fungi; p__Fungi_k; c__Fungi_k; o__Fungi_k; f__Fungi_k; g__Fungi_k; s__Fungi_k	qiime_genus_unresolved	QIIME genus was unresolved.
45abd68f253254c6fa3ef6981b6b7e84	k__Fungi	k__Fungi; p__Fungi_k; c__Fungi_k; o__Fungi_k; f__Fungi_k; g__Fungi_k; s__Fungi_k	0.9999999999999942	0.9999999999999942	Fungi	Fungi_k	Fungi_k	Fungi_k	Fungi_k	Fungi_k	Fungi_k																							False	False	Fungi	Fungi_k	Fungi_k	Fungi_k	Fungi_k	Fungi_k	Fungi_k	k__Fungi; p__Fungi_k; c__Fungi_k; o__Fungi_k; f__Fungi_k; g__Fungi_k; s__Fungi_k	qiime_genus_unresolved	QIIME genus was unresolved.
734b3bd502cf4e15ab36e06823ea19d1	k__Fungi	k__Fungi; p__Fungi_k; c__Fungi_k; o__Fungi_k; f__Fungi_k; g__Fungi_k; s__Fungi_k	1.0000000000000064	1.0000000000000064	Fungi	Fungi_k	Fungi_k	Fungi_k	Fungi_k	Fungi_k	Fungi_k																							False	False	Fungi	Fungi_k	Fungi_k	Fungi_k	Fungi_k	Fungi_k	Fungi_k	k__Fungi; p__Fungi_k; c__Fungi_k; o__Fungi_k; f__Fungi_k; g__Fungi_k; s__Fungi_k	qiime_genus_unresolved	QIIME genus was unresolved.
e2d6b080c35429edc1bf79320290191c	k__Fungi	k__Fungi; p__Fungi_k; c__Fungi_k; o__Fungi_k; f__Fungi_k; g__Fungi_k; s__Fungi_k	1.0000000000000027	1.0000000000000029	Fungi	Fungi_k	Fungi_k	Fungi_k	Fungi_k	Fungi_k	Fungi_k																							False	False	Fungi	Fungi_k	Fungi_k	Fungi_k	Fungi_k	Fungi_k	Fungi_k	k__Fungi; p__Fungi_k; c__Fungi_k; o__Fungi_k; f__Fungi_k; g__Fungi_k; s__Fungi_k	qiime_genus_unresolved	QIIME genus was unresolved.
4bc9878d9cb5210bbfa8e56b3f990fe1	k__Fungi;p__Ascomycota	k__Fungi; p__Ascomycota; c__Ascomycota_p; o__Ascomycota_p; f__Ascomycota_p; g__Ascomycota_p; s__Ascomycota_p	0.7376342751174751	0.7376342751174751	Fungi	Ascomycota	Ascomycota_p	Ascomycota_p	Ascomycota_p	Ascomycota_p	Ascomycota_p																							False	False	Fungi	Ascomycota	Ascomycota_p	Ascomycota_p	Ascomycota_p	Ascomycota_p	Ascomycota_p	k__Fungi; p__Ascomycota; c__Ascomycota_p; o__Ascomycota_p; f__Ascomycota_p; g__Ascomycota_p; s__Ascomycota_p	qiime_genus_unresolved	QIIME genus was unresolved.
79b8b59b62b6bcd94537b80830d7f47d	k__Fungi	k__Fungi; p__Fungi_k; c__Fungi_k; o__Fungi_k; f__Fungi_k; g__Fungi_k; s__Fungi_k	0.99999999999999	0.99999999999999	Fungi	Fungi_k	Fungi_k	Fungi_k	Fungi_k	Fungi_k	Fungi_k	NR_130691	5478	3.4200000000000003e-144	508.0	100.0	93.0	281	False	candidate_available	Eukaryota	Ascomycota	Saccharomycetes	Saccharomycetales	Saccharomycetaceae	Nakaseomyces	Nakaseomyces_glabratus							True	False	Fungi	Fungi_k	Fungi_k	Fungi_k	Fungi_k	Fungi_k	Fungi_k	k__Fungi; p__Fungi_k; c__Fungi_k; o__Fungi_k; f__Fungi_k; g__Fungi_k; s__Fungi_k	qiime_genus_unresolved	QIIME genus was unresolved.
0d2a77295862dea2a5fc3940be192278	k__Fungi;p__Ascomycota	k__Fungi; p__Ascomycota; c__Ascomycota_p; o__Ascomycota_p; f__Ascomycota_p; g__Ascomycota_p; s__Ascomycota_p	0.7270111482927919	0.7270111482927919	Fungi	Ascomycota	Ascomycota_p	Ascomycota_p	Ascomycota_p	Ascomycota_p	Ascomycota_p																							False	False	Fungi	Ascomycota	Ascomycota_p	Ascomycota_p	Ascomycota_p	Ascomycota_p	Ascomycota_p	k__Fungi; p__Ascomycota; c__Ascomycota_p; o__Ascomycota_p; f__Ascomycota_p; g__Ascomycota_p; s__Ascomycota_p	qiime_genus_unresolved	QIIME genus was unresolved.
0ae1e837235a2579609ba6290feae7d9	k__Fungi;p__Ascomycota	k__Fungi; p__Ascomycota; c__Ascomycota_p; o__Ascomycota_p; f__Ascomycota_p; g__Ascomycota_p; s__Ascomycota_p	0.801042973317456	0.801042973317456	Fungi	Ascomycota	Ascomycota_p	Ascomycota_p	Ascomycota_p	Ascomycota_p	Ascomycota_p																							False	False	Fungi	Ascomycota	Ascomycota_p	Ascomycota_p	Ascomycota_p	Ascomycota_p	Ascomycota_p	k__Fungi; p__Ascomycota; c__Ascomycota_p; o__Ascomycota_p; f__Ascomycota_p; g__Ascomycota_p; s__Ascomycota_p	qiime_genus_unresolved	QIIME genus was unresolved.
690485dcc88ee46eafca88455c1350fb	k__Fungi	k__Fungi; p__Fungi_k; c__Fungi_k; o__Fungi_k; f__Fungi_k; g__Fungi_k; s__Fungi_k	0.9999999999999903	0.9999999999999905	Fungi	Fungi_k	Fungi_k	Fungi_k	Fungi_k	Fungi_k	Fungi_k																							False	False	Fungi	Fungi_k	Fungi_k	Fungi_k	Fungi_k	Fungi_k	Fungi_k	k__Fungi; p__Fungi_k; c__Fungi_k; o__Fungi_k; f__Fungi_k; g__Fungi_k; s__Fungi_k	qiime_genus_unresolved	QIIME genus was unresolved.
810614b36a07abd1a925d29282f91909	k__Fungi	k__Fungi; p__Fungi_k; c__Fungi_k; o__Fungi_k; f__Fungi_k; g__Fungi_k; s__Fungi_k	0.9999999999999999	1.0	Fungi	Fungi_k	Fungi_k	Fungi_k	Fungi_k	Fungi_k	Fungi_k																							False	False	Fungi	Fungi_k	Fungi_k	Fungi_k	Fungi_k	Fungi_k	Fungi_k	k__Fungi; p__Fungi_k; c__Fungi_k; o__Fungi_k; f__Fungi_k; g__Fungi_k; s__Fungi_k	qiime_genus_unresolved	QIIME genus was unresolved.
ea7f5040ec9eea16e64fd85b2b7d0572	k__Fungi	k__Fungi; p__Fungi_k; c__Fungi_k; o__Fungi_k; f__Fungi_k; g__Fungi_k; s__Fungi_k	1.0000000000000113	1.000000000000011	Fungi	Fungi_k	Fungi_k	Fungi_k	Fungi_k	Fungi_k	Fungi_k																							False	False	Fungi	Fungi_k	Fungi_k	Fungi_k	Fungi_k	Fungi_k	Fungi_k	k__Fungi; p__Fungi_k; c__Fungi_k; o__Fungi_k; f__Fungi_k; g__Fungi_k; s__Fungi_k	qiime_genus_unresolved	QIIME genus was unresolved.
25a303dbf5b2a6790682c1e63eb0bc86	k__Fungi	k__Fungi; p__Fungi_k; c__Fungi_k; o__Fungi_k; f__Fungi_k; g__Fungi_k; s__Fungi_k	0.9999999999999988	0.9999999999999988	Fungi	Fungi_k	Fungi_k	Fungi_k	Fungi_k	Fungi_k	Fungi_k																							False	False	Fungi	Fungi_k	Fungi_k	Fungi_k	Fungi_k	Fungi_k	Fungi_k	k__Fungi; p__Fungi_k; c__Fungi_k; o__Fungi_k; f__Fungi_k; g__Fungi_k; s__Fungi_k	qiime_genus_unresolved	QIIME genus was unresolved.
c736e249da125d2afbdc5153e798f4ff	k__Fungi	k__Fungi; p__Fungi_k; c__Fungi_k; o__Fungi_k; f__Fungi_k; g__Fungi_k; s__Fungi_k	0.9999999999999988	0.9999999999999988	Fungi	Fungi_k	Fungi_k	Fungi_k	Fungi_k	Fungi_k	Fungi_k																							False	False	Fungi	Fungi_k	Fungi_k	Fungi_k	Fungi_k	Fungi_k	Fungi_k	k__Fungi; p__Fungi_k; c__Fungi_k; o__Fungi_k; f__Fungi_k; g__Fungi_k; s__Fungi_k	qiime_genus_unresolved	QIIME genus was unresolved.
eb0a24cde4475b6ba4de24cc713e47bd	k__Fungi;p__Basidiomycota;c__Tremellomycetes;o__Tremellales;f__Cryptococcaceae;g__Cryptococcus;s__Cryptococcus_neoformans;sh__SH1330342.10FU	k__Fungi; p__Basidiomycota; c__Tremellomycetes; o__Tremellales; f__Cryptococcaceae; g__Cryptococcus; s__Cryptococcus_neoformans	0.9874195568210511	0.9874195568210512	Fungi	Basidiomycota	Tremellomycetes	Tremellales	Cryptococcaceae	Cryptococcus	Cryptococcus_neoformans	NR_130682	5207	1.68e-81	298.0	100.0	98.0	165	False	candidate_available	Eukaryota	Basidiomycota	Tremellomycetes	Tremellales	Cryptococcaceae	Cryptococcus	Cryptococcus_neoformans	NR_165941	Cryptococcus_gattii	7.150000000000001e-80	294.0	99.394	98	True	True	Fungi	Basidiomycota	Tremellomycetes	Tremellales	Cryptococcaceae	Cryptococcus	Cryptococcus_neoformans	k__Fungi; p__Basidiomycota; c__Tremellomycetes; o__Tremellales; f__Cryptococcaceae; g__Cryptococcus; s__Cryptococcus_neoformans	qiime_species_retained	QIIME already had a species-level assignment.
424a42c649741aeff084e4e4be42d5e8	k__Fungi	k__Fungi; p__Fungi_k; c__Fungi_k; o__Fungi_k; f__Fungi_k; g__Fungi_k; s__Fungi_k	0.9999999999999917	0.9999999999999916	Fungi	Fungi_k	Fungi_k	Fungi_k	Fungi_k	Fungi_k	Fungi_k																							False	False	Fungi	Fungi_k	Fungi_k	Fungi_k	Fungi_k	Fungi_k	Fungi_k	k__Fungi; p__Fungi_k; c__Fungi_k; o__Fungi_k; f__Fungi_k; g__Fungi_k; s__Fungi_k	qiime_genus_unresolved	QIIME genus was unresolved.
7eb255283c6c52bd61ca80e88b608ef1	k__Fungi;p__Ascomycota	k__Fungi; p__Ascomycota; c__Ascomycota_p; o__Ascomycota_p; f__Ascomycota_p; g__Ascomycota_p; s__Ascomycota_p	0.7843969321112361	0.7843969321112361	Fungi	Ascomycota	Ascomycota_p	Ascomycota_p	Ascomycota_p	Ascomycota_p	Ascomycota_p																							False	False	Fungi	Ascomycota	Ascomycota_p	Ascomycota_p	Ascomycota_p	Ascomycota_p	Ascomycota_p	k__Fungi; p__Ascomycota; c__Ascomycota_p; o__Ascomycota_p; f__Ascomycota_p; g__Ascomycota_p; s__Ascomycota_p	qiime_genus_unresolved	QIIME genus was unresolved.
464e19f539c8d48eeb059761e4076133	k__Fungi	k__Fungi; p__Fungi_k; c__Fungi_k; o__Fungi_k; f__Fungi_k; g__Fungi_k; s__Fungi_k	1.0000000000000064	1.0000000000000064	Fungi	Fungi_k	Fungi_k	Fungi_k	Fungi_k	Fungi_k	Fungi_k																							False	False	Fungi	Fungi_k	Fungi_k	Fungi_k	Fungi_k	Fungi_k	Fungi_k	k__Fungi; p__Fungi_k; c__Fungi_k; o__Fungi_k; f__Fungi_k; g__Fungi_k; s__Fungi_k	qiime_genus_unresolved	QIIME genus was unresolved.
1517c3efbe21dfb398ed386a41eebbb8	k__Fungi	k__Fungi; p__Fungi_k; c__Fungi_k; o__Fungi_k; f__Fungi_k; g__Fungi_k; s__Fungi_k	1.0000000000000122	1.0000000000000122	Fungi	Fungi_k	Fungi_k	Fungi_k	Fungi_k	Fungi_k	Fungi_k																							False	False	Fungi	Fungi_k	Fungi_k	Fungi_k	Fungi_k	Fungi_k	Fungi_k	k__Fungi; p__Fungi_k; c__Fungi_k; o__Fungi_k; f__Fungi_k; g__Fungi_k; s__Fungi_k	qiime_genus_unresolved	QIIME genus was unresolved.
c9724494bb18bcad90882e40457e048a	k__Fungi;p__Ascomycota;c__Saccharomycetes;o__Saccharomycetales;f__Saccharomycetales_fam_Incertae_sedis;g__Candida;s__Candida_albicans;sh__SH1382505.10FU	k__Fungi; p__Ascomycota; c__Saccharomycetes; o__Saccharomycetales; f__Saccharomycetales_fam_Incertae_sedis; g__Candida; s__Candida_albicans	0.9994934939344278	0.9994934939344278	Fungi	Ascomycota	Saccharomycetes	Saccharomycetales	Saccharomycetales_fam_Incertae_sedis	Candida	Candida_albicans	NR_125332	5476	6.33e-114	407.0	99.561	100.0	228	False	candidate_available	Eukaryota	Ascomycota	Pichiomycetes	Serinales	Debaryomycetaceae	Candida	Candida_albicans							True	True	Fungi	Ascomycota	Saccharomycetes	Saccharomycetales	Saccharomycetales_fam_Incertae_sedis	Candida	Candida_albicans	k__Fungi; p__Ascomycota; c__Saccharomycetes; o__Saccharomycetales; f__Saccharomycetales_fam_Incertae_sedis; g__Candida; s__Candida_albicans	qiime_species_retained	QIIME already had a species-level assignment.
1c99b355daab861d42ef02ad4aecd425	k__Fungi	k__Fungi; p__Fungi_k; c__Fungi_k; o__Fungi_k; f__Fungi_k; g__Fungi_k; s__Fungi_k	0.9999999999999948	0.9999999999999948	Fungi	Fungi_k	Fungi_k	Fungi_k	Fungi_k	Fungi_k	Fungi_k																							False	False	Fungi	Fungi_k	Fungi_k	Fungi_k	Fungi_k	Fungi_k	Fungi_k	k__Fungi; p__Fungi_k; c__Fungi_k; o__Fungi_k; f__Fungi_k; g__Fungi_k; s__Fungi_k	qiime_genus_unresolved	QIIME genus was unresolved.
40c28c9bd0d7ff3d3dd7bc907bd4743b	k__Fungi	k__Fungi; p__Fungi_k; c__Fungi_k; o__Fungi_k; f__Fungi_k; g__Fungi_k; s__Fungi_k	1.0000000000000095	1.0000000000000095	Fungi	Fungi_k	Fungi_k	Fungi_k	Fungi_k	Fungi_k	Fungi_k																							False	False	Fungi	Fungi_k	Fungi_k	Fungi_k	Fungi_k	Fungi_k	Fungi_k	k__Fungi; p__Fungi_k; c__Fungi_k; o__Fungi_k; f__Fungi_k; g__Fungi_k; s__Fungi_k	qiime_genus_unresolved	QIIME genus was unresolved.
3d5f170d59af5aa3757284a921c5a385	k__Fungi;p__Basidiomycota;c__Tremellomycetes;o__Trichosporonales;f__Trichosporonaceae;g__Cutaneotrichosporon;s__Cutaneotrichosporon_mucoides;sh__SH1205828.10FU	k__Fungi; p__Basidiomycota; c__Tremellomycetes; o__Trichosporonales; f__Trichosporonaceae; g__Cutaneotrichosporon; s__Cutaneotrichosporon_mucoides	0.8803184357070618	0.8803184357070618	Fungi	Basidiomycota	Tremellomycetes	Trichosporonales	Trichosporonaceae	Cutaneotrichosporon	Cutaneotrichosporon_mucoides	NR_130667	129132	6.33e-114	407.0	99.561	100.0	228	False	candidate_available	Eukaryota	Basidiomycota	Tremellomycetes	Trichosporonales	Trichosporonaceae	Cutaneotrichosporon	Cutaneotrichosporon_dermatis							True	True	Fungi	Basidiomycota	Tremellomycetes	Trichosporonales	Trichosporonaceae	Cutaneotrichosporon	Cutaneotrichosporon_mucoides	k__Fungi; p__Basidiomycota; c__Tremellomycetes; o__Trichosporonales; f__Trichosporonaceae; g__Cutaneotrichosporon; s__Cutaneotrichosporon_mucoides	qiime_species_retained	QIIME already had a species-level assignment.
a4d6aeda4e809ef4f25111f66e15a8ca	k__Fungi;p__Ascomycota	k__Fungi; p__Ascomycota; c__Ascomycota_p; o__Ascomycota_p; f__Ascomycota_p; g__Ascomycota_p; s__Ascomycota_p	0.7038143125188805	0.7038143125188805	Fungi	Ascomycota	Ascomycota_p	Ascomycota_p	Ascomycota_p	Ascomycota_p	Ascomycota_p																							False	False	Fungi	Ascomycota	Ascomycota_p	Ascomycota_p	Ascomycota_p	Ascomycota_p	Ascomycota_p	k__Fungi; p__Ascomycota; c__Ascomycota_p; o__Ascomycota_p; f__Ascomycota_p; g__Ascomycota_p; s__Ascomycota_p	qiime_genus_unresolved	QIIME genus was unresolved.
621f2a9745265d827cc94a1d025b8a38	k__Fungi	k__Fungi; p__Fungi_k; c__Fungi_k; o__Fungi_k; f__Fungi_k; g__Fungi_k; s__Fungi_k	0.9999999999999973	0.9999999999999972	Fungi	Fungi_k	Fungi_k	Fungi_k	Fungi_k	Fungi_k	Fungi_k																							False	False	Fungi	Fungi_k	Fungi_k	Fungi_k	Fungi_k	Fungi_k	Fungi_k	k__Fungi; p__Fungi_k; c__Fungi_k; o__Fungi_k; f__Fungi_k; g__Fungi_k; s__Fungi_k	qiime_genus_unresolved	QIIME genus was unresolved.
d451ec00d290f5d04b65f2b8efdebc57	k__Fungi;p__Ascomycota;c__Saccharomycetes;o__Saccharomycetales;f__Pichiaceae;g__Komagataella;s__Komagataella_phaffii;sh__SH1235229.10FU	k__Fungi; p__Ascomycota; c__Saccharomycetes; o__Saccharomycetales; f__Pichiaceae; g__Komagataella; s__Komagataella_phaffii	0.9113510735416875	0.9113510735416877	Fungi	Ascomycota	Saccharomycetes	Saccharomycetales	Pichiaceae	Komagataella	Komagataella_phaffii																							False	False	Fungi	Ascomycota	Saccharomycetes	Saccharomycetales	Pichiaceae	Komagataella	Komagataella_phaffii	k__Fungi; p__Ascomycota; c__Saccharomycetes; o__Saccharomycetales; f__Pichiaceae; g__Komagataella; s__Komagataella_phaffii	qiime_species_retained	QIIME already had a species-level assignment.
4aae9ea7e4bfc0aaa35d3772535cb612	k__Fungi;p__Basidiomycota;c__Agaricomycetes;o__Polyporales;f__Irpicaceae;g__Irpex;s__Irpex_hacksungii;sh__SH1080352.10FU	k__Fungi; p__Basidiomycota; c__Agaricomycetes; o__Polyporales; f__Irpicaceae; g__Irpex; s__Irpex_hacksungii	0.9879234838008426	0.9879234838008426	Fungi	Basidiomycota	Agaricomycetes	Polyporales	Irpicaceae	Irpex	Irpex_hacksungii																							False	False	Fungi	Basidiomycota	Agaricomycetes	Polyporales	Irpicaceae	Irpex	Irpex_hacksungii	k__Fungi; p__Basidiomycota; c__Agaricomycetes; o__Polyporales; f__Irpicaceae; g__Irpex; s__Irpex_hacksungii	qiime_species_retained	QIIME already had a species-level assignment.
8fa01d73021156ed6e2382e0d80dec3a	k__Fungi;p__Ascomycota;c__Saccharomycetes;o__Saccharomycetales;f__Saccharomycetales_fam_Incertae_sedis;g__Candida;s__Candida_albicans;sh__SH1382505.10FU	k__Fungi; p__Ascomycota; c__Saccharomycetes; o__Saccharomycetales; f__Saccharomycetales_fam_Incertae_sedis; g__Candida; s__Candida_albicans	0.9996736454682961	0.999673645468296	Fungi	Ascomycota	Saccharomycetes	Saccharomycetales	Saccharomycetales_fam_Incertae_sedis	Candida	Candida_albicans	NR_125332	5476	6.33e-114	407.0	99.561	100.0	228	False	candidate_available	Eukaryota	Ascomycota	Pichiomycetes	Serinales	Debaryomycetaceae	Candida	Candida_albicans							True	True	Fungi	Ascomycota	Saccharomycetes	Saccharomycetales	Saccharomycetales_fam_Incertae_sedis	Candida	Candida_albicans	k__Fungi; p__Ascomycota; c__Saccharomycetes; o__Saccharomycetales; f__Saccharomycetales_fam_Incertae_sedis; g__Candida; s__Candida_albicans	qiime_species_retained	QIIME already had a species-level assignment.
29555bd5b7d79e088911358e619af0af	k__Fungi	k__Fungi; p__Fungi_k; c__Fungi_k; o__Fungi_k; f__Fungi_k; g__Fungi_k; s__Fungi_k	1.000000000000002	1.000000000000002	Fungi	Fungi_k	Fungi_k	Fungi_k	Fungi_k	Fungi_k	Fungi_k																							False	False	Fungi	Fungi_k	Fungi_k	Fungi_k	Fungi_k	Fungi_k	Fungi_k	k__Fungi; p__Fungi_k; c__Fungi_k; o__Fungi_k; f__Fungi_k; g__Fungi_k; s__Fungi_k	qiime_genus_unresolved	QIIME genus was unresolved.
a264df5dbe2ffe5b564231684a02d56d	k__Fungi;p__Ascomycota;c__Saccharomycetes;o__Saccharomycetales;f__Debaryomycetaceae;g__Debaryomyces;s__Debaryomyces_delbrueckii;sh__SH1374157.10FU	k__Fungi; p__Ascomycota; c__Saccharomycetes; o__Saccharomycetales; f__Debaryomycetaceae; g__Debaryomyces; s__Debaryomyces_delbrueckii	0.7679056190945494	0.7679056190945494	Fungi	Ascomycota	Saccharomycetes	Saccharomycetales	Debaryomycetaceae	Debaryomyces	Debaryomyces_delbrueckii	NR_111257	4950	6.33e-114	407.0	99.561	100.0	228	False	candidate_available	Eukaryota	Ascomycota	Saccharomycetes	Saccharomycetales	Saccharomycetaceae	Torulaspora	Torulaspora_delbrueckii	NR_138200	Torulaspora_pretoriensis	2.69e-112	401.0	99.119	99	True	False	Fungi	Ascomycota	Saccharomycetes	Saccharomycetales	Debaryomycetaceae	Debaryomyces	Debaryomyces_delbrueckii	k__Fungi; p__Ascomycota; c__Saccharomycetes; o__Saccharomycetales; f__Debaryomycetaceae; g__Debaryomyces; s__Debaryomyces_delbrueckii	qiime_species_retained	QIIME already had a species-level assignment.
d3d0cebd4289cec189f3d8079a0de58e	k__Fungi;p__Ascomycota;c__Saccharomycetes;o__Saccharomycetales;f__Saccharomycetales_fam_Incertae_sedis;g__Candida;s__Candida_albicans;sh__SH1382505.10FU	k__Fungi; p__Ascomycota; c__Saccharomycetes; o__Saccharomycetales; f__Saccharomycetales_fam_Incertae_sedis; g__Candida; s__Candida_albicans	0.9989329764961209	0.9989329764961208	Fungi	Ascomycota	Saccharomycetes	Saccharomycetales	Saccharomycetales_fam_Incertae_sedis	Candida	Candida_albicans	NR_125332	5476	6.33e-114	407.0	99.561	100.0	228	False	candidate_available	Eukaryota	Ascomycota	Pichiomycetes	Serinales	Debaryomycetaceae	Candida	Candida_albicans							True	True	Fungi	Ascomycota	Saccharomycetes	Saccharomycetales	Saccharomycetales_fam_Incertae_sedis	Candida	Candida_albicans	k__Fungi; p__Ascomycota; c__Saccharomycetes; o__Saccharomycetales; f__Saccharomycetales_fam_Incertae_sedis; g__Candida; s__Candida_albicans	qiime_species_retained	QIIME already had a species-level assignment.
754268c86474386269e578a4eb485b8a	k__Fungi;p__Ascomycota;c__Saccharomycetes;o__Saccharomycetales;f__Saccharomycetales_fam_Incertae_sedis;g__Candida;s__Candida_albicans;sh__SH1382505.10FU	k__Fungi; p__Ascomycota; c__Saccharomycetes; o__Saccharomycetales; f__Saccharomycetales_fam_Incertae_sedis; g__Candida; s__Candida_albicans	0.9995834916675475	0.9995834916675476	Fungi	Ascomycota	Saccharomycetes	Saccharomycetales	Saccharomycetales_fam_Incertae_sedis	Candida	Candida_albicans	NR_125332	5476	6.33e-114	407.0	99.561	100.0	228	False	candidate_available	Eukaryota	Ascomycota	Pichiomycetes	Serinales	Debaryomycetaceae	Candida	Candida_albicans							True	True	Fungi	Ascomycota	Saccharomycetes	Saccharomycetales	Saccharomycetales_fam_Incertae_sedis	Candida	Candida_albicans	k__Fungi; p__Ascomycota; c__Saccharomycetes; o__Saccharomycetales; f__Saccharomycetales_fam_Incertae_sedis; g__Candida; s__Candida_albicans	qiime_species_retained	QIIME already had a species-level assignment.
4ff375ae9b66ece9a7f74f5a13354b9d	k__Fungi	k__Fungi; p__Fungi_k; c__Fungi_k; o__Fungi_k; f__Fungi_k; g__Fungi_k; s__Fungi_k	0.999999999999993	0.999999999999993	Fungi	Fungi_k	Fungi_k	Fungi_k	Fungi_k	Fungi_k	Fungi_k																							False	False	Fungi	Fungi_k	Fungi_k	Fungi_k	Fungi_k	Fungi_k	Fungi_k	k__Fungi; p__Fungi_k; c__Fungi_k; o__Fungi_k; f__Fungi_k; g__Fungi_k; s__Fungi_k	qiime_genus_unresolved	QIIME genus was unresolved.
8d3e05b052f65c88c539505f87882851	k__Fungi;p__Ascomycota	k__Fungi; p__Ascomycota; c__Ascomycota_p; o__Ascomycota_p; f__Ascomycota_p; g__Ascomycota_p; s__Ascomycota_p	0.8344029106375928	0.8344029106375928	Fungi	Ascomycota	Ascomycota_p	Ascomycota_p	Ascomycota_p	Ascomycota_p	Ascomycota_p																							False	False	Fungi	Ascomycota	Ascomycota_p	Ascomycota_p	Ascomycota_p	Ascomycota_p	Ascomycota_p	k__Fungi; p__Ascomycota; c__Ascomycota_p; o__Ascomycota_p; f__Ascomycota_p; g__Ascomycota_p; s__Ascomycota_p	qiime_genus_unresolved	QIIME genus was unresolved.
e160892fa06aeac24cede5fd0d9fac0c	k__Fungi;p__Ascomycota;c__Saccharomycetes;o__Saccharomycetales;f__Pichiaceae;g__Pichia;s__Pichia_kudriavzevii;sh__SH1293245.10FU	k__Fungi; p__Ascomycota; c__Saccharomycetes; o__Saccharomycetales; f__Pichiaceae; g__Pichia; s__Pichia_kudriavzevii	0.9479928101522828	0.9479928101522828	Fungi	Ascomycota	Saccharomycetes	Saccharomycetales	Pichiaceae	Pichia	Pichia_kudriavzevii	NR_131315	4909	2.46e-152	535.0	99.336	100.0	301	False	candidate_available	Eukaryota	Ascomycota	Pichiomycetes	Pichiales	Pichiaceae	Pichia	Pichia_kudriavzevii							True	True	Fungi	Ascomycota	Saccharomycetes	Saccharomycetales	Pichiaceae	Pichia	Pichia_kudriavzevii	k__Fungi; p__Ascomycota; c__Saccharomycetes; o__Saccharomycetales; f__Pichiaceae; g__Pichia; s__Pichia_kudriavzevii	qiime_species_retained	QIIME already had a species-level assignment.
feb42ca1b6adcd738ff9ba386892f11e	k__Fungi;p__Ascomycota;c__Eurotiomycetes;o__Eurotiales;f__Aspergillaceae;g__Penicillium	k__Fungi; p__Ascomycota; c__Eurotiomycetes; o__Eurotiales; f__Aspergillaceae; g__Penicillium; s__Penicillium_g	0.9996884170607069	0.9996884170607068	Fungi	Ascomycota	Eurotiomycetes	Eurotiales	Aspergillaceae	Penicillium	Penicillium_g	NR_077145	5076	1.82e-114	409.0	99.563	100.0	229	True	candidate_available	Eukaryota	Ascomycota	Eurotiomycetes	Eurotiales	Aspergillaceae	Penicillium	Penicillium_chrysogenum	NR_103695	Penicillium_flavigenum	1.82e-114	409.0	99.563	100	True	True	Fungi	Ascomycota	Eurotiomycetes	Eurotiales	Aspergillaceae	Penicillium	Penicillium_g	k__Fungi; p__Ascomycota; c__Eurotiomycetes; o__Eurotiales; f__Aspergillaceae; g__Penicillium; s__Penicillium_g	ambiguous_blast_hit	Top 1 and Top 2 had exact score ties but different species.
2e723fe0c70769428c06e39a8f19d9d8	k__Fungi	k__Fungi; p__Fungi_k; c__Fungi_k; o__Fungi_k; f__Fungi_k; g__Fungi_k; s__Fungi_k	1.0000000000000142	1.0000000000000142	Fungi	Fungi_k	Fungi_k	Fungi_k	Fungi_k	Fungi_k	Fungi_k																							False	False	Fungi	Fungi_k	Fungi_k	Fungi_k	Fungi_k	Fungi_k	Fungi_k	k__Fungi; p__Fungi_k; c__Fungi_k; o__Fungi_k; f__Fungi_k; g__Fungi_k; s__Fungi_k	qiime_genus_unresolved	QIIME genus was unresolved.
315a14f72987afaafb1b8701eaa0b075	k__Fungi;p__Basidiomycota;c__Tremellomycetes;o__Tremellales;f__Cryptococcaceae;g__Cryptococcus;s__Cryptococcus_neoformans;sh__SH1330342.10FU	k__Fungi; p__Basidiomycota; c__Tremellomycetes; o__Tremellales; f__Cryptococcaceae; g__Cryptococcus; s__Cryptococcus_neoformans	0.9998056847587858	0.9998056847587858	Fungi	Basidiomycota	Tremellomycetes	Tremellales	Cryptococcaceae	Cryptococcus	Cryptococcus_neoformans	NR_130682	5207	6.33e-114	407.0	99.561	100.0	228	True	candidate_available	Eukaryota	Basidiomycota	Tremellomycetes	Tremellales	Cryptococcaceae	Cryptococcus	Cryptococcus_neoformans	NR_165941	Cryptococcus_gattii	6.33e-114	407.0	99.561	100	True	True	Fungi	Basidiomycota	Tremellomycetes	Tremellales	Cryptococcaceae	Cryptococcus	Cryptococcus_neoformans	k__Fungi; p__Basidiomycota; c__Tremellomycetes; o__Tremellales; f__Cryptococcaceae; g__Cryptococcus; s__Cryptococcus_neoformans	qiime_species_retained	QIIME already had a species-level assignment.
644c895ef79df8c731420be73cf8b6c0	k__Fungi	k__Fungi; p__Fungi_k; c__Fungi_k; o__Fungi_k; f__Fungi_k; g__Fungi_k; s__Fungi_k	1.0000000000000075	1.0000000000000075	Fungi	Fungi_k	Fungi_k	Fungi_k	Fungi_k	Fungi_k	Fungi_k																							False	False	Fungi	Fungi_k	Fungi_k	Fungi_k	Fungi_k	Fungi_k	Fungi_k	k__Fungi; p__Fungi_k; c__Fungi_k; o__Fungi_k; f__Fungi_k; g__Fungi_k; s__Fungi_k	qiime_genus_unresolved	QIIME genus was unresolved.
80e1bf7ccd84a6512dc5cc240266fbbc	k__Fungi;p__Basidiomycota;c__Malasseziomycetes;o__Malasseziales;f__Malasseziaceae;g__Malassezia;s__Malassezia_globosa;sh__SH1189575.10FU	k__Fungi; p__Basidiomycota; c__Malasseziomycetes; o__Malasseziales; f__Malasseziaceae; g__Malassezia; s__Malassezia_globosa	0.9295746762151142	0.9295746762151142	Fungi	Basidiomycota	Malasseziomycetes	Malasseziales	Malasseziaceae	Malassezia	Malassezia_globosa	NR_111475	76773	1.4899999999999999e-115	412.0	100.0	100.0	228	False	candidate_available	Eukaryota	Basidiomycota	Malasseziomycetes	Malasseziales	Malasseziaceae	Malassezia	Malassezia_globosa							True	True	Fungi	Basidiomycota	Malasseziomycetes	Malasseziales	Malasseziaceae	Malassezia	Malassezia_globosa	k__Fungi; p__Basidiomycota; c__Malasseziomycetes; o__Malasseziales; f__Malasseziaceae; g__Malassezia; s__Malassezia_globosa	qiime_species_retained	QIIME already had a species-level assignment.
26461f63a0aa3891866f330d837eb06e	k__Fungi;p__Ascomycota	k__Fungi; p__Ascomycota; c__Ascomycota_p; o__Ascomycota_p; f__Ascomycota_p; g__Ascomycota_p; s__Ascomycota_p	0.7969487264906803	0.7969487264906803	Fungi	Ascomycota	Ascomycota_p	Ascomycota_p	Ascomycota_p	Ascomycota_p	Ascomycota_p																							False	False	Fungi	Ascomycota	Ascomycota_p	Ascomycota_p	Ascomycota_p	Ascomycota_p	Ascomycota_p	k__Fungi; p__Ascomycota; c__Ascomycota_p; o__Ascomycota_p; f__Ascomycota_p; g__Ascomycota_p; s__Ascomycota_p	qiime_genus_unresolved	QIIME genus was unresolved.
0b670ea5bad69a636e48836a55475086	k__Fungi	k__Fungi; p__Fungi_k; c__Fungi_k; o__Fungi_k; f__Fungi_k; g__Fungi_k; s__Fungi_k	0.9999999999999861	0.999999999999986	Fungi	Fungi_k	Fungi_k	Fungi_k	Fungi_k	Fungi_k	Fungi_k																							False	False	Fungi	Fungi_k	Fungi_k	Fungi_k	Fungi_k	Fungi_k	Fungi_k	k__Fungi; p__Fungi_k; c__Fungi_k; o__Fungi_k; f__Fungi_k; g__Fungi_k; s__Fungi_k	qiime_genus_unresolved	QIIME genus was unresolved.
267cae1380db2b4584c9e1a67d952b7c	k__Fungi;p__Ascomycota	k__Fungi; p__Ascomycota; c__Ascomycota_p; o__Ascomycota_p; f__Ascomycota_p; g__Ascomycota_p; s__Ascomycota_p	0.7338773400628331	0.7338773400628331	Fungi	Ascomycota	Ascomycota_p	Ascomycota_p	Ascomycota_p	Ascomycota_p	Ascomycota_p	NR_111007	4932	1.12e-118	423.0	99.177	81.0	243	False	candidate_available	Eukaryota	Ascomycota	Saccharomycetes	Saccharomycetales	Saccharomycetaceae	Saccharomyces	Saccharomyces_cerevisiae							True	False	Fungi	Ascomycota	Ascomycota_p	Ascomycota_p	Ascomycota_p	Ascomycota_p	Ascomycota_p	k__Fungi; p__Ascomycota; c__Ascomycota_p; o__Ascomycota_p; f__Ascomycota_p; g__Ascomycota_p; s__Ascomycota_p	qiime_genus_unresolved	QIIME genus was unresolved.
9d85d8067d02e30a806463de2845ccdd	k__Fungi	k__Fungi; p__Fungi_k; c__Fungi_k; o__Fungi_k; f__Fungi_k; g__Fungi_k; s__Fungi_k	1.0000000000000115	1.0000000000000115	Fungi	Fungi_k	Fungi_k	Fungi_k	Fungi_k	Fungi_k	Fungi_k																							False	False	Fungi	Fungi_k	Fungi_k	Fungi_k	Fungi_k	Fungi_k	Fungi_k	k__Fungi; p__Fungi_k; c__Fungi_k; o__Fungi_k; f__Fungi_k; g__Fungi_k; s__Fungi_k	qiime_genus_unresolved	QIIME genus was unresolved.
14f563b611081c3d96a3656b7e727a14	k__Fungi;p__Ascomycota	k__Fungi; p__Ascomycota; c__Ascomycota_p; o__Ascomycota_p; f__Ascomycota_p; g__Ascomycota_p; s__Ascomycota_p	0.7050456419722007	0.7050456419722007	Fungi	Ascomycota	Ascomycota_p	Ascomycota_p	Ascomycota_p	Ascomycota_p	Ascomycota_p																							False	False	Fungi	Ascomycota	Ascomycota_p	Ascomycota_p	Ascomycota_p	Ascomycota_p	Ascomycota_p	k__Fungi; p__Ascomycota; c__Ascomycota_p; o__Ascomycota_p; f__Ascomycota_p; g__Ascomycota_p; s__Ascomycota_p	qiime_genus_unresolved	QIIME genus was unresolved.
4e69eeb85eb9ec34c929b61a9a698d0e	k__Fungi;p__Ascomycota;c__Saccharomycetes;o__Saccharomycetales;f__Saccharomycetaceae;g__Saccharomyces	k__Fungi; p__Ascomycota; c__Saccharomycetes; o__Saccharomycetales; f__Saccharomycetaceae; g__Saccharomyces; s__Saccharomyces_g	0.999667435008319	0.999667435008319	Fungi	Ascomycota	Saccharomycetes	Saccharomycetales	Saccharomycetaceae	Saccharomyces	Saccharomyces_g	NR_111355	114524	2.36e-81	298.0	100.0	93.0	165	False	candidate_available	Eukaryota	Ascomycota	Saccharomycetes	Saccharomycetales	Saccharomycetaceae	Saccharomyces	Saccharomyces_kudriavzevii	NR_138272	Saccharomyces_paradoxus	2.36e-81	298.0	100.0	84	True	True	Fungi	Ascomycota	Saccharomycetes	Saccharomycetales	Saccharomycetaceae	Saccharomyces	Saccharomyces_kudriavzevii	k__Fungi; p__Ascomycota; c__Saccharomycetes; o__Saccharomycetales; f__Saccharomycetaceae; g__Saccharomyces; s__Saccharomyces_kudriavzevii	species_replaced_by_blast	Strict BLAST evidence supported species-only replacement.
c4de8920d09cfcb35cb11ca9ed00200f	k__Fungi	k__Fungi; p__Fungi_k; c__Fungi_k; o__Fungi_k; f__Fungi_k; g__Fungi_k; s__Fungi_k	1.0000000000000056	1.0000000000000056	Fungi	Fungi_k	Fungi_k	Fungi_k	Fungi_k	Fungi_k	Fungi_k																							False	False	Fungi	Fungi_k	Fungi_k	Fungi_k	Fungi_k	Fungi_k	Fungi_k	k__Fungi; p__Fungi_k; c__Fungi_k; o__Fungi_k; f__Fungi_k; g__Fungi_k; s__Fungi_k	qiime_genus_unresolved	QIIME genus was unresolved.
78d85a0a8430d95559a3ab36a25e22d8	k__Fungi;p__Ascomycota	k__Fungi; p__Ascomycota; c__Ascomycota_p; o__Ascomycota_p; f__Ascomycota_p; g__Ascomycota_p; s__Ascomycota_p	0.7054152676334128	0.7054152676334128	Fungi	Ascomycota	Ascomycota_p	Ascomycota_p	Ascomycota_p	Ascomycota_p	Ascomycota_p																							False	False	Fungi	Ascomycota	Ascomycota_p	Ascomycota_p	Ascomycota_p	Ascomycota_p	Ascomycota_p	k__Fungi; p__Ascomycota; c__Ascomycota_p; o__Ascomycota_p; f__Ascomycota_p; g__Ascomycota_p; s__Ascomycota_p	qiime_genus_unresolved	QIIME genus was unresolved.
7022c374ae44a6ea810bc3bc7018547c	k__Fungi	k__Fungi; p__Fungi_k; c__Fungi_k; o__Fungi_k; f__Fungi_k; g__Fungi_k; s__Fungi_k	1.000000000000014	1.000000000000014	Fungi	Fungi_k	Fungi_k	Fungi_k	Fungi_k	Fungi_k	Fungi_k																							False	False	Fungi	Fungi_k	Fungi_k	Fungi_k	Fungi_k	Fungi_k	Fungi_k	k__Fungi; p__Fungi_k; c__Fungi_k; o__Fungi_k; f__Fungi_k; g__Fungi_k; s__Fungi_k	qiime_genus_unresolved	QIIME genus was unresolved.
a920043b0a1f468a1d704fb1d44f1538	k__Fungi	k__Fungi; p__Fungi_k; c__Fungi_k; o__Fungi_k; f__Fungi_k; g__Fungi_k; s__Fungi_k	0.9999999999999992	0.9999999999999992	Fungi	Fungi_k	Fungi_k	Fungi_k	Fungi_k	Fungi_k	Fungi_k																							False	False	Fungi	Fungi_k	Fungi_k	Fungi_k	Fungi_k	Fungi_k	Fungi_k	k__Fungi; p__Fungi_k; c__Fungi_k; o__Fungi_k; f__Fungi_k; g__Fungi_k; s__Fungi_k	qiime_genus_unresolved	QIIME genus was unresolved.
260b8bebae425ab1944a3e6b09292088	k__Fungi	k__Fungi; p__Fungi_k; c__Fungi_k; o__Fungi_k; f__Fungi_k; g__Fungi_k; s__Fungi_k	1.0000000000000109	1.0000000000000109	Fungi	Fungi_k	Fungi_k	Fungi_k	Fungi_k	Fungi_k	Fungi_k																							False	False	Fungi	Fungi_k	Fungi_k	Fungi_k	Fungi_k	Fungi_k	Fungi_k	k__Fungi; p__Fungi_k; c__Fungi_k; o__Fungi_k; f__Fungi_k; g__Fungi_k; s__Fungi_k	qiime_genus_unresolved	QIIME genus was unresolved.
7afb59c70eff2cec5a071dd7c3ca79e0	k__Fungi;p__Ascomycota	k__Fungi; p__Ascomycota; c__Ascomycota_p; o__Ascomycota_p; f__Ascomycota_p; g__Ascomycota_p; s__Ascomycota_p	0.7851047900310995	0.7851047900310995	Fungi	Ascomycota	Ascomycota_p	Ascomycota_p	Ascomycota_p	Ascomycota_p	Ascomycota_p																							False	False	Fungi	Ascomycota	Ascomycota_p	Ascomycota_p	Ascomycota_p	Ascomycota_p	Ascomycota_p	k__Fungi; p__Ascomycota; c__Ascomycota_p; o__Ascomycota_p; f__Ascomycota_p; g__Ascomycota_p; s__Ascomycota_p	qiime_genus_unresolved	QIIME genus was unresolved.
1d1e47a562efc72e0e1a703adb1156bc	k__Fungi;p__Ascomycota	k__Fungi; p__Ascomycota; c__Ascomycota_p; o__Ascomycota_p; f__Ascomycota_p; g__Ascomycota_p; s__Ascomycota_p	0.7896722417980274	0.7896722417980274	Fungi	Ascomycota	Ascomycota_p	Ascomycota_p	Ascomycota_p	Ascomycota_p	Ascomycota_p																							False	False	Fungi	Ascomycota	Ascomycota_p	Ascomycota_p	Ascomycota_p	Ascomycota_p	Ascomycota_p	k__Fungi; p__Ascomycota; c__Ascomycota_p; o__Ascomycota_p; f__Ascomycota_p; g__Ascomycota_p; s__Ascomycota_p	qiime_genus_unresolved	QIIME genus was unresolved.
11472a6b13e3d38e37aa6d6f3b131991	k__Fungi	k__Fungi; p__Fungi_k; c__Fungi_k; o__Fungi_k; f__Fungi_k; g__Fungi_k; s__Fungi_k	0.9999999999999991	0.9999999999999992	Fungi	Fungi_k	Fungi_k	Fungi_k	Fungi_k	Fungi_k	Fungi_k																							False	False	Fungi	Fungi_k	Fungi_k	Fungi_k	Fungi_k	Fungi_k	Fungi_k	k__Fungi; p__Fungi_k; c__Fungi_k; o__Fungi_k; f__Fungi_k; g__Fungi_k; s__Fungi_k	qiime_genus_unresolved	QIIME genus was unresolved.
7243d6f6c59327bcf48abb33a65296e7	k__Fungi;p__Ascomycota	k__Fungi; p__Ascomycota; c__Ascomycota_p; o__Ascomycota_p; f__Ascomycota_p; g__Ascomycota_p; s__Ascomycota_p	0.8817584827209319	0.8817584827209319	Fungi	Ascomycota	Ascomycota_p	Ascomycota_p	Ascomycota_p	Ascomycota_p	Ascomycota_p																							False	False	Fungi	Ascomycota	Ascomycota_p	Ascomycota_p	Ascomycota_p	Ascomycota_p	Ascomycota_p	k__Fungi; p__Ascomycota; c__Ascomycota_p; o__Ascomycota_p; f__Ascomycota_p; g__Ascomycota_p; s__Ascomycota_p	qiime_genus_unresolved	QIIME genus was unresolved.
5105a2d6db57cdbabd078e95db2396c5	k__Fungi	k__Fungi; p__Fungi_k; c__Fungi_k; o__Fungi_k; f__Fungi_k; g__Fungi_k; s__Fungi_k	1.0000000000000053	1.000000000000005	Fungi	Fungi_k	Fungi_k	Fungi_k	Fungi_k	Fungi_k	Fungi_k																							False	False	Fungi	Fungi_k	Fungi_k	Fungi_k	Fungi_k	Fungi_k	Fungi_k	k__Fungi; p__Fungi_k; c__Fungi_k; o__Fungi_k; f__Fungi_k; g__Fungi_k; s__Fungi_k	qiime_genus_unresolved	QIIME genus was unresolved.
90aa0385993cdfbec9b8925a1163afb6	k__Fungi	k__Fungi; p__Fungi_k; c__Fungi_k; o__Fungi_k; f__Fungi_k; g__Fungi_k; s__Fungi_k	1.0000000000000009	1.0000000000000009	Fungi	Fungi_k	Fungi_k	Fungi_k	Fungi_k	Fungi_k	Fungi_k																							False	False	Fungi	Fungi_k	Fungi_k	Fungi_k	Fungi_k	Fungi_k	Fungi_k	k__Fungi; p__Fungi_k; c__Fungi_k; o__Fungi_k; f__Fungi_k; g__Fungi_k; s__Fungi_k	qiime_genus_unresolved	QIIME genus was unresolved.
955eb7ae0fe2a3213438ef5bec2de66e	k__Fungi	k__Fungi; p__Fungi_k; c__Fungi_k; o__Fungi_k; f__Fungi_k; g__Fungi_k; s__Fungi_k	0.9999999999999958	0.9999999999999958	Fungi	Fungi_k	Fungi_k	Fungi_k	Fungi_k	Fungi_k	Fungi_k																							False	False	Fungi	Fungi_k	Fungi_k	Fungi_k	Fungi_k	Fungi_k	Fungi_k	k__Fungi; p__Fungi_k; c__Fungi_k; o__Fungi_k; f__Fungi_k; g__Fungi_k; s__Fungi_k	qiime_genus_unresolved	QIIME genus was unresolved.
c97fecfe6785166d168fafdd986ee02f	k__Fungi	k__Fungi; p__Fungi_k; c__Fungi_k; o__Fungi_k; f__Fungi_k; g__Fungi_k; s__Fungi_k	1.0000000000000036	1.0000000000000036	Fungi	Fungi_k	Fungi_k	Fungi_k	Fungi_k	Fungi_k	Fungi_k																							False	False	Fungi	Fungi_k	Fungi_k	Fungi_k	Fungi_k	Fungi_k	Fungi_k	k__Fungi; p__Fungi_k; c__Fungi_k; o__Fungi_k; f__Fungi_k; g__Fungi_k; s__Fungi_k	qiime_genus_unresolved	QIIME genus was unresolved.
c0b1830e2feafc77fb275d5a16f99809	k__Fungi;p__Ascomycota	k__Fungi; p__Ascomycota; c__Ascomycota_p; o__Ascomycota_p; f__Ascomycota_p; g__Ascomycota_p; s__Ascomycota_p	0.7475405814811088	0.7475405814811088	Fungi	Ascomycota	Ascomycota_p	Ascomycota_p	Ascomycota_p	Ascomycota_p	Ascomycota_p																							False	False	Fungi	Ascomycota	Ascomycota_p	Ascomycota_p	Ascomycota_p	Ascomycota_p	Ascomycota_p	k__Fungi; p__Ascomycota; c__Ascomycota_p; o__Ascomycota_p; f__Ascomycota_p; g__Ascomycota_p; s__Ascomycota_p	qiime_genus_unresolved	QIIME genus was unresolved.
5302560500e967552b1490312b4bb3b3	k__Fungi	k__Fungi; p__Fungi_k; c__Fungi_k; o__Fungi_k; f__Fungi_k; g__Fungi_k; s__Fungi_k	0.9999999999999976	0.9999999999999976	Fungi	Fungi_k	Fungi_k	Fungi_k	Fungi_k	Fungi_k	Fungi_k																							False	False	Fungi	Fungi_k	Fungi_k	Fungi_k	Fungi_k	Fungi_k	Fungi_k	k__Fungi; p__Fungi_k; c__Fungi_k; o__Fungi_k; f__Fungi_k; g__Fungi_k; s__Fungi_k	qiime_genus_unresolved	QIIME genus was unresolved.
f235e5de715614a0b7c2b48197a6a8ba	k__Fungi;p__Ascomycota	k__Fungi; p__Ascomycota; c__Ascomycota_p; o__Ascomycota_p; f__Ascomycota_p; g__Ascomycota_p; s__Ascomycota_p	0.7569332706240682	0.7569332706240682	Fungi	Ascomycota	Ascomycota_p	Ascomycota_p	Ascomycota_p	Ascomycota_p	Ascomycota_p																							False	False	Fungi	Ascomycota	Ascomycota_p	Ascomycota_p	Ascomycota_p	Ascomycota_p	Ascomycota_p	k__Fungi; p__Ascomycota; c__Ascomycota_p; o__Ascomycota_p; f__Ascomycota_p; g__Ascomycota_p; s__Ascomycota_p	qiime_genus_unresolved	QIIME genus was unresolved.
8c82b71188e096be2feb08fd7d64d6a6	k__Fungi;p__Basidiomycota;c__Microbotryomycetes;o__Leucosporidiales;f__Leucosporidiaceae;g__Leucosporidium;s__Leucosporidium_intermedium;sh__SH1410064.10FU	k__Fungi; p__Basidiomycota; c__Microbotryomycetes; o__Leucosporidiales; f__Leucosporidiaceae; g__Leucosporidium; s__Leucosporidium_intermedium	0.9982401661441592	0.9982401661441592	Fungi	Basidiomycota	Microbotryomycetes	Leucosporidiales	Leucosporidiaceae	Leucosporidium	Leucosporidium_intermedium	NR_073309	115111	4.44e-149	524.0	100.0	100.0	290	False	candidate_available	Eukaryota	Basidiomycota	Microbotryomycetes	Leucosporidiales	Leucosporidiaceae	Leucosporidium	Leucosporidium_intermedium							True	True	Fungi	Basidiomycota	Microbotryomycetes	Leucosporidiales	Leucosporidiaceae	Leucosporidium	Leucosporidium_intermedium	k__Fungi; p__Basidiomycota; c__Microbotryomycetes; o__Leucosporidiales; f__Leucosporidiaceae; g__Leucosporidium; s__Leucosporidium_intermedium	qiime_species_retained	QIIME already had a species-level assignment.
8578ebd1501eab5abc643bb43fb0b7e2	k__Fungi	k__Fungi; p__Fungi_k; c__Fungi_k; o__Fungi_k; f__Fungi_k; g__Fungi_k; s__Fungi_k	0.9999999999999863	0.9999999999999865	Fungi	Fungi_k	Fungi_k	Fungi_k	Fungi_k	Fungi_k	Fungi_k																							False	False	Fungi	Fungi_k	Fungi_k	Fungi_k	Fungi_k	Fungi_k	Fungi_k	k__Fungi; p__Fungi_k; c__Fungi_k; o__Fungi_k; f__Fungi_k; g__Fungi_k; s__Fungi_k	qiime_genus_unresolved	QIIME genus was unresolved.
5aa08add5073423bc935416fc4122a79	k__Fungi	k__Fungi; p__Fungi_k; c__Fungi_k; o__Fungi_k; f__Fungi_k; g__Fungi_k; s__Fungi_k	0.9999999999999978	0.9999999999999978	Fungi	Fungi_k	Fungi_k	Fungi_k	Fungi_k	Fungi_k	Fungi_k																							False	False	Fungi	Fungi_k	Fungi_k	Fungi_k	Fungi_k	Fungi_k	Fungi_k	k__Fungi; p__Fungi_k; c__Fungi_k; o__Fungi_k; f__Fungi_k; g__Fungi_k; s__Fungi_k	qiime_genus_unresolved	QIIME genus was unresolved.
75107df2ba22157d21ca3da014ea641a	k__Fungi;p__Ascomycota	k__Fungi; p__Ascomycota; c__Ascomycota_p; o__Ascomycota_p; f__Ascomycota_p; g__Ascomycota_p; s__Ascomycota_p	0.7172967000654938	0.7172967000654938	Fungi	Ascomycota	Ascomycota_p	Ascomycota_p	Ascomycota_p	Ascomycota_p	Ascomycota_p																							False	False	Fungi	Ascomycota	Ascomycota_p	Ascomycota_p	Ascomycota_p	Ascomycota_p	Ascomycota_p	k__Fungi; p__Ascomycota; c__Ascomycota_p; o__Ascomycota_p; f__Ascomycota_p; g__Ascomycota_p; s__Ascomycota_p	qiime_genus_unresolved	QIIME genus was unresolved.
934f533a78b5de1479b59f1a682d064c	k__Fungi	k__Fungi; p__Fungi_k; c__Fungi_k; o__Fungi_k; f__Fungi_k; g__Fungi_k; s__Fungi_k	0.9999999999999949	0.9999999999999948	Fungi	Fungi_k	Fungi_k	Fungi_k	Fungi_k	Fungi_k	Fungi_k																							False	False	Fungi	Fungi_k	Fungi_k	Fungi_k	Fungi_k	Fungi_k	Fungi_k	k__Fungi; p__Fungi_k; c__Fungi_k; o__Fungi_k; f__Fungi_k; g__Fungi_k; s__Fungi_k	qiime_genus_unresolved	QIIME genus was unresolved.
2ebd8a5b8c3455f415eca2f216a9d915	k__Fungi;p__Ascomycota	k__Fungi; p__Ascomycota; c__Ascomycota_p; o__Ascomycota_p; f__Ascomycota_p; g__Ascomycota_p; s__Ascomycota_p	0.7451822301339132	0.7451822301339132	Fungi	Ascomycota	Ascomycota_p	Ascomycota_p	Ascomycota_p	Ascomycota_p	Ascomycota_p																							False	False	Fungi	Ascomycota	Ascomycota_p	Ascomycota_p	Ascomycota_p	Ascomycota_p	Ascomycota_p	k__Fungi; p__Ascomycota; c__Ascomycota_p; o__Ascomycota_p; f__Ascomycota_p; g__Ascomycota_p; s__Ascomycota_p	qiime_genus_unresolved	QIIME genus was unresolved.
26c3adb423a4d6b98b84d34fa5beca3f	k__Fungi	k__Fungi; p__Fungi_k; c__Fungi_k; o__Fungi_k; f__Fungi_k; g__Fungi_k; s__Fungi_k	0.9999999999999934	0.9999999999999934	Fungi	Fungi_k	Fungi_k	Fungi_k	Fungi_k	Fungi_k	Fungi_k																							False	False	Fungi	Fungi_k	Fungi_k	Fungi_k	Fungi_k	Fungi_k	Fungi_k	k__Fungi; p__Fungi_k; c__Fungi_k; o__Fungi_k; f__Fungi_k; g__Fungi_k; s__Fungi_k	qiime_genus_unresolved	QIIME genus was unresolved.
fc7fa41febb165d9e2c1aa251fe03adb	k__Fungi;p__Ascomycota	k__Fungi; p__Ascomycota; c__Ascomycota_p; o__Ascomycota_p; f__Ascomycota_p; g__Ascomycota_p; s__Ascomycota_p	0.7886877733099231	0.7886877733099231	Fungi	Ascomycota	Ascomycota_p	Ascomycota_p	Ascomycota_p	Ascomycota_p	Ascomycota_p																							False	False	Fungi	Ascomycota	Ascomycota_p	Ascomycota_p	Ascomycota_p	Ascomycota_p	Ascomycota_p	k__Fungi; p__Ascomycota; c__Ascomycota_p; o__Ascomycota_p; f__Ascomycota_p; g__Ascomycota_p; s__Ascomycota_p	qiime_genus_unresolved	QIIME genus was unresolved.
e09cee250683d1d9c0efe6766aea6426	k__Fungi;p__Ascomycota	k__Fungi; p__Ascomycota; c__Ascomycota_p; o__Ascomycota_p; f__Ascomycota_p; g__Ascomycota_p; s__Ascomycota_p	0.7395996063869005	0.7395996063869005	Fungi	Ascomycota	Ascomycota_p	Ascomycota_p	Ascomycota_p	Ascomycota_p	Ascomycota_p																							False	False	Fungi	Ascomycota	Ascomycota_p	Ascomycota_p	Ascomycota_p	Ascomycota_p	Ascomycota_p	k__Fungi; p__Ascomycota; c__Ascomycota_p; o__Ascomycota_p; f__Ascomycota_p; g__Ascomycota_p; s__Ascomycota_p	qiime_genus_unresolved	QIIME genus was unresolved.
04054fce3ae97d78e67d2d454985add2	k__Fungi	k__Fungi; p__Fungi_k; c__Fungi_k; o__Fungi_k; f__Fungi_k; g__Fungi_k; s__Fungi_k	0.9999999999999866	0.9999999999999866	Fungi	Fungi_k	Fungi_k	Fungi_k	Fungi_k	Fungi_k	Fungi_k																							False	False	Fungi	Fungi_k	Fungi_k	Fungi_k	Fungi_k	Fungi_k	Fungi_k	k__Fungi; p__Fungi_k; c__Fungi_k; o__Fungi_k; f__Fungi_k; g__Fungi_k; s__Fungi_k	qiime_genus_unresolved	QIIME genus was unresolved.
8a52693c2a3066f0951f6e0ab114cf44	k__Fungi	k__Fungi; p__Fungi_k; c__Fungi_k; o__Fungi_k; f__Fungi_k; g__Fungi_k; s__Fungi_k	1.000000000000003	1.000000000000003	Fungi	Fungi_k	Fungi_k	Fungi_k	Fungi_k	Fungi_k	Fungi_k																							False	False	Fungi	Fungi_k	Fungi_k	Fungi_k	Fungi_k	Fungi_k	Fungi_k	k__Fungi; p__Fungi_k; c__Fungi_k; o__Fungi_k; f__Fungi_k; g__Fungi_k; s__Fungi_k	qiime_genus_unresolved	QIIME genus was unresolved.
96800d25db2a29d576ee27c9b1735e9f	k__Fungi	k__Fungi; p__Fungi_k; c__Fungi_k; o__Fungi_k; f__Fungi_k; g__Fungi_k; s__Fungi_k	0.9999999999999957	0.9999999999999956	Fungi	Fungi_k	Fungi_k	Fungi_k	Fungi_k	Fungi_k	Fungi_k																							False	False	Fungi	Fungi_k	Fungi_k	Fungi_k	Fungi_k	Fungi_k	Fungi_k	k__Fungi; p__Fungi_k; c__Fungi_k; o__Fungi_k; f__Fungi_k; g__Fungi_k; s__Fungi_k	qiime_genus_unresolved	QIIME genus was unresolved.
a9a8701bb82e83502dac035e738a9a66	k__Fungi	k__Fungi; p__Fungi_k; c__Fungi_k; o__Fungi_k; f__Fungi_k; g__Fungi_k; s__Fungi_k	1.0000000000000053	1.000000000000005	Fungi	Fungi_k	Fungi_k	Fungi_k	Fungi_k	Fungi_k	Fungi_k																							False	False	Fungi	Fungi_k	Fungi_k	Fungi_k	Fungi_k	Fungi_k	Fungi_k	k__Fungi; p__Fungi_k; c__Fungi_k; o__Fungi_k; f__Fungi_k; g__Fungi_k; s__Fungi_k	qiime_genus_unresolved	QIIME genus was unresolved.
43b699344cd30824e9b375638111b901	k__Fungi;p__Ascomycota;c__Sordariomycetes;o__Hypocreales;f__Nectriaceae;g__Fusarium;s__Fusarium_oxysporum;sh__SH1049950.10FU	k__Fungi; p__Ascomycota; c__Sordariomycetes; o__Hypocreales; f__Nectriaceae; g__Fusarium; s__Fusarium_oxysporum	0.9496151907716618	0.9496151907716618	Fungi	Ascomycota	Sordariomycetes	Hypocreales	Nectriaceae	Fusarium	Fusarium_oxysporum	NR_159865	246455	1.0000000000000001e-124	443.0	100.0	100.0	245	False	candidate_available	Eukaryota	Ascomycota	Sordariomycetes	Hypocreales	Nectriaceae	Fusarium	Fusarium_foetens							True	True	Fungi	Ascomycota	Sordariomycetes	Hypocreales	Nectriaceae	Fusarium	Fusarium_oxysporum	k__Fungi; p__Ascomycota; c__Sordariomycetes; o__Hypocreales; f__Nectriaceae; g__Fusarium; s__Fusarium_oxysporum	qiime_species_retained	QIIME already had a species-level assignment.
f68813f6ebcb8f7323b15cb6dad97526	k__Fungi;p__Basidiomycota;c__Agaricomycetes;o__Trechisporales;f__Hydnodontaceae;g__Trechispora;s__Trechispora_sp;sh__SH1170522.10FU	k__Fungi; p__Basidiomycota; c__Agaricomycetes; o__Trechisporales; f__Hydnodontaceae; g__Trechispora; s__Trechispora_g	0.9768008335162365	0.9768008335162364	Fungi	Basidiomycota	Agaricomycetes	Trechisporales	Hydnodontaceae	Trechispora	Trechispora_g																							False	False	Fungi	Basidiomycota	Agaricomycetes	Trechisporales	Hydnodontaceae	Trechispora	Trechispora_g	k__Fungi; p__Basidiomycota; c__Agaricomycetes; o__Trechisporales; f__Hydnodontaceae; g__Trechispora; s__Trechispora_g	no_eligible_blast_hit	No strict BLAST candidate was available.
091b9ab07282fb2810730607e7c73a6b	k__Fungi	k__Fungi; p__Fungi_k; c__Fungi_k; o__Fungi_k; f__Fungi_k; g__Fungi_k; s__Fungi_k	1.0000000000000053	1.000000000000005	Fungi	Fungi_k	Fungi_k	Fungi_k	Fungi_k	Fungi_k	Fungi_k																							False	False	Fungi	Fungi_k	Fungi_k	Fungi_k	Fungi_k	Fungi_k	Fungi_k	k__Fungi; p__Fungi_k; c__Fungi_k; o__Fungi_k; f__Fungi_k; g__Fungi_k; s__Fungi_k	qiime_genus_unresolved	QIIME genus was unresolved.
6fbeed64732e5d21b16b552ce54cbdab	k__Fungi	k__Fungi; p__Fungi_k; c__Fungi_k; o__Fungi_k; f__Fungi_k; g__Fungi_k; s__Fungi_k	1.0000000000000024	1.0000000000000024	Fungi	Fungi_k	Fungi_k	Fungi_k	Fungi_k	Fungi_k	Fungi_k																							False	False	Fungi	Fungi_k	Fungi_k	Fungi_k	Fungi_k	Fungi_k	Fungi_k	k__Fungi; p__Fungi_k; c__Fungi_k; o__Fungi_k; f__Fungi_k; g__Fungi_k; s__Fungi_k	qiime_genus_unresolved	QIIME genus was unresolved.
725402e2a81677678ca9799ecc96fe7f	k__Fungi	k__Fungi; p__Fungi_k; c__Fungi_k; o__Fungi_k; f__Fungi_k; g__Fungi_k; s__Fungi_k	1.000000000000007	1.000000000000007	Fungi	Fungi_k	Fungi_k	Fungi_k	Fungi_k	Fungi_k	Fungi_k																							False	False	Fungi	Fungi_k	Fungi_k	Fungi_k	Fungi_k	Fungi_k	Fungi_k	k__Fungi; p__Fungi_k; c__Fungi_k; o__Fungi_k; f__Fungi_k; g__Fungi_k; s__Fungi_k	qiime_genus_unresolved	QIIME genus was unresolved.
870b996b7364a3020227bc4b918ba54f	k__Fungi	k__Fungi; p__Fungi_k; c__Fungi_k; o__Fungi_k; f__Fungi_k; g__Fungi_k; s__Fungi_k	0.999999999999993	0.999999999999993	Fungi	Fungi_k	Fungi_k	Fungi_k	Fungi_k	Fungi_k	Fungi_k																							False	False	Fungi	Fungi_k	Fungi_k	Fungi_k	Fungi_k	Fungi_k	Fungi_k	k__Fungi; p__Fungi_k; c__Fungi_k; o__Fungi_k; f__Fungi_k; g__Fungi_k; s__Fungi_k	qiime_genus_unresolved	QIIME genus was unresolved.
194c5d7ddd16e9c0363bffc3aef8ceb8	k__Fungi	k__Fungi; p__Fungi_k; c__Fungi_k; o__Fungi_k; f__Fungi_k; g__Fungi_k; s__Fungi_k	1.0000000000000024	1.0000000000000024	Fungi	Fungi_k	Fungi_k	Fungi_k	Fungi_k	Fungi_k	Fungi_k																							False	False	Fungi	Fungi_k	Fungi_k	Fungi_k	Fungi_k	Fungi_k	Fungi_k	k__Fungi; p__Fungi_k; c__Fungi_k; o__Fungi_k; f__Fungi_k; g__Fungi_k; s__Fungi_k	qiime_genus_unresolved	QIIME genus was unresolved.
85d8f5af58655f5e9a0875198e40a4cf	k__Fungi	k__Fungi; p__Fungi_k; c__Fungi_k; o__Fungi_k; f__Fungi_k; g__Fungi_k; s__Fungi_k	0.9999999999999989	0.9999999999999988	Fungi	Fungi_k	Fungi_k	Fungi_k	Fungi_k	Fungi_k	Fungi_k																							False	False	Fungi	Fungi_k	Fungi_k	Fungi_k	Fungi_k	Fungi_k	Fungi_k	k__Fungi; p__Fungi_k; c__Fungi_k; o__Fungi_k; f__Fungi_k; g__Fungi_k; s__Fungi_k	qiime_genus_unresolved	QIIME genus was unresolved.
eca677b652afb80f02a64e9a83fef553	k__Fungi	k__Fungi; p__Fungi_k; c__Fungi_k; o__Fungi_k; f__Fungi_k; g__Fungi_k; s__Fungi_k	0.999999999999997	0.999999999999997	Fungi	Fungi_k	Fungi_k	Fungi_k	Fungi_k	Fungi_k	Fungi_k																							False	False	Fungi	Fungi_k	Fungi_k	Fungi_k	Fungi_k	Fungi_k	Fungi_k	k__Fungi; p__Fungi_k; c__Fungi_k; o__Fungi_k; f__Fungi_k; g__Fungi_k; s__Fungi_k	qiime_genus_unresolved	QIIME genus was unresolved.
25d556970166dcb7050422023be88e22	k__Fungi	k__Fungi; p__Fungi_k; c__Fungi_k; o__Fungi_k; f__Fungi_k; g__Fungi_k; s__Fungi_k	0.9999999999999872	0.9999999999999872	Fungi	Fungi_k	Fungi_k	Fungi_k	Fungi_k	Fungi_k	Fungi_k																							False	False	Fungi	Fungi_k	Fungi_k	Fungi_k	Fungi_k	Fungi_k	Fungi_k	k__Fungi; p__Fungi_k; c__Fungi_k; o__Fungi_k; f__Fungi_k; g__Fungi_k; s__Fungi_k	qiime_genus_unresolved	QIIME genus was unresolved.
b818ea92d26b8c0d7b99eb77906b9e01	k__Fungi	k__Fungi; p__Fungi_k; c__Fungi_k; o__Fungi_k; f__Fungi_k; g__Fungi_k; s__Fungi_k	0.9999999999999885	0.9999999999999885	Fungi	Fungi_k	Fungi_k	Fungi_k	Fungi_k	Fungi_k	Fungi_k																							False	False	Fungi	Fungi_k	Fungi_k	Fungi_k	Fungi_k	Fungi_k	Fungi_k	k__Fungi; p__Fungi_k; c__Fungi_k; o__Fungi_k; f__Fungi_k; g__Fungi_k; s__Fungi_k	qiime_genus_unresolved	QIIME genus was unresolved.
7b3895e4ce4378f120ee488c628004dc	k__Fungi	k__Fungi; p__Fungi_k; c__Fungi_k; o__Fungi_k; f__Fungi_k; g__Fungi_k; s__Fungi_k	0.9999999999999986	0.9999999999999986	Fungi	Fungi_k	Fungi_k	Fungi_k	Fungi_k	Fungi_k	Fungi_k																							False	False	Fungi	Fungi_k	Fungi_k	Fungi_k	Fungi_k	Fungi_k	Fungi_k	k__Fungi; p__Fungi_k; c__Fungi_k; o__Fungi_k; f__Fungi_k; g__Fungi_k; s__Fungi_k	qiime_genus_unresolved	QIIME genus was unresolved.
615431307bb72c4d99dcb3c243d810db	k__Fungi	k__Fungi; p__Fungi_k; c__Fungi_k; o__Fungi_k; f__Fungi_k; g__Fungi_k; s__Fungi_k	0.9999999999999996	0.9999999999999996	Fungi	Fungi_k	Fungi_k	Fungi_k	Fungi_k	Fungi_k	Fungi_k																							False	False	Fungi	Fungi_k	Fungi_k	Fungi_k	Fungi_k	Fungi_k	Fungi_k	k__Fungi; p__Fungi_k; c__Fungi_k; o__Fungi_k; f__Fungi_k; g__Fungi_k; s__Fungi_k	qiime_genus_unresolved	QIIME genus was unresolved.
b67b81c102e2f5fa366b3d4d0869f235	k__Fungi	k__Fungi; p__Fungi_k; c__Fungi_k; o__Fungi_k; f__Fungi_k; g__Fungi_k; s__Fungi_k	0.9999999999999869	0.9999999999999868	Fungi	Fungi_k	Fungi_k	Fungi_k	Fungi_k	Fungi_k	Fungi_k																							False	False	Fungi	Fungi_k	Fungi_k	Fungi_k	Fungi_k	Fungi_k	Fungi_k	k__Fungi; p__Fungi_k; c__Fungi_k; o__Fungi_k; f__Fungi_k; g__Fungi_k; s__Fungi_k	qiime_genus_unresolved	QIIME genus was unresolved.
638e7ccf3419acc06aafd317364cba75	k__Fungi	k__Fungi; p__Fungi_k; c__Fungi_k; o__Fungi_k; f__Fungi_k; g__Fungi_k; s__Fungi_k	1.000000000000001	1.000000000000001	Fungi	Fungi_k	Fungi_k	Fungi_k	Fungi_k	Fungi_k	Fungi_k																							False	False	Fungi	Fungi_k	Fungi_k	Fungi_k	Fungi_k	Fungi_k	Fungi_k	k__Fungi; p__Fungi_k; c__Fungi_k; o__Fungi_k; f__Fungi_k; g__Fungi_k; s__Fungi_k	qiime_genus_unresolved	QIIME genus was unresolved.
cfa201d304dab9c66d991e37660ea7cd	k__Fungi	k__Fungi; p__Fungi_k; c__Fungi_k; o__Fungi_k; f__Fungi_k; g__Fungi_k; s__Fungi_k	0.9999999999999954	0.9999999999999954	Fungi	Fungi_k	Fungi_k	Fungi_k	Fungi_k	Fungi_k	Fungi_k																							False	False	Fungi	Fungi_k	Fungi_k	Fungi_k	Fungi_k	Fungi_k	Fungi_k	k__Fungi; p__Fungi_k; c__Fungi_k; o__Fungi_k; f__Fungi_k; g__Fungi_k; s__Fungi_k	qiime_genus_unresolved	QIIME genus was unresolved.
e2708925a7f42bb9e1f62f04f1ee3e26	k__Fungi;p__Ascomycota;c__Lecanoromycetes;o__Lecanorales	k__Fungi; p__Ascomycota; c__Lecanoromycetes; o__Lecanorales; f__Lecanorales_o; g__Lecanorales_o; s__Lecanorales_o	0.7161723388497265	0.7161723388497265	Fungi	Ascomycota	Lecanoromycetes	Lecanorales	Lecanorales_o	Lecanorales_o	Lecanorales_o																							False	False	Fungi	Ascomycota	Lecanoromycetes	Lecanorales	Lecanorales_o	Lecanorales_o	Lecanorales_o	k__Fungi; p__Ascomycota; c__Lecanoromycetes; o__Lecanorales; f__Lecanorales_o; g__Lecanorales_o; s__Lecanorales_o	qiime_genus_unresolved	QIIME genus was unresolved.
0c71e40860c006ffbe35af9fd3d7727b	k__Fungi	k__Fungi; p__Fungi_k; c__Fungi_k; o__Fungi_k; f__Fungi_k; g__Fungi_k; s__Fungi_k	1.0000000000000013	1.000000000000001	Fungi	Fungi_k	Fungi_k	Fungi_k	Fungi_k	Fungi_k	Fungi_k																							False	False	Fungi	Fungi_k	Fungi_k	Fungi_k	Fungi_k	Fungi_k	Fungi_k	k__Fungi; p__Fungi_k; c__Fungi_k; o__Fungi_k; f__Fungi_k; g__Fungi_k; s__Fungi_k	qiime_genus_unresolved	QIIME genus was unresolved.
b1b896a1775460c058fc891882a5bad8	k__Fungi;p__Ascomycota	k__Fungi; p__Ascomycota; c__Ascomycota_p; o__Ascomycota_p; f__Ascomycota_p; g__Ascomycota_p; s__Ascomycota_p	0.8732372403636864	0.8732372403636864	Fungi	Ascomycota	Ascomycota_p	Ascomycota_p	Ascomycota_p	Ascomycota_p	Ascomycota_p																							False	False	Fungi	Ascomycota	Ascomycota_p	Ascomycota_p	Ascomycota_p	Ascomycota_p	Ascomycota_p	k__Fungi; p__Ascomycota; c__Ascomycota_p; o__Ascomycota_p; f__Ascomycota_p; g__Ascomycota_p; s__Ascomycota_p	qiime_genus_unresolved	QIIME genus was unresolved.
9b515710aedd7956e1b33b0f43a5da4d	k__Fungi;p__Ascomycota	k__Fungi; p__Ascomycota; c__Ascomycota_p; o__Ascomycota_p; f__Ascomycota_p; g__Ascomycota_p; s__Ascomycota_p	0.7129144828982695	0.7129144828982695	Fungi	Ascomycota	Ascomycota_p	Ascomycota_p	Ascomycota_p	Ascomycota_p	Ascomycota_p																							False	False	Fungi	Ascomycota	Ascomycota_p	Ascomycota_p	Ascomycota_p	Ascomycota_p	Ascomycota_p	k__Fungi; p__Ascomycota; c__Ascomycota_p; o__Ascomycota_p; f__Ascomycota_p; g__Ascomycota_p; s__Ascomycota_p	qiime_genus_unresolved	QIIME genus was unresolved.
8f5b156b2473d6552ed30cec420b2b02	k__Fungi	k__Fungi; p__Fungi_k; c__Fungi_k; o__Fungi_k; f__Fungi_k; g__Fungi_k; s__Fungi_k	0.9999999999999957	0.9999999999999956	Fungi	Fungi_k	Fungi_k	Fungi_k	Fungi_k	Fungi_k	Fungi_k																							False	False	Fungi	Fungi_k	Fungi_k	Fungi_k	Fungi_k	Fungi_k	Fungi_k	k__Fungi; p__Fungi_k; c__Fungi_k; o__Fungi_k; f__Fungi_k; g__Fungi_k; s__Fungi_k	qiime_genus_unresolved	QIIME genus was unresolved.
ff7f232a0ba2b8cdee78935456caded9	k__Fungi	k__Fungi; p__Fungi_k; c__Fungi_k; o__Fungi_k; f__Fungi_k; g__Fungi_k; s__Fungi_k	1.0000000000000095	1.0000000000000095	Fungi	Fungi_k	Fungi_k	Fungi_k	Fungi_k	Fungi_k	Fungi_k																							False	False	Fungi	Fungi_k	Fungi_k	Fungi_k	Fungi_k	Fungi_k	Fungi_k	k__Fungi; p__Fungi_k; c__Fungi_k; o__Fungi_k; f__Fungi_k; g__Fungi_k; s__Fungi_k	qiime_genus_unresolved	QIIME genus was unresolved.
32be290b5fe51f5e4611e2e1a37fa1db	k__Fungi	k__Fungi; p__Fungi_k; c__Fungi_k; o__Fungi_k; f__Fungi_k; g__Fungi_k; s__Fungi_k	0.9999999999999933	0.9999999999999932	Fungi	Fungi_k	Fungi_k	Fungi_k	Fungi_k	Fungi_k	Fungi_k																							False	False	Fungi	Fungi_k	Fungi_k	Fungi_k	Fungi_k	Fungi_k	Fungi_k	k__Fungi; p__Fungi_k; c__Fungi_k; o__Fungi_k; f__Fungi_k; g__Fungi_k; s__Fungi_k	qiime_genus_unresolved	QIIME genus was unresolved.
119831b712be8db7b70c0d6d950624da	k__Fungi	k__Fungi; p__Fungi_k; c__Fungi_k; o__Fungi_k; f__Fungi_k; g__Fungi_k; s__Fungi_k	1.0000000000000087	1.0000000000000089	Fungi	Fungi_k	Fungi_k	Fungi_k	Fungi_k	Fungi_k	Fungi_k																							False	False	Fungi	Fungi_k	Fungi_k	Fungi_k	Fungi_k	Fungi_k	Fungi_k	k__Fungi; p__Fungi_k; c__Fungi_k; o__Fungi_k; f__Fungi_k; g__Fungi_k; s__Fungi_k	qiime_genus_unresolved	QIIME genus was unresolved.
ef25c954c06d510896f91b6ee3f9d1aa	k__Fungi	k__Fungi; p__Fungi_k; c__Fungi_k; o__Fungi_k; f__Fungi_k; g__Fungi_k; s__Fungi_k	0.999999999999993	0.999999999999993	Fungi	Fungi_k	Fungi_k	Fungi_k	Fungi_k	Fungi_k	Fungi_k																							False	False	Fungi	Fungi_k	Fungi_k	Fungi_k	Fungi_k	Fungi_k	Fungi_k	k__Fungi; p__Fungi_k; c__Fungi_k; o__Fungi_k; f__Fungi_k; g__Fungi_k; s__Fungi_k	qiime_genus_unresolved	QIIME genus was unresolved.
6a9c03927332a86761ef8140c19e76a2	k__Fungi	k__Fungi; p__Fungi_k; c__Fungi_k; o__Fungi_k; f__Fungi_k; g__Fungi_k; s__Fungi_k	1.0000000000000004	1.0000000000000004	Fungi	Fungi_k	Fungi_k	Fungi_k	Fungi_k	Fungi_k	Fungi_k																							False	False	Fungi	Fungi_k	Fungi_k	Fungi_k	Fungi_k	Fungi_k	Fungi_k	k__Fungi; p__Fungi_k; c__Fungi_k; o__Fungi_k; f__Fungi_k; g__Fungi_k; s__Fungi_k	qiime_genus_unresolved	QIIME genus was unresolved.
5cae4f6bc86eca0f1eedf3d66b889b17	k__Fungi	k__Fungi; p__Fungi_k; c__Fungi_k; o__Fungi_k; f__Fungi_k; g__Fungi_k; s__Fungi_k	1.0000000000000053	1.000000000000005	Fungi	Fungi_k	Fungi_k	Fungi_k	Fungi_k	Fungi_k	Fungi_k																							False	False	Fungi	Fungi_k	Fungi_k	Fungi_k	Fungi_k	Fungi_k	Fungi_k	k__Fungi; p__Fungi_k; c__Fungi_k; o__Fungi_k; f__Fungi_k; g__Fungi_k; s__Fungi_k	qiime_genus_unresolved	QIIME genus was unresolved.
ba931772211836a80a6f9001b2507e01	k__Fungi	k__Fungi; p__Fungi_k; c__Fungi_k; o__Fungi_k; f__Fungi_k; g__Fungi_k; s__Fungi_k	1.0000000000000033	1.000000000000003	Fungi	Fungi_k	Fungi_k	Fungi_k	Fungi_k	Fungi_k	Fungi_k																							False	False	Fungi	Fungi_k	Fungi_k	Fungi_k	Fungi_k	Fungi_k	Fungi_k	k__Fungi; p__Fungi_k; c__Fungi_k; o__Fungi_k; f__Fungi_k; g__Fungi_k; s__Fungi_k	qiime_genus_unresolved	QIIME genus was unresolved.
a536855c690075a22d2f70db5665151c	k__Fungi	k__Fungi; p__Fungi_k; c__Fungi_k; o__Fungi_k; f__Fungi_k; g__Fungi_k; s__Fungi_k	1.0000000000000022	1.0000000000000022	Fungi	Fungi_k	Fungi_k	Fungi_k	Fungi_k	Fungi_k	Fungi_k																							False	False	Fungi	Fungi_k	Fungi_k	Fungi_k	Fungi_k	Fungi_k	Fungi_k	k__Fungi; p__Fungi_k; c__Fungi_k; o__Fungi_k; f__Fungi_k; g__Fungi_k; s__Fungi_k	qiime_genus_unresolved	QIIME genus was unresolved.
b2d71c8a1835967453bd96a5aecac0d2	k__Fungi	k__Fungi; p__Fungi_k; c__Fungi_k; o__Fungi_k; f__Fungi_k; g__Fungi_k; s__Fungi_k	0.9999999999999861	0.999999999999986	Fungi	Fungi_k	Fungi_k	Fungi_k	Fungi_k	Fungi_k	Fungi_k																							False	False	Fungi	Fungi_k	Fungi_k	Fungi_k	Fungi_k	Fungi_k	Fungi_k	k__Fungi; p__Fungi_k; c__Fungi_k; o__Fungi_k; f__Fungi_k; g__Fungi_k; s__Fungi_k	qiime_genus_unresolved	QIIME genus was unresolved.
fe389004a774f698876b52bcd5148b90	k__Fungi;p__Ascomycota	k__Fungi; p__Ascomycota; c__Ascomycota_p; o__Ascomycota_p; f__Ascomycota_p; g__Ascomycota_p; s__Ascomycota_p	0.9999999915865042	0.9999999915865042	Fungi	Ascomycota	Ascomycota_p	Ascomycota_p	Ascomycota_p	Ascomycota_p	Ascomycota_p	NR_111530	887084	1.82e-114	409.0	99.563	100.0	229	True	candidate_available	Eukaryota	Ascomycota	Dothideomycetes	Cladosporiales	Cladosporiaceae	Cladosporium	Cladosporium_angustisporum	NR_111532	Cladosporium_exile	1.82e-114	409.0	99.563	100	True	False	Fungi	Ascomycota	Ascomycota_p	Ascomycota_p	Ascomycota_p	Ascomycota_p	Ascomycota_p	k__Fungi; p__Ascomycota; c__Ascomycota_p; o__Ascomycota_p; f__Ascomycota_p; g__Ascomycota_p; s__Ascomycota_p	qiime_genus_unresolved	QIIME genus was unresolved.
56a66d4f4883495fe6e8252edcc6c71c	k__Fungi	k__Fungi; p__Fungi_k; c__Fungi_k; o__Fungi_k; f__Fungi_k; g__Fungi_k; s__Fungi_k	0.9999999999999982	0.9999999999999982	Fungi	Fungi_k	Fungi_k	Fungi_k	Fungi_k	Fungi_k	Fungi_k																							False	False	Fungi	Fungi_k	Fungi_k	Fungi_k	Fungi_k	Fungi_k	Fungi_k	k__Fungi; p__Fungi_k; c__Fungi_k; o__Fungi_k; f__Fungi_k; g__Fungi_k; s__Fungi_k	qiime_genus_unresolved	QIIME genus was unresolved.
ec20b845c0c4bc5fe101632d172a6d2a	k__Fungi;p__Basidiomycota;c__Tremellomycetes;o__Tremellales;f__Cryptococcaceae;g__Cryptococcus;s__Cryptococcus_neoformans;sh__SH1330342.10FU	k__Fungi; p__Basidiomycota; c__Tremellomycetes; o__Tremellales; f__Cryptococcaceae; g__Cryptococcus; s__Cryptococcus_neoformans	0.9870323101282511	0.9870323101282512	Fungi	Basidiomycota	Tremellomycetes	Tremellales	Cryptococcaceae	Cryptococcus	Cryptococcus_neoformans	NR_130682	5207	7.150000000000001e-80	294.0	99.394	98.0	165	False	candidate_available	Eukaryota	Basidiomycota	Tremellomycetes	Tremellales	Cryptococcaceae	Cryptococcus	Cryptococcus_neoformans							True	True	Fungi	Basidiomycota	Tremellomycetes	Tremellales	Cryptococcaceae	Cryptococcus	Cryptococcus_neoformans	k__Fungi; p__Basidiomycota; c__Tremellomycetes; o__Tremellales; f__Cryptococcaceae; g__Cryptococcus; s__Cryptococcus_neoformans	qiime_species_retained	QIIME already had a species-level assignment.
a0a05fb837d128e0f13ab3295773109e	k__Fungi	k__Fungi; p__Fungi_k; c__Fungi_k; o__Fungi_k; f__Fungi_k; g__Fungi_k; s__Fungi_k	1.0000000000000013	1.000000000000001	Fungi	Fungi_k	Fungi_k	Fungi_k	Fungi_k	Fungi_k	Fungi_k																							False	False	Fungi	Fungi_k	Fungi_k	Fungi_k	Fungi_k	Fungi_k	Fungi_k	k__Fungi; p__Fungi_k; c__Fungi_k; o__Fungi_k; f__Fungi_k; g__Fungi_k; s__Fungi_k	qiime_genus_unresolved	QIIME genus was unresolved.
158508c453d93903d315196a844918ef	k__Fungi	k__Fungi; p__Fungi_k; c__Fungi_k; o__Fungi_k; f__Fungi_k; g__Fungi_k; s__Fungi_k	1.0000000000000124	1.0000000000000124	Fungi	Fungi_k	Fungi_k	Fungi_k	Fungi_k	Fungi_k	Fungi_k																							False	False	Fungi	Fungi_k	Fungi_k	Fungi_k	Fungi_k	Fungi_k	Fungi_k	k__Fungi; p__Fungi_k; c__Fungi_k; o__Fungi_k; f__Fungi_k; g__Fungi_k; s__Fungi_k	qiime_genus_unresolved	QIIME genus was unresolved.
6b364ee32451dd49784a71f534ef2bae	k__Fungi;p__Ascomycota;c__Eurotiomycetes;o__Eurotiales;f__Aspergillaceae	k__Fungi; p__Ascomycota; c__Eurotiomycetes; o__Eurotiales; f__Aspergillaceae; g__Aspergillaceae_f; s__Aspergillaceae_f	0.9760074263478498	0.9760074263478498	Fungi	Ascomycota	Eurotiomycetes	Eurotiales	Aspergillaceae	Aspergillaceae_f	Aspergillaceae_f	NR_121481	746128	6.42e-46	179.0	100.0	94.0	99	True	candidate_available	Eukaryota	Ascomycota	Eurotiomycetes	Eurotiales	Aspergillaceae	Aspergillus	Aspergillus_fumigatus	NR_138362	Aspergillus_oerlinghausenensis	6.42e-46	179.0	100.0	94	True	False	Fungi	Ascomycota	Eurotiomycetes	Eurotiales	Aspergillaceae	Aspergillaceae_f	Aspergillaceae_f	k__Fungi; p__Ascomycota; c__Eurotiomycetes; o__Eurotiales; f__Aspergillaceae; g__Aspergillaceae_f; s__Aspergillaceae_f	qiime_genus_unresolved	QIIME genus was unresolved.
fb16acc3ac783ab7d6101776190a58e0	k__Fungi;p__Ascomycota	k__Fungi; p__Ascomycota; c__Ascomycota_p; o__Ascomycota_p; f__Ascomycota_p; g__Ascomycota_p; s__Ascomycota_p	0.7559445118261395	0.7559445118261395	Fungi	Ascomycota	Ascomycota_p	Ascomycota_p	Ascomycota_p	Ascomycota_p	Ascomycota_p																							False	False	Fungi	Ascomycota	Ascomycota_p	Ascomycota_p	Ascomycota_p	Ascomycota_p	Ascomycota_p	k__Fungi; p__Ascomycota; c__Ascomycota_p; o__Ascomycota_p; f__Ascomycota_p; g__Ascomycota_p; s__Ascomycota_p	qiime_genus_unresolved	QIIME genus was unresolved.
e964994d6f202441af10c435acc7d999	k__Fungi;p__Ascomycota;c__Saccharomycetes;o__Saccharomycetales;f__Saccharomycetaceae;g__Nakaseomyces;s__Nakaseomyces_glabratus	k__Fungi; p__Ascomycota; c__Saccharomycetes; o__Saccharomycetales; f__Saccharomycetaceae; g__Nakaseomyces; s__Nakaseomyces_glabratus	0.9997661201696673	0.9997661201696671	Fungi	Ascomycota	Saccharomycetes	Saccharomycetales	Saccharomycetaceae	Nakaseomyces	Nakaseomyces_glabratus	NR_130691	5478	4.78e-62	234.0	99.242	94.0	132	False	candidate_available	Eukaryota	Ascomycota	Saccharomycetes	Saccharomycetales	Saccharomycetaceae	Nakaseomyces	Nakaseomyces_glabratus							True	True	Fungi	Ascomycota	Saccharomycetes	Saccharomycetales	Saccharomycetaceae	Nakaseomyces	Nakaseomyces_glabratus	k__Fungi; p__Ascomycota; c__Saccharomycetes; o__Saccharomycetales; f__Saccharomycetaceae; g__Nakaseomyces; s__Nakaseomyces_glabratus	qiime_species_retained	QIIME already had a species-level assignment.
5535856acc809af76ab3ddb22e9e211d	k__Fungi	k__Fungi; p__Fungi_k; c__Fungi_k; o__Fungi_k; f__Fungi_k; g__Fungi_k; s__Fungi_k	1.000000000000006	1.000000000000006	Fungi	Fungi_k	Fungi_k	Fungi_k	Fungi_k	Fungi_k	Fungi_k																							False	False	Fungi	Fungi_k	Fungi_k	Fungi_k	Fungi_k	Fungi_k	Fungi_k	k__Fungi; p__Fungi_k; c__Fungi_k; o__Fungi_k; f__Fungi_k; g__Fungi_k; s__Fungi_k	qiime_genus_unresolved	QIIME genus was unresolved.
9787c7e873499f9e560ca6b6422ce0e8	k__Fungi	k__Fungi; p__Fungi_k; c__Fungi_k; o__Fungi_k; f__Fungi_k; g__Fungi_k; s__Fungi_k	0.9999999999999998	0.9999999999999998	Fungi	Fungi_k	Fungi_k	Fungi_k	Fungi_k	Fungi_k	Fungi_k																							False	False	Fungi	Fungi_k	Fungi_k	Fungi_k	Fungi_k	Fungi_k	Fungi_k	k__Fungi; p__Fungi_k; c__Fungi_k; o__Fungi_k; f__Fungi_k; g__Fungi_k; s__Fungi_k	qiime_genus_unresolved	QIIME genus was unresolved.
1b7d4ee38520a8d71abb44031eecc577	k__Fungi	k__Fungi; p__Fungi_k; c__Fungi_k; o__Fungi_k; f__Fungi_k; g__Fungi_k; s__Fungi_k	0.9999999999999942	0.9999999999999942	Fungi	Fungi_k	Fungi_k	Fungi_k	Fungi_k	Fungi_k	Fungi_k																							False	False	Fungi	Fungi_k	Fungi_k	Fungi_k	Fungi_k	Fungi_k	Fungi_k	k__Fungi; p__Fungi_k; c__Fungi_k; o__Fungi_k; f__Fungi_k; g__Fungi_k; s__Fungi_k	qiime_genus_unresolved	QIIME genus was unresolved.
22b75b5c2a1c978878bc54274f7dffa6	k__Fungi;p__Ascomycota	k__Fungi; p__Ascomycota; c__Ascomycota_p; o__Ascomycota_p; f__Ascomycota_p; g__Ascomycota_p; s__Ascomycota_p	0.9155776981075543	0.9155776981075544	Fungi	Ascomycota	Ascomycota_p	Ascomycota_p	Ascomycota_p	Ascomycota_p	Ascomycota_p	NR_077145	5076	1.65e-154	542.0	100.0	100.0	300	True	candidate_available	Eukaryota	Ascomycota	Eurotiomycetes	Eurotiales	Aspergillaceae	Penicillium	Penicillium_chrysogenum	NR_103695	Penicillium_flavigenum	1.65e-154	542.0	100.0	100	True	False	Fungi	Ascomycota	Ascomycota_p	Ascomycota_p	Ascomycota_p	Ascomycota_p	Ascomycota_p	k__Fungi; p__Ascomycota; c__Ascomycota_p; o__Ascomycota_p; f__Ascomycota_p; g__Ascomycota_p; s__Ascomycota_p	qiime_genus_unresolved	QIIME genus was unresolved.
5f75d4aac0231ac26b212754cfe7bc3e	k__Fungi	k__Fungi; p__Fungi_k; c__Fungi_k; o__Fungi_k; f__Fungi_k; g__Fungi_k; s__Fungi_k	1.000000000000014	1.000000000000014	Fungi	Fungi_k	Fungi_k	Fungi_k	Fungi_k	Fungi_k	Fungi_k																							False	False	Fungi	Fungi_k	Fungi_k	Fungi_k	Fungi_k	Fungi_k	Fungi_k	k__Fungi; p__Fungi_k; c__Fungi_k; o__Fungi_k; f__Fungi_k; g__Fungi_k; s__Fungi_k	qiime_genus_unresolved	QIIME genus was unresolved.
6a84d445d0bc5b70a398f6fdf01eb66f	k__Fungi;p__Ascomycota	k__Fungi; p__Ascomycota; c__Ascomycota_p; o__Ascomycota_p; f__Ascomycota_p; g__Ascomycota_p; s__Ascomycota_p	0.8639425011829721	0.8639425011829721	Fungi	Ascomycota	Ascomycota_p	Ascomycota_p	Ascomycota_p	Ascomycota_p	Ascomycota_p																							False	False	Fungi	Ascomycota	Ascomycota_p	Ascomycota_p	Ascomycota_p	Ascomycota_p	Ascomycota_p	k__Fungi; p__Ascomycota; c__Ascomycota_p; o__Ascomycota_p; f__Ascomycota_p; g__Ascomycota_p; s__Ascomycota_p	qiime_genus_unresolved	QIIME genus was unresolved.
299858db667f2d7fa90d17f8f1e54be0	k__Fungi	k__Fungi; p__Fungi_k; c__Fungi_k; o__Fungi_k; f__Fungi_k; g__Fungi_k; s__Fungi_k	1.0000000000000062	1.0000000000000062	Fungi	Fungi_k	Fungi_k	Fungi_k	Fungi_k	Fungi_k	Fungi_k																							False	False	Fungi	Fungi_k	Fungi_k	Fungi_k	Fungi_k	Fungi_k	Fungi_k	k__Fungi; p__Fungi_k; c__Fungi_k; o__Fungi_k; f__Fungi_k; g__Fungi_k; s__Fungi_k	qiime_genus_unresolved	QIIME genus was unresolved.
161c64a00b60cab9cd570cec0be8db0a	k__Fungi	k__Fungi; p__Fungi_k; c__Fungi_k; o__Fungi_k; f__Fungi_k; g__Fungi_k; s__Fungi_k	1.0000000000000024	1.0000000000000024	Fungi	Fungi_k	Fungi_k	Fungi_k	Fungi_k	Fungi_k	Fungi_k																							False	False	Fungi	Fungi_k	Fungi_k	Fungi_k	Fungi_k	Fungi_k	Fungi_k	k__Fungi; p__Fungi_k; c__Fungi_k; o__Fungi_k; f__Fungi_k; g__Fungi_k; s__Fungi_k	qiime_genus_unresolved	QIIME genus was unresolved.
708ed5611c17651ff5806fa18df950fa	k__Fungi;p__Ascomycota	k__Fungi; p__Ascomycota; c__Ascomycota_p; o__Ascomycota_p; f__Ascomycota_p; g__Ascomycota_p; s__Ascomycota_p	0.7093453552290592	0.7093453552290592	Fungi	Ascomycota	Ascomycota_p	Ascomycota_p	Ascomycota_p	Ascomycota_p	Ascomycota_p																							False	False	Fungi	Ascomycota	Ascomycota_p	Ascomycota_p	Ascomycota_p	Ascomycota_p	Ascomycota_p	k__Fungi; p__Ascomycota; c__Ascomycota_p; o__Ascomycota_p; f__Ascomycota_p; g__Ascomycota_p; s__Ascomycota_p	qiime_genus_unresolved	QIIME genus was unresolved.
36a7dafd8a4806c2f7c373b5c9916b22	k__Fungi	k__Fungi; p__Fungi_k; c__Fungi_k; o__Fungi_k; f__Fungi_k; g__Fungi_k; s__Fungi_k	1.0000000000000056	1.0000000000000056	Fungi	Fungi_k	Fungi_k	Fungi_k	Fungi_k	Fungi_k	Fungi_k																							False	False	Fungi	Fungi_k	Fungi_k	Fungi_k	Fungi_k	Fungi_k	Fungi_k	k__Fungi; p__Fungi_k; c__Fungi_k; o__Fungi_k; f__Fungi_k; g__Fungi_k; s__Fungi_k	qiime_genus_unresolved	QIIME genus was unresolved.
3039df4ad5007ae4944976c043d3d432	k__Fungi	k__Fungi; p__Fungi_k; c__Fungi_k; o__Fungi_k; f__Fungi_k; g__Fungi_k; s__Fungi_k	0.9999999999999893	0.9999999999999892	Fungi	Fungi_k	Fungi_k	Fungi_k	Fungi_k	Fungi_k	Fungi_k																							False	False	Fungi	Fungi_k	Fungi_k	Fungi_k	Fungi_k	Fungi_k	Fungi_k	k__Fungi; p__Fungi_k; c__Fungi_k; o__Fungi_k; f__Fungi_k; g__Fungi_k; s__Fungi_k	qiime_genus_unresolved	QIIME genus was unresolved.
a56894c6c241a00138a745e9bf67a443	k__Fungi;p__Ascomycota	k__Fungi; p__Ascomycota; c__Ascomycota_p; o__Ascomycota_p; f__Ascomycota_p; g__Ascomycota_p; s__Ascomycota_p	0.905455755444478	0.905455755444478	Fungi	Ascomycota	Ascomycota_p	Ascomycota_p	Ascomycota_p	Ascomycota_p	Ascomycota_p	NR_077145	5076	2.46e-152	535.0	99.336	100.0	301	True	candidate_available	Eukaryota	Ascomycota	Eurotiomycetes	Eurotiales	Aspergillaceae	Penicillium	Penicillium_chrysogenum	NR_103695	Penicillium_flavigenum	2.46e-152	535.0	99.336	100	True	False	Fungi	Ascomycota	Ascomycota_p	Ascomycota_p	Ascomycota_p	Ascomycota_p	Ascomycota_p	k__Fungi; p__Ascomycota; c__Ascomycota_p; o__Ascomycota_p; f__Ascomycota_p; g__Ascomycota_p; s__Ascomycota_p	qiime_genus_unresolved	QIIME genus was unresolved.
c9e58beca8becb5fcc7e538ede488f9e	k__Fungi;p__Ascomycota	k__Fungi; p__Ascomycota; c__Ascomycota_p; o__Ascomycota_p; f__Ascomycota_p; g__Ascomycota_p; s__Ascomycota_p	0.7681166306900544	0.7681166306900544	Fungi	Ascomycota	Ascomycota_p	Ascomycota_p	Ascomycota_p	Ascomycota_p	Ascomycota_p																							False	False	Fungi	Ascomycota	Ascomycota_p	Ascomycota_p	Ascomycota_p	Ascomycota_p	Ascomycota_p	k__Fungi; p__Ascomycota; c__Ascomycota_p; o__Ascomycota_p; f__Ascomycota_p; g__Ascomycota_p; s__Ascomycota_p	qiime_genus_unresolved	QIIME genus was unresolved.
e2b964f9c965bdcdf26553e425dbd793	k__Fungi	k__Fungi; p__Fungi_k; c__Fungi_k; o__Fungi_k; f__Fungi_k; g__Fungi_k; s__Fungi_k	0.9999999999999964	0.9999999999999964	Fungi	Fungi_k	Fungi_k	Fungi_k	Fungi_k	Fungi_k	Fungi_k																							False	False	Fungi	Fungi_k	Fungi_k	Fungi_k	Fungi_k	Fungi_k	Fungi_k	k__Fungi; p__Fungi_k; c__Fungi_k; o__Fungi_k; f__Fungi_k; g__Fungi_k; s__Fungi_k	qiime_genus_unresolved	QIIME genus was unresolved.
8965aa6d2863f5cb3cd73c6b457b8c10	k__Fungi	k__Fungi; p__Fungi_k; c__Fungi_k; o__Fungi_k; f__Fungi_k; g__Fungi_k; s__Fungi_k	0.9999999999999937	0.9999999999999936	Fungi	Fungi_k	Fungi_k	Fungi_k	Fungi_k	Fungi_k	Fungi_k																							False	False	Fungi	Fungi_k	Fungi_k	Fungi_k	Fungi_k	Fungi_k	Fungi_k	k__Fungi; p__Fungi_k; c__Fungi_k; o__Fungi_k; f__Fungi_k; g__Fungi_k; s__Fungi_k	qiime_genus_unresolved	QIIME genus was unresolved.
b96feb915f752cb0cac454b227ea516d	k__Fungi	k__Fungi; p__Fungi_k; c__Fungi_k; o__Fungi_k; f__Fungi_k; g__Fungi_k; s__Fungi_k	0.9999999999999976	0.9999999999999976	Fungi	Fungi_k	Fungi_k	Fungi_k	Fungi_k	Fungi_k	Fungi_k																							False	False	Fungi	Fungi_k	Fungi_k	Fungi_k	Fungi_k	Fungi_k	Fungi_k	k__Fungi; p__Fungi_k; c__Fungi_k; o__Fungi_k; f__Fungi_k; g__Fungi_k; s__Fungi_k	qiime_genus_unresolved	QIIME genus was unresolved.
247c8459db6ae8b1257380e69c42b883	k__Fungi;p__Ascomycota;c__Eurotiomycetes;o__Eurotiales;f__Aspergillaceae;g__Penicillium	k__Fungi; p__Ascomycota; c__Eurotiomycetes; o__Eurotiales; f__Aspergillaceae; g__Penicillium; s__Penicillium_g	0.8937002508448301	0.8937002508448301	Fungi	Ascomycota	Eurotiomycetes	Eurotiales	Aspergillaceae	Penicillium	Penicillium_g	NR_137882	293560	1.17e-58	223.0	100.0	89.0	123	True	candidate_available	Eukaryota	Ascomycota	Eurotiomycetes	Eurotiales	Aspergillaceae	Penicillium	Penicillium_marinum	NR_137883	Penicillium_thymicola	1.17e-58	223.0	100.0	89	True	True	Fungi	Ascomycota	Eurotiomycetes	Eurotiales	Aspergillaceae	Penicillium	Penicillium_g	k__Fungi; p__Ascomycota; c__Eurotiomycetes; o__Eurotiales; f__Aspergillaceae; g__Penicillium; s__Penicillium_g	ambiguous_blast_hit	Top 1 and Top 2 had exact score ties but different species.
dbd506df66b81dcdb231c7b21f39140b	k__Fungi;p__Basidiomycota;c__Agaricomycetes;o__Polyporales;f__Meruliaceae;g__Phlebia;s__Phlebia_acerina;sh__SH1304997.10FU	k__Fungi; p__Basidiomycota; c__Agaricomycetes; o__Polyporales; f__Meruliaceae; g__Phlebia; s__Phlebia_acerina	0.851823382744896	0.851823382744896	Fungi	Basidiomycota	Agaricomycetes	Polyporales	Meruliaceae	Phlebia	Phlebia_acerina																							False	False	Fungi	Basidiomycota	Agaricomycetes	Polyporales	Meruliaceae	Phlebia	Phlebia_acerina	k__Fungi; p__Basidiomycota; c__Agaricomycetes; o__Polyporales; f__Meruliaceae; g__Phlebia; s__Phlebia_acerina	qiime_species_retained	QIIME already had a species-level assignment.
c9a08cedfce3e1d4e0167bcd82f1eed8	k__Fungi	k__Fungi; p__Fungi_k; c__Fungi_k; o__Fungi_k; f__Fungi_k; g__Fungi_k; s__Fungi_k	0.9999999999999953	0.9999999999999952	Fungi	Fungi_k	Fungi_k	Fungi_k	Fungi_k	Fungi_k	Fungi_k																							False	False	Fungi	Fungi_k	Fungi_k	Fungi_k	Fungi_k	Fungi_k	Fungi_k	k__Fungi; p__Fungi_k; c__Fungi_k; o__Fungi_k; f__Fungi_k; g__Fungi_k; s__Fungi_k	qiime_genus_unresolved	QIIME genus was unresolved.
d1e17b274ba99de355a3817e54d6236e	k__Fungi;p__Basidiomycota;c__Agaricomycetes;o__Russulales;f__Stereaceae;g__Stereaceae_gen_Incertae_sedis;s__Stereaceae_sp;sh__SH1075157.10FU	k__Fungi; p__Basidiomycota; c__Agaricomycetes; o__Russulales; f__Stereaceae; g__Stereaceae_f; s__Stereaceae_f	0.9999995792747034	0.9999995792747034	Fungi	Basidiomycota	Agaricomycetes	Russulales	Stereaceae	Stereaceae_f	Stereaceae_f																							False	False	Fungi	Basidiomycota	Agaricomycetes	Russulales	Stereaceae	Stereaceae_f	Stereaceae_f	k__Fungi; p__Basidiomycota; c__Agaricomycetes; o__Russulales; f__Stereaceae; g__Stereaceae_f; s__Stereaceae_f	qiime_genus_unresolved	QIIME genus was unresolved.
5e1d83eccf923b1343d8824231f1bbe1	k__Fungi	k__Fungi; p__Fungi_k; c__Fungi_k; o__Fungi_k; f__Fungi_k; g__Fungi_k; s__Fungi_k	0.999999999999997	0.999999999999997	Fungi	Fungi_k	Fungi_k	Fungi_k	Fungi_k	Fungi_k	Fungi_k																							False	False	Fungi	Fungi_k	Fungi_k	Fungi_k	Fungi_k	Fungi_k	Fungi_k	k__Fungi; p__Fungi_k; c__Fungi_k; o__Fungi_k; f__Fungi_k; g__Fungi_k; s__Fungi_k	qiime_genus_unresolved	QIIME genus was unresolved.
43071ca5a252d644aa64b30a517cdb84	k__Fungi;p__Basidiomycota;c__Tremellomycetes;o__Tremellales;f__Bulleribasidiaceae;g__Hannaella;s__Hannaella_oryzae;sh__SH1135713.10FU	k__Fungi; p__Basidiomycota; c__Tremellomycetes; o__Tremellales; f__Bulleribasidiaceae; g__Hannaella; s__Hannaella_oryzae	0.8104885321445096	0.8104885321445096	Fungi	Basidiomycota	Tremellomycetes	Tremellales	Bulleribasidiaceae	Hannaella	Hannaella_oryzae	NR_165938	4979	6.33e-114	407.0	99.561	100.0	228	False	candidate_available	Eukaryota	Basidiomycota	Tremellomycetes	Tremellales	Bulleribasidiaceae	Hannaella	Hannaella_oryzae							True	True	Fungi	Basidiomycota	Tremellomycetes	Tremellales	Bulleribasidiaceae	Hannaella	Hannaella_oryzae	k__Fungi; p__Basidiomycota; c__Tremellomycetes; o__Tremellales; f__Bulleribasidiaceae; g__Hannaella; s__Hannaella_oryzae	qiime_species_retained	QIIME already had a species-level assignment.
5cf5a5092050bcd623fa6eb69cef27bc	k__Fungi;p__Ascomycota;c__Leotiomycetes;o__Helotiales;f__Helotiales_fam_Incertae_sedis;g__Helotiales_gen_Incertae_sedis;s__Helotiales_sp;sh__SH1221671.10FU	k__Fungi; p__Ascomycota; c__Leotiomycetes; o__Helotiales; f__Helotiales_o; g__Helotiales_o; s__Helotiales_o	0.9991611395567411	0.9991611395567412	Fungi	Ascomycota	Leotiomycetes	Helotiales	Helotiales_o	Helotiales_o	Helotiales_o																							False	False	Fungi	Ascomycota	Leotiomycetes	Helotiales	Helotiales_o	Helotiales_o	Helotiales_o	k__Fungi; p__Ascomycota; c__Leotiomycetes; o__Helotiales; f__Helotiales_o; g__Helotiales_o; s__Helotiales_o	qiime_genus_unresolved	QIIME genus was unresolved.
337831ba7d77685699981e28fb64cf23	k__Fungi;p__Ascomycota	k__Fungi; p__Ascomycota; c__Ascomycota_p; o__Ascomycota_p; f__Ascomycota_p; g__Ascomycota_p; s__Ascomycota_p	0.7020231430594961	0.7020231430594961	Fungi	Ascomycota	Ascomycota_p	Ascomycota_p	Ascomycota_p	Ascomycota_p	Ascomycota_p																							False	False	Fungi	Ascomycota	Ascomycota_p	Ascomycota_p	Ascomycota_p	Ascomycota_p	Ascomycota_p	k__Fungi; p__Ascomycota; c__Ascomycota_p; o__Ascomycota_p; f__Ascomycota_p; g__Ascomycota_p; s__Ascomycota_p	qiime_genus_unresolved	QIIME genus was unresolved.
a8006bd4661f54caf04a33bfd953834d	k__Fungi	k__Fungi; p__Fungi_k; c__Fungi_k; o__Fungi_k; f__Fungi_k; g__Fungi_k; s__Fungi_k	0.9999999999999978	0.9999999999999978	Fungi	Fungi_k	Fungi_k	Fungi_k	Fungi_k	Fungi_k	Fungi_k																							False	False	Fungi	Fungi_k	Fungi_k	Fungi_k	Fungi_k	Fungi_k	Fungi_k	k__Fungi; p__Fungi_k; c__Fungi_k; o__Fungi_k; f__Fungi_k; g__Fungi_k; s__Fungi_k	qiime_genus_unresolved	QIIME genus was unresolved.
eb419687cb6c69004db4a72c323e21f8	k__Fungi	k__Fungi; p__Fungi_k; c__Fungi_k; o__Fungi_k; f__Fungi_k; g__Fungi_k; s__Fungi_k	1.0000000000000087	1.0000000000000089	Fungi	Fungi_k	Fungi_k	Fungi_k	Fungi_k	Fungi_k	Fungi_k																							False	False	Fungi	Fungi_k	Fungi_k	Fungi_k	Fungi_k	Fungi_k	Fungi_k	k__Fungi; p__Fungi_k; c__Fungi_k; o__Fungi_k; f__Fungi_k; g__Fungi_k; s__Fungi_k	qiime_genus_unresolved	QIIME genus was unresolved.
ab224c39466ee6d32bd0cb957ff3bf07	k__Fungi;p__Ascomycota	k__Fungi; p__Ascomycota; c__Ascomycota_p; o__Ascomycota_p; f__Ascomycota_p; g__Ascomycota_p; s__Ascomycota_p	0.951557787108703	0.951557787108703	Fungi	Ascomycota	Ascomycota_p	Ascomycota_p	Ascomycota_p	Ascomycota_p	Ascomycota_p	NR_121481	746128	2e-153	538.0	100.0	100.0	298	False	candidate_available	Eukaryota	Ascomycota	Eurotiomycetes	Eurotiales	Aspergillaceae	Aspergillus	Aspergillus_fumigatus							True	False	Fungi	Ascomycota	Ascomycota_p	Ascomycota_p	Ascomycota_p	Ascomycota_p	Ascomycota_p	k__Fungi; p__Ascomycota; c__Ascomycota_p; o__Ascomycota_p; f__Ascomycota_p; g__Ascomycota_p; s__Ascomycota_p	qiime_genus_unresolved	QIIME genus was unresolved.
5028db85c93296a70c563f0a3ef6eeb2	k__Fungi;p__Basidiomycota;c__Agaricomycetes;o__Polyporales;f__Meruliaceae;g__Phlebia;s__Phlebia_acerina;sh__SH1304997.10FU	k__Fungi; p__Basidiomycota; c__Agaricomycetes; o__Polyporales; f__Meruliaceae; g__Phlebia; s__Phlebia_acerina	0.9292612189365818	0.9292612189365818	Fungi	Basidiomycota	Agaricomycetes	Polyporales	Meruliaceae	Phlebia	Phlebia_acerina																							False	False	Fungi	Basidiomycota	Agaricomycetes	Polyporales	Meruliaceae	Phlebia	Phlebia_acerina	k__Fungi; p__Basidiomycota; c__Agaricomycetes; o__Polyporales; f__Meruliaceae; g__Phlebia; s__Phlebia_acerina	qiime_species_retained	QIIME already had a species-level assignment.
3b19d4888b7cb5cae6d71495a64c1f99	k__Fungi;p__Ascomycota;c__Dothideomycetes;o__Pleosporales;f__Phaeosphaeriaceae;g__Paraphoma	k__Fungi; p__Ascomycota; c__Dothideomycetes; o__Pleosporales; f__Phaeosphaeriaceae; g__Paraphoma; s__Paraphoma_g	0.9869399781389337	0.9869399781389336	Fungi	Ascomycota	Dothideomycetes	Pleosporales	Phaeosphaeriaceae	Paraphoma	Paraphoma_g	NR_175033	798071	2.6499999999999998e-112	402.0	99.556	100.0	225	False	candidate_available	Eukaryota	Ascomycota	Dothideomycetes	Pleosporales	Phaeosphaeriaceae	Paraphoma	Paraphoma_chrysanthemicola							True	True	Fungi	Ascomycota	Dothideomycetes	Pleosporales	Phaeosphaeriaceae	Paraphoma	Paraphoma_chrysanthemicola	k__Fungi; p__Ascomycota; c__Dothideomycetes; o__Pleosporales; f__Phaeosphaeriaceae; g__Paraphoma; s__Paraphoma_chrysanthemicola	species_replaced_by_blast	Strict BLAST evidence supported species-only replacement.
5187486fe872390b9182d5481d070c1e	k__Fungi;p__Ascomycota;c__Dothideomycetes;o__Pleosporales;f__Pleosporales_fam_Incertae_sedis;g__Pleosporales_gen_Incertae_sedis;s__Pleosporales_sp;sh__SH1409076.10FU	k__Fungi; p__Ascomycota; c__Dothideomycetes; o__Pleosporales; f__Pleosporales_o; g__Pleosporales_o; s__Pleosporales_o	0.9587797714283188	0.9587797714283188	Fungi	Ascomycota	Dothideomycetes	Pleosporales	Pleosporales_o	Pleosporales_o	Pleosporales_o																							False	False	Fungi	Ascomycota	Dothideomycetes	Pleosporales	Pleosporales_o	Pleosporales_o	Pleosporales_o	k__Fungi; p__Ascomycota; c__Dothideomycetes; o__Pleosporales; f__Pleosporales_o; g__Pleosporales_o; s__Pleosporales_o	qiime_genus_unresolved	QIIME genus was unresolved.
58b2e2109c1625d12106aa0c3bbdc3d8	k__Fungi	k__Fungi; p__Fungi_k; c__Fungi_k; o__Fungi_k; f__Fungi_k; g__Fungi_k; s__Fungi_k	1.000000000000004	1.000000000000004	Fungi	Fungi_k	Fungi_k	Fungi_k	Fungi_k	Fungi_k	Fungi_k																							False	False	Fungi	Fungi_k	Fungi_k	Fungi_k	Fungi_k	Fungi_k	Fungi_k	k__Fungi; p__Fungi_k; c__Fungi_k; o__Fungi_k; f__Fungi_k; g__Fungi_k; s__Fungi_k	qiime_genus_unresolved	QIIME genus was unresolved.
70c24fbf5a1015511f7eeaa619943c09	k__Fungi	k__Fungi; p__Fungi_k; c__Fungi_k; o__Fungi_k; f__Fungi_k; g__Fungi_k; s__Fungi_k	1.0000000000000004	1.0000000000000004	Fungi	Fungi_k	Fungi_k	Fungi_k	Fungi_k	Fungi_k	Fungi_k																							False	False	Fungi	Fungi_k	Fungi_k	Fungi_k	Fungi_k	Fungi_k	Fungi_k	k__Fungi; p__Fungi_k; c__Fungi_k; o__Fungi_k; f__Fungi_k; g__Fungi_k; s__Fungi_k	qiime_genus_unresolved	QIIME genus was unresolved.
ccd9b87685ec477410a892a19c6f56e2	k__Fungi;p__Ascomycota	k__Fungi; p__Ascomycota; c__Ascomycota_p; o__Ascomycota_p; f__Ascomycota_p; g__Ascomycota_p; s__Ascomycota_p	0.7343171948861756	0.7343171948861756	Fungi	Ascomycota	Ascomycota_p	Ascomycota_p	Ascomycota_p	Ascomycota_p	Ascomycota_p																							False	False	Fungi	Ascomycota	Ascomycota_p	Ascomycota_p	Ascomycota_p	Ascomycota_p	Ascomycota_p	k__Fungi; p__Ascomycota; c__Ascomycota_p; o__Ascomycota_p; f__Ascomycota_p; g__Ascomycota_p; s__Ascomycota_p	qiime_genus_unresolved	QIIME genus was unresolved.
ea97745628171c1b7140643a9f70461e	k__Fungi;p__Ascomycota	k__Fungi; p__Ascomycota; c__Ascomycota_p; o__Ascomycota_p; f__Ascomycota_p; g__Ascomycota_p; s__Ascomycota_p	0.7388695501490815	0.7388695501490815	Fungi	Ascomycota	Ascomycota_p	Ascomycota_p	Ascomycota_p	Ascomycota_p	Ascomycota_p																							False	False	Fungi	Ascomycota	Ascomycota_p	Ascomycota_p	Ascomycota_p	Ascomycota_p	Ascomycota_p	k__Fungi; p__Ascomycota; c__Ascomycota_p; o__Ascomycota_p; f__Ascomycota_p; g__Ascomycota_p; s__Ascomycota_p	qiime_genus_unresolved	QIIME genus was unresolved.
3c9ae85851f407a4c95023d2f0cf58be	k__Fungi	k__Fungi; p__Fungi_k; c__Fungi_k; o__Fungi_k; f__Fungi_k; g__Fungi_k; s__Fungi_k	1.0000000000000082	1.0000000000000082	Fungi	Fungi_k	Fungi_k	Fungi_k	Fungi_k	Fungi_k	Fungi_k																							False	False	Fungi	Fungi_k	Fungi_k	Fungi_k	Fungi_k	Fungi_k	Fungi_k	k__Fungi; p__Fungi_k; c__Fungi_k; o__Fungi_k; f__Fungi_k; g__Fungi_k; s__Fungi_k	qiime_genus_unresolved	QIIME genus was unresolved.
6d536c0697e3374ffb3ec10414641759	k__Fungi;p__Ascomycota;c__Saccharomycetes;o__Saccharomycetales;f__Metschnikowiaceae;g__Metschnikowia	k__Fungi; p__Ascomycota; c__Saccharomycetes; o__Saccharomycetales; f__Metschnikowiaceae; g__Metschnikowia; s__Metschnikowia_g	0.7683973394084884	0.7683973394084884	Fungi	Ascomycota	Saccharomycetes	Saccharomycetales	Metschnikowiaceae	Metschnikowia	Metschnikowia_g																							False	False	Fungi	Ascomycota	Saccharomycetes	Saccharomycetales	Metschnikowiaceae	Metschnikowia	Metschnikowia_g	k__Fungi; p__Ascomycota; c__Saccharomycetes; o__Saccharomycetales; f__Metschnikowiaceae; g__Metschnikowia; s__Metschnikowia_g	no_eligible_blast_hit	No strict BLAST candidate was available.
eb56c19be8e5fbe1c2a1ca33be8c1b24	k__Fungi	k__Fungi; p__Fungi_k; c__Fungi_k; o__Fungi_k; f__Fungi_k; g__Fungi_k; s__Fungi_k	1.0000000000000007	1.0000000000000009	Fungi	Fungi_k	Fungi_k	Fungi_k	Fungi_k	Fungi_k	Fungi_k																							False	False	Fungi	Fungi_k	Fungi_k	Fungi_k	Fungi_k	Fungi_k	Fungi_k	k__Fungi; p__Fungi_k; c__Fungi_k; o__Fungi_k; f__Fungi_k; g__Fungi_k; s__Fungi_k	qiime_genus_unresolved	QIIME genus was unresolved.
579ecb5e770eff08feca9199a9d1b0c7	k__Fungi;p__Ascomycota;c__Lecanoromycetes;o__Lecanorales;f__Lecanoraceae;g__Rhizoplaca;s__Rhizoplaca_novomexicana;sh__SH1199517.10FU	k__Fungi; p__Ascomycota; c__Lecanoromycetes; o__Lecanorales; f__Lecanoraceae; g__Rhizoplaca; s__Rhizoplaca_novomexicana	0.8981500462268482	0.8981500462268482	Fungi	Ascomycota	Lecanoromycetes	Lecanorales	Lecanoraceae	Rhizoplaca	Rhizoplaca_novomexicana																							False	False	Fungi	Ascomycota	Lecanoromycetes	Lecanorales	Lecanoraceae	Rhizoplaca	Rhizoplaca_novomexicana	k__Fungi; p__Ascomycota; c__Lecanoromycetes; o__Lecanorales; f__Lecanoraceae; g__Rhizoplaca; s__Rhizoplaca_novomexicana	qiime_species_retained	QIIME already had a species-level assignment.
cc56f99c558815f04df56c615a4708ea	k__Fungi;p__Basidiomycota;c__Agaricomycetes;o__Polyporales;f__Irpicaceae;g__Irpex;s__Irpex_hacksungii;sh__SH1080352.10FU	k__Fungi; p__Basidiomycota; c__Agaricomycetes; o__Polyporales; f__Irpicaceae; g__Irpex; s__Irpex_hacksungii	0.9920246531809809	0.9920246531809808	Fungi	Basidiomycota	Agaricomycetes	Polyporales	Irpicaceae	Irpex	Irpex_hacksungii																							False	False	Fungi	Basidiomycota	Agaricomycetes	Polyporales	Irpicaceae	Irpex	Irpex_hacksungii	k__Fungi; p__Basidiomycota; c__Agaricomycetes; o__Polyporales; f__Irpicaceae; g__Irpex; s__Irpex_hacksungii	qiime_species_retained	QIIME already had a species-level assignment.
93ca18c8326c68730665b16f4afc4c27	k__Fungi;p__Ascomycota;c__Dothideomycetes;o__Pleosporales;f__Phaeosphaeriaceae;g__Paraphoma;s__Paraphoma_rhaphiolepidis;sh__SH1409153.10FU	k__Fungi; p__Ascomycota; c__Dothideomycetes; o__Pleosporales; f__Phaeosphaeriaceae; g__Paraphoma; s__Paraphoma_rhaphiolepidis	0.8764838904467078	0.8764838904467078	Fungi	Ascomycota	Dothideomycetes	Pleosporales	Phaeosphaeriaceae	Paraphoma	Paraphoma_rhaphiolepidis	NR_154344	2024343	3.28e-111	398.0	99.556	99.0	225	False	candidate_available	Eukaryota	Ascomycota	Dothideomycetes	Pleosporales	Phaeosphaeriaceae	Paraphoma	Paraphoma_pye							True	True	Fungi	Ascomycota	Dothideomycetes	Pleosporales	Phaeosphaeriaceae	Paraphoma	Paraphoma_rhaphiolepidis	k__Fungi; p__Ascomycota; c__Dothideomycetes; o__Pleosporales; f__Phaeosphaeriaceae; g__Paraphoma; s__Paraphoma_rhaphiolepidis	qiime_species_retained	QIIME already had a species-level assignment.
240d740ef91d43f334788e266d661f7b	k__Fungi;p__Basidiomycota;c__Agaricomycetes;o__Agaricales;f__Pluteaceae;g__Pluteus	k__Fungi; p__Basidiomycota; c__Agaricomycetes; o__Agaricales; f__Pluteaceae; g__Pluteus; s__Pluteus_g	0.9999999312816298	0.9999999312816298	Fungi	Basidiomycota	Agaricomycetes	Agaricales	Pluteaceae	Pluteus	Pluteus_g																							False	False	Fungi	Basidiomycota	Agaricomycetes	Agaricales	Pluteaceae	Pluteus	Pluteus_g	k__Fungi; p__Basidiomycota; c__Agaricomycetes; o__Agaricales; f__Pluteaceae; g__Pluteus; s__Pluteus_g	no_eligible_blast_hit	No strict BLAST candidate was available.
84b5c1c947a868e466363aca6892af10	k__Fungi;p__Ascomycota;c__Dothideomycetes;o__Pleosporales;f__Coniothyriaceae;g__Coniothyrium;s__Coniothyrium_sidae;sh__SH1371941.10FU	k__Fungi; p__Ascomycota; c__Dothideomycetes; o__Pleosporales; f__Coniothyriaceae; g__Coniothyrium; s__Coniothyrium_sidae	0.9973878410075192	0.9973878410075192	Fungi	Ascomycota	Dothideomycetes	Pleosporales	Coniothyriaceae	Coniothyrium	Coniothyrium_sidae	NR_156261	1351734	6.33e-114	407.0	99.561	100.0	228	True	candidate_available	Eukaryota	Ascomycota	Dothideomycetes	Pleosporales	Phaeosphaeriaceae	Setophaeosphaeria	Setophaeosphaeria_sidae	NR_171716	Setophaeosphaeria_badalingensis	6.33e-114	407.0	99.561	100	True	False	Fungi	Ascomycota	Dothideomycetes	Pleosporales	Coniothyriaceae	Coniothyrium	Coniothyrium_sidae	k__Fungi; p__Ascomycota; c__Dothideomycetes; o__Pleosporales; f__Coniothyriaceae; g__Coniothyrium; s__Coniothyrium_sidae	qiime_species_retained	QIIME already had a species-level assignment.
b2d80c0c3ae31c0fa0081d4ec7136a6b	k__Fungi	k__Fungi; p__Fungi_k; c__Fungi_k; o__Fungi_k; f__Fungi_k; g__Fungi_k; s__Fungi_k	1.000000000000003	1.000000000000003	Fungi	Fungi_k	Fungi_k	Fungi_k	Fungi_k	Fungi_k	Fungi_k																							False	False	Fungi	Fungi_k	Fungi_k	Fungi_k	Fungi_k	Fungi_k	Fungi_k	k__Fungi; p__Fungi_k; c__Fungi_k; o__Fungi_k; f__Fungi_k; g__Fungi_k; s__Fungi_k	qiime_genus_unresolved	QIIME genus was unresolved.
2f43c6a7f9331f447cc24981f1887474	k__Fungi	k__Fungi; p__Fungi_k; c__Fungi_k; o__Fungi_k; f__Fungi_k; g__Fungi_k; s__Fungi_k	0.9999999999999881	0.999999999999988	Fungi	Fungi_k	Fungi_k	Fungi_k	Fungi_k	Fungi_k	Fungi_k																							False	False	Fungi	Fungi_k	Fungi_k	Fungi_k	Fungi_k	Fungi_k	Fungi_k	k__Fungi; p__Fungi_k; c__Fungi_k; o__Fungi_k; f__Fungi_k; g__Fungi_k; s__Fungi_k	qiime_genus_unresolved	QIIME genus was unresolved.
034dd71309f0853471154f43bc02abd1	k__Fungi;p__Ascomycota	k__Fungi; p__Ascomycota; c__Ascomycota_p; o__Ascomycota_p; f__Ascomycota_p; g__Ascomycota_p; s__Ascomycota_p	0.9248302528692216	0.9248302528692216	Fungi	Ascomycota	Ascomycota_p	Ascomycota_p	Ascomycota_p	Ascomycota_p	Ascomycota_p																							False	False	Fungi	Ascomycota	Ascomycota_p	Ascomycota_p	Ascomycota_p	Ascomycota_p	Ascomycota_p	k__Fungi; p__Ascomycota; c__Ascomycota_p; o__Ascomycota_p; f__Ascomycota_p; g__Ascomycota_p; s__Ascomycota_p	qiime_genus_unresolved	QIIME genus was unresolved.
d7fc1469409e75228a73f2e6c5a2a3c7	k__Fungi;p__Ascomycota;c__Lecanoromycetes	k__Fungi; p__Ascomycota; c__Lecanoromycetes; o__Lecanoromycetes_c; f__Lecanoromycetes_c; g__Lecanoromycetes_c; s__Lecanoromycetes_c	0.7217942992389841	0.7217942992389841	Fungi	Ascomycota	Lecanoromycetes	Lecanoromycetes_c	Lecanoromycetes_c	Lecanoromycetes_c	Lecanoromycetes_c																							False	False	Fungi	Ascomycota	Lecanoromycetes	Lecanoromycetes_c	Lecanoromycetes_c	Lecanoromycetes_c	Lecanoromycetes_c	k__Fungi; p__Ascomycota; c__Lecanoromycetes; o__Lecanoromycetes_c; f__Lecanoromycetes_c; g__Lecanoromycetes_c; s__Lecanoromycetes_c	qiime_genus_unresolved	QIIME genus was unresolved.
e43a7fd010f2b357ee8e0655e81440be	k__Fungi	k__Fungi; p__Fungi_k; c__Fungi_k; o__Fungi_k; f__Fungi_k; g__Fungi_k; s__Fungi_k	0.9999999999999949	0.9999999999999948	Fungi	Fungi_k	Fungi_k	Fungi_k	Fungi_k	Fungi_k	Fungi_k																							False	False	Fungi	Fungi_k	Fungi_k	Fungi_k	Fungi_k	Fungi_k	Fungi_k	k__Fungi; p__Fungi_k; c__Fungi_k; o__Fungi_k; f__Fungi_k; g__Fungi_k; s__Fungi_k	qiime_genus_unresolved	QIIME genus was unresolved.
66b54e2a443f697f121c66c80dc95df9	k__Fungi;p__Ascomycota;c__Saccharomycetes;o__Saccharomycetales	k__Fungi; p__Ascomycota; c__Saccharomycetes; o__Saccharomycetales; f__Saccharomycetales_o; g__Saccharomycetales_o; s__Saccharomycetales_o	0.7598984057478545	0.7598984057478545	Fungi	Ascomycota	Saccharomycetes	Saccharomycetales	Saccharomycetales_o	Saccharomycetales_o	Saccharomycetales_o	NR_130691	5478	3.37e-59	224.0	100.0	100.0	124	False	candidate_available	Eukaryota	Ascomycota	Saccharomycetes	Saccharomycetales	Saccharomycetaceae	Nakaseomyces	Nakaseomyces_glabratus	NR_077073	Nakaseomyces_nivariensis	3.37e-59	224.0	100.0	92	True	False	Fungi	Ascomycota	Saccharomycetes	Saccharomycetales	Saccharomycetales_o	Saccharomycetales_o	Saccharomycetales_o	k__Fungi; p__Ascomycota; c__Saccharomycetes; o__Saccharomycetales; f__Saccharomycetales_o; g__Saccharomycetales_o; s__Saccharomycetales_o	qiime_genus_unresolved	QIIME genus was unresolved.
fbea4bf29a9ade946b3674af59bbdb75	k__Fungi;p__Basidiomycota;c__Agaricomycetes;o__Hymenochaetales;f__Hymenochaetaceae;g__Hymenochaete;s__Hymenochaete_odontoides;sh__SH1409366.10FU	k__Fungi; p__Basidiomycota; c__Agaricomycetes; o__Hymenochaetales; f__Hymenochaetaceae; g__Hymenochaete; s__Hymenochaete_odontoides	0.9897440703509177	0.9897440703509176	Fungi	Basidiomycota	Agaricomycetes	Hymenochaetales	Hymenochaetaceae	Hymenochaete	Hymenochaete_odontoides																							False	False	Fungi	Basidiomycota	Agaricomycetes	Hymenochaetales	Hymenochaetaceae	Hymenochaete	Hymenochaete_odontoides	k__Fungi; p__Basidiomycota; c__Agaricomycetes; o__Hymenochaetales; f__Hymenochaetaceae; g__Hymenochaete; s__Hymenochaete_odontoides	qiime_species_retained	QIIME already had a species-level assignment.
9a8e760195cd584b7811142a27f29b00	k__Fungi	k__Fungi; p__Fungi_k; c__Fungi_k; o__Fungi_k; f__Fungi_k; g__Fungi_k; s__Fungi_k	0.9999999999999949	0.9999999999999948	Fungi	Fungi_k	Fungi_k	Fungi_k	Fungi_k	Fungi_k	Fungi_k																							False	False	Fungi	Fungi_k	Fungi_k	Fungi_k	Fungi_k	Fungi_k	Fungi_k	k__Fungi; p__Fungi_k; c__Fungi_k; o__Fungi_k; f__Fungi_k; g__Fungi_k; s__Fungi_k	qiime_genus_unresolved	QIIME genus was unresolved.
b7bfeefde3acfbb774c0c51ff1d9ab5a	k__Fungi;p__Ascomycota;c__Dothideomycetes;o__Pleosporales;f__Phaeosphaeriaceae;g__Phaeosphaeriaceae_gen_Incertae_sedis;s__Phaeosphaeriaceae_sp;sh__SH1373954.10FU	k__Fungi; p__Ascomycota; c__Dothideomycetes; o__Pleosporales; f__Phaeosphaeriaceae; g__Phaeosphaeriaceae_f; s__Phaeosphaeriaceae_f	0.9999999978999341	0.999999997899934	Fungi	Ascomycota	Dothideomycetes	Pleosporales	Phaeosphaeriaceae	Phaeosphaeriaceae_f	Phaeosphaeriaceae_f																							False	False	Fungi	Ascomycota	Dothideomycetes	Pleosporales	Phaeosphaeriaceae	Phaeosphaeriaceae_f	Phaeosphaeriaceae_f	k__Fungi; p__Ascomycota; c__Dothideomycetes; o__Pleosporales; f__Phaeosphaeriaceae; g__Phaeosphaeriaceae_f; s__Phaeosphaeriaceae_f	qiime_genus_unresolved	QIIME genus was unresolved.
9a507bbaa2506b564c6ecc67ac11ca51	k__Fungi;p__Ascomycota;c__Dothideomycetes;o__Pleosporales	k__Fungi; p__Ascomycota; c__Dothideomycetes; o__Pleosporales; f__Pleosporales_o; g__Pleosporales_o; s__Pleosporales_o	0.9015878594103273	0.9015878594103272	Fungi	Ascomycota	Dothideomycetes	Pleosporales	Pleosporales_o	Pleosporales_o	Pleosporales_o																							False	False	Fungi	Ascomycota	Dothideomycetes	Pleosporales	Pleosporales_o	Pleosporales_o	Pleosporales_o	k__Fungi; p__Ascomycota; c__Dothideomycetes; o__Pleosporales; f__Pleosporales_o; g__Pleosporales_o; s__Pleosporales_o	qiime_genus_unresolved	QIIME genus was unresolved.
d67ec88ac6b0a4537d390059cf1dac96	k__Fungi;p__Basidiomycota	k__Fungi; p__Basidiomycota; c__Basidiomycota_p; o__Basidiomycota_p; f__Basidiomycota_p; g__Basidiomycota_p; s__Basidiomycota_p	0.9999999999851599	0.99999999998516	Fungi	Basidiomycota	Basidiomycota_p	Basidiomycota_p	Basidiomycota_p	Basidiomycota_p	Basidiomycota_p																							False	False	Fungi	Basidiomycota	Basidiomycota_p	Basidiomycota_p	Basidiomycota_p	Basidiomycota_p	Basidiomycota_p	k__Fungi; p__Basidiomycota; c__Basidiomycota_p; o__Basidiomycota_p; f__Basidiomycota_p; g__Basidiomycota_p; s__Basidiomycota_p	qiime_genus_unresolved	QIIME genus was unresolved.
24d7b4411285b730ba3e4413dd9c2988	k__Fungi;p__Basidiomycota;c__Agaricomycetes;o__Russulales;f__Peniophoraceae;g__Peniophoraceae_gen_Incertae_sedis;s__Peniophoraceae_sp;sh__SH1054279.10FU	k__Fungi; p__Basidiomycota; c__Agaricomycetes; o__Russulales; f__Peniophoraceae; g__Peniophoraceae_f; s__Peniophoraceae_f	0.9993181706716713	0.9993181706716712	Fungi	Basidiomycota	Agaricomycetes	Russulales	Peniophoraceae	Peniophoraceae_f	Peniophoraceae_f																							False	False	Fungi	Basidiomycota	Agaricomycetes	Russulales	Peniophoraceae	Peniophoraceae_f	Peniophoraceae_f	k__Fungi; p__Basidiomycota; c__Agaricomycetes; o__Russulales; f__Peniophoraceae; g__Peniophoraceae_f; s__Peniophoraceae_f	qiime_genus_unresolved	QIIME genus was unresolved.
8c9faa9e15875e19c83d12df14a5a3ff	k__Fungi;p__Ascomycota	k__Fungi; p__Ascomycota; c__Ascomycota_p; o__Ascomycota_p; f__Ascomycota_p; g__Ascomycota_p; s__Ascomycota_p	0.7144997110961564	0.7144997110961564	Fungi	Ascomycota	Ascomycota_p	Ascomycota_p	Ascomycota_p	Ascomycota_p	Ascomycota_p																							False	False	Fungi	Ascomycota	Ascomycota_p	Ascomycota_p	Ascomycota_p	Ascomycota_p	Ascomycota_p	k__Fungi; p__Ascomycota; c__Ascomycota_p; o__Ascomycota_p; f__Ascomycota_p; g__Ascomycota_p; s__Ascomycota_p	qiime_genus_unresolved	QIIME genus was unresolved.
6976a055044853c7e68d7943cfd3806a	k__Fungi	k__Fungi; p__Fungi_k; c__Fungi_k; o__Fungi_k; f__Fungi_k; g__Fungi_k; s__Fungi_k	1.0000000000000036	1.0000000000000036	Fungi	Fungi_k	Fungi_k	Fungi_k	Fungi_k	Fungi_k	Fungi_k																							False	False	Fungi	Fungi_k	Fungi_k	Fungi_k	Fungi_k	Fungi_k	Fungi_k	k__Fungi; p__Fungi_k; c__Fungi_k; o__Fungi_k; f__Fungi_k; g__Fungi_k; s__Fungi_k	qiime_genus_unresolved	QIIME genus was unresolved.
57953a259caf82bc29a84735e0ceb763	k__Fungi	k__Fungi; p__Fungi_k; c__Fungi_k; o__Fungi_k; f__Fungi_k; g__Fungi_k; s__Fungi_k	0.9999999999999877	0.9999999999999876	Fungi	Fungi_k	Fungi_k	Fungi_k	Fungi_k	Fungi_k	Fungi_k																							False	False	Fungi	Fungi_k	Fungi_k	Fungi_k	Fungi_k	Fungi_k	Fungi_k	k__Fungi; p__Fungi_k; c__Fungi_k; o__Fungi_k; f__Fungi_k; g__Fungi_k; s__Fungi_k	qiime_genus_unresolved	QIIME genus was unresolved.
c3fa753391ecc001d88bbc94b9693dd6	k__Fungi;p__Ascomycota	k__Fungi; p__Ascomycota; c__Ascomycota_p; o__Ascomycota_p; f__Ascomycota_p; g__Ascomycota_p; s__Ascomycota_p	0.7974026677575018	0.7974026677575018	Fungi	Ascomycota	Ascomycota_p	Ascomycota_p	Ascomycota_p	Ascomycota_p	Ascomycota_p																							False	False	Fungi	Ascomycota	Ascomycota_p	Ascomycota_p	Ascomycota_p	Ascomycota_p	Ascomycota_p	k__Fungi; p__Ascomycota; c__Ascomycota_p; o__Ascomycota_p; f__Ascomycota_p; g__Ascomycota_p; s__Ascomycota_p	qiime_genus_unresolved	QIIME genus was unresolved.
ccd031f4267764c6dbee39b62a142b1b	k__Fungi	k__Fungi; p__Fungi_k; c__Fungi_k; o__Fungi_k; f__Fungi_k; g__Fungi_k; s__Fungi_k	1.0000000000000004	1.0000000000000004	Fungi	Fungi_k	Fungi_k	Fungi_k	Fungi_k	Fungi_k	Fungi_k																							False	False	Fungi	Fungi_k	Fungi_k	Fungi_k	Fungi_k	Fungi_k	Fungi_k	k__Fungi; p__Fungi_k; c__Fungi_k; o__Fungi_k; f__Fungi_k; g__Fungi_k; s__Fungi_k	qiime_genus_unresolved	QIIME genus was unresolved.
a810f4bd2f53d48fc7f37e94bf363fc4	k__Fungi	k__Fungi; p__Fungi_k; c__Fungi_k; o__Fungi_k; f__Fungi_k; g__Fungi_k; s__Fungi_k	1.0000000000000042	1.0000000000000042	Fungi	Fungi_k	Fungi_k	Fungi_k	Fungi_k	Fungi_k	Fungi_k																							False	False	Fungi	Fungi_k	Fungi_k	Fungi_k	Fungi_k	Fungi_k	Fungi_k	k__Fungi; p__Fungi_k; c__Fungi_k; o__Fungi_k; f__Fungi_k; g__Fungi_k; s__Fungi_k	qiime_genus_unresolved	QIIME genus was unresolved.
0e3a92d5368de742d7e37a8b3d7f4bfa	k__Fungi;p__Ascomycota;c__Eurotiomycetes;o__Onygenales;f__Arthrodermataceae	k__Fungi; p__Ascomycota; c__Eurotiomycetes; o__Onygenales; f__Arthrodermataceae; g__Arthrodermataceae_f; s__Arthrodermataceae_f	0.7531465609314464	0.7531465609314464	Fungi	Ascomycota	Eurotiomycetes	Onygenales	Arthrodermataceae	Arthrodermataceae_f	Arthrodermataceae_f	NR_131265	63405	8.73e-81	297.0	99.401	91.0	167	True	candidate_available	Eukaryota	Ascomycota	Eurotiomycetes	Onygenales	Arthrodermataceae	Microsporum	Microsporum_canis	NR_144883	Microsporum_audouinii	8.73e-81	297.0	99.401	91	True	False	Fungi	Ascomycota	Eurotiomycetes	Onygenales	Arthrodermataceae	Arthrodermataceae_f	Arthrodermataceae_f	k__Fungi; p__Ascomycota; c__Eurotiomycetes; o__Onygenales; f__Arthrodermataceae; g__Arthrodermataceae_f; s__Arthrodermataceae_f	qiime_genus_unresolved	QIIME genus was unresolved.
d30bd92498a8cd6f581788d3c914949d	k__Fungi;p__Ascomycota;c__Eurotiomycetes;o__Eurotiales;f__Aspergillaceae;g__Penicillium	k__Fungi; p__Ascomycota; c__Eurotiomycetes; o__Eurotiales; f__Aspergillaceae; g__Penicillium; s__Penicillium_g	0.7373960690050727	0.7373960690050727	Fungi	Ascomycota	Eurotiomycetes	Eurotiales	Aspergillaceae	Penicillium	Penicillium_g																							False	False	Fungi	Ascomycota	Eurotiomycetes	Eurotiales	Aspergillaceae	Penicillium	Penicillium_g	k__Fungi; p__Ascomycota; c__Eurotiomycetes; o__Eurotiales; f__Aspergillaceae; g__Penicillium; s__Penicillium_g	no_eligible_blast_hit	No strict BLAST candidate was available.
94c0d2deeddd5f1e709b971ddca5b96f	k__Fungi;p__Ascomycota	k__Fungi; p__Ascomycota; c__Ascomycota_p; o__Ascomycota_p; f__Ascomycota_p; g__Ascomycota_p; s__Ascomycota_p	0.999999987648542	0.999999987648542	Fungi	Ascomycota	Ascomycota_p	Ascomycota_p	Ascomycota_p	Ascomycota_p	Ascomycota_p	NR_163754	2562765	1.4899999999999999e-115	412.0	100.0	100.0	228	True	candidate_available	Eukaryota	Ascomycota	Sordariomycetes	Hypocreales	Nectriaceae	Fusarium	Fusarium_pernambucanum	NR_164594	Fusarium_luffae	1.49e-115	412.0	100.0	100	True	False	Fungi	Ascomycota	Ascomycota_p	Ascomycota_p	Ascomycota_p	Ascomycota_p	Ascomycota_p	k__Fungi; p__Ascomycota; c__Ascomycota_p; o__Ascomycota_p; f__Ascomycota_p; g__Ascomycota_p; s__Ascomycota_p	qiime_genus_unresolved	QIIME genus was unresolved.
94dddfcdc76df2a1fd9cc9fef269a37a	k__Fungi;p__Basidiomycota;c__Agaricomycetes;o__Auriculariales;f__Auriculariaceae;g__Exidia;s__Exidia_uvapassa;sh__SH1313388.10FU	k__Fungi; p__Basidiomycota; c__Agaricomycetes; o__Auriculariales; f__Auriculariaceae; g__Exidia; s__Exidia_uvapassa	0.8848182369666833	0.8848182369666833	Fungi	Basidiomycota	Agaricomycetes	Auriculariales	Auriculariaceae	Exidia	Exidia_uvapassa																							False	False	Fungi	Basidiomycota	Agaricomycetes	Auriculariales	Auriculariaceae	Exidia	Exidia_uvapassa	k__Fungi; p__Basidiomycota; c__Agaricomycetes; o__Auriculariales; f__Auriculariaceae; g__Exidia; s__Exidia_uvapassa	qiime_species_retained	QIIME already had a species-level assignment.
3ee47f1d98e4915c5a3a26a8c46c4890	k__Fungi;p__Basidiomycota;c__Agaricomycetes;o__Russulales;f__Peniophoraceae;g__Peniophoraceae_gen_Incertae_sedis;s__Peniophoraceae_sp;sh__SH1054364.10FU	k__Fungi; p__Basidiomycota; c__Agaricomycetes; o__Russulales; f__Peniophoraceae; g__Peniophoraceae_f; s__Peniophoraceae_f	0.9940330945492207	0.9940330945492208	Fungi	Basidiomycota	Agaricomycetes	Russulales	Peniophoraceae	Peniophoraceae_f	Peniophoraceae_f																							False	False	Fungi	Basidiomycota	Agaricomycetes	Russulales	Peniophoraceae	Peniophoraceae_f	Peniophoraceae_f	k__Fungi; p__Basidiomycota; c__Agaricomycetes; o__Russulales; f__Peniophoraceae; g__Peniophoraceae_f; s__Peniophoraceae_f	qiime_genus_unresolved	QIIME genus was unresolved.
6d5d5e8e8195643d12ad9f89722821ba	k__Fungi;p__Ascomycota;c__Dothideomycetes;o__Pleosporales;f__Periconiaceae;g__Periconia;s__Periconia_celtidis;sh__SH1309970.10FU	k__Fungi; p__Ascomycota; c__Dothideomycetes; o__Pleosporales; f__Periconiaceae; g__Periconia; s__Periconia_celtidis	0.9984583685944256	0.9984583685944256	Fungi	Ascomycota	Dothideomycetes	Pleosporales	Periconiaceae	Periconia	Periconia_celtidis	NR_174830	2777685	1.4899999999999999e-115	412.0	100.0	100.0	228	False	candidate_available	Eukaryota	Ascomycota	Dothideomycetes	Pleosporales	Periconiaceae	Periconia	Periconia_celtidis							True	True	Fungi	Ascomycota	Dothideomycetes	Pleosporales	Periconiaceae	Periconia	Periconia_celtidis	k__Fungi; p__Ascomycota; c__Dothideomycetes; o__Pleosporales; f__Periconiaceae; g__Periconia; s__Periconia_celtidis	qiime_species_retained	QIIME already had a species-level assignment.
4f6650e0c14cacd7abd09857e6585ff4	k__Fungi;p__Basidiomycota	k__Fungi; p__Basidiomycota; c__Basidiomycota_p; o__Basidiomycota_p; f__Basidiomycota_p; g__Basidiomycota_p; s__Basidiomycota_p	0.9999999999200049	0.9999999999200048	Fungi	Basidiomycota	Basidiomycota_p	Basidiomycota_p	Basidiomycota_p	Basidiomycota_p	Basidiomycota_p																							False	False	Fungi	Basidiomycota	Basidiomycota_p	Basidiomycota_p	Basidiomycota_p	Basidiomycota_p	Basidiomycota_p	k__Fungi; p__Basidiomycota; c__Basidiomycota_p; o__Basidiomycota_p; f__Basidiomycota_p; g__Basidiomycota_p; s__Basidiomycota_p	qiime_genus_unresolved	QIIME genus was unresolved.
d6cc98cce9c2687e7e03206bda7d9f64	k__Fungi;p__Basidiomycota;c__Agaricomycetes;o__Russulales;f__Peniophoraceae;g__Peniophoraceae_gen_Incertae_sedis;s__Peniophoraceae_sp;sh__SH1054279.10FU	k__Fungi; p__Basidiomycota; c__Agaricomycetes; o__Russulales; f__Peniophoraceae; g__Peniophoraceae_f; s__Peniophoraceae_f	0.9999394118493026	0.9999394118493026	Fungi	Basidiomycota	Agaricomycetes	Russulales	Peniophoraceae	Peniophoraceae_f	Peniophoraceae_f																							False	False	Fungi	Basidiomycota	Agaricomycetes	Russulales	Peniophoraceae	Peniophoraceae_f	Peniophoraceae_f	k__Fungi; p__Basidiomycota; c__Agaricomycetes; o__Russulales; f__Peniophoraceae; g__Peniophoraceae_f; s__Peniophoraceae_f	qiime_genus_unresolved	QIIME genus was unresolved.
ccf3654d7cb955da43f548b2d4a6463a	k__Fungi;p__Basidiomycota;c__Agaricomycetes;o__Hymenochaetales;f__Schizoporaceae;g__Hyphodontia;s__Hyphodontia_tropica;sh__SH1386342.10FU	k__Fungi; p__Basidiomycota; c__Agaricomycetes; o__Hymenochaetales; f__Schizoporaceae; g__Hyphodontia; s__Hyphodontia_tropica	0.9972330021560939	0.997233002156094	Fungi	Basidiomycota	Agaricomycetes	Hymenochaetales	Schizoporaceae	Hyphodontia	Hyphodontia_tropica	NR_198413	3031043	1.4899999999999999e-115	412.0	100.0	100.0	228	False	candidate_available	Eukaryota	Basidiomycota	Agaricomycetes	Hymenochaetales	Schizoporaceae	Xylodon	Xylodon_muchuanensis	NR_198335	Xylodon_puerensis	7.71e-113	403.0	99.123	100	True	False	Fungi	Basidiomycota	Agaricomycetes	Hymenochaetales	Schizoporaceae	Hyphodontia	Hyphodontia_tropica	k__Fungi; p__Basidiomycota; c__Agaricomycetes; o__Hymenochaetales; f__Schizoporaceae; g__Hyphodontia; s__Hyphodontia_tropica	qiime_species_retained	QIIME already had a species-level assignment.
1540d97c8f1d072ae65b7a4c33585746	k__Fungi;p__Ascomycota;c__Leotiomycetes;o__Thelebolales;f__Thelebolaceae;g__Thelebolus;s__Thelebolus_sp;sh__SH1255014.10FU	k__Fungi; p__Ascomycota; c__Leotiomycetes; o__Thelebolales; f__Thelebolaceae; g__Thelebolus; s__Thelebolus_g	0.9635343170173765	0.9635343170173764	Fungi	Ascomycota	Leotiomycetes	Thelebolales	Thelebolaceae	Thelebolus	Thelebolus_g																							False	False	Fungi	Ascomycota	Leotiomycetes	Thelebolales	Thelebolaceae	Thelebolus	Thelebolus_g	k__Fungi; p__Ascomycota; c__Leotiomycetes; o__Thelebolales; f__Thelebolaceae; g__Thelebolus; s__Thelebolus_g	no_eligible_blast_hit	No strict BLAST candidate was available.
7332820fcc90af10ffa68c99d5c2d874	k__Fungi;p__Ascomycota	k__Fungi; p__Ascomycota; c__Ascomycota_p; o__Ascomycota_p; f__Ascomycota_p; g__Ascomycota_p; s__Ascomycota_p	0.7526178311773432	0.7526178311773432	Fungi	Ascomycota	Ascomycota_p	Ascomycota_p	Ascomycota_p	Ascomycota_p	Ascomycota_p																							False	False	Fungi	Ascomycota	Ascomycota_p	Ascomycota_p	Ascomycota_p	Ascomycota_p	Ascomycota_p	k__Fungi; p__Ascomycota; c__Ascomycota_p; o__Ascomycota_p; f__Ascomycota_p; g__Ascomycota_p; s__Ascomycota_p	qiime_genus_unresolved	QIIME genus was unresolved.
6e82328c42ba7c3e6116b76beafea40d	k__Fungi	k__Fungi; p__Fungi_k; c__Fungi_k; o__Fungi_k; f__Fungi_k; g__Fungi_k; s__Fungi_k	0.9999999999999977	0.9999999999999976	Fungi	Fungi_k	Fungi_k	Fungi_k	Fungi_k	Fungi_k	Fungi_k																							False	False	Fungi	Fungi_k	Fungi_k	Fungi_k	Fungi_k	Fungi_k	Fungi_k	k__Fungi; p__Fungi_k; c__Fungi_k; o__Fungi_k; f__Fungi_k; g__Fungi_k; s__Fungi_k	qiime_genus_unresolved	QIIME genus was unresolved.
05b496404be4e237c87028a88f649e1a	k__Fungi;p__Ascomycota	k__Fungi; p__Ascomycota; c__Ascomycota_p; o__Ascomycota_p; f__Ascomycota_p; g__Ascomycota_p; s__Ascomycota_p	0.70735341086613	0.70735341086613	Fungi	Ascomycota	Ascomycota_p	Ascomycota_p	Ascomycota_p	Ascomycota_p	Ascomycota_p																							False	False	Fungi	Ascomycota	Ascomycota_p	Ascomycota_p	Ascomycota_p	Ascomycota_p	Ascomycota_p	k__Fungi; p__Ascomycota; c__Ascomycota_p; o__Ascomycota_p; f__Ascomycota_p; g__Ascomycota_p; s__Ascomycota_p	qiime_genus_unresolved	QIIME genus was unresolved.
bfd09568df5b64763bb30e17f8d02f3c	k__Fungi	k__Fungi; p__Fungi_k; c__Fungi_k; o__Fungi_k; f__Fungi_k; g__Fungi_k; s__Fungi_k	1.0000000000000133	1.000000000000013	Fungi	Fungi_k	Fungi_k	Fungi_k	Fungi_k	Fungi_k	Fungi_k																							False	False	Fungi	Fungi_k	Fungi_k	Fungi_k	Fungi_k	Fungi_k	Fungi_k	k__Fungi; p__Fungi_k; c__Fungi_k; o__Fungi_k; f__Fungi_k; g__Fungi_k; s__Fungi_k	qiime_genus_unresolved	QIIME genus was unresolved.
0fb48a8ab7edb9fc5d7e0721fd6a71ed	k__Fungi	k__Fungi; p__Fungi_k; c__Fungi_k; o__Fungi_k; f__Fungi_k; g__Fungi_k; s__Fungi_k	1.0000000000000135	1.0000000000000135	Fungi	Fungi_k	Fungi_k	Fungi_k	Fungi_k	Fungi_k	Fungi_k																							False	False	Fungi	Fungi_k	Fungi_k	Fungi_k	Fungi_k	Fungi_k	Fungi_k	k__Fungi; p__Fungi_k; c__Fungi_k; o__Fungi_k; f__Fungi_k; g__Fungi_k; s__Fungi_k	qiime_genus_unresolved	QIIME genus was unresolved.
dd36eed9b61d37d408572443dac7a3cd	k__Fungi	k__Fungi; p__Fungi_k; c__Fungi_k; o__Fungi_k; f__Fungi_k; g__Fungi_k; s__Fungi_k	1.0000000000000013	1.000000000000001	Fungi	Fungi_k	Fungi_k	Fungi_k	Fungi_k	Fungi_k	Fungi_k																							False	False	Fungi	Fungi_k	Fungi_k	Fungi_k	Fungi_k	Fungi_k	Fungi_k	k__Fungi; p__Fungi_k; c__Fungi_k; o__Fungi_k; f__Fungi_k; g__Fungi_k; s__Fungi_k	qiime_genus_unresolved	QIIME genus was unresolved.
b407c9e0ae8d92182c419ee74b4da114	k__Fungi	k__Fungi; p__Fungi_k; c__Fungi_k; o__Fungi_k; f__Fungi_k; g__Fungi_k; s__Fungi_k	1.000000000000002	1.000000000000002	Fungi	Fungi_k	Fungi_k	Fungi_k	Fungi_k	Fungi_k	Fungi_k																							False	False	Fungi	Fungi_k	Fungi_k	Fungi_k	Fungi_k	Fungi_k	Fungi_k	k__Fungi; p__Fungi_k; c__Fungi_k; o__Fungi_k; f__Fungi_k; g__Fungi_k; s__Fungi_k	qiime_genus_unresolved	QIIME genus was unresolved.
1c8aea5d6f2451aac5a804b66803af1e	k__Fungi	k__Fungi; p__Fungi_k; c__Fungi_k; o__Fungi_k; f__Fungi_k; g__Fungi_k; s__Fungi_k	0.9999999999999991	0.9999999999999992	Fungi	Fungi_k	Fungi_k	Fungi_k	Fungi_k	Fungi_k	Fungi_k																							False	False	Fungi	Fungi_k	Fungi_k	Fungi_k	Fungi_k	Fungi_k	Fungi_k	k__Fungi; p__Fungi_k; c__Fungi_k; o__Fungi_k; f__Fungi_k; g__Fungi_k; s__Fungi_k	qiime_genus_unresolved	QIIME genus was unresolved.
4d1c9fd884a315a755aa7c59427b2d62	k__Fungi;p__Basidiomycota;c__Agaricomycetes;o__Polyporales;f__Phanerochaetaceae;g__Phanerochaete	k__Fungi; p__Basidiomycota; c__Agaricomycetes; o__Polyporales; f__Phanerochaetaceae; g__Phanerochaete; s__Phanerochaete_g	0.9733187847446043	0.9733187847446044	Fungi	Basidiomycota	Agaricomycetes	Polyporales	Phanerochaetaceae	Phanerochaete	Phanerochaete_g																							False	False	Fungi	Basidiomycota	Agaricomycetes	Polyporales	Phanerochaetaceae	Phanerochaete	Phanerochaete_g	k__Fungi; p__Basidiomycota; c__Agaricomycetes; o__Polyporales; f__Phanerochaetaceae; g__Phanerochaete; s__Phanerochaete_g	no_eligible_blast_hit	No strict BLAST candidate was available.
6e0e8ddf7043ec51d326dff163480dc7	k__Fungi;p__Ascomycota;c__Dothideomycetes;o__Pleosporales;f__Phaeosphaeriaceae;g__Neosetophoma;s__Neosetophoma_guiyangensis;sh__SH1409290.10FU	k__Fungi; p__Ascomycota; c__Dothideomycetes; o__Pleosporales; f__Phaeosphaeriaceae; g__Neosetophoma; s__Neosetophoma_guiyangensis	0.9770284729420556	0.9770284729420556	Fungi	Ascomycota	Dothideomycetes	Pleosporales	Phaeosphaeriaceae	Neosetophoma	Neosetophoma_guiyangensis																							False	False	Fungi	Ascomycota	Dothideomycetes	Pleosporales	Phaeosphaeriaceae	Neosetophoma	Neosetophoma_guiyangensis	k__Fungi; p__Ascomycota; c__Dothideomycetes; o__Pleosporales; f__Phaeosphaeriaceae; g__Neosetophoma; s__Neosetophoma_guiyangensis	qiime_species_retained	QIIME already had a species-level assignment.
f3668a5d3a3b9ae5ec04a62d6b276380	k__Fungi;p__Ascomycota	k__Fungi; p__Ascomycota; c__Ascomycota_p; o__Ascomycota_p; f__Ascomycota_p; g__Ascomycota_p; s__Ascomycota_p	0.7597154974293095	0.7597154974293095	Fungi	Ascomycota	Ascomycota_p	Ascomycota_p	Ascomycota_p	Ascomycota_p	Ascomycota_p																							False	False	Fungi	Ascomycota	Ascomycota_p	Ascomycota_p	Ascomycota_p	Ascomycota_p	Ascomycota_p	k__Fungi; p__Ascomycota; c__Ascomycota_p; o__Ascomycota_p; f__Ascomycota_p; g__Ascomycota_p; s__Ascomycota_p	qiime_genus_unresolved	QIIME genus was unresolved.
3ca224352821ab4798e0ab4bb73ab267	k__Fungi;p__Basidiomycota;c__Agaricomycetes;o__Polyporales;f__Meruliaceae;g__Mycoaciella;s__Mycoaciella_efibulata;sh__SH1236382.10FU	k__Fungi; p__Basidiomycota; c__Agaricomycetes; o__Polyporales; f__Meruliaceae; g__Mycoaciella; s__Mycoaciella_efibulata	0.999841349094342	0.999841349094342	Fungi	Basidiomycota	Agaricomycetes	Polyporales	Meruliaceae	Mycoaciella	Mycoaciella_efibulata	NR_175188	2849271	6.33e-114	407.0	99.561	100.0	228	False	candidate_available	Eukaryota	Basidiomycota	Agaricomycetes	Polyporales	Meruliaceae	Mycoaciella	Mycoaciella_efibulata							True	True	Fungi	Basidiomycota	Agaricomycetes	Polyporales	Meruliaceae	Mycoaciella	Mycoaciella_efibulata	k__Fungi; p__Basidiomycota; c__Agaricomycetes; o__Polyporales; f__Meruliaceae; g__Mycoaciella; s__Mycoaciella_efibulata	qiime_species_retained	QIIME already had a species-level assignment.
4829c7cee3b18ec5924817979293801f	k__Fungi;p__Basidiomycota;c__Agaricomycetes;o__Cantharellales;f__Hydnaceae;g__Sistotrema;s__Sistotrema_brinkmannii;sh__SH1222328.10FU	k__Fungi; p__Basidiomycota; c__Agaricomycetes; o__Cantharellales; f__Hydnaceae; g__Sistotrema; s__Sistotrema_brinkmannii	0.8241740387555114	0.8241740387555114	Fungi	Basidiomycota	Agaricomycetes	Cantharellales	Hydnaceae	Sistotrema	Sistotrema_brinkmannii																							False	False	Fungi	Basidiomycota	Agaricomycetes	Cantharellales	Hydnaceae	Sistotrema	Sistotrema_brinkmannii	k__Fungi; p__Basidiomycota; c__Agaricomycetes; o__Cantharellales; f__Hydnaceae; g__Sistotrema; s__Sistotrema_brinkmannii	qiime_species_retained	QIIME already had a species-level assignment.
b0ae62f3189358ff6ca6e936a7f09b21	k__Fungi;p__Basidiomycota;c__Agaricomycetes;o__Polyporales;f__Polyporaceae;g__Trametes;s__Trametes_hirsuta;sh__SH1240572.10FU	k__Fungi; p__Basidiomycota; c__Agaricomycetes; o__Polyporales; f__Polyporaceae; g__Trametes; s__Trametes_hirsuta	0.7799922786950066	0.7799922786950066	Fungi	Basidiomycota	Agaricomycetes	Polyporales	Polyporaceae	Trametes	Trametes_hirsuta																							False	False	Fungi	Basidiomycota	Agaricomycetes	Polyporales	Polyporaceae	Trametes	Trametes_hirsuta	k__Fungi; p__Basidiomycota; c__Agaricomycetes; o__Polyporales; f__Polyporaceae; g__Trametes; s__Trametes_hirsuta	qiime_species_retained	QIIME already had a species-level assignment.
397362a873a8f2418d7c6e6697262abc	k__Fungi;p__Basidiomycota;c__Agaricomycetes;o__Agaricales;f__Agaricales_fam_Incertae_sedis;g__Agaricales_gen_Incertae_sedis;s__Agaricales_sp;sh__SH1397975.10FU	k__Fungi; p__Basidiomycota; c__Agaricomycetes; o__Agaricales; f__Agaricales_o; g__Agaricales_o; s__Agaricales_o	0.8246852379958529	0.8246852379958529	Fungi	Basidiomycota	Agaricomycetes	Agaricales	Agaricales_o	Agaricales_o	Agaricales_o																							False	False	Fungi	Basidiomycota	Agaricomycetes	Agaricales	Agaricales_o	Agaricales_o	Agaricales_o	k__Fungi; p__Basidiomycota; c__Agaricomycetes; o__Agaricales; f__Agaricales_o; g__Agaricales_o; s__Agaricales_o	qiime_genus_unresolved	QIIME genus was unresolved.
c7e72cd68f619fbd50765269dd08f1d2	k__Fungi;p__Basidiomycota;c__Agaricomycetes;o__Polyporales;f__Steccherinaceae;g__Butyrea;s__Butyrea_japonica;sh__SH1349759.10FU	k__Fungi; p__Basidiomycota; c__Agaricomycetes; o__Polyporales; f__Steccherinaceae; g__Butyrea; s__Butyrea_japonica	0.9999991923216662	0.9999991923216662	Fungi	Basidiomycota	Agaricomycetes	Polyporales	Steccherinaceae	Butyrea	Butyrea_japonica																							False	False	Fungi	Basidiomycota	Agaricomycetes	Polyporales	Steccherinaceae	Butyrea	Butyrea_japonica	k__Fungi; p__Basidiomycota; c__Agaricomycetes; o__Polyporales; f__Steccherinaceae; g__Butyrea; s__Butyrea_japonica	qiime_species_retained	QIIME already had a species-level assignment.
c12e357adf22e7dfbf24ddb92f3e037b	k__Fungi;p__Ascomycota;c__Dothideomycetes;o__Pleosporales;f__Phaeosphaeriaceae;g__Leptospora;s__Leptospora_sp;sh__SH1338567.10FU	k__Fungi; p__Ascomycota; c__Dothideomycetes; o__Pleosporales; f__Phaeosphaeriaceae; g__Leptospora; s__Leptospora_g	0.9979029200315542	0.9979029200315542	Fungi	Ascomycota	Dothideomycetes	Pleosporales	Phaeosphaeriaceae	Leptospora	Leptospora_g																							False	False	Fungi	Ascomycota	Dothideomycetes	Pleosporales	Phaeosphaeriaceae	Leptospora	Leptospora_g	k__Fungi; p__Ascomycota; c__Dothideomycetes; o__Pleosporales; f__Phaeosphaeriaceae; g__Leptospora; s__Leptospora_g	no_eligible_blast_hit	No strict BLAST candidate was available.
a5fb812775e585a48c8358419981538a	k__Fungi;p__Basidiomycota;c__Agaricomycetes;o__Polyporales;f__Meruliaceae;g__Scopuloides	k__Fungi; p__Basidiomycota; c__Agaricomycetes; o__Polyporales; f__Meruliaceae; g__Scopuloides; s__Scopuloides_g	0.9995582048335702	0.9995582048335702	Fungi	Basidiomycota	Agaricomycetes	Polyporales	Meruliaceae	Scopuloides	Scopuloides_g																							False	False	Fungi	Basidiomycota	Agaricomycetes	Polyporales	Meruliaceae	Scopuloides	Scopuloides_g	k__Fungi; p__Basidiomycota; c__Agaricomycetes; o__Polyporales; f__Meruliaceae; g__Scopuloides; s__Scopuloides_g	no_eligible_blast_hit	No strict BLAST candidate was available.
ef16d0695cbd2892a71d4e49c28bd4ea	k__Fungi;p__Basidiomycota;c__Agaricomycetes;o__Polyporales;f__Polyporaceae;g__Trametes;s__Trametes_hirsuta;sh__SH1240572.10FU	k__Fungi; p__Basidiomycota; c__Agaricomycetes; o__Polyporales; f__Polyporaceae; g__Trametes; s__Trametes_hirsuta	0.7879077764665869	0.7879077764665869	Fungi	Basidiomycota	Agaricomycetes	Polyporales	Polyporaceae	Trametes	Trametes_hirsuta																							False	False	Fungi	Basidiomycota	Agaricomycetes	Polyporales	Polyporaceae	Trametes	Trametes_hirsuta	k__Fungi; p__Basidiomycota; c__Agaricomycetes; o__Polyporales; f__Polyporaceae; g__Trametes; s__Trametes_hirsuta	qiime_species_retained	QIIME already had a species-level assignment.
59e39ce5b0fa28367628aaac73e3ace5	k__Fungi	k__Fungi; p__Fungi_k; c__Fungi_k; o__Fungi_k; f__Fungi_k; g__Fungi_k; s__Fungi_k	1.000000000000003	1.000000000000003	Fungi	Fungi_k	Fungi_k	Fungi_k	Fungi_k	Fungi_k	Fungi_k																							False	False	Fungi	Fungi_k	Fungi_k	Fungi_k	Fungi_k	Fungi_k	Fungi_k	k__Fungi; p__Fungi_k; c__Fungi_k; o__Fungi_k; f__Fungi_k; g__Fungi_k; s__Fungi_k	qiime_genus_unresolved	QIIME genus was unresolved.
a8667283551f577f6feb70486539d8d1	k__Fungi;p__Ascomycota	k__Fungi; p__Ascomycota; c__Ascomycota_p; o__Ascomycota_p; f__Ascomycota_p; g__Ascomycota_p; s__Ascomycota_p	0.755927383890539	0.755927383890539	Fungi	Ascomycota	Ascomycota_p	Ascomycota_p	Ascomycota_p	Ascomycota_p	Ascomycota_p																							False	False	Fungi	Ascomycota	Ascomycota_p	Ascomycota_p	Ascomycota_p	Ascomycota_p	Ascomycota_p	k__Fungi; p__Ascomycota; c__Ascomycota_p; o__Ascomycota_p; f__Ascomycota_p; g__Ascomycota_p; s__Ascomycota_p	qiime_genus_unresolved	QIIME genus was unresolved.
9ab532e02e09a25a4e7fc6d767fa9aa1	k__Fungi	k__Fungi; p__Fungi_k; c__Fungi_k; o__Fungi_k; f__Fungi_k; g__Fungi_k; s__Fungi_k	0.9999999999999881	0.999999999999988	Fungi	Fungi_k	Fungi_k	Fungi_k	Fungi_k	Fungi_k	Fungi_k																							False	False	Fungi	Fungi_k	Fungi_k	Fungi_k	Fungi_k	Fungi_k	Fungi_k	k__Fungi; p__Fungi_k; c__Fungi_k; o__Fungi_k; f__Fungi_k; g__Fungi_k; s__Fungi_k	qiime_genus_unresolved	QIIME genus was unresolved.
cc654ac138d65ef720d9e6927b4275cf	k__Fungi;p__Ascomycota	k__Fungi; p__Ascomycota; c__Ascomycota_p; o__Ascomycota_p; f__Ascomycota_p; g__Ascomycota_p; s__Ascomycota_p	0.7787094253828211	0.7787094253828211	Fungi	Ascomycota	Ascomycota_p	Ascomycota_p	Ascomycota_p	Ascomycota_p	Ascomycota_p																							False	False	Fungi	Ascomycota	Ascomycota_p	Ascomycota_p	Ascomycota_p	Ascomycota_p	Ascomycota_p	k__Fungi; p__Ascomycota; c__Ascomycota_p; o__Ascomycota_p; f__Ascomycota_p; g__Ascomycota_p; s__Ascomycota_p	qiime_genus_unresolved	QIIME genus was unresolved.
e7d607347edf89506f50e84573edc326	k__Fungi;p__Ascomycota	k__Fungi; p__Ascomycota; c__Ascomycota_p; o__Ascomycota_p; f__Ascomycota_p; g__Ascomycota_p; s__Ascomycota_p	0.8444776285281854	0.8444776285281854	Fungi	Ascomycota	Ascomycota_p	Ascomycota_p	Ascomycota_p	Ascomycota_p	Ascomycota_p																							False	False	Fungi	Ascomycota	Ascomycota_p	Ascomycota_p	Ascomycota_p	Ascomycota_p	Ascomycota_p	k__Fungi; p__Ascomycota; c__Ascomycota_p; o__Ascomycota_p; f__Ascomycota_p; g__Ascomycota_p; s__Ascomycota_p	qiime_genus_unresolved	QIIME genus was unresolved.
9382063e0b2044656cf90225daa688cc	k__Fungi;p__Ascomycota	k__Fungi; p__Ascomycota; c__Ascomycota_p; o__Ascomycota_p; f__Ascomycota_p; g__Ascomycota_p; s__Ascomycota_p	0.7068192961775138	0.7068192961775138	Fungi	Ascomycota	Ascomycota_p	Ascomycota_p	Ascomycota_p	Ascomycota_p	Ascomycota_p																							False	False	Fungi	Ascomycota	Ascomycota_p	Ascomycota_p	Ascomycota_p	Ascomycota_p	Ascomycota_p	k__Fungi; p__Ascomycota; c__Ascomycota_p; o__Ascomycota_p; f__Ascomycota_p; g__Ascomycota_p; s__Ascomycota_p	qiime_genus_unresolved	QIIME genus was unresolved.
1f918dc743f502eb0290572adf274b34	k__Fungi	k__Fungi; p__Fungi_k; c__Fungi_k; o__Fungi_k; f__Fungi_k; g__Fungi_k; s__Fungi_k	1.0000000000000122	1.0000000000000122	Fungi	Fungi_k	Fungi_k	Fungi_k	Fungi_k	Fungi_k	Fungi_k																							False	False	Fungi	Fungi_k	Fungi_k	Fungi_k	Fungi_k	Fungi_k	Fungi_k	k__Fungi; p__Fungi_k; c__Fungi_k; o__Fungi_k; f__Fungi_k; g__Fungi_k; s__Fungi_k	qiime_genus_unresolved	QIIME genus was unresolved.
4951881ce90885c4c3b8b071badab83f	k__Fungi	k__Fungi; p__Fungi_k; c__Fungi_k; o__Fungi_k; f__Fungi_k; g__Fungi_k; s__Fungi_k	0.9999999999999948	0.9999999999999948	Fungi	Fungi_k	Fungi_k	Fungi_k	Fungi_k	Fungi_k	Fungi_k																							False	False	Fungi	Fungi_k	Fungi_k	Fungi_k	Fungi_k	Fungi_k	Fungi_k	k__Fungi; p__Fungi_k; c__Fungi_k; o__Fungi_k; f__Fungi_k; g__Fungi_k; s__Fungi_k	qiime_genus_unresolved	QIIME genus was unresolved.
43f18b9991f72cfc8bf12cbd1b48c96b	k__Fungi	k__Fungi; p__Fungi_k; c__Fungi_k; o__Fungi_k; f__Fungi_k; g__Fungi_k; s__Fungi_k	0.999999999999997	0.999999999999997	Fungi	Fungi_k	Fungi_k	Fungi_k	Fungi_k	Fungi_k	Fungi_k																							False	False	Fungi	Fungi_k	Fungi_k	Fungi_k	Fungi_k	Fungi_k	Fungi_k	k__Fungi; p__Fungi_k; c__Fungi_k; o__Fungi_k; f__Fungi_k; g__Fungi_k; s__Fungi_k	qiime_genus_unresolved	QIIME genus was unresolved.
1b2e8a0293b43f376c41093828fde254	k__Fungi;p__Basidiomycota;c__Agaricomycetes;o__Polyporales;f__Polyporaceae;g__Trametes;s__Trametes_versicolor;sh__SH1088860.10FU	k__Fungi; p__Basidiomycota; c__Agaricomycetes; o__Polyporales; f__Polyporaceae; g__Trametes; s__Trametes_versicolor	0.8401808805980382	0.8401808805980382	Fungi	Basidiomycota	Agaricomycetes	Polyporales	Polyporaceae	Trametes	Trametes_versicolor																							False	False	Fungi	Basidiomycota	Agaricomycetes	Polyporales	Polyporaceae	Trametes	Trametes_versicolor	k__Fungi; p__Basidiomycota; c__Agaricomycetes; o__Polyporales; f__Polyporaceae; g__Trametes; s__Trametes_versicolor	qiime_species_retained	QIIME already had a species-level assignment.
b7961057390a6c976529ef24c7f377f3	k__Fungi	k__Fungi; p__Fungi_k; c__Fungi_k; o__Fungi_k; f__Fungi_k; g__Fungi_k; s__Fungi_k	0.9999999999999928	0.9999999999999928	Fungi	Fungi_k	Fungi_k	Fungi_k	Fungi_k	Fungi_k	Fungi_k																							False	False	Fungi	Fungi_k	Fungi_k	Fungi_k	Fungi_k	Fungi_k	Fungi_k	k__Fungi; p__Fungi_k; c__Fungi_k; o__Fungi_k; f__Fungi_k; g__Fungi_k; s__Fungi_k	qiime_genus_unresolved	QIIME genus was unresolved.
29d62dfd66a91504472270a3fc584aad	k__Fungi;p__Ascomycota;c__Saccharomycetes;o__Saccharomycetales;f__Saccharomycetaceae;g__Saccharomyces	k__Fungi; p__Ascomycota; c__Saccharomycetes; o__Saccharomycetales; f__Saccharomycetaceae; g__Saccharomyces; s__Saccharomyces_g	0.8725151072850396	0.8725151072850396	Fungi	Ascomycota	Saccharomycetes	Saccharomycetales	Saccharomycetaceae	Saccharomyces	Saccharomyces_g																							False	False	Fungi	Ascomycota	Saccharomycetes	Saccharomycetales	Saccharomycetaceae	Saccharomyces	Saccharomyces_g	k__Fungi; p__Ascomycota; c__Saccharomycetes; o__Saccharomycetales; f__Saccharomycetaceae; g__Saccharomyces; s__Saccharomyces_g	no_eligible_blast_hit	No strict BLAST candidate was available.
61645f9cde6903edbbd03f5235efd2d1	k__Fungi;p__Basidiomycota;c__Agaricomycetes;o__Agaricales;f__Pleurotaceae;g__Pleurotus;s__Pleurotus_ostreatus;sh__SH1165353.10FU	k__Fungi; p__Basidiomycota; c__Agaricomycetes; o__Agaricales; f__Pleurotaceae; g__Pleurotus; s__Pleurotus_ostreatus	0.9126519884646629	0.9126519884646628	Fungi	Basidiomycota	Agaricomycetes	Agaricales	Pleurotaceae	Pleurotus	Pleurotus_ostreatus	NR_163515	5322	6.33e-114	407.0	99.561	100.0	228	False	candidate_available	Eukaryota	Basidiomycota	Agaricomycetes	Agaricales	Pleurotaceae	Pleurotus	Pleurotus_ostreatus							True	True	Fungi	Basidiomycota	Agaricomycetes	Agaricales	Pleurotaceae	Pleurotus	Pleurotus_ostreatus	k__Fungi; p__Basidiomycota; c__Agaricomycetes; o__Agaricales; f__Pleurotaceae; g__Pleurotus; s__Pleurotus_ostreatus	qiime_species_retained	QIIME already had a species-level assignment.
ab4ff24c6768499d28626cb4e300616a	k__Fungi;p__Basidiomycota;c__Agaricomycetes;o__Polyporales;f__Meruliaceae;g__Mycoaciella;s__Mycoaciella_efibulata;sh__SH1236382.10FU	k__Fungi; p__Basidiomycota; c__Agaricomycetes; o__Polyporales; f__Meruliaceae; g__Mycoaciella; s__Mycoaciella_efibulata	0.9998406771697813	0.9998406771697812	Fungi	Basidiomycota	Agaricomycetes	Polyporales	Meruliaceae	Mycoaciella	Mycoaciella_efibulata	NR_175188	2849271	6.33e-114	407.0	99.561	100.0	228	False	candidate_available	Eukaryota	Basidiomycota	Agaricomycetes	Polyporales	Meruliaceae	Mycoaciella	Mycoaciella_efibulata							True	True	Fungi	Basidiomycota	Agaricomycetes	Polyporales	Meruliaceae	Mycoaciella	Mycoaciella_efibulata	k__Fungi; p__Basidiomycota; c__Agaricomycetes; o__Polyporales; f__Meruliaceae; g__Mycoaciella; s__Mycoaciella_efibulata	qiime_species_retained	QIIME already had a species-level assignment.
4b3032f1ababa735f461201a632784c8	k__Fungi;p__Basidiomycota;c__Agaricomycetes;o__Polyporales;f__Meruliaceae;g__Phlebia;s__Phlebia_acanthocystis;sh__SH1236377.10FU	k__Fungi; p__Basidiomycota; c__Agaricomycetes; o__Polyporales; f__Meruliaceae; g__Phlebia; s__Phlebia_acanthocystis	0.9953031269648447	0.9953031269648448	Fungi	Basidiomycota	Agaricomycetes	Polyporales	Meruliaceae	Phlebia	Phlebia_acanthocystis																							False	False	Fungi	Basidiomycota	Agaricomycetes	Polyporales	Meruliaceae	Phlebia	Phlebia_acanthocystis	k__Fungi; p__Basidiomycota; c__Agaricomycetes; o__Polyporales; f__Meruliaceae; g__Phlebia; s__Phlebia_acanthocystis	qiime_species_retained	QIIME already had a species-level assignment.
fa6042518061af83ea6007686638c607	k__Fungi	k__Fungi; p__Fungi_k; c__Fungi_k; o__Fungi_k; f__Fungi_k; g__Fungi_k; s__Fungi_k	0.9999999999999968	0.9999999999999968	Fungi	Fungi_k	Fungi_k	Fungi_k	Fungi_k	Fungi_k	Fungi_k																							False	False	Fungi	Fungi_k	Fungi_k	Fungi_k	Fungi_k	Fungi_k	Fungi_k	k__Fungi; p__Fungi_k; c__Fungi_k; o__Fungi_k; f__Fungi_k; g__Fungi_k; s__Fungi_k	qiime_genus_unresolved	QIIME genus was unresolved.
0f360b09103c67271c91a7874e444b09	k__Fungi;p__Basidiomycota;c__Agaricomycetes;o__Russulales;f__Hericiaceae;g__Dentipellis;s__Dentipellis_fragilis;sh__SH1157884.10FU	k__Fungi; p__Basidiomycota; c__Agaricomycetes; o__Russulales; f__Hericiaceae; g__Dentipellis; s__Dentipellis_fragilis	0.8275970098718449	0.8275970098718449	Fungi	Basidiomycota	Agaricomycetes	Russulales	Hericiaceae	Dentipellis	Dentipellis_fragilis																							False	False	Fungi	Basidiomycota	Agaricomycetes	Russulales	Hericiaceae	Dentipellis	Dentipellis_fragilis	k__Fungi; p__Basidiomycota; c__Agaricomycetes; o__Russulales; f__Hericiaceae; g__Dentipellis; s__Dentipellis_fragilis	qiime_species_retained	QIIME already had a species-level assignment.
679ca3aecfbd02b0d7659b6327a70872	k__Fungi;p__Ascomycota	k__Fungi; p__Ascomycota; c__Ascomycota_p; o__Ascomycota_p; f__Ascomycota_p; g__Ascomycota_p; s__Ascomycota_p	0.7990909367845986	0.7990909367845986	Fungi	Ascomycota	Ascomycota_p	Ascomycota_p	Ascomycota_p	Ascomycota_p	Ascomycota_p																							False	False	Fungi	Ascomycota	Ascomycota_p	Ascomycota_p	Ascomycota_p	Ascomycota_p	Ascomycota_p	k__Fungi; p__Ascomycota; c__Ascomycota_p; o__Ascomycota_p; f__Ascomycota_p; g__Ascomycota_p; s__Ascomycota_p	qiime_genus_unresolved	QIIME genus was unresolved.
16703d0a4083f43db27f62158cbd405a	k__Fungi;p__Ascomycota;c__Dothideomycetes;o__Pleosporales;f__Phaeosphaeriaceae;g__Ophiosphaerella;s__Ophiosphaerella_chiangraiensis;sh__SH1346430.10FU	k__Fungi; p__Ascomycota; c__Dothideomycetes; o__Pleosporales; f__Phaeosphaeriaceae; g__Ophiosphaerella; s__Ophiosphaerella_chiangraiensis	0.959304272596237	0.959304272596237	Fungi	Ascomycota	Dothideomycetes	Pleosporales	Phaeosphaeriaceae	Ophiosphaerella	Ophiosphaerella_chiangraiensis																							False	False	Fungi	Ascomycota	Dothideomycetes	Pleosporales	Phaeosphaeriaceae	Ophiosphaerella	Ophiosphaerella_chiangraiensis	k__Fungi; p__Ascomycota; c__Dothideomycetes; o__Pleosporales; f__Phaeosphaeriaceae; g__Ophiosphaerella; s__Ophiosphaerella_chiangraiensis	qiime_species_retained	QIIME already had a species-level assignment.
fed98bc28374334a8e2df19c0ed70b46	k__Fungi;p__Basidiomycota;c__Agaricomycetes;o__Russulales;f__Peniophoraceae;g__Peniophoraceae_gen_Incertae_sedis;s__Peniophoraceae_sp;sh__SH1054279.10FU	k__Fungi; p__Basidiomycota; c__Agaricomycetes; o__Russulales; f__Peniophoraceae; g__Peniophoraceae_f; s__Peniophoraceae_f	0.9994237516296886	0.9994237516296886	Fungi	Basidiomycota	Agaricomycetes	Russulales	Peniophoraceae	Peniophoraceae_f	Peniophoraceae_f																							False	False	Fungi	Basidiomycota	Agaricomycetes	Russulales	Peniophoraceae	Peniophoraceae_f	Peniophoraceae_f	k__Fungi; p__Basidiomycota; c__Agaricomycetes; o__Russulales; f__Peniophoraceae; g__Peniophoraceae_f; s__Peniophoraceae_f	qiime_genus_unresolved	QIIME genus was unresolved.
c7ddb05d44bb0ae81e055fa6ff76c7ad	k__Fungi;p__Basidiomycota;c__Agaricomycetes;o__Polyporales;f__Phanerochaetaceae;g__Phanerochaete;s__Phanerochaete_cumulodentata;sh__SH1412803.10FU	k__Fungi; p__Basidiomycota; c__Agaricomycetes; o__Polyporales; f__Phanerochaetaceae; g__Phanerochaete; s__Phanerochaete_cumulodentata	0.9390517121721671	0.9390517121721672	Fungi	Basidiomycota	Agaricomycetes	Polyporales	Phanerochaetaceae	Phanerochaete	Phanerochaete_cumulodentata																							False	False	Fungi	Basidiomycota	Agaricomycetes	Polyporales	Phanerochaetaceae	Phanerochaete	Phanerochaete_cumulodentata	k__Fungi; p__Basidiomycota; c__Agaricomycetes; o__Polyporales; f__Phanerochaetaceae; g__Phanerochaete; s__Phanerochaete_cumulodentata	qiime_species_retained	QIIME already had a species-level assignment.
88be853cbd81bb124d987055745dd220	k__Fungi;p__Basidiomycota;c__Agaricomycetes;o__Trechisporales;f__Trechisporales_fam_Incertae_sedis;g__Trechisporales_gen_Incertae_sedis;s__Trechisporales_sp;sh__SH1293772.10FU	k__Fungi; p__Basidiomycota; c__Agaricomycetes; o__Trechisporales; f__Trechisporales_o; g__Trechisporales_o; s__Trechisporales_o	0.8785565672503568	0.8785565672503568	Fungi	Basidiomycota	Agaricomycetes	Trechisporales	Trechisporales_o	Trechisporales_o	Trechisporales_o																							False	False	Fungi	Basidiomycota	Agaricomycetes	Trechisporales	Trechisporales_o	Trechisporales_o	Trechisporales_o	k__Fungi; p__Basidiomycota; c__Agaricomycetes; o__Trechisporales; f__Trechisporales_o; g__Trechisporales_o; s__Trechisporales_o	qiime_genus_unresolved	QIIME genus was unresolved.
f1997867c1a1b8dbf76c227712592c2b	k__Fungi;p__Basidiomycota;c__Agaricomycetes;o__Polyporales;f__Meruliaceae;g__Mycoaciella;s__Mycoaciella_efibulata;sh__SH1236382.10FU	k__Fungi; p__Basidiomycota; c__Agaricomycetes; o__Polyporales; f__Meruliaceae; g__Mycoaciella; s__Mycoaciella_efibulata	0.9997294115694138	0.9997294115694138	Fungi	Basidiomycota	Agaricomycetes	Polyporales	Meruliaceae	Mycoaciella	Mycoaciella_efibulata																							False	False	Fungi	Basidiomycota	Agaricomycetes	Polyporales	Meruliaceae	Mycoaciella	Mycoaciella_efibulata	k__Fungi; p__Basidiomycota; c__Agaricomycetes; o__Polyporales; f__Meruliaceae; g__Mycoaciella; s__Mycoaciella_efibulata	qiime_species_retained	QIIME already had a species-level assignment.
224d56ff798feaccbf5f4ce5eaf3ded3	k__Fungi;p__Basidiomycota;c__Agaricomycetes;o__Russulales;f__Stereaceae;g__Stereaceae_gen_Incertae_sedis;s__Stereaceae_sp;sh__SH1075157.10FU	k__Fungi; p__Basidiomycota; c__Agaricomycetes; o__Russulales; f__Stereaceae; g__Stereaceae_f; s__Stereaceae_f	0.9999981683111379	0.999998168311138	Fungi	Basidiomycota	Agaricomycetes	Russulales	Stereaceae	Stereaceae_f	Stereaceae_f																							False	False	Fungi	Basidiomycota	Agaricomycetes	Russulales	Stereaceae	Stereaceae_f	Stereaceae_f	k__Fungi; p__Basidiomycota; c__Agaricomycetes; o__Russulales; f__Stereaceae; g__Stereaceae_f; s__Stereaceae_f	qiime_genus_unresolved	QIIME genus was unresolved.
b26396e1664e227b62d104f34fd92b40	k__Fungi;p__Basidiomycota;c__Agaricomycetes;o__Polyporales;f__Hyphodermataceae;g__Hyphoderma;s__Hyphoderma_setigerum;sh__SH1251710.10FU	k__Fungi; p__Basidiomycota; c__Agaricomycetes; o__Polyporales; f__Hyphodermataceae; g__Hyphoderma; s__Hyphoderma_setigerum	0.9999999999600533	0.9999999999600532	Fungi	Basidiomycota	Agaricomycetes	Polyporales	Hyphodermataceae	Hyphoderma	Hyphoderma_setigerum	NR_199208	2926393	7.71e-113	403.0	99.123	100.0	228	False	candidate_available	Eukaryota	Basidiomycota	Agaricomycetes	Polyporales	Hyphodermataceae	Hyphoderma	Hyphoderma_mopanshanense							True	True	Fungi	Basidiomycota	Agaricomycetes	Polyporales	Hyphodermataceae	Hyphoderma	Hyphoderma_setigerum	k__Fungi; p__Basidiomycota; c__Agaricomycetes; o__Polyporales; f__Hyphodermataceae; g__Hyphoderma; s__Hyphoderma_setigerum	qiime_species_retained	QIIME already had a species-level assignment.
6ff253a77431f16f031f09943020be98	k__Fungi;p__Basidiomycota;c__Agaricomycetes;o__Polyporales;f__Polyporales_fam_Incertae_sedis;g__Polyporales_gen_Incertae_sedis;s__Polyporales_sp;sh__SH1290599.10FU	k__Fungi; p__Basidiomycota; c__Agaricomycetes; o__Polyporales; f__Polyporales_o; g__Polyporales_o; s__Polyporales_o	0.9805022532421619	0.980502253242162	Fungi	Basidiomycota	Agaricomycetes	Polyporales	Polyporales_o	Polyporales_o	Polyporales_o																							False	False	Fungi	Basidiomycota	Agaricomycetes	Polyporales	Polyporales_o	Polyporales_o	Polyporales_o	k__Fungi; p__Basidiomycota; c__Agaricomycetes; o__Polyporales; f__Polyporales_o; g__Polyporales_o; s__Polyporales_o	qiime_genus_unresolved	QIIME genus was unresolved.
f948e144edae90d5a6361cefa3a96d1e	k__Fungi;p__Basidiomycota;c__Agaricomycetes;o__Russulales;f__Peniophoraceae;g__Peniophoraceae_gen_Incertae_sedis;s__Peniophoraceae_sp;sh__SH1054279.10FU	k__Fungi; p__Basidiomycota; c__Agaricomycetes; o__Russulales; f__Peniophoraceae; g__Peniophoraceae_f; s__Peniophoraceae_f	0.9999729424296557	0.9999729424296556	Fungi	Basidiomycota	Agaricomycetes	Russulales	Peniophoraceae	Peniophoraceae_f	Peniophoraceae_f																							False	False	Fungi	Basidiomycota	Agaricomycetes	Russulales	Peniophoraceae	Peniophoraceae_f	Peniophoraceae_f	k__Fungi; p__Basidiomycota; c__Agaricomycetes; o__Russulales; f__Peniophoraceae; g__Peniophoraceae_f; s__Peniophoraceae_f	qiime_genus_unresolved	QIIME genus was unresolved.
a554710d9573066da22c4a4f87f01d3a	k__Fungi;p__Basidiomycota;c__Agaricomycetes;o__Agaricales;f__Entolomataceae;g__Clitopilus;s__Clitopilus_baronii;sh__SH1217598.10FU	k__Fungi; p__Basidiomycota; c__Agaricomycetes; o__Agaricales; f__Entolomataceae; g__Clitopilus; s__Clitopilus_baronii	0.8069493956342291	0.8069493956342291	Fungi	Basidiomycota	Agaricomycetes	Agaricales	Entolomataceae	Clitopilus	Clitopilus_baronii																							False	False	Fungi	Basidiomycota	Agaricomycetes	Agaricales	Entolomataceae	Clitopilus	Clitopilus_baronii	k__Fungi; p__Basidiomycota; c__Agaricomycetes; o__Agaricales; f__Entolomataceae; g__Clitopilus; s__Clitopilus_baronii	qiime_species_retained	QIIME already had a species-level assignment.
dedfb065825f7af0f11dc63cd4a5b596	k__Fungi	k__Fungi; p__Fungi_k; c__Fungi_k; o__Fungi_k; f__Fungi_k; g__Fungi_k; s__Fungi_k	1.0000000000000133	1.000000000000013	Fungi	Fungi_k	Fungi_k	Fungi_k	Fungi_k	Fungi_k	Fungi_k																							False	False	Fungi	Fungi_k	Fungi_k	Fungi_k	Fungi_k	Fungi_k	Fungi_k	k__Fungi; p__Fungi_k; c__Fungi_k; o__Fungi_k; f__Fungi_k; g__Fungi_k; s__Fungi_k	qiime_genus_unresolved	QIIME genus was unresolved.
8abbc3706d83fc336ad674b159566a26	k__Fungi;p__Ascomycota;c__Sordariomycetes;o__Diaporthales;f__Gnomoniaceae;g__Ophiognomonia;s__Ophiognomonia_asiatica;sh__SH1212331.10FU	k__Fungi; p__Ascomycota; c__Sordariomycetes; o__Diaporthales; f__Gnomoniaceae; g__Ophiognomonia; s__Ophiognomonia_asiatica	0.789624018846571	0.789624018846571	Fungi	Ascomycota	Sordariomycetes	Diaporthales	Gnomoniaceae	Ophiognomonia	Ophiognomonia_asiatica	NR_120057	1245691	3.0700000000000002e-105	379.0	99.528	93.0	212	False	candidate_available	Eukaryota	Ascomycota	Sordariomycetes	Diaporthales	Gnomoniaceae	Ophiognomonia	Ophiognomonia_asiatica							True	True	Fungi	Ascomycota	Sordariomycetes	Diaporthales	Gnomoniaceae	Ophiognomonia	Ophiognomonia_asiatica	k__Fungi; p__Ascomycota; c__Sordariomycetes; o__Diaporthales; f__Gnomoniaceae; g__Ophiognomonia; s__Ophiognomonia_asiatica	qiime_species_retained	QIIME already had a species-level assignment.
cc572ce0686826cfa6fa0474048bea08	k__Fungi;p__Basidiomycota;c__Agaricomycetes;o__Polyporales;f__Phanerochaetaceae;g__Phlebiopsis;s__Phlebiopsis_gigantea;sh__SH1412890.10FU	k__Fungi; p__Basidiomycota; c__Agaricomycetes; o__Polyporales; f__Phanerochaetaceae; g__Phlebiopsis; s__Phlebiopsis_gigantea	0.7704676692775431	0.7704676692775431	Fungi	Basidiomycota	Agaricomycetes	Polyporales	Phanerochaetaceae	Phlebiopsis	Phlebiopsis_gigantea	NR_175192	2908110	7.71e-113	403.0	99.123	100.0	228	False	candidate_available	Eukaryota	Basidiomycota	Agaricomycetes	Polyporales	Phanerochaetaceae	Phlebiopsis	Phlebiopsis_odontoidea							True	True	Fungi	Basidiomycota	Agaricomycetes	Polyporales	Phanerochaetaceae	Phlebiopsis	Phlebiopsis_gigantea	k__Fungi; p__Basidiomycota; c__Agaricomycetes; o__Polyporales; f__Phanerochaetaceae; g__Phlebiopsis; s__Phlebiopsis_gigantea	qiime_species_retained	QIIME already had a species-level assignment.
a0e94e321165b221002d4815536f2eea	k__Fungi;p__Basidiomycota;c__Agaricomycetes;o__Cantharellales;f__Ceratobasidiaceae;g__Ceratobasidium;s__Ceratobasidium_sp	k__Fungi; p__Basidiomycota; c__Agaricomycetes; o__Cantharellales; f__Ceratobasidiaceae; g__Ceratobasidium; s__Ceratobasidium_g	0.9990156608486106	0.9990156608486106	Fungi	Basidiomycota	Agaricomycetes	Cantharellales	Ceratobasidiaceae	Ceratobasidium	Ceratobasidium_g																							False	False	Fungi	Basidiomycota	Agaricomycetes	Cantharellales	Ceratobasidiaceae	Ceratobasidium	Ceratobasidium_g	k__Fungi; p__Basidiomycota; c__Agaricomycetes; o__Cantharellales; f__Ceratobasidiaceae; g__Ceratobasidium; s__Ceratobasidium_g	no_eligible_blast_hit	No strict BLAST candidate was available.
17952accf0a19bde02e3576f0b21a02f	k__Fungi;p__Ascomycota;c__Dothideomycetes;o__Pleosporales;f__Phaeosphaeriaceae;g__Paraphoma	k__Fungi; p__Ascomycota; c__Dothideomycetes; o__Pleosporales; f__Phaeosphaeriaceae; g__Paraphoma; s__Paraphoma_g	0.9889841905753445	0.9889841905753444	Fungi	Ascomycota	Dothideomycetes	Pleosporales	Phaeosphaeriaceae	Paraphoma	Paraphoma_g	NR_154344	2024343	9.25e-112	400.0	99.554	99.0	224	False	candidate_available	Eukaryota	Ascomycota	Dothideomycetes	Pleosporales	Phaeosphaeriaceae	Paraphoma	Paraphoma_pye							True	True	Fungi	Ascomycota	Dothideomycetes	Pleosporales	Phaeosphaeriaceae	Paraphoma	Paraphoma_pye	k__Fungi; p__Ascomycota; c__Dothideomycetes; o__Pleosporales; f__Phaeosphaeriaceae; g__Paraphoma; s__Paraphoma_pye	species_replaced_by_blast	Strict BLAST evidence supported species-only replacement.
ee7eded8ff16d52a1a8b95d1ac582d73	k__Fungi;p__Basidiomycota;c__Agaricomycetes;o__Hymenochaetales;f__Schizoporaceae;g__Xylodon;s__Xylodon_flaviporus;sh__SH1386323.10FU	k__Fungi; p__Basidiomycota; c__Agaricomycetes; o__Hymenochaetales; f__Schizoporaceae; g__Xylodon; s__Xylodon_flaviporus	0.9943280137970174	0.9943280137970174	Fungi	Basidiomycota	Agaricomycetes	Hymenochaetales	Schizoporaceae	Xylodon	Xylodon_flaviporus																							False	False	Fungi	Basidiomycota	Agaricomycetes	Hymenochaetales	Schizoporaceae	Xylodon	Xylodon_flaviporus	k__Fungi; p__Basidiomycota; c__Agaricomycetes; o__Hymenochaetales; f__Schizoporaceae; g__Xylodon; s__Xylodon_flaviporus	qiime_species_retained	QIIME already had a species-level assignment.
c2e2bbe0f275c3ae873e4c8011264301	k__Fungi	k__Fungi; p__Fungi_k; c__Fungi_k; o__Fungi_k; f__Fungi_k; g__Fungi_k; s__Fungi_k	1.0000000000000018	1.0000000000000018	Fungi	Fungi_k	Fungi_k	Fungi_k	Fungi_k	Fungi_k	Fungi_k																							False	False	Fungi	Fungi_k	Fungi_k	Fungi_k	Fungi_k	Fungi_k	Fungi_k	k__Fungi; p__Fungi_k; c__Fungi_k; o__Fungi_k; f__Fungi_k; g__Fungi_k; s__Fungi_k	qiime_genus_unresolved	QIIME genus was unresolved.
4bfd955490a13cf9d93564394b8053c5	k__Fungi;p__Ascomycota	k__Fungi; p__Ascomycota; c__Ascomycota_p; o__Ascomycota_p; f__Ascomycota_p; g__Ascomycota_p; s__Ascomycota_p	0.801858478043966	0.801858478043966	Fungi	Ascomycota	Ascomycota_p	Ascomycota_p	Ascomycota_p	Ascomycota_p	Ascomycota_p																							False	False	Fungi	Ascomycota	Ascomycota_p	Ascomycota_p	Ascomycota_p	Ascomycota_p	Ascomycota_p	k__Fungi; p__Ascomycota; c__Ascomycota_p; o__Ascomycota_p; f__Ascomycota_p; g__Ascomycota_p; s__Ascomycota_p	qiime_genus_unresolved	QIIME genus was unresolved.
c2084f73dc59a63c76060a2d438c90dd	k__Fungi;p__Ascomycota	k__Fungi; p__Ascomycota; c__Ascomycota_p; o__Ascomycota_p; f__Ascomycota_p; g__Ascomycota_p; s__Ascomycota_p	0.7080456588640536	0.7080456588640536	Fungi	Ascomycota	Ascomycota_p	Ascomycota_p	Ascomycota_p	Ascomycota_p	Ascomycota_p																							False	False	Fungi	Ascomycota	Ascomycota_p	Ascomycota_p	Ascomycota_p	Ascomycota_p	Ascomycota_p	k__Fungi; p__Ascomycota; c__Ascomycota_p; o__Ascomycota_p; f__Ascomycota_p; g__Ascomycota_p; s__Ascomycota_p	qiime_genus_unresolved	QIIME genus was unresolved.
588b3566dfb1cd5eec4c04e15e8a68e4	k__Fungi	k__Fungi; p__Fungi_k; c__Fungi_k; o__Fungi_k; f__Fungi_k; g__Fungi_k; s__Fungi_k	1.0000000000000036	1.0000000000000036	Fungi	Fungi_k	Fungi_k	Fungi_k	Fungi_k	Fungi_k	Fungi_k																							False	False	Fungi	Fungi_k	Fungi_k	Fungi_k	Fungi_k	Fungi_k	Fungi_k	k__Fungi; p__Fungi_k; c__Fungi_k; o__Fungi_k; f__Fungi_k; g__Fungi_k; s__Fungi_k	qiime_genus_unresolved	QIIME genus was unresolved.
ff27b8703c571d06a3bb9d893ed7daea	k__Fungi	k__Fungi; p__Fungi_k; c__Fungi_k; o__Fungi_k; f__Fungi_k; g__Fungi_k; s__Fungi_k	0.9999999999999897	0.9999999999999896	Fungi	Fungi_k	Fungi_k	Fungi_k	Fungi_k	Fungi_k	Fungi_k																							False	False	Fungi	Fungi_k	Fungi_k	Fungi_k	Fungi_k	Fungi_k	Fungi_k	k__Fungi; p__Fungi_k; c__Fungi_k; o__Fungi_k; f__Fungi_k; g__Fungi_k; s__Fungi_k	qiime_genus_unresolved	QIIME genus was unresolved.
31169ddba661462ce73f8c72d905380f	k__Fungi;p__Ascomycota;c__Lecanoromycetes	k__Fungi; p__Ascomycota; c__Lecanoromycetes; o__Lecanoromycetes_c; f__Lecanoromycetes_c; g__Lecanoromycetes_c; s__Lecanoromycetes_c	0.8659601991437497	0.8659601991437497	Fungi	Ascomycota	Lecanoromycetes	Lecanoromycetes_c	Lecanoromycetes_c	Lecanoromycetes_c	Lecanoromycetes_c																							False	False	Fungi	Ascomycota	Lecanoromycetes	Lecanoromycetes_c	Lecanoromycetes_c	Lecanoromycetes_c	Lecanoromycetes_c	k__Fungi; p__Ascomycota; c__Lecanoromycetes; o__Lecanoromycetes_c; f__Lecanoromycetes_c; g__Lecanoromycetes_c; s__Lecanoromycetes_c	qiime_genus_unresolved	QIIME genus was unresolved.
dd9306fa59efb8e9ea6247ed456a2325	k__Fungi;p__Ascomycota	k__Fungi; p__Ascomycota; c__Ascomycota_p; o__Ascomycota_p; f__Ascomycota_p; g__Ascomycota_p; s__Ascomycota_p	0.881796871768641	0.881796871768641	Fungi	Ascomycota	Ascomycota_p	Ascomycota_p	Ascomycota_p	Ascomycota_p	Ascomycota_p																							False	False	Fungi	Ascomycota	Ascomycota_p	Ascomycota_p	Ascomycota_p	Ascomycota_p	Ascomycota_p	k__Fungi; p__Ascomycota; c__Ascomycota_p; o__Ascomycota_p; f__Ascomycota_p; g__Ascomycota_p; s__Ascomycota_p	qiime_genus_unresolved	QIIME genus was unresolved.
6f44fdcac884f9349154a511f9ec5467	k__Fungi	k__Fungi; p__Fungi_k; c__Fungi_k; o__Fungi_k; f__Fungi_k; g__Fungi_k; s__Fungi_k	1.0000000000000053	1.000000000000005	Fungi	Fungi_k	Fungi_k	Fungi_k	Fungi_k	Fungi_k	Fungi_k																							False	False	Fungi	Fungi_k	Fungi_k	Fungi_k	Fungi_k	Fungi_k	Fungi_k	k__Fungi; p__Fungi_k; c__Fungi_k; o__Fungi_k; f__Fungi_k; g__Fungi_k; s__Fungi_k	qiime_genus_unresolved	QIIME genus was unresolved.
e98dc9729afccefe7d09d64fb570d0f7	k__Fungi	k__Fungi; p__Fungi_k; c__Fungi_k; o__Fungi_k; f__Fungi_k; g__Fungi_k; s__Fungi_k	0.99999999999999	0.99999999999999	Fungi	Fungi_k	Fungi_k	Fungi_k	Fungi_k	Fungi_k	Fungi_k																							False	False	Fungi	Fungi_k	Fungi_k	Fungi_k	Fungi_k	Fungi_k	Fungi_k	k__Fungi; p__Fungi_k; c__Fungi_k; o__Fungi_k; f__Fungi_k; g__Fungi_k; s__Fungi_k	qiime_genus_unresolved	QIIME genus was unresolved.
f94cceab17230de007f8fd723ae80e47	k__Fungi;p__Ascomycota	k__Fungi; p__Ascomycota; c__Ascomycota_p; o__Ascomycota_p; f__Ascomycota_p; g__Ascomycota_p; s__Ascomycota_p	0.7639028150029449	0.7639028150029449	Fungi	Ascomycota	Ascomycota_p	Ascomycota_p	Ascomycota_p	Ascomycota_p	Ascomycota_p																							False	False	Fungi	Ascomycota	Ascomycota_p	Ascomycota_p	Ascomycota_p	Ascomycota_p	Ascomycota_p	k__Fungi; p__Ascomycota; c__Ascomycota_p; o__Ascomycota_p; f__Ascomycota_p; g__Ascomycota_p; s__Ascomycota_p	qiime_genus_unresolved	QIIME genus was unresolved.
891d74d20e746b1fb0158d4e1d1738cf	k__Fungi	k__Fungi; p__Fungi_k; c__Fungi_k; o__Fungi_k; f__Fungi_k; g__Fungi_k; s__Fungi_k	0.999999999999989	0.999999999999989	Fungi	Fungi_k	Fungi_k	Fungi_k	Fungi_k	Fungi_k	Fungi_k																							False	False	Fungi	Fungi_k	Fungi_k	Fungi_k	Fungi_k	Fungi_k	Fungi_k	k__Fungi; p__Fungi_k; c__Fungi_k; o__Fungi_k; f__Fungi_k; g__Fungi_k; s__Fungi_k	qiime_genus_unresolved	QIIME genus was unresolved.
e56ef4932dbe840d72fbf03dd085350e	k__Fungi	k__Fungi; p__Fungi_k; c__Fungi_k; o__Fungi_k; f__Fungi_k; g__Fungi_k; s__Fungi_k	0.9999999999999971	0.9999999999999972	Fungi	Fungi_k	Fungi_k	Fungi_k	Fungi_k	Fungi_k	Fungi_k																							False	False	Fungi	Fungi_k	Fungi_k	Fungi_k	Fungi_k	Fungi_k	Fungi_k	k__Fungi; p__Fungi_k; c__Fungi_k; o__Fungi_k; f__Fungi_k; g__Fungi_k; s__Fungi_k	qiime_genus_unresolved	QIIME genus was unresolved.
f6f997289cd3527af5c901a89ed81029	k__Fungi;p__Ascomycota	k__Fungi; p__Ascomycota; c__Ascomycota_p; o__Ascomycota_p; f__Ascomycota_p; g__Ascomycota_p; s__Ascomycota_p	0.8522582682448723	0.8522582682448723	Fungi	Ascomycota	Ascomycota_p	Ascomycota_p	Ascomycota_p	Ascomycota_p	Ascomycota_p																							False	False	Fungi	Ascomycota	Ascomycota_p	Ascomycota_p	Ascomycota_p	Ascomycota_p	Ascomycota_p	k__Fungi; p__Ascomycota; c__Ascomycota_p; o__Ascomycota_p; f__Ascomycota_p; g__Ascomycota_p; s__Ascomycota_p	qiime_genus_unresolved	QIIME genus was unresolved.
210606b4fff7f1b545874ba7442c65b1	k__Fungi;p__Ascomycota	k__Fungi; p__Ascomycota; c__Ascomycota_p; o__Ascomycota_p; f__Ascomycota_p; g__Ascomycota_p; s__Ascomycota_p	0.705386992146343	0.705386992146343	Fungi	Ascomycota	Ascomycota_p	Ascomycota_p	Ascomycota_p	Ascomycota_p	Ascomycota_p																							False	False	Fungi	Ascomycota	Ascomycota_p	Ascomycota_p	Ascomycota_p	Ascomycota_p	Ascomycota_p	k__Fungi; p__Ascomycota; c__Ascomycota_p; o__Ascomycota_p; f__Ascomycota_p; g__Ascomycota_p; s__Ascomycota_p	qiime_genus_unresolved	QIIME genus was unresolved.
75460142a37c38afe494aff9cc6ce051	k__Fungi	k__Fungi; p__Fungi_k; c__Fungi_k; o__Fungi_k; f__Fungi_k; g__Fungi_k; s__Fungi_k	1.000000000000009	1.000000000000009	Fungi	Fungi_k	Fungi_k	Fungi_k	Fungi_k	Fungi_k	Fungi_k																							False	False	Fungi	Fungi_k	Fungi_k	Fungi_k	Fungi_k	Fungi_k	Fungi_k	k__Fungi; p__Fungi_k; c__Fungi_k; o__Fungi_k; f__Fungi_k; g__Fungi_k; s__Fungi_k	qiime_genus_unresolved	QIIME genus was unresolved.
ccd3ca0ed71b6faaaccf15455d97d962	k__Fungi	k__Fungi; p__Fungi_k; c__Fungi_k; o__Fungi_k; f__Fungi_k; g__Fungi_k; s__Fungi_k	1.0000000000000058	1.0000000000000058	Fungi	Fungi_k	Fungi_k	Fungi_k	Fungi_k	Fungi_k	Fungi_k																							False	False	Fungi	Fungi_k	Fungi_k	Fungi_k	Fungi_k	Fungi_k	Fungi_k	k__Fungi; p__Fungi_k; c__Fungi_k; o__Fungi_k; f__Fungi_k; g__Fungi_k; s__Fungi_k	qiime_genus_unresolved	QIIME genus was unresolved.
88f640a131f23acf2803c6557908e825	k__Fungi;p__Ascomycota	k__Fungi; p__Ascomycota; c__Ascomycota_p; o__Ascomycota_p; f__Ascomycota_p; g__Ascomycota_p; s__Ascomycota_p	0.7877388478177844	0.7877388478177844	Fungi	Ascomycota	Ascomycota_p	Ascomycota_p	Ascomycota_p	Ascomycota_p	Ascomycota_p																							False	False	Fungi	Ascomycota	Ascomycota_p	Ascomycota_p	Ascomycota_p	Ascomycota_p	Ascomycota_p	k__Fungi; p__Ascomycota; c__Ascomycota_p; o__Ascomycota_p; f__Ascomycota_p; g__Ascomycota_p; s__Ascomycota_p	qiime_genus_unresolved	QIIME genus was unresolved.
aff14a00453aec3e51788b5e8539956b	k__Fungi	k__Fungi; p__Fungi_k; c__Fungi_k; o__Fungi_k; f__Fungi_k; g__Fungi_k; s__Fungi_k	1.0000000000000122	1.0000000000000122	Fungi	Fungi_k	Fungi_k	Fungi_k	Fungi_k	Fungi_k	Fungi_k																							False	False	Fungi	Fungi_k	Fungi_k	Fungi_k	Fungi_k	Fungi_k	Fungi_k	k__Fungi; p__Fungi_k; c__Fungi_k; o__Fungi_k; f__Fungi_k; g__Fungi_k; s__Fungi_k	qiime_genus_unresolved	QIIME genus was unresolved.
24b8daa5b10dcf42144074fc7fbfb3d6	k__Fungi;p__Ascomycota	k__Fungi; p__Ascomycota; c__Ascomycota_p; o__Ascomycota_p; f__Ascomycota_p; g__Ascomycota_p; s__Ascomycota_p	0.8915337644036068	0.8915337644036068	Fungi	Ascomycota	Ascomycota_p	Ascomycota_p	Ascomycota_p	Ascomycota_p	Ascomycota_p																							False	False	Fungi	Ascomycota	Ascomycota_p	Ascomycota_p	Ascomycota_p	Ascomycota_p	Ascomycota_p	k__Fungi; p__Ascomycota; c__Ascomycota_p; o__Ascomycota_p; f__Ascomycota_p; g__Ascomycota_p; s__Ascomycota_p	qiime_genus_unresolved	QIIME genus was unresolved.
127a250c366f54f7a8ff08616edff9c2	k__Fungi	k__Fungi; p__Fungi_k; c__Fungi_k; o__Fungi_k; f__Fungi_k; g__Fungi_k; s__Fungi_k	0.9999999999999996	0.9999999999999996	Fungi	Fungi_k	Fungi_k	Fungi_k	Fungi_k	Fungi_k	Fungi_k																							False	False	Fungi	Fungi_k	Fungi_k	Fungi_k	Fungi_k	Fungi_k	Fungi_k	k__Fungi; p__Fungi_k; c__Fungi_k; o__Fungi_k; f__Fungi_k; g__Fungi_k; s__Fungi_k	qiime_genus_unresolved	QIIME genus was unresolved.
fa57fefba85d6dff32089d0e358627f0	k__Fungi	k__Fungi; p__Fungi_k; c__Fungi_k; o__Fungi_k; f__Fungi_k; g__Fungi_k; s__Fungi_k	0.9999999999999996	0.9999999999999996	Fungi	Fungi_k	Fungi_k	Fungi_k	Fungi_k	Fungi_k	Fungi_k																							False	False	Fungi	Fungi_k	Fungi_k	Fungi_k	Fungi_k	Fungi_k	Fungi_k	k__Fungi; p__Fungi_k; c__Fungi_k; o__Fungi_k; f__Fungi_k; g__Fungi_k; s__Fungi_k	qiime_genus_unresolved	QIIME genus was unresolved.
1ad0453306a32c66b7332becae773259	k__Fungi;p__Ascomycota;c__Lecanoromycetes;o__Lecanorales;f__Lecanoraceae;g__Rhizoplaca;s__Rhizoplaca_novomexicana;sh__SH1199517.10FU	k__Fungi; p__Ascomycota; c__Lecanoromycetes; o__Lecanorales; f__Lecanoraceae; g__Rhizoplaca; s__Rhizoplaca_novomexicana	0.8104773114636482	0.8104773114636482	Fungi	Ascomycota	Lecanoromycetes	Lecanorales	Lecanoraceae	Rhizoplaca	Rhizoplaca_novomexicana																							False	False	Fungi	Ascomycota	Lecanoromycetes	Lecanorales	Lecanoraceae	Rhizoplaca	Rhizoplaca_novomexicana	k__Fungi; p__Ascomycota; c__Lecanoromycetes; o__Lecanorales; f__Lecanoraceae; g__Rhizoplaca; s__Rhizoplaca_novomexicana	qiime_species_retained	QIIME already had a species-level assignment.
9c70c6df883ccc8bc958aa9b237f3dcd	k__Fungi;p__Ascomycota;c__Sordariomycetes;o__Xylariales;f__Leptosilliaceae;g__Leptosillia;s__Leptosillia_sp;sh__SH1055465.10FU	k__Fungi; p__Ascomycota; c__Sordariomycetes; o__Xylariales; f__Leptosilliaceae; g__Leptosillia; s__Leptosillia_g	0.9329555833755858	0.9329555833755858	Fungi	Ascomycota	Sordariomycetes	Xylariales	Leptosilliaceae	Leptosillia	Leptosillia_g	NR_168250	2710530	7.71e-113	403.0	99.123	100.0	228	False	candidate_available	Eukaryota	Ascomycota	Sordariomycetes	Xylariales	Leptosilliaceae	Leptosillia	Leptosillia_cordylinea							True	True	Fungi	Ascomycota	Sordariomycetes	Xylariales	Leptosilliaceae	Leptosillia	Leptosillia_cordylinea	k__Fungi; p__Ascomycota; c__Sordariomycetes; o__Xylariales; f__Leptosilliaceae; g__Leptosillia; s__Leptosillia_cordylinea	species_replaced_by_blast	Strict BLAST evidence supported species-only replacement.
6c1fc4704aa612ba09b1cc742f0c67b2	k__Fungi;p__Ascomycota;c__Saccharomycetes;o__Saccharomycetales;f__Pichiaceae;g__Pichia;s__Pichia_kudriavzevii;sh__SH1293245.10FU	k__Fungi; p__Ascomycota; c__Saccharomycetes; o__Saccharomycetales; f__Pichiaceae; g__Pichia; s__Pichia_kudriavzevii	0.9499126474468196	0.9499126474468196	Fungi	Ascomycota	Saccharomycetes	Saccharomycetales	Pichiaceae	Pichia	Pichia_kudriavzevii	NR_131315	4909	2.0199999999999999e-153	539.0	99.668	100.0	301	False	candidate_available	Eukaryota	Ascomycota	Pichiomycetes	Pichiales	Pichiaceae	Pichia	Pichia_kudriavzevii							True	True	Fungi	Ascomycota	Saccharomycetes	Saccharomycetales	Pichiaceae	Pichia	Pichia_kudriavzevii	k__Fungi; p__Ascomycota; c__Saccharomycetes; o__Saccharomycetales; f__Pichiaceae; g__Pichia; s__Pichia_kudriavzevii	qiime_species_retained	QIIME already had a species-level assignment.
3e386a41fce9acea998443c7cd0b8976	k__Fungi;p__Ascomycota;c__Dothideomycetes;o__Dothideomycetes_ord_Incertae_sedis;f__Dothideomycetes_fam_Incertae_sedis;g__Dothideomycetes_gen_Incertae_sedis;s__Dothideomycetes_sp;sh__SH1200230.10FU	k__Fungi; p__Ascomycota; c__Dothideomycetes; o__Dothideomycetes_c; f__Dothideomycetes_c; g__Dothideomycetes_c; s__Dothideomycetes_c	0.7328169492987263	0.7328169492987263	Fungi	Ascomycota	Dothideomycetes	Dothideomycetes_c	Dothideomycetes_c	Dothideomycetes_c	Dothideomycetes_c																							False	False	Fungi	Ascomycota	Dothideomycetes	Dothideomycetes_c	Dothideomycetes_c	Dothideomycetes_c	Dothideomycetes_c	k__Fungi; p__Ascomycota; c__Dothideomycetes; o__Dothideomycetes_c; f__Dothideomycetes_c; g__Dothideomycetes_c; s__Dothideomycetes_c	qiime_genus_unresolved	QIIME genus was unresolved.
b3243e1a3accfd9f8cc3834cc9ca2539	k__Fungi;p__Ascomycota;c__Saccharomycetes;o__Saccharomycetales;f__Saccharomycetales_fam_Incertae_sedis;g__Candida;s__Candida_sp;sh__SH1262298.10FU	k__Fungi; p__Ascomycota; c__Saccharomycetes; o__Saccharomycetales; f__Saccharomycetales_o; g__Saccharomycetales_o; s__Saccharomycetales_o	0.82015866679638	0.82015866679638	Fungi	Ascomycota	Saccharomycetes	Saccharomycetales	Saccharomycetales_o	Saccharomycetales_o	Saccharomycetales_o																							False	False	Fungi	Ascomycota	Saccharomycetes	Saccharomycetales	Saccharomycetales_o	Saccharomycetales_o	Saccharomycetales_o	k__Fungi; p__Ascomycota; c__Saccharomycetes; o__Saccharomycetales; f__Saccharomycetales_o; g__Saccharomycetales_o; s__Saccharomycetales_o	qiime_genus_unresolved	QIIME genus was unresolved.
38b1cb46f1899335c80c5e172caaf2c2	k__Fungi;p__Basidiomycota;c__Agaricomycetes;o__Agaricales;f__Schizophyllaceae;g__Schizophyllum;s__Schizophyllum_commune;sh__SH1149944.10FU	k__Fungi; p__Basidiomycota; c__Agaricomycetes; o__Agaricales; f__Schizophyllaceae; g__Schizophyllum; s__Schizophyllum_commune	0.954143882100036	0.954143882100036	Fungi	Basidiomycota	Agaricomycetes	Agaricales	Schizophyllaceae	Schizophyllum	Schizophyllum_commune																							False	False	Fungi	Basidiomycota	Agaricomycetes	Agaricales	Schizophyllaceae	Schizophyllum	Schizophyllum_commune	k__Fungi; p__Basidiomycota; c__Agaricomycetes; o__Agaricales; f__Schizophyllaceae; g__Schizophyllum; s__Schizophyllum_commune	qiime_species_retained	QIIME already had a species-level assignment.
ab861263ab8cf4788c4354708ba995e6	k__Fungi;p__Basidiomycota;c__Agaricomycetes;o__Agaricales;f__Schizophyllaceae;g__Schizophyllum;s__Schizophyllum_commune;sh__SH1149944.10FU	k__Fungi; p__Basidiomycota; c__Agaricomycetes; o__Agaricales; f__Schizophyllaceae; g__Schizophyllum; s__Schizophyllum_commune	0.9625349453214512	0.9625349453214512	Fungi	Basidiomycota	Agaricomycetes	Agaricales	Schizophyllaceae	Schizophyllum	Schizophyllum_commune																							False	False	Fungi	Basidiomycota	Agaricomycetes	Agaricales	Schizophyllaceae	Schizophyllum	Schizophyllum_commune	k__Fungi; p__Basidiomycota; c__Agaricomycetes; o__Agaricales; f__Schizophyllaceae; g__Schizophyllum; s__Schizophyllum_commune	qiime_species_retained	QIIME already had a species-level assignment.
0d3edc0897c2b3a22e9e71d741ee679e	k__Fungi;p__Basidiomycota;c__Tremellomycetes;o__Cystofilobasidiales;f__Cystofilobasidiaceae;g__Cystofilobasidium;s__Cystofilobasidium_capitatum;sh__SH1083418.10FU	k__Fungi; p__Basidiomycota; c__Tremellomycetes; o__Cystofilobasidiales; f__Cystofilobasidiaceae; g__Cystofilobasidium; s__Cystofilobasidium_capitatum	0.9992549188880167	0.9992549188880168	Fungi	Basidiomycota	Tremellomycetes	Cystofilobasidiales	Cystofilobasidiaceae	Cystofilobasidium	Cystofilobasidium_capitatum	NR_111042	5412	6.33e-114	407.0	99.561	100.0	228	False	candidate_available	Eukaryota	Basidiomycota	Tremellomycetes	Cystofilobasidiales	Cystofilobasidiaceae	Cystofilobasidium	Cystofilobasidium_capitatum							True	True	Fungi	Basidiomycota	Tremellomycetes	Cystofilobasidiales	Cystofilobasidiaceae	Cystofilobasidium	Cystofilobasidium_capitatum	k__Fungi; p__Basidiomycota; c__Tremellomycetes; o__Cystofilobasidiales; f__Cystofilobasidiaceae; g__Cystofilobasidium; s__Cystofilobasidium_capitatum	qiime_species_retained	QIIME already had a species-level assignment.
bab512ce52e946dd049bf21f3f71d7f8	k__Fungi;p__Ascomycota;c__Dothideomycetes;o__Pleosporales;f__Phaeosphaeriaceae;g__Ophiosphaerella;s__Ophiosphaerella_chiangraiensis;sh__SH1346430.10FU	k__Fungi; p__Ascomycota; c__Dothideomycetes; o__Pleosporales; f__Phaeosphaeriaceae; g__Ophiosphaerella; s__Ophiosphaerella_chiangraiensis	0.8076781997772332	0.8076781997772332	Fungi	Ascomycota	Dothideomycetes	Pleosporales	Phaeosphaeriaceae	Ophiosphaerella	Ophiosphaerella_chiangraiensis																							False	False	Fungi	Ascomycota	Dothideomycetes	Pleosporales	Phaeosphaeriaceae	Ophiosphaerella	Ophiosphaerella_chiangraiensis	k__Fungi; p__Ascomycota; c__Dothideomycetes; o__Pleosporales; f__Phaeosphaeriaceae; g__Ophiosphaerella; s__Ophiosphaerella_chiangraiensis	qiime_species_retained	QIIME already had a species-level assignment.
3307422fad2c09efd87bd795d113550c	k__Fungi;p__Basidiomycota;c__Agaricomycetes;o__Hymenochaetales;f__Schizoporaceae;g__Xylodon;s__Xylodon_exilis;sh__SH1386344.10FU	k__Fungi; p__Basidiomycota; c__Agaricomycetes; o__Hymenochaetales; f__Schizoporaceae; g__Xylodon; s__Xylodon_exilis	0.999961063749126	0.999961063749126	Fungi	Basidiomycota	Agaricomycetes	Hymenochaetales	Schizoporaceae	Xylodon	Xylodon_exilis	NR_163312	2316195	6.33e-114	407.0	99.561	100.0	228	False	candidate_available	Eukaryota	Basidiomycota	Agaricomycetes	Hymenochaetales	Schizoporaceae	Xylodon	Xylodon_exilis							True	True	Fungi	Basidiomycota	Agaricomycetes	Hymenochaetales	Schizoporaceae	Xylodon	Xylodon_exilis	k__Fungi; p__Basidiomycota; c__Agaricomycetes; o__Hymenochaetales; f__Schizoporaceae; g__Xylodon; s__Xylodon_exilis	qiime_species_retained	QIIME already had a species-level assignment.
8d231a317ba8cf704dcdc9a1d5d1de99	k__Fungi;p__Basidiomycota;c__Agaricomycetes;o__Polyporales	k__Fungi; p__Basidiomycota; c__Agaricomycetes; o__Polyporales; f__Polyporales_o; g__Polyporales_o; s__Polyporales_o	0.8800084005005426	0.8800084005005426	Fungi	Basidiomycota	Agaricomycetes	Polyporales	Polyporales_o	Polyporales_o	Polyporales_o																							False	False	Fungi	Basidiomycota	Agaricomycetes	Polyporales	Polyporales_o	Polyporales_o	Polyporales_o	k__Fungi; p__Basidiomycota; c__Agaricomycetes; o__Polyporales; f__Polyporales_o; g__Polyporales_o; s__Polyporales_o	qiime_genus_unresolved	QIIME genus was unresolved.
f212910f88c465884b6e3ce383c1d163	k__Fungi;p__Basidiomycota;c__Agaricomycetes;o__Hymenochaetales;f__Schizoporaceae;g__Hyphodontia;s__Hyphodontia_tropica;sh__SH1386342.10FU	k__Fungi; p__Basidiomycota; c__Agaricomycetes; o__Hymenochaetales; f__Schizoporaceae; g__Hyphodontia; s__Hyphodontia_tropica	0.9970904486435122	0.9970904486435122	Fungi	Basidiomycota	Agaricomycetes	Hymenochaetales	Schizoporaceae	Hyphodontia	Hyphodontia_tropica	NR_198413	3031043	6.33e-114	407.0	99.561	100.0	228	False	candidate_available	Eukaryota	Basidiomycota	Agaricomycetes	Hymenochaetales	Schizoporaceae	Xylodon	Xylodon_muchuanensis							True	False	Fungi	Basidiomycota	Agaricomycetes	Hymenochaetales	Schizoporaceae	Hyphodontia	Hyphodontia_tropica	k__Fungi; p__Basidiomycota; c__Agaricomycetes; o__Hymenochaetales; f__Schizoporaceae; g__Hyphodontia; s__Hyphodontia_tropica	qiime_species_retained	QIIME already had a species-level assignment.
103944e65cf9b9d2dac28c3bd3fabb2e	k__Fungi;p__Basidiomycota;c__Agaricomycetes;o__Polyporales;f__Polyporales_fam_Incertae_sedis;g__Polyporales_gen_Incertae_sedis;s__Polyporales_sp;sh__SH1236354.10FU	k__Fungi; p__Basidiomycota; c__Agaricomycetes; o__Polyporales; f__Polyporales_o; g__Polyporales_o; s__Polyporales_o	0.99948820602771	0.99948820602771	Fungi	Basidiomycota	Agaricomycetes	Polyporales	Polyporales_o	Polyporales_o	Polyporales_o																							False	False	Fungi	Basidiomycota	Agaricomycetes	Polyporales	Polyporales_o	Polyporales_o	Polyporales_o	k__Fungi; p__Basidiomycota; c__Agaricomycetes; o__Polyporales; f__Polyporales_o; g__Polyporales_o; s__Polyporales_o	qiime_genus_unresolved	QIIME genus was unresolved.
56c2041c40052605a6924e3e9ceef831	k__Fungi;p__Basidiomycota;c__Agaricomycetes;o__Agaricales;f__Pluteaceae;g__Pluteus;s__Pluteus_castroae;sh__SH1222990.10FU	k__Fungi; p__Basidiomycota; c__Agaricomycetes; o__Agaricales; f__Pluteaceae; g__Pluteus; s__Pluteus_castroae	0.9999999793081005	0.9999999793081004	Fungi	Basidiomycota	Agaricomycetes	Agaricales	Pluteaceae	Pluteus	Pluteus_castroae	NR_153253	1633329	1.4899999999999999e-115	412.0	100.0	100.0	228	False	candidate_available	Eukaryota	Basidiomycota	Agaricomycetes	Agaricales	Pluteaceae	Pluteus	Pluteus_variabilicolor	NR_119871	Pluteus_castroae	2.21e-113	406.0	99.563	100	True	True	Fungi	Basidiomycota	Agaricomycetes	Agaricales	Pluteaceae	Pluteus	Pluteus_castroae	k__Fungi; p__Basidiomycota; c__Agaricomycetes; o__Agaricales; f__Pluteaceae; g__Pluteus; s__Pluteus_castroae	qiime_species_retained	QIIME already had a species-level assignment.
861e3c2d2e021bc75d515a994d56517e	k__Fungi;p__Ascomycota;c__Leotiomycetes;o__Helotiales;f__Mollisiaceae;g__Mollisia;s__Mollisia_sp;sh__SH1193827.10FU	k__Fungi; p__Ascomycota; c__Leotiomycetes; o__Helotiales; f__Mollisiaceae; g__Mollisia; s__Mollisia_g	0.8065142142759073	0.8065142142759073	Fungi	Ascomycota	Leotiomycetes	Helotiales	Mollisiaceae	Mollisia	Mollisia_g																							False	False	Fungi	Ascomycota	Leotiomycetes	Helotiales	Mollisiaceae	Mollisia	Mollisia_g	k__Fungi; p__Ascomycota; c__Leotiomycetes; o__Helotiales; f__Mollisiaceae; g__Mollisia; s__Mollisia_g	no_eligible_blast_hit	No strict BLAST candidate was available.
44ea276590eb178c775e90e6d3a69238	k__Fungi;p__Ascomycota;c__Sordariomycetes;o__Amphisphaeriales;f__Amphisphaeriales_fam_Incertae_sedis;g__Amphisphaeriales_gen_Incertae_sedis;s__Amphisphaeriales_sp;sh__SH1272918.10FU	k__Fungi; p__Ascomycota; c__Sordariomycetes; o__Amphisphaeriales; f__Amphisphaeriales_o; g__Amphisphaeriales_o; s__Amphisphaeriales_o	0.9489469157536013	0.9489469157536012	Fungi	Ascomycota	Sordariomycetes	Amphisphaeriales	Amphisphaeriales_o	Amphisphaeriales_o	Amphisphaeriales_o																							False	False	Fungi	Ascomycota	Sordariomycetes	Amphisphaeriales	Amphisphaeriales_o	Amphisphaeriales_o	Amphisphaeriales_o	k__Fungi; p__Ascomycota; c__Sordariomycetes; o__Amphisphaeriales; f__Amphisphaeriales_o; g__Amphisphaeriales_o; s__Amphisphaeriales_o	qiime_genus_unresolved	QIIME genus was unresolved.
115c4ab3a2c4442ff28c495a79bd59ea	k__Fungi;p__Basidiomycota;c__Agaricomycetes;o__Agaricales;f__Psathyrellaceae;g__Candolleomyces;s__Candolleomyces_sp	k__Fungi; p__Basidiomycota; c__Agaricomycetes; o__Agaricales; f__Psathyrellaceae; g__Candolleomyces; s__Candolleomyces_g	0.7570040088445907	0.7570040088445907	Fungi	Basidiomycota	Agaricomycetes	Agaricales	Psathyrellaceae	Candolleomyces	Candolleomyces_g	NR_198659	3095792	7.71e-113	403.0	99.123	100.0	228	False	candidate_available	Eukaryota	Basidiomycota	Agaricomycetes	Agaricales	Psathyrellaceae	Candolleomyces	Candolleomyces_luridus							True	True	Fungi	Basidiomycota	Agaricomycetes	Agaricales	Psathyrellaceae	Candolleomyces	Candolleomyces_luridus	k__Fungi; p__Basidiomycota; c__Agaricomycetes; o__Agaricales; f__Psathyrellaceae; g__Candolleomyces; s__Candolleomyces_luridus	species_replaced_by_blast	Strict BLAST evidence supported species-only replacement.
d06e13114c26fb411371fc6585f90fcc	k__Fungi;p__Basidiomycota;c__Agaricomycetes;o__Hymenochaetales;f__Schizoporaceae;g__Schizoporaceae_gen_Incertae_sedis;s__Schizoporaceae_sp;sh__SH1386196.10FU	k__Fungi; p__Basidiomycota; c__Agaricomycetes; o__Hymenochaetales; f__Schizoporaceae; g__Schizoporaceae_f; s__Schizoporaceae_f	0.9999980210218211	0.9999980210218212	Fungi	Basidiomycota	Agaricomycetes	Hymenochaetales	Schizoporaceae	Schizoporaceae_f	Schizoporaceae_f																							False	False	Fungi	Basidiomycota	Agaricomycetes	Hymenochaetales	Schizoporaceae	Schizoporaceae_f	Schizoporaceae_f	k__Fungi; p__Basidiomycota; c__Agaricomycetes; o__Hymenochaetales; f__Schizoporaceae; g__Schizoporaceae_f; s__Schizoporaceae_f	qiime_genus_unresolved	QIIME genus was unresolved.
9da0998852867aa3521b3fce0470f933	k__Fungi;p__Basidiomycota;c__Agaricomycetes;o__Hymenochaetales;f__Rickenellaceae;g__Peniophorella;s__Peniophorella_crystallifera;sh__SH1218884.10FU	k__Fungi; p__Basidiomycota; c__Agaricomycetes; o__Hymenochaetales; f__Rickenellaceae; g__Peniophorella; s__Peniophorella_crystallifera	0.9999999943100023	0.9999999943100024	Fungi	Basidiomycota	Agaricomycetes	Hymenochaetales	Rickenellaceae	Peniophorella	Peniophorella_crystallifera	NR_171802	1867788	6.33e-114	407.0	99.561	100.0	228	False	candidate_available	Eukaryota	Basidiomycota	Agaricomycetes	Hymenochaetales	unclassified_Hymenochaetales_family	Peniophorella	Peniophorella_crystallifera							True	True	Fungi	Basidiomycota	Agaricomycetes	Hymenochaetales	Rickenellaceae	Peniophorella	Peniophorella_crystallifera	k__Fungi; p__Basidiomycota; c__Agaricomycetes; o__Hymenochaetales; f__Rickenellaceae; g__Peniophorella; s__Peniophorella_crystallifera	qiime_species_retained	QIIME already had a species-level assignment.
cd2d016625f7659f938c0f3d984dcfed	k__Fungi;p__Basidiomycota;c__Microbotryomycetes;o__Sporidiobolales;f__Sporidiobolaceae;g__Sporobolomyces;s__Sporobolomyces_ruberrimus;sh__SH1273286.10FU	k__Fungi; p__Basidiomycota; c__Microbotryomycetes; o__Sporidiobolales; f__Sporidiobolaceae; g__Sporobolomyces; s__Sporobolomyces_ruberrimus	0.7802658145301632	0.7802658145301632	Fungi	Basidiomycota	Microbotryomycetes	Sporidiobolales	Sporidiobolaceae	Sporobolomyces	Sporobolomyces_ruberrimus	NR_136959	86828	1.4899999999999999e-115	412.0	100.0	100.0	228	False	candidate_available	Eukaryota	Basidiomycota	Microbotryomycetes	Sporidiobolales	Sporidiobolaceae	Sporobolomyces	Sporobolomyces_ruberrimus	NR_137660	Sporobolomyces_phaffii	6.33e-114	407.0	99.561	100	True	True	Fungi	Basidiomycota	Microbotryomycetes	Sporidiobolales	Sporidiobolaceae	Sporobolomyces	Sporobolomyces_ruberrimus	k__Fungi; p__Basidiomycota; c__Microbotryomycetes; o__Sporidiobolales; f__Sporidiobolaceae; g__Sporobolomyces; s__Sporobolomyces_ruberrimus	qiime_species_retained	QIIME already had a species-level assignment.
c208ad125626e378ec600060758c2b74	k__Fungi	k__Fungi; p__Fungi_k; c__Fungi_k; o__Fungi_k; f__Fungi_k; g__Fungi_k; s__Fungi_k	1.0000000000000022	1.0000000000000022	Fungi	Fungi_k	Fungi_k	Fungi_k	Fungi_k	Fungi_k	Fungi_k																							False	False	Fungi	Fungi_k	Fungi_k	Fungi_k	Fungi_k	Fungi_k	Fungi_k	k__Fungi; p__Fungi_k; c__Fungi_k; o__Fungi_k; f__Fungi_k; g__Fungi_k; s__Fungi_k	qiime_genus_unresolved	QIIME genus was unresolved.
f0affb04ad14d212d17e6dadefab055f	k__Fungi;p__Basidiomycota;c__Agaricomycetes;o__Russulales;f__Stereaceae;g__Stereaceae_gen_Incertae_sedis;s__Stereaceae_sp;sh__SH1075157.10FU	k__Fungi; p__Basidiomycota; c__Agaricomycetes; o__Russulales; f__Stereaceae; g__Stereaceae_f; s__Stereaceae_f	0.9999906404834348	0.9999906404834348	Fungi	Basidiomycota	Agaricomycetes	Russulales	Stereaceae	Stereaceae_f	Stereaceae_f																							False	False	Fungi	Basidiomycota	Agaricomycetes	Russulales	Stereaceae	Stereaceae_f	Stereaceae_f	k__Fungi; p__Basidiomycota; c__Agaricomycetes; o__Russulales; f__Stereaceae; g__Stereaceae_f; s__Stereaceae_f	qiime_genus_unresolved	QIIME genus was unresolved.
417ff10c1dde2640f0c95e9274677e6e	k__Fungi;p__Basidiomycota;c__Agaricomycetes;o__Cantharellales;f__Botryobasidiaceae;g__Botryobasidium	k__Fungi; p__Basidiomycota; c__Agaricomycetes; o__Cantharellales; f__Botryobasidiaceae; g__Botryobasidium; s__Botryobasidium_g	0.8929129772940867	0.8929129772940867	Fungi	Basidiomycota	Agaricomycetes	Cantharellales	Botryobasidiaceae	Botryobasidium	Botryobasidium_g																							False	False	Fungi	Basidiomycota	Agaricomycetes	Cantharellales	Botryobasidiaceae	Botryobasidium	Botryobasidium_g	k__Fungi; p__Basidiomycota; c__Agaricomycetes; o__Cantharellales; f__Botryobasidiaceae; g__Botryobasidium; s__Botryobasidium_g	no_eligible_blast_hit	No strict BLAST candidate was available.
641f531733565284c1dd59890b5a5e83	k__Fungi;p__Basidiomycota;c__Agaricomycetes;o__Polyporales;f__Polyporaceae;g__Trametes;s__Trametes_pubescens;sh__SH1088835.10FU	k__Fungi; p__Basidiomycota; c__Agaricomycetes; o__Polyporales; f__Polyporaceae; g__Trametes; s__Trametes_pubescens	0.890896232455714	0.890896232455714	Fungi	Basidiomycota	Agaricomycetes	Polyporales	Polyporaceae	Trametes	Trametes_pubescens	NR_154494	5325	1.4899999999999999e-115	412.0	100.0	100.0	228	False	candidate_available	Eukaryota	Basidiomycota	Agaricomycetes	Polyporales	Polyporaceae	Trametes	Trametes_versicolor							True	True	Fungi	Basidiomycota	Agaricomycetes	Polyporales	Polyporaceae	Trametes	Trametes_pubescens	k__Fungi; p__Basidiomycota; c__Agaricomycetes; o__Polyporales; f__Polyporaceae; g__Trametes; s__Trametes_pubescens	qiime_species_retained	QIIME already had a species-level assignment.
1498268fea63f9f27158b65ab52ae8ed	k__Fungi;p__Basidiomycota;c__Agaricomycetes;o__Polyporales;f__Polyporales_fam_Incertae_sedis;g__Polyporales_gen_Incertae_sedis;s__Polyporales_sp;sh__SH1254591.10FU	k__Fungi; p__Basidiomycota; c__Agaricomycetes; o__Polyporales; f__Polyporales_o; g__Polyporales_o; s__Polyporales_o	0.9999072735136	0.9999072735136	Fungi	Basidiomycota	Agaricomycetes	Polyporales	Polyporales_o	Polyporales_o	Polyporales_o																							False	False	Fungi	Basidiomycota	Agaricomycetes	Polyporales	Polyporales_o	Polyporales_o	Polyporales_o	k__Fungi; p__Basidiomycota; c__Agaricomycetes; o__Polyporales; f__Polyporales_o; g__Polyporales_o; s__Polyporales_o	qiime_genus_unresolved	QIIME genus was unresolved.
5d8ceac78519a012a4994ba03709767a	k__Fungi;p__Basidiomycota;c__Agaricomycetes;o__Polyporales;f__Meruliaceae;g__Mycoaciella;s__Mycoaciella_efibulata;sh__SH1236382.10FU	k__Fungi; p__Basidiomycota; c__Agaricomycetes; o__Polyporales; f__Meruliaceae; g__Mycoaciella; s__Mycoaciella_efibulata	0.99905036502925	0.99905036502925	Fungi	Basidiomycota	Agaricomycetes	Polyporales	Meruliaceae	Mycoaciella	Mycoaciella_efibulata																							False	False	Fungi	Basidiomycota	Agaricomycetes	Polyporales	Meruliaceae	Mycoaciella	Mycoaciella_efibulata	k__Fungi; p__Basidiomycota; c__Agaricomycetes; o__Polyporales; f__Meruliaceae; g__Mycoaciella; s__Mycoaciella_efibulata	qiime_species_retained	QIIME already had a species-level assignment.
daf9001a3300ede6912762d783d25c18	k__Fungi;p__Basidiomycota;c__Agaricomycetes;o__Polyporales;f__Polyporales_fam_Incertae_sedis;g__Polyporales_gen_Incertae_sedis;s__Polyporales_sp;sh__SH1176326.10FU	k__Fungi; p__Basidiomycota; c__Agaricomycetes; o__Polyporales; f__Polyporales_o; g__Polyporales_o; s__Polyporales_o	0.9300765342836523	0.9300765342836524	Fungi	Basidiomycota	Agaricomycetes	Polyporales	Polyporales_o	Polyporales_o	Polyporales_o																							False	False	Fungi	Basidiomycota	Agaricomycetes	Polyporales	Polyporales_o	Polyporales_o	Polyporales_o	k__Fungi; p__Basidiomycota; c__Agaricomycetes; o__Polyporales; f__Polyporales_o; g__Polyporales_o; s__Polyporales_o	qiime_genus_unresolved	QIIME genus was unresolved.
05697bc7833ce61e4a0e0ca5e59744b4	k__Fungi;p__Basidiomycota;c__Agaricomycetes;o__Trechisporales;f__Hydnodontaceae;g__Sistotremastrum;s__Sistotremastrum_sp;sh__SH1293775.10FU	k__Fungi; p__Basidiomycota; c__Agaricomycetes; o__Trechisporales; f__Hydnodontaceae; g__Sistotremastrum; s__Sistotremastrum_g	0.9647229679117622	0.9647229679117622	Fungi	Basidiomycota	Agaricomycetes	Trechisporales	Hydnodontaceae	Sistotremastrum	Sistotremastrum_g																							False	False	Fungi	Basidiomycota	Agaricomycetes	Trechisporales	Hydnodontaceae	Sistotremastrum	Sistotremastrum_g	k__Fungi; p__Basidiomycota; c__Agaricomycetes; o__Trechisporales; f__Hydnodontaceae; g__Sistotremastrum; s__Sistotremastrum_g	no_eligible_blast_hit	No strict BLAST candidate was available.
120b958eec2e26323850dffc01440286	k__Fungi;p__Basidiomycota;c__Agaricomycetes;o__Agaricales;f__Psathyrellaceae;g__Coprinopsis;s__Coprinopsis_urticicola;sh__SH1301609.10FU	k__Fungi; p__Basidiomycota; c__Agaricomycetes; o__Agaricales; f__Psathyrellaceae; g__Coprinopsis; s__Coprinopsis_urticicola	0.7256618250392052	0.7256618250392052	Fungi	Basidiomycota	Agaricomycetes	Agaricales	Psathyrellaceae	Coprinopsis	Coprinopsis_urticicola	NR_191198	2952681	6.33e-114	407.0	99.123	100.0	228	False	candidate_available	Eukaryota	Basidiomycota	Agaricomycetes	Agaricales	Psathyrellaceae	Coprinopsis	Coprinopsis_rhombisporoides							True	True	Fungi	Basidiomycota	Agaricomycetes	Agaricales	Psathyrellaceae	Coprinopsis	Coprinopsis_urticicola	k__Fungi; p__Basidiomycota; c__Agaricomycetes; o__Agaricales; f__Psathyrellaceae; g__Coprinopsis; s__Coprinopsis_urticicola	qiime_species_retained	QIIME already had a species-level assignment.
f401ef7c85b3ea9e632f2b89384dcadf	k__Fungi;p__Basidiomycota;c__Agaricomycetes;o__Hymenochaetales;f__Rickenellaceae;g__Peniophorella;s__Peniophorella_pubera;sh__SH1218878.10FU	k__Fungi; p__Basidiomycota; c__Agaricomycetes; o__Hymenochaetales; f__Rickenellaceae; g__Peniophorella; s__Peniophorella_pubera	0.9999993418071433	0.9999993418071432	Fungi	Basidiomycota	Agaricomycetes	Hymenochaetales	Rickenellaceae	Peniophorella	Peniophorella_pubera																							False	False	Fungi	Basidiomycota	Agaricomycetes	Hymenochaetales	Rickenellaceae	Peniophorella	Peniophorella_pubera	k__Fungi; p__Basidiomycota; c__Agaricomycetes; o__Hymenochaetales; f__Rickenellaceae; g__Peniophorella; s__Peniophorella_pubera	qiime_species_retained	QIIME already had a species-level assignment.
aacdd1d59dacc3d196e6ad9d3bf8f7c6	k__Fungi;p__Ascomycota;c__Dothideomycetes;o__Pleosporales;f__Phaeosphaeriaceae;g__Phaeosphaeria	k__Fungi; p__Ascomycota; c__Dothideomycetes; o__Pleosporales; f__Phaeosphaeriaceae; g__Phaeosphaeria; s__Phaeosphaeria_g	0.9148839308781238	0.9148839308781238	Fungi	Ascomycota	Dothideomycetes	Pleosporales	Phaeosphaeriaceae	Phaeosphaeria	Phaeosphaeria_g																							False	False	Fungi	Ascomycota	Dothideomycetes	Pleosporales	Phaeosphaeriaceae	Phaeosphaeria	Phaeosphaeria_g	k__Fungi; p__Ascomycota; c__Dothideomycetes; o__Pleosporales; f__Phaeosphaeriaceae; g__Phaeosphaeria; s__Phaeosphaeria_g	no_eligible_blast_hit	No strict BLAST candidate was available.
aa1b583b09e5b061d90381b8d2a27bba	k__Fungi;p__Basidiomycota;c__Agaricomycetes;o__Agaricales;f__Psathyrellaceae;g__Candolleomyces;s__Candolleomyces_sp	k__Fungi; p__Basidiomycota; c__Agaricomycetes; o__Agaricales; f__Psathyrellaceae; g__Candolleomyces; s__Candolleomyces_g	0.7737615619435771	0.7737615619435771	Fungi	Basidiomycota	Agaricomycetes	Agaricales	Psathyrellaceae	Candolleomyces	Candolleomyces_g																							False	False	Fungi	Basidiomycota	Agaricomycetes	Agaricales	Psathyrellaceae	Candolleomyces	Candolleomyces_g	k__Fungi; p__Basidiomycota; c__Agaricomycetes; o__Agaricales; f__Psathyrellaceae; g__Candolleomyces; s__Candolleomyces_g	no_eligible_blast_hit	No strict BLAST candidate was available.
ad19965cbabe7075d634d4d224ccbdd8	k__Fungi;p__Ascomycota	k__Fungi; p__Ascomycota; c__Ascomycota_p; o__Ascomycota_p; f__Ascomycota_p; g__Ascomycota_p; s__Ascomycota_p	0.7807550635919981	0.7807550635919981	Fungi	Ascomycota	Ascomycota_p	Ascomycota_p	Ascomycota_p	Ascomycota_p	Ascomycota_p																							False	False	Fungi	Ascomycota	Ascomycota_p	Ascomycota_p	Ascomycota_p	Ascomycota_p	Ascomycota_p	k__Fungi; p__Ascomycota; c__Ascomycota_p; o__Ascomycota_p; f__Ascomycota_p; g__Ascomycota_p; s__Ascomycota_p	qiime_genus_unresolved	QIIME genus was unresolved.
70d60c1f3f6ba9ae04d78ef6f824c9b8	k__Fungi	k__Fungi; p__Fungi_k; c__Fungi_k; o__Fungi_k; f__Fungi_k; g__Fungi_k; s__Fungi_k	0.9999999999999982	0.9999999999999982	Fungi	Fungi_k	Fungi_k	Fungi_k	Fungi_k	Fungi_k	Fungi_k																							False	False	Fungi	Fungi_k	Fungi_k	Fungi_k	Fungi_k	Fungi_k	Fungi_k	k__Fungi; p__Fungi_k; c__Fungi_k; o__Fungi_k; f__Fungi_k; g__Fungi_k; s__Fungi_k	qiime_genus_unresolved	QIIME genus was unresolved.
fbafee6e870c3f3fba6661cb01215fcf	k__Fungi;p__Ascomycota	k__Fungi; p__Ascomycota; c__Ascomycota_p; o__Ascomycota_p; f__Ascomycota_p; g__Ascomycota_p; s__Ascomycota_p	0.8435119465232075	0.8435119465232075	Fungi	Ascomycota	Ascomycota_p	Ascomycota_p	Ascomycota_p	Ascomycota_p	Ascomycota_p																							False	False	Fungi	Ascomycota	Ascomycota_p	Ascomycota_p	Ascomycota_p	Ascomycota_p	Ascomycota_p	k__Fungi; p__Ascomycota; c__Ascomycota_p; o__Ascomycota_p; f__Ascomycota_p; g__Ascomycota_p; s__Ascomycota_p	qiime_genus_unresolved	QIIME genus was unresolved.
a7c166e09c38af96a5fccc7a43c6065d	k__Fungi;p__Ascomycota	k__Fungi; p__Ascomycota; c__Ascomycota_p; o__Ascomycota_p; f__Ascomycota_p; g__Ascomycota_p; s__Ascomycota_p	0.7411079106687806	0.7411079106687806	Fungi	Ascomycota	Ascomycota_p	Ascomycota_p	Ascomycota_p	Ascomycota_p	Ascomycota_p																							False	False	Fungi	Ascomycota	Ascomycota_p	Ascomycota_p	Ascomycota_p	Ascomycota_p	Ascomycota_p	k__Fungi; p__Ascomycota; c__Ascomycota_p; o__Ascomycota_p; f__Ascomycota_p; g__Ascomycota_p; s__Ascomycota_p	qiime_genus_unresolved	QIIME genus was unresolved.
291a78fb09fc52eec65489c0f9391ea3	k__Fungi	k__Fungi; p__Fungi_k; c__Fungi_k; o__Fungi_k; f__Fungi_k; g__Fungi_k; s__Fungi_k	1.0000000000000033	1.000000000000003	Fungi	Fungi_k	Fungi_k	Fungi_k	Fungi_k	Fungi_k	Fungi_k																							False	False	Fungi	Fungi_k	Fungi_k	Fungi_k	Fungi_k	Fungi_k	Fungi_k	k__Fungi; p__Fungi_k; c__Fungi_k; o__Fungi_k; f__Fungi_k; g__Fungi_k; s__Fungi_k	qiime_genus_unresolved	QIIME genus was unresolved.
2c6441227b2140857c9c56378b37dfe1	k__Fungi;p__Ascomycota	k__Fungi; p__Ascomycota; c__Ascomycota_p; o__Ascomycota_p; f__Ascomycota_p; g__Ascomycota_p; s__Ascomycota_p	0.8601835618068515	0.8601835618068515	Fungi	Ascomycota	Ascomycota_p	Ascomycota_p	Ascomycota_p	Ascomycota_p	Ascomycota_p																							False	False	Fungi	Ascomycota	Ascomycota_p	Ascomycota_p	Ascomycota_p	Ascomycota_p	Ascomycota_p	k__Fungi; p__Ascomycota; c__Ascomycota_p; o__Ascomycota_p; f__Ascomycota_p; g__Ascomycota_p; s__Ascomycota_p	qiime_genus_unresolved	QIIME genus was unresolved.
afaa4e0c7f3d16d7bb2ea085323eb65b	k__Fungi	k__Fungi; p__Fungi_k; c__Fungi_k; o__Fungi_k; f__Fungi_k; g__Fungi_k; s__Fungi_k	0.9999999999999936	0.9999999999999936	Fungi	Fungi_k	Fungi_k	Fungi_k	Fungi_k	Fungi_k	Fungi_k																							False	False	Fungi	Fungi_k	Fungi_k	Fungi_k	Fungi_k	Fungi_k	Fungi_k	k__Fungi; p__Fungi_k; c__Fungi_k; o__Fungi_k; f__Fungi_k; g__Fungi_k; s__Fungi_k	qiime_genus_unresolved	QIIME genus was unresolved.
ec4276f41a3a82838b695987e7bb5ed1	k__Fungi;p__Ascomycota	k__Fungi; p__Ascomycota; c__Ascomycota_p; o__Ascomycota_p; f__Ascomycota_p; g__Ascomycota_p; s__Ascomycota_p	0.7249542891877157	0.7249542891877157	Fungi	Ascomycota	Ascomycota_p	Ascomycota_p	Ascomycota_p	Ascomycota_p	Ascomycota_p																							False	False	Fungi	Ascomycota	Ascomycota_p	Ascomycota_p	Ascomycota_p	Ascomycota_p	Ascomycota_p	k__Fungi; p__Ascomycota; c__Ascomycota_p; o__Ascomycota_p; f__Ascomycota_p; g__Ascomycota_p; s__Ascomycota_p	qiime_genus_unresolved	QIIME genus was unresolved.
89e1ad651414988ff45a48d32b96f8ef	k__Fungi	k__Fungi; p__Fungi_k; c__Fungi_k; o__Fungi_k; f__Fungi_k; g__Fungi_k; s__Fungi_k	1.0000000000000124	1.0000000000000124	Fungi	Fungi_k	Fungi_k	Fungi_k	Fungi_k	Fungi_k	Fungi_k																							False	False	Fungi	Fungi_k	Fungi_k	Fungi_k	Fungi_k	Fungi_k	Fungi_k	k__Fungi; p__Fungi_k; c__Fungi_k; o__Fungi_k; f__Fungi_k; g__Fungi_k; s__Fungi_k	qiime_genus_unresolved	QIIME genus was unresolved.
46af2089e83994319d971cbc29507615	k__Fungi	k__Fungi; p__Fungi_k; c__Fungi_k; o__Fungi_k; f__Fungi_k; g__Fungi_k; s__Fungi_k	1.0000000000000033	1.000000000000003	Fungi	Fungi_k	Fungi_k	Fungi_k	Fungi_k	Fungi_k	Fungi_k																							False	False	Fungi	Fungi_k	Fungi_k	Fungi_k	Fungi_k	Fungi_k	Fungi_k	k__Fungi; p__Fungi_k; c__Fungi_k; o__Fungi_k; f__Fungi_k; g__Fungi_k; s__Fungi_k	qiime_genus_unresolved	QIIME genus was unresolved.
cdd4c8be3d7c15248e9dee490ecf867a	k__Fungi	k__Fungi; p__Fungi_k; c__Fungi_k; o__Fungi_k; f__Fungi_k; g__Fungi_k; s__Fungi_k	0.999999999999993	0.999999999999993	Fungi	Fungi_k	Fungi_k	Fungi_k	Fungi_k	Fungi_k	Fungi_k																							False	False	Fungi	Fungi_k	Fungi_k	Fungi_k	Fungi_k	Fungi_k	Fungi_k	k__Fungi; p__Fungi_k; c__Fungi_k; o__Fungi_k; f__Fungi_k; g__Fungi_k; s__Fungi_k	qiime_genus_unresolved	QIIME genus was unresolved.
cca066ec93ac3b58cb278c7a3039a50d	k__Fungi	k__Fungi; p__Fungi_k; c__Fungi_k; o__Fungi_k; f__Fungi_k; g__Fungi_k; s__Fungi_k	0.9999999999999951	0.9999999999999952	Fungi	Fungi_k	Fungi_k	Fungi_k	Fungi_k	Fungi_k	Fungi_k																							False	False	Fungi	Fungi_k	Fungi_k	Fungi_k	Fungi_k	Fungi_k	Fungi_k	k__Fungi; p__Fungi_k; c__Fungi_k; o__Fungi_k; f__Fungi_k; g__Fungi_k; s__Fungi_k	qiime_genus_unresolved	QIIME genus was unresolved.
