run_id	Trimm	Paired	preprocess_method	feature_id	n_stool_sample_observed	stool_total_count	stool_mean_relative_abundance	stool_max_relative_abundance	qiime_resolution	QIIME_Taxon_Normalized	QIIME_ConfidenceNumeric	BLAST_Top1_Accession	BLAST_Top1_TaxID	BLAST_Top1_Pident	BLAST_Top1_Qcovus	BLAST_Top1_Bitscore	BLAST_Top1_AlignmentLength	BLAST_AmbiguousTopHit	BLAST_CutoffPass	BLAST_SelectionStatus	BLAST_Top1_Kingdom	BLAST_Top1_Phylum	BLAST_Top1_Class	BLAST_Top1_Order	BLAST_Top1_Family	BLAST_Top1_Genus	BLAST_Top1_Species	Final_Genus	Final_Species	Final_Taxon	Replacement_Status	Replacement_Reason
fig4_q30_SE_cutadapt_unite_blast_top1_rescue	Cutadapt	SE	Cutadapt	38da37bf49a104ddf2f0adc044079d2e	3	99514	25.841875948804088	36.94979776350226	Above genus	k__Fungi; p__Ascomycota; c__Ascomycota_p; o__Ascomycota_p; f__Ascomycota_p; g__Ascomycota_p; s__Ascomycota_p	0.7304101626906722	NA	NA	NA	NA	NA	NA	NA	FALSE	NA	NA	NA	NA	NA	NA	NA	NA	Ascomycota_p	Ascomycota_p	k__Fungi; p__Ascomycota; c__Ascomycota_p; o__Ascomycota_p; f__Ascomycota_p; g__Ascomycota_p; s__Ascomycota_p	qiime_retained_no_blast_species	No BLAST species-level top hit was available.
fig4_q30_PE_cutadapt_unite_blast_top1_rescue	Cutadapt	PE	Cutadapt	9fe16fd93ac73e9e4d58434fd4438af0	3	99104	26.098636824294502	37.30379412983685	Above genus	k__Fungi; p__Ascomycota; c__Ascomycota_p; o__Ascomycota_p; f__Ascomycota_p; g__Ascomycota_p; s__Ascomycota_p	0.7233492526973432	NA	NA	NA	NA	NA	NA	NA	FALSE	NA	NA	NA	NA	NA	NA	NA	NA	Ascomycota_p	Ascomycota_p	k__Fungi; p__Ascomycota; c__Ascomycota_p; o__Ascomycota_p; f__Ascomycota_p; g__Ascomycota_p; s__Ascomycota_p	qiime_retained_no_blast_species	No BLAST species-level top hit was available.
fig4_q30_SE_cutadapt_unite_blast_top1_rescue	Cutadapt	SE	Cutadapt	f52aa5980a9162ead1e2a406681ba1b7	3	18918	4.612659817354835	9.082054484891744	Above genus	k__Fungi; p__Fungi_k; c__Fungi_k; o__Fungi_k; f__Fungi_k; g__Fungi_k; s__Fungi_k	1.000000000000003	NA	NA	NA	NA	NA	NA	NA	FALSE	NA	NA	NA	NA	NA	NA	NA	NA	Fungi_k	Fungi_k	k__Fungi; p__Fungi_k; c__Fungi_k; o__Fungi_k; f__Fungi_k; g__Fungi_k; s__Fungi_k	qiime_retained_no_blast_species	No BLAST species-level top hit was available.
fig4_q30_PE_cutadapt_unite_blast_top1_rescue	Cutadapt	PE	Cutadapt	61d8d693c2929788a39237ffcfa57ced	3	17696	4.3558873042384825	8.414151689838363	Above genus	k__Fungi; p__Fungi_k; c__Fungi_k; o__Fungi_k; f__Fungi_k; g__Fungi_k; s__Fungi_k	1.0000000000000036	NA	NA	NA	NA	NA	NA	NA	FALSE	NA	NA	NA	NA	NA	NA	NA	NA	Fungi_k	Fungi_k	k__Fungi; p__Fungi_k; c__Fungi_k; o__Fungi_k; f__Fungi_k; g__Fungi_k; s__Fungi_k	qiime_retained_no_blast_species	No BLAST species-level top hit was available.
fig4_q30_SE_cutadapt_unite_blast_top1_rescue	Cutadapt	SE	Cutadapt	7ec84e73c19db6fd14a892be88d602d6	3	16627	4.267182163397662	7.908630156271998	Above genus	k__Fungi; p__Ascomycota; c__Ascomycota_p; o__Ascomycota_p; f__Ascomycota_p; g__Ascomycota_p; s__Ascomycota_p	0.7739878329361579	NA	NA	NA	NA	NA	NA	NA	FALSE	NA	NA	NA	NA	NA	NA	NA	NA	Ascomycota_p	Ascomycota_p	k__Fungi; p__Ascomycota; c__Ascomycota_p; o__Ascomycota_p; f__Ascomycota_p; g__Ascomycota_p; s__Ascomycota_p	qiime_retained_no_blast_species	No BLAST species-level top hit was available.
fig4_q30_PE_cutadapt_unite_blast_top1_rescue	Cutadapt	PE	Cutadapt	2e034c1aa05be4c5111594d8a3c15afd	3	16489	4.278341319853169	7.9160779881322405	Above genus	k__Fungi; p__Fungi_k; c__Fungi_k; o__Fungi_k; f__Fungi_k; g__Fungi_k; s__Fungi_k	1.000000000000008	NA	NA	NA	NA	NA	NA	NA	FALSE	NA	NA	NA	NA	NA	NA	NA	NA	Fungi_k	Fungi_k	k__Fungi; p__Fungi_k; c__Fungi_k; o__Fungi_k; f__Fungi_k; g__Fungi_k; s__Fungi_k	qiime_retained_no_blast_species	No BLAST species-level top hit was available.
fig4_q30_SE_cutadapt_unite_blast_top1_rescue	Cutadapt	SE	Cutadapt	23ce5b9dd49c380e94ec122f11c8077f	2	13991	6.3001193512982425	10.706672603765005	Above genus	k__Fungi; p__Fungi_k; c__Fungi_k; o__Fungi_k; f__Fungi_k; g__Fungi_k; s__Fungi_k	0.9999999999999972	NA	NA	NA	NA	NA	NA	NA	FALSE	NA	NA	NA	NA	NA	NA	NA	NA	Fungi_k	Fungi_k	k__Fungi; p__Fungi_k; c__Fungi_k; o__Fungi_k; f__Fungi_k; g__Fungi_k; s__Fungi_k	qiime_retained_no_blast_species	No BLAST species-level top hit was available.
fig4_q30_PE_cutadapt_unite_blast_top1_rescue	Cutadapt	PE	Cutadapt	deb97cee17e99b323f1cbf412123cbe4	2	13573	6.230736007563012	10.567575434170951	Above genus	k__Fungi; p__Ascomycota; c__Ascomycota_p; o__Ascomycota_p; f__Ascomycota_p; g__Ascomycota_p; s__Ascomycota_p	0.8318942971717023	NA	NA	NA	NA	NA	NA	NA	FALSE	NA	NA	NA	NA	NA	NA	NA	NA	Ascomycota_p	Ascomycota_p	k__Fungi; p__Ascomycota; c__Ascomycota_p; o__Ascomycota_p; f__Ascomycota_p; g__Ascomycota_p; s__Ascomycota_p	qiime_retained_no_blast_species	No BLAST species-level top hit was available.
fig4_q30_SE_cutadapt_unite_blast_top1_rescue	Cutadapt	SE	Cutadapt	cbf18da6c0f768134b965e6c94579fb5	1	13298	12.598648994325018	12.598648994325018	Above genus	k__Fungi; p__Ascomycota; c__Ascomycota_p; o__Ascomycota_p; f__Ascomycota_p; g__Ascomycota_p; s__Ascomycota_p	0.7049838922189909	NA	NA	NA	NA	NA	NA	NA	FALSE	NA	NA	NA	NA	NA	NA	NA	NA	Ascomycota_p	Ascomycota_p	k__Fungi; p__Ascomycota; c__Ascomycota_p; o__Ascomycota_p; f__Ascomycota_p; g__Ascomycota_p; s__Ascomycota_p	qiime_retained_no_blast_species	No BLAST species-level top hit was available.
fig4_q30_PE_cutadapt_unite_blast_top1_rescue	Cutadapt	PE	Cutadapt	529773f8e657ea61f96deda99c494873	1	13257	12.862132531289413	12.862132531289413	Above genus	k__Fungi; p__Ascomycota; c__Ascomycota_p; o__Ascomycota_p; f__Ascomycota_p; g__Ascomycota_p; s__Ascomycota_p	0.8627222449157216	NA	NA	NA	NA	NA	NA	NA	FALSE	NA	NA	NA	NA	NA	NA	NA	NA	Ascomycota_p	Ascomycota_p	k__Fungi; p__Ascomycota; c__Ascomycota_p; o__Ascomycota_p; f__Ascomycota_p; g__Ascomycota_p; s__Ascomycota_p	qiime_retained_no_blast_species	No BLAST species-level top hit was available.
fig4_q30_PE_cutadapt_unite_blast_top1_rescue	Cutadapt	PE	Cutadapt	905456212b0753912cb440d99f46a06a	2	9281	3.444744116219598	5.327606344900343	Above genus	k__Fungi; p__Ascomycota; c__Ascomycota_p; o__Ascomycota_p; f__Ascomycota_p; g__Ascomycota_p; s__Ascomycota_p	0.999999992192236	NR_119729	643907	100	100	508	281	TRUE	TRUE	candidate_available	Eukaryota	Ascomycota	Dothideomycetes	Cladosporiales	Cladosporiaceae	Cladosporium	Cladosporium_colombiae	Cladosporium	Cladosporium_colombiae	k__Fungi; p__Ascomycota; c__Dothideomycetes; o__Cladosporiales; f__Cladosporiaceae; g__Cladosporium; s__Cladosporium_colombiae	blast_top1_species_rescued_ambiguous_missing_qiime_species	QIIME/UNITE species was missing or placeholder-like and BLAST top1 species passed cutoffs; top1 was used despite ambiguous top-hit conflict.
fig4_q30_SE_cutadapt_unite_blast_top1_rescue	Cutadapt	SE	Cutadapt	d64a586df2febe320546417d9621d507	1	8038	5.65817260312544	5.65817260312544	Above genus	k__Fungi; p__Ascomycota; c__Ascomycota_p; o__Ascomycota_p; f__Ascomycota_p; g__Ascomycota_p; s__Ascomycota_p	0.7016151818939144	NA	NA	NA	NA	NA	NA	NA	FALSE	NA	NA	NA	NA	NA	NA	NA	NA	Ascomycota_p	Ascomycota_p	k__Fungi; p__Ascomycota; c__Ascomycota_p; o__Ascomycota_p; f__Ascomycota_p; g__Ascomycota_p; s__Ascomycota_p	qiime_retained_no_blast_species	No BLAST species-level top hit was available.
fig4_q30_PE_cutadapt_unite_blast_top1_rescue	Cutadapt	PE	Cutadapt	7bc674b40d076f018a37dfafe8b2816b	1	7886	5.570782706979373	5.570782706979373	Above genus	k__Fungi; p__Ascomycota; c__Ascomycota_p; o__Ascomycota_p; f__Ascomycota_p; g__Ascomycota_p; s__Ascomycota_p	0.8642614419522594	NA	NA	NA	NA	NA	NA	NA	FALSE	NA	NA	NA	NA	NA	NA	NA	NA	Ascomycota_p	Ascomycota_p	k__Fungi; p__Ascomycota; c__Ascomycota_p; o__Ascomycota_p; f__Ascomycota_p; g__Ascomycota_p; s__Ascomycota_p	qiime_retained_no_blast_species	No BLAST species-level top hit was available.
fig4_q30_SE_cutadapt_unite_blast_top1_rescue	Cutadapt	SE	Cutadapt	1c8bbb1b54f02065db91f0386a39e0ad	3	4306	1.0874541956465191	2.062508799098972	Above genus	k__Fungi; p__Ascomycota; c__Ascomycota_p; o__Ascomycota_p; f__Ascomycota_p; g__Ascomycota_p; s__Ascomycota_p	0.7281214865728713	NA	NA	NA	NA	NA	NA	NA	FALSE	NA	NA	NA	NA	NA	NA	NA	NA	Ascomycota_p	Ascomycota_p	k__Fungi; p__Ascomycota; c__Ascomycota_p; o__Ascomycota_p; f__Ascomycota_p; g__Ascomycota_p; s__Ascomycota_p	qiime_retained_no_blast_species	No BLAST species-level top hit was available.
fig4_q30_SE_cutadapt_unite_blast_top1_rescue	Cutadapt	SE	Cutadapt	1eb57cce3c3583ae58927522adab0277	3	4242	1.117218572810999	1.6915387864282698	Above genus	k__Fungi; p__Ascomycota; c__Ascomycota_p; o__Ascomycota_p; f__Ascomycota_p; g__Ascomycota_p; s__Ascomycota_p	0.999999990900072	NR_111530	887084	99.561	100	407	228	TRUE	TRUE	candidate_available	Eukaryota	Ascomycota	Dothideomycetes	Cladosporiales	Cladosporiaceae	Cladosporium	Cladosporium_angustisporum	Cladosporium	Cladosporium_angustisporum	k__Fungi; p__Ascomycota; c__Dothideomycetes; o__Cladosporiales; f__Cladosporiaceae; g__Cladosporium; s__Cladosporium_angustisporum	blast_top1_species_rescued_ambiguous_missing_qiime_species	QIIME/UNITE species was missing or placeholder-like and BLAST top1 species passed cutoffs; top1 was used despite ambiguous top-hit conflict.
fig4_q30_PE_cutadapt_unite_blast_top1_rescue	Cutadapt	PE	Cutadapt	6c6f38ebf80a8a9c7ca3c50dc2363d1f	3	4187	1.068234684751722	2.0655552415936707	Above genus	k__Fungi; p__Fungi_k; c__Fungi_k; o__Fungi_k; f__Fungi_k; g__Fungi_k; s__Fungi_k	1.000000000000009	NA	NA	NA	NA	NA	NA	NA	FALSE	NA	NA	NA	NA	NA	NA	NA	NA	Fungi_k	Fungi_k	k__Fungi; p__Fungi_k; c__Fungi_k; o__Fungi_k; f__Fungi_k; g__Fungi_k; s__Fungi_k	qiime_retained_no_blast_species	No BLAST species-level top hit was available.
fig4_q30_SE_cutadapt_unite_blast_top1_rescue	Cutadapt	SE	Cutadapt	80d69bc60273cafc5a73ae55b234f7c9	1	4164	3.945012363691486	3.945012363691486	Genus	k__Fungi; p__Ascomycota; c__Sordariomycetes; o__Amphisphaeriales; f__Apiosporaceae; g__Nigrospora; s__Nigrospora_g	0.9999893845431256	NA	NA	NA	NA	NA	NA	NA	FALSE	NA	NA	NA	NA	NA	NA	NA	NA	Nigrospora	Nigrospora_g	k__Fungi; p__Ascomycota; c__Sordariomycetes; o__Amphisphaeriales; f__Apiosporaceae; g__Nigrospora; s__Nigrospora_g	qiime_retained_no_blast_species	No BLAST species-level top hit was available.
fig4_q30_PE_cutadapt_unite_blast_top1_rescue	Cutadapt	PE	Cutadapt	3b4e11535ad357e303ef9030433d4713	3	4125	1.100817923691986	1.6473580107374965	Above genus	k__Fungi; p__Ascomycota; c__Ascomycota_p; o__Ascomycota_p; f__Ascomycota_p; g__Ascomycota_p; s__Ascomycota_p	0.8830292180328694	NR_119729	643907	99.644	100	503	281	TRUE	TRUE	candidate_available	Eukaryota	Ascomycota	Dothideomycetes	Cladosporiales	Cladosporiaceae	Cladosporium	Cladosporium_colombiae	Cladosporium	Cladosporium_colombiae	k__Fungi; p__Ascomycota; c__Dothideomycetes; o__Cladosporiales; f__Cladosporiaceae; g__Cladosporium; s__Cladosporium_colombiae	blast_top1_species_rescued_ambiguous_missing_qiime_species	QIIME/UNITE species was missing or placeholder-like and BLAST top1 species passed cutoffs; top1 was used despite ambiguous top-hit conflict.
fig4_q30_PE_cutadapt_unite_blast_top1_rescue	Cutadapt	PE	Cutadapt	708fe7d9660f6d64ee5ba7114357ed41	1	4047	3.926457747162123	3.926457747162123	Genus	k__Fungi; p__Ascomycota; c__Sordariomycetes; o__Amphisphaeriales; f__Apiosporaceae; g__Nigrospora; s__Nigrospora_g	0.9999785881473098	NA	NA	NA	NA	NA	NA	NA	FALSE	NA	NA	NA	NA	NA	NA	NA	NA	Nigrospora	Nigrospora_g	k__Fungi; p__Ascomycota; c__Sordariomycetes; o__Amphisphaeriales; f__Apiosporaceae; g__Nigrospora; s__Nigrospora_g	qiime_retained_no_blast_species	No BLAST species-level top hit was available.
fig4_q30_SE_cutadapt_unite_blast_top1_rescue	Cutadapt	SE	Cutadapt	e9158b4ef80d8a3ac9e727f88e44cb72	1	4015	2.9852188912681417	2.9852188912681417	Above genus	k__Fungi; p__Basidiomycota; c__Agaricomycetes; o__Russulales; f__Peniophoraceae; g__Peniophoraceae_f; s__Peniophoraceae_f	0.9997295818979748	NA	NA	NA	NA	NA	NA	NA	FALSE	NA	NA	NA	NA	NA	NA	NA	NA	Peniophoraceae_f	Peniophoraceae_f	k__Fungi; p__Basidiomycota; c__Agaricomycetes; o__Russulales; f__Peniophoraceae; g__Peniophoraceae_f; s__Peniophoraceae_f	qiime_retained_no_blast_species	No BLAST species-level top hit was available.
fig4_q30_PE_cutadapt_unite_blast_top1_rescue	Cutadapt	PE	Cutadapt	570f764a5084a41650f1c49d6f3fd466	1	4005	3.017972193964056	3.017972193964056	Above genus	k__Fungi; p__Basidiomycota; c__Agaricomycetes; o__Russulales; f__Peniophoraceae; g__Peniophoraceae_f; s__Peniophoraceae_f	0.9998625661534036	NA	NA	NA	NA	NA	NA	NA	FALSE	NA	NA	NA	NA	NA	NA	NA	NA	Peniophoraceae_f	Peniophoraceae_f	k__Fungi; p__Basidiomycota; c__Agaricomycetes; o__Russulales; f__Peniophoraceae; g__Peniophoraceae_f; s__Peniophoraceae_f	qiime_retained_no_blast_species	No BLAST species-level top hit was available.
fig4_q30_SE_cutadapt_unite_blast_top1_rescue	Cutadapt	SE	Cutadapt	722fb57e17229696cb75e47ad882962f	2	3544	1.2956979729187221	1.815667380442541	Above genus	k__Fungi; p__Basidiomycota; c__Agaricomycetes; o__Russulales; f__Stereaceae; g__Stereaceae_f; s__Stereaceae_f	0.9999983139715316	NA	NA	NA	NA	NA	NA	NA	FALSE	NA	NA	NA	NA	NA	NA	NA	NA	Stereaceae_f	Stereaceae_f	k__Fungi; p__Basidiomycota; c__Agaricomycetes; o__Russulales; f__Stereaceae; g__Stereaceae_f; s__Stereaceae_f	qiime_retained_no_blast_species	No BLAST species-level top hit was available.
fig4_q30_PE_cutadapt_unite_blast_top1_rescue	Cutadapt	PE	Cutadapt	62fabc748aba349f3ab0821df3e005b3	2	3530	1.3041631361924177	1.8333898496665537	Above genus	k__Fungi; p__Basidiomycota; c__Agaricomycetes; o__Russulales; f__Stereaceae; g__Stereaceae_f; s__Stereaceae_f	0.999997269668232	NA	NA	NA	NA	NA	NA	NA	FALSE	NA	NA	NA	NA	NA	NA	NA	NA	Stereaceae_f	Stereaceae_f	k__Fungi; p__Basidiomycota; c__Agaricomycetes; o__Russulales; f__Stereaceae; g__Stereaceae_f; s__Stereaceae_f	qiime_retained_no_blast_species	No BLAST species-level top hit was available.
fig4_q30_SE_cutadapt_unite_blast_top1_rescue	Cutadapt	SE	Cutadapt	a841082e3b16121e246a0a2ca1534c20	1	3214	2.2624243277488385	2.2624243277488385	Above genus	k__Fungi; p__Ascomycota; c__Dothideomycetes; o__Pleosporales; f__Didymellaceae; g__Didymellaceae_f; s__Didymellaceae_f	0.9378938330741856	NR_156400	2126488	100	100	412	228	TRUE	TRUE	candidate_available	Eukaryota	Ascomycota	Dothideomycetes	Pleosporales	Didymellaceae	Neodidymella	Neodidymella_thailandicum	Neodidymella	Neodidymella_thailandicum	k__Fungi; p__Ascomycota; c__Dothideomycetes; o__Pleosporales; f__Didymellaceae; g__Neodidymella; s__Neodidymella_thailandicum	blast_top1_species_rescued_ambiguous_missing_qiime_species	QIIME/UNITE species was missing or placeholder-like and BLAST top1 species passed cutoffs; top1 was used despite ambiguous top-hit conflict.
fig4_q30_SE_cutadapt_unite_blast_top1_rescue	Cutadapt	SE	Cutadapt	fb1e99770074de04d7dff1b96c37c523	1	3132	2.2047022384907784	2.2047022384907784	Genus	k__Fungi; p__Ascomycota; c__Eurotiomycetes; o__Eurotiales; f__Aspergillaceae; g__Aspergillus; s__Aspergillus_g	0.99972627726712	NR_111728	1235455	100	100	412	228	TRUE	TRUE	candidate_available	Eukaryota	Ascomycota	Eurotiomycetes	Eurotiales	Aspergillaceae	Aspergillus	Aspergillus_cibarius	Aspergillus	Aspergillus_cibarius	k__Fungi; p__Ascomycota; c__Eurotiomycetes; o__Eurotiales; f__Aspergillaceae; g__Aspergillus; s__Aspergillus_cibarius	blast_top1_species_rescued_ambiguous_missing_qiime_species	QIIME/UNITE species was missing or placeholder-like and BLAST top1 species passed cutoffs; top1 was used despite ambiguous top-hit conflict.
fig4_q30_PE_cutadapt_unite_blast_top1_rescue	Cutadapt	PE	Cutadapt	01b9bca264d99ceaedcce67eeee0c285	1	3124	2.2068380898558915	2.2068380898558915	Above genus	k__Fungi; p__Ascomycota; c__Dothideomycetes; o__Pleosporales; f__Didymellaceae; g__Didymellaceae_f; s__Didymellaceae_f	0.8807468295016168	NR_156400	2126488	100	100	508	281	TRUE	TRUE	candidate_available	Eukaryota	Ascomycota	Dothideomycetes	Pleosporales	Didymellaceae	Neodidymella	Neodidymella_thailandicum	Neodidymella	Neodidymella_thailandicum	k__Fungi; p__Ascomycota; c__Dothideomycetes; o__Pleosporales; f__Didymellaceae; g__Neodidymella; s__Neodidymella_thailandicum	blast_top1_species_rescued_ambiguous_missing_qiime_species	QIIME/UNITE species was missing or placeholder-like and BLAST top1 species passed cutoffs; top1 was used despite ambiguous top-hit conflict.
fig4_q30_SE_cutadapt_unite_blast_top1_rescue	Cutadapt	SE	Cutadapt	bfa6afd86523df0a5ddd44a01da73ddb	1	3030	2.132901590877094	2.132901590877094	Above genus	k__Fungi; p__Fungi_k; c__Fungi_k; o__Fungi_k; f__Fungi_k; g__Fungi_k; s__Fungi_k	0.9999999999999905	NA	NA	NA	NA	NA	NA	NA	FALSE	NA	NA	NA	NA	NA	NA	NA	NA	Fungi_k	Fungi_k	k__Fungi; p__Fungi_k; c__Fungi_k; o__Fungi_k; f__Fungi_k; g__Fungi_k; s__Fungi_k	qiime_retained_no_blast_species	No BLAST species-level top hit was available.
fig4_q30_SE_cutadapt_unite_blast_top1_rescue	Cutadapt	SE	Cutadapt	dc4c92957db247364b6bca5eb5bd2b66	1	3002	2.8441227463501058	2.8441227463501058	Above genus	k__Fungi; p__Ascomycota; c__Ascomycota_p; o__Ascomycota_p; f__Ascomycota_p; g__Ascomycota_p; s__Ascomycota_p	0.8152844259768292	NA	NA	NA	NA	NA	NA	NA	FALSE	NA	NA	NA	NA	NA	NA	NA	NA	Ascomycota_p	Ascomycota_p	k__Fungi; p__Ascomycota; c__Ascomycota_p; o__Ascomycota_p; f__Ascomycota_p; g__Ascomycota_p; s__Ascomycota_p	qiime_retained_no_blast_species	No BLAST species-level top hit was available.
fig4_q30_PE_cutadapt_unite_blast_top1_rescue	Cutadapt	PE	Cutadapt	639353bbf29e0f26b33b9c88db1892ec	1	2968	2.096637468211359	2.096637468211359	Above genus	k__Fungi; p__Ascomycota; c__Ascomycota_p; o__Ascomycota_p; f__Ascomycota_p; g__Ascomycota_p; s__Ascomycota_p	0.8958144708305584	NA	NA	NA	NA	NA	NA	NA	FALSE	NA	NA	NA	NA	NA	NA	NA	NA	Ascomycota_p	Ascomycota_p	k__Fungi; p__Ascomycota; c__Ascomycota_p; o__Ascomycota_p; f__Ascomycota_p; g__Ascomycota_p; s__Ascomycota_p	qiime_retained_no_blast_species	No BLAST species-level top hit was available.
fig4_q30_SE_cutadapt_unite_blast_top1_rescue	Cutadapt	SE	Cutadapt	4c2a20f52c5307c38f027444128a1e56	1	2605	1.833732225820076	1.833732225820076	Above genus	k__Fungi; p__Fungi_k; c__Fungi_k; o__Fungi_k; f__Fungi_k; g__Fungi_k; s__Fungi_k	0.9987467744175644	NA	NA	NA	NA	NA	NA	NA	FALSE	NA	NA	NA	NA	NA	NA	NA	NA	Fungi_k	Fungi_k	k__Fungi; p__Fungi_k; c__Fungi_k; o__Fungi_k; f__Fungi_k; g__Fungi_k; s__Fungi_k	qiime_retained_no_blast_species	No BLAST species-level top hit was available.
fig4_q30_PE_cutadapt_unite_blast_top1_rescue	Cutadapt	PE	Cutadapt	c42df08d0d30ffb92d0d536d020a4953	1	2599	1.8359706131675615	1.8359706131675615	Above genus	k__Fungi; p__Fungi_k; c__Fungi_k; o__Fungi_k; f__Fungi_k; g__Fungi_k; s__Fungi_k	0.998316821139134	NA	NA	NA	NA	NA	NA	NA	FALSE	NA	NA	NA	NA	NA	NA	NA	NA	Fungi_k	Fungi_k	k__Fungi; p__Fungi_k; c__Fungi_k; o__Fungi_k; f__Fungi_k; g__Fungi_k; s__Fungi_k	qiime_retained_no_blast_species	No BLAST species-level top hit was available.
fig4_q30_PE_cutadapt_unite_blast_top1_rescue	Cutadapt	PE	Cutadapt	6c64590e8ec3b22dc5b0cc911ad3b68c	1	2293	1.6198078553263633	1.6198078553263633	Genus	k__Fungi; p__Ascomycota; c__Sordariomycetes; o__Diaporthales; f__Gnomoniaceae; g__Ophiognomonia; s__Ophiognomonia_g	0.7846620772744275	NA	NA	NA	NA	NA	NA	NA	FALSE	NA	NA	NA	NA	NA	NA	NA	NA	Ophiognomonia	Ophiognomonia_g	k__Fungi; p__Ascomycota; c__Sordariomycetes; o__Diaporthales; f__Gnomoniaceae; g__Ophiognomonia; s__Ophiognomonia_g	qiime_retained_no_blast_species	No BLAST species-level top hit was available.
fig4_q30_SE_cutadapt_unite_blast_top1_rescue	Cutadapt	SE	Cutadapt	1a06f4d3b11bdcb6ad8457f0d779d84b	1	2274	1.6907566024268381	1.6907566024268381	Above genus	k__Fungi; p__Basidiomycota; c__Agaricomycetes; o__Hymenochaetales; f__Schizoporaceae; g__Schizoporaceae_f; s__Schizoporaceae_f	0.7567943405580422	NA	NA	NA	NA	NA	NA	NA	FALSE	NA	NA	NA	NA	NA	NA	NA	NA	Schizoporaceae_f	Schizoporaceae_f	k__Fungi; p__Basidiomycota; c__Agaricomycetes; o__Hymenochaetales; f__Schizoporaceae; g__Schizoporaceae_f; s__Schizoporaceae_f	qiime_retained_no_blast_species	No BLAST species-level top hit was available.
fig4_q30_PE_cutadapt_unite_blast_top1_rescue	Cutadapt	PE	Cutadapt	824cad1ad715206245b6959000cb619c	1	2264	1.7060397121434763	1.7060397121434763	Above genus	k__Fungi; p__Basidiomycota; c__Agaricomycetes; o__Agaricomycetes_c; f__Agaricomycetes_c; g__Agaricomycetes_c; s__Agaricomycetes_c	0.992448384384512	NA	NA	NA	NA	NA	NA	NA	FALSE	NA	NA	NA	NA	NA	NA	NA	NA	Agaricomycetes_c	Agaricomycetes_c	k__Fungi; p__Basidiomycota; c__Agaricomycetes; o__Agaricomycetes_c; f__Agaricomycetes_c; g__Agaricomycetes_c; s__Agaricomycetes_c	qiime_retained_no_blast_species	No BLAST species-level top hit was available.
fig4_q30_SE_cutadapt_unite_blast_top1_rescue	Cutadapt	SE	Cutadapt	b7b0fcf787b97ca7ed398fae36e66b47	1	2084	1.9744010004642307	1.9744010004642307	Above genus	k__Fungi; p__Fungi_k; c__Fungi_k; o__Fungi_k; f__Fungi_k; g__Fungi_k; s__Fungi_k	1.0000000000000024	NA	NA	NA	NA	NA	NA	NA	FALSE	NA	NA	NA	NA	NA	NA	NA	NA	Fungi_k	Fungi_k	k__Fungi; p__Fungi_k; c__Fungi_k; o__Fungi_k; f__Fungi_k; g__Fungi_k; s__Fungi_k	qiime_retained_no_blast_species	No BLAST species-level top hit was available.
fig4_q30_SE_cutadapt_unite_blast_top1_rescue	Cutadapt	SE	Cutadapt	96089fcd4be16af3744dff9823059e84	1	2074	1.4599465014782487	1.4599465014782487	Above genus	k__Fungi; p__Basidiomycota; c__Agaricomycetes; o__Russulales; f__Peniophoraceae; g__Peniophoraceae_f; s__Peniophoraceae_f	0.9997263267976644	NA	NA	NA	NA	NA	NA	NA	FALSE	NA	NA	NA	NA	NA	NA	NA	NA	Peniophoraceae_f	Peniophoraceae_f	k__Fungi; p__Basidiomycota; c__Agaricomycetes; o__Russulales; f__Peniophoraceae; g__Peniophoraceae_f; s__Peniophoraceae_f	qiime_retained_no_blast_species	No BLAST species-level top hit was available.
fig4_q30_PE_cutadapt_unite_blast_top1_rescue	Cutadapt	PE	Cutadapt	dc31d3cd1f368b6736b7ab377a9d3a9c	1	2064	1.4580389940661205	1.4580389940661205	Above genus	k__Fungi; p__Basidiomycota; c__Agaricomycetes; o__Russulales; f__Peniophoraceae; g__Peniophoraceae_f; s__Peniophoraceae_f	0.9998852781255856	NA	NA	NA	NA	NA	NA	NA	FALSE	NA	NA	NA	NA	NA	NA	NA	NA	Peniophoraceae_f	Peniophoraceae_f	k__Fungi; p__Basidiomycota; c__Agaricomycetes; o__Russulales; f__Peniophoraceae; g__Peniophoraceae_f; s__Peniophoraceae_f	qiime_retained_no_blast_species	No BLAST species-level top hit was available.
fig4_q30_PE_cutadapt_unite_blast_top1_rescue	Cutadapt	PE	Cutadapt	1062b08fe389426eacd44013d0f1f831	1	2055	1.9937906277287283	1.9937906277287283	Above genus	k__Fungi; p__Ascomycota; c__Ascomycota_p; o__Ascomycota_p; f__Ascomycota_p; g__Ascomycota_p; s__Ascomycota_p	0.8939800062259343	NA	NA	NA	NA	NA	NA	NA	FALSE	NA	NA	NA	NA	NA	NA	NA	NA	Ascomycota_p	Ascomycota_p	k__Fungi; p__Ascomycota; c__Ascomycota_p; o__Ascomycota_p; f__Ascomycota_p; g__Ascomycota_p; s__Ascomycota_p	qiime_retained_no_blast_species	No BLAST species-level top hit was available.
fig4_q30_SE_cutadapt_unite_blast_top1_rescue	Cutadapt	SE	Cutadapt	00b0c1b2dd29f6dde895345a89eab2d4	1	2042	1.5182607661194385	1.5182607661194385	Above genus	k__Fungi; p__Basidiomycota; c__Agaricomycetes; o__Russulales; f__Peniophoraceae; g__Peniophoraceae_f; s__Peniophoraceae_f	0.9997400252950968	NA	NA	NA	NA	NA	NA	NA	FALSE	NA	NA	NA	NA	NA	NA	NA	NA	Peniophoraceae_f	Peniophoraceae_f	k__Fungi; p__Basidiomycota; c__Agaricomycetes; o__Russulales; f__Peniophoraceae; g__Peniophoraceae_f; s__Peniophoraceae_f	qiime_retained_no_blast_species	No BLAST species-level top hit was available.
fig4_q30_PE_cutadapt_unite_blast_top1_rescue	Cutadapt	PE	Cutadapt	9d97a0af7f2ef9407934fbadfaacf8b5	1	2034	1.532722956934554	1.532722956934554	Above genus	k__Fungi; p__Basidiomycota; c__Agaricomycetes; o__Russulales; f__Peniophoraceae; g__Peniophoraceae_f; s__Peniophoraceae_f	0.9998528658204782	NA	NA	NA	NA	NA	NA	NA	FALSE	NA	NA	NA	NA	NA	NA	NA	NA	Peniophoraceae_f	Peniophoraceae_f	k__Fungi; p__Basidiomycota; c__Agaricomycetes; o__Russulales; f__Peniophoraceae; g__Peniophoraceae_f; s__Peniophoraceae_f	qiime_retained_no_blast_species	No BLAST species-level top hit was available.
fig4_q30_PE_cutadapt_unite_blast_top1_rescue	Cutadapt	PE	Cutadapt	a03ed4e1914bb72959ef2be3b31f7ac6	1	1988	1.4980596058927698	1.4980596058927698	Above genus	k__Fungi; p__Basidiomycota; c__Agaricomycetes; o__Russulales; f__Hericiaceae; g__Hericiaceae_f; s__Hericiaceae_f	0.9555257268366056	NA	NA	NA	NA	NA	NA	NA	FALSE	NA	NA	NA	NA	NA	NA	NA	NA	Hericiaceae_f	Hericiaceae_f	k__Fungi; p__Basidiomycota; c__Agaricomycetes; o__Russulales; f__Hericiaceae; g__Hericiaceae_f; s__Hericiaceae_f	qiime_retained_no_blast_species	No BLAST species-level top hit was available.
fig4_q30_SE_cutadapt_unite_blast_top1_rescue	Cutadapt	SE	Cutadapt	01bb26a8a1751eb3c5b4b7ecb7e47993	3	1934	0.5231569663377811	0.699188070221978	Above genus	k__Fungi; p__Fungi_k; c__Fungi_k; o__Fungi_k; f__Fungi_k; g__Fungi_k; s__Fungi_k	0.9999999999999952	NA	NA	NA	NA	NA	NA	NA	FALSE	NA	NA	NA	NA	NA	NA	NA	NA	Fungi_k	Fungi_k	k__Fungi; p__Fungi_k; c__Fungi_k; o__Fungi_k; f__Fungi_k; g__Fungi_k; s__Fungi_k	qiime_retained_no_blast_species	No BLAST species-level top hit was available.
fig4_q30_PE_cutadapt_unite_blast_top1_rescue	Cutadapt	PE	Cutadapt	7ca4a4a45a805841fa086a8ed97e5dad	3	1928	0.530030082614871	0.7150480256136607	Above genus	k__Fungi; p__Ascomycota; c__Ascomycota_p; o__Ascomycota_p; f__Ascomycota_p; g__Ascomycota_p; s__Ascomycota_p	0.7363577785909372	NA	NA	NA	NA	NA	NA	NA	FALSE	NA	NA	NA	NA	NA	NA	NA	NA	Ascomycota_p	Ascomycota_p	k__Fungi; p__Ascomycota; c__Ascomycota_p; o__Ascomycota_p; f__Ascomycota_p; g__Ascomycota_p; s__Ascomycota_p	qiime_retained_no_blast_species	No BLAST species-level top hit was available.
fig4_q30_SE_cutadapt_unite_blast_top1_rescue	Cutadapt	SE	Cutadapt	2ec4fcc1eb3651a961c3fb1428c3433b	1	1802	1.268478107841757	1.268478107841757	Genus	k__Fungi; p__Basidiomycota; c__Microbotryomycetes; o__Sporidiobolales; f__Sporidiobolaceae; g__Sporobolomyces; s__Sporobolomyces_g	0.7792713265419711	NR_137660	183961	100	100	412	228	FALSE	TRUE	candidate_available	Eukaryota	Basidiomycota	Microbotryomycetes	Sporidiobolales	Sporidiobolaceae	Sporobolomyces	Sporobolomyces_phaffii	Sporobolomyces	Sporobolomyces_phaffii	k__Fungi; p__Basidiomycota; c__Microbotryomycetes; o__Sporidiobolales; f__Sporidiobolaceae; g__Sporobolomyces; s__Sporobolomyces_phaffii	blast_top1_species_rescued_missing_qiime_species	QIIME/UNITE species was missing or placeholder-like and BLAST top1 species passed high-confidence cutoffs.
fig4_q30_PE_cutadapt_unite_blast_top1_rescue	Cutadapt	PE	Cutadapt	b52eda8a4baa1b15ac8ec4d7522abcc8	1	1800	1.2715456343599887	1.2715456343599887	Genus	k__Fungi; p__Basidiomycota; c__Microbotryomycetes; o__Sporidiobolales; f__Sporidiobolaceae; g__Sporobolomyces; s__Sporobolomyces_g	0.9999999891651928	NR_136959	86828	99.666	100	535	299	FALSE	TRUE	candidate_available	Eukaryota	Basidiomycota	Microbotryomycetes	Sporidiobolales	Sporidiobolaceae	Sporobolomyces	Sporobolomyces_ruberrimus	Sporobolomyces	Sporobolomyces_ruberrimus	k__Fungi; p__Basidiomycota; c__Microbotryomycetes; o__Sporidiobolales; f__Sporidiobolaceae; g__Sporobolomyces; s__Sporobolomyces_ruberrimus	blast_top1_species_rescued_missing_qiime_species	QIIME/UNITE species was missing or placeholder-like and BLAST top1 species passed high-confidence cutoffs.
fig4_q30_SE_cutadapt_unite_blast_top1_rescue	Cutadapt	SE	Cutadapt	4895bce8e320a5bf47a9ca23b5631654	1	1766	1.673124840124679	1.673124840124679	Above genus	k__Fungi; p__Ascomycota; c__Ascomycota_p; o__Ascomycota_p; f__Ascomycota_p; g__Ascomycota_p; s__Ascomycota_p	0.8086338473755519	NA	NA	NA	NA	NA	NA	NA	FALSE	NA	NA	NA	NA	NA	NA	NA	NA	Ascomycota_p	Ascomycota_p	k__Fungi; p__Ascomycota; c__Ascomycota_p; o__Ascomycota_p; f__Ascomycota_p; g__Ascomycota_p; s__Ascomycota_p	qiime_retained_no_blast_species	No BLAST species-level top hit was available.
fig4_q30_PE_cutadapt_unite_blast_top1_rescue	Cutadapt	PE	Cutadapt	49e42f543450b3655fa635095b6a84e5	1	1748	1.6959348015911517	1.6959348015911517	Above genus	k__Fungi; p__Ascomycota; c__Ascomycota_p; o__Ascomycota_p; f__Ascomycota_p; g__Ascomycota_p; s__Ascomycota_p	0.8855670132599759	NA	NA	NA	NA	NA	NA	NA	FALSE	NA	NA	NA	NA	NA	NA	NA	NA	Ascomycota_p	Ascomycota_p	k__Fungi; p__Ascomycota; c__Ascomycota_p; o__Ascomycota_p; f__Ascomycota_p; g__Ascomycota_p; s__Ascomycota_p	qiime_retained_no_blast_species	No BLAST species-level top hit was available.
fig4_q30_SE_cutadapt_unite_blast_top1_rescue	Cutadapt	SE	Cutadapt	59f88c9bea61b29af23eed08c6f6a96e	1	1694	1.1924538927213852	1.1924538927213852	Above genus	k__Fungi; p__Basidiomycota; c__Agaricomycetes; o__Polyporales; f__Polyporales_o; g__Polyporales_o; s__Polyporales_o	0.8224206020660478	NA	NA	NA	NA	NA	NA	NA	FALSE	NA	NA	NA	NA	NA	NA	NA	NA	Polyporales_o	Polyporales_o	k__Fungi; p__Basidiomycota; c__Agaricomycetes; o__Polyporales; f__Polyporales_o; g__Polyporales_o; s__Polyporales_o	qiime_retained_no_blast_species	No BLAST species-level top hit was available.
fig4_q30_PE_cutadapt_unite_blast_top1_rescue	Cutadapt	PE	Cutadapt	22e477ea80b688324c819bfe250a03ec	1	1688	1.192427239333145	1.192427239333145	Above genus	k__Fungi; p__Basidiomycota; c__Agaricomycetes; o__Polyporales; f__Polyporales_o; g__Polyporales_o; s__Polyporales_o	0.9999885612691763	NA	NA	NA	NA	NA	NA	NA	FALSE	NA	NA	NA	NA	NA	NA	NA	NA	Polyporales_o	Polyporales_o	k__Fungi; p__Basidiomycota; c__Agaricomycetes; o__Polyporales; f__Polyporales_o; g__Polyporales_o; s__Polyporales_o	qiime_retained_no_blast_species	No BLAST species-level top hit was available.
fig4_q30_SE_cutadapt_unite_blast_top1_rescue	Cutadapt	SE	Cutadapt	9c44645f431c91d96352598dc69d9dd4	1	1604	1.1926005234356412	1.1926005234356412	Above genus	k__Fungi; p__Ascomycota; c__Dothideomycetes; o__Pleosporales; f__Pleosporales_o; g__Pleosporales_o; s__Pleosporales_o	0.7046157757889849	NA	NA	NA	NA	NA	NA	NA	FALSE	NA	NA	NA	NA	NA	NA	NA	NA	Pleosporales_o	Pleosporales_o	k__Fungi; p__Ascomycota; c__Dothideomycetes; o__Pleosporales; f__Pleosporales_o; g__Pleosporales_o; s__Pleosporales_o	qiime_retained_no_blast_species	No BLAST species-level top hit was available.
fig4_q30_SE_cutadapt_unite_blast_top1_rescue	Cutadapt	SE	Cutadapt	705dc39cc2275d1e72dc907ff947628d	1	1593	1.1213571730254823	1.1213571730254823	Genus	k__Fungi; p__Basidiomycota; c__Agaricomycetes; o__Agaricales; f__Crepidotaceae; g__Crepidotus; s__Crepidotus_g	0.9999990986133088	NA	NA	NA	NA	NA	NA	NA	FALSE	NA	NA	NA	NA	NA	NA	NA	NA	Crepidotus	Crepidotus_g	k__Fungi; p__Basidiomycota; c__Agaricomycetes; o__Agaricales; f__Crepidotaceae; g__Crepidotus; s__Crepidotus_g	qiime_retained_no_blast_species	No BLAST species-level top hit was available.
fig4_q30_PE_cutadapt_unite_blast_top1_rescue	Cutadapt	PE	Cutadapt	8aad4e3a6eaac9deac3f8ee96333eb1b	1	1587	1.1210794009607232	1.1210794009607232	Genus	k__Fungi; p__Basidiomycota; c__Agaricomycetes; o__Agaricales; f__Crepidotaceae; g__Crepidotus; s__Crepidotus_g	0.9999434600332848	NA	NA	NA	NA	NA	NA	NA	FALSE	NA	NA	NA	NA	NA	NA	NA	NA	Crepidotus	Crepidotus_g	k__Fungi; p__Basidiomycota; c__Agaricomycetes; o__Agaricales; f__Crepidotaceae; g__Crepidotus; s__Crepidotus_g	qiime_retained_no_blast_species	No BLAST species-level top hit was available.
fig4_q30_SE_cutadapt_unite_blast_top1_rescue	Cutadapt	SE	Cutadapt	0d2054ad18668ff06200cd375bad78fc	1	1556	1.156911729716869	1.156911729716869	Above genus	k__Fungi; p__Basidiomycota; c__Agaricomycetes; o__Cantharellales; f__Ceratobasidiaceae; g__Ceratobasidiaceae_f; s__Ceratobasidiaceae_f	0.9999870164695456	NA	NA	NA	NA	NA	NA	NA	FALSE	NA	NA	NA	NA	NA	NA	NA	NA	Ceratobasidiaceae_f	Ceratobasidiaceae_f	k__Fungi; p__Basidiomycota; c__Agaricomycetes; o__Cantharellales; f__Ceratobasidiaceae; g__Ceratobasidiaceae_f; s__Ceratobasidiaceae_f	qiime_retained_no_blast_species	No BLAST species-level top hit was available.
fig4_q30_PE_cutadapt_unite_blast_top1_rescue	Cutadapt	PE	Cutadapt	70ff98b81e41acd4ca4c6621e2d3a7ed	1	1555	1.1717719754342337	1.1717719754342337	Above genus	k__Fungi; p__Ascomycota; c__Dothideomycetes; o__Pleosporales; f__Pleosporales_o; g__Pleosporales_o; s__Pleosporales_o	0.7471403609097257	NA	NA	NA	NA	NA	NA	NA	FALSE	NA	NA	NA	NA	NA	NA	NA	NA	Pleosporales_o	Pleosporales_o	k__Fungi; p__Ascomycota; c__Dothideomycetes; o__Pleosporales; f__Pleosporales_o; g__Pleosporales_o; s__Pleosporales_o	qiime_retained_no_blast_species	No BLAST species-level top hit was available.
fig4_q30_SE_cutadapt_unite_blast_top1_rescue	Cutadapt	SE	Cutadapt	0dc05c777d2a965f0a5d08d7b7a56458	1	1552	1.0924961283964523	1.0924961283964523	Above genus	k__Fungi; p__Ascomycota; c__Dothideomycetes; o__Dothideomycetes_c; f__Dothideomycetes_c; g__Dothideomycetes_c; s__Dothideomycetes_c	0.919301012446291	NR_119840	102000	100	100	412	228	TRUE	TRUE	candidate_available	Eukaryota	Ascomycota	Dothideomycetes	Cladosporiales	Cladosporiaceae	Cladosporium	Cladosporium_colocasiae	Cladosporium	Cladosporium_colocasiae	k__Fungi; p__Ascomycota; c__Dothideomycetes; o__Cladosporiales; f__Cladosporiaceae; g__Cladosporium; s__Cladosporium_colocasiae	blast_top1_species_rescued_ambiguous_missing_qiime_species	QIIME/UNITE species was missing or placeholder-like and BLAST top1 species passed cutoffs; top1 was used despite ambiguous top-hit conflict.
fig4_q30_PE_cutadapt_unite_blast_top1_rescue	Cutadapt	PE	Cutadapt	36bb7a251b8db804102d55924be7ceb7	1	1551	1.168757770995818	1.168757770995818	Above genus	k__Fungi; p__Basidiomycota; c__Agaricomycetes; o__Cantharellales; f__Ceratobasidiaceae; g__Ceratobasidiaceae_f; s__Ceratobasidiaceae_f	0.718932421118323	NA	NA	NA	NA	NA	NA	NA	FALSE	NA	NA	NA	NA	NA	NA	NA	NA	Ceratobasidiaceae_f	Ceratobasidiaceae_f	k__Fungi; p__Basidiomycota; c__Agaricomycetes; o__Cantharellales; f__Ceratobasidiaceae; g__Ceratobasidiaceae_f; s__Ceratobasidiaceae_f	qiime_retained_no_blast_species	No BLAST species-level top hit was available.
fig4_q30_SE_cutadapt_unite_blast_top1_rescue	Cutadapt	SE	Cutadapt	15341b177fd17d7c5a13510e07a8a807	2	1551	0.6547899521316657	0.7266629401900504	Above genus	k__Fungi; p__Fungi_k; c__Fungi_k; o__Fungi_k; f__Fungi_k; g__Fungi_k; s__Fungi_k	0.9999999999999872	NA	NA	NA	NA	NA	NA	NA	FALSE	NA	NA	NA	NA	NA	NA	NA	NA	Fungi_k	Fungi_k	k__Fungi; p__Fungi_k; c__Fungi_k; o__Fungi_k; f__Fungi_k; g__Fungi_k; s__Fungi_k	qiime_retained_no_blast_species	No BLAST species-level top hit was available.
fig4_q30_PE_cutadapt_unite_blast_top1_rescue	Cutadapt	PE	Cutadapt	3cf141483bd7591f4ba51ec258455287	2	1548	0.6661222740602072	0.7422140293004754	Above genus	k__Fungi; p__Ascomycota; c__Ascomycota_p; o__Ascomycota_p; f__Ascomycota_p; g__Ascomycota_p; s__Ascomycota_p	0.7227383589352021	NA	NA	NA	NA	NA	NA	NA	FALSE	NA	NA	NA	NA	NA	NA	NA	NA	Ascomycota_p	Ascomycota_p	k__Fungi; p__Ascomycota; c__Ascomycota_p; o__Ascomycota_p; f__Ascomycota_p; g__Ascomycota_p; s__Ascomycota_p	qiime_retained_no_blast_species	No BLAST species-level top hit was available.
fig4_q30_PE_cutadapt_unite_blast_top1_rescue	Cutadapt	PE	Cutadapt	8ac0b9cd95572afa972fdb20098f4502	1	1517	1.071630404068946	1.071630404068946	Above genus	k__Fungi; p__Ascomycota; c__Dothideomycetes; o__Dothideomycetes_c; f__Dothideomycetes_c; g__Dothideomycetes_c; s__Dothideomycetes_c	0.7862265352180413	NR_119855	70808	100	99	504	279	TRUE	TRUE	candidate_available	Eukaryota	Ascomycota	Dothideomycetes	Cladosporiales	Cladosporiaceae	Cladosporium	Cladosporium_tenuissimum	Cladosporium	Cladosporium_tenuissimum	k__Fungi; p__Ascomycota; c__Dothideomycetes; o__Cladosporiales; f__Cladosporiaceae; g__Cladosporium; s__Cladosporium_tenuissimum	blast_top1_species_rescued_ambiguous_missing_qiime_species	QIIME/UNITE species was missing or placeholder-like and BLAST top1 species passed cutoffs; top1 was used despite ambiguous top-hit conflict.
fig4_q30_SE_cutadapt_unite_blast_top1_rescue	Cutadapt	SE	Cutadapt	a35b5bb74ae271253c48bf3dc7eaf278	1	1459	1.0847906257435167	1.0847906257435167	Genus	k__Fungi; p__Basidiomycota; c__Agaricomycetes; o__Polyporales; f__Phanerochaetaceae; g__Phlebiopsis; s__Phlebiopsis_g	0.9917145976157128	NA	NA	NA	NA	NA	NA	NA	FALSE	NA	NA	NA	NA	NA	NA	NA	NA	Phlebiopsis	Phlebiopsis_g	k__Fungi; p__Basidiomycota; c__Agaricomycetes; o__Polyporales; f__Phanerochaetaceae; g__Phlebiopsis; s__Phlebiopsis_g	qiime_retained_no_blast_species	No BLAST species-level top hit was available.
fig4_q30_PE_cutadapt_unite_blast_top1_rescue	Cutadapt	PE	Cutadapt	5f3fefa03a0182a5670fb3083e2ad7f9	1	1454	1.0956633133642288	1.0956633133642288	Genus	k__Fungi; p__Basidiomycota; c__Agaricomycetes; o__Polyporales; f__Phanerochaetaceae; g__Phlebiopsis; s__Phlebiopsis_g	0.9999656406582657	NA	NA	NA	NA	NA	NA	NA	FALSE	NA	NA	NA	NA	NA	NA	NA	NA	Phlebiopsis	Phlebiopsis_g	k__Fungi; p__Basidiomycota; c__Agaricomycetes; o__Polyporales; f__Phanerochaetaceae; g__Phlebiopsis; s__Phlebiopsis_g	qiime_retained_no_blast_species	No BLAST species-level top hit was available.
fig4_q30_PE_cutadapt_unite_blast_top1_rescue	Cutadapt	PE	Cutadapt	b1164aaea169a7ee1f528b21fd52bce7	1	1373	1.3321043950713107	1.3321043950713107	Above genus	k__Fungi; p__Ascomycota; c__Ascomycota_p; o__Ascomycota_p; f__Ascomycota_p; g__Ascomycota_p; s__Ascomycota_p	0.8862192900153186	NA	NA	NA	NA	NA	NA	NA	FALSE	NA	NA	NA	NA	NA	NA	NA	NA	Ascomycota_p	Ascomycota_p	k__Fungi; p__Ascomycota; c__Ascomycota_p; o__Ascomycota_p; f__Ascomycota_p; g__Ascomycota_p; s__Ascomycota_p	qiime_retained_no_blast_species	No BLAST species-level top hit was available.
fig4_q30_SE_cutadapt_unite_blast_top1_rescue	Cutadapt	SE	Cutadapt	460ee956051055b9917825569ff923c6	2	1342	0.5676585975888269	0.7418214891379522	Above genus	k__Fungi; p__Fungi_k; c__Fungi_k; o__Fungi_k; f__Fungi_k; g__Fungi_k; s__Fungi_k	0.9999999999999888	NA	NA	NA	NA	NA	NA	NA	FALSE	NA	NA	NA	NA	NA	NA	NA	NA	Fungi_k	Fungi_k	k__Fungi; p__Fungi_k; c__Fungi_k; o__Fungi_k; f__Fungi_k; g__Fungi_k; s__Fungi_k	qiime_retained_no_blast_species	No BLAST species-level top hit was available.
fig4_q30_PE_cutadapt_unite_blast_top1_rescue	Cutadapt	PE	Cutadapt	37fd731965ed9f30a073fd330c34f19b	2	1330	0.5721199387890381	0.752886387891724	Above genus	k__Fungi; p__Fungi_k; c__Fungi_k; o__Fungi_k; f__Fungi_k; g__Fungi_k; s__Fungi_k	0.9999999999999896	NA	NA	NA	NA	NA	NA	NA	FALSE	NA	NA	NA	NA	NA	NA	NA	NA	Fungi_k	Fungi_k	k__Fungi; p__Fungi_k; c__Fungi_k; o__Fungi_k; f__Fungi_k; g__Fungi_k; s__Fungi_k	qiime_retained_no_blast_species	No BLAST species-level top hit was available.
fig4_q30_PE_cutadapt_unite_blast_top1_rescue	Cutadapt	PE	Cutadapt	87c1440d8bb908eca49371e3bade6a91	1	1292	0.9126871997739474	0.9126871997739474	Genus	k__Fungi; p__Mucoromycota; c__Mucoromycetes; o__Mucorales; f__Mucoraceae; g__Mucor; s__Mucor_g	0.9999705122193676	NA	NA	NA	NA	NA	NA	NA	FALSE	NA	NA	NA	NA	NA	NA	NA	NA	Mucor	Mucor_g	k__Fungi; p__Mucoromycota; c__Mucoromycetes; o__Mucorales; f__Mucoraceae; g__Mucor; s__Mucor_g	qiime_retained_no_blast_species	No BLAST species-level top hit was available.
fig4_q30_PE_cutadapt_unite_blast_top1_rescue	Cutadapt	PE	Cutadapt	7bc58b0abd5098f2ef0a61cd7d827443	2	1193	0.4456751505470661	0.7769111940017331	Above genus	k__Fungi; p__Fungi_k; c__Fungi_k; o__Fungi_k; f__Fungi_k; g__Fungi_k; s__Fungi_k	0.9999999999999942	NA	NA	NA	NA	NA	NA	NA	FALSE	NA	NA	NA	NA	NA	NA	NA	NA	Fungi_k	Fungi_k	k__Fungi; p__Fungi_k; c__Fungi_k; o__Fungi_k; f__Fungi_k; g__Fungi_k; s__Fungi_k	qiime_retained_no_blast_species	No BLAST species-level top hit was available.
fig4_q30_SE_cutadapt_unite_blast_top1_rescue	Cutadapt	SE	Cutadapt	9cb444debe2d75a0faae9e99b58b96cd	3	1183	0.2878879446242628	0.4297525576968832	Above genus	k__Fungi; p__Fungi_k; c__Fungi_k; o__Fungi_k; f__Fungi_k; g__Fungi_k; s__Fungi_k	0.999999999999994	NA	NA	NA	NA	NA	NA	NA	FALSE	NA	NA	NA	NA	NA	NA	NA	NA	Fungi_k	Fungi_k	k__Fungi; p__Fungi_k; c__Fungi_k; o__Fungi_k; f__Fungi_k; g__Fungi_k; s__Fungi_k	qiime_retained_no_blast_species	No BLAST species-level top hit was available.
fig4_q30_PE_cutadapt_unite_blast_top1_rescue	Cutadapt	PE	Cutadapt	4ecc63232ae7a35c72123a89208ccd2e	3	1180	0.2898240611875296	0.43479899024151314	Above genus	k__Fungi; p__Fungi_k; c__Fungi_k; o__Fungi_k; f__Fungi_k; g__Fungi_k; s__Fungi_k	0.9999999999999988	NA	NA	NA	NA	NA	NA	NA	FALSE	NA	NA	NA	NA	NA	NA	NA	NA	Fungi_k	Fungi_k	k__Fungi; p__Fungi_k; c__Fungi_k; o__Fungi_k; f__Fungi_k; g__Fungi_k; s__Fungi_k	qiime_retained_no_blast_species	No BLAST species-level top hit was available.
fig4_q30_SE_cutadapt_unite_blast_top1_rescue	Cutadapt	SE	Cutadapt	f1e26dc5de94e5ab231af0b5370bb2e2	1	1169	1.107521482506087	1.107521482506087	Above genus	k__Fungi; p__Fungi_k; c__Fungi_k; o__Fungi_k; f__Fungi_k; g__Fungi_k; s__Fungi_k	0.9999999999999972	NA	NA	NA	NA	NA	NA	NA	FALSE	NA	NA	NA	NA	NA	NA	NA	NA	Fungi_k	Fungi_k	k__Fungi; p__Fungi_k; c__Fungi_k; o__Fungi_k; f__Fungi_k; g__Fungi_k; s__Fungi_k	qiime_retained_no_blast_species	No BLAST species-level top hit was available.
fig4_q30_PE_cutadapt_unite_blast_top1_rescue	Cutadapt	PE	Cutadapt	f1e26dc5de94e5ab231af0b5370bb2e2	1	1168	1.1332104395071312	1.1332104395071312	Above genus	k__Fungi; p__Fungi_k; c__Fungi_k; o__Fungi_k; f__Fungi_k; g__Fungi_k; s__Fungi_k	0.9999999999999972	NA	NA	NA	NA	NA	NA	NA	FALSE	NA	NA	NA	NA	NA	NA	NA	NA	Fungi_k	Fungi_k	k__Fungi; p__Fungi_k; c__Fungi_k; o__Fungi_k; f__Fungi_k; g__Fungi_k; s__Fungi_k	qiime_retained_no_blast_species	No BLAST species-level top hit was available.
fig4_q30_SE_cutadapt_unite_blast_top1_rescue	Cutadapt	SE	Cutadapt	30b0fb5596b860a51ac563e7ee8466cb	1	1148	0.8535569831073043	0.8535569831073043	Above genus	k__Fungi; p__Basidiomycota; c__Agaricomycetes; o__Atheliales; f__Atheliales_o; g__Atheliales_o; s__Atheliales_o	0.7913289835690334	NA	NA	NA	NA	NA	NA	NA	FALSE	NA	NA	NA	NA	NA	NA	NA	NA	Atheliales_o	Atheliales_o	k__Fungi; p__Basidiomycota; c__Agaricomycetes; o__Atheliales; f__Atheliales_o; g__Atheliales_o; s__Atheliales_o	qiime_retained_no_blast_species	No BLAST species-level top hit was available.
fig4_q30_PE_cutadapt_unite_blast_top1_rescue	Cutadapt	PE	Cutadapt	c4c056deff753f4ef06780b99493596f	1	1145	0.8628160204965901	0.8628160204965901	Above genus	k__Fungi; p__Basidiomycota; c__Agaricomycetes; o__Atheliales; f__Atheliales_o; g__Atheliales_o; s__Atheliales_o	0.9999999998789788	NA	NA	NA	NA	NA	NA	NA	FALSE	NA	NA	NA	NA	NA	NA	NA	NA	Atheliales_o	Atheliales_o	k__Fungi; p__Basidiomycota; c__Agaricomycetes; o__Atheliales; f__Atheliales_o; g__Atheliales_o; s__Atheliales_o	qiime_retained_no_blast_species	No BLAST species-level top hit was available.
fig4_q30_SE_cutadapt_unite_blast_top1_rescue	Cutadapt	SE	Cutadapt	aec4b0133013dab9debc4e68fe3659ff	1	1129	0.7947346191749964	0.7947346191749964	Above genus	k__Fungi; p__Basidiomycota; c__Agaricomycetes; o__Russulales; f__Peniophoraceae; g__Peniophoraceae_f; s__Peniophoraceae_f	0.9998330962933828	NA	NA	NA	NA	NA	NA	NA	FALSE	NA	NA	NA	NA	NA	NA	NA	NA	Peniophoraceae_f	Peniophoraceae_f	k__Fungi; p__Basidiomycota; c__Agaricomycetes; o__Russulales; f__Peniophoraceae; g__Peniophoraceae_f; s__Peniophoraceae_f	qiime_retained_no_blast_species	No BLAST species-level top hit was available.
fig4_q30_PE_cutadapt_unite_blast_top1_rescue	Cutadapt	PE	Cutadapt	3ee5b4735ff168cd1b6a7193563a859b	1	1126	0.795422435716304	0.795422435716304	Above genus	k__Fungi; p__Basidiomycota; c__Agaricomycetes; o__Russulales; f__Peniophoraceae; g__Peniophoraceae_f; s__Peniophoraceae_f	0.999909709547696	NA	NA	NA	NA	NA	NA	NA	FALSE	NA	NA	NA	NA	NA	NA	NA	NA	Peniophoraceae_f	Peniophoraceae_f	k__Fungi; p__Basidiomycota; c__Agaricomycetes; o__Russulales; f__Peniophoraceae; g__Peniophoraceae_f; s__Peniophoraceae_f	qiime_retained_no_blast_species	No BLAST species-level top hit was available.
fig4_q30_SE_cutadapt_unite_blast_top1_rescue	Cutadapt	SE	Cutadapt	031b9c6bdcad084cb3a095a0d198cebd	1	1108	0.7799521329015908	0.7799521329015908	Above genus	k__Fungi; p__Fungi_k; c__Fungi_k; o__Fungi_k; f__Fungi_k; g__Fungi_k; s__Fungi_k	1.000000000000005	NA	NA	NA	NA	NA	NA	NA	FALSE	NA	NA	NA	NA	NA	NA	NA	NA	Fungi_k	Fungi_k	k__Fungi; p__Fungi_k; c__Fungi_k; o__Fungi_k; f__Fungi_k; g__Fungi_k; s__Fungi_k	qiime_retained_no_blast_species	No BLAST species-level top hit was available.
fig4_q30_PE_cutadapt_unite_blast_top1_rescue	Cutadapt	PE	Cutadapt	2c24ade1f6d21508f680725d560471b9	1	1107	0.7820005651313932	0.7820005651313932	Above genus	k__Fungi; p__Fungi_k; c__Fungi_k; o__Fungi_k; f__Fungi_k; g__Fungi_k; s__Fungi_k	0.9999999999999974	NA	NA	NA	NA	NA	NA	NA	FALSE	NA	NA	NA	NA	NA	NA	NA	NA	Fungi_k	Fungi_k	k__Fungi; p__Fungi_k; c__Fungi_k; o__Fungi_k; f__Fungi_k; g__Fungi_k; s__Fungi_k	qiime_retained_no_blast_species	No BLAST species-level top hit was available.
fig4_q30_SE_cutadapt_unite_blast_top1_rescue	Cutadapt	SE	Cutadapt	fb35ca8ff15793fd70c07633f55dad71	2	1046	0.3700347603558382	0.6694354498099395	Above genus	k__Fungi; p__Fungi_k; c__Fungi_k; o__Fungi_k; f__Fungi_k; g__Fungi_k; s__Fungi_k	1.0000000000000002	NA	NA	NA	NA	NA	NA	NA	FALSE	NA	NA	NA	NA	NA	NA	NA	NA	Fungi_k	Fungi_k	k__Fungi; p__Fungi_k; c__Fungi_k; o__Fungi_k; f__Fungi_k; g__Fungi_k; s__Fungi_k	qiime_retained_no_blast_species	No BLAST species-level top hit was available.
fig4_q30_PE_cutadapt_unite_blast_top1_rescue	Cutadapt	PE	Cutadapt	665ad022321b70667403ddce0993eda4	2	1045	0.3713404423289652	0.6710935292455495	Above genus	k__Fungi; p__Fungi_k; c__Fungi_k; o__Fungi_k; f__Fungi_k; g__Fungi_k; s__Fungi_k	0.9999999999999992	NA	NA	NA	NA	NA	NA	NA	FALSE	NA	NA	NA	NA	NA	NA	NA	NA	Fungi_k	Fungi_k	k__Fungi; p__Fungi_k; c__Fungi_k; o__Fungi_k; f__Fungi_k; g__Fungi_k; s__Fungi_k	qiime_retained_no_blast_species	No BLAST species-level top hit was available.
fig4_q30_PE_cutadapt_unite_blast_top1_rescue	Cutadapt	PE	Cutadapt	138ac92150209d94b9e015e7735368f1	1	908	0.6414241311104832	0.6414241311104832	Genus	k__Fungi; p__Ascomycota; c__Eurotiomycetes; o__Eurotiales; f__Aspergillaceae; g__Penicillium; s__Penicillium_g	0.996728732329866	NA	NA	NA	NA	NA	NA	NA	FALSE	NA	NA	NA	NA	NA	NA	NA	NA	Penicillium	Penicillium_g	k__Fungi; p__Ascomycota; c__Eurotiomycetes; o__Eurotiales; f__Aspergillaceae; g__Penicillium; s__Penicillium_g	qiime_retained_no_blast_species	No BLAST species-level top hit was available.
fig4_q30_SE_cutadapt_unite_blast_top1_rescue	Cutadapt	SE	Cutadapt	e99579856827fee5f22ab107b3a13376	1	894	0.8469839224640221	0.8469839224640221	Above genus	k__Fungi; p__Fungi_k; c__Fungi_k; o__Fungi_k; f__Fungi_k; g__Fungi_k; s__Fungi_k	1.0000000000000129	NA	NA	NA	NA	NA	NA	NA	FALSE	NA	NA	NA	NA	NA	NA	NA	NA	Fungi_k	Fungi_k	k__Fungi; p__Fungi_k; c__Fungi_k; o__Fungi_k; f__Fungi_k; g__Fungi_k; s__Fungi_k	qiime_retained_no_blast_species	No BLAST species-level top hit was available.
fig4_q30_SE_cutadapt_unite_blast_top1_rescue	Cutadapt	SE	Cutadapt	3cd81fadba0bfa954ab5979c1601a3f1	1	891	0.6624732334047109	0.6624732334047109	Genus	k__Fungi; p__Basidiomycota; c__Agaricomycetes; o__Agaricales; f__Psathyrellaceae; g__Coprinopsis; s__Coprinopsis_g	0.999841884275296	NA	NA	NA	NA	NA	NA	NA	FALSE	NA	NA	NA	NA	NA	NA	NA	NA	Coprinopsis	Coprinopsis_g	k__Fungi; p__Basidiomycota; c__Agaricomycetes; o__Agaricales; f__Psathyrellaceae; g__Coprinopsis; s__Coprinopsis_g	qiime_retained_no_blast_species	No BLAST species-level top hit was available.
fig4_q30_PE_cutadapt_unite_blast_top1_rescue	Cutadapt	PE	Cutadapt	248e2fe59d856b93e8bf1adcb9e172d4	1	889	0.8625206170563695	0.8625206170563695	Above genus	k__Fungi; p__Ascomycota; c__Ascomycota_p; o__Ascomycota_p; f__Ascomycota_p; g__Ascomycota_p; s__Ascomycota_p	0.8413649299362701	NA	NA	NA	NA	NA	NA	NA	FALSE	NA	NA	NA	NA	NA	NA	NA	NA	Ascomycota_p	Ascomycota_p	k__Fungi; p__Ascomycota; c__Ascomycota_p; o__Ascomycota_p; f__Ascomycota_p; g__Ascomycota_p; s__Ascomycota_p	qiime_retained_no_blast_species	No BLAST species-level top hit was available.
fig4_q30_SE_cutadapt_unite_blast_top1_rescue	Cutadapt	SE	Cutadapt	4932e029d9172067e8f5fd3ec92cf65f	1	854	0.6011544417851612	0.6011544417851612	Genus	k__Fungi; p__Ascomycota; c__Eurotiomycetes; o__Eurotiales; f__Trichocomaceae; g__Talaromyces; s__Talaromyces_g	0.9994469978007016	NR_171595	1974180	99.123	100	400	228	FALSE	TRUE	candidate_available	Eukaryota	Ascomycota	Eurotiomycetes	Eurotiales	Trichocomaceae	Talaromyces	Talaromyces_adpressus	Talaromyces	Talaromyces_adpressus	k__Fungi; p__Ascomycota; c__Eurotiomycetes; o__Eurotiales; f__Trichocomaceae; g__Talaromyces; s__Talaromyces_adpressus	blast_top1_species_rescued_missing_qiime_species	QIIME/UNITE species was missing or placeholder-like and BLAST top1 species passed high-confidence cutoffs.
fig4_q30_SE_cutadapt_unite_blast_top1_rescue	Cutadapt	SE	Cutadapt	0f3757bb9559984673430e50398b09b4	1	853	0.60045051386738	0.60045051386738	Above genus	k__Fungi; p__Ascomycota; c__Leotiomycetes; o__Helotiales; f__Helotiales_o; g__Helotiales_o; s__Helotiales_o	0.9961596594208594	NA	NA	NA	NA	NA	NA	NA	FALSE	NA	NA	NA	NA	NA	NA	NA	NA	Helotiales_o	Helotiales_o	k__Fungi; p__Ascomycota; c__Leotiomycetes; o__Helotiales; f__Helotiales_o; g__Helotiales_o; s__Helotiales_o	qiime_retained_no_blast_species	No BLAST species-level top hit was available.
fig4_q30_SE_cutadapt_unite_blast_top1_rescue	Cutadapt	SE	Cutadapt	00ee2a2c090f05308822650762e66a5b	3	840	0.22502145833727027	0.2766435182992108	Above genus	k__Fungi; p__Fungi_k; c__Fungi_k; o__Fungi_k; f__Fungi_k; g__Fungi_k; s__Fungi_k	1.0000000000000124	NA	NA	NA	NA	NA	NA	NA	FALSE	NA	NA	NA	NA	NA	NA	NA	NA	Fungi_k	Fungi_k	k__Fungi; p__Fungi_k; c__Fungi_k; o__Fungi_k; f__Fungi_k; g__Fungi_k; s__Fungi_k	qiime_retained_no_blast_species	No BLAST species-level top hit was available.
fig4_q30_PE_cutadapt_unite_blast_top1_rescue	Cutadapt	PE	Cutadapt	c6b37d0ce32b13674721bc28dce1eb28	1	833	0.5884430630121503	0.5884430630121503	Above genus	k__Fungi; p__Ascomycota; c__Leotiomycetes; o__Helotiales; f__Helotiales_o; g__Helotiales_o; s__Helotiales_o	0.9385620513768058	NA	NA	NA	NA	NA	NA	NA	FALSE	NA	NA	NA	NA	NA	NA	NA	NA	Helotiales_o	Helotiales_o	k__Fungi; p__Ascomycota; c__Leotiomycetes; o__Helotiales; f__Helotiales_o; g__Helotiales_o; s__Helotiales_o	qiime_retained_no_blast_species	No BLAST species-level top hit was available.
fig4_q30_PE_cutadapt_unite_blast_top1_rescue	Cutadapt	PE	Cutadapt	50e29a0983b9c1a46afd399477503736	3	809	0.2212008568294511	0.2833026098767828	Above genus	k__Fungi; p__Fungi_k; c__Fungi_k; o__Fungi_k; f__Fungi_k; g__Fungi_k; s__Fungi_k	1.0000000000000018	NA	NA	NA	NA	NA	NA	NA	FALSE	NA	NA	NA	NA	NA	NA	NA	NA	Fungi_k	Fungi_k	k__Fungi; p__Fungi_k; c__Fungi_k; o__Fungi_k; f__Fungi_k; g__Fungi_k; s__Fungi_k	qiime_retained_no_blast_species	No BLAST species-level top hit was available.
fig4_q30_SE_cutadapt_unite_blast_top1_rescue	Cutadapt	SE	Cutadapt	92ebee3e1d5e106289f51862c1333f71	1	764	0.5378009291848515	0.5378009291848515	Above genus	k__Fungi; p__Basidiomycota; c__Agaricomycetes; o__Russulales; f__Peniophoraceae; g__Peniophoraceae_f; s__Peniophoraceae_f	0.9997541173122064	NA	NA	NA	NA	NA	NA	NA	FALSE	NA	NA	NA	NA	NA	NA	NA	NA	Peniophoraceae_f	Peniophoraceae_f	k__Fungi; p__Basidiomycota; c__Agaricomycetes; o__Russulales; f__Peniophoraceae; g__Peniophoraceae_f; s__Peniophoraceae_f	qiime_retained_no_blast_species	No BLAST species-level top hit was available.
fig4_q30_PE_cutadapt_unite_blast_top1_rescue	Cutadapt	PE	Cutadapt	044c0abf07903b8b4131f54e35a7c56b	1	762	0.5382876518790619	0.5382876518790619	Above genus	k__Fungi; p__Basidiomycota; c__Agaricomycetes; o__Russulales; f__Peniophoraceae; g__Peniophoraceae_f; s__Peniophoraceae_f	0.9998724128333693	NA	NA	NA	NA	NA	NA	NA	FALSE	NA	NA	NA	NA	NA	NA	NA	NA	Peniophoraceae_f	Peniophoraceae_f	k__Fungi; p__Basidiomycota; c__Agaricomycetes; o__Russulales; f__Peniophoraceae; g__Peniophoraceae_f; s__Peniophoraceae_f	qiime_retained_no_blast_species	No BLAST species-level top hit was available.
fig4_q30_SE_cutadapt_unite_blast_top1_rescue	Cutadapt	SE	Cutadapt	7c26a2bc5ea2beb04c6da14fd04a67c3	1	701	0.5212050916012372	0.5212050916012372	Genus	k__Fungi; p__Basidiomycota; c__Agaricomycetes; o__Boletales; f__Suillaceae; g__Suillus; s__Suillus_g	0.9999929156422516	NA	NA	NA	NA	NA	NA	NA	FALSE	NA	NA	NA	NA	NA	NA	NA	NA	Suillus	Suillus_g	k__Fungi; p__Basidiomycota; c__Agaricomycetes; o__Boletales; f__Suillaceae; g__Suillus; s__Suillus_g	qiime_retained_no_blast_species	No BLAST species-level top hit was available.
fig4_q30_SE_cutadapt_unite_blast_top1_rescue	Cutadapt	SE	Cutadapt	b356543b7a64ebdabe2aacf2a2b4e4af	1	653	0.485516297882465	0.485516297882465	Above genus	k__Fungi; p__Fungi_k; c__Fungi_k; o__Fungi_k; f__Fungi_k; g__Fungi_k; s__Fungi_k	1.000000000000011	NA	NA	NA	NA	NA	NA	NA	FALSE	NA	NA	NA	NA	NA	NA	NA	NA	Fungi_k	Fungi_k	k__Fungi; p__Fungi_k; c__Fungi_k; o__Fungi_k; f__Fungi_k; g__Fungi_k; s__Fungi_k	qiime_retained_no_blast_species	No BLAST species-level top hit was available.
fig4_q30_PE_cutadapt_unite_blast_top1_rescue	Cutadapt	PE	Cutadapt	2fadc7fa01c6d1e87be809237590227f	1	646	0.48679401680418977	0.48679401680418977	Above genus	k__Fungi; p__Fungi_k; c__Fungi_k; o__Fungi_k; f__Fungi_k; g__Fungi_k; s__Fungi_k	0.999999999999998	NA	NA	NA	NA	NA	NA	NA	FALSE	NA	NA	NA	NA	NA	NA	NA	NA	Fungi_k	Fungi_k	k__Fungi; p__Fungi_k; c__Fungi_k; o__Fungi_k; f__Fungi_k; g__Fungi_k; s__Fungi_k	qiime_retained_no_blast_species	No BLAST species-level top hit was available.
fig4_q30_SE_cutadapt_unite_blast_top1_rescue	Cutadapt	SE	Cutadapt	338ebd69d5b03851738ff9768b025122	2	615	0.2263549892243592	0.37175826790387817	Above genus	k__Fungi; p__Fungi_k; c__Fungi_k; o__Fungi_k; f__Fungi_k; g__Fungi_k; s__Fungi_k	0.9999999999999988	NA	NA	NA	NA	NA	NA	NA	FALSE	NA	NA	NA	NA	NA	NA	NA	NA	Fungi_k	Fungi_k	k__Fungi; p__Fungi_k; c__Fungi_k; o__Fungi_k; f__Fungi_k; g__Fungi_k; s__Fungi_k	qiime_retained_no_blast_species	No BLAST species-level top hit was available.
fig4_q30_SE_cutadapt_unite_blast_top1_rescue	Cutadapt	SE	Cutadapt	80031c9738d7445f1f857a5681c053a2	3	594	0.1462602735113251	0.3100463954318344	Above genus	k__Fungi; p__Fungi_k; c__Fungi_k; o__Fungi_k; f__Fungi_k; g__Fungi_k; s__Fungi_k	0.9999999999999862	NA	NA	NA	NA	NA	NA	NA	FALSE	NA	NA	NA	NA	NA	NA	NA	NA	Fungi_k	Fungi_k	k__Fungi; p__Fungi_k; c__Fungi_k; o__Fungi_k; f__Fungi_k; g__Fungi_k; s__Fungi_k	qiime_retained_no_blast_species	No BLAST species-level top hit was available.
fig4_q30_PE_cutadapt_unite_blast_top1_rescue	Cutadapt	PE	Cutadapt	80031c9738d7445f1f857a5681c053a2	3	593	0.14766572843353687	0.3134772615952677	Above genus	k__Fungi; p__Fungi_k; c__Fungi_k; o__Fungi_k; f__Fungi_k; g__Fungi_k; s__Fungi_k	0.9999999999999862	NA	NA	NA	NA	NA	NA	NA	FALSE	NA	NA	NA	NA	NA	NA	NA	NA	Fungi_k	Fungi_k	k__Fungi; p__Fungi_k; c__Fungi_k; o__Fungi_k; f__Fungi_k; g__Fungi_k; s__Fungi_k	qiime_retained_no_blast_species	No BLAST species-level top hit was available.
fig4_q30_SE_cutadapt_unite_blast_top1_rescue	Cutadapt	SE	Cutadapt	67f44c83f92569ef7a21c13966f48c49	1	584	0.43421365691172975	0.43421365691172975	Genus	k__Fungi; p__Ascomycota; c__Eurotiomycetes; o__Eurotiales; f__Aspergillaceae; g__Aspergillus; s__Aspergillus_g	0.952718283561182	NR_077149	41067	99.123	100	403	228	TRUE	TRUE	candidate_available	Eukaryota	Ascomycota	Eurotiomycetes	Eurotiales	Aspergillaceae	Aspergillus	Aspergillus_candidus	Aspergillus	Aspergillus_candidus	k__Fungi; p__Ascomycota; c__Eurotiomycetes; o__Eurotiales; f__Aspergillaceae; g__Aspergillus; s__Aspergillus_candidus	blast_top1_species_rescued_ambiguous_missing_qiime_species	QIIME/UNITE species was missing or placeholder-like and BLAST top1 species passed cutoffs; top1 was used despite ambiguous top-hit conflict.
fig4_q30_PE_cutadapt_unite_blast_top1_rescue	Cutadapt	PE	Cutadapt	31c5d2162fbc4550b1537c9a9bc92d55	1	529	0.3736931336535744	0.3736931336535744	Above genus	k__Fungi; p__Ascomycota; c__Ascomycota_p; o__Ascomycota_p; f__Ascomycota_p; g__Ascomycota_p; s__Ascomycota_p	0.7666555731665904	NA	NA	NA	NA	NA	NA	NA	FALSE	NA	NA	NA	NA	NA	NA	NA	NA	Ascomycota_p	Ascomycota_p	k__Fungi; p__Ascomycota; c__Ascomycota_p; o__Ascomycota_p; f__Ascomycota_p; g__Ascomycota_p; s__Ascomycota_p	qiime_retained_no_blast_species	No BLAST species-level top hit was available.
fig4_q30_SE_cutadapt_unite_blast_top1_rescue	Cutadapt	SE	Cutadapt	2b01ef55e239b98907664a9962dd835b	1	529	0.372377868506265	0.372377868506265	Above genus	k__Fungi; p__Ascomycota; c__Ascomycota_p; o__Ascomycota_p; f__Ascomycota_p; g__Ascomycota_p; s__Ascomycota_p	0.7222162409147345	NA	NA	NA	NA	NA	NA	NA	FALSE	NA	NA	NA	NA	NA	NA	NA	NA	Ascomycota_p	Ascomycota_p	k__Fungi; p__Ascomycota; c__Ascomycota_p; o__Ascomycota_p; f__Ascomycota_p; g__Ascomycota_p; s__Ascomycota_p	qiime_retained_no_blast_species	No BLAST species-level top hit was available.
fig4_q30_SE_cutadapt_unite_blast_top1_rescue	Cutadapt	SE	Cutadapt	89b2c9df3eca133597ce82b96537e5cb	1	519	0.36533858932845276	0.36533858932845276	Above genus	k__Fungi; p__Ascomycota; c__Ascomycota_p; o__Ascomycota_p; f__Ascomycota_p; g__Ascomycota_p; s__Ascomycota_p	0.8053509685545772	NA	NA	NA	NA	NA	NA	NA	FALSE	NA	NA	NA	NA	NA	NA	NA	NA	Ascomycota_p	Ascomycota_p	k__Fungi; p__Ascomycota; c__Ascomycota_p; o__Ascomycota_p; f__Ascomycota_p; g__Ascomycota_p; s__Ascomycota_p	qiime_retained_no_blast_species	No BLAST species-level top hit was available.
fig4_q30_PE_cutadapt_unite_blast_top1_rescue	Cutadapt	PE	Cutadapt	a3d5c4ddcd229676d01f4d84ceb4c269	1	518	0.3659225769991523	0.3659225769991523	Above genus	k__Fungi; p__Ascomycota; c__Ascomycota_p; o__Ascomycota_p; f__Ascomycota_p; g__Ascomycota_p; s__Ascomycota_p	0.8353367530921919	NA	NA	NA	NA	NA	NA	NA	FALSE	NA	NA	NA	NA	NA	NA	NA	NA	Ascomycota_p	Ascomycota_p	k__Fungi; p__Ascomycota; c__Ascomycota_p; o__Ascomycota_p; f__Ascomycota_p; g__Ascomycota_p; s__Ascomycota_p	qiime_retained_no_blast_species	No BLAST species-level top hit was available.
fig4_q30_SE_cutadapt_unite_blast_top1_rescue	Cutadapt	SE	Cutadapt	ec6e9c6d65a5399d0933b26589fe40db	1	512	0.3806804663335713	0.3806804663335713	Above genus	k__Fungi; p__Fungi_k; c__Fungi_k; o__Fungi_k; f__Fungi_k; g__Fungi_k; s__Fungi_k	1.0000000000000049	NA	NA	NA	NA	NA	NA	NA	FALSE	NA	NA	NA	NA	NA	NA	NA	NA	Fungi_k	Fungi_k	k__Fungi; p__Fungi_k; c__Fungi_k; o__Fungi_k; f__Fungi_k; g__Fungi_k; s__Fungi_k	qiime_retained_no_blast_species	No BLAST species-level top hit was available.
fig4_q30_PE_cutadapt_unite_blast_top1_rescue	Cutadapt	PE	Cutadapt	216f8b39045b9b00c7f830736ee9bc59	1	507	0.3820504125692325	0.3820504125692325	Above genus	k__Fungi; p__Ascomycota; c__Ascomycota_p; o__Ascomycota_p; f__Ascomycota_p; g__Ascomycota_p; s__Ascomycota_p	0.8347599256920536	NA	NA	NA	NA	NA	NA	NA	FALSE	NA	NA	NA	NA	NA	NA	NA	NA	Ascomycota_p	Ascomycota_p	k__Fungi; p__Ascomycota; c__Ascomycota_p; o__Ascomycota_p; f__Ascomycota_p; g__Ascomycota_p; s__Ascomycota_p	qiime_retained_no_blast_species	No BLAST species-level top hit was available.
fig4_q30_SE_cutadapt_unite_blast_top1_rescue	Cutadapt	SE	Cutadapt	1081bb0a739150388231c3df65f909dc	2	495	0.1820607060201061	0.2944325481798715	Above genus	k__Fungi; p__Ascomycota; c__Ascomycota_p; o__Ascomycota_p; f__Ascomycota_p; g__Ascomycota_p; s__Ascomycota_p	0.7030625595856475	NA	NA	NA	NA	NA	NA	NA	FALSE	NA	NA	NA	NA	NA	NA	NA	NA	Ascomycota_p	Ascomycota_p	k__Fungi; p__Ascomycota; c__Ascomycota_p; o__Ascomycota_p; f__Ascomycota_p; g__Ascomycota_p; s__Ascomycota_p	qiime_retained_no_blast_species	No BLAST species-level top hit was available.
fig4_q30_PE_cutadapt_unite_blast_top1_rescue	Cutadapt	PE	Cutadapt	63f1a87072986331d33badecc342608c	2	494	0.18379384909169147	0.29765268829358354	Above genus	k__Fungi; p__Fungi_k; c__Fungi_k; o__Fungi_k; f__Fungi_k; g__Fungi_k; s__Fungi_k	1.000000000000011	NA	NA	NA	NA	NA	NA	NA	FALSE	NA	NA	NA	NA	NA	NA	NA	NA	Fungi_k	Fungi_k	k__Fungi; p__Fungi_k; c__Fungi_k; o__Fungi_k; f__Fungi_k; g__Fungi_k; s__Fungi_k	qiime_retained_no_blast_species	No BLAST species-level top hit was available.
fig4_q30_PE_cutadapt_unite_blast_top1_rescue	Cutadapt	PE	Cutadapt	b071af43257d5c4de2339fe5cbf735d2	1	490	0.36924004370596436	0.36924004370596436	Above genus	k__Fungi; p__Fungi_k; c__Fungi_k; o__Fungi_k; f__Fungi_k; g__Fungi_k; s__Fungi_k	0.9999999999999868	NA	NA	NA	NA	NA	NA	NA	FALSE	NA	NA	NA	NA	NA	NA	NA	NA	Fungi_k	Fungi_k	k__Fungi; p__Fungi_k; c__Fungi_k; o__Fungi_k; f__Fungi_k; g__Fungi_k; s__Fungi_k	qiime_retained_no_blast_species	No BLAST species-level top hit was available.
fig4_q30_SE_cutadapt_unite_blast_top1_rescue	Cutadapt	SE	Cutadapt	4941117af711ee0d06af22a61b399b2d	2	488	0.22374168901589397	0.40454377504713357	Above genus	k__Fungi; p__Ascomycota; c__Ascomycota_p; o__Ascomycota_p; f__Ascomycota_p; g__Ascomycota_p; s__Ascomycota_p	0.76222117306301	NA	NA	NA	NA	NA	NA	NA	FALSE	NA	NA	NA	NA	NA	NA	NA	NA	Ascomycota_p	Ascomycota_p	k__Fungi; p__Ascomycota; c__Ascomycota_p; o__Ascomycota_p; f__Ascomycota_p; g__Ascomycota_p; s__Ascomycota_p	qiime_retained_no_blast_species	No BLAST species-level top hit was available.
fig4_q30_PE_cutadapt_unite_blast_top1_rescue	Cutadapt	PE	Cutadapt	f49e5929ca3833c66e1441cdadb318b5	2	486	0.22784809814260276	0.4133113418065392	Above genus	k__Fungi; p__Ascomycota; c__Ascomycota_p; o__Ascomycota_p; f__Ascomycota_p; g__Ascomycota_p; s__Ascomycota_p	0.8534207170968705	NA	NA	NA	NA	NA	NA	NA	FALSE	NA	NA	NA	NA	NA	NA	NA	NA	Ascomycota_p	Ascomycota_p	k__Fungi; p__Ascomycota; c__Ascomycota_p; o__Ascomycota_p; f__Ascomycota_p; g__Ascomycota_p; s__Ascomycota_p	qiime_retained_no_blast_species	No BLAST species-level top hit was available.
fig4_q30_PE_cutadapt_unite_blast_top1_rescue	Cutadapt	PE	Cutadapt	aea3e03e30b06124e1d93a28dd05f1e6	1	468	0.33060186493359706	0.33060186493359706	Above genus	k__Fungi; p__Ascomycota; c__Ascomycota_p; o__Ascomycota_p; f__Ascomycota_p; g__Ascomycota_p; s__Ascomycota_p	0.8716928184849448	NR_119729	643907	99.288	100	499	281	TRUE	TRUE	candidate_available	Eukaryota	Ascomycota	Dothideomycetes	Cladosporiales	Cladosporiaceae	Cladosporium	Cladosporium_colombiae	Cladosporium	Cladosporium_colombiae	k__Fungi; p__Ascomycota; c__Dothideomycetes; o__Cladosporiales; f__Cladosporiaceae; g__Cladosporium; s__Cladosporium_colombiae	blast_top1_species_rescued_ambiguous_missing_qiime_species	QIIME/UNITE species was missing or placeholder-like and BLAST top1 species passed cutoffs; top1 was used despite ambiguous top-hit conflict.
fig4_q30_PE_cutadapt_unite_blast_top1_rescue	Cutadapt	PE	Cutadapt	c55c882cd5b0311b9de7f084c67c9416	1	435	0.42204327156301547	0.42204327156301547	Above genus	k__Fungi; p__Ascomycota; c__Ascomycota_p; o__Ascomycota_p; f__Ascomycota_p; g__Ascomycota_p; s__Ascomycota_p	0.77246316377783	NA	NA	NA	NA	NA	NA	NA	FALSE	NA	NA	NA	NA	NA	NA	NA	NA	Ascomycota_p	Ascomycota_p	k__Fungi; p__Ascomycota; c__Ascomycota_p; o__Ascomycota_p; f__Ascomycota_p; g__Ascomycota_p; s__Ascomycota_p	qiime_retained_no_blast_species	No BLAST species-level top hit was available.
fig4_q30_SE_cutadapt_unite_blast_top1_rescue	Cutadapt	SE	Cutadapt	04afb5de4ef391d0ab8c50f4bfe0e962	1	435	0.41212304952108464	0.41212304952108464	Above genus	k__Fungi; p__Ascomycota; c__Ascomycota_p; o__Ascomycota_p; f__Ascomycota_p; g__Ascomycota_p; s__Ascomycota_p	0.7774330786989126	NA	NA	NA	NA	NA	NA	NA	FALSE	NA	NA	NA	NA	NA	NA	NA	NA	Ascomycota_p	Ascomycota_p	k__Fungi; p__Ascomycota; c__Ascomycota_p; o__Ascomycota_p; f__Ascomycota_p; g__Ascomycota_p; s__Ascomycota_p	qiime_retained_no_blast_species	No BLAST species-level top hit was available.
fig4_q30_PE_cutadapt_unite_blast_top1_rescue	Cutadapt	PE	Cutadapt	2abd97d819164ca22fea7fc261ffc6f7	3	430	0.1343192492108688	0.3570389055981372	Above genus	k__Fungi; p__Ascomycota; c__Ascomycota_p; o__Ascomycota_p; f__Ascomycota_p; g__Ascomycota_p; s__Ascomycota_p	0.7897964993717408	NA	NA	NA	NA	NA	NA	NA	FALSE	NA	NA	NA	NA	NA	NA	NA	NA	Ascomycota_p	Ascomycota_p	k__Fungi; p__Ascomycota; c__Ascomycota_p; o__Ascomycota_p; f__Ascomycota_p; g__Ascomycota_p; s__Ascomycota_p	qiime_retained_no_blast_species	No BLAST species-level top hit was available.
fig4_q30_SE_cutadapt_unite_blast_top1_rescue	Cutadapt	SE	Cutadapt	2abd97d819164ca22fea7fc261ffc6f7	3	430	0.13135721483845827	0.3486466258017451	Above genus	k__Fungi; p__Ascomycota; c__Ascomycota_p; o__Ascomycota_p; f__Ascomycota_p; g__Ascomycota_p; s__Ascomycota_p	0.7897964993717408	NA	NA	NA	NA	NA	NA	NA	FALSE	NA	NA	NA	NA	NA	NA	NA	NA	Ascomycota_p	Ascomycota_p	k__Fungi; p__Ascomycota; c__Ascomycota_p; o__Ascomycota_p; f__Ascomycota_p; g__Ascomycota_p; s__Ascomycota_p	qiime_retained_no_blast_species	No BLAST species-level top hit was available.
fig4_q30_PE_cutadapt_unite_blast_top1_rescue	Cutadapt	PE	Cutadapt	12bedaf58ec89b5e05c19ad026fdaf9c	1	412	0.3104630571568517	0.3104630571568517	Above genus	k__Fungi; p__Ascomycota; c__Ascomycota_p; o__Ascomycota_p; f__Ascomycota_p; g__Ascomycota_p; s__Ascomycota_p	0.7141742941111917	NA	NA	NA	NA	NA	NA	NA	FALSE	NA	NA	NA	NA	NA	NA	NA	NA	Ascomycota_p	Ascomycota_p	k__Fungi; p__Ascomycota; c__Ascomycota_p; o__Ascomycota_p; f__Ascomycota_p; g__Ascomycota_p; s__Ascomycota_p	qiime_retained_no_blast_species	No BLAST species-level top hit was available.
fig4_q30_SE_cutadapt_unite_blast_top1_rescue	Cutadapt	SE	Cutadapt	ef625af92358d0ebe325ddb17b618ef9	1	412	0.3063288127527956	0.3063288127527956	Above genus	k__Fungi; p__Fungi_k; c__Fungi_k; o__Fungi_k; f__Fungi_k; g__Fungi_k; s__Fungi_k	1.0000000000000135	NA	NA	NA	NA	NA	NA	NA	FALSE	NA	NA	NA	NA	NA	NA	NA	NA	Fungi_k	Fungi_k	k__Fungi; p__Fungi_k; c__Fungi_k; o__Fungi_k; f__Fungi_k; g__Fungi_k; s__Fungi_k	qiime_retained_no_blast_species	No BLAST species-level top hit was available.
fig4_q30_SE_cutadapt_unite_blast_top1_rescue	Cutadapt	SE	Cutadapt	e82b717c2dd3e0adf38d29ca295ddd59	1	400	0.29740661432310256	0.29740661432310256	Above genus	k__Fungi; p__Fungi_k; c__Fungi_k; o__Fungi_k; f__Fungi_k; g__Fungi_k; s__Fungi_k	1.000000000000013	NA	NA	NA	NA	NA	NA	NA	FALSE	NA	NA	NA	NA	NA	NA	NA	NA	Fungi_k	Fungi_k	k__Fungi; p__Fungi_k; c__Fungi_k; o__Fungi_k; f__Fungi_k; g__Fungi_k; s__Fungi_k	qiime_retained_no_blast_species	No BLAST species-level top hit was available.
fig4_q30_PE_cutadapt_unite_blast_top1_rescue	Cutadapt	PE	Cutadapt	ec5862344e2468f6db640be9b7b2db07	1	399	0.30066689273199954	0.30066689273199954	Above genus	k__Fungi; p__Fungi_k; c__Fungi_k; o__Fungi_k; f__Fungi_k; g__Fungi_k; s__Fungi_k	1.0000000000000144	NA	NA	NA	NA	NA	NA	NA	FALSE	NA	NA	NA	NA	NA	NA	NA	NA	Fungi_k	Fungi_k	k__Fungi; p__Fungi_k; c__Fungi_k; o__Fungi_k; f__Fungi_k; g__Fungi_k; s__Fungi_k	qiime_retained_no_blast_species	No BLAST species-level top hit was available.
fig4_q30_SE_cutadapt_unite_blast_top1_rescue	Cutadapt	SE	Cutadapt	59e40ac1498d94cbe3008b752b9b8303	1	398	0.3770689050790613	0.3770689050790613	Above genus	k__Fungi; p__Ascomycota; c__Ascomycota_p; o__Ascomycota_p; f__Ascomycota_p; g__Ascomycota_p; s__Ascomycota_p	0.8245947387822186	NA	NA	NA	NA	NA	NA	NA	FALSE	NA	NA	NA	NA	NA	NA	NA	NA	Ascomycota_p	Ascomycota_p	k__Fungi; p__Ascomycota; c__Ascomycota_p; o__Ascomycota_p; f__Ascomycota_p; g__Ascomycota_p; s__Ascomycota_p	qiime_retained_no_blast_species	No BLAST species-level top hit was available.
fig4_q30_SE_cutadapt_unite_blast_top1_rescue	Cutadapt	SE	Cutadapt	a1ddc0359a09921a4282096b4bd79a1c	1	385	0.364752584058891	0.364752584058891	Above genus	k__Fungi; p__Ascomycota; c__Ascomycota_p; o__Ascomycota_p; f__Ascomycota_p; g__Ascomycota_p; s__Ascomycota_p	0.8391003449731068	NA	NA	NA	NA	NA	NA	NA	FALSE	NA	NA	NA	NA	NA	NA	NA	NA	Ascomycota_p	Ascomycota_p	k__Fungi; p__Ascomycota; c__Ascomycota_p; o__Ascomycota_p; f__Ascomycota_p; g__Ascomycota_p; s__Ascomycota_p	qiime_retained_no_blast_species	No BLAST species-level top hit was available.
fig4_q30_SE_cutadapt_unite_blast_top1_rescue	Cutadapt	SE	Cutadapt	c2203519577ce726b6acdcbc0b212be6	1	374	0.263269041250176	0.263269041250176	Above genus	k__Fungi; p__Basidiomycota; c__Agaricomycetes; o__Cantharellales; f__Hydnaceae; g__Hydnaceae_f; s__Hydnaceae_f	0.968744441592373	NA	NA	NA	NA	NA	NA	NA	FALSE	NA	NA	NA	NA	NA	NA	NA	NA	Hydnaceae_f	Hydnaceae_f	k__Fungi; p__Basidiomycota; c__Agaricomycetes; o__Cantharellales; f__Hydnaceae; g__Hydnaceae_f; s__Hydnaceae_f	qiime_retained_no_blast_species	No BLAST species-level top hit was available.
fig4_q30_SE_cutadapt_unite_blast_top1_rescue	Cutadapt	SE	Cutadapt	f3556e55c63ed4a9ecddd5ef5c6d9ae8	1	357	0.25130226664789523	0.25130226664789523	Above genus	k__Fungi; p__Fungi_k; c__Fungi_k; o__Fungi_k; f__Fungi_k; g__Fungi_k; s__Fungi_k	0.999999999999999	NA	NA	NA	NA	NA	NA	NA	FALSE	NA	NA	NA	NA	NA	NA	NA	NA	Fungi_k	Fungi_k	k__Fungi; p__Fungi_k; c__Fungi_k; o__Fungi_k; f__Fungi_k; g__Fungi_k; s__Fungi_k	qiime_retained_no_blast_species	No BLAST species-level top hit was available.
fig4_q30_PE_cutadapt_unite_blast_top1_rescue	Cutadapt	PE	Cutadapt	d016750395fb04761d3346b6911b9ddb	1	354	0.2500706414241311	0.2500706414241311	Above genus	k__Fungi; p__Ascomycota; c__Ascomycota_p; o__Ascomycota_p; f__Ascomycota_p; g__Ascomycota_p; s__Ascomycota_p	0.8800007661703351	NA	NA	NA	NA	NA	NA	NA	FALSE	NA	NA	NA	NA	NA	NA	NA	NA	Ascomycota_p	Ascomycota_p	k__Fungi; p__Ascomycota; c__Ascomycota_p; o__Ascomycota_p; f__Ascomycota_p; g__Ascomycota_p; s__Ascomycota_p	qiime_retained_no_blast_species	No BLAST species-level top hit was available.
fig4_q30_SE_cutadapt_unite_blast_top1_rescue	Cutadapt	SE	Cutadapt	b52a1a66de4c1b1ac1df6e2151141f35	3	330	0.08336517630230675	0.2245419938139424	Above genus	k__Fungi; p__Fungi_k; c__Fungi_k; o__Fungi_k; f__Fungi_k; g__Fungi_k; s__Fungi_k	1.0000000000000089	NA	NA	NA	NA	NA	NA	NA	FALSE	NA	NA	NA	NA	NA	NA	NA	NA	Fungi_k	Fungi_k	k__Fungi; p__Fungi_k; c__Fungi_k; o__Fungi_k; f__Fungi_k; g__Fungi_k; s__Fungi_k	qiime_retained_no_blast_species	No BLAST species-level top hit was available.
fig4_q30_SE_cutadapt_unite_blast_top1_rescue	Cutadapt	SE	Cutadapt	bf60bfa70e65550fe55e453011d1dc47	3	310	0.08387193243390251	0.15167737330478231	Above genus	k__Fungi; p__Fungi_k; c__Fungi_k; o__Fungi_k; f__Fungi_k; g__Fungi_k; s__Fungi_k	1.0000000000000138	NA	NA	NA	NA	NA	NA	NA	FALSE	NA	NA	NA	NA	NA	NA	NA	NA	Fungi_k	Fungi_k	k__Fungi; p__Fungi_k; c__Fungi_k; o__Fungi_k; f__Fungi_k; g__Fungi_k; s__Fungi_k	qiime_retained_no_blast_species	No BLAST species-level top hit was available.
fig4_q30_PE_cutadapt_unite_blast_top1_rescue	Cutadapt	PE	Cutadapt	c97cb7a6c9ebb46e3770a690678d2f8d	2	308	0.10888206689849596	0.21474992935857587	Above genus	k__Fungi; p__Fungi_k; c__Fungi_k; o__Fungi_k; f__Fungi_k; g__Fungi_k; s__Fungi_k	1.0000000000000009	NA	NA	NA	NA	NA	NA	NA	FALSE	NA	NA	NA	NA	NA	NA	NA	NA	Fungi_k	Fungi_k	k__Fungi; p__Fungi_k; c__Fungi_k; o__Fungi_k; f__Fungi_k; g__Fungi_k; s__Fungi_k	qiime_retained_no_blast_species	No BLAST species-level top hit was available.
fig4_q30_SE_cutadapt_unite_blast_top1_rescue	Cutadapt	SE	Cutadapt	1b0ea89e8460365693bf9a78cd7193ef	2	308	0.10848407657436085	0.21399408700549066	Above genus	k__Fungi; p__Fungi_k; c__Fungi_k; o__Fungi_k; f__Fungi_k; g__Fungi_k; s__Fungi_k	1.000000000000009	NA	NA	NA	NA	NA	NA	NA	FALSE	NA	NA	NA	NA	NA	NA	NA	NA	Fungi_k	Fungi_k	k__Fungi; p__Fungi_k; c__Fungi_k; o__Fungi_k; f__Fungi_k; g__Fungi_k; s__Fungi_k	qiime_retained_no_blast_species	No BLAST species-level top hit was available.
fig4_q30_SE_cutadapt_unite_blast_top1_rescue	Cutadapt	SE	Cutadapt	f9e0459672e12d102a630e4436ffb437	1	307	0.2161058707588343	0.2161058707588343	Genus	k__Fungi; p__Basidiomycota; c__Agaricomycetes; o__Agaricales; f__Psathyrellaceae; g__Candolleomyces; s__Candolleomyces_g	0.9629005137213285	NA	NA	NA	NA	NA	NA	NA	FALSE	NA	NA	NA	NA	NA	NA	NA	NA	Candolleomyces	Candolleomyces_g	k__Fungi; p__Basidiomycota; c__Agaricomycetes; o__Agaricales; f__Psathyrellaceae; g__Candolleomyces; s__Candolleomyces_g	qiime_retained_no_blast_species	No BLAST species-level top hit was available.
fig4_q30_PE_cutadapt_unite_blast_top1_rescue	Cutadapt	PE	Cutadapt	df30642ec969952fcdf4d28844df8343	1	299	0.29009411079848646	0.29009411079848646	Above genus	k__Fungi; p__Ascomycota; c__Ascomycota_p; o__Ascomycota_p; f__Ascomycota_p; g__Ascomycota_p; s__Ascomycota_p	0.8902466377616554	NA	NA	NA	NA	NA	NA	NA	FALSE	NA	NA	NA	NA	NA	NA	NA	NA	Ascomycota_p	Ascomycota_p	k__Fungi; p__Ascomycota; c__Ascomycota_p; o__Ascomycota_p; f__Ascomycota_p; g__Ascomycota_p; s__Ascomycota_p	qiime_retained_no_blast_species	No BLAST species-level top hit was available.
fig4_q30_PE_cutadapt_unite_blast_top1_rescue	Cutadapt	PE	Cutadapt	ec9d49717f5ec126ae4334e7cf55dc5c	1	286	0.2774813233724653	0.2774813233724653	Above genus	k__Fungi; p__Ascomycota; c__Ascomycota_p; o__Ascomycota_p; f__Ascomycota_p; g__Ascomycota_p; s__Ascomycota_p	0.857091988350943	NA	NA	NA	NA	NA	NA	NA	FALSE	NA	NA	NA	NA	NA	NA	NA	NA	Ascomycota_p	Ascomycota_p	k__Fungi; p__Ascomycota; c__Ascomycota_p; o__Ascomycota_p; f__Ascomycota_p; g__Ascomycota_p; s__Ascomycota_p	qiime_retained_no_blast_species	No BLAST species-level top hit was available.
fig4_q30_SE_cutadapt_unite_blast_top1_rescue	Cutadapt	SE	Cutadapt	f995e145056827d946990165fee89f13	1	286	0.27095906244374757	0.27095906244374757	Above genus	k__Fungi; p__Fungi_k; c__Fungi_k; o__Fungi_k; f__Fungi_k; g__Fungi_k; s__Fungi_k	0.999999999999994	NA	NA	NA	NA	NA	NA	NA	FALSE	NA	NA	NA	NA	NA	NA	NA	NA	Fungi_k	Fungi_k	k__Fungi; p__Fungi_k; c__Fungi_k; o__Fungi_k; f__Fungi_k; g__Fungi_k; s__Fungi_k	qiime_retained_no_blast_species	No BLAST species-level top hit was available.
fig4_q30_PE_cutadapt_unite_blast_top1_rescue	Cutadapt	PE	Cutadapt	c112e1a48e0a652986fa8042932e4aba	1	285	0.2765111089550791	0.2765111089550791	Above genus	k__Fungi; p__Ascomycota; c__Ascomycota_p; o__Ascomycota_p; f__Ascomycota_p; g__Ascomycota_p; s__Ascomycota_p	0.8242493107865386	NA	NA	NA	NA	NA	NA	NA	FALSE	NA	NA	NA	NA	NA	NA	NA	NA	Ascomycota_p	Ascomycota_p	k__Fungi; p__Ascomycota; c__Ascomycota_p; o__Ascomycota_p; f__Ascomycota_p; g__Ascomycota_p; s__Ascomycota_p	qiime_retained_no_blast_species	No BLAST species-level top hit was available.
fig4_q30_SE_cutadapt_unite_blast_top1_rescue	Cutadapt	SE	Cutadapt	6734e9cf02163049e17ba80c6b32c086	2	285	0.10177450715080563	0.14852879065183727	Above genus	k__Fungi; p__Fungi_k; c__Fungi_k; o__Fungi_k; f__Fungi_k; g__Fungi_k; s__Fungi_k	1.0000000000000069	NA	NA	NA	NA	NA	NA	NA	FALSE	NA	NA	NA	NA	NA	NA	NA	NA	Fungi_k	Fungi_k	k__Fungi; p__Fungi_k; c__Fungi_k; o__Fungi_k; f__Fungi_k; g__Fungi_k; s__Fungi_k	qiime_retained_no_blast_species	No BLAST species-level top hit was available.
fig4_q30_PE_cutadapt_unite_blast_top1_rescue	Cutadapt	PE	Cutadapt	3dd71b10d0b8f04b121398f33b1ed917	2	284	0.10205488639301433	0.148346990675332	Above genus	k__Fungi; p__Fungi_k; c__Fungi_k; o__Fungi_k; f__Fungi_k; g__Fungi_k; s__Fungi_k	1.0000000000000118	NA	NA	NA	NA	NA	NA	NA	FALSE	NA	NA	NA	NA	NA	NA	NA	NA	Fungi_k	Fungi_k	k__Fungi; p__Fungi_k; c__Fungi_k; o__Fungi_k; f__Fungi_k; g__Fungi_k; s__Fungi_k	qiime_retained_no_blast_species	No BLAST species-level top hit was available.
fig4_q30_SE_cutadapt_unite_blast_top1_rescue	Cutadapt	SE	Cutadapt	d25e7da93e6b99dc8a029aa614772d33	2	280	0.10041057353661795	0.13093059270730678	Above genus	k__Fungi; p__Ascomycota; c__Ascomycota_p; o__Ascomycota_p; f__Ascomycota_p; g__Ascomycota_p; s__Ascomycota_p	0.7530424013178127	NA	NA	NA	NA	NA	NA	NA	FALSE	NA	NA	NA	NA	NA	NA	NA	NA	Ascomycota_p	Ascomycota_p	k__Fungi; p__Ascomycota; c__Ascomycota_p; o__Ascomycota_p; f__Ascomycota_p; g__Ascomycota_p; s__Ascomycota_p	qiime_retained_no_blast_species	No BLAST species-level top hit was available.
fig4_q30_PE_cutadapt_unite_blast_top1_rescue	Cutadapt	PE	Cutadapt	31560b5d879415f9d225ce0802e2fd05	2	279	0.10076021947266561	0.1306866346425544	Above genus	k__Fungi; p__Ascomycota; c__Ascomycota_p; o__Ascomycota_p; f__Ascomycota_p; g__Ascomycota_p; s__Ascomycota_p	0.787293333507108	NA	NA	NA	NA	NA	NA	NA	FALSE	NA	NA	NA	NA	NA	NA	NA	NA	Ascomycota_p	Ascomycota_p	k__Fungi; p__Ascomycota; c__Ascomycota_p; o__Ascomycota_p; f__Ascomycota_p; g__Ascomycota_p; s__Ascomycota_p	qiime_retained_no_blast_species	No BLAST species-level top hit was available.
fig4_q30_SE_cutadapt_unite_blast_top1_rescue	Cutadapt	SE	Cutadapt	6ea70f7a936fb3c83b92541a31d0699e	1	274	0.2595901507328211	0.2595901507328211	Above genus	k__Fungi; p__Fungi_k; c__Fungi_k; o__Fungi_k; f__Fungi_k; g__Fungi_k; s__Fungi_k	0.9999999999999982	NA	NA	NA	NA	NA	NA	NA	FALSE	NA	NA	NA	NA	NA	NA	NA	NA	Fungi_k	Fungi_k	k__Fungi; p__Fungi_k; c__Fungi_k; o__Fungi_k; f__Fungi_k; g__Fungi_k; s__Fungi_k	qiime_retained_no_blast_species	No BLAST species-level top hit was available.
fig4_q30_PE_cutadapt_unite_blast_top1_rescue	Cutadapt	PE	Cutadapt	763363ca587175a2a01b16bee819a51f	1	273	0.26486853594644416	0.26486853594644416	Above genus	k__Fungi; p__Ascomycota; c__Ascomycota_p; o__Ascomycota_p; f__Ascomycota_p; g__Ascomycota_p; s__Ascomycota_p	0.7442939711811556	NA	NA	NA	NA	NA	NA	NA	FALSE	NA	NA	NA	NA	NA	NA	NA	NA	Ascomycota_p	Ascomycota_p	k__Fungi; p__Ascomycota; c__Ascomycota_p; o__Ascomycota_p; f__Ascomycota_p; g__Ascomycota_p; s__Ascomycota_p	qiime_retained_no_blast_species	No BLAST species-level top hit was available.
fig4_q30_SE_cutadapt_unite_blast_top1_rescue	Cutadapt	SE	Cutadapt	90c790cd51b041fe427de8b5a8538108	1	264	0.18583697029424187	0.18583697029424187	Above genus	k__Fungi; p__Ascomycota; c__Ascomycota_p; o__Ascomycota_p; f__Ascomycota_p; g__Ascomycota_p; s__Ascomycota_p	0.7771362015729117	NA	NA	NA	NA	NA	NA	NA	FALSE	NA	NA	NA	NA	NA	NA	NA	NA	Ascomycota_p	Ascomycota_p	k__Fungi; p__Ascomycota; c__Ascomycota_p; o__Ascomycota_p; f__Ascomycota_p; g__Ascomycota_p; s__Ascomycota_p	qiime_retained_no_blast_species	No BLAST species-level top hit was available.
fig4_q30_PE_cutadapt_unite_blast_top1_rescue	Cutadapt	PE	Cutadapt	42d8b80b62a028d308d496be03ddc17e	1	262	0.18508053122350945	0.18508053122350945	Above genus	k__Fungi; p__Ascomycota; c__Ascomycota_p; o__Ascomycota_p; f__Ascomycota_p; g__Ascomycota_p; s__Ascomycota_p	0.7428266620643991	NA	NA	NA	NA	NA	NA	NA	FALSE	NA	NA	NA	NA	NA	NA	NA	NA	Ascomycota_p	Ascomycota_p	k__Fungi; p__Ascomycota; c__Ascomycota_p; o__Ascomycota_p; f__Ascomycota_p; g__Ascomycota_p; s__Ascomycota_p	qiime_retained_no_blast_species	No BLAST species-level top hit was available.
fig4_q30_PE_cutadapt_unite_blast_top1_rescue	Cutadapt	PE	Cutadapt	fb7034b7e4ae776739fa3661b5089842	1	258	0.2503153196856505	0.2503153196856505	Above genus	k__Fungi; p__Ascomycota; c__Ascomycota_p; o__Ascomycota_p; f__Ascomycota_p; g__Ascomycota_p; s__Ascomycota_p	0.8784087111342663	NA	NA	NA	NA	NA	NA	NA	FALSE	NA	NA	NA	NA	NA	NA	NA	NA	Ascomycota_p	Ascomycota_p	k__Fungi; p__Ascomycota; c__Ascomycota_p; o__Ascomycota_p; f__Ascomycota_p; g__Ascomycota_p; s__Ascomycota_p	qiime_retained_no_blast_species	No BLAST species-level top hit was available.
fig4_q30_SE_cutadapt_unite_blast_top1_rescue	Cutadapt	SE	Cutadapt	bd59c047dfd8722ab82188dd160d6676	1	258	0.24443160178491916	0.24443160178491916	Above genus	k__Fungi; p__Ascomycota; c__Ascomycota_p; o__Ascomycota_p; f__Ascomycota_p; g__Ascomycota_p; s__Ascomycota_p	0.7864652136973059	NA	NA	NA	NA	NA	NA	NA	FALSE	NA	NA	NA	NA	NA	NA	NA	NA	Ascomycota_p	Ascomycota_p	k__Fungi; p__Ascomycota; c__Ascomycota_p; o__Ascomycota_p; f__Ascomycota_p; g__Ascomycota_p; s__Ascomycota_p	qiime_retained_no_blast_species	No BLAST species-level top hit was available.
fig4_q30_SE_cutadapt_unite_blast_top1_rescue	Cutadapt	SE	Cutadapt	38af596704a7b2a9f8c44337022e99fa	1	255	0.1795016190342109	0.1795016190342109	Above genus	k__Fungi; p__Ascomycota; c__Ascomycota_p; o__Ascomycota_p; f__Ascomycota_p; g__Ascomycota_p; s__Ascomycota_p	0.7108153016830788	NA	NA	NA	NA	NA	NA	NA	FALSE	NA	NA	NA	NA	NA	NA	NA	NA	Ascomycota_p	Ascomycota_p	k__Fungi; p__Ascomycota; c__Ascomycota_p; o__Ascomycota_p; f__Ascomycota_p; g__Ascomycota_p; s__Ascomycota_p	qiime_retained_no_blast_species	No BLAST species-level top hit was available.
fig4_q30_PE_cutadapt_unite_blast_top1_rescue	Cutadapt	PE	Cutadapt	05a29d43e7926471622da8fb7de61e0d	1	253	0.19064843072981424	0.19064843072981424	Above genus	k__Fungi; p__Ascomycota; c__Ascomycota_p; o__Ascomycota_p; f__Ascomycota_p; g__Ascomycota_p; s__Ascomycota_p	0.9095930708029548	NA	NA	NA	NA	NA	NA	NA	FALSE	NA	NA	NA	NA	NA	NA	NA	NA	Ascomycota_p	Ascomycota_p	k__Fungi; p__Ascomycota; c__Ascomycota_p; o__Ascomycota_p; f__Ascomycota_p; g__Ascomycota_p; s__Ascomycota_p	qiime_retained_no_blast_species	No BLAST species-level top hit was available.
fig4_q30_PE_cutadapt_unite_blast_top1_rescue	Cutadapt	PE	Cutadapt	30145686d304e71fdb7d7fa50e09e432	1	253	0.24546424759871932	0.24546424759871932	Above genus	k__Fungi; p__Ascomycota; c__Lecanoromycetes; o__Lecanorales; f__Lecanorales_o; g__Lecanorales_o; s__Lecanorales_o	0.7151961370091368	NA	NA	NA	NA	NA	NA	NA	FALSE	NA	NA	NA	NA	NA	NA	NA	NA	Lecanorales_o	Lecanorales_o	k__Fungi; p__Ascomycota; c__Lecanoromycetes; o__Lecanorales; f__Lecanorales_o; g__Lecanorales_o; s__Lecanorales_o	qiime_retained_no_blast_species	No BLAST species-level top hit was available.
fig4_q30_SE_cutadapt_unite_blast_top1_rescue	Cutadapt	SE	Cutadapt	56b3fd0a76a57716fa9dc86ef499f86a	1	253	0.23969455523869979	0.23969455523869979	Above genus	k__Fungi; p__Ascomycota; c__Ascomycota_p; o__Ascomycota_p; f__Ascomycota_p; g__Ascomycota_p; s__Ascomycota_p	0.8290238723617521	NA	NA	NA	NA	NA	NA	NA	FALSE	NA	NA	NA	NA	NA	NA	NA	NA	Ascomycota_p	Ascomycota_p	k__Fungi; p__Ascomycota; c__Ascomycota_p; o__Ascomycota_p; f__Ascomycota_p; g__Ascomycota_p; s__Ascomycota_p	qiime_retained_no_blast_species	No BLAST species-level top hit was available.
fig4_q30_PE_cutadapt_unite_blast_top1_rescue	Cutadapt	PE	Cutadapt	06dcdeaf8b7e48026a27971278d6783a	1	250	0.17660356032777622	0.17660356032777622	Above genus	k__Fungi; p__Fungi_k; c__Fungi_k; o__Fungi_k; f__Fungi_k; g__Fungi_k; s__Fungi_k	1.0000000000000075	NA	NA	NA	NA	NA	NA	NA	FALSE	NA	NA	NA	NA	NA	NA	NA	NA	Fungi_k	Fungi_k	k__Fungi; p__Fungi_k; c__Fungi_k; o__Fungi_k; f__Fungi_k; g__Fungi_k; s__Fungi_k	qiime_retained_no_blast_species	No BLAST species-level top hit was available.
fig4_q30_PE_cutadapt_unite_blast_top1_rescue	Cutadapt	PE	Cutadapt	85306328b28868171608c7a174ef9714	2	250	0.09407604652976885	0.18462002185298218	Above genus	k__Fungi; p__Fungi_k; c__Fungi_k; o__Fungi_k; f__Fungi_k; g__Fungi_k; s__Fungi_k	1.000000000000009	NA	NA	NA	NA	NA	NA	NA	FALSE	NA	NA	NA	NA	NA	NA	NA	NA	Fungi_k	Fungi_k	k__Fungi; p__Fungi_k; c__Fungi_k; o__Fungi_k; f__Fungi_k; g__Fungi_k; s__Fungi_k	qiime_retained_no_blast_species	No BLAST species-level top hit was available.
fig4_q30_PE_cutadapt_unite_blast_top1_rescue	Cutadapt	PE	Cutadapt	cceb7ee36727c84880c1b84ccd4f3adc	1	250	0.2425536043465606	0.2425536043465606	Above genus	k__Fungi; p__Ascomycota; c__Ascomycota_p; o__Ascomycota_p; f__Ascomycota_p; g__Ascomycota_p; s__Ascomycota_p	0.8296146536865856	NA	NA	NA	NA	NA	NA	NA	FALSE	NA	NA	NA	NA	NA	NA	NA	NA	Ascomycota_p	Ascomycota_p	k__Fungi; p__Ascomycota; c__Ascomycota_p; o__Ascomycota_p; f__Ascomycota_p; g__Ascomycota_p; s__Ascomycota_p	qiime_retained_no_blast_species	No BLAST species-level top hit was available.
fig4_q30_SE_cutadapt_unite_blast_top1_rescue	Cutadapt	SE	Cutadapt	593628bb9050300495d659b459fd5aa3	2	250	0.09284059543090321	0.18216155127290032	Above genus	k__Fungi; p__Fungi_k; c__Fungi_k; o__Fungi_k; f__Fungi_k; g__Fungi_k; s__Fungi_k	0.9999999999999962	NA	NA	NA	NA	NA	NA	NA	FALSE	NA	NA	NA	NA	NA	NA	NA	NA	Fungi_k	Fungi_k	k__Fungi; p__Fungi_k; c__Fungi_k; o__Fungi_k; f__Fungi_k; g__Fungi_k; s__Fungi_k	qiime_retained_no_blast_species	No BLAST species-level top hit was available.
fig4_q30_SE_cutadapt_unite_blast_top1_rescue	Cutadapt	SE	Cutadapt	c9e7884f1c2075801461d85650da4f8d	1	250	0.23685232731096817	0.23685232731096817	Above genus	k__Fungi; p__Fungi_k; c__Fungi_k; o__Fungi_k; f__Fungi_k; g__Fungi_k; s__Fungi_k	0.9999999999999978	NA	NA	NA	NA	NA	NA	NA	FALSE	NA	NA	NA	NA	NA	NA	NA	NA	Fungi_k	Fungi_k	k__Fungi; p__Fungi_k; c__Fungi_k; o__Fungi_k; f__Fungi_k; g__Fungi_k; s__Fungi_k	qiime_retained_no_blast_species	No BLAST species-level top hit was available.
fig4_q30_SE_cutadapt_unite_blast_top1_rescue	Cutadapt	SE	Cutadapt	8eedab30efdc40b9d88bdabe03635ba4	1	249	0.18513561741613133	0.18513561741613133	Above genus	k__Fungi; p__Fungi_k; c__Fungi_k; o__Fungi_k; f__Fungi_k; g__Fungi_k; s__Fungi_k	1.000000000000007	NA	NA	NA	NA	NA	NA	NA	FALSE	NA	NA	NA	NA	NA	NA	NA	NA	Fungi_k	Fungi_k	k__Fungi; p__Fungi_k; c__Fungi_k; o__Fungi_k; f__Fungi_k; g__Fungi_k; s__Fungi_k	qiime_retained_no_blast_species	No BLAST species-level top hit was available.
fig4_q30_SE_cutadapt_unite_blast_top1_rescue	Cutadapt	SE	Cutadapt	0768181f519364a9439b4901c0812f7d	1	241	0.22832564352777332	0.22832564352777332	Above genus	k__Fungi; p__Fungi_k; c__Fungi_k; o__Fungi_k; f__Fungi_k; g__Fungi_k; s__Fungi_k	1.0000000000000002	NA	NA	NA	NA	NA	NA	NA	FALSE	NA	NA	NA	NA	NA	NA	NA	NA	Fungi_k	Fungi_k	k__Fungi; p__Fungi_k; c__Fungi_k; o__Fungi_k; f__Fungi_k; g__Fungi_k; s__Fungi_k	qiime_retained_no_blast_species	No BLAST species-level top hit was available.
fig4_q30_PE_cutadapt_unite_blast_top1_rescue	Cutadapt	PE	Cutadapt	55e72fb625f146ef1f9405078ed9eb83	1	240	0.18085226630496215	0.18085226630496215	Genus	k__Fungi; p__Ascomycota; c__Eurotiomycetes; o__Eurotiales; f__Aspergillaceae; g__Aspergillus; s__Aspergillus_g	0.8445062509213395	NR_111348	5061	99.644	100	503	281	TRUE	TRUE	candidate_available	Eukaryota	Ascomycota	Eurotiomycetes	Eurotiales	Aspergillaceae	Aspergillus	Aspergillus_niger	Aspergillus	Aspergillus_niger	k__Fungi; p__Ascomycota; c__Eurotiomycetes; o__Eurotiales; f__Aspergillaceae; g__Aspergillus; s__Aspergillus_niger	blast_top1_species_rescued_ambiguous_missing_qiime_species	QIIME/UNITE species was missing or placeholder-like and BLAST top1 species passed cutoffs; top1 was used despite ambiguous top-hit conflict.
fig4_q30_SE_cutadapt_unite_blast_top1_rescue	Cutadapt	SE	Cutadapt	fcbc999ca804479fd39bdcaef8c7c1c0	1	240	0.17844396859386152	0.17844396859386152	Genus	k__Fungi; p__Ascomycota; c__Eurotiomycetes; o__Eurotiales; f__Aspergillaceae; g__Aspergillus; s__Aspergillus_g	0.854051233064071	NR_111348	5061	99.561	100	407	228	TRUE	TRUE	candidate_available	Eukaryota	Ascomycota	Eurotiomycetes	Eurotiales	Aspergillaceae	Aspergillus	Aspergillus_niger	Aspergillus	Aspergillus_niger	k__Fungi; p__Ascomycota; c__Eurotiomycetes; o__Eurotiales; f__Aspergillaceae; g__Aspergillus; s__Aspergillus_niger	blast_top1_species_rescued_ambiguous_missing_qiime_species	QIIME/UNITE species was missing or placeholder-like and BLAST top1 species passed cutoffs; top1 was used despite ambiguous top-hit conflict.
fig4_q30_PE_cutadapt_unite_blast_top1_rescue	Cutadapt	PE	Cutadapt	7df5ea44dd745fc344db1c2cf3dad914	1	239	0.2318812457553119	0.2318812457553119	Above genus	k__Fungi; p__Ascomycota; c__Ascomycota_p; o__Ascomycota_p; f__Ascomycota_p; g__Ascomycota_p; s__Ascomycota_p	0.8484063682504701	NA	NA	NA	NA	NA	NA	NA	FALSE	NA	NA	NA	NA	NA	NA	NA	NA	Ascomycota_p	Ascomycota_p	k__Fungi; p__Ascomycota; c__Ascomycota_p; o__Ascomycota_p; f__Ascomycota_p; g__Ascomycota_p; s__Ascomycota_p	qiime_retained_no_blast_species	No BLAST species-level top hit was available.
fig4_q30_SE_cutadapt_unite_blast_top1_rescue	Cutadapt	SE	Cutadapt	c37e09b9fad0c4eba3557a245868649d	1	235	0.22264118767231006	0.22264118767231006	Above genus	k__Fungi; p__Ascomycota; c__Ascomycota_p; o__Ascomycota_p; f__Ascomycota_p; g__Ascomycota_p; s__Ascomycota_p	0.7682206524219672	NA	NA	NA	NA	NA	NA	NA	FALSE	NA	NA	NA	NA	NA	NA	NA	NA	Ascomycota_p	Ascomycota_p	k__Fungi; p__Ascomycota; c__Ascomycota_p; o__Ascomycota_p; f__Ascomycota_p; g__Ascomycota_p; s__Ascomycota_p	qiime_retained_no_blast_species	No BLAST species-level top hit was available.
fig4_q30_PE_cutadapt_unite_blast_top1_rescue	Cutadapt	PE	Cutadapt	8fe099ea85b1426f980cfbc7217317c0	1	234	0.2270301736683807	0.2270301736683807	Above genus	k__Fungi; p__Ascomycota; c__Ascomycota_p; o__Ascomycota_p; f__Ascomycota_p; g__Ascomycota_p; s__Ascomycota_p	0.7067195788981868	NA	NA	NA	NA	NA	NA	NA	FALSE	NA	NA	NA	NA	NA	NA	NA	NA	Ascomycota_p	Ascomycota_p	k__Fungi; p__Ascomycota; c__Ascomycota_p; o__Ascomycota_p; f__Ascomycota_p; g__Ascomycota_p; s__Ascomycota_p	qiime_retained_no_blast_species	No BLAST species-level top hit was available.
fig4_q30_PE_cutadapt_unite_blast_top1_rescue	Cutadapt	PE	Cutadapt	3b6a50bec08bd3931952ed31f36ea1fa	1	231	0.22411953041622198	0.22411953041622198	Above genus	k__Fungi; p__Ascomycota; c__Ascomycota_p; o__Ascomycota_p; f__Ascomycota_p; g__Ascomycota_p; s__Ascomycota_p	0.8063981562224163	NA	NA	NA	NA	NA	NA	NA	FALSE	NA	NA	NA	NA	NA	NA	NA	NA	Ascomycota_p	Ascomycota_p	k__Fungi; p__Ascomycota; c__Ascomycota_p; o__Ascomycota_p; f__Ascomycota_p; g__Ascomycota_p; s__Ascomycota_p	qiime_retained_no_blast_species	No BLAST species-level top hit was available.
fig4_q30_SE_cutadapt_unite_blast_top1_rescue	Cutadapt	SE	Cutadapt	e05fc0449f67499fe6ddec89784dbb5d	2	218	0.09352835904907597	0.1307424846756544	Above genus	k__Fungi; p__Ascomycota; c__Dothideomycetes; o__Pleosporales; f__Didymellaceae; g__Didymellaceae_f; s__Didymellaceae_f	0.9509543373321946	NR_174639	749563	99.6	100	447	250	FALSE	TRUE	candidate_available	Eukaryota	Ascomycota	Dothideomycetes	Pleosporales	Didymellaceae	Boeremia	Boeremia_lycopersici	Boeremia	Boeremia_lycopersici	k__Fungi; p__Ascomycota; c__Dothideomycetes; o__Pleosporales; f__Didymellaceae; g__Boeremia; s__Boeremia_lycopersici	blast_top1_species_rescued_missing_qiime_species	QIIME/UNITE species was missing or placeholder-like and BLAST top1 species passed high-confidence cutoffs.
fig4_q30_PE_cutadapt_unite_blast_top1_rescue	Cutadapt	PE	Cutadapt	b1840536a49192c93eb7a5bbd8032543	2	214	0.09365663588143514	0.1329193751819152	Above genus	k__Fungi; p__Ascomycota; c__Dothideomycetes; o__Pleosporales; f__Didymellaceae; g__Didymellaceae_f; s__Didymellaceae_f	0.942707094460976	NA	NA	NA	NA	NA	NA	NA	FALSE	NA	NA	NA	NA	NA	NA	NA	NA	Didymellaceae_f	Didymellaceae_f	k__Fungi; p__Ascomycota; c__Dothideomycetes; o__Pleosporales; f__Didymellaceae; g__Didymellaceae_f; s__Didymellaceae_f	qiime_retained_no_blast_species	No BLAST species-level top hit was available.
fig4_q30_PE_cutadapt_unite_blast_top1_rescue	Cutadapt	PE	Cutadapt	70cbce5d61cb2030b63c82c666f54081	1	213	0.15046623339926535	0.15046623339926535	Above genus	k__Fungi; p__Ascomycota; c__Ascomycota_p; o__Ascomycota_p; f__Ascomycota_p; g__Ascomycota_p; s__Ascomycota_p	0.8872830234319553	NA	NA	NA	NA	NA	NA	NA	FALSE	NA	NA	NA	NA	NA	NA	NA	NA	Ascomycota_p	Ascomycota_p	k__Fungi; p__Ascomycota; c__Ascomycota_p; o__Ascomycota_p; f__Ascomycota_p; g__Ascomycota_p; s__Ascomycota_p	qiime_retained_no_blast_species	No BLAST species-level top hit was available.
fig4_q30_SE_cutadapt_unite_blast_top1_rescue	Cutadapt	SE	Cutadapt	c4f98e0590c3c3c748b905428148ad3a	1	213	0.14993664648739968	0.14993664648739968	Above genus	k__Fungi; p__Fungi_k; c__Fungi_k; o__Fungi_k; f__Fungi_k; g__Fungi_k; s__Fungi_k	0.999999999999998	NA	NA	NA	NA	NA	NA	NA	FALSE	NA	NA	NA	NA	NA	NA	NA	NA	Fungi_k	Fungi_k	k__Fungi; p__Fungi_k; c__Fungi_k; o__Fungi_k; f__Fungi_k; g__Fungi_k; s__Fungi_k	qiime_retained_no_blast_species	No BLAST species-level top hit was available.
fig4_q30_SE_cutadapt_unite_blast_top1_rescue	Cutadapt	SE	Cutadapt	5508856d9d35057c551dd5960df94f40	1	200	0.18948186184877452	0.18948186184877452	Above genus	k__Fungi; p__Fungi_k; c__Fungi_k; o__Fungi_k; f__Fungi_k; g__Fungi_k; s__Fungi_k	1.0000000000000129	NA	NA	NA	NA	NA	NA	NA	FALSE	NA	NA	NA	NA	NA	NA	NA	NA	Fungi_k	Fungi_k	k__Fungi; p__Fungi_k; c__Fungi_k; o__Fungi_k; f__Fungi_k; g__Fungi_k; s__Fungi_k	qiime_retained_no_blast_species	No BLAST species-level top hit was available.
fig4_q30_PE_cutadapt_unite_blast_top1_rescue	Cutadapt	PE	Cutadapt	6d1824cabce6d9f8ada12085fc62e3b5	1	198	0.13987001977959876	0.13987001977959876	Genus	k__Fungi; p__Basidiomycota; c__Agaricomycetes; o__Trechisporales; f__Hydnodontaceae; g__Trechispora; s__Trechispora_g	0.7279233283185943	NA	NA	NA	NA	NA	NA	NA	FALSE	NA	NA	NA	NA	NA	NA	NA	NA	Trechispora	Trechispora_g	k__Fungi; p__Basidiomycota; c__Agaricomycetes; o__Trechisporales; f__Hydnodontaceae; g__Trechispora; s__Trechispora_g	qiime_retained_no_blast_species	No BLAST species-level top hit was available.
fig4_q30_SE_cutadapt_unite_blast_top1_rescue	Cutadapt	SE	Cutadapt	22381edf2faa88f0c0f8bece81941d9f	1	198	0.1393777277206814	0.1393777277206814	Genus	k__Fungi; p__Basidiomycota; c__Agaricomycetes; o__Trechisporales; f__Hydnodontaceae; g__Trechispora; s__Trechispora_g	0.9424385551288882	NA	NA	NA	NA	NA	NA	NA	FALSE	NA	NA	NA	NA	NA	NA	NA	NA	Trechispora	Trechispora_g	k__Fungi; p__Basidiomycota; c__Agaricomycetes; o__Trechisporales; f__Hydnodontaceae; g__Trechispora; s__Trechispora_g	qiime_retained_no_blast_species	No BLAST species-level top hit was available.
fig4_q30_SE_cutadapt_unite_blast_top1_rescue	Cutadapt	SE	Cutadapt	6790f42c7414d04cbfca2d0bc9403137	1	190	0.1800077687563358	0.1800077687563358	Above genus	k__Fungi; p__Fungi_k; c__Fungi_k; o__Fungi_k; f__Fungi_k; g__Fungi_k; s__Fungi_k	1.000000000000005	NA	NA	NA	NA	NA	NA	NA	FALSE	NA	NA	NA	NA	NA	NA	NA	NA	Fungi_k	Fungi_k	k__Fungi; p__Fungi_k; c__Fungi_k; o__Fungi_k; f__Fungi_k; g__Fungi_k; s__Fungi_k	qiime_retained_no_blast_species	No BLAST species-level top hit was available.
fig4_q30_PE_cutadapt_unite_blast_top1_rescue	Cutadapt	PE	Cutadapt	505e8cc5528f6813a8ba55549fb87686	1	188	0.18240031046861357	0.18240031046861357	Above genus	k__Fungi; p__Ascomycota; c__Ascomycota_p; o__Ascomycota_p; f__Ascomycota_p; g__Ascomycota_p; s__Ascomycota_p	0.8492775249128468	NA	NA	NA	NA	NA	NA	NA	FALSE	NA	NA	NA	NA	NA	NA	NA	NA	Ascomycota_p	Ascomycota_p	k__Fungi; p__Ascomycota; c__Ascomycota_p; o__Ascomycota_p; f__Ascomycota_p; g__Ascomycota_p; s__Ascomycota_p	qiime_retained_no_blast_species	No BLAST species-level top hit was available.
fig4_q30_PE_cutadapt_unite_blast_top1_rescue	Cutadapt	PE	Cutadapt	a0f3d0f291fd91622c1c6201dbd2ee9b	1	187	0.1814300960512273	0.1814300960512273	Above genus	k__Fungi; p__Ascomycota; c__Ascomycota_p; o__Ascomycota_p; f__Ascomycota_p; g__Ascomycota_p; s__Ascomycota_p	0.7973468492066517	NA	NA	NA	NA	NA	NA	NA	FALSE	NA	NA	NA	NA	NA	NA	NA	NA	Ascomycota_p	Ascomycota_p	k__Fungi; p__Ascomycota; c__Ascomycota_p; o__Ascomycota_p; f__Ascomycota_p; g__Ascomycota_p; s__Ascomycota_p	qiime_retained_no_blast_species	No BLAST species-level top hit was available.
fig4_q30_PE_cutadapt_unite_blast_top1_rescue	Cutadapt	PE	Cutadapt	bfa5eb72b6b527fd3f42d358351f70df	1	186	0.18045988163384108	0.18045988163384108	Above genus	k__Fungi; p__Ascomycota; c__Lecanoromycetes; o__Lecanorales; f__Lecanorales_o; g__Lecanorales_o; s__Lecanorales_o	0.7130180403071177	NA	NA	NA	NA	NA	NA	NA	FALSE	NA	NA	NA	NA	NA	NA	NA	NA	Lecanorales_o	Lecanorales_o	k__Fungi; p__Ascomycota; c__Lecanoromycetes; o__Lecanorales; f__Lecanorales_o; g__Lecanorales_o; s__Lecanorales_o	qiime_retained_no_blast_species	No BLAST species-level top hit was available.
fig4_q30_SE_cutadapt_unite_blast_top1_rescue	Cutadapt	SE	Cutadapt	169e5e3b66682ea6eb26c477ce213b7c	1	186	0.13829407566024268	0.13829407566024268	Above genus	k__Fungi; p__Ascomycota; c__Ascomycota_p; o__Ascomycota_p; f__Ascomycota_p; g__Ascomycota_p; s__Ascomycota_p	0.7349309294024986	NA	NA	NA	NA	NA	NA	NA	FALSE	NA	NA	NA	NA	NA	NA	NA	NA	Ascomycota_p	Ascomycota_p	k__Fungi; p__Ascomycota; c__Ascomycota_p; o__Ascomycota_p; f__Ascomycota_p; g__Ascomycota_p; s__Ascomycota_p	qiime_retained_no_blast_species	No BLAST species-level top hit was available.
fig4_q30_SE_cutadapt_unite_blast_top1_rescue	Cutadapt	SE	Cutadapt	45abd68f253254c6fa3ef6981b6b7e84	1	186	0.1762181315193603	0.1762181315193603	Above genus	k__Fungi; p__Fungi_k; c__Fungi_k; o__Fungi_k; f__Fungi_k; g__Fungi_k; s__Fungi_k	0.9999999999999942	NA	NA	NA	NA	NA	NA	NA	FALSE	NA	NA	NA	NA	NA	NA	NA	NA	Fungi_k	Fungi_k	k__Fungi; p__Fungi_k; c__Fungi_k; o__Fungi_k; f__Fungi_k; g__Fungi_k; s__Fungi_k	qiime_retained_no_blast_species	No BLAST species-level top hit was available.
fig4_q30_PE_cutadapt_unite_blast_top1_rescue	Cutadapt	PE	Cutadapt	95cba38e7659470f90eca3c6934caa1e	1	184	0.13865340416713764	0.13865340416713764	Above genus	k__Fungi; p__Ascomycota; c__Ascomycota_p; o__Ascomycota_p; f__Ascomycota_p; g__Ascomycota_p; s__Ascomycota_p	0.7320596228329386	NA	NA	NA	NA	NA	NA	NA	FALSE	NA	NA	NA	NA	NA	NA	NA	NA	Ascomycota_p	Ascomycota_p	k__Fungi; p__Ascomycota; c__Ascomycota_p; o__Ascomycota_p; f__Ascomycota_p; g__Ascomycota_p; s__Ascomycota_p	qiime_retained_no_blast_species	No BLAST species-level top hit was available.
fig4_q30_SE_cutadapt_unite_blast_top1_rescue	Cutadapt	SE	Cutadapt	3cdd5c9296b323dd20d1dc2d8c42357a	1	177	0.13160242683797288	0.13160242683797288	Above genus	k__Fungi; p__Ascomycota; c__Ascomycota_p; o__Ascomycota_p; f__Ascomycota_p; g__Ascomycota_p; s__Ascomycota_p	0.72093334331487	NA	NA	NA	NA	NA	NA	NA	FALSE	NA	NA	NA	NA	NA	NA	NA	NA	Ascomycota_p	Ascomycota_p	k__Fungi; p__Ascomycota; c__Ascomycota_p; o__Ascomycota_p; f__Ascomycota_p; g__Ascomycota_p; s__Ascomycota_p	qiime_retained_no_blast_species	No BLAST species-level top hit was available.
fig4_q30_SE_cutadapt_unite_blast_top1_rescue	Cutadapt	SE	Cutadapt	734b3bd502cf4e15ab36e06823ea19d1	1	176	0.1667440384269216	0.1667440384269216	Above genus	k__Fungi; p__Fungi_k; c__Fungi_k; o__Fungi_k; f__Fungi_k; g__Fungi_k; s__Fungi_k	1.0000000000000064	NA	NA	NA	NA	NA	NA	NA	FALSE	NA	NA	NA	NA	NA	NA	NA	NA	Fungi_k	Fungi_k	k__Fungi; p__Fungi_k; c__Fungi_k; o__Fungi_k; f__Fungi_k; g__Fungi_k; s__Fungi_k	qiime_retained_no_blast_species	No BLAST species-level top hit was available.
fig4_q30_SE_cutadapt_unite_blast_top1_rescue	Cutadapt	SE	Cutadapt	4bc9878d9cb5210bbfa8e56b3f990fe1	1	175	0.12318738561171337	0.12318738561171337	Above genus	k__Fungi; p__Ascomycota; c__Ascomycota_p; o__Ascomycota_p; f__Ascomycota_p; g__Ascomycota_p; s__Ascomycota_p	0.7376342751174751	NA	NA	NA	NA	NA	NA	NA	FALSE	NA	NA	NA	NA	NA	NA	NA	NA	Ascomycota_p	Ascomycota_p	k__Fungi; p__Ascomycota; c__Ascomycota_p; o__Ascomycota_p; f__Ascomycota_p; g__Ascomycota_p; s__Ascomycota_p	qiime_retained_no_blast_species	No BLAST species-level top hit was available.
fig4_q30_PE_cutadapt_unite_blast_top1_rescue	Cutadapt	PE	Cutadapt	12f2f6a9a7cbb3ff7cd71234932b8205	1	174	0.16881730862520616	0.16881730862520616	Above genus	k__Fungi; p__Ascomycota; c__Ascomycota_p; o__Ascomycota_p; f__Ascomycota_p; g__Ascomycota_p; s__Ascomycota_p	0.8150316243611522	NA	NA	NA	NA	NA	NA	NA	FALSE	NA	NA	NA	NA	NA	NA	NA	NA	Ascomycota_p	Ascomycota_p	k__Fungi; p__Ascomycota; c__Ascomycota_p; o__Ascomycota_p; f__Ascomycota_p; g__Ascomycota_p; s__Ascomycota_p	qiime_retained_no_blast_species	No BLAST species-level top hit was available.
fig4_q30_PE_cutadapt_unite_blast_top1_rescue	Cutadapt	PE	Cutadapt	735b4ee401f3ba5f9cba26f586875eb9	1	174	0.13111789307109753	0.13111789307109753	Above genus	k__Fungi; p__Fungi_k; c__Fungi_k; o__Fungi_k; f__Fungi_k; g__Fungi_k; s__Fungi_k	1.0000000000000098	NA	NA	NA	NA	NA	NA	NA	FALSE	NA	NA	NA	NA	NA	NA	NA	NA	Fungi_k	Fungi_k	k__Fungi; p__Fungi_k; c__Fungi_k; o__Fungi_k; f__Fungi_k; g__Fungi_k; s__Fungi_k	qiime_retained_no_blast_species	No BLAST species-level top hit was available.
fig4_q30_PE_cutadapt_unite_blast_top1_rescue	Cutadapt	PE	Cutadapt	ab31fbe2d352b712591004902b64d498	1	174	0.12291607798813224	0.12291607798813224	Above genus	k__Fungi; p__Ascomycota; c__Ascomycota_p; o__Ascomycota_p; f__Ascomycota_p; g__Ascomycota_p; s__Ascomycota_p	0.8070027972319654	NA	NA	NA	NA	NA	NA	NA	FALSE	NA	NA	NA	NA	NA	NA	NA	NA	Ascomycota_p	Ascomycota_p	k__Fungi; p__Ascomycota; c__Ascomycota_p; o__Ascomycota_p; f__Ascomycota_p; g__Ascomycota_p; s__Ascomycota_p	qiime_retained_no_blast_species	No BLAST species-level top hit was available.
fig4_q30_SE_cutadapt_unite_blast_top1_rescue	Cutadapt	SE	Cutadapt	e2d6b080c35429edc1bf79320290191c	1	174	0.1293718772305496	0.1293718772305496	Above genus	k__Fungi; p__Fungi_k; c__Fungi_k; o__Fungi_k; f__Fungi_k; g__Fungi_k; s__Fungi_k	1.0000000000000029	NA	NA	NA	NA	NA	NA	NA	FALSE	NA	NA	NA	NA	NA	NA	NA	NA	Fungi_k	Fungi_k	k__Fungi; p__Fungi_k; c__Fungi_k; o__Fungi_k; f__Fungi_k; g__Fungi_k; s__Fungi_k	qiime_retained_no_blast_species	No BLAST species-level top hit was available.
fig4_q30_PE_cutadapt_unite_blast_top1_rescue	Cutadapt	PE	Cutadapt	93fea7c2c9ed7a874c452b6159d40d2a	1	171	0.12885723974228552	0.12885723974228552	Above genus	k__Fungi; p__Ascomycota; c__Ascomycota_p; o__Ascomycota_p; f__Ascomycota_p; g__Ascomycota_p; s__Ascomycota_p	0.7152773084049893	NA	NA	NA	NA	NA	NA	NA	FALSE	NA	NA	NA	NA	NA	NA	NA	NA	Ascomycota_p	Ascomycota_p	k__Fungi; p__Ascomycota; c__Ascomycota_p; o__Ascomycota_p; f__Ascomycota_p; g__Ascomycota_p; s__Ascomycota_p	qiime_retained_no_blast_species	No BLAST species-level top hit was available.
fig4_q30_PE_cutadapt_unite_blast_top1_rescue	Cutadapt	PE	Cutadapt	71945500e145bbbd3a73efe58b4df3e6	2	165	0.05903336480085262	0.09395309409437695	Above genus	k__Fungi; p__Ascomycota; c__Ascomycota_p; o__Ascomycota_p; f__Ascomycota_p; g__Ascomycota_p; s__Ascomycota_p	0.7884174688632803	NA	NA	NA	NA	NA	NA	NA	FALSE	NA	NA	NA	NA	NA	NA	NA	NA	Ascomycota_p	Ascomycota_p	k__Fungi; p__Ascomycota; c__Ascomycota_p; o__Ascomycota_p; f__Ascomycota_p; g__Ascomycota_p; s__Ascomycota_p	qiime_retained_no_blast_species	No BLAST species-level top hit was available.
fig4_q30_SE_cutadapt_unite_blast_top1_rescue	Cutadapt	SE	Cutadapt	0d2a77295862dea2a5fc3940be192278	2	165	0.05870747110537518	0.09362241306490215	Above genus	k__Fungi; p__Ascomycota; c__Ascomycota_p; o__Ascomycota_p; f__Ascomycota_p; g__Ascomycota_p; s__Ascomycota_p	0.7270111482927919	NA	NA	NA	NA	NA	NA	NA	FALSE	NA	NA	NA	NA	NA	NA	NA	NA	Ascomycota_p	Ascomycota_p	k__Fungi; p__Ascomycota; c__Ascomycota_p; o__Ascomycota_p; f__Ascomycota_p; g__Ascomycota_p; s__Ascomycota_p	qiime_retained_no_blast_species	No BLAST species-level top hit was available.
fig4_q30_PE_cutadapt_unite_blast_top1_rescue	Cutadapt	PE	Cutadapt	0a830187c3805daf0287eb3179767638	1	163	0.11514552133371009	0.11514552133371009	Above genus	k__Fungi; p__Ascomycota; c__Ascomycota_p; o__Ascomycota_p; f__Ascomycota_p; g__Ascomycota_p; s__Ascomycota_p	0.9200424687909042	NA	NA	NA	NA	NA	NA	NA	FALSE	NA	NA	NA	NA	NA	NA	NA	NA	Ascomycota_p	Ascomycota_p	k__Fungi; p__Ascomycota; c__Ascomycota_p; o__Ascomycota_p; f__Ascomycota_p; g__Ascomycota_p; s__Ascomycota_p	qiime_retained_no_blast_species	No BLAST species-level top hit was available.
fig4_q30_SE_cutadapt_unite_blast_top1_rescue	Cutadapt	SE	Cutadapt	0ae1e837235a2579609ba6290feae7d9	1	163	0.11474025059833874	0.11474025059833874	Above genus	k__Fungi; p__Ascomycota; c__Ascomycota_p; o__Ascomycota_p; f__Ascomycota_p; g__Ascomycota_p; s__Ascomycota_p	0.801042973317456	NA	NA	NA	NA	NA	NA	NA	FALSE	NA	NA	NA	NA	NA	NA	NA	NA	Ascomycota_p	Ascomycota_p	k__Fungi; p__Ascomycota; c__Ascomycota_p; o__Ascomycota_p; f__Ascomycota_p; g__Ascomycota_p; s__Ascomycota_p	qiime_retained_no_blast_species	No BLAST species-level top hit was available.
fig4_q30_SE_cutadapt_unite_blast_top1_rescue	Cutadapt	SE	Cutadapt	690485dcc88ee46eafca88455c1350fb	1	152	0.10699704350274533	0.10699704350274533	Above genus	k__Fungi; p__Fungi_k; c__Fungi_k; o__Fungi_k; f__Fungi_k; g__Fungi_k; s__Fungi_k	0.9999999999999905	NA	NA	NA	NA	NA	NA	NA	FALSE	NA	NA	NA	NA	NA	NA	NA	NA	Fungi_k	Fungi_k	k__Fungi; p__Fungi_k; c__Fungi_k; o__Fungi_k; f__Fungi_k; g__Fungi_k; s__Fungi_k	qiime_retained_no_blast_species	No BLAST species-level top hit was available.
fig4_q30_PE_cutadapt_unite_blast_top1_rescue	Cutadapt	PE	Cutadapt	49a3e816a50dc0d518ef46b38d94ddb4	1	151	0.11378621755020533	0.11378621755020533	Above genus	k__Fungi; p__Ascomycota; c__Ascomycota_p; o__Ascomycota_p; f__Ascomycota_p; g__Ascomycota_p; s__Ascomycota_p	0.95137888629835	NR_121332	470172	99.618	100	469	262	FALSE	TRUE	candidate_available	Eukaryota	Ascomycota	Dothideomycetes	Cladosporiales	Cladosporiaceae	Cladosporium	Cladosporium_ossifragi	Cladosporium	Cladosporium_ossifragi	k__Fungi; p__Ascomycota; c__Dothideomycetes; o__Cladosporiales; f__Cladosporiaceae; g__Cladosporium; s__Cladosporium_ossifragi	blast_top1_species_rescued_missing_qiime_species	QIIME/UNITE species was missing or placeholder-like and BLAST top1 species passed high-confidence cutoffs.
fig4_q30_PE_cutadapt_unite_blast_top1_rescue	Cutadapt	PE	Cutadapt	205ab5dacfd29a76e5283f8a2f1b2919	1	144	0.1017236507487991	0.1017236507487991	Above genus	k__Fungi; p__Ascomycota; c__Ascomycota_p; o__Ascomycota_p; f__Ascomycota_p; g__Ascomycota_p; s__Ascomycota_p	0.8444416986050257	NA	NA	NA	NA	NA	NA	NA	FALSE	NA	NA	NA	NA	NA	NA	NA	NA	Ascomycota_p	Ascomycota_p	k__Fungi; p__Ascomycota; c__Ascomycota_p; o__Ascomycota_p; f__Ascomycota_p; g__Ascomycota_p; s__Ascomycota_p	qiime_retained_no_blast_species	No BLAST species-level top hit was available.
fig4_q30_PE_cutadapt_unite_blast_top1_rescue	Cutadapt	PE	Cutadapt	02c332c3221a7fc18460f12ac0111d82	1	143	0.13874066168623264	0.13874066168623264	Above genus	k__Fungi; p__Ascomycota; c__Ascomycota_p; o__Ascomycota_p; f__Ascomycota_p; g__Ascomycota_p; s__Ascomycota_p	0.8437697016279243	NA	NA	NA	NA	NA	NA	NA	FALSE	NA	NA	NA	NA	NA	NA	NA	NA	Ascomycota_p	Ascomycota_p	k__Fungi; p__Ascomycota; c__Ascomycota_p; o__Ascomycota_p; f__Ascomycota_p; g__Ascomycota_p; s__Ascomycota_p	qiime_retained_no_blast_species	No BLAST species-level top hit was available.
fig4_q30_SE_cutadapt_unite_blast_top1_rescue	Cutadapt	SE	Cutadapt	810614b36a07abd1a925d29282f91909	1	143	0.13547953122187378	0.13547953122187378	Above genus	k__Fungi; p__Fungi_k; c__Fungi_k; o__Fungi_k; f__Fungi_k; g__Fungi_k; s__Fungi_k	1	NA	NA	NA	NA	NA	NA	NA	FALSE	NA	NA	NA	NA	NA	NA	NA	NA	Fungi_k	Fungi_k	k__Fungi; p__Fungi_k; c__Fungi_k; o__Fungi_k; f__Fungi_k; g__Fungi_k; s__Fungi_k	qiime_retained_no_blast_species	No BLAST species-level top hit was available.
fig4_q30_PE_cutadapt_unite_blast_top1_rescue	Cutadapt	PE	Cutadapt	727da6234c9362043da2e1abc6d319f7	1	130	0.1261278742602115	0.1261278742602115	Above genus	k__Fungi; p__Ascomycota; c__Ascomycota_p; o__Ascomycota_p; f__Ascomycota_p; g__Ascomycota_p; s__Ascomycota_p	0.8315410514198069	NA	NA	NA	NA	NA	NA	NA	FALSE	NA	NA	NA	NA	NA	NA	NA	NA	Ascomycota_p	Ascomycota_p	k__Fungi; p__Ascomycota; c__Ascomycota_p; o__Ascomycota_p; f__Ascomycota_p; g__Ascomycota_p; s__Ascomycota_p	qiime_retained_no_blast_species	No BLAST species-level top hit was available.
fig4_q30_SE_cutadapt_unite_blast_top1_rescue	Cutadapt	SE	Cutadapt	ea7f5040ec9eea16e64fd85b2b7d0572	1	130	0.12316321020170344	0.12316321020170344	Above genus	k__Fungi; p__Fungi_k; c__Fungi_k; o__Fungi_k; f__Fungi_k; g__Fungi_k; s__Fungi_k	1.000000000000011	NA	NA	NA	NA	NA	NA	NA	FALSE	NA	NA	NA	NA	NA	NA	NA	NA	Fungi_k	Fungi_k	k__Fungi; p__Fungi_k; c__Fungi_k; o__Fungi_k; f__Fungi_k; g__Fungi_k; s__Fungi_k	qiime_retained_no_blast_species	No BLAST species-level top hit was available.
fig4_q30_SE_cutadapt_unite_blast_top1_rescue	Cutadapt	SE	Cutadapt	25a303dbf5b2a6790682c1e63eb0bc86	1	128	0.09517011658339282	0.09517011658339282	Above genus	k__Fungi; p__Fungi_k; c__Fungi_k; o__Fungi_k; f__Fungi_k; g__Fungi_k; s__Fungi_k	0.9999999999999988	NA	NA	NA	NA	NA	NA	NA	FALSE	NA	NA	NA	NA	NA	NA	NA	NA	Fungi_k	Fungi_k	k__Fungi; p__Fungi_k; c__Fungi_k; o__Fungi_k; f__Fungi_k; g__Fungi_k; s__Fungi_k	qiime_retained_no_blast_species	No BLAST species-level top hit was available.
fig4_q30_SE_cutadapt_unite_blast_top1_rescue	Cutadapt	SE	Cutadapt	c736e249da125d2afbdc5153e798f4ff	1	128	0.09010277347599606	0.09010277347599606	Above genus	k__Fungi; p__Fungi_k; c__Fungi_k; o__Fungi_k; f__Fungi_k; g__Fungi_k; s__Fungi_k	0.9999999999999988	NA	NA	NA	NA	NA	NA	NA	FALSE	NA	NA	NA	NA	NA	NA	NA	NA	Fungi_k	Fungi_k	k__Fungi; p__Fungi_k; c__Fungi_k; o__Fungi_k; f__Fungi_k; g__Fungi_k; s__Fungi_k	qiime_retained_no_blast_species	No BLAST species-level top hit was available.
fig4_q30_PE_cutadapt_unite_blast_top1_rescue	Cutadapt	PE	Cutadapt	b4669d24d11cdccd9bd463a852d555bc	1	126	0.0890081944051992	0.0890081944051992	Above genus	k__Fungi; p__Ascomycota; c__Ascomycota_p; o__Ascomycota_p; f__Ascomycota_p; g__Ascomycota_p; s__Ascomycota_p	0.8507849231288976	NA	NA	NA	NA	NA	NA	NA	FALSE	NA	NA	NA	NA	NA	NA	NA	NA	Ascomycota_p	Ascomycota_p	k__Fungi; p__Ascomycota; c__Ascomycota_p; o__Ascomycota_p; f__Ascomycota_p; g__Ascomycota_p; s__Ascomycota_p	qiime_retained_no_blast_species	No BLAST species-level top hit was available.
fig4_q30_SE_cutadapt_unite_blast_top1_rescue	Cutadapt	SE	Cutadapt	424a42c649741aeff084e4e4be42d5e8	1	117	0.08699143468950749	0.08699143468950749	Above genus	k__Fungi; p__Fungi_k; c__Fungi_k; o__Fungi_k; f__Fungi_k; g__Fungi_k; s__Fungi_k	0.9999999999999916	NA	NA	NA	NA	NA	NA	NA	FALSE	NA	NA	NA	NA	NA	NA	NA	NA	Fungi_k	Fungi_k	k__Fungi; p__Fungi_k; c__Fungi_k; o__Fungi_k; f__Fungi_k; g__Fungi_k; s__Fungi_k	qiime_retained_no_blast_species	No BLAST species-level top hit was available.
fig4_q30_PE_cutadapt_unite_blast_top1_rescue	Cutadapt	PE	Cutadapt	af9cef9bdf2ea4966fe74e7f66f4166d	1	115	0.08665837760446102	0.08665837760446102	Above genus	k__Fungi; p__Ascomycota; c__Ascomycota_p; o__Ascomycota_p; f__Ascomycota_p; g__Ascomycota_p; s__Ascomycota_p	0.892125064749921	NA	NA	NA	NA	NA	NA	NA	FALSE	NA	NA	NA	NA	NA	NA	NA	NA	Ascomycota_p	Ascomycota_p	k__Fungi; p__Ascomycota; c__Ascomycota_p; o__Ascomycota_p; f__Ascomycota_p; g__Ascomycota_p; s__Ascomycota_p	qiime_retained_no_blast_species	No BLAST species-level top hit was available.
fig4_q30_SE_cutadapt_unite_blast_top1_rescue	Cutadapt	SE	Cutadapt	7eb255283c6c52bd61ca80e88b608ef1	1	115	0.08550440161789198	0.08550440161789198	Above genus	k__Fungi; p__Ascomycota; c__Ascomycota_p; o__Ascomycota_p; f__Ascomycota_p; g__Ascomycota_p; s__Ascomycota_p	0.7843969321112361	NA	NA	NA	NA	NA	NA	NA	FALSE	NA	NA	NA	NA	NA	NA	NA	NA	Ascomycota_p	Ascomycota_p	k__Fungi; p__Ascomycota; c__Ascomycota_p; o__Ascomycota_p; f__Ascomycota_p; g__Ascomycota_p; s__Ascomycota_p	qiime_retained_no_blast_species	No BLAST species-level top hit was available.
fig4_q30_SE_cutadapt_unite_blast_top1_rescue	Cutadapt	SE	Cutadapt	464e19f539c8d48eeb059761e4076133	3	114	0.031074488254077264	0.04263341891597427	Above genus	k__Fungi; p__Fungi_k; c__Fungi_k; o__Fungi_k; f__Fungi_k; g__Fungi_k; s__Fungi_k	1.0000000000000064	NA	NA	NA	NA	NA	NA	NA	FALSE	NA	NA	NA	NA	NA	NA	NA	NA	Fungi_k	Fungi_k	k__Fungi; p__Fungi_k; c__Fungi_k; o__Fungi_k; f__Fungi_k; g__Fungi_k; s__Fungi_k	qiime_retained_no_blast_species	No BLAST species-level top hit was available.
fig4_q30_PE_cutadapt_unite_blast_top1_rescue	Cutadapt	PE	Cutadapt	d934a39e0d71a2b5050db4496921bb9c	1	112	0.07911839502684374	0.07911839502684374	Above genus	k__Fungi; p__Fungi_k; c__Fungi_k; o__Fungi_k; f__Fungi_k; g__Fungi_k; s__Fungi_k	1.0000000000000142	NA	NA	NA	NA	NA	NA	NA	FALSE	NA	NA	NA	NA	NA	NA	NA	NA	Fungi_k	Fungi_k	k__Fungi; p__Fungi_k; c__Fungi_k; o__Fungi_k; f__Fungi_k; g__Fungi_k; s__Fungi_k	qiime_retained_no_blast_species	No BLAST species-level top hit was available.
fig4_q30_SE_cutadapt_unite_blast_top1_rescue	Cutadapt	SE	Cutadapt	89280dfd2d6284d8379415b8579079b4	1	112	0.07883992679149655	0.07883992679149655	Above genus	k__Fungi; p__Fungi_k; c__Fungi_k; o__Fungi_k; f__Fungi_k; g__Fungi_k; s__Fungi_k	0.9999999999999956	NA	NA	NA	NA	NA	NA	NA	FALSE	NA	NA	NA	NA	NA	NA	NA	NA	Fungi_k	Fungi_k	k__Fungi; p__Fungi_k; c__Fungi_k; o__Fungi_k; f__Fungi_k; g__Fungi_k; s__Fungi_k	qiime_retained_no_blast_species	No BLAST species-level top hit was available.
fig4_q30_PE_cutadapt_unite_blast_top1_rescue	Cutadapt	PE	Cutadapt	2fbdf5a89725b2d9f30df08f41b4ad46	2	107	0.040197142193082215	0.07686221317960891	Above genus	k__Fungi; p__Fungi_k; c__Fungi_k; o__Fungi_k; f__Fungi_k; g__Fungi_k; s__Fungi_k	0.9999999999999992	NA	NA	NA	NA	NA	NA	NA	FALSE	NA	NA	NA	NA	NA	NA	NA	NA	Fungi_k	Fungi_k	k__Fungi; p__Fungi_k; c__Fungi_k; o__Fungi_k; f__Fungi_k; g__Fungi_k; s__Fungi_k	qiime_retained_no_blast_species	No BLAST species-level top hit was available.
fig4_q30_SE_cutadapt_unite_blast_top1_rescue	Cutadapt	SE	Cutadapt	1c99b355daab861d42ef02ad4aecd425	2	107	0.039679163120648626	0.07583868665239116	Above genus	k__Fungi; p__Fungi_k; c__Fungi_k; o__Fungi_k; f__Fungi_k; g__Fungi_k; s__Fungi_k	0.9999999999999948	NA	NA	NA	NA	NA	NA	NA	FALSE	NA	NA	NA	NA	NA	NA	NA	NA	Fungi_k	Fungi_k	k__Fungi; p__Fungi_k; c__Fungi_k; o__Fungi_k; f__Fungi_k; g__Fungi_k; s__Fungi_k	qiime_retained_no_blast_species	No BLAST species-level top hit was available.
fig4_q30_PE_cutadapt_unite_blast_top1_rescue	Cutadapt	PE	Cutadapt	dce6cdf241c1820d8fd691f257ee721f	1	106	0.10284272824294169	0.10284272824294169	Genus	k__Fungi; p__Ascomycota; c__Sordariomycetes; o__Amphisphaeriales; f__Apiosporaceae; g__Nigrospora; s__Nigrospora_g	0.999968145009289	NA	NA	NA	NA	NA	NA	NA	FALSE	NA	NA	NA	NA	NA	NA	NA	NA	Nigrospora	Nigrospora_g	k__Fungi; p__Ascomycota; c__Sordariomycetes; o__Amphisphaeriales; f__Apiosporaceae; g__Nigrospora; s__Nigrospora_g	qiime_retained_no_blast_species	No BLAST species-level top hit was available.
fig4_q30_PE_cutadapt_unite_blast_top1_rescue	Cutadapt	PE	Cutadapt	87d1bd5b2855b9f226ac0eb2cb071be7	1	104	0.0734670810963549	0.0734670810963549	Above genus	k__Fungi; p__Ascomycota; c__Ascomycota_p; o__Ascomycota_p; f__Ascomycota_p; g__Ascomycota_p; s__Ascomycota_p	0.8707804652433185	NA	NA	NA	NA	NA	NA	NA	FALSE	NA	NA	NA	NA	NA	NA	NA	NA	Ascomycota_p	Ascomycota_p	k__Fungi; p__Ascomycota; c__Ascomycota_p; o__Ascomycota_p; f__Ascomycota_p; g__Ascomycota_p; s__Ascomycota_p	qiime_retained_no_blast_species	No BLAST species-level top hit was available.
fig4_q30_PE_cutadapt_unite_blast_top1_rescue	Cutadapt	PE	Cutadapt	8a04f1876109a8ff5839566f4fd606d6	1	103	0.07761576428921292	0.07761576428921292	Above genus	k__Fungi; p__Fungi_k; c__Fungi_k; o__Fungi_k; f__Fungi_k; g__Fungi_k; s__Fungi_k	0.9999999999999868	NA	NA	NA	NA	NA	NA	NA	FALSE	NA	NA	NA	NA	NA	NA	NA	NA	Fungi_k	Fungi_k	k__Fungi; p__Fungi_k; c__Fungi_k; o__Fungi_k; f__Fungi_k; g__Fungi_k; s__Fungi_k	qiime_retained_no_blast_species	No BLAST species-level top hit was available.
fig4_q30_SE_cutadapt_unite_blast_top1_rescue	Cutadapt	SE	Cutadapt	d0ba115d2648c5cea27a7c508f335db2	1	103	0.0765822031881989	0.0765822031881989	Above genus	k__Fungi; p__Fungi_k; c__Fungi_k; o__Fungi_k; f__Fungi_k; g__Fungi_k; s__Fungi_k	1.000000000000001	NA	NA	NA	NA	NA	NA	NA	FALSE	NA	NA	NA	NA	NA	NA	NA	NA	Fungi_k	Fungi_k	k__Fungi; p__Fungi_k; c__Fungi_k; o__Fungi_k; f__Fungi_k; g__Fungi_k; s__Fungi_k	qiime_retained_no_blast_species	No BLAST species-level top hit was available.
fig4_q30_PE_cutadapt_unite_blast_top1_rescue	Cutadapt	PE	Cutadapt	32743da7dde0b6ffb4f006884c7a7b8d	1	100	0.07064142413111048	0.07064142413111048	Above genus	k__Fungi; p__Ascomycota; c__Lecanoromycetes; o__Lecanoromycetes_c; f__Lecanoromycetes_c; g__Lecanoromycetes_c; s__Lecanoromycetes_c	0.7086071190561533	NA	NA	NA	NA	NA	NA	NA	FALSE	NA	NA	NA	NA	NA	NA	NA	NA	Lecanoromycetes_c	Lecanoromycetes_c	k__Fungi; p__Ascomycota; c__Lecanoromycetes; o__Lecanoromycetes_c; f__Lecanoromycetes_c; g__Lecanoromycetes_c; s__Lecanoromycetes_c	qiime_retained_no_blast_species	No BLAST species-level top hit was available.
fig4_q30_SE_cutadapt_unite_blast_top1_rescue	Cutadapt	SE	Cutadapt	a4d6aeda4e809ef4f25111f66e15a8ca	1	100	0.07039279177812192	0.07039279177812192	Above genus	k__Fungi; p__Ascomycota; c__Ascomycota_p; o__Ascomycota_p; f__Ascomycota_p; g__Ascomycota_p; s__Ascomycota_p	0.7038143125188805	NA	NA	NA	NA	NA	NA	NA	FALSE	NA	NA	NA	NA	NA	NA	NA	NA	Ascomycota_p	Ascomycota_p	k__Fungi; p__Ascomycota; c__Ascomycota_p; o__Ascomycota_p; f__Ascomycota_p; g__Ascomycota_p; s__Ascomycota_p	qiime_retained_no_blast_species	No BLAST species-level top hit was available.
fig4_q30_PE_cutadapt_unite_blast_top1_rescue	Cutadapt	PE	Cutadapt	f3a42145228ac47bb4d37a0cdda6b1ee	1	97	0.07309445763158887	0.07309445763158887	Above genus	k__Fungi; p__Fungi_k; c__Fungi_k; o__Fungi_k; f__Fungi_k; g__Fungi_k; s__Fungi_k	1.0000000000000118	NA	NA	NA	NA	NA	NA	NA	FALSE	NA	NA	NA	NA	NA	NA	NA	NA	Fungi_k	Fungi_k	k__Fungi; p__Fungi_k; c__Fungi_k; o__Fungi_k; f__Fungi_k; g__Fungi_k; s__Fungi_k	qiime_retained_no_blast_species	No BLAST species-level top hit was available.
fig4_q30_SE_cutadapt_unite_blast_top1_rescue	Cutadapt	SE	Cutadapt	621f2a9745265d827cc94a1d025b8a38	1	97	0.07212110397335236	0.07212110397335236	Above genus	k__Fungi; p__Fungi_k; c__Fungi_k; o__Fungi_k; f__Fungi_k; g__Fungi_k; s__Fungi_k	0.9999999999999972	NA	NA	NA	NA	NA	NA	NA	FALSE	NA	NA	NA	NA	NA	NA	NA	NA	Fungi_k	Fungi_k	k__Fungi; p__Fungi_k; c__Fungi_k; o__Fungi_k; f__Fungi_k; g__Fungi_k; s__Fungi_k	qiime_retained_no_blast_species	No BLAST species-level top hit was available.
fig4_q30_PE_cutadapt_unite_blast_top1_rescue	Cutadapt	PE	Cutadapt	4cec1c35ec0504a1e410d8aed292dd5e	3	93	0.02603832839432404	0.039778791112835936	Above genus	k__Fungi; p__Fungi_k; c__Fungi_k; o__Fungi_k; f__Fungi_k; g__Fungi_k; s__Fungi_k	0.9999999999999958	NA	NA	NA	NA	NA	NA	NA	FALSE	NA	NA	NA	NA	NA	NA	NA	NA	Fungi_k	Fungi_k	k__Fungi; p__Fungi_k; c__Fungi_k; o__Fungi_k; f__Fungi_k; g__Fungi_k; s__Fungi_k	qiime_retained_no_blast_species	No BLAST species-level top hit was available.
fig4_q30_SE_cutadapt_unite_blast_top1_rescue	Cutadapt	SE	Cutadapt	29555bd5b7d79e088911358e619af0af	3	89	0.021709292577795844	0.033084612135717305	Above genus	k__Fungi; p__Fungi_k; c__Fungi_k; o__Fungi_k; f__Fungi_k; g__Fungi_k; s__Fungi_k	1.000000000000002	NA	NA	NA	NA	NA	NA	NA	FALSE	NA	NA	NA	NA	NA	NA	NA	NA	Fungi_k	Fungi_k	k__Fungi; p__Fungi_k; c__Fungi_k; o__Fungi_k; f__Fungi_k; g__Fungi_k; s__Fungi_k	qiime_retained_no_blast_species	No BLAST species-level top hit was available.
fig4_q30_PE_cutadapt_unite_blast_top1_rescue	Cutadapt	PE	Cutadapt	1b69e545bedbbe7f5b89775d7ef84275	1	86	0.06075162475275501	0.06075162475275501	Above genus	k__Fungi; p__Fungi_k; c__Fungi_k; o__Fungi_k; f__Fungi_k; g__Fungi_k; s__Fungi_k	0.9999999999999932	NA	NA	NA	NA	NA	NA	NA	FALSE	NA	NA	NA	NA	NA	NA	NA	NA	Fungi_k	Fungi_k	k__Fungi; p__Fungi_k; c__Fungi_k; o__Fungi_k; f__Fungi_k; g__Fungi_k; s__Fungi_k	qiime_retained_no_blast_species	No BLAST species-level top hit was available.
fig4_q30_SE_cutadapt_unite_blast_top1_rescue	Cutadapt	SE	Cutadapt	4ff375ae9b66ece9a7f74f5a13354b9d	1	86	0.06053780092918485	0.06053780092918485	Above genus	k__Fungi; p__Fungi_k; c__Fungi_k; o__Fungi_k; f__Fungi_k; g__Fungi_k; s__Fungi_k	0.999999999999993	NA	NA	NA	NA	NA	NA	NA	FALSE	NA	NA	NA	NA	NA	NA	NA	NA	Fungi_k	Fungi_k	k__Fungi; p__Fungi_k; c__Fungi_k; o__Fungi_k; f__Fungi_k; g__Fungi_k; s__Fungi_k	qiime_retained_no_blast_species	No BLAST species-level top hit was available.
fig4_q30_PE_cutadapt_unite_blast_top1_rescue	Cutadapt	PE	Cutadapt	9b465a6e0841bfbf5ea5022c737fb636	1	85	0.0824682254778306	0.0824682254778306	Above genus	k__Fungi; p__Ascomycota; c__Ascomycota_p; o__Ascomycota_p; f__Ascomycota_p; g__Ascomycota_p; s__Ascomycota_p	0.8819735194437328	NA	NA	NA	NA	NA	NA	NA	FALSE	NA	NA	NA	NA	NA	NA	NA	NA	Ascomycota_p	Ascomycota_p	k__Fungi; p__Ascomycota; c__Ascomycota_p; o__Ascomycota_p; f__Ascomycota_p; g__Ascomycota_p; s__Ascomycota_p	qiime_retained_no_blast_species	No BLAST species-level top hit was available.
fig4_q30_SE_cutadapt_unite_blast_top1_rescue	Cutadapt	SE	Cutadapt	8d3e05b052f65c88c539505f87882851	1	85	0.08052979128572918	0.08052979128572918	Above genus	k__Fungi; p__Ascomycota; c__Ascomycota_p; o__Ascomycota_p; f__Ascomycota_p; g__Ascomycota_p; s__Ascomycota_p	0.8344029106375928	NA	NA	NA	NA	NA	NA	NA	FALSE	NA	NA	NA	NA	NA	NA	NA	NA	Ascomycota_p	Ascomycota_p	k__Fungi; p__Ascomycota; c__Ascomycota_p; o__Ascomycota_p; f__Ascomycota_p; g__Ascomycota_p; s__Ascomycota_p	qiime_retained_no_blast_species	No BLAST species-level top hit was available.
fig4_q30_PE_cutadapt_unite_blast_top1_rescue	Cutadapt	PE	Cutadapt	68cf4b4b59982cc3e29ba6ce3db880c2	1	83	0.08052779664305812	0.08052779664305812	Above genus	k__Fungi; p__Ascomycota; c__Ascomycota_p; o__Ascomycota_p; f__Ascomycota_p; g__Ascomycota_p; s__Ascomycota_p	0.9036167155237346	NA	NA	NA	NA	NA	NA	NA	FALSE	NA	NA	NA	NA	NA	NA	NA	NA	Ascomycota_p	Ascomycota_p	k__Fungi; p__Ascomycota; c__Ascomycota_p; o__Ascomycota_p; f__Ascomycota_p; g__Ascomycota_p; s__Ascomycota_p	qiime_retained_no_blast_species	No BLAST species-level top hit was available.
fig4_q30_PE_cutadapt_unite_blast_top1_rescue	Cutadapt	PE	Cutadapt	b82f9d330ad2b2c5e255d8af52e82b94	1	81	0.06103763987792472	0.06103763987792472	Above genus	k__Fungi; p__Fungi_k; c__Fungi_k; o__Fungi_k; f__Fungi_k; g__Fungi_k; s__Fungi_k	1.0000000000000109	NA	NA	NA	NA	NA	NA	NA	FALSE	NA	NA	NA	NA	NA	NA	NA	NA	Fungi_k	Fungi_k	k__Fungi; p__Fungi_k; c__Fungi_k; o__Fungi_k; f__Fungi_k; g__Fungi_k; s__Fungi_k	qiime_retained_no_blast_species	No BLAST species-level top hit was available.
fig4_q30_SE_cutadapt_unite_blast_top1_rescue	Cutadapt	SE	Cutadapt	2e723fe0c70769428c06e39a8f19d9d8	1	81	0.06022483940042826	0.06022483940042826	Above genus	k__Fungi; p__Fungi_k; c__Fungi_k; o__Fungi_k; f__Fungi_k; g__Fungi_k; s__Fungi_k	1.0000000000000142	NA	NA	NA	NA	NA	NA	NA	FALSE	NA	NA	NA	NA	NA	NA	NA	NA	Fungi_k	Fungi_k	k__Fungi; p__Fungi_k; c__Fungi_k; o__Fungi_k; f__Fungi_k; g__Fungi_k; s__Fungi_k	qiime_retained_no_blast_species	No BLAST species-level top hit was available.
fig4_q30_PE_cutadapt_unite_blast_top1_rescue	Cutadapt	PE	Cutadapt	e6fd0ca5e1ff2bc07426d361bf4a7867	1	80	0.05651313930488839	0.05651313930488839	Above genus	k__Fungi; p__Fungi_k; c__Fungi_k; o__Fungi_k; f__Fungi_k; g__Fungi_k; s__Fungi_k	0.9999999999999905	NA	NA	NA	NA	NA	NA	NA	FALSE	NA	NA	NA	NA	NA	NA	NA	NA	Fungi_k	Fungi_k	k__Fungi; p__Fungi_k; c__Fungi_k; o__Fungi_k; f__Fungi_k; g__Fungi_k; s__Fungi_k	qiime_retained_no_blast_species	No BLAST species-level top hit was available.
fig4_q30_SE_cutadapt_unite_blast_top1_rescue	Cutadapt	SE	Cutadapt	644c895ef79df8c731420be73cf8b6c0	1	80	0.056314233422497535	0.056314233422497535	Above genus	k__Fungi; p__Fungi_k; c__Fungi_k; o__Fungi_k; f__Fungi_k; g__Fungi_k; s__Fungi_k	1.0000000000000075	NA	NA	NA	NA	NA	NA	NA	FALSE	NA	NA	NA	NA	NA	NA	NA	NA	Fungi_k	Fungi_k	k__Fungi; p__Fungi_k; c__Fungi_k; o__Fungi_k; f__Fungi_k; g__Fungi_k; s__Fungi_k	qiime_retained_no_blast_species	No BLAST species-level top hit was available.
fig4_q30_PE_cutadapt_unite_blast_top1_rescue	Cutadapt	PE	Cutadapt	dca378344034475d8837d2a486ffe7cb	1	78	0.05510031082226617	0.05510031082226617	Above genus	k__Fungi; p__Ascomycota; c__Ascomycota_p; o__Ascomycota_p; f__Ascomycota_p; g__Ascomycota_p; s__Ascomycota_p	0.882595445244154	NA	NA	NA	NA	NA	NA	NA	FALSE	NA	NA	NA	NA	NA	NA	NA	NA	Ascomycota_p	Ascomycota_p	k__Fungi; p__Ascomycota; c__Ascomycota_p; o__Ascomycota_p; f__Ascomycota_p; g__Ascomycota_p; s__Ascomycota_p	qiime_retained_no_blast_species	No BLAST species-level top hit was available.
fig4_q30_SE_cutadapt_unite_blast_top1_rescue	Cutadapt	SE	Cutadapt	0b670ea5bad69a636e48836a55475086	1	78	0.07389792612102206	0.07389792612102206	Above genus	k__Fungi; p__Fungi_k; c__Fungi_k; o__Fungi_k; f__Fungi_k; g__Fungi_k; s__Fungi_k	0.999999999999986	NA	NA	NA	NA	NA	NA	NA	FALSE	NA	NA	NA	NA	NA	NA	NA	NA	Fungi_k	Fungi_k	k__Fungi; p__Fungi_k; c__Fungi_k; o__Fungi_k; f__Fungi_k; g__Fungi_k; s__Fungi_k	qiime_retained_no_blast_species	No BLAST species-level top hit was available.
fig4_q30_SE_cutadapt_unite_blast_top1_rescue	Cutadapt	SE	Cutadapt	26461f63a0aa3891866f330d837eb06e	1	78	0.0549063775869351	0.0549063775869351	Above genus	k__Fungi; p__Ascomycota; c__Ascomycota_p; o__Ascomycota_p; f__Ascomycota_p; g__Ascomycota_p; s__Ascomycota_p	0.7969487264906803	NA	NA	NA	NA	NA	NA	NA	FALSE	NA	NA	NA	NA	NA	NA	NA	NA	Ascomycota_p	Ascomycota_p	k__Fungi; p__Ascomycota; c__Ascomycota_p; o__Ascomycota_p; f__Ascomycota_p; g__Ascomycota_p; s__Ascomycota_p	qiime_retained_no_blast_species	No BLAST species-level top hit was available.
fig4_q30_PE_cutadapt_unite_blast_top1_rescue	Cutadapt	PE	Cutadapt	55f94a753a4f27fc03739231cebbf40d	1	77	0.07470651013874066	0.07470651013874066	Above genus	k__Fungi; p__Ascomycota; c__Ascomycota_p; o__Ascomycota_p; f__Ascomycota_p; g__Ascomycota_p; s__Ascomycota_p	0.8555470075421417	NA	NA	NA	NA	NA	NA	NA	FALSE	NA	NA	NA	NA	NA	NA	NA	NA	Ascomycota_p	Ascomycota_p	k__Fungi; p__Ascomycota; c__Ascomycota_p; o__Ascomycota_p; f__Ascomycota_p; g__Ascomycota_p; s__Ascomycota_p	qiime_retained_no_blast_species	No BLAST species-level top hit was available.
fig4_q30_PE_cutadapt_unite_blast_top1_rescue	Cutadapt	PE	Cutadapt	080d5100561ec2c06ed6b12f04e6765e	2	75	0.027833934795514194	0.0429524132474285	Above genus	k__Fungi; p__Fungi_k; c__Fungi_k; o__Fungi_k; f__Fungi_k; g__Fungi_k; s__Fungi_k	0.9999999999999908	NA	NA	NA	NA	NA	NA	NA	FALSE	NA	NA	NA	NA	NA	NA	NA	NA	Fungi_k	Fungi_k	k__Fungi; p__Fungi_k; c__Fungi_k; o__Fungi_k; f__Fungi_k; g__Fungi_k; s__Fungi_k	qiime_retained_no_blast_species	No BLAST species-level top hit was available.
fig4_q30_SE_cutadapt_unite_blast_top1_rescue	Cutadapt	SE	Cutadapt	14f563b611081c3d96a3656b7e727a14	1	75	0.07105569819329044	0.07105569819329044	Above genus	k__Fungi; p__Ascomycota; c__Ascomycota_p; o__Ascomycota_p; f__Ascomycota_p; g__Ascomycota_p; s__Ascomycota_p	0.7050456419722007	NA	NA	NA	NA	NA	NA	NA	FALSE	NA	NA	NA	NA	NA	NA	NA	NA	Ascomycota_p	Ascomycota_p	k__Fungi; p__Ascomycota; c__Ascomycota_p; o__Ascomycota_p; f__Ascomycota_p; g__Ascomycota_p; s__Ascomycota_p	qiime_retained_no_blast_species	No BLAST species-level top hit was available.
fig4_q30_SE_cutadapt_unite_blast_top1_rescue	Cutadapt	SE	Cutadapt	9d85d8067d02e30a806463de2845ccdd	2	75	0.02752557253055203	0.04238044254104212	Above genus	k__Fungi; p__Fungi_k; c__Fungi_k; o__Fungi_k; f__Fungi_k; g__Fungi_k; s__Fungi_k	1.0000000000000115	NA	NA	NA	NA	NA	NA	NA	FALSE	NA	NA	NA	NA	NA	NA	NA	NA	Fungi_k	Fungi_k	k__Fungi; p__Fungi_k; c__Fungi_k; o__Fungi_k; f__Fungi_k; g__Fungi_k; s__Fungi_k	qiime_retained_no_blast_species	No BLAST species-level top hit was available.
fig4_q30_PE_cutadapt_unite_blast_top1_rescue	Cutadapt	PE	Cutadapt	b191d950a9a65d52c43bd7aaa1c286ee	2	72	0.029727799639131122	0.03617045326099243	Above genus	k__Fungi; p__Ascomycota; c__Ascomycota_p; o__Ascomycota_p; f__Ascomycota_p; g__Ascomycota_p; s__Ascomycota_p	0.91466482177848	NA	NA	NA	NA	NA	NA	NA	FALSE	NA	NA	NA	NA	NA	NA	NA	NA	Ascomycota_p	Ascomycota_p	k__Fungi; p__Ascomycota; c__Ascomycota_p; o__Ascomycota_p; f__Ascomycota_p; g__Ascomycota_p; s__Ascomycota_p	qiime_retained_no_blast_species	No BLAST species-level top hit was available.
fig4_q30_PE_cutadapt_unite_blast_top1_rescue	Cutadapt	PE	Cutadapt	cb10a86d6b17ba0f9f4c0db650f1d52c	1	70	0.049448996891777335	0.049448996891777335	Above genus	k__Fungi; p__Ascomycota; c__Dothideomycetes; o__Pleosporales; f__Didymellaceae; g__Didymellaceae_f; s__Didymellaceae_f	0.7191853811412905	NA	NA	NA	NA	NA	NA	NA	FALSE	NA	NA	NA	NA	NA	NA	NA	NA	Didymellaceae_f	Didymellaceae_f	k__Fungi; p__Ascomycota; c__Dothideomycetes; o__Pleosporales; f__Didymellaceae; g__Didymellaceae_f; s__Didymellaceae_f	qiime_retained_no_blast_species	No BLAST species-level top hit was available.
fig4_q30_SE_cutadapt_unite_blast_top1_rescue	Cutadapt	SE	Cutadapt	c4de8920d09cfcb35cb11ca9ed00200f	1	67	0.04981560789911967	0.04981560789911967	Above genus	k__Fungi; p__Fungi_k; c__Fungi_k; o__Fungi_k; f__Fungi_k; g__Fungi_k; s__Fungi_k	1.0000000000000056	NA	NA	NA	NA	NA	NA	NA	FALSE	NA	NA	NA	NA	NA	NA	NA	NA	Fungi_k	Fungi_k	k__Fungi; p__Fungi_k; c__Fungi_k; o__Fungi_k; f__Fungi_k; g__Fungi_k; s__Fungi_k	qiime_retained_no_blast_species	No BLAST species-level top hit was available.
fig4_q30_PE_cutadapt_unite_blast_top1_rescue	Cutadapt	PE	Cutadapt	242a0769509ab0072292f369fe9712cb	1	65	0.045916925685221814	0.045916925685221814	Genus	k__Fungi; p__Ascomycota; c__Sordariomycetes; o__Diaporthales; f__Gnomoniaceae; g__Plagiostoma; s__Plagiostoma_g	0.7088950657784351	NA	NA	NA	NA	NA	NA	NA	FALSE	NA	NA	NA	NA	NA	NA	NA	NA	Plagiostoma	Plagiostoma_g	k__Fungi; p__Ascomycota; c__Sordariomycetes; o__Diaporthales; f__Gnomoniaceae; g__Plagiostoma; s__Plagiostoma_g	qiime_retained_no_blast_species	No BLAST species-level top hit was available.
fig4_q30_PE_cutadapt_unite_blast_top1_rescue	Cutadapt	PE	Cutadapt	4539f96340bbdd30f7074996b09675d4	1	64	0.06209372271271951	0.06209372271271951	Above genus	k__Fungi; p__Ascomycota; c__Lecanoromycetes; o__Lecanoromycetes_c; f__Lecanoromycetes_c; g__Lecanoromycetes_c; s__Lecanoromycetes_c	0.7040136819538749	NA	NA	NA	NA	NA	NA	NA	FALSE	NA	NA	NA	NA	NA	NA	NA	NA	Lecanoromycetes_c	Lecanoromycetes_c	k__Fungi; p__Ascomycota; c__Lecanoromycetes; o__Lecanoromycetes_c; f__Lecanoromycetes_c; g__Lecanoromycetes_c; s__Lecanoromycetes_c	qiime_retained_no_blast_species	No BLAST species-level top hit was available.
fig4_q30_SE_cutadapt_unite_blast_top1_rescue	Cutadapt	SE	Cutadapt	a920043b0a1f468a1d704fb1d44f1538	1	64	0.06063419579160785	0.06063419579160785	Above genus	k__Fungi; p__Fungi_k; c__Fungi_k; o__Fungi_k; f__Fungi_k; g__Fungi_k; s__Fungi_k	0.9999999999999992	NA	NA	NA	NA	NA	NA	NA	FALSE	NA	NA	NA	NA	NA	NA	NA	NA	Fungi_k	Fungi_k	k__Fungi; p__Fungi_k; c__Fungi_k; o__Fungi_k; f__Fungi_k; g__Fungi_k; s__Fungi_k	qiime_retained_no_blast_species	No BLAST species-level top hit was available.
fig4_q30_PE_cutadapt_unite_blast_top1_rescue	Cutadapt	PE	Cutadapt	a0fd778266947c5a5022b199532692d2	1	63	0.0445040972025996	0.0445040972025996	Above genus	k__Fungi; p__Ascomycota; c__Ascomycota_p; o__Ascomycota_p; f__Ascomycota_p; g__Ascomycota_p; s__Ascomycota_p	0.9944821298005	NR_121332	470172	99.237	100	464	262	FALSE	TRUE	candidate_available	Eukaryota	Ascomycota	Dothideomycetes	Cladosporiales	Cladosporiaceae	Cladosporium	Cladosporium_ossifragi	Cladosporium	Cladosporium_ossifragi	k__Fungi; p__Ascomycota; c__Dothideomycetes; o__Cladosporiales; f__Cladosporiaceae; g__Cladosporium; s__Cladosporium_ossifragi	blast_top1_species_rescued_missing_qiime_species	QIIME/UNITE species was missing or placeholder-like and BLAST top1 species passed high-confidence cutoffs.
fig4_q30_PE_cutadapt_unite_blast_top1_rescue	Cutadapt	PE	Cutadapt	bb9df888d0edd2d01f6b8ac2ba9dde38	1	63	0.0445040972025996	0.0445040972025996	Above genus	k__Fungi; p__Fungi_k; c__Fungi_k; o__Fungi_k; f__Fungi_k; g__Fungi_k; s__Fungi_k	0.9999999999999892	NA	NA	NA	NA	NA	NA	NA	FALSE	NA	NA	NA	NA	NA	NA	NA	NA	Fungi_k	Fungi_k	k__Fungi; p__Fungi_k; c__Fungi_k; o__Fungi_k; f__Fungi_k; g__Fungi_k; s__Fungi_k	qiime_retained_no_blast_species	No BLAST species-level top hit was available.
fig4_q30_SE_cutadapt_unite_blast_top1_rescue	Cutadapt	SE	Cutadapt	7022c374ae44a6ea810bc3bc7018547c	1	63	0.04434745882021681	0.04434745882021681	Above genus	k__Fungi; p__Fungi_k; c__Fungi_k; o__Fungi_k; f__Fungi_k; g__Fungi_k; s__Fungi_k	1.000000000000014	NA	NA	NA	NA	NA	NA	NA	FALSE	NA	NA	NA	NA	NA	NA	NA	NA	Fungi_k	Fungi_k	k__Fungi; p__Fungi_k; c__Fungi_k; o__Fungi_k; f__Fungi_k; g__Fungi_k; s__Fungi_k	qiime_retained_no_blast_species	No BLAST species-level top hit was available.
fig4_q30_SE_cutadapt_unite_blast_top1_rescue	Cutadapt	SE	Cutadapt	260b8bebae425ab1944a3e6b09292088	1	59	0.04386747561265762	0.04386747561265762	Above genus	k__Fungi; p__Fungi_k; c__Fungi_k; o__Fungi_k; f__Fungi_k; g__Fungi_k; s__Fungi_k	1.0000000000000109	NA	NA	NA	NA	NA	NA	NA	FALSE	NA	NA	NA	NA	NA	NA	NA	NA	Fungi_k	Fungi_k	k__Fungi; p__Fungi_k; c__Fungi_k; o__Fungi_k; f__Fungi_k; g__Fungi_k; s__Fungi_k	qiime_retained_no_blast_species	No BLAST species-level top hit was available.
fig4_q30_PE_cutadapt_unite_blast_top1_rescue	Cutadapt	PE	Cutadapt	6a85b597c165c35ce6800d5abf5bbf07	1	58	0.056272436208402055	0.056272436208402055	Above genus	k__Fungi; p__Ascomycota; c__Ascomycota_p; o__Ascomycota_p; f__Ascomycota_p; g__Ascomycota_p; s__Ascomycota_p	0.8735236809337491	NA	NA	NA	NA	NA	NA	NA	FALSE	NA	NA	NA	NA	NA	NA	NA	NA	Ascomycota_p	Ascomycota_p	k__Fungi; p__Ascomycota; c__Ascomycota_p; o__Ascomycota_p; f__Ascomycota_p; g__Ascomycota_p; s__Ascomycota_p	qiime_retained_no_blast_species	No BLAST species-level top hit was available.
fig4_q30_PE_cutadapt_unite_blast_top1_rescue	Cutadapt	PE	Cutadapt	b08781976f9e9fcd6907ea42bfc40ce7	1	58	0.04370596435703252	0.04370596435703252	Above genus	k__Fungi; p__Ascomycota; c__Ascomycota_p; o__Ascomycota_p; f__Ascomycota_p; g__Ascomycota_p; s__Ascomycota_p	0.8464424868109961	NA	NA	NA	NA	NA	NA	NA	FALSE	NA	NA	NA	NA	NA	NA	NA	NA	Ascomycota_p	Ascomycota_p	k__Fungi; p__Ascomycota; c__Ascomycota_p; o__Ascomycota_p; f__Ascomycota_p; g__Ascomycota_p; s__Ascomycota_p	qiime_retained_no_blast_species	No BLAST species-level top hit was available.
fig4_q30_SE_cutadapt_unite_blast_top1_rescue	Cutadapt	SE	Cutadapt	1d1e47a562efc72e0e1a703adb1156bc	1	58	0.05494973993614462	0.05494973993614462	Above genus	k__Fungi; p__Ascomycota; c__Ascomycota_p; o__Ascomycota_p; f__Ascomycota_p; g__Ascomycota_p; s__Ascomycota_p	0.7896722417980274	NA	NA	NA	NA	NA	NA	NA	FALSE	NA	NA	NA	NA	NA	NA	NA	NA	Ascomycota_p	Ascomycota_p	k__Fungi; p__Ascomycota; c__Ascomycota_p; o__Ascomycota_p; f__Ascomycota_p; g__Ascomycota_p; s__Ascomycota_p	qiime_retained_no_blast_species	No BLAST species-level top hit was available.
fig4_q30_SE_cutadapt_unite_blast_top1_rescue	Cutadapt	SE	Cutadapt	7afb59c70eff2cec5a071dd7c3ca79e0	1	58	0.04312395907684986	0.04312395907684986	Above genus	k__Fungi; p__Ascomycota; c__Ascomycota_p; o__Ascomycota_p; f__Ascomycota_p; g__Ascomycota_p; s__Ascomycota_p	0.7851047900310995	NA	NA	NA	NA	NA	NA	NA	FALSE	NA	NA	NA	NA	NA	NA	NA	NA	Ascomycota_p	Ascomycota_p	k__Fungi; p__Ascomycota; c__Ascomycota_p; o__Ascomycota_p; f__Ascomycota_p; g__Ascomycota_p; s__Ascomycota_p	qiime_retained_no_blast_species	No BLAST species-level top hit was available.
fig4_q30_PE_cutadapt_unite_blast_top1_rescue	Cutadapt	PE	Cutadapt	abd60db5ca7dd95c7782bf8e826ce4bd	1	56	0.0421988621378245	0.0421988621378245	Above genus	k__Fungi; p__Fungi_k; c__Fungi_k; o__Fungi_k; f__Fungi_k; g__Fungi_k; s__Fungi_k	1.0000000000000075	NA	NA	NA	NA	NA	NA	NA	FALSE	NA	NA	NA	NA	NA	NA	NA	NA	Fungi_k	Fungi_k	k__Fungi; p__Fungi_k; c__Fungi_k; o__Fungi_k; f__Fungi_k; g__Fungi_k; s__Fungi_k	qiime_retained_no_blast_species	No BLAST species-level top hit was available.
fig4_q30_SE_cutadapt_unite_blast_top1_rescue	Cutadapt	SE	Cutadapt	11472a6b13e3d38e37aa6d6f3b131991	1	56	0.04163692600523436	0.04163692600523436	Above genus	k__Fungi; p__Fungi_k; c__Fungi_k; o__Fungi_k; f__Fungi_k; g__Fungi_k; s__Fungi_k	0.9999999999999992	NA	NA	NA	NA	NA	NA	NA	FALSE	NA	NA	NA	NA	NA	NA	NA	NA	Fungi_k	Fungi_k	k__Fungi; p__Fungi_k; c__Fungi_k; o__Fungi_k; f__Fungi_k; g__Fungi_k; s__Fungi_k	qiime_retained_no_blast_species	No BLAST species-level top hit was available.
fig4_q30_PE_cutadapt_unite_blast_top1_rescue	Cutadapt	PE	Cutadapt	d7829289d2c65ee05c8bc548262f7462	1	50	0.03532071206555524	0.03532071206555524	Above genus	k__Fungi; p__Fungi_k; c__Fungi_k; o__Fungi_k; f__Fungi_k; g__Fungi_k; s__Fungi_k	0.9999999999999994	NA	NA	NA	NA	NA	NA	NA	FALSE	NA	NA	NA	NA	NA	NA	NA	NA	Fungi_k	Fungi_k	k__Fungi; p__Fungi_k; c__Fungi_k; o__Fungi_k; f__Fungi_k; g__Fungi_k; s__Fungi_k	qiime_retained_no_blast_species	No BLAST species-level top hit was available.
fig4_q30_PE_cutadapt_unite_blast_top1_rescue	Cutadapt	PE	Cutadapt	6b8aaf1114108305afca11f0d57feed2	1	48	0.033907883582933035	0.033907883582933035	Above genus	k__Fungi; p__Fungi_k; c__Fungi_k; o__Fungi_k; f__Fungi_k; g__Fungi_k; s__Fungi_k	0.999999999999986	NA	NA	NA	NA	NA	NA	NA	FALSE	NA	NA	NA	NA	NA	NA	NA	NA	Fungi_k	Fungi_k	k__Fungi; p__Fungi_k; c__Fungi_k; o__Fungi_k; f__Fungi_k; g__Fungi_k; s__Fungi_k	qiime_retained_no_blast_species	No BLAST species-level top hit was available.
fig4_q30_SE_cutadapt_unite_blast_top1_rescue	Cutadapt	SE	Cutadapt	90aa0385993cdfbec9b8925a1163afb6	1	48	0.03568879371877231	0.03568879371877231	Above genus	k__Fungi; p__Fungi_k; c__Fungi_k; o__Fungi_k; f__Fungi_k; g__Fungi_k; s__Fungi_k	1.0000000000000009	NA	NA	NA	NA	NA	NA	NA	FALSE	NA	NA	NA	NA	NA	NA	NA	NA	Fungi_k	Fungi_k	k__Fungi; p__Fungi_k; c__Fungi_k; o__Fungi_k; f__Fungi_k; g__Fungi_k; s__Fungi_k	qiime_retained_no_blast_species	No BLAST species-level top hit was available.
fig4_q30_SE_cutadapt_unite_blast_top1_rescue	Cutadapt	SE	Cutadapt	955eb7ae0fe2a3213438ef5bec2de66e	1	48	0.033788540053498524	0.033788540053498524	Above genus	k__Fungi; p__Fungi_k; c__Fungi_k; o__Fungi_k; f__Fungi_k; g__Fungi_k; s__Fungi_k	0.9999999999999958	NA	NA	NA	NA	NA	NA	NA	FALSE	NA	NA	NA	NA	NA	NA	NA	NA	Fungi_k	Fungi_k	k__Fungi; p__Fungi_k; c__Fungi_k; o__Fungi_k; f__Fungi_k; g__Fungi_k; s__Fungi_k	qiime_retained_no_blast_species	No BLAST species-level top hit was available.
fig4_q30_PE_cutadapt_unite_blast_top1_rescue	Cutadapt	PE	Cutadapt	d113cb0c70777652f1c5e5babc1945f8	1	47	0.03541690215138842	0.03541690215138842	Above genus	k__Fungi; p__Ascomycota; c__Dothideomycetes; o__Pleosporales; f__Pleosporales_o; g__Pleosporales_o; s__Pleosporales_o	0.7340797957231863	NA	NA	NA	NA	NA	NA	NA	FALSE	NA	NA	NA	NA	NA	NA	NA	NA	Pleosporales_o	Pleosporales_o	k__Fungi; p__Ascomycota; c__Dothideomycetes; o__Pleosporales; f__Pleosporales_o; g__Pleosporales_o; s__Pleosporales_o	qiime_retained_no_blast_species	No BLAST species-level top hit was available.
fig4_q30_PE_cutadapt_unite_blast_top1_rescue	Cutadapt	PE	Cutadapt	cab80b01344b2892d9a7eb759f13c776	1	46	0.032495055100310824	0.032495055100310824	Above genus	k__Fungi; p__Ascomycota; c__Ascomycota_p; o__Ascomycota_p; f__Ascomycota_p; g__Ascomycota_p; s__Ascomycota_p	0.8432683220774492	NA	NA	NA	NA	NA	NA	NA	FALSE	NA	NA	NA	NA	NA	NA	NA	NA	Ascomycota_p	Ascomycota_p	k__Fungi; p__Ascomycota; c__Ascomycota_p; o__Ascomycota_p; f__Ascomycota_p; g__Ascomycota_p; s__Ascomycota_p	qiime_retained_no_blast_species	No BLAST species-level top hit was available.
fig4_q30_SE_cutadapt_unite_blast_top1_rescue	Cutadapt	SE	Cutadapt	c0b1830e2feafc77fb275d5a16f99809	1	46	0.04358082822521814	0.04358082822521814	Above genus	k__Fungi; p__Ascomycota; c__Ascomycota_p; o__Ascomycota_p; f__Ascomycota_p; g__Ascomycota_p; s__Ascomycota_p	0.7475405814811088	NA	NA	NA	NA	NA	NA	NA	FALSE	NA	NA	NA	NA	NA	NA	NA	NA	Ascomycota_p	Ascomycota_p	k__Fungi; p__Ascomycota; c__Ascomycota_p; o__Ascomycota_p; f__Ascomycota_p; g__Ascomycota_p; s__Ascomycota_p	qiime_retained_no_blast_species	No BLAST species-level top hit was available.
fig4_q30_SE_cutadapt_unite_blast_top1_rescue	Cutadapt	SE	Cutadapt	c97fecfe6785166d168fafdd986ee02f	1	46	0.032380684217936086	0.032380684217936086	Above genus	k__Fungi; p__Fungi_k; c__Fungi_k; o__Fungi_k; f__Fungi_k; g__Fungi_k; s__Fungi_k	1.0000000000000036	NA	NA	NA	NA	NA	NA	NA	FALSE	NA	NA	NA	NA	NA	NA	NA	NA	Fungi_k	Fungi_k	k__Fungi; p__Fungi_k; c__Fungi_k; o__Fungi_k; f__Fungi_k; g__Fungi_k; s__Fungi_k	qiime_retained_no_blast_species	No BLAST species-level top hit was available.
fig4_q30_PE_cutadapt_unite_blast_top1_rescue	Cutadapt	PE	Cutadapt	30b16329ff6c395c2a4cfc8e6fcb799a	1	45	0.043659648782380905	0.043659648782380905	Above genus	k__Fungi; p__Ascomycota; c__Ascomycota_p; o__Ascomycota_p; f__Ascomycota_p; g__Ascomycota_p; s__Ascomycota_p	0.8796539444740533	NA	NA	NA	NA	NA	NA	NA	FALSE	NA	NA	NA	NA	NA	NA	NA	NA	Ascomycota_p	Ascomycota_p	k__Fungi; p__Ascomycota; c__Ascomycota_p; o__Ascomycota_p; f__Ascomycota_p; g__Ascomycota_p; s__Ascomycota_p	qiime_retained_no_blast_species	No BLAST species-level top hit was available.
fig4_q30_PE_cutadapt_unite_blast_top1_rescue	Cutadapt	PE	Cutadapt	7bcc41bca6086b958c287e878aba801a	1	45	0.043659648782380905	0.043659648782380905	Above genus	k__Fungi; p__Ascomycota; c__Ascomycota_p; o__Ascomycota_p; f__Ascomycota_p; g__Ascomycota_p; s__Ascomycota_p	0.8596659178041421	NA	NA	NA	NA	NA	NA	NA	FALSE	NA	NA	NA	NA	NA	NA	NA	NA	Ascomycota_p	Ascomycota_p	k__Fungi; p__Ascomycota; c__Ascomycota_p; o__Ascomycota_p; f__Ascomycota_p; g__Ascomycota_p; s__Ascomycota_p	qiime_retained_no_blast_species	No BLAST species-level top hit was available.
fig4_q30_PE_cutadapt_unite_blast_top1_rescue	Cutadapt	PE	Cutadapt	91a2226a1404a1ddb6b84c2cb3e22ef9	2	45	0.016766352492918583	0.02788139105534833	Above genus	k__Fungi; p__Ascomycota; c__Ascomycota_p; o__Ascomycota_p; f__Ascomycota_p; g__Ascomycota_p; s__Ascomycota_p	0.7792717267377326	NA	NA	NA	NA	NA	NA	NA	FALSE	NA	NA	NA	NA	NA	NA	NA	NA	Ascomycota_p	Ascomycota_p	k__Fungi; p__Ascomycota; c__Ascomycota_p; o__Ascomycota_p; f__Ascomycota_p; g__Ascomycota_p; s__Ascomycota_p	qiime_retained_no_blast_species	No BLAST species-level top hit was available.
fig4_q30_SE_cutadapt_unite_blast_top1_rescue	Cutadapt	SE	Cutadapt	5302560500e967552b1490312b4bb3b3	2	45	0.01657076758356837	0.02751011182488699	Above genus	k__Fungi; p__Fungi_k; c__Fungi_k; o__Fungi_k; f__Fungi_k; g__Fungi_k; s__Fungi_k	0.9999999999999976	NA	NA	NA	NA	NA	NA	NA	FALSE	NA	NA	NA	NA	NA	NA	NA	NA	Fungi_k	Fungi_k	k__Fungi; p__Fungi_k; c__Fungi_k; o__Fungi_k; f__Fungi_k; g__Fungi_k; s__Fungi_k	qiime_retained_no_blast_species	No BLAST species-level top hit was available.
fig4_q30_SE_cutadapt_unite_blast_top1_rescue	Cutadapt	SE	Cutadapt	f235e5de715614a0b7c2b48197a6a8ba	1	45	0.04263341891597427	0.04263341891597427	Above genus	k__Fungi; p__Ascomycota; c__Ascomycota_p; o__Ascomycota_p; f__Ascomycota_p; g__Ascomycota_p; s__Ascomycota_p	0.7569332706240682	NA	NA	NA	NA	NA	NA	NA	FALSE	NA	NA	NA	NA	NA	NA	NA	NA	Ascomycota_p	Ascomycota_p	k__Fungi; p__Ascomycota; c__Ascomycota_p; o__Ascomycota_p; f__Ascomycota_p; g__Ascomycota_p; s__Ascomycota_p	qiime_retained_no_blast_species	No BLAST species-level top hit was available.
fig4_q30_PE_cutadapt_unite_blast_top1_rescue	Cutadapt	PE	Cutadapt	ff34f3db7fbb3ad8306614c173ba2319	1	44	0.03315624882257639	0.03315624882257639	Above genus	k__Fungi; p__Fungi_k; c__Fungi_k; o__Fungi_k; f__Fungi_k; g__Fungi_k; s__Fungi_k	0.999999999999997	NA	NA	NA	NA	NA	NA	NA	FALSE	NA	NA	NA	NA	NA	NA	NA	NA	Fungi_k	Fungi_k	k__Fungi; p__Fungi_k; c__Fungi_k; o__Fungi_k; f__Fungi_k; g__Fungi_k; s__Fungi_k	qiime_retained_no_blast_species	No BLAST species-level top hit was available.
fig4_q30_SE_cutadapt_unite_blast_top1_rescue	Cutadapt	SE	Cutadapt	8578ebd1501eab5abc643bb43fb0b7e2	1	44	0.03271472757554128	0.03271472757554128	Above genus	k__Fungi; p__Fungi_k; c__Fungi_k; o__Fungi_k; f__Fungi_k; g__Fungi_k; s__Fungi_k	0.9999999999999865	NA	NA	NA	NA	NA	NA	NA	FALSE	NA	NA	NA	NA	NA	NA	NA	NA	Fungi_k	Fungi_k	k__Fungi; p__Fungi_k; c__Fungi_k; o__Fungi_k; f__Fungi_k; g__Fungi_k; s__Fungi_k	qiime_retained_no_blast_species	No BLAST species-level top hit was available.
fig4_q30_PE_cutadapt_unite_blast_top1_rescue	Cutadapt	PE	Cutadapt	1797597fabec15ebe972f68a03ce19cd	2	42	0.014905404369972557	0.027550155411133086	Above genus	k__Fungi; p__Ascomycota; c__Ascomycota_p; o__Ascomycota_p; f__Ascomycota_p; g__Ascomycota_p; s__Ascomycota_p	0.7427949832514229	NA	NA	NA	NA	NA	NA	NA	FALSE	NA	NA	NA	NA	NA	NA	NA	NA	Ascomycota_p	Ascomycota_p	k__Fungi; p__Ascomycota; c__Ascomycota_p; o__Ascomycota_p; f__Ascomycota_p; g__Ascomycota_p; s__Ascomycota_p	qiime_retained_no_blast_species	No BLAST species-level top hit was available.
fig4_q30_PE_cutadapt_unite_blast_top1_rescue	Cutadapt	PE	Cutadapt	533388903b34a5fd264b5621ff9da2dd	1	42	0.03164914660336837	0.03164914660336837	Above genus	k__Fungi; p__Ascomycota; c__Ascomycota_p; o__Ascomycota_p; f__Ascomycota_p; g__Ascomycota_p; s__Ascomycota_p	0.7868615607024201	NA	NA	NA	NA	NA	NA	NA	FALSE	NA	NA	NA	NA	NA	NA	NA	NA	Ascomycota_p	Ascomycota_p	k__Fungi; p__Ascomycota; c__Ascomycota_p; o__Ascomycota_p; f__Ascomycota_p; g__Ascomycota_p; s__Ascomycota_p	qiime_retained_no_blast_species	No BLAST species-level top hit was available.
fig4_q30_SE_cutadapt_unite_blast_top1_rescue	Cutadapt	SE	Cutadapt	5aa08add5073423bc935416fc4122a79	1	42	0.03122769450392577	0.03122769450392577	Above genus	k__Fungi; p__Fungi_k; c__Fungi_k; o__Fungi_k; f__Fungi_k; g__Fungi_k; s__Fungi_k	0.9999999999999978	NA	NA	NA	NA	NA	NA	NA	FALSE	NA	NA	NA	NA	NA	NA	NA	NA	Fungi_k	Fungi_k	k__Fungi; p__Fungi_k; c__Fungi_k; o__Fungi_k; f__Fungi_k; g__Fungi_k; s__Fungi_k	qiime_retained_no_blast_species	No BLAST species-level top hit was available.
fig4_q30_SE_cutadapt_unite_blast_top1_rescue	Cutadapt	SE	Cutadapt	75107df2ba22157d21ca3da014ea641a	2	42	0.014841869200445409	0.02745318879346755	Above genus	k__Fungi; p__Ascomycota; c__Ascomycota_p; o__Ascomycota_p; f__Ascomycota_p; g__Ascomycota_p; s__Ascomycota_p	0.7172967000654938	NA	NA	NA	NA	NA	NA	NA	FALSE	NA	NA	NA	NA	NA	NA	NA	NA	Ascomycota_p	Ascomycota_p	k__Fungi; p__Ascomycota; c__Ascomycota_p; o__Ascomycota_p; f__Ascomycota_p; g__Ascomycota_p; s__Ascomycota_p	qiime_retained_no_blast_species	No BLAST species-level top hit was available.
fig4_q30_PE_cutadapt_unite_blast_top1_rescue	Cutadapt	PE	Cutadapt	3c179d3523313fe7a2e2ea3ef9be1cab	1	41	0.030895595493764364	0.030895595493764364	Above genus	k__Fungi; p__Fungi_k; c__Fungi_k; o__Fungi_k; f__Fungi_k; g__Fungi_k; s__Fungi_k	1.000000000000011	NA	NA	NA	NA	NA	NA	NA	FALSE	NA	NA	NA	NA	NA	NA	NA	NA	Fungi_k	Fungi_k	k__Fungi; p__Fungi_k; c__Fungi_k; o__Fungi_k; f__Fungi_k; g__Fungi_k; s__Fungi_k	qiime_retained_no_blast_species	No BLAST species-level top hit was available.
fig4_q30_SE_cutadapt_unite_blast_top1_rescue	Cutadapt	SE	Cutadapt	934f533a78b5de1479b59f1a682d064c	1	41	0.03048417796811801	0.03048417796811801	Above genus	k__Fungi; p__Fungi_k; c__Fungi_k; o__Fungi_k; f__Fungi_k; g__Fungi_k; s__Fungi_k	0.9999999999999948	NA	NA	NA	NA	NA	NA	NA	FALSE	NA	NA	NA	NA	NA	NA	NA	NA	Fungi_k	Fungi_k	k__Fungi; p__Fungi_k; c__Fungi_k; o__Fungi_k; f__Fungi_k; g__Fungi_k; s__Fungi_k	qiime_retained_no_blast_species	No BLAST species-level top hit was available.
fig4_q30_PE_cutadapt_unite_blast_top1_rescue	Cutadapt	PE	Cutadapt	1cfb9be7ca486afcfae835ecb3dfd32c	1	40	0.030142044384160356	0.030142044384160356	Above genus	k__Fungi; p__Ascomycota; c__Lecanoromycetes; o__Lecanorales; f__Lecanorales_o; g__Lecanorales_o; s__Lecanorales_o	0.7719860589888276	NA	NA	NA	NA	NA	NA	NA	FALSE	NA	NA	NA	NA	NA	NA	NA	NA	Lecanorales_o	Lecanorales_o	k__Fungi; p__Ascomycota; c__Lecanoromycetes; o__Lecanorales; f__Lecanorales_o; g__Lecanorales_o; s__Lecanorales_o	qiime_retained_no_blast_species	No BLAST species-level top hit was available.
fig4_q30_SE_cutadapt_unite_blast_top1_rescue	Cutadapt	SE	Cutadapt	2ebd8a5b8c3455f415eca2f216a9d915	1	40	0.029740661432310255	0.029740661432310255	Above genus	k__Fungi; p__Ascomycota; c__Ascomycota_p; o__Ascomycota_p; f__Ascomycota_p; g__Ascomycota_p; s__Ascomycota_p	0.7451822301339132	NA	NA	NA	NA	NA	NA	NA	FALSE	NA	NA	NA	NA	NA	NA	NA	NA	Ascomycota_p	Ascomycota_p	k__Fungi; p__Ascomycota; c__Ascomycota_p; o__Ascomycota_p; f__Ascomycota_p; g__Ascomycota_p; s__Ascomycota_p	qiime_retained_no_blast_species	No BLAST species-level top hit was available.
fig4_q30_PE_cutadapt_unite_blast_top1_rescue	Cutadapt	PE	Cutadapt	01517fb3b2efbc8638ba652cff74ea45	1	39	0.03783836227806345	0.03783836227806345	Above genus	k__Fungi; p__Ascomycota; c__Ascomycota_p; o__Ascomycota_p; f__Ascomycota_p; g__Ascomycota_p; s__Ascomycota_p	0.925506894350688	NA	NA	NA	NA	NA	NA	NA	FALSE	NA	NA	NA	NA	NA	NA	NA	NA	Ascomycota_p	Ascomycota_p	k__Fungi; p__Ascomycota; c__Ascomycota_p; o__Ascomycota_p; f__Ascomycota_p; g__Ascomycota_p; s__Ascomycota_p	qiime_retained_no_blast_species	No BLAST species-level top hit was available.
fig4_q30_SE_cutadapt_unite_blast_top1_rescue	Cutadapt	SE	Cutadapt	fc7fa41febb165d9e2c1aa251fe03adb	1	39	0.03694896306051103	0.03694896306051103	Above genus	k__Fungi; p__Ascomycota; c__Ascomycota_p; o__Ascomycota_p; f__Ascomycota_p; g__Ascomycota_p; s__Ascomycota_p	0.7886877733099231	NA	NA	NA	NA	NA	NA	NA	FALSE	NA	NA	NA	NA	NA	NA	NA	NA	Ascomycota_p	Ascomycota_p	k__Fungi; p__Ascomycota; c__Ascomycota_p; o__Ascomycota_p; f__Ascomycota_p; g__Ascomycota_p; s__Ascomycota_p	qiime_retained_no_blast_species	No BLAST species-level top hit was available.
fig4_q30_PE_cutadapt_unite_blast_top1_rescue	Cutadapt	PE	Cutadapt	62b08cca041da3e87b78b282c6b70ffa	1	38	0.028634942164952337	0.028634942164952337	Above genus	k__Fungi; p__Fungi_k; c__Fungi_k; o__Fungi_k; f__Fungi_k; g__Fungi_k; s__Fungi_k	0.999999999999988	NA	NA	NA	NA	NA	NA	NA	FALSE	NA	NA	NA	NA	NA	NA	NA	NA	Fungi_k	Fungi_k	k__Fungi; p__Fungi_k; c__Fungi_k; o__Fungi_k; f__Fungi_k; g__Fungi_k; s__Fungi_k	qiime_retained_no_blast_species	No BLAST species-level top hit was available.
fig4_q30_PE_cutadapt_unite_blast_top1_rescue	Cutadapt	PE	Cutadapt	784787765efbbce1fdb6980c8b2d0d82	2	38	0.01579607216958723	0.017463859512952363	Above genus	k__Fungi; p__Fungi_k; c__Fungi_k; o__Fungi_k; f__Fungi_k; g__Fungi_k; s__Fungi_k	0.9999999999999952	NA	NA	NA	NA	NA	NA	NA	FALSE	NA	NA	NA	NA	NA	NA	NA	NA	Fungi_k	Fungi_k	k__Fungi; p__Fungi_k; c__Fungi_k; o__Fungi_k; f__Fungi_k; g__Fungi_k; s__Fungi_k	qiime_retained_no_blast_species	No BLAST species-level top hit was available.
fig4_q30_SE_cutadapt_unite_blast_top1_rescue	Cutadapt	SE	Cutadapt	26c3adb423a4d6b98b84d34fa5beca3f	2	38	0.015565962961007044	0.017053367566389706	Above genus	k__Fungi; p__Fungi_k; c__Fungi_k; o__Fungi_k; f__Fungi_k; g__Fungi_k; s__Fungi_k	0.9999999999999934	NA	NA	NA	NA	NA	NA	NA	FALSE	NA	NA	NA	NA	NA	NA	NA	NA	Fungi_k	Fungi_k	k__Fungi; p__Fungi_k; c__Fungi_k; o__Fungi_k; f__Fungi_k; g__Fungi_k; s__Fungi_k	qiime_retained_no_blast_species	No BLAST species-level top hit was available.
fig4_q30_SE_cutadapt_unite_blast_top1_rescue	Cutadapt	SE	Cutadapt	e09cee250683d1d9c0efe6766aea6426	1	38	0.02825362836069474	0.02825362836069474	Above genus	k__Fungi; p__Ascomycota; c__Ascomycota_p; o__Ascomycota_p; f__Ascomycota_p; g__Ascomycota_p; s__Ascomycota_p	0.7395996063869005	NA	NA	NA	NA	NA	NA	NA	FALSE	NA	NA	NA	NA	NA	NA	NA	NA	Ascomycota_p	Ascomycota_p	k__Fungi; p__Ascomycota; c__Ascomycota_p; o__Ascomycota_p; f__Ascomycota_p; g__Ascomycota_p; s__Ascomycota_p	qiime_retained_no_blast_species	No BLAST species-level top hit was available.
fig4_q30_PE_cutadapt_unite_blast_top1_rescue	Cutadapt	PE	Cutadapt	0579fae15ec314635f7bfd4b794ca07d	1	37	0.026137326928510878	0.026137326928510878	Above genus	k__Fungi; p__Ascomycota; c__Ascomycota_p; o__Ascomycota_p; f__Ascomycota_p; g__Ascomycota_p; s__Ascomycota_p	0.7070762208603921	NA	NA	NA	NA	NA	NA	NA	FALSE	NA	NA	NA	NA	NA	NA	NA	NA	Ascomycota_p	Ascomycota_p	k__Fungi; p__Ascomycota; c__Ascomycota_p; o__Ascomycota_p; f__Ascomycota_p; g__Ascomycota_p; s__Ascomycota_p	qiime_retained_no_blast_species	No BLAST species-level top hit was available.
fig4_q30_PE_cutadapt_unite_blast_top1_rescue	Cutadapt	PE	Cutadapt	eed5e4d3a31942e1584d9ceffa60b00f	1	37	0.035897933443290966	0.035897933443290966	Above genus	k__Fungi; p__Fungi_k; c__Fungi_k; o__Fungi_k; f__Fungi_k; g__Fungi_k; s__Fungi_k	1.0000000000000064	NA	NA	NA	NA	NA	NA	NA	FALSE	NA	NA	NA	NA	NA	NA	NA	NA	Fungi_k	Fungi_k	k__Fungi; p__Fungi_k; c__Fungi_k; o__Fungi_k; f__Fungi_k; g__Fungi_k; s__Fungi_k	qiime_retained_no_blast_species	No BLAST species-level top hit was available.
fig4_q30_SE_cutadapt_unite_blast_top1_rescue	Cutadapt	SE	Cutadapt	04054fce3ae97d78e67d2d454985add2	2	37	0.013596701440337342	0.02156197953842493	Above genus	k__Fungi; p__Fungi_k; c__Fungi_k; o__Fungi_k; f__Fungi_k; g__Fungi_k; s__Fungi_k	0.9999999999999866	NA	NA	NA	NA	NA	NA	NA	FALSE	NA	NA	NA	NA	NA	NA	NA	NA	Fungi_k	Fungi_k	k__Fungi; p__Fungi_k; c__Fungi_k; o__Fungi_k; f__Fungi_k; g__Fungi_k; s__Fungi_k	qiime_retained_no_blast_species	No BLAST species-level top hit was available.
fig4_q30_SE_cutadapt_unite_blast_top1_rescue	Cutadapt	SE	Cutadapt	5105a2d6db57cdbabd078e95db2396c5	1	37	0.03505414444202329	0.03505414444202329	Above genus	k__Fungi; p__Fungi_k; c__Fungi_k; o__Fungi_k; f__Fungi_k; g__Fungi_k; s__Fungi_k	1.000000000000005	NA	NA	NA	NA	NA	NA	NA	FALSE	NA	NA	NA	NA	NA	NA	NA	NA	Fungi_k	Fungi_k	k__Fungi; p__Fungi_k; c__Fungi_k; o__Fungi_k; f__Fungi_k; g__Fungi_k; s__Fungi_k	qiime_retained_no_blast_species	No BLAST species-level top hit was available.
fig4_q30_SE_cutadapt_unite_blast_top1_rescue	Cutadapt	SE	Cutadapt	8a52693c2a3066f0951f6e0ab114cf44	1	37	0.026045332957905114	0.026045332957905114	Above genus	k__Fungi; p__Fungi_k; c__Fungi_k; o__Fungi_k; f__Fungi_k; g__Fungi_k; s__Fungi_k	1.000000000000003	NA	NA	NA	NA	NA	NA	NA	FALSE	NA	NA	NA	NA	NA	NA	NA	NA	Fungi_k	Fungi_k	k__Fungi; p__Fungi_k; c__Fungi_k; o__Fungi_k; f__Fungi_k; g__Fungi_k; s__Fungi_k	qiime_retained_no_blast_species	No BLAST species-level top hit was available.
fig4_q30_SE_cutadapt_unite_blast_top1_rescue	Cutadapt	SE	Cutadapt	a9a8701bb82e83502dac035e738a9a66	1	37	0.03505414444202329	0.03505414444202329	Above genus	k__Fungi; p__Fungi_k; c__Fungi_k; o__Fungi_k; f__Fungi_k; g__Fungi_k; s__Fungi_k	1.000000000000005	NA	NA	NA	NA	NA	NA	NA	FALSE	NA	NA	NA	NA	NA	NA	NA	NA	Fungi_k	Fungi_k	k__Fungi; p__Fungi_k; c__Fungi_k; o__Fungi_k; f__Fungi_k; g__Fungi_k; s__Fungi_k	qiime_retained_no_blast_species	No BLAST species-level top hit was available.
fig4_q30_PE_cutadapt_unite_blast_top1_rescue	Cutadapt	PE	Cutadapt	414db13a7edea047edada196ef86d1db	1	35	0.033957504608518485	0.033957504608518485	Above genus	k__Fungi; p__Ascomycota; c__Ascomycota_p; o__Ascomycota_p; f__Ascomycota_p; g__Ascomycota_p; s__Ascomycota_p	0.7314147079186759	NA	NA	NA	NA	NA	NA	NA	FALSE	NA	NA	NA	NA	NA	NA	NA	NA	Ascomycota_p	Ascomycota_p	k__Fungi; p__Ascomycota; c__Ascomycota_p; o__Ascomycota_p; f__Ascomycota_p; g__Ascomycota_p; s__Ascomycota_p	qiime_retained_no_blast_species	No BLAST species-level top hit was available.
fig4_q30_PE_cutadapt_unite_blast_top1_rescue	Cutadapt	PE	Cutadapt	b12ed4056a059a247c6bfdadddd6fad2	1	35	0.026374288836140312	0.026374288836140312	Above genus	k__Fungi; p__Fungi_k; c__Fungi_k; o__Fungi_k; f__Fungi_k; g__Fungi_k; s__Fungi_k	0.9999999999999968	NA	NA	NA	NA	NA	NA	NA	FALSE	NA	NA	NA	NA	NA	NA	NA	NA	Fungi_k	Fungi_k	k__Fungi; p__Fungi_k; c__Fungi_k; o__Fungi_k; f__Fungi_k; g__Fungi_k; s__Fungi_k	qiime_retained_no_blast_species	No BLAST species-level top hit was available.
fig4_q30_SE_cutadapt_unite_blast_top1_rescue	Cutadapt	SE	Cutadapt	96800d25db2a29d576ee27c9b1735e9f	1	35	0.026023078753271475	0.026023078753271475	Above genus	k__Fungi; p__Fungi_k; c__Fungi_k; o__Fungi_k; f__Fungi_k; g__Fungi_k; s__Fungi_k	0.9999999999999956	NA	NA	NA	NA	NA	NA	NA	FALSE	NA	NA	NA	NA	NA	NA	NA	NA	Fungi_k	Fungi_k	k__Fungi; p__Fungi_k; c__Fungi_k; o__Fungi_k; f__Fungi_k; g__Fungi_k; s__Fungi_k	qiime_retained_no_blast_species	No BLAST species-level top hit was available.
fig4_q30_SE_cutadapt_unite_blast_top1_rescue	Cutadapt	SE	Cutadapt	f68813f6ebcb8f7323b15cb6dad97526	1	33	0.023229621286780234	0.023229621286780234	Genus	k__Fungi; p__Basidiomycota; c__Agaricomycetes; o__Trechisporales; f__Hydnodontaceae; g__Trechispora; s__Trechispora_g	0.9768008335162364	NA	NA	NA	NA	NA	NA	NA	FALSE	NA	NA	NA	NA	NA	NA	NA	NA	Trechispora	Trechispora_g	k__Fungi; p__Basidiomycota; c__Agaricomycetes; o__Trechisporales; f__Hydnodontaceae; g__Trechispora; s__Trechispora_g	qiime_retained_no_blast_species	No BLAST species-level top hit was available.
fig4_q30_PE_cutadapt_unite_blast_top1_rescue	Cutadapt	PE	Cutadapt	c1515f66ee532bfdcd8cc7d081e59b7c	1	32	0.031046861356359756	0.031046861356359756	Above genus	k__Fungi; p__Ascomycota; c__Ascomycota_p; o__Ascomycota_p; f__Ascomycota_p; g__Ascomycota_p; s__Ascomycota_p	0.9886874550765876	NA	NA	NA	NA	NA	NA	NA	FALSE	NA	NA	NA	NA	NA	NA	NA	NA	Ascomycota_p	Ascomycota_p	k__Fungi; p__Ascomycota; c__Ascomycota_p; o__Ascomycota_p; f__Ascomycota_p; g__Ascomycota_p; s__Ascomycota_p	qiime_retained_no_blast_species	No BLAST species-level top hit was available.
fig4_q30_PE_cutadapt_unite_blast_top1_rescue	Cutadapt	PE	Cutadapt	870b996b7364a3020227bc4b918ba54f	1	28	0.019779598756710936	0.019779598756710936	Above genus	k__Fungi; p__Fungi_k; c__Fungi_k; o__Fungi_k; f__Fungi_k; g__Fungi_k; s__Fungi_k	0.999999999999993	NA	NA	NA	NA	NA	NA	NA	FALSE	NA	NA	NA	NA	NA	NA	NA	NA	Fungi_k	Fungi_k	k__Fungi; p__Fungi_k; c__Fungi_k; o__Fungi_k; f__Fungi_k; g__Fungi_k; s__Fungi_k	qiime_retained_no_blast_species	No BLAST species-level top hit was available.
fig4_q30_PE_cutadapt_unite_blast_top1_rescue	Cutadapt	PE	Cutadapt	b71b6e97d898c9794bb80b4a58679c81	2	28	0.011868300698918997	0.014553216260793634	Above genus	k__Fungi; p__Fungi_k; c__Fungi_k; o__Fungi_k; f__Fungi_k; g__Fungi_k; s__Fungi_k	0.9999999999999992	NA	NA	NA	NA	NA	NA	NA	FALSE	NA	NA	NA	NA	NA	NA	NA	NA	Fungi_k	Fungi_k	k__Fungi; p__Fungi_k; c__Fungi_k; o__Fungi_k; f__Fungi_k; g__Fungi_k; s__Fungi_k	qiime_retained_no_blast_species	No BLAST species-level top hit was available.
fig4_q30_SE_cutadapt_unite_blast_top1_rescue	Cutadapt	SE	Cutadapt	194c5d7ddd16e9c0363bffc3aef8ceb8	2	28	0.011681101284906969	0.01421113963865809	Above genus	k__Fungi; p__Fungi_k; c__Fungi_k; o__Fungi_k; f__Fungi_k; g__Fungi_k; s__Fungi_k	1.0000000000000024	NA	NA	NA	NA	NA	NA	NA	FALSE	NA	NA	NA	NA	NA	NA	NA	NA	Fungi_k	Fungi_k	k__Fungi; p__Fungi_k; c__Fungi_k; o__Fungi_k; f__Fungi_k; g__Fungi_k; s__Fungi_k	qiime_retained_no_blast_species	No BLAST species-level top hit was available.
fig4_q30_SE_cutadapt_unite_blast_top1_rescue	Cutadapt	SE	Cutadapt	725402e2a81677678ca9799ecc96fe7f	1	28	0.02081846300261718	0.02081846300261718	Above genus	k__Fungi; p__Fungi_k; c__Fungi_k; o__Fungi_k; f__Fungi_k; g__Fungi_k; s__Fungi_k	1.000000000000007	NA	NA	NA	NA	NA	NA	NA	FALSE	NA	NA	NA	NA	NA	NA	NA	NA	Fungi_k	Fungi_k	k__Fungi; p__Fungi_k; c__Fungi_k; o__Fungi_k; f__Fungi_k; g__Fungi_k; s__Fungi_k	qiime_retained_no_blast_species	No BLAST species-level top hit was available.
fig4_q30_SE_cutadapt_unite_blast_top1_rescue	Cutadapt	SE	Cutadapt	870b996b7364a3020227bc4b918ba54f	1	28	0.01970998169787414	0.01970998169787414	Above genus	k__Fungi; p__Fungi_k; c__Fungi_k; o__Fungi_k; f__Fungi_k; g__Fungi_k; s__Fungi_k	0.999999999999993	NA	NA	NA	NA	NA	NA	NA	FALSE	NA	NA	NA	NA	NA	NA	NA	NA	Fungi_k	Fungi_k	k__Fungi; p__Fungi_k; c__Fungi_k; o__Fungi_k; f__Fungi_k; g__Fungi_k; s__Fungi_k	qiime_retained_no_blast_species	No BLAST species-level top hit was available.
fig4_q30_PE_cutadapt_unite_blast_top1_rescue	Cutadapt	PE	Cutadapt	db27875bac77493d68e0574f50fec6b8	1	27	0.01907318451539983	0.01907318451539983	Above genus	k__Fungi; p__Fungi_k; c__Fungi_k; o__Fungi_k; f__Fungi_k; g__Fungi_k; s__Fungi_k	1.0000000000000129	NA	NA	NA	NA	NA	NA	NA	FALSE	NA	NA	NA	NA	NA	NA	NA	NA	Fungi_k	Fungi_k	k__Fungi; p__Fungi_k; c__Fungi_k; o__Fungi_k; f__Fungi_k; g__Fungi_k; s__Fungi_k	qiime_retained_no_blast_species	No BLAST species-level top hit was available.
fig4_q30_SE_cutadapt_unite_blast_top1_rescue	Cutadapt	SE	Cutadapt	85d8f5af58655f5e9a0875198e40a4cf	1	27	0.01900605378009292	0.01900605378009292	Above genus	k__Fungi; p__Fungi_k; c__Fungi_k; o__Fungi_k; f__Fungi_k; g__Fungi_k; s__Fungi_k	0.9999999999999988	NA	NA	NA	NA	NA	NA	NA	FALSE	NA	NA	NA	NA	NA	NA	NA	NA	Fungi_k	Fungi_k	k__Fungi; p__Fungi_k; c__Fungi_k; o__Fungi_k; f__Fungi_k; g__Fungi_k; s__Fungi_k	qiime_retained_no_blast_species	No BLAST species-level top hit was available.
fig4_q30_PE_cutadapt_unite_blast_top1_rescue	Cutadapt	PE	Cutadapt	eca677b652afb80f02a64e9a83fef553	1	26	0.01959232884970423	0.01959232884970423	Above genus	k__Fungi; p__Fungi_k; c__Fungi_k; o__Fungi_k; f__Fungi_k; g__Fungi_k; s__Fungi_k	0.999999999999997	NA	NA	NA	NA	NA	NA	NA	FALSE	NA	NA	NA	NA	NA	NA	NA	NA	Fungi_k	Fungi_k	k__Fungi; p__Fungi_k; c__Fungi_k; o__Fungi_k; f__Fungi_k; g__Fungi_k; s__Fungi_k	qiime_retained_no_blast_species	No BLAST species-level top hit was available.
fig4_q30_SE_cutadapt_unite_blast_top1_rescue	Cutadapt	SE	Cutadapt	eca677b652afb80f02a64e9a83fef553	1	26	0.019331429931001665	0.019331429931001665	Above genus	k__Fungi; p__Fungi_k; c__Fungi_k; o__Fungi_k; f__Fungi_k; g__Fungi_k; s__Fungi_k	0.999999999999997	NA	NA	NA	NA	NA	NA	NA	FALSE	NA	NA	NA	NA	NA	NA	NA	NA	Fungi_k	Fungi_k	k__Fungi; p__Fungi_k; c__Fungi_k; o__Fungi_k; f__Fungi_k; g__Fungi_k; s__Fungi_k	qiime_retained_no_blast_species	No BLAST species-level top hit was available.
fig4_q30_PE_cutadapt_unite_blast_top1_rescue	Cutadapt	PE	Cutadapt	3c3ad52280ae901c819f286ea37e0bb3	3	25	0.007340856484952845	0.015523430678179878	Above genus	k__Fungi; p__Fungi_k; c__Fungi_k; o__Fungi_k; f__Fungi_k; g__Fungi_k; s__Fungi_k	0.9999999999999958	NA	NA	NA	NA	NA	NA	NA	FALSE	NA	NA	NA	NA	NA	NA	NA	NA	Fungi_k	Fungi_k	k__Fungi; p__Fungi_k; c__Fungi_k; o__Fungi_k; f__Fungi_k; g__Fungi_k; s__Fungi_k	qiime_retained_no_blast_species	No BLAST species-level top hit was available.
fig4_q30_PE_cutadapt_unite_blast_top1_rescue	Cutadapt	PE	Cutadapt	db0ef5bf5a0990e3c19bc43772baf5c8	2	25	0.009065862357853331	0.010596213619666572	Above genus	k__Fungi; p__Fungi_k; c__Fungi_k; o__Fungi_k; f__Fungi_k; g__Fungi_k; s__Fungi_k	1.0000000000000064	NA	NA	NA	NA	NA	NA	NA	FALSE	NA	NA	NA	NA	NA	NA	NA	NA	Fungi_k	Fungi_k	k__Fungi; p__Fungi_k; c__Fungi_k; o__Fungi_k; f__Fungi_k; g__Fungi_k; s__Fungi_k	qiime_retained_no_blast_species	No BLAST species-level top hit was available.
fig4_q30_SE_cutadapt_unite_blast_top1_rescue	Cutadapt	SE	Cutadapt	091b9ab07282fb2810730607e7c73a6b	3	25	0.007204222020670849	0.015158548947901963	Above genus	k__Fungi; p__Fungi_k; c__Fungi_k; o__Fungi_k; f__Fungi_k; g__Fungi_k; s__Fungi_k	1.000000000000005	NA	NA	NA	NA	NA	NA	NA	FALSE	NA	NA	NA	NA	NA	NA	NA	NA	Fungi_k	Fungi_k	k__Fungi; p__Fungi_k; c__Fungi_k; o__Fungi_k; f__Fungi_k; g__Fungi_k; s__Fungi_k	qiime_retained_no_blast_species	No BLAST species-level top hit was available.
fig4_q30_SE_cutadapt_unite_blast_top1_rescue	Cutadapt	SE	Cutadapt	25d556970166dcb7050422023be88e22	2	25	0.008997042062397926	0.010558918766718288	Above genus	k__Fungi; p__Fungi_k; c__Fungi_k; o__Fungi_k; f__Fungi_k; g__Fungi_k; s__Fungi_k	0.9999999999999872	NA	NA	NA	NA	NA	NA	NA	FALSE	NA	NA	NA	NA	NA	NA	NA	NA	Fungi_k	Fungi_k	k__Fungi; p__Fungi_k; c__Fungi_k; o__Fungi_k; f__Fungi_k; g__Fungi_k; s__Fungi_k	qiime_retained_no_blast_species	No BLAST species-level top hit was available.
fig4_q30_SE_cutadapt_unite_blast_top1_rescue	Cutadapt	SE	Cutadapt	b818ea92d26b8c0d7b99eb77906b9e01	1	25	0.023685232731096816	0.023685232731096816	Above genus	k__Fungi; p__Fungi_k; c__Fungi_k; o__Fungi_k; f__Fungi_k; g__Fungi_k; s__Fungi_k	0.9999999999999885	NA	NA	NA	NA	NA	NA	NA	FALSE	NA	NA	NA	NA	NA	NA	NA	NA	Fungi_k	Fungi_k	k__Fungi; p__Fungi_k; c__Fungi_k; o__Fungi_k; f__Fungi_k; g__Fungi_k; s__Fungi_k	qiime_retained_no_blast_species	No BLAST species-level top hit was available.
fig4_q30_PE_cutadapt_unite_blast_top1_rescue	Cutadapt	PE	Cutadapt	3d20affbd4fdca37e202d916e1b449e9	2	24	0.009475939930812574	0.015071022192080178	Above genus	k__Fungi; p__Fungi_k; c__Fungi_k; o__Fungi_k; f__Fungi_k; g__Fungi_k; s__Fungi_k	1.0000000000000069	NA	NA	NA	NA	NA	NA	NA	FALSE	NA	NA	NA	NA	NA	NA	NA	NA	Fungi_k	Fungi_k	k__Fungi; p__Fungi_k; c__Fungi_k; o__Fungi_k; f__Fungi_k; g__Fungi_k; s__Fungi_k	qiime_retained_no_blast_species	No BLAST species-level top hit was available.
fig4_q30_SE_cutadapt_unite_blast_top1_rescue	Cutadapt	SE	Cutadapt	615431307bb72c4d99dcb3c243d810db	2	24	0.00932998397656531	0.014870330716155128	Above genus	k__Fungi; p__Fungi_k; c__Fungi_k; o__Fungi_k; f__Fungi_k; g__Fungi_k; s__Fungi_k	0.9999999999999996	NA	NA	NA	NA	NA	NA	NA	FALSE	NA	NA	NA	NA	NA	NA	NA	NA	Fungi_k	Fungi_k	k__Fungi; p__Fungi_k; c__Fungi_k; o__Fungi_k; f__Fungi_k; g__Fungi_k; s__Fungi_k	qiime_retained_no_blast_species	No BLAST species-level top hit was available.
fig4_q30_PE_cutadapt_unite_blast_top1_rescue	Cutadapt	PE	Cutadapt	b6bec96f103eb0545b217f1d657e4222	1	23	0.016247527550155412	0.016247527550155412	Above genus	k__Fungi; p__Fungi_k; c__Fungi_k; o__Fungi_k; f__Fungi_k; g__Fungi_k; s__Fungi_k	1.0000000000000029	NA	NA	NA	NA	NA	NA	NA	FALSE	NA	NA	NA	NA	NA	NA	NA	NA	Fungi_k	Fungi_k	k__Fungi; p__Fungi_k; c__Fungi_k; o__Fungi_k; f__Fungi_k; g__Fungi_k; s__Fungi_k	qiime_retained_no_blast_species	No BLAST species-level top hit was available.
fig4_q30_SE_cutadapt_unite_blast_top1_rescue	Cutadapt	SE	Cutadapt	b67b81c102e2f5fa366b3d4d0869f235	1	23	0.016190342108968043	0.016190342108968043	Above genus	k__Fungi; p__Fungi_k; c__Fungi_k; o__Fungi_k; f__Fungi_k; g__Fungi_k; s__Fungi_k	0.9999999999999868	NA	NA	NA	NA	NA	NA	NA	FALSE	NA	NA	NA	NA	NA	NA	NA	NA	Fungi_k	Fungi_k	k__Fungi; p__Fungi_k; c__Fungi_k; o__Fungi_k; f__Fungi_k; g__Fungi_k; s__Fungi_k	qiime_retained_no_blast_species	No BLAST species-level top hit was available.
fig4_q30_SE_cutadapt_unite_blast_top1_rescue	Cutadapt	SE	Cutadapt	6ff9a3e427e998643e8d98a2a3d9157b	1	22	0.015486414191186822	0.015486414191186822	Above genus	k__Fungi; p__Fungi_k; c__Fungi_k; o__Fungi_k; f__Fungi_k; g__Fungi_k; s__Fungi_k	1.0000000000000138	NA	NA	NA	NA	NA	NA	NA	FALSE	NA	NA	NA	NA	NA	NA	NA	NA	Fungi_k	Fungi_k	k__Fungi; p__Fungi_k; c__Fungi_k; o__Fungi_k; f__Fungi_k; g__Fungi_k; s__Fungi_k	qiime_retained_no_blast_species	No BLAST species-level top hit was available.
fig4_q30_SE_cutadapt_unite_blast_top1_rescue	Cutadapt	SE	Cutadapt	e2708925a7f42bb9e1f62f04f1ee3e26	2	22	0.007986688487056064	0.014078558355624384	Above genus	k__Fungi; p__Ascomycota; c__Lecanoromycetes; o__Lecanorales; f__Lecanorales_o; g__Lecanorales_o; s__Lecanorales_o	0.7161723388497265	NA	NA	NA	NA	NA	NA	NA	FALSE	NA	NA	NA	NA	NA	NA	NA	NA	Lecanorales_o	Lecanorales_o	k__Fungi; p__Ascomycota; c__Lecanoromycetes; o__Lecanorales; f__Lecanorales_o; g__Lecanorales_o; s__Lecanorales_o	qiime_retained_no_blast_species	No BLAST species-level top hit was available.
fig4_q30_PE_cutadapt_unite_blast_top1_rescue	Cutadapt	PE	Cutadapt	b2e68d5fe99e43410ff0cb7ff1d1b7b1	1	21	0.014834699067533201	0.014834699067533201	Above genus	k__Fungi; p__Fungi_k; c__Fungi_k; o__Fungi_k; f__Fungi_k; g__Fungi_k; s__Fungi_k	1.0000000000000038	NA	NA	NA	NA	NA	NA	NA	FALSE	NA	NA	NA	NA	NA	NA	NA	NA	Fungi_k	Fungi_k	k__Fungi; p__Fungi_k; c__Fungi_k; o__Fungi_k; f__Fungi_k; g__Fungi_k; s__Fungi_k	qiime_retained_no_blast_species	No BLAST species-level top hit was available.
fig4_q30_SE_cutadapt_unite_blast_top1_rescue	Cutadapt	SE	Cutadapt	cfa201d304dab9c66d991e37660ea7cd	1	21	0.014782486273405603	0.014782486273405603	Above genus	k__Fungi; p__Fungi_k; c__Fungi_k; o__Fungi_k; f__Fungi_k; g__Fungi_k; s__Fungi_k	0.9999999999999954	NA	NA	NA	NA	NA	NA	NA	FALSE	NA	NA	NA	NA	NA	NA	NA	NA	Fungi_k	Fungi_k	k__Fungi; p__Fungi_k; c__Fungi_k; o__Fungi_k; f__Fungi_k; g__Fungi_k; s__Fungi_k	qiime_retained_no_blast_species	No BLAST species-level top hit was available.
fig4_q30_PE_cutadapt_unite_blast_top1_rescue	Cutadapt	PE	Cutadapt	876475b4e5efdb58c11382a1e251651e	2	20	0.007394100491161377	0.010549715534456125	Above genus	k__Fungi; p__Fungi_k; c__Fungi_k; o__Fungi_k; f__Fungi_k; g__Fungi_k; s__Fungi_k	0.9999999999999982	NA	NA	NA	NA	NA	NA	NA	FALSE	NA	NA	NA	NA	NA	NA	NA	NA	Fungi_k	Fungi_k	k__Fungi; p__Fungi_k; c__Fungi_k; o__Fungi_k; f__Fungi_k; g__Fungi_k; s__Fungi_k	qiime_retained_no_blast_species	No BLAST species-level top hit was available.
fig4_q30_SE_cutadapt_unite_blast_top1_rescue	Cutadapt	SE	Cutadapt	638e7ccf3419acc06aafd317364cba75	2	20	0.007316399503997952	0.01040923150130859	Above genus	k__Fungi; p__Fungi_k; c__Fungi_k; o__Fungi_k; f__Fungi_k; g__Fungi_k; s__Fungi_k	1.000000000000001	NA	NA	NA	NA	NA	NA	NA	FALSE	NA	NA	NA	NA	NA	NA	NA	NA	Fungi_k	Fungi_k	k__Fungi; p__Fungi_k; c__Fungi_k; o__Fungi_k; f__Fungi_k; g__Fungi_k; s__Fungi_k	qiime_retained_no_blast_species	No BLAST species-level top hit was available.
fig4_q30_PE_cutadapt_unite_blast_top1_rescue	Cutadapt	PE	Cutadapt	02a08e7b3d2d977945313b9fb5d6cccc	1	19	0.014317471082476168	0.014317471082476168	Above genus	k__Fungi; p__Fungi_k; c__Fungi_k; o__Fungi_k; f__Fungi_k; g__Fungi_k; s__Fungi_k	1.0000000000000089	NA	NA	NA	NA	NA	NA	NA	FALSE	NA	NA	NA	NA	NA	NA	NA	NA	Fungi_k	Fungi_k	k__Fungi; p__Fungi_k; c__Fungi_k; o__Fungi_k; f__Fungi_k; g__Fungi_k; s__Fungi_k	qiime_retained_no_blast_species	No BLAST species-level top hit was available.
fig4_q30_PE_cutadapt_unite_blast_top1_rescue	Cutadapt	PE	Cutadapt	14fc77bb4fb1b62493910ff14198fb48	1	19	0.014317471082476168	0.014317471082476168	Above genus	k__Fungi; p__Ascomycota; c__Ascomycota_p; o__Ascomycota_p; f__Ascomycota_p; g__Ascomycota_p; s__Ascomycota_p	0.713826979333931	NA	NA	NA	NA	NA	NA	NA	FALSE	NA	NA	NA	NA	NA	NA	NA	NA	Ascomycota_p	Ascomycota_p	k__Fungi; p__Ascomycota; c__Ascomycota_p; o__Ascomycota_p; f__Ascomycota_p; g__Ascomycota_p; s__Ascomycota_p	qiime_retained_no_blast_species	No BLAST species-level top hit was available.
fig4_q30_PE_cutadapt_unite_blast_top1_rescue	Cutadapt	PE	Cutadapt	d96eb67859f13de9303ee89dc461115d	2	19	0.007111598672945181	0.012810368863268152	Above genus	k__Fungi; p__Fungi_k; c__Fungi_k; o__Fungi_k; f__Fungi_k; g__Fungi_k; s__Fungi_k	1.000000000000001	NA	NA	NA	NA	NA	NA	NA	FALSE	NA	NA	NA	NA	NA	NA	NA	NA	Fungi_k	Fungi_k	k__Fungi; p__Fungi_k; c__Fungi_k; o__Fungi_k; f__Fungi_k; g__Fungi_k; s__Fungi_k	qiime_retained_no_blast_species	No BLAST species-level top hit was available.
fig4_q30_SE_cutadapt_unite_blast_top1_rescue	Cutadapt	SE	Cutadapt	32be290b5fe51f5e4611e2e1a37fa1db	1	19	0.01412681418034737	0.01412681418034737	Above genus	k__Fungi; p__Fungi_k; c__Fungi_k; o__Fungi_k; f__Fungi_k; g__Fungi_k; s__Fungi_k	0.9999999999999932	NA	NA	NA	NA	NA	NA	NA	FALSE	NA	NA	NA	NA	NA	NA	NA	NA	Fungi_k	Fungi_k	k__Fungi; p__Fungi_k; c__Fungi_k; o__Fungi_k; f__Fungi_k; g__Fungi_k; s__Fungi_k	qiime_retained_no_blast_species	No BLAST species-level top hit was available.
fig4_q30_SE_cutadapt_unite_blast_top1_rescue	Cutadapt	SE	Cutadapt	8f5b156b2473d6552ed30cec420b2b02	2	19	0.007023818472147148	0.012639781108731858	Above genus	k__Fungi; p__Fungi_k; c__Fungi_k; o__Fungi_k; f__Fungi_k; g__Fungi_k; s__Fungi_k	0.9999999999999956	NA	NA	NA	NA	NA	NA	NA	FALSE	NA	NA	NA	NA	NA	NA	NA	NA	Fungi_k	Fungi_k	k__Fungi; p__Fungi_k; c__Fungi_k; o__Fungi_k; f__Fungi_k; g__Fungi_k; s__Fungi_k	qiime_retained_no_blast_species	No BLAST species-level top hit was available.
fig4_q30_SE_cutadapt_unite_blast_top1_rescue	Cutadapt	SE	Cutadapt	9b515710aedd7956e1b33b0f43a5da4d	1	19	0.01412681418034737	0.01412681418034737	Above genus	k__Fungi; p__Ascomycota; c__Ascomycota_p; o__Ascomycota_p; f__Ascomycota_p; g__Ascomycota_p; s__Ascomycota_p	0.7129144828982695	NA	NA	NA	NA	NA	NA	NA	FALSE	NA	NA	NA	NA	NA	NA	NA	NA	Ascomycota_p	Ascomycota_p	k__Fungi; p__Ascomycota; c__Ascomycota_p; o__Ascomycota_p; f__Ascomycota_p; g__Ascomycota_p; s__Ascomycota_p	qiime_retained_no_blast_species	No BLAST species-level top hit was available.
fig4_q30_SE_cutadapt_unite_blast_top1_rescue	Cutadapt	SE	Cutadapt	ff7f232a0ba2b8cdee78935456caded9	1	19	0.01412681418034737	0.01412681418034737	Above genus	k__Fungi; p__Fungi_k; c__Fungi_k; o__Fungi_k; f__Fungi_k; g__Fungi_k; s__Fungi_k	1.0000000000000095	NA	NA	NA	NA	NA	NA	NA	FALSE	NA	NA	NA	NA	NA	NA	NA	NA	Fungi_k	Fungi_k	k__Fungi; p__Fungi_k; c__Fungi_k; o__Fungi_k; f__Fungi_k; g__Fungi_k; s__Fungi_k	qiime_retained_no_blast_species	No BLAST species-level top hit was available.
fig4_q30_PE_cutadapt_unite_blast_top1_rescue	Cutadapt	PE	Cutadapt	adf520abcc93fe7b164b08de9cfcbaf6	1	18	0.012715456343599888	0.012715456343599888	Above genus	k__Fungi; p__Fungi_k; c__Fungi_k; o__Fungi_k; f__Fungi_k; g__Fungi_k; s__Fungi_k	0.999999999999996	NR_189918	3062332	99.627	100	480	268	FALSE	TRUE	candidate_available	Eukaryota	Ascomycota	Dothideomycetes	Dothideales	Saccotheciaceae	Aureobasidium	Aureobasidium_intercalariosporum	Aureobasidium	Aureobasidium_intercalariosporum	k__Fungi; p__Ascomycota; c__Dothideomycetes; o__Dothideales; f__Saccotheciaceae; g__Aureobasidium; s__Aureobasidium_intercalariosporum	blast_top1_species_rescued_missing_qiime_species	QIIME/UNITE species was missing or placeholder-like and BLAST top1 species passed high-confidence cutoffs.
fig4_q30_SE_cutadapt_unite_blast_top1_rescue	Cutadapt	SE	Cutadapt	119831b712be8db7b70c0d6d950624da	1	18	0.013383297644539615	0.013383297644539615	Above genus	k__Fungi; p__Fungi_k; c__Fungi_k; o__Fungi_k; f__Fungi_k; g__Fungi_k; s__Fungi_k	1.0000000000000089	NA	NA	NA	NA	NA	NA	NA	FALSE	NA	NA	NA	NA	NA	NA	NA	NA	Fungi_k	Fungi_k	k__Fungi; p__Fungi_k; c__Fungi_k; o__Fungi_k; f__Fungi_k; g__Fungi_k; s__Fungi_k	qiime_retained_no_blast_species	No BLAST species-level top hit was available.
fig4_q30_PE_cutadapt_unite_blast_top1_rescue	Cutadapt	PE	Cutadapt	13e538015116992176a9c32705810203	1	17	0.012810368863268152	0.012810368863268152	Above genus	k__Fungi; p__Fungi_k; c__Fungi_k; o__Fungi_k; f__Fungi_k; g__Fungi_k; s__Fungi_k	1.0000000000000122	NA	NA	NA	NA	NA	NA	NA	FALSE	NA	NA	NA	NA	NA	NA	NA	NA	Fungi_k	Fungi_k	k__Fungi; p__Fungi_k; c__Fungi_k; o__Fungi_k; f__Fungi_k; g__Fungi_k; s__Fungi_k	qiime_retained_no_blast_species	No BLAST species-level top hit was available.
fig4_q30_PE_cutadapt_unite_blast_top1_rescue	Cutadapt	PE	Cutadapt	48076d777be0f231b8ab42722e0d5ea9	1	17	0.012009042102288781	0.012009042102288781	Above genus	k__Fungi; p__Ascomycota; c__Ascomycota_p; o__Ascomycota_p; f__Ascomycota_p; g__Ascomycota_p; s__Ascomycota_p	0.839106668458266	NA	NA	NA	NA	NA	NA	NA	FALSE	NA	NA	NA	NA	NA	NA	NA	NA	Ascomycota_p	Ascomycota_p	k__Fungi; p__Ascomycota; c__Ascomycota_p; o__Ascomycota_p; f__Ascomycota_p; g__Ascomycota_p; s__Ascomycota_p	qiime_retained_no_blast_species	No BLAST species-level top hit was available.
fig4_q30_PE_cutadapt_unite_blast_top1_rescue	Cutadapt	PE	Cutadapt	62eb88ee0b056d637cf1dec297286385	1	17	0.012810368863268152	0.012810368863268152	Above genus	k__Fungi; p__Fungi_k; c__Fungi_k; o__Fungi_k; f__Fungi_k; g__Fungi_k; s__Fungi_k	0.9999999999999898	NA	NA	NA	NA	NA	NA	NA	FALSE	NA	NA	NA	NA	NA	NA	NA	NA	Fungi_k	Fungi_k	k__Fungi; p__Fungi_k; c__Fungi_k; o__Fungi_k; f__Fungi_k; g__Fungi_k; s__Fungi_k	qiime_retained_no_blast_species	No BLAST species-level top hit was available.
fig4_q30_PE_cutadapt_unite_blast_top1_rescue	Cutadapt	PE	Cutadapt	cf1bc020266efa2d5c932a805d5510ec	1	17	0.012009042102288781	0.012009042102288781	Above genus	k__Fungi; p__Fungi_k; c__Fungi_k; o__Fungi_k; f__Fungi_k; g__Fungi_k; s__Fungi_k	0.9999999999999918	NA	NA	NA	NA	NA	NA	NA	FALSE	NA	NA	NA	NA	NA	NA	NA	NA	Fungi_k	Fungi_k	k__Fungi; p__Fungi_k; c__Fungi_k; o__Fungi_k; f__Fungi_k; g__Fungi_k; s__Fungi_k	qiime_retained_no_blast_species	No BLAST species-level top hit was available.
fig4_q30_PE_cutadapt_unite_blast_top1_rescue	Cutadapt	PE	Cutadapt	ea269f7c04a8c3401ecdb9586b4323b8	1	17	0.012009042102288781	0.012009042102288781	Above genus	k__Fungi; p__Ascomycota; c__Leotiomycetes; o__Helotiales; f__Helotiales_o; g__Helotiales_o; s__Helotiales_o	0.8597322493347399	NA	NA	NA	NA	NA	NA	NA	FALSE	NA	NA	NA	NA	NA	NA	NA	NA	Helotiales_o	Helotiales_o	k__Fungi; p__Ascomycota; c__Leotiomycetes; o__Helotiales; f__Helotiales_o; g__Helotiales_o; s__Helotiales_o	qiime_retained_no_blast_species	No BLAST species-level top hit was available.
fig4_q30_SE_cutadapt_unite_blast_top1_rescue	Cutadapt	SE	Cutadapt	5cae4f6bc86eca0f1eedf3d66b889b17	1	17	0.011966774602280726	0.011966774602280726	Above genus	k__Fungi; p__Fungi_k; c__Fungi_k; o__Fungi_k; f__Fungi_k; g__Fungi_k; s__Fungi_k	1.000000000000005	NA	NA	NA	NA	NA	NA	NA	FALSE	NA	NA	NA	NA	NA	NA	NA	NA	Fungi_k	Fungi_k	k__Fungi; p__Fungi_k; c__Fungi_k; o__Fungi_k; f__Fungi_k; g__Fungi_k; s__Fungi_k	qiime_retained_no_blast_species	No BLAST species-level top hit was available.
fig4_q30_SE_cutadapt_unite_blast_top1_rescue	Cutadapt	SE	Cutadapt	6a9c03927332a86761ef8140c19e76a2	1	17	0.012639781108731858	0.012639781108731858	Above genus	k__Fungi; p__Fungi_k; c__Fungi_k; o__Fungi_k; f__Fungi_k; g__Fungi_k; s__Fungi_k	1.0000000000000004	NA	NA	NA	NA	NA	NA	NA	FALSE	NA	NA	NA	NA	NA	NA	NA	NA	Fungi_k	Fungi_k	k__Fungi; p__Fungi_k; c__Fungi_k; o__Fungi_k; f__Fungi_k; g__Fungi_k; s__Fungi_k	qiime_retained_no_blast_species	No BLAST species-level top hit was available.
fig4_q30_SE_cutadapt_unite_blast_top1_rescue	Cutadapt	SE	Cutadapt	ba931772211836a80a6f9001b2507e01	1	17	0.011966774602280726	0.011966774602280726	Above genus	k__Fungi; p__Fungi_k; c__Fungi_k; o__Fungi_k; f__Fungi_k; g__Fungi_k; s__Fungi_k	1.000000000000003	NA	NA	NA	NA	NA	NA	NA	FALSE	NA	NA	NA	NA	NA	NA	NA	NA	Fungi_k	Fungi_k	k__Fungi; p__Fungi_k; c__Fungi_k; o__Fungi_k; f__Fungi_k; g__Fungi_k; s__Fungi_k	qiime_retained_no_blast_species	No BLAST species-level top hit was available.
fig4_q30_PE_cutadapt_unite_blast_top1_rescue	Cutadapt	PE	Cutadapt	3cb7182b23e66c4a1e3a662df7eff540	1	16	0.012056817753664142	0.012056817753664142	Above genus	k__Fungi; p__Fungi_k; c__Fungi_k; o__Fungi_k; f__Fungi_k; g__Fungi_k; s__Fungi_k	0.9999999999999988	NA	NA	NA	NA	NA	NA	NA	FALSE	NA	NA	NA	NA	NA	NA	NA	NA	Fungi_k	Fungi_k	k__Fungi; p__Fungi_k; c__Fungi_k; o__Fungi_k; f__Fungi_k; g__Fungi_k; s__Fungi_k	qiime_retained_no_blast_species	No BLAST species-level top hit was available.
fig4_q30_SE_cutadapt_unite_blast_top1_rescue	Cutadapt	SE	Cutadapt	b2d71c8a1835967453bd96a5aecac0d2	1	16	0.011896264572924102	0.011896264572924102	Above genus	k__Fungi; p__Fungi_k; c__Fungi_k; o__Fungi_k; f__Fungi_k; g__Fungi_k; s__Fungi_k	0.999999999999986	NA	NA	NA	NA	NA	NA	NA	FALSE	NA	NA	NA	NA	NA	NA	NA	NA	Fungi_k	Fungi_k	k__Fungi; p__Fungi_k; c__Fungi_k; o__Fungi_k; f__Fungi_k; g__Fungi_k; s__Fungi_k	qiime_retained_no_blast_species	No BLAST species-level top hit was available.
fig4_q30_PE_cutadapt_unite_blast_top1_rescue	Cutadapt	PE	Cutadapt	b6f2dbe167d7ea6998779f966d282265	1	15	0.010596213619666572	0.010596213619666572	Above genus	k__Fungi; p__Fungi_k; c__Fungi_k; o__Fungi_k; f__Fungi_k; g__Fungi_k; s__Fungi_k	1.000000000000007	NA	NA	NA	NA	NA	NA	NA	FALSE	NA	NA	NA	NA	NA	NA	NA	NA	Fungi_k	Fungi_k	k__Fungi; p__Fungi_k; c__Fungi_k; o__Fungi_k; f__Fungi_k; g__Fungi_k; s__Fungi_k	qiime_retained_no_blast_species	No BLAST species-level top hit was available.
fig4_q30_SE_cutadapt_unite_blast_top1_rescue	Cutadapt	SE	Cutadapt	158508c453d93903d315196a844918ef	1	15	0.010558918766718288	0.010558918766718288	Above genus	k__Fungi; p__Fungi_k; c__Fungi_k; o__Fungi_k; f__Fungi_k; g__Fungi_k; s__Fungi_k	1.0000000000000124	NA	NA	NA	NA	NA	NA	NA	FALSE	NA	NA	NA	NA	NA	NA	NA	NA	Fungi_k	Fungi_k	k__Fungi; p__Fungi_k; c__Fungi_k; o__Fungi_k; f__Fungi_k; g__Fungi_k; s__Fungi_k	qiime_retained_no_blast_species	No BLAST species-level top hit was available.
fig4_q30_PE_cutadapt_unite_blast_top1_rescue	Cutadapt	PE	Cutadapt	2609534e889775b071bd4877a3cbdb06	2	14	0.005227720898935158	0.009042613315248107	Above genus	k__Fungi; p__Fungi_k; c__Fungi_k; o__Fungi_k; f__Fungi_k; g__Fungi_k; s__Fungi_k	1.0000000000000062	NA	NA	NA	NA	NA	NA	NA	FALSE	NA	NA	NA	NA	NA	NA	NA	NA	Fungi_k	Fungi_k	k__Fungi; p__Fungi_k; c__Fungi_k; o__Fungi_k; f__Fungi_k; g__Fungi_k; s__Fungi_k	qiime_retained_no_blast_species	No BLAST species-level top hit was available.
fig4_q30_PE_cutadapt_unite_blast_top1_rescue	Cutadapt	PE	Cutadapt	2d3b44850570682e08688c29f56403cd	1	14	0.009889799378355468	0.009889799378355468	Above genus	k__Fungi; p__Fungi_k; c__Fungi_k; o__Fungi_k; f__Fungi_k; g__Fungi_k; s__Fungi_k	1.000000000000013	NA	NA	NA	NA	NA	NA	NA	FALSE	NA	NA	NA	NA	NA	NA	NA	NA	Fungi_k	Fungi_k	k__Fungi; p__Fungi_k; c__Fungi_k; o__Fungi_k; f__Fungi_k; g__Fungi_k; s__Fungi_k	qiime_retained_no_blast_species	No BLAST species-level top hit was available.
fig4_q30_PE_cutadapt_unite_blast_top1_rescue	Cutadapt	PE	Cutadapt	97b1e3d578b831c37bc51c4217a4d4f1	1	14	0.009889799378355468	0.009889799378355468	Above genus	k__Fungi; p__Fungi_k; c__Fungi_k; o__Fungi_k; f__Fungi_k; g__Fungi_k; s__Fungi_k	0.9999999999999984	NA	NA	NA	NA	NA	NA	NA	FALSE	NA	NA	NA	NA	NA	NA	NA	NA	Fungi_k	Fungi_k	k__Fungi; p__Fungi_k; c__Fungi_k; o__Fungi_k; f__Fungi_k; g__Fungi_k; s__Fungi_k	qiime_retained_no_blast_species	No BLAST species-level top hit was available.
fig4_q30_PE_cutadapt_unite_blast_top1_rescue	Cutadapt	PE	Cutadapt	a4345c0686c98cd64b93c00a48d38d90	1	14	0.009889799378355468	0.009889799378355468	Above genus	k__Fungi; p__Fungi_k; c__Fungi_k; o__Fungi_k; f__Fungi_k; g__Fungi_k; s__Fungi_k	0.9999999999999992	NA	NA	NA	NA	NA	NA	NA	FALSE	NA	NA	NA	NA	NA	NA	NA	NA	Fungi_k	Fungi_k	k__Fungi; p__Fungi_k; c__Fungi_k; o__Fungi_k; f__Fungi_k; g__Fungi_k; s__Fungi_k	qiime_retained_no_blast_species	No BLAST species-level top hit was available.
fig4_q30_SE_cutadapt_unite_blast_top1_rescue	Cutadapt	SE	Cutadapt	1b7d4ee38520a8d71abb44031eecc577	1	14	0.00985499084893707	0.00985499084893707	Above genus	k__Fungi; p__Fungi_k; c__Fungi_k; o__Fungi_k; f__Fungi_k; g__Fungi_k; s__Fungi_k	0.9999999999999942	NA	NA	NA	NA	NA	NA	NA	FALSE	NA	NA	NA	NA	NA	NA	NA	NA	Fungi_k	Fungi_k	k__Fungi; p__Fungi_k; c__Fungi_k; o__Fungi_k; f__Fungi_k; g__Fungi_k; s__Fungi_k	qiime_retained_no_blast_species	No BLAST species-level top hit was available.
fig4_q30_SE_cutadapt_unite_blast_top1_rescue	Cutadapt	SE	Cutadapt	5535856acc809af76ab3ddb22e9e211d	1	14	0.00985499084893707	0.00985499084893707	Above genus	k__Fungi; p__Fungi_k; c__Fungi_k; o__Fungi_k; f__Fungi_k; g__Fungi_k; s__Fungi_k	1.000000000000006	NA	NA	NA	NA	NA	NA	NA	FALSE	NA	NA	NA	NA	NA	NA	NA	NA	Fungi_k	Fungi_k	k__Fungi; p__Fungi_k; c__Fungi_k; o__Fungi_k; f__Fungi_k; g__Fungi_k; s__Fungi_k	qiime_retained_no_blast_species	No BLAST species-level top hit was available.
fig4_q30_SE_cutadapt_unite_blast_top1_rescue	Cutadapt	SE	Cutadapt	9787c7e873499f9e560ca6b6422ce0e8	1	14	0.00985499084893707	0.00985499084893707	Above genus	k__Fungi; p__Fungi_k; c__Fungi_k; o__Fungi_k; f__Fungi_k; g__Fungi_k; s__Fungi_k	0.9999999999999998	NA	NA	NA	NA	NA	NA	NA	FALSE	NA	NA	NA	NA	NA	NA	NA	NA	Fungi_k	Fungi_k	k__Fungi; p__Fungi_k; c__Fungi_k; o__Fungi_k; f__Fungi_k; g__Fungi_k; s__Fungi_k	qiime_retained_no_blast_species	No BLAST species-level top hit was available.
fig4_q30_SE_cutadapt_unite_blast_top1_rescue	Cutadapt	SE	Cutadapt	a536855c690075a22d2f70db5665151c	2	14	0.005165027132627758	0.008922198429693077	Above genus	k__Fungi; p__Fungi_k; c__Fungi_k; o__Fungi_k; f__Fungi_k; g__Fungi_k; s__Fungi_k	1.0000000000000022	NA	NA	NA	NA	NA	NA	NA	FALSE	NA	NA	NA	NA	NA	NA	NA	NA	Fungi_k	Fungi_k	k__Fungi; p__Fungi_k; c__Fungi_k; o__Fungi_k; f__Fungi_k; g__Fungi_k; s__Fungi_k	qiime_retained_no_blast_species	No BLAST species-level top hit was available.
fig4_q30_PE_cutadapt_unite_blast_top1_rescue	Cutadapt	PE	Cutadapt	6e5724e8d6c2ad61bf6e6dc69c270239	1	13	0.009183385137044362	0.009183385137044362	Above genus	k__Fungi; p__Ascomycota; c__Ascomycota_p; o__Ascomycota_p; f__Ascomycota_p; g__Ascomycota_p; s__Ascomycota_p	0.8136028199141272	NA	NA	NA	NA	NA	NA	NA	FALSE	NA	NA	NA	NA	NA	NA	NA	NA	Ascomycota_p	Ascomycota_p	k__Fungi; p__Ascomycota; c__Ascomycota_p; o__Ascomycota_p; f__Ascomycota_p; g__Ascomycota_p; s__Ascomycota_p	qiime_retained_no_blast_species	No BLAST species-level top hit was available.
fig4_q30_PE_cutadapt_unite_blast_top1_rescue	Cutadapt	PE	Cutadapt	b99ae1d666389da38cad26d7243004e9	2	13	0.004662397870961538	0.007064142413111049	Above genus	k__Fungi; p__Ascomycota; c__Ascomycota_p; o__Ascomycota_p; f__Ascomycota_p; g__Ascomycota_p; s__Ascomycota_p	0.8537186247476284	NA	NA	NA	NA	NA	NA	NA	FALSE	NA	NA	NA	NA	NA	NA	NA	NA	Ascomycota_p	Ascomycota_p	k__Fungi; p__Ascomycota; c__Ascomycota_p; o__Ascomycota_p; f__Ascomycota_p; g__Ascomycota_p; s__Ascomycota_p	qiime_retained_no_blast_species	No BLAST species-level top hit was available.
fig4_q30_SE_cutadapt_unite_blast_top1_rescue	Cutadapt	SE	Cutadapt	299858db667f2d7fa90d17f8f1e54be0	1	13	0.00915106293115585	0.00915106293115585	Above genus	k__Fungi; p__Fungi_k; c__Fungi_k; o__Fungi_k; f__Fungi_k; g__Fungi_k; s__Fungi_k	1.0000000000000062	NA	NA	NA	NA	NA	NA	NA	FALSE	NA	NA	NA	NA	NA	NA	NA	NA	Fungi_k	Fungi_k	k__Fungi; p__Fungi_k; c__Fungi_k; o__Fungi_k; f__Fungi_k; g__Fungi_k; s__Fungi_k	qiime_retained_no_blast_species	No BLAST species-level top hit was available.
fig4_q30_SE_cutadapt_unite_blast_top1_rescue	Cutadapt	SE	Cutadapt	5f75d4aac0231ac26b212754cfe7bc3e	1	13	0.009665714965500833	0.009665714965500833	Above genus	k__Fungi; p__Fungi_k; c__Fungi_k; o__Fungi_k; f__Fungi_k; g__Fungi_k; s__Fungi_k	1.000000000000014	NA	NA	NA	NA	NA	NA	NA	FALSE	NA	NA	NA	NA	NA	NA	NA	NA	Fungi_k	Fungi_k	k__Fungi; p__Fungi_k; c__Fungi_k; o__Fungi_k; f__Fungi_k; g__Fungi_k; s__Fungi_k	qiime_retained_no_blast_species	No BLAST species-level top hit was available.
fig4_q30_SE_cutadapt_unite_blast_top1_rescue	Cutadapt	SE	Cutadapt	6a84d445d0bc5b70a398f6fdf01eb66f	2	13	0.00463491439261773	0.007039279177812192	Above genus	k__Fungi; p__Ascomycota; c__Ascomycota_p; o__Ascomycota_p; f__Ascomycota_p; g__Ascomycota_p; s__Ascomycota_p	0.8639425011829721	NA	NA	NA	NA	NA	NA	NA	FALSE	NA	NA	NA	NA	NA	NA	NA	NA	Ascomycota_p	Ascomycota_p	k__Fungi; p__Ascomycota; c__Ascomycota_p; o__Ascomycota_p; f__Ascomycota_p; g__Ascomycota_p; s__Ascomycota_p	qiime_retained_no_blast_species	No BLAST species-level top hit was available.
fig4_q30_PE_cutadapt_unite_blast_top1_rescue	Cutadapt	PE	Cutadapt	75a160ad822662d2f519cfde7d31cd06	1	12	0.011642573008634909	0.011642573008634909	Above genus	k__Fungi; p__Ascomycota; c__Ascomycota_p; o__Ascomycota_p; f__Ascomycota_p; g__Ascomycota_p; s__Ascomycota_p	0.8257469645520477	NA	NA	NA	NA	NA	NA	NA	FALSE	NA	NA	NA	NA	NA	NA	NA	NA	Ascomycota_p	Ascomycota_p	k__Fungi; p__Ascomycota; c__Ascomycota_p; o__Ascomycota_p; f__Ascomycota_p; g__Ascomycota_p; s__Ascomycota_p	qiime_retained_no_blast_species	No BLAST species-level top hit was available.
fig4_q30_PE_cutadapt_unite_blast_top1_rescue	Cutadapt	PE	Cutadapt	80e541b8af41ac979a19ec8570ba6115	2	12	0.004332759184452437	0.005651313930488839	Above genus	k__Fungi; p__Fungi_k; c__Fungi_k; o__Fungi_k; f__Fungi_k; g__Fungi_k; s__Fungi_k	1.0000000000000118	NA	NA	NA	NA	NA	NA	NA	FALSE	NA	NA	NA	NA	NA	NA	NA	NA	Fungi_k	Fungi_k	k__Fungi; p__Fungi_k; c__Fungi_k; o__Fungi_k; f__Fungi_k; g__Fungi_k; s__Fungi_k	qiime_retained_no_blast_species	No BLAST species-level top hit was available.
fig4_q30_PE_cutadapt_unite_blast_top1_rescue	Cutadapt	PE	Cutadapt	dff53305db8c0edeebd63a7c55860b06	1	12	0.009042613315248107	0.009042613315248107	Above genus	k__Fungi; p__Ascomycota; c__Ascomycota_p; o__Ascomycota_p; f__Ascomycota_p; g__Ascomycota_p; s__Ascomycota_p	0.9155326127006276	NA	NA	NA	NA	NA	NA	NA	FALSE	NA	NA	NA	NA	NA	NA	NA	NA	Ascomycota_p	Ascomycota_p	k__Fungi; p__Ascomycota; c__Ascomycota_p; o__Ascomycota_p; f__Ascomycota_p; g__Ascomycota_p; s__Ascomycota_p	qiime_retained_no_blast_species	No BLAST species-level top hit was available.
fig4_q30_SE_cutadapt_unite_blast_top1_rescue	Cutadapt	SE	Cutadapt	3039df4ad5007ae4944976c043d3d432	2	12	0.00430274474274039	0.005631423342249754	Above genus	k__Fungi; p__Fungi_k; c__Fungi_k; o__Fungi_k; f__Fungi_k; g__Fungi_k; s__Fungi_k	0.9999999999999892	NA	NA	NA	NA	NA	NA	NA	FALSE	NA	NA	NA	NA	NA	NA	NA	NA	Fungi_k	Fungi_k	k__Fungi; p__Fungi_k; c__Fungi_k; o__Fungi_k; f__Fungi_k; g__Fungi_k; s__Fungi_k	qiime_retained_no_blast_species	No BLAST species-level top hit was available.
fig4_q30_SE_cutadapt_unite_blast_top1_rescue	Cutadapt	SE	Cutadapt	36a7dafd8a4806c2f7c373b5c9916b22	2	12	0.004766938375000713	0.0066916488222698075	Above genus	k__Fungi; p__Fungi_k; c__Fungi_k; o__Fungi_k; f__Fungi_k; g__Fungi_k; s__Fungi_k	1.0000000000000056	NA	NA	NA	NA	NA	NA	NA	FALSE	NA	NA	NA	NA	NA	NA	NA	NA	Fungi_k	Fungi_k	k__Fungi; p__Fungi_k; c__Fungi_k; o__Fungi_k; f__Fungi_k; g__Fungi_k; s__Fungi_k	qiime_retained_no_blast_species	No BLAST species-level top hit was available.
fig4_q30_SE_cutadapt_unite_blast_top1_rescue	Cutadapt	SE	Cutadapt	708ed5611c17651ff5806fa18df950fa	1	12	0.008922198429693077	0.008922198429693077	Above genus	k__Fungi; p__Ascomycota; c__Ascomycota_p; o__Ascomycota_p; f__Ascomycota_p; g__Ascomycota_p; s__Ascomycota_p	0.7093453552290592	NA	NA	NA	NA	NA	NA	NA	FALSE	NA	NA	NA	NA	NA	NA	NA	NA	Ascomycota_p	Ascomycota_p	k__Fungi; p__Ascomycota; c__Ascomycota_p; o__Ascomycota_p; f__Ascomycota_p; g__Ascomycota_p; s__Ascomycota_p	qiime_retained_no_blast_species	No BLAST species-level top hit was available.
fig4_q30_PE_cutadapt_unite_blast_top1_rescue	Cutadapt	PE	Cutadapt	493f6991a7aac555ad9c841b1e46c0ec	1	11	0.008289062205644097	0.008289062205644097	Above genus	k__Fungi; p__Ascomycota; c__Ascomycota_p; o__Ascomycota_p; f__Ascomycota_p; g__Ascomycota_p; s__Ascomycota_p	0.8413578172739342	NA	NA	NA	NA	NA	NA	NA	FALSE	NA	NA	NA	NA	NA	NA	NA	NA	Ascomycota_p	Ascomycota_p	k__Fungi; p__Ascomycota; c__Ascomycota_p; o__Ascomycota_p; f__Ascomycota_p; g__Ascomycota_p; s__Ascomycota_p	qiime_retained_no_blast_species	No BLAST species-level top hit was available.
fig4_q30_PE_cutadapt_unite_blast_top1_rescue	Cutadapt	PE	Cutadapt	a63edff864bc2a9fbdfebdeaa599b649	1	11	0.008289062205644097	0.008289062205644097	Above genus	k__Fungi; p__Fungi_k; c__Fungi_k; o__Fungi_k; f__Fungi_k; g__Fungi_k; s__Fungi_k	0.9999999999999908	NA	NA	NA	NA	NA	NA	NA	FALSE	NA	NA	NA	NA	NA	NA	NA	NA	Fungi_k	Fungi_k	k__Fungi; p__Fungi_k; c__Fungi_k; o__Fungi_k; f__Fungi_k; g__Fungi_k; s__Fungi_k	qiime_retained_no_blast_species	No BLAST species-level top hit was available.
fig4_q30_SE_cutadapt_unite_blast_top1_rescue	Cutadapt	SE	Cutadapt	8965aa6d2863f5cb3cd73c6b457b8c10	1	11	0.00817868189388532	0.00817868189388532	Above genus	k__Fungi; p__Fungi_k; c__Fungi_k; o__Fungi_k; f__Fungi_k; g__Fungi_k; s__Fungi_k	0.9999999999999936	NA	NA	NA	NA	NA	NA	NA	FALSE	NA	NA	NA	NA	NA	NA	NA	NA	Fungi_k	Fungi_k	k__Fungi; p__Fungi_k; c__Fungi_k; o__Fungi_k; f__Fungi_k; g__Fungi_k; s__Fungi_k	qiime_retained_no_blast_species	No BLAST species-level top hit was available.
fig4_q30_SE_cutadapt_unite_blast_top1_rescue	Cutadapt	SE	Cutadapt	e2b964f9c965bdcdf26553e425dbd793	1	11	0.00817868189388532	0.00817868189388532	Above genus	k__Fungi; p__Fungi_k; c__Fungi_k; o__Fungi_k; f__Fungi_k; g__Fungi_k; s__Fungi_k	0.9999999999999964	NA	NA	NA	NA	NA	NA	NA	FALSE	NA	NA	NA	NA	NA	NA	NA	NA	Fungi_k	Fungi_k	k__Fungi; p__Fungi_k; c__Fungi_k; o__Fungi_k; f__Fungi_k; g__Fungi_k; s__Fungi_k	qiime_retained_no_blast_species	No BLAST species-level top hit was available.
fig4_q30_PE_cutadapt_unite_blast_top1_rescue	Cutadapt	PE	Cutadapt	de9f5d789a08776f6e7ba581d784327c	1	10	0.007535511096040089	0.007535511096040089	Above genus	k__Fungi; p__Fungi_k; c__Fungi_k; o__Fungi_k; f__Fungi_k; g__Fungi_k; s__Fungi_k	0.999999999999994	NA	NA	NA	NA	NA	NA	NA	FALSE	NA	NA	NA	NA	NA	NA	NA	NA	Fungi_k	Fungi_k	k__Fungi; p__Fungi_k; c__Fungi_k; o__Fungi_k; f__Fungi_k; g__Fungi_k; s__Fungi_k	qiime_retained_no_blast_species	No BLAST species-level top hit was available.
fig4_q30_SE_cutadapt_unite_blast_top1_rescue	Cutadapt	SE	Cutadapt	56a66d4f4883495fe6e8252edcc6c71c	2	10	0.004329260999347131	0.0056844558554632356	Above genus	k__Fungi; p__Fungi_k; c__Fungi_k; o__Fungi_k; f__Fungi_k; g__Fungi_k; s__Fungi_k	0.9999999999999982	NA	NA	NA	NA	NA	NA	NA	FALSE	NA	NA	NA	NA	NA	NA	NA	NA	Fungi_k	Fungi_k	k__Fungi; p__Fungi_k; c__Fungi_k; o__Fungi_k; f__Fungi_k; g__Fungi_k; s__Fungi_k	qiime_retained_no_blast_species	No BLAST species-level top hit was available.
fig4_q30_SE_cutadapt_unite_blast_top1_rescue	Cutadapt	SE	Cutadapt	c9a08cedfce3e1d4e0167bcd82f1eed8	1	10	0.007435165358077564	0.007435165358077564	Above genus	k__Fungi; p__Fungi_k; c__Fungi_k; o__Fungi_k; f__Fungi_k; g__Fungi_k; s__Fungi_k	0.9999999999999952	NA	NA	NA	NA	NA	NA	NA	FALSE	NA	NA	NA	NA	NA	NA	NA	NA	Fungi_k	Fungi_k	k__Fungi; p__Fungi_k; c__Fungi_k; o__Fungi_k; f__Fungi_k; g__Fungi_k; s__Fungi_k	qiime_retained_no_blast_species	No BLAST species-level top hit was available.
fig4_q30_PE_cutadapt_unite_blast_top1_rescue	Cutadapt	PE	Cutadapt	65bf2d1474808fbc3e29027139c0bc89	1	9	0.00678195998643608	0.00678195998643608	Above genus	k__Fungi; p__Ascomycota; c__Ascomycota_p; o__Ascomycota_p; f__Ascomycota_p; g__Ascomycota_p; s__Ascomycota_p	0.702605813473692	NA	NA	NA	NA	NA	NA	NA	FALSE	NA	NA	NA	NA	NA	NA	NA	NA	Ascomycota_p	Ascomycota_p	k__Fungi; p__Ascomycota; c__Ascomycota_p; o__Ascomycota_p; f__Ascomycota_p; g__Ascomycota_p; s__Ascomycota_p	qiime_retained_no_blast_species	No BLAST species-level top hit was available.
fig4_q30_PE_cutadapt_unite_blast_top1_rescue	Cutadapt	PE	Cutadapt	fa5c3717c38ec0a0608200d65036bf26	1	9	0.006357728171799944	0.006357728171799944	Above genus	k__Fungi; p__Fungi_k; c__Fungi_k; o__Fungi_k; f__Fungi_k; g__Fungi_k; s__Fungi_k	1.0000000000000064	NA	NA	NA	NA	NA	NA	NA	FALSE	NA	NA	NA	NA	NA	NA	NA	NA	Fungi_k	Fungi_k	k__Fungi; p__Fungi_k; c__Fungi_k; o__Fungi_k; f__Fungi_k; g__Fungi_k; s__Fungi_k	qiime_retained_no_blast_species	No BLAST species-level top hit was available.
fig4_q30_SE_cutadapt_unite_blast_top1_rescue	Cutadapt	SE	Cutadapt	337831ba7d77685699981e28fb64cf23	1	9	0.0066916488222698075	0.0066916488222698075	Above genus	k__Fungi; p__Ascomycota; c__Ascomycota_p; o__Ascomycota_p; f__Ascomycota_p; g__Ascomycota_p; s__Ascomycota_p	0.7020231430594961	NA	NA	NA	NA	NA	NA	NA	FALSE	NA	NA	NA	NA	NA	NA	NA	NA	Ascomycota_p	Ascomycota_p	k__Fungi; p__Ascomycota; c__Ascomycota_p; o__Ascomycota_p; f__Ascomycota_p; g__Ascomycota_p; s__Ascomycota_p	qiime_retained_no_blast_species	No BLAST species-level top hit was available.
fig4_q30_SE_cutadapt_unite_blast_top1_rescue	Cutadapt	SE	Cutadapt	eb419687cb6c69004db4a72c323e21f8	1	9	0.006335351260030974	0.006335351260030974	Above genus	k__Fungi; p__Fungi_k; c__Fungi_k; o__Fungi_k; f__Fungi_k; g__Fungi_k; s__Fungi_k	1.0000000000000089	NA	NA	NA	NA	NA	NA	NA	FALSE	NA	NA	NA	NA	NA	NA	NA	NA	Fungi_k	Fungi_k	k__Fungi; p__Fungi_k; c__Fungi_k; o__Fungi_k; f__Fungi_k; g__Fungi_k; s__Fungi_k	qiime_retained_no_blast_species	No BLAST species-level top hit was available.
fig4_q30_PE_cutadapt_unite_blast_top1_rescue	Cutadapt	PE	Cutadapt	7a10d75f3164deff71973636bb24d61a	1	8	0.006028408876832071	0.006028408876832071	Above genus	k__Fungi; p__Fungi_k; c__Fungi_k; o__Fungi_k; f__Fungi_k; g__Fungi_k; s__Fungi_k	1.0000000000000024	NA	NA	NA	NA	NA	NA	NA	FALSE	NA	NA	NA	NA	NA	NA	NA	NA	Fungi_k	Fungi_k	k__Fungi; p__Fungi_k; c__Fungi_k; o__Fungi_k; f__Fungi_k; g__Fungi_k; s__Fungi_k	qiime_retained_no_blast_species	No BLAST species-level top hit was available.
fig4_q30_PE_cutadapt_unite_blast_top1_rescue	Cutadapt	PE	Cutadapt	7ab119d39a4cfa246bc56173600c2ac9	1	8	0.006028408876832071	0.006028408876832071	Above genus	k__Fungi; p__Fungi_k; c__Fungi_k; o__Fungi_k; f__Fungi_k; g__Fungi_k; s__Fungi_k	1.0000000000000135	NA	NA	NA	NA	NA	NA	NA	FALSE	NA	NA	NA	NA	NA	NA	NA	NA	Fungi_k	Fungi_k	k__Fungi; p__Fungi_k; c__Fungi_k; o__Fungi_k; f__Fungi_k; g__Fungi_k; s__Fungi_k	qiime_retained_no_blast_species	No BLAST species-level top hit was available.
fig4_q30_PE_cutadapt_unite_blast_top1_rescue	Cutadapt	PE	Cutadapt	8bcd042eb6355d4e86e5590419facdbc	1	8	0.005651313930488839	0.005651313930488839	Above genus	k__Fungi; p__Fungi_k; c__Fungi_k; o__Fungi_k; f__Fungi_k; g__Fungi_k; s__Fungi_k	0.9999999999999885	NA	NA	NA	NA	NA	NA	NA	FALSE	NA	NA	NA	NA	NA	NA	NA	NA	Fungi_k	Fungi_k	k__Fungi; p__Fungi_k; c__Fungi_k; o__Fungi_k; f__Fungi_k; g__Fungi_k; s__Fungi_k	qiime_retained_no_blast_species	No BLAST species-level top hit was available.
fig4_q30_PE_cutadapt_unite_blast_top1_rescue	Cutadapt	PE	Cutadapt	9c22a054931e451debbfc78dcc021a1f	1	8	0.005651313930488839	0.005651313930488839	Above genus	k__Fungi; p__Fungi_k; c__Fungi_k; o__Fungi_k; f__Fungi_k; g__Fungi_k; s__Fungi_k	0.9999999999999966	NA	NA	NA	NA	NA	NA	NA	FALSE	NA	NA	NA	NA	NA	NA	NA	NA	Fungi_k	Fungi_k	k__Fungi; p__Fungi_k; c__Fungi_k; o__Fungi_k; f__Fungi_k; g__Fungi_k; s__Fungi_k	qiime_retained_no_blast_species	No BLAST species-level top hit was available.
fig4_q30_SE_cutadapt_unite_blast_top1_rescue	Cutadapt	SE	Cutadapt	3c9ae85851f407a4c95023d2f0cf58be	1	8	0.005631423342249754	0.005631423342249754	Above genus	k__Fungi; p__Fungi_k; c__Fungi_k; o__Fungi_k; f__Fungi_k; g__Fungi_k; s__Fungi_k	1.0000000000000082	NA	NA	NA	NA	NA	NA	NA	FALSE	NA	NA	NA	NA	NA	NA	NA	NA	Fungi_k	Fungi_k	k__Fungi; p__Fungi_k; c__Fungi_k; o__Fungi_k; f__Fungi_k; g__Fungi_k; s__Fungi_k	qiime_retained_no_blast_species	No BLAST species-level top hit was available.
fig4_q30_SE_cutadapt_unite_blast_top1_rescue	Cutadapt	SE	Cutadapt	58b2e2109c1625d12106aa0c3bbdc3d8	1	8	0.005948132286462051	0.005948132286462051	Above genus	k__Fungi; p__Fungi_k; c__Fungi_k; o__Fungi_k; f__Fungi_k; g__Fungi_k; s__Fungi_k	1.000000000000004	NA	NA	NA	NA	NA	NA	NA	FALSE	NA	NA	NA	NA	NA	NA	NA	NA	Fungi_k	Fungi_k	k__Fungi; p__Fungi_k; c__Fungi_k; o__Fungi_k; f__Fungi_k; g__Fungi_k; s__Fungi_k	qiime_retained_no_blast_species	No BLAST species-level top hit was available.
fig4_q30_SE_cutadapt_unite_blast_top1_rescue	Cutadapt	SE	Cutadapt	6d536c0697e3374ffb3ec10414641759	1	8	0.005631423342249754	0.005631423342249754	Genus	k__Fungi; p__Ascomycota; c__Saccharomycetes; o__Saccharomycetales; f__Metschnikowiaceae; g__Metschnikowia; s__Metschnikowia_g	0.7683973394084884	NA	NA	NA	NA	NA	NA	NA	FALSE	NA	NA	NA	NA	NA	NA	NA	NA	Metschnikowia	Metschnikowia_g	k__Fungi; p__Ascomycota; c__Saccharomycetes; o__Saccharomycetales; f__Metschnikowiaceae; g__Metschnikowia; s__Metschnikowia_g	qiime_retained_no_blast_species	No BLAST species-level top hit was available.
fig4_q30_SE_cutadapt_unite_blast_top1_rescue	Cutadapt	SE	Cutadapt	70c24fbf5a1015511f7eeaa619943c09	1	8	0.005948132286462051	0.005948132286462051	Above genus	k__Fungi; p__Fungi_k; c__Fungi_k; o__Fungi_k; f__Fungi_k; g__Fungi_k; s__Fungi_k	1.0000000000000004	NA	NA	NA	NA	NA	NA	NA	FALSE	NA	NA	NA	NA	NA	NA	NA	NA	Fungi_k	Fungi_k	k__Fungi; p__Fungi_k; c__Fungi_k; o__Fungi_k; f__Fungi_k; g__Fungi_k; s__Fungi_k	qiime_retained_no_blast_species	No BLAST species-level top hit was available.
fig4_q30_SE_cutadapt_unite_blast_top1_rescue	Cutadapt	SE	Cutadapt	bbc5e3ab547288791a3a60ebe42ab10c	1	8	0.005948132286462051	0.005948132286462051	Above genus	k__Fungi; p__Fungi_k; c__Fungi_k; o__Fungi_k; f__Fungi_k; g__Fungi_k; s__Fungi_k	0.9999999999999992	NR_168823	2660709	100	100	120	66	TRUE	TRUE	candidate_available	Eukaryota	Ascomycota	Eurotiomycetes	Eurotiales	Aspergillaceae	Penicillium	Penicillium_cuddlyae	Penicillium	Penicillium_cuddlyae	k__Fungi; p__Ascomycota; c__Eurotiomycetes; o__Eurotiales; f__Aspergillaceae; g__Penicillium; s__Penicillium_cuddlyae	blast_top1_species_rescued_ambiguous_missing_qiime_species	QIIME/UNITE species was missing or placeholder-like and BLAST top1 species passed cutoffs; top1 was used despite ambiguous top-hit conflict.
fig4_q30_SE_cutadapt_unite_blast_top1_rescue	Cutadapt	SE	Cutadapt	ccd9b87685ec477410a892a19c6f56e2	1	8	0.005948132286462051	0.005948132286462051	Above genus	k__Fungi; p__Ascomycota; c__Ascomycota_p; o__Ascomycota_p; f__Ascomycota_p; g__Ascomycota_p; s__Ascomycota_p	0.7343171948861756	NA	NA	NA	NA	NA	NA	NA	FALSE	NA	NA	NA	NA	NA	NA	NA	NA	Ascomycota_p	Ascomycota_p	k__Fungi; p__Ascomycota; c__Ascomycota_p; o__Ascomycota_p; f__Ascomycota_p; g__Ascomycota_p; s__Ascomycota_p	qiime_retained_no_blast_species	No BLAST species-level top hit was available.
fig4_q30_SE_cutadapt_unite_blast_top1_rescue	Cutadapt	SE	Cutadapt	ea97745628171c1b7140643a9f70461e	2	8	0.0033818516901032583	0.0037896372369754907	Above genus	k__Fungi; p__Ascomycota; c__Ascomycota_p; o__Ascomycota_p; f__Ascomycota_p; g__Ascomycota_p; s__Ascomycota_p	0.7388695501490815	NA	NA	NA	NA	NA	NA	NA	FALSE	NA	NA	NA	NA	NA	NA	NA	NA	Ascomycota_p	Ascomycota_p	k__Fungi; p__Ascomycota; c__Ascomycota_p; o__Ascomycota_p; f__Ascomycota_p; g__Ascomycota_p; s__Ascomycota_p	qiime_retained_no_blast_species	No BLAST species-level top hit was available.
fig4_q30_SE_cutadapt_unite_blast_top1_rescue	Cutadapt	SE	Cutadapt	eb56c19be8e5fbe1c2a1ca33be8c1b24	1	8	0.005631423342249754	0.005631423342249754	Above genus	k__Fungi; p__Fungi_k; c__Fungi_k; o__Fungi_k; f__Fungi_k; g__Fungi_k; s__Fungi_k	1.0000000000000009	NA	NA	NA	NA	NA	NA	NA	FALSE	NA	NA	NA	NA	NA	NA	NA	NA	Fungi_k	Fungi_k	k__Fungi; p__Fungi_k; c__Fungi_k; o__Fungi_k; f__Fungi_k; g__Fungi_k; s__Fungi_k	qiime_retained_no_blast_species	No BLAST species-level top hit was available.
fig4_q30_PE_cutadapt_unite_blast_top1_rescue	Cutadapt	PE	Cutadapt	40210b03d60063aa9a1cb1a1c65fbb24	1	7	0.004944899689177734	0.004944899689177734	Above genus	k__Fungi; p__Ascomycota; c__Ascomycota_p; o__Ascomycota_p; f__Ascomycota_p; g__Ascomycota_p; s__Ascomycota_p	0.96021662266207	NA	NA	NA	NA	NA	NA	NA	FALSE	NA	NA	NA	NA	NA	NA	NA	NA	Ascomycota_p	Ascomycota_p	k__Fungi; p__Ascomycota; c__Ascomycota_p; o__Ascomycota_p; f__Ascomycota_p; g__Ascomycota_p; s__Ascomycota_p	qiime_retained_no_blast_species	No BLAST species-level top hit was available.
fig4_q30_PE_cutadapt_unite_blast_top1_rescue	Cutadapt	PE	Cutadapt	7ea105befe242b870ac3113605fef73a	1	7	0.005274857767228062	0.005274857767228062	Above genus	k__Fungi; p__Fungi_k; c__Fungi_k; o__Fungi_k; f__Fungi_k; g__Fungi_k; s__Fungi_k	1.0000000000000049	NA	NA	NA	NA	NA	NA	NA	FALSE	NA	NA	NA	NA	NA	NA	NA	NA	Fungi_k	Fungi_k	k__Fungi; p__Fungi_k; c__Fungi_k; o__Fungi_k; f__Fungi_k; g__Fungi_k; s__Fungi_k	qiime_retained_no_blast_species	No BLAST species-level top hit was available.
fig4_q30_PE_cutadapt_unite_blast_top1_rescue	Cutadapt	PE	Cutadapt	838abc5f3fe16a8fd0df438f5088704d	1	7	0.005274857767228062	0.005274857767228062	Above genus	k__Fungi; p__Fungi_k; c__Fungi_k; o__Fungi_k; f__Fungi_k; g__Fungi_k; s__Fungi_k	0.9999999999999892	NA	NA	NA	NA	NA	NA	NA	FALSE	NA	NA	NA	NA	NA	NA	NA	NA	Fungi_k	Fungi_k	k__Fungi; p__Fungi_k; c__Fungi_k; o__Fungi_k; f__Fungi_k; g__Fungi_k; s__Fungi_k	qiime_retained_no_blast_species	No BLAST species-level top hit was available.
fig4_q30_PE_cutadapt_unite_blast_top1_rescue	Cutadapt	PE	Cutadapt	8ab90bebb29c598d82a0357fb34b46a1	1	7	0.005274857767228062	0.005274857767228062	Above genus	k__Fungi; p__Fungi_k; c__Fungi_k; o__Fungi_k; f__Fungi_k; g__Fungi_k; s__Fungi_k	0.9999999999999928	NA	NA	NA	NA	NA	NA	NA	FALSE	NA	NA	NA	NA	NA	NA	NA	NA	Fungi_k	Fungi_k	k__Fungi; p__Fungi_k; c__Fungi_k; o__Fungi_k; f__Fungi_k; g__Fungi_k; s__Fungi_k	qiime_retained_no_blast_species	No BLAST species-level top hit was available.
fig4_q30_SE_cutadapt_unite_blast_top1_rescue	Cutadapt	SE	Cutadapt	034dd71309f0853471154f43bc02abd1	1	7	0.004927495424468535	0.004927495424468535	Above genus	k__Fungi; p__Ascomycota; c__Ascomycota_p; o__Ascomycota_p; f__Ascomycota_p; g__Ascomycota_p; s__Ascomycota_p	0.9248302528692216	NA	NA	NA	NA	NA	NA	NA	FALSE	NA	NA	NA	NA	NA	NA	NA	NA	Ascomycota_p	Ascomycota_p	k__Fungi; p__Ascomycota; c__Ascomycota_p; o__Ascomycota_p; f__Ascomycota_p; g__Ascomycota_p; s__Ascomycota_p	qiime_retained_no_blast_species	No BLAST species-level top hit was available.
fig4_q30_SE_cutadapt_unite_blast_top1_rescue	Cutadapt	SE	Cutadapt	2f43c6a7f9331f447cc24981f1887474	1	7	0.005204615750654295	0.005204615750654295	Above genus	k__Fungi; p__Fungi_k; c__Fungi_k; o__Fungi_k; f__Fungi_k; g__Fungi_k; s__Fungi_k	0.999999999999988	NA	NA	NA	NA	NA	NA	NA	FALSE	NA	NA	NA	NA	NA	NA	NA	NA	Fungi_k	Fungi_k	k__Fungi; p__Fungi_k; c__Fungi_k; o__Fungi_k; f__Fungi_k; g__Fungi_k; s__Fungi_k	qiime_retained_no_blast_species	No BLAST species-level top hit was available.
fig4_q30_SE_cutadapt_unite_blast_top1_rescue	Cutadapt	SE	Cutadapt	a8006bd4661f54caf04a33bfd953834d	1	7	0.005204615750654295	0.005204615750654295	Above genus	k__Fungi; p__Fungi_k; c__Fungi_k; o__Fungi_k; f__Fungi_k; g__Fungi_k; s__Fungi_k	0.9999999999999978	NA	NA	NA	NA	NA	NA	NA	FALSE	NA	NA	NA	NA	NA	NA	NA	NA	Fungi_k	Fungi_k	k__Fungi; p__Fungi_k; c__Fungi_k; o__Fungi_k; f__Fungi_k; g__Fungi_k; s__Fungi_k	qiime_retained_no_blast_species	No BLAST species-level top hit was available.
fig4_q30_SE_cutadapt_unite_blast_top1_rescue	Cutadapt	SE	Cutadapt	b2d80c0c3ae31c0fa0081d4ec7136a6b	1	7	0.005204615750654295	0.005204615750654295	Above genus	k__Fungi; p__Fungi_k; c__Fungi_k; o__Fungi_k; f__Fungi_k; g__Fungi_k; s__Fungi_k	1.000000000000003	NA	NA	NA	NA	NA	NA	NA	FALSE	NA	NA	NA	NA	NA	NA	NA	NA	Fungi_k	Fungi_k	k__Fungi; p__Fungi_k; c__Fungi_k; o__Fungi_k; f__Fungi_k; g__Fungi_k; s__Fungi_k	qiime_retained_no_blast_species	No BLAST species-level top hit was available.
fig4_q30_SE_cutadapt_unite_blast_top1_rescue	Cutadapt	SE	Cutadapt	d7fc1469409e75228a73f2e6c5a2a3c7	1	7	0.006631865164707109	0.006631865164707109	Above genus	k__Fungi; p__Ascomycota; c__Lecanoromycetes; o__Lecanoromycetes_c; f__Lecanoromycetes_c; g__Lecanoromycetes_c; s__Lecanoromycetes_c	0.7217942992389841	NA	NA	NA	NA	NA	NA	NA	FALSE	NA	NA	NA	NA	NA	NA	NA	NA	Lecanoromycetes_c	Lecanoromycetes_c	k__Fungi; p__Ascomycota; c__Lecanoromycetes; o__Lecanoromycetes_c; f__Lecanoromycetes_c; g__Lecanoromycetes_c; s__Lecanoromycetes_c	qiime_retained_no_blast_species	No BLAST species-level top hit was available.
fig4_q30_PE_cutadapt_unite_blast_top1_rescue	Cutadapt	PE	Cutadapt	09de61d81017f4d844ceb66d071f6718	1	6	0.004521306657624053	0.004521306657624053	Above genus	k__Fungi; p__Fungi_k; c__Fungi_k; o__Fungi_k; f__Fungi_k; g__Fungi_k; s__Fungi_k	0.9999999999999856	NA	NA	NA	NA	NA	NA	NA	FALSE	NA	NA	NA	NA	NA	NA	NA	NA	Fungi_k	Fungi_k	k__Fungi; p__Fungi_k; c__Fungi_k; o__Fungi_k; f__Fungi_k; g__Fungi_k; s__Fungi_k	qiime_retained_no_blast_species	No BLAST species-level top hit was available.
fig4_q30_PE_cutadapt_unite_blast_top1_rescue	Cutadapt	PE	Cutadapt	13938a532131c6422d6bd44980ee26ad	1	6	0.004521306657624053	0.004521306657624053	Above genus	k__Fungi; p__Fungi_k; c__Fungi_k; o__Fungi_k; f__Fungi_k; g__Fungi_k; s__Fungi_k	0.999999999999998	NA	NA	NA	NA	NA	NA	NA	FALSE	NA	NA	NA	NA	NA	NA	NA	NA	Fungi_k	Fungi_k	k__Fungi; p__Fungi_k; c__Fungi_k; o__Fungi_k; f__Fungi_k; g__Fungi_k; s__Fungi_k	qiime_retained_no_blast_species	No BLAST species-level top hit was available.
fig4_q30_PE_cutadapt_unite_blast_top1_rescue	Cutadapt	PE	Cutadapt	9a838396270c86c308806d219c3ccab1	1	6	0.005821286504317454	0.005821286504317454	Above genus	k__Fungi; p__Fungi_k; c__Fungi_k; o__Fungi_k; f__Fungi_k; g__Fungi_k; s__Fungi_k	1.0000000000000004	NA	NA	NA	NA	NA	NA	NA	FALSE	NA	NA	NA	NA	NA	NA	NA	NA	Fungi_k	Fungi_k	k__Fungi; p__Fungi_k; c__Fungi_k; o__Fungi_k; f__Fungi_k; g__Fungi_k; s__Fungi_k	qiime_retained_no_blast_species	No BLAST species-level top hit was available.
fig4_q30_PE_cutadapt_unite_blast_top1_rescue	Cutadapt	PE	Cutadapt	9dafdae447485a1c3b64cf210c30023a	1	6	0.004521306657624053	0.004521306657624053	Above genus	k__Fungi; p__Fungi_k; c__Fungi_k; o__Fungi_k; f__Fungi_k; g__Fungi_k; s__Fungi_k	0.9999999999999972	NA	NA	NA	NA	NA	NA	NA	FALSE	NA	NA	NA	NA	NA	NA	NA	NA	Fungi_k	Fungi_k	k__Fungi; p__Fungi_k; c__Fungi_k; o__Fungi_k; f__Fungi_k; g__Fungi_k; s__Fungi_k	qiime_retained_no_blast_species	No BLAST species-level top hit was available.
fig4_q30_PE_cutadapt_unite_blast_top1_rescue	Cutadapt	PE	Cutadapt	d14317fde9b414445f21f37c9d7e44d4	1	6	0.004521306657624053	0.004521306657624053	Above genus	k__Fungi; p__Ascomycota; c__Ascomycota_p; o__Ascomycota_p; f__Ascomycota_p; g__Ascomycota_p; s__Ascomycota_p	0.8435898891500613	NA	NA	NA	NA	NA	NA	NA	FALSE	NA	NA	NA	NA	NA	NA	NA	NA	Ascomycota_p	Ascomycota_p	k__Fungi; p__Ascomycota; c__Ascomycota_p; o__Ascomycota_p; f__Ascomycota_p; g__Ascomycota_p; s__Ascomycota_p	qiime_retained_no_blast_species	No BLAST species-level top hit was available.
fig4_q30_PE_cutadapt_unite_blast_top1_rescue	Cutadapt	PE	Cutadapt	ef72dbd8d9fc0b4d053df2fef0d2fdc5	1	6	0.004521306657624053	0.004521306657624053	Above genus	k__Fungi; p__Ascomycota; c__Ascomycota_p; o__Ascomycota_p; f__Ascomycota_p; g__Ascomycota_p; s__Ascomycota_p	0.8314051077379289	NA	NA	NA	NA	NA	NA	NA	FALSE	NA	NA	NA	NA	NA	NA	NA	NA	Ascomycota_p	Ascomycota_p	k__Fungi; p__Ascomycota; c__Ascomycota_p; o__Ascomycota_p; f__Ascomycota_p; g__Ascomycota_p; s__Ascomycota_p	qiime_retained_no_blast_species	No BLAST species-level top hit was available.
fig4_q30_SE_cutadapt_unite_blast_top1_rescue	Cutadapt	SE	Cutadapt	57953a259caf82bc29a84735e0ceb763	1	6	0.004461099214846539	0.004461099214846539	Above genus	k__Fungi; p__Fungi_k; c__Fungi_k; o__Fungi_k; f__Fungi_k; g__Fungi_k; s__Fungi_k	0.9999999999999876	NA	NA	NA	NA	NA	NA	NA	FALSE	NA	NA	NA	NA	NA	NA	NA	NA	Fungi_k	Fungi_k	k__Fungi; p__Fungi_k; c__Fungi_k; o__Fungi_k; f__Fungi_k; g__Fungi_k; s__Fungi_k	qiime_retained_no_blast_species	No BLAST species-level top hit was available.
fig4_q30_SE_cutadapt_unite_blast_top1_rescue	Cutadapt	SE	Cutadapt	6976a055044853c7e68d7943cfd3806a	1	6	0.004461099214846539	0.004461099214846539	Above genus	k__Fungi; p__Fungi_k; c__Fungi_k; o__Fungi_k; f__Fungi_k; g__Fungi_k; s__Fungi_k	1.0000000000000036	NA	NA	NA	NA	NA	NA	NA	FALSE	NA	NA	NA	NA	NA	NA	NA	NA	Fungi_k	Fungi_k	k__Fungi; p__Fungi_k; c__Fungi_k; o__Fungi_k; f__Fungi_k; g__Fungi_k; s__Fungi_k	qiime_retained_no_blast_species	No BLAST species-level top hit was available.
fig4_q30_SE_cutadapt_unite_blast_top1_rescue	Cutadapt	SE	Cutadapt	8c9faa9e15875e19c83d12df14a5a3ff	1	6	0.004461099214846539	0.004461099214846539	Above genus	k__Fungi; p__Ascomycota; c__Ascomycota_p; o__Ascomycota_p; f__Ascomycota_p; g__Ascomycota_p; s__Ascomycota_p	0.7144997110961564	NA	NA	NA	NA	NA	NA	NA	FALSE	NA	NA	NA	NA	NA	NA	NA	NA	Ascomycota_p	Ascomycota_p	k__Fungi; p__Ascomycota; c__Ascomycota_p; o__Ascomycota_p; f__Ascomycota_p; g__Ascomycota_p; s__Ascomycota_p	qiime_retained_no_blast_species	No BLAST species-level top hit was available.
fig4_q30_SE_cutadapt_unite_blast_top1_rescue	Cutadapt	SE	Cutadapt	a810f4bd2f53d48fc7f37e94bf363fc4	1	6	0.004461099214846539	0.004461099214846539	Above genus	k__Fungi; p__Fungi_k; c__Fungi_k; o__Fungi_k; f__Fungi_k; g__Fungi_k; s__Fungi_k	1.0000000000000042	NA	NA	NA	NA	NA	NA	NA	FALSE	NA	NA	NA	NA	NA	NA	NA	NA	Fungi_k	Fungi_k	k__Fungi; p__Fungi_k; c__Fungi_k; o__Fungi_k; f__Fungi_k; g__Fungi_k; s__Fungi_k	qiime_retained_no_blast_species	No BLAST species-level top hit was available.
fig4_q30_SE_cutadapt_unite_blast_top1_rescue	Cutadapt	SE	Cutadapt	c3fa753391ecc001d88bbc94b9693dd6	1	6	0.004461099214846539	0.004461099214846539	Above genus	k__Fungi; p__Ascomycota; c__Ascomycota_p; o__Ascomycota_p; f__Ascomycota_p; g__Ascomycota_p; s__Ascomycota_p	0.7974026677575018	NA	NA	NA	NA	NA	NA	NA	FALSE	NA	NA	NA	NA	NA	NA	NA	NA	Ascomycota_p	Ascomycota_p	k__Fungi; p__Ascomycota; c__Ascomycota_p; o__Ascomycota_p; f__Ascomycota_p; g__Ascomycota_p; s__Ascomycota_p	qiime_retained_no_blast_species	No BLAST species-level top hit was available.
fig4_q30_SE_cutadapt_unite_blast_top1_rescue	Cutadapt	SE	Cutadapt	ccd031f4267764c6dbee39b62a142b1b	1	6	0.004461099214846539	0.004461099214846539	Above genus	k__Fungi; p__Fungi_k; c__Fungi_k; o__Fungi_k; f__Fungi_k; g__Fungi_k; s__Fungi_k	1.0000000000000004	NA	NA	NA	NA	NA	NA	NA	FALSE	NA	NA	NA	NA	NA	NA	NA	NA	Fungi_k	Fungi_k	k__Fungi; p__Fungi_k; c__Fungi_k; o__Fungi_k; f__Fungi_k; g__Fungi_k; s__Fungi_k	qiime_retained_no_blast_species	No BLAST species-level top hit was available.
fig4_q30_PE_cutadapt_unite_blast_top1_rescue	Cutadapt	PE	Cutadapt	1611fa31357d5d95b54e5ce6e67b7336	1	5	0.0037677555480200445	0.0037677555480200445	Above genus	k__Fungi; p__Ascomycota; c__Ascomycota_p; o__Ascomycota_p; f__Ascomycota_p; g__Ascomycota_p; s__Ascomycota_p	0.9201441600616324	NA	NA	NA	NA	NA	NA	NA	FALSE	NA	NA	NA	NA	NA	NA	NA	NA	Ascomycota_p	Ascomycota_p	k__Fungi; p__Ascomycota; c__Ascomycota_p; o__Ascomycota_p; f__Ascomycota_p; g__Ascomycota_p; s__Ascomycota_p	qiime_retained_no_blast_species	No BLAST species-level top hit was available.
fig4_q30_PE_cutadapt_unite_blast_top1_rescue	Cutadapt	PE	Cutadapt	53e003cae5cc021112cb7b0c3ec680ec	1	5	0.0035320712065555243	0.0035320712065555243	Above genus	k__Fungi; p__Fungi_k; c__Fungi_k; o__Fungi_k; f__Fungi_k; g__Fungi_k; s__Fungi_k	0.9999999999999888	NA	NA	NA	NA	NA	NA	NA	FALSE	NA	NA	NA	NA	NA	NA	NA	NA	Fungi_k	Fungi_k	k__Fungi; p__Fungi_k; c__Fungi_k; o__Fungi_k; f__Fungi_k; g__Fungi_k; s__Fungi_k	qiime_retained_no_blast_species	No BLAST species-level top hit was available.
fig4_q30_PE_cutadapt_unite_blast_top1_rescue	Cutadapt	PE	Cutadapt	c2fb5f432519bf12ffcbe6f3babe8db9	1	5	0.0037677555480200445	0.0037677555480200445	Above genus	k__Fungi; p__Fungi_k; c__Fungi_k; o__Fungi_k; f__Fungi_k; g__Fungi_k; s__Fungi_k	1.000000000000009	NA	NA	NA	NA	NA	NA	NA	FALSE	NA	NA	NA	NA	NA	NA	NA	NA	Fungi_k	Fungi_k	k__Fungi; p__Fungi_k; c__Fungi_k; o__Fungi_k; f__Fungi_k; g__Fungi_k; s__Fungi_k	qiime_retained_no_blast_species	No BLAST species-level top hit was available.
fig4_q30_PE_cutadapt_unite_blast_top1_rescue	Cutadapt	PE	Cutadapt	c8dce878620b52b38172236f39acc7fa	2	5	0.0022088727356833725	0.002910643252158727	Above genus	k__Fungi; p__Fungi_k; c__Fungi_k; o__Fungi_k; f__Fungi_k; g__Fungi_k; s__Fungi_k	1.000000000000005	NA	NA	NA	NA	NA	NA	NA	FALSE	NA	NA	NA	NA	NA	NA	NA	NA	Fungi_k	Fungi_k	k__Fungi; p__Fungi_k; c__Fungi_k; o__Fungi_k; f__Fungi_k; g__Fungi_k; s__Fungi_k	qiime_retained_no_blast_species	No BLAST species-level top hit was available.
fig4_q30_PE_cutadapt_unite_blast_top1_rescue	Cutadapt	PE	Cutadapt	e332c648f24c130c5f2d59d5449b40fc	1	5	0.0037677555480200445	0.0037677555480200445	Above genus	k__Fungi; p__Fungi_k; c__Fungi_k; o__Fungi_k; f__Fungi_k; g__Fungi_k; s__Fungi_k	0.9999999999999952	NA	NA	NA	NA	NA	NA	NA	FALSE	NA	NA	NA	NA	NA	NA	NA	NA	Fungi_k	Fungi_k	k__Fungi; p__Fungi_k; c__Fungi_k; o__Fungi_k; f__Fungi_k; g__Fungi_k; s__Fungi_k	qiime_retained_no_blast_species	No BLAST species-level top hit was available.
fig4_q30_SE_cutadapt_unite_blast_top1_rescue	Cutadapt	SE	Cutadapt	05b496404be4e237c87028a88f649e1a	1	5	0.003717582679038782	0.003717582679038782	Above genus	k__Fungi; p__Ascomycota; c__Ascomycota_p; o__Ascomycota_p; f__Ascomycota_p; g__Ascomycota_p; s__Ascomycota_p	0.70735341086613	NA	NA	NA	NA	NA	NA	NA	FALSE	NA	NA	NA	NA	NA	NA	NA	NA	Ascomycota_p	Ascomycota_p	k__Fungi; p__Ascomycota; c__Ascomycota_p; o__Ascomycota_p; f__Ascomycota_p; g__Ascomycota_p; s__Ascomycota_p	qiime_retained_no_blast_species	No BLAST species-level top hit was available.
fig4_q30_SE_cutadapt_unite_blast_top1_rescue	Cutadapt	SE	Cutadapt	0fb48a8ab7edb9fc5d7e0721fd6a71ed	1	5	0.003519639588906096	0.003519639588906096	Above genus	k__Fungi; p__Fungi_k; c__Fungi_k; o__Fungi_k; f__Fungi_k; g__Fungi_k; s__Fungi_k	1.0000000000000135	NA	NA	NA	NA	NA	NA	NA	FALSE	NA	NA	NA	NA	NA	NA	NA	NA	Fungi_k	Fungi_k	k__Fungi; p__Fungi_k; c__Fungi_k; o__Fungi_k; f__Fungi_k; g__Fungi_k; s__Fungi_k	qiime_retained_no_blast_species	No BLAST species-level top hit was available.
fig4_q30_SE_cutadapt_unite_blast_top1_rescue	Cutadapt	SE	Cutadapt	6e82328c42ba7c3e6116b76beafea40d	1	5	0.003717582679038782	0.003717582679038782	Above genus	k__Fungi; p__Fungi_k; c__Fungi_k; o__Fungi_k; f__Fungi_k; g__Fungi_k; s__Fungi_k	0.9999999999999976	NA	NA	NA	NA	NA	NA	NA	FALSE	NA	NA	NA	NA	NA	NA	NA	NA	Fungi_k	Fungi_k	k__Fungi; p__Fungi_k; c__Fungi_k; o__Fungi_k; f__Fungi_k; g__Fungi_k; s__Fungi_k	qiime_retained_no_blast_species	No BLAST species-level top hit was available.
fig4_q30_SE_cutadapt_unite_blast_top1_rescue	Cutadapt	SE	Cutadapt	a0a05fb837d128e0f13ab3295773109e	2	5	0.0021646304996735654	0.0028422279277316178	Above genus	k__Fungi; p__Fungi_k; c__Fungi_k; o__Fungi_k; f__Fungi_k; g__Fungi_k; s__Fungi_k	1.000000000000001	NA	NA	NA	NA	NA	NA	NA	FALSE	NA	NA	NA	NA	NA	NA	NA	NA	Fungi_k	Fungi_k	k__Fungi; p__Fungi_k; c__Fungi_k; o__Fungi_k; f__Fungi_k; g__Fungi_k; s__Fungi_k	qiime_retained_no_blast_species	No BLAST species-level top hit was available.
fig4_q30_SE_cutadapt_unite_blast_top1_rescue	Cutadapt	SE	Cutadapt	bfd09568df5b64763bb30e17f8d02f3c	1	5	0.003717582679038782	0.003717582679038782	Above genus	k__Fungi; p__Fungi_k; c__Fungi_k; o__Fungi_k; f__Fungi_k; g__Fungi_k; s__Fungi_k	1.000000000000013	NA	NA	NA	NA	NA	NA	NA	FALSE	NA	NA	NA	NA	NA	NA	NA	NA	Fungi_k	Fungi_k	k__Fungi; p__Fungi_k; c__Fungi_k; o__Fungi_k; f__Fungi_k; g__Fungi_k; s__Fungi_k	qiime_retained_no_blast_species	No BLAST species-level top hit was available.
fig4_q30_PE_cutadapt_unite_blast_top1_rescue	Cutadapt	PE	Cutadapt	286dcb58947ebd65c54731a7b31e1426	1	4	0.0028256569652444193	0.0028256569652444193	Above genus	k__Fungi; p__Ascomycota; c__Ascomycota_p; o__Ascomycota_p; f__Ascomycota_p; g__Ascomycota_p; s__Ascomycota_p	0.8421705897548872	NA	NA	NA	NA	NA	NA	NA	FALSE	NA	NA	NA	NA	NA	NA	NA	NA	Ascomycota_p	Ascomycota_p	k__Fungi; p__Ascomycota; c__Ascomycota_p; o__Ascomycota_p; f__Ascomycota_p; g__Ascomycota_p; s__Ascomycota_p	qiime_retained_no_blast_species	No BLAST species-level top hit was available.
fig4_q30_PE_cutadapt_unite_blast_top1_rescue	Cutadapt	PE	Cutadapt	4b54985ad5446341d5ff07722207c144	1	4	0.0028256569652444193	0.0028256569652444193	Above genus	k__Fungi; p__Ascomycota; c__Ascomycota_p; o__Ascomycota_p; f__Ascomycota_p; g__Ascomycota_p; s__Ascomycota_p	0.7512202513549928	NA	NA	NA	NA	NA	NA	NA	FALSE	NA	NA	NA	NA	NA	NA	NA	NA	Ascomycota_p	Ascomycota_p	k__Fungi; p__Ascomycota; c__Ascomycota_p; o__Ascomycota_p; f__Ascomycota_p; g__Ascomycota_p; s__Ascomycota_p	qiime_retained_no_blast_species	No BLAST species-level top hit was available.
fig4_q30_PE_cutadapt_unite_blast_top1_rescue	Cutadapt	PE	Cutadapt	4e64c1e73420427b8cb13f30a0a6ab7a	1	4	0.0030142044384160356	0.0030142044384160356	Above genus	k__Fungi; p__Ascomycota; c__Ascomycota_p; o__Ascomycota_p; f__Ascomycota_p; g__Ascomycota_p; s__Ascomycota_p	0.7756623595651302	NA	NA	NA	NA	NA	NA	NA	FALSE	NA	NA	NA	NA	NA	NA	NA	NA	Ascomycota_p	Ascomycota_p	k__Fungi; p__Ascomycota; c__Ascomycota_p; o__Ascomycota_p; f__Ascomycota_p; g__Ascomycota_p; s__Ascomycota_p	qiime_retained_no_blast_species	No BLAST species-level top hit was available.
fig4_q30_PE_cutadapt_unite_blast_top1_rescue	Cutadapt	PE	Cutadapt	54a9657d58d6908639ab20f13473c550	1	4	0.0038808576695449695	0.0038808576695449695	Above genus	k__Fungi; p__Ascomycota; c__Ascomycota_p; o__Ascomycota_p; f__Ascomycota_p; g__Ascomycota_p; s__Ascomycota_p	0.7808659594248273	NA	NA	NA	NA	NA	NA	NA	FALSE	NA	NA	NA	NA	NA	NA	NA	NA	Ascomycota_p	Ascomycota_p	k__Fungi; p__Ascomycota; c__Ascomycota_p; o__Ascomycota_p; f__Ascomycota_p; g__Ascomycota_p; s__Ascomycota_p	qiime_retained_no_blast_species	No BLAST species-level top hit was available.
fig4_q30_PE_cutadapt_unite_blast_top1_rescue	Cutadapt	PE	Cutadapt	63e821fd9fdbf2d8444cbd74ace0344b	1	4	0.0028256569652444193	0.0028256569652444193	Above genus	k__Fungi; p__Fungi_k; c__Fungi_k; o__Fungi_k; f__Fungi_k; g__Fungi_k; s__Fungi_k	0.999999999999993	NA	NA	NA	NA	NA	NA	NA	FALSE	NA	NA	NA	NA	NA	NA	NA	NA	Fungi_k	Fungi_k	k__Fungi; p__Fungi_k; c__Fungi_k; o__Fungi_k; f__Fungi_k; g__Fungi_k; s__Fungi_k	qiime_retained_no_blast_species	No BLAST species-level top hit was available.
fig4_q30_PE_cutadapt_unite_blast_top1_rescue	Cutadapt	PE	Cutadapt	72b67bfcae18678bf980eddd36a9771a	1	4	0.0030142044384160356	0.0030142044384160356	Above genus	k__Fungi; p__Fungi_k; c__Fungi_k; o__Fungi_k; f__Fungi_k; g__Fungi_k; s__Fungi_k	1.0000000000000115	NA	NA	NA	NA	NA	NA	NA	FALSE	NA	NA	NA	NA	NA	NA	NA	NA	Fungi_k	Fungi_k	k__Fungi; p__Fungi_k; c__Fungi_k; o__Fungi_k; f__Fungi_k; g__Fungi_k; s__Fungi_k	qiime_retained_no_blast_species	No BLAST species-level top hit was available.
fig4_q30_PE_cutadapt_unite_blast_top1_rescue	Cutadapt	PE	Cutadapt	8fa026cd7de8b2de01e24a358b88be37	1	4	0.0028256569652444193	0.0028256569652444193	Above genus	k__Fungi; p__Fungi_k; c__Fungi_k; o__Fungi_k; f__Fungi_k; g__Fungi_k; s__Fungi_k	0.999999999999998	NA	NA	NA	NA	NA	NA	NA	FALSE	NA	NA	NA	NA	NA	NA	NA	NA	Fungi_k	Fungi_k	k__Fungi; p__Fungi_k; c__Fungi_k; o__Fungi_k; f__Fungi_k; g__Fungi_k; s__Fungi_k	qiime_retained_no_blast_species	No BLAST species-level top hit was available.
fig4_q30_PE_cutadapt_unite_blast_top1_rescue	Cutadapt	PE	Cutadapt	b9bf649979c8d63c1c961595bd9cbfb0	1	4	0.0028256569652444193	0.0028256569652444193	Above genus	k__Fungi; p__Ascomycota; c__Ascomycota_p; o__Ascomycota_p; f__Ascomycota_p; g__Ascomycota_p; s__Ascomycota_p	0.9059925476471378	NA	NA	NA	NA	NA	NA	NA	FALSE	NA	NA	NA	NA	NA	NA	NA	NA	Ascomycota_p	Ascomycota_p	k__Fungi; p__Ascomycota; c__Ascomycota_p; o__Ascomycota_p; f__Ascomycota_p; g__Ascomycota_p; s__Ascomycota_p	qiime_retained_no_blast_species	No BLAST species-level top hit was available.
fig4_q30_PE_cutadapt_unite_blast_top1_rescue	Cutadapt	PE	Cutadapt	bfe48bc109bc83adb4329dd720f13411	1	4	0.0030142044384160356	0.0030142044384160356	Above genus	k__Fungi; p__Fungi_k; c__Fungi_k; o__Fungi_k; f__Fungi_k; g__Fungi_k; s__Fungi_k	1.0000000000000075	NA	NA	NA	NA	NA	NA	NA	FALSE	NA	NA	NA	NA	NA	NA	NA	NA	Fungi_k	Fungi_k	k__Fungi; p__Fungi_k; c__Fungi_k; o__Fungi_k; f__Fungi_k; g__Fungi_k; s__Fungi_k	qiime_retained_no_blast_species	No BLAST species-level top hit was available.
fig4_q30_PE_cutadapt_unite_blast_top1_rescue	Cutadapt	PE	Cutadapt	c8c777b869ce2f3711dd9d93f592b50c	1	4	0.0030142044384160356	0.0030142044384160356	Above genus	k__Fungi; p__Fungi_k; c__Fungi_k; o__Fungi_k; f__Fungi_k; g__Fungi_k; s__Fungi_k	0.9999999999999988	NA	NA	NA	NA	NA	NA	NA	FALSE	NA	NA	NA	NA	NA	NA	NA	NA	Fungi_k	Fungi_k	k__Fungi; p__Fungi_k; c__Fungi_k; o__Fungi_k; f__Fungi_k; g__Fungi_k; s__Fungi_k	qiime_retained_no_blast_species	No BLAST species-level top hit was available.
fig4_q30_PE_cutadapt_unite_blast_top1_rescue	Cutadapt	PE	Cutadapt	ea682988cc2366bcca203b858e165dbf	1	4	0.0028256569652444193	0.0028256569652444193	Above genus	k__Fungi; p__Ascomycota; c__Ascomycota_p; o__Ascomycota_p; f__Ascomycota_p; g__Ascomycota_p; s__Ascomycota_p	0.8523326929937081	NA	NA	NA	NA	NA	NA	NA	FALSE	NA	NA	NA	NA	NA	NA	NA	NA	Ascomycota_p	Ascomycota_p	k__Fungi; p__Ascomycota; c__Ascomycota_p; o__Ascomycota_p; f__Ascomycota_p; g__Ascomycota_p; s__Ascomycota_p	qiime_retained_no_blast_species	No BLAST species-level top hit was available.
fig4_q30_SE_cutadapt_unite_blast_top1_rescue	Cutadapt	SE	Cutadapt	1f918dc743f502eb0290572adf274b34	1	4	0.002815711671124877	0.002815711671124877	Above genus	k__Fungi; p__Fungi_k; c__Fungi_k; o__Fungi_k; f__Fungi_k; g__Fungi_k; s__Fungi_k	1.0000000000000122	NA	NA	NA	NA	NA	NA	NA	FALSE	NA	NA	NA	NA	NA	NA	NA	NA	Fungi_k	Fungi_k	k__Fungi; p__Fungi_k; c__Fungi_k; o__Fungi_k; f__Fungi_k; g__Fungi_k; s__Fungi_k	qiime_retained_no_blast_species	No BLAST species-level top hit was available.
fig4_q30_SE_cutadapt_unite_blast_top1_rescue	Cutadapt	SE	Cutadapt	4951881ce90885c4c3b8b071badab83f	1	4	0.002815711671124877	0.002815711671124877	Above genus	k__Fungi; p__Fungi_k; c__Fungi_k; o__Fungi_k; f__Fungi_k; g__Fungi_k; s__Fungi_k	0.9999999999999948	NA	NA	NA	NA	NA	NA	NA	FALSE	NA	NA	NA	NA	NA	NA	NA	NA	Fungi_k	Fungi_k	k__Fungi; p__Fungi_k; c__Fungi_k; o__Fungi_k; f__Fungi_k; g__Fungi_k; s__Fungi_k	qiime_retained_no_blast_species	No BLAST species-level top hit was available.
fig4_q30_SE_cutadapt_unite_blast_top1_rescue	Cutadapt	SE	Cutadapt	59e39ce5b0fa28367628aaac73e3ace5	1	4	0.0029740661432310256	0.0029740661432310256	Above genus	k__Fungi; p__Fungi_k; c__Fungi_k; o__Fungi_k; f__Fungi_k; g__Fungi_k; s__Fungi_k	1.000000000000003	NA	NA	NA	NA	NA	NA	NA	FALSE	NA	NA	NA	NA	NA	NA	NA	NA	Fungi_k	Fungi_k	k__Fungi; p__Fungi_k; c__Fungi_k; o__Fungi_k; f__Fungi_k; g__Fungi_k; s__Fungi_k	qiime_retained_no_blast_species	No BLAST species-level top hit was available.
fig4_q30_SE_cutadapt_unite_blast_top1_rescue	Cutadapt	SE	Cutadapt	9382063e0b2044656cf90225daa688cc	1	4	0.002815711671124877	0.002815711671124877	Above genus	k__Fungi; p__Ascomycota; c__Ascomycota_p; o__Ascomycota_p; f__Ascomycota_p; g__Ascomycota_p; s__Ascomycota_p	0.7068192961775138	NA	NA	NA	NA	NA	NA	NA	FALSE	NA	NA	NA	NA	NA	NA	NA	NA	Ascomycota_p	Ascomycota_p	k__Fungi; p__Ascomycota; c__Ascomycota_p; o__Ascomycota_p; f__Ascomycota_p; g__Ascomycota_p; s__Ascomycota_p	qiime_retained_no_blast_species	No BLAST species-level top hit was available.
fig4_q30_SE_cutadapt_unite_blast_top1_rescue	Cutadapt	SE	Cutadapt	9ab532e02e09a25a4e7fc6d767fa9aa1	1	4	0.0029740661432310256	0.0029740661432310256	Above genus	k__Fungi; p__Fungi_k; c__Fungi_k; o__Fungi_k; f__Fungi_k; g__Fungi_k; s__Fungi_k	0.999999999999988	NA	NA	NA	NA	NA	NA	NA	FALSE	NA	NA	NA	NA	NA	NA	NA	NA	Fungi_k	Fungi_k	k__Fungi; p__Fungi_k; c__Fungi_k; o__Fungi_k; f__Fungi_k; g__Fungi_k; s__Fungi_k	qiime_retained_no_blast_species	No BLAST species-level top hit was available.
fig4_q30_SE_cutadapt_unite_blast_top1_rescue	Cutadapt	SE	Cutadapt	a8667283551f577f6feb70486539d8d1	1	4	0.0029740661432310256	0.0029740661432310256	Above genus	k__Fungi; p__Ascomycota; c__Ascomycota_p; o__Ascomycota_p; f__Ascomycota_p; g__Ascomycota_p; s__Ascomycota_p	0.755927383890539	NA	NA	NA	NA	NA	NA	NA	FALSE	NA	NA	NA	NA	NA	NA	NA	NA	Ascomycota_p	Ascomycota_p	k__Fungi; p__Ascomycota; c__Ascomycota_p; o__Ascomycota_p; f__Ascomycota_p; g__Ascomycota_p; s__Ascomycota_p	qiime_retained_no_blast_species	No BLAST species-level top hit was available.
fig4_q30_SE_cutadapt_unite_blast_top1_rescue	Cutadapt	SE	Cutadapt	cc654ac138d65ef720d9e6927b4275cf	1	4	0.002815711671124877	0.002815711671124877	Above genus	k__Fungi; p__Ascomycota; c__Ascomycota_p; o__Ascomycota_p; f__Ascomycota_p; g__Ascomycota_p; s__Ascomycota_p	0.7787094253828211	NA	NA	NA	NA	NA	NA	NA	FALSE	NA	NA	NA	NA	NA	NA	NA	NA	Ascomycota_p	Ascomycota_p	k__Fungi; p__Ascomycota; c__Ascomycota_p; o__Ascomycota_p; f__Ascomycota_p; g__Ascomycota_p; s__Ascomycota_p	qiime_retained_no_blast_species	No BLAST species-level top hit was available.
fig4_q30_SE_cutadapt_unite_blast_top1_rescue	Cutadapt	SE	Cutadapt	e7d607347edf89506f50e84573edc326	1	4	0.002815711671124877	0.002815711671124877	Above genus	k__Fungi; p__Ascomycota; c__Ascomycota_p; o__Ascomycota_p; f__Ascomycota_p; g__Ascomycota_p; s__Ascomycota_p	0.8444776285281854	NA	NA	NA	NA	NA	NA	NA	FALSE	NA	NA	NA	NA	NA	NA	NA	NA	Ascomycota_p	Ascomycota_p	k__Fungi; p__Ascomycota; c__Ascomycota_p; o__Ascomycota_p; f__Ascomycota_p; g__Ascomycota_p; s__Ascomycota_p	qiime_retained_no_blast_species	No BLAST species-level top hit was available.
fig4_q30_PE_cutadapt_unite_blast_top1_rescue	Cutadapt	PE	Cutadapt	2bc30a5545badee22da1375355460f31	1	3	0.0021192427239333147	0.0021192427239333147	Above genus	k__Fungi; p__Ascomycota; c__Ascomycota_p; o__Ascomycota_p; f__Ascomycota_p; g__Ascomycota_p; s__Ascomycota_p	0.765387311044047	NA	NA	NA	NA	NA	NA	NA	FALSE	NA	NA	NA	NA	NA	NA	NA	NA	Ascomycota_p	Ascomycota_p	k__Fungi; p__Ascomycota; c__Ascomycota_p; o__Ascomycota_p; f__Ascomycota_p; g__Ascomycota_p; s__Ascomycota_p	qiime_retained_no_blast_species	No BLAST species-level top hit was available.
fig4_q30_PE_cutadapt_unite_blast_top1_rescue	Cutadapt	PE	Cutadapt	3eab78c489c453c266d9f7f00ff7a306	1	3	0.0022606533288120267	0.0022606533288120267	Above genus	k__Fungi; p__Ascomycota; c__Ascomycota_p; o__Ascomycota_p; f__Ascomycota_p; g__Ascomycota_p; s__Ascomycota_p	0.8789791970977582	NA	NA	NA	NA	NA	NA	NA	FALSE	NA	NA	NA	NA	NA	NA	NA	NA	Ascomycota_p	Ascomycota_p	k__Fungi; p__Ascomycota; c__Ascomycota_p; o__Ascomycota_p; f__Ascomycota_p; g__Ascomycota_p; s__Ascomycota_p	qiime_retained_no_blast_species	No BLAST species-level top hit was available.
fig4_q30_PE_cutadapt_unite_blast_top1_rescue	Cutadapt	PE	Cutadapt	3ef930b55e2179db9e69a5023d604394	1	3	0.0022606533288120267	0.0022606533288120267	Above genus	k__Fungi; p__Ascomycota; c__Lecanoromycetes; o__Lecanoromycetes_c; f__Lecanoromycetes_c; g__Lecanoromycetes_c; s__Lecanoromycetes_c	0.8710224221917956	NA	NA	NA	NA	NA	NA	NA	FALSE	NA	NA	NA	NA	NA	NA	NA	NA	Lecanoromycetes_c	Lecanoromycetes_c	k__Fungi; p__Ascomycota; c__Lecanoromycetes; o__Lecanoromycetes_c; f__Lecanoromycetes_c; g__Lecanoromycetes_c; s__Lecanoromycetes_c	qiime_retained_no_blast_species	No BLAST species-level top hit was available.
fig4_q30_PE_cutadapt_unite_blast_top1_rescue	Cutadapt	PE	Cutadapt	429bcc81ef1faa02997413b774540036	1	3	0.0021192427239333147	0.0021192427239333147	Above genus	k__Fungi; p__Ascomycota; c__Ascomycota_p; o__Ascomycota_p; f__Ascomycota_p; g__Ascomycota_p; s__Ascomycota_p	0.840766414268321	NA	NA	NA	NA	NA	NA	NA	FALSE	NA	NA	NA	NA	NA	NA	NA	NA	Ascomycota_p	Ascomycota_p	k__Fungi; p__Ascomycota; c__Ascomycota_p; o__Ascomycota_p; f__Ascomycota_p; g__Ascomycota_p; s__Ascomycota_p	qiime_retained_no_blast_species	No BLAST species-level top hit was available.
fig4_q30_PE_cutadapt_unite_blast_top1_rescue	Cutadapt	PE	Cutadapt	50629e38a5bac7973130accf256c91f1	1	3	0.0021192427239333147	0.0021192427239333147	Above genus	k__Fungi; p__Fungi_k; c__Fungi_k; o__Fungi_k; f__Fungi_k; g__Fungi_k; s__Fungi_k	1.000000000000005	NA	NA	NA	NA	NA	NA	NA	FALSE	NA	NA	NA	NA	NA	NA	NA	NA	Fungi_k	Fungi_k	k__Fungi; p__Fungi_k; c__Fungi_k; o__Fungi_k; f__Fungi_k; g__Fungi_k; s__Fungi_k	qiime_retained_no_blast_species	No BLAST species-level top hit was available.
fig4_q30_PE_cutadapt_unite_blast_top1_rescue	Cutadapt	PE	Cutadapt	698241831931245ee5b614ffb602879b	1	3	0.0022606533288120267	0.0022606533288120267	Above genus	k__Fungi; p__Fungi_k; c__Fungi_k; o__Fungi_k; f__Fungi_k; g__Fungi_k; s__Fungi_k	0.999999999999994	NA	NA	NA	NA	NA	NA	NA	FALSE	NA	NA	NA	NA	NA	NA	NA	NA	Fungi_k	Fungi_k	k__Fungi; p__Fungi_k; c__Fungi_k; o__Fungi_k; f__Fungi_k; g__Fungi_k; s__Fungi_k	qiime_retained_no_blast_species	No BLAST species-level top hit was available.
fig4_q30_PE_cutadapt_unite_blast_top1_rescue	Cutadapt	PE	Cutadapt	6a488ebb19374e75ab8c1844bbafce8d	1	3	0.002910643252158727	0.002910643252158727	Above genus	k__Fungi; p__Fungi_k; c__Fungi_k; o__Fungi_k; f__Fungi_k; g__Fungi_k; s__Fungi_k	0.9999999999999936	NA	NA	NA	NA	NA	NA	NA	FALSE	NA	NA	NA	NA	NA	NA	NA	NA	Fungi_k	Fungi_k	k__Fungi; p__Fungi_k; c__Fungi_k; o__Fungi_k; f__Fungi_k; g__Fungi_k; s__Fungi_k	qiime_retained_no_blast_species	No BLAST species-level top hit was available.
fig4_q30_PE_cutadapt_unite_blast_top1_rescue	Cutadapt	PE	Cutadapt	6e260a5a65f2e47329e92f8d5caeda51	1	3	0.0022606533288120267	0.0022606533288120267	Above genus	k__Fungi; p__Fungi_k; c__Fungi_k; o__Fungi_k; f__Fungi_k; g__Fungi_k; s__Fungi_k	1.0000000000000029	NA	NA	NA	NA	NA	NA	NA	FALSE	NA	NA	NA	NA	NA	NA	NA	NA	Fungi_k	Fungi_k	k__Fungi; p__Fungi_k; c__Fungi_k; o__Fungi_k; f__Fungi_k; g__Fungi_k; s__Fungi_k	qiime_retained_no_blast_species	No BLAST species-level top hit was available.
fig4_q30_PE_cutadapt_unite_blast_top1_rescue	Cutadapt	PE	Cutadapt	713d81a47c60f29f9ac478f9ed48fe0f	1	3	0.0022606533288120267	0.0022606533288120267	Above genus	k__Fungi; p__Ascomycota; c__Lecanoromycetes; o__Lecanoromycetes_c; f__Lecanoromycetes_c; g__Lecanoromycetes_c; s__Lecanoromycetes_c	0.7631418430349717	NA	NA	NA	NA	NA	NA	NA	FALSE	NA	NA	NA	NA	NA	NA	NA	NA	Lecanoromycetes_c	Lecanoromycetes_c	k__Fungi; p__Ascomycota; c__Lecanoromycetes; o__Lecanoromycetes_c; f__Lecanoromycetes_c; g__Lecanoromycetes_c; s__Lecanoromycetes_c	qiime_retained_no_blast_species	No BLAST species-level top hit was available.
fig4_q30_PE_cutadapt_unite_blast_top1_rescue	Cutadapt	PE	Cutadapt	b65a2b82cd127c5e2a47ad8faa1b752a	1	3	0.0021192427239333147	0.0021192427239333147	Above genus	k__Fungi; p__Fungi_k; c__Fungi_k; o__Fungi_k; f__Fungi_k; g__Fungi_k; s__Fungi_k	0.9999999999999922	NA	NA	NA	NA	NA	NA	NA	FALSE	NA	NA	NA	NA	NA	NA	NA	NA	Fungi_k	Fungi_k	k__Fungi; p__Fungi_k; c__Fungi_k; o__Fungi_k; f__Fungi_k; g__Fungi_k; s__Fungi_k	qiime_retained_no_blast_species	No BLAST species-level top hit was available.
fig4_q30_PE_cutadapt_unite_blast_top1_rescue	Cutadapt	PE	Cutadapt	c64847cfa36b0333b9f6d18a5e75bb41	1	3	0.0021192427239333147	0.0021192427239333147	Above genus	k__Fungi; p__Ascomycota; c__Ascomycota_p; o__Ascomycota_p; f__Ascomycota_p; g__Ascomycota_p; s__Ascomycota_p	0.8412149770988977	NA	NA	NA	NA	NA	NA	NA	FALSE	NA	NA	NA	NA	NA	NA	NA	NA	Ascomycota_p	Ascomycota_p	k__Fungi; p__Ascomycota; c__Ascomycota_p; o__Ascomycota_p; f__Ascomycota_p; g__Ascomycota_p; s__Ascomycota_p	qiime_retained_no_blast_species	No BLAST species-level top hit was available.
fig4_q30_PE_cutadapt_unite_blast_top1_rescue	Cutadapt	PE	Cutadapt	cf4fa2152a817be452f36c833693f1f3	1	3	0.0021192427239333147	0.0021192427239333147	Above genus	k__Fungi; p__Ascomycota; c__Ascomycota_p; o__Ascomycota_p; f__Ascomycota_p; g__Ascomycota_p; s__Ascomycota_p	0.7620968200065221	NA	NA	NA	NA	NA	NA	NA	FALSE	NA	NA	NA	NA	NA	NA	NA	NA	Ascomycota_p	Ascomycota_p	k__Fungi; p__Ascomycota; c__Ascomycota_p; o__Ascomycota_p; f__Ascomycota_p; g__Ascomycota_p; s__Ascomycota_p	qiime_retained_no_blast_species	No BLAST species-level top hit was available.
fig4_q30_PE_cutadapt_unite_blast_top1_rescue	Cutadapt	PE	Cutadapt	dbce73c8a1ab561d6f614ddf237a3797	1	3	0.0021192427239333147	0.0021192427239333147	Above genus	k__Fungi; p__Fungi_k; c__Fungi_k; o__Fungi_k; f__Fungi_k; g__Fungi_k; s__Fungi_k	1.000000000000011	NA	NA	NA	NA	NA	NA	NA	FALSE	NA	NA	NA	NA	NA	NA	NA	NA	Fungi_k	Fungi_k	k__Fungi; p__Fungi_k; c__Fungi_k; o__Fungi_k; f__Fungi_k; g__Fungi_k; s__Fungi_k	qiime_retained_no_blast_species	No BLAST species-level top hit was available.
fig4_q30_SE_cutadapt_unite_blast_top1_rescue	Cutadapt	SE	Cutadapt	127a250c366f54f7a8ff08616edff9c2	1	3	0.0028422279277316178	0.0028422279277316178	Above genus	k__Fungi; p__Fungi_k; c__Fungi_k; o__Fungi_k; f__Fungi_k; g__Fungi_k; s__Fungi_k	0.9999999999999996	NA	NA	NA	NA	NA	NA	NA	FALSE	NA	NA	NA	NA	NA	NA	NA	NA	Fungi_k	Fungi_k	k__Fungi; p__Fungi_k; c__Fungi_k; o__Fungi_k; f__Fungi_k; g__Fungi_k; s__Fungi_k	qiime_retained_no_blast_species	No BLAST species-level top hit was available.
fig4_q30_SE_cutadapt_unite_blast_top1_rescue	Cutadapt	SE	Cutadapt	210606b4fff7f1b545874ba7442c65b1	1	3	0.0021117837533436577	0.0021117837533436577	Above genus	k__Fungi; p__Ascomycota; c__Ascomycota_p; o__Ascomycota_p; f__Ascomycota_p; g__Ascomycota_p; s__Ascomycota_p	0.705386992146343	NA	NA	NA	NA	NA	NA	NA	FALSE	NA	NA	NA	NA	NA	NA	NA	NA	Ascomycota_p	Ascomycota_p	k__Fungi; p__Ascomycota; c__Ascomycota_p; o__Ascomycota_p; f__Ascomycota_p; g__Ascomycota_p; s__Ascomycota_p	qiime_retained_no_blast_species	No BLAST species-level top hit was available.
fig4_q30_SE_cutadapt_unite_blast_top1_rescue	Cutadapt	SE	Cutadapt	24b8daa5b10dcf42144074fc7fbfb3d6	1	3	0.0028422279277316178	0.0028422279277316178	Above genus	k__Fungi; p__Ascomycota; c__Ascomycota_p; o__Ascomycota_p; f__Ascomycota_p; g__Ascomycota_p; s__Ascomycota_p	0.8915337644036068	NA	NA	NA	NA	NA	NA	NA	FALSE	NA	NA	NA	NA	NA	NA	NA	NA	Ascomycota_p	Ascomycota_p	k__Fungi; p__Ascomycota; c__Ascomycota_p; o__Ascomycota_p; f__Ascomycota_p; g__Ascomycota_p; s__Ascomycota_p	qiime_retained_no_blast_species	No BLAST species-level top hit was available.
fig4_q30_SE_cutadapt_unite_blast_top1_rescue	Cutadapt	SE	Cutadapt	31169ddba661462ce73f8c72d905380f	1	3	0.0022305496074232693	0.0022305496074232693	Above genus	k__Fungi; p__Ascomycota; c__Lecanoromycetes; o__Lecanoromycetes_c; f__Lecanoromycetes_c; g__Lecanoromycetes_c; s__Lecanoromycetes_c	0.8659601991437497	NA	NA	NA	NA	NA	NA	NA	FALSE	NA	NA	NA	NA	NA	NA	NA	NA	Lecanoromycetes_c	Lecanoromycetes_c	k__Fungi; p__Ascomycota; c__Lecanoromycetes; o__Lecanoromycetes_c; f__Lecanoromycetes_c; g__Lecanoromycetes_c; s__Lecanoromycetes_c	qiime_retained_no_blast_species	No BLAST species-level top hit was available.
fig4_q30_SE_cutadapt_unite_blast_top1_rescue	Cutadapt	SE	Cutadapt	4bfd955490a13cf9d93564394b8053c5	1	3	0.0022305496074232693	0.0022305496074232693	Above genus	k__Fungi; p__Ascomycota; c__Ascomycota_p; o__Ascomycota_p; f__Ascomycota_p; g__Ascomycota_p; s__Ascomycota_p	0.801858478043966	NA	NA	NA	NA	NA	NA	NA	FALSE	NA	NA	NA	NA	NA	NA	NA	NA	Ascomycota_p	Ascomycota_p	k__Fungi; p__Ascomycota; c__Ascomycota_p; o__Ascomycota_p; f__Ascomycota_p; g__Ascomycota_p; s__Ascomycota_p	qiime_retained_no_blast_species	No BLAST species-level top hit was available.
fig4_q30_SE_cutadapt_unite_blast_top1_rescue	Cutadapt	SE	Cutadapt	588b3566dfb1cd5eec4c04e15e8a68e4	1	3	0.0022305496074232693	0.0022305496074232693	Above genus	k__Fungi; p__Fungi_k; c__Fungi_k; o__Fungi_k; f__Fungi_k; g__Fungi_k; s__Fungi_k	1.0000000000000036	NA	NA	NA	NA	NA	NA	NA	FALSE	NA	NA	NA	NA	NA	NA	NA	NA	Fungi_k	Fungi_k	k__Fungi; p__Fungi_k; c__Fungi_k; o__Fungi_k; f__Fungi_k; g__Fungi_k; s__Fungi_k	qiime_retained_no_blast_species	No BLAST species-level top hit was available.
fig4_q30_SE_cutadapt_unite_blast_top1_rescue	Cutadapt	SE	Cutadapt	6f44fdcac884f9349154a511f9ec5467	1	3	0.0022305496074232693	0.0022305496074232693	Above genus	k__Fungi; p__Fungi_k; c__Fungi_k; o__Fungi_k; f__Fungi_k; g__Fungi_k; s__Fungi_k	1.000000000000005	NA	NA	NA	NA	NA	NA	NA	FALSE	NA	NA	NA	NA	NA	NA	NA	NA	Fungi_k	Fungi_k	k__Fungi; p__Fungi_k; c__Fungi_k; o__Fungi_k; f__Fungi_k; g__Fungi_k; s__Fungi_k	qiime_retained_no_blast_species	No BLAST species-level top hit was available.
fig4_q30_SE_cutadapt_unite_blast_top1_rescue	Cutadapt	SE	Cutadapt	75460142a37c38afe494aff9cc6ce051	1	3	0.0021117837533436577	0.0021117837533436577	Above genus	k__Fungi; p__Fungi_k; c__Fungi_k; o__Fungi_k; f__Fungi_k; g__Fungi_k; s__Fungi_k	1.000000000000009	NA	NA	NA	NA	NA	NA	NA	FALSE	NA	NA	NA	NA	NA	NA	NA	NA	Fungi_k	Fungi_k	k__Fungi; p__Fungi_k; c__Fungi_k; o__Fungi_k; f__Fungi_k; g__Fungi_k; s__Fungi_k	qiime_retained_no_blast_species	No BLAST species-level top hit was available.
fig4_q30_SE_cutadapt_unite_blast_top1_rescue	Cutadapt	SE	Cutadapt	891d74d20e746b1fb0158d4e1d1738cf	1	3	0.0021117837533436577	0.0021117837533436577	Above genus	k__Fungi; p__Fungi_k; c__Fungi_k; o__Fungi_k; f__Fungi_k; g__Fungi_k; s__Fungi_k	0.999999999999989	NA	NA	NA	NA	NA	NA	NA	FALSE	NA	NA	NA	NA	NA	NA	NA	NA	Fungi_k	Fungi_k	k__Fungi; p__Fungi_k; c__Fungi_k; o__Fungi_k; f__Fungi_k; g__Fungi_k; s__Fungi_k	qiime_retained_no_blast_species	No BLAST species-level top hit was available.
fig4_q30_SE_cutadapt_unite_blast_top1_rescue	Cutadapt	SE	Cutadapt	aff14a00453aec3e51788b5e8539956b	1	3	0.0021117837533436577	0.0021117837533436577	Above genus	k__Fungi; p__Fungi_k; c__Fungi_k; o__Fungi_k; f__Fungi_k; g__Fungi_k; s__Fungi_k	1.0000000000000122	NA	NA	NA	NA	NA	NA	NA	FALSE	NA	NA	NA	NA	NA	NA	NA	NA	Fungi_k	Fungi_k	k__Fungi; p__Fungi_k; c__Fungi_k; o__Fungi_k; f__Fungi_k; g__Fungi_k; s__Fungi_k	qiime_retained_no_blast_species	No BLAST species-level top hit was available.
fig4_q30_SE_cutadapt_unite_blast_top1_rescue	Cutadapt	SE	Cutadapt	c2084f73dc59a63c76060a2d438c90dd	1	3	0.0022305496074232693	0.0022305496074232693	Above genus	k__Fungi; p__Ascomycota; c__Ascomycota_p; o__Ascomycota_p; f__Ascomycota_p; g__Ascomycota_p; s__Ascomycota_p	0.7080456588640536	NA	NA	NA	NA	NA	NA	NA	FALSE	NA	NA	NA	NA	NA	NA	NA	NA	Ascomycota_p	Ascomycota_p	k__Fungi; p__Ascomycota; c__Ascomycota_p; o__Ascomycota_p; f__Ascomycota_p; g__Ascomycota_p; s__Ascomycota_p	qiime_retained_no_blast_species	No BLAST species-level top hit was available.
fig4_q30_SE_cutadapt_unite_blast_top1_rescue	Cutadapt	SE	Cutadapt	cca066ec93ac3b58cb278c7a3039a50d	1	3	0.0028422279277316178	0.0028422279277316178	Above genus	k__Fungi; p__Fungi_k; c__Fungi_k; o__Fungi_k; f__Fungi_k; g__Fungi_k; s__Fungi_k	0.9999999999999952	NA	NA	NA	NA	NA	NA	NA	FALSE	NA	NA	NA	NA	NA	NA	NA	NA	Fungi_k	Fungi_k	k__Fungi; p__Fungi_k; c__Fungi_k; o__Fungi_k; f__Fungi_k; g__Fungi_k; s__Fungi_k	qiime_retained_no_blast_species	No BLAST species-level top hit was available.
fig4_q30_SE_cutadapt_unite_blast_top1_rescue	Cutadapt	SE	Cutadapt	ccd3ca0ed71b6faaaccf15455d97d962	1	3	0.0021117837533436577	0.0021117837533436577	Above genus	k__Fungi; p__Fungi_k; c__Fungi_k; o__Fungi_k; f__Fungi_k; g__Fungi_k; s__Fungi_k	1.0000000000000058	NA	NA	NA	NA	NA	NA	NA	FALSE	NA	NA	NA	NA	NA	NA	NA	NA	Fungi_k	Fungi_k	k__Fungi; p__Fungi_k; c__Fungi_k; o__Fungi_k; f__Fungi_k; g__Fungi_k; s__Fungi_k	qiime_retained_no_blast_species	No BLAST species-level top hit was available.
fig4_q30_SE_cutadapt_unite_blast_top1_rescue	Cutadapt	SE	Cutadapt	e56ef4932dbe840d72fbf03dd085350e	1	3	0.0021117837533436577	0.0021117837533436577	Above genus	k__Fungi; p__Fungi_k; c__Fungi_k; o__Fungi_k; f__Fungi_k; g__Fungi_k; s__Fungi_k	0.9999999999999972	NA	NA	NA	NA	NA	NA	NA	FALSE	NA	NA	NA	NA	NA	NA	NA	NA	Fungi_k	Fungi_k	k__Fungi; p__Fungi_k; c__Fungi_k; o__Fungi_k; f__Fungi_k; g__Fungi_k; s__Fungi_k	qiime_retained_no_blast_species	No BLAST species-level top hit was available.
fig4_q30_SE_cutadapt_unite_blast_top1_rescue	Cutadapt	SE	Cutadapt	e98dc9729afccefe7d09d64fb570d0f7	1	3	0.0022305496074232693	0.0022305496074232693	Above genus	k__Fungi; p__Fungi_k; c__Fungi_k; o__Fungi_k; f__Fungi_k; g__Fungi_k; s__Fungi_k	0.99999999999999	NA	NA	NA	NA	NA	NA	NA	FALSE	NA	NA	NA	NA	NA	NA	NA	NA	Fungi_k	Fungi_k	k__Fungi; p__Fungi_k; c__Fungi_k; o__Fungi_k; f__Fungi_k; g__Fungi_k; s__Fungi_k	qiime_retained_no_blast_species	No BLAST species-level top hit was available.
fig4_q30_SE_cutadapt_unite_blast_top1_rescue	Cutadapt	SE	Cutadapt	f6f997289cd3527af5c901a89ed81029	1	3	0.0021117837533436577	0.0021117837533436577	Above genus	k__Fungi; p__Ascomycota; c__Ascomycota_p; o__Ascomycota_p; f__Ascomycota_p; g__Ascomycota_p; s__Ascomycota_p	0.8522582682448723	NA	NA	NA	NA	NA	NA	NA	FALSE	NA	NA	NA	NA	NA	NA	NA	NA	Ascomycota_p	Ascomycota_p	k__Fungi; p__Ascomycota; c__Ascomycota_p; o__Ascomycota_p; f__Ascomycota_p; g__Ascomycota_p; s__Ascomycota_p	qiime_retained_no_blast_species	No BLAST species-level top hit was available.
fig4_q30_SE_cutadapt_unite_blast_top1_rescue	Cutadapt	SE	Cutadapt	f94cceab17230de007f8fd723ae80e47	1	3	0.0021117837533436577	0.0021117837533436577	Above genus	k__Fungi; p__Ascomycota; c__Ascomycota_p; o__Ascomycota_p; f__Ascomycota_p; g__Ascomycota_p; s__Ascomycota_p	0.7639028150029449	NA	NA	NA	NA	NA	NA	NA	FALSE	NA	NA	NA	NA	NA	NA	NA	NA	Ascomycota_p	Ascomycota_p	k__Fungi; p__Ascomycota; c__Ascomycota_p; o__Ascomycota_p; f__Ascomycota_p; g__Ascomycota_p; s__Ascomycota_p	qiime_retained_no_blast_species	No BLAST species-level top hit was available.
fig4_q30_SE_cutadapt_unite_blast_top1_rescue	Cutadapt	SE	Cutadapt	ff27b8703c571d06a3bb9d893ed7daea	1	3	0.0022305496074232693	0.0022305496074232693	Above genus	k__Fungi; p__Fungi_k; c__Fungi_k; o__Fungi_k; f__Fungi_k; g__Fungi_k; s__Fungi_k	0.9999999999999896	NA	NA	NA	NA	NA	NA	NA	FALSE	NA	NA	NA	NA	NA	NA	NA	NA	Fungi_k	Fungi_k	k__Fungi; p__Fungi_k; c__Fungi_k; o__Fungi_k; f__Fungi_k; g__Fungi_k; s__Fungi_k	qiime_retained_no_blast_species	No BLAST species-level top hit was available.
fig4_q30_PE_cutadapt_unite_blast_top1_rescue	Cutadapt	PE	Cutadapt	b16db1fc7966f2e08f1492e3d2f0b4b2	1	2	0.0015071022192080178	0.0015071022192080178	Above genus	k__Fungi; p__Ascomycota; c__Ascomycota_p; o__Ascomycota_p; f__Ascomycota_p; g__Ascomycota_p; s__Ascomycota_p	0.8350062591157367	NA	NA	NA	NA	NA	NA	NA	FALSE	NA	NA	NA	NA	NA	NA	NA	NA	Ascomycota_p	Ascomycota_p	k__Fungi; p__Ascomycota; c__Ascomycota_p; o__Ascomycota_p; f__Ascomycota_p; g__Ascomycota_p; s__Ascomycota_p	qiime_retained_no_blast_species	No BLAST species-level top hit was available.
fig4_q30_PE_cutadapt_unite_blast_top1_rescue	Cutadapt	PE	Cutadapt	d24759e6ba7e7f4d6daa0a60270c817e	1	2	0.0019404288347724848	0.0019404288347724848	Above genus	k__Fungi; p__Fungi_k; c__Fungi_k; o__Fungi_k; f__Fungi_k; g__Fungi_k; s__Fungi_k	0.9999999999999932	NA	NA	NA	NA	NA	NA	NA	FALSE	NA	NA	NA	NA	NA	NA	NA	NA	Fungi_k	Fungi_k	k__Fungi; p__Fungi_k; c__Fungi_k; o__Fungi_k; f__Fungi_k; g__Fungi_k; s__Fungi_k	qiime_retained_no_blast_species	No BLAST species-level top hit was available.
fig4_q30_PE_cutadapt_unite_blast_top1_rescue	Cutadapt	PE	Cutadapt	e8657b7595d5e8e4e50826f1c25b6aa6	1	2	0.0014128284826222096	0.0014128284826222096	Above genus	k__Fungi; p__Ascomycota; c__Ascomycota_p; o__Ascomycota_p; f__Ascomycota_p; g__Ascomycota_p; s__Ascomycota_p	0.847007035168049	NA	NA	NA	NA	NA	NA	NA	FALSE	NA	NA	NA	NA	NA	NA	NA	NA	Ascomycota_p	Ascomycota_p	k__Fungi; p__Ascomycota; c__Ascomycota_p; o__Ascomycota_p; f__Ascomycota_p; g__Ascomycota_p; s__Ascomycota_p	qiime_retained_no_blast_species	No BLAST species-level top hit was available.
fig4_q30_PE_cutadapt_unite_blast_top1_rescue	Cutadapt	PE	Cutadapt	e8f7198381d65dc8753f199663cec60c	1	2	0.0014128284826222096	0.0014128284826222096	Above genus	k__Fungi; p__Fungi_k; c__Fungi_k; o__Fungi_k; f__Fungi_k; g__Fungi_k; s__Fungi_k	1.0000000000000049	NA	NA	NA	NA	NA	NA	NA	FALSE	NA	NA	NA	NA	NA	NA	NA	NA	Fungi_k	Fungi_k	k__Fungi; p__Fungi_k; c__Fungi_k; o__Fungi_k; f__Fungi_k; g__Fungi_k; s__Fungi_k	qiime_retained_no_blast_species	No BLAST species-level top hit was available.
fig4_q30_PE_cutadapt_unite_blast_top1_rescue	Cutadapt	PE	Cutadapt	f8dfb2eaf616ca6fd27b85fafa01d333	1	2	0.0015071022192080178	0.0015071022192080178	Above genus	k__Fungi; p__Fungi_k; c__Fungi_k; o__Fungi_k; f__Fungi_k; g__Fungi_k; s__Fungi_k	0.999999999999996	NA	NA	NA	NA	NA	NA	NA	FALSE	NA	NA	NA	NA	NA	NA	NA	NA	Fungi_k	Fungi_k	k__Fungi; p__Fungi_k; c__Fungi_k; o__Fungi_k; f__Fungi_k; g__Fungi_k; s__Fungi_k	qiime_retained_no_blast_species	No BLAST species-level top hit was available.
fig4_q30_SE_cutadapt_unite_blast_top1_rescue	Cutadapt	SE	Cutadapt	291a78fb09fc52eec65489c0f9391ea3	1	2	0.0014078558355624384	0.0014078558355624384	Above genus	k__Fungi; p__Fungi_k; c__Fungi_k; o__Fungi_k; f__Fungi_k; g__Fungi_k; s__Fungi_k	1.000000000000003	NA	NA	NA	NA	NA	NA	NA	FALSE	NA	NA	NA	NA	NA	NA	NA	NA	Fungi_k	Fungi_k	k__Fungi; p__Fungi_k; c__Fungi_k; o__Fungi_k; f__Fungi_k; g__Fungi_k; s__Fungi_k	qiime_retained_no_blast_species	No BLAST species-level top hit was available.
fig4_q30_SE_cutadapt_unite_blast_top1_rescue	Cutadapt	SE	Cutadapt	46af2089e83994319d971cbc29507615	1	2	0.0018948186184877453	0.0018948186184877453	Above genus	k__Fungi; p__Fungi_k; c__Fungi_k; o__Fungi_k; f__Fungi_k; g__Fungi_k; s__Fungi_k	1.000000000000003	NA	NA	NA	NA	NA	NA	NA	FALSE	NA	NA	NA	NA	NA	NA	NA	NA	Fungi_k	Fungi_k	k__Fungi; p__Fungi_k; c__Fungi_k; o__Fungi_k; f__Fungi_k; g__Fungi_k; s__Fungi_k	qiime_retained_no_blast_species	No BLAST species-level top hit was available.
fig4_q30_SE_cutadapt_unite_blast_top1_rescue	Cutadapt	SE	Cutadapt	70d60c1f3f6ba9ae04d78ef6f824c9b8	1	2	0.0014870330716155128	0.0014870330716155128	Above genus	k__Fungi; p__Fungi_k; c__Fungi_k; o__Fungi_k; f__Fungi_k; g__Fungi_k; s__Fungi_k	0.9999999999999982	NA	NA	NA	NA	NA	NA	NA	FALSE	NA	NA	NA	NA	NA	NA	NA	NA	Fungi_k	Fungi_k	k__Fungi; p__Fungi_k; c__Fungi_k; o__Fungi_k; f__Fungi_k; g__Fungi_k; s__Fungi_k	qiime_retained_no_blast_species	No BLAST species-level top hit was available.
fig4_q30_SE_cutadapt_unite_blast_top1_rescue	Cutadapt	SE	Cutadapt	a7c166e09c38af96a5fccc7a43c6065d	1	2	0.0014078558355624384	0.0014078558355624384	Above genus	k__Fungi; p__Ascomycota; c__Ascomycota_p; o__Ascomycota_p; f__Ascomycota_p; g__Ascomycota_p; s__Ascomycota_p	0.7411079106687806	NA	NA	NA	NA	NA	NA	NA	FALSE	NA	NA	NA	NA	NA	NA	NA	NA	Ascomycota_p	Ascomycota_p	k__Fungi; p__Ascomycota; c__Ascomycota_p; o__Ascomycota_p; f__Ascomycota_p; g__Ascomycota_p; s__Ascomycota_p	qiime_retained_no_blast_species	No BLAST species-level top hit was available.
fig4_q30_SE_cutadapt_unite_blast_top1_rescue	Cutadapt	SE	Cutadapt	ad19965cbabe7075d634d4d224ccbdd8	1	2	0.0014870330716155128	0.0014870330716155128	Above genus	k__Fungi; p__Ascomycota; c__Ascomycota_p; o__Ascomycota_p; f__Ascomycota_p; g__Ascomycota_p; s__Ascomycota_p	0.7807550635919981	NA	NA	NA	NA	NA	NA	NA	FALSE	NA	NA	NA	NA	NA	NA	NA	NA	Ascomycota_p	Ascomycota_p	k__Fungi; p__Ascomycota; c__Ascomycota_p; o__Ascomycota_p; f__Ascomycota_p; g__Ascomycota_p; s__Ascomycota_p	qiime_retained_no_blast_species	No BLAST species-level top hit was available.
fig4_q30_SE_cutadapt_unite_blast_top1_rescue	Cutadapt	SE	Cutadapt	cdd4c8be3d7c15248e9dee490ecf867a	1	2	0.0018948186184877453	0.0018948186184877453	Above genus	k__Fungi; p__Fungi_k; c__Fungi_k; o__Fungi_k; f__Fungi_k; g__Fungi_k; s__Fungi_k	0.999999999999993	NA	NA	NA	NA	NA	NA	NA	FALSE	NA	NA	NA	NA	NA	NA	NA	NA	Fungi_k	Fungi_k	k__Fungi; p__Fungi_k; c__Fungi_k; o__Fungi_k; f__Fungi_k; g__Fungi_k; s__Fungi_k	qiime_retained_no_blast_species	No BLAST species-level top hit was available.
fig4_q30_SE_cutadapt_unite_blast_top1_rescue	Cutadapt	SE	Cutadapt	ec4276f41a3a82838b695987e7bb5ed1	1	2	0.0014078558355624384	0.0014078558355624384	Above genus	k__Fungi; p__Ascomycota; c__Ascomycota_p; o__Ascomycota_p; f__Ascomycota_p; g__Ascomycota_p; s__Ascomycota_p	0.7249542891877157	NA	NA	NA	NA	NA	NA	NA	FALSE	NA	NA	NA	NA	NA	NA	NA	NA	Ascomycota_p	Ascomycota_p	k__Fungi; p__Ascomycota; c__Ascomycota_p; o__Ascomycota_p; f__Ascomycota_p; g__Ascomycota_p; s__Ascomycota_p	qiime_retained_no_blast_species	No BLAST species-level top hit was available.
