run_id	sample_id	Xaxis	DNA_kit	replicate	matrix_type	taxonomy_method	BLAST	Trimm	Paired	taxon_display	relative_abundance
fig4_q20_PE_cutadapt_unite	1D	fig4_q20_PE_cutadapt_unite_1D	DNeasy	1	mock_only	UNITE	No_BLAST	Cutadapt	PE	Aspergillus_fumigatus	0.033431967376168686
fig4_q20_PE_cutadapt_unite	1D	fig4_q20_PE_cutadapt_unite_1D	DNeasy	1	mock_only	UNITE	No_BLAST	Cutadapt	PE	NA	0
fig4_q20_PE_cutadapt_unite	1D	fig4_q20_PE_cutadapt_unite_1D	DNeasy	1	mock_only	UNITE	No_BLAST	Cutadapt	PE	NA	0
fig4_q20_PE_cutadapt_unite	1D	fig4_q20_PE_cutadapt_unite_1D	DNeasy	1	mock_only	UNITE	No_BLAST	Cutadapt	PE	Candida_albicans	0.288616471056296
fig4_q20_PE_cutadapt_unite	1D	fig4_q20_PE_cutadapt_unite_1D	DNeasy	1	mock_only	UNITE	No_BLAST	Cutadapt	PE	NA	0
fig4_q20_PE_cutadapt_unite	1D	fig4_q20_PE_cutadapt_unite_1D	DNeasy	1	mock_only	UNITE	No_BLAST	Cutadapt	PE	Cryptococcus_neoformans	0.13983240501293018
fig4_q20_PE_cutadapt_unite	1D	fig4_q20_PE_cutadapt_unite_1D	DNeasy	1	mock_only	UNITE	No_BLAST	Cutadapt	PE	NA	0
fig4_q20_PE_cutadapt_unite	1D	fig4_q20_PE_cutadapt_unite_1D	DNeasy	1	mock_only	UNITE	No_BLAST	Cutadapt	PE	NA	0
fig4_q20_PE_cutadapt_unite	1D	fig4_q20_PE_cutadapt_unite_1D	DNeasy	1	mock_only	UNITE	No_BLAST	Cutadapt	PE	Cutaneotrichosporon_mucoides	0.23633628406604337
fig4_q20_PE_cutadapt_unite	1D	fig4_q20_PE_cutadapt_unite_1D	DNeasy	1	mock_only	UNITE	No_BLAST	Cutadapt	PE	Fusarium_keratoplasticum	0
fig4_q20_PE_cutadapt_unite	1D	fig4_q20_PE_cutadapt_unite_1D	DNeasy	1	mock_only	UNITE	No_BLAST	Cutadapt	PE	NA	0
fig4_q20_PE_cutadapt_unite	1D	fig4_q20_PE_cutadapt_unite_1D	DNeasy	1	mock_only	UNITE	No_BLAST	Cutadapt	PE	Malassezia_globosa	0
fig4_q20_PE_cutadapt_unite	1D	fig4_q20_PE_cutadapt_unite_1D	DNeasy	1	mock_only	UNITE	No_BLAST	Cutadapt	PE	NA	0
fig4_q20_PE_cutadapt_unite	1D	fig4_q20_PE_cutadapt_unite_1D	DNeasy	1	mock_only	UNITE	No_BLAST	Cutadapt	PE	Nakaseomyces_glabratus	0.10883727869504675
fig4_q20_PE_cutadapt_unite	1D	fig4_q20_PE_cutadapt_unite_1D	DNeasy	1	mock_only	UNITE	No_BLAST	Cutadapt	PE	Other	0.12616868907897355
fig4_q20_PE_cutadapt_unite	1D	fig4_q20_PE_cutadapt_unite_1D	DNeasy	1	mock_only	UNITE	No_BLAST	Cutadapt	PE	NA	0
fig4_q20_PE_cutadapt_unite	1D	fig4_q20_PE_cutadapt_unite_1D	DNeasy	1	mock_only	UNITE	No_BLAST	Cutadapt	PE	NA	0
fig4_q20_PE_cutadapt_unite	1D	fig4_q20_PE_cutadapt_unite_1D	DNeasy	1	mock_only	UNITE	No_BLAST	Cutadapt	PE	NA	0
fig4_q20_PE_cutadapt_unite	1D	fig4_q20_PE_cutadapt_unite_1D	DNeasy	1	mock_only	UNITE	No_BLAST	Cutadapt	PE	Penicillium_flavigenum	9.573304157549234e-4
fig4_q20_PE_cutadapt_unite	1D	fig4_q20_PE_cutadapt_unite_1D	DNeasy	1	mock_only	UNITE	No_BLAST	Cutadapt	PE	NA	0
fig4_q20_PE_cutadapt_unite	1D	fig4_q20_PE_cutadapt_unite_1D	DNeasy	1	mock_only	UNITE	No_BLAST	Cutadapt	PE	NA	0
fig4_q20_PE_cutadapt_unite	1D	fig4_q20_PE_cutadapt_unite_1D	DNeasy	1	mock_only	UNITE	No_BLAST	Cutadapt	PE	NA	0
fig4_q20_PE_cutadapt_unite	1D	fig4_q20_PE_cutadapt_unite_1D	DNeasy	1	mock_only	UNITE	No_BLAST	Cutadapt	PE	Saccharomyces_cerevisiae	0.06085886214442013
fig4_q20_PE_cutadapt_unite	1D	fig4_q20_PE_cutadapt_unite_1D	DNeasy	1	mock_only	UNITE	No_BLAST	Cutadapt	PE	Saccharomyces_kudriavzevii	0
fig4_q20_PE_cutadapt_unite	1D	fig4_q20_PE_cutadapt_unite_1D	DNeasy	1	mock_only	UNITE	No_BLAST	Cutadapt	PE	NA	0
fig4_q20_PE_cutadapt_unite	1D	fig4_q20_PE_cutadapt_unite_1D	DNeasy	1	mock_only	UNITE	No_BLAST	Cutadapt	PE	Trichophyton_mentagrophytes	0.0049607121543664215
fig4_q20_PE_cutadapt_unite	1D	fig4_q20_PE_cutadapt_unite_1D	DNeasy	1	mock_only	UNITE+BLAST	BLAST	Cutadapt	PE	Aspergillus_fumigatus	0.033431967376168686
fig4_q20_PE_cutadapt_unite	1D	fig4_q20_PE_cutadapt_unite_1D	DNeasy	1	mock_only	UNITE+BLAST	BLAST	Cutadapt	PE	NA	0
fig4_q20_PE_cutadapt_unite	1D	fig4_q20_PE_cutadapt_unite_1D	DNeasy	1	mock_only	UNITE+BLAST	BLAST	Cutadapt	PE	NA	0
fig4_q20_PE_cutadapt_unite	1D	fig4_q20_PE_cutadapt_unite_1D	DNeasy	1	mock_only	UNITE+BLAST	BLAST	Cutadapt	PE	Candida_albicans	0.288616471056296
fig4_q20_PE_cutadapt_unite	1D	fig4_q20_PE_cutadapt_unite_1D	DNeasy	1	mock_only	UNITE+BLAST	BLAST	Cutadapt	PE	NA	0
fig4_q20_PE_cutadapt_unite	1D	fig4_q20_PE_cutadapt_unite_1D	DNeasy	1	mock_only	UNITE+BLAST	BLAST	Cutadapt	PE	Cryptococcus_neoformans	0.13983240501293018
fig4_q20_PE_cutadapt_unite	1D	fig4_q20_PE_cutadapt_unite_1D	DNeasy	1	mock_only	UNITE+BLAST	BLAST	Cutadapt	PE	NA	0
fig4_q20_PE_cutadapt_unite	1D	fig4_q20_PE_cutadapt_unite_1D	DNeasy	1	mock_only	UNITE+BLAST	BLAST	Cutadapt	PE	NA	0
fig4_q20_PE_cutadapt_unite	1D	fig4_q20_PE_cutadapt_unite_1D	DNeasy	1	mock_only	UNITE+BLAST	BLAST	Cutadapt	PE	Cutaneotrichosporon_mucoides	0.23633628406604337
fig4_q20_PE_cutadapt_unite	1D	fig4_q20_PE_cutadapt_unite_1D	DNeasy	1	mock_only	UNITE+BLAST	BLAST	Cutadapt	PE	Fusarium_keratoplasticum	0.0020762880445593795
fig4_q20_PE_cutadapt_unite	1D	fig4_q20_PE_cutadapt_unite_1D	DNeasy	1	mock_only	UNITE+BLAST	BLAST	Cutadapt	PE	NA	0
fig4_q20_PE_cutadapt_unite	1D	fig4_q20_PE_cutadapt_unite_1D	DNeasy	1	mock_only	UNITE+BLAST	BLAST	Cutadapt	PE	Malassezia_globosa	0
fig4_q20_PE_cutadapt_unite	1D	fig4_q20_PE_cutadapt_unite_1D	DNeasy	1	mock_only	UNITE+BLAST	BLAST	Cutadapt	PE	NA	0
fig4_q20_PE_cutadapt_unite	1D	fig4_q20_PE_cutadapt_unite_1D	DNeasy	1	mock_only	UNITE+BLAST	BLAST	Cutadapt	PE	Nakaseomyces_glabratus	0.10883727869504675
fig4_q20_PE_cutadapt_unite	1D	fig4_q20_PE_cutadapt_unite_1D	DNeasy	1	mock_only	UNITE+BLAST	BLAST	Cutadapt	PE	Other	0.12409240103441417
fig4_q20_PE_cutadapt_unite	1D	fig4_q20_PE_cutadapt_unite_1D	DNeasy	1	mock_only	UNITE+BLAST	BLAST	Cutadapt	PE	NA	0
fig4_q20_PE_cutadapt_unite	1D	fig4_q20_PE_cutadapt_unite_1D	DNeasy	1	mock_only	UNITE+BLAST	BLAST	Cutadapt	PE	NA	0
fig4_q20_PE_cutadapt_unite	1D	fig4_q20_PE_cutadapt_unite_1D	DNeasy	1	mock_only	UNITE+BLAST	BLAST	Cutadapt	PE	NA	0
fig4_q20_PE_cutadapt_unite	1D	fig4_q20_PE_cutadapt_unite_1D	DNeasy	1	mock_only	UNITE+BLAST	BLAST	Cutadapt	PE	Penicillium_flavigenum	9.573304157549234e-4
fig4_q20_PE_cutadapt_unite	1D	fig4_q20_PE_cutadapt_unite_1D	DNeasy	1	mock_only	UNITE+BLAST	BLAST	Cutadapt	PE	NA	0
fig4_q20_PE_cutadapt_unite	1D	fig4_q20_PE_cutadapt_unite_1D	DNeasy	1	mock_only	UNITE+BLAST	BLAST	Cutadapt	PE	NA	0
fig4_q20_PE_cutadapt_unite	1D	fig4_q20_PE_cutadapt_unite_1D	DNeasy	1	mock_only	UNITE+BLAST	BLAST	Cutadapt	PE	NA	0
fig4_q20_PE_cutadapt_unite	1D	fig4_q20_PE_cutadapt_unite_1D	DNeasy	1	mock_only	UNITE+BLAST	BLAST	Cutadapt	PE	Saccharomyces_cerevisiae	0.06085886214442013
fig4_q20_PE_cutadapt_unite	1D	fig4_q20_PE_cutadapt_unite_1D	DNeasy	1	mock_only	UNITE+BLAST	BLAST	Cutadapt	PE	Saccharomyces_kudriavzevii	0
fig4_q20_PE_cutadapt_unite	1D	fig4_q20_PE_cutadapt_unite_1D	DNeasy	1	mock_only	UNITE+BLAST	BLAST	Cutadapt	PE	NA	0
fig4_q20_PE_cutadapt_unite	1D	fig4_q20_PE_cutadapt_unite_1D	DNeasy	1	mock_only	UNITE+BLAST	BLAST	Cutadapt	PE	Trichophyton_mentagrophytes	0.0049607121543664215
fig4_q20_PE_cutadapt_unite	1Q	fig4_q20_PE_cutadapt_unite_1Q	QIAamp	1	mock_only	UNITE	No_BLAST	Cutadapt	PE	Aspergillus_fumigatus	0.030144019633169723
fig4_q20_PE_cutadapt_unite	1Q	fig4_q20_PE_cutadapt_unite_1Q	QIAamp	1	mock_only	UNITE	No_BLAST	Cutadapt	PE	NA	0
fig4_q20_PE_cutadapt_unite	1Q	fig4_q20_PE_cutadapt_unite_1Q	QIAamp	1	mock_only	UNITE	No_BLAST	Cutadapt	PE	NA	0
fig4_q20_PE_cutadapt_unite	1Q	fig4_q20_PE_cutadapt_unite_1Q	QIAamp	1	mock_only	UNITE	No_BLAST	Cutadapt	PE	Candida_albicans	0.2899606044949625
fig4_q20_PE_cutadapt_unite	1Q	fig4_q20_PE_cutadapt_unite_1Q	QIAamp	1	mock_only	UNITE	No_BLAST	Cutadapt	PE	NA	0
fig4_q20_PE_cutadapt_unite	1Q	fig4_q20_PE_cutadapt_unite_1Q	QIAamp	1	mock_only	UNITE	No_BLAST	Cutadapt	PE	Cryptococcus_neoformans	0.16253874967708604
fig4_q20_PE_cutadapt_unite	1Q	fig4_q20_PE_cutadapt_unite_1Q	QIAamp	1	mock_only	UNITE	No_BLAST	Cutadapt	PE	NA	0
fig4_q20_PE_cutadapt_unite	1Q	fig4_q20_PE_cutadapt_unite_1Q	QIAamp	1	mock_only	UNITE	No_BLAST	Cutadapt	PE	NA	0
fig4_q20_PE_cutadapt_unite	1Q	fig4_q20_PE_cutadapt_unite_1Q	QIAamp	1	mock_only	UNITE	No_BLAST	Cutadapt	PE	Cutaneotrichosporon_mucoides	0.22888142598811675
fig4_q20_PE_cutadapt_unite	1Q	fig4_q20_PE_cutadapt_unite_1Q	QIAamp	1	mock_only	UNITE	No_BLAST	Cutadapt	PE	Fusarium_keratoplasticum	0
fig4_q20_PE_cutadapt_unite	1Q	fig4_q20_PE_cutadapt_unite_1Q	QIAamp	1	mock_only	UNITE	No_BLAST	Cutadapt	PE	NA	0
fig4_q20_PE_cutadapt_unite	1Q	fig4_q20_PE_cutadapt_unite_1Q	QIAamp	1	mock_only	UNITE	No_BLAST	Cutadapt	PE	Malassezia_globosa	0
fig4_q20_PE_cutadapt_unite	1Q	fig4_q20_PE_cutadapt_unite_1Q	QIAamp	1	mock_only	UNITE	No_BLAST	Cutadapt	PE	NA	0
fig4_q20_PE_cutadapt_unite	1Q	fig4_q20_PE_cutadapt_unite_1Q	QIAamp	1	mock_only	UNITE	No_BLAST	Cutadapt	PE	Nakaseomyces_glabratus	0.11944587961766985
fig4_q20_PE_cutadapt_unite	1Q	fig4_q20_PE_cutadapt_unite_1Q	QIAamp	1	mock_only	UNITE	No_BLAST	Cutadapt	PE	Other	0.12043884009299922
fig4_q20_PE_cutadapt_unite	1Q	fig4_q20_PE_cutadapt_unite_1Q	QIAamp	1	mock_only	UNITE	No_BLAST	Cutadapt	PE	NA	0
fig4_q20_PE_cutadapt_unite	1Q	fig4_q20_PE_cutadapt_unite_1Q	QIAamp	1	mock_only	UNITE	No_BLAST	Cutadapt	PE	NA	0
fig4_q20_PE_cutadapt_unite	1Q	fig4_q20_PE_cutadapt_unite_1Q	QIAamp	1	mock_only	UNITE	No_BLAST	Cutadapt	PE	NA	0
fig4_q20_PE_cutadapt_unite	1Q	fig4_q20_PE_cutadapt_unite_1Q	QIAamp	1	mock_only	UNITE	No_BLAST	Cutadapt	PE	Penicillium_flavigenum	0
fig4_q20_PE_cutadapt_unite	1Q	fig4_q20_PE_cutadapt_unite_1Q	QIAamp	1	mock_only	UNITE	No_BLAST	Cutadapt	PE	NA	0
fig4_q20_PE_cutadapt_unite	1Q	fig4_q20_PE_cutadapt_unite_1Q	QIAamp	1	mock_only	UNITE	No_BLAST	Cutadapt	PE	NA	0
fig4_q20_PE_cutadapt_unite	1Q	fig4_q20_PE_cutadapt_unite_1Q	QIAamp	1	mock_only	UNITE	No_BLAST	Cutadapt	PE	NA	0
fig4_q20_PE_cutadapt_unite	1Q	fig4_q20_PE_cutadapt_unite_1Q	QIAamp	1	mock_only	UNITE	No_BLAST	Cutadapt	PE	Saccharomyces_cerevisiae	0.04364989666752777
fig4_q20_PE_cutadapt_unite	1Q	fig4_q20_PE_cutadapt_unite_1Q	QIAamp	1	mock_only	UNITE	No_BLAST	Cutadapt	PE	Saccharomyces_kudriavzevii	0
fig4_q20_PE_cutadapt_unite	1Q	fig4_q20_PE_cutadapt_unite_1Q	QIAamp	1	mock_only	UNITE	No_BLAST	Cutadapt	PE	NA	0
fig4_q20_PE_cutadapt_unite	1Q	fig4_q20_PE_cutadapt_unite_1Q	QIAamp	1	mock_only	UNITE	No_BLAST	Cutadapt	PE	Trichophyton_mentagrophytes	0.004940583828468096
fig4_q20_PE_cutadapt_unite	1Q	fig4_q20_PE_cutadapt_unite_1Q	QIAamp	1	mock_only	UNITE+BLAST	BLAST	Cutadapt	PE	Aspergillus_fumigatus	0.030144019633169723
fig4_q20_PE_cutadapt_unite	1Q	fig4_q20_PE_cutadapt_unite_1Q	QIAamp	1	mock_only	UNITE+BLAST	BLAST	Cutadapt	PE	NA	0
fig4_q20_PE_cutadapt_unite	1Q	fig4_q20_PE_cutadapt_unite_1Q	QIAamp	1	mock_only	UNITE+BLAST	BLAST	Cutadapt	PE	NA	0
fig4_q20_PE_cutadapt_unite	1Q	fig4_q20_PE_cutadapt_unite_1Q	QIAamp	1	mock_only	UNITE+BLAST	BLAST	Cutadapt	PE	Candida_albicans	0.2899606044949625
fig4_q20_PE_cutadapt_unite	1Q	fig4_q20_PE_cutadapt_unite_1Q	QIAamp	1	mock_only	UNITE+BLAST	BLAST	Cutadapt	PE	NA	0
fig4_q20_PE_cutadapt_unite	1Q	fig4_q20_PE_cutadapt_unite_1Q	QIAamp	1	mock_only	UNITE+BLAST	BLAST	Cutadapt	PE	Cryptococcus_neoformans	0.16253874967708604
fig4_q20_PE_cutadapt_unite	1Q	fig4_q20_PE_cutadapt_unite_1Q	QIAamp	1	mock_only	UNITE+BLAST	BLAST	Cutadapt	PE	NA	0
fig4_q20_PE_cutadapt_unite	1Q	fig4_q20_PE_cutadapt_unite_1Q	QIAamp	1	mock_only	UNITE+BLAST	BLAST	Cutadapt	PE	NA	0
fig4_q20_PE_cutadapt_unite	1Q	fig4_q20_PE_cutadapt_unite_1Q	QIAamp	1	mock_only	UNITE+BLAST	BLAST	Cutadapt	PE	Cutaneotrichosporon_mucoides	0.22888142598811675
fig4_q20_PE_cutadapt_unite	1Q	fig4_q20_PE_cutadapt_unite_1Q	QIAamp	1	mock_only	UNITE+BLAST	BLAST	Cutadapt	PE	Fusarium_keratoplasticum	0.0018163911134073882
fig4_q20_PE_cutadapt_unite	1Q	fig4_q20_PE_cutadapt_unite_1Q	QIAamp	1	mock_only	UNITE+BLAST	BLAST	Cutadapt	PE	NA	0
fig4_q20_PE_cutadapt_unite	1Q	fig4_q20_PE_cutadapt_unite_1Q	QIAamp	1	mock_only	UNITE+BLAST	BLAST	Cutadapt	PE	Malassezia_globosa	0
fig4_q20_PE_cutadapt_unite	1Q	fig4_q20_PE_cutadapt_unite_1Q	QIAamp	1	mock_only	UNITE+BLAST	BLAST	Cutadapt	PE	NA	0
fig4_q20_PE_cutadapt_unite	1Q	fig4_q20_PE_cutadapt_unite_1Q	QIAamp	1	mock_only	UNITE+BLAST	BLAST	Cutadapt	PE	Nakaseomyces_glabratus	0.11944587961766985
fig4_q20_PE_cutadapt_unite	1Q	fig4_q20_PE_cutadapt_unite_1Q	QIAamp	1	mock_only	UNITE+BLAST	BLAST	Cutadapt	PE	Other	0.11862244897959184
fig4_q20_PE_cutadapt_unite	1Q	fig4_q20_PE_cutadapt_unite_1Q	QIAamp	1	mock_only	UNITE+BLAST	BLAST	Cutadapt	PE	NA	0
fig4_q20_PE_cutadapt_unite	1Q	fig4_q20_PE_cutadapt_unite_1Q	QIAamp	1	mock_only	UNITE+BLAST	BLAST	Cutadapt	PE	NA	0
fig4_q20_PE_cutadapt_unite	1Q	fig4_q20_PE_cutadapt_unite_1Q	QIAamp	1	mock_only	UNITE+BLAST	BLAST	Cutadapt	PE	NA	0
fig4_q20_PE_cutadapt_unite	1Q	fig4_q20_PE_cutadapt_unite_1Q	QIAamp	1	mock_only	UNITE+BLAST	BLAST	Cutadapt	PE	Penicillium_flavigenum	0
fig4_q20_PE_cutadapt_unite	1Q	fig4_q20_PE_cutadapt_unite_1Q	QIAamp	1	mock_only	UNITE+BLAST	BLAST	Cutadapt	PE	NA	0
fig4_q20_PE_cutadapt_unite	1Q	fig4_q20_PE_cutadapt_unite_1Q	QIAamp	1	mock_only	UNITE+BLAST	BLAST	Cutadapt	PE	NA	0
fig4_q20_PE_cutadapt_unite	1Q	fig4_q20_PE_cutadapt_unite_1Q	QIAamp	1	mock_only	UNITE+BLAST	BLAST	Cutadapt	PE	NA	0
fig4_q20_PE_cutadapt_unite	1Q	fig4_q20_PE_cutadapt_unite_1Q	QIAamp	1	mock_only	UNITE+BLAST	BLAST	Cutadapt	PE	Saccharomyces_cerevisiae	0.04364989666752777
fig4_q20_PE_cutadapt_unite	1Q	fig4_q20_PE_cutadapt_unite_1Q	QIAamp	1	mock_only	UNITE+BLAST	BLAST	Cutadapt	PE	Saccharomyces_kudriavzevii	0
fig4_q20_PE_cutadapt_unite	1Q	fig4_q20_PE_cutadapt_unite_1Q	QIAamp	1	mock_only	UNITE+BLAST	BLAST	Cutadapt	PE	NA	0
fig4_q20_PE_cutadapt_unite	1Q	fig4_q20_PE_cutadapt_unite_1Q	QIAamp	1	mock_only	UNITE+BLAST	BLAST	Cutadapt	PE	Trichophyton_mentagrophytes	0.004940583828468096
fig4_q20_PE_cutadapt_unite	1Z	fig4_q20_PE_cutadapt_unite_1Z	Zymo	1	mock_only	UNITE	No_BLAST	Cutadapt	PE	Aspergillus_fumigatus	0.030654032046856027
fig4_q20_PE_cutadapt_unite	1Z	fig4_q20_PE_cutadapt_unite_1Z	Zymo	1	mock_only	UNITE	No_BLAST	Cutadapt	PE	NA	0
fig4_q20_PE_cutadapt_unite	1Z	fig4_q20_PE_cutadapt_unite_1Z	Zymo	1	mock_only	UNITE	No_BLAST	Cutadapt	PE	NA	0
fig4_q20_PE_cutadapt_unite	1Z	fig4_q20_PE_cutadapt_unite_1Z	Zymo	1	mock_only	UNITE	No_BLAST	Cutadapt	PE	Candida_albicans	0.29117163877050545
fig4_q20_PE_cutadapt_unite	1Z	fig4_q20_PE_cutadapt_unite_1Z	Zymo	1	mock_only	UNITE	No_BLAST	Cutadapt	PE	NA	0
fig4_q20_PE_cutadapt_unite	1Z	fig4_q20_PE_cutadapt_unite_1Z	Zymo	1	mock_only	UNITE	No_BLAST	Cutadapt	PE	Cryptococcus_neoformans	0.13522297088164567
fig4_q20_PE_cutadapt_unite	1Z	fig4_q20_PE_cutadapt_unite_1Z	Zymo	1	mock_only	UNITE	No_BLAST	Cutadapt	PE	NA	0
fig4_q20_PE_cutadapt_unite	1Z	fig4_q20_PE_cutadapt_unite_1Z	Zymo	1	mock_only	UNITE	No_BLAST	Cutadapt	PE	NA	0
fig4_q20_PE_cutadapt_unite	1Z	fig4_q20_PE_cutadapt_unite_1Z	Zymo	1	mock_only	UNITE	No_BLAST	Cutadapt	PE	Cutaneotrichosporon_mucoides	0.2723387538391943
fig4_q20_PE_cutadapt_unite	1Z	fig4_q20_PE_cutadapt_unite_1Z	Zymo	1	mock_only	UNITE	No_BLAST	Cutadapt	PE	Fusarium_keratoplasticum	0
fig4_q20_PE_cutadapt_unite	1Z	fig4_q20_PE_cutadapt_unite_1Z	Zymo	1	mock_only	UNITE	No_BLAST	Cutadapt	PE	NA	0
fig4_q20_PE_cutadapt_unite	1Z	fig4_q20_PE_cutadapt_unite_1Z	Zymo	1	mock_only	UNITE	No_BLAST	Cutadapt	PE	Malassezia_globosa	0
fig4_q20_PE_cutadapt_unite	1Z	fig4_q20_PE_cutadapt_unite_1Z	Zymo	1	mock_only	UNITE	No_BLAST	Cutadapt	PE	NA	0
fig4_q20_PE_cutadapt_unite	1Z	fig4_q20_PE_cutadapt_unite_1Z	Zymo	1	mock_only	UNITE	No_BLAST	Cutadapt	PE	Nakaseomyces_glabratus	0.0918311468774553
fig4_q20_PE_cutadapt_unite	1Z	fig4_q20_PE_cutadapt_unite_1Z	Zymo	1	mock_only	UNITE	No_BLAST	Cutadapt	PE	Other	0.1289255017737673
fig4_q20_PE_cutadapt_unite	1Z	fig4_q20_PE_cutadapt_unite_1Z	Zymo	1	mock_only	UNITE	No_BLAST	Cutadapt	PE	NA	0
fig4_q20_PE_cutadapt_unite	1Z	fig4_q20_PE_cutadapt_unite_1Z	Zymo	1	mock_only	UNITE	No_BLAST	Cutadapt	PE	NA	0
fig4_q20_PE_cutadapt_unite	1Z	fig4_q20_PE_cutadapt_unite_1Z	Zymo	1	mock_only	UNITE	No_BLAST	Cutadapt	PE	NA	0
fig4_q20_PE_cutadapt_unite	1Z	fig4_q20_PE_cutadapt_unite_1Z	Zymo	1	mock_only	UNITE	No_BLAST	Cutadapt	PE	Penicillium_flavigenum	0
fig4_q20_PE_cutadapt_unite	1Z	fig4_q20_PE_cutadapt_unite_1Z	Zymo	1	mock_only	UNITE	No_BLAST	Cutadapt	PE	NA	0
fig4_q20_PE_cutadapt_unite	1Z	fig4_q20_PE_cutadapt_unite_1Z	Zymo	1	mock_only	UNITE	No_BLAST	Cutadapt	PE	NA	0
fig4_q20_PE_cutadapt_unite	1Z	fig4_q20_PE_cutadapt_unite_1Z	Zymo	1	mock_only	UNITE	No_BLAST	Cutadapt	PE	NA	0
fig4_q20_PE_cutadapt_unite	1Z	fig4_q20_PE_cutadapt_unite_1Z	Zymo	1	mock_only	UNITE	No_BLAST	Cutadapt	PE	Saccharomyces_cerevisiae	0.045272731601628535
fig4_q20_PE_cutadapt_unite	1Z	fig4_q20_PE_cutadapt_unite_1Z	Zymo	1	mock_only	UNITE	No_BLAST	Cutadapt	PE	Saccharomyces_kudriavzevii	0
fig4_q20_PE_cutadapt_unite	1Z	fig4_q20_PE_cutadapt_unite_1Z	Zymo	1	mock_only	UNITE	No_BLAST	Cutadapt	PE	NA	0
fig4_q20_PE_cutadapt_unite	1Z	fig4_q20_PE_cutadapt_unite_1Z	Zymo	1	mock_only	UNITE	No_BLAST	Cutadapt	PE	Trichophyton_mentagrophytes	0.004583224208947406
fig4_q20_PE_cutadapt_unite	1Z	fig4_q20_PE_cutadapt_unite_1Z	Zymo	1	mock_only	UNITE+BLAST	BLAST	Cutadapt	PE	Aspergillus_fumigatus	0.030654032046856027
fig4_q20_PE_cutadapt_unite	1Z	fig4_q20_PE_cutadapt_unite_1Z	Zymo	1	mock_only	UNITE+BLAST	BLAST	Cutadapt	PE	NA	0
fig4_q20_PE_cutadapt_unite	1Z	fig4_q20_PE_cutadapt_unite_1Z	Zymo	1	mock_only	UNITE+BLAST	BLAST	Cutadapt	PE	NA	0
fig4_q20_PE_cutadapt_unite	1Z	fig4_q20_PE_cutadapt_unite_1Z	Zymo	1	mock_only	UNITE+BLAST	BLAST	Cutadapt	PE	Candida_albicans	0.29117163877050545
fig4_q20_PE_cutadapt_unite	1Z	fig4_q20_PE_cutadapt_unite_1Z	Zymo	1	mock_only	UNITE+BLAST	BLAST	Cutadapt	PE	NA	0
fig4_q20_PE_cutadapt_unite	1Z	fig4_q20_PE_cutadapt_unite_1Z	Zymo	1	mock_only	UNITE+BLAST	BLAST	Cutadapt	PE	Cryptococcus_neoformans	0.13522297088164567
fig4_q20_PE_cutadapt_unite	1Z	fig4_q20_PE_cutadapt_unite_1Z	Zymo	1	mock_only	UNITE+BLAST	BLAST	Cutadapt	PE	NA	0
fig4_q20_PE_cutadapt_unite	1Z	fig4_q20_PE_cutadapt_unite_1Z	Zymo	1	mock_only	UNITE+BLAST	BLAST	Cutadapt	PE	NA	0
fig4_q20_PE_cutadapt_unite	1Z	fig4_q20_PE_cutadapt_unite_1Z	Zymo	1	mock_only	UNITE+BLAST	BLAST	Cutadapt	PE	Cutaneotrichosporon_mucoides	0.2723387538391943
fig4_q20_PE_cutadapt_unite	1Z	fig4_q20_PE_cutadapt_unite_1Z	Zymo	1	mock_only	UNITE+BLAST	BLAST	Cutadapt	PE	Fusarium_keratoplasticum	0.0014523463727054119
fig4_q20_PE_cutadapt_unite	1Z	fig4_q20_PE_cutadapt_unite_1Z	Zymo	1	mock_only	UNITE+BLAST	BLAST	Cutadapt	PE	NA	0
fig4_q20_PE_cutadapt_unite	1Z	fig4_q20_PE_cutadapt_unite_1Z	Zymo	1	mock_only	UNITE+BLAST	BLAST	Cutadapt	PE	Malassezia_globosa	5.952239232399229e-5
fig4_q20_PE_cutadapt_unite	1Z	fig4_q20_PE_cutadapt_unite_1Z	Zymo	1	mock_only	UNITE+BLAST	BLAST	Cutadapt	PE	NA	0
fig4_q20_PE_cutadapt_unite	1Z	fig4_q20_PE_cutadapt_unite_1Z	Zymo	1	mock_only	UNITE+BLAST	BLAST	Cutadapt	PE	Nakaseomyces_glabratus	0.0918311468774553
fig4_q20_PE_cutadapt_unite	1Z	fig4_q20_PE_cutadapt_unite_1Z	Zymo	1	mock_only	UNITE+BLAST	BLAST	Cutadapt	PE	Other	0.1273898240518083
fig4_q20_PE_cutadapt_unite	1Z	fig4_q20_PE_cutadapt_unite_1Z	Zymo	1	mock_only	UNITE+BLAST	BLAST	Cutadapt	PE	NA	0
fig4_q20_PE_cutadapt_unite	1Z	fig4_q20_PE_cutadapt_unite_1Z	Zymo	1	mock_only	UNITE+BLAST	BLAST	Cutadapt	PE	NA	0
fig4_q20_PE_cutadapt_unite	1Z	fig4_q20_PE_cutadapt_unite_1Z	Zymo	1	mock_only	UNITE+BLAST	BLAST	Cutadapt	PE	NA	0
fig4_q20_PE_cutadapt_unite	1Z	fig4_q20_PE_cutadapt_unite_1Z	Zymo	1	mock_only	UNITE+BLAST	BLAST	Cutadapt	PE	Penicillium_flavigenum	0
fig4_q20_PE_cutadapt_unite	1Z	fig4_q20_PE_cutadapt_unite_1Z	Zymo	1	mock_only	UNITE+BLAST	BLAST	Cutadapt	PE	NA	0
fig4_q20_PE_cutadapt_unite	1Z	fig4_q20_PE_cutadapt_unite_1Z	Zymo	1	mock_only	UNITE+BLAST	BLAST	Cutadapt	PE	NA	0
fig4_q20_PE_cutadapt_unite	1Z	fig4_q20_PE_cutadapt_unite_1Z	Zymo	1	mock_only	UNITE+BLAST	BLAST	Cutadapt	PE	NA	0
fig4_q20_PE_cutadapt_unite	1Z	fig4_q20_PE_cutadapt_unite_1Z	Zymo	1	mock_only	UNITE+BLAST	BLAST	Cutadapt	PE	Saccharomyces_cerevisiae	0.045272731601628535
fig4_q20_PE_cutadapt_unite	1Z	fig4_q20_PE_cutadapt_unite_1Z	Zymo	1	mock_only	UNITE+BLAST	BLAST	Cutadapt	PE	Saccharomyces_kudriavzevii	2.3808956929596913e-5
fig4_q20_PE_cutadapt_unite	1Z	fig4_q20_PE_cutadapt_unite_1Z	Zymo	1	mock_only	UNITE+BLAST	BLAST	Cutadapt	PE	NA	0
fig4_q20_PE_cutadapt_unite	1Z	fig4_q20_PE_cutadapt_unite_1Z	Zymo	1	mock_only	UNITE+BLAST	BLAST	Cutadapt	PE	Trichophyton_mentagrophytes	0.004583224208947406
fig4_q20_PE_cutadapt_unite	2D	fig4_q20_PE_cutadapt_unite_2D	DNeasy	2	mock_only	UNITE	No_BLAST	Cutadapt	PE	Aspergillus_fumigatus	0.027211640478957206
fig4_q20_PE_cutadapt_unite	2D	fig4_q20_PE_cutadapt_unite_2D	DNeasy	2	mock_only	UNITE	No_BLAST	Cutadapt	PE	NA	0
fig4_q20_PE_cutadapt_unite	2D	fig4_q20_PE_cutadapt_unite_2D	DNeasy	2	mock_only	UNITE	No_BLAST	Cutadapt	PE	NA	0
fig4_q20_PE_cutadapt_unite	2D	fig4_q20_PE_cutadapt_unite_2D	DNeasy	2	mock_only	UNITE	No_BLAST	Cutadapt	PE	Candida_albicans	0.3085131106957005
fig4_q20_PE_cutadapt_unite	2D	fig4_q20_PE_cutadapt_unite_2D	DNeasy	2	mock_only	UNITE	No_BLAST	Cutadapt	PE	NA	0
fig4_q20_PE_cutadapt_unite	2D	fig4_q20_PE_cutadapt_unite_2D	DNeasy	2	mock_only	UNITE	No_BLAST	Cutadapt	PE	Cryptococcus_neoformans	0.14615268024048905
fig4_q20_PE_cutadapt_unite	2D	fig4_q20_PE_cutadapt_unite_2D	DNeasy	2	mock_only	UNITE	No_BLAST	Cutadapt	PE	NA	0
fig4_q20_PE_cutadapt_unite	2D	fig4_q20_PE_cutadapt_unite_2D	DNeasy	2	mock_only	UNITE	No_BLAST	Cutadapt	PE	NA	0
fig4_q20_PE_cutadapt_unite	2D	fig4_q20_PE_cutadapt_unite_2D	DNeasy	2	mock_only	UNITE	No_BLAST	Cutadapt	PE	Cutaneotrichosporon_mucoides	0.23242560501187287
fig4_q20_PE_cutadapt_unite	2D	fig4_q20_PE_cutadapt_unite_2D	DNeasy	2	mock_only	UNITE	No_BLAST	Cutadapt	PE	Fusarium_keratoplasticum	0
fig4_q20_PE_cutadapt_unite	2D	fig4_q20_PE_cutadapt_unite_2D	DNeasy	2	mock_only	UNITE	No_BLAST	Cutadapt	PE	NA	0
fig4_q20_PE_cutadapt_unite	2D	fig4_q20_PE_cutadapt_unite_2D	DNeasy	2	mock_only	UNITE	No_BLAST	Cutadapt	PE	Malassezia_globosa	0
fig4_q20_PE_cutadapt_unite	2D	fig4_q20_PE_cutadapt_unite_2D	DNeasy	2	mock_only	UNITE	No_BLAST	Cutadapt	PE	NA	0
fig4_q20_PE_cutadapt_unite	2D	fig4_q20_PE_cutadapt_unite_2D	DNeasy	2	mock_only	UNITE	No_BLAST	Cutadapt	PE	Nakaseomyces_glabratus	0.10920022230081342
fig4_q20_PE_cutadapt_unite	2D	fig4_q20_PE_cutadapt_unite_2D	DNeasy	2	mock_only	UNITE	No_BLAST	Cutadapt	PE	Other	0.10536048097812357
fig4_q20_PE_cutadapt_unite	2D	fig4_q20_PE_cutadapt_unite_2D	DNeasy	2	mock_only	UNITE	No_BLAST	Cutadapt	PE	NA	0
fig4_q20_PE_cutadapt_unite	2D	fig4_q20_PE_cutadapt_unite_2D	DNeasy	2	mock_only	UNITE	No_BLAST	Cutadapt	PE	NA	0
fig4_q20_PE_cutadapt_unite	2D	fig4_q20_PE_cutadapt_unite_2D	DNeasy	2	mock_only	UNITE	No_BLAST	Cutadapt	PE	NA	0
fig4_q20_PE_cutadapt_unite	2D	fig4_q20_PE_cutadapt_unite_2D	DNeasy	2	mock_only	UNITE	No_BLAST	Cutadapt	PE	Penicillium_flavigenum	1.1115040670944273e-4
fig4_q20_PE_cutadapt_unite	2D	fig4_q20_PE_cutadapt_unite_2D	DNeasy	2	mock_only	UNITE	No_BLAST	Cutadapt	PE	NA	0
fig4_q20_PE_cutadapt_unite	2D	fig4_q20_PE_cutadapt_unite_2D	DNeasy	2	mock_only	UNITE	No_BLAST	Cutadapt	PE	NA	0
fig4_q20_PE_cutadapt_unite	2D	fig4_q20_PE_cutadapt_unite_2D	DNeasy	2	mock_only	UNITE	No_BLAST	Cutadapt	PE	NA	0
fig4_q20_PE_cutadapt_unite	2D	fig4_q20_PE_cutadapt_unite_2D	DNeasy	2	mock_only	UNITE	No_BLAST	Cutadapt	PE	Saccharomyces_cerevisiae	0.0670337998282221
fig4_q20_PE_cutadapt_unite	2D	fig4_q20_PE_cutadapt_unite_2D	DNeasy	2	mock_only	UNITE	No_BLAST	Cutadapt	PE	Saccharomyces_kudriavzevii	0
fig4_q20_PE_cutadapt_unite	2D	fig4_q20_PE_cutadapt_unite_2D	DNeasy	2	mock_only	UNITE	No_BLAST	Cutadapt	PE	NA	0
fig4_q20_PE_cutadapt_unite	2D	fig4_q20_PE_cutadapt_unite_2D	DNeasy	2	mock_only	UNITE	No_BLAST	Cutadapt	PE	Trichophyton_mentagrophytes	0.003991310059111807
fig4_q20_PE_cutadapt_unite	2D	fig4_q20_PE_cutadapt_unite_2D	DNeasy	2	mock_only	UNITE+BLAST	BLAST	Cutadapt	PE	Aspergillus_fumigatus	0.027211640478957206
fig4_q20_PE_cutadapt_unite	2D	fig4_q20_PE_cutadapt_unite_2D	DNeasy	2	mock_only	UNITE+BLAST	BLAST	Cutadapt	PE	NA	0
fig4_q20_PE_cutadapt_unite	2D	fig4_q20_PE_cutadapt_unite_2D	DNeasy	2	mock_only	UNITE+BLAST	BLAST	Cutadapt	PE	NA	0
fig4_q20_PE_cutadapt_unite	2D	fig4_q20_PE_cutadapt_unite_2D	DNeasy	2	mock_only	UNITE+BLAST	BLAST	Cutadapt	PE	Candida_albicans	0.3085131106957005
fig4_q20_PE_cutadapt_unite	2D	fig4_q20_PE_cutadapt_unite_2D	DNeasy	2	mock_only	UNITE+BLAST	BLAST	Cutadapt	PE	NA	0
fig4_q20_PE_cutadapt_unite	2D	fig4_q20_PE_cutadapt_unite_2D	DNeasy	2	mock_only	UNITE+BLAST	BLAST	Cutadapt	PE	Cryptococcus_neoformans	0.14615268024048905
fig4_q20_PE_cutadapt_unite	2D	fig4_q20_PE_cutadapt_unite_2D	DNeasy	2	mock_only	UNITE+BLAST	BLAST	Cutadapt	PE	NA	0
fig4_q20_PE_cutadapt_unite	2D	fig4_q20_PE_cutadapt_unite_2D	DNeasy	2	mock_only	UNITE+BLAST	BLAST	Cutadapt	PE	NA	0
fig4_q20_PE_cutadapt_unite	2D	fig4_q20_PE_cutadapt_unite_2D	DNeasy	2	mock_only	UNITE+BLAST	BLAST	Cutadapt	PE	Cutaneotrichosporon_mucoides	0.23242560501187287
fig4_q20_PE_cutadapt_unite	2D	fig4_q20_PE_cutadapt_unite_2D	DNeasy	2	mock_only	UNITE+BLAST	BLAST	Cutadapt	PE	Fusarium_keratoplasticum	0.0015156873642196737
fig4_q20_PE_cutadapt_unite	2D	fig4_q20_PE_cutadapt_unite_2D	DNeasy	2	mock_only	UNITE+BLAST	BLAST	Cutadapt	PE	NA	0
fig4_q20_PE_cutadapt_unite	2D	fig4_q20_PE_cutadapt_unite_2D	DNeasy	2	mock_only	UNITE+BLAST	BLAST	Cutadapt	PE	Malassezia_globosa	0
fig4_q20_PE_cutadapt_unite	2D	fig4_q20_PE_cutadapt_unite_2D	DNeasy	2	mock_only	UNITE+BLAST	BLAST	Cutadapt	PE	NA	0
fig4_q20_PE_cutadapt_unite	2D	fig4_q20_PE_cutadapt_unite_2D	DNeasy	2	mock_only	UNITE+BLAST	BLAST	Cutadapt	PE	Nakaseomyces_glabratus	0.10920022230081342
fig4_q20_PE_cutadapt_unite	2D	fig4_q20_PE_cutadapt_unite_2D	DNeasy	2	mock_only	UNITE+BLAST	BLAST	Cutadapt	PE	Other	0.1038447936139039
fig4_q20_PE_cutadapt_unite	2D	fig4_q20_PE_cutadapt_unite_2D	DNeasy	2	mock_only	UNITE+BLAST	BLAST	Cutadapt	PE	NA	0
fig4_q20_PE_cutadapt_unite	2D	fig4_q20_PE_cutadapt_unite_2D	DNeasy	2	mock_only	UNITE+BLAST	BLAST	Cutadapt	PE	NA	0
fig4_q20_PE_cutadapt_unite	2D	fig4_q20_PE_cutadapt_unite_2D	DNeasy	2	mock_only	UNITE+BLAST	BLAST	Cutadapt	PE	NA	0
fig4_q20_PE_cutadapt_unite	2D	fig4_q20_PE_cutadapt_unite_2D	DNeasy	2	mock_only	UNITE+BLAST	BLAST	Cutadapt	PE	Penicillium_flavigenum	1.1115040670944273e-4
fig4_q20_PE_cutadapt_unite	2D	fig4_q20_PE_cutadapt_unite_2D	DNeasy	2	mock_only	UNITE+BLAST	BLAST	Cutadapt	PE	NA	0
fig4_q20_PE_cutadapt_unite	2D	fig4_q20_PE_cutadapt_unite_2D	DNeasy	2	mock_only	UNITE+BLAST	BLAST	Cutadapt	PE	NA	0
fig4_q20_PE_cutadapt_unite	2D	fig4_q20_PE_cutadapt_unite_2D	DNeasy	2	mock_only	UNITE+BLAST	BLAST	Cutadapt	PE	NA	0
fig4_q20_PE_cutadapt_unite	2D	fig4_q20_PE_cutadapt_unite_2D	DNeasy	2	mock_only	UNITE+BLAST	BLAST	Cutadapt	PE	Saccharomyces_cerevisiae	0.0670337998282221
fig4_q20_PE_cutadapt_unite	2D	fig4_q20_PE_cutadapt_unite_2D	DNeasy	2	mock_only	UNITE+BLAST	BLAST	Cutadapt	PE	Saccharomyces_kudriavzevii	0
fig4_q20_PE_cutadapt_unite	2D	fig4_q20_PE_cutadapt_unite_2D	DNeasy	2	mock_only	UNITE+BLAST	BLAST	Cutadapt	PE	NA	0
fig4_q20_PE_cutadapt_unite	2D	fig4_q20_PE_cutadapt_unite_2D	DNeasy	2	mock_only	UNITE+BLAST	BLAST	Cutadapt	PE	Trichophyton_mentagrophytes	0.003991310059111807
fig4_q20_PE_cutadapt_unite	2Q	fig4_q20_PE_cutadapt_unite_2Q	QIAamp	2	mock_only	UNITE	No_BLAST	Cutadapt	PE	Aspergillus_fumigatus	0.032296775540018786
fig4_q20_PE_cutadapt_unite	2Q	fig4_q20_PE_cutadapt_unite_2Q	QIAamp	2	mock_only	UNITE	No_BLAST	Cutadapt	PE	NA	0
fig4_q20_PE_cutadapt_unite	2Q	fig4_q20_PE_cutadapt_unite_2Q	QIAamp	2	mock_only	UNITE	No_BLAST	Cutadapt	PE	NA	0
fig4_q20_PE_cutadapt_unite	2Q	fig4_q20_PE_cutadapt_unite_2Q	QIAamp	2	mock_only	UNITE	No_BLAST	Cutadapt	PE	Candida_albicans	0.2868534557723747
fig4_q20_PE_cutadapt_unite	2Q	fig4_q20_PE_cutadapt_unite_2Q	QIAamp	2	mock_only	UNITE	No_BLAST	Cutadapt	PE	NA	0
fig4_q20_PE_cutadapt_unite	2Q	fig4_q20_PE_cutadapt_unite_2Q	QIAamp	2	mock_only	UNITE	No_BLAST	Cutadapt	PE	Cryptococcus_neoformans	0.1629361021252913
fig4_q20_PE_cutadapt_unite	2Q	fig4_q20_PE_cutadapt_unite_2Q	QIAamp	2	mock_only	UNITE	No_BLAST	Cutadapt	PE	NA	0
fig4_q20_PE_cutadapt_unite	2Q	fig4_q20_PE_cutadapt_unite_2Q	QIAamp	2	mock_only	UNITE	No_BLAST	Cutadapt	PE	NA	0
fig4_q20_PE_cutadapt_unite	2Q	fig4_q20_PE_cutadapt_unite_2Q	QIAamp	2	mock_only	UNITE	No_BLAST	Cutadapt	PE	Cutaneotrichosporon_mucoides	0.22087724790427493
fig4_q20_PE_cutadapt_unite	2Q	fig4_q20_PE_cutadapt_unite_2Q	QIAamp	2	mock_only	UNITE	No_BLAST	Cutadapt	PE	Fusarium_keratoplasticum	0
fig4_q20_PE_cutadapt_unite	2Q	fig4_q20_PE_cutadapt_unite_2Q	QIAamp	2	mock_only	UNITE	No_BLAST	Cutadapt	PE	NA	0
fig4_q20_PE_cutadapt_unite	2Q	fig4_q20_PE_cutadapt_unite_2Q	QIAamp	2	mock_only	UNITE	No_BLAST	Cutadapt	PE	Malassezia_globosa	0
fig4_q20_PE_cutadapt_unite	2Q	fig4_q20_PE_cutadapt_unite_2Q	QIAamp	2	mock_only	UNITE	No_BLAST	Cutadapt	PE	NA	0
fig4_q20_PE_cutadapt_unite	2Q	fig4_q20_PE_cutadapt_unite_2Q	QIAamp	2	mock_only	UNITE	No_BLAST	Cutadapt	PE	Nakaseomyces_glabratus	0.11729973216459703
fig4_q20_PE_cutadapt_unite	2Q	fig4_q20_PE_cutadapt_unite_2Q	QIAamp	2	mock_only	UNITE	No_BLAST	Cutadapt	PE	Other	0.12659570767678877
fig4_q20_PE_cutadapt_unite	2Q	fig4_q20_PE_cutadapt_unite_2Q	QIAamp	2	mock_only	UNITE	No_BLAST	Cutadapt	PE	NA	0
fig4_q20_PE_cutadapt_unite	2Q	fig4_q20_PE_cutadapt_unite_2Q	QIAamp	2	mock_only	UNITE	No_BLAST	Cutadapt	PE	NA	0
fig4_q20_PE_cutadapt_unite	2Q	fig4_q20_PE_cutadapt_unite_2Q	QIAamp	2	mock_only	UNITE	No_BLAST	Cutadapt	PE	NA	0
fig4_q20_PE_cutadapt_unite	2Q	fig4_q20_PE_cutadapt_unite_2Q	QIAamp	2	mock_only	UNITE	No_BLAST	Cutadapt	PE	Penicillium_flavigenum	0
fig4_q20_PE_cutadapt_unite	2Q	fig4_q20_PE_cutadapt_unite_2Q	QIAamp	2	mock_only	UNITE	No_BLAST	Cutadapt	PE	NA	0
fig4_q20_PE_cutadapt_unite	2Q	fig4_q20_PE_cutadapt_unite_2Q	QIAamp	2	mock_only	UNITE	No_BLAST	Cutadapt	PE	NA	0
fig4_q20_PE_cutadapt_unite	2Q	fig4_q20_PE_cutadapt_unite_2Q	QIAamp	2	mock_only	UNITE	No_BLAST	Cutadapt	PE	NA	0
fig4_q20_PE_cutadapt_unite	2Q	fig4_q20_PE_cutadapt_unite_2Q	QIAamp	2	mock_only	UNITE	No_BLAST	Cutadapt	PE	Saccharomyces_cerevisiae	0.04756687189119622
fig4_q20_PE_cutadapt_unite	2Q	fig4_q20_PE_cutadapt_unite_2Q	QIAamp	2	mock_only	UNITE	No_BLAST	Cutadapt	PE	Saccharomyces_kudriavzevii	0
fig4_q20_PE_cutadapt_unite	2Q	fig4_q20_PE_cutadapt_unite_2Q	QIAamp	2	mock_only	UNITE	No_BLAST	Cutadapt	PE	NA	0
fig4_q20_PE_cutadapt_unite	2Q	fig4_q20_PE_cutadapt_unite_2Q	QIAamp	2	mock_only	UNITE	No_BLAST	Cutadapt	PE	Trichophyton_mentagrophytes	0.0055741069254582765
fig4_q20_PE_cutadapt_unite	2Q	fig4_q20_PE_cutadapt_unite_2Q	QIAamp	2	mock_only	UNITE+BLAST	BLAST	Cutadapt	PE	Aspergillus_fumigatus	0.032296775540018786
fig4_q20_PE_cutadapt_unite	2Q	fig4_q20_PE_cutadapt_unite_2Q	QIAamp	2	mock_only	UNITE+BLAST	BLAST	Cutadapt	PE	NA	0
fig4_q20_PE_cutadapt_unite	2Q	fig4_q20_PE_cutadapt_unite_2Q	QIAamp	2	mock_only	UNITE+BLAST	BLAST	Cutadapt	PE	NA	0
fig4_q20_PE_cutadapt_unite	2Q	fig4_q20_PE_cutadapt_unite_2Q	QIAamp	2	mock_only	UNITE+BLAST	BLAST	Cutadapt	PE	Candida_albicans	0.2868534557723747
fig4_q20_PE_cutadapt_unite	2Q	fig4_q20_PE_cutadapt_unite_2Q	QIAamp	2	mock_only	UNITE+BLAST	BLAST	Cutadapt	PE	NA	0
fig4_q20_PE_cutadapt_unite	2Q	fig4_q20_PE_cutadapt_unite_2Q	QIAamp	2	mock_only	UNITE+BLAST	BLAST	Cutadapt	PE	Cryptococcus_neoformans	0.1629361021252913
fig4_q20_PE_cutadapt_unite	2Q	fig4_q20_PE_cutadapt_unite_2Q	QIAamp	2	mock_only	UNITE+BLAST	BLAST	Cutadapt	PE	NA	0
fig4_q20_PE_cutadapt_unite	2Q	fig4_q20_PE_cutadapt_unite_2Q	QIAamp	2	mock_only	UNITE+BLAST	BLAST	Cutadapt	PE	NA	0
fig4_q20_PE_cutadapt_unite	2Q	fig4_q20_PE_cutadapt_unite_2Q	QIAamp	2	mock_only	UNITE+BLAST	BLAST	Cutadapt	PE	Cutaneotrichosporon_mucoides	0.22087724790427493
fig4_q20_PE_cutadapt_unite	2Q	fig4_q20_PE_cutadapt_unite_2Q	QIAamp	2	mock_only	UNITE+BLAST	BLAST	Cutadapt	PE	Fusarium_keratoplasticum	0.0022261643883265507
fig4_q20_PE_cutadapt_unite	2Q	fig4_q20_PE_cutadapt_unite_2Q	QIAamp	2	mock_only	UNITE+BLAST	BLAST	Cutadapt	PE	NA	0
fig4_q20_PE_cutadapt_unite	2Q	fig4_q20_PE_cutadapt_unite_2Q	QIAamp	2	mock_only	UNITE+BLAST	BLAST	Cutadapt	PE	Malassezia_globosa	3.4783818567602355e-5
fig4_q20_PE_cutadapt_unite	2Q	fig4_q20_PE_cutadapt_unite_2Q	QIAamp	2	mock_only	UNITE+BLAST	BLAST	Cutadapt	PE	NA	0
fig4_q20_PE_cutadapt_unite	2Q	fig4_q20_PE_cutadapt_unite_2Q	QIAamp	2	mock_only	UNITE+BLAST	BLAST	Cutadapt	PE	Nakaseomyces_glabratus	0.11729973216459703
fig4_q20_PE_cutadapt_unite	2Q	fig4_q20_PE_cutadapt_unite_2Q	QIAamp	2	mock_only	UNITE+BLAST	BLAST	Cutadapt	PE	Other	0.1243347594698946
fig4_q20_PE_cutadapt_unite	2Q	fig4_q20_PE_cutadapt_unite_2Q	QIAamp	2	mock_only	UNITE+BLAST	BLAST	Cutadapt	PE	NA	0
fig4_q20_PE_cutadapt_unite	2Q	fig4_q20_PE_cutadapt_unite_2Q	QIAamp	2	mock_only	UNITE+BLAST	BLAST	Cutadapt	PE	NA	0
fig4_q20_PE_cutadapt_unite	2Q	fig4_q20_PE_cutadapt_unite_2Q	QIAamp	2	mock_only	UNITE+BLAST	BLAST	Cutadapt	PE	NA	0
fig4_q20_PE_cutadapt_unite	2Q	fig4_q20_PE_cutadapt_unite_2Q	QIAamp	2	mock_only	UNITE+BLAST	BLAST	Cutadapt	PE	Penicillium_flavigenum	0
fig4_q20_PE_cutadapt_unite	2Q	fig4_q20_PE_cutadapt_unite_2Q	QIAamp	2	mock_only	UNITE+BLAST	BLAST	Cutadapt	PE	NA	0
fig4_q20_PE_cutadapt_unite	2Q	fig4_q20_PE_cutadapt_unite_2Q	QIAamp	2	mock_only	UNITE+BLAST	BLAST	Cutadapt	PE	NA	0
fig4_q20_PE_cutadapt_unite	2Q	fig4_q20_PE_cutadapt_unite_2Q	QIAamp	2	mock_only	UNITE+BLAST	BLAST	Cutadapt	PE	NA	0
fig4_q20_PE_cutadapt_unite	2Q	fig4_q20_PE_cutadapt_unite_2Q	QIAamp	2	mock_only	UNITE+BLAST	BLAST	Cutadapt	PE	Saccharomyces_cerevisiae	0.04756687189119622
fig4_q20_PE_cutadapt_unite	2Q	fig4_q20_PE_cutadapt_unite_2Q	QIAamp	2	mock_only	UNITE+BLAST	BLAST	Cutadapt	PE	Saccharomyces_kudriavzevii	0
fig4_q20_PE_cutadapt_unite	2Q	fig4_q20_PE_cutadapt_unite_2Q	QIAamp	2	mock_only	UNITE+BLAST	BLAST	Cutadapt	PE	NA	0
fig4_q20_PE_cutadapt_unite	2Q	fig4_q20_PE_cutadapt_unite_2Q	QIAamp	2	mock_only	UNITE+BLAST	BLAST	Cutadapt	PE	Trichophyton_mentagrophytes	0.0055741069254582765
fig4_q20_PE_cutadapt_unite	2Z	fig4_q20_PE_cutadapt_unite_2Z	Zymo	2	mock_only	UNITE	No_BLAST	Cutadapt	PE	Aspergillus_fumigatus	0.03328463777864192
fig4_q20_PE_cutadapt_unite	2Z	fig4_q20_PE_cutadapt_unite_2Z	Zymo	2	mock_only	UNITE	No_BLAST	Cutadapt	PE	NA	0
fig4_q20_PE_cutadapt_unite	2Z	fig4_q20_PE_cutadapt_unite_2Z	Zymo	2	mock_only	UNITE	No_BLAST	Cutadapt	PE	NA	0
fig4_q20_PE_cutadapt_unite	2Z	fig4_q20_PE_cutadapt_unite_2Z	Zymo	2	mock_only	UNITE	No_BLAST	Cutadapt	PE	Candida_albicans	0.3018423735404471
fig4_q20_PE_cutadapt_unite	2Z	fig4_q20_PE_cutadapt_unite_2Z	Zymo	2	mock_only	UNITE	No_BLAST	Cutadapt	PE	NA	0
fig4_q20_PE_cutadapt_unite	2Z	fig4_q20_PE_cutadapt_unite_2Z	Zymo	2	mock_only	UNITE	No_BLAST	Cutadapt	PE	Cryptococcus_neoformans	0.14802047315263428
fig4_q20_PE_cutadapt_unite	2Z	fig4_q20_PE_cutadapt_unite_2Z	Zymo	2	mock_only	UNITE	No_BLAST	Cutadapt	PE	NA	0
fig4_q20_PE_cutadapt_unite	2Z	fig4_q20_PE_cutadapt_unite_2Z	Zymo	2	mock_only	UNITE	No_BLAST	Cutadapt	PE	NA	0
fig4_q20_PE_cutadapt_unite	2Z	fig4_q20_PE_cutadapt_unite_2Z	Zymo	2	mock_only	UNITE	No_BLAST	Cutadapt	PE	Cutaneotrichosporon_mucoides	0.21449516022238804
fig4_q20_PE_cutadapt_unite	2Z	fig4_q20_PE_cutadapt_unite_2Z	Zymo	2	mock_only	UNITE	No_BLAST	Cutadapt	PE	Fusarium_keratoplasticum	0
fig4_q20_PE_cutadapt_unite	2Z	fig4_q20_PE_cutadapt_unite_2Z	Zymo	2	mock_only	UNITE	No_BLAST	Cutadapt	PE	NA	0
fig4_q20_PE_cutadapt_unite	2Z	fig4_q20_PE_cutadapt_unite_2Z	Zymo	2	mock_only	UNITE	No_BLAST	Cutadapt	PE	Malassezia_globosa	0
fig4_q20_PE_cutadapt_unite	2Z	fig4_q20_PE_cutadapt_unite_2Z	Zymo	2	mock_only	UNITE	No_BLAST	Cutadapt	PE	NA	0
fig4_q20_PE_cutadapt_unite	2Z	fig4_q20_PE_cutadapt_unite_2Z	Zymo	2	mock_only	UNITE	No_BLAST	Cutadapt	PE	Nakaseomyces_glabratus	0.10285972527299289
fig4_q20_PE_cutadapt_unite	2Z	fig4_q20_PE_cutadapt_unite_2Z	Zymo	2	mock_only	UNITE	No_BLAST	Cutadapt	PE	Other	0.13861417355936478
fig4_q20_PE_cutadapt_unite	2Z	fig4_q20_PE_cutadapt_unite_2Z	Zymo	2	mock_only	UNITE	No_BLAST	Cutadapt	PE	NA	0
fig4_q20_PE_cutadapt_unite	2Z	fig4_q20_PE_cutadapt_unite_2Z	Zymo	2	mock_only	UNITE	No_BLAST	Cutadapt	PE	NA	0
fig4_q20_PE_cutadapt_unite	2Z	fig4_q20_PE_cutadapt_unite_2Z	Zymo	2	mock_only	UNITE	No_BLAST	Cutadapt	PE	NA	0
fig4_q20_PE_cutadapt_unite	2Z	fig4_q20_PE_cutadapt_unite_2Z	Zymo	2	mock_only	UNITE	No_BLAST	Cutadapt	PE	Penicillium_flavigenum	1.6815731116459447e-4
fig4_q20_PE_cutadapt_unite	2Z	fig4_q20_PE_cutadapt_unite_2Z	Zymo	2	mock_only	UNITE	No_BLAST	Cutadapt	PE	NA	0
fig4_q20_PE_cutadapt_unite	2Z	fig4_q20_PE_cutadapt_unite_2Z	Zymo	2	mock_only	UNITE	No_BLAST	Cutadapt	PE	NA	0
fig4_q20_PE_cutadapt_unite	2Z	fig4_q20_PE_cutadapt_unite_2Z	Zymo	2	mock_only	UNITE	No_BLAST	Cutadapt	PE	NA	0
fig4_q20_PE_cutadapt_unite	2Z	fig4_q20_PE_cutadapt_unite_2Z	Zymo	2	mock_only	UNITE	No_BLAST	Cutadapt	PE	Saccharomyces_cerevisiae	0.055229166885621496
fig4_q20_PE_cutadapt_unite	2Z	fig4_q20_PE_cutadapt_unite_2Z	Zymo	2	mock_only	UNITE	No_BLAST	Cutadapt	PE	Saccharomyces_kudriavzevii	0
fig4_q20_PE_cutadapt_unite	2Z	fig4_q20_PE_cutadapt_unite_2Z	Zymo	2	mock_only	UNITE	No_BLAST	Cutadapt	PE	NA	0
fig4_q20_PE_cutadapt_unite	2Z	fig4_q20_PE_cutadapt_unite_2Z	Zymo	2	mock_only	UNITE	No_BLAST	Cutadapt	PE	Trichophyton_mentagrophytes	0.005486132276744895
fig4_q20_PE_cutadapt_unite	2Z	fig4_q20_PE_cutadapt_unite_2Z	Zymo	2	mock_only	UNITE+BLAST	BLAST	Cutadapt	PE	Aspergillus_fumigatus	0.03328463777864192
fig4_q20_PE_cutadapt_unite	2Z	fig4_q20_PE_cutadapt_unite_2Z	Zymo	2	mock_only	UNITE+BLAST	BLAST	Cutadapt	PE	NA	0
fig4_q20_PE_cutadapt_unite	2Z	fig4_q20_PE_cutadapt_unite_2Z	Zymo	2	mock_only	UNITE+BLAST	BLAST	Cutadapt	PE	NA	0
fig4_q20_PE_cutadapt_unite	2Z	fig4_q20_PE_cutadapt_unite_2Z	Zymo	2	mock_only	UNITE+BLAST	BLAST	Cutadapt	PE	Candida_albicans	0.3018423735404471
fig4_q20_PE_cutadapt_unite	2Z	fig4_q20_PE_cutadapt_unite_2Z	Zymo	2	mock_only	UNITE+BLAST	BLAST	Cutadapt	PE	NA	0
fig4_q20_PE_cutadapt_unite	2Z	fig4_q20_PE_cutadapt_unite_2Z	Zymo	2	mock_only	UNITE+BLAST	BLAST	Cutadapt	PE	Cryptococcus_neoformans	0.14802047315263428
fig4_q20_PE_cutadapt_unite	2Z	fig4_q20_PE_cutadapt_unite_2Z	Zymo	2	mock_only	UNITE+BLAST	BLAST	Cutadapt	PE	NA	0
fig4_q20_PE_cutadapt_unite	2Z	fig4_q20_PE_cutadapt_unite_2Z	Zymo	2	mock_only	UNITE+BLAST	BLAST	Cutadapt	PE	NA	0
fig4_q20_PE_cutadapt_unite	2Z	fig4_q20_PE_cutadapt_unite_2Z	Zymo	2	mock_only	UNITE+BLAST	BLAST	Cutadapt	PE	Cutaneotrichosporon_mucoides	0.21449516022238804
fig4_q20_PE_cutadapt_unite	2Z	fig4_q20_PE_cutadapt_unite_2Z	Zymo	2	mock_only	UNITE+BLAST	BLAST	Cutadapt	PE	Fusarium_keratoplasticum	0.0020178877339751336
fig4_q20_PE_cutadapt_unite	2Z	fig4_q20_PE_cutadapt_unite_2Z	Zymo	2	mock_only	UNITE+BLAST	BLAST	Cutadapt	PE	NA	0
fig4_q20_PE_cutadapt_unite	2Z	fig4_q20_PE_cutadapt_unite_2Z	Zymo	2	mock_only	UNITE+BLAST	BLAST	Cutadapt	PE	Malassezia_globosa	1.4713764726902016e-4
fig4_q20_PE_cutadapt_unite	2Z	fig4_q20_PE_cutadapt_unite_2Z	Zymo	2	mock_only	UNITE+BLAST	BLAST	Cutadapt	PE	NA	0
fig4_q20_PE_cutadapt_unite	2Z	fig4_q20_PE_cutadapt_unite_2Z	Zymo	2	mock_only	UNITE+BLAST	BLAST	Cutadapt	PE	Nakaseomyces_glabratus	0.10285972527299289
fig4_q20_PE_cutadapt_unite	2Z	fig4_q20_PE_cutadapt_unite_2Z	Zymo	2	mock_only	UNITE+BLAST	BLAST	Cutadapt	PE	Other	0.13644914817812062
fig4_q20_PE_cutadapt_unite	2Z	fig4_q20_PE_cutadapt_unite_2Z	Zymo	2	mock_only	UNITE+BLAST	BLAST	Cutadapt	PE	NA	0
fig4_q20_PE_cutadapt_unite	2Z	fig4_q20_PE_cutadapt_unite_2Z	Zymo	2	mock_only	UNITE+BLAST	BLAST	Cutadapt	PE	NA	0
fig4_q20_PE_cutadapt_unite	2Z	fig4_q20_PE_cutadapt_unite_2Z	Zymo	2	mock_only	UNITE+BLAST	BLAST	Cutadapt	PE	NA	0
fig4_q20_PE_cutadapt_unite	2Z	fig4_q20_PE_cutadapt_unite_2Z	Zymo	2	mock_only	UNITE+BLAST	BLAST	Cutadapt	PE	Penicillium_flavigenum	1.6815731116459447e-4
fig4_q20_PE_cutadapt_unite	2Z	fig4_q20_PE_cutadapt_unite_2Z	Zymo	2	mock_only	UNITE+BLAST	BLAST	Cutadapt	PE	NA	0
fig4_q20_PE_cutadapt_unite	2Z	fig4_q20_PE_cutadapt_unite_2Z	Zymo	2	mock_only	UNITE+BLAST	BLAST	Cutadapt	PE	NA	0
fig4_q20_PE_cutadapt_unite	2Z	fig4_q20_PE_cutadapt_unite_2Z	Zymo	2	mock_only	UNITE+BLAST	BLAST	Cutadapt	PE	NA	0
fig4_q20_PE_cutadapt_unite	2Z	fig4_q20_PE_cutadapt_unite_2Z	Zymo	2	mock_only	UNITE+BLAST	BLAST	Cutadapt	PE	Saccharomyces_cerevisiae	0.055229166885621496
fig4_q20_PE_cutadapt_unite	2Z	fig4_q20_PE_cutadapt_unite_2Z	Zymo	2	mock_only	UNITE+BLAST	BLAST	Cutadapt	PE	Saccharomyces_kudriavzevii	0
fig4_q20_PE_cutadapt_unite	2Z	fig4_q20_PE_cutadapt_unite_2Z	Zymo	2	mock_only	UNITE+BLAST	BLAST	Cutadapt	PE	NA	0
fig4_q20_PE_cutadapt_unite	2Z	fig4_q20_PE_cutadapt_unite_2Z	Zymo	2	mock_only	UNITE+BLAST	BLAST	Cutadapt	PE	Trichophyton_mentagrophytes	0.005486132276744895
fig4_q20_PE_cutadapt_unite	3D	fig4_q20_PE_cutadapt_unite_3D	DNeasy	3	mock_only	UNITE	No_BLAST	Cutadapt	PE	Aspergillus_fumigatus	0.03280268883041088
fig4_q20_PE_cutadapt_unite	3D	fig4_q20_PE_cutadapt_unite_3D	DNeasy	3	mock_only	UNITE	No_BLAST	Cutadapt	PE	NA	0
fig4_q20_PE_cutadapt_unite	3D	fig4_q20_PE_cutadapt_unite_3D	DNeasy	3	mock_only	UNITE	No_BLAST	Cutadapt	PE	NA	0
fig4_q20_PE_cutadapt_unite	3D	fig4_q20_PE_cutadapt_unite_3D	DNeasy	3	mock_only	UNITE	No_BLAST	Cutadapt	PE	Candida_albicans	0.3006956567051406
fig4_q20_PE_cutadapt_unite	3D	fig4_q20_PE_cutadapt_unite_3D	DNeasy	3	mock_only	UNITE	No_BLAST	Cutadapt	PE	NA	0
fig4_q20_PE_cutadapt_unite	3D	fig4_q20_PE_cutadapt_unite_3D	DNeasy	3	mock_only	UNITE	No_BLAST	Cutadapt	PE	Cryptococcus_neoformans	0.14782487862918284
fig4_q20_PE_cutadapt_unite	3D	fig4_q20_PE_cutadapt_unite_3D	DNeasy	3	mock_only	UNITE	No_BLAST	Cutadapt	PE	NA	0
fig4_q20_PE_cutadapt_unite	3D	fig4_q20_PE_cutadapt_unite_3D	DNeasy	3	mock_only	UNITE	No_BLAST	Cutadapt	PE	NA	0
fig4_q20_PE_cutadapt_unite	3D	fig4_q20_PE_cutadapt_unite_3D	DNeasy	3	mock_only	UNITE	No_BLAST	Cutadapt	PE	Cutaneotrichosporon_mucoides	0.20763745950687407
fig4_q20_PE_cutadapt_unite	3D	fig4_q20_PE_cutadapt_unite_3D	DNeasy	3	mock_only	UNITE	No_BLAST	Cutadapt	PE	Fusarium_keratoplasticum	0
fig4_q20_PE_cutadapt_unite	3D	fig4_q20_PE_cutadapt_unite_3D	DNeasy	3	mock_only	UNITE	No_BLAST	Cutadapt	PE	NA	0
fig4_q20_PE_cutadapt_unite	3D	fig4_q20_PE_cutadapt_unite_3D	DNeasy	3	mock_only	UNITE	No_BLAST	Cutadapt	PE	Malassezia_globosa	0
fig4_q20_PE_cutadapt_unite	3D	fig4_q20_PE_cutadapt_unite_3D	DNeasy	3	mock_only	UNITE	No_BLAST	Cutadapt	PE	NA	0
fig4_q20_PE_cutadapt_unite	3D	fig4_q20_PE_cutadapt_unite_3D	DNeasy	3	mock_only	UNITE	No_BLAST	Cutadapt	PE	Nakaseomyces_glabratus	0.1140755408492049
fig4_q20_PE_cutadapt_unite	3D	fig4_q20_PE_cutadapt_unite_3D	DNeasy	3	mock_only	UNITE	No_BLAST	Cutadapt	PE	Other	0.13290430160756625
fig4_q20_PE_cutadapt_unite	3D	fig4_q20_PE_cutadapt_unite_3D	DNeasy	3	mock_only	UNITE	No_BLAST	Cutadapt	PE	NA	0
fig4_q20_PE_cutadapt_unite	3D	fig4_q20_PE_cutadapt_unite_3D	DNeasy	3	mock_only	UNITE	No_BLAST	Cutadapt	PE	NA	0
fig4_q20_PE_cutadapt_unite	3D	fig4_q20_PE_cutadapt_unite_3D	DNeasy	3	mock_only	UNITE	No_BLAST	Cutadapt	PE	NA	0
fig4_q20_PE_cutadapt_unite	3D	fig4_q20_PE_cutadapt_unite_3D	DNeasy	3	mock_only	UNITE	No_BLAST	Cutadapt	PE	Penicillium_flavigenum	1.99751613211398e-4
fig4_q20_PE_cutadapt_unite	3D	fig4_q20_PE_cutadapt_unite_3D	DNeasy	3	mock_only	UNITE	No_BLAST	Cutadapt	PE	NA	0
fig4_q20_PE_cutadapt_unite	3D	fig4_q20_PE_cutadapt_unite_3D	DNeasy	3	mock_only	UNITE	No_BLAST	Cutadapt	PE	NA	0
fig4_q20_PE_cutadapt_unite	3D	fig4_q20_PE_cutadapt_unite_3D	DNeasy	3	mock_only	UNITE	No_BLAST	Cutadapt	PE	NA	0
fig4_q20_PE_cutadapt_unite	3D	fig4_q20_PE_cutadapt_unite_3D	DNeasy	3	mock_only	UNITE	No_BLAST	Cutadapt	PE	Saccharomyces_cerevisiae	0.05847511355444968
fig4_q20_PE_cutadapt_unite	3D	fig4_q20_PE_cutadapt_unite_3D	DNeasy	3	mock_only	UNITE	No_BLAST	Cutadapt	PE	Saccharomyces_kudriavzevii	0
fig4_q20_PE_cutadapt_unite	3D	fig4_q20_PE_cutadapt_unite_3D	DNeasy	3	mock_only	UNITE	No_BLAST	Cutadapt	PE	NA	0
fig4_q20_PE_cutadapt_unite	3D	fig4_q20_PE_cutadapt_unite_3D	DNeasy	3	mock_only	UNITE	No_BLAST	Cutadapt	PE	Trichophyton_mentagrophytes	0.0053846087039594245
fig4_q20_PE_cutadapt_unite	3D	fig4_q20_PE_cutadapt_unite_3D	DNeasy	3	mock_only	UNITE+BLAST	BLAST	Cutadapt	PE	Aspergillus_fumigatus	0.03280268883041088
fig4_q20_PE_cutadapt_unite	3D	fig4_q20_PE_cutadapt_unite_3D	DNeasy	3	mock_only	UNITE+BLAST	BLAST	Cutadapt	PE	NA	0
fig4_q20_PE_cutadapt_unite	3D	fig4_q20_PE_cutadapt_unite_3D	DNeasy	3	mock_only	UNITE+BLAST	BLAST	Cutadapt	PE	NA	0
fig4_q20_PE_cutadapt_unite	3D	fig4_q20_PE_cutadapt_unite_3D	DNeasy	3	mock_only	UNITE+BLAST	BLAST	Cutadapt	PE	Candida_albicans	0.3006956567051406
fig4_q20_PE_cutadapt_unite	3D	fig4_q20_PE_cutadapt_unite_3D	DNeasy	3	mock_only	UNITE+BLAST	BLAST	Cutadapt	PE	NA	0
fig4_q20_PE_cutadapt_unite	3D	fig4_q20_PE_cutadapt_unite_3D	DNeasy	3	mock_only	UNITE+BLAST	BLAST	Cutadapt	PE	Cryptococcus_neoformans	0.14782487862918284
fig4_q20_PE_cutadapt_unite	3D	fig4_q20_PE_cutadapt_unite_3D	DNeasy	3	mock_only	UNITE+BLAST	BLAST	Cutadapt	PE	NA	0
fig4_q20_PE_cutadapt_unite	3D	fig4_q20_PE_cutadapt_unite_3D	DNeasy	3	mock_only	UNITE+BLAST	BLAST	Cutadapt	PE	NA	0
fig4_q20_PE_cutadapt_unite	3D	fig4_q20_PE_cutadapt_unite_3D	DNeasy	3	mock_only	UNITE+BLAST	BLAST	Cutadapt	PE	Cutaneotrichosporon_mucoides	0.20763745950687407
fig4_q20_PE_cutadapt_unite	3D	fig4_q20_PE_cutadapt_unite_3D	DNeasy	3	mock_only	UNITE+BLAST	BLAST	Cutadapt	PE	Fusarium_keratoplasticum	0.002275431420060273
fig4_q20_PE_cutadapt_unite	3D	fig4_q20_PE_cutadapt_unite_3D	DNeasy	3	mock_only	UNITE+BLAST	BLAST	Cutadapt	PE	NA	0
fig4_q20_PE_cutadapt_unite	3D	fig4_q20_PE_cutadapt_unite_3D	DNeasy	3	mock_only	UNITE+BLAST	BLAST	Cutadapt	PE	Malassezia_globosa	0
fig4_q20_PE_cutadapt_unite	3D	fig4_q20_PE_cutadapt_unite_3D	DNeasy	3	mock_only	UNITE+BLAST	BLAST	Cutadapt	PE	NA	0
fig4_q20_PE_cutadapt_unite	3D	fig4_q20_PE_cutadapt_unite_3D	DNeasy	3	mock_only	UNITE+BLAST	BLAST	Cutadapt	PE	Nakaseomyces_glabratus	0.1140755408492049
fig4_q20_PE_cutadapt_unite	3D	fig4_q20_PE_cutadapt_unite_3D	DNeasy	3	mock_only	UNITE+BLAST	BLAST	Cutadapt	PE	Other	0.13062887018750596
fig4_q20_PE_cutadapt_unite	3D	fig4_q20_PE_cutadapt_unite_3D	DNeasy	3	mock_only	UNITE+BLAST	BLAST	Cutadapt	PE	NA	0
fig4_q20_PE_cutadapt_unite	3D	fig4_q20_PE_cutadapt_unite_3D	DNeasy	3	mock_only	UNITE+BLAST	BLAST	Cutadapt	PE	NA	0
fig4_q20_PE_cutadapt_unite	3D	fig4_q20_PE_cutadapt_unite_3D	DNeasy	3	mock_only	UNITE+BLAST	BLAST	Cutadapt	PE	NA	0
fig4_q20_PE_cutadapt_unite	3D	fig4_q20_PE_cutadapt_unite_3D	DNeasy	3	mock_only	UNITE+BLAST	BLAST	Cutadapt	PE	Penicillium_flavigenum	1.99751613211398e-4
fig4_q20_PE_cutadapt_unite	3D	fig4_q20_PE_cutadapt_unite_3D	DNeasy	3	mock_only	UNITE+BLAST	BLAST	Cutadapt	PE	NA	0
fig4_q20_PE_cutadapt_unite	3D	fig4_q20_PE_cutadapt_unite_3D	DNeasy	3	mock_only	UNITE+BLAST	BLAST	Cutadapt	PE	NA	0
fig4_q20_PE_cutadapt_unite	3D	fig4_q20_PE_cutadapt_unite_3D	DNeasy	3	mock_only	UNITE+BLAST	BLAST	Cutadapt	PE	NA	0
fig4_q20_PE_cutadapt_unite	3D	fig4_q20_PE_cutadapt_unite_3D	DNeasy	3	mock_only	UNITE+BLAST	BLAST	Cutadapt	PE	Saccharomyces_cerevisiae	0.05847511355444968
fig4_q20_PE_cutadapt_unite	3D	fig4_q20_PE_cutadapt_unite_3D	DNeasy	3	mock_only	UNITE+BLAST	BLAST	Cutadapt	PE	Saccharomyces_kudriavzevii	0
fig4_q20_PE_cutadapt_unite	3D	fig4_q20_PE_cutadapt_unite_3D	DNeasy	3	mock_only	UNITE+BLAST	BLAST	Cutadapt	PE	NA	0
fig4_q20_PE_cutadapt_unite	3D	fig4_q20_PE_cutadapt_unite_3D	DNeasy	3	mock_only	UNITE+BLAST	BLAST	Cutadapt	PE	Trichophyton_mentagrophytes	0.0053846087039594245
fig4_q20_PE_cutadapt_unite	3Q	fig4_q20_PE_cutadapt_unite_3Q	QIAamp	3	mock_only	UNITE	No_BLAST	Cutadapt	PE	Aspergillus_fumigatus	0.03245050542466394
fig4_q20_PE_cutadapt_unite	3Q	fig4_q20_PE_cutadapt_unite_3Q	QIAamp	3	mock_only	UNITE	No_BLAST	Cutadapt	PE	NA	0
fig4_q20_PE_cutadapt_unite	3Q	fig4_q20_PE_cutadapt_unite_3Q	QIAamp	3	mock_only	UNITE	No_BLAST	Cutadapt	PE	NA	0
fig4_q20_PE_cutadapt_unite	3Q	fig4_q20_PE_cutadapt_unite_3Q	QIAamp	3	mock_only	UNITE	No_BLAST	Cutadapt	PE	Candida_albicans	0.30505814576895707
fig4_q20_PE_cutadapt_unite	3Q	fig4_q20_PE_cutadapt_unite_3Q	QIAamp	3	mock_only	UNITE	No_BLAST	Cutadapt	PE	NA	0
fig4_q20_PE_cutadapt_unite	3Q	fig4_q20_PE_cutadapt_unite_3Q	QIAamp	3	mock_only	UNITE	No_BLAST	Cutadapt	PE	Cryptococcus_neoformans	0.15720315439578114
fig4_q20_PE_cutadapt_unite	3Q	fig4_q20_PE_cutadapt_unite_3Q	QIAamp	3	mock_only	UNITE	No_BLAST	Cutadapt	PE	NA	0
fig4_q20_PE_cutadapt_unite	3Q	fig4_q20_PE_cutadapt_unite_3Q	QIAamp	3	mock_only	UNITE	No_BLAST	Cutadapt	PE	NA	0
fig4_q20_PE_cutadapt_unite	3Q	fig4_q20_PE_cutadapt_unite_3Q	QIAamp	3	mock_only	UNITE	No_BLAST	Cutadapt	PE	Cutaneotrichosporon_mucoides	0.22187996529774728
fig4_q20_PE_cutadapt_unite	3Q	fig4_q20_PE_cutadapt_unite_3Q	QIAamp	3	mock_only	UNITE	No_BLAST	Cutadapt	PE	Fusarium_keratoplasticum	0
fig4_q20_PE_cutadapt_unite	3Q	fig4_q20_PE_cutadapt_unite_3Q	QIAamp	3	mock_only	UNITE	No_BLAST	Cutadapt	PE	NA	0
fig4_q20_PE_cutadapt_unite	3Q	fig4_q20_PE_cutadapt_unite_3Q	QIAamp	3	mock_only	UNITE	No_BLAST	Cutadapt	PE	Malassezia_globosa	0
fig4_q20_PE_cutadapt_unite	3Q	fig4_q20_PE_cutadapt_unite_3Q	QIAamp	3	mock_only	UNITE	No_BLAST	Cutadapt	PE	NA	0
fig4_q20_PE_cutadapt_unite	3Q	fig4_q20_PE_cutadapt_unite_3Q	QIAamp	3	mock_only	UNITE	No_BLAST	Cutadapt	PE	Nakaseomyces_glabratus	0.11123241736282374
fig4_q20_PE_cutadapt_unite	3Q	fig4_q20_PE_cutadapt_unite_3Q	QIAamp	3	mock_only	UNITE	No_BLAST	Cutadapt	PE	Other	0.12571768352715257
fig4_q20_PE_cutadapt_unite	3Q	fig4_q20_PE_cutadapt_unite_3Q	QIAamp	3	mock_only	UNITE	No_BLAST	Cutadapt	PE	NA	0
fig4_q20_PE_cutadapt_unite	3Q	fig4_q20_PE_cutadapt_unite_3Q	QIAamp	3	mock_only	UNITE	No_BLAST	Cutadapt	PE	NA	0
fig4_q20_PE_cutadapt_unite	3Q	fig4_q20_PE_cutadapt_unite_3Q	QIAamp	3	mock_only	UNITE	No_BLAST	Cutadapt	PE	NA	0
fig4_q20_PE_cutadapt_unite	3Q	fig4_q20_PE_cutadapt_unite_3Q	QIAamp	3	mock_only	UNITE	No_BLAST	Cutadapt	PE	Penicillium_flavigenum	0
fig4_q20_PE_cutadapt_unite	3Q	fig4_q20_PE_cutadapt_unite_3Q	QIAamp	3	mock_only	UNITE	No_BLAST	Cutadapt	PE	NA	0
fig4_q20_PE_cutadapt_unite	3Q	fig4_q20_PE_cutadapt_unite_3Q	QIAamp	3	mock_only	UNITE	No_BLAST	Cutadapt	PE	NA	0
fig4_q20_PE_cutadapt_unite	3Q	fig4_q20_PE_cutadapt_unite_3Q	QIAamp	3	mock_only	UNITE	No_BLAST	Cutadapt	PE	NA	0
fig4_q20_PE_cutadapt_unite	3Q	fig4_q20_PE_cutadapt_unite_3Q	QIAamp	3	mock_only	UNITE	No_BLAST	Cutadapt	PE	Saccharomyces_cerevisiae	0.039654147211635
fig4_q20_PE_cutadapt_unite	3Q	fig4_q20_PE_cutadapt_unite_3Q	QIAamp	3	mock_only	UNITE	No_BLAST	Cutadapt	PE	Saccharomyces_kudriavzevii	0
fig4_q20_PE_cutadapt_unite	3Q	fig4_q20_PE_cutadapt_unite_3Q	QIAamp	3	mock_only	UNITE	No_BLAST	Cutadapt	PE	NA	0
fig4_q20_PE_cutadapt_unite	3Q	fig4_q20_PE_cutadapt_unite_3Q	QIAamp	3	mock_only	UNITE	No_BLAST	Cutadapt	PE	Trichophyton_mentagrophytes	0.006803981011239241
fig4_q20_PE_cutadapt_unite	3Q	fig4_q20_PE_cutadapt_unite_3Q	QIAamp	3	mock_only	UNITE+BLAST	BLAST	Cutadapt	PE	Aspergillus_fumigatus	0.03245050542466394
fig4_q20_PE_cutadapt_unite	3Q	fig4_q20_PE_cutadapt_unite_3Q	QIAamp	3	mock_only	UNITE+BLAST	BLAST	Cutadapt	PE	NA	0
fig4_q20_PE_cutadapt_unite	3Q	fig4_q20_PE_cutadapt_unite_3Q	QIAamp	3	mock_only	UNITE+BLAST	BLAST	Cutadapt	PE	NA	0
fig4_q20_PE_cutadapt_unite	3Q	fig4_q20_PE_cutadapt_unite_3Q	QIAamp	3	mock_only	UNITE+BLAST	BLAST	Cutadapt	PE	Candida_albicans	0.30505814576895707
fig4_q20_PE_cutadapt_unite	3Q	fig4_q20_PE_cutadapt_unite_3Q	QIAamp	3	mock_only	UNITE+BLAST	BLAST	Cutadapt	PE	NA	0
fig4_q20_PE_cutadapt_unite	3Q	fig4_q20_PE_cutadapt_unite_3Q	QIAamp	3	mock_only	UNITE+BLAST	BLAST	Cutadapt	PE	Cryptococcus_neoformans	0.15720315439578114
fig4_q20_PE_cutadapt_unite	3Q	fig4_q20_PE_cutadapt_unite_3Q	QIAamp	3	mock_only	UNITE+BLAST	BLAST	Cutadapt	PE	NA	0
fig4_q20_PE_cutadapt_unite	3Q	fig4_q20_PE_cutadapt_unite_3Q	QIAamp	3	mock_only	UNITE+BLAST	BLAST	Cutadapt	PE	NA	0
fig4_q20_PE_cutadapt_unite	3Q	fig4_q20_PE_cutadapt_unite_3Q	QIAamp	3	mock_only	UNITE+BLAST	BLAST	Cutadapt	PE	Cutaneotrichosporon_mucoides	0.22187996529774728
fig4_q20_PE_cutadapt_unite	3Q	fig4_q20_PE_cutadapt_unite_3Q	QIAamp	3	mock_only	UNITE+BLAST	BLAST	Cutadapt	PE	Fusarium_keratoplasticum	0.002436955949584255
fig4_q20_PE_cutadapt_unite	3Q	fig4_q20_PE_cutadapt_unite_3Q	QIAamp	3	mock_only	UNITE+BLAST	BLAST	Cutadapt	PE	NA	0
fig4_q20_PE_cutadapt_unite	3Q	fig4_q20_PE_cutadapt_unite_3Q	QIAamp	3	mock_only	UNITE+BLAST	BLAST	Cutadapt	PE	Malassezia_globosa	1.9495647596674042e-5
fig4_q20_PE_cutadapt_unite	3Q	fig4_q20_PE_cutadapt_unite_3Q	QIAamp	3	mock_only	UNITE+BLAST	BLAST	Cutadapt	PE	NA	0
fig4_q20_PE_cutadapt_unite	3Q	fig4_q20_PE_cutadapt_unite_3Q	QIAamp	3	mock_only	UNITE+BLAST	BLAST	Cutadapt	PE	Nakaseomyces_glabratus	0.11123241736282374
fig4_q20_PE_cutadapt_unite	3Q	fig4_q20_PE_cutadapt_unite_3Q	QIAamp	3	mock_only	UNITE+BLAST	BLAST	Cutadapt	PE	Other	0.12326123192997163
fig4_q20_PE_cutadapt_unite	3Q	fig4_q20_PE_cutadapt_unite_3Q	QIAamp	3	mock_only	UNITE+BLAST	BLAST	Cutadapt	PE	NA	0
fig4_q20_PE_cutadapt_unite	3Q	fig4_q20_PE_cutadapt_unite_3Q	QIAamp	3	mock_only	UNITE+BLAST	BLAST	Cutadapt	PE	NA	0
fig4_q20_PE_cutadapt_unite	3Q	fig4_q20_PE_cutadapt_unite_3Q	QIAamp	3	mock_only	UNITE+BLAST	BLAST	Cutadapt	PE	NA	0
fig4_q20_PE_cutadapt_unite	3Q	fig4_q20_PE_cutadapt_unite_3Q	QIAamp	3	mock_only	UNITE+BLAST	BLAST	Cutadapt	PE	Penicillium_flavigenum	0
fig4_q20_PE_cutadapt_unite	3Q	fig4_q20_PE_cutadapt_unite_3Q	QIAamp	3	mock_only	UNITE+BLAST	BLAST	Cutadapt	PE	NA	0
fig4_q20_PE_cutadapt_unite	3Q	fig4_q20_PE_cutadapt_unite_3Q	QIAamp	3	mock_only	UNITE+BLAST	BLAST	Cutadapt	PE	NA	0
fig4_q20_PE_cutadapt_unite	3Q	fig4_q20_PE_cutadapt_unite_3Q	QIAamp	3	mock_only	UNITE+BLAST	BLAST	Cutadapt	PE	NA	0
fig4_q20_PE_cutadapt_unite	3Q	fig4_q20_PE_cutadapt_unite_3Q	QIAamp	3	mock_only	UNITE+BLAST	BLAST	Cutadapt	PE	Saccharomyces_cerevisiae	0.039654147211635
fig4_q20_PE_cutadapt_unite	3Q	fig4_q20_PE_cutadapt_unite_3Q	QIAamp	3	mock_only	UNITE+BLAST	BLAST	Cutadapt	PE	Saccharomyces_kudriavzevii	0
fig4_q20_PE_cutadapt_unite	3Q	fig4_q20_PE_cutadapt_unite_3Q	QIAamp	3	mock_only	UNITE+BLAST	BLAST	Cutadapt	PE	NA	0
fig4_q20_PE_cutadapt_unite	3Q	fig4_q20_PE_cutadapt_unite_3Q	QIAamp	3	mock_only	UNITE+BLAST	BLAST	Cutadapt	PE	Trichophyton_mentagrophytes	0.006803981011239241
fig4_q20_PE_cutadapt_unite	3Z	fig4_q20_PE_cutadapt_unite_3Z	Zymo	3	mock_only	UNITE	No_BLAST	Cutadapt	PE	Aspergillus_fumigatus	0.027506768849525035
fig4_q20_PE_cutadapt_unite	3Z	fig4_q20_PE_cutadapt_unite_3Z	Zymo	3	mock_only	UNITE	No_BLAST	Cutadapt	PE	NA	0
fig4_q20_PE_cutadapt_unite	3Z	fig4_q20_PE_cutadapt_unite_3Z	Zymo	3	mock_only	UNITE	No_BLAST	Cutadapt	PE	NA	0
fig4_q20_PE_cutadapt_unite	3Z	fig4_q20_PE_cutadapt_unite_3Z	Zymo	3	mock_only	UNITE	No_BLAST	Cutadapt	PE	Candida_albicans	0.30457528337386996
fig4_q20_PE_cutadapt_unite	3Z	fig4_q20_PE_cutadapt_unite_3Z	Zymo	3	mock_only	UNITE	No_BLAST	Cutadapt	PE	NA	0
fig4_q20_PE_cutadapt_unite	3Z	fig4_q20_PE_cutadapt_unite_3Z	Zymo	3	mock_only	UNITE	No_BLAST	Cutadapt	PE	Cryptococcus_neoformans	0.15176907897755954
fig4_q20_PE_cutadapt_unite	3Z	fig4_q20_PE_cutadapt_unite_3Z	Zymo	3	mock_only	UNITE	No_BLAST	Cutadapt	PE	NA	0
fig4_q20_PE_cutadapt_unite	3Z	fig4_q20_PE_cutadapt_unite_3Z	Zymo	3	mock_only	UNITE	No_BLAST	Cutadapt	PE	NA	0
fig4_q20_PE_cutadapt_unite	3Z	fig4_q20_PE_cutadapt_unite_3Z	Zymo	3	mock_only	UNITE	No_BLAST	Cutadapt	PE	Cutaneotrichosporon_mucoides	0.23171033913083383
fig4_q20_PE_cutadapt_unite	3Z	fig4_q20_PE_cutadapt_unite_3Z	Zymo	3	mock_only	UNITE	No_BLAST	Cutadapt	PE	Fusarium_keratoplasticum	0
fig4_q20_PE_cutadapt_unite	3Z	fig4_q20_PE_cutadapt_unite_3Z	Zymo	3	mock_only	UNITE	No_BLAST	Cutadapt	PE	NA	0
fig4_q20_PE_cutadapt_unite	3Z	fig4_q20_PE_cutadapt_unite_3Z	Zymo	3	mock_only	UNITE	No_BLAST	Cutadapt	PE	Malassezia_globosa	0
fig4_q20_PE_cutadapt_unite	3Z	fig4_q20_PE_cutadapt_unite_3Z	Zymo	3	mock_only	UNITE	No_BLAST	Cutadapt	PE	NA	0
fig4_q20_PE_cutadapt_unite	3Z	fig4_q20_PE_cutadapt_unite_3Z	Zymo	3	mock_only	UNITE	No_BLAST	Cutadapt	PE	Nakaseomyces_glabratus	0.10078472763985132
fig4_q20_PE_cutadapt_unite	3Z	fig4_q20_PE_cutadapt_unite_3Z	Zymo	3	mock_only	UNITE	No_BLAST	Cutadapt	PE	Other	0.12339039052819972
fig4_q20_PE_cutadapt_unite	3Z	fig4_q20_PE_cutadapt_unite_3Z	Zymo	3	mock_only	UNITE	No_BLAST	Cutadapt	PE	NA	0
fig4_q20_PE_cutadapt_unite	3Z	fig4_q20_PE_cutadapt_unite_3Z	Zymo	3	mock_only	UNITE	No_BLAST	Cutadapt	PE	NA	0
fig4_q20_PE_cutadapt_unite	3Z	fig4_q20_PE_cutadapt_unite_3Z	Zymo	3	mock_only	UNITE	No_BLAST	Cutadapt	PE	NA	0
fig4_q20_PE_cutadapt_unite	3Z	fig4_q20_PE_cutadapt_unite_3Z	Zymo	3	mock_only	UNITE	No_BLAST	Cutadapt	PE	Penicillium_flavigenum	8.627414987839016e-4
fig4_q20_PE_cutadapt_unite	3Z	fig4_q20_PE_cutadapt_unite_3Z	Zymo	3	mock_only	UNITE	No_BLAST	Cutadapt	PE	NA	0
fig4_q20_PE_cutadapt_unite	3Z	fig4_q20_PE_cutadapt_unite_3Z	Zymo	3	mock_only	UNITE	No_BLAST	Cutadapt	PE	NA	0
fig4_q20_PE_cutadapt_unite	3Z	fig4_q20_PE_cutadapt_unite_3Z	Zymo	3	mock_only	UNITE	No_BLAST	Cutadapt	PE	NA	0
fig4_q20_PE_cutadapt_unite	3Z	fig4_q20_PE_cutadapt_unite_3Z	Zymo	3	mock_only	UNITE	No_BLAST	Cutadapt	PE	Saccharomyces_cerevisiae	0.05516038731586435
fig4_q20_PE_cutadapt_unite	3Z	fig4_q20_PE_cutadapt_unite_3Z	Zymo	3	mock_only	UNITE	No_BLAST	Cutadapt	PE	Saccharomyces_kudriavzevii	0
fig4_q20_PE_cutadapt_unite	3Z	fig4_q20_PE_cutadapt_unite_3Z	Zymo	3	mock_only	UNITE	No_BLAST	Cutadapt	PE	NA	0
fig4_q20_PE_cutadapt_unite	3Z	fig4_q20_PE_cutadapt_unite_3Z	Zymo	3	mock_only	UNITE	No_BLAST	Cutadapt	PE	Trichophyton_mentagrophytes	0.004240282685512367
fig4_q20_PE_cutadapt_unite	3Z	fig4_q20_PE_cutadapt_unite_3Z	Zymo	3	mock_only	UNITE+BLAST	BLAST	Cutadapt	PE	Aspergillus_fumigatus	0.027506768849525035
fig4_q20_PE_cutadapt_unite	3Z	fig4_q20_PE_cutadapt_unite_3Z	Zymo	3	mock_only	UNITE+BLAST	BLAST	Cutadapt	PE	NA	0
fig4_q20_PE_cutadapt_unite	3Z	fig4_q20_PE_cutadapt_unite_3Z	Zymo	3	mock_only	UNITE+BLAST	BLAST	Cutadapt	PE	NA	0
fig4_q20_PE_cutadapt_unite	3Z	fig4_q20_PE_cutadapt_unite_3Z	Zymo	3	mock_only	UNITE+BLAST	BLAST	Cutadapt	PE	Candida_albicans	0.30457528337386996
fig4_q20_PE_cutadapt_unite	3Z	fig4_q20_PE_cutadapt_unite_3Z	Zymo	3	mock_only	UNITE+BLAST	BLAST	Cutadapt	PE	NA	0
fig4_q20_PE_cutadapt_unite	3Z	fig4_q20_PE_cutadapt_unite_3Z	Zymo	3	mock_only	UNITE+BLAST	BLAST	Cutadapt	PE	Cryptococcus_neoformans	0.15176907897755954
fig4_q20_PE_cutadapt_unite	3Z	fig4_q20_PE_cutadapt_unite_3Z	Zymo	3	mock_only	UNITE+BLAST	BLAST	Cutadapt	PE	NA	0
fig4_q20_PE_cutadapt_unite	3Z	fig4_q20_PE_cutadapt_unite_3Z	Zymo	3	mock_only	UNITE+BLAST	BLAST	Cutadapt	PE	NA	0
fig4_q20_PE_cutadapt_unite	3Z	fig4_q20_PE_cutadapt_unite_3Z	Zymo	3	mock_only	UNITE+BLAST	BLAST	Cutadapt	PE	Cutaneotrichosporon_mucoides	0.23171033913083383
fig4_q20_PE_cutadapt_unite	3Z	fig4_q20_PE_cutadapt_unite_3Z	Zymo	3	mock_only	UNITE+BLAST	BLAST	Cutadapt	PE	Fusarium_keratoplasticum	0.0015878114818044147
fig4_q20_PE_cutadapt_unite	3Z	fig4_q20_PE_cutadapt_unite_3Z	Zymo	3	mock_only	UNITE+BLAST	BLAST	Cutadapt	PE	NA	0
fig4_q20_PE_cutadapt_unite	3Z	fig4_q20_PE_cutadapt_unite_3Z	Zymo	3	mock_only	UNITE+BLAST	BLAST	Cutadapt	PE	Malassezia_globosa	6.424670735624799e-5
fig4_q20_PE_cutadapt_unite	3Z	fig4_q20_PE_cutadapt_unite_3Z	Zymo	3	mock_only	UNITE+BLAST	BLAST	Cutadapt	PE	NA	0
fig4_q20_PE_cutadapt_unite	3Z	fig4_q20_PE_cutadapt_unite_3Z	Zymo	3	mock_only	UNITE+BLAST	BLAST	Cutadapt	PE	Nakaseomyces_glabratus	0.10078472763985132
fig4_q20_PE_cutadapt_unite	3Z	fig4_q20_PE_cutadapt_unite_3Z	Zymo	3	mock_only	UNITE+BLAST	BLAST	Cutadapt	PE	Other	0.12173833233903905
fig4_q20_PE_cutadapt_unite	3Z	fig4_q20_PE_cutadapt_unite_3Z	Zymo	3	mock_only	UNITE+BLAST	BLAST	Cutadapt	PE	NA	0
fig4_q20_PE_cutadapt_unite	3Z	fig4_q20_PE_cutadapt_unite_3Z	Zymo	3	mock_only	UNITE+BLAST	BLAST	Cutadapt	PE	NA	0
fig4_q20_PE_cutadapt_unite	3Z	fig4_q20_PE_cutadapt_unite_3Z	Zymo	3	mock_only	UNITE+BLAST	BLAST	Cutadapt	PE	NA	0
fig4_q20_PE_cutadapt_unite	3Z	fig4_q20_PE_cutadapt_unite_3Z	Zymo	3	mock_only	UNITE+BLAST	BLAST	Cutadapt	PE	Penicillium_flavigenum	8.627414987839016e-4
fig4_q20_PE_cutadapt_unite	3Z	fig4_q20_PE_cutadapt_unite_3Z	Zymo	3	mock_only	UNITE+BLAST	BLAST	Cutadapt	PE	NA	0
fig4_q20_PE_cutadapt_unite	3Z	fig4_q20_PE_cutadapt_unite_3Z	Zymo	3	mock_only	UNITE+BLAST	BLAST	Cutadapt	PE	NA	0
fig4_q20_PE_cutadapt_unite	3Z	fig4_q20_PE_cutadapt_unite_3Z	Zymo	3	mock_only	UNITE+BLAST	BLAST	Cutadapt	PE	NA	0
fig4_q20_PE_cutadapt_unite	3Z	fig4_q20_PE_cutadapt_unite_3Z	Zymo	3	mock_only	UNITE+BLAST	BLAST	Cutadapt	PE	Saccharomyces_cerevisiae	0.05516038731586435
fig4_q20_PE_cutadapt_unite	3Z	fig4_q20_PE_cutadapt_unite_3Z	Zymo	3	mock_only	UNITE+BLAST	BLAST	Cutadapt	PE	Saccharomyces_kudriavzevii	0
fig4_q20_PE_cutadapt_unite	3Z	fig4_q20_PE_cutadapt_unite_3Z	Zymo	3	mock_only	UNITE+BLAST	BLAST	Cutadapt	PE	NA	0
fig4_q20_PE_cutadapt_unite	3Z	fig4_q20_PE_cutadapt_unite_3Z	Zymo	3	mock_only	UNITE+BLAST	BLAST	Cutadapt	PE	Trichophyton_mentagrophytes	0.004240282685512367
fig4_q20_PE_cutadapt_unite	4D	fig4_q20_PE_cutadapt_unite_4D	DNeasy	4	mock_only	UNITE	No_BLAST	Cutadapt	PE	Aspergillus_fumigatus	0.029382806948451665
fig4_q20_PE_cutadapt_unite	4D	fig4_q20_PE_cutadapt_unite_4D	DNeasy	4	mock_only	UNITE	No_BLAST	Cutadapt	PE	NA	0
fig4_q20_PE_cutadapt_unite	4D	fig4_q20_PE_cutadapt_unite_4D	DNeasy	4	mock_only	UNITE	No_BLAST	Cutadapt	PE	NA	0
fig4_q20_PE_cutadapt_unite	4D	fig4_q20_PE_cutadapt_unite_4D	DNeasy	4	mock_only	UNITE	No_BLAST	Cutadapt	PE	Candida_albicans	0.30202991361523246
fig4_q20_PE_cutadapt_unite	4D	fig4_q20_PE_cutadapt_unite_4D	DNeasy	4	mock_only	UNITE	No_BLAST	Cutadapt	PE	NA	0
fig4_q20_PE_cutadapt_unite	4D	fig4_q20_PE_cutadapt_unite_4D	DNeasy	4	mock_only	UNITE	No_BLAST	Cutadapt	PE	Cryptococcus_neoformans	0.14792428276670977
fig4_q20_PE_cutadapt_unite	4D	fig4_q20_PE_cutadapt_unite_4D	DNeasy	4	mock_only	UNITE	No_BLAST	Cutadapt	PE	NA	0
fig4_q20_PE_cutadapt_unite	4D	fig4_q20_PE_cutadapt_unite_4D	DNeasy	4	mock_only	UNITE	No_BLAST	Cutadapt	PE	NA	0
fig4_q20_PE_cutadapt_unite	4D	fig4_q20_PE_cutadapt_unite_4D	DNeasy	4	mock_only	UNITE	No_BLAST	Cutadapt	PE	Cutaneotrichosporon_mucoides	0.22200628408516904
fig4_q20_PE_cutadapt_unite	4D	fig4_q20_PE_cutadapt_unite_4D	DNeasy	4	mock_only	UNITE	No_BLAST	Cutadapt	PE	Fusarium_keratoplasticum	0
fig4_q20_PE_cutadapt_unite	4D	fig4_q20_PE_cutadapt_unite_4D	DNeasy	4	mock_only	UNITE	No_BLAST	Cutadapt	PE	NA	0
fig4_q20_PE_cutadapt_unite	4D	fig4_q20_PE_cutadapt_unite_4D	DNeasy	4	mock_only	UNITE	No_BLAST	Cutadapt	PE	Malassezia_globosa	0
fig4_q20_PE_cutadapt_unite	4D	fig4_q20_PE_cutadapt_unite_4D	DNeasy	4	mock_only	UNITE	No_BLAST	Cutadapt	PE	NA	0
fig4_q20_PE_cutadapt_unite	4D	fig4_q20_PE_cutadapt_unite_4D	DNeasy	4	mock_only	UNITE	No_BLAST	Cutadapt	PE	Nakaseomyces_glabratus	0.11503129200448618
fig4_q20_PE_cutadapt_unite	4D	fig4_q20_PE_cutadapt_unite_4D	DNeasy	4	mock_only	UNITE	No_BLAST	Cutadapt	PE	Other	0.11497992346087002
fig4_q20_PE_cutadapt_unite	4D	fig4_q20_PE_cutadapt_unite_4D	DNeasy	4	mock_only	UNITE	No_BLAST	Cutadapt	PE	NA	0
fig4_q20_PE_cutadapt_unite	4D	fig4_q20_PE_cutadapt_unite_4D	DNeasy	4	mock_only	UNITE	No_BLAST	Cutadapt	PE	NA	0
fig4_q20_PE_cutadapt_unite	4D	fig4_q20_PE_cutadapt_unite_4D	DNeasy	4	mock_only	UNITE	No_BLAST	Cutadapt	PE	NA	0
fig4_q20_PE_cutadapt_unite	4D	fig4_q20_PE_cutadapt_unite_4D	DNeasy	4	mock_only	UNITE	No_BLAST	Cutadapt	PE	Penicillium_flavigenum	0
fig4_q20_PE_cutadapt_unite	4D	fig4_q20_PE_cutadapt_unite_4D	DNeasy	4	mock_only	UNITE	No_BLAST	Cutadapt	PE	NA	0
fig4_q20_PE_cutadapt_unite	4D	fig4_q20_PE_cutadapt_unite_4D	DNeasy	4	mock_only	UNITE	No_BLAST	Cutadapt	PE	NA	0
fig4_q20_PE_cutadapt_unite	4D	fig4_q20_PE_cutadapt_unite_4D	DNeasy	4	mock_only	UNITE	No_BLAST	Cutadapt	PE	NA	0
fig4_q20_PE_cutadapt_unite	4D	fig4_q20_PE_cutadapt_unite_4D	DNeasy	4	mock_only	UNITE	No_BLAST	Cutadapt	PE	Saccharomyces_cerevisiae	0.06338022139842299
fig4_q20_PE_cutadapt_unite	4D	fig4_q20_PE_cutadapt_unite_4D	DNeasy	4	mock_only	UNITE	No_BLAST	Cutadapt	PE	Saccharomyces_kudriavzevii	0
fig4_q20_PE_cutadapt_unite	4D	fig4_q20_PE_cutadapt_unite_4D	DNeasy	4	mock_only	UNITE	No_BLAST	Cutadapt	PE	NA	0
fig4_q20_PE_cutadapt_unite	4D	fig4_q20_PE_cutadapt_unite_4D	DNeasy	4	mock_only	UNITE	No_BLAST	Cutadapt	PE	Trichophyton_mentagrophytes	0.00526527572065786
fig4_q20_PE_cutadapt_unite	4D	fig4_q20_PE_cutadapt_unite_4D	DNeasy	4	mock_only	UNITE+BLAST	BLAST	Cutadapt	PE	Aspergillus_fumigatus	0.029382806948451665
fig4_q20_PE_cutadapt_unite	4D	fig4_q20_PE_cutadapt_unite_4D	DNeasy	4	mock_only	UNITE+BLAST	BLAST	Cutadapt	PE	NA	0
fig4_q20_PE_cutadapt_unite	4D	fig4_q20_PE_cutadapt_unite_4D	DNeasy	4	mock_only	UNITE+BLAST	BLAST	Cutadapt	PE	NA	0
fig4_q20_PE_cutadapt_unite	4D	fig4_q20_PE_cutadapt_unite_4D	DNeasy	4	mock_only	UNITE+BLAST	BLAST	Cutadapt	PE	Candida_albicans	0.30202991361523246
fig4_q20_PE_cutadapt_unite	4D	fig4_q20_PE_cutadapt_unite_4D	DNeasy	4	mock_only	UNITE+BLAST	BLAST	Cutadapt	PE	NA	0
fig4_q20_PE_cutadapt_unite	4D	fig4_q20_PE_cutadapt_unite_4D	DNeasy	4	mock_only	UNITE+BLAST	BLAST	Cutadapt	PE	Cryptococcus_neoformans	0.14792428276670977
fig4_q20_PE_cutadapt_unite	4D	fig4_q20_PE_cutadapt_unite_4D	DNeasy	4	mock_only	UNITE+BLAST	BLAST	Cutadapt	PE	NA	0
fig4_q20_PE_cutadapt_unite	4D	fig4_q20_PE_cutadapt_unite_4D	DNeasy	4	mock_only	UNITE+BLAST	BLAST	Cutadapt	PE	NA	0
fig4_q20_PE_cutadapt_unite	4D	fig4_q20_PE_cutadapt_unite_4D	DNeasy	4	mock_only	UNITE+BLAST	BLAST	Cutadapt	PE	Cutaneotrichosporon_mucoides	0.22200628408516904
fig4_q20_PE_cutadapt_unite	4D	fig4_q20_PE_cutadapt_unite_4D	DNeasy	4	mock_only	UNITE+BLAST	BLAST	Cutadapt	PE	Fusarium_keratoplasticum	0.002183163103687405
fig4_q20_PE_cutadapt_unite	4D	fig4_q20_PE_cutadapt_unite_4D	DNeasy	4	mock_only	UNITE+BLAST	BLAST	Cutadapt	PE	NA	0
fig4_q20_PE_cutadapt_unite	4D	fig4_q20_PE_cutadapt_unite_4D	DNeasy	4	mock_only	UNITE+BLAST	BLAST	Cutadapt	PE	Malassezia_globosa	0
fig4_q20_PE_cutadapt_unite	4D	fig4_q20_PE_cutadapt_unite_4D	DNeasy	4	mock_only	UNITE+BLAST	BLAST	Cutadapt	PE	NA	0
fig4_q20_PE_cutadapt_unite	4D	fig4_q20_PE_cutadapt_unite_4D	DNeasy	4	mock_only	UNITE+BLAST	BLAST	Cutadapt	PE	Nakaseomyces_glabratus	0.11503129200448618
fig4_q20_PE_cutadapt_unite	4D	fig4_q20_PE_cutadapt_unite_4D	DNeasy	4	mock_only	UNITE+BLAST	BLAST	Cutadapt	PE	Other	0.11279676035718261
fig4_q20_PE_cutadapt_unite	4D	fig4_q20_PE_cutadapt_unite_4D	DNeasy	4	mock_only	UNITE+BLAST	BLAST	Cutadapt	PE	NA	0
fig4_q20_PE_cutadapt_unite	4D	fig4_q20_PE_cutadapt_unite_4D	DNeasy	4	mock_only	UNITE+BLAST	BLAST	Cutadapt	PE	NA	0
fig4_q20_PE_cutadapt_unite	4D	fig4_q20_PE_cutadapt_unite_4D	DNeasy	4	mock_only	UNITE+BLAST	BLAST	Cutadapt	PE	NA	0
fig4_q20_PE_cutadapt_unite	4D	fig4_q20_PE_cutadapt_unite_4D	DNeasy	4	mock_only	UNITE+BLAST	BLAST	Cutadapt	PE	Penicillium_flavigenum	0
fig4_q20_PE_cutadapt_unite	4D	fig4_q20_PE_cutadapt_unite_4D	DNeasy	4	mock_only	UNITE+BLAST	BLAST	Cutadapt	PE	NA	0
fig4_q20_PE_cutadapt_unite	4D	fig4_q20_PE_cutadapt_unite_4D	DNeasy	4	mock_only	UNITE+BLAST	BLAST	Cutadapt	PE	NA	0
fig4_q20_PE_cutadapt_unite	4D	fig4_q20_PE_cutadapt_unite_4D	DNeasy	4	mock_only	UNITE+BLAST	BLAST	Cutadapt	PE	NA	0
fig4_q20_PE_cutadapt_unite	4D	fig4_q20_PE_cutadapt_unite_4D	DNeasy	4	mock_only	UNITE+BLAST	BLAST	Cutadapt	PE	Saccharomyces_cerevisiae	0.06338022139842299
fig4_q20_PE_cutadapt_unite	4D	fig4_q20_PE_cutadapt_unite_4D	DNeasy	4	mock_only	UNITE+BLAST	BLAST	Cutadapt	PE	Saccharomyces_kudriavzevii	0
fig4_q20_PE_cutadapt_unite	4D	fig4_q20_PE_cutadapt_unite_4D	DNeasy	4	mock_only	UNITE+BLAST	BLAST	Cutadapt	PE	NA	0
fig4_q20_PE_cutadapt_unite	4D	fig4_q20_PE_cutadapt_unite_4D	DNeasy	4	mock_only	UNITE+BLAST	BLAST	Cutadapt	PE	Trichophyton_mentagrophytes	0.00526527572065786
fig4_q20_PE_cutadapt_unite	4Q	fig4_q20_PE_cutadapt_unite_4Q	QIAamp	4	mock_only	UNITE	No_BLAST	Cutadapt	PE	Aspergillus_fumigatus	0.03401638414232873
fig4_q20_PE_cutadapt_unite	4Q	fig4_q20_PE_cutadapt_unite_4Q	QIAamp	4	mock_only	UNITE	No_BLAST	Cutadapt	PE	NA	0
fig4_q20_PE_cutadapt_unite	4Q	fig4_q20_PE_cutadapt_unite_4Q	QIAamp	4	mock_only	UNITE	No_BLAST	Cutadapt	PE	NA	0
fig4_q20_PE_cutadapt_unite	4Q	fig4_q20_PE_cutadapt_unite_4Q	QIAamp	4	mock_only	UNITE	No_BLAST	Cutadapt	PE	Candida_albicans	0.280731613225316
fig4_q20_PE_cutadapt_unite	4Q	fig4_q20_PE_cutadapt_unite_4Q	QIAamp	4	mock_only	UNITE	No_BLAST	Cutadapt	PE	NA	0
fig4_q20_PE_cutadapt_unite	4Q	fig4_q20_PE_cutadapt_unite_4Q	QIAamp	4	mock_only	UNITE	No_BLAST	Cutadapt	PE	Cryptococcus_neoformans	0.14710554383098465
fig4_q20_PE_cutadapt_unite	4Q	fig4_q20_PE_cutadapt_unite_4Q	QIAamp	4	mock_only	UNITE	No_BLAST	Cutadapt	PE	NA	0
fig4_q20_PE_cutadapt_unite	4Q	fig4_q20_PE_cutadapt_unite_4Q	QIAamp	4	mock_only	UNITE	No_BLAST	Cutadapt	PE	NA	0
fig4_q20_PE_cutadapt_unite	4Q	fig4_q20_PE_cutadapt_unite_4Q	QIAamp	4	mock_only	UNITE	No_BLAST	Cutadapt	PE	Cutaneotrichosporon_mucoides	0.24997163410261647
fig4_q20_PE_cutadapt_unite	4Q	fig4_q20_PE_cutadapt_unite_4Q	QIAamp	4	mock_only	UNITE	No_BLAST	Cutadapt	PE	Fusarium_keratoplasticum	0
fig4_q20_PE_cutadapt_unite	4Q	fig4_q20_PE_cutadapt_unite_4Q	QIAamp	4	mock_only	UNITE	No_BLAST	Cutadapt	PE	NA	0
fig4_q20_PE_cutadapt_unite	4Q	fig4_q20_PE_cutadapt_unite_4Q	QIAamp	4	mock_only	UNITE	No_BLAST	Cutadapt	PE	Malassezia_globosa	0
fig4_q20_PE_cutadapt_unite	4Q	fig4_q20_PE_cutadapt_unite_4Q	QIAamp	4	mock_only	UNITE	No_BLAST	Cutadapt	PE	NA	0
fig4_q20_PE_cutadapt_unite	4Q	fig4_q20_PE_cutadapt_unite_4Q	QIAamp	4	mock_only	UNITE	No_BLAST	Cutadapt	PE	Nakaseomyces_glabratus	0.1119318310754079
fig4_q20_PE_cutadapt_unite	4Q	fig4_q20_PE_cutadapt_unite_4Q	QIAamp	4	mock_only	UNITE	No_BLAST	Cutadapt	PE	Other	0.1275444209953026
fig4_q20_PE_cutadapt_unite	4Q	fig4_q20_PE_cutadapt_unite_4Q	QIAamp	4	mock_only	UNITE	No_BLAST	Cutadapt	PE	NA	0
fig4_q20_PE_cutadapt_unite	4Q	fig4_q20_PE_cutadapt_unite_4Q	QIAamp	4	mock_only	UNITE	No_BLAST	Cutadapt	PE	NA	0
fig4_q20_PE_cutadapt_unite	4Q	fig4_q20_PE_cutadapt_unite_4Q	QIAamp	4	mock_only	UNITE	No_BLAST	Cutadapt	PE	NA	0
fig4_q20_PE_cutadapt_unite	4Q	fig4_q20_PE_cutadapt_unite_4Q	QIAamp	4	mock_only	UNITE	No_BLAST	Cutadapt	PE	Penicillium_flavigenum	0
fig4_q20_PE_cutadapt_unite	4Q	fig4_q20_PE_cutadapt_unite_4Q	QIAamp	4	mock_only	UNITE	No_BLAST	Cutadapt	PE	NA	0
fig4_q20_PE_cutadapt_unite	4Q	fig4_q20_PE_cutadapt_unite_4Q	QIAamp	4	mock_only	UNITE	No_BLAST	Cutadapt	PE	NA	0
fig4_q20_PE_cutadapt_unite	4Q	fig4_q20_PE_cutadapt_unite_4Q	QIAamp	4	mock_only	UNITE	No_BLAST	Cutadapt	PE	NA	0
fig4_q20_PE_cutadapt_unite	4Q	fig4_q20_PE_cutadapt_unite_4Q	QIAamp	4	mock_only	UNITE	No_BLAST	Cutadapt	PE	Saccharomyces_cerevisiae	0.04223114802459891
fig4_q20_PE_cutadapt_unite	4Q	fig4_q20_PE_cutadapt_unite_4Q	QIAamp	4	mock_only	UNITE	No_BLAST	Cutadapt	PE	Saccharomyces_kudriavzevii	0
fig4_q20_PE_cutadapt_unite	4Q	fig4_q20_PE_cutadapt_unite_4Q	QIAamp	4	mock_only	UNITE	No_BLAST	Cutadapt	PE	NA	0
fig4_q20_PE_cutadapt_unite	4Q	fig4_q20_PE_cutadapt_unite_4Q	QIAamp	4	mock_only	UNITE	No_BLAST	Cutadapt	PE	Trichophyton_mentagrophytes	0.0064674246034447545
fig4_q20_PE_cutadapt_unite	4Q	fig4_q20_PE_cutadapt_unite_4Q	QIAamp	4	mock_only	UNITE+BLAST	BLAST	Cutadapt	PE	Aspergillus_fumigatus	0.03401638414232873
fig4_q20_PE_cutadapt_unite	4Q	fig4_q20_PE_cutadapt_unite_4Q	QIAamp	4	mock_only	UNITE+BLAST	BLAST	Cutadapt	PE	NA	0
fig4_q20_PE_cutadapt_unite	4Q	fig4_q20_PE_cutadapt_unite_4Q	QIAamp	4	mock_only	UNITE+BLAST	BLAST	Cutadapt	PE	NA	0
fig4_q20_PE_cutadapt_unite	4Q	fig4_q20_PE_cutadapt_unite_4Q	QIAamp	4	mock_only	UNITE+BLAST	BLAST	Cutadapt	PE	Candida_albicans	0.280731613225316
fig4_q20_PE_cutadapt_unite	4Q	fig4_q20_PE_cutadapt_unite_4Q	QIAamp	4	mock_only	UNITE+BLAST	BLAST	Cutadapt	PE	NA	0
fig4_q20_PE_cutadapt_unite	4Q	fig4_q20_PE_cutadapt_unite_4Q	QIAamp	4	mock_only	UNITE+BLAST	BLAST	Cutadapt	PE	Cryptococcus_neoformans	0.14710554383098465
fig4_q20_PE_cutadapt_unite	4Q	fig4_q20_PE_cutadapt_unite_4Q	QIAamp	4	mock_only	UNITE+BLAST	BLAST	Cutadapt	PE	NA	0
fig4_q20_PE_cutadapt_unite	4Q	fig4_q20_PE_cutadapt_unite_4Q	QIAamp	4	mock_only	UNITE+BLAST	BLAST	Cutadapt	PE	NA	0
fig4_q20_PE_cutadapt_unite	4Q	fig4_q20_PE_cutadapt_unite_4Q	QIAamp	4	mock_only	UNITE+BLAST	BLAST	Cutadapt	PE	Cutaneotrichosporon_mucoides	0.24997163410261647
fig4_q20_PE_cutadapt_unite	4Q	fig4_q20_PE_cutadapt_unite_4Q	QIAamp	4	mock_only	UNITE+BLAST	BLAST	Cutadapt	PE	Fusarium_keratoplasticum	0.0021785009190550754
fig4_q20_PE_cutadapt_unite	4Q	fig4_q20_PE_cutadapt_unite_4Q	QIAamp	4	mock_only	UNITE+BLAST	BLAST	Cutadapt	PE	NA	0
fig4_q20_PE_cutadapt_unite	4Q	fig4_q20_PE_cutadapt_unite_4Q	QIAamp	4	mock_only	UNITE+BLAST	BLAST	Cutadapt	PE	Malassezia_globosa	0
fig4_q20_PE_cutadapt_unite	4Q	fig4_q20_PE_cutadapt_unite_4Q	QIAamp	4	mock_only	UNITE+BLAST	BLAST	Cutadapt	PE	NA	0
fig4_q20_PE_cutadapt_unite	4Q	fig4_q20_PE_cutadapt_unite_4Q	QIAamp	4	mock_only	UNITE+BLAST	BLAST	Cutadapt	PE	Nakaseomyces_glabratus	0.1119318310754079
fig4_q20_PE_cutadapt_unite	4Q	fig4_q20_PE_cutadapt_unite_4Q	QIAamp	4	mock_only	UNITE+BLAST	BLAST	Cutadapt	PE	Other	0.12536592007624753
fig4_q20_PE_cutadapt_unite	4Q	fig4_q20_PE_cutadapt_unite_4Q	QIAamp	4	mock_only	UNITE+BLAST	BLAST	Cutadapt	PE	NA	0
fig4_q20_PE_cutadapt_unite	4Q	fig4_q20_PE_cutadapt_unite_4Q	QIAamp	4	mock_only	UNITE+BLAST	BLAST	Cutadapt	PE	NA	0
fig4_q20_PE_cutadapt_unite	4Q	fig4_q20_PE_cutadapt_unite_4Q	QIAamp	4	mock_only	UNITE+BLAST	BLAST	Cutadapt	PE	NA	0
fig4_q20_PE_cutadapt_unite	4Q	fig4_q20_PE_cutadapt_unite_4Q	QIAamp	4	mock_only	UNITE+BLAST	BLAST	Cutadapt	PE	Penicillium_flavigenum	0
fig4_q20_PE_cutadapt_unite	4Q	fig4_q20_PE_cutadapt_unite_4Q	QIAamp	4	mock_only	UNITE+BLAST	BLAST	Cutadapt	PE	NA	0
fig4_q20_PE_cutadapt_unite	4Q	fig4_q20_PE_cutadapt_unite_4Q	QIAamp	4	mock_only	UNITE+BLAST	BLAST	Cutadapt	PE	NA	0
fig4_q20_PE_cutadapt_unite	4Q	fig4_q20_PE_cutadapt_unite_4Q	QIAamp	4	mock_only	UNITE+BLAST	BLAST	Cutadapt	PE	NA	0
fig4_q20_PE_cutadapt_unite	4Q	fig4_q20_PE_cutadapt_unite_4Q	QIAamp	4	mock_only	UNITE+BLAST	BLAST	Cutadapt	PE	Saccharomyces_cerevisiae	0.04223114802459891
fig4_q20_PE_cutadapt_unite	4Q	fig4_q20_PE_cutadapt_unite_4Q	QIAamp	4	mock_only	UNITE+BLAST	BLAST	Cutadapt	PE	Saccharomyces_kudriavzevii	0
fig4_q20_PE_cutadapt_unite	4Q	fig4_q20_PE_cutadapt_unite_4Q	QIAamp	4	mock_only	UNITE+BLAST	BLAST	Cutadapt	PE	NA	0
fig4_q20_PE_cutadapt_unite	4Q	fig4_q20_PE_cutadapt_unite_4Q	QIAamp	4	mock_only	UNITE+BLAST	BLAST	Cutadapt	PE	Trichophyton_mentagrophytes	0.0064674246034447545
fig4_q20_PE_cutadapt_unite	4Z	fig4_q20_PE_cutadapt_unite_4Z	Zymo	4	mock_only	UNITE	No_BLAST	Cutadapt	PE	Aspergillus_fumigatus	0.025100869025450032
fig4_q20_PE_cutadapt_unite	4Z	fig4_q20_PE_cutadapt_unite_4Z	Zymo	4	mock_only	UNITE	No_BLAST	Cutadapt	PE	NA	0
fig4_q20_PE_cutadapt_unite	4Z	fig4_q20_PE_cutadapt_unite_4Z	Zymo	4	mock_only	UNITE	No_BLAST	Cutadapt	PE	NA	0
fig4_q20_PE_cutadapt_unite	4Z	fig4_q20_PE_cutadapt_unite_4Z	Zymo	4	mock_only	UNITE	No_BLAST	Cutadapt	PE	Candida_albicans	0.3164086747361887
fig4_q20_PE_cutadapt_unite	4Z	fig4_q20_PE_cutadapt_unite_4Z	Zymo	4	mock_only	UNITE	No_BLAST	Cutadapt	PE	NA	0
fig4_q20_PE_cutadapt_unite	4Z	fig4_q20_PE_cutadapt_unite_4Z	Zymo	4	mock_only	UNITE	No_BLAST	Cutadapt	PE	Cryptococcus_neoformans	0.14877211359404097
fig4_q20_PE_cutadapt_unite	4Z	fig4_q20_PE_cutadapt_unite_4Z	Zymo	4	mock_only	UNITE	No_BLAST	Cutadapt	PE	NA	0
fig4_q20_PE_cutadapt_unite	4Z	fig4_q20_PE_cutadapt_unite_4Z	Zymo	4	mock_only	UNITE	No_BLAST	Cutadapt	PE	NA	0
fig4_q20_PE_cutadapt_unite	4Z	fig4_q20_PE_cutadapt_unite_4Z	Zymo	4	mock_only	UNITE	No_BLAST	Cutadapt	PE	Cutaneotrichosporon_mucoides	0.2372846834264432
fig4_q20_PE_cutadapt_unite	4Z	fig4_q20_PE_cutadapt_unite_4Z	Zymo	4	mock_only	UNITE	No_BLAST	Cutadapt	PE	Fusarium_keratoplasticum	0
fig4_q20_PE_cutadapt_unite	4Z	fig4_q20_PE_cutadapt_unite_4Z	Zymo	4	mock_only	UNITE	No_BLAST	Cutadapt	PE	NA	0
fig4_q20_PE_cutadapt_unite	4Z	fig4_q20_PE_cutadapt_unite_4Z	Zymo	4	mock_only	UNITE	No_BLAST	Cutadapt	PE	Malassezia_globosa	0
fig4_q20_PE_cutadapt_unite	4Z	fig4_q20_PE_cutadapt_unite_4Z	Zymo	4	mock_only	UNITE	No_BLAST	Cutadapt	PE	NA	0
fig4_q20_PE_cutadapt_unite	4Z	fig4_q20_PE_cutadapt_unite_4Z	Zymo	4	mock_only	UNITE	No_BLAST	Cutadapt	PE	Nakaseomyces_glabratus	0.09480718497827437
fig4_q20_PE_cutadapt_unite	4Z	fig4_q20_PE_cutadapt_unite_4Z	Zymo	4	mock_only	UNITE	No_BLAST	Cutadapt	PE	Other	0.11774518932340161
fig4_q20_PE_cutadapt_unite	4Z	fig4_q20_PE_cutadapt_unite_4Z	Zymo	4	mock_only	UNITE	No_BLAST	Cutadapt	PE	NA	0
fig4_q20_PE_cutadapt_unite	4Z	fig4_q20_PE_cutadapt_unite_4Z	Zymo	4	mock_only	UNITE	No_BLAST	Cutadapt	PE	NA	0
fig4_q20_PE_cutadapt_unite	4Z	fig4_q20_PE_cutadapt_unite_4Z	Zymo	4	mock_only	UNITE	No_BLAST	Cutadapt	PE	NA	0
fig4_q20_PE_cutadapt_unite	4Z	fig4_q20_PE_cutadapt_unite_4Z	Zymo	4	mock_only	UNITE	No_BLAST	Cutadapt	PE	Penicillium_flavigenum	0
fig4_q20_PE_cutadapt_unite	4Z	fig4_q20_PE_cutadapt_unite_4Z	Zymo	4	mock_only	UNITE	No_BLAST	Cutadapt	PE	NA	0
fig4_q20_PE_cutadapt_unite	4Z	fig4_q20_PE_cutadapt_unite_4Z	Zymo	4	mock_only	UNITE	No_BLAST	Cutadapt	PE	NA	0
fig4_q20_PE_cutadapt_unite	4Z	fig4_q20_PE_cutadapt_unite_4Z	Zymo	4	mock_only	UNITE	No_BLAST	Cutadapt	PE	NA	0
fig4_q20_PE_cutadapt_unite	4Z	fig4_q20_PE_cutadapt_unite_4Z	Zymo	4	mock_only	UNITE	No_BLAST	Cutadapt	PE	Saccharomyces_cerevisiae	0.05637026691495965
fig4_q20_PE_cutadapt_unite	4Z	fig4_q20_PE_cutadapt_unite_4Z	Zymo	4	mock_only	UNITE	No_BLAST	Cutadapt	PE	Saccharomyces_kudriavzevii	0
fig4_q20_PE_cutadapt_unite	4Z	fig4_q20_PE_cutadapt_unite_4Z	Zymo	4	mock_only	UNITE	No_BLAST	Cutadapt	PE	NA	0
fig4_q20_PE_cutadapt_unite	4Z	fig4_q20_PE_cutadapt_unite_4Z	Zymo	4	mock_only	UNITE	No_BLAST	Cutadapt	PE	Trichophyton_mentagrophytes	0.003511018001241465
fig4_q20_PE_cutadapt_unite	4Z	fig4_q20_PE_cutadapt_unite_4Z	Zymo	4	mock_only	UNITE+BLAST	BLAST	Cutadapt	PE	Aspergillus_fumigatus	0.025100869025450032
fig4_q20_PE_cutadapt_unite	4Z	fig4_q20_PE_cutadapt_unite_4Z	Zymo	4	mock_only	UNITE+BLAST	BLAST	Cutadapt	PE	NA	0
fig4_q20_PE_cutadapt_unite	4Z	fig4_q20_PE_cutadapt_unite_4Z	Zymo	4	mock_only	UNITE+BLAST	BLAST	Cutadapt	PE	NA	0
fig4_q20_PE_cutadapt_unite	4Z	fig4_q20_PE_cutadapt_unite_4Z	Zymo	4	mock_only	UNITE+BLAST	BLAST	Cutadapt	PE	Candida_albicans	0.3164086747361887
fig4_q20_PE_cutadapt_unite	4Z	fig4_q20_PE_cutadapt_unite_4Z	Zymo	4	mock_only	UNITE+BLAST	BLAST	Cutadapt	PE	NA	0
fig4_q20_PE_cutadapt_unite	4Z	fig4_q20_PE_cutadapt_unite_4Z	Zymo	4	mock_only	UNITE+BLAST	BLAST	Cutadapt	PE	Cryptococcus_neoformans	0.14877211359404097
fig4_q20_PE_cutadapt_unite	4Z	fig4_q20_PE_cutadapt_unite_4Z	Zymo	4	mock_only	UNITE+BLAST	BLAST	Cutadapt	PE	NA	0
fig4_q20_PE_cutadapt_unite	4Z	fig4_q20_PE_cutadapt_unite_4Z	Zymo	4	mock_only	UNITE+BLAST	BLAST	Cutadapt	PE	NA	0
fig4_q20_PE_cutadapt_unite	4Z	fig4_q20_PE_cutadapt_unite_4Z	Zymo	4	mock_only	UNITE+BLAST	BLAST	Cutadapt	PE	Cutaneotrichosporon_mucoides	0.2372846834264432
fig4_q20_PE_cutadapt_unite	4Z	fig4_q20_PE_cutadapt_unite_4Z	Zymo	4	mock_only	UNITE+BLAST	BLAST	Cutadapt	PE	Fusarium_keratoplasticum	0.0021046710117939168
fig4_q20_PE_cutadapt_unite	4Z	fig4_q20_PE_cutadapt_unite_4Z	Zymo	4	mock_only	UNITE+BLAST	BLAST	Cutadapt	PE	NA	0
fig4_q20_PE_cutadapt_unite	4Z	fig4_q20_PE_cutadapt_unite_4Z	Zymo	4	mock_only	UNITE+BLAST	BLAST	Cutadapt	PE	Malassezia_globosa	3.8795779019242706e-5
fig4_q20_PE_cutadapt_unite	4Z	fig4_q20_PE_cutadapt_unite_4Z	Zymo	4	mock_only	UNITE+BLAST	BLAST	Cutadapt	PE	NA	0
fig4_q20_PE_cutadapt_unite	4Z	fig4_q20_PE_cutadapt_unite_4Z	Zymo	4	mock_only	UNITE+BLAST	BLAST	Cutadapt	PE	Nakaseomyces_glabratus	0.09480718497827437
fig4_q20_PE_cutadapt_unite	4Z	fig4_q20_PE_cutadapt_unite_4Z	Zymo	4	mock_only	UNITE+BLAST	BLAST	Cutadapt	PE	Other	0.11560172253258845
fig4_q20_PE_cutadapt_unite	4Z	fig4_q20_PE_cutadapt_unite_4Z	Zymo	4	mock_only	UNITE+BLAST	BLAST	Cutadapt	PE	NA	0
fig4_q20_PE_cutadapt_unite	4Z	fig4_q20_PE_cutadapt_unite_4Z	Zymo	4	mock_only	UNITE+BLAST	BLAST	Cutadapt	PE	NA	0
fig4_q20_PE_cutadapt_unite	4Z	fig4_q20_PE_cutadapt_unite_4Z	Zymo	4	mock_only	UNITE+BLAST	BLAST	Cutadapt	PE	NA	0
fig4_q20_PE_cutadapt_unite	4Z	fig4_q20_PE_cutadapt_unite_4Z	Zymo	4	mock_only	UNITE+BLAST	BLAST	Cutadapt	PE	Penicillium_flavigenum	0
fig4_q20_PE_cutadapt_unite	4Z	fig4_q20_PE_cutadapt_unite_4Z	Zymo	4	mock_only	UNITE+BLAST	BLAST	Cutadapt	PE	NA	0
fig4_q20_PE_cutadapt_unite	4Z	fig4_q20_PE_cutadapt_unite_4Z	Zymo	4	mock_only	UNITE+BLAST	BLAST	Cutadapt	PE	NA	0
fig4_q20_PE_cutadapt_unite	4Z	fig4_q20_PE_cutadapt_unite_4Z	Zymo	4	mock_only	UNITE+BLAST	BLAST	Cutadapt	PE	NA	0
fig4_q20_PE_cutadapt_unite	4Z	fig4_q20_PE_cutadapt_unite_4Z	Zymo	4	mock_only	UNITE+BLAST	BLAST	Cutadapt	PE	Saccharomyces_cerevisiae	0.05637026691495965
fig4_q20_PE_cutadapt_unite	4Z	fig4_q20_PE_cutadapt_unite_4Z	Zymo	4	mock_only	UNITE+BLAST	BLAST	Cutadapt	PE	Saccharomyces_kudriavzevii	0
fig4_q20_PE_cutadapt_unite	4Z	fig4_q20_PE_cutadapt_unite_4Z	Zymo	4	mock_only	UNITE+BLAST	BLAST	Cutadapt	PE	NA	0
fig4_q20_PE_cutadapt_unite	4Z	fig4_q20_PE_cutadapt_unite_4Z	Zymo	4	mock_only	UNITE+BLAST	BLAST	Cutadapt	PE	Trichophyton_mentagrophytes	0.003511018001241465
fig4_q20_PE_itsxpress_unite	1D	fig4_q20_PE_itsxpress_unite_1D	DNeasy	1	mock_only	UNITE	No_BLAST	ITSxpress	PE	Aspergillus_fumigatus	0.03547069811894522
fig4_q20_PE_itsxpress_unite	1D	fig4_q20_PE_itsxpress_unite_1D	DNeasy	1	mock_only	UNITE	No_BLAST	ITSxpress	PE	NA	0
fig4_q20_PE_itsxpress_unite	1D	fig4_q20_PE_itsxpress_unite_1D	DNeasy	1	mock_only	UNITE	No_BLAST	ITSxpress	PE	NA	0
fig4_q20_PE_itsxpress_unite	1D	fig4_q20_PE_itsxpress_unite_1D	DNeasy	1	mock_only	UNITE	No_BLAST	ITSxpress	PE	Candida_albicans	0.2873169990008254
fig4_q20_PE_itsxpress_unite	1D	fig4_q20_PE_itsxpress_unite_1D	DNeasy	1	mock_only	UNITE	No_BLAST	ITSxpress	PE	NA	0
fig4_q20_PE_itsxpress_unite	1D	fig4_q20_PE_itsxpress_unite_1D	DNeasy	1	mock_only	UNITE	No_BLAST	ITSxpress	PE	Cryptococcus_neoformans	0.13945001954906816
fig4_q20_PE_itsxpress_unite	1D	fig4_q20_PE_itsxpress_unite_1D	DNeasy	1	mock_only	UNITE	No_BLAST	ITSxpress	PE	NA	0
fig4_q20_PE_itsxpress_unite	1D	fig4_q20_PE_itsxpress_unite_1D	DNeasy	1	mock_only	UNITE	No_BLAST	ITSxpress	PE	NA	0
fig4_q20_PE_itsxpress_unite	1D	fig4_q20_PE_itsxpress_unite_1D	DNeasy	1	mock_only	UNITE	No_BLAST	ITSxpress	PE	Cutaneotrichosporon_mucoides	0.2264868152395847
fig4_q20_PE_itsxpress_unite	1D	fig4_q20_PE_itsxpress_unite_1D	DNeasy	1	mock_only	UNITE	No_BLAST	ITSxpress	PE	Fusarium_keratoplasticum	0
fig4_q20_PE_itsxpress_unite	1D	fig4_q20_PE_itsxpress_unite_1D	DNeasy	1	mock_only	UNITE	No_BLAST	ITSxpress	PE	NA	0
fig4_q20_PE_itsxpress_unite	1D	fig4_q20_PE_itsxpress_unite_1D	DNeasy	1	mock_only	UNITE	No_BLAST	ITSxpress	PE	Malassezia_globosa	0
fig4_q20_PE_itsxpress_unite	1D	fig4_q20_PE_itsxpress_unite_1D	DNeasy	1	mock_only	UNITE	No_BLAST	ITSxpress	PE	NA	0
fig4_q20_PE_itsxpress_unite	1D	fig4_q20_PE_itsxpress_unite_1D	DNeasy	1	mock_only	UNITE	No_BLAST	ITSxpress	PE	Nakaseomyces_glabratus	0.10912724271254182
fig4_q20_PE_itsxpress_unite	1D	fig4_q20_PE_itsxpress_unite_1D	DNeasy	1	mock_only	UNITE	No_BLAST	ITSxpress	PE	Other	0.1367457317867848
fig4_q20_PE_itsxpress_unite	1D	fig4_q20_PE_itsxpress_unite_1D	DNeasy	1	mock_only	UNITE	No_BLAST	ITSxpress	PE	NA	0
fig4_q20_PE_itsxpress_unite	1D	fig4_q20_PE_itsxpress_unite_1D	DNeasy	1	mock_only	UNITE	No_BLAST	ITSxpress	PE	NA	0
fig4_q20_PE_itsxpress_unite	1D	fig4_q20_PE_itsxpress_unite_1D	DNeasy	1	mock_only	UNITE	No_BLAST	ITSxpress	PE	NA	0
fig4_q20_PE_itsxpress_unite	1D	fig4_q20_PE_itsxpress_unite_1D	DNeasy	1	mock_only	UNITE	No_BLAST	ITSxpress	PE	Penicillium_flavigenum	0
fig4_q20_PE_itsxpress_unite	1D	fig4_q20_PE_itsxpress_unite_1D	DNeasy	1	mock_only	UNITE	No_BLAST	ITSxpress	PE	NA	0
fig4_q20_PE_itsxpress_unite	1D	fig4_q20_PE_itsxpress_unite_1D	DNeasy	1	mock_only	UNITE	No_BLAST	ITSxpress	PE	NA	0
fig4_q20_PE_itsxpress_unite	1D	fig4_q20_PE_itsxpress_unite_1D	DNeasy	1	mock_only	UNITE	No_BLAST	ITSxpress	PE	NA	0
fig4_q20_PE_itsxpress_unite	1D	fig4_q20_PE_itsxpress_unite_1D	DNeasy	1	mock_only	UNITE	No_BLAST	ITSxpress	PE	Saccharomyces_cerevisiae	0.06075415960728094
fig4_q20_PE_itsxpress_unite	1D	fig4_q20_PE_itsxpress_unite_1D	DNeasy	1	mock_only	UNITE	No_BLAST	ITSxpress	PE	Saccharomyces_kudriavzevii	0
fig4_q20_PE_itsxpress_unite	1D	fig4_q20_PE_itsxpress_unite_1D	DNeasy	1	mock_only	UNITE	No_BLAST	ITSxpress	PE	NA	0
fig4_q20_PE_itsxpress_unite	1D	fig4_q20_PE_itsxpress_unite_1D	DNeasy	1	mock_only	UNITE	No_BLAST	ITSxpress	PE	Trichophyton_mentagrophytes	0.004648333984968939
fig4_q20_PE_itsxpress_unite	1D	fig4_q20_PE_itsxpress_unite_1D	DNeasy	1	mock_only	UNITE+BLAST	BLAST	ITSxpress	PE	Aspergillus_fumigatus	0.03547069811894522
fig4_q20_PE_itsxpress_unite	1D	fig4_q20_PE_itsxpress_unite_1D	DNeasy	1	mock_only	UNITE+BLAST	BLAST	ITSxpress	PE	NA	0
fig4_q20_PE_itsxpress_unite	1D	fig4_q20_PE_itsxpress_unite_1D	DNeasy	1	mock_only	UNITE+BLAST	BLAST	ITSxpress	PE	NA	0
fig4_q20_PE_itsxpress_unite	1D	fig4_q20_PE_itsxpress_unite_1D	DNeasy	1	mock_only	UNITE+BLAST	BLAST	ITSxpress	PE	Candida_albicans	0.2873169990008254
fig4_q20_PE_itsxpress_unite	1D	fig4_q20_PE_itsxpress_unite_1D	DNeasy	1	mock_only	UNITE+BLAST	BLAST	ITSxpress	PE	NA	0
fig4_q20_PE_itsxpress_unite	1D	fig4_q20_PE_itsxpress_unite_1D	DNeasy	1	mock_only	UNITE+BLAST	BLAST	ITSxpress	PE	Cryptococcus_neoformans	0.13945001954906816
fig4_q20_PE_itsxpress_unite	1D	fig4_q20_PE_itsxpress_unite_1D	DNeasy	1	mock_only	UNITE+BLAST	BLAST	ITSxpress	PE	NA	0
fig4_q20_PE_itsxpress_unite	1D	fig4_q20_PE_itsxpress_unite_1D	DNeasy	1	mock_only	UNITE+BLAST	BLAST	ITSxpress	PE	NA	0
fig4_q20_PE_itsxpress_unite	1D	fig4_q20_PE_itsxpress_unite_1D	DNeasy	1	mock_only	UNITE+BLAST	BLAST	ITSxpress	PE	Cutaneotrichosporon_mucoides	0.2264868152395847
fig4_q20_PE_itsxpress_unite	1D	fig4_q20_PE_itsxpress_unite_1D	DNeasy	1	mock_only	UNITE+BLAST	BLAST	ITSxpress	PE	Fusarium_keratoplasticum	0.0018354402884573613
fig4_q20_PE_itsxpress_unite	1D	fig4_q20_PE_itsxpress_unite_1D	DNeasy	1	mock_only	UNITE+BLAST	BLAST	ITSxpress	PE	NA	0
fig4_q20_PE_itsxpress_unite	1D	fig4_q20_PE_itsxpress_unite_1D	DNeasy	1	mock_only	UNITE+BLAST	BLAST	ITSxpress	PE	Malassezia_globosa	0
fig4_q20_PE_itsxpress_unite	1D	fig4_q20_PE_itsxpress_unite_1D	DNeasy	1	mock_only	UNITE+BLAST	BLAST	ITSxpress	PE	NA	0
fig4_q20_PE_itsxpress_unite	1D	fig4_q20_PE_itsxpress_unite_1D	DNeasy	1	mock_only	UNITE+BLAST	BLAST	ITSxpress	PE	Nakaseomyces_glabratus	0.10912724271254182
fig4_q20_PE_itsxpress_unite	1D	fig4_q20_PE_itsxpress_unite_1D	DNeasy	1	mock_only	UNITE+BLAST	BLAST	ITSxpress	PE	Other	0.13491029149832745
fig4_q20_PE_itsxpress_unite	1D	fig4_q20_PE_itsxpress_unite_1D	DNeasy	1	mock_only	UNITE+BLAST	BLAST	ITSxpress	PE	NA	0
fig4_q20_PE_itsxpress_unite	1D	fig4_q20_PE_itsxpress_unite_1D	DNeasy	1	mock_only	UNITE+BLAST	BLAST	ITSxpress	PE	NA	0
fig4_q20_PE_itsxpress_unite	1D	fig4_q20_PE_itsxpress_unite_1D	DNeasy	1	mock_only	UNITE+BLAST	BLAST	ITSxpress	PE	NA	0
fig4_q20_PE_itsxpress_unite	1D	fig4_q20_PE_itsxpress_unite_1D	DNeasy	1	mock_only	UNITE+BLAST	BLAST	ITSxpress	PE	Penicillium_flavigenum	0
fig4_q20_PE_itsxpress_unite	1D	fig4_q20_PE_itsxpress_unite_1D	DNeasy	1	mock_only	UNITE+BLAST	BLAST	ITSxpress	PE	NA	0
fig4_q20_PE_itsxpress_unite	1D	fig4_q20_PE_itsxpress_unite_1D	DNeasy	1	mock_only	UNITE+BLAST	BLAST	ITSxpress	PE	NA	0
fig4_q20_PE_itsxpress_unite	1D	fig4_q20_PE_itsxpress_unite_1D	DNeasy	1	mock_only	UNITE+BLAST	BLAST	ITSxpress	PE	NA	0
fig4_q20_PE_itsxpress_unite	1D	fig4_q20_PE_itsxpress_unite_1D	DNeasy	1	mock_only	UNITE+BLAST	BLAST	ITSxpress	PE	Saccharomyces_cerevisiae	0.06075415960728094
fig4_q20_PE_itsxpress_unite	1D	fig4_q20_PE_itsxpress_unite_1D	DNeasy	1	mock_only	UNITE+BLAST	BLAST	ITSxpress	PE	Saccharomyces_kudriavzevii	0
fig4_q20_PE_itsxpress_unite	1D	fig4_q20_PE_itsxpress_unite_1D	DNeasy	1	mock_only	UNITE+BLAST	BLAST	ITSxpress	PE	NA	0
fig4_q20_PE_itsxpress_unite	1D	fig4_q20_PE_itsxpress_unite_1D	DNeasy	1	mock_only	UNITE+BLAST	BLAST	ITSxpress	PE	Trichophyton_mentagrophytes	0.004648333984968939
fig4_q20_PE_itsxpress_unite	1Q	fig4_q20_PE_itsxpress_unite_1Q	QIAamp	1	mock_only	UNITE	No_BLAST	ITSxpress	PE	Aspergillus_fumigatus	0.03209190934018257
fig4_q20_PE_itsxpress_unite	1Q	fig4_q20_PE_itsxpress_unite_1Q	QIAamp	1	mock_only	UNITE	No_BLAST	ITSxpress	PE	NA	0
fig4_q20_PE_itsxpress_unite	1Q	fig4_q20_PE_itsxpress_unite_1Q	QIAamp	1	mock_only	UNITE	No_BLAST	ITSxpress	PE	NA	0
fig4_q20_PE_itsxpress_unite	1Q	fig4_q20_PE_itsxpress_unite_1Q	QIAamp	1	mock_only	UNITE	No_BLAST	ITSxpress	PE	Candida_albicans	0.2880427614452813
fig4_q20_PE_itsxpress_unite	1Q	fig4_q20_PE_itsxpress_unite_1Q	QIAamp	1	mock_only	UNITE	No_BLAST	ITSxpress	PE	NA	0
fig4_q20_PE_itsxpress_unite	1Q	fig4_q20_PE_itsxpress_unite_1Q	QIAamp	1	mock_only	UNITE	No_BLAST	ITSxpress	PE	Cryptococcus_neoformans	0.16104959911145048
fig4_q20_PE_itsxpress_unite	1Q	fig4_q20_PE_itsxpress_unite_1Q	QIAamp	1	mock_only	UNITE	No_BLAST	ITSxpress	PE	NA	0
fig4_q20_PE_itsxpress_unite	1Q	fig4_q20_PE_itsxpress_unite_1Q	QIAamp	1	mock_only	UNITE	No_BLAST	ITSxpress	PE	NA	0
fig4_q20_PE_itsxpress_unite	1Q	fig4_q20_PE_itsxpress_unite_1Q	QIAamp	1	mock_only	UNITE	No_BLAST	ITSxpress	PE	Cutaneotrichosporon_mucoides	0.21970080871889208
fig4_q20_PE_itsxpress_unite	1Q	fig4_q20_PE_itsxpress_unite_1Q	QIAamp	1	mock_only	UNITE	No_BLAST	ITSxpress	PE	Fusarium_keratoplasticum	0
fig4_q20_PE_itsxpress_unite	1Q	fig4_q20_PE_itsxpress_unite_1Q	QIAamp	1	mock_only	UNITE	No_BLAST	ITSxpress	PE	NA	0
fig4_q20_PE_itsxpress_unite	1Q	fig4_q20_PE_itsxpress_unite_1Q	QIAamp	1	mock_only	UNITE	No_BLAST	ITSxpress	PE	Malassezia_globosa	0
fig4_q20_PE_itsxpress_unite	1Q	fig4_q20_PE_itsxpress_unite_1Q	QIAamp	1	mock_only	UNITE	No_BLAST	ITSxpress	PE	NA	0
fig4_q20_PE_itsxpress_unite	1Q	fig4_q20_PE_itsxpress_unite_1Q	QIAamp	1	mock_only	UNITE	No_BLAST	ITSxpress	PE	Nakaseomyces_glabratus	0.11774669397105272
fig4_q20_PE_itsxpress_unite	1Q	fig4_q20_PE_itsxpress_unite_1Q	QIAamp	1	mock_only	UNITE	No_BLAST	ITSxpress	PE	Other	0.13320606712713895
fig4_q20_PE_itsxpress_unite	1Q	fig4_q20_PE_itsxpress_unite_1Q	QIAamp	1	mock_only	UNITE	No_BLAST	ITSxpress	PE	NA	0
fig4_q20_PE_itsxpress_unite	1Q	fig4_q20_PE_itsxpress_unite_1Q	QIAamp	1	mock_only	UNITE	No_BLAST	ITSxpress	PE	NA	0
fig4_q20_PE_itsxpress_unite	1Q	fig4_q20_PE_itsxpress_unite_1Q	QIAamp	1	mock_only	UNITE	No_BLAST	ITSxpress	PE	NA	0
fig4_q20_PE_itsxpress_unite	1Q	fig4_q20_PE_itsxpress_unite_1Q	QIAamp	1	mock_only	UNITE	No_BLAST	ITSxpress	PE	Penicillium_flavigenum	0
fig4_q20_PE_itsxpress_unite	1Q	fig4_q20_PE_itsxpress_unite_1Q	QIAamp	1	mock_only	UNITE	No_BLAST	ITSxpress	PE	NA	0
fig4_q20_PE_itsxpress_unite	1Q	fig4_q20_PE_itsxpress_unite_1Q	QIAamp	1	mock_only	UNITE	No_BLAST	ITSxpress	PE	NA	0
fig4_q20_PE_itsxpress_unite	1Q	fig4_q20_PE_itsxpress_unite_1Q	QIAamp	1	mock_only	UNITE	No_BLAST	ITSxpress	PE	NA	0
fig4_q20_PE_itsxpress_unite	1Q	fig4_q20_PE_itsxpress_unite_1Q	QIAamp	1	mock_only	UNITE	No_BLAST	ITSxpress	PE	Saccharomyces_cerevisiae	0.043344555898788655
fig4_q20_PE_itsxpress_unite	1Q	fig4_q20_PE_itsxpress_unite_1Q	QIAamp	1	mock_only	UNITE	No_BLAST	ITSxpress	PE	Saccharomyces_kudriavzevii	0
fig4_q20_PE_itsxpress_unite	1Q	fig4_q20_PE_itsxpress_unite_1Q	QIAamp	1	mock_only	UNITE	No_BLAST	ITSxpress	PE	NA	0
fig4_q20_PE_itsxpress_unite	1Q	fig4_q20_PE_itsxpress_unite_1Q	QIAamp	1	mock_only	UNITE	No_BLAST	ITSxpress	PE	Trichophyton_mentagrophytes	0.004817604387213217
fig4_q20_PE_itsxpress_unite	1Q	fig4_q20_PE_itsxpress_unite_1Q	QIAamp	1	mock_only	UNITE+BLAST	BLAST	ITSxpress	PE	Aspergillus_fumigatus	0.03209190934018257
fig4_q20_PE_itsxpress_unite	1Q	fig4_q20_PE_itsxpress_unite_1Q	QIAamp	1	mock_only	UNITE+BLAST	BLAST	ITSxpress	PE	NA	0
fig4_q20_PE_itsxpress_unite	1Q	fig4_q20_PE_itsxpress_unite_1Q	QIAamp	1	mock_only	UNITE+BLAST	BLAST	ITSxpress	PE	NA	0
fig4_q20_PE_itsxpress_unite	1Q	fig4_q20_PE_itsxpress_unite_1Q	QIAamp	1	mock_only	UNITE+BLAST	BLAST	ITSxpress	PE	Candida_albicans	0.2880427614452813
fig4_q20_PE_itsxpress_unite	1Q	fig4_q20_PE_itsxpress_unite_1Q	QIAamp	1	mock_only	UNITE+BLAST	BLAST	ITSxpress	PE	NA	0
fig4_q20_PE_itsxpress_unite	1Q	fig4_q20_PE_itsxpress_unite_1Q	QIAamp	1	mock_only	UNITE+BLAST	BLAST	ITSxpress	PE	Cryptococcus_neoformans	0.16104959911145048
fig4_q20_PE_itsxpress_unite	1Q	fig4_q20_PE_itsxpress_unite_1Q	QIAamp	1	mock_only	UNITE+BLAST	BLAST	ITSxpress	PE	NA	0
fig4_q20_PE_itsxpress_unite	1Q	fig4_q20_PE_itsxpress_unite_1Q	QIAamp	1	mock_only	UNITE+BLAST	BLAST	ITSxpress	PE	NA	0
fig4_q20_PE_itsxpress_unite	1Q	fig4_q20_PE_itsxpress_unite_1Q	QIAamp	1	mock_only	UNITE+BLAST	BLAST	ITSxpress	PE	Cutaneotrichosporon_mucoides	0.21970080871889208
fig4_q20_PE_itsxpress_unite	1Q	fig4_q20_PE_itsxpress_unite_1Q	QIAamp	1	mock_only	UNITE+BLAST	BLAST	ITSxpress	PE	Fusarium_keratoplasticum	0.0016452049564402486
fig4_q20_PE_itsxpress_unite	1Q	fig4_q20_PE_itsxpress_unite_1Q	QIAamp	1	mock_only	UNITE+BLAST	BLAST	ITSxpress	PE	NA	0
fig4_q20_PE_itsxpress_unite	1Q	fig4_q20_PE_itsxpress_unite_1Q	QIAamp	1	mock_only	UNITE+BLAST	BLAST	ITSxpress	PE	Malassezia_globosa	0
fig4_q20_PE_itsxpress_unite	1Q	fig4_q20_PE_itsxpress_unite_1Q	QIAamp	1	mock_only	UNITE+BLAST	BLAST	ITSxpress	PE	NA	0
fig4_q20_PE_itsxpress_unite	1Q	fig4_q20_PE_itsxpress_unite_1Q	QIAamp	1	mock_only	UNITE+BLAST	BLAST	ITSxpress	PE	Nakaseomyces_glabratus	0.11774669397105272
fig4_q20_PE_itsxpress_unite	1Q	fig4_q20_PE_itsxpress_unite_1Q	QIAamp	1	mock_only	UNITE+BLAST	BLAST	ITSxpress	PE	Other	0.13156086217069868
fig4_q20_PE_itsxpress_unite	1Q	fig4_q20_PE_itsxpress_unite_1Q	QIAamp	1	mock_only	UNITE+BLAST	BLAST	ITSxpress	PE	NA	0
fig4_q20_PE_itsxpress_unite	1Q	fig4_q20_PE_itsxpress_unite_1Q	QIAamp	1	mock_only	UNITE+BLAST	BLAST	ITSxpress	PE	NA	0
fig4_q20_PE_itsxpress_unite	1Q	fig4_q20_PE_itsxpress_unite_1Q	QIAamp	1	mock_only	UNITE+BLAST	BLAST	ITSxpress	PE	NA	0
fig4_q20_PE_itsxpress_unite	1Q	fig4_q20_PE_itsxpress_unite_1Q	QIAamp	1	mock_only	UNITE+BLAST	BLAST	ITSxpress	PE	Penicillium_flavigenum	0
fig4_q20_PE_itsxpress_unite	1Q	fig4_q20_PE_itsxpress_unite_1Q	QIAamp	1	mock_only	UNITE+BLAST	BLAST	ITSxpress	PE	NA	0
fig4_q20_PE_itsxpress_unite	1Q	fig4_q20_PE_itsxpress_unite_1Q	QIAamp	1	mock_only	UNITE+BLAST	BLAST	ITSxpress	PE	NA	0
fig4_q20_PE_itsxpress_unite	1Q	fig4_q20_PE_itsxpress_unite_1Q	QIAamp	1	mock_only	UNITE+BLAST	BLAST	ITSxpress	PE	NA	0
fig4_q20_PE_itsxpress_unite	1Q	fig4_q20_PE_itsxpress_unite_1Q	QIAamp	1	mock_only	UNITE+BLAST	BLAST	ITSxpress	PE	Saccharomyces_cerevisiae	0.043344555898788655
fig4_q20_PE_itsxpress_unite	1Q	fig4_q20_PE_itsxpress_unite_1Q	QIAamp	1	mock_only	UNITE+BLAST	BLAST	ITSxpress	PE	Saccharomyces_kudriavzevii	0
fig4_q20_PE_itsxpress_unite	1Q	fig4_q20_PE_itsxpress_unite_1Q	QIAamp	1	mock_only	UNITE+BLAST	BLAST	ITSxpress	PE	NA	0
fig4_q20_PE_itsxpress_unite	1Q	fig4_q20_PE_itsxpress_unite_1Q	QIAamp	1	mock_only	UNITE+BLAST	BLAST	ITSxpress	PE	Trichophyton_mentagrophytes	0.004817604387213217
fig4_q20_PE_itsxpress_unite	1Z	fig4_q20_PE_itsxpress_unite_1Z	Zymo	1	mock_only	UNITE	No_BLAST	ITSxpress	PE	Aspergillus_fumigatus	0.0317572556074329
fig4_q20_PE_itsxpress_unite	1Z	fig4_q20_PE_itsxpress_unite_1Z	Zymo	1	mock_only	UNITE	No_BLAST	ITSxpress	PE	NA	0
fig4_q20_PE_itsxpress_unite	1Z	fig4_q20_PE_itsxpress_unite_1Z	Zymo	1	mock_only	UNITE	No_BLAST	ITSxpress	PE	NA	0
fig4_q20_PE_itsxpress_unite	1Z	fig4_q20_PE_itsxpress_unite_1Z	Zymo	1	mock_only	UNITE	No_BLAST	ITSxpress	PE	Candida_albicans	0.2892156353010908
fig4_q20_PE_itsxpress_unite	1Z	fig4_q20_PE_itsxpress_unite_1Z	Zymo	1	mock_only	UNITE	No_BLAST	ITSxpress	PE	NA	0
fig4_q20_PE_itsxpress_unite	1Z	fig4_q20_PE_itsxpress_unite_1Z	Zymo	1	mock_only	UNITE	No_BLAST	ITSxpress	PE	Cryptococcus_neoformans	0.1368660767207046
fig4_q20_PE_itsxpress_unite	1Z	fig4_q20_PE_itsxpress_unite_1Z	Zymo	1	mock_only	UNITE	No_BLAST	ITSxpress	PE	NA	0
fig4_q20_PE_itsxpress_unite	1Z	fig4_q20_PE_itsxpress_unite_1Z	Zymo	1	mock_only	UNITE	No_BLAST	ITSxpress	PE	NA	0
fig4_q20_PE_itsxpress_unite	1Z	fig4_q20_PE_itsxpress_unite_1Z	Zymo	1	mock_only	UNITE	No_BLAST	ITSxpress	PE	Cutaneotrichosporon_mucoides	0.25948610230120517
fig4_q20_PE_itsxpress_unite	1Z	fig4_q20_PE_itsxpress_unite_1Z	Zymo	1	mock_only	UNITE	No_BLAST	ITSxpress	PE	Fusarium_keratoplasticum	0
fig4_q20_PE_itsxpress_unite	1Z	fig4_q20_PE_itsxpress_unite_1Z	Zymo	1	mock_only	UNITE	No_BLAST	ITSxpress	PE	NA	0
fig4_q20_PE_itsxpress_unite	1Z	fig4_q20_PE_itsxpress_unite_1Z	Zymo	1	mock_only	UNITE	No_BLAST	ITSxpress	PE	Malassezia_globosa	5.199288737300737e-5
fig4_q20_PE_itsxpress_unite	1Z	fig4_q20_PE_itsxpress_unite_1Z	Zymo	1	mock_only	UNITE	No_BLAST	ITSxpress	PE	NA	0
fig4_q20_PE_itsxpress_unite	1Z	fig4_q20_PE_itsxpress_unite_1Z	Zymo	1	mock_only	UNITE	No_BLAST	ITSxpress	PE	Nakaseomyces_glabratus	0.09285929684819116
fig4_q20_PE_itsxpress_unite	1Z	fig4_q20_PE_itsxpress_unite_1Z	Zymo	1	mock_only	UNITE	No_BLAST	ITSxpress	PE	Other	0.14078634042862936
fig4_q20_PE_itsxpress_unite	1Z	fig4_q20_PE_itsxpress_unite_1Z	Zymo	1	mock_only	UNITE	No_BLAST	ITSxpress	PE	NA	0
fig4_q20_PE_itsxpress_unite	1Z	fig4_q20_PE_itsxpress_unite_1Z	Zymo	1	mock_only	UNITE	No_BLAST	ITSxpress	PE	NA	0
fig4_q20_PE_itsxpress_unite	1Z	fig4_q20_PE_itsxpress_unite_1Z	Zymo	1	mock_only	UNITE	No_BLAST	ITSxpress	PE	NA	0
fig4_q20_PE_itsxpress_unite	1Z	fig4_q20_PE_itsxpress_unite_1Z	Zymo	1	mock_only	UNITE	No_BLAST	ITSxpress	PE	Penicillium_flavigenum	0
fig4_q20_PE_itsxpress_unite	1Z	fig4_q20_PE_itsxpress_unite_1Z	Zymo	1	mock_only	UNITE	No_BLAST	ITSxpress	PE	NA	0
fig4_q20_PE_itsxpress_unite	1Z	fig4_q20_PE_itsxpress_unite_1Z	Zymo	1	mock_only	UNITE	No_BLAST	ITSxpress	PE	NA	0
fig4_q20_PE_itsxpress_unite	1Z	fig4_q20_PE_itsxpress_unite_1Z	Zymo	1	mock_only	UNITE	No_BLAST	ITSxpress	PE	NA	0
fig4_q20_PE_itsxpress_unite	1Z	fig4_q20_PE_itsxpress_unite_1Z	Zymo	1	mock_only	UNITE	No_BLAST	ITSxpress	PE	Saccharomyces_cerevisiae	0.04484906464795616
fig4_q20_PE_itsxpress_unite	1Z	fig4_q20_PE_itsxpress_unite_1Z	Zymo	1	mock_only	UNITE	No_BLAST	ITSxpress	PE	Saccharomyces_kudriavzevii	0
fig4_q20_PE_itsxpress_unite	1Z	fig4_q20_PE_itsxpress_unite_1Z	Zymo	1	mock_only	UNITE	No_BLAST	ITSxpress	PE	NA	0
fig4_q20_PE_itsxpress_unite	1Z	fig4_q20_PE_itsxpress_unite_1Z	Zymo	1	mock_only	UNITE	No_BLAST	ITSxpress	PE	Trichophyton_mentagrophytes	0.004128235257416785
fig4_q20_PE_itsxpress_unite	1Z	fig4_q20_PE_itsxpress_unite_1Z	Zymo	1	mock_only	UNITE+BLAST	BLAST	ITSxpress	PE	Aspergillus_fumigatus	0.0317572556074329
fig4_q20_PE_itsxpress_unite	1Z	fig4_q20_PE_itsxpress_unite_1Z	Zymo	1	mock_only	UNITE+BLAST	BLAST	ITSxpress	PE	NA	0
fig4_q20_PE_itsxpress_unite	1Z	fig4_q20_PE_itsxpress_unite_1Z	Zymo	1	mock_only	UNITE+BLAST	BLAST	ITSxpress	PE	NA	0
fig4_q20_PE_itsxpress_unite	1Z	fig4_q20_PE_itsxpress_unite_1Z	Zymo	1	mock_only	UNITE+BLAST	BLAST	ITSxpress	PE	Candida_albicans	0.2892156353010908
fig4_q20_PE_itsxpress_unite	1Z	fig4_q20_PE_itsxpress_unite_1Z	Zymo	1	mock_only	UNITE+BLAST	BLAST	ITSxpress	PE	NA	0
fig4_q20_PE_itsxpress_unite	1Z	fig4_q20_PE_itsxpress_unite_1Z	Zymo	1	mock_only	UNITE+BLAST	BLAST	ITSxpress	PE	Cryptococcus_neoformans	0.1368660767207046
fig4_q20_PE_itsxpress_unite	1Z	fig4_q20_PE_itsxpress_unite_1Z	Zymo	1	mock_only	UNITE+BLAST	BLAST	ITSxpress	PE	NA	0
fig4_q20_PE_itsxpress_unite	1Z	fig4_q20_PE_itsxpress_unite_1Z	Zymo	1	mock_only	UNITE+BLAST	BLAST	ITSxpress	PE	NA	0
fig4_q20_PE_itsxpress_unite	1Z	fig4_q20_PE_itsxpress_unite_1Z	Zymo	1	mock_only	UNITE+BLAST	BLAST	ITSxpress	PE	Cutaneotrichosporon_mucoides	0.25948610230120517
fig4_q20_PE_itsxpress_unite	1Z	fig4_q20_PE_itsxpress_unite_1Z	Zymo	1	mock_only	UNITE+BLAST	BLAST	ITSxpress	PE	Fusarium_keratoplasticum	0.0014765980013934094
fig4_q20_PE_itsxpress_unite	1Z	fig4_q20_PE_itsxpress_unite_1Z	Zymo	1	mock_only	UNITE+BLAST	BLAST	ITSxpress	PE	NA	0
fig4_q20_PE_itsxpress_unite	1Z	fig4_q20_PE_itsxpress_unite_1Z	Zymo	1	mock_only	UNITE+BLAST	BLAST	ITSxpress	PE	Malassezia_globosa	5.199288737300737e-5
fig4_q20_PE_itsxpress_unite	1Z	fig4_q20_PE_itsxpress_unite_1Z	Zymo	1	mock_only	UNITE+BLAST	BLAST	ITSxpress	PE	NA	0
fig4_q20_PE_itsxpress_unite	1Z	fig4_q20_PE_itsxpress_unite_1Z	Zymo	1	mock_only	UNITE+BLAST	BLAST	ITSxpress	PE	Nakaseomyces_glabratus	0.09285929684819116
fig4_q20_PE_itsxpress_unite	1Z	fig4_q20_PE_itsxpress_unite_1Z	Zymo	1	mock_only	UNITE+BLAST	BLAST	ITSxpress	PE	Other	0.13930974242723596
fig4_q20_PE_itsxpress_unite	1Z	fig4_q20_PE_itsxpress_unite_1Z	Zymo	1	mock_only	UNITE+BLAST	BLAST	ITSxpress	PE	NA	0
fig4_q20_PE_itsxpress_unite	1Z	fig4_q20_PE_itsxpress_unite_1Z	Zymo	1	mock_only	UNITE+BLAST	BLAST	ITSxpress	PE	NA	0
fig4_q20_PE_itsxpress_unite	1Z	fig4_q20_PE_itsxpress_unite_1Z	Zymo	1	mock_only	UNITE+BLAST	BLAST	ITSxpress	PE	NA	0
fig4_q20_PE_itsxpress_unite	1Z	fig4_q20_PE_itsxpress_unite_1Z	Zymo	1	mock_only	UNITE+BLAST	BLAST	ITSxpress	PE	Penicillium_flavigenum	0
fig4_q20_PE_itsxpress_unite	1Z	fig4_q20_PE_itsxpress_unite_1Z	Zymo	1	mock_only	UNITE+BLAST	BLAST	ITSxpress	PE	NA	0
fig4_q20_PE_itsxpress_unite	1Z	fig4_q20_PE_itsxpress_unite_1Z	Zymo	1	mock_only	UNITE+BLAST	BLAST	ITSxpress	PE	NA	0
fig4_q20_PE_itsxpress_unite	1Z	fig4_q20_PE_itsxpress_unite_1Z	Zymo	1	mock_only	UNITE+BLAST	BLAST	ITSxpress	PE	NA	0
fig4_q20_PE_itsxpress_unite	1Z	fig4_q20_PE_itsxpress_unite_1Z	Zymo	1	mock_only	UNITE+BLAST	BLAST	ITSxpress	PE	Saccharomyces_cerevisiae	0.04484906464795616
fig4_q20_PE_itsxpress_unite	1Z	fig4_q20_PE_itsxpress_unite_1Z	Zymo	1	mock_only	UNITE+BLAST	BLAST	ITSxpress	PE	Saccharomyces_kudriavzevii	0
fig4_q20_PE_itsxpress_unite	1Z	fig4_q20_PE_itsxpress_unite_1Z	Zymo	1	mock_only	UNITE+BLAST	BLAST	ITSxpress	PE	NA	0
fig4_q20_PE_itsxpress_unite	1Z	fig4_q20_PE_itsxpress_unite_1Z	Zymo	1	mock_only	UNITE+BLAST	BLAST	ITSxpress	PE	Trichophyton_mentagrophytes	0.004128235257416785
fig4_q20_PE_itsxpress_unite	2D	fig4_q20_PE_itsxpress_unite_2D	DNeasy	2	mock_only	UNITE	No_BLAST	ITSxpress	PE	Aspergillus_fumigatus	0.0291208000575581
fig4_q20_PE_itsxpress_unite	2D	fig4_q20_PE_itsxpress_unite_2D	DNeasy	2	mock_only	UNITE	No_BLAST	ITSxpress	PE	NA	0
fig4_q20_PE_itsxpress_unite	2D	fig4_q20_PE_itsxpress_unite_2D	DNeasy	2	mock_only	UNITE	No_BLAST	ITSxpress	PE	NA	0
fig4_q20_PE_itsxpress_unite	2D	fig4_q20_PE_itsxpress_unite_2D	DNeasy	2	mock_only	UNITE	No_BLAST	ITSxpress	PE	Candida_albicans	0.30537268868263906
fig4_q20_PE_itsxpress_unite	2D	fig4_q20_PE_itsxpress_unite_2D	DNeasy	2	mock_only	UNITE	No_BLAST	ITSxpress	PE	NA	0
fig4_q20_PE_itsxpress_unite	2D	fig4_q20_PE_itsxpress_unite_2D	DNeasy	2	mock_only	UNITE	No_BLAST	ITSxpress	PE	Cryptococcus_neoformans	0.14510936038563926
fig4_q20_PE_itsxpress_unite	2D	fig4_q20_PE_itsxpress_unite_2D	DNeasy	2	mock_only	UNITE	No_BLAST	ITSxpress	PE	NA	0
fig4_q20_PE_itsxpress_unite	2D	fig4_q20_PE_itsxpress_unite_2D	DNeasy	2	mock_only	UNITE	No_BLAST	ITSxpress	PE	NA	0
fig4_q20_PE_itsxpress_unite	2D	fig4_q20_PE_itsxpress_unite_2D	DNeasy	2	mock_only	UNITE	No_BLAST	ITSxpress	PE	Cutaneotrichosporon_mucoides	0.22545686740053242
fig4_q20_PE_itsxpress_unite	2D	fig4_q20_PE_itsxpress_unite_2D	DNeasy	2	mock_only	UNITE	No_BLAST	ITSxpress	PE	Fusarium_keratoplasticum	0
fig4_q20_PE_itsxpress_unite	2D	fig4_q20_PE_itsxpress_unite_2D	DNeasy	2	mock_only	UNITE	No_BLAST	ITSxpress	PE	NA	0
fig4_q20_PE_itsxpress_unite	2D	fig4_q20_PE_itsxpress_unite_2D	DNeasy	2	mock_only	UNITE	No_BLAST	ITSxpress	PE	Malassezia_globosa	0
fig4_q20_PE_itsxpress_unite	2D	fig4_q20_PE_itsxpress_unite_2D	DNeasy	2	mock_only	UNITE	No_BLAST	ITSxpress	PE	NA	0
fig4_q20_PE_itsxpress_unite	2D	fig4_q20_PE_itsxpress_unite_2D	DNeasy	2	mock_only	UNITE	No_BLAST	ITSxpress	PE	Nakaseomyces_glabratus	0.109765091013742
fig4_q20_PE_itsxpress_unite	2D	fig4_q20_PE_itsxpress_unite_2D	DNeasy	2	mock_only	UNITE	No_BLAST	ITSxpress	PE	Other	0.11515216922080725
fig4_q20_PE_itsxpress_unite	2D	fig4_q20_PE_itsxpress_unite_2D	DNeasy	2	mock_only	UNITE	No_BLAST	ITSxpress	PE	NA	0
fig4_q20_PE_itsxpress_unite	2D	fig4_q20_PE_itsxpress_unite_2D	DNeasy	2	mock_only	UNITE	No_BLAST	ITSxpress	PE	NA	0
fig4_q20_PE_itsxpress_unite	2D	fig4_q20_PE_itsxpress_unite_2D	DNeasy	2	mock_only	UNITE	No_BLAST	ITSxpress	PE	NA	0
fig4_q20_PE_itsxpress_unite	2D	fig4_q20_PE_itsxpress_unite_2D	DNeasy	2	mock_only	UNITE	No_BLAST	ITSxpress	PE	Penicillium_flavigenum	0
fig4_q20_PE_itsxpress_unite	2D	fig4_q20_PE_itsxpress_unite_2D	DNeasy	2	mock_only	UNITE	No_BLAST	ITSxpress	PE	NA	0
fig4_q20_PE_itsxpress_unite	2D	fig4_q20_PE_itsxpress_unite_2D	DNeasy	2	mock_only	UNITE	No_BLAST	ITSxpress	PE	NA	0
fig4_q20_PE_itsxpress_unite	2D	fig4_q20_PE_itsxpress_unite_2D	DNeasy	2	mock_only	UNITE	No_BLAST	ITSxpress	PE	NA	0
fig4_q20_PE_itsxpress_unite	2D	fig4_q20_PE_itsxpress_unite_2D	DNeasy	2	mock_only	UNITE	No_BLAST	ITSxpress	PE	Saccharomyces_cerevisiae	0.06638067486869559
fig4_q20_PE_itsxpress_unite	2D	fig4_q20_PE_itsxpress_unite_2D	DNeasy	2	mock_only	UNITE	No_BLAST	ITSxpress	PE	Saccharomyces_kudriavzevii	0
fig4_q20_PE_itsxpress_unite	2D	fig4_q20_PE_itsxpress_unite_2D	DNeasy	2	mock_only	UNITE	No_BLAST	ITSxpress	PE	NA	0
fig4_q20_PE_itsxpress_unite	2D	fig4_q20_PE_itsxpress_unite_2D	DNeasy	2	mock_only	UNITE	No_BLAST	ITSxpress	PE	Trichophyton_mentagrophytes	0.003642348370386359
fig4_q20_PE_itsxpress_unite	2D	fig4_q20_PE_itsxpress_unite_2D	DNeasy	2	mock_only	UNITE+BLAST	BLAST	ITSxpress	PE	Aspergillus_fumigatus	0.0291208000575581
fig4_q20_PE_itsxpress_unite	2D	fig4_q20_PE_itsxpress_unite_2D	DNeasy	2	mock_only	UNITE+BLAST	BLAST	ITSxpress	PE	NA	0
fig4_q20_PE_itsxpress_unite	2D	fig4_q20_PE_itsxpress_unite_2D	DNeasy	2	mock_only	UNITE+BLAST	BLAST	ITSxpress	PE	NA	0
fig4_q20_PE_itsxpress_unite	2D	fig4_q20_PE_itsxpress_unite_2D	DNeasy	2	mock_only	UNITE+BLAST	BLAST	ITSxpress	PE	Candida_albicans	0.30537268868263906
fig4_q20_PE_itsxpress_unite	2D	fig4_q20_PE_itsxpress_unite_2D	DNeasy	2	mock_only	UNITE+BLAST	BLAST	ITSxpress	PE	NA	0
fig4_q20_PE_itsxpress_unite	2D	fig4_q20_PE_itsxpress_unite_2D	DNeasy	2	mock_only	UNITE+BLAST	BLAST	ITSxpress	PE	Cryptococcus_neoformans	0.14510936038563926
fig4_q20_PE_itsxpress_unite	2D	fig4_q20_PE_itsxpress_unite_2D	DNeasy	2	mock_only	UNITE+BLAST	BLAST	ITSxpress	PE	NA	0
fig4_q20_PE_itsxpress_unite	2D	fig4_q20_PE_itsxpress_unite_2D	DNeasy	2	mock_only	UNITE+BLAST	BLAST	ITSxpress	PE	NA	0
fig4_q20_PE_itsxpress_unite	2D	fig4_q20_PE_itsxpress_unite_2D	DNeasy	2	mock_only	UNITE+BLAST	BLAST	ITSxpress	PE	Cutaneotrichosporon_mucoides	0.22545686740053242
fig4_q20_PE_itsxpress_unite	2D	fig4_q20_PE_itsxpress_unite_2D	DNeasy	2	mock_only	UNITE+BLAST	BLAST	ITSxpress	PE	Fusarium_keratoplasticum	0.0014119720843226132
fig4_q20_PE_itsxpress_unite	2D	fig4_q20_PE_itsxpress_unite_2D	DNeasy	2	mock_only	UNITE+BLAST	BLAST	ITSxpress	PE	NA	0
fig4_q20_PE_itsxpress_unite	2D	fig4_q20_PE_itsxpress_unite_2D	DNeasy	2	mock_only	UNITE+BLAST	BLAST	ITSxpress	PE	Malassezia_globosa	0
fig4_q20_PE_itsxpress_unite	2D	fig4_q20_PE_itsxpress_unite_2D	DNeasy	2	mock_only	UNITE+BLAST	BLAST	ITSxpress	PE	NA	0
fig4_q20_PE_itsxpress_unite	2D	fig4_q20_PE_itsxpress_unite_2D	DNeasy	2	mock_only	UNITE+BLAST	BLAST	ITSxpress	PE	Nakaseomyces_glabratus	0.109765091013742
fig4_q20_PE_itsxpress_unite	2D	fig4_q20_PE_itsxpress_unite_2D	DNeasy	2	mock_only	UNITE+BLAST	BLAST	ITSxpress	PE	Other	0.11374019713648463
fig4_q20_PE_itsxpress_unite	2D	fig4_q20_PE_itsxpress_unite_2D	DNeasy	2	mock_only	UNITE+BLAST	BLAST	ITSxpress	PE	NA	0
fig4_q20_PE_itsxpress_unite	2D	fig4_q20_PE_itsxpress_unite_2D	DNeasy	2	mock_only	UNITE+BLAST	BLAST	ITSxpress	PE	NA	0
fig4_q20_PE_itsxpress_unite	2D	fig4_q20_PE_itsxpress_unite_2D	DNeasy	2	mock_only	UNITE+BLAST	BLAST	ITSxpress	PE	NA	0
fig4_q20_PE_itsxpress_unite	2D	fig4_q20_PE_itsxpress_unite_2D	DNeasy	2	mock_only	UNITE+BLAST	BLAST	ITSxpress	PE	Penicillium_flavigenum	0
fig4_q20_PE_itsxpress_unite	2D	fig4_q20_PE_itsxpress_unite_2D	DNeasy	2	mock_only	UNITE+BLAST	BLAST	ITSxpress	PE	NA	0
fig4_q20_PE_itsxpress_unite	2D	fig4_q20_PE_itsxpress_unite_2D	DNeasy	2	mock_only	UNITE+BLAST	BLAST	ITSxpress	PE	NA	0
fig4_q20_PE_itsxpress_unite	2D	fig4_q20_PE_itsxpress_unite_2D	DNeasy	2	mock_only	UNITE+BLAST	BLAST	ITSxpress	PE	NA	0
fig4_q20_PE_itsxpress_unite	2D	fig4_q20_PE_itsxpress_unite_2D	DNeasy	2	mock_only	UNITE+BLAST	BLAST	ITSxpress	PE	Saccharomyces_cerevisiae	0.06638067486869559
fig4_q20_PE_itsxpress_unite	2D	fig4_q20_PE_itsxpress_unite_2D	DNeasy	2	mock_only	UNITE+BLAST	BLAST	ITSxpress	PE	Saccharomyces_kudriavzevii	0
fig4_q20_PE_itsxpress_unite	2D	fig4_q20_PE_itsxpress_unite_2D	DNeasy	2	mock_only	UNITE+BLAST	BLAST	ITSxpress	PE	NA	0
fig4_q20_PE_itsxpress_unite	2D	fig4_q20_PE_itsxpress_unite_2D	DNeasy	2	mock_only	UNITE+BLAST	BLAST	ITSxpress	PE	Trichophyton_mentagrophytes	0.003642348370386359
fig4_q20_PE_itsxpress_unite	2Q	fig4_q20_PE_itsxpress_unite_2Q	QIAamp	2	mock_only	UNITE	No_BLAST	ITSxpress	PE	Aspergillus_fumigatus	0.033784701779810695
fig4_q20_PE_itsxpress_unite	2Q	fig4_q20_PE_itsxpress_unite_2Q	QIAamp	2	mock_only	UNITE	No_BLAST	ITSxpress	PE	NA	0
fig4_q20_PE_itsxpress_unite	2Q	fig4_q20_PE_itsxpress_unite_2Q	QIAamp	2	mock_only	UNITE	No_BLAST	ITSxpress	PE	NA	0
fig4_q20_PE_itsxpress_unite	2Q	fig4_q20_PE_itsxpress_unite_2Q	QIAamp	2	mock_only	UNITE	No_BLAST	ITSxpress	PE	Candida_albicans	0.28444514892139544
fig4_q20_PE_itsxpress_unite	2Q	fig4_q20_PE_itsxpress_unite_2Q	QIAamp	2	mock_only	UNITE	No_BLAST	ITSxpress	PE	NA	0
fig4_q20_PE_itsxpress_unite	2Q	fig4_q20_PE_itsxpress_unite_2Q	QIAamp	2	mock_only	UNITE	No_BLAST	ITSxpress	PE	Cryptococcus_neoformans	0.15969234485153147
fig4_q20_PE_itsxpress_unite	2Q	fig4_q20_PE_itsxpress_unite_2Q	QIAamp	2	mock_only	UNITE	No_BLAST	ITSxpress	PE	NA	0
fig4_q20_PE_itsxpress_unite	2Q	fig4_q20_PE_itsxpress_unite_2Q	QIAamp	2	mock_only	UNITE	No_BLAST	ITSxpress	PE	NA	0
fig4_q20_PE_itsxpress_unite	2Q	fig4_q20_PE_itsxpress_unite_2Q	QIAamp	2	mock_only	UNITE	No_BLAST	ITSxpress	PE	Cutaneotrichosporon_mucoides	0.2159850852165512
fig4_q20_PE_itsxpress_unite	2Q	fig4_q20_PE_itsxpress_unite_2Q	QIAamp	2	mock_only	UNITE	No_BLAST	ITSxpress	PE	Fusarium_keratoplasticum	0
fig4_q20_PE_itsxpress_unite	2Q	fig4_q20_PE_itsxpress_unite_2Q	QIAamp	2	mock_only	UNITE	No_BLAST	ITSxpress	PE	NA	0
fig4_q20_PE_itsxpress_unite	2Q	fig4_q20_PE_itsxpress_unite_2Q	QIAamp	2	mock_only	UNITE	No_BLAST	ITSxpress	PE	Malassezia_globosa	3.0191869329589542e-5
fig4_q20_PE_itsxpress_unite	2Q	fig4_q20_PE_itsxpress_unite_2Q	QIAamp	2	mock_only	UNITE	No_BLAST	ITSxpress	PE	NA	0
fig4_q20_PE_itsxpress_unite	2Q	fig4_q20_PE_itsxpress_unite_2Q	QIAamp	2	mock_only	UNITE	No_BLAST	ITSxpress	PE	Nakaseomyces_glabratus	0.11647268390622405
fig4_q20_PE_itsxpress_unite	2Q	fig4_q20_PE_itsxpress_unite_2Q	QIAamp	2	mock_only	UNITE	No_BLAST	ITSxpress	PE	Other	0.13722204610298447
fig4_q20_PE_itsxpress_unite	2Q	fig4_q20_PE_itsxpress_unite_2Q	QIAamp	2	mock_only	UNITE	No_BLAST	ITSxpress	PE	NA	0
fig4_q20_PE_itsxpress_unite	2Q	fig4_q20_PE_itsxpress_unite_2Q	QIAamp	2	mock_only	UNITE	No_BLAST	ITSxpress	PE	NA	0
fig4_q20_PE_itsxpress_unite	2Q	fig4_q20_PE_itsxpress_unite_2Q	QIAamp	2	mock_only	UNITE	No_BLAST	ITSxpress	PE	NA	0
fig4_q20_PE_itsxpress_unite	2Q	fig4_q20_PE_itsxpress_unite_2Q	QIAamp	2	mock_only	UNITE	No_BLAST	ITSxpress	PE	Penicillium_flavigenum	0
fig4_q20_PE_itsxpress_unite	2Q	fig4_q20_PE_itsxpress_unite_2Q	QIAamp	2	mock_only	UNITE	No_BLAST	ITSxpress	PE	NA	0
fig4_q20_PE_itsxpress_unite	2Q	fig4_q20_PE_itsxpress_unite_2Q	QIAamp	2	mock_only	UNITE	No_BLAST	ITSxpress	PE	NA	0
fig4_q20_PE_itsxpress_unite	2Q	fig4_q20_PE_itsxpress_unite_2Q	QIAamp	2	mock_only	UNITE	No_BLAST	ITSxpress	PE	NA	0
fig4_q20_PE_itsxpress_unite	2Q	fig4_q20_PE_itsxpress_unite_2Q	QIAamp	2	mock_only	UNITE	No_BLAST	ITSxpress	PE	Saccharomyces_cerevisiae	0.04702383648083571
fig4_q20_PE_itsxpress_unite	2Q	fig4_q20_PE_itsxpress_unite_2Q	QIAamp	2	mock_only	UNITE	No_BLAST	ITSxpress	PE	Saccharomyces_kudriavzevii	0
fig4_q20_PE_itsxpress_unite	2Q	fig4_q20_PE_itsxpress_unite_2Q	QIAamp	2	mock_only	UNITE	No_BLAST	ITSxpress	PE	NA	0
fig4_q20_PE_itsxpress_unite	2Q	fig4_q20_PE_itsxpress_unite_2Q	QIAamp	2	mock_only	UNITE	No_BLAST	ITSxpress	PE	Trichophyton_mentagrophytes	0.005343960871337349
fig4_q20_PE_itsxpress_unite	2Q	fig4_q20_PE_itsxpress_unite_2Q	QIAamp	2	mock_only	UNITE+BLAST	BLAST	ITSxpress	PE	Aspergillus_fumigatus	0.033784701779810695
fig4_q20_PE_itsxpress_unite	2Q	fig4_q20_PE_itsxpress_unite_2Q	QIAamp	2	mock_only	UNITE+BLAST	BLAST	ITSxpress	PE	NA	0
fig4_q20_PE_itsxpress_unite	2Q	fig4_q20_PE_itsxpress_unite_2Q	QIAamp	2	mock_only	UNITE+BLAST	BLAST	ITSxpress	PE	NA	0
fig4_q20_PE_itsxpress_unite	2Q	fig4_q20_PE_itsxpress_unite_2Q	QIAamp	2	mock_only	UNITE+BLAST	BLAST	ITSxpress	PE	Candida_albicans	0.28444514892139544
fig4_q20_PE_itsxpress_unite	2Q	fig4_q20_PE_itsxpress_unite_2Q	QIAamp	2	mock_only	UNITE+BLAST	BLAST	ITSxpress	PE	NA	0
fig4_q20_PE_itsxpress_unite	2Q	fig4_q20_PE_itsxpress_unite_2Q	QIAamp	2	mock_only	UNITE+BLAST	BLAST	ITSxpress	PE	Cryptococcus_neoformans	0.15969234485153147
fig4_q20_PE_itsxpress_unite	2Q	fig4_q20_PE_itsxpress_unite_2Q	QIAamp	2	mock_only	UNITE+BLAST	BLAST	ITSxpress	PE	NA	0
fig4_q20_PE_itsxpress_unite	2Q	fig4_q20_PE_itsxpress_unite_2Q	QIAamp	2	mock_only	UNITE+BLAST	BLAST	ITSxpress	PE	NA	0
fig4_q20_PE_itsxpress_unite	2Q	fig4_q20_PE_itsxpress_unite_2Q	QIAamp	2	mock_only	UNITE+BLAST	BLAST	ITSxpress	PE	Cutaneotrichosporon_mucoides	0.2159850852165512
fig4_q20_PE_itsxpress_unite	2Q	fig4_q20_PE_itsxpress_unite_2Q	QIAamp	2	mock_only	UNITE+BLAST	BLAST	ITSxpress	PE	Fusarium_keratoplasticum	0.0021436227224008574
fig4_q20_PE_itsxpress_unite	2Q	fig4_q20_PE_itsxpress_unite_2Q	QIAamp	2	mock_only	UNITE+BLAST	BLAST	ITSxpress	PE	NA	0
fig4_q20_PE_itsxpress_unite	2Q	fig4_q20_PE_itsxpress_unite_2Q	QIAamp	2	mock_only	UNITE+BLAST	BLAST	ITSxpress	PE	Malassezia_globosa	3.0191869329589542e-5
fig4_q20_PE_itsxpress_unite	2Q	fig4_q20_PE_itsxpress_unite_2Q	QIAamp	2	mock_only	UNITE+BLAST	BLAST	ITSxpress	PE	NA	0
fig4_q20_PE_itsxpress_unite	2Q	fig4_q20_PE_itsxpress_unite_2Q	QIAamp	2	mock_only	UNITE+BLAST	BLAST	ITSxpress	PE	Nakaseomyces_glabratus	0.11647268390622405
fig4_q20_PE_itsxpress_unite	2Q	fig4_q20_PE_itsxpress_unite_2Q	QIAamp	2	mock_only	UNITE+BLAST	BLAST	ITSxpress	PE	Other	0.1350784233805836
fig4_q20_PE_itsxpress_unite	2Q	fig4_q20_PE_itsxpress_unite_2Q	QIAamp	2	mock_only	UNITE+BLAST	BLAST	ITSxpress	PE	NA	0
fig4_q20_PE_itsxpress_unite	2Q	fig4_q20_PE_itsxpress_unite_2Q	QIAamp	2	mock_only	UNITE+BLAST	BLAST	ITSxpress	PE	NA	0
fig4_q20_PE_itsxpress_unite	2Q	fig4_q20_PE_itsxpress_unite_2Q	QIAamp	2	mock_only	UNITE+BLAST	BLAST	ITSxpress	PE	NA	0
fig4_q20_PE_itsxpress_unite	2Q	fig4_q20_PE_itsxpress_unite_2Q	QIAamp	2	mock_only	UNITE+BLAST	BLAST	ITSxpress	PE	Penicillium_flavigenum	0
fig4_q20_PE_itsxpress_unite	2Q	fig4_q20_PE_itsxpress_unite_2Q	QIAamp	2	mock_only	UNITE+BLAST	BLAST	ITSxpress	PE	NA	0
fig4_q20_PE_itsxpress_unite	2Q	fig4_q20_PE_itsxpress_unite_2Q	QIAamp	2	mock_only	UNITE+BLAST	BLAST	ITSxpress	PE	NA	0
fig4_q20_PE_itsxpress_unite	2Q	fig4_q20_PE_itsxpress_unite_2Q	QIAamp	2	mock_only	UNITE+BLAST	BLAST	ITSxpress	PE	NA	0
fig4_q20_PE_itsxpress_unite	2Q	fig4_q20_PE_itsxpress_unite_2Q	QIAamp	2	mock_only	UNITE+BLAST	BLAST	ITSxpress	PE	Saccharomyces_cerevisiae	0.04702383648083571
fig4_q20_PE_itsxpress_unite	2Q	fig4_q20_PE_itsxpress_unite_2Q	QIAamp	2	mock_only	UNITE+BLAST	BLAST	ITSxpress	PE	Saccharomyces_kudriavzevii	0
fig4_q20_PE_itsxpress_unite	2Q	fig4_q20_PE_itsxpress_unite_2Q	QIAamp	2	mock_only	UNITE+BLAST	BLAST	ITSxpress	PE	NA	0
fig4_q20_PE_itsxpress_unite	2Q	fig4_q20_PE_itsxpress_unite_2Q	QIAamp	2	mock_only	UNITE+BLAST	BLAST	ITSxpress	PE	Trichophyton_mentagrophytes	0.005343960871337349
fig4_q20_PE_itsxpress_unite	2Z	fig4_q20_PE_itsxpress_unite_2Z	Zymo	2	mock_only	UNITE	No_BLAST	ITSxpress	PE	Aspergillus_fumigatus	0.03452969609422746
fig4_q20_PE_itsxpress_unite	2Z	fig4_q20_PE_itsxpress_unite_2Z	Zymo	2	mock_only	UNITE	No_BLAST	ITSxpress	PE	NA	0
fig4_q20_PE_itsxpress_unite	2Z	fig4_q20_PE_itsxpress_unite_2Z	Zymo	2	mock_only	UNITE	No_BLAST	ITSxpress	PE	NA	0
fig4_q20_PE_itsxpress_unite	2Z	fig4_q20_PE_itsxpress_unite_2Z	Zymo	2	mock_only	UNITE	No_BLAST	ITSxpress	PE	Candida_albicans	0.29793321851213955
fig4_q20_PE_itsxpress_unite	2Z	fig4_q20_PE_itsxpress_unite_2Z	Zymo	2	mock_only	UNITE	No_BLAST	ITSxpress	PE	NA	0
fig4_q20_PE_itsxpress_unite	2Z	fig4_q20_PE_itsxpress_unite_2Z	Zymo	2	mock_only	UNITE	No_BLAST	ITSxpress	PE	Cryptococcus_neoformans	0.14772116969461266
fig4_q20_PE_itsxpress_unite	2Z	fig4_q20_PE_itsxpress_unite_2Z	Zymo	2	mock_only	UNITE	No_BLAST	ITSxpress	PE	NA	0
fig4_q20_PE_itsxpress_unite	2Z	fig4_q20_PE_itsxpress_unite_2Z	Zymo	2	mock_only	UNITE	No_BLAST	ITSxpress	PE	NA	0
fig4_q20_PE_itsxpress_unite	2Z	fig4_q20_PE_itsxpress_unite_2Z	Zymo	2	mock_only	UNITE	No_BLAST	ITSxpress	PE	Cutaneotrichosporon_mucoides	0.2067800062966461
fig4_q20_PE_itsxpress_unite	2Z	fig4_q20_PE_itsxpress_unite_2Z	Zymo	2	mock_only	UNITE	No_BLAST	ITSxpress	PE	Fusarium_keratoplasticum	0
fig4_q20_PE_itsxpress_unite	2Z	fig4_q20_PE_itsxpress_unite_2Z	Zymo	2	mock_only	UNITE	No_BLAST	ITSxpress	PE	NA	0
fig4_q20_PE_itsxpress_unite	2Z	fig4_q20_PE_itsxpress_unite_2Z	Zymo	2	mock_only	UNITE	No_BLAST	ITSxpress	PE	Malassezia_globosa	1.2037705798470286e-4
fig4_q20_PE_itsxpress_unite	2Z	fig4_q20_PE_itsxpress_unite_2Z	Zymo	2	mock_only	UNITE	No_BLAST	ITSxpress	PE	NA	0
fig4_q20_PE_itsxpress_unite	2Z	fig4_q20_PE_itsxpress_unite_2Z	Zymo	2	mock_only	UNITE	No_BLAST	ITSxpress	PE	Nakaseomyces_glabratus	0.10398725855140101
fig4_q20_PE_itsxpress_unite	2Z	fig4_q20_PE_itsxpress_unite_2Z	Zymo	2	mock_only	UNITE	No_BLAST	ITSxpress	PE	Other	0.14907309665351778
fig4_q20_PE_itsxpress_unite	2Z	fig4_q20_PE_itsxpress_unite_2Z	Zymo	2	mock_only	UNITE	No_BLAST	ITSxpress	PE	NA	0
fig4_q20_PE_itsxpress_unite	2Z	fig4_q20_PE_itsxpress_unite_2Z	Zymo	2	mock_only	UNITE	No_BLAST	ITSxpress	PE	NA	0
fig4_q20_PE_itsxpress_unite	2Z	fig4_q20_PE_itsxpress_unite_2Z	Zymo	2	mock_only	UNITE	No_BLAST	ITSxpress	PE	NA	0
fig4_q20_PE_itsxpress_unite	2Z	fig4_q20_PE_itsxpress_unite_2Z	Zymo	2	mock_only	UNITE	No_BLAST	ITSxpress	PE	Penicillium_flavigenum	0
fig4_q20_PE_itsxpress_unite	2Z	fig4_q20_PE_itsxpress_unite_2Z	Zymo	2	mock_only	UNITE	No_BLAST	ITSxpress	PE	NA	0
fig4_q20_PE_itsxpress_unite	2Z	fig4_q20_PE_itsxpress_unite_2Z	Zymo	2	mock_only	UNITE	No_BLAST	ITSxpress	PE	NA	0
fig4_q20_PE_itsxpress_unite	2Z	fig4_q20_PE_itsxpress_unite_2Z	Zymo	2	mock_only	UNITE	No_BLAST	ITSxpress	PE	NA	0
fig4_q20_PE_itsxpress_unite	2Z	fig4_q20_PE_itsxpress_unite_2Z	Zymo	2	mock_only	UNITE	No_BLAST	ITSxpress	PE	Saccharomyces_cerevisiae	0.05471600274089301
fig4_q20_PE_itsxpress_unite	2Z	fig4_q20_PE_itsxpress_unite_2Z	Zymo	2	mock_only	UNITE	No_BLAST	ITSxpress	PE	Saccharomyces_kudriavzevii	0
fig4_q20_PE_itsxpress_unite	2Z	fig4_q20_PE_itsxpress_unite_2Z	Zymo	2	mock_only	UNITE	No_BLAST	ITSxpress	PE	NA	0
fig4_q20_PE_itsxpress_unite	2Z	fig4_q20_PE_itsxpress_unite_2Z	Zymo	2	mock_only	UNITE	No_BLAST	ITSxpress	PE	Trichophyton_mentagrophytes	0.0051391743985776984
fig4_q20_PE_itsxpress_unite	2Z	fig4_q20_PE_itsxpress_unite_2Z	Zymo	2	mock_only	UNITE+BLAST	BLAST	ITSxpress	PE	Aspergillus_fumigatus	0.03452969609422746
fig4_q20_PE_itsxpress_unite	2Z	fig4_q20_PE_itsxpress_unite_2Z	Zymo	2	mock_only	UNITE+BLAST	BLAST	ITSxpress	PE	NA	0
fig4_q20_PE_itsxpress_unite	2Z	fig4_q20_PE_itsxpress_unite_2Z	Zymo	2	mock_only	UNITE+BLAST	BLAST	ITSxpress	PE	NA	0
fig4_q20_PE_itsxpress_unite	2Z	fig4_q20_PE_itsxpress_unite_2Z	Zymo	2	mock_only	UNITE+BLAST	BLAST	ITSxpress	PE	Candida_albicans	0.29793321851213955
fig4_q20_PE_itsxpress_unite	2Z	fig4_q20_PE_itsxpress_unite_2Z	Zymo	2	mock_only	UNITE+BLAST	BLAST	ITSxpress	PE	NA	0
fig4_q20_PE_itsxpress_unite	2Z	fig4_q20_PE_itsxpress_unite_2Z	Zymo	2	mock_only	UNITE+BLAST	BLAST	ITSxpress	PE	Cryptococcus_neoformans	0.14772116969461266
fig4_q20_PE_itsxpress_unite	2Z	fig4_q20_PE_itsxpress_unite_2Z	Zymo	2	mock_only	UNITE+BLAST	BLAST	ITSxpress	PE	NA	0
fig4_q20_PE_itsxpress_unite	2Z	fig4_q20_PE_itsxpress_unite_2Z	Zymo	2	mock_only	UNITE+BLAST	BLAST	ITSxpress	PE	NA	0
fig4_q20_PE_itsxpress_unite	2Z	fig4_q20_PE_itsxpress_unite_2Z	Zymo	2	mock_only	UNITE+BLAST	BLAST	ITSxpress	PE	Cutaneotrichosporon_mucoides	0.2067800062966461
fig4_q20_PE_itsxpress_unite	2Z	fig4_q20_PE_itsxpress_unite_2Z	Zymo	2	mock_only	UNITE+BLAST	BLAST	ITSxpress	PE	Fusarium_keratoplasticum	0.0018797340592995907
fig4_q20_PE_itsxpress_unite	2Z	fig4_q20_PE_itsxpress_unite_2Z	Zymo	2	mock_only	UNITE+BLAST	BLAST	ITSxpress	PE	NA	0
fig4_q20_PE_itsxpress_unite	2Z	fig4_q20_PE_itsxpress_unite_2Z	Zymo	2	mock_only	UNITE+BLAST	BLAST	ITSxpress	PE	Malassezia_globosa	1.2037705798470286e-4
fig4_q20_PE_itsxpress_unite	2Z	fig4_q20_PE_itsxpress_unite_2Z	Zymo	2	mock_only	UNITE+BLAST	BLAST	ITSxpress	PE	NA	0
fig4_q20_PE_itsxpress_unite	2Z	fig4_q20_PE_itsxpress_unite_2Z	Zymo	2	mock_only	UNITE+BLAST	BLAST	ITSxpress	PE	Nakaseomyces_glabratus	0.10398725855140101
fig4_q20_PE_itsxpress_unite	2Z	fig4_q20_PE_itsxpress_unite_2Z	Zymo	2	mock_only	UNITE+BLAST	BLAST	ITSxpress	PE	Other	0.1471933625942182
fig4_q20_PE_itsxpress_unite	2Z	fig4_q20_PE_itsxpress_unite_2Z	Zymo	2	mock_only	UNITE+BLAST	BLAST	ITSxpress	PE	NA	0
fig4_q20_PE_itsxpress_unite	2Z	fig4_q20_PE_itsxpress_unite_2Z	Zymo	2	mock_only	UNITE+BLAST	BLAST	ITSxpress	PE	NA	0
fig4_q20_PE_itsxpress_unite	2Z	fig4_q20_PE_itsxpress_unite_2Z	Zymo	2	mock_only	UNITE+BLAST	BLAST	ITSxpress	PE	NA	0
fig4_q20_PE_itsxpress_unite	2Z	fig4_q20_PE_itsxpress_unite_2Z	Zymo	2	mock_only	UNITE+BLAST	BLAST	ITSxpress	PE	Penicillium_flavigenum	0
fig4_q20_PE_itsxpress_unite	2Z	fig4_q20_PE_itsxpress_unite_2Z	Zymo	2	mock_only	UNITE+BLAST	BLAST	ITSxpress	PE	NA	0
fig4_q20_PE_itsxpress_unite	2Z	fig4_q20_PE_itsxpress_unite_2Z	Zymo	2	mock_only	UNITE+BLAST	BLAST	ITSxpress	PE	NA	0
fig4_q20_PE_itsxpress_unite	2Z	fig4_q20_PE_itsxpress_unite_2Z	Zymo	2	mock_only	UNITE+BLAST	BLAST	ITSxpress	PE	NA	0
fig4_q20_PE_itsxpress_unite	2Z	fig4_q20_PE_itsxpress_unite_2Z	Zymo	2	mock_only	UNITE+BLAST	BLAST	ITSxpress	PE	Saccharomyces_cerevisiae	0.05471600274089301
fig4_q20_PE_itsxpress_unite	2Z	fig4_q20_PE_itsxpress_unite_2Z	Zymo	2	mock_only	UNITE+BLAST	BLAST	ITSxpress	PE	Saccharomyces_kudriavzevii	0
fig4_q20_PE_itsxpress_unite	2Z	fig4_q20_PE_itsxpress_unite_2Z	Zymo	2	mock_only	UNITE+BLAST	BLAST	ITSxpress	PE	NA	0
fig4_q20_PE_itsxpress_unite	2Z	fig4_q20_PE_itsxpress_unite_2Z	Zymo	2	mock_only	UNITE+BLAST	BLAST	ITSxpress	PE	Trichophyton_mentagrophytes	0.0051391743985776984
fig4_q20_PE_itsxpress_unite	3D	fig4_q20_PE_itsxpress_unite_3D	DNeasy	3	mock_only	UNITE	No_BLAST	ITSxpress	PE	Aspergillus_fumigatus	0.033834874181105735
fig4_q20_PE_itsxpress_unite	3D	fig4_q20_PE_itsxpress_unite_3D	DNeasy	3	mock_only	UNITE	No_BLAST	ITSxpress	PE	NA	0
fig4_q20_PE_itsxpress_unite	3D	fig4_q20_PE_itsxpress_unite_3D	DNeasy	3	mock_only	UNITE	No_BLAST	ITSxpress	PE	NA	0
fig4_q20_PE_itsxpress_unite	3D	fig4_q20_PE_itsxpress_unite_3D	DNeasy	3	mock_only	UNITE	No_BLAST	ITSxpress	PE	Candida_albicans	0.29874334170085104
fig4_q20_PE_itsxpress_unite	3D	fig4_q20_PE_itsxpress_unite_3D	DNeasy	3	mock_only	UNITE	No_BLAST	ITSxpress	PE	NA	0
fig4_q20_PE_itsxpress_unite	3D	fig4_q20_PE_itsxpress_unite_3D	DNeasy	3	mock_only	UNITE	No_BLAST	ITSxpress	PE	Cryptococcus_neoformans	0.14675809710402254
fig4_q20_PE_itsxpress_unite	3D	fig4_q20_PE_itsxpress_unite_3D	DNeasy	3	mock_only	UNITE	No_BLAST	ITSxpress	PE	NA	0
fig4_q20_PE_itsxpress_unite	3D	fig4_q20_PE_itsxpress_unite_3D	DNeasy	3	mock_only	UNITE	No_BLAST	ITSxpress	PE	NA	0
fig4_q20_PE_itsxpress_unite	3D	fig4_q20_PE_itsxpress_unite_3D	DNeasy	3	mock_only	UNITE	No_BLAST	ITSxpress	PE	Cutaneotrichosporon_mucoides	0.20041480438376294
fig4_q20_PE_itsxpress_unite	3D	fig4_q20_PE_itsxpress_unite_3D	DNeasy	3	mock_only	UNITE	No_BLAST	ITSxpress	PE	Fusarium_keratoplasticum	0
fig4_q20_PE_itsxpress_unite	3D	fig4_q20_PE_itsxpress_unite_3D	DNeasy	3	mock_only	UNITE	No_BLAST	ITSxpress	PE	NA	0
fig4_q20_PE_itsxpress_unite	3D	fig4_q20_PE_itsxpress_unite_3D	DNeasy	3	mock_only	UNITE	No_BLAST	ITSxpress	PE	Malassezia_globosa	0
fig4_q20_PE_itsxpress_unite	3D	fig4_q20_PE_itsxpress_unite_3D	DNeasy	3	mock_only	UNITE	No_BLAST	ITSxpress	PE	NA	0
fig4_q20_PE_itsxpress_unite	3D	fig4_q20_PE_itsxpress_unite_3D	DNeasy	3	mock_only	UNITE	No_BLAST	ITSxpress	PE	Nakaseomyces_glabratus	0.11365027857711382
fig4_q20_PE_itsxpress_unite	3D	fig4_q20_PE_itsxpress_unite_3D	DNeasy	3	mock_only	UNITE	No_BLAST	ITSxpress	PE	Other	0.14367385048674464
fig4_q20_PE_itsxpress_unite	3D	fig4_q20_PE_itsxpress_unite_3D	DNeasy	3	mock_only	UNITE	No_BLAST	ITSxpress	PE	NA	0
fig4_q20_PE_itsxpress_unite	3D	fig4_q20_PE_itsxpress_unite_3D	DNeasy	3	mock_only	UNITE	No_BLAST	ITSxpress	PE	NA	0
fig4_q20_PE_itsxpress_unite	3D	fig4_q20_PE_itsxpress_unite_3D	DNeasy	3	mock_only	UNITE	No_BLAST	ITSxpress	PE	NA	0
fig4_q20_PE_itsxpress_unite	3D	fig4_q20_PE_itsxpress_unite_3D	DNeasy	3	mock_only	UNITE	No_BLAST	ITSxpress	PE	Penicillium_flavigenum	0
fig4_q20_PE_itsxpress_unite	3D	fig4_q20_PE_itsxpress_unite_3D	DNeasy	3	mock_only	UNITE	No_BLAST	ITSxpress	PE	NA	0
fig4_q20_PE_itsxpress_unite	3D	fig4_q20_PE_itsxpress_unite_3D	DNeasy	3	mock_only	UNITE	No_BLAST	ITSxpress	PE	NA	0
fig4_q20_PE_itsxpress_unite	3D	fig4_q20_PE_itsxpress_unite_3D	DNeasy	3	mock_only	UNITE	No_BLAST	ITSxpress	PE	NA	0
fig4_q20_PE_itsxpress_unite	3D	fig4_q20_PE_itsxpress_unite_3D	DNeasy	3	mock_only	UNITE	No_BLAST	ITSxpress	PE	Saccharomyces_cerevisiae	0.05788128329149574
fig4_q20_PE_itsxpress_unite	3D	fig4_q20_PE_itsxpress_unite_3D	DNeasy	3	mock_only	UNITE	No_BLAST	ITSxpress	PE	Saccharomyces_kudriavzevii	0
fig4_q20_PE_itsxpress_unite	3D	fig4_q20_PE_itsxpress_unite_3D	DNeasy	3	mock_only	UNITE	No_BLAST	ITSxpress	PE	NA	0
fig4_q20_PE_itsxpress_unite	3D	fig4_q20_PE_itsxpress_unite_3D	DNeasy	3	mock_only	UNITE	No_BLAST	ITSxpress	PE	Trichophyton_mentagrophytes	0.005043470274903569
fig4_q20_PE_itsxpress_unite	3D	fig4_q20_PE_itsxpress_unite_3D	DNeasy	3	mock_only	UNITE+BLAST	BLAST	ITSxpress	PE	Aspergillus_fumigatus	0.033834874181105735
fig4_q20_PE_itsxpress_unite	3D	fig4_q20_PE_itsxpress_unite_3D	DNeasy	3	mock_only	UNITE+BLAST	BLAST	ITSxpress	PE	NA	0
fig4_q20_PE_itsxpress_unite	3D	fig4_q20_PE_itsxpress_unite_3D	DNeasy	3	mock_only	UNITE+BLAST	BLAST	ITSxpress	PE	NA	0
fig4_q20_PE_itsxpress_unite	3D	fig4_q20_PE_itsxpress_unite_3D	DNeasy	3	mock_only	UNITE+BLAST	BLAST	ITSxpress	PE	Candida_albicans	0.29874334170085104
fig4_q20_PE_itsxpress_unite	3D	fig4_q20_PE_itsxpress_unite_3D	DNeasy	3	mock_only	UNITE+BLAST	BLAST	ITSxpress	PE	NA	0
fig4_q20_PE_itsxpress_unite	3D	fig4_q20_PE_itsxpress_unite_3D	DNeasy	3	mock_only	UNITE+BLAST	BLAST	ITSxpress	PE	Cryptococcus_neoformans	0.14675809710402254
fig4_q20_PE_itsxpress_unite	3D	fig4_q20_PE_itsxpress_unite_3D	DNeasy	3	mock_only	UNITE+BLAST	BLAST	ITSxpress	PE	NA	0
fig4_q20_PE_itsxpress_unite	3D	fig4_q20_PE_itsxpress_unite_3D	DNeasy	3	mock_only	UNITE+BLAST	BLAST	ITSxpress	PE	NA	0
fig4_q20_PE_itsxpress_unite	3D	fig4_q20_PE_itsxpress_unite_3D	DNeasy	3	mock_only	UNITE+BLAST	BLAST	ITSxpress	PE	Cutaneotrichosporon_mucoides	0.20041480438376294
fig4_q20_PE_itsxpress_unite	3D	fig4_q20_PE_itsxpress_unite_3D	DNeasy	3	mock_only	UNITE+BLAST	BLAST	ITSxpress	PE	Fusarium_keratoplasticum	0.002173513745178473
fig4_q20_PE_itsxpress_unite	3D	fig4_q20_PE_itsxpress_unite_3D	DNeasy	3	mock_only	UNITE+BLAST	BLAST	ITSxpress	PE	NA	0
fig4_q20_PE_itsxpress_unite	3D	fig4_q20_PE_itsxpress_unite_3D	DNeasy	3	mock_only	UNITE+BLAST	BLAST	ITSxpress	PE	Malassezia_globosa	0
fig4_q20_PE_itsxpress_unite	3D	fig4_q20_PE_itsxpress_unite_3D	DNeasy	3	mock_only	UNITE+BLAST	BLAST	ITSxpress	PE	NA	0
fig4_q20_PE_itsxpress_unite	3D	fig4_q20_PE_itsxpress_unite_3D	DNeasy	3	mock_only	UNITE+BLAST	BLAST	ITSxpress	PE	Nakaseomyces_glabratus	0.11365027857711382
fig4_q20_PE_itsxpress_unite	3D	fig4_q20_PE_itsxpress_unite_3D	DNeasy	3	mock_only	UNITE+BLAST	BLAST	ITSxpress	PE	Other	0.14150033674156617
fig4_q20_PE_itsxpress_unite	3D	fig4_q20_PE_itsxpress_unite_3D	DNeasy	3	mock_only	UNITE+BLAST	BLAST	ITSxpress	PE	NA	0
fig4_q20_PE_itsxpress_unite	3D	fig4_q20_PE_itsxpress_unite_3D	DNeasy	3	mock_only	UNITE+BLAST	BLAST	ITSxpress	PE	NA	0
fig4_q20_PE_itsxpress_unite	3D	fig4_q20_PE_itsxpress_unite_3D	DNeasy	3	mock_only	UNITE+BLAST	BLAST	ITSxpress	PE	NA	0
fig4_q20_PE_itsxpress_unite	3D	fig4_q20_PE_itsxpress_unite_3D	DNeasy	3	mock_only	UNITE+BLAST	BLAST	ITSxpress	PE	Penicillium_flavigenum	0
fig4_q20_PE_itsxpress_unite	3D	fig4_q20_PE_itsxpress_unite_3D	DNeasy	3	mock_only	UNITE+BLAST	BLAST	ITSxpress	PE	NA	0
fig4_q20_PE_itsxpress_unite	3D	fig4_q20_PE_itsxpress_unite_3D	DNeasy	3	mock_only	UNITE+BLAST	BLAST	ITSxpress	PE	NA	0
fig4_q20_PE_itsxpress_unite	3D	fig4_q20_PE_itsxpress_unite_3D	DNeasy	3	mock_only	UNITE+BLAST	BLAST	ITSxpress	PE	NA	0
fig4_q20_PE_itsxpress_unite	3D	fig4_q20_PE_itsxpress_unite_3D	DNeasy	3	mock_only	UNITE+BLAST	BLAST	ITSxpress	PE	Saccharomyces_cerevisiae	0.05788128329149574
fig4_q20_PE_itsxpress_unite	3D	fig4_q20_PE_itsxpress_unite_3D	DNeasy	3	mock_only	UNITE+BLAST	BLAST	ITSxpress	PE	Saccharomyces_kudriavzevii	0
fig4_q20_PE_itsxpress_unite	3D	fig4_q20_PE_itsxpress_unite_3D	DNeasy	3	mock_only	UNITE+BLAST	BLAST	ITSxpress	PE	NA	0
fig4_q20_PE_itsxpress_unite	3D	fig4_q20_PE_itsxpress_unite_3D	DNeasy	3	mock_only	UNITE+BLAST	BLAST	ITSxpress	PE	Trichophyton_mentagrophytes	0.005043470274903569
fig4_q20_PE_itsxpress_unite	3Q	fig4_q20_PE_itsxpress_unite_3Q	QIAamp	3	mock_only	UNITE	No_BLAST	ITSxpress	PE	Aspergillus_fumigatus	0.03380377486821969
fig4_q20_PE_itsxpress_unite	3Q	fig4_q20_PE_itsxpress_unite_3Q	QIAamp	3	mock_only	UNITE	No_BLAST	ITSxpress	PE	NA	0
fig4_q20_PE_itsxpress_unite	3Q	fig4_q20_PE_itsxpress_unite_3Q	QIAamp	3	mock_only	UNITE	No_BLAST	ITSxpress	PE	NA	0
fig4_q20_PE_itsxpress_unite	3Q	fig4_q20_PE_itsxpress_unite_3Q	QIAamp	3	mock_only	UNITE	No_BLAST	ITSxpress	PE	Candida_albicans	0.3027291276993709
fig4_q20_PE_itsxpress_unite	3Q	fig4_q20_PE_itsxpress_unite_3Q	QIAamp	3	mock_only	UNITE	No_BLAST	ITSxpress	PE	NA	0
fig4_q20_PE_itsxpress_unite	3Q	fig4_q20_PE_itsxpress_unite_3Q	QIAamp	3	mock_only	UNITE	No_BLAST	ITSxpress	PE	Cryptococcus_neoformans	0.1559343649039279
fig4_q20_PE_itsxpress_unite	3Q	fig4_q20_PE_itsxpress_unite_3Q	QIAamp	3	mock_only	UNITE	No_BLAST	ITSxpress	PE	NA	0
fig4_q20_PE_itsxpress_unite	3Q	fig4_q20_PE_itsxpress_unite_3Q	QIAamp	3	mock_only	UNITE	No_BLAST	ITSxpress	PE	NA	0
fig4_q20_PE_itsxpress_unite	3Q	fig4_q20_PE_itsxpress_unite_3Q	QIAamp	3	mock_only	UNITE	No_BLAST	ITSxpress	PE	Cutaneotrichosporon_mucoides	0.21344159156606018
fig4_q20_PE_itsxpress_unite	3Q	fig4_q20_PE_itsxpress_unite_3Q	QIAamp	3	mock_only	UNITE	No_BLAST	ITSxpress	PE	Fusarium_keratoplasticum	0
fig4_q20_PE_itsxpress_unite	3Q	fig4_q20_PE_itsxpress_unite_3Q	QIAamp	3	mock_only	UNITE	No_BLAST	ITSxpress	PE	NA	0
fig4_q20_PE_itsxpress_unite	3Q	fig4_q20_PE_itsxpress_unite_3Q	QIAamp	3	mock_only	UNITE	No_BLAST	ITSxpress	PE	Malassezia_globosa	1.7003910899506888e-5
fig4_q20_PE_itsxpress_unite	3Q	fig4_q20_PE_itsxpress_unite_3Q	QIAamp	3	mock_only	UNITE	No_BLAST	ITSxpress	PE	NA	0
fig4_q20_PE_itsxpress_unite	3Q	fig4_q20_PE_itsxpress_unite_3Q	QIAamp	3	mock_only	UNITE	No_BLAST	ITSxpress	PE	Nakaseomyces_glabratus	0.11036388369324945
fig4_q20_PE_itsxpress_unite	3Q	fig4_q20_PE_itsxpress_unite_3Q	QIAamp	3	mock_only	UNITE	No_BLAST	ITSxpress	PE	Other	0.137621152865159
fig4_q20_PE_itsxpress_unite	3Q	fig4_q20_PE_itsxpress_unite_3Q	QIAamp	3	mock_only	UNITE	No_BLAST	ITSxpress	PE	NA	0
fig4_q20_PE_itsxpress_unite	3Q	fig4_q20_PE_itsxpress_unite_3Q	QIAamp	3	mock_only	UNITE	No_BLAST	ITSxpress	PE	NA	0
fig4_q20_PE_itsxpress_unite	3Q	fig4_q20_PE_itsxpress_unite_3Q	QIAamp	3	mock_only	UNITE	No_BLAST	ITSxpress	PE	NA	0
fig4_q20_PE_itsxpress_unite	3Q	fig4_q20_PE_itsxpress_unite_3Q	QIAamp	3	mock_only	UNITE	No_BLAST	ITSxpress	PE	Penicillium_flavigenum	0
fig4_q20_PE_itsxpress_unite	3Q	fig4_q20_PE_itsxpress_unite_3Q	QIAamp	3	mock_only	UNITE	No_BLAST	ITSxpress	PE	NA	0
fig4_q20_PE_itsxpress_unite	3Q	fig4_q20_PE_itsxpress_unite_3Q	QIAamp	3	mock_only	UNITE	No_BLAST	ITSxpress	PE	NA	0
fig4_q20_PE_itsxpress_unite	3Q	fig4_q20_PE_itsxpress_unite_3Q	QIAamp	3	mock_only	UNITE	No_BLAST	ITSxpress	PE	NA	0
fig4_q20_PE_itsxpress_unite	3Q	fig4_q20_PE_itsxpress_unite_3Q	QIAamp	3	mock_only	UNITE	No_BLAST	ITSxpress	PE	Saccharomyces_cerevisiae	0.03977214759394661
fig4_q20_PE_itsxpress_unite	3Q	fig4_q20_PE_itsxpress_unite_3Q	QIAamp	3	mock_only	UNITE	No_BLAST	ITSxpress	PE	Saccharomyces_kudriavzevii	0
fig4_q20_PE_itsxpress_unite	3Q	fig4_q20_PE_itsxpress_unite_3Q	QIAamp	3	mock_only	UNITE	No_BLAST	ITSxpress	PE	NA	0
fig4_q20_PE_itsxpress_unite	3Q	fig4_q20_PE_itsxpress_unite_3Q	QIAamp	3	mock_only	UNITE	No_BLAST	ITSxpress	PE	Trichophyton_mentagrophytes	0.0063169528991668085
fig4_q20_PE_itsxpress_unite	3Q	fig4_q20_PE_itsxpress_unite_3Q	QIAamp	3	mock_only	UNITE+BLAST	BLAST	ITSxpress	PE	Aspergillus_fumigatus	0.03380377486821969
fig4_q20_PE_itsxpress_unite	3Q	fig4_q20_PE_itsxpress_unite_3Q	QIAamp	3	mock_only	UNITE+BLAST	BLAST	ITSxpress	PE	NA	0
fig4_q20_PE_itsxpress_unite	3Q	fig4_q20_PE_itsxpress_unite_3Q	QIAamp	3	mock_only	UNITE+BLAST	BLAST	ITSxpress	PE	NA	0
fig4_q20_PE_itsxpress_unite	3Q	fig4_q20_PE_itsxpress_unite_3Q	QIAamp	3	mock_only	UNITE+BLAST	BLAST	ITSxpress	PE	Candida_albicans	0.3027291276993709
fig4_q20_PE_itsxpress_unite	3Q	fig4_q20_PE_itsxpress_unite_3Q	QIAamp	3	mock_only	UNITE+BLAST	BLAST	ITSxpress	PE	NA	0
fig4_q20_PE_itsxpress_unite	3Q	fig4_q20_PE_itsxpress_unite_3Q	QIAamp	3	mock_only	UNITE+BLAST	BLAST	ITSxpress	PE	Cryptococcus_neoformans	0.1559343649039279
fig4_q20_PE_itsxpress_unite	3Q	fig4_q20_PE_itsxpress_unite_3Q	QIAamp	3	mock_only	UNITE+BLAST	BLAST	ITSxpress	PE	NA	0
fig4_q20_PE_itsxpress_unite	3Q	fig4_q20_PE_itsxpress_unite_3Q	QIAamp	3	mock_only	UNITE+BLAST	BLAST	ITSxpress	PE	NA	0
fig4_q20_PE_itsxpress_unite	3Q	fig4_q20_PE_itsxpress_unite_3Q	QIAamp	3	mock_only	UNITE+BLAST	BLAST	ITSxpress	PE	Cutaneotrichosporon_mucoides	0.21344159156606018
fig4_q20_PE_itsxpress_unite	3Q	fig4_q20_PE_itsxpress_unite_3Q	QIAamp	3	mock_only	UNITE+BLAST	BLAST	ITSxpress	PE	Fusarium_keratoplasticum	0.0023635436150314573
fig4_q20_PE_itsxpress_unite	3Q	fig4_q20_PE_itsxpress_unite_3Q	QIAamp	3	mock_only	UNITE+BLAST	BLAST	ITSxpress	PE	NA	0
fig4_q20_PE_itsxpress_unite	3Q	fig4_q20_PE_itsxpress_unite_3Q	QIAamp	3	mock_only	UNITE+BLAST	BLAST	ITSxpress	PE	Malassezia_globosa	1.7003910899506888e-5
fig4_q20_PE_itsxpress_unite	3Q	fig4_q20_PE_itsxpress_unite_3Q	QIAamp	3	mock_only	UNITE+BLAST	BLAST	ITSxpress	PE	NA	0
fig4_q20_PE_itsxpress_unite	3Q	fig4_q20_PE_itsxpress_unite_3Q	QIAamp	3	mock_only	UNITE+BLAST	BLAST	ITSxpress	PE	Nakaseomyces_glabratus	0.11036388369324945
fig4_q20_PE_itsxpress_unite	3Q	fig4_q20_PE_itsxpress_unite_3Q	QIAamp	3	mock_only	UNITE+BLAST	BLAST	ITSxpress	PE	Other	0.13525760925012753
fig4_q20_PE_itsxpress_unite	3Q	fig4_q20_PE_itsxpress_unite_3Q	QIAamp	3	mock_only	UNITE+BLAST	BLAST	ITSxpress	PE	NA	0
fig4_q20_PE_itsxpress_unite	3Q	fig4_q20_PE_itsxpress_unite_3Q	QIAamp	3	mock_only	UNITE+BLAST	BLAST	ITSxpress	PE	NA	0
fig4_q20_PE_itsxpress_unite	3Q	fig4_q20_PE_itsxpress_unite_3Q	QIAamp	3	mock_only	UNITE+BLAST	BLAST	ITSxpress	PE	NA	0
fig4_q20_PE_itsxpress_unite	3Q	fig4_q20_PE_itsxpress_unite_3Q	QIAamp	3	mock_only	UNITE+BLAST	BLAST	ITSxpress	PE	Penicillium_flavigenum	0
fig4_q20_PE_itsxpress_unite	3Q	fig4_q20_PE_itsxpress_unite_3Q	QIAamp	3	mock_only	UNITE+BLAST	BLAST	ITSxpress	PE	NA	0
fig4_q20_PE_itsxpress_unite	3Q	fig4_q20_PE_itsxpress_unite_3Q	QIAamp	3	mock_only	UNITE+BLAST	BLAST	ITSxpress	PE	NA	0
fig4_q20_PE_itsxpress_unite	3Q	fig4_q20_PE_itsxpress_unite_3Q	QIAamp	3	mock_only	UNITE+BLAST	BLAST	ITSxpress	PE	NA	0
fig4_q20_PE_itsxpress_unite	3Q	fig4_q20_PE_itsxpress_unite_3Q	QIAamp	3	mock_only	UNITE+BLAST	BLAST	ITSxpress	PE	Saccharomyces_cerevisiae	0.03977214759394661
fig4_q20_PE_itsxpress_unite	3Q	fig4_q20_PE_itsxpress_unite_3Q	QIAamp	3	mock_only	UNITE+BLAST	BLAST	ITSxpress	PE	Saccharomyces_kudriavzevii	0
fig4_q20_PE_itsxpress_unite	3Q	fig4_q20_PE_itsxpress_unite_3Q	QIAamp	3	mock_only	UNITE+BLAST	BLAST	ITSxpress	PE	NA	0
fig4_q20_PE_itsxpress_unite	3Q	fig4_q20_PE_itsxpress_unite_3Q	QIAamp	3	mock_only	UNITE+BLAST	BLAST	ITSxpress	PE	Trichophyton_mentagrophytes	0.0063169528991668085
fig4_q20_PE_itsxpress_unite	3Z	fig4_q20_PE_itsxpress_unite_3Z	Zymo	3	mock_only	UNITE	No_BLAST	ITSxpress	PE	Aspergillus_fumigatus	0.029022750817118123
fig4_q20_PE_itsxpress_unite	3Z	fig4_q20_PE_itsxpress_unite_3Z	Zymo	3	mock_only	UNITE	No_BLAST	ITSxpress	PE	NA	0
fig4_q20_PE_itsxpress_unite	3Z	fig4_q20_PE_itsxpress_unite_3Z	Zymo	3	mock_only	UNITE	No_BLAST	ITSxpress	PE	NA	0
fig4_q20_PE_itsxpress_unite	3Z	fig4_q20_PE_itsxpress_unite_3Z	Zymo	3	mock_only	UNITE	No_BLAST	ITSxpress	PE	Candida_albicans	0.3023377207423528
fig4_q20_PE_itsxpress_unite	3Z	fig4_q20_PE_itsxpress_unite_3Z	Zymo	3	mock_only	UNITE	No_BLAST	ITSxpress	PE	NA	0
fig4_q20_PE_itsxpress_unite	3Z	fig4_q20_PE_itsxpress_unite_3Z	Zymo	3	mock_only	UNITE	No_BLAST	ITSxpress	PE	Cryptococcus_neoformans	0.15104840069706
fig4_q20_PE_itsxpress_unite	3Z	fig4_q20_PE_itsxpress_unite_3Z	Zymo	3	mock_only	UNITE	No_BLAST	ITSxpress	PE	NA	0
fig4_q20_PE_itsxpress_unite	3Z	fig4_q20_PE_itsxpress_unite_3Z	Zymo	3	mock_only	UNITE	No_BLAST	ITSxpress	PE	NA	0
fig4_q20_PE_itsxpress_unite	3Z	fig4_q20_PE_itsxpress_unite_3Z	Zymo	3	mock_only	UNITE	No_BLAST	ITSxpress	PE	Cutaneotrichosporon_mucoides	0.22160564714952258
fig4_q20_PE_itsxpress_unite	3Z	fig4_q20_PE_itsxpress_unite_3Z	Zymo	3	mock_only	UNITE	No_BLAST	ITSxpress	PE	Fusarium_keratoplasticum	0
fig4_q20_PE_itsxpress_unite	3Z	fig4_q20_PE_itsxpress_unite_3Z	Zymo	3	mock_only	UNITE	No_BLAST	ITSxpress	PE	NA	0
fig4_q20_PE_itsxpress_unite	3Z	fig4_q20_PE_itsxpress_unite_3Z	Zymo	3	mock_only	UNITE	No_BLAST	ITSxpress	PE	Malassezia_globosa	5.621451458766653e-5
fig4_q20_PE_itsxpress_unite	3Z	fig4_q20_PE_itsxpress_unite_3Z	Zymo	3	mock_only	UNITE	No_BLAST	ITSxpress	PE	NA	0
fig4_q20_PE_itsxpress_unite	3Z	fig4_q20_PE_itsxpress_unite_3Z	Zymo	3	mock_only	UNITE	No_BLAST	ITSxpress	PE	Nakaseomyces_glabratus	0.10166796495426547
fig4_q20_PE_itsxpress_unite	3Z	fig4_q20_PE_itsxpress_unite_3Z	Zymo	3	mock_only	UNITE	No_BLAST	ITSxpress	PE	Other	0.1359106349830955
fig4_q20_PE_itsxpress_unite	3Z	fig4_q20_PE_itsxpress_unite_3Z	Zymo	3	mock_only	UNITE	No_BLAST	ITSxpress	PE	NA	0
fig4_q20_PE_itsxpress_unite	3Z	fig4_q20_PE_itsxpress_unite_3Z	Zymo	3	mock_only	UNITE	No_BLAST	ITSxpress	PE	NA	0
fig4_q20_PE_itsxpress_unite	3Z	fig4_q20_PE_itsxpress_unite_3Z	Zymo	3	mock_only	UNITE	No_BLAST	ITSxpress	PE	NA	0
fig4_q20_PE_itsxpress_unite	3Z	fig4_q20_PE_itsxpress_unite_3Z	Zymo	3	mock_only	UNITE	No_BLAST	ITSxpress	PE	Penicillium_flavigenum	0
fig4_q20_PE_itsxpress_unite	3Z	fig4_q20_PE_itsxpress_unite_3Z	Zymo	3	mock_only	UNITE	No_BLAST	ITSxpress	PE	NA	0
fig4_q20_PE_itsxpress_unite	3Z	fig4_q20_PE_itsxpress_unite_3Z	Zymo	3	mock_only	UNITE	No_BLAST	ITSxpress	PE	NA	0
fig4_q20_PE_itsxpress_unite	3Z	fig4_q20_PE_itsxpress_unite_3Z	Zymo	3	mock_only	UNITE	No_BLAST	ITSxpress	PE	NA	0
fig4_q20_PE_itsxpress_unite	3Z	fig4_q20_PE_itsxpress_unite_3Z	Zymo	3	mock_only	UNITE	No_BLAST	ITSxpress	PE	Saccharomyces_cerevisiae	0.05452807915003654
fig4_q20_PE_itsxpress_unite	3Z	fig4_q20_PE_itsxpress_unite_3Z	Zymo	3	mock_only	UNITE	No_BLAST	ITSxpress	PE	Saccharomyces_kudriavzevii	0
fig4_q20_PE_itsxpress_unite	3Z	fig4_q20_PE_itsxpress_unite_3Z	Zymo	3	mock_only	UNITE	No_BLAST	ITSxpress	PE	NA	0
fig4_q20_PE_itsxpress_unite	3Z	fig4_q20_PE_itsxpress_unite_3Z	Zymo	3	mock_only	UNITE	No_BLAST	ITSxpress	PE	Trichophyton_mentagrophytes	0.0038225869919613245
fig4_q20_PE_itsxpress_unite	3Z	fig4_q20_PE_itsxpress_unite_3Z	Zymo	3	mock_only	UNITE+BLAST	BLAST	ITSxpress	PE	Aspergillus_fumigatus	0.029022750817118123
fig4_q20_PE_itsxpress_unite	3Z	fig4_q20_PE_itsxpress_unite_3Z	Zymo	3	mock_only	UNITE+BLAST	BLAST	ITSxpress	PE	NA	0
fig4_q20_PE_itsxpress_unite	3Z	fig4_q20_PE_itsxpress_unite_3Z	Zymo	3	mock_only	UNITE+BLAST	BLAST	ITSxpress	PE	NA	0
fig4_q20_PE_itsxpress_unite	3Z	fig4_q20_PE_itsxpress_unite_3Z	Zymo	3	mock_only	UNITE+BLAST	BLAST	ITSxpress	PE	Candida_albicans	0.3023377207423528
fig4_q20_PE_itsxpress_unite	3Z	fig4_q20_PE_itsxpress_unite_3Z	Zymo	3	mock_only	UNITE+BLAST	BLAST	ITSxpress	PE	NA	0
fig4_q20_PE_itsxpress_unite	3Z	fig4_q20_PE_itsxpress_unite_3Z	Zymo	3	mock_only	UNITE+BLAST	BLAST	ITSxpress	PE	Cryptococcus_neoformans	0.15104840069706
fig4_q20_PE_itsxpress_unite	3Z	fig4_q20_PE_itsxpress_unite_3Z	Zymo	3	mock_only	UNITE+BLAST	BLAST	ITSxpress	PE	NA	0
fig4_q20_PE_itsxpress_unite	3Z	fig4_q20_PE_itsxpress_unite_3Z	Zymo	3	mock_only	UNITE+BLAST	BLAST	ITSxpress	PE	NA	0
fig4_q20_PE_itsxpress_unite	3Z	fig4_q20_PE_itsxpress_unite_3Z	Zymo	3	mock_only	UNITE+BLAST	BLAST	ITSxpress	PE	Cutaneotrichosporon_mucoides	0.22160564714952258
fig4_q20_PE_itsxpress_unite	3Z	fig4_q20_PE_itsxpress_unite_3Z	Zymo	3	mock_only	UNITE+BLAST	BLAST	ITSxpress	PE	Fusarium_keratoplasticum	0.0016382515679834247
fig4_q20_PE_itsxpress_unite	3Z	fig4_q20_PE_itsxpress_unite_3Z	Zymo	3	mock_only	UNITE+BLAST	BLAST	ITSxpress	PE	NA	0
fig4_q20_PE_itsxpress_unite	3Z	fig4_q20_PE_itsxpress_unite_3Z	Zymo	3	mock_only	UNITE+BLAST	BLAST	ITSxpress	PE	Malassezia_globosa	5.621451458766653e-5
fig4_q20_PE_itsxpress_unite	3Z	fig4_q20_PE_itsxpress_unite_3Z	Zymo	3	mock_only	UNITE+BLAST	BLAST	ITSxpress	PE	NA	0
fig4_q20_PE_itsxpress_unite	3Z	fig4_q20_PE_itsxpress_unite_3Z	Zymo	3	mock_only	UNITE+BLAST	BLAST	ITSxpress	PE	Nakaseomyces_glabratus	0.10166796495426547
fig4_q20_PE_itsxpress_unite	3Z	fig4_q20_PE_itsxpress_unite_3Z	Zymo	3	mock_only	UNITE+BLAST	BLAST	ITSxpress	PE	Other	0.13427238341511205
fig4_q20_PE_itsxpress_unite	3Z	fig4_q20_PE_itsxpress_unite_3Z	Zymo	3	mock_only	UNITE+BLAST	BLAST	ITSxpress	PE	NA	0
fig4_q20_PE_itsxpress_unite	3Z	fig4_q20_PE_itsxpress_unite_3Z	Zymo	3	mock_only	UNITE+BLAST	BLAST	ITSxpress	PE	NA	0
fig4_q20_PE_itsxpress_unite	3Z	fig4_q20_PE_itsxpress_unite_3Z	Zymo	3	mock_only	UNITE+BLAST	BLAST	ITSxpress	PE	NA	0
fig4_q20_PE_itsxpress_unite	3Z	fig4_q20_PE_itsxpress_unite_3Z	Zymo	3	mock_only	UNITE+BLAST	BLAST	ITSxpress	PE	Penicillium_flavigenum	0
fig4_q20_PE_itsxpress_unite	3Z	fig4_q20_PE_itsxpress_unite_3Z	Zymo	3	mock_only	UNITE+BLAST	BLAST	ITSxpress	PE	NA	0
fig4_q20_PE_itsxpress_unite	3Z	fig4_q20_PE_itsxpress_unite_3Z	Zymo	3	mock_only	UNITE+BLAST	BLAST	ITSxpress	PE	NA	0
fig4_q20_PE_itsxpress_unite	3Z	fig4_q20_PE_itsxpress_unite_3Z	Zymo	3	mock_only	UNITE+BLAST	BLAST	ITSxpress	PE	NA	0
fig4_q20_PE_itsxpress_unite	3Z	fig4_q20_PE_itsxpress_unite_3Z	Zymo	3	mock_only	UNITE+BLAST	BLAST	ITSxpress	PE	Saccharomyces_cerevisiae	0.05452807915003654
fig4_q20_PE_itsxpress_unite	3Z	fig4_q20_PE_itsxpress_unite_3Z	Zymo	3	mock_only	UNITE+BLAST	BLAST	ITSxpress	PE	Saccharomyces_kudriavzevii	0
fig4_q20_PE_itsxpress_unite	3Z	fig4_q20_PE_itsxpress_unite_3Z	Zymo	3	mock_only	UNITE+BLAST	BLAST	ITSxpress	PE	NA	0
fig4_q20_PE_itsxpress_unite	3Z	fig4_q20_PE_itsxpress_unite_3Z	Zymo	3	mock_only	UNITE+BLAST	BLAST	ITSxpress	PE	Trichophyton_mentagrophytes	0.0038225869919613245
fig4_q20_PE_itsxpress_unite	4D	fig4_q20_PE_itsxpress_unite_4D	DNeasy	4	mock_only	UNITE	No_BLAST	ITSxpress	PE	Aspergillus_fumigatus	0.030848446533167793
fig4_q20_PE_itsxpress_unite	4D	fig4_q20_PE_itsxpress_unite_4D	DNeasy	4	mock_only	UNITE	No_BLAST	ITSxpress	PE	NA	0
fig4_q20_PE_itsxpress_unite	4D	fig4_q20_PE_itsxpress_unite_4D	DNeasy	4	mock_only	UNITE	No_BLAST	ITSxpress	PE	NA	0
fig4_q20_PE_itsxpress_unite	4D	fig4_q20_PE_itsxpress_unite_4D	DNeasy	4	mock_only	UNITE	No_BLAST	ITSxpress	PE	Candida_albicans	0.29916137926832054
fig4_q20_PE_itsxpress_unite	4D	fig4_q20_PE_itsxpress_unite_4D	DNeasy	4	mock_only	UNITE	No_BLAST	ITSxpress	PE	NA	0
fig4_q20_PE_itsxpress_unite	4D	fig4_q20_PE_itsxpress_unite_4D	DNeasy	4	mock_only	UNITE	No_BLAST	ITSxpress	PE	Cryptococcus_neoformans	0.1467243519922003
fig4_q20_PE_itsxpress_unite	4D	fig4_q20_PE_itsxpress_unite_4D	DNeasy	4	mock_only	UNITE	No_BLAST	ITSxpress	PE	NA	0
fig4_q20_PE_itsxpress_unite	4D	fig4_q20_PE_itsxpress_unite_4D	DNeasy	4	mock_only	UNITE	No_BLAST	ITSxpress	PE	NA	0
fig4_q20_PE_itsxpress_unite	4D	fig4_q20_PE_itsxpress_unite_4D	DNeasy	4	mock_only	UNITE	No_BLAST	ITSxpress	PE	Cutaneotrichosporon_mucoides	0.21431672595154128
fig4_q20_PE_itsxpress_unite	4D	fig4_q20_PE_itsxpress_unite_4D	DNeasy	4	mock_only	UNITE	No_BLAST	ITSxpress	PE	Fusarium_keratoplasticum	0
fig4_q20_PE_itsxpress_unite	4D	fig4_q20_PE_itsxpress_unite_4D	DNeasy	4	mock_only	UNITE	No_BLAST	ITSxpress	PE	NA	0
fig4_q20_PE_itsxpress_unite	4D	fig4_q20_PE_itsxpress_unite_4D	DNeasy	4	mock_only	UNITE	No_BLAST	ITSxpress	PE	Malassezia_globosa	0
fig4_q20_PE_itsxpress_unite	4D	fig4_q20_PE_itsxpress_unite_4D	DNeasy	4	mock_only	UNITE	No_BLAST	ITSxpress	PE	NA	0
fig4_q20_PE_itsxpress_unite	4D	fig4_q20_PE_itsxpress_unite_4D	DNeasy	4	mock_only	UNITE	No_BLAST	ITSxpress	PE	Nakaseomyces_glabratus	0.11509136472004082
fig4_q20_PE_itsxpress_unite	4D	fig4_q20_PE_itsxpress_unite_4D	DNeasy	4	mock_only	UNITE	No_BLAST	ITSxpress	PE	Other	0.1258997463572174
fig4_q20_PE_itsxpress_unite	4D	fig4_q20_PE_itsxpress_unite_4D	DNeasy	4	mock_only	UNITE	No_BLAST	ITSxpress	PE	NA	0
fig4_q20_PE_itsxpress_unite	4D	fig4_q20_PE_itsxpress_unite_4D	DNeasy	4	mock_only	UNITE	No_BLAST	ITSxpress	PE	NA	0
fig4_q20_PE_itsxpress_unite	4D	fig4_q20_PE_itsxpress_unite_4D	DNeasy	4	mock_only	UNITE	No_BLAST	ITSxpress	PE	NA	0
fig4_q20_PE_itsxpress_unite	4D	fig4_q20_PE_itsxpress_unite_4D	DNeasy	4	mock_only	UNITE	No_BLAST	ITSxpress	PE	Penicillium_flavigenum	0
fig4_q20_PE_itsxpress_unite	4D	fig4_q20_PE_itsxpress_unite_4D	DNeasy	4	mock_only	UNITE	No_BLAST	ITSxpress	PE	NA	0
fig4_q20_PE_itsxpress_unite	4D	fig4_q20_PE_itsxpress_unite_4D	DNeasy	4	mock_only	UNITE	No_BLAST	ITSxpress	PE	NA	0
fig4_q20_PE_itsxpress_unite	4D	fig4_q20_PE_itsxpress_unite_4D	DNeasy	4	mock_only	UNITE	No_BLAST	ITSxpress	PE	NA	0
fig4_q20_PE_itsxpress_unite	4D	fig4_q20_PE_itsxpress_unite_4D	DNeasy	4	mock_only	UNITE	No_BLAST	ITSxpress	PE	Saccharomyces_cerevisiae	0.06302985063258358
fig4_q20_PE_itsxpress_unite	4D	fig4_q20_PE_itsxpress_unite_4D	DNeasy	4	mock_only	UNITE	No_BLAST	ITSxpress	PE	Saccharomyces_kudriavzevii	0
fig4_q20_PE_itsxpress_unite	4D	fig4_q20_PE_itsxpress_unite_4D	DNeasy	4	mock_only	UNITE	No_BLAST	ITSxpress	PE	NA	0
fig4_q20_PE_itsxpress_unite	4D	fig4_q20_PE_itsxpress_unite_4D	DNeasy	4	mock_only	UNITE	No_BLAST	ITSxpress	PE	Trichophyton_mentagrophytes	0.004928134544928287
fig4_q20_PE_itsxpress_unite	4D	fig4_q20_PE_itsxpress_unite_4D	DNeasy	4	mock_only	UNITE+BLAST	BLAST	ITSxpress	PE	Aspergillus_fumigatus	0.030848446533167793
fig4_q20_PE_itsxpress_unite	4D	fig4_q20_PE_itsxpress_unite_4D	DNeasy	4	mock_only	UNITE+BLAST	BLAST	ITSxpress	PE	NA	0
fig4_q20_PE_itsxpress_unite	4D	fig4_q20_PE_itsxpress_unite_4D	DNeasy	4	mock_only	UNITE+BLAST	BLAST	ITSxpress	PE	NA	0
fig4_q20_PE_itsxpress_unite	4D	fig4_q20_PE_itsxpress_unite_4D	DNeasy	4	mock_only	UNITE+BLAST	BLAST	ITSxpress	PE	Candida_albicans	0.29916137926832054
fig4_q20_PE_itsxpress_unite	4D	fig4_q20_PE_itsxpress_unite_4D	DNeasy	4	mock_only	UNITE+BLAST	BLAST	ITSxpress	PE	NA	0
fig4_q20_PE_itsxpress_unite	4D	fig4_q20_PE_itsxpress_unite_4D	DNeasy	4	mock_only	UNITE+BLAST	BLAST	ITSxpress	PE	Cryptococcus_neoformans	0.1467243519922003
fig4_q20_PE_itsxpress_unite	4D	fig4_q20_PE_itsxpress_unite_4D	DNeasy	4	mock_only	UNITE+BLAST	BLAST	ITSxpress	PE	NA	0
fig4_q20_PE_itsxpress_unite	4D	fig4_q20_PE_itsxpress_unite_4D	DNeasy	4	mock_only	UNITE+BLAST	BLAST	ITSxpress	PE	NA	0
fig4_q20_PE_itsxpress_unite	4D	fig4_q20_PE_itsxpress_unite_4D	DNeasy	4	mock_only	UNITE+BLAST	BLAST	ITSxpress	PE	Cutaneotrichosporon_mucoides	0.21431672595154128
fig4_q20_PE_itsxpress_unite	4D	fig4_q20_PE_itsxpress_unite_4D	DNeasy	4	mock_only	UNITE+BLAST	BLAST	ITSxpress	PE	Fusarium_keratoplasticum	0.0019880109988041467
fig4_q20_PE_itsxpress_unite	4D	fig4_q20_PE_itsxpress_unite_4D	DNeasy	4	mock_only	UNITE+BLAST	BLAST	ITSxpress	PE	NA	0
fig4_q20_PE_itsxpress_unite	4D	fig4_q20_PE_itsxpress_unite_4D	DNeasy	4	mock_only	UNITE+BLAST	BLAST	ITSxpress	PE	Malassezia_globosa	0
fig4_q20_PE_itsxpress_unite	4D	fig4_q20_PE_itsxpress_unite_4D	DNeasy	4	mock_only	UNITE+BLAST	BLAST	ITSxpress	PE	NA	0
fig4_q20_PE_itsxpress_unite	4D	fig4_q20_PE_itsxpress_unite_4D	DNeasy	4	mock_only	UNITE+BLAST	BLAST	ITSxpress	PE	Nakaseomyces_glabratus	0.11509136472004082
fig4_q20_PE_itsxpress_unite	4D	fig4_q20_PE_itsxpress_unite_4D	DNeasy	4	mock_only	UNITE+BLAST	BLAST	ITSxpress	PE	Other	0.12391173535841324
fig4_q20_PE_itsxpress_unite	4D	fig4_q20_PE_itsxpress_unite_4D	DNeasy	4	mock_only	UNITE+BLAST	BLAST	ITSxpress	PE	NA	0
fig4_q20_PE_itsxpress_unite	4D	fig4_q20_PE_itsxpress_unite_4D	DNeasy	4	mock_only	UNITE+BLAST	BLAST	ITSxpress	PE	NA	0
fig4_q20_PE_itsxpress_unite	4D	fig4_q20_PE_itsxpress_unite_4D	DNeasy	4	mock_only	UNITE+BLAST	BLAST	ITSxpress	PE	NA	0
fig4_q20_PE_itsxpress_unite	4D	fig4_q20_PE_itsxpress_unite_4D	DNeasy	4	mock_only	UNITE+BLAST	BLAST	ITSxpress	PE	Penicillium_flavigenum	0
fig4_q20_PE_itsxpress_unite	4D	fig4_q20_PE_itsxpress_unite_4D	DNeasy	4	mock_only	UNITE+BLAST	BLAST	ITSxpress	PE	NA	0
fig4_q20_PE_itsxpress_unite	4D	fig4_q20_PE_itsxpress_unite_4D	DNeasy	4	mock_only	UNITE+BLAST	BLAST	ITSxpress	PE	NA	0
fig4_q20_PE_itsxpress_unite	4D	fig4_q20_PE_itsxpress_unite_4D	DNeasy	4	mock_only	UNITE+BLAST	BLAST	ITSxpress	PE	NA	0
fig4_q20_PE_itsxpress_unite	4D	fig4_q20_PE_itsxpress_unite_4D	DNeasy	4	mock_only	UNITE+BLAST	BLAST	ITSxpress	PE	Saccharomyces_cerevisiae	0.06302985063258358
fig4_q20_PE_itsxpress_unite	4D	fig4_q20_PE_itsxpress_unite_4D	DNeasy	4	mock_only	UNITE+BLAST	BLAST	ITSxpress	PE	Saccharomyces_kudriavzevii	0
fig4_q20_PE_itsxpress_unite	4D	fig4_q20_PE_itsxpress_unite_4D	DNeasy	4	mock_only	UNITE+BLAST	BLAST	ITSxpress	PE	NA	0
fig4_q20_PE_itsxpress_unite	4D	fig4_q20_PE_itsxpress_unite_4D	DNeasy	4	mock_only	UNITE+BLAST	BLAST	ITSxpress	PE	Trichophyton_mentagrophytes	0.004928134544928287
fig4_q20_PE_itsxpress_unite	4Q	fig4_q20_PE_itsxpress_unite_4Q	QIAamp	4	mock_only	UNITE	No_BLAST	ITSxpress	PE	Aspergillus_fumigatus	0.03540228014685692
fig4_q20_PE_itsxpress_unite	4Q	fig4_q20_PE_itsxpress_unite_4Q	QIAamp	4	mock_only	UNITE	No_BLAST	ITSxpress	PE	NA	0
fig4_q20_PE_itsxpress_unite	4Q	fig4_q20_PE_itsxpress_unite_4Q	QIAamp	4	mock_only	UNITE	No_BLAST	ITSxpress	PE	NA	0
fig4_q20_PE_itsxpress_unite	4Q	fig4_q20_PE_itsxpress_unite_4Q	QIAamp	4	mock_only	UNITE	No_BLAST	ITSxpress	PE	Candida_albicans	0.28055366277828064
fig4_q20_PE_itsxpress_unite	4Q	fig4_q20_PE_itsxpress_unite_4Q	QIAamp	4	mock_only	UNITE	No_BLAST	ITSxpress	PE	NA	0
fig4_q20_PE_itsxpress_unite	4Q	fig4_q20_PE_itsxpress_unite_4Q	QIAamp	4	mock_only	UNITE	No_BLAST	ITSxpress	PE	Cryptococcus_neoformans	0.14705014899264698
fig4_q20_PE_itsxpress_unite	4Q	fig4_q20_PE_itsxpress_unite_4Q	QIAamp	4	mock_only	UNITE	No_BLAST	ITSxpress	PE	NA	0
fig4_q20_PE_itsxpress_unite	4Q	fig4_q20_PE_itsxpress_unite_4Q	QIAamp	4	mock_only	UNITE	No_BLAST	ITSxpress	PE	NA	0
fig4_q20_PE_itsxpress_unite	4Q	fig4_q20_PE_itsxpress_unite_4Q	QIAamp	4	mock_only	UNITE	No_BLAST	ITSxpress	PE	Cutaneotrichosporon_mucoides	0.24111383445035442
fig4_q20_PE_itsxpress_unite	4Q	fig4_q20_PE_itsxpress_unite_4Q	QIAamp	4	mock_only	UNITE	No_BLAST	ITSxpress	PE	Fusarium_keratoplasticum	0
fig4_q20_PE_itsxpress_unite	4Q	fig4_q20_PE_itsxpress_unite_4Q	QIAamp	4	mock_only	UNITE	No_BLAST	ITSxpress	PE	NA	0
fig4_q20_PE_itsxpress_unite	4Q	fig4_q20_PE_itsxpress_unite_4Q	QIAamp	4	mock_only	UNITE	No_BLAST	ITSxpress	PE	Malassezia_globosa	0
fig4_q20_PE_itsxpress_unite	4Q	fig4_q20_PE_itsxpress_unite_4Q	QIAamp	4	mock_only	UNITE	No_BLAST	ITSxpress	PE	NA	0
fig4_q20_PE_itsxpress_unite	4Q	fig4_q20_PE_itsxpress_unite_4Q	QIAamp	4	mock_only	UNITE	No_BLAST	ITSxpress	PE	Nakaseomyces_glabratus	0.11126140327682121
fig4_q20_PE_itsxpress_unite	4Q	fig4_q20_PE_itsxpress_unite_4Q	QIAamp	4	mock_only	UNITE	No_BLAST	ITSxpress	PE	Other	0.13635115482014096
fig4_q20_PE_itsxpress_unite	4Q	fig4_q20_PE_itsxpress_unite_4Q	QIAamp	4	mock_only	UNITE	No_BLAST	ITSxpress	PE	NA	0
fig4_q20_PE_itsxpress_unite	4Q	fig4_q20_PE_itsxpress_unite_4Q	QIAamp	4	mock_only	UNITE	No_BLAST	ITSxpress	PE	NA	0
fig4_q20_PE_itsxpress_unite	4Q	fig4_q20_PE_itsxpress_unite_4Q	QIAamp	4	mock_only	UNITE	No_BLAST	ITSxpress	PE	NA	0
fig4_q20_PE_itsxpress_unite	4Q	fig4_q20_PE_itsxpress_unite_4Q	QIAamp	4	mock_only	UNITE	No_BLAST	ITSxpress	PE	Penicillium_flavigenum	0
fig4_q20_PE_itsxpress_unite	4Q	fig4_q20_PE_itsxpress_unite_4Q	QIAamp	4	mock_only	UNITE	No_BLAST	ITSxpress	PE	NA	0
fig4_q20_PE_itsxpress_unite	4Q	fig4_q20_PE_itsxpress_unite_4Q	QIAamp	4	mock_only	UNITE	No_BLAST	ITSxpress	PE	NA	0
fig4_q20_PE_itsxpress_unite	4Q	fig4_q20_PE_itsxpress_unite_4Q	QIAamp	4	mock_only	UNITE	No_BLAST	ITSxpress	PE	NA	0
fig4_q20_PE_itsxpress_unite	4Q	fig4_q20_PE_itsxpress_unite_4Q	QIAamp	4	mock_only	UNITE	No_BLAST	ITSxpress	PE	Saccharomyces_cerevisiae	0.04200270525898278
fig4_q20_PE_itsxpress_unite	4Q	fig4_q20_PE_itsxpress_unite_4Q	QIAamp	4	mock_only	UNITE	No_BLAST	ITSxpress	PE	Saccharomyces_kudriavzevii	0
fig4_q20_PE_itsxpress_unite	4Q	fig4_q20_PE_itsxpress_unite_4Q	QIAamp	4	mock_only	UNITE	No_BLAST	ITSxpress	PE	NA	0
fig4_q20_PE_itsxpress_unite	4Q	fig4_q20_PE_itsxpress_unite_4Q	QIAamp	4	mock_only	UNITE	No_BLAST	ITSxpress	PE	Trichophyton_mentagrophytes	0.006264810275916076
fig4_q20_PE_itsxpress_unite	4Q	fig4_q20_PE_itsxpress_unite_4Q	QIAamp	4	mock_only	UNITE+BLAST	BLAST	ITSxpress	PE	Aspergillus_fumigatus	0.03540228014685692
fig4_q20_PE_itsxpress_unite	4Q	fig4_q20_PE_itsxpress_unite_4Q	QIAamp	4	mock_only	UNITE+BLAST	BLAST	ITSxpress	PE	NA	0
fig4_q20_PE_itsxpress_unite	4Q	fig4_q20_PE_itsxpress_unite_4Q	QIAamp	4	mock_only	UNITE+BLAST	BLAST	ITSxpress	PE	NA	0
fig4_q20_PE_itsxpress_unite	4Q	fig4_q20_PE_itsxpress_unite_4Q	QIAamp	4	mock_only	UNITE+BLAST	BLAST	ITSxpress	PE	Candida_albicans	0.28055366277828064
fig4_q20_PE_itsxpress_unite	4Q	fig4_q20_PE_itsxpress_unite_4Q	QIAamp	4	mock_only	UNITE+BLAST	BLAST	ITSxpress	PE	NA	0
fig4_q20_PE_itsxpress_unite	4Q	fig4_q20_PE_itsxpress_unite_4Q	QIAamp	4	mock_only	UNITE+BLAST	BLAST	ITSxpress	PE	Cryptococcus_neoformans	0.14705014899264698
fig4_q20_PE_itsxpress_unite	4Q	fig4_q20_PE_itsxpress_unite_4Q	QIAamp	4	mock_only	UNITE+BLAST	BLAST	ITSxpress	PE	NA	0
fig4_q20_PE_itsxpress_unite	4Q	fig4_q20_PE_itsxpress_unite_4Q	QIAamp	4	mock_only	UNITE+BLAST	BLAST	ITSxpress	PE	NA	0
fig4_q20_PE_itsxpress_unite	4Q	fig4_q20_PE_itsxpress_unite_4Q	QIAamp	4	mock_only	UNITE+BLAST	BLAST	ITSxpress	PE	Cutaneotrichosporon_mucoides	0.24111383445035442
fig4_q20_PE_itsxpress_unite	4Q	fig4_q20_PE_itsxpress_unite_4Q	QIAamp	4	mock_only	UNITE+BLAST	BLAST	ITSxpress	PE	Fusarium_keratoplasticum	0.0022069218017431633
fig4_q20_PE_itsxpress_unite	4Q	fig4_q20_PE_itsxpress_unite_4Q	QIAamp	4	mock_only	UNITE+BLAST	BLAST	ITSxpress	PE	NA	0
fig4_q20_PE_itsxpress_unite	4Q	fig4_q20_PE_itsxpress_unite_4Q	QIAamp	4	mock_only	UNITE+BLAST	BLAST	ITSxpress	PE	Malassezia_globosa	0
fig4_q20_PE_itsxpress_unite	4Q	fig4_q20_PE_itsxpress_unite_4Q	QIAamp	4	mock_only	UNITE+BLAST	BLAST	ITSxpress	PE	NA	0
fig4_q20_PE_itsxpress_unite	4Q	fig4_q20_PE_itsxpress_unite_4Q	QIAamp	4	mock_only	UNITE+BLAST	BLAST	ITSxpress	PE	Nakaseomyces_glabratus	0.11126140327682121
fig4_q20_PE_itsxpress_unite	4Q	fig4_q20_PE_itsxpress_unite_4Q	QIAamp	4	mock_only	UNITE+BLAST	BLAST	ITSxpress	PE	Other	0.13414423301839778
fig4_q20_PE_itsxpress_unite	4Q	fig4_q20_PE_itsxpress_unite_4Q	QIAamp	4	mock_only	UNITE+BLAST	BLAST	ITSxpress	PE	NA	0
fig4_q20_PE_itsxpress_unite	4Q	fig4_q20_PE_itsxpress_unite_4Q	QIAamp	4	mock_only	UNITE+BLAST	BLAST	ITSxpress	PE	NA	0
fig4_q20_PE_itsxpress_unite	4Q	fig4_q20_PE_itsxpress_unite_4Q	QIAamp	4	mock_only	UNITE+BLAST	BLAST	ITSxpress	PE	NA	0
fig4_q20_PE_itsxpress_unite	4Q	fig4_q20_PE_itsxpress_unite_4Q	QIAamp	4	mock_only	UNITE+BLAST	BLAST	ITSxpress	PE	Penicillium_flavigenum	0
fig4_q20_PE_itsxpress_unite	4Q	fig4_q20_PE_itsxpress_unite_4Q	QIAamp	4	mock_only	UNITE+BLAST	BLAST	ITSxpress	PE	NA	0
fig4_q20_PE_itsxpress_unite	4Q	fig4_q20_PE_itsxpress_unite_4Q	QIAamp	4	mock_only	UNITE+BLAST	BLAST	ITSxpress	PE	NA	0
fig4_q20_PE_itsxpress_unite	4Q	fig4_q20_PE_itsxpress_unite_4Q	QIAamp	4	mock_only	UNITE+BLAST	BLAST	ITSxpress	PE	NA	0
fig4_q20_PE_itsxpress_unite	4Q	fig4_q20_PE_itsxpress_unite_4Q	QIAamp	4	mock_only	UNITE+BLAST	BLAST	ITSxpress	PE	Saccharomyces_cerevisiae	0.04200270525898278
fig4_q20_PE_itsxpress_unite	4Q	fig4_q20_PE_itsxpress_unite_4Q	QIAamp	4	mock_only	UNITE+BLAST	BLAST	ITSxpress	PE	Saccharomyces_kudriavzevii	0
fig4_q20_PE_itsxpress_unite	4Q	fig4_q20_PE_itsxpress_unite_4Q	QIAamp	4	mock_only	UNITE+BLAST	BLAST	ITSxpress	PE	NA	0
fig4_q20_PE_itsxpress_unite	4Q	fig4_q20_PE_itsxpress_unite_4Q	QIAamp	4	mock_only	UNITE+BLAST	BLAST	ITSxpress	PE	Trichophyton_mentagrophytes	0.006264810275916076
fig4_q20_PE_itsxpress_unite	4Z	fig4_q20_PE_itsxpress_unite_4Z	Zymo	4	mock_only	UNITE	No_BLAST	ITSxpress	PE	Aspergillus_fumigatus	0.026466986907789394
fig4_q20_PE_itsxpress_unite	4Z	fig4_q20_PE_itsxpress_unite_4Z	Zymo	4	mock_only	UNITE	No_BLAST	ITSxpress	PE	NA	0
fig4_q20_PE_itsxpress_unite	4Z	fig4_q20_PE_itsxpress_unite_4Z	Zymo	4	mock_only	UNITE	No_BLAST	ITSxpress	PE	NA	0
fig4_q20_PE_itsxpress_unite	4Z	fig4_q20_PE_itsxpress_unite_4Z	Zymo	4	mock_only	UNITE	No_BLAST	ITSxpress	PE	Candida_albicans	0.31331398186441983
fig4_q20_PE_itsxpress_unite	4Z	fig4_q20_PE_itsxpress_unite_4Z	Zymo	4	mock_only	UNITE	No_BLAST	ITSxpress	PE	NA	0
fig4_q20_PE_itsxpress_unite	4Z	fig4_q20_PE_itsxpress_unite_4Z	Zymo	4	mock_only	UNITE	No_BLAST	ITSxpress	PE	Cryptococcus_neoformans	0.14840692885338266
fig4_q20_PE_itsxpress_unite	4Z	fig4_q20_PE_itsxpress_unite_4Z	Zymo	4	mock_only	UNITE	No_BLAST	ITSxpress	PE	NA	0
fig4_q20_PE_itsxpress_unite	4Z	fig4_q20_PE_itsxpress_unite_4Z	Zymo	4	mock_only	UNITE	No_BLAST	ITSxpress	PE	NA	0
fig4_q20_PE_itsxpress_unite	4Z	fig4_q20_PE_itsxpress_unite_4Z	Zymo	4	mock_only	UNITE	No_BLAST	ITSxpress	PE	Cutaneotrichosporon_mucoides	0.22836445837293534
fig4_q20_PE_itsxpress_unite	4Z	fig4_q20_PE_itsxpress_unite_4Z	Zymo	4	mock_only	UNITE	No_BLAST	ITSxpress	PE	Fusarium_keratoplasticum	0
fig4_q20_PE_itsxpress_unite	4Z	fig4_q20_PE_itsxpress_unite_4Z	Zymo	4	mock_only	UNITE	No_BLAST	ITSxpress	PE	NA	0
fig4_q20_PE_itsxpress_unite	4Z	fig4_q20_PE_itsxpress_unite_4Z	Zymo	4	mock_only	UNITE	No_BLAST	ITSxpress	PE	Malassezia_globosa	3.4250387457508114e-5
fig4_q20_PE_itsxpress_unite	4Z	fig4_q20_PE_itsxpress_unite_4Z	Zymo	4	mock_only	UNITE	No_BLAST	ITSxpress	PE	NA	0
fig4_q20_PE_itsxpress_unite	4Z	fig4_q20_PE_itsxpress_unite_4Z	Zymo	4	mock_only	UNITE	No_BLAST	ITSxpress	PE	Nakaseomyces_glabratus	0.09543014205348198
fig4_q20_PE_itsxpress_unite	4Z	fig4_q20_PE_itsxpress_unite_4Z	Zymo	4	mock_only	UNITE	No_BLAST	ITSxpress	PE	Other	0.12879001943709487
fig4_q20_PE_itsxpress_unite	4Z	fig4_q20_PE_itsxpress_unite_4Z	Zymo	4	mock_only	UNITE	No_BLAST	ITSxpress	PE	NA	0
fig4_q20_PE_itsxpress_unite	4Z	fig4_q20_PE_itsxpress_unite_4Z	Zymo	4	mock_only	UNITE	No_BLAST	ITSxpress	PE	NA	0
fig4_q20_PE_itsxpress_unite	4Z	fig4_q20_PE_itsxpress_unite_4Z	Zymo	4	mock_only	UNITE	No_BLAST	ITSxpress	PE	NA	0
fig4_q20_PE_itsxpress_unite	4Z	fig4_q20_PE_itsxpress_unite_4Z	Zymo	4	mock_only	UNITE	No_BLAST	ITSxpress	PE	Penicillium_flavigenum	0
fig4_q20_PE_itsxpress_unite	4Z	fig4_q20_PE_itsxpress_unite_4Z	Zymo	4	mock_only	UNITE	No_BLAST	ITSxpress	PE	NA	0
fig4_q20_PE_itsxpress_unite	4Z	fig4_q20_PE_itsxpress_unite_4Z	Zymo	4	mock_only	UNITE	No_BLAST	ITSxpress	PE	NA	0
fig4_q20_PE_itsxpress_unite	4Z	fig4_q20_PE_itsxpress_unite_4Z	Zymo	4	mock_only	UNITE	No_BLAST	ITSxpress	PE	NA	0
fig4_q20_PE_itsxpress_unite	4Z	fig4_q20_PE_itsxpress_unite_4Z	Zymo	4	mock_only	UNITE	No_BLAST	ITSxpress	PE	Saccharomyces_cerevisiae	0.056085009461669534
fig4_q20_PE_itsxpress_unite	4Z	fig4_q20_PE_itsxpress_unite_4Z	Zymo	4	mock_only	UNITE	No_BLAST	ITSxpress	PE	Saccharomyces_kudriavzevii	0
fig4_q20_PE_itsxpress_unite	4Z	fig4_q20_PE_itsxpress_unite_4Z	Zymo	4	mock_only	UNITE	No_BLAST	ITSxpress	PE	NA	0
fig4_q20_PE_itsxpress_unite	4Z	fig4_q20_PE_itsxpress_unite_4Z	Zymo	4	mock_only	UNITE	No_BLAST	ITSxpress	PE	Trichophyton_mentagrophytes	0.0031082226617688614
fig4_q20_PE_itsxpress_unite	4Z	fig4_q20_PE_itsxpress_unite_4Z	Zymo	4	mock_only	UNITE+BLAST	BLAST	ITSxpress	PE	Aspergillus_fumigatus	0.026466986907789394
fig4_q20_PE_itsxpress_unite	4Z	fig4_q20_PE_itsxpress_unite_4Z	Zymo	4	mock_only	UNITE+BLAST	BLAST	ITSxpress	PE	NA	0
fig4_q20_PE_itsxpress_unite	4Z	fig4_q20_PE_itsxpress_unite_4Z	Zymo	4	mock_only	UNITE+BLAST	BLAST	ITSxpress	PE	NA	0
fig4_q20_PE_itsxpress_unite	4Z	fig4_q20_PE_itsxpress_unite_4Z	Zymo	4	mock_only	UNITE+BLAST	BLAST	ITSxpress	PE	Candida_albicans	0.31331398186441983
fig4_q20_PE_itsxpress_unite	4Z	fig4_q20_PE_itsxpress_unite_4Z	Zymo	4	mock_only	UNITE+BLAST	BLAST	ITSxpress	PE	NA	0
fig4_q20_PE_itsxpress_unite	4Z	fig4_q20_PE_itsxpress_unite_4Z	Zymo	4	mock_only	UNITE+BLAST	BLAST	ITSxpress	PE	Cryptococcus_neoformans	0.14840692885338266
fig4_q20_PE_itsxpress_unite	4Z	fig4_q20_PE_itsxpress_unite_4Z	Zymo	4	mock_only	UNITE+BLAST	BLAST	ITSxpress	PE	NA	0
fig4_q20_PE_itsxpress_unite	4Z	fig4_q20_PE_itsxpress_unite_4Z	Zymo	4	mock_only	UNITE+BLAST	BLAST	ITSxpress	PE	NA	0
fig4_q20_PE_itsxpress_unite	4Z	fig4_q20_PE_itsxpress_unite_4Z	Zymo	4	mock_only	UNITE+BLAST	BLAST	ITSxpress	PE	Cutaneotrichosporon_mucoides	0.22836445837293534
fig4_q20_PE_itsxpress_unite	4Z	fig4_q20_PE_itsxpress_unite_4Z	Zymo	4	mock_only	UNITE+BLAST	BLAST	ITSxpress	PE	Fusarium_keratoplasticum	0.0020378980537217326
fig4_q20_PE_itsxpress_unite	4Z	fig4_q20_PE_itsxpress_unite_4Z	Zymo	4	mock_only	UNITE+BLAST	BLAST	ITSxpress	PE	NA	0
fig4_q20_PE_itsxpress_unite	4Z	fig4_q20_PE_itsxpress_unite_4Z	Zymo	4	mock_only	UNITE+BLAST	BLAST	ITSxpress	PE	Malassezia_globosa	3.4250387457508114e-5
fig4_q20_PE_itsxpress_unite	4Z	fig4_q20_PE_itsxpress_unite_4Z	Zymo	4	mock_only	UNITE+BLAST	BLAST	ITSxpress	PE	NA	0
fig4_q20_PE_itsxpress_unite	4Z	fig4_q20_PE_itsxpress_unite_4Z	Zymo	4	mock_only	UNITE+BLAST	BLAST	ITSxpress	PE	Nakaseomyces_glabratus	0.09543014205348198
fig4_q20_PE_itsxpress_unite	4Z	fig4_q20_PE_itsxpress_unite_4Z	Zymo	4	mock_only	UNITE+BLAST	BLAST	ITSxpress	PE	Other	0.12675212138337313
fig4_q20_PE_itsxpress_unite	4Z	fig4_q20_PE_itsxpress_unite_4Z	Zymo	4	mock_only	UNITE+BLAST	BLAST	ITSxpress	PE	NA	0
fig4_q20_PE_itsxpress_unite	4Z	fig4_q20_PE_itsxpress_unite_4Z	Zymo	4	mock_only	UNITE+BLAST	BLAST	ITSxpress	PE	NA	0
fig4_q20_PE_itsxpress_unite	4Z	fig4_q20_PE_itsxpress_unite_4Z	Zymo	4	mock_only	UNITE+BLAST	BLAST	ITSxpress	PE	NA	0
fig4_q20_PE_itsxpress_unite	4Z	fig4_q20_PE_itsxpress_unite_4Z	Zymo	4	mock_only	UNITE+BLAST	BLAST	ITSxpress	PE	Penicillium_flavigenum	0
fig4_q20_PE_itsxpress_unite	4Z	fig4_q20_PE_itsxpress_unite_4Z	Zymo	4	mock_only	UNITE+BLAST	BLAST	ITSxpress	PE	NA	0
fig4_q20_PE_itsxpress_unite	4Z	fig4_q20_PE_itsxpress_unite_4Z	Zymo	4	mock_only	UNITE+BLAST	BLAST	ITSxpress	PE	NA	0
fig4_q20_PE_itsxpress_unite	4Z	fig4_q20_PE_itsxpress_unite_4Z	Zymo	4	mock_only	UNITE+BLAST	BLAST	ITSxpress	PE	NA	0
fig4_q20_PE_itsxpress_unite	4Z	fig4_q20_PE_itsxpress_unite_4Z	Zymo	4	mock_only	UNITE+BLAST	BLAST	ITSxpress	PE	Saccharomyces_cerevisiae	0.056085009461669534
fig4_q20_PE_itsxpress_unite	4Z	fig4_q20_PE_itsxpress_unite_4Z	Zymo	4	mock_only	UNITE+BLAST	BLAST	ITSxpress	PE	Saccharomyces_kudriavzevii	0
fig4_q20_PE_itsxpress_unite	4Z	fig4_q20_PE_itsxpress_unite_4Z	Zymo	4	mock_only	UNITE+BLAST	BLAST	ITSxpress	PE	NA	0
fig4_q20_PE_itsxpress_unite	4Z	fig4_q20_PE_itsxpress_unite_4Z	Zymo	4	mock_only	UNITE+BLAST	BLAST	ITSxpress	PE	Trichophyton_mentagrophytes	0.0031082226617688614
fig4_q20_SE_cutadapt_unite	1D	fig4_q20_SE_cutadapt_unite_1D	DNeasy	1	mock_only	UNITE	No_BLAST	Cutadapt	SE	Aspergillus_fumigatus	0.03491412576457443
fig4_q20_SE_cutadapt_unite	1D	fig4_q20_SE_cutadapt_unite_1D	DNeasy	1	mock_only	UNITE	No_BLAST	Cutadapt	SE	NA	0
fig4_q20_SE_cutadapt_unite	1D	fig4_q20_SE_cutadapt_unite_1D	DNeasy	1	mock_only	UNITE	No_BLAST	Cutadapt	SE	NA	0
fig4_q20_SE_cutadapt_unite	1D	fig4_q20_SE_cutadapt_unite_1D	DNeasy	1	mock_only	UNITE	No_BLAST	Cutadapt	SE	Candida_albicans	0.288677962977895
fig4_q20_SE_cutadapt_unite	1D	fig4_q20_SE_cutadapt_unite_1D	DNeasy	1	mock_only	UNITE	No_BLAST	Cutadapt	SE	NA	0
fig4_q20_SE_cutadapt_unite	1D	fig4_q20_SE_cutadapt_unite_1D	DNeasy	1	mock_only	UNITE	No_BLAST	Cutadapt	SE	Cryptococcus_neoformans	0.14199486252059024
fig4_q20_SE_cutadapt_unite	1D	fig4_q20_SE_cutadapt_unite_1D	DNeasy	1	mock_only	UNITE	No_BLAST	Cutadapt	SE	NA	0
fig4_q20_SE_cutadapt_unite	1D	fig4_q20_SE_cutadapt_unite_1D	DNeasy	1	mock_only	UNITE	No_BLAST	Cutadapt	SE	NA	0
fig4_q20_SE_cutadapt_unite	1D	fig4_q20_SE_cutadapt_unite_1D	DNeasy	1	mock_only	UNITE	No_BLAST	Cutadapt	SE	Cutaneotrichosporon_mucoides	0.22987340605669657
fig4_q20_SE_cutadapt_unite	1D	fig4_q20_SE_cutadapt_unite_1D	DNeasy	1	mock_only	UNITE	No_BLAST	Cutadapt	SE	Fusarium_keratoplasticum	0
fig4_q20_SE_cutadapt_unite	1D	fig4_q20_SE_cutadapt_unite_1D	DNeasy	1	mock_only	UNITE	No_BLAST	Cutadapt	SE	NA	0
fig4_q20_SE_cutadapt_unite	1D	fig4_q20_SE_cutadapt_unite_1D	DNeasy	1	mock_only	UNITE	No_BLAST	Cutadapt	SE	Malassezia_globosa	0
fig4_q20_SE_cutadapt_unite	1D	fig4_q20_SE_cutadapt_unite_1D	DNeasy	1	mock_only	UNITE	No_BLAST	Cutadapt	SE	NA	0
fig4_q20_SE_cutadapt_unite	1D	fig4_q20_SE_cutadapt_unite_1D	DNeasy	1	mock_only	UNITE	No_BLAST	Cutadapt	SE	Nakaseomyces_glabratus	0.10569845530047343
fig4_q20_SE_cutadapt_unite	1D	fig4_q20_SE_cutadapt_unite_1D	DNeasy	1	mock_only	UNITE	No_BLAST	Cutadapt	SE	Other	0.13389699699353783
fig4_q20_SE_cutadapt_unite	1D	fig4_q20_SE_cutadapt_unite_1D	DNeasy	1	mock_only	UNITE	No_BLAST	Cutadapt	SE	NA	0
fig4_q20_SE_cutadapt_unite	1D	fig4_q20_SE_cutadapt_unite_1D	DNeasy	1	mock_only	UNITE	No_BLAST	Cutadapt	SE	NA	0
fig4_q20_SE_cutadapt_unite	1D	fig4_q20_SE_cutadapt_unite_1D	DNeasy	1	mock_only	UNITE	No_BLAST	Cutadapt	SE	NA	0
fig4_q20_SE_cutadapt_unite	1D	fig4_q20_SE_cutadapt_unite_1D	DNeasy	1	mock_only	UNITE	No_BLAST	Cutadapt	SE	Penicillium_flavigenum	0
fig4_q20_SE_cutadapt_unite	1D	fig4_q20_SE_cutadapt_unite_1D	DNeasy	1	mock_only	UNITE	No_BLAST	Cutadapt	SE	NA	0
fig4_q20_SE_cutadapt_unite	1D	fig4_q20_SE_cutadapt_unite_1D	DNeasy	1	mock_only	UNITE	No_BLAST	Cutadapt	SE	NA	0
fig4_q20_SE_cutadapt_unite	1D	fig4_q20_SE_cutadapt_unite_1D	DNeasy	1	mock_only	UNITE	No_BLAST	Cutadapt	SE	NA	0
fig4_q20_SE_cutadapt_unite	1D	fig4_q20_SE_cutadapt_unite_1D	DNeasy	1	mock_only	UNITE	No_BLAST	Cutadapt	SE	Saccharomyces_cerevisiae	0.060336585534424565
fig4_q20_SE_cutadapt_unite	1D	fig4_q20_SE_cutadapt_unite_1D	DNeasy	1	mock_only	UNITE	No_BLAST	Cutadapt	SE	Saccharomyces_kudriavzevii	0
fig4_q20_SE_cutadapt_unite	1D	fig4_q20_SE_cutadapt_unite_1D	DNeasy	1	mock_only	UNITE	No_BLAST	Cutadapt	SE	NA	0
fig4_q20_SE_cutadapt_unite	1D	fig4_q20_SE_cutadapt_unite_1D	DNeasy	1	mock_only	UNITE	No_BLAST	Cutadapt	SE	Trichophyton_mentagrophytes	0.004607604851807909
fig4_q20_SE_cutadapt_unite	1D	fig4_q20_SE_cutadapt_unite_1D	DNeasy	1	mock_only	UNITE+BLAST	BLAST	Cutadapt	SE	Aspergillus_fumigatus	0.03491412576457443
fig4_q20_SE_cutadapt_unite	1D	fig4_q20_SE_cutadapt_unite_1D	DNeasy	1	mock_only	UNITE+BLAST	BLAST	Cutadapt	SE	NA	0
fig4_q20_SE_cutadapt_unite	1D	fig4_q20_SE_cutadapt_unite_1D	DNeasy	1	mock_only	UNITE+BLAST	BLAST	Cutadapt	SE	NA	0
fig4_q20_SE_cutadapt_unite	1D	fig4_q20_SE_cutadapt_unite_1D	DNeasy	1	mock_only	UNITE+BLAST	BLAST	Cutadapt	SE	Candida_albicans	0.288677962977895
fig4_q20_SE_cutadapt_unite	1D	fig4_q20_SE_cutadapt_unite_1D	DNeasy	1	mock_only	UNITE+BLAST	BLAST	Cutadapt	SE	NA	0
fig4_q20_SE_cutadapt_unite	1D	fig4_q20_SE_cutadapt_unite_1D	DNeasy	1	mock_only	UNITE+BLAST	BLAST	Cutadapt	SE	Cryptococcus_neoformans	0.14199486252059024
fig4_q20_SE_cutadapt_unite	1D	fig4_q20_SE_cutadapt_unite_1D	DNeasy	1	mock_only	UNITE+BLAST	BLAST	Cutadapt	SE	NA	0
fig4_q20_SE_cutadapt_unite	1D	fig4_q20_SE_cutadapt_unite_1D	DNeasy	1	mock_only	UNITE+BLAST	BLAST	Cutadapt	SE	NA	0
fig4_q20_SE_cutadapt_unite	1D	fig4_q20_SE_cutadapt_unite_1D	DNeasy	1	mock_only	UNITE+BLAST	BLAST	Cutadapt	SE	Cutaneotrichosporon_mucoides	0.22987340605669657
fig4_q20_SE_cutadapt_unite	1D	fig4_q20_SE_cutadapt_unite_1D	DNeasy	1	mock_only	UNITE+BLAST	BLAST	Cutadapt	SE	Fusarium_keratoplasticum	0.0019351940377593218
fig4_q20_SE_cutadapt_unite	1D	fig4_q20_SE_cutadapt_unite_1D	DNeasy	1	mock_only	UNITE+BLAST	BLAST	Cutadapt	SE	NA	0
fig4_q20_SE_cutadapt_unite	1D	fig4_q20_SE_cutadapt_unite_1D	DNeasy	1	mock_only	UNITE+BLAST	BLAST	Cutadapt	SE	Malassezia_globosa	0
fig4_q20_SE_cutadapt_unite	1D	fig4_q20_SE_cutadapt_unite_1D	DNeasy	1	mock_only	UNITE+BLAST	BLAST	Cutadapt	SE	NA	0
fig4_q20_SE_cutadapt_unite	1D	fig4_q20_SE_cutadapt_unite_1D	DNeasy	1	mock_only	UNITE+BLAST	BLAST	Cutadapt	SE	Nakaseomyces_glabratus	0.10569845530047343
fig4_q20_SE_cutadapt_unite	1D	fig4_q20_SE_cutadapt_unite_1D	DNeasy	1	mock_only	UNITE+BLAST	BLAST	Cutadapt	SE	Other	0.1319618029557785
fig4_q20_SE_cutadapt_unite	1D	fig4_q20_SE_cutadapt_unite_1D	DNeasy	1	mock_only	UNITE+BLAST	BLAST	Cutadapt	SE	NA	0
fig4_q20_SE_cutadapt_unite	1D	fig4_q20_SE_cutadapt_unite_1D	DNeasy	1	mock_only	UNITE+BLAST	BLAST	Cutadapt	SE	NA	0
fig4_q20_SE_cutadapt_unite	1D	fig4_q20_SE_cutadapt_unite_1D	DNeasy	1	mock_only	UNITE+BLAST	BLAST	Cutadapt	SE	NA	0
fig4_q20_SE_cutadapt_unite	1D	fig4_q20_SE_cutadapt_unite_1D	DNeasy	1	mock_only	UNITE+BLAST	BLAST	Cutadapt	SE	Penicillium_flavigenum	0
fig4_q20_SE_cutadapt_unite	1D	fig4_q20_SE_cutadapt_unite_1D	DNeasy	1	mock_only	UNITE+BLAST	BLAST	Cutadapt	SE	NA	0
fig4_q20_SE_cutadapt_unite	1D	fig4_q20_SE_cutadapt_unite_1D	DNeasy	1	mock_only	UNITE+BLAST	BLAST	Cutadapt	SE	NA	0
fig4_q20_SE_cutadapt_unite	1D	fig4_q20_SE_cutadapt_unite_1D	DNeasy	1	mock_only	UNITE+BLAST	BLAST	Cutadapt	SE	NA	0
fig4_q20_SE_cutadapt_unite	1D	fig4_q20_SE_cutadapt_unite_1D	DNeasy	1	mock_only	UNITE+BLAST	BLAST	Cutadapt	SE	Saccharomyces_cerevisiae	0.060336585534424565
fig4_q20_SE_cutadapt_unite	1D	fig4_q20_SE_cutadapt_unite_1D	DNeasy	1	mock_only	UNITE+BLAST	BLAST	Cutadapt	SE	Saccharomyces_kudriavzevii	0
fig4_q20_SE_cutadapt_unite	1D	fig4_q20_SE_cutadapt_unite_1D	DNeasy	1	mock_only	UNITE+BLAST	BLAST	Cutadapt	SE	NA	0
fig4_q20_SE_cutadapt_unite	1D	fig4_q20_SE_cutadapt_unite_1D	DNeasy	1	mock_only	UNITE+BLAST	BLAST	Cutadapt	SE	Trichophyton_mentagrophytes	0.004607604851807909
fig4_q20_SE_cutadapt_unite	1Q	fig4_q20_SE_cutadapt_unite_1Q	QIAamp	1	mock_only	UNITE	No_BLAST	Cutadapt	SE	Aspergillus_fumigatus	0.03136255950568507
fig4_q20_SE_cutadapt_unite	1Q	fig4_q20_SE_cutadapt_unite_1Q	QIAamp	1	mock_only	UNITE	No_BLAST	Cutadapt	SE	NA	0
fig4_q20_SE_cutadapt_unite	1Q	fig4_q20_SE_cutadapt_unite_1Q	QIAamp	1	mock_only	UNITE	No_BLAST	Cutadapt	SE	NA	0
fig4_q20_SE_cutadapt_unite	1Q	fig4_q20_SE_cutadapt_unite_1Q	QIAamp	1	mock_only	UNITE	No_BLAST	Cutadapt	SE	Candida_albicans	0.2889321282426421
fig4_q20_SE_cutadapt_unite	1Q	fig4_q20_SE_cutadapt_unite_1Q	QIAamp	1	mock_only	UNITE	No_BLAST	Cutadapt	SE	NA	0
fig4_q20_SE_cutadapt_unite	1Q	fig4_q20_SE_cutadapt_unite_1Q	QIAamp	1	mock_only	UNITE	No_BLAST	Cutadapt	SE	Cryptococcus_neoformans	0.1645216151383948
fig4_q20_SE_cutadapt_unite	1Q	fig4_q20_SE_cutadapt_unite_1Q	QIAamp	1	mock_only	UNITE	No_BLAST	Cutadapt	SE	NA	0
fig4_q20_SE_cutadapt_unite	1Q	fig4_q20_SE_cutadapt_unite_1Q	QIAamp	1	mock_only	UNITE	No_BLAST	Cutadapt	SE	NA	0
fig4_q20_SE_cutadapt_unite	1Q	fig4_q20_SE_cutadapt_unite_1Q	QIAamp	1	mock_only	UNITE	No_BLAST	Cutadapt	SE	Cutaneotrichosporon_mucoides	0.22277591700024507
fig4_q20_SE_cutadapt_unite	1Q	fig4_q20_SE_cutadapt_unite_1Q	QIAamp	1	mock_only	UNITE	No_BLAST	Cutadapt	SE	Fusarium_keratoplasticum	0
fig4_q20_SE_cutadapt_unite	1Q	fig4_q20_SE_cutadapt_unite_1Q	QIAamp	1	mock_only	UNITE	No_BLAST	Cutadapt	SE	NA	0
fig4_q20_SE_cutadapt_unite	1Q	fig4_q20_SE_cutadapt_unite_1Q	QIAamp	1	mock_only	UNITE	No_BLAST	Cutadapt	SE	Malassezia_globosa	0
fig4_q20_SE_cutadapt_unite	1Q	fig4_q20_SE_cutadapt_unite_1Q	QIAamp	1	mock_only	UNITE	No_BLAST	Cutadapt	SE	NA	0
fig4_q20_SE_cutadapt_unite	1Q	fig4_q20_SE_cutadapt_unite_1Q	QIAamp	1	mock_only	UNITE	No_BLAST	Cutadapt	SE	Nakaseomyces_glabratus	0.11584020913324075
fig4_q20_SE_cutadapt_unite	1Q	fig4_q20_SE_cutadapt_unite_1Q	QIAamp	1	mock_only	UNITE	No_BLAST	Cutadapt	SE	Other	0.12876250454879654
fig4_q20_SE_cutadapt_unite	1Q	fig4_q20_SE_cutadapt_unite_1Q	QIAamp	1	mock_only	UNITE	No_BLAST	Cutadapt	SE	NA	0
fig4_q20_SE_cutadapt_unite	1Q	fig4_q20_SE_cutadapt_unite_1Q	QIAamp	1	mock_only	UNITE	No_BLAST	Cutadapt	SE	NA	0
fig4_q20_SE_cutadapt_unite	1Q	fig4_q20_SE_cutadapt_unite_1Q	QIAamp	1	mock_only	UNITE	No_BLAST	Cutadapt	SE	NA	0
fig4_q20_SE_cutadapt_unite	1Q	fig4_q20_SE_cutadapt_unite_1Q	QIAamp	1	mock_only	UNITE	No_BLAST	Cutadapt	SE	Penicillium_flavigenum	0
fig4_q20_SE_cutadapt_unite	1Q	fig4_q20_SE_cutadapt_unite_1Q	QIAamp	1	mock_only	UNITE	No_BLAST	Cutadapt	SE	NA	0
fig4_q20_SE_cutadapt_unite	1Q	fig4_q20_SE_cutadapt_unite_1Q	QIAamp	1	mock_only	UNITE	No_BLAST	Cutadapt	SE	NA	0
fig4_q20_SE_cutadapt_unite	1Q	fig4_q20_SE_cutadapt_unite_1Q	QIAamp	1	mock_only	UNITE	No_BLAST	Cutadapt	SE	NA	0
fig4_q20_SE_cutadapt_unite	1Q	fig4_q20_SE_cutadapt_unite_1Q	QIAamp	1	mock_only	UNITE	No_BLAST	Cutadapt	SE	Saccharomyces_cerevisiae	0.04290350610095729
fig4_q20_SE_cutadapt_unite	1Q	fig4_q20_SE_cutadapt_unite_1Q	QIAamp	1	mock_only	UNITE	No_BLAST	Cutadapt	SE	Saccharomyces_kudriavzevii	0
fig4_q20_SE_cutadapt_unite	1Q	fig4_q20_SE_cutadapt_unite_1Q	QIAamp	1	mock_only	UNITE	No_BLAST	Cutadapt	SE	NA	0
fig4_q20_SE_cutadapt_unite	1Q	fig4_q20_SE_cutadapt_unite_1Q	QIAamp	1	mock_only	UNITE	No_BLAST	Cutadapt	SE	Trichophyton_mentagrophytes	0.004901560330038395
fig4_q20_SE_cutadapt_unite	1Q	fig4_q20_SE_cutadapt_unite_1Q	QIAamp	1	mock_only	UNITE+BLAST	BLAST	Cutadapt	SE	Aspergillus_fumigatus	0.03136255950568507
fig4_q20_SE_cutadapt_unite	1Q	fig4_q20_SE_cutadapt_unite_1Q	QIAamp	1	mock_only	UNITE+BLAST	BLAST	Cutadapt	SE	NA	0
fig4_q20_SE_cutadapt_unite	1Q	fig4_q20_SE_cutadapt_unite_1Q	QIAamp	1	mock_only	UNITE+BLAST	BLAST	Cutadapt	SE	NA	0
fig4_q20_SE_cutadapt_unite	1Q	fig4_q20_SE_cutadapt_unite_1Q	QIAamp	1	mock_only	UNITE+BLAST	BLAST	Cutadapt	SE	Candida_albicans	0.2889321282426421
fig4_q20_SE_cutadapt_unite	1Q	fig4_q20_SE_cutadapt_unite_1Q	QIAamp	1	mock_only	UNITE+BLAST	BLAST	Cutadapt	SE	NA	0
fig4_q20_SE_cutadapt_unite	1Q	fig4_q20_SE_cutadapt_unite_1Q	QIAamp	1	mock_only	UNITE+BLAST	BLAST	Cutadapt	SE	Cryptococcus_neoformans	0.1645216151383948
fig4_q20_SE_cutadapt_unite	1Q	fig4_q20_SE_cutadapt_unite_1Q	QIAamp	1	mock_only	UNITE+BLAST	BLAST	Cutadapt	SE	NA	0
fig4_q20_SE_cutadapt_unite	1Q	fig4_q20_SE_cutadapt_unite_1Q	QIAamp	1	mock_only	UNITE+BLAST	BLAST	Cutadapt	SE	NA	0
fig4_q20_SE_cutadapt_unite	1Q	fig4_q20_SE_cutadapt_unite_1Q	QIAamp	1	mock_only	UNITE+BLAST	BLAST	Cutadapt	SE	Cutaneotrichosporon_mucoides	0.22277591700024507
fig4_q20_SE_cutadapt_unite	1Q	fig4_q20_SE_cutadapt_unite_1Q	QIAamp	1	mock_only	UNITE+BLAST	BLAST	Cutadapt	SE	Fusarium_keratoplasticum	0.001670986476149453
fig4_q20_SE_cutadapt_unite	1Q	fig4_q20_SE_cutadapt_unite_1Q	QIAamp	1	mock_only	UNITE+BLAST	BLAST	Cutadapt	SE	NA	0
fig4_q20_SE_cutadapt_unite	1Q	fig4_q20_SE_cutadapt_unite_1Q	QIAamp	1	mock_only	UNITE+BLAST	BLAST	Cutadapt	SE	Malassezia_globosa	0
fig4_q20_SE_cutadapt_unite	1Q	fig4_q20_SE_cutadapt_unite_1Q	QIAamp	1	mock_only	UNITE+BLAST	BLAST	Cutadapt	SE	NA	0
fig4_q20_SE_cutadapt_unite	1Q	fig4_q20_SE_cutadapt_unite_1Q	QIAamp	1	mock_only	UNITE+BLAST	BLAST	Cutadapt	SE	Nakaseomyces_glabratus	0.11584020913324075
fig4_q20_SE_cutadapt_unite	1Q	fig4_q20_SE_cutadapt_unite_1Q	QIAamp	1	mock_only	UNITE+BLAST	BLAST	Cutadapt	SE	Other	0.12709151807264707
fig4_q20_SE_cutadapt_unite	1Q	fig4_q20_SE_cutadapt_unite_1Q	QIAamp	1	mock_only	UNITE+BLAST	BLAST	Cutadapt	SE	NA	0
fig4_q20_SE_cutadapt_unite	1Q	fig4_q20_SE_cutadapt_unite_1Q	QIAamp	1	mock_only	UNITE+BLAST	BLAST	Cutadapt	SE	NA	0
fig4_q20_SE_cutadapt_unite	1Q	fig4_q20_SE_cutadapt_unite_1Q	QIAamp	1	mock_only	UNITE+BLAST	BLAST	Cutadapt	SE	NA	0
fig4_q20_SE_cutadapt_unite	1Q	fig4_q20_SE_cutadapt_unite_1Q	QIAamp	1	mock_only	UNITE+BLAST	BLAST	Cutadapt	SE	Penicillium_flavigenum	0
fig4_q20_SE_cutadapt_unite	1Q	fig4_q20_SE_cutadapt_unite_1Q	QIAamp	1	mock_only	UNITE+BLAST	BLAST	Cutadapt	SE	NA	0
fig4_q20_SE_cutadapt_unite	1Q	fig4_q20_SE_cutadapt_unite_1Q	QIAamp	1	mock_only	UNITE+BLAST	BLAST	Cutadapt	SE	NA	0
fig4_q20_SE_cutadapt_unite	1Q	fig4_q20_SE_cutadapt_unite_1Q	QIAamp	1	mock_only	UNITE+BLAST	BLAST	Cutadapt	SE	NA	0
fig4_q20_SE_cutadapt_unite	1Q	fig4_q20_SE_cutadapt_unite_1Q	QIAamp	1	mock_only	UNITE+BLAST	BLAST	Cutadapt	SE	Saccharomyces_cerevisiae	0.04290350610095729
fig4_q20_SE_cutadapt_unite	1Q	fig4_q20_SE_cutadapt_unite_1Q	QIAamp	1	mock_only	UNITE+BLAST	BLAST	Cutadapt	SE	Saccharomyces_kudriavzevii	0
fig4_q20_SE_cutadapt_unite	1Q	fig4_q20_SE_cutadapt_unite_1Q	QIAamp	1	mock_only	UNITE+BLAST	BLAST	Cutadapt	SE	NA	0
fig4_q20_SE_cutadapt_unite	1Q	fig4_q20_SE_cutadapt_unite_1Q	QIAamp	1	mock_only	UNITE+BLAST	BLAST	Cutadapt	SE	Trichophyton_mentagrophytes	0.004901560330038395
fig4_q20_SE_cutadapt_unite	1Z	fig4_q20_SE_cutadapt_unite_1Z	Zymo	1	mock_only	UNITE	No_BLAST	Cutadapt	SE	Aspergillus_fumigatus	0.03170231984314071
fig4_q20_SE_cutadapt_unite	1Z	fig4_q20_SE_cutadapt_unite_1Z	Zymo	1	mock_only	UNITE	No_BLAST	Cutadapt	SE	NA	0
fig4_q20_SE_cutadapt_unite	1Z	fig4_q20_SE_cutadapt_unite_1Z	Zymo	1	mock_only	UNITE	No_BLAST	Cutadapt	SE	NA	0
fig4_q20_SE_cutadapt_unite	1Z	fig4_q20_SE_cutadapt_unite_1Z	Zymo	1	mock_only	UNITE	No_BLAST	Cutadapt	SE	Candida_albicans	0.2894296226124122
fig4_q20_SE_cutadapt_unite	1Z	fig4_q20_SE_cutadapt_unite_1Z	Zymo	1	mock_only	UNITE	No_BLAST	Cutadapt	SE	NA	0
fig4_q20_SE_cutadapt_unite	1Z	fig4_q20_SE_cutadapt_unite_1Z	Zymo	1	mock_only	UNITE	No_BLAST	Cutadapt	SE	Cryptococcus_neoformans	0.13904738824877177
fig4_q20_SE_cutadapt_unite	1Z	fig4_q20_SE_cutadapt_unite_1Z	Zymo	1	mock_only	UNITE	No_BLAST	Cutadapt	SE	NA	0
fig4_q20_SE_cutadapt_unite	1Z	fig4_q20_SE_cutadapt_unite_1Z	Zymo	1	mock_only	UNITE	No_BLAST	Cutadapt	SE	NA	0
fig4_q20_SE_cutadapt_unite	1Z	fig4_q20_SE_cutadapt_unite_1Z	Zymo	1	mock_only	UNITE	No_BLAST	Cutadapt	SE	Cutaneotrichosporon_mucoides	0.26335617192835586
fig4_q20_SE_cutadapt_unite	1Z	fig4_q20_SE_cutadapt_unite_1Z	Zymo	1	mock_only	UNITE	No_BLAST	Cutadapt	SE	Fusarium_keratoplasticum	0
fig4_q20_SE_cutadapt_unite	1Z	fig4_q20_SE_cutadapt_unite_1Z	Zymo	1	mock_only	UNITE	No_BLAST	Cutadapt	SE	NA	0
fig4_q20_SE_cutadapt_unite	1Z	fig4_q20_SE_cutadapt_unite_1Z	Zymo	1	mock_only	UNITE	No_BLAST	Cutadapt	SE	Malassezia_globosa	5.5076997642704504e-5
fig4_q20_SE_cutadapt_unite	1Z	fig4_q20_SE_cutadapt_unite_1Z	Zymo	1	mock_only	UNITE	No_BLAST	Cutadapt	SE	NA	0
fig4_q20_SE_cutadapt_unite	1Z	fig4_q20_SE_cutadapt_unite_1Z	Zymo	1	mock_only	UNITE	No_BLAST	Cutadapt	SE	Nakaseomyces_glabratus	0.09017206054063581
fig4_q20_SE_cutadapt_unite	1Z	fig4_q20_SE_cutadapt_unite_1Z	Zymo	1	mock_only	UNITE	No_BLAST	Cutadapt	SE	Other	0.13688836994117776
fig4_q20_SE_cutadapt_unite	1Z	fig4_q20_SE_cutadapt_unite_1Z	Zymo	1	mock_only	UNITE	No_BLAST	Cutadapt	SE	NA	0
fig4_q20_SE_cutadapt_unite	1Z	fig4_q20_SE_cutadapt_unite_1Z	Zymo	1	mock_only	UNITE	No_BLAST	Cutadapt	SE	NA	0
fig4_q20_SE_cutadapt_unite	1Z	fig4_q20_SE_cutadapt_unite_1Z	Zymo	1	mock_only	UNITE	No_BLAST	Cutadapt	SE	NA	0
fig4_q20_SE_cutadapt_unite	1Z	fig4_q20_SE_cutadapt_unite_1Z	Zymo	1	mock_only	UNITE	No_BLAST	Cutadapt	SE	Penicillium_flavigenum	0
fig4_q20_SE_cutadapt_unite	1Z	fig4_q20_SE_cutadapt_unite_1Z	Zymo	1	mock_only	UNITE	No_BLAST	Cutadapt	SE	NA	0
fig4_q20_SE_cutadapt_unite	1Z	fig4_q20_SE_cutadapt_unite_1Z	Zymo	1	mock_only	UNITE	No_BLAST	Cutadapt	SE	NA	0
fig4_q20_SE_cutadapt_unite	1Z	fig4_q20_SE_cutadapt_unite_1Z	Zymo	1	mock_only	UNITE	No_BLAST	Cutadapt	SE	NA	0
fig4_q20_SE_cutadapt_unite	1Z	fig4_q20_SE_cutadapt_unite_1Z	Zymo	1	mock_only	UNITE	No_BLAST	Cutadapt	SE	Saccharomyces_cerevisiae	0.04499790707408958
fig4_q20_SE_cutadapt_unite	1Z	fig4_q20_SE_cutadapt_unite_1Z	Zymo	1	mock_only	UNITE	No_BLAST	Cutadapt	SE	Saccharomyces_kudriavzevii	0
fig4_q20_SE_cutadapt_unite	1Z	fig4_q20_SE_cutadapt_unite_1Z	Zymo	1	mock_only	UNITE	No_BLAST	Cutadapt	SE	NA	0
fig4_q20_SE_cutadapt_unite	1Z	fig4_q20_SE_cutadapt_unite_1Z	Zymo	1	mock_only	UNITE	No_BLAST	Cutadapt	SE	Trichophyton_mentagrophytes	0.004351082813773655
fig4_q20_SE_cutadapt_unite	1Z	fig4_q20_SE_cutadapt_unite_1Z	Zymo	1	mock_only	UNITE+BLAST	BLAST	Cutadapt	SE	Aspergillus_fumigatus	0.03170231984314071
fig4_q20_SE_cutadapt_unite	1Z	fig4_q20_SE_cutadapt_unite_1Z	Zymo	1	mock_only	UNITE+BLAST	BLAST	Cutadapt	SE	NA	0
fig4_q20_SE_cutadapt_unite	1Z	fig4_q20_SE_cutadapt_unite_1Z	Zymo	1	mock_only	UNITE+BLAST	BLAST	Cutadapt	SE	NA	0
fig4_q20_SE_cutadapt_unite	1Z	fig4_q20_SE_cutadapt_unite_1Z	Zymo	1	mock_only	UNITE+BLAST	BLAST	Cutadapt	SE	Candida_albicans	0.2894296226124122
fig4_q20_SE_cutadapt_unite	1Z	fig4_q20_SE_cutadapt_unite_1Z	Zymo	1	mock_only	UNITE+BLAST	BLAST	Cutadapt	SE	NA	0
fig4_q20_SE_cutadapt_unite	1Z	fig4_q20_SE_cutadapt_unite_1Z	Zymo	1	mock_only	UNITE+BLAST	BLAST	Cutadapt	SE	Cryptococcus_neoformans	0.13904738824877177
fig4_q20_SE_cutadapt_unite	1Z	fig4_q20_SE_cutadapt_unite_1Z	Zymo	1	mock_only	UNITE+BLAST	BLAST	Cutadapt	SE	NA	0
fig4_q20_SE_cutadapt_unite	1Z	fig4_q20_SE_cutadapt_unite_1Z	Zymo	1	mock_only	UNITE+BLAST	BLAST	Cutadapt	SE	NA	0
fig4_q20_SE_cutadapt_unite	1Z	fig4_q20_SE_cutadapt_unite_1Z	Zymo	1	mock_only	UNITE+BLAST	BLAST	Cutadapt	SE	Cutaneotrichosporon_mucoides	0.26335617192835586
fig4_q20_SE_cutadapt_unite	1Z	fig4_q20_SE_cutadapt_unite_1Z	Zymo	1	mock_only	UNITE+BLAST	BLAST	Cutadapt	SE	Fusarium_keratoplasticum	0.0014650481372959396
fig4_q20_SE_cutadapt_unite	1Z	fig4_q20_SE_cutadapt_unite_1Z	Zymo	1	mock_only	UNITE+BLAST	BLAST	Cutadapt	SE	NA	0
fig4_q20_SE_cutadapt_unite	1Z	fig4_q20_SE_cutadapt_unite_1Z	Zymo	1	mock_only	UNITE+BLAST	BLAST	Cutadapt	SE	Malassezia_globosa	5.5076997642704504e-5
fig4_q20_SE_cutadapt_unite	1Z	fig4_q20_SE_cutadapt_unite_1Z	Zymo	1	mock_only	UNITE+BLAST	BLAST	Cutadapt	SE	NA	0
fig4_q20_SE_cutadapt_unite	1Z	fig4_q20_SE_cutadapt_unite_1Z	Zymo	1	mock_only	UNITE+BLAST	BLAST	Cutadapt	SE	Nakaseomyces_glabratus	0.09017206054063581
fig4_q20_SE_cutadapt_unite	1Z	fig4_q20_SE_cutadapt_unite_1Z	Zymo	1	mock_only	UNITE+BLAST	BLAST	Cutadapt	SE	Other	0.13540129100482473
fig4_q20_SE_cutadapt_unite	1Z	fig4_q20_SE_cutadapt_unite_1Z	Zymo	1	mock_only	UNITE+BLAST	BLAST	Cutadapt	SE	NA	0
fig4_q20_SE_cutadapt_unite	1Z	fig4_q20_SE_cutadapt_unite_1Z	Zymo	1	mock_only	UNITE+BLAST	BLAST	Cutadapt	SE	NA	0
fig4_q20_SE_cutadapt_unite	1Z	fig4_q20_SE_cutadapt_unite_1Z	Zymo	1	mock_only	UNITE+BLAST	BLAST	Cutadapt	SE	NA	0
fig4_q20_SE_cutadapt_unite	1Z	fig4_q20_SE_cutadapt_unite_1Z	Zymo	1	mock_only	UNITE+BLAST	BLAST	Cutadapt	SE	Penicillium_flavigenum	0
fig4_q20_SE_cutadapt_unite	1Z	fig4_q20_SE_cutadapt_unite_1Z	Zymo	1	mock_only	UNITE+BLAST	BLAST	Cutadapt	SE	NA	0
fig4_q20_SE_cutadapt_unite	1Z	fig4_q20_SE_cutadapt_unite_1Z	Zymo	1	mock_only	UNITE+BLAST	BLAST	Cutadapt	SE	NA	0
fig4_q20_SE_cutadapt_unite	1Z	fig4_q20_SE_cutadapt_unite_1Z	Zymo	1	mock_only	UNITE+BLAST	BLAST	Cutadapt	SE	NA	0
fig4_q20_SE_cutadapt_unite	1Z	fig4_q20_SE_cutadapt_unite_1Z	Zymo	1	mock_only	UNITE+BLAST	BLAST	Cutadapt	SE	Saccharomyces_cerevisiae	0.04499790707408958
fig4_q20_SE_cutadapt_unite	1Z	fig4_q20_SE_cutadapt_unite_1Z	Zymo	1	mock_only	UNITE+BLAST	BLAST	Cutadapt	SE	Saccharomyces_kudriavzevii	2.20307990570818e-5
fig4_q20_SE_cutadapt_unite	1Z	fig4_q20_SE_cutadapt_unite_1Z	Zymo	1	mock_only	UNITE+BLAST	BLAST	Cutadapt	SE	NA	0
fig4_q20_SE_cutadapt_unite	1Z	fig4_q20_SE_cutadapt_unite_1Z	Zymo	1	mock_only	UNITE+BLAST	BLAST	Cutadapt	SE	Trichophyton_mentagrophytes	0.004351082813773655
fig4_q20_SE_cutadapt_unite	2D	fig4_q20_SE_cutadapt_unite_2D	DNeasy	2	mock_only	UNITE	No_BLAST	Cutadapt	SE	Aspergillus_fumigatus	0.0283937902166621
fig4_q20_SE_cutadapt_unite	2D	fig4_q20_SE_cutadapt_unite_2D	DNeasy	2	mock_only	UNITE	No_BLAST	Cutadapt	SE	NA	0
fig4_q20_SE_cutadapt_unite	2D	fig4_q20_SE_cutadapt_unite_2D	DNeasy	2	mock_only	UNITE	No_BLAST	Cutadapt	SE	NA	0
fig4_q20_SE_cutadapt_unite	2D	fig4_q20_SE_cutadapt_unite_2D	DNeasy	2	mock_only	UNITE	No_BLAST	Cutadapt	SE	Candida_albicans	0.30686080901042206
fig4_q20_SE_cutadapt_unite	2D	fig4_q20_SE_cutadapt_unite_2D	DNeasy	2	mock_only	UNITE	No_BLAST	Cutadapt	SE	NA	0
fig4_q20_SE_cutadapt_unite	2D	fig4_q20_SE_cutadapt_unite_2D	DNeasy	2	mock_only	UNITE	No_BLAST	Cutadapt	SE	Cryptococcus_neoformans	0.14815794695416362
fig4_q20_SE_cutadapt_unite	2D	fig4_q20_SE_cutadapt_unite_2D	DNeasy	2	mock_only	UNITE	No_BLAST	Cutadapt	SE	NA	0
fig4_q20_SE_cutadapt_unite	2D	fig4_q20_SE_cutadapt_unite_2D	DNeasy	2	mock_only	UNITE	No_BLAST	Cutadapt	SE	NA	0
fig4_q20_SE_cutadapt_unite	2D	fig4_q20_SE_cutadapt_unite_2D	DNeasy	2	mock_only	UNITE	No_BLAST	Cutadapt	SE	Cutaneotrichosporon_mucoides	0.2278684342312889
fig4_q20_SE_cutadapt_unite	2D	fig4_q20_SE_cutadapt_unite_2D	DNeasy	2	mock_only	UNITE	No_BLAST	Cutadapt	SE	Fusarium_keratoplasticum	0
fig4_q20_SE_cutadapt_unite	2D	fig4_q20_SE_cutadapt_unite_2D	DNeasy	2	mock_only	UNITE	No_BLAST	Cutadapt	SE	NA	0
fig4_q20_SE_cutadapt_unite	2D	fig4_q20_SE_cutadapt_unite_2D	DNeasy	2	mock_only	UNITE	No_BLAST	Cutadapt	SE	Malassezia_globosa	0
fig4_q20_SE_cutadapt_unite	2D	fig4_q20_SE_cutadapt_unite_2D	DNeasy	2	mock_only	UNITE	No_BLAST	Cutadapt	SE	NA	0
fig4_q20_SE_cutadapt_unite	2D	fig4_q20_SE_cutadapt_unite_2D	DNeasy	2	mock_only	UNITE	No_BLAST	Cutadapt	SE	Nakaseomyces_glabratus	0.10671529674109209
fig4_q20_SE_cutadapt_unite	2D	fig4_q20_SE_cutadapt_unite_2D	DNeasy	2	mock_only	UNITE	No_BLAST	Cutadapt	SE	Other	0.11185547041093043
fig4_q20_SE_cutadapt_unite	2D	fig4_q20_SE_cutadapt_unite_2D	DNeasy	2	mock_only	UNITE	No_BLAST	Cutadapt	SE	NA	0
fig4_q20_SE_cutadapt_unite	2D	fig4_q20_SE_cutadapt_unite_2D	DNeasy	2	mock_only	UNITE	No_BLAST	Cutadapt	SE	NA	0
fig4_q20_SE_cutadapt_unite	2D	fig4_q20_SE_cutadapt_unite_2D	DNeasy	2	mock_only	UNITE	No_BLAST	Cutadapt	SE	NA	0
fig4_q20_SE_cutadapt_unite	2D	fig4_q20_SE_cutadapt_unite_2D	DNeasy	2	mock_only	UNITE	No_BLAST	Cutadapt	SE	Penicillium_flavigenum	0
fig4_q20_SE_cutadapt_unite	2D	fig4_q20_SE_cutadapt_unite_2D	DNeasy	2	mock_only	UNITE	No_BLAST	Cutadapt	SE	NA	0
fig4_q20_SE_cutadapt_unite	2D	fig4_q20_SE_cutadapt_unite_2D	DNeasy	2	mock_only	UNITE	No_BLAST	Cutadapt	SE	NA	0
fig4_q20_SE_cutadapt_unite	2D	fig4_q20_SE_cutadapt_unite_2D	DNeasy	2	mock_only	UNITE	No_BLAST	Cutadapt	SE	NA	0
fig4_q20_SE_cutadapt_unite	2D	fig4_q20_SE_cutadapt_unite_2D	DNeasy	2	mock_only	UNITE	No_BLAST	Cutadapt	SE	Saccharomyces_cerevisiae	0.0663876106696399
fig4_q20_SE_cutadapt_unite	2D	fig4_q20_SE_cutadapt_unite_2D	DNeasy	2	mock_only	UNITE	No_BLAST	Cutadapt	SE	Saccharomyces_kudriavzevii	0
fig4_q20_SE_cutadapt_unite	2D	fig4_q20_SE_cutadapt_unite_2D	DNeasy	2	mock_only	UNITE	No_BLAST	Cutadapt	SE	NA	0
fig4_q20_SE_cutadapt_unite	2D	fig4_q20_SE_cutadapt_unite_2D	DNeasy	2	mock_only	UNITE	No_BLAST	Cutadapt	SE	Trichophyton_mentagrophytes	0.003760641765800837
fig4_q20_SE_cutadapt_unite	2D	fig4_q20_SE_cutadapt_unite_2D	DNeasy	2	mock_only	UNITE+BLAST	BLAST	Cutadapt	SE	Aspergillus_fumigatus	0.0283937902166621
fig4_q20_SE_cutadapt_unite	2D	fig4_q20_SE_cutadapt_unite_2D	DNeasy	2	mock_only	UNITE+BLAST	BLAST	Cutadapt	SE	NA	0
fig4_q20_SE_cutadapt_unite	2D	fig4_q20_SE_cutadapt_unite_2D	DNeasy	2	mock_only	UNITE+BLAST	BLAST	Cutadapt	SE	NA	0
fig4_q20_SE_cutadapt_unite	2D	fig4_q20_SE_cutadapt_unite_2D	DNeasy	2	mock_only	UNITE+BLAST	BLAST	Cutadapt	SE	Candida_albicans	0.30686080901042206
fig4_q20_SE_cutadapt_unite	2D	fig4_q20_SE_cutadapt_unite_2D	DNeasy	2	mock_only	UNITE+BLAST	BLAST	Cutadapt	SE	NA	0
fig4_q20_SE_cutadapt_unite	2D	fig4_q20_SE_cutadapt_unite_2D	DNeasy	2	mock_only	UNITE+BLAST	BLAST	Cutadapt	SE	Cryptococcus_neoformans	0.14815794695416362
fig4_q20_SE_cutadapt_unite	2D	fig4_q20_SE_cutadapt_unite_2D	DNeasy	2	mock_only	UNITE+BLAST	BLAST	Cutadapt	SE	NA	0
fig4_q20_SE_cutadapt_unite	2D	fig4_q20_SE_cutadapt_unite_2D	DNeasy	2	mock_only	UNITE+BLAST	BLAST	Cutadapt	SE	NA	0
fig4_q20_SE_cutadapt_unite	2D	fig4_q20_SE_cutadapt_unite_2D	DNeasy	2	mock_only	UNITE+BLAST	BLAST	Cutadapt	SE	Cutaneotrichosporon_mucoides	0.2278684342312889
fig4_q20_SE_cutadapt_unite	2D	fig4_q20_SE_cutadapt_unite_2D	DNeasy	2	mock_only	UNITE+BLAST	BLAST	Cutadapt	SE	Fusarium_keratoplasticum	0.0014834692392731946
fig4_q20_SE_cutadapt_unite	2D	fig4_q20_SE_cutadapt_unite_2D	DNeasy	2	mock_only	UNITE+BLAST	BLAST	Cutadapt	SE	NA	0
fig4_q20_SE_cutadapt_unite	2D	fig4_q20_SE_cutadapt_unite_2D	DNeasy	2	mock_only	UNITE+BLAST	BLAST	Cutadapt	SE	Malassezia_globosa	0
fig4_q20_SE_cutadapt_unite	2D	fig4_q20_SE_cutadapt_unite_2D	DNeasy	2	mock_only	UNITE+BLAST	BLAST	Cutadapt	SE	NA	0
fig4_q20_SE_cutadapt_unite	2D	fig4_q20_SE_cutadapt_unite_2D	DNeasy	2	mock_only	UNITE+BLAST	BLAST	Cutadapt	SE	Nakaseomyces_glabratus	0.10671529674109209
fig4_q20_SE_cutadapt_unite	2D	fig4_q20_SE_cutadapt_unite_2D	DNeasy	2	mock_only	UNITE+BLAST	BLAST	Cutadapt	SE	Other	0.11037200117165723
fig4_q20_SE_cutadapt_unite	2D	fig4_q20_SE_cutadapt_unite_2D	DNeasy	2	mock_only	UNITE+BLAST	BLAST	Cutadapt	SE	NA	0
fig4_q20_SE_cutadapt_unite	2D	fig4_q20_SE_cutadapt_unite_2D	DNeasy	2	mock_only	UNITE+BLAST	BLAST	Cutadapt	SE	NA	0
fig4_q20_SE_cutadapt_unite	2D	fig4_q20_SE_cutadapt_unite_2D	DNeasy	2	mock_only	UNITE+BLAST	BLAST	Cutadapt	SE	NA	0
fig4_q20_SE_cutadapt_unite	2D	fig4_q20_SE_cutadapt_unite_2D	DNeasy	2	mock_only	UNITE+BLAST	BLAST	Cutadapt	SE	Penicillium_flavigenum	0
fig4_q20_SE_cutadapt_unite	2D	fig4_q20_SE_cutadapt_unite_2D	DNeasy	2	mock_only	UNITE+BLAST	BLAST	Cutadapt	SE	NA	0
fig4_q20_SE_cutadapt_unite	2D	fig4_q20_SE_cutadapt_unite_2D	DNeasy	2	mock_only	UNITE+BLAST	BLAST	Cutadapt	SE	NA	0
fig4_q20_SE_cutadapt_unite	2D	fig4_q20_SE_cutadapt_unite_2D	DNeasy	2	mock_only	UNITE+BLAST	BLAST	Cutadapt	SE	NA	0
fig4_q20_SE_cutadapt_unite	2D	fig4_q20_SE_cutadapt_unite_2D	DNeasy	2	mock_only	UNITE+BLAST	BLAST	Cutadapt	SE	Saccharomyces_cerevisiae	0.0663876106696399
fig4_q20_SE_cutadapt_unite	2D	fig4_q20_SE_cutadapt_unite_2D	DNeasy	2	mock_only	UNITE+BLAST	BLAST	Cutadapt	SE	Saccharomyces_kudriavzevii	0
fig4_q20_SE_cutadapt_unite	2D	fig4_q20_SE_cutadapt_unite_2D	DNeasy	2	mock_only	UNITE+BLAST	BLAST	Cutadapt	SE	NA	0
fig4_q20_SE_cutadapt_unite	2D	fig4_q20_SE_cutadapt_unite_2D	DNeasy	2	mock_only	UNITE+BLAST	BLAST	Cutadapt	SE	Trichophyton_mentagrophytes	0.003760641765800837
fig4_q20_SE_cutadapt_unite	2Q	fig4_q20_SE_cutadapt_unite_2Q	QIAamp	2	mock_only	UNITE	No_BLAST	Cutadapt	SE	Aspergillus_fumigatus	0.0334522425748527
fig4_q20_SE_cutadapt_unite	2Q	fig4_q20_SE_cutadapt_unite_2Q	QIAamp	2	mock_only	UNITE	No_BLAST	Cutadapt	SE	NA	0
fig4_q20_SE_cutadapt_unite	2Q	fig4_q20_SE_cutadapt_unite_2Q	QIAamp	2	mock_only	UNITE	No_BLAST	Cutadapt	SE	NA	0
fig4_q20_SE_cutadapt_unite	2Q	fig4_q20_SE_cutadapt_unite_2Q	QIAamp	2	mock_only	UNITE	No_BLAST	Cutadapt	SE	Candida_albicans	0.2858230790813259
fig4_q20_SE_cutadapt_unite	2Q	fig4_q20_SE_cutadapt_unite_2Q	QIAamp	2	mock_only	UNITE	No_BLAST	Cutadapt	SE	NA	0
fig4_q20_SE_cutadapt_unite	2Q	fig4_q20_SE_cutadapt_unite_2Q	QIAamp	2	mock_only	UNITE	No_BLAST	Cutadapt	SE	Cryptococcus_neoformans	0.16359773938835223
fig4_q20_SE_cutadapt_unite	2Q	fig4_q20_SE_cutadapt_unite_2Q	QIAamp	2	mock_only	UNITE	No_BLAST	Cutadapt	SE	NA	0
fig4_q20_SE_cutadapt_unite	2Q	fig4_q20_SE_cutadapt_unite_2Q	QIAamp	2	mock_only	UNITE	No_BLAST	Cutadapt	SE	NA	0
fig4_q20_SE_cutadapt_unite	2Q	fig4_q20_SE_cutadapt_unite_2Q	QIAamp	2	mock_only	UNITE	No_BLAST	Cutadapt	SE	Cutaneotrichosporon_mucoides	0.21746763397330554
fig4_q20_SE_cutadapt_unite	2Q	fig4_q20_SE_cutadapt_unite_2Q	QIAamp	2	mock_only	UNITE	No_BLAST	Cutadapt	SE	Fusarium_keratoplasticum	0
fig4_q20_SE_cutadapt_unite	2Q	fig4_q20_SE_cutadapt_unite_2Q	QIAamp	2	mock_only	UNITE	No_BLAST	Cutadapt	SE	NA	0
fig4_q20_SE_cutadapt_unite	2Q	fig4_q20_SE_cutadapt_unite_2Q	QIAamp	2	mock_only	UNITE	No_BLAST	Cutadapt	SE	Malassezia_globosa	3.206541344342459e-5
fig4_q20_SE_cutadapt_unite	2Q	fig4_q20_SE_cutadapt_unite_2Q	QIAamp	2	mock_only	UNITE	No_BLAST	Cutadapt	SE	NA	0
fig4_q20_SE_cutadapt_unite	2Q	fig4_q20_SE_cutadapt_unite_2Q	QIAamp	2	mock_only	UNITE	No_BLAST	Cutadapt	SE	Nakaseomyces_glabratus	0.11349553088300132
fig4_q20_SE_cutadapt_unite	2Q	fig4_q20_SE_cutadapt_unite_2Q	QIAamp	2	mock_only	UNITE	No_BLAST	Cutadapt	SE	Other	0.13431400056114473
fig4_q20_SE_cutadapt_unite	2Q	fig4_q20_SE_cutadapt_unite_2Q	QIAamp	2	mock_only	UNITE	No_BLAST	Cutadapt	SE	NA	0
fig4_q20_SE_cutadapt_unite	2Q	fig4_q20_SE_cutadapt_unite_2Q	QIAamp	2	mock_only	UNITE	No_BLAST	Cutadapt	SE	NA	0
fig4_q20_SE_cutadapt_unite	2Q	fig4_q20_SE_cutadapt_unite_2Q	QIAamp	2	mock_only	UNITE	No_BLAST	Cutadapt	SE	NA	0
fig4_q20_SE_cutadapt_unite	2Q	fig4_q20_SE_cutadapt_unite_2Q	QIAamp	2	mock_only	UNITE	No_BLAST	Cutadapt	SE	Penicillium_flavigenum	0
fig4_q20_SE_cutadapt_unite	2Q	fig4_q20_SE_cutadapt_unite_2Q	QIAamp	2	mock_only	UNITE	No_BLAST	Cutadapt	SE	NA	0
fig4_q20_SE_cutadapt_unite	2Q	fig4_q20_SE_cutadapt_unite_2Q	QIAamp	2	mock_only	UNITE	No_BLAST	Cutadapt	SE	NA	0
fig4_q20_SE_cutadapt_unite	2Q	fig4_q20_SE_cutadapt_unite_2Q	QIAamp	2	mock_only	UNITE	No_BLAST	Cutadapt	SE	NA	0
fig4_q20_SE_cutadapt_unite	2Q	fig4_q20_SE_cutadapt_unite_2Q	QIAamp	2	mock_only	UNITE	No_BLAST	Cutadapt	SE	Saccharomyces_cerevisiae	0.04661509479337849
fig4_q20_SE_cutadapt_unite	2Q	fig4_q20_SE_cutadapt_unite_2Q	QIAamp	2	mock_only	UNITE	No_BLAST	Cutadapt	SE	Saccharomyces_kudriavzevii	0
fig4_q20_SE_cutadapt_unite	2Q	fig4_q20_SE_cutadapt_unite_2Q	QIAamp	2	mock_only	UNITE	No_BLAST	Cutadapt	SE	NA	0
fig4_q20_SE_cutadapt_unite	2Q	fig4_q20_SE_cutadapt_unite_2Q	QIAamp	2	mock_only	UNITE	No_BLAST	Cutadapt	SE	Trichophyton_mentagrophytes	0.0052026133311956395
fig4_q20_SE_cutadapt_unite	2Q	fig4_q20_SE_cutadapt_unite_2Q	QIAamp	2	mock_only	UNITE+BLAST	BLAST	Cutadapt	SE	Aspergillus_fumigatus	0.0334522425748527
fig4_q20_SE_cutadapt_unite	2Q	fig4_q20_SE_cutadapt_unite_2Q	QIAamp	2	mock_only	UNITE+BLAST	BLAST	Cutadapt	SE	NA	0
fig4_q20_SE_cutadapt_unite	2Q	fig4_q20_SE_cutadapt_unite_2Q	QIAamp	2	mock_only	UNITE+BLAST	BLAST	Cutadapt	SE	NA	0
fig4_q20_SE_cutadapt_unite	2Q	fig4_q20_SE_cutadapt_unite_2Q	QIAamp	2	mock_only	UNITE+BLAST	BLAST	Cutadapt	SE	Candida_albicans	0.2858230790813259
fig4_q20_SE_cutadapt_unite	2Q	fig4_q20_SE_cutadapt_unite_2Q	QIAamp	2	mock_only	UNITE+BLAST	BLAST	Cutadapt	SE	NA	0
fig4_q20_SE_cutadapt_unite	2Q	fig4_q20_SE_cutadapt_unite_2Q	QIAamp	2	mock_only	UNITE+BLAST	BLAST	Cutadapt	SE	Cryptococcus_neoformans	0.16359773938835223
fig4_q20_SE_cutadapt_unite	2Q	fig4_q20_SE_cutadapt_unite_2Q	QIAamp	2	mock_only	UNITE+BLAST	BLAST	Cutadapt	SE	NA	0
fig4_q20_SE_cutadapt_unite	2Q	fig4_q20_SE_cutadapt_unite_2Q	QIAamp	2	mock_only	UNITE+BLAST	BLAST	Cutadapt	SE	NA	0
fig4_q20_SE_cutadapt_unite	2Q	fig4_q20_SE_cutadapt_unite_2Q	QIAamp	2	mock_only	UNITE+BLAST	BLAST	Cutadapt	SE	Cutaneotrichosporon_mucoides	0.21746763397330554
fig4_q20_SE_cutadapt_unite	2Q	fig4_q20_SE_cutadapt_unite_2Q	QIAamp	2	mock_only	UNITE+BLAST	BLAST	Cutadapt	SE	Fusarium_keratoplasticum	0.002076235520461742
fig4_q20_SE_cutadapt_unite	2Q	fig4_q20_SE_cutadapt_unite_2Q	QIAamp	2	mock_only	UNITE+BLAST	BLAST	Cutadapt	SE	NA	0
fig4_q20_SE_cutadapt_unite	2Q	fig4_q20_SE_cutadapt_unite_2Q	QIAamp	2	mock_only	UNITE+BLAST	BLAST	Cutadapt	SE	Malassezia_globosa	3.206541344342459e-5
fig4_q20_SE_cutadapt_unite	2Q	fig4_q20_SE_cutadapt_unite_2Q	QIAamp	2	mock_only	UNITE+BLAST	BLAST	Cutadapt	SE	NA	0
fig4_q20_SE_cutadapt_unite	2Q	fig4_q20_SE_cutadapt_unite_2Q	QIAamp	2	mock_only	UNITE+BLAST	BLAST	Cutadapt	SE	Nakaseomyces_glabratus	0.11349553088300132
fig4_q20_SE_cutadapt_unite	2Q	fig4_q20_SE_cutadapt_unite_2Q	QIAamp	2	mock_only	UNITE+BLAST	BLAST	Cutadapt	SE	Other	0.132237765040683
fig4_q20_SE_cutadapt_unite	2Q	fig4_q20_SE_cutadapt_unite_2Q	QIAamp	2	mock_only	UNITE+BLAST	BLAST	Cutadapt	SE	NA	0
fig4_q20_SE_cutadapt_unite	2Q	fig4_q20_SE_cutadapt_unite_2Q	QIAamp	2	mock_only	UNITE+BLAST	BLAST	Cutadapt	SE	NA	0
fig4_q20_SE_cutadapt_unite	2Q	fig4_q20_SE_cutadapt_unite_2Q	QIAamp	2	mock_only	UNITE+BLAST	BLAST	Cutadapt	SE	NA	0
fig4_q20_SE_cutadapt_unite	2Q	fig4_q20_SE_cutadapt_unite_2Q	QIAamp	2	mock_only	UNITE+BLAST	BLAST	Cutadapt	SE	Penicillium_flavigenum	0
fig4_q20_SE_cutadapt_unite	2Q	fig4_q20_SE_cutadapt_unite_2Q	QIAamp	2	mock_only	UNITE+BLAST	BLAST	Cutadapt	SE	NA	0
fig4_q20_SE_cutadapt_unite	2Q	fig4_q20_SE_cutadapt_unite_2Q	QIAamp	2	mock_only	UNITE+BLAST	BLAST	Cutadapt	SE	NA	0
fig4_q20_SE_cutadapt_unite	2Q	fig4_q20_SE_cutadapt_unite_2Q	QIAamp	2	mock_only	UNITE+BLAST	BLAST	Cutadapt	SE	NA	0
fig4_q20_SE_cutadapt_unite	2Q	fig4_q20_SE_cutadapt_unite_2Q	QIAamp	2	mock_only	UNITE+BLAST	BLAST	Cutadapt	SE	Saccharomyces_cerevisiae	0.04661509479337849
fig4_q20_SE_cutadapt_unite	2Q	fig4_q20_SE_cutadapt_unite_2Q	QIAamp	2	mock_only	UNITE+BLAST	BLAST	Cutadapt	SE	Saccharomyces_kudriavzevii	0
fig4_q20_SE_cutadapt_unite	2Q	fig4_q20_SE_cutadapt_unite_2Q	QIAamp	2	mock_only	UNITE+BLAST	BLAST	Cutadapt	SE	NA	0
fig4_q20_SE_cutadapt_unite	2Q	fig4_q20_SE_cutadapt_unite_2Q	QIAamp	2	mock_only	UNITE+BLAST	BLAST	Cutadapt	SE	Trichophyton_mentagrophytes	0.0052026133311956395
fig4_q20_SE_cutadapt_unite	2Z	fig4_q20_SE_cutadapt_unite_2Z	Zymo	2	mock_only	UNITE	No_BLAST	Cutadapt	SE	Aspergillus_fumigatus	0.03410646536551023
fig4_q20_SE_cutadapt_unite	2Z	fig4_q20_SE_cutadapt_unite_2Z	Zymo	2	mock_only	UNITE	No_BLAST	Cutadapt	SE	NA	0
fig4_q20_SE_cutadapt_unite	2Z	fig4_q20_SE_cutadapt_unite_2Z	Zymo	2	mock_only	UNITE	No_BLAST	Cutadapt	SE	NA	0
fig4_q20_SE_cutadapt_unite	2Z	fig4_q20_SE_cutadapt_unite_2Z	Zymo	2	mock_only	UNITE	No_BLAST	Cutadapt	SE	Candida_albicans	0.299780967653616
fig4_q20_SE_cutadapt_unite	2Z	fig4_q20_SE_cutadapt_unite_2Z	Zymo	2	mock_only	UNITE	No_BLAST	Cutadapt	SE	NA	0
fig4_q20_SE_cutadapt_unite	2Z	fig4_q20_SE_cutadapt_unite_2Z	Zymo	2	mock_only	UNITE	No_BLAST	Cutadapt	SE	Cryptococcus_neoformans	0.15035983885477372
fig4_q20_SE_cutadapt_unite	2Z	fig4_q20_SE_cutadapt_unite_2Z	Zymo	2	mock_only	UNITE	No_BLAST	Cutadapt	SE	NA	0
fig4_q20_SE_cutadapt_unite	2Z	fig4_q20_SE_cutadapt_unite_2Z	Zymo	2	mock_only	UNITE	No_BLAST	Cutadapt	SE	NA	0
fig4_q20_SE_cutadapt_unite	2Z	fig4_q20_SE_cutadapt_unite_2Z	Zymo	2	mock_only	UNITE	No_BLAST	Cutadapt	SE	Cutaneotrichosporon_mucoides	0.20881409629600656
fig4_q20_SE_cutadapt_unite	2Z	fig4_q20_SE_cutadapt_unite_2Z	Zymo	2	mock_only	UNITE	No_BLAST	Cutadapt	SE	Fusarium_keratoplasticum	0
fig4_q20_SE_cutadapt_unite	2Z	fig4_q20_SE_cutadapt_unite_2Z	Zymo	2	mock_only	UNITE	No_BLAST	Cutadapt	SE	NA	0
fig4_q20_SE_cutadapt_unite	2Z	fig4_q20_SE_cutadapt_unite_2Z	Zymo	2	mock_only	UNITE	No_BLAST	Cutadapt	SE	Malassezia_globosa	1.4667344623929283e-4
fig4_q20_SE_cutadapt_unite	2Z	fig4_q20_SE_cutadapt_unite_2Z	Zymo	2	mock_only	UNITE	No_BLAST	Cutadapt	SE	NA	0
fig4_q20_SE_cutadapt_unite	2Z	fig4_q20_SE_cutadapt_unite_2Z	Zymo	2	mock_only	UNITE	No_BLAST	Cutadapt	SE	Nakaseomyces_glabratus	0.10093088747213204
fig4_q20_SE_cutadapt_unite	2Z	fig4_q20_SE_cutadapt_unite_2Z	Zymo	2	mock_only	UNITE	No_BLAST	Cutadapt	SE	Other	0.14622364767082568
fig4_q20_SE_cutadapt_unite	2Z	fig4_q20_SE_cutadapt_unite_2Z	Zymo	2	mock_only	UNITE	No_BLAST	Cutadapt	SE	NA	0
fig4_q20_SE_cutadapt_unite	2Z	fig4_q20_SE_cutadapt_unite_2Z	Zymo	2	mock_only	UNITE	No_BLAST	Cutadapt	SE	NA	0
fig4_q20_SE_cutadapt_unite	2Z	fig4_q20_SE_cutadapt_unite_2Z	Zymo	2	mock_only	UNITE	No_BLAST	Cutadapt	SE	NA	0
fig4_q20_SE_cutadapt_unite	2Z	fig4_q20_SE_cutadapt_unite_2Z	Zymo	2	mock_only	UNITE	No_BLAST	Cutadapt	SE	Penicillium_flavigenum	0
fig4_q20_SE_cutadapt_unite	2Z	fig4_q20_SE_cutadapt_unite_2Z	Zymo	2	mock_only	UNITE	No_BLAST	Cutadapt	SE	NA	0
fig4_q20_SE_cutadapt_unite	2Z	fig4_q20_SE_cutadapt_unite_2Z	Zymo	2	mock_only	UNITE	No_BLAST	Cutadapt	SE	NA	0
fig4_q20_SE_cutadapt_unite	2Z	fig4_q20_SE_cutadapt_unite_2Z	Zymo	2	mock_only	UNITE	No_BLAST	Cutadapt	SE	NA	0
fig4_q20_SE_cutadapt_unite	2Z	fig4_q20_SE_cutadapt_unite_2Z	Zymo	2	mock_only	UNITE	No_BLAST	Cutadapt	SE	Saccharomyces_cerevisiae	0.05443540501427622
fig4_q20_SE_cutadapt_unite	2Z	fig4_q20_SE_cutadapt_unite_2Z	Zymo	2	mock_only	UNITE	No_BLAST	Cutadapt	SE	Saccharomyces_kudriavzevii	0
fig4_q20_SE_cutadapt_unite	2Z	fig4_q20_SE_cutadapt_unite_2Z	Zymo	2	mock_only	UNITE	No_BLAST	Cutadapt	SE	NA	0
fig4_q20_SE_cutadapt_unite	2Z	fig4_q20_SE_cutadapt_unite_2Z	Zymo	2	mock_only	UNITE	No_BLAST	Cutadapt	SE	Trichophyton_mentagrophytes	0.005202018226620253
fig4_q20_SE_cutadapt_unite	2Z	fig4_q20_SE_cutadapt_unite_2Z	Zymo	2	mock_only	UNITE+BLAST	BLAST	Cutadapt	SE	Aspergillus_fumigatus	0.03410646536551023
fig4_q20_SE_cutadapt_unite	2Z	fig4_q20_SE_cutadapt_unite_2Z	Zymo	2	mock_only	UNITE+BLAST	BLAST	Cutadapt	SE	NA	0
fig4_q20_SE_cutadapt_unite	2Z	fig4_q20_SE_cutadapt_unite_2Z	Zymo	2	mock_only	UNITE+BLAST	BLAST	Cutadapt	SE	NA	0
fig4_q20_SE_cutadapt_unite	2Z	fig4_q20_SE_cutadapt_unite_2Z	Zymo	2	mock_only	UNITE+BLAST	BLAST	Cutadapt	SE	Candida_albicans	0.299780967653616
fig4_q20_SE_cutadapt_unite	2Z	fig4_q20_SE_cutadapt_unite_2Z	Zymo	2	mock_only	UNITE+BLAST	BLAST	Cutadapt	SE	NA	0
fig4_q20_SE_cutadapt_unite	2Z	fig4_q20_SE_cutadapt_unite_2Z	Zymo	2	mock_only	UNITE+BLAST	BLAST	Cutadapt	SE	Cryptococcus_neoformans	0.15035983885477372
fig4_q20_SE_cutadapt_unite	2Z	fig4_q20_SE_cutadapt_unite_2Z	Zymo	2	mock_only	UNITE+BLAST	BLAST	Cutadapt	SE	NA	0
fig4_q20_SE_cutadapt_unite	2Z	fig4_q20_SE_cutadapt_unite_2Z	Zymo	2	mock_only	UNITE+BLAST	BLAST	Cutadapt	SE	NA	0
fig4_q20_SE_cutadapt_unite	2Z	fig4_q20_SE_cutadapt_unite_2Z	Zymo	2	mock_only	UNITE+BLAST	BLAST	Cutadapt	SE	Cutaneotrichosporon_mucoides	0.20881409629600656
fig4_q20_SE_cutadapt_unite	2Z	fig4_q20_SE_cutadapt_unite_2Z	Zymo	2	mock_only	UNITE+BLAST	BLAST	Cutadapt	SE	Fusarium_keratoplasticum	0.0019263112606093793
fig4_q20_SE_cutadapt_unite	2Z	fig4_q20_SE_cutadapt_unite_2Z	Zymo	2	mock_only	UNITE+BLAST	BLAST	Cutadapt	SE	NA	0
fig4_q20_SE_cutadapt_unite	2Z	fig4_q20_SE_cutadapt_unite_2Z	Zymo	2	mock_only	UNITE+BLAST	BLAST	Cutadapt	SE	Malassezia_globosa	1.4667344623929283e-4
fig4_q20_SE_cutadapt_unite	2Z	fig4_q20_SE_cutadapt_unite_2Z	Zymo	2	mock_only	UNITE+BLAST	BLAST	Cutadapt	SE	NA	0
fig4_q20_SE_cutadapt_unite	2Z	fig4_q20_SE_cutadapt_unite_2Z	Zymo	2	mock_only	UNITE+BLAST	BLAST	Cutadapt	SE	Nakaseomyces_glabratus	0.10093088747213204
fig4_q20_SE_cutadapt_unite	2Z	fig4_q20_SE_cutadapt_unite_2Z	Zymo	2	mock_only	UNITE+BLAST	BLAST	Cutadapt	SE	Other	0.1442973364102163
fig4_q20_SE_cutadapt_unite	2Z	fig4_q20_SE_cutadapt_unite_2Z	Zymo	2	mock_only	UNITE+BLAST	BLAST	Cutadapt	SE	NA	0
fig4_q20_SE_cutadapt_unite	2Z	fig4_q20_SE_cutadapt_unite_2Z	Zymo	2	mock_only	UNITE+BLAST	BLAST	Cutadapt	SE	NA	0
fig4_q20_SE_cutadapt_unite	2Z	fig4_q20_SE_cutadapt_unite_2Z	Zymo	2	mock_only	UNITE+BLAST	BLAST	Cutadapt	SE	NA	0
fig4_q20_SE_cutadapt_unite	2Z	fig4_q20_SE_cutadapt_unite_2Z	Zymo	2	mock_only	UNITE+BLAST	BLAST	Cutadapt	SE	Penicillium_flavigenum	0
fig4_q20_SE_cutadapt_unite	2Z	fig4_q20_SE_cutadapt_unite_2Z	Zymo	2	mock_only	UNITE+BLAST	BLAST	Cutadapt	SE	NA	0
fig4_q20_SE_cutadapt_unite	2Z	fig4_q20_SE_cutadapt_unite_2Z	Zymo	2	mock_only	UNITE+BLAST	BLAST	Cutadapt	SE	NA	0
fig4_q20_SE_cutadapt_unite	2Z	fig4_q20_SE_cutadapt_unite_2Z	Zymo	2	mock_only	UNITE+BLAST	BLAST	Cutadapt	SE	NA	0
fig4_q20_SE_cutadapt_unite	2Z	fig4_q20_SE_cutadapt_unite_2Z	Zymo	2	mock_only	UNITE+BLAST	BLAST	Cutadapt	SE	Saccharomyces_cerevisiae	0.05443540501427622
fig4_q20_SE_cutadapt_unite	2Z	fig4_q20_SE_cutadapt_unite_2Z	Zymo	2	mock_only	UNITE+BLAST	BLAST	Cutadapt	SE	Saccharomyces_kudriavzevii	0
fig4_q20_SE_cutadapt_unite	2Z	fig4_q20_SE_cutadapt_unite_2Z	Zymo	2	mock_only	UNITE+BLAST	BLAST	Cutadapt	SE	NA	0
fig4_q20_SE_cutadapt_unite	2Z	fig4_q20_SE_cutadapt_unite_2Z	Zymo	2	mock_only	UNITE+BLAST	BLAST	Cutadapt	SE	Trichophyton_mentagrophytes	0.005202018226620253
fig4_q20_SE_cutadapt_unite	3D	fig4_q20_SE_cutadapt_unite_3D	DNeasy	3	mock_only	UNITE	No_BLAST	Cutadapt	SE	Aspergillus_fumigatus	0.03365752640951468
fig4_q20_SE_cutadapt_unite	3D	fig4_q20_SE_cutadapt_unite_3D	DNeasy	3	mock_only	UNITE	No_BLAST	Cutadapt	SE	NA	0
fig4_q20_SE_cutadapt_unite	3D	fig4_q20_SE_cutadapt_unite_3D	DNeasy	3	mock_only	UNITE	No_BLAST	Cutadapt	SE	NA	0
fig4_q20_SE_cutadapt_unite	3D	fig4_q20_SE_cutadapt_unite_3D	DNeasy	3	mock_only	UNITE	No_BLAST	Cutadapt	SE	Candida_albicans	0.30124976833759054
fig4_q20_SE_cutadapt_unite	3D	fig4_q20_SE_cutadapt_unite_3D	DNeasy	3	mock_only	UNITE	No_BLAST	Cutadapt	SE	NA	0
fig4_q20_SE_cutadapt_unite	3D	fig4_q20_SE_cutadapt_unite_3D	DNeasy	3	mock_only	UNITE	No_BLAST	Cutadapt	SE	Cryptococcus_neoformans	0.14880381618494315
fig4_q20_SE_cutadapt_unite	3D	fig4_q20_SE_cutadapt_unite_3D	DNeasy	3	mock_only	UNITE	No_BLAST	Cutadapt	SE	NA	0
fig4_q20_SE_cutadapt_unite	3D	fig4_q20_SE_cutadapt_unite_3D	DNeasy	3	mock_only	UNITE	No_BLAST	Cutadapt	SE	NA	0
fig4_q20_SE_cutadapt_unite	3D	fig4_q20_SE_cutadapt_unite_3D	DNeasy	3	mock_only	UNITE	No_BLAST	Cutadapt	SE	Cutaneotrichosporon_mucoides	0.20293627067838813
fig4_q20_SE_cutadapt_unite	3D	fig4_q20_SE_cutadapt_unite_3D	DNeasy	3	mock_only	UNITE	No_BLAST	Cutadapt	SE	Fusarium_keratoplasticum	0
fig4_q20_SE_cutadapt_unite	3D	fig4_q20_SE_cutadapt_unite_3D	DNeasy	3	mock_only	UNITE	No_BLAST	Cutadapt	SE	NA	0
fig4_q20_SE_cutadapt_unite	3D	fig4_q20_SE_cutadapt_unite_3D	DNeasy	3	mock_only	UNITE	No_BLAST	Cutadapt	SE	Malassezia_globosa	0
fig4_q20_SE_cutadapt_unite	3D	fig4_q20_SE_cutadapt_unite_3D	DNeasy	3	mock_only	UNITE	No_BLAST	Cutadapt	SE	NA	0
fig4_q20_SE_cutadapt_unite	3D	fig4_q20_SE_cutadapt_unite_3D	DNeasy	3	mock_only	UNITE	No_BLAST	Cutadapt	SE	Nakaseomyces_glabratus	0.11056138852404858
fig4_q20_SE_cutadapt_unite	3D	fig4_q20_SE_cutadapt_unite_3D	DNeasy	3	mock_only	UNITE	No_BLAST	Cutadapt	SE	Other	0.1405445476741094
fig4_q20_SE_cutadapt_unite	3D	fig4_q20_SE_cutadapt_unite_3D	DNeasy	3	mock_only	UNITE	No_BLAST	Cutadapt	SE	NA	0
fig4_q20_SE_cutadapt_unite	3D	fig4_q20_SE_cutadapt_unite_3D	DNeasy	3	mock_only	UNITE	No_BLAST	Cutadapt	SE	NA	0
fig4_q20_SE_cutadapt_unite	3D	fig4_q20_SE_cutadapt_unite_3D	DNeasy	3	mock_only	UNITE	No_BLAST	Cutadapt	SE	NA	0
fig4_q20_SE_cutadapt_unite	3D	fig4_q20_SE_cutadapt_unite_3D	DNeasy	3	mock_only	UNITE	No_BLAST	Cutadapt	SE	Penicillium_flavigenum	0
fig4_q20_SE_cutadapt_unite	3D	fig4_q20_SE_cutadapt_unite_3D	DNeasy	3	mock_only	UNITE	No_BLAST	Cutadapt	SE	NA	0
fig4_q20_SE_cutadapt_unite	3D	fig4_q20_SE_cutadapt_unite_3D	DNeasy	3	mock_only	UNITE	No_BLAST	Cutadapt	SE	NA	0
fig4_q20_SE_cutadapt_unite	3D	fig4_q20_SE_cutadapt_unite_3D	DNeasy	3	mock_only	UNITE	No_BLAST	Cutadapt	SE	NA	0
fig4_q20_SE_cutadapt_unite	3D	fig4_q20_SE_cutadapt_unite_3D	DNeasy	3	mock_only	UNITE	No_BLAST	Cutadapt	SE	Saccharomyces_cerevisiae	0.05722665850140609
fig4_q20_SE_cutadapt_unite	3D	fig4_q20_SE_cutadapt_unite_3D	DNeasy	3	mock_only	UNITE	No_BLAST	Cutadapt	SE	Saccharomyces_kudriavzevii	0
fig4_q20_SE_cutadapt_unite	3D	fig4_q20_SE_cutadapt_unite_3D	DNeasy	3	mock_only	UNITE	No_BLAST	Cutadapt	SE	NA	0
fig4_q20_SE_cutadapt_unite	3D	fig4_q20_SE_cutadapt_unite_3D	DNeasy	3	mock_only	UNITE	No_BLAST	Cutadapt	SE	Trichophyton_mentagrophytes	0.005020023689999436
fig4_q20_SE_cutadapt_unite	3D	fig4_q20_SE_cutadapt_unite_3D	DNeasy	3	mock_only	UNITE+BLAST	BLAST	Cutadapt	SE	Aspergillus_fumigatus	0.03365752640951468
fig4_q20_SE_cutadapt_unite	3D	fig4_q20_SE_cutadapt_unite_3D	DNeasy	3	mock_only	UNITE+BLAST	BLAST	Cutadapt	SE	NA	0
fig4_q20_SE_cutadapt_unite	3D	fig4_q20_SE_cutadapt_unite_3D	DNeasy	3	mock_only	UNITE+BLAST	BLAST	Cutadapt	SE	NA	0
fig4_q20_SE_cutadapt_unite	3D	fig4_q20_SE_cutadapt_unite_3D	DNeasy	3	mock_only	UNITE+BLAST	BLAST	Cutadapt	SE	Candida_albicans	0.30124976833759054
fig4_q20_SE_cutadapt_unite	3D	fig4_q20_SE_cutadapt_unite_3D	DNeasy	3	mock_only	UNITE+BLAST	BLAST	Cutadapt	SE	NA	0
fig4_q20_SE_cutadapt_unite	3D	fig4_q20_SE_cutadapt_unite_3D	DNeasy	3	mock_only	UNITE+BLAST	BLAST	Cutadapt	SE	Cryptococcus_neoformans	0.14880381618494315
fig4_q20_SE_cutadapt_unite	3D	fig4_q20_SE_cutadapt_unite_3D	DNeasy	3	mock_only	UNITE+BLAST	BLAST	Cutadapt	SE	NA	0
fig4_q20_SE_cutadapt_unite	3D	fig4_q20_SE_cutadapt_unite_3D	DNeasy	3	mock_only	UNITE+BLAST	BLAST	Cutadapt	SE	NA	0
fig4_q20_SE_cutadapt_unite	3D	fig4_q20_SE_cutadapt_unite_3D	DNeasy	3	mock_only	UNITE+BLAST	BLAST	Cutadapt	SE	Cutaneotrichosporon_mucoides	0.20293627067838813
fig4_q20_SE_cutadapt_unite	3D	fig4_q20_SE_cutadapt_unite_3D	DNeasy	3	mock_only	UNITE+BLAST	BLAST	Cutadapt	SE	Fusarium_keratoplasticum	0.0021272652554732764
fig4_q20_SE_cutadapt_unite	3D	fig4_q20_SE_cutadapt_unite_3D	DNeasy	3	mock_only	UNITE+BLAST	BLAST	Cutadapt	SE	NA	0
fig4_q20_SE_cutadapt_unite	3D	fig4_q20_SE_cutadapt_unite_3D	DNeasy	3	mock_only	UNITE+BLAST	BLAST	Cutadapt	SE	Malassezia_globosa	0
fig4_q20_SE_cutadapt_unite	3D	fig4_q20_SE_cutadapt_unite_3D	DNeasy	3	mock_only	UNITE+BLAST	BLAST	Cutadapt	SE	NA	0
fig4_q20_SE_cutadapt_unite	3D	fig4_q20_SE_cutadapt_unite_3D	DNeasy	3	mock_only	UNITE+BLAST	BLAST	Cutadapt	SE	Nakaseomyces_glabratus	0.11056138852404858
fig4_q20_SE_cutadapt_unite	3D	fig4_q20_SE_cutadapt_unite_3D	DNeasy	3	mock_only	UNITE+BLAST	BLAST	Cutadapt	SE	Other	0.13841728241863613
fig4_q20_SE_cutadapt_unite	3D	fig4_q20_SE_cutadapt_unite_3D	DNeasy	3	mock_only	UNITE+BLAST	BLAST	Cutadapt	SE	NA	0
fig4_q20_SE_cutadapt_unite	3D	fig4_q20_SE_cutadapt_unite_3D	DNeasy	3	mock_only	UNITE+BLAST	BLAST	Cutadapt	SE	NA	0
fig4_q20_SE_cutadapt_unite	3D	fig4_q20_SE_cutadapt_unite_3D	DNeasy	3	mock_only	UNITE+BLAST	BLAST	Cutadapt	SE	NA	0
fig4_q20_SE_cutadapt_unite	3D	fig4_q20_SE_cutadapt_unite_3D	DNeasy	3	mock_only	UNITE+BLAST	BLAST	Cutadapt	SE	Penicillium_flavigenum	0
fig4_q20_SE_cutadapt_unite	3D	fig4_q20_SE_cutadapt_unite_3D	DNeasy	3	mock_only	UNITE+BLAST	BLAST	Cutadapt	SE	NA	0
fig4_q20_SE_cutadapt_unite	3D	fig4_q20_SE_cutadapt_unite_3D	DNeasy	3	mock_only	UNITE+BLAST	BLAST	Cutadapt	SE	NA	0
fig4_q20_SE_cutadapt_unite	3D	fig4_q20_SE_cutadapt_unite_3D	DNeasy	3	mock_only	UNITE+BLAST	BLAST	Cutadapt	SE	NA	0
fig4_q20_SE_cutadapt_unite	3D	fig4_q20_SE_cutadapt_unite_3D	DNeasy	3	mock_only	UNITE+BLAST	BLAST	Cutadapt	SE	Saccharomyces_cerevisiae	0.05722665850140609
fig4_q20_SE_cutadapt_unite	3D	fig4_q20_SE_cutadapt_unite_3D	DNeasy	3	mock_only	UNITE+BLAST	BLAST	Cutadapt	SE	Saccharomyces_kudriavzevii	0
fig4_q20_SE_cutadapt_unite	3D	fig4_q20_SE_cutadapt_unite_3D	DNeasy	3	mock_only	UNITE+BLAST	BLAST	Cutadapt	SE	NA	0
fig4_q20_SE_cutadapt_unite	3D	fig4_q20_SE_cutadapt_unite_3D	DNeasy	3	mock_only	UNITE+BLAST	BLAST	Cutadapt	SE	Trichophyton_mentagrophytes	0.005020023689999436
fig4_q20_SE_cutadapt_unite	3Q	fig4_q20_SE_cutadapt_unite_3Q	QIAamp	3	mock_only	UNITE	No_BLAST	Cutadapt	SE	Aspergillus_fumigatus	0.03372926331750817
fig4_q20_SE_cutadapt_unite	3Q	fig4_q20_SE_cutadapt_unite_3Q	QIAamp	3	mock_only	UNITE	No_BLAST	Cutadapt	SE	NA	0
fig4_q20_SE_cutadapt_unite	3Q	fig4_q20_SE_cutadapt_unite_3Q	QIAamp	3	mock_only	UNITE	No_BLAST	Cutadapt	SE	NA	0
fig4_q20_SE_cutadapt_unite	3Q	fig4_q20_SE_cutadapt_unite_3Q	QIAamp	3	mock_only	UNITE	No_BLAST	Cutadapt	SE	Candida_albicans	0.30383414264310343
fig4_q20_SE_cutadapt_unite	3Q	fig4_q20_SE_cutadapt_unite_3Q	QIAamp	3	mock_only	UNITE	No_BLAST	Cutadapt	SE	NA	0
fig4_q20_SE_cutadapt_unite	3Q	fig4_q20_SE_cutadapt_unite_3Q	QIAamp	3	mock_only	UNITE	No_BLAST	Cutadapt	SE	Cryptococcus_neoformans	0.15961153131035977
fig4_q20_SE_cutadapt_unite	3Q	fig4_q20_SE_cutadapt_unite_3Q	QIAamp	3	mock_only	UNITE	No_BLAST	Cutadapt	SE	NA	0
fig4_q20_SE_cutadapt_unite	3Q	fig4_q20_SE_cutadapt_unite_3Q	QIAamp	3	mock_only	UNITE	No_BLAST	Cutadapt	SE	NA	0
fig4_q20_SE_cutadapt_unite	3Q	fig4_q20_SE_cutadapt_unite_3Q	QIAamp	3	mock_only	UNITE	No_BLAST	Cutadapt	SE	Cutaneotrichosporon_mucoides	0.21602252829575608
fig4_q20_SE_cutadapt_unite	3Q	fig4_q20_SE_cutadapt_unite_3Q	QIAamp	3	mock_only	UNITE	No_BLAST	Cutadapt	SE	Fusarium_keratoplasticum	0
fig4_q20_SE_cutadapt_unite	3Q	fig4_q20_SE_cutadapt_unite_3Q	QIAamp	3	mock_only	UNITE	No_BLAST	Cutadapt	SE	NA	0
fig4_q20_SE_cutadapt_unite	3Q	fig4_q20_SE_cutadapt_unite_3Q	QIAamp	3	mock_only	UNITE	No_BLAST	Cutadapt	SE	Malassezia_globosa	1.8051519035326824e-5
fig4_q20_SE_cutadapt_unite	3Q	fig4_q20_SE_cutadapt_unite_3Q	QIAamp	3	mock_only	UNITE	No_BLAST	Cutadapt	SE	NA	0
fig4_q20_SE_cutadapt_unite	3Q	fig4_q20_SE_cutadapt_unite_3Q	QIAamp	3	mock_only	UNITE	No_BLAST	Cutadapt	SE	Nakaseomyces_glabratus	0.10786685199559543
fig4_q20_SE_cutadapt_unite	3Q	fig4_q20_SE_cutadapt_unite_3Q	QIAamp	3	mock_only	UNITE	No_BLAST	Cutadapt	SE	Other	0.1334548802281712
fig4_q20_SE_cutadapt_unite	3Q	fig4_q20_SE_cutadapt_unite_3Q	QIAamp	3	mock_only	UNITE	No_BLAST	Cutadapt	SE	NA	0
fig4_q20_SE_cutadapt_unite	3Q	fig4_q20_SE_cutadapt_unite_3Q	QIAamp	3	mock_only	UNITE	No_BLAST	Cutadapt	SE	NA	0
fig4_q20_SE_cutadapt_unite	3Q	fig4_q20_SE_cutadapt_unite_3Q	QIAamp	3	mock_only	UNITE	No_BLAST	Cutadapt	SE	NA	0
fig4_q20_SE_cutadapt_unite	3Q	fig4_q20_SE_cutadapt_unite_3Q	QIAamp	3	mock_only	UNITE	No_BLAST	Cutadapt	SE	Penicillium_flavigenum	0
fig4_q20_SE_cutadapt_unite	3Q	fig4_q20_SE_cutadapt_unite_3Q	QIAamp	3	mock_only	UNITE	No_BLAST	Cutadapt	SE	NA	0
fig4_q20_SE_cutadapt_unite	3Q	fig4_q20_SE_cutadapt_unite_3Q	QIAamp	3	mock_only	UNITE	No_BLAST	Cutadapt	SE	NA	0
fig4_q20_SE_cutadapt_unite	3Q	fig4_q20_SE_cutadapt_unite_3Q	QIAamp	3	mock_only	UNITE	No_BLAST	Cutadapt	SE	NA	0
fig4_q20_SE_cutadapt_unite	3Q	fig4_q20_SE_cutadapt_unite_3Q	QIAamp	3	mock_only	UNITE	No_BLAST	Cutadapt	SE	Saccharomyces_cerevisiae	0.03914471902810621
fig4_q20_SE_cutadapt_unite	3Q	fig4_q20_SE_cutadapt_unite_3Q	QIAamp	3	mock_only	UNITE	No_BLAST	Cutadapt	SE	Saccharomyces_kudriavzevii	0
fig4_q20_SE_cutadapt_unite	3Q	fig4_q20_SE_cutadapt_unite_3Q	QIAamp	3	mock_only	UNITE	No_BLAST	Cutadapt	SE	NA	0
fig4_q20_SE_cutadapt_unite	3Q	fig4_q20_SE_cutadapt_unite_3Q	QIAamp	3	mock_only	UNITE	No_BLAST	Cutadapt	SE	Trichophyton_mentagrophytes	0.006318031662364388
fig4_q20_SE_cutadapt_unite	3Q	fig4_q20_SE_cutadapt_unite_3Q	QIAamp	3	mock_only	UNITE+BLAST	BLAST	Cutadapt	SE	Aspergillus_fumigatus	0.03372926331750817
fig4_q20_SE_cutadapt_unite	3Q	fig4_q20_SE_cutadapt_unite_3Q	QIAamp	3	mock_only	UNITE+BLAST	BLAST	Cutadapt	SE	NA	0
fig4_q20_SE_cutadapt_unite	3Q	fig4_q20_SE_cutadapt_unite_3Q	QIAamp	3	mock_only	UNITE+BLAST	BLAST	Cutadapt	SE	NA	0
fig4_q20_SE_cutadapt_unite	3Q	fig4_q20_SE_cutadapt_unite_3Q	QIAamp	3	mock_only	UNITE+BLAST	BLAST	Cutadapt	SE	Candida_albicans	0.30383414264310343
fig4_q20_SE_cutadapt_unite	3Q	fig4_q20_SE_cutadapt_unite_3Q	QIAamp	3	mock_only	UNITE+BLAST	BLAST	Cutadapt	SE	NA	0
fig4_q20_SE_cutadapt_unite	3Q	fig4_q20_SE_cutadapt_unite_3Q	QIAamp	3	mock_only	UNITE+BLAST	BLAST	Cutadapt	SE	Cryptococcus_neoformans	0.15961153131035977
fig4_q20_SE_cutadapt_unite	3Q	fig4_q20_SE_cutadapt_unite_3Q	QIAamp	3	mock_only	UNITE+BLAST	BLAST	Cutadapt	SE	NA	0
fig4_q20_SE_cutadapt_unite	3Q	fig4_q20_SE_cutadapt_unite_3Q	QIAamp	3	mock_only	UNITE+BLAST	BLAST	Cutadapt	SE	NA	0
fig4_q20_SE_cutadapt_unite	3Q	fig4_q20_SE_cutadapt_unite_3Q	QIAamp	3	mock_only	UNITE+BLAST	BLAST	Cutadapt	SE	Cutaneotrichosporon_mucoides	0.21602252829575608
fig4_q20_SE_cutadapt_unite	3Q	fig4_q20_SE_cutadapt_unite_3Q	QIAamp	3	mock_only	UNITE+BLAST	BLAST	Cutadapt	SE	Fusarium_keratoplasticum	0.002283517157968843
fig4_q20_SE_cutadapt_unite	3Q	fig4_q20_SE_cutadapt_unite_3Q	QIAamp	3	mock_only	UNITE+BLAST	BLAST	Cutadapt	SE	NA	0
fig4_q20_SE_cutadapt_unite	3Q	fig4_q20_SE_cutadapt_unite_3Q	QIAamp	3	mock_only	UNITE+BLAST	BLAST	Cutadapt	SE	Malassezia_globosa	1.8051519035326824e-5
fig4_q20_SE_cutadapt_unite	3Q	fig4_q20_SE_cutadapt_unite_3Q	QIAamp	3	mock_only	UNITE+BLAST	BLAST	Cutadapt	SE	NA	0
fig4_q20_SE_cutadapt_unite	3Q	fig4_q20_SE_cutadapt_unite_3Q	QIAamp	3	mock_only	UNITE+BLAST	BLAST	Cutadapt	SE	Nakaseomyces_glabratus	0.10786685199559543
fig4_q20_SE_cutadapt_unite	3Q	fig4_q20_SE_cutadapt_unite_3Q	QIAamp	3	mock_only	UNITE+BLAST	BLAST	Cutadapt	SE	Other	0.13117136307020236
fig4_q20_SE_cutadapt_unite	3Q	fig4_q20_SE_cutadapt_unite_3Q	QIAamp	3	mock_only	UNITE+BLAST	BLAST	Cutadapt	SE	NA	0
fig4_q20_SE_cutadapt_unite	3Q	fig4_q20_SE_cutadapt_unite_3Q	QIAamp	3	mock_only	UNITE+BLAST	BLAST	Cutadapt	SE	NA	0
fig4_q20_SE_cutadapt_unite	3Q	fig4_q20_SE_cutadapt_unite_3Q	QIAamp	3	mock_only	UNITE+BLAST	BLAST	Cutadapt	SE	NA	0
fig4_q20_SE_cutadapt_unite	3Q	fig4_q20_SE_cutadapt_unite_3Q	QIAamp	3	mock_only	UNITE+BLAST	BLAST	Cutadapt	SE	Penicillium_flavigenum	0
fig4_q20_SE_cutadapt_unite	3Q	fig4_q20_SE_cutadapt_unite_3Q	QIAamp	3	mock_only	UNITE+BLAST	BLAST	Cutadapt	SE	NA	0
fig4_q20_SE_cutadapt_unite	3Q	fig4_q20_SE_cutadapt_unite_3Q	QIAamp	3	mock_only	UNITE+BLAST	BLAST	Cutadapt	SE	NA	0
fig4_q20_SE_cutadapt_unite	3Q	fig4_q20_SE_cutadapt_unite_3Q	QIAamp	3	mock_only	UNITE+BLAST	BLAST	Cutadapt	SE	NA	0
fig4_q20_SE_cutadapt_unite	3Q	fig4_q20_SE_cutadapt_unite_3Q	QIAamp	3	mock_only	UNITE+BLAST	BLAST	Cutadapt	SE	Saccharomyces_cerevisiae	0.03914471902810621
fig4_q20_SE_cutadapt_unite	3Q	fig4_q20_SE_cutadapt_unite_3Q	QIAamp	3	mock_only	UNITE+BLAST	BLAST	Cutadapt	SE	Saccharomyces_kudriavzevii	0
fig4_q20_SE_cutadapt_unite	3Q	fig4_q20_SE_cutadapt_unite_3Q	QIAamp	3	mock_only	UNITE+BLAST	BLAST	Cutadapt	SE	NA	0
fig4_q20_SE_cutadapt_unite	3Q	fig4_q20_SE_cutadapt_unite_3Q	QIAamp	3	mock_only	UNITE+BLAST	BLAST	Cutadapt	SE	Trichophyton_mentagrophytes	0.006318031662364388
fig4_q20_SE_cutadapt_unite	3Z	fig4_q20_SE_cutadapt_unite_3Z	Zymo	3	mock_only	UNITE	No_BLAST	Cutadapt	SE	Aspergillus_fumigatus	0.028665641173821036
fig4_q20_SE_cutadapt_unite	3Z	fig4_q20_SE_cutadapt_unite_3Z	Zymo	3	mock_only	UNITE	No_BLAST	Cutadapt	SE	NA	0
fig4_q20_SE_cutadapt_unite	3Z	fig4_q20_SE_cutadapt_unite_3Z	Zymo	3	mock_only	UNITE	No_BLAST	Cutadapt	SE	NA	0
fig4_q20_SE_cutadapt_unite	3Z	fig4_q20_SE_cutadapt_unite_3Z	Zymo	3	mock_only	UNITE	No_BLAST	Cutadapt	SE	Candida_albicans	0.30276118197965446
fig4_q20_SE_cutadapt_unite	3Z	fig4_q20_SE_cutadapt_unite_3Z	Zymo	3	mock_only	UNITE	No_BLAST	Cutadapt	SE	NA	0
fig4_q20_SE_cutadapt_unite	3Z	fig4_q20_SE_cutadapt_unite_3Z	Zymo	3	mock_only	UNITE	No_BLAST	Cutadapt	SE	Cryptococcus_neoformans	0.15461429287735728
fig4_q20_SE_cutadapt_unite	3Z	fig4_q20_SE_cutadapt_unite_3Z	Zymo	3	mock_only	UNITE	No_BLAST	Cutadapt	SE	NA	0
fig4_q20_SE_cutadapt_unite	3Z	fig4_q20_SE_cutadapt_unite_3Z	Zymo	3	mock_only	UNITE	No_BLAST	Cutadapt	SE	NA	0
fig4_q20_SE_cutadapt_unite	3Z	fig4_q20_SE_cutadapt_unite_3Z	Zymo	3	mock_only	UNITE	No_BLAST	Cutadapt	SE	Cutaneotrichosporon_mucoides	0.22449794759788216
fig4_q20_SE_cutadapt_unite	3Z	fig4_q20_SE_cutadapt_unite_3Z	Zymo	3	mock_only	UNITE	No_BLAST	Cutadapt	SE	Fusarium_keratoplasticum	0
fig4_q20_SE_cutadapt_unite	3Z	fig4_q20_SE_cutadapt_unite_3Z	Zymo	3	mock_only	UNITE	No_BLAST	Cutadapt	SE	NA	0
fig4_q20_SE_cutadapt_unite	3Z	fig4_q20_SE_cutadapt_unite_3Z	Zymo	3	mock_only	UNITE	No_BLAST	Cutadapt	SE	Malassezia_globosa	5.9489916459160174e-5
fig4_q20_SE_cutadapt_unite	3Z	fig4_q20_SE_cutadapt_unite_3Z	Zymo	3	mock_only	UNITE	No_BLAST	Cutadapt	SE	NA	0
fig4_q20_SE_cutadapt_unite	3Z	fig4_q20_SE_cutadapt_unite_3Z	Zymo	3	mock_only	UNITE	No_BLAST	Cutadapt	SE	Nakaseomyces_glabratus	0.09890623539310087
fig4_q20_SE_cutadapt_unite	3Z	fig4_q20_SE_cutadapt_unite_3Z	Zymo	3	mock_only	UNITE	No_BLAST	Cutadapt	SE	Other	0.13188064623046394
fig4_q20_SE_cutadapt_unite	3Z	fig4_q20_SE_cutadapt_unite_3Z	Zymo	3	mock_only	UNITE	No_BLAST	Cutadapt	SE	NA	0
fig4_q20_SE_cutadapt_unite	3Z	fig4_q20_SE_cutadapt_unite_3Z	Zymo	3	mock_only	UNITE	No_BLAST	Cutadapt	SE	NA	0
fig4_q20_SE_cutadapt_unite	3Z	fig4_q20_SE_cutadapt_unite_3Z	Zymo	3	mock_only	UNITE	No_BLAST	Cutadapt	SE	NA	0
fig4_q20_SE_cutadapt_unite	3Z	fig4_q20_SE_cutadapt_unite_3Z	Zymo	3	mock_only	UNITE	No_BLAST	Cutadapt	SE	Penicillium_flavigenum	0
fig4_q20_SE_cutadapt_unite	3Z	fig4_q20_SE_cutadapt_unite_3Z	Zymo	3	mock_only	UNITE	No_BLAST	Cutadapt	SE	NA	0
fig4_q20_SE_cutadapt_unite	3Z	fig4_q20_SE_cutadapt_unite_3Z	Zymo	3	mock_only	UNITE	No_BLAST	Cutadapt	SE	NA	0
fig4_q20_SE_cutadapt_unite	3Z	fig4_q20_SE_cutadapt_unite_3Z	Zymo	3	mock_only	UNITE	No_BLAST	Cutadapt	SE	NA	0
fig4_q20_SE_cutadapt_unite	3Z	fig4_q20_SE_cutadapt_unite_3Z	Zymo	3	mock_only	UNITE	No_BLAST	Cutadapt	SE	Saccharomyces_cerevisiae	0.054441772119625725
fig4_q20_SE_cutadapt_unite	3Z	fig4_q20_SE_cutadapt_unite_3Z	Zymo	3	mock_only	UNITE	No_BLAST	Cutadapt	SE	Saccharomyces_kudriavzevii	0
fig4_q20_SE_cutadapt_unite	3Z	fig4_q20_SE_cutadapt_unite_3Z	Zymo	3	mock_only	UNITE	No_BLAST	Cutadapt	SE	NA	0
fig4_q20_SE_cutadapt_unite	3Z	fig4_q20_SE_cutadapt_unite_3Z	Zymo	3	mock_only	UNITE	No_BLAST	Cutadapt	SE	Trichophyton_mentagrophytes	0.004172792711635378
fig4_q20_SE_cutadapt_unite	3Z	fig4_q20_SE_cutadapt_unite_3Z	Zymo	3	mock_only	UNITE+BLAST	BLAST	Cutadapt	SE	Aspergillus_fumigatus	0.028665641173821036
fig4_q20_SE_cutadapt_unite	3Z	fig4_q20_SE_cutadapt_unite_3Z	Zymo	3	mock_only	UNITE+BLAST	BLAST	Cutadapt	SE	NA	0
fig4_q20_SE_cutadapt_unite	3Z	fig4_q20_SE_cutadapt_unite_3Z	Zymo	3	mock_only	UNITE+BLAST	BLAST	Cutadapt	SE	NA	0
fig4_q20_SE_cutadapt_unite	3Z	fig4_q20_SE_cutadapt_unite_3Z	Zymo	3	mock_only	UNITE+BLAST	BLAST	Cutadapt	SE	Candida_albicans	0.30276118197965446
fig4_q20_SE_cutadapt_unite	3Z	fig4_q20_SE_cutadapt_unite_3Z	Zymo	3	mock_only	UNITE+BLAST	BLAST	Cutadapt	SE	NA	0
fig4_q20_SE_cutadapt_unite	3Z	fig4_q20_SE_cutadapt_unite_3Z	Zymo	3	mock_only	UNITE+BLAST	BLAST	Cutadapt	SE	Cryptococcus_neoformans	0.15461429287735728
fig4_q20_SE_cutadapt_unite	3Z	fig4_q20_SE_cutadapt_unite_3Z	Zymo	3	mock_only	UNITE+BLAST	BLAST	Cutadapt	SE	NA	0
fig4_q20_SE_cutadapt_unite	3Z	fig4_q20_SE_cutadapt_unite_3Z	Zymo	3	mock_only	UNITE+BLAST	BLAST	Cutadapt	SE	NA	0
fig4_q20_SE_cutadapt_unite	3Z	fig4_q20_SE_cutadapt_unite_3Z	Zymo	3	mock_only	UNITE+BLAST	BLAST	Cutadapt	SE	Cutaneotrichosporon_mucoides	0.22449794759788216
fig4_q20_SE_cutadapt_unite	3Z	fig4_q20_SE_cutadapt_unite_3Z	Zymo	3	mock_only	UNITE+BLAST	BLAST	Cutadapt	SE	Fusarium_keratoplasticum	0.0015127435899615015
fig4_q20_SE_cutadapt_unite	3Z	fig4_q20_SE_cutadapt_unite_3Z	Zymo	3	mock_only	UNITE+BLAST	BLAST	Cutadapt	SE	NA	0
fig4_q20_SE_cutadapt_unite	3Z	fig4_q20_SE_cutadapt_unite_3Z	Zymo	3	mock_only	UNITE+BLAST	BLAST	Cutadapt	SE	Malassezia_globosa	5.9489916459160174e-5
fig4_q20_SE_cutadapt_unite	3Z	fig4_q20_SE_cutadapt_unite_3Z	Zymo	3	mock_only	UNITE+BLAST	BLAST	Cutadapt	SE	NA	0
fig4_q20_SE_cutadapt_unite	3Z	fig4_q20_SE_cutadapt_unite_3Z	Zymo	3	mock_only	UNITE+BLAST	BLAST	Cutadapt	SE	Nakaseomyces_glabratus	0.09890623539310087
fig4_q20_SE_cutadapt_unite	3Z	fig4_q20_SE_cutadapt_unite_3Z	Zymo	3	mock_only	UNITE+BLAST	BLAST	Cutadapt	SE	Other	0.13036790264050244
fig4_q20_SE_cutadapt_unite	3Z	fig4_q20_SE_cutadapt_unite_3Z	Zymo	3	mock_only	UNITE+BLAST	BLAST	Cutadapt	SE	NA	0
fig4_q20_SE_cutadapt_unite	3Z	fig4_q20_SE_cutadapt_unite_3Z	Zymo	3	mock_only	UNITE+BLAST	BLAST	Cutadapt	SE	NA	0
fig4_q20_SE_cutadapt_unite	3Z	fig4_q20_SE_cutadapt_unite_3Z	Zymo	3	mock_only	UNITE+BLAST	BLAST	Cutadapt	SE	NA	0
fig4_q20_SE_cutadapt_unite	3Z	fig4_q20_SE_cutadapt_unite_3Z	Zymo	3	mock_only	UNITE+BLAST	BLAST	Cutadapt	SE	Penicillium_flavigenum	0
fig4_q20_SE_cutadapt_unite	3Z	fig4_q20_SE_cutadapt_unite_3Z	Zymo	3	mock_only	UNITE+BLAST	BLAST	Cutadapt	SE	NA	0
fig4_q20_SE_cutadapt_unite	3Z	fig4_q20_SE_cutadapt_unite_3Z	Zymo	3	mock_only	UNITE+BLAST	BLAST	Cutadapt	SE	NA	0
fig4_q20_SE_cutadapt_unite	3Z	fig4_q20_SE_cutadapt_unite_3Z	Zymo	3	mock_only	UNITE+BLAST	BLAST	Cutadapt	SE	NA	0
fig4_q20_SE_cutadapt_unite	3Z	fig4_q20_SE_cutadapt_unite_3Z	Zymo	3	mock_only	UNITE+BLAST	BLAST	Cutadapt	SE	Saccharomyces_cerevisiae	0.054441772119625725
fig4_q20_SE_cutadapt_unite	3Z	fig4_q20_SE_cutadapt_unite_3Z	Zymo	3	mock_only	UNITE+BLAST	BLAST	Cutadapt	SE	Saccharomyces_kudriavzevii	0
fig4_q20_SE_cutadapt_unite	3Z	fig4_q20_SE_cutadapt_unite_3Z	Zymo	3	mock_only	UNITE+BLAST	BLAST	Cutadapt	SE	NA	0
fig4_q20_SE_cutadapt_unite	3Z	fig4_q20_SE_cutadapt_unite_3Z	Zymo	3	mock_only	UNITE+BLAST	BLAST	Cutadapt	SE	Trichophyton_mentagrophytes	0.004172792711635378
fig4_q20_SE_cutadapt_unite	4D	fig4_q20_SE_cutadapt_unite_4D	DNeasy	4	mock_only	UNITE	No_BLAST	Cutadapt	SE	Aspergillus_fumigatus	0.030630818452261628
fig4_q20_SE_cutadapt_unite	4D	fig4_q20_SE_cutadapt_unite_4D	DNeasy	4	mock_only	UNITE	No_BLAST	Cutadapt	SE	NA	0
fig4_q20_SE_cutadapt_unite	4D	fig4_q20_SE_cutadapt_unite_4D	DNeasy	4	mock_only	UNITE	No_BLAST	Cutadapt	SE	NA	0
fig4_q20_SE_cutadapt_unite	4D	fig4_q20_SE_cutadapt_unite_4D	DNeasy	4	mock_only	UNITE	No_BLAST	Cutadapt	SE	Candida_albicans	0.3007914297856645
fig4_q20_SE_cutadapt_unite	4D	fig4_q20_SE_cutadapt_unite_4D	DNeasy	4	mock_only	UNITE	No_BLAST	Cutadapt	SE	NA	0
fig4_q20_SE_cutadapt_unite	4D	fig4_q20_SE_cutadapt_unite_4D	DNeasy	4	mock_only	UNITE	No_BLAST	Cutadapt	SE	Cryptococcus_neoformans	0.14975423178388433
fig4_q20_SE_cutadapt_unite	4D	fig4_q20_SE_cutadapt_unite_4D	DNeasy	4	mock_only	UNITE	No_BLAST	Cutadapt	SE	NA	0
fig4_q20_SE_cutadapt_unite	4D	fig4_q20_SE_cutadapt_unite_4D	DNeasy	4	mock_only	UNITE	No_BLAST	Cutadapt	SE	NA	0
fig4_q20_SE_cutadapt_unite	4D	fig4_q20_SE_cutadapt_unite_4D	DNeasy	4	mock_only	UNITE	No_BLAST	Cutadapt	SE	Cutaneotrichosporon_mucoides	0.21634017849267506
fig4_q20_SE_cutadapt_unite	4D	fig4_q20_SE_cutadapt_unite_4D	DNeasy	4	mock_only	UNITE	No_BLAST	Cutadapt	SE	Fusarium_keratoplasticum	0
fig4_q20_SE_cutadapt_unite	4D	fig4_q20_SE_cutadapt_unite_4D	DNeasy	4	mock_only	UNITE	No_BLAST	Cutadapt	SE	NA	0
fig4_q20_SE_cutadapt_unite	4D	fig4_q20_SE_cutadapt_unite_4D	DNeasy	4	mock_only	UNITE	No_BLAST	Cutadapt	SE	Malassezia_globosa	1.6037077723697188e-5
fig4_q20_SE_cutadapt_unite	4D	fig4_q20_SE_cutadapt_unite_4D	DNeasy	4	mock_only	UNITE	No_BLAST	Cutadapt	SE	NA	0
fig4_q20_SE_cutadapt_unite	4D	fig4_q20_SE_cutadapt_unite_4D	DNeasy	4	mock_only	UNITE	No_BLAST	Cutadapt	SE	Nakaseomyces_glabratus	0.1120911547497815
fig4_q20_SE_cutadapt_unite	4D	fig4_q20_SE_cutadapt_unite_4D	DNeasy	4	mock_only	UNITE	No_BLAST	Cutadapt	SE	Other	0.12267562604742165
fig4_q20_SE_cutadapt_unite	4D	fig4_q20_SE_cutadapt_unite_4D	DNeasy	4	mock_only	UNITE	No_BLAST	Cutadapt	SE	NA	0
fig4_q20_SE_cutadapt_unite	4D	fig4_q20_SE_cutadapt_unite_4D	DNeasy	4	mock_only	UNITE	No_BLAST	Cutadapt	SE	NA	0
fig4_q20_SE_cutadapt_unite	4D	fig4_q20_SE_cutadapt_unite_4D	DNeasy	4	mock_only	UNITE	No_BLAST	Cutadapt	SE	NA	0
fig4_q20_SE_cutadapt_unite	4D	fig4_q20_SE_cutadapt_unite_4D	DNeasy	4	mock_only	UNITE	No_BLAST	Cutadapt	SE	Penicillium_flavigenum	0
fig4_q20_SE_cutadapt_unite	4D	fig4_q20_SE_cutadapt_unite_4D	DNeasy	4	mock_only	UNITE	No_BLAST	Cutadapt	SE	NA	0
fig4_q20_SE_cutadapt_unite	4D	fig4_q20_SE_cutadapt_unite_4D	DNeasy	4	mock_only	UNITE	No_BLAST	Cutadapt	SE	NA	0
fig4_q20_SE_cutadapt_unite	4D	fig4_q20_SE_cutadapt_unite_4D	DNeasy	4	mock_only	UNITE	No_BLAST	Cutadapt	SE	NA	0
fig4_q20_SE_cutadapt_unite	4D	fig4_q20_SE_cutadapt_unite_4D	DNeasy	4	mock_only	UNITE	No_BLAST	Cutadapt	SE	Saccharomyces_cerevisiae	0.06264884412762306
fig4_q20_SE_cutadapt_unite	4D	fig4_q20_SE_cutadapt_unite_4D	DNeasy	4	mock_only	UNITE	No_BLAST	Cutadapt	SE	Saccharomyces_kudriavzevii	0
fig4_q20_SE_cutadapt_unite	4D	fig4_q20_SE_cutadapt_unite_4D	DNeasy	4	mock_only	UNITE	No_BLAST	Cutadapt	SE	NA	0
fig4_q20_SE_cutadapt_unite	4D	fig4_q20_SE_cutadapt_unite_4D	DNeasy	4	mock_only	UNITE	No_BLAST	Cutadapt	SE	Trichophyton_mentagrophytes	0.005051679482964614
fig4_q20_SE_cutadapt_unite	4D	fig4_q20_SE_cutadapt_unite_4D	DNeasy	4	mock_only	UNITE+BLAST	BLAST	Cutadapt	SE	Aspergillus_fumigatus	0.030630818452261628
fig4_q20_SE_cutadapt_unite	4D	fig4_q20_SE_cutadapt_unite_4D	DNeasy	4	mock_only	UNITE+BLAST	BLAST	Cutadapt	SE	NA	0
fig4_q20_SE_cutadapt_unite	4D	fig4_q20_SE_cutadapt_unite_4D	DNeasy	4	mock_only	UNITE+BLAST	BLAST	Cutadapt	SE	NA	0
fig4_q20_SE_cutadapt_unite	4D	fig4_q20_SE_cutadapt_unite_4D	DNeasy	4	mock_only	UNITE+BLAST	BLAST	Cutadapt	SE	Candida_albicans	0.3007914297856645
fig4_q20_SE_cutadapt_unite	4D	fig4_q20_SE_cutadapt_unite_4D	DNeasy	4	mock_only	UNITE+BLAST	BLAST	Cutadapt	SE	NA	0
fig4_q20_SE_cutadapt_unite	4D	fig4_q20_SE_cutadapt_unite_4D	DNeasy	4	mock_only	UNITE+BLAST	BLAST	Cutadapt	SE	Cryptococcus_neoformans	0.14975423178388433
fig4_q20_SE_cutadapt_unite	4D	fig4_q20_SE_cutadapt_unite_4D	DNeasy	4	mock_only	UNITE+BLAST	BLAST	Cutadapt	SE	NA	0
fig4_q20_SE_cutadapt_unite	4D	fig4_q20_SE_cutadapt_unite_4D	DNeasy	4	mock_only	UNITE+BLAST	BLAST	Cutadapt	SE	NA	0
fig4_q20_SE_cutadapt_unite	4D	fig4_q20_SE_cutadapt_unite_4D	DNeasy	4	mock_only	UNITE+BLAST	BLAST	Cutadapt	SE	Cutaneotrichosporon_mucoides	0.21634017849267506
fig4_q20_SE_cutadapt_unite	4D	fig4_q20_SE_cutadapt_unite_4D	DNeasy	4	mock_only	UNITE+BLAST	BLAST	Cutadapt	SE	Fusarium_keratoplasticum	0.002092838642942483
fig4_q20_SE_cutadapt_unite	4D	fig4_q20_SE_cutadapt_unite_4D	DNeasy	4	mock_only	UNITE+BLAST	BLAST	Cutadapt	SE	NA	0
fig4_q20_SE_cutadapt_unite	4D	fig4_q20_SE_cutadapt_unite_4D	DNeasy	4	mock_only	UNITE+BLAST	BLAST	Cutadapt	SE	Malassezia_globosa	1.6037077723697188e-5
fig4_q20_SE_cutadapt_unite	4D	fig4_q20_SE_cutadapt_unite_4D	DNeasy	4	mock_only	UNITE+BLAST	BLAST	Cutadapt	SE	NA	0
fig4_q20_SE_cutadapt_unite	4D	fig4_q20_SE_cutadapt_unite_4D	DNeasy	4	mock_only	UNITE+BLAST	BLAST	Cutadapt	SE	Nakaseomyces_glabratus	0.1120911547497815
fig4_q20_SE_cutadapt_unite	4D	fig4_q20_SE_cutadapt_unite_4D	DNeasy	4	mock_only	UNITE+BLAST	BLAST	Cutadapt	SE	Other	0.12058278740447917
fig4_q20_SE_cutadapt_unite	4D	fig4_q20_SE_cutadapt_unite_4D	DNeasy	4	mock_only	UNITE+BLAST	BLAST	Cutadapt	SE	NA	0
fig4_q20_SE_cutadapt_unite	4D	fig4_q20_SE_cutadapt_unite_4D	DNeasy	4	mock_only	UNITE+BLAST	BLAST	Cutadapt	SE	NA	0
fig4_q20_SE_cutadapt_unite	4D	fig4_q20_SE_cutadapt_unite_4D	DNeasy	4	mock_only	UNITE+BLAST	BLAST	Cutadapt	SE	NA	0
fig4_q20_SE_cutadapt_unite	4D	fig4_q20_SE_cutadapt_unite_4D	DNeasy	4	mock_only	UNITE+BLAST	BLAST	Cutadapt	SE	Penicillium_flavigenum	0
fig4_q20_SE_cutadapt_unite	4D	fig4_q20_SE_cutadapt_unite_4D	DNeasy	4	mock_only	UNITE+BLAST	BLAST	Cutadapt	SE	NA	0
fig4_q20_SE_cutadapt_unite	4D	fig4_q20_SE_cutadapt_unite_4D	DNeasy	4	mock_only	UNITE+BLAST	BLAST	Cutadapt	SE	NA	0
fig4_q20_SE_cutadapt_unite	4D	fig4_q20_SE_cutadapt_unite_4D	DNeasy	4	mock_only	UNITE+BLAST	BLAST	Cutadapt	SE	NA	0
fig4_q20_SE_cutadapt_unite	4D	fig4_q20_SE_cutadapt_unite_4D	DNeasy	4	mock_only	UNITE+BLAST	BLAST	Cutadapt	SE	Saccharomyces_cerevisiae	0.06264884412762306
fig4_q20_SE_cutadapt_unite	4D	fig4_q20_SE_cutadapt_unite_4D	DNeasy	4	mock_only	UNITE+BLAST	BLAST	Cutadapt	SE	Saccharomyces_kudriavzevii	0
fig4_q20_SE_cutadapt_unite	4D	fig4_q20_SE_cutadapt_unite_4D	DNeasy	4	mock_only	UNITE+BLAST	BLAST	Cutadapt	SE	NA	0
fig4_q20_SE_cutadapt_unite	4D	fig4_q20_SE_cutadapt_unite_4D	DNeasy	4	mock_only	UNITE+BLAST	BLAST	Cutadapt	SE	Trichophyton_mentagrophytes	0.005051679482964614
fig4_q20_SE_cutadapt_unite	4Q	fig4_q20_SE_cutadapt_unite_4Q	QIAamp	4	mock_only	UNITE	No_BLAST	Cutadapt	SE	Aspergillus_fumigatus	0.0349103782135355
fig4_q20_SE_cutadapt_unite	4Q	fig4_q20_SE_cutadapt_unite_4Q	QIAamp	4	mock_only	UNITE	No_BLAST	Cutadapt	SE	NA	0
fig4_q20_SE_cutadapt_unite	4Q	fig4_q20_SE_cutadapt_unite_4Q	QIAamp	4	mock_only	UNITE	No_BLAST	Cutadapt	SE	NA	0
fig4_q20_SE_cutadapt_unite	4Q	fig4_q20_SE_cutadapt_unite_4Q	QIAamp	4	mock_only	UNITE	No_BLAST	Cutadapt	SE	Candida_albicans	0.28202339443182667
fig4_q20_SE_cutadapt_unite	4Q	fig4_q20_SE_cutadapt_unite_4Q	QIAamp	4	mock_only	UNITE	No_BLAST	Cutadapt	SE	NA	0
fig4_q20_SE_cutadapt_unite	4Q	fig4_q20_SE_cutadapt_unite_4Q	QIAamp	4	mock_only	UNITE	No_BLAST	Cutadapt	SE	Cryptococcus_neoformans	0.14867300043717946
fig4_q20_SE_cutadapt_unite	4Q	fig4_q20_SE_cutadapt_unite_4Q	QIAamp	4	mock_only	UNITE	No_BLAST	Cutadapt	SE	NA	0
fig4_q20_SE_cutadapt_unite	4Q	fig4_q20_SE_cutadapt_unite_4Q	QIAamp	4	mock_only	UNITE	No_BLAST	Cutadapt	SE	NA	0
fig4_q20_SE_cutadapt_unite	4Q	fig4_q20_SE_cutadapt_unite_4Q	QIAamp	4	mock_only	UNITE	No_BLAST	Cutadapt	SE	Cutaneotrichosporon_mucoides	0.2439994455285073
fig4_q20_SE_cutadapt_unite	4Q	fig4_q20_SE_cutadapt_unite_4Q	QIAamp	4	mock_only	UNITE	No_BLAST	Cutadapt	SE	Fusarium_keratoplasticum	0
fig4_q20_SE_cutadapt_unite	4Q	fig4_q20_SE_cutadapt_unite_4Q	QIAamp	4	mock_only	UNITE	No_BLAST	Cutadapt	SE	NA	0
fig4_q20_SE_cutadapt_unite	4Q	fig4_q20_SE_cutadapt_unite_4Q	QIAamp	4	mock_only	UNITE	No_BLAST	Cutadapt	SE	Malassezia_globosa	0
fig4_q20_SE_cutadapt_unite	4Q	fig4_q20_SE_cutadapt_unite_4Q	QIAamp	4	mock_only	UNITE	No_BLAST	Cutadapt	SE	NA	0
fig4_q20_SE_cutadapt_unite	4Q	fig4_q20_SE_cutadapt_unite_4Q	QIAamp	4	mock_only	UNITE	No_BLAST	Cutadapt	SE	Nakaseomyces_glabratus	0.10942281650192466
fig4_q20_SE_cutadapt_unite	4Q	fig4_q20_SE_cutadapt_unite_4Q	QIAamp	4	mock_only	UNITE	No_BLAST	Cutadapt	SE	Other	0.1326999562820554
fig4_q20_SE_cutadapt_unite	4Q	fig4_q20_SE_cutadapt_unite_4Q	QIAamp	4	mock_only	UNITE	No_BLAST	Cutadapt	SE	NA	0
fig4_q20_SE_cutadapt_unite	4Q	fig4_q20_SE_cutadapt_unite_4Q	QIAamp	4	mock_only	UNITE	No_BLAST	Cutadapt	SE	NA	0
fig4_q20_SE_cutadapt_unite	4Q	fig4_q20_SE_cutadapt_unite_4Q	QIAamp	4	mock_only	UNITE	No_BLAST	Cutadapt	SE	NA	0
fig4_q20_SE_cutadapt_unite	4Q	fig4_q20_SE_cutadapt_unite_4Q	QIAamp	4	mock_only	UNITE	No_BLAST	Cutadapt	SE	Penicillium_flavigenum	0
fig4_q20_SE_cutadapt_unite	4Q	fig4_q20_SE_cutadapt_unite_4Q	QIAamp	4	mock_only	UNITE	No_BLAST	Cutadapt	SE	NA	0
fig4_q20_SE_cutadapt_unite	4Q	fig4_q20_SE_cutadapt_unite_4Q	QIAamp	4	mock_only	UNITE	No_BLAST	Cutadapt	SE	NA	0
fig4_q20_SE_cutadapt_unite	4Q	fig4_q20_SE_cutadapt_unite_4Q	QIAamp	4	mock_only	UNITE	No_BLAST	Cutadapt	SE	NA	0
fig4_q20_SE_cutadapt_unite	4Q	fig4_q20_SE_cutadapt_unite_4Q	QIAamp	4	mock_only	UNITE	No_BLAST	Cutadapt	SE	Saccharomyces_cerevisiae	0.04196922683215508
fig4_q20_SE_cutadapt_unite	4Q	fig4_q20_SE_cutadapt_unite_4Q	QIAamp	4	mock_only	UNITE	No_BLAST	Cutadapt	SE	Saccharomyces_kudriavzevii	0
fig4_q20_SE_cutadapt_unite	4Q	fig4_q20_SE_cutadapt_unite_4Q	QIAamp	4	mock_only	UNITE	No_BLAST	Cutadapt	SE	NA	0
fig4_q20_SE_cutadapt_unite	4Q	fig4_q20_SE_cutadapt_unite_4Q	QIAamp	4	mock_only	UNITE	No_BLAST	Cutadapt	SE	Trichophyton_mentagrophytes	0.0063017817728159686
fig4_q20_SE_cutadapt_unite	4Q	fig4_q20_SE_cutadapt_unite_4Q	QIAamp	4	mock_only	UNITE+BLAST	BLAST	Cutadapt	SE	Aspergillus_fumigatus	0.0349103782135355
fig4_q20_SE_cutadapt_unite	4Q	fig4_q20_SE_cutadapt_unite_4Q	QIAamp	4	mock_only	UNITE+BLAST	BLAST	Cutadapt	SE	NA	0
fig4_q20_SE_cutadapt_unite	4Q	fig4_q20_SE_cutadapt_unite_4Q	QIAamp	4	mock_only	UNITE+BLAST	BLAST	Cutadapt	SE	NA	0
fig4_q20_SE_cutadapt_unite	4Q	fig4_q20_SE_cutadapt_unite_4Q	QIAamp	4	mock_only	UNITE+BLAST	BLAST	Cutadapt	SE	Candida_albicans	0.28202339443182667
fig4_q20_SE_cutadapt_unite	4Q	fig4_q20_SE_cutadapt_unite_4Q	QIAamp	4	mock_only	UNITE+BLAST	BLAST	Cutadapt	SE	NA	0
fig4_q20_SE_cutadapt_unite	4Q	fig4_q20_SE_cutadapt_unite_4Q	QIAamp	4	mock_only	UNITE+BLAST	BLAST	Cutadapt	SE	Cryptococcus_neoformans	0.14867300043717946
fig4_q20_SE_cutadapt_unite	4Q	fig4_q20_SE_cutadapt_unite_4Q	QIAamp	4	mock_only	UNITE+BLAST	BLAST	Cutadapt	SE	NA	0
fig4_q20_SE_cutadapt_unite	4Q	fig4_q20_SE_cutadapt_unite_4Q	QIAamp	4	mock_only	UNITE+BLAST	BLAST	Cutadapt	SE	NA	0
fig4_q20_SE_cutadapt_unite	4Q	fig4_q20_SE_cutadapt_unite_4Q	QIAamp	4	mock_only	UNITE+BLAST	BLAST	Cutadapt	SE	Cutaneotrichosporon_mucoides	0.2439994455285073
fig4_q20_SE_cutadapt_unite	4Q	fig4_q20_SE_cutadapt_unite_4Q	QIAamp	4	mock_only	UNITE+BLAST	BLAST	Cutadapt	SE	Fusarium_keratoplasticum	0.0020472793576661015
fig4_q20_SE_cutadapt_unite	4Q	fig4_q20_SE_cutadapt_unite_4Q	QIAamp	4	mock_only	UNITE+BLAST	BLAST	Cutadapt	SE	NA	0
fig4_q20_SE_cutadapt_unite	4Q	fig4_q20_SE_cutadapt_unite_4Q	QIAamp	4	mock_only	UNITE+BLAST	BLAST	Cutadapt	SE	Malassezia_globosa	0
fig4_q20_SE_cutadapt_unite	4Q	fig4_q20_SE_cutadapt_unite_4Q	QIAamp	4	mock_only	UNITE+BLAST	BLAST	Cutadapt	SE	NA	0
fig4_q20_SE_cutadapt_unite	4Q	fig4_q20_SE_cutadapt_unite_4Q	QIAamp	4	mock_only	UNITE+BLAST	BLAST	Cutadapt	SE	Nakaseomyces_glabratus	0.10942281650192466
fig4_q20_SE_cutadapt_unite	4Q	fig4_q20_SE_cutadapt_unite_4Q	QIAamp	4	mock_only	UNITE+BLAST	BLAST	Cutadapt	SE	Other	0.13065267692438928
fig4_q20_SE_cutadapt_unite	4Q	fig4_q20_SE_cutadapt_unite_4Q	QIAamp	4	mock_only	UNITE+BLAST	BLAST	Cutadapt	SE	NA	0
fig4_q20_SE_cutadapt_unite	4Q	fig4_q20_SE_cutadapt_unite_4Q	QIAamp	4	mock_only	UNITE+BLAST	BLAST	Cutadapt	SE	NA	0
fig4_q20_SE_cutadapt_unite	4Q	fig4_q20_SE_cutadapt_unite_4Q	QIAamp	4	mock_only	UNITE+BLAST	BLAST	Cutadapt	SE	NA	0
fig4_q20_SE_cutadapt_unite	4Q	fig4_q20_SE_cutadapt_unite_4Q	QIAamp	4	mock_only	UNITE+BLAST	BLAST	Cutadapt	SE	Penicillium_flavigenum	0
fig4_q20_SE_cutadapt_unite	4Q	fig4_q20_SE_cutadapt_unite_4Q	QIAamp	4	mock_only	UNITE+BLAST	BLAST	Cutadapt	SE	NA	0
fig4_q20_SE_cutadapt_unite	4Q	fig4_q20_SE_cutadapt_unite_4Q	QIAamp	4	mock_only	UNITE+BLAST	BLAST	Cutadapt	SE	NA	0
fig4_q20_SE_cutadapt_unite	4Q	fig4_q20_SE_cutadapt_unite_4Q	QIAamp	4	mock_only	UNITE+BLAST	BLAST	Cutadapt	SE	NA	0
fig4_q20_SE_cutadapt_unite	4Q	fig4_q20_SE_cutadapt_unite_4Q	QIAamp	4	mock_only	UNITE+BLAST	BLAST	Cutadapt	SE	Saccharomyces_cerevisiae	0.04196922683215508
fig4_q20_SE_cutadapt_unite	4Q	fig4_q20_SE_cutadapt_unite_4Q	QIAamp	4	mock_only	UNITE+BLAST	BLAST	Cutadapt	SE	Saccharomyces_kudriavzevii	0
fig4_q20_SE_cutadapt_unite	4Q	fig4_q20_SE_cutadapt_unite_4Q	QIAamp	4	mock_only	UNITE+BLAST	BLAST	Cutadapt	SE	NA	0
fig4_q20_SE_cutadapt_unite	4Q	fig4_q20_SE_cutadapt_unite_4Q	QIAamp	4	mock_only	UNITE+BLAST	BLAST	Cutadapt	SE	Trichophyton_mentagrophytes	0.0063017817728159686
fig4_q20_SE_cutadapt_unite	4Z	fig4_q20_SE_cutadapt_unite_4Z	Zymo	4	mock_only	UNITE	No_BLAST	Cutadapt	SE	Aspergillus_fumigatus	0.0261992152892039
fig4_q20_SE_cutadapt_unite	4Z	fig4_q20_SE_cutadapt_unite_4Z	Zymo	4	mock_only	UNITE	No_BLAST	Cutadapt	SE	NA	0
fig4_q20_SE_cutadapt_unite	4Z	fig4_q20_SE_cutadapt_unite_4Z	Zymo	4	mock_only	UNITE	No_BLAST	Cutadapt	SE	NA	0
fig4_q20_SE_cutadapt_unite	4Z	fig4_q20_SE_cutadapt_unite_4Z	Zymo	4	mock_only	UNITE	No_BLAST	Cutadapt	SE	Candida_albicans	0.3142911385538901
fig4_q20_SE_cutadapt_unite	4Z	fig4_q20_SE_cutadapt_unite_4Z	Zymo	4	mock_only	UNITE	No_BLAST	Cutadapt	SE	NA	0
fig4_q20_SE_cutadapt_unite	4Z	fig4_q20_SE_cutadapt_unite_4Z	Zymo	4	mock_only	UNITE	No_BLAST	Cutadapt	SE	Cryptococcus_neoformans	0.15133708210533928
fig4_q20_SE_cutadapt_unite	4Z	fig4_q20_SE_cutadapt_unite_4Z	Zymo	4	mock_only	UNITE	No_BLAST	Cutadapt	SE	NA	0
fig4_q20_SE_cutadapt_unite	4Z	fig4_q20_SE_cutadapt_unite_4Z	Zymo	4	mock_only	UNITE	No_BLAST	Cutadapt	SE	NA	0
fig4_q20_SE_cutadapt_unite	4Z	fig4_q20_SE_cutadapt_unite_4Z	Zymo	4	mock_only	UNITE	No_BLAST	Cutadapt	SE	Cutaneotrichosporon_mucoides	0.23093821758547742
fig4_q20_SE_cutadapt_unite	4Z	fig4_q20_SE_cutadapt_unite_4Z	Zymo	4	mock_only	UNITE	No_BLAST	Cutadapt	SE	Fusarium_keratoplasticum	0
fig4_q20_SE_cutadapt_unite	4Z	fig4_q20_SE_cutadapt_unite_4Z	Zymo	4	mock_only	UNITE	No_BLAST	Cutadapt	SE	NA	0
fig4_q20_SE_cutadapt_unite	4Z	fig4_q20_SE_cutadapt_unite_4Z	Zymo	4	mock_only	UNITE	No_BLAST	Cutadapt	SE	Malassezia_globosa	3.616178783879075e-5
fig4_q20_SE_cutadapt_unite	4Z	fig4_q20_SE_cutadapt_unite_4Z	Zymo	4	mock_only	UNITE	No_BLAST	Cutadapt	SE	NA	0
fig4_q20_SE_cutadapt_unite	4Z	fig4_q20_SE_cutadapt_unite_4Z	Zymo	4	mock_only	UNITE	No_BLAST	Cutadapt	SE	Nakaseomyces_glabratus	0.09309852279096678
fig4_q20_SE_cutadapt_unite	4Z	fig4_q20_SE_cutadapt_unite_4Z	Zymo	4	mock_only	UNITE	No_BLAST	Cutadapt	SE	Other	0.12483953206646536
fig4_q20_SE_cutadapt_unite	4Z	fig4_q20_SE_cutadapt_unite_4Z	Zymo	4	mock_only	UNITE	No_BLAST	Cutadapt	SE	NA	0
fig4_q20_SE_cutadapt_unite	4Z	fig4_q20_SE_cutadapt_unite_4Z	Zymo	4	mock_only	UNITE	No_BLAST	Cutadapt	SE	NA	0
fig4_q20_SE_cutadapt_unite	4Z	fig4_q20_SE_cutadapt_unite_4Z	Zymo	4	mock_only	UNITE	No_BLAST	Cutadapt	SE	NA	0
fig4_q20_SE_cutadapt_unite	4Z	fig4_q20_SE_cutadapt_unite_4Z	Zymo	4	mock_only	UNITE	No_BLAST	Cutadapt	SE	Penicillium_flavigenum	0
fig4_q20_SE_cutadapt_unite	4Z	fig4_q20_SE_cutadapt_unite_4Z	Zymo	4	mock_only	UNITE	No_BLAST	Cutadapt	SE	NA	0
fig4_q20_SE_cutadapt_unite	4Z	fig4_q20_SE_cutadapt_unite_4Z	Zymo	4	mock_only	UNITE	No_BLAST	Cutadapt	SE	NA	0
fig4_q20_SE_cutadapt_unite	4Z	fig4_q20_SE_cutadapt_unite_4Z	Zymo	4	mock_only	UNITE	No_BLAST	Cutadapt	SE	NA	0
fig4_q20_SE_cutadapt_unite	4Z	fig4_q20_SE_cutadapt_unite_4Z	Zymo	4	mock_only	UNITE	No_BLAST	Cutadapt	SE	Saccharomyces_cerevisiae	0.05586996221093171
fig4_q20_SE_cutadapt_unite	4Z	fig4_q20_SE_cutadapt_unite_4Z	Zymo	4	mock_only	UNITE	No_BLAST	Cutadapt	SE	Saccharomyces_kudriavzevii	0
fig4_q20_SE_cutadapt_unite	4Z	fig4_q20_SE_cutadapt_unite_4Z	Zymo	4	mock_only	UNITE	No_BLAST	Cutadapt	SE	NA	0
fig4_q20_SE_cutadapt_unite	4Z	fig4_q20_SE_cutadapt_unite_4Z	Zymo	4	mock_only	UNITE	No_BLAST	Cutadapt	SE	Trichophyton_mentagrophytes	0.003390167609886633
fig4_q20_SE_cutadapt_unite	4Z	fig4_q20_SE_cutadapt_unite_4Z	Zymo	4	mock_only	UNITE+BLAST	BLAST	Cutadapt	SE	Aspergillus_fumigatus	0.0261992152892039
fig4_q20_SE_cutadapt_unite	4Z	fig4_q20_SE_cutadapt_unite_4Z	Zymo	4	mock_only	UNITE+BLAST	BLAST	Cutadapt	SE	NA	0
fig4_q20_SE_cutadapt_unite	4Z	fig4_q20_SE_cutadapt_unite_4Z	Zymo	4	mock_only	UNITE+BLAST	BLAST	Cutadapt	SE	NA	0
fig4_q20_SE_cutadapt_unite	4Z	fig4_q20_SE_cutadapt_unite_4Z	Zymo	4	mock_only	UNITE+BLAST	BLAST	Cutadapt	SE	Candida_albicans	0.3142911385538901
fig4_q20_SE_cutadapt_unite	4Z	fig4_q20_SE_cutadapt_unite_4Z	Zymo	4	mock_only	UNITE+BLAST	BLAST	Cutadapt	SE	NA	0
fig4_q20_SE_cutadapt_unite	4Z	fig4_q20_SE_cutadapt_unite_4Z	Zymo	4	mock_only	UNITE+BLAST	BLAST	Cutadapt	SE	Cryptococcus_neoformans	0.15133708210533928
fig4_q20_SE_cutadapt_unite	4Z	fig4_q20_SE_cutadapt_unite_4Z	Zymo	4	mock_only	UNITE+BLAST	BLAST	Cutadapt	SE	NA	0
fig4_q20_SE_cutadapt_unite	4Z	fig4_q20_SE_cutadapt_unite_4Z	Zymo	4	mock_only	UNITE+BLAST	BLAST	Cutadapt	SE	NA	0
fig4_q20_SE_cutadapt_unite	4Z	fig4_q20_SE_cutadapt_unite_4Z	Zymo	4	mock_only	UNITE+BLAST	BLAST	Cutadapt	SE	Cutaneotrichosporon_mucoides	0.23093821758547742
fig4_q20_SE_cutadapt_unite	4Z	fig4_q20_SE_cutadapt_unite_4Z	Zymo	4	mock_only	UNITE+BLAST	BLAST	Cutadapt	SE	Fusarium_keratoplasticum	0.001970817437214096
fig4_q20_SE_cutadapt_unite	4Z	fig4_q20_SE_cutadapt_unite_4Z	Zymo	4	mock_only	UNITE+BLAST	BLAST	Cutadapt	SE	NA	0
fig4_q20_SE_cutadapt_unite	4Z	fig4_q20_SE_cutadapt_unite_4Z	Zymo	4	mock_only	UNITE+BLAST	BLAST	Cutadapt	SE	Malassezia_globosa	3.616178783879075e-5
fig4_q20_SE_cutadapt_unite	4Z	fig4_q20_SE_cutadapt_unite_4Z	Zymo	4	mock_only	UNITE+BLAST	BLAST	Cutadapt	SE	NA	0
fig4_q20_SE_cutadapt_unite	4Z	fig4_q20_SE_cutadapt_unite_4Z	Zymo	4	mock_only	UNITE+BLAST	BLAST	Cutadapt	SE	Nakaseomyces_glabratus	0.09309852279096678
fig4_q20_SE_cutadapt_unite	4Z	fig4_q20_SE_cutadapt_unite_4Z	Zymo	4	mock_only	UNITE+BLAST	BLAST	Cutadapt	SE	Other	0.12286871462925128
fig4_q20_SE_cutadapt_unite	4Z	fig4_q20_SE_cutadapt_unite_4Z	Zymo	4	mock_only	UNITE+BLAST	BLAST	Cutadapt	SE	NA	0
fig4_q20_SE_cutadapt_unite	4Z	fig4_q20_SE_cutadapt_unite_4Z	Zymo	4	mock_only	UNITE+BLAST	BLAST	Cutadapt	SE	NA	0
fig4_q20_SE_cutadapt_unite	4Z	fig4_q20_SE_cutadapt_unite_4Z	Zymo	4	mock_only	UNITE+BLAST	BLAST	Cutadapt	SE	NA	0
fig4_q20_SE_cutadapt_unite	4Z	fig4_q20_SE_cutadapt_unite_4Z	Zymo	4	mock_only	UNITE+BLAST	BLAST	Cutadapt	SE	Penicillium_flavigenum	0
fig4_q20_SE_cutadapt_unite	4Z	fig4_q20_SE_cutadapt_unite_4Z	Zymo	4	mock_only	UNITE+BLAST	BLAST	Cutadapt	SE	NA	0
fig4_q20_SE_cutadapt_unite	4Z	fig4_q20_SE_cutadapt_unite_4Z	Zymo	4	mock_only	UNITE+BLAST	BLAST	Cutadapt	SE	NA	0
fig4_q20_SE_cutadapt_unite	4Z	fig4_q20_SE_cutadapt_unite_4Z	Zymo	4	mock_only	UNITE+BLAST	BLAST	Cutadapt	SE	NA	0
fig4_q20_SE_cutadapt_unite	4Z	fig4_q20_SE_cutadapt_unite_4Z	Zymo	4	mock_only	UNITE+BLAST	BLAST	Cutadapt	SE	Saccharomyces_cerevisiae	0.05586996221093171
fig4_q20_SE_cutadapt_unite	4Z	fig4_q20_SE_cutadapt_unite_4Z	Zymo	4	mock_only	UNITE+BLAST	BLAST	Cutadapt	SE	Saccharomyces_kudriavzevii	0
fig4_q20_SE_cutadapt_unite	4Z	fig4_q20_SE_cutadapt_unite_4Z	Zymo	4	mock_only	UNITE+BLAST	BLAST	Cutadapt	SE	NA	0
fig4_q20_SE_cutadapt_unite	4Z	fig4_q20_SE_cutadapt_unite_4Z	Zymo	4	mock_only	UNITE+BLAST	BLAST	Cutadapt	SE	Trichophyton_mentagrophytes	0.003390167609886633
fig4_q20_SE_itsxpress_unite	1D	fig4_q20_SE_itsxpress_unite_1D	DNeasy	1	mock_only	UNITE	No_BLAST	ITSxpress	SE	Aspergillus_fumigatus	0.035456606885178314
fig4_q20_SE_itsxpress_unite	1D	fig4_q20_SE_itsxpress_unite_1D	DNeasy	1	mock_only	UNITE	No_BLAST	ITSxpress	SE	NA	0
fig4_q20_SE_itsxpress_unite	1D	fig4_q20_SE_itsxpress_unite_1D	DNeasy	1	mock_only	UNITE	No_BLAST	ITSxpress	SE	NA	0
fig4_q20_SE_itsxpress_unite	1D	fig4_q20_SE_itsxpress_unite_1D	DNeasy	1	mock_only	UNITE	No_BLAST	ITSxpress	SE	Candida_albicans	0.28737427985548286
fig4_q20_SE_itsxpress_unite	1D	fig4_q20_SE_itsxpress_unite_1D	DNeasy	1	mock_only	UNITE	No_BLAST	ITSxpress	SE	NA	0
fig4_q20_SE_itsxpress_unite	1D	fig4_q20_SE_itsxpress_unite_1D	DNeasy	1	mock_only	UNITE	No_BLAST	ITSxpress	SE	Cryptococcus_neoformans	0.1393744100511018
fig4_q20_SE_itsxpress_unite	1D	fig4_q20_SE_itsxpress_unite_1D	DNeasy	1	mock_only	UNITE	No_BLAST	ITSxpress	SE	NA	0
fig4_q20_SE_itsxpress_unite	1D	fig4_q20_SE_itsxpress_unite_1D	DNeasy	1	mock_only	UNITE	No_BLAST	ITSxpress	SE	NA	0
fig4_q20_SE_itsxpress_unite	1D	fig4_q20_SE_itsxpress_unite_1D	DNeasy	1	mock_only	UNITE	No_BLAST	ITSxpress	SE	Cutaneotrichosporon_mucoides	0.22631253458321127
fig4_q20_SE_itsxpress_unite	1D	fig4_q20_SE_itsxpress_unite_1D	DNeasy	1	mock_only	UNITE	No_BLAST	ITSxpress	SE	Fusarium_keratoplasticum	0
fig4_q20_SE_itsxpress_unite	1D	fig4_q20_SE_itsxpress_unite_1D	DNeasy	1	mock_only	UNITE	No_BLAST	ITSxpress	SE	NA	0
fig4_q20_SE_itsxpress_unite	1D	fig4_q20_SE_itsxpress_unite_1D	DNeasy	1	mock_only	UNITE	No_BLAST	ITSxpress	SE	Malassezia_globosa	0
fig4_q20_SE_itsxpress_unite	1D	fig4_q20_SE_itsxpress_unite_1D	DNeasy	1	mock_only	UNITE	No_BLAST	ITSxpress	SE	NA	0
fig4_q20_SE_itsxpress_unite	1D	fig4_q20_SE_itsxpress_unite_1D	DNeasy	1	mock_only	UNITE	No_BLAST	ITSxpress	SE	Nakaseomyces_glabratus	0.1090496804782519
fig4_q20_SE_itsxpress_unite	1D	fig4_q20_SE_itsxpress_unite_1D	DNeasy	1	mock_only	UNITE	No_BLAST	ITSxpress	SE	Other	0.13681389621239246
fig4_q20_SE_itsxpress_unite	1D	fig4_q20_SE_itsxpress_unite_1D	DNeasy	1	mock_only	UNITE	No_BLAST	ITSxpress	SE	NA	0
fig4_q20_SE_itsxpress_unite	1D	fig4_q20_SE_itsxpress_unite_1D	DNeasy	1	mock_only	UNITE	No_BLAST	ITSxpress	SE	NA	0
fig4_q20_SE_itsxpress_unite	1D	fig4_q20_SE_itsxpress_unite_1D	DNeasy	1	mock_only	UNITE	No_BLAST	ITSxpress	SE	NA	0
fig4_q20_SE_itsxpress_unite	1D	fig4_q20_SE_itsxpress_unite_1D	DNeasy	1	mock_only	UNITE	No_BLAST	ITSxpress	SE	Penicillium_flavigenum	0
fig4_q20_SE_itsxpress_unite	1D	fig4_q20_SE_itsxpress_unite_1D	DNeasy	1	mock_only	UNITE	No_BLAST	ITSxpress	SE	NA	0
fig4_q20_SE_itsxpress_unite	1D	fig4_q20_SE_itsxpress_unite_1D	DNeasy	1	mock_only	UNITE	No_BLAST	ITSxpress	SE	NA	0
fig4_q20_SE_itsxpress_unite	1D	fig4_q20_SE_itsxpress_unite_1D	DNeasy	1	mock_only	UNITE	No_BLAST	ITSxpress	SE	NA	0
fig4_q20_SE_itsxpress_unite	1D	fig4_q20_SE_itsxpress_unite_1D	DNeasy	1	mock_only	UNITE	No_BLAST	ITSxpress	SE	Saccharomyces_cerevisiae	0.060768805129707386
fig4_q20_SE_itsxpress_unite	1D	fig4_q20_SE_itsxpress_unite_1D	DNeasy	1	mock_only	UNITE	No_BLAST	ITSxpress	SE	Saccharomyces_kudriavzevii	0
fig4_q20_SE_itsxpress_unite	1D	fig4_q20_SE_itsxpress_unite_1D	DNeasy	1	mock_only	UNITE	No_BLAST	ITSxpress	SE	NA	0
fig4_q20_SE_itsxpress_unite	1D	fig4_q20_SE_itsxpress_unite_1D	DNeasy	1	mock_only	UNITE	No_BLAST	ITSxpress	SE	Trichophyton_mentagrophytes	0.004849786804674023
fig4_q20_SE_itsxpress_unite	1D	fig4_q20_SE_itsxpress_unite_1D	DNeasy	1	mock_only	UNITE+BLAST	BLAST	ITSxpress	SE	Aspergillus_fumigatus	0.035456606885178314
fig4_q20_SE_itsxpress_unite	1D	fig4_q20_SE_itsxpress_unite_1D	DNeasy	1	mock_only	UNITE+BLAST	BLAST	ITSxpress	SE	NA	0
fig4_q20_SE_itsxpress_unite	1D	fig4_q20_SE_itsxpress_unite_1D	DNeasy	1	mock_only	UNITE+BLAST	BLAST	ITSxpress	SE	NA	0
fig4_q20_SE_itsxpress_unite	1D	fig4_q20_SE_itsxpress_unite_1D	DNeasy	1	mock_only	UNITE+BLAST	BLAST	ITSxpress	SE	Candida_albicans	0.28737427985548286
fig4_q20_SE_itsxpress_unite	1D	fig4_q20_SE_itsxpress_unite_1D	DNeasy	1	mock_only	UNITE+BLAST	BLAST	ITSxpress	SE	NA	0
fig4_q20_SE_itsxpress_unite	1D	fig4_q20_SE_itsxpress_unite_1D	DNeasy	1	mock_only	UNITE+BLAST	BLAST	ITSxpress	SE	Cryptococcus_neoformans	0.1393744100511018
fig4_q20_SE_itsxpress_unite	1D	fig4_q20_SE_itsxpress_unite_1D	DNeasy	1	mock_only	UNITE+BLAST	BLAST	ITSxpress	SE	NA	0
fig4_q20_SE_itsxpress_unite	1D	fig4_q20_SE_itsxpress_unite_1D	DNeasy	1	mock_only	UNITE+BLAST	BLAST	ITSxpress	SE	NA	0
fig4_q20_SE_itsxpress_unite	1D	fig4_q20_SE_itsxpress_unite_1D	DNeasy	1	mock_only	UNITE+BLAST	BLAST	ITSxpress	SE	Cutaneotrichosporon_mucoides	0.22631253458321127
fig4_q20_SE_itsxpress_unite	1D	fig4_q20_SE_itsxpress_unite_1D	DNeasy	1	mock_only	UNITE+BLAST	BLAST	ITSxpress	SE	Fusarium_keratoplasticum	0.0018335882997537133
fig4_q20_SE_itsxpress_unite	1D	fig4_q20_SE_itsxpress_unite_1D	DNeasy	1	mock_only	UNITE+BLAST	BLAST	ITSxpress	SE	NA	0
fig4_q20_SE_itsxpress_unite	1D	fig4_q20_SE_itsxpress_unite_1D	DNeasy	1	mock_only	UNITE+BLAST	BLAST	ITSxpress	SE	Malassezia_globosa	0
fig4_q20_SE_itsxpress_unite	1D	fig4_q20_SE_itsxpress_unite_1D	DNeasy	1	mock_only	UNITE+BLAST	BLAST	ITSxpress	SE	NA	0
fig4_q20_SE_itsxpress_unite	1D	fig4_q20_SE_itsxpress_unite_1D	DNeasy	1	mock_only	UNITE+BLAST	BLAST	ITSxpress	SE	Nakaseomyces_glabratus	0.1090496804782519
fig4_q20_SE_itsxpress_unite	1D	fig4_q20_SE_itsxpress_unite_1D	DNeasy	1	mock_only	UNITE+BLAST	BLAST	ITSxpress	SE	Other	0.13498030791263874
fig4_q20_SE_itsxpress_unite	1D	fig4_q20_SE_itsxpress_unite_1D	DNeasy	1	mock_only	UNITE+BLAST	BLAST	ITSxpress	SE	NA	0
fig4_q20_SE_itsxpress_unite	1D	fig4_q20_SE_itsxpress_unite_1D	DNeasy	1	mock_only	UNITE+BLAST	BLAST	ITSxpress	SE	NA	0
fig4_q20_SE_itsxpress_unite	1D	fig4_q20_SE_itsxpress_unite_1D	DNeasy	1	mock_only	UNITE+BLAST	BLAST	ITSxpress	SE	NA	0
fig4_q20_SE_itsxpress_unite	1D	fig4_q20_SE_itsxpress_unite_1D	DNeasy	1	mock_only	UNITE+BLAST	BLAST	ITSxpress	SE	Penicillium_flavigenum	0
fig4_q20_SE_itsxpress_unite	1D	fig4_q20_SE_itsxpress_unite_1D	DNeasy	1	mock_only	UNITE+BLAST	BLAST	ITSxpress	SE	NA	0
fig4_q20_SE_itsxpress_unite	1D	fig4_q20_SE_itsxpress_unite_1D	DNeasy	1	mock_only	UNITE+BLAST	BLAST	ITSxpress	SE	NA	0
fig4_q20_SE_itsxpress_unite	1D	fig4_q20_SE_itsxpress_unite_1D	DNeasy	1	mock_only	UNITE+BLAST	BLAST	ITSxpress	SE	NA	0
fig4_q20_SE_itsxpress_unite	1D	fig4_q20_SE_itsxpress_unite_1D	DNeasy	1	mock_only	UNITE+BLAST	BLAST	ITSxpress	SE	Saccharomyces_cerevisiae	0.060768805129707386
fig4_q20_SE_itsxpress_unite	1D	fig4_q20_SE_itsxpress_unite_1D	DNeasy	1	mock_only	UNITE+BLAST	BLAST	ITSxpress	SE	Saccharomyces_kudriavzevii	0
fig4_q20_SE_itsxpress_unite	1D	fig4_q20_SE_itsxpress_unite_1D	DNeasy	1	mock_only	UNITE+BLAST	BLAST	ITSxpress	SE	NA	0
fig4_q20_SE_itsxpress_unite	1D	fig4_q20_SE_itsxpress_unite_1D	DNeasy	1	mock_only	UNITE+BLAST	BLAST	ITSxpress	SE	Trichophyton_mentagrophytes	0.004849786804674023
fig4_q20_SE_itsxpress_unite	1Q	fig4_q20_SE_itsxpress_unite_1Q	QIAamp	1	mock_only	UNITE	No_BLAST	ITSxpress	SE	Aspergillus_fumigatus	0.03206403104535532
fig4_q20_SE_itsxpress_unite	1Q	fig4_q20_SE_itsxpress_unite_1Q	QIAamp	1	mock_only	UNITE	No_BLAST	ITSxpress	SE	NA	0
fig4_q20_SE_itsxpress_unite	1Q	fig4_q20_SE_itsxpress_unite_1Q	QIAamp	1	mock_only	UNITE	No_BLAST	ITSxpress	SE	NA	0
fig4_q20_SE_itsxpress_unite	1Q	fig4_q20_SE_itsxpress_unite_1Q	QIAamp	1	mock_only	UNITE	No_BLAST	ITSxpress	SE	Candida_albicans	0.2879941789958768
fig4_q20_SE_itsxpress_unite	1Q	fig4_q20_SE_itsxpress_unite_1Q	QIAamp	1	mock_only	UNITE	No_BLAST	ITSxpress	SE	NA	0
fig4_q20_SE_itsxpress_unite	1Q	fig4_q20_SE_itsxpress_unite_1Q	QIAamp	1	mock_only	UNITE	No_BLAST	ITSxpress	SE	Cryptococcus_neoformans	0.16083295797096428
fig4_q20_SE_itsxpress_unite	1Q	fig4_q20_SE_itsxpress_unite_1Q	QIAamp	1	mock_only	UNITE	No_BLAST	ITSxpress	SE	NA	0
fig4_q20_SE_itsxpress_unite	1Q	fig4_q20_SE_itsxpress_unite_1Q	QIAamp	1	mock_only	UNITE	No_BLAST	ITSxpress	SE	NA	0
fig4_q20_SE_itsxpress_unite	1Q	fig4_q20_SE_itsxpress_unite_1Q	QIAamp	1	mock_only	UNITE	No_BLAST	ITSxpress	SE	Cutaneotrichosporon_mucoides	0.21941720661099753
fig4_q20_SE_itsxpress_unite	1Q	fig4_q20_SE_itsxpress_unite_1Q	QIAamp	1	mock_only	UNITE	No_BLAST	ITSxpress	SE	Fusarium_keratoplasticum	0
fig4_q20_SE_itsxpress_unite	1Q	fig4_q20_SE_itsxpress_unite_1Q	QIAamp	1	mock_only	UNITE	No_BLAST	ITSxpress	SE	NA	0
fig4_q20_SE_itsxpress_unite	1Q	fig4_q20_SE_itsxpress_unite_1Q	QIAamp	1	mock_only	UNITE	No_BLAST	ITSxpress	SE	Malassezia_globosa	0
fig4_q20_SE_itsxpress_unite	1Q	fig4_q20_SE_itsxpress_unite_1Q	QIAamp	1	mock_only	UNITE	No_BLAST	ITSxpress	SE	NA	0
fig4_q20_SE_itsxpress_unite	1Q	fig4_q20_SE_itsxpress_unite_1Q	QIAamp	1	mock_only	UNITE	No_BLAST	ITSxpress	SE	Nakaseomyces_glabratus	0.11799313953085479
fig4_q20_SE_itsxpress_unite	1Q	fig4_q20_SE_itsxpress_unite_1Q	QIAamp	1	mock_only	UNITE	No_BLAST	ITSxpress	SE	Other	0.13340494092373792
fig4_q20_SE_itsxpress_unite	1Q	fig4_q20_SE_itsxpress_unite_1Q	QIAamp	1	mock_only	UNITE	No_BLAST	ITSxpress	SE	NA	0
fig4_q20_SE_itsxpress_unite	1Q	fig4_q20_SE_itsxpress_unite_1Q	QIAamp	1	mock_only	UNITE	No_BLAST	ITSxpress	SE	NA	0
fig4_q20_SE_itsxpress_unite	1Q	fig4_q20_SE_itsxpress_unite_1Q	QIAamp	1	mock_only	UNITE	No_BLAST	ITSxpress	SE	NA	0
fig4_q20_SE_itsxpress_unite	1Q	fig4_q20_SE_itsxpress_unite_1Q	QIAamp	1	mock_only	UNITE	No_BLAST	ITSxpress	SE	Penicillium_flavigenum	0
fig4_q20_SE_itsxpress_unite	1Q	fig4_q20_SE_itsxpress_unite_1Q	QIAamp	1	mock_only	UNITE	No_BLAST	ITSxpress	SE	NA	0
fig4_q20_SE_itsxpress_unite	1Q	fig4_q20_SE_itsxpress_unite_1Q	QIAamp	1	mock_only	UNITE	No_BLAST	ITSxpress	SE	NA	0
fig4_q20_SE_itsxpress_unite	1Q	fig4_q20_SE_itsxpress_unite_1Q	QIAamp	1	mock_only	UNITE	No_BLAST	ITSxpress	SE	NA	0
fig4_q20_SE_itsxpress_unite	1Q	fig4_q20_SE_itsxpress_unite_1Q	QIAamp	1	mock_only	UNITE	No_BLAST	ITSxpress	SE	Saccharomyces_cerevisiae	0.043297183049790376
fig4_q20_SE_itsxpress_unite	1Q	fig4_q20_SE_itsxpress_unite_1Q	QIAamp	1	mock_only	UNITE	No_BLAST	ITSxpress	SE	Saccharomyces_kudriavzevii	0
fig4_q20_SE_itsxpress_unite	1Q	fig4_q20_SE_itsxpress_unite_1Q	QIAamp	1	mock_only	UNITE	No_BLAST	ITSxpress	SE	NA	0
fig4_q20_SE_itsxpress_unite	1Q	fig4_q20_SE_itsxpress_unite_1Q	QIAamp	1	mock_only	UNITE	No_BLAST	ITSxpress	SE	Trichophyton_mentagrophytes	0.004996361872422993
fig4_q20_SE_itsxpress_unite	1Q	fig4_q20_SE_itsxpress_unite_1Q	QIAamp	1	mock_only	UNITE+BLAST	BLAST	ITSxpress	SE	Aspergillus_fumigatus	0.03206403104535532
fig4_q20_SE_itsxpress_unite	1Q	fig4_q20_SE_itsxpress_unite_1Q	QIAamp	1	mock_only	UNITE+BLAST	BLAST	ITSxpress	SE	NA	0
fig4_q20_SE_itsxpress_unite	1Q	fig4_q20_SE_itsxpress_unite_1Q	QIAamp	1	mock_only	UNITE+BLAST	BLAST	ITSxpress	SE	NA	0
fig4_q20_SE_itsxpress_unite	1Q	fig4_q20_SE_itsxpress_unite_1Q	QIAamp	1	mock_only	UNITE+BLAST	BLAST	ITSxpress	SE	Candida_albicans	0.2879941789958768
fig4_q20_SE_itsxpress_unite	1Q	fig4_q20_SE_itsxpress_unite_1Q	QIAamp	1	mock_only	UNITE+BLAST	BLAST	ITSxpress	SE	NA	0
fig4_q20_SE_itsxpress_unite	1Q	fig4_q20_SE_itsxpress_unite_1Q	QIAamp	1	mock_only	UNITE+BLAST	BLAST	ITSxpress	SE	Cryptococcus_neoformans	0.16083295797096428
fig4_q20_SE_itsxpress_unite	1Q	fig4_q20_SE_itsxpress_unite_1Q	QIAamp	1	mock_only	UNITE+BLAST	BLAST	ITSxpress	SE	NA	0
fig4_q20_SE_itsxpress_unite	1Q	fig4_q20_SE_itsxpress_unite_1Q	QIAamp	1	mock_only	UNITE+BLAST	BLAST	ITSxpress	SE	NA	0
fig4_q20_SE_itsxpress_unite	1Q	fig4_q20_SE_itsxpress_unite_1Q	QIAamp	1	mock_only	UNITE+BLAST	BLAST	ITSxpress	SE	Cutaneotrichosporon_mucoides	0.21941720661099753
fig4_q20_SE_itsxpress_unite	1Q	fig4_q20_SE_itsxpress_unite_1Q	QIAamp	1	mock_only	UNITE+BLAST	BLAST	ITSxpress	SE	Fusarium_keratoplasticum	0.0016423547347631752
fig4_q20_SE_itsxpress_unite	1Q	fig4_q20_SE_itsxpress_unite_1Q	QIAamp	1	mock_only	UNITE+BLAST	BLAST	ITSxpress	SE	NA	0
fig4_q20_SE_itsxpress_unite	1Q	fig4_q20_SE_itsxpress_unite_1Q	QIAamp	1	mock_only	UNITE+BLAST	BLAST	ITSxpress	SE	Malassezia_globosa	0
fig4_q20_SE_itsxpress_unite	1Q	fig4_q20_SE_itsxpress_unite_1Q	QIAamp	1	mock_only	UNITE+BLAST	BLAST	ITSxpress	SE	NA	0
fig4_q20_SE_itsxpress_unite	1Q	fig4_q20_SE_itsxpress_unite_1Q	QIAamp	1	mock_only	UNITE+BLAST	BLAST	ITSxpress	SE	Nakaseomyces_glabratus	0.11799313953085479
fig4_q20_SE_itsxpress_unite	1Q	fig4_q20_SE_itsxpress_unite_1Q	QIAamp	1	mock_only	UNITE+BLAST	BLAST	ITSxpress	SE	Other	0.13176258618897474
fig4_q20_SE_itsxpress_unite	1Q	fig4_q20_SE_itsxpress_unite_1Q	QIAamp	1	mock_only	UNITE+BLAST	BLAST	ITSxpress	SE	NA	0
fig4_q20_SE_itsxpress_unite	1Q	fig4_q20_SE_itsxpress_unite_1Q	QIAamp	1	mock_only	UNITE+BLAST	BLAST	ITSxpress	SE	NA	0
fig4_q20_SE_itsxpress_unite	1Q	fig4_q20_SE_itsxpress_unite_1Q	QIAamp	1	mock_only	UNITE+BLAST	BLAST	ITSxpress	SE	NA	0
fig4_q20_SE_itsxpress_unite	1Q	fig4_q20_SE_itsxpress_unite_1Q	QIAamp	1	mock_only	UNITE+BLAST	BLAST	ITSxpress	SE	Penicillium_flavigenum	0
fig4_q20_SE_itsxpress_unite	1Q	fig4_q20_SE_itsxpress_unite_1Q	QIAamp	1	mock_only	UNITE+BLAST	BLAST	ITSxpress	SE	NA	0
fig4_q20_SE_itsxpress_unite	1Q	fig4_q20_SE_itsxpress_unite_1Q	QIAamp	1	mock_only	UNITE+BLAST	BLAST	ITSxpress	SE	NA	0
fig4_q20_SE_itsxpress_unite	1Q	fig4_q20_SE_itsxpress_unite_1Q	QIAamp	1	mock_only	UNITE+BLAST	BLAST	ITSxpress	SE	NA	0
fig4_q20_SE_itsxpress_unite	1Q	fig4_q20_SE_itsxpress_unite_1Q	QIAamp	1	mock_only	UNITE+BLAST	BLAST	ITSxpress	SE	Saccharomyces_cerevisiae	0.043297183049790376
fig4_q20_SE_itsxpress_unite	1Q	fig4_q20_SE_itsxpress_unite_1Q	QIAamp	1	mock_only	UNITE+BLAST	BLAST	ITSxpress	SE	Saccharomyces_kudriavzevii	0
fig4_q20_SE_itsxpress_unite	1Q	fig4_q20_SE_itsxpress_unite_1Q	QIAamp	1	mock_only	UNITE+BLAST	BLAST	ITSxpress	SE	NA	0
fig4_q20_SE_itsxpress_unite	1Q	fig4_q20_SE_itsxpress_unite_1Q	QIAamp	1	mock_only	UNITE+BLAST	BLAST	ITSxpress	SE	Trichophyton_mentagrophytes	0.004996361872422993
fig4_q20_SE_itsxpress_unite	1Z	fig4_q20_SE_itsxpress_unite_1Z	Zymo	1	mock_only	UNITE	No_BLAST	ITSxpress	SE	Aspergillus_fumigatus	0.03171951523200797
fig4_q20_SE_itsxpress_unite	1Z	fig4_q20_SE_itsxpress_unite_1Z	Zymo	1	mock_only	UNITE	No_BLAST	ITSxpress	SE	NA	0
fig4_q20_SE_itsxpress_unite	1Z	fig4_q20_SE_itsxpress_unite_1Z	Zymo	1	mock_only	UNITE	No_BLAST	ITSxpress	SE	NA	0
fig4_q20_SE_itsxpress_unite	1Z	fig4_q20_SE_itsxpress_unite_1Z	Zymo	1	mock_only	UNITE	No_BLAST	ITSxpress	SE	Candida_albicans	0.28899311031792146
fig4_q20_SE_itsxpress_unite	1Z	fig4_q20_SE_itsxpress_unite_1Z	Zymo	1	mock_only	UNITE	No_BLAST	ITSxpress	SE	NA	0
fig4_q20_SE_itsxpress_unite	1Z	fig4_q20_SE_itsxpress_unite_1Z	Zymo	1	mock_only	UNITE	No_BLAST	ITSxpress	SE	Cryptococcus_neoformans	0.1366315265211256
fig4_q20_SE_itsxpress_unite	1Z	fig4_q20_SE_itsxpress_unite_1Z	Zymo	1	mock_only	UNITE	No_BLAST	ITSxpress	SE	NA	0
fig4_q20_SE_itsxpress_unite	1Z	fig4_q20_SE_itsxpress_unite_1Z	Zymo	1	mock_only	UNITE	No_BLAST	ITSxpress	SE	NA	0
fig4_q20_SE_itsxpress_unite	1Z	fig4_q20_SE_itsxpress_unite_1Z	Zymo	1	mock_only	UNITE	No_BLAST	ITSxpress	SE	Cutaneotrichosporon_mucoides	0.2590375197144517
fig4_q20_SE_itsxpress_unite	1Z	fig4_q20_SE_itsxpress_unite_1Z	Zymo	1	mock_only	UNITE	No_BLAST	ITSxpress	SE	Fusarium_keratoplasticum	0
fig4_q20_SE_itsxpress_unite	1Z	fig4_q20_SE_itsxpress_unite_1Z	Zymo	1	mock_only	UNITE	No_BLAST	ITSxpress	SE	NA	0
fig4_q20_SE_itsxpress_unite	1Z	fig4_q20_SE_itsxpress_unite_1Z	Zymo	1	mock_only	UNITE	No_BLAST	ITSxpress	SE	Malassezia_globosa	5.188013613347722e-5
fig4_q20_SE_itsxpress_unite	1Z	fig4_q20_SE_itsxpress_unite_1Z	Zymo	1	mock_only	UNITE	No_BLAST	ITSxpress	SE	NA	0
fig4_q20_SE_itsxpress_unite	1Z	fig4_q20_SE_itsxpress_unite_1Z	Zymo	1	mock_only	UNITE	No_BLAST	ITSxpress	SE	Nakaseomyces_glabratus	0.09285506765169751
fig4_q20_SE_itsxpress_unite	1Z	fig4_q20_SE_itsxpress_unite_1Z	Zymo	1	mock_only	UNITE	No_BLAST	ITSxpress	SE	Other	0.14152901137212584
fig4_q20_SE_itsxpress_unite	1Z	fig4_q20_SE_itsxpress_unite_1Z	Zymo	1	mock_only	UNITE	No_BLAST	ITSxpress	SE	NA	0
fig4_q20_SE_itsxpress_unite	1Z	fig4_q20_SE_itsxpress_unite_1Z	Zymo	1	mock_only	UNITE	No_BLAST	ITSxpress	SE	NA	0
fig4_q20_SE_itsxpress_unite	1Z	fig4_q20_SE_itsxpress_unite_1Z	Zymo	1	mock_only	UNITE	No_BLAST	ITSxpress	SE	NA	0
fig4_q20_SE_itsxpress_unite	1Z	fig4_q20_SE_itsxpress_unite_1Z	Zymo	1	mock_only	UNITE	No_BLAST	ITSxpress	SE	Penicillium_flavigenum	0
fig4_q20_SE_itsxpress_unite	1Z	fig4_q20_SE_itsxpress_unite_1Z	Zymo	1	mock_only	UNITE	No_BLAST	ITSxpress	SE	NA	0
fig4_q20_SE_itsxpress_unite	1Z	fig4_q20_SE_itsxpress_unite_1Z	Zymo	1	mock_only	UNITE	No_BLAST	ITSxpress	SE	NA	0
fig4_q20_SE_itsxpress_unite	1Z	fig4_q20_SE_itsxpress_unite_1Z	Zymo	1	mock_only	UNITE	No_BLAST	ITSxpress	SE	NA	0
fig4_q20_SE_itsxpress_unite	1Z	fig4_q20_SE_itsxpress_unite_1Z	Zymo	1	mock_only	UNITE	No_BLAST	ITSxpress	SE	Saccharomyces_cerevisiae	0.0448451896737777
fig4_q20_SE_itsxpress_unite	1Z	fig4_q20_SE_itsxpress_unite_1Z	Zymo	1	mock_only	UNITE	No_BLAST	ITSxpress	SE	Saccharomyces_kudriavzevii	0
fig4_q20_SE_itsxpress_unite	1Z	fig4_q20_SE_itsxpress_unite_1Z	Zymo	1	mock_only	UNITE	No_BLAST	ITSxpress	SE	NA	0
fig4_q20_SE_itsxpress_unite	1Z	fig4_q20_SE_itsxpress_unite_1Z	Zymo	1	mock_only	UNITE	No_BLAST	ITSxpress	SE	Trichophyton_mentagrophytes	0.0043371793807586954
fig4_q20_SE_itsxpress_unite	1Z	fig4_q20_SE_itsxpress_unite_1Z	Zymo	1	mock_only	UNITE+BLAST	BLAST	ITSxpress	SE	Aspergillus_fumigatus	0.03171951523200797
fig4_q20_SE_itsxpress_unite	1Z	fig4_q20_SE_itsxpress_unite_1Z	Zymo	1	mock_only	UNITE+BLAST	BLAST	ITSxpress	SE	NA	0
fig4_q20_SE_itsxpress_unite	1Z	fig4_q20_SE_itsxpress_unite_1Z	Zymo	1	mock_only	UNITE+BLAST	BLAST	ITSxpress	SE	NA	0
fig4_q20_SE_itsxpress_unite	1Z	fig4_q20_SE_itsxpress_unite_1Z	Zymo	1	mock_only	UNITE+BLAST	BLAST	ITSxpress	SE	Candida_albicans	0.28899311031792146
fig4_q20_SE_itsxpress_unite	1Z	fig4_q20_SE_itsxpress_unite_1Z	Zymo	1	mock_only	UNITE+BLAST	BLAST	ITSxpress	SE	NA	0
fig4_q20_SE_itsxpress_unite	1Z	fig4_q20_SE_itsxpress_unite_1Z	Zymo	1	mock_only	UNITE+BLAST	BLAST	ITSxpress	SE	Cryptococcus_neoformans	0.1366315265211256
fig4_q20_SE_itsxpress_unite	1Z	fig4_q20_SE_itsxpress_unite_1Z	Zymo	1	mock_only	UNITE+BLAST	BLAST	ITSxpress	SE	NA	0
fig4_q20_SE_itsxpress_unite	1Z	fig4_q20_SE_itsxpress_unite_1Z	Zymo	1	mock_only	UNITE+BLAST	BLAST	ITSxpress	SE	NA	0
fig4_q20_SE_itsxpress_unite	1Z	fig4_q20_SE_itsxpress_unite_1Z	Zymo	1	mock_only	UNITE+BLAST	BLAST	ITSxpress	SE	Cutaneotrichosporon_mucoides	0.2590375197144517
fig4_q20_SE_itsxpress_unite	1Z	fig4_q20_SE_itsxpress_unite_1Z	Zymo	1	mock_only	UNITE+BLAST	BLAST	ITSxpress	SE	Fusarium_keratoplasticum	0.001473395866190753
fig4_q20_SE_itsxpress_unite	1Z	fig4_q20_SE_itsxpress_unite_1Z	Zymo	1	mock_only	UNITE+BLAST	BLAST	ITSxpress	SE	NA	0
fig4_q20_SE_itsxpress_unite	1Z	fig4_q20_SE_itsxpress_unite_1Z	Zymo	1	mock_only	UNITE+BLAST	BLAST	ITSxpress	SE	Malassezia_globosa	5.188013613347722e-5
fig4_q20_SE_itsxpress_unite	1Z	fig4_q20_SE_itsxpress_unite_1Z	Zymo	1	mock_only	UNITE+BLAST	BLAST	ITSxpress	SE	NA	0
fig4_q20_SE_itsxpress_unite	1Z	fig4_q20_SE_itsxpress_unite_1Z	Zymo	1	mock_only	UNITE+BLAST	BLAST	ITSxpress	SE	Nakaseomyces_glabratus	0.09285506765169751
fig4_q20_SE_itsxpress_unite	1Z	fig4_q20_SE_itsxpress_unite_1Z	Zymo	1	mock_only	UNITE+BLAST	BLAST	ITSxpress	SE	Other	0.1400556155059351
fig4_q20_SE_itsxpress_unite	1Z	fig4_q20_SE_itsxpress_unite_1Z	Zymo	1	mock_only	UNITE+BLAST	BLAST	ITSxpress	SE	NA	0
fig4_q20_SE_itsxpress_unite	1Z	fig4_q20_SE_itsxpress_unite_1Z	Zymo	1	mock_only	UNITE+BLAST	BLAST	ITSxpress	SE	NA	0
fig4_q20_SE_itsxpress_unite	1Z	fig4_q20_SE_itsxpress_unite_1Z	Zymo	1	mock_only	UNITE+BLAST	BLAST	ITSxpress	SE	NA	0
fig4_q20_SE_itsxpress_unite	1Z	fig4_q20_SE_itsxpress_unite_1Z	Zymo	1	mock_only	UNITE+BLAST	BLAST	ITSxpress	SE	Penicillium_flavigenum	0
fig4_q20_SE_itsxpress_unite	1Z	fig4_q20_SE_itsxpress_unite_1Z	Zymo	1	mock_only	UNITE+BLAST	BLAST	ITSxpress	SE	NA	0
fig4_q20_SE_itsxpress_unite	1Z	fig4_q20_SE_itsxpress_unite_1Z	Zymo	1	mock_only	UNITE+BLAST	BLAST	ITSxpress	SE	NA	0
fig4_q20_SE_itsxpress_unite	1Z	fig4_q20_SE_itsxpress_unite_1Z	Zymo	1	mock_only	UNITE+BLAST	BLAST	ITSxpress	SE	NA	0
fig4_q20_SE_itsxpress_unite	1Z	fig4_q20_SE_itsxpress_unite_1Z	Zymo	1	mock_only	UNITE+BLAST	BLAST	ITSxpress	SE	Saccharomyces_cerevisiae	0.0448451896737777
fig4_q20_SE_itsxpress_unite	1Z	fig4_q20_SE_itsxpress_unite_1Z	Zymo	1	mock_only	UNITE+BLAST	BLAST	ITSxpress	SE	Saccharomyces_kudriavzevii	0
fig4_q20_SE_itsxpress_unite	1Z	fig4_q20_SE_itsxpress_unite_1Z	Zymo	1	mock_only	UNITE+BLAST	BLAST	ITSxpress	SE	NA	0
fig4_q20_SE_itsxpress_unite	1Z	fig4_q20_SE_itsxpress_unite_1Z	Zymo	1	mock_only	UNITE+BLAST	BLAST	ITSxpress	SE	Trichophyton_mentagrophytes	0.0043371793807586954
fig4_q20_SE_itsxpress_unite	2D	fig4_q20_SE_itsxpress_unite_2D	DNeasy	2	mock_only	UNITE	No_BLAST	ITSxpress	SE	Aspergillus_fumigatus	0.029103546124765404
fig4_q20_SE_itsxpress_unite	2D	fig4_q20_SE_itsxpress_unite_2D	DNeasy	2	mock_only	UNITE	No_BLAST	ITSxpress	SE	NA	0
fig4_q20_SE_itsxpress_unite	2D	fig4_q20_SE_itsxpress_unite_2D	DNeasy	2	mock_only	UNITE	No_BLAST	ITSxpress	SE	NA	0
fig4_q20_SE_itsxpress_unite	2D	fig4_q20_SE_itsxpress_unite_2D	DNeasy	2	mock_only	UNITE	No_BLAST	ITSxpress	SE	Candida_albicans	0.30528641086197145
fig4_q20_SE_itsxpress_unite	2D	fig4_q20_SE_itsxpress_unite_2D	DNeasy	2	mock_only	UNITE	No_BLAST	ITSxpress	SE	NA	0
fig4_q20_SE_itsxpress_unite	2D	fig4_q20_SE_itsxpress_unite_2D	DNeasy	2	mock_only	UNITE	No_BLAST	ITSxpress	SE	Cryptococcus_neoformans	0.14548181140614758
fig4_q20_SE_itsxpress_unite	2D	fig4_q20_SE_itsxpress_unite_2D	DNeasy	2	mock_only	UNITE	No_BLAST	ITSxpress	SE	NA	0
fig4_q20_SE_itsxpress_unite	2D	fig4_q20_SE_itsxpress_unite_2D	DNeasy	2	mock_only	UNITE	No_BLAST	ITSxpress	SE	NA	0
fig4_q20_SE_itsxpress_unite	2D	fig4_q20_SE_itsxpress_unite_2D	DNeasy	2	mock_only	UNITE	No_BLAST	ITSxpress	SE	Cutaneotrichosporon_mucoides	0.22524043426334175
fig4_q20_SE_itsxpress_unite	2D	fig4_q20_SE_itsxpress_unite_2D	DNeasy	2	mock_only	UNITE	No_BLAST	ITSxpress	SE	Fusarium_keratoplasticum	0
fig4_q20_SE_itsxpress_unite	2D	fig4_q20_SE_itsxpress_unite_2D	DNeasy	2	mock_only	UNITE	No_BLAST	ITSxpress	SE	NA	0
fig4_q20_SE_itsxpress_unite	2D	fig4_q20_SE_itsxpress_unite_2D	DNeasy	2	mock_only	UNITE	No_BLAST	ITSxpress	SE	Malassezia_globosa	0
fig4_q20_SE_itsxpress_unite	2D	fig4_q20_SE_itsxpress_unite_2D	DNeasy	2	mock_only	UNITE	No_BLAST	ITSxpress	SE	NA	0
fig4_q20_SE_itsxpress_unite	2D	fig4_q20_SE_itsxpress_unite_2D	DNeasy	2	mock_only	UNITE	No_BLAST	ITSxpress	SE	Nakaseomyces_glabratus	0.10964341196648737
fig4_q20_SE_itsxpress_unite	2D	fig4_q20_SE_itsxpress_unite_2D	DNeasy	2	mock_only	UNITE	No_BLAST	ITSxpress	SE	Other	0.11516599168470111
fig4_q20_SE_itsxpress_unite	2D	fig4_q20_SE_itsxpress_unite_2D	DNeasy	2	mock_only	UNITE	No_BLAST	ITSxpress	SE	NA	0
fig4_q20_SE_itsxpress_unite	2D	fig4_q20_SE_itsxpress_unite_2D	DNeasy	2	mock_only	UNITE	No_BLAST	ITSxpress	SE	NA	0
fig4_q20_SE_itsxpress_unite	2D	fig4_q20_SE_itsxpress_unite_2D	DNeasy	2	mock_only	UNITE	No_BLAST	ITSxpress	SE	NA	0
fig4_q20_SE_itsxpress_unite	2D	fig4_q20_SE_itsxpress_unite_2D	DNeasy	2	mock_only	UNITE	No_BLAST	ITSxpress	SE	Penicillium_flavigenum	0
fig4_q20_SE_itsxpress_unite	2D	fig4_q20_SE_itsxpress_unite_2D	DNeasy	2	mock_only	UNITE	No_BLAST	ITSxpress	SE	NA	0
fig4_q20_SE_itsxpress_unite	2D	fig4_q20_SE_itsxpress_unite_2D	DNeasy	2	mock_only	UNITE	No_BLAST	ITSxpress	SE	NA	0
fig4_q20_SE_itsxpress_unite	2D	fig4_q20_SE_itsxpress_unite_2D	DNeasy	2	mock_only	UNITE	No_BLAST	ITSxpress	SE	NA	0
fig4_q20_SE_itsxpress_unite	2D	fig4_q20_SE_itsxpress_unite_2D	DNeasy	2	mock_only	UNITE	No_BLAST	ITSxpress	SE	Saccharomyces_cerevisiae	0.06632483544508401
fig4_q20_SE_itsxpress_unite	2D	fig4_q20_SE_itsxpress_unite_2D	DNeasy	2	mock_only	UNITE	No_BLAST	ITSxpress	SE	Saccharomyces_kudriavzevii	0
fig4_q20_SE_itsxpress_unite	2D	fig4_q20_SE_itsxpress_unite_2D	DNeasy	2	mock_only	UNITE	No_BLAST	ITSxpress	SE	NA	0
fig4_q20_SE_itsxpress_unite	2D	fig4_q20_SE_itsxpress_unite_2D	DNeasy	2	mock_only	UNITE	No_BLAST	ITSxpress	SE	Trichophyton_mentagrophytes	0.0037535582475013694
fig4_q20_SE_itsxpress_unite	2D	fig4_q20_SE_itsxpress_unite_2D	DNeasy	2	mock_only	UNITE+BLAST	BLAST	ITSxpress	SE	Aspergillus_fumigatus	0.029103546124765404
fig4_q20_SE_itsxpress_unite	2D	fig4_q20_SE_itsxpress_unite_2D	DNeasy	2	mock_only	UNITE+BLAST	BLAST	ITSxpress	SE	NA	0
fig4_q20_SE_itsxpress_unite	2D	fig4_q20_SE_itsxpress_unite_2D	DNeasy	2	mock_only	UNITE+BLAST	BLAST	ITSxpress	SE	NA	0
fig4_q20_SE_itsxpress_unite	2D	fig4_q20_SE_itsxpress_unite_2D	DNeasy	2	mock_only	UNITE+BLAST	BLAST	ITSxpress	SE	Candida_albicans	0.30528641086197145
fig4_q20_SE_itsxpress_unite	2D	fig4_q20_SE_itsxpress_unite_2D	DNeasy	2	mock_only	UNITE+BLAST	BLAST	ITSxpress	SE	NA	0
fig4_q20_SE_itsxpress_unite	2D	fig4_q20_SE_itsxpress_unite_2D	DNeasy	2	mock_only	UNITE+BLAST	BLAST	ITSxpress	SE	Cryptococcus_neoformans	0.14548181140614758
fig4_q20_SE_itsxpress_unite	2D	fig4_q20_SE_itsxpress_unite_2D	DNeasy	2	mock_only	UNITE+BLAST	BLAST	ITSxpress	SE	NA	0
fig4_q20_SE_itsxpress_unite	2D	fig4_q20_SE_itsxpress_unite_2D	DNeasy	2	mock_only	UNITE+BLAST	BLAST	ITSxpress	SE	NA	0
fig4_q20_SE_itsxpress_unite	2D	fig4_q20_SE_itsxpress_unite_2D	DNeasy	2	mock_only	UNITE+BLAST	BLAST	ITSxpress	SE	Cutaneotrichosporon_mucoides	0.22524043426334175
fig4_q20_SE_itsxpress_unite	2D	fig4_q20_SE_itsxpress_unite_2D	DNeasy	2	mock_only	UNITE+BLAST	BLAST	ITSxpress	SE	Fusarium_keratoplasticum	0.0014098292939179785
fig4_q20_SE_itsxpress_unite	2D	fig4_q20_SE_itsxpress_unite_2D	DNeasy	2	mock_only	UNITE+BLAST	BLAST	ITSxpress	SE	NA	0
fig4_q20_SE_itsxpress_unite	2D	fig4_q20_SE_itsxpress_unite_2D	DNeasy	2	mock_only	UNITE+BLAST	BLAST	ITSxpress	SE	Malassezia_globosa	0
fig4_q20_SE_itsxpress_unite	2D	fig4_q20_SE_itsxpress_unite_2D	DNeasy	2	mock_only	UNITE+BLAST	BLAST	ITSxpress	SE	NA	0
fig4_q20_SE_itsxpress_unite	2D	fig4_q20_SE_itsxpress_unite_2D	DNeasy	2	mock_only	UNITE+BLAST	BLAST	ITSxpress	SE	Nakaseomyces_glabratus	0.10964341196648737
fig4_q20_SE_itsxpress_unite	2D	fig4_q20_SE_itsxpress_unite_2D	DNeasy	2	mock_only	UNITE+BLAST	BLAST	ITSxpress	SE	Other	0.11375616239078314
fig4_q20_SE_itsxpress_unite	2D	fig4_q20_SE_itsxpress_unite_2D	DNeasy	2	mock_only	UNITE+BLAST	BLAST	ITSxpress	SE	NA	0
fig4_q20_SE_itsxpress_unite	2D	fig4_q20_SE_itsxpress_unite_2D	DNeasy	2	mock_only	UNITE+BLAST	BLAST	ITSxpress	SE	NA	0
fig4_q20_SE_itsxpress_unite	2D	fig4_q20_SE_itsxpress_unite_2D	DNeasy	2	mock_only	UNITE+BLAST	BLAST	ITSxpress	SE	NA	0
fig4_q20_SE_itsxpress_unite	2D	fig4_q20_SE_itsxpress_unite_2D	DNeasy	2	mock_only	UNITE+BLAST	BLAST	ITSxpress	SE	Penicillium_flavigenum	0
fig4_q20_SE_itsxpress_unite	2D	fig4_q20_SE_itsxpress_unite_2D	DNeasy	2	mock_only	UNITE+BLAST	BLAST	ITSxpress	SE	NA	0
fig4_q20_SE_itsxpress_unite	2D	fig4_q20_SE_itsxpress_unite_2D	DNeasy	2	mock_only	UNITE+BLAST	BLAST	ITSxpress	SE	NA	0
fig4_q20_SE_itsxpress_unite	2D	fig4_q20_SE_itsxpress_unite_2D	DNeasy	2	mock_only	UNITE+BLAST	BLAST	ITSxpress	SE	NA	0
fig4_q20_SE_itsxpress_unite	2D	fig4_q20_SE_itsxpress_unite_2D	DNeasy	2	mock_only	UNITE+BLAST	BLAST	ITSxpress	SE	Saccharomyces_cerevisiae	0.06632483544508401
fig4_q20_SE_itsxpress_unite	2D	fig4_q20_SE_itsxpress_unite_2D	DNeasy	2	mock_only	UNITE+BLAST	BLAST	ITSxpress	SE	Saccharomyces_kudriavzevii	0
fig4_q20_SE_itsxpress_unite	2D	fig4_q20_SE_itsxpress_unite_2D	DNeasy	2	mock_only	UNITE+BLAST	BLAST	ITSxpress	SE	NA	0
fig4_q20_SE_itsxpress_unite	2D	fig4_q20_SE_itsxpress_unite_2D	DNeasy	2	mock_only	UNITE+BLAST	BLAST	ITSxpress	SE	Trichophyton_mentagrophytes	0.0037535582475013694
fig4_q20_SE_itsxpress_unite	2Q	fig4_q20_SE_itsxpress_unite_2Q	QIAamp	2	mock_only	UNITE	No_BLAST	ITSxpress	SE	Aspergillus_fumigatus	0.033849770918736435
fig4_q20_SE_itsxpress_unite	2Q	fig4_q20_SE_itsxpress_unite_2Q	QIAamp	2	mock_only	UNITE	No_BLAST	ITSxpress	SE	NA	0
fig4_q20_SE_itsxpress_unite	2Q	fig4_q20_SE_itsxpress_unite_2Q	QIAamp	2	mock_only	UNITE	No_BLAST	ITSxpress	SE	NA	0
fig4_q20_SE_itsxpress_unite	2Q	fig4_q20_SE_itsxpress_unite_2Q	QIAamp	2	mock_only	UNITE	No_BLAST	ITSxpress	SE	Candida_albicans	0.284279298287919
fig4_q20_SE_itsxpress_unite	2Q	fig4_q20_SE_itsxpress_unite_2Q	QIAamp	2	mock_only	UNITE	No_BLAST	ITSxpress	SE	NA	0
fig4_q20_SE_itsxpress_unite	2Q	fig4_q20_SE_itsxpress_unite_2Q	QIAamp	2	mock_only	UNITE	No_BLAST	ITSxpress	SE	Cryptococcus_neoformans	0.15998764166867616
fig4_q20_SE_itsxpress_unite	2Q	fig4_q20_SE_itsxpress_unite_2Q	QIAamp	2	mock_only	UNITE	No_BLAST	ITSxpress	SE	NA	0
fig4_q20_SE_itsxpress_unite	2Q	fig4_q20_SE_itsxpress_unite_2Q	QIAamp	2	mock_only	UNITE	No_BLAST	ITSxpress	SE	NA	0
fig4_q20_SE_itsxpress_unite	2Q	fig4_q20_SE_itsxpress_unite_2Q	QIAamp	2	mock_only	UNITE	No_BLAST	ITSxpress	SE	Cutaneotrichosporon_mucoides	0.21567548830479866
fig4_q20_SE_itsxpress_unite	2Q	fig4_q20_SE_itsxpress_unite_2Q	QIAamp	2	mock_only	UNITE	No_BLAST	ITSxpress	SE	Fusarium_keratoplasticum	0
fig4_q20_SE_itsxpress_unite	2Q	fig4_q20_SE_itsxpress_unite_2Q	QIAamp	2	mock_only	UNITE	No_BLAST	ITSxpress	SE	NA	0
fig4_q20_SE_itsxpress_unite	2Q	fig4_q20_SE_itsxpress_unite_2Q	QIAamp	2	mock_only	UNITE	No_BLAST	ITSxpress	SE	Malassezia_globosa	3.0142271521581867e-5
fig4_q20_SE_itsxpress_unite	2Q	fig4_q20_SE_itsxpress_unite_2Q	QIAamp	2	mock_only	UNITE	No_BLAST	ITSxpress	SE	NA	0
fig4_q20_SE_itsxpress_unite	2Q	fig4_q20_SE_itsxpress_unite_2Q	QIAamp	2	mock_only	UNITE	No_BLAST	ITSxpress	SE	Nakaseomyces_glabratus	0.11632656136966482
fig4_q20_SE_itsxpress_unite	2Q	fig4_q20_SE_itsxpress_unite_2Q	QIAamp	2	mock_only	UNITE	No_BLAST	ITSxpress	SE	Other	0.13732818905232697
fig4_q20_SE_itsxpress_unite	2Q	fig4_q20_SE_itsxpress_unite_2Q	QIAamp	2	mock_only	UNITE	No_BLAST	ITSxpress	SE	NA	0
fig4_q20_SE_itsxpress_unite	2Q	fig4_q20_SE_itsxpress_unite_2Q	QIAamp	2	mock_only	UNITE	No_BLAST	ITSxpress	SE	NA	0
fig4_q20_SE_itsxpress_unite	2Q	fig4_q20_SE_itsxpress_unite_2Q	QIAamp	2	mock_only	UNITE	No_BLAST	ITSxpress	SE	NA	0
fig4_q20_SE_itsxpress_unite	2Q	fig4_q20_SE_itsxpress_unite_2Q	QIAamp	2	mock_only	UNITE	No_BLAST	ITSxpress	SE	Penicillium_flavigenum	0
fig4_q20_SE_itsxpress_unite	2Q	fig4_q20_SE_itsxpress_unite_2Q	QIAamp	2	mock_only	UNITE	No_BLAST	ITSxpress	SE	NA	0
fig4_q20_SE_itsxpress_unite	2Q	fig4_q20_SE_itsxpress_unite_2Q	QIAamp	2	mock_only	UNITE	No_BLAST	ITSxpress	SE	NA	0
fig4_q20_SE_itsxpress_unite	2Q	fig4_q20_SE_itsxpress_unite_2Q	QIAamp	2	mock_only	UNITE	No_BLAST	ITSxpress	SE	NA	0
fig4_q20_SE_itsxpress_unite	2Q	fig4_q20_SE_itsxpress_unite_2Q	QIAamp	2	mock_only	UNITE	No_BLAST	ITSxpress	SE	Saccharomyces_cerevisiae	0.04699180130214613
fig4_q20_SE_itsxpress_unite	2Q	fig4_q20_SE_itsxpress_unite_2Q	QIAamp	2	mock_only	UNITE	No_BLAST	ITSxpress	SE	Saccharomyces_kudriavzevii	0
fig4_q20_SE_itsxpress_unite	2Q	fig4_q20_SE_itsxpress_unite_2Q	QIAamp	2	mock_only	UNITE	No_BLAST	ITSxpress	SE	NA	0
fig4_q20_SE_itsxpress_unite	2Q	fig4_q20_SE_itsxpress_unite_2Q	QIAamp	2	mock_only	UNITE	No_BLAST	ITSxpress	SE	Trichophyton_mentagrophytes	0.005531106824210272
fig4_q20_SE_itsxpress_unite	2Q	fig4_q20_SE_itsxpress_unite_2Q	QIAamp	2	mock_only	UNITE+BLAST	BLAST	ITSxpress	SE	Aspergillus_fumigatus	0.033849770918736435
fig4_q20_SE_itsxpress_unite	2Q	fig4_q20_SE_itsxpress_unite_2Q	QIAamp	2	mock_only	UNITE+BLAST	BLAST	ITSxpress	SE	NA	0
fig4_q20_SE_itsxpress_unite	2Q	fig4_q20_SE_itsxpress_unite_2Q	QIAamp	2	mock_only	UNITE+BLAST	BLAST	ITSxpress	SE	NA	0
fig4_q20_SE_itsxpress_unite	2Q	fig4_q20_SE_itsxpress_unite_2Q	QIAamp	2	mock_only	UNITE+BLAST	BLAST	ITSxpress	SE	Candida_albicans	0.284279298287919
fig4_q20_SE_itsxpress_unite	2Q	fig4_q20_SE_itsxpress_unite_2Q	QIAamp	2	mock_only	UNITE+BLAST	BLAST	ITSxpress	SE	NA	0
fig4_q20_SE_itsxpress_unite	2Q	fig4_q20_SE_itsxpress_unite_2Q	QIAamp	2	mock_only	UNITE+BLAST	BLAST	ITSxpress	SE	Cryptococcus_neoformans	0.15998764166867616
fig4_q20_SE_itsxpress_unite	2Q	fig4_q20_SE_itsxpress_unite_2Q	QIAamp	2	mock_only	UNITE+BLAST	BLAST	ITSxpress	SE	NA	0
fig4_q20_SE_itsxpress_unite	2Q	fig4_q20_SE_itsxpress_unite_2Q	QIAamp	2	mock_only	UNITE+BLAST	BLAST	ITSxpress	SE	NA	0
fig4_q20_SE_itsxpress_unite	2Q	fig4_q20_SE_itsxpress_unite_2Q	QIAamp	2	mock_only	UNITE+BLAST	BLAST	ITSxpress	SE	Cutaneotrichosporon_mucoides	0.21567548830479866
fig4_q20_SE_itsxpress_unite	2Q	fig4_q20_SE_itsxpress_unite_2Q	QIAamp	2	mock_only	UNITE+BLAST	BLAST	ITSxpress	SE	Fusarium_keratoplasticum	0.0021401012780323126
fig4_q20_SE_itsxpress_unite	2Q	fig4_q20_SE_itsxpress_unite_2Q	QIAamp	2	mock_only	UNITE+BLAST	BLAST	ITSxpress	SE	NA	0
fig4_q20_SE_itsxpress_unite	2Q	fig4_q20_SE_itsxpress_unite_2Q	QIAamp	2	mock_only	UNITE+BLAST	BLAST	ITSxpress	SE	Malassezia_globosa	3.0142271521581867e-5
fig4_q20_SE_itsxpress_unite	2Q	fig4_q20_SE_itsxpress_unite_2Q	QIAamp	2	mock_only	UNITE+BLAST	BLAST	ITSxpress	SE	NA	0
fig4_q20_SE_itsxpress_unite	2Q	fig4_q20_SE_itsxpress_unite_2Q	QIAamp	2	mock_only	UNITE+BLAST	BLAST	ITSxpress	SE	Nakaseomyces_glabratus	0.11632656136966482
fig4_q20_SE_itsxpress_unite	2Q	fig4_q20_SE_itsxpress_unite_2Q	QIAamp	2	mock_only	UNITE+BLAST	BLAST	ITSxpress	SE	Other	0.13518808777429467
fig4_q20_SE_itsxpress_unite	2Q	fig4_q20_SE_itsxpress_unite_2Q	QIAamp	2	mock_only	UNITE+BLAST	BLAST	ITSxpress	SE	NA	0
fig4_q20_SE_itsxpress_unite	2Q	fig4_q20_SE_itsxpress_unite_2Q	QIAamp	2	mock_only	UNITE+BLAST	BLAST	ITSxpress	SE	NA	0
fig4_q20_SE_itsxpress_unite	2Q	fig4_q20_SE_itsxpress_unite_2Q	QIAamp	2	mock_only	UNITE+BLAST	BLAST	ITSxpress	SE	NA	0
fig4_q20_SE_itsxpress_unite	2Q	fig4_q20_SE_itsxpress_unite_2Q	QIAamp	2	mock_only	UNITE+BLAST	BLAST	ITSxpress	SE	Penicillium_flavigenum	0
fig4_q20_SE_itsxpress_unite	2Q	fig4_q20_SE_itsxpress_unite_2Q	QIAamp	2	mock_only	UNITE+BLAST	BLAST	ITSxpress	SE	NA	0
fig4_q20_SE_itsxpress_unite	2Q	fig4_q20_SE_itsxpress_unite_2Q	QIAamp	2	mock_only	UNITE+BLAST	BLAST	ITSxpress	SE	NA	0
fig4_q20_SE_itsxpress_unite	2Q	fig4_q20_SE_itsxpress_unite_2Q	QIAamp	2	mock_only	UNITE+BLAST	BLAST	ITSxpress	SE	NA	0
fig4_q20_SE_itsxpress_unite	2Q	fig4_q20_SE_itsxpress_unite_2Q	QIAamp	2	mock_only	UNITE+BLAST	BLAST	ITSxpress	SE	Saccharomyces_cerevisiae	0.04699180130214613
fig4_q20_SE_itsxpress_unite	2Q	fig4_q20_SE_itsxpress_unite_2Q	QIAamp	2	mock_only	UNITE+BLAST	BLAST	ITSxpress	SE	Saccharomyces_kudriavzevii	0
fig4_q20_SE_itsxpress_unite	2Q	fig4_q20_SE_itsxpress_unite_2Q	QIAamp	2	mock_only	UNITE+BLAST	BLAST	ITSxpress	SE	NA	0
fig4_q20_SE_itsxpress_unite	2Q	fig4_q20_SE_itsxpress_unite_2Q	QIAamp	2	mock_only	UNITE+BLAST	BLAST	ITSxpress	SE	Trichophyton_mentagrophytes	0.005531106824210272
fig4_q20_SE_itsxpress_unite	2Z	fig4_q20_SE_itsxpress_unite_2Z	Zymo	2	mock_only	UNITE	No_BLAST	ITSxpress	SE	Aspergillus_fumigatus	0.03454878454878455
fig4_q20_SE_itsxpress_unite	2Z	fig4_q20_SE_itsxpress_unite_2Z	Zymo	2	mock_only	UNITE	No_BLAST	ITSxpress	SE	NA	0
fig4_q20_SE_itsxpress_unite	2Z	fig4_q20_SE_itsxpress_unite_2Z	Zymo	2	mock_only	UNITE	No_BLAST	ITSxpress	SE	NA	0
fig4_q20_SE_itsxpress_unite	2Z	fig4_q20_SE_itsxpress_unite_2Z	Zymo	2	mock_only	UNITE	No_BLAST	ITSxpress	SE	Candida_albicans	0.29801679801679803
fig4_q20_SE_itsxpress_unite	2Z	fig4_q20_SE_itsxpress_unite_2Z	Zymo	2	mock_only	UNITE	No_BLAST	ITSxpress	SE	NA	0
fig4_q20_SE_itsxpress_unite	2Z	fig4_q20_SE_itsxpress_unite_2Z	Zymo	2	mock_only	UNITE	No_BLAST	ITSxpress	SE	Cryptococcus_neoformans	0.14764864764864766
fig4_q20_SE_itsxpress_unite	2Z	fig4_q20_SE_itsxpress_unite_2Z	Zymo	2	mock_only	UNITE	No_BLAST	ITSxpress	SE	NA	0
fig4_q20_SE_itsxpress_unite	2Z	fig4_q20_SE_itsxpress_unite_2Z	Zymo	2	mock_only	UNITE	No_BLAST	ITSxpress	SE	NA	0
fig4_q20_SE_itsxpress_unite	2Z	fig4_q20_SE_itsxpress_unite_2Z	Zymo	2	mock_only	UNITE	No_BLAST	ITSxpress	SE	Cutaneotrichosporon_mucoides	0.20664520664520664
fig4_q20_SE_itsxpress_unite	2Z	fig4_q20_SE_itsxpress_unite_2Z	Zymo	2	mock_only	UNITE	No_BLAST	ITSxpress	SE	Fusarium_keratoplasticum	0
fig4_q20_SE_itsxpress_unite	2Z	fig4_q20_SE_itsxpress_unite_2Z	Zymo	2	mock_only	UNITE	No_BLAST	ITSxpress	SE	NA	0
fig4_q20_SE_itsxpress_unite	2Z	fig4_q20_SE_itsxpress_unite_2Z	Zymo	2	mock_only	UNITE	No_BLAST	ITSxpress	SE	Malassezia_globosa	1.2025012025012025e-4
fig4_q20_SE_itsxpress_unite	2Z	fig4_q20_SE_itsxpress_unite_2Z	Zymo	2	mock_only	UNITE	No_BLAST	ITSxpress	SE	NA	0
fig4_q20_SE_itsxpress_unite	2Z	fig4_q20_SE_itsxpress_unite_2Z	Zymo	2	mock_only	UNITE	No_BLAST	ITSxpress	SE	Nakaseomyces_glabratus	0.10393310393310393
fig4_q20_SE_itsxpress_unite	2Z	fig4_q20_SE_itsxpress_unite_2Z	Zymo	2	mock_only	UNITE	No_BLAST	ITSxpress	SE	Other	0.14915639915639917
fig4_q20_SE_itsxpress_unite	2Z	fig4_q20_SE_itsxpress_unite_2Z	Zymo	2	mock_only	UNITE	No_BLAST	ITSxpress	SE	NA	0
fig4_q20_SE_itsxpress_unite	2Z	fig4_q20_SE_itsxpress_unite_2Z	Zymo	2	mock_only	UNITE	No_BLAST	ITSxpress	SE	NA	0
fig4_q20_SE_itsxpress_unite	2Z	fig4_q20_SE_itsxpress_unite_2Z	Zymo	2	mock_only	UNITE	No_BLAST	ITSxpress	SE	NA	0
fig4_q20_SE_itsxpress_unite	2Z	fig4_q20_SE_itsxpress_unite_2Z	Zymo	2	mock_only	UNITE	No_BLAST	ITSxpress	SE	Penicillium_flavigenum	0
fig4_q20_SE_itsxpress_unite	2Z	fig4_q20_SE_itsxpress_unite_2Z	Zymo	2	mock_only	UNITE	No_BLAST	ITSxpress	SE	NA	0
fig4_q20_SE_itsxpress_unite	2Z	fig4_q20_SE_itsxpress_unite_2Z	Zymo	2	mock_only	UNITE	No_BLAST	ITSxpress	SE	NA	0
fig4_q20_SE_itsxpress_unite	2Z	fig4_q20_SE_itsxpress_unite_2Z	Zymo	2	mock_only	UNITE	No_BLAST	ITSxpress	SE	NA	0
fig4_q20_SE_itsxpress_unite	2Z	fig4_q20_SE_itsxpress_unite_2Z	Zymo	2	mock_only	UNITE	No_BLAST	ITSxpress	SE	Saccharomyces_cerevisiae	0.05468605468605468
fig4_q20_SE_itsxpress_unite	2Z	fig4_q20_SE_itsxpress_unite_2Z	Zymo	2	mock_only	UNITE	No_BLAST	ITSxpress	SE	Saccharomyces_kudriavzevii	0
fig4_q20_SE_itsxpress_unite	2Z	fig4_q20_SE_itsxpress_unite_2Z	Zymo	2	mock_only	UNITE	No_BLAST	ITSxpress	SE	NA	0
fig4_q20_SE_itsxpress_unite	2Z	fig4_q20_SE_itsxpress_unite_2Z	Zymo	2	mock_only	UNITE	No_BLAST	ITSxpress	SE	Trichophyton_mentagrophytes	0.005244755244755245
fig4_q20_SE_itsxpress_unite	2Z	fig4_q20_SE_itsxpress_unite_2Z	Zymo	2	mock_only	UNITE+BLAST	BLAST	ITSxpress	SE	Aspergillus_fumigatus	0.03454878454878455
fig4_q20_SE_itsxpress_unite	2Z	fig4_q20_SE_itsxpress_unite_2Z	Zymo	2	mock_only	UNITE+BLAST	BLAST	ITSxpress	SE	NA	0
fig4_q20_SE_itsxpress_unite	2Z	fig4_q20_SE_itsxpress_unite_2Z	Zymo	2	mock_only	UNITE+BLAST	BLAST	ITSxpress	SE	NA	0
fig4_q20_SE_itsxpress_unite	2Z	fig4_q20_SE_itsxpress_unite_2Z	Zymo	2	mock_only	UNITE+BLAST	BLAST	ITSxpress	SE	Candida_albicans	0.29801679801679803
fig4_q20_SE_itsxpress_unite	2Z	fig4_q20_SE_itsxpress_unite_2Z	Zymo	2	mock_only	UNITE+BLAST	BLAST	ITSxpress	SE	NA	0
fig4_q20_SE_itsxpress_unite	2Z	fig4_q20_SE_itsxpress_unite_2Z	Zymo	2	mock_only	UNITE+BLAST	BLAST	ITSxpress	SE	Cryptococcus_neoformans	0.14764864764864766
fig4_q20_SE_itsxpress_unite	2Z	fig4_q20_SE_itsxpress_unite_2Z	Zymo	2	mock_only	UNITE+BLAST	BLAST	ITSxpress	SE	NA	0
fig4_q20_SE_itsxpress_unite	2Z	fig4_q20_SE_itsxpress_unite_2Z	Zymo	2	mock_only	UNITE+BLAST	BLAST	ITSxpress	SE	NA	0
fig4_q20_SE_itsxpress_unite	2Z	fig4_q20_SE_itsxpress_unite_2Z	Zymo	2	mock_only	UNITE+BLAST	BLAST	ITSxpress	SE	Cutaneotrichosporon_mucoides	0.20664520664520664
fig4_q20_SE_itsxpress_unite	2Z	fig4_q20_SE_itsxpress_unite_2Z	Zymo	2	mock_only	UNITE+BLAST	BLAST	ITSxpress	SE	Fusarium_keratoplasticum	0.0018777518777518777
fig4_q20_SE_itsxpress_unite	2Z	fig4_q20_SE_itsxpress_unite_2Z	Zymo	2	mock_only	UNITE+BLAST	BLAST	ITSxpress	SE	NA	0
fig4_q20_SE_itsxpress_unite	2Z	fig4_q20_SE_itsxpress_unite_2Z	Zymo	2	mock_only	UNITE+BLAST	BLAST	ITSxpress	SE	Malassezia_globosa	1.2025012025012025e-4
fig4_q20_SE_itsxpress_unite	2Z	fig4_q20_SE_itsxpress_unite_2Z	Zymo	2	mock_only	UNITE+BLAST	BLAST	ITSxpress	SE	NA	0
fig4_q20_SE_itsxpress_unite	2Z	fig4_q20_SE_itsxpress_unite_2Z	Zymo	2	mock_only	UNITE+BLAST	BLAST	ITSxpress	SE	Nakaseomyces_glabratus	0.10393310393310393
fig4_q20_SE_itsxpress_unite	2Z	fig4_q20_SE_itsxpress_unite_2Z	Zymo	2	mock_only	UNITE+BLAST	BLAST	ITSxpress	SE	Other	0.14727864727864728
fig4_q20_SE_itsxpress_unite	2Z	fig4_q20_SE_itsxpress_unite_2Z	Zymo	2	mock_only	UNITE+BLAST	BLAST	ITSxpress	SE	NA	0
fig4_q20_SE_itsxpress_unite	2Z	fig4_q20_SE_itsxpress_unite_2Z	Zymo	2	mock_only	UNITE+BLAST	BLAST	ITSxpress	SE	NA	0
fig4_q20_SE_itsxpress_unite	2Z	fig4_q20_SE_itsxpress_unite_2Z	Zymo	2	mock_only	UNITE+BLAST	BLAST	ITSxpress	SE	NA	0
fig4_q20_SE_itsxpress_unite	2Z	fig4_q20_SE_itsxpress_unite_2Z	Zymo	2	mock_only	UNITE+BLAST	BLAST	ITSxpress	SE	Penicillium_flavigenum	0
fig4_q20_SE_itsxpress_unite	2Z	fig4_q20_SE_itsxpress_unite_2Z	Zymo	2	mock_only	UNITE+BLAST	BLAST	ITSxpress	SE	NA	0
fig4_q20_SE_itsxpress_unite	2Z	fig4_q20_SE_itsxpress_unite_2Z	Zymo	2	mock_only	UNITE+BLAST	BLAST	ITSxpress	SE	NA	0
fig4_q20_SE_itsxpress_unite	2Z	fig4_q20_SE_itsxpress_unite_2Z	Zymo	2	mock_only	UNITE+BLAST	BLAST	ITSxpress	SE	NA	0
fig4_q20_SE_itsxpress_unite	2Z	fig4_q20_SE_itsxpress_unite_2Z	Zymo	2	mock_only	UNITE+BLAST	BLAST	ITSxpress	SE	Saccharomyces_cerevisiae	0.05468605468605468
fig4_q20_SE_itsxpress_unite	2Z	fig4_q20_SE_itsxpress_unite_2Z	Zymo	2	mock_only	UNITE+BLAST	BLAST	ITSxpress	SE	Saccharomyces_kudriavzevii	0
fig4_q20_SE_itsxpress_unite	2Z	fig4_q20_SE_itsxpress_unite_2Z	Zymo	2	mock_only	UNITE+BLAST	BLAST	ITSxpress	SE	NA	0
fig4_q20_SE_itsxpress_unite	2Z	fig4_q20_SE_itsxpress_unite_2Z	Zymo	2	mock_only	UNITE+BLAST	BLAST	ITSxpress	SE	Trichophyton_mentagrophytes	0.005244755244755245
fig4_q20_SE_itsxpress_unite	3D	fig4_q20_SE_itsxpress_unite_3D	DNeasy	3	mock_only	UNITE	No_BLAST	ITSxpress	SE	Aspergillus_fumigatus	0.03372268561582214
fig4_q20_SE_itsxpress_unite	3D	fig4_q20_SE_itsxpress_unite_3D	DNeasy	3	mock_only	UNITE	No_BLAST	ITSxpress	SE	NA	0
fig4_q20_SE_itsxpress_unite	3D	fig4_q20_SE_itsxpress_unite_3D	DNeasy	3	mock_only	UNITE	No_BLAST	ITSxpress	SE	NA	0
fig4_q20_SE_itsxpress_unite	3D	fig4_q20_SE_itsxpress_unite_3D	DNeasy	3	mock_only	UNITE	No_BLAST	ITSxpress	SE	Candida_albicans	0.2986321840833194
fig4_q20_SE_itsxpress_unite	3D	fig4_q20_SE_itsxpress_unite_3D	DNeasy	3	mock_only	UNITE	No_BLAST	ITSxpress	SE	NA	0
fig4_q20_SE_itsxpress_unite	3D	fig4_q20_SE_itsxpress_unite_3D	DNeasy	3	mock_only	UNITE	No_BLAST	ITSxpress	SE	Cryptococcus_neoformans	0.14631208161149148
fig4_q20_SE_itsxpress_unite	3D	fig4_q20_SE_itsxpress_unite_3D	DNeasy	3	mock_only	UNITE	No_BLAST	ITSxpress	SE	NA	0
fig4_q20_SE_itsxpress_unite	3D	fig4_q20_SE_itsxpress_unite_3D	DNeasy	3	mock_only	UNITE	No_BLAST	ITSxpress	SE	NA	0
fig4_q20_SE_itsxpress_unite	3D	fig4_q20_SE_itsxpress_unite_3D	DNeasy	3	mock_only	UNITE	No_BLAST	ITSxpress	SE	Cutaneotrichosporon_mucoides	0.2007731133442108
fig4_q20_SE_itsxpress_unite	3D	fig4_q20_SE_itsxpress_unite_3D	DNeasy	3	mock_only	UNITE	No_BLAST	ITSxpress	SE	Fusarium_keratoplasticum	0
fig4_q20_SE_itsxpress_unite	3D	fig4_q20_SE_itsxpress_unite_3D	DNeasy	3	mock_only	UNITE	No_BLAST	ITSxpress	SE	NA	0
fig4_q20_SE_itsxpress_unite	3D	fig4_q20_SE_itsxpress_unite_3D	DNeasy	3	mock_only	UNITE	No_BLAST	ITSxpress	SE	Malassezia_globosa	1.5248783909483218e-5
fig4_q20_SE_itsxpress_unite	3D	fig4_q20_SE_itsxpress_unite_3D	DNeasy	3	mock_only	UNITE	No_BLAST	ITSxpress	SE	NA	0
fig4_q20_SE_itsxpress_unite	3D	fig4_q20_SE_itsxpress_unite_3D	DNeasy	3	mock_only	UNITE	No_BLAST	ITSxpress	SE	Nakaseomyces_glabratus	0.11366443526128792
fig4_q20_SE_itsxpress_unite	3D	fig4_q20_SE_itsxpress_unite_3D	DNeasy	3	mock_only	UNITE	No_BLAST	ITSxpress	SE	Other	0.14391802253770264
fig4_q20_SE_itsxpress_unite	3D	fig4_q20_SE_itsxpress_unite_3D	DNeasy	3	mock_only	UNITE	No_BLAST	ITSxpress	SE	NA	0
fig4_q20_SE_itsxpress_unite	3D	fig4_q20_SE_itsxpress_unite_3D	DNeasy	3	mock_only	UNITE	No_BLAST	ITSxpress	SE	NA	0
fig4_q20_SE_itsxpress_unite	3D	fig4_q20_SE_itsxpress_unite_3D	DNeasy	3	mock_only	UNITE	No_BLAST	ITSxpress	SE	NA	0
fig4_q20_SE_itsxpress_unite	3D	fig4_q20_SE_itsxpress_unite_3D	DNeasy	3	mock_only	UNITE	No_BLAST	ITSxpress	SE	Penicillium_flavigenum	0
fig4_q20_SE_itsxpress_unite	3D	fig4_q20_SE_itsxpress_unite_3D	DNeasy	3	mock_only	UNITE	No_BLAST	ITSxpress	SE	NA	0
fig4_q20_SE_itsxpress_unite	3D	fig4_q20_SE_itsxpress_unite_3D	DNeasy	3	mock_only	UNITE	No_BLAST	ITSxpress	SE	NA	0
fig4_q20_SE_itsxpress_unite	3D	fig4_q20_SE_itsxpress_unite_3D	DNeasy	3	mock_only	UNITE	No_BLAST	ITSxpress	SE	NA	0
fig4_q20_SE_itsxpress_unite	3D	fig4_q20_SE_itsxpress_unite_3D	DNeasy	3	mock_only	UNITE	No_BLAST	ITSxpress	SE	Saccharomyces_cerevisiae	0.057731895881303466
fig4_q20_SE_itsxpress_unite	3D	fig4_q20_SE_itsxpress_unite_3D	DNeasy	3	mock_only	UNITE	No_BLAST	ITSxpress	SE	Saccharomyces_kudriavzevii	0
fig4_q20_SE_itsxpress_unite	3D	fig4_q20_SE_itsxpress_unite_3D	DNeasy	3	mock_only	UNITE	No_BLAST	ITSxpress	SE	NA	0
fig4_q20_SE_itsxpress_unite	3D	fig4_q20_SE_itsxpress_unite_3D	DNeasy	3	mock_only	UNITE	No_BLAST	ITSxpress	SE	Trichophyton_mentagrophytes	0.005230332880952744
fig4_q20_SE_itsxpress_unite	3D	fig4_q20_SE_itsxpress_unite_3D	DNeasy	3	mock_only	UNITE+BLAST	BLAST	ITSxpress	SE	Aspergillus_fumigatus	0.03372268561582214
fig4_q20_SE_itsxpress_unite	3D	fig4_q20_SE_itsxpress_unite_3D	DNeasy	3	mock_only	UNITE+BLAST	BLAST	ITSxpress	SE	NA	0
fig4_q20_SE_itsxpress_unite	3D	fig4_q20_SE_itsxpress_unite_3D	DNeasy	3	mock_only	UNITE+BLAST	BLAST	ITSxpress	SE	NA	0
fig4_q20_SE_itsxpress_unite	3D	fig4_q20_SE_itsxpress_unite_3D	DNeasy	3	mock_only	UNITE+BLAST	BLAST	ITSxpress	SE	Candida_albicans	0.2986321840833194
fig4_q20_SE_itsxpress_unite	3D	fig4_q20_SE_itsxpress_unite_3D	DNeasy	3	mock_only	UNITE+BLAST	BLAST	ITSxpress	SE	NA	0
fig4_q20_SE_itsxpress_unite	3D	fig4_q20_SE_itsxpress_unite_3D	DNeasy	3	mock_only	UNITE+BLAST	BLAST	ITSxpress	SE	Cryptococcus_neoformans	0.14631208161149148
fig4_q20_SE_itsxpress_unite	3D	fig4_q20_SE_itsxpress_unite_3D	DNeasy	3	mock_only	UNITE+BLAST	BLAST	ITSxpress	SE	NA	0
fig4_q20_SE_itsxpress_unite	3D	fig4_q20_SE_itsxpress_unite_3D	DNeasy	3	mock_only	UNITE+BLAST	BLAST	ITSxpress	SE	NA	0
fig4_q20_SE_itsxpress_unite	3D	fig4_q20_SE_itsxpress_unite_3D	DNeasy	3	mock_only	UNITE+BLAST	BLAST	ITSxpress	SE	Cutaneotrichosporon_mucoides	0.2007731133442108
fig4_q20_SE_itsxpress_unite	3D	fig4_q20_SE_itsxpress_unite_3D	DNeasy	3	mock_only	UNITE+BLAST	BLAST	ITSxpress	SE	Fusarium_keratoplasticum	0.002165327315146617
fig4_q20_SE_itsxpress_unite	3D	fig4_q20_SE_itsxpress_unite_3D	DNeasy	3	mock_only	UNITE+BLAST	BLAST	ITSxpress	SE	NA	0
fig4_q20_SE_itsxpress_unite	3D	fig4_q20_SE_itsxpress_unite_3D	DNeasy	3	mock_only	UNITE+BLAST	BLAST	ITSxpress	SE	Malassezia_globosa	1.5248783909483218e-5
fig4_q20_SE_itsxpress_unite	3D	fig4_q20_SE_itsxpress_unite_3D	DNeasy	3	mock_only	UNITE+BLAST	BLAST	ITSxpress	SE	NA	0
fig4_q20_SE_itsxpress_unite	3D	fig4_q20_SE_itsxpress_unite_3D	DNeasy	3	mock_only	UNITE+BLAST	BLAST	ITSxpress	SE	Nakaseomyces_glabratus	0.11366443526128792
fig4_q20_SE_itsxpress_unite	3D	fig4_q20_SE_itsxpress_unite_3D	DNeasy	3	mock_only	UNITE+BLAST	BLAST	ITSxpress	SE	Other	0.141752695222556
fig4_q20_SE_itsxpress_unite	3D	fig4_q20_SE_itsxpress_unite_3D	DNeasy	3	mock_only	UNITE+BLAST	BLAST	ITSxpress	SE	NA	0
fig4_q20_SE_itsxpress_unite	3D	fig4_q20_SE_itsxpress_unite_3D	DNeasy	3	mock_only	UNITE+BLAST	BLAST	ITSxpress	SE	NA	0
fig4_q20_SE_itsxpress_unite	3D	fig4_q20_SE_itsxpress_unite_3D	DNeasy	3	mock_only	UNITE+BLAST	BLAST	ITSxpress	SE	NA	0
fig4_q20_SE_itsxpress_unite	3D	fig4_q20_SE_itsxpress_unite_3D	DNeasy	3	mock_only	UNITE+BLAST	BLAST	ITSxpress	SE	Penicillium_flavigenum	0
fig4_q20_SE_itsxpress_unite	3D	fig4_q20_SE_itsxpress_unite_3D	DNeasy	3	mock_only	UNITE+BLAST	BLAST	ITSxpress	SE	NA	0
fig4_q20_SE_itsxpress_unite	3D	fig4_q20_SE_itsxpress_unite_3D	DNeasy	3	mock_only	UNITE+BLAST	BLAST	ITSxpress	SE	NA	0
fig4_q20_SE_itsxpress_unite	3D	fig4_q20_SE_itsxpress_unite_3D	DNeasy	3	mock_only	UNITE+BLAST	BLAST	ITSxpress	SE	NA	0
fig4_q20_SE_itsxpress_unite	3D	fig4_q20_SE_itsxpress_unite_3D	DNeasy	3	mock_only	UNITE+BLAST	BLAST	ITSxpress	SE	Saccharomyces_cerevisiae	0.057731895881303466
fig4_q20_SE_itsxpress_unite	3D	fig4_q20_SE_itsxpress_unite_3D	DNeasy	3	mock_only	UNITE+BLAST	BLAST	ITSxpress	SE	Saccharomyces_kudriavzevii	0
fig4_q20_SE_itsxpress_unite	3D	fig4_q20_SE_itsxpress_unite_3D	DNeasy	3	mock_only	UNITE+BLAST	BLAST	ITSxpress	SE	NA	0
fig4_q20_SE_itsxpress_unite	3D	fig4_q20_SE_itsxpress_unite_3D	DNeasy	3	mock_only	UNITE+BLAST	BLAST	ITSxpress	SE	Trichophyton_mentagrophytes	0.005230332880952744
fig4_q20_SE_itsxpress_unite	3Q	fig4_q20_SE_itsxpress_unite_3Q	QIAamp	3	mock_only	UNITE	No_BLAST	ITSxpress	SE	Aspergillus_fumigatus	0.033766299875285274
fig4_q20_SE_itsxpress_unite	3Q	fig4_q20_SE_itsxpress_unite_3Q	QIAamp	3	mock_only	UNITE	No_BLAST	ITSxpress	SE	NA	0
fig4_q20_SE_itsxpress_unite	3Q	fig4_q20_SE_itsxpress_unite_3Q	QIAamp	3	mock_only	UNITE	No_BLAST	ITSxpress	SE	NA	0
fig4_q20_SE_itsxpress_unite	3Q	fig4_q20_SE_itsxpress_unite_3Q	QIAamp	3	mock_only	UNITE	No_BLAST	ITSxpress	SE	Candida_albicans	0.30257319566637536
fig4_q20_SE_itsxpress_unite	3Q	fig4_q20_SE_itsxpress_unite_3Q	QIAamp	3	mock_only	UNITE	No_BLAST	ITSxpress	SE	NA	0
fig4_q20_SE_itsxpress_unite	3Q	fig4_q20_SE_itsxpress_unite_3Q	QIAamp	3	mock_only	UNITE	No_BLAST	ITSxpress	SE	Cryptococcus_neoformans	0.15630063884481926
fig4_q20_SE_itsxpress_unite	3Q	fig4_q20_SE_itsxpress_unite_3Q	QIAamp	3	mock_only	UNITE	No_BLAST	ITSxpress	SE	NA	0
fig4_q20_SE_itsxpress_unite	3Q	fig4_q20_SE_itsxpress_unite_3Q	QIAamp	3	mock_only	UNITE	No_BLAST	ITSxpress	SE	NA	0
fig4_q20_SE_itsxpress_unite	3Q	fig4_q20_SE_itsxpress_unite_3Q	QIAamp	3	mock_only	UNITE	No_BLAST	ITSxpress	SE	Cutaneotrichosporon_mucoides	0.21312643697664357
fig4_q20_SE_itsxpress_unite	3Q	fig4_q20_SE_itsxpress_unite_3Q	QIAamp	3	mock_only	UNITE	No_BLAST	ITSxpress	SE	Fusarium_keratoplasticum	0
fig4_q20_SE_itsxpress_unite	3Q	fig4_q20_SE_itsxpress_unite_3Q	QIAamp	3	mock_only	UNITE	No_BLAST	ITSxpress	SE	NA	0
fig4_q20_SE_itsxpress_unite	3Q	fig4_q20_SE_itsxpress_unite_3Q	QIAamp	3	mock_only	UNITE	No_BLAST	ITSxpress	SE	Malassezia_globosa	1.6967989887078026e-5
fig4_q20_SE_itsxpress_unite	3Q	fig4_q20_SE_itsxpress_unite_3Q	QIAamp	3	mock_only	UNITE	No_BLAST	ITSxpress	SE	NA	0
fig4_q20_SE_itsxpress_unite	3Q	fig4_q20_SE_itsxpress_unite_3Q	QIAamp	3	mock_only	UNITE	No_BLAST	ITSxpress	SE	Nakaseomyces_glabratus	0.1102325463014024
fig4_q20_SE_itsxpress_unite	3Q	fig4_q20_SE_itsxpress_unite_3Q	QIAamp	3	mock_only	UNITE	No_BLAST	ITSxpress	SE	Other	0.13773765790835588
fig4_q20_SE_itsxpress_unite	3Q	fig4_q20_SE_itsxpress_unite_3Q	QIAamp	3	mock_only	UNITE	No_BLAST	ITSxpress	SE	NA	0
fig4_q20_SE_itsxpress_unite	3Q	fig4_q20_SE_itsxpress_unite_3Q	QIAamp	3	mock_only	UNITE	No_BLAST	ITSxpress	SE	NA	0
fig4_q20_SE_itsxpress_unite	3Q	fig4_q20_SE_itsxpress_unite_3Q	QIAamp	3	mock_only	UNITE	No_BLAST	ITSxpress	SE	NA	0
fig4_q20_SE_itsxpress_unite	3Q	fig4_q20_SE_itsxpress_unite_3Q	QIAamp	3	mock_only	UNITE	No_BLAST	ITSxpress	SE	Penicillium_flavigenum	0
fig4_q20_SE_itsxpress_unite	3Q	fig4_q20_SE_itsxpress_unite_3Q	QIAamp	3	mock_only	UNITE	No_BLAST	ITSxpress	SE	NA	0
fig4_q20_SE_itsxpress_unite	3Q	fig4_q20_SE_itsxpress_unite_3Q	QIAamp	3	mock_only	UNITE	No_BLAST	ITSxpress	SE	NA	0
fig4_q20_SE_itsxpress_unite	3Q	fig4_q20_SE_itsxpress_unite_3Q	QIAamp	3	mock_only	UNITE	No_BLAST	ITSxpress	SE	NA	0
fig4_q20_SE_itsxpress_unite	3Q	fig4_q20_SE_itsxpress_unite_3Q	QIAamp	3	mock_only	UNITE	No_BLAST	ITSxpress	SE	Saccharomyces_cerevisiae	0.03976448430036736
fig4_q20_SE_itsxpress_unite	3Q	fig4_q20_SE_itsxpress_unite_3Q	QIAamp	3	mock_only	UNITE	No_BLAST	ITSxpress	SE	Saccharomyces_kudriavzevii	0
fig4_q20_SE_itsxpress_unite	3Q	fig4_q20_SE_itsxpress_unite_3Q	QIAamp	3	mock_only	UNITE	No_BLAST	ITSxpress	SE	NA	0
fig4_q20_SE_itsxpress_unite	3Q	fig4_q20_SE_itsxpress_unite_3Q	QIAamp	3	mock_only	UNITE	No_BLAST	ITSxpress	SE	Trichophyton_mentagrophytes	0.006481772136863806
fig4_q20_SE_itsxpress_unite	3Q	fig4_q20_SE_itsxpress_unite_3Q	QIAamp	3	mock_only	UNITE+BLAST	BLAST	ITSxpress	SE	Aspergillus_fumigatus	0.033766299875285274
fig4_q20_SE_itsxpress_unite	3Q	fig4_q20_SE_itsxpress_unite_3Q	QIAamp	3	mock_only	UNITE+BLAST	BLAST	ITSxpress	SE	NA	0
fig4_q20_SE_itsxpress_unite	3Q	fig4_q20_SE_itsxpress_unite_3Q	QIAamp	3	mock_only	UNITE+BLAST	BLAST	ITSxpress	SE	NA	0
fig4_q20_SE_itsxpress_unite	3Q	fig4_q20_SE_itsxpress_unite_3Q	QIAamp	3	mock_only	UNITE+BLAST	BLAST	ITSxpress	SE	Candida_albicans	0.30257319566637536
fig4_q20_SE_itsxpress_unite	3Q	fig4_q20_SE_itsxpress_unite_3Q	QIAamp	3	mock_only	UNITE+BLAST	BLAST	ITSxpress	SE	NA	0
fig4_q20_SE_itsxpress_unite	3Q	fig4_q20_SE_itsxpress_unite_3Q	QIAamp	3	mock_only	UNITE+BLAST	BLAST	ITSxpress	SE	Cryptococcus_neoformans	0.15630063884481926
fig4_q20_SE_itsxpress_unite	3Q	fig4_q20_SE_itsxpress_unite_3Q	QIAamp	3	mock_only	UNITE+BLAST	BLAST	ITSxpress	SE	NA	0
fig4_q20_SE_itsxpress_unite	3Q	fig4_q20_SE_itsxpress_unite_3Q	QIAamp	3	mock_only	UNITE+BLAST	BLAST	ITSxpress	SE	NA	0
fig4_q20_SE_itsxpress_unite	3Q	fig4_q20_SE_itsxpress_unite_3Q	QIAamp	3	mock_only	UNITE+BLAST	BLAST	ITSxpress	SE	Cutaneotrichosporon_mucoides	0.21312643697664357
fig4_q20_SE_itsxpress_unite	3Q	fig4_q20_SE_itsxpress_unite_3Q	QIAamp	3	mock_only	UNITE+BLAST	BLAST	ITSxpress	SE	Fusarium_keratoplasticum	0.0023585505943038458
fig4_q20_SE_itsxpress_unite	3Q	fig4_q20_SE_itsxpress_unite_3Q	QIAamp	3	mock_only	UNITE+BLAST	BLAST	ITSxpress	SE	NA	0
fig4_q20_SE_itsxpress_unite	3Q	fig4_q20_SE_itsxpress_unite_3Q	QIAamp	3	mock_only	UNITE+BLAST	BLAST	ITSxpress	SE	Malassezia_globosa	1.6967989887078026e-5
fig4_q20_SE_itsxpress_unite	3Q	fig4_q20_SE_itsxpress_unite_3Q	QIAamp	3	mock_only	UNITE+BLAST	BLAST	ITSxpress	SE	NA	0
fig4_q20_SE_itsxpress_unite	3Q	fig4_q20_SE_itsxpress_unite_3Q	QIAamp	3	mock_only	UNITE+BLAST	BLAST	ITSxpress	SE	Nakaseomyces_glabratus	0.1102325463014024
fig4_q20_SE_itsxpress_unite	3Q	fig4_q20_SE_itsxpress_unite_3Q	QIAamp	3	mock_only	UNITE+BLAST	BLAST	ITSxpress	SE	Other	0.13537910731405203
fig4_q20_SE_itsxpress_unite	3Q	fig4_q20_SE_itsxpress_unite_3Q	QIAamp	3	mock_only	UNITE+BLAST	BLAST	ITSxpress	SE	NA	0
fig4_q20_SE_itsxpress_unite	3Q	fig4_q20_SE_itsxpress_unite_3Q	QIAamp	3	mock_only	UNITE+BLAST	BLAST	ITSxpress	SE	NA	0
fig4_q20_SE_itsxpress_unite	3Q	fig4_q20_SE_itsxpress_unite_3Q	QIAamp	3	mock_only	UNITE+BLAST	BLAST	ITSxpress	SE	NA	0
fig4_q20_SE_itsxpress_unite	3Q	fig4_q20_SE_itsxpress_unite_3Q	QIAamp	3	mock_only	UNITE+BLAST	BLAST	ITSxpress	SE	Penicillium_flavigenum	0
fig4_q20_SE_itsxpress_unite	3Q	fig4_q20_SE_itsxpress_unite_3Q	QIAamp	3	mock_only	UNITE+BLAST	BLAST	ITSxpress	SE	NA	0
fig4_q20_SE_itsxpress_unite	3Q	fig4_q20_SE_itsxpress_unite_3Q	QIAamp	3	mock_only	UNITE+BLAST	BLAST	ITSxpress	SE	NA	0
fig4_q20_SE_itsxpress_unite	3Q	fig4_q20_SE_itsxpress_unite_3Q	QIAamp	3	mock_only	UNITE+BLAST	BLAST	ITSxpress	SE	NA	0
fig4_q20_SE_itsxpress_unite	3Q	fig4_q20_SE_itsxpress_unite_3Q	QIAamp	3	mock_only	UNITE+BLAST	BLAST	ITSxpress	SE	Saccharomyces_cerevisiae	0.03976448430036736
fig4_q20_SE_itsxpress_unite	3Q	fig4_q20_SE_itsxpress_unite_3Q	QIAamp	3	mock_only	UNITE+BLAST	BLAST	ITSxpress	SE	Saccharomyces_kudriavzevii	0
fig4_q20_SE_itsxpress_unite	3Q	fig4_q20_SE_itsxpress_unite_3Q	QIAamp	3	mock_only	UNITE+BLAST	BLAST	ITSxpress	SE	NA	0
fig4_q20_SE_itsxpress_unite	3Q	fig4_q20_SE_itsxpress_unite_3Q	QIAamp	3	mock_only	UNITE+BLAST	BLAST	ITSxpress	SE	Trichophyton_mentagrophytes	0.006481772136863806
fig4_q20_SE_itsxpress_unite	3Z	fig4_q20_SE_itsxpress_unite_3Z	Zymo	3	mock_only	UNITE	No_BLAST	ITSxpress	SE	Aspergillus_fumigatus	0.029018394085668007
fig4_q20_SE_itsxpress_unite	3Z	fig4_q20_SE_itsxpress_unite_3Z	Zymo	3	mock_only	UNITE	No_BLAST	ITSxpress	SE	NA	0
fig4_q20_SE_itsxpress_unite	3Z	fig4_q20_SE_itsxpress_unite_3Z	Zymo	3	mock_only	UNITE	No_BLAST	ITSxpress	SE	NA	0
fig4_q20_SE_itsxpress_unite	3Z	fig4_q20_SE_itsxpress_unite_3Z	Zymo	3	mock_only	UNITE	No_BLAST	ITSxpress	SE	Candida_albicans	0.3022274965120195
fig4_q20_SE_itsxpress_unite	3Z	fig4_q20_SE_itsxpress_unite_3Z	Zymo	3	mock_only	UNITE	No_BLAST	ITSxpress	SE	NA	0
fig4_q20_SE_itsxpress_unite	3Z	fig4_q20_SE_itsxpress_unite_3Z	Zymo	3	mock_only	UNITE	No_BLAST	ITSxpress	SE	Cryptococcus_neoformans	0.15130618855942396
fig4_q20_SE_itsxpress_unite	3Z	fig4_q20_SE_itsxpress_unite_3Z	Zymo	3	mock_only	UNITE	No_BLAST	ITSxpress	SE	NA	0
fig4_q20_SE_itsxpress_unite	3Z	fig4_q20_SE_itsxpress_unite_3Z	Zymo	3	mock_only	UNITE	No_BLAST	ITSxpress	SE	NA	0
fig4_q20_SE_itsxpress_unite	3Z	fig4_q20_SE_itsxpress_unite_3Z	Zymo	3	mock_only	UNITE	No_BLAST	ITSxpress	SE	Cutaneotrichosporon_mucoides	0.22131436727231907
fig4_q20_SE_itsxpress_unite	3Z	fig4_q20_SE_itsxpress_unite_3Z	Zymo	3	mock_only	UNITE	No_BLAST	ITSxpress	SE	Fusarium_keratoplasticum	0
fig4_q20_SE_itsxpress_unite	3Z	fig4_q20_SE_itsxpress_unite_3Z	Zymo	3	mock_only	UNITE	No_BLAST	ITSxpress	SE	NA	0
fig4_q20_SE_itsxpress_unite	3Z	fig4_q20_SE_itsxpress_unite_3Z	Zymo	3	mock_only	UNITE	No_BLAST	ITSxpress	SE	Malassezia_globosa	5.612842182914508e-5
fig4_q20_SE_itsxpress_unite	3Z	fig4_q20_SE_itsxpress_unite_3Z	Zymo	3	mock_only	UNITE	No_BLAST	ITSxpress	SE	NA	0
fig4_q20_SE_itsxpress_unite	3Z	fig4_q20_SE_itsxpress_unite_3Z	Zymo	3	mock_only	UNITE	No_BLAST	ITSxpress	SE	Nakaseomyces_glabratus	0.10156838847282583
fig4_q20_SE_itsxpress_unite	3Z	fig4_q20_SE_itsxpress_unite_3Z	Zymo	3	mock_only	UNITE	No_BLAST	ITSxpress	SE	Other	0.13607934955177445
fig4_q20_SE_itsxpress_unite	3Z	fig4_q20_SE_itsxpress_unite_3Z	Zymo	3	mock_only	UNITE	No_BLAST	ITSxpress	SE	NA	0
fig4_q20_SE_itsxpress_unite	3Z	fig4_q20_SE_itsxpress_unite_3Z	Zymo	3	mock_only	UNITE	No_BLAST	ITSxpress	SE	NA	0
fig4_q20_SE_itsxpress_unite	3Z	fig4_q20_SE_itsxpress_unite_3Z	Zymo	3	mock_only	UNITE	No_BLAST	ITSxpress	SE	NA	0
fig4_q20_SE_itsxpress_unite	3Z	fig4_q20_SE_itsxpress_unite_3Z	Zymo	3	mock_only	UNITE	No_BLAST	ITSxpress	SE	Penicillium_flavigenum	0
fig4_q20_SE_itsxpress_unite	3Z	fig4_q20_SE_itsxpress_unite_3Z	Zymo	3	mock_only	UNITE	No_BLAST	ITSxpress	SE	NA	0
fig4_q20_SE_itsxpress_unite	3Z	fig4_q20_SE_itsxpress_unite_3Z	Zymo	3	mock_only	UNITE	No_BLAST	ITSxpress	SE	NA	0
fig4_q20_SE_itsxpress_unite	3Z	fig4_q20_SE_itsxpress_unite_3Z	Zymo	3	mock_only	UNITE	No_BLAST	ITSxpress	SE	NA	0
fig4_q20_SE_itsxpress_unite	3Z	fig4_q20_SE_itsxpress_unite_3Z	Zymo	3	mock_only	UNITE	No_BLAST	ITSxpress	SE	Saccharomyces_cerevisiae	0.0544766425581731
fig4_q20_SE_itsxpress_unite	3Z	fig4_q20_SE_itsxpress_unite_3Z	Zymo	3	mock_only	UNITE	No_BLAST	ITSxpress	SE	Saccharomyces_kudriavzevii	0
fig4_q20_SE_itsxpress_unite	3Z	fig4_q20_SE_itsxpress_unite_3Z	Zymo	3	mock_only	UNITE	No_BLAST	ITSxpress	SE	NA	0
fig4_q20_SE_itsxpress_unite	3Z	fig4_q20_SE_itsxpress_unite_3Z	Zymo	3	mock_only	UNITE	No_BLAST	ITSxpress	SE	Trichophyton_mentagrophytes	0.003953044565966932
fig4_q20_SE_itsxpress_unite	3Z	fig4_q20_SE_itsxpress_unite_3Z	Zymo	3	mock_only	UNITE+BLAST	BLAST	ITSxpress	SE	Aspergillus_fumigatus	0.029018394085668007
fig4_q20_SE_itsxpress_unite	3Z	fig4_q20_SE_itsxpress_unite_3Z	Zymo	3	mock_only	UNITE+BLAST	BLAST	ITSxpress	SE	NA	0
fig4_q20_SE_itsxpress_unite	3Z	fig4_q20_SE_itsxpress_unite_3Z	Zymo	3	mock_only	UNITE+BLAST	BLAST	ITSxpress	SE	NA	0
fig4_q20_SE_itsxpress_unite	3Z	fig4_q20_SE_itsxpress_unite_3Z	Zymo	3	mock_only	UNITE+BLAST	BLAST	ITSxpress	SE	Candida_albicans	0.3022274965120195
fig4_q20_SE_itsxpress_unite	3Z	fig4_q20_SE_itsxpress_unite_3Z	Zymo	3	mock_only	UNITE+BLAST	BLAST	ITSxpress	SE	NA	0
fig4_q20_SE_itsxpress_unite	3Z	fig4_q20_SE_itsxpress_unite_3Z	Zymo	3	mock_only	UNITE+BLAST	BLAST	ITSxpress	SE	Cryptococcus_neoformans	0.15130618855942396
fig4_q20_SE_itsxpress_unite	3Z	fig4_q20_SE_itsxpress_unite_3Z	Zymo	3	mock_only	UNITE+BLAST	BLAST	ITSxpress	SE	NA	0
fig4_q20_SE_itsxpress_unite	3Z	fig4_q20_SE_itsxpress_unite_3Z	Zymo	3	mock_only	UNITE+BLAST	BLAST	ITSxpress	SE	NA	0
fig4_q20_SE_itsxpress_unite	3Z	fig4_q20_SE_itsxpress_unite_3Z	Zymo	3	mock_only	UNITE+BLAST	BLAST	ITSxpress	SE	Cutaneotrichosporon_mucoides	0.22131436727231907
fig4_q20_SE_itsxpress_unite	3Z	fig4_q20_SE_itsxpress_unite_3Z	Zymo	3	mock_only	UNITE+BLAST	BLAST	ITSxpress	SE	Fusarium_keratoplasticum	0.0016357425790207995
fig4_q20_SE_itsxpress_unite	3Z	fig4_q20_SE_itsxpress_unite_3Z	Zymo	3	mock_only	UNITE+BLAST	BLAST	ITSxpress	SE	NA	0
fig4_q20_SE_itsxpress_unite	3Z	fig4_q20_SE_itsxpress_unite_3Z	Zymo	3	mock_only	UNITE+BLAST	BLAST	ITSxpress	SE	Malassezia_globosa	5.612842182914508e-5
fig4_q20_SE_itsxpress_unite	3Z	fig4_q20_SE_itsxpress_unite_3Z	Zymo	3	mock_only	UNITE+BLAST	BLAST	ITSxpress	SE	NA	0
fig4_q20_SE_itsxpress_unite	3Z	fig4_q20_SE_itsxpress_unite_3Z	Zymo	3	mock_only	UNITE+BLAST	BLAST	ITSxpress	SE	Nakaseomyces_glabratus	0.10156838847282583
fig4_q20_SE_itsxpress_unite	3Z	fig4_q20_SE_itsxpress_unite_3Z	Zymo	3	mock_only	UNITE+BLAST	BLAST	ITSxpress	SE	Other	0.13444360697275365
fig4_q20_SE_itsxpress_unite	3Z	fig4_q20_SE_itsxpress_unite_3Z	Zymo	3	mock_only	UNITE+BLAST	BLAST	ITSxpress	SE	NA	0
fig4_q20_SE_itsxpress_unite	3Z	fig4_q20_SE_itsxpress_unite_3Z	Zymo	3	mock_only	UNITE+BLAST	BLAST	ITSxpress	SE	NA	0
fig4_q20_SE_itsxpress_unite	3Z	fig4_q20_SE_itsxpress_unite_3Z	Zymo	3	mock_only	UNITE+BLAST	BLAST	ITSxpress	SE	NA	0
fig4_q20_SE_itsxpress_unite	3Z	fig4_q20_SE_itsxpress_unite_3Z	Zymo	3	mock_only	UNITE+BLAST	BLAST	ITSxpress	SE	Penicillium_flavigenum	0
fig4_q20_SE_itsxpress_unite	3Z	fig4_q20_SE_itsxpress_unite_3Z	Zymo	3	mock_only	UNITE+BLAST	BLAST	ITSxpress	SE	NA	0
fig4_q20_SE_itsxpress_unite	3Z	fig4_q20_SE_itsxpress_unite_3Z	Zymo	3	mock_only	UNITE+BLAST	BLAST	ITSxpress	SE	NA	0
fig4_q20_SE_itsxpress_unite	3Z	fig4_q20_SE_itsxpress_unite_3Z	Zymo	3	mock_only	UNITE+BLAST	BLAST	ITSxpress	SE	NA	0
fig4_q20_SE_itsxpress_unite	3Z	fig4_q20_SE_itsxpress_unite_3Z	Zymo	3	mock_only	UNITE+BLAST	BLAST	ITSxpress	SE	Saccharomyces_cerevisiae	0.0544766425581731
fig4_q20_SE_itsxpress_unite	3Z	fig4_q20_SE_itsxpress_unite_3Z	Zymo	3	mock_only	UNITE+BLAST	BLAST	ITSxpress	SE	Saccharomyces_kudriavzevii	0
fig4_q20_SE_itsxpress_unite	3Z	fig4_q20_SE_itsxpress_unite_3Z	Zymo	3	mock_only	UNITE+BLAST	BLAST	ITSxpress	SE	NA	0
fig4_q20_SE_itsxpress_unite	3Z	fig4_q20_SE_itsxpress_unite_3Z	Zymo	3	mock_only	UNITE+BLAST	BLAST	ITSxpress	SE	Trichophyton_mentagrophytes	0.003953044565966932
fig4_q20_SE_itsxpress_unite	4D	fig4_q20_SE_itsxpress_unite_4D	DNeasy	4	mock_only	UNITE	No_BLAST	ITSxpress	SE	Aspergillus_fumigatus	0.03088629919344417
fig4_q20_SE_itsxpress_unite	4D	fig4_q20_SE_itsxpress_unite_4D	DNeasy	4	mock_only	UNITE	No_BLAST	ITSxpress	SE	NA	0
fig4_q20_SE_itsxpress_unite	4D	fig4_q20_SE_itsxpress_unite_4D	DNeasy	4	mock_only	UNITE	No_BLAST	ITSxpress	SE	NA	0
fig4_q20_SE_itsxpress_unite	4D	fig4_q20_SE_itsxpress_unite_4D	DNeasy	4	mock_only	UNITE	No_BLAST	ITSxpress	SE	Candida_albicans	0.2993302773913506
fig4_q20_SE_itsxpress_unite	4D	fig4_q20_SE_itsxpress_unite_4D	DNeasy	4	mock_only	UNITE	No_BLAST	ITSxpress	SE	NA	0
fig4_q20_SE_itsxpress_unite	4D	fig4_q20_SE_itsxpress_unite_4D	DNeasy	4	mock_only	UNITE	No_BLAST	ITSxpress	SE	Cryptococcus_neoformans	0.14702729822800975
fig4_q20_SE_itsxpress_unite	4D	fig4_q20_SE_itsxpress_unite_4D	DNeasy	4	mock_only	UNITE	No_BLAST	ITSxpress	SE	NA	0
fig4_q20_SE_itsxpress_unite	4D	fig4_q20_SE_itsxpress_unite_4D	DNeasy	4	mock_only	UNITE	No_BLAST	ITSxpress	SE	NA	0
fig4_q20_SE_itsxpress_unite	4D	fig4_q20_SE_itsxpress_unite_4D	DNeasy	4	mock_only	UNITE	No_BLAST	ITSxpress	SE	Cutaneotrichosporon_mucoides	0.21393874432712262
fig4_q20_SE_itsxpress_unite	4D	fig4_q20_SE_itsxpress_unite_4D	DNeasy	4	mock_only	UNITE	No_BLAST	ITSxpress	SE	Fusarium_keratoplasticum	0
fig4_q20_SE_itsxpress_unite	4D	fig4_q20_SE_itsxpress_unite_4D	DNeasy	4	mock_only	UNITE	No_BLAST	ITSxpress	SE	NA	0
fig4_q20_SE_itsxpress_unite	4D	fig4_q20_SE_itsxpress_unite_4D	DNeasy	4	mock_only	UNITE	No_BLAST	ITSxpress	SE	Malassezia_globosa	1.5203691456285587e-5
fig4_q20_SE_itsxpress_unite	4D	fig4_q20_SE_itsxpress_unite_4D	DNeasy	4	mock_only	UNITE	No_BLAST	ITSxpress	SE	NA	0
fig4_q20_SE_itsxpress_unite	4D	fig4_q20_SE_itsxpress_unite_4D	DNeasy	4	mock_only	UNITE	No_BLAST	ITSxpress	SE	Nakaseomyces_glabratus	0.11490950002660646
fig4_q20_SE_itsxpress_unite	4D	fig4_q20_SE_itsxpress_unite_4D	DNeasy	4	mock_only	UNITE	No_BLAST	ITSxpress	SE	Other	0.12590176894950095
fig4_q20_SE_itsxpress_unite	4D	fig4_q20_SE_itsxpress_unite_4D	DNeasy	4	mock_only	UNITE	No_BLAST	ITSxpress	SE	NA	0
fig4_q20_SE_itsxpress_unite	4D	fig4_q20_SE_itsxpress_unite_4D	DNeasy	4	mock_only	UNITE	No_BLAST	ITSxpress	SE	NA	0
fig4_q20_SE_itsxpress_unite	4D	fig4_q20_SE_itsxpress_unite_4D	DNeasy	4	mock_only	UNITE	No_BLAST	ITSxpress	SE	NA	0
fig4_q20_SE_itsxpress_unite	4D	fig4_q20_SE_itsxpress_unite_4D	DNeasy	4	mock_only	UNITE	No_BLAST	ITSxpress	SE	Penicillium_flavigenum	0
fig4_q20_SE_itsxpress_unite	4D	fig4_q20_SE_itsxpress_unite_4D	DNeasy	4	mock_only	UNITE	No_BLAST	ITSxpress	SE	NA	0
fig4_q20_SE_itsxpress_unite	4D	fig4_q20_SE_itsxpress_unite_4D	DNeasy	4	mock_only	UNITE	No_BLAST	ITSxpress	SE	NA	0
fig4_q20_SE_itsxpress_unite	4D	fig4_q20_SE_itsxpress_unite_4D	DNeasy	4	mock_only	UNITE	No_BLAST	ITSxpress	SE	NA	0
fig4_q20_SE_itsxpress_unite	4D	fig4_q20_SE_itsxpress_unite_4D	DNeasy	4	mock_only	UNITE	No_BLAST	ITSxpress	SE	Saccharomyces_cerevisiae	0.06293568078329419
fig4_q20_SE_itsxpress_unite	4D	fig4_q20_SE_itsxpress_unite_4D	DNeasy	4	mock_only	UNITE	No_BLAST	ITSxpress	SE	Saccharomyces_kudriavzevii	0
fig4_q20_SE_itsxpress_unite	4D	fig4_q20_SE_itsxpress_unite_4D	DNeasy	4	mock_only	UNITE	No_BLAST	ITSxpress	SE	NA	0
fig4_q20_SE_itsxpress_unite	4D	fig4_q20_SE_itsxpress_unite_4D	DNeasy	4	mock_only	UNITE	No_BLAST	ITSxpress	SE	Trichophyton_mentagrophytes	0.005055227409214958
fig4_q20_SE_itsxpress_unite	4D	fig4_q20_SE_itsxpress_unite_4D	DNeasy	4	mock_only	UNITE+BLAST	BLAST	ITSxpress	SE	Aspergillus_fumigatus	0.03088629919344417
fig4_q20_SE_itsxpress_unite	4D	fig4_q20_SE_itsxpress_unite_4D	DNeasy	4	mock_only	UNITE+BLAST	BLAST	ITSxpress	SE	NA	0
fig4_q20_SE_itsxpress_unite	4D	fig4_q20_SE_itsxpress_unite_4D	DNeasy	4	mock_only	UNITE+BLAST	BLAST	ITSxpress	SE	NA	0
fig4_q20_SE_itsxpress_unite	4D	fig4_q20_SE_itsxpress_unite_4D	DNeasy	4	mock_only	UNITE+BLAST	BLAST	ITSxpress	SE	Candida_albicans	0.2993302773913506
fig4_q20_SE_itsxpress_unite	4D	fig4_q20_SE_itsxpress_unite_4D	DNeasy	4	mock_only	UNITE+BLAST	BLAST	ITSxpress	SE	NA	0
fig4_q20_SE_itsxpress_unite	4D	fig4_q20_SE_itsxpress_unite_4D	DNeasy	4	mock_only	UNITE+BLAST	BLAST	ITSxpress	SE	Cryptococcus_neoformans	0.14702729822800975
fig4_q20_SE_itsxpress_unite	4D	fig4_q20_SE_itsxpress_unite_4D	DNeasy	4	mock_only	UNITE+BLAST	BLAST	ITSxpress	SE	NA	0
fig4_q20_SE_itsxpress_unite	4D	fig4_q20_SE_itsxpress_unite_4D	DNeasy	4	mock_only	UNITE+BLAST	BLAST	ITSxpress	SE	NA	0
fig4_q20_SE_itsxpress_unite	4D	fig4_q20_SE_itsxpress_unite_4D	DNeasy	4	mock_only	UNITE+BLAST	BLAST	ITSxpress	SE	Cutaneotrichosporon_mucoides	0.21393874432712262
fig4_q20_SE_itsxpress_unite	4D	fig4_q20_SE_itsxpress_unite_4D	DNeasy	4	mock_only	UNITE+BLAST	BLAST	ITSxpress	SE	Fusarium_keratoplasticum	0.001984081735045269
fig4_q20_SE_itsxpress_unite	4D	fig4_q20_SE_itsxpress_unite_4D	DNeasy	4	mock_only	UNITE+BLAST	BLAST	ITSxpress	SE	NA	0
fig4_q20_SE_itsxpress_unite	4D	fig4_q20_SE_itsxpress_unite_4D	DNeasy	4	mock_only	UNITE+BLAST	BLAST	ITSxpress	SE	Malassezia_globosa	1.5203691456285587e-5
fig4_q20_SE_itsxpress_unite	4D	fig4_q20_SE_itsxpress_unite_4D	DNeasy	4	mock_only	UNITE+BLAST	BLAST	ITSxpress	SE	NA	0
fig4_q20_SE_itsxpress_unite	4D	fig4_q20_SE_itsxpress_unite_4D	DNeasy	4	mock_only	UNITE+BLAST	BLAST	ITSxpress	SE	Nakaseomyces_glabratus	0.11490950002660646
fig4_q20_SE_itsxpress_unite	4D	fig4_q20_SE_itsxpress_unite_4D	DNeasy	4	mock_only	UNITE+BLAST	BLAST	ITSxpress	SE	Other	0.12391768721445566
fig4_q20_SE_itsxpress_unite	4D	fig4_q20_SE_itsxpress_unite_4D	DNeasy	4	mock_only	UNITE+BLAST	BLAST	ITSxpress	SE	NA	0
fig4_q20_SE_itsxpress_unite	4D	fig4_q20_SE_itsxpress_unite_4D	DNeasy	4	mock_only	UNITE+BLAST	BLAST	ITSxpress	SE	NA	0
fig4_q20_SE_itsxpress_unite	4D	fig4_q20_SE_itsxpress_unite_4D	DNeasy	4	mock_only	UNITE+BLAST	BLAST	ITSxpress	SE	NA	0
fig4_q20_SE_itsxpress_unite	4D	fig4_q20_SE_itsxpress_unite_4D	DNeasy	4	mock_only	UNITE+BLAST	BLAST	ITSxpress	SE	Penicillium_flavigenum	0
fig4_q20_SE_itsxpress_unite	4D	fig4_q20_SE_itsxpress_unite_4D	DNeasy	4	mock_only	UNITE+BLAST	BLAST	ITSxpress	SE	NA	0
fig4_q20_SE_itsxpress_unite	4D	fig4_q20_SE_itsxpress_unite_4D	DNeasy	4	mock_only	UNITE+BLAST	BLAST	ITSxpress	SE	NA	0
fig4_q20_SE_itsxpress_unite	4D	fig4_q20_SE_itsxpress_unite_4D	DNeasy	4	mock_only	UNITE+BLAST	BLAST	ITSxpress	SE	NA	0
fig4_q20_SE_itsxpress_unite	4D	fig4_q20_SE_itsxpress_unite_4D	DNeasy	4	mock_only	UNITE+BLAST	BLAST	ITSxpress	SE	Saccharomyces_cerevisiae	0.06293568078329419
fig4_q20_SE_itsxpress_unite	4D	fig4_q20_SE_itsxpress_unite_4D	DNeasy	4	mock_only	UNITE+BLAST	BLAST	ITSxpress	SE	Saccharomyces_kudriavzevii	0
fig4_q20_SE_itsxpress_unite	4D	fig4_q20_SE_itsxpress_unite_4D	DNeasy	4	mock_only	UNITE+BLAST	BLAST	ITSxpress	SE	NA	0
fig4_q20_SE_itsxpress_unite	4D	fig4_q20_SE_itsxpress_unite_4D	DNeasy	4	mock_only	UNITE+BLAST	BLAST	ITSxpress	SE	Trichophyton_mentagrophytes	0.005055227409214958
fig4_q20_SE_itsxpress_unite	4Q	fig4_q20_SE_itsxpress_unite_4Q	QIAamp	4	mock_only	UNITE	No_BLAST	ITSxpress	SE	Aspergillus_fumigatus	0.035366051840416024
fig4_q20_SE_itsxpress_unite	4Q	fig4_q20_SE_itsxpress_unite_4Q	QIAamp	4	mock_only	UNITE	No_BLAST	ITSxpress	SE	NA	0
fig4_q20_SE_itsxpress_unite	4Q	fig4_q20_SE_itsxpress_unite_4Q	QIAamp	4	mock_only	UNITE	No_BLAST	ITSxpress	SE	NA	0
fig4_q20_SE_itsxpress_unite	4Q	fig4_q20_SE_itsxpress_unite_4Q	QIAamp	4	mock_only	UNITE	No_BLAST	ITSxpress	SE	Candida_albicans	0.2805720321768099
fig4_q20_SE_itsxpress_unite	4Q	fig4_q20_SE_itsxpress_unite_4Q	QIAamp	4	mock_only	UNITE	No_BLAST	ITSxpress	SE	NA	0
fig4_q20_SE_itsxpress_unite	4Q	fig4_q20_SE_itsxpress_unite_4Q	QIAamp	4	mock_only	UNITE	No_BLAST	ITSxpress	SE	Cryptococcus_neoformans	0.14703014544568133
fig4_q20_SE_itsxpress_unite	4Q	fig4_q20_SE_itsxpress_unite_4Q	QIAamp	4	mock_only	UNITE	No_BLAST	ITSxpress	SE	NA	0
fig4_q20_SE_itsxpress_unite	4Q	fig4_q20_SE_itsxpress_unite_4Q	QIAamp	4	mock_only	UNITE	No_BLAST	ITSxpress	SE	NA	0
fig4_q20_SE_itsxpress_unite	4Q	fig4_q20_SE_itsxpress_unite_4Q	QIAamp	4	mock_only	UNITE	No_BLAST	ITSxpress	SE	Cutaneotrichosporon_mucoides	0.24080807670431462
fig4_q20_SE_itsxpress_unite	4Q	fig4_q20_SE_itsxpress_unite_4Q	QIAamp	4	mock_only	UNITE	No_BLAST	ITSxpress	SE	Fusarium_keratoplasticum	0
fig4_q20_SE_itsxpress_unite	4Q	fig4_q20_SE_itsxpress_unite_4Q	QIAamp	4	mock_only	UNITE	No_BLAST	ITSxpress	SE	NA	0
fig4_q20_SE_itsxpress_unite	4Q	fig4_q20_SE_itsxpress_unite_4Q	QIAamp	4	mock_only	UNITE	No_BLAST	ITSxpress	SE	Malassezia_globosa	0
fig4_q20_SE_itsxpress_unite	4Q	fig4_q20_SE_itsxpress_unite_4Q	QIAamp	4	mock_only	UNITE	No_BLAST	ITSxpress	SE	NA	0
fig4_q20_SE_itsxpress_unite	4Q	fig4_q20_SE_itsxpress_unite_4Q	QIAamp	4	mock_only	UNITE	No_BLAST	ITSxpress	SE	Nakaseomyces_glabratus	0.11116640936052653
fig4_q20_SE_itsxpress_unite	4Q	fig4_q20_SE_itsxpress_unite_4Q	QIAamp	4	mock_only	UNITE	No_BLAST	ITSxpress	SE	Other	0.13647720809295524
fig4_q20_SE_itsxpress_unite	4Q	fig4_q20_SE_itsxpress_unite_4Q	QIAamp	4	mock_only	UNITE	No_BLAST	ITSxpress	SE	NA	0
fig4_q20_SE_itsxpress_unite	4Q	fig4_q20_SE_itsxpress_unite_4Q	QIAamp	4	mock_only	UNITE	No_BLAST	ITSxpress	SE	NA	0
fig4_q20_SE_itsxpress_unite	4Q	fig4_q20_SE_itsxpress_unite_4Q	QIAamp	4	mock_only	UNITE	No_BLAST	ITSxpress	SE	NA	0
fig4_q20_SE_itsxpress_unite	4Q	fig4_q20_SE_itsxpress_unite_4Q	QIAamp	4	mock_only	UNITE	No_BLAST	ITSxpress	SE	Penicillium_flavigenum	0
fig4_q20_SE_itsxpress_unite	4Q	fig4_q20_SE_itsxpress_unite_4Q	QIAamp	4	mock_only	UNITE	No_BLAST	ITSxpress	SE	NA	0
fig4_q20_SE_itsxpress_unite	4Q	fig4_q20_SE_itsxpress_unite_4Q	QIAamp	4	mock_only	UNITE	No_BLAST	ITSxpress	SE	NA	0
fig4_q20_SE_itsxpress_unite	4Q	fig4_q20_SE_itsxpress_unite_4Q	QIAamp	4	mock_only	UNITE	No_BLAST	ITSxpress	SE	NA	0
fig4_q20_SE_itsxpress_unite	4Q	fig4_q20_SE_itsxpress_unite_4Q	QIAamp	4	mock_only	UNITE	No_BLAST	ITSxpress	SE	Saccharomyces_cerevisiae	0.042018769805801576
fig4_q20_SE_itsxpress_unite	4Q	fig4_q20_SE_itsxpress_unite_4Q	QIAamp	4	mock_only	UNITE	No_BLAST	ITSxpress	SE	Saccharomyces_kudriavzevii	0
fig4_q20_SE_itsxpress_unite	4Q	fig4_q20_SE_itsxpress_unite_4Q	QIAamp	4	mock_only	UNITE	No_BLAST	ITSxpress	SE	NA	0
fig4_q20_SE_itsxpress_unite	4Q	fig4_q20_SE_itsxpress_unite_4Q	QIAamp	4	mock_only	UNITE	No_BLAST	ITSxpress	SE	Trichophyton_mentagrophytes	0.006561306573494759
fig4_q20_SE_itsxpress_unite	4Q	fig4_q20_SE_itsxpress_unite_4Q	QIAamp	4	mock_only	UNITE+BLAST	BLAST	ITSxpress	SE	Aspergillus_fumigatus	0.035366051840416024
fig4_q20_SE_itsxpress_unite	4Q	fig4_q20_SE_itsxpress_unite_4Q	QIAamp	4	mock_only	UNITE+BLAST	BLAST	ITSxpress	SE	NA	0
fig4_q20_SE_itsxpress_unite	4Q	fig4_q20_SE_itsxpress_unite_4Q	QIAamp	4	mock_only	UNITE+BLAST	BLAST	ITSxpress	SE	NA	0
fig4_q20_SE_itsxpress_unite	4Q	fig4_q20_SE_itsxpress_unite_4Q	QIAamp	4	mock_only	UNITE+BLAST	BLAST	ITSxpress	SE	Candida_albicans	0.2805720321768099
fig4_q20_SE_itsxpress_unite	4Q	fig4_q20_SE_itsxpress_unite_4Q	QIAamp	4	mock_only	UNITE+BLAST	BLAST	ITSxpress	SE	NA	0
fig4_q20_SE_itsxpress_unite	4Q	fig4_q20_SE_itsxpress_unite_4Q	QIAamp	4	mock_only	UNITE+BLAST	BLAST	ITSxpress	SE	Cryptococcus_neoformans	0.14703014544568133
fig4_q20_SE_itsxpress_unite	4Q	fig4_q20_SE_itsxpress_unite_4Q	QIAamp	4	mock_only	UNITE+BLAST	BLAST	ITSxpress	SE	NA	0
fig4_q20_SE_itsxpress_unite	4Q	fig4_q20_SE_itsxpress_unite_4Q	QIAamp	4	mock_only	UNITE+BLAST	BLAST	ITSxpress	SE	NA	0
fig4_q20_SE_itsxpress_unite	4Q	fig4_q20_SE_itsxpress_unite_4Q	QIAamp	4	mock_only	UNITE+BLAST	BLAST	ITSxpress	SE	Cutaneotrichosporon_mucoides	0.24080807670431462
fig4_q20_SE_itsxpress_unite	4Q	fig4_q20_SE_itsxpress_unite_4Q	QIAamp	4	mock_only	UNITE+BLAST	BLAST	ITSxpress	SE	Fusarium_keratoplasticum	0.002204030226700252
fig4_q20_SE_itsxpress_unite	4Q	fig4_q20_SE_itsxpress_unite_4Q	QIAamp	4	mock_only	UNITE+BLAST	BLAST	ITSxpress	SE	NA	0
fig4_q20_SE_itsxpress_unite	4Q	fig4_q20_SE_itsxpress_unite_4Q	QIAamp	4	mock_only	UNITE+BLAST	BLAST	ITSxpress	SE	Malassezia_globosa	0
fig4_q20_SE_itsxpress_unite	4Q	fig4_q20_SE_itsxpress_unite_4Q	QIAamp	4	mock_only	UNITE+BLAST	BLAST	ITSxpress	SE	NA	0
fig4_q20_SE_itsxpress_unite	4Q	fig4_q20_SE_itsxpress_unite_4Q	QIAamp	4	mock_only	UNITE+BLAST	BLAST	ITSxpress	SE	Nakaseomyces_glabratus	0.11116640936052653
fig4_q20_SE_itsxpress_unite	4Q	fig4_q20_SE_itsxpress_unite_4Q	QIAamp	4	mock_only	UNITE+BLAST	BLAST	ITSxpress	SE	Other	0.13427317786625498
fig4_q20_SE_itsxpress_unite	4Q	fig4_q20_SE_itsxpress_unite_4Q	QIAamp	4	mock_only	UNITE+BLAST	BLAST	ITSxpress	SE	NA	0
fig4_q20_SE_itsxpress_unite	4Q	fig4_q20_SE_itsxpress_unite_4Q	QIAamp	4	mock_only	UNITE+BLAST	BLAST	ITSxpress	SE	NA	0
fig4_q20_SE_itsxpress_unite	4Q	fig4_q20_SE_itsxpress_unite_4Q	QIAamp	4	mock_only	UNITE+BLAST	BLAST	ITSxpress	SE	NA	0
fig4_q20_SE_itsxpress_unite	4Q	fig4_q20_SE_itsxpress_unite_4Q	QIAamp	4	mock_only	UNITE+BLAST	BLAST	ITSxpress	SE	Penicillium_flavigenum	0
fig4_q20_SE_itsxpress_unite	4Q	fig4_q20_SE_itsxpress_unite_4Q	QIAamp	4	mock_only	UNITE+BLAST	BLAST	ITSxpress	SE	NA	0
fig4_q20_SE_itsxpress_unite	4Q	fig4_q20_SE_itsxpress_unite_4Q	QIAamp	4	mock_only	UNITE+BLAST	BLAST	ITSxpress	SE	NA	0
fig4_q20_SE_itsxpress_unite	4Q	fig4_q20_SE_itsxpress_unite_4Q	QIAamp	4	mock_only	UNITE+BLAST	BLAST	ITSxpress	SE	NA	0
fig4_q20_SE_itsxpress_unite	4Q	fig4_q20_SE_itsxpress_unite_4Q	QIAamp	4	mock_only	UNITE+BLAST	BLAST	ITSxpress	SE	Saccharomyces_cerevisiae	0.042018769805801576
fig4_q20_SE_itsxpress_unite	4Q	fig4_q20_SE_itsxpress_unite_4Q	QIAamp	4	mock_only	UNITE+BLAST	BLAST	ITSxpress	SE	Saccharomyces_kudriavzevii	0
fig4_q20_SE_itsxpress_unite	4Q	fig4_q20_SE_itsxpress_unite_4Q	QIAamp	4	mock_only	UNITE+BLAST	BLAST	ITSxpress	SE	NA	0
fig4_q20_SE_itsxpress_unite	4Q	fig4_q20_SE_itsxpress_unite_4Q	QIAamp	4	mock_only	UNITE+BLAST	BLAST	ITSxpress	SE	Trichophyton_mentagrophytes	0.006561306573494759
fig4_q20_SE_itsxpress_unite	4Z	fig4_q20_SE_itsxpress_unite_4Z	Zymo	4	mock_only	UNITE	No_BLAST	ITSxpress	SE	Aspergillus_fumigatus	0.02645547872022156
fig4_q20_SE_itsxpress_unite	4Z	fig4_q20_SE_itsxpress_unite_4Z	Zymo	4	mock_only	UNITE	No_BLAST	ITSxpress	SE	NA	0
fig4_q20_SE_itsxpress_unite	4Z	fig4_q20_SE_itsxpress_unite_4Z	Zymo	4	mock_only	UNITE	No_BLAST	ITSxpress	SE	NA	0
fig4_q20_SE_itsxpress_unite	4Z	fig4_q20_SE_itsxpress_unite_4Z	Zymo	4	mock_only	UNITE	No_BLAST	ITSxpress	SE	Candida_albicans	0.313166195112361
fig4_q20_SE_itsxpress_unite	4Z	fig4_q20_SE_itsxpress_unite_4Z	Zymo	4	mock_only	UNITE	No_BLAST	ITSxpress	SE	NA	0
fig4_q20_SE_itsxpress_unite	4Z	fig4_q20_SE_itsxpress_unite_4Z	Zymo	4	mock_only	UNITE	No_BLAST	ITSxpress	SE	Cryptococcus_neoformans	0.14872338424980128
fig4_q20_SE_itsxpress_unite	4Z	fig4_q20_SE_itsxpress_unite_4Z	Zymo	4	mock_only	UNITE	No_BLAST	ITSxpress	SE	NA	0
fig4_q20_SE_itsxpress_unite	4Z	fig4_q20_SE_itsxpress_unite_4Z	Zymo	4	mock_only	UNITE	No_BLAST	ITSxpress	SE	NA	0
fig4_q20_SE_itsxpress_unite	4Z	fig4_q20_SE_itsxpress_unite_4Z	Zymo	4	mock_only	UNITE	No_BLAST	ITSxpress	SE	Cutaneotrichosporon_mucoides	0.22808982041046594
fig4_q20_SE_itsxpress_unite	4Z	fig4_q20_SE_itsxpress_unite_4Z	Zymo	4	mock_only	UNITE	No_BLAST	ITSxpress	SE	Fusarium_keratoplasticum	0
fig4_q20_SE_itsxpress_unite	4Z	fig4_q20_SE_itsxpress_unite_4Z	Zymo	4	mock_only	UNITE	No_BLAST	ITSxpress	SE	NA	0
fig4_q20_SE_itsxpress_unite	4Z	fig4_q20_SE_itsxpress_unite_4Z	Zymo	4	mock_only	UNITE	No_BLAST	ITSxpress	SE	Malassezia_globosa	3.4191248749882466e-5
fig4_q20_SE_itsxpress_unite	4Z	fig4_q20_SE_itsxpress_unite_4Z	Zymo	4	mock_only	UNITE	No_BLAST	ITSxpress	SE	NA	0
fig4_q20_SE_itsxpress_unite	4Z	fig4_q20_SE_itsxpress_unite_4Z	Zymo	4	mock_only	UNITE	No_BLAST	ITSxpress	SE	Nakaseomyces_glabratus	0.09531665370248485
fig4_q20_SE_itsxpress_unite	4Z	fig4_q20_SE_itsxpress_unite_4Z	Zymo	4	mock_only	UNITE	No_BLAST	ITSxpress	SE	Other	0.1289351990358068
fig4_q20_SE_itsxpress_unite	4Z	fig4_q20_SE_itsxpress_unite_4Z	Zymo	4	mock_only	UNITE	No_BLAST	ITSxpress	SE	NA	0
fig4_q20_SE_itsxpress_unite	4Z	fig4_q20_SE_itsxpress_unite_4Z	Zymo	4	mock_only	UNITE	No_BLAST	ITSxpress	SE	NA	0
fig4_q20_SE_itsxpress_unite	4Z	fig4_q20_SE_itsxpress_unite_4Z	Zymo	4	mock_only	UNITE	No_BLAST	ITSxpress	SE	NA	0
fig4_q20_SE_itsxpress_unite	4Z	fig4_q20_SE_itsxpress_unite_4Z	Zymo	4	mock_only	UNITE	No_BLAST	ITSxpress	SE	Penicillium_flavigenum	0
fig4_q20_SE_itsxpress_unite	4Z	fig4_q20_SE_itsxpress_unite_4Z	Zymo	4	mock_only	UNITE	No_BLAST	ITSxpress	SE	NA	0
fig4_q20_SE_itsxpress_unite	4Z	fig4_q20_SE_itsxpress_unite_4Z	Zymo	4	mock_only	UNITE	No_BLAST	ITSxpress	SE	NA	0
fig4_q20_SE_itsxpress_unite	4Z	fig4_q20_SE_itsxpress_unite_4Z	Zymo	4	mock_only	UNITE	No_BLAST	ITSxpress	SE	NA	0
fig4_q20_SE_itsxpress_unite	4Z	fig4_q20_SE_itsxpress_unite_4Z	Zymo	4	mock_only	UNITE	No_BLAST	ITSxpress	SE	Saccharomyces_cerevisiae	0.05603090888886989
fig4_q20_SE_itsxpress_unite	4Z	fig4_q20_SE_itsxpress_unite_4Z	Zymo	4	mock_only	UNITE	No_BLAST	ITSxpress	SE	Saccharomyces_kudriavzevii	0
fig4_q20_SE_itsxpress_unite	4Z	fig4_q20_SE_itsxpress_unite_4Z	Zymo	4	mock_only	UNITE	No_BLAST	ITSxpress	SE	NA	0
fig4_q20_SE_itsxpress_unite	4Z	fig4_q20_SE_itsxpress_unite_4Z	Zymo	4	mock_only	UNITE	No_BLAST	ITSxpress	SE	Trichophyton_mentagrophytes	0.0032481686312388343
fig4_q20_SE_itsxpress_unite	4Z	fig4_q20_SE_itsxpress_unite_4Z	Zymo	4	mock_only	UNITE+BLAST	BLAST	ITSxpress	SE	Aspergillus_fumigatus	0.02645547872022156
fig4_q20_SE_itsxpress_unite	4Z	fig4_q20_SE_itsxpress_unite_4Z	Zymo	4	mock_only	UNITE+BLAST	BLAST	ITSxpress	SE	NA	0
fig4_q20_SE_itsxpress_unite	4Z	fig4_q20_SE_itsxpress_unite_4Z	Zymo	4	mock_only	UNITE+BLAST	BLAST	ITSxpress	SE	NA	0
fig4_q20_SE_itsxpress_unite	4Z	fig4_q20_SE_itsxpress_unite_4Z	Zymo	4	mock_only	UNITE+BLAST	BLAST	ITSxpress	SE	Candida_albicans	0.313166195112361
fig4_q20_SE_itsxpress_unite	4Z	fig4_q20_SE_itsxpress_unite_4Z	Zymo	4	mock_only	UNITE+BLAST	BLAST	ITSxpress	SE	NA	0
fig4_q20_SE_itsxpress_unite	4Z	fig4_q20_SE_itsxpress_unite_4Z	Zymo	4	mock_only	UNITE+BLAST	BLAST	ITSxpress	SE	Cryptococcus_neoformans	0.14872338424980128
fig4_q20_SE_itsxpress_unite	4Z	fig4_q20_SE_itsxpress_unite_4Z	Zymo	4	mock_only	UNITE+BLAST	BLAST	ITSxpress	SE	NA	0
fig4_q20_SE_itsxpress_unite	4Z	fig4_q20_SE_itsxpress_unite_4Z	Zymo	4	mock_only	UNITE+BLAST	BLAST	ITSxpress	SE	NA	0
fig4_q20_SE_itsxpress_unite	4Z	fig4_q20_SE_itsxpress_unite_4Z	Zymo	4	mock_only	UNITE+BLAST	BLAST	ITSxpress	SE	Cutaneotrichosporon_mucoides	0.22808982041046594
fig4_q20_SE_itsxpress_unite	4Z	fig4_q20_SE_itsxpress_unite_4Z	Zymo	4	mock_only	UNITE+BLAST	BLAST	ITSxpress	SE	Fusarium_keratoplasticum	0.002034379300618007
fig4_q20_SE_itsxpress_unite	4Z	fig4_q20_SE_itsxpress_unite_4Z	Zymo	4	mock_only	UNITE+BLAST	BLAST	ITSxpress	SE	NA	0
fig4_q20_SE_itsxpress_unite	4Z	fig4_q20_SE_itsxpress_unite_4Z	Zymo	4	mock_only	UNITE+BLAST	BLAST	ITSxpress	SE	Malassezia_globosa	3.4191248749882466e-5
fig4_q20_SE_itsxpress_unite	4Z	fig4_q20_SE_itsxpress_unite_4Z	Zymo	4	mock_only	UNITE+BLAST	BLAST	ITSxpress	SE	NA	0
fig4_q20_SE_itsxpress_unite	4Z	fig4_q20_SE_itsxpress_unite_4Z	Zymo	4	mock_only	UNITE+BLAST	BLAST	ITSxpress	SE	Nakaseomyces_glabratus	0.09531665370248485
fig4_q20_SE_itsxpress_unite	4Z	fig4_q20_SE_itsxpress_unite_4Z	Zymo	4	mock_only	UNITE+BLAST	BLAST	ITSxpress	SE	Other	0.1269008197351888
fig4_q20_SE_itsxpress_unite	4Z	fig4_q20_SE_itsxpress_unite_4Z	Zymo	4	mock_only	UNITE+BLAST	BLAST	ITSxpress	SE	NA	0
fig4_q20_SE_itsxpress_unite	4Z	fig4_q20_SE_itsxpress_unite_4Z	Zymo	4	mock_only	UNITE+BLAST	BLAST	ITSxpress	SE	NA	0
fig4_q20_SE_itsxpress_unite	4Z	fig4_q20_SE_itsxpress_unite_4Z	Zymo	4	mock_only	UNITE+BLAST	BLAST	ITSxpress	SE	NA	0
fig4_q20_SE_itsxpress_unite	4Z	fig4_q20_SE_itsxpress_unite_4Z	Zymo	4	mock_only	UNITE+BLAST	BLAST	ITSxpress	SE	Penicillium_flavigenum	0
fig4_q20_SE_itsxpress_unite	4Z	fig4_q20_SE_itsxpress_unite_4Z	Zymo	4	mock_only	UNITE+BLAST	BLAST	ITSxpress	SE	NA	0
fig4_q20_SE_itsxpress_unite	4Z	fig4_q20_SE_itsxpress_unite_4Z	Zymo	4	mock_only	UNITE+BLAST	BLAST	ITSxpress	SE	NA	0
fig4_q20_SE_itsxpress_unite	4Z	fig4_q20_SE_itsxpress_unite_4Z	Zymo	4	mock_only	UNITE+BLAST	BLAST	ITSxpress	SE	NA	0
fig4_q20_SE_itsxpress_unite	4Z	fig4_q20_SE_itsxpress_unite_4Z	Zymo	4	mock_only	UNITE+BLAST	BLAST	ITSxpress	SE	Saccharomyces_cerevisiae	0.05603090888886989
fig4_q20_SE_itsxpress_unite	4Z	fig4_q20_SE_itsxpress_unite_4Z	Zymo	4	mock_only	UNITE+BLAST	BLAST	ITSxpress	SE	Saccharomyces_kudriavzevii	0
fig4_q20_SE_itsxpress_unite	4Z	fig4_q20_SE_itsxpress_unite_4Z	Zymo	4	mock_only	UNITE+BLAST	BLAST	ITSxpress	SE	NA	0
fig4_q20_SE_itsxpress_unite	4Z	fig4_q20_SE_itsxpress_unite_4Z	Zymo	4	mock_only	UNITE+BLAST	BLAST	ITSxpress	SE	Trichophyton_mentagrophytes	0.0032481686312388343
