feature_id	taxonomy_method	Genus	Species	taxon_string	run_id	preprocess_method	read_strategy	Paired	Trimm	Genus_original	Species_original
94582dfd0163256b9ba66b217191b5d7	UNITE	Candida	Candida_albicans	k__Fungi; p__Ascomycota; c__Saccharomycetes; o__Saccharomycetales; f__Saccharomycetales_fam_Incertae_sedis; g__Candida; s__Candida_albicans	fig4_q20_PE_cutadapt_unite	Cutadapt	PE	PE	Cutadapt	Candida	Candida_albicans
03de5f5896c6815c01fb82e636a2d449	UNITE	Cutaneotrichosporon	Cutaneotrichosporon_mucoides	k__Fungi; p__Basidiomycota; c__Tremellomycetes; o__Trichosporonales; f__Trichosporonaceae; g__Cutaneotrichosporon; s__Cutaneotrichosporon_mucoides	fig4_q20_PE_cutadapt_unite	Cutadapt	PE	PE	Cutadapt	Cutaneotrichosporon	Cutaneotrichosporon_mucoides
a18789fb47a3a707fd63fa3b4051fac8	UNITE	Cryptococcus	Cryptococcus_neoformans	k__Fungi; p__Basidiomycota; c__Tremellomycetes; o__Tremellales; f__Cryptococcaceae; g__Cryptococcus; s__Cryptococcus_neoformans	fig4_q20_PE_cutadapt_unite	Cutadapt	PE	PE	Cutadapt	Cryptococcus	Cryptococcus_neoformans
77af6915246bc6753bf0513efd3804c2	UNITE	Penicillium	Unclassified	k__Fungi; p__Ascomycota; c__Eurotiomycetes; o__Eurotiales; f__Aspergillaceae; g__Penicillium; s__Penicillium_g	fig4_q20_PE_cutadapt_unite	Cutadapt	PE	PE	Cutadapt	Penicillium	Unclassified
780933a320c8e557970d7d3bb1a87d12	UNITE	Nakaseomyces	Nakaseomyces_glabratus	k__Fungi; p__Ascomycota; c__Saccharomycetes; o__Saccharomycetales; f__Saccharomycetaceae; g__Nakaseomyces; s__Nakaseomyces_glabratus	fig4_q20_PE_cutadapt_unite	Cutadapt	PE	PE	Cutadapt	Nakaseomyces	Nakaseomyces_glabratus
0ea5c361d3337b625fb478ae11fb59bb	UNITE	Saccharomyces	Saccharomyces_cerevisiae	k__Fungi; p__Ascomycota; c__Saccharomycetes; o__Saccharomycetales; f__Saccharomycetaceae; g__Saccharomyces; s__Saccharomyces_cerevisiae	fig4_q20_PE_cutadapt_unite	Cutadapt	PE	PE	Cutadapt	Saccharomyces	Saccharomyces_cerevisiae
9fe16fd93ac73e9e4d58434fd4438af0	UNITE	Ascomycota_p	Ascomycota_p	k__Fungi; p__Ascomycota; c__Ascomycota_p; o__Ascomycota_p; f__Ascomycota_p; g__Ascomycota_p; s__Ascomycota_p	fig4_q20_PE_cutadapt_unite	Cutadapt	PE	PE	Cutadapt	Ascomycota_p	Ascomycota_p
da3dbb64be8691d27645aa7b82caeba7	UNITE	Aspergillus	Aspergillus_fumigatus	k__Fungi; p__Ascomycota; c__Eurotiomycetes; o__Eurotiales; f__Aspergillaceae; g__Aspergillus; s__Aspergillus_fumigatus	fig4_q20_PE_cutadapt_unite	Cutadapt	PE	PE	Cutadapt	Aspergillus	Aspergillus_fumigatus
52abf2800a42f042af61ae60aca8d5fc	UNITE	Candida	Candida_albicans	k__Fungi; p__Ascomycota; c__Saccharomycetes; o__Saccharomycetales; f__Saccharomycetales_fam_Incertae_sedis; g__Candida; s__Candida_albicans	fig4_q20_PE_cutadapt_unite	Cutadapt	PE	PE	Cutadapt	Candida	Candida_albicans
3b4e11535ad357e303ef9030433d4713	UNITE	Ascomycota_p	Ascomycota_p	k__Fungi; p__Ascomycota; c__Ascomycota_p; o__Ascomycota_p; f__Ascomycota_p; g__Ascomycota_p; s__Ascomycota_p	fig4_q20_PE_cutadapt_unite	Cutadapt	PE	PE	Cutadapt	Ascomycota_p	Ascomycota_p
e44ef40252932c0964ad866230e82b21	UNITE	Komagataella	Komagataella_phaffii	k__Fungi; p__Ascomycota; c__Saccharomycetes; o__Saccharomycetales; f__Pichiaceae; g__Komagataella; s__Komagataella_phaffii	fig4_q20_PE_cutadapt_unite	Cutadapt	PE	PE	Cutadapt	Komagataella	Komagataella_phaffii
61d8d693c2929788a39237ffcfa57ced	UNITE	Fungi_k	Fungi_k	k__Fungi; p__Fungi_k; c__Fungi_k; o__Fungi_k; f__Fungi_k; g__Fungi_k; s__Fungi_k	fig4_q20_PE_cutadapt_unite	Cutadapt	PE	PE	Cutadapt	Fungi_k	Fungi_k
2e034c1aa05be4c5111594d8a3c15afd	UNITE	Fungi_k	Fungi_k	k__Fungi; p__Fungi_k; c__Fungi_k; o__Fungi_k; f__Fungi_k; g__Fungi_k; s__Fungi_k	fig4_q20_PE_cutadapt_unite	Cutadapt	PE	PE	Cutadapt	Fungi_k	Fungi_k
fa49207aafe8816360a131aaed63c5c4	UNITE	Cutaneotrichosporon	Cutaneotrichosporon_mucoides	k__Fungi; p__Basidiomycota; c__Tremellomycetes; o__Trichosporonales; f__Trichosporonaceae; g__Cutaneotrichosporon; s__Cutaneotrichosporon_mucoides	fig4_q20_PE_cutadapt_unite	Cutadapt	PE	PE	Cutadapt	Cutaneotrichosporon	Cutaneotrichosporon_mucoides
deb97cee17e99b323f1cbf412123cbe4	UNITE	Ascomycota_p	Ascomycota_p	k__Fungi; p__Ascomycota; c__Ascomycota_p; o__Ascomycota_p; f__Ascomycota_p; g__Ascomycota_p; s__Ascomycota_p	fig4_q20_PE_cutadapt_unite	Cutadapt	PE	PE	Cutadapt	Ascomycota_p	Ascomycota_p
529773f8e657ea61f96deda99c494873	UNITE	Ascomycota_p	Ascomycota_p	k__Fungi; p__Ascomycota; c__Ascomycota_p; o__Ascomycota_p; f__Ascomycota_p; g__Ascomycota_p; s__Ascomycota_p	fig4_q20_PE_cutadapt_unite	Cutadapt	PE	PE	Cutadapt	Ascomycota_p	Ascomycota_p
590132bd07b175817d210a561f31a4a7	UNITE	Trichophyton	Trichophyton_mentagrophytes	k__Fungi; p__Ascomycota; c__Eurotiomycetes; o__Onygenales; f__Arthrodermataceae; g__Trichophyton; s__Trichophyton_mentagrophytes	fig4_q20_PE_cutadapt_unite	Cutadapt	PE	PE	Cutadapt	Trichophyton	Trichophyton_mentagrophytes
c9a2dd5edf6fe21dc7d2e5b0e3e42e22	UNITE	Cutaneotrichosporon	Cutaneotrichosporon_debeurmannianum	k__Fungi; p__Basidiomycota; c__Tremellomycetes; o__Trichosporonales; f__Trichosporonaceae; g__Cutaneotrichosporon; s__Cutaneotrichosporon_debeurmannianum	fig4_q20_PE_cutadapt_unite	Cutadapt	PE	PE	Cutadapt	Cutaneotrichosporon	Cutaneotrichosporon_debeurmannianum
b8bd3043d0b693dc6b5b7d4ae86033f9	UNITE	Candida	Candida_albicans	k__Fungi; p__Ascomycota; c__Saccharomycetes; o__Saccharomycetales; f__Saccharomycetales_fam_Incertae_sedis; g__Candida; s__Candida_albicans	fig4_q20_PE_cutadapt_unite	Cutadapt	PE	PE	Cutadapt	Candida	Candida_albicans
20724af4e0f4acaddd718dafdbd09bfa	UNITE	Cutaneotrichosporon	Cutaneotrichosporon_mucoides	k__Fungi; p__Basidiomycota; c__Tremellomycetes; o__Trichosporonales; f__Trichosporonaceae; g__Cutaneotrichosporon; s__Cutaneotrichosporon_mucoides	fig4_q20_PE_cutadapt_unite	Cutadapt	PE	PE	Cutadapt	Cutaneotrichosporon	Cutaneotrichosporon_mucoides
f4d59f3582021edd31f8a66bfbe26d3f	UNITE	Irpex	Irpex_hydnoides	k__Fungi; p__Basidiomycota; c__Agaricomycetes; o__Polyporales; f__Irpicaceae; g__Irpex; s__Irpex_hydnoides	fig4_q20_PE_cutadapt_unite	Cutadapt	PE	PE	Cutadapt	Irpex	Irpex_hydnoides
905456212b0753912cb440d99f46a06a	UNITE	Ascomycota_p	Ascomycota_p	k__Fungi; p__Ascomycota; c__Ascomycota_p; o__Ascomycota_p; f__Ascomycota_p; g__Ascomycota_p; s__Ascomycota_p	fig4_q20_PE_cutadapt_unite	Cutadapt	PE	PE	Cutadapt	Ascomycota_p	Ascomycota_p
c00e96a58a1ae48a395bb606dd9cffb5	UNITE	Neopyrenochaeta	Unclassified	k__Fungi; p__Ascomycota; c__Dothideomycetes; o__Pleosporales; f__Neopyrenochaetaceae; g__Neopyrenochaeta; s__Neopyrenochaeta_g	fig4_q20_PE_cutadapt_unite	Cutadapt	PE	PE	Cutadapt	Neopyrenochaeta	Unclassified
7bc674b40d076f018a37dfafe8b2816b	UNITE	Ascomycota_p	Ascomycota_p	k__Fungi; p__Ascomycota; c__Ascomycota_p; o__Ascomycota_p; f__Ascomycota_p; g__Ascomycota_p; s__Ascomycota_p	fig4_q20_PE_cutadapt_unite	Cutadapt	PE	PE	Cutadapt	Ascomycota_p	Ascomycota_p
b51b5ed103b9c82d0f30382550327fbd	UNITE	Kazachstania	Kazachstania_servazzii	k__Fungi; p__Ascomycota; c__Saccharomycetes; o__Saccharomycetales; f__Saccharomycetaceae; g__Kazachstania; s__Kazachstania_servazzii	fig4_q20_PE_cutadapt_unite	Cutadapt	PE	PE	Cutadapt	Kazachstania	Kazachstania_servazzii
483028ff24e4f601e06ded031e01d11a	UNITE	Irpex	Irpex_laceratus	k__Fungi; p__Basidiomycota; c__Agaricomycetes; o__Polyporales; f__Irpicaceae; g__Irpex; s__Irpex_laceratus	fig4_q20_PE_cutadapt_unite	Cutadapt	PE	PE	Cutadapt	Irpex	Irpex_laceratus
cbc3861eff42f4b8102fa7270debb33b	UNITE	Debaryomyces	Debaryomyces_delbrueckii	k__Fungi; p__Ascomycota; c__Saccharomycetes; o__Saccharomycetales; f__Debaryomycetaceae; g__Debaryomyces; s__Debaryomyces_delbrueckii	fig4_q20_PE_cutadapt_unite	Cutadapt	PE	PE	Cutadapt	Debaryomyces	Debaryomyces_delbrueckii
5cc7803067c02af3c15f0c65dabd35ef	UNITE	Dothideomycetes_c	Dothideomycetes_c	k__Fungi; p__Ascomycota; c__Dothideomycetes; o__Dothideomycetes_c; f__Dothideomycetes_c; g__Dothideomycetes_c; s__Dothideomycetes_c	fig4_q20_PE_cutadapt_unite	Cutadapt	PE	PE	Cutadapt	Dothideomycetes_c	Dothideomycetes_c
97549e4fa4e4837c3b81d3f01db97dea	UNITE	Candida	Candida_albicans	k__Fungi; p__Ascomycota; c__Saccharomycetes; o__Saccharomycetales; f__Saccharomycetales_fam_Incertae_sedis; g__Candida; s__Candida_albicans	fig4_q20_PE_cutadapt_unite	Cutadapt	PE	PE	Cutadapt	Candida	Candida_albicans
6c6f38ebf80a8a9c7ca3c50dc2363d1f	UNITE	Fungi_k	Fungi_k	k__Fungi; p__Fungi_k; c__Fungi_k; o__Fungi_k; f__Fungi_k; g__Fungi_k; s__Fungi_k	fig4_q20_PE_cutadapt_unite	Cutadapt	PE	PE	Cutadapt	Fungi_k	Fungi_k
7ab51b82ee043df208fbd659506c728d	UNITE	Fusarium	Unclassified	k__Fungi; p__Ascomycota; c__Sordariomycetes; o__Hypocreales; f__Nectriaceae; g__Fusarium; s__Fusarium_g	fig4_q20_PE_cutadapt_unite	Cutadapt	PE	PE	Cutadapt	Fusarium	Unclassified
708fe7d9660f6d64ee5ba7114357ed41	UNITE	Nigrospora	Unclassified	k__Fungi; p__Ascomycota; c__Sordariomycetes; o__Amphisphaeriales; f__Apiosporaceae; g__Nigrospora; s__Nigrospora_g	fig4_q20_PE_cutadapt_unite	Cutadapt	PE	PE	Cutadapt	Nigrospora	Unclassified
570f764a5084a41650f1c49d6f3fd466	UNITE	Peniophoraceae_f	Peniophoraceae_f	k__Fungi; p__Basidiomycota; c__Agaricomycetes; o__Russulales; f__Peniophoraceae; g__Peniophoraceae_f; s__Peniophoraceae_f	fig4_q20_PE_cutadapt_unite	Cutadapt	PE	PE	Cutadapt	Peniophoraceae_f	Peniophoraceae_f
69cad094d1f2f95bff94506e12821dd6	UNITE	Didymellaceae_f	Didymellaceae_f	k__Fungi; p__Ascomycota; c__Dothideomycetes; o__Pleosporales; f__Didymellaceae; g__Didymellaceae_f; s__Didymellaceae_f	fig4_q20_PE_cutadapt_unite	Cutadapt	PE	PE	Cutadapt	Didymellaceae_f	Didymellaceae_f
12bc1df8e5526b1c0c554f895543944a	UNITE	Candida	Candida_albicans	k__Fungi; p__Ascomycota; c__Saccharomycetes; o__Saccharomycetales; f__Saccharomycetales_fam_Incertae_sedis; g__Candida; s__Candida_albicans	fig4_q20_PE_cutadapt_unite	Cutadapt	PE	PE	Cutadapt	Candida	Candida_albicans
62fabc748aba349f3ab0821df3e005b3	UNITE	Stereaceae_f	Stereaceae_f	k__Fungi; p__Basidiomycota; c__Agaricomycetes; o__Russulales; f__Stereaceae; g__Stereaceae_f; s__Stereaceae_f	fig4_q20_PE_cutadapt_unite	Cutadapt	PE	PE	Cutadapt	Stereaceae_f	Stereaceae_f
abda00a1053fab78918a5c5f282b90ec	UNITE	Candida	Candida_albicans	k__Fungi; p__Ascomycota; c__Saccharomycetes; o__Saccharomycetales; f__Saccharomycetales_fam_Incertae_sedis; g__Candida; s__Candida_albicans	fig4_q20_PE_cutadapt_unite	Cutadapt	PE	PE	Cutadapt	Candida	Candida_albicans
e25bb45f33000148f4784fb8a0192a94	UNITE	Saccharomyces	Saccharomyces_cerevisiae	k__Fungi; p__Ascomycota; c__Saccharomycetes; o__Saccharomycetales; f__Saccharomycetaceae; g__Saccharomyces; s__Saccharomyces_cerevisiae	fig4_q20_PE_cutadapt_unite	Cutadapt	PE	PE	Cutadapt	Saccharomyces	Saccharomyces_cerevisiae
f3a40e2dc8515c8e668fe47d3b330794	UNITE	Cutaneotrichosporon	Cutaneotrichosporon_mucoides	k__Fungi; p__Basidiomycota; c__Tremellomycetes; o__Trichosporonales; f__Trichosporonaceae; g__Cutaneotrichosporon; s__Cutaneotrichosporon_mucoides	fig4_q20_PE_cutadapt_unite	Cutadapt	PE	PE	Cutadapt	Cutaneotrichosporon	Cutaneotrichosporon_mucoides
01b9bca264d99ceaedcce67eeee0c285	UNITE	Didymellaceae_f	Didymellaceae_f	k__Fungi; p__Ascomycota; c__Dothideomycetes; o__Pleosporales; f__Didymellaceae; g__Didymellaceae_f; s__Didymellaceae_f	fig4_q20_PE_cutadapt_unite	Cutadapt	PE	PE	Cutadapt	Didymellaceae_f	Didymellaceae_f
fe5dd60487e397f73714f40f42953e76	UNITE	Aspergillus	Aspergillus_ruber	k__Fungi; p__Ascomycota; c__Eurotiomycetes; o__Eurotiales; f__Aspergillaceae; g__Aspergillus; s__Aspergillus_ruber	fig4_q20_PE_cutadapt_unite	Cutadapt	PE	PE	Cutadapt	Aspergillus	Aspergillus_ruber
639353bbf29e0f26b33b9c88db1892ec	UNITE	Ascomycota_p	Ascomycota_p	k__Fungi; p__Ascomycota; c__Ascomycota_p; o__Ascomycota_p; f__Ascomycota_p; g__Ascomycota_p; s__Ascomycota_p	fig4_q20_PE_cutadapt_unite	Cutadapt	PE	PE	Cutadapt	Ascomycota_p	Ascomycota_p
8514469c4a82cfbc7c2f44e7df5a66fa	UNITE	Bjerkandera	Bjerkandera_adusta	k__Fungi; p__Basidiomycota; c__Agaricomycetes; o__Polyporales; f__Phanerochaetaceae; g__Bjerkandera; s__Bjerkandera_adusta	fig4_q20_PE_cutadapt_unite	Cutadapt	PE	PE	Cutadapt	Bjerkandera	Bjerkandera_adusta
d15f326e40dfa3b854e7a256318ec321	UNITE	Penicillium	Penicillium_brevicompactum	k__Fungi; p__Ascomycota; c__Eurotiomycetes; o__Eurotiales; f__Aspergillaceae; g__Penicillium; s__Penicillium_brevicompactum	fig4_q20_PE_cutadapt_unite	Cutadapt	PE	PE	Cutadapt	Penicillium	Penicillium_brevicompactum
a9f744b1b96b43b37db5e221ec38c5db	UNITE	Mucor	Mucor_circinelloides	k__Fungi; p__Mucoromycota; c__Mucoromycetes; o__Mucorales; f__Mucoraceae; g__Mucor; s__Mucor_circinelloides	fig4_q20_PE_cutadapt_unite	Cutadapt	PE	PE	Cutadapt	Mucor	Mucor_circinelloides
dd8b84b6c87fcecf8df76050b70b6a2e	UNITE	Candolleomyces	Candolleomyces_subminutisporus	k__Fungi; p__Basidiomycota; c__Agaricomycetes; o__Agaricales; f__Psathyrellaceae; g__Candolleomyces; s__Candolleomyces_subminutisporus	fig4_q20_PE_cutadapt_unite	Cutadapt	PE	PE	Cutadapt	Candolleomyces	Candolleomyces_subminutisporus
e71bf72c6d1bb519189030844bbb6a8a	UNITE	Bullera	Bullera_alba	k__Fungi; p__Basidiomycota; c__Tremellomycetes; o__Tremellales; f__Bulleraceae; g__Bullera; s__Bullera_alba	fig4_q20_PE_cutadapt_unite	Cutadapt	PE	PE	Cutadapt	Bullera	Bullera_alba
c42df08d0d30ffb92d0d536d020a4953	UNITE	Fungi_k	Fungi_k	k__Fungi; p__Fungi_k; c__Fungi_k; o__Fungi_k; f__Fungi_k; g__Fungi_k; s__Fungi_k	fig4_q20_PE_cutadapt_unite	Cutadapt	PE	PE	Cutadapt	Fungi_k	Fungi_k
6c64590e8ec3b22dc5b0cc911ad3b68c	UNITE	Ophiognomonia	Unclassified	k__Fungi; p__Ascomycota; c__Sordariomycetes; o__Diaporthales; f__Gnomoniaceae; g__Ophiognomonia; s__Ophiognomonia_g	fig4_q20_PE_cutadapt_unite	Cutadapt	PE	PE	Cutadapt	Ophiognomonia	Unclassified
35a96f9e520fcaf4c32c441672576bdb	UNITE	Irpex	Irpex_hydnoides	k__Fungi; p__Basidiomycota; c__Agaricomycetes; o__Polyporales; f__Irpicaceae; g__Irpex; s__Irpex_hydnoides	fig4_q20_PE_cutadapt_unite	Cutadapt	PE	PE	Cutadapt	Irpex	Irpex_hydnoides
824cad1ad715206245b6959000cb619c	UNITE	Agaricomycetes_c	Agaricomycetes_c	k__Fungi; p__Basidiomycota; c__Agaricomycetes; o__Agaricomycetes_c; f__Agaricomycetes_c; g__Agaricomycetes_c; s__Agaricomycetes_c	fig4_q20_PE_cutadapt_unite	Cutadapt	PE	PE	Cutadapt	Agaricomycetes_c	Agaricomycetes_c
1062b08fe389426eacd44013d0f1f831	UNITE	Ascomycota_p	Ascomycota_p	k__Fungi; p__Ascomycota; c__Ascomycota_p; o__Ascomycota_p; f__Ascomycota_p; g__Ascomycota_p; s__Ascomycota_p	fig4_q20_PE_cutadapt_unite	Cutadapt	PE	PE	Cutadapt	Ascomycota_p	Ascomycota_p
dc31d3cd1f368b6736b7ab377a9d3a9c	UNITE	Peniophoraceae_f	Peniophoraceae_f	k__Fungi; p__Basidiomycota; c__Agaricomycetes; o__Russulales; f__Peniophoraceae; g__Peniophoraceae_f; s__Peniophoraceae_f	fig4_q20_PE_cutadapt_unite	Cutadapt	PE	PE	Cutadapt	Peniophoraceae_f	Peniophoraceae_f
9d97a0af7f2ef9407934fbadfaacf8b5	UNITE	Peniophoraceae_f	Peniophoraceae_f	k__Fungi; p__Basidiomycota; c__Agaricomycetes; o__Russulales; f__Peniophoraceae; g__Peniophoraceae_f; s__Peniophoraceae_f	fig4_q20_PE_cutadapt_unite	Cutadapt	PE	PE	Cutadapt	Peniophoraceae_f	Peniophoraceae_f
a03ed4e1914bb72959ef2be3b31f7ac6	UNITE	Hericiaceae_f	Hericiaceae_f	k__Fungi; p__Basidiomycota; c__Agaricomycetes; o__Russulales; f__Hericiaceae; g__Hericiaceae_f; s__Hericiaceae_f	fig4_q20_PE_cutadapt_unite	Cutadapt	PE	PE	Cutadapt	Hericiaceae_f	Hericiaceae_f
f6f5923d4dd3c8badbc2b3e5e4b02b91	UNITE	Trametes	Trametes_pubescens	k__Fungi; p__Basidiomycota; c__Agaricomycetes; o__Polyporales; f__Polyporaceae; g__Trametes; s__Trametes_pubescens	fig4_q20_PE_cutadapt_unite	Cutadapt	PE	PE	Cutadapt	Trametes	Trametes_pubescens
7ca4a4a45a805841fa086a8ed97e5dad	UNITE	Ascomycota_p	Ascomycota_p	k__Fungi; p__Ascomycota; c__Ascomycota_p; o__Ascomycota_p; f__Ascomycota_p; g__Ascomycota_p; s__Ascomycota_p	fig4_q20_PE_cutadapt_unite	Cutadapt	PE	PE	Cutadapt	Ascomycota_p	Ascomycota_p
ef95468ac58c379df3eb0f8355e0e00f	UNITE	Irpex	Irpex_laceratus	k__Fungi; p__Basidiomycota; c__Agaricomycetes; o__Polyporales; f__Irpicaceae; g__Irpex; s__Irpex_laceratus	fig4_q20_PE_cutadapt_unite	Cutadapt	PE	PE	Cutadapt	Irpex	Irpex_laceratus
2e3950f5f6c1c1a1fb643cc894f2aec3	UNITE	Daedaleopsis	Daedaleopsis_confragosa	k__Fungi; p__Basidiomycota; c__Agaricomycetes; o__Polyporales; f__Polyporaceae; g__Daedaleopsis; s__Daedaleopsis_confragosa	fig4_q20_PE_cutadapt_unite	Cutadapt	PE	PE	Cutadapt	Daedaleopsis	Daedaleopsis_confragosa
7b9d4a846cd904d4d91f697f90c6eb7e	UNITE	Tilletiopsis	Tilletiopsis_washingtonensis	k__Fungi; p__Basidiomycota; c__Exobasidiomycetes; o__Entylomatales; f__Entylomataceae; g__Tilletiopsis; s__Tilletiopsis_washingtonensis	fig4_q20_PE_cutadapt_unite	Cutadapt	PE	PE	Cutadapt	Tilletiopsis	Tilletiopsis_washingtonensis
ec242822fcc557e9339f089df02f97f0	UNITE	Phanerochaete	Phanerochaete_livescens	k__Fungi; p__Basidiomycota; c__Agaricomycetes; o__Polyporales; f__Phanerochaetaceae; g__Phanerochaete; s__Phanerochaete_livescens	fig4_q20_PE_cutadapt_unite	Cutadapt	PE	PE	Cutadapt	Phanerochaete	Phanerochaete_livescens
b52eda8a4baa1b15ac8ec4d7522abcc8	UNITE	Sporobolomyces	Unclassified	k__Fungi; p__Basidiomycota; c__Microbotryomycetes; o__Sporidiobolales; f__Sporidiobolaceae; g__Sporobolomyces; s__Sporobolomyces_g	fig4_q20_PE_cutadapt_unite	Cutadapt	PE	PE	Cutadapt	Sporobolomyces	Unclassified
c24918cc7ed3fc2a00ec08a58e24ef46	UNITE	Hydnoporia	Hydnoporia_yasudae	k__Fungi; p__Basidiomycota; c__Agaricomycetes; o__Hymenochaetales; f__Hymenochaetaceae; g__Hydnoporia; s__Hydnoporia_yasudae	fig4_q20_PE_cutadapt_unite	Cutadapt	PE	PE	Cutadapt	Hydnoporia	Hydnoporia_yasudae
49e42f543450b3655fa635095b6a84e5	UNITE	Ascomycota_p	Ascomycota_p	k__Fungi; p__Ascomycota; c__Ascomycota_p; o__Ascomycota_p; f__Ascomycota_p; g__Ascomycota_p; s__Ascomycota_p	fig4_q20_PE_cutadapt_unite	Cutadapt	PE	PE	Cutadapt	Ascomycota_p	Ascomycota_p
9a3542073661caa439f73c1873400ce8	UNITE	Cutaneotrichosporon	Cutaneotrichosporon_mucoides	k__Fungi; p__Basidiomycota; c__Tremellomycetes; o__Trichosporonales; f__Trichosporonaceae; g__Cutaneotrichosporon; s__Cutaneotrichosporon_mucoides	fig4_q20_PE_cutadapt_unite	Cutadapt	PE	PE	Cutadapt	Cutaneotrichosporon	Cutaneotrichosporon_mucoides
22e477ea80b688324c819bfe250a03ec	UNITE	Polyporales_o	Polyporales_o	k__Fungi; p__Basidiomycota; c__Agaricomycetes; o__Polyporales; f__Polyporales_o; g__Polyporales_o; s__Polyporales_o	fig4_q20_PE_cutadapt_unite	Cutadapt	PE	PE	Cutadapt	Polyporales_o	Polyporales_o
b001fb61dd6f4db8b22dc8eeb9e3677e	UNITE	Malassezia	Malassezia_sympodialis	k__Fungi; p__Basidiomycota; c__Malasseziomycetes; o__Malasseziales; f__Malasseziaceae; g__Malassezia; s__Malassezia_sympodialis	fig4_q20_PE_cutadapt_unite	Cutadapt	PE	PE	Cutadapt	Malassezia	Malassezia_sympodialis
a8dd4ea318c0f55bda76f7c49124254b	UNITE	Schizophyllum	Schizophyllum_commune	k__Fungi; p__Basidiomycota; c__Agaricomycetes; o__Agaricales; f__Schizophyllaceae; g__Schizophyllum; s__Schizophyllum_commune	fig4_q20_PE_cutadapt_unite	Cutadapt	PE	PE	Cutadapt	Schizophyllum	Schizophyllum_commune
e6e622e0c9c574a045fd0dde7ab5a0a0	UNITE	Candida	Candida_albicans	k__Fungi; p__Ascomycota; c__Saccharomycetes; o__Saccharomycetales; f__Saccharomycetales_fam_Incertae_sedis; g__Candida; s__Candida_albicans	fig4_q20_PE_cutadapt_unite	Cutadapt	PE	PE	Cutadapt	Candida	Candida_albicans
8aad4e3a6eaac9deac3f8ee96333eb1b	UNITE	Crepidotus	Unclassified	k__Fungi; p__Basidiomycota; c__Agaricomycetes; o__Agaricales; f__Crepidotaceae; g__Crepidotus; s__Crepidotus_g	fig4_q20_PE_cutadapt_unite	Cutadapt	PE	PE	Cutadapt	Crepidotus	Unclassified
8c4c1e27aeb937396303d685b8e472a5	UNITE	Sistotremastrum	Sistotremastrum_guttuliferum	k__Fungi; p__Basidiomycota; c__Agaricomycetes; o__Trechisporales; f__Hydnodontaceae; g__Sistotremastrum; s__Sistotremastrum_guttuliferum	fig4_q20_PE_cutadapt_unite	Cutadapt	PE	PE	Cutadapt	Sistotremastrum	Sistotremastrum_guttuliferum
70ff98b81e41acd4ca4c6621e2d3a7ed	UNITE	Pleosporales_o	Pleosporales_o	k__Fungi; p__Ascomycota; c__Dothideomycetes; o__Pleosporales; f__Pleosporales_o; g__Pleosporales_o; s__Pleosporales_o	fig4_q20_PE_cutadapt_unite	Cutadapt	PE	PE	Cutadapt	Pleosporales_o	Pleosporales_o
36bb7a251b8db804102d55924be7ceb7	UNITE	Ceratobasidiaceae_f	Ceratobasidiaceae_f	k__Fungi; p__Basidiomycota; c__Agaricomycetes; o__Cantharellales; f__Ceratobasidiaceae; g__Ceratobasidiaceae_f; s__Ceratobasidiaceae_f	fig4_q20_PE_cutadapt_unite	Cutadapt	PE	PE	Cutadapt	Ceratobasidiaceae_f	Ceratobasidiaceae_f
3cf141483bd7591f4ba51ec258455287	UNITE	Ascomycota_p	Ascomycota_p	k__Fungi; p__Ascomycota; c__Ascomycota_p; o__Ascomycota_p; f__Ascomycota_p; g__Ascomycota_p; s__Ascomycota_p	fig4_q20_PE_cutadapt_unite	Cutadapt	PE	PE	Cutadapt	Ascomycota_p	Ascomycota_p
8ac0b9cd95572afa972fdb20098f4502	UNITE	Dothideomycetes_c	Dothideomycetes_c	k__Fungi; p__Ascomycota; c__Dothideomycetes; o__Dothideomycetes_c; f__Dothideomycetes_c; g__Dothideomycetes_c; s__Dothideomycetes_c	fig4_q20_PE_cutadapt_unite	Cutadapt	PE	PE	Cutadapt	Dothideomycetes_c	Dothideomycetes_c
7342e7108f710f266d9062bbf3415e43	UNITE	Paragibellulopsis	Paragibellulopsis_chrysanthemi	k__Fungi; p__Ascomycota; c__Sordariomycetes; o__Glomerellales; f__Plectosphaerellaceae; g__Paragibellulopsis; s__Paragibellulopsis_chrysanthemi	fig4_q20_PE_cutadapt_unite	Cutadapt	PE	PE	Cutadapt	Paragibellulopsis	Paragibellulopsis_chrysanthemi
27297b7c249900a4b843b2f365f2f58c	UNITE	Irpex	Irpex_hydnoides	k__Fungi; p__Basidiomycota; c__Agaricomycetes; o__Polyporales; f__Irpicaceae; g__Irpex; s__Irpex_hydnoides	fig4_q20_PE_cutadapt_unite	Cutadapt	PE	PE	Cutadapt	Irpex	Irpex_hydnoides
5f3fefa03a0182a5670fb3083e2ad7f9	UNITE	Phlebiopsis	Unclassified	k__Fungi; p__Basidiomycota; c__Agaricomycetes; o__Polyporales; f__Phanerochaetaceae; g__Phlebiopsis; s__Phlebiopsis_g	fig4_q20_PE_cutadapt_unite	Cutadapt	PE	PE	Cutadapt	Phlebiopsis	Unclassified
b1164aaea169a7ee1f528b21fd52bce7	UNITE	Ascomycota_p	Ascomycota_p	k__Fungi; p__Ascomycota; c__Ascomycota_p; o__Ascomycota_p; f__Ascomycota_p; g__Ascomycota_p; s__Ascomycota_p	fig4_q20_PE_cutadapt_unite	Cutadapt	PE	PE	Cutadapt	Ascomycota_p	Ascomycota_p
37fd731965ed9f30a073fd330c34f19b	UNITE	Fungi_k	Fungi_k	k__Fungi; p__Fungi_k; c__Fungi_k; o__Fungi_k; f__Fungi_k; g__Fungi_k; s__Fungi_k	fig4_q20_PE_cutadapt_unite	Cutadapt	PE	PE	Cutadapt	Fungi_k	Fungi_k
01f7633d99821e693602dae45808d71c	UNITE	Schizophyllum	Schizophyllum_commune	k__Fungi; p__Basidiomycota; c__Agaricomycetes; o__Agaricales; f__Schizophyllaceae; g__Schizophyllum; s__Schizophyllum_commune	fig4_q20_PE_cutadapt_unite	Cutadapt	PE	PE	Cutadapt	Schizophyllum	Schizophyllum_commune
7823e9cbfc207aa43d02f0fe7b042f1b	UNITE	Biscogniauxia	Biscogniauxia_atropunctata	k__Fungi; p__Ascomycota; c__Sordariomycetes; o__Xylariales; f__Graphostromataceae; g__Biscogniauxia; s__Biscogniauxia_atropunctata	fig4_q20_PE_cutadapt_unite	Cutadapt	PE	PE	Cutadapt	Biscogniauxia	Biscogniauxia_atropunctata
49bcc97c03a0653cb80f79c2c5f8b19a	UNITE	Candida	Candida_dubliniensis	k__Fungi; p__Ascomycota; c__Saccharomycetes; o__Saccharomycetales; f__Saccharomycetales_fam_Incertae_sedis; g__Candida; s__Candida_dubliniensis	fig4_q20_PE_cutadapt_unite	Cutadapt	PE	PE	Cutadapt	Candida	Candida_dubliniensis
280368cdff4f777ae988c6a3c9cca85f	UNITE	Udeniomyces	Udeniomyces_pyricola	k__Fungi; p__Basidiomycota; c__Tremellomycetes; o__Cystofilobasidiales; f__Mrakiaceae; g__Udeniomyces; s__Udeniomyces_pyricola	fig4_q20_PE_cutadapt_unite	Cutadapt	PE	PE	Cutadapt	Udeniomyces	Udeniomyces_pyricola
87c1440d8bb908eca49371e3bade6a91	UNITE	Mucor	Unclassified	k__Fungi; p__Mucoromycota; c__Mucoromycetes; o__Mucorales; f__Mucoraceae; g__Mucor; s__Mucor_g	fig4_q20_PE_cutadapt_unite	Cutadapt	PE	PE	Cutadapt	Mucor	Unclassified
4c1a21b88f8f585d285a06ad0af7725c	UNITE	Penicillium	Penicillium_sclerotiorum	k__Fungi; p__Ascomycota; c__Eurotiomycetes; o__Eurotiales; f__Aspergillaceae; g__Penicillium; s__Penicillium_sclerotiorum	fig4_q20_PE_cutadapt_unite	Cutadapt	PE	PE	Cutadapt	Penicillium	Penicillium_sclerotiorum
c3ac7f9b16a282464bcef99f9a81543e	UNITE	Penicillium	Unclassified	k__Fungi; p__Ascomycota; c__Eurotiomycetes; o__Eurotiales; f__Aspergillaceae; g__Penicillium; s__Penicillium_g	fig4_q20_PE_cutadapt_unite	Cutadapt	PE	PE	Cutadapt	Penicillium	Unclassified
b84c5ce7ffdb045632be2f6b94323dfe	UNITE	Cutaneotrichosporon	Cutaneotrichosporon_mucoides	k__Fungi; p__Basidiomycota; c__Tremellomycetes; o__Trichosporonales; f__Trichosporonaceae; g__Cutaneotrichosporon; s__Cutaneotrichosporon_mucoides	fig4_q20_PE_cutadapt_unite	Cutadapt	PE	PE	Cutadapt	Cutaneotrichosporon	Cutaneotrichosporon_mucoides
ed08fe04da925633f2c00f8cc1622edb	UNITE	Steccherinum	Steccherinum_tenuissimum	k__Fungi; p__Basidiomycota; c__Agaricomycetes; o__Polyporales; f__Steccherinaceae; g__Steccherinum; s__Steccherinum_tenuissimum	fig4_q20_PE_cutadapt_unite	Cutadapt	PE	PE	Cutadapt	Steccherinum	Steccherinum_tenuissimum
ccaa9026e396d4818dfe7b2a8a9ded99	UNITE	Xylodon	Xylodon_flaviporus	k__Fungi; p__Basidiomycota; c__Agaricomycetes; o__Hymenochaetales; f__Schizoporaceae; g__Xylodon; s__Xylodon_flaviporus	fig4_q20_PE_cutadapt_unite	Cutadapt	PE	PE	Cutadapt	Xylodon	Xylodon_flaviporus
7bc58b0abd5098f2ef0a61cd7d827443	UNITE	Fungi_k	Fungi_k	k__Fungi; p__Fungi_k; c__Fungi_k; o__Fungi_k; f__Fungi_k; g__Fungi_k; s__Fungi_k	fig4_q20_PE_cutadapt_unite	Cutadapt	PE	PE	Cutadapt	Fungi_k	Fungi_k
4ecc63232ae7a35c72123a89208ccd2e	UNITE	Fungi_k	Fungi_k	k__Fungi; p__Fungi_k; c__Fungi_k; o__Fungi_k; f__Fungi_k; g__Fungi_k; s__Fungi_k	fig4_q20_PE_cutadapt_unite	Cutadapt	PE	PE	Cutadapt	Fungi_k	Fungi_k
f1e26dc5de94e5ab231af0b5370bb2e2	UNITE	Fungi_k	Fungi_k	k__Fungi; p__Fungi_k; c__Fungi_k; o__Fungi_k; f__Fungi_k; g__Fungi_k; s__Fungi_k	fig4_q20_PE_cutadapt_unite	Cutadapt	PE	PE	Cutadapt	Fungi_k	Fungi_k
d3cf17e7ddaf0b1aea15774633f30129	UNITE	Cystobasidium	Cystobasidium_slooffiae	k__Fungi; p__Basidiomycota; c__Cystobasidiomycetes; o__Cystobasidiales; f__Cystobasidiaceae; g__Cystobasidium; s__Cystobasidium_slooffiae	fig4_q20_PE_cutadapt_unite	Cutadapt	PE	PE	Cutadapt	Cystobasidium	Cystobasidium_slooffiae
c4c056deff753f4ef06780b99493596f	UNITE	Atheliales_o	Atheliales_o	k__Fungi; p__Basidiomycota; c__Agaricomycetes; o__Atheliales; f__Atheliales_o; g__Atheliales_o; s__Atheliales_o	fig4_q20_PE_cutadapt_unite	Cutadapt	PE	PE	Cutadapt	Atheliales_o	Atheliales_o
3ee5b4735ff168cd1b6a7193563a859b	UNITE	Peniophoraceae_f	Peniophoraceae_f	k__Fungi; p__Basidiomycota; c__Agaricomycetes; o__Russulales; f__Peniophoraceae; g__Peniophoraceae_f; s__Peniophoraceae_f	fig4_q20_PE_cutadapt_unite	Cutadapt	PE	PE	Cutadapt	Peniophoraceae_f	Peniophoraceae_f
f45167fe9037171e98d058bf61f10146	UNITE	Ceriporia	Ceriporia_nanlingensis	k__Fungi; p__Basidiomycota; c__Agaricomycetes; o__Polyporales; f__Irpicaceae; g__Ceriporia; s__Ceriporia_nanlingensis	fig4_q20_PE_cutadapt_unite	Cutadapt	PE	PE	Cutadapt	Ceriporia	Ceriporia_nanlingensis
ee7388dacc8e4b7870d607cc42b50b9d	UNITE	Irpex	Irpex_laceratus	k__Fungi; p__Basidiomycota; c__Agaricomycetes; o__Polyporales; f__Irpicaceae; g__Irpex; s__Irpex_laceratus	fig4_q20_PE_cutadapt_unite	Cutadapt	PE	PE	Cutadapt	Irpex	Irpex_laceratus
2c24ade1f6d21508f680725d560471b9	UNITE	Fungi_k	Fungi_k	k__Fungi; p__Fungi_k; c__Fungi_k; o__Fungi_k; f__Fungi_k; g__Fungi_k; s__Fungi_k	fig4_q20_PE_cutadapt_unite	Cutadapt	PE	PE	Cutadapt	Fungi_k	Fungi_k
665ad022321b70667403ddce0993eda4	UNITE	Fungi_k	Fungi_k	k__Fungi; p__Fungi_k; c__Fungi_k; o__Fungi_k; f__Fungi_k; g__Fungi_k; s__Fungi_k	fig4_q20_PE_cutadapt_unite	Cutadapt	PE	PE	Cutadapt	Fungi_k	Fungi_k
e28b6e0bb0e64f81a0dd9d665d0459ef	UNITE	Sporobolomyces	Sporobolomyces_carnicolor	k__Fungi; p__Basidiomycota; c__Microbotryomycetes; o__Sporidiobolales; f__Sporidiobolaceae; g__Sporobolomyces; s__Sporobolomyces_carnicolor	fig4_q20_PE_cutadapt_unite	Cutadapt	PE	PE	Cutadapt	Sporobolomyces	Sporobolomyces_carnicolor
c1c188f9bec8b8bdc4dcfebee1b40cb2	UNITE	Trametes	Trametes_hirsuta	k__Fungi; p__Basidiomycota; c__Agaricomycetes; o__Polyporales; f__Polyporaceae; g__Trametes; s__Trametes_hirsuta	fig4_q20_PE_cutadapt_unite	Cutadapt	PE	PE	Cutadapt	Trametes	Trametes_hirsuta
50f4af150db8ec540493d2a0bf932341	UNITE	Fuscoporia	Fuscoporia_karsteniana	k__Fungi; p__Basidiomycota; c__Agaricomycetes; o__Hymenochaetales; f__Hymenochaetaceae; g__Fuscoporia; s__Fuscoporia_karsteniana	fig4_q20_PE_cutadapt_unite	Cutadapt	PE	PE	Cutadapt	Fuscoporia	Fuscoporia_karsteniana
ed4824782d1a2a0df7b273a4267b408a	UNITE	Sarocladium	Sarocladium_zeae	k__Fungi; p__Ascomycota; c__Sordariomycetes; o__Hypocreales; f__Sarocladiaceae; g__Sarocladium; s__Sarocladium_zeae	fig4_q20_PE_cutadapt_unite	Cutadapt	PE	PE	Cutadapt	Sarocladium	Sarocladium_zeae
5dda9a089382440ef931ad4ff5e8ffbb	UNITE	Irpex	Irpex_hydnoides	k__Fungi; p__Basidiomycota; c__Agaricomycetes; o__Polyporales; f__Irpicaceae; g__Irpex; s__Irpex_hydnoides	fig4_q20_PE_cutadapt_unite	Cutadapt	PE	PE	Cutadapt	Irpex	Irpex_hydnoides
138ac92150209d94b9e015e7735368f1	UNITE	Penicillium	Unclassified	k__Fungi; p__Ascomycota; c__Eurotiomycetes; o__Eurotiales; f__Aspergillaceae; g__Penicillium; s__Penicillium_g	fig4_q20_PE_cutadapt_unite	Cutadapt	PE	PE	Cutadapt	Penicillium	Unclassified
e7e0a9fa9d6d243488cde1db10d25943	UNITE	Candida	Candida_albicans	k__Fungi; p__Ascomycota; c__Saccharomycetes; o__Saccharomycetales; f__Saccharomycetales_fam_Incertae_sedis; g__Candida; s__Candida_albicans	fig4_q20_PE_cutadapt_unite	Cutadapt	PE	PE	Cutadapt	Candida	Candida_albicans
2995053d4cdadcaafad9308b84e0e4a8	UNITE	Coprinopsis	Coprinopsis_urticicola	k__Fungi; p__Basidiomycota; c__Agaricomycetes; o__Agaricales; f__Psathyrellaceae; g__Coprinopsis; s__Coprinopsis_urticicola	fig4_q20_PE_cutadapt_unite	Cutadapt	PE	PE	Cutadapt	Coprinopsis	Coprinopsis_urticicola
248e2fe59d856b93e8bf1adcb9e172d4	UNITE	Ascomycota_p	Ascomycota_p	k__Fungi; p__Ascomycota; c__Ascomycota_p; o__Ascomycota_p; f__Ascomycota_p; g__Ascomycota_p; s__Ascomycota_p	fig4_q20_PE_cutadapt_unite	Cutadapt	PE	PE	Cutadapt	Ascomycota_p	Ascomycota_p
ee5f92fb85239ef0e008d94c6caa3021	UNITE	Absidia	Unclassified	k__Fungi; p__Mucoromycota; c__Mucoromycetes; o__Mucorales; f__Cunninghamellaceae; g__Absidia; s__Absidia_g	fig4_q20_PE_cutadapt_unite	Cutadapt	PE	PE	Cutadapt	Absidia	Unclassified
c6b37d0ce32b13674721bc28dce1eb28	UNITE	Helotiales_o	Helotiales_o	k__Fungi; p__Ascomycota; c__Leotiomycetes; o__Helotiales; f__Helotiales_o; g__Helotiales_o; s__Helotiales_o	fig4_q20_PE_cutadapt_unite	Cutadapt	PE	PE	Cutadapt	Helotiales_o	Helotiales_o
91a7fbfb6202e3edbe0a45f2865e19c8	UNITE	Talaromyces	Talaromyces_purgamentorum	k__Fungi; p__Ascomycota; c__Eurotiomycetes; o__Eurotiales; f__Trichocomaceae; g__Talaromyces; s__Talaromyces_purgamentorum	fig4_q20_PE_cutadapt_unite	Cutadapt	PE	PE	Cutadapt	Talaromyces	Talaromyces_purgamentorum
0a135d06258a4917295be19c2f72f676	UNITE	Penicillium	Unclassified	k__Fungi; p__Ascomycota; c__Eurotiomycetes; o__Eurotiales; f__Aspergillaceae; g__Penicillium; s__Penicillium_g	fig4_q20_PE_cutadapt_unite	Cutadapt	PE	PE	Cutadapt	Penicillium	Unclassified
50e29a0983b9c1a46afd399477503736	UNITE	Fungi_k	Fungi_k	k__Fungi; p__Fungi_k; c__Fungi_k; o__Fungi_k; f__Fungi_k; g__Fungi_k; s__Fungi_k	fig4_q20_PE_cutadapt_unite	Cutadapt	PE	PE	Cutadapt	Fungi_k	Fungi_k
3251b8618a77585ac75c4825f24bdc34	UNITE	Udeniomyces	Udeniomyces_pyricola	k__Fungi; p__Basidiomycota; c__Tremellomycetes; o__Cystofilobasidiales; f__Mrakiaceae; g__Udeniomyces; s__Udeniomyces_pyricola	fig4_q20_PE_cutadapt_unite	Cutadapt	PE	PE	Cutadapt	Udeniomyces	Udeniomyces_pyricola
0067abbe4f3ec2c8b1f93f21dab22215	UNITE	Penicillium	Penicillium_sumatraense	k__Fungi; p__Ascomycota; c__Eurotiomycetes; o__Eurotiales; f__Aspergillaceae; g__Penicillium; s__Penicillium_sumatraense	fig4_q20_PE_cutadapt_unite	Cutadapt	PE	PE	Cutadapt	Penicillium	Penicillium_sumatraense
0e00ccfc8a7aac1541f7536f41bc8369	UNITE	Ceriporia	Ceriporia_nanlingensis	k__Fungi; p__Basidiomycota; c__Agaricomycetes; o__Polyporales; f__Irpicaceae; g__Ceriporia; s__Ceriporia_nanlingensis	fig4_q20_PE_cutadapt_unite	Cutadapt	PE	PE	Cutadapt	Ceriporia	Ceriporia_nanlingensis
bc6bcc69956b0d2e7c5a60ce32e14b65	UNITE	Candida	Candida_albicans	k__Fungi; p__Ascomycota; c__Saccharomycetes; o__Saccharomycetales; f__Saccharomycetales_fam_Incertae_sedis; g__Candida; s__Candida_albicans	fig4_q20_PE_cutadapt_unite	Cutadapt	PE	PE	Cutadapt	Candida	Candida_albicans
a6d098b6b9b926e1aebfa0a5e6b8f122	UNITE	Helotiales_o	Helotiales_o	k__Fungi; p__Ascomycota; c__Leotiomycetes; o__Helotiales; f__Helotiales_o; g__Helotiales_o; s__Helotiales_o	fig4_q20_PE_cutadapt_unite	Cutadapt	PE	PE	Cutadapt	Helotiales_o	Helotiales_o
044c0abf07903b8b4131f54e35a7c56b	UNITE	Peniophoraceae_f	Peniophoraceae_f	k__Fungi; p__Basidiomycota; c__Agaricomycetes; o__Russulales; f__Peniophoraceae; g__Peniophoraceae_f; s__Peniophoraceae_f	fig4_q20_PE_cutadapt_unite	Cutadapt	PE	PE	Cutadapt	Peniophoraceae_f	Peniophoraceae_f
68816968b3d097f59efc81d7e2e5709b	UNITE	Suillus	Suillus_viscidus	k__Fungi; p__Basidiomycota; c__Agaricomycetes; o__Boletales; f__Suillaceae; g__Suillus; s__Suillus_viscidus	fig4_q20_PE_cutadapt_unite	Cutadapt	PE	PE	Cutadapt	Suillus	Suillus_viscidus
deaa18d8f1f0a68e77236fd060313b09	UNITE	Aureobasidium	Aureobasidium_pullulans	k__Fungi; p__Ascomycota; c__Dothideomycetes; o__Dothideales; f__Saccotheciaceae; g__Aureobasidium; s__Aureobasidium_pullulans	fig4_q20_PE_cutadapt_unite	Cutadapt	PE	PE	Cutadapt	Aureobasidium	Aureobasidium_pullulans
2fadc7fa01c6d1e87be809237590227f	UNITE	Fungi_k	Fungi_k	k__Fungi; p__Fungi_k; c__Fungi_k; o__Fungi_k; f__Fungi_k; g__Fungi_k; s__Fungi_k	fig4_q20_PE_cutadapt_unite	Cutadapt	PE	PE	Cutadapt	Fungi_k	Fungi_k
80031c9738d7445f1f857a5681c053a2	UNITE	Fungi_k	Fungi_k	k__Fungi; p__Fungi_k; c__Fungi_k; o__Fungi_k; f__Fungi_k; g__Fungi_k; s__Fungi_k	fig4_q20_PE_cutadapt_unite	Cutadapt	PE	PE	Cutadapt	Fungi_k	Fungi_k
b3eff3c2ad1ef978124d5f6e9bb038da	UNITE	Aspergillus	Aspergillus_neotritici	k__Fungi; p__Ascomycota; c__Eurotiomycetes; o__Eurotiales; f__Aspergillaceae; g__Aspergillus; s__Aspergillus_neotritici	fig4_q20_PE_cutadapt_unite	Cutadapt	PE	PE	Cutadapt	Aspergillus	Aspergillus_neotritici
2b6bf177cf258974855eb3b9d419ffbc	UNITE	Irpex	Irpex_laceratus	k__Fungi; p__Basidiomycota; c__Agaricomycetes; o__Polyporales; f__Irpicaceae; g__Irpex; s__Irpex_laceratus	fig4_q20_PE_cutadapt_unite	Cutadapt	PE	PE	Cutadapt	Irpex	Irpex_laceratus
b68330710b2ee120d528ed1888de0c19	UNITE	Penicillium	Penicillium_flavigenum	k__Fungi; p__Ascomycota; c__Eurotiomycetes; o__Eurotiales; f__Aspergillaceae; g__Penicillium; s__Penicillium_flavigenum	fig4_q20_PE_cutadapt_unite	Cutadapt	PE	PE	Cutadapt	Penicillium	Penicillium_flavigenum
31c5d2162fbc4550b1537c9a9bc92d55	UNITE	Ascomycota_p	Ascomycota_p	k__Fungi; p__Ascomycota; c__Ascomycota_p; o__Ascomycota_p; f__Ascomycota_p; g__Ascomycota_p; s__Ascomycota_p	fig4_q20_PE_cutadapt_unite	Cutadapt	PE	PE	Cutadapt	Ascomycota_p	Ascomycota_p
e62da64a67447ad0575490684a5b2e91	UNITE	Xeromyces	Xeromyces_bisporus	k__Fungi; p__Ascomycota; c__Eurotiomycetes; o__Eurotiales; f__Aspergillaceae; g__Xeromyces; s__Xeromyces_bisporus	fig4_q20_PE_cutadapt_unite	Cutadapt	PE	PE	Cutadapt	Xeromyces	Xeromyces_bisporus
84448bc0a8762b43632301f4c6d429eb	UNITE	Rhizoplaca	Rhizoplaca_novomexicana	k__Fungi; p__Ascomycota; c__Lecanoromycetes; o__Lecanorales; f__Lecanoraceae; g__Rhizoplaca; s__Rhizoplaca_novomexicana	fig4_q20_PE_cutadapt_unite	Cutadapt	PE	PE	Cutadapt	Rhizoplaca	Rhizoplaca_novomexicana
a3d5c4ddcd229676d01f4d84ceb4c269	UNITE	Ascomycota_p	Ascomycota_p	k__Fungi; p__Ascomycota; c__Ascomycota_p; o__Ascomycota_p; f__Ascomycota_p; g__Ascomycota_p; s__Ascomycota_p	fig4_q20_PE_cutadapt_unite	Cutadapt	PE	PE	Cutadapt	Ascomycota_p	Ascomycota_p
0f2841458644573d5efdd928ad1b992f	UNITE	Mucor	Mucor_circinelloides	k__Fungi; p__Mucoromycota; c__Mucoromycetes; o__Mucorales; f__Mucoraceae; g__Mucor; s__Mucor_circinelloides	fig4_q20_PE_cutadapt_unite	Cutadapt	PE	PE	Cutadapt	Mucor	Mucor_circinelloides
b071af43257d5c4de2339fe5cbf735d2	UNITE	Fungi_k	Fungi_k	k__Fungi; p__Fungi_k; c__Fungi_k; o__Fungi_k; f__Fungi_k; g__Fungi_k; s__Fungi_k	fig4_q20_PE_cutadapt_unite	Cutadapt	PE	PE	Cutadapt	Fungi_k	Fungi_k
216f8b39045b9b00c7f830736ee9bc59	UNITE	Ascomycota_p	Ascomycota_p	k__Fungi; p__Ascomycota; c__Ascomycota_p; o__Ascomycota_p; f__Ascomycota_p; g__Ascomycota_p; s__Ascomycota_p	fig4_q20_PE_cutadapt_unite	Cutadapt	PE	PE	Cutadapt	Ascomycota_p	Ascomycota_p
63f1a87072986331d33badecc342608c	UNITE	Fungi_k	Fungi_k	k__Fungi; p__Fungi_k; c__Fungi_k; o__Fungi_k; f__Fungi_k; g__Fungi_k; s__Fungi_k	fig4_q20_PE_cutadapt_unite	Cutadapt	PE	PE	Cutadapt	Fungi_k	Fungi_k
f49e5929ca3833c66e1441cdadb318b5	UNITE	Ascomycota_p	Ascomycota_p	k__Fungi; p__Ascomycota; c__Ascomycota_p; o__Ascomycota_p; f__Ascomycota_p; g__Ascomycota_p; s__Ascomycota_p	fig4_q20_PE_cutadapt_unite	Cutadapt	PE	PE	Cutadapt	Ascomycota_p	Ascomycota_p
aea3e03e30b06124e1d93a28dd05f1e6	UNITE	Ascomycota_p	Ascomycota_p	k__Fungi; p__Ascomycota; c__Ascomycota_p; o__Ascomycota_p; f__Ascomycota_p; g__Ascomycota_p; s__Ascomycota_p	fig4_q20_PE_cutadapt_unite	Cutadapt	PE	PE	Cutadapt	Ascomycota_p	Ascomycota_p
c55c882cd5b0311b9de7f084c67c9416	UNITE	Ascomycota_p	Ascomycota_p	k__Fungi; p__Ascomycota; c__Ascomycota_p; o__Ascomycota_p; f__Ascomycota_p; g__Ascomycota_p; s__Ascomycota_p	fig4_q20_PE_cutadapt_unite	Cutadapt	PE	PE	Cutadapt	Ascomycota_p	Ascomycota_p
2abd97d819164ca22fea7fc261ffc6f7	UNITE	Ascomycota_p	Ascomycota_p	k__Fungi; p__Ascomycota; c__Ascomycota_p; o__Ascomycota_p; f__Ascomycota_p; g__Ascomycota_p; s__Ascomycota_p	fig4_q20_PE_cutadapt_unite	Cutadapt	PE	PE	Cutadapt	Ascomycota_p	Ascomycota_p
a0fd778266947c5a5022b199532692d2	UNITE	Ascomycota_p	Ascomycota_p	k__Fungi; p__Ascomycota; c__Ascomycota_p; o__Ascomycota_p; f__Ascomycota_p; g__Ascomycota_p; s__Ascomycota_p	fig4_q20_PE_cutadapt_unite	Cutadapt	PE	PE	Cutadapt	Ascomycota_p	Ascomycota_p
e0e9522799898c83f9f0e45ef54fe8b0	UNITE	Fungi_k	Fungi_k	k__Fungi; p__Fungi_k; c__Fungi_k; o__Fungi_k; f__Fungi_k; g__Fungi_k; s__Fungi_k	fig4_q20_PE_cutadapt_unite	Cutadapt	PE	PE	Cutadapt	Fungi_k	Fungi_k
12bedaf58ec89b5e05c19ad026fdaf9c	UNITE	Ascomycota_p	Ascomycota_p	k__Fungi; p__Ascomycota; c__Ascomycota_p; o__Ascomycota_p; f__Ascomycota_p; g__Ascomycota_p; s__Ascomycota_p	fig4_q20_PE_cutadapt_unite	Cutadapt	PE	PE	Cutadapt	Ascomycota_p	Ascomycota_p
ec5862344e2468f6db640be9b7b2db07	UNITE	Fungi_k	Fungi_k	k__Fungi; p__Fungi_k; c__Fungi_k; o__Fungi_k; f__Fungi_k; g__Fungi_k; s__Fungi_k	fig4_q20_PE_cutadapt_unite	Cutadapt	PE	PE	Cutadapt	Fungi_k	Fungi_k
a6465fce89de2e231daebd63bfc0b190	UNITE	Burgoa	Burgoa_verzuoliana	k__Fungi; p__Basidiomycota; c__Agaricomycetes; o__Cantharellales; f__Hydnaceae; g__Burgoa; s__Burgoa_verzuoliana	fig4_q20_PE_cutadapt_unite	Cutadapt	PE	PE	Cutadapt	Burgoa	Burgoa_verzuoliana
3d70ec70dc3495e97569bc5f82356e79	UNITE	Penicillium	Penicillium_brevicompactum	k__Fungi; p__Ascomycota; c__Eurotiomycetes; o__Eurotiales; f__Aspergillaceae; g__Penicillium; s__Penicillium_brevicompactum	fig4_q20_PE_cutadapt_unite	Cutadapt	PE	PE	Cutadapt	Penicillium	Penicillium_brevicompactum
d016750395fb04761d3346b6911b9ddb	UNITE	Ascomycota_p	Ascomycota_p	k__Fungi; p__Ascomycota; c__Ascomycota_p; o__Ascomycota_p; f__Ascomycota_p; g__Ascomycota_p; s__Ascomycota_p	fig4_q20_PE_cutadapt_unite	Cutadapt	PE	PE	Cutadapt	Ascomycota_p	Ascomycota_p
b7af39848139236f0e6c6b805ac1e03a	UNITE	Aspergillus	Aspergillus_fumigatus	k__Fungi; p__Ascomycota; c__Eurotiomycetes; o__Eurotiales; f__Aspergillaceae; g__Aspergillus; s__Aspergillus_fumigatus	fig4_q20_PE_cutadapt_unite	Cutadapt	PE	PE	Cutadapt	Aspergillus	Aspergillus_fumigatus
ad9491bf7adf542567e36638860807a3	UNITE	Asterostroma	Unclassified	k__Fungi; p__Basidiomycota; c__Agaricomycetes; o__Russulales; f__Peniophoraceae; g__Asterostroma; s__Asterostroma_g	fig4_q20_PE_cutadapt_unite	Cutadapt	PE	PE	Cutadapt	Asterostroma	Unclassified
49571ba106c5eaf7edcc41ad9aabb51c	UNITE	Penicillium	Unclassified	k__Fungi; p__Ascomycota; c__Eurotiomycetes; o__Eurotiales; f__Aspergillaceae; g__Penicillium; s__Penicillium_g	fig4_q20_PE_cutadapt_unite	Cutadapt	PE	PE	Cutadapt	Penicillium	Unclassified
327ac8462f09dcda6956148eee117615	UNITE	Cystobasidium	Cystobasidium_slooffiae	k__Fungi; p__Basidiomycota; c__Cystobasidiomycetes; o__Cystobasidiales; f__Cystobasidiaceae; g__Cystobasidium; s__Cystobasidium_slooffiae	fig4_q20_PE_cutadapt_unite	Cutadapt	PE	PE	Cutadapt	Cystobasidium	Cystobasidium_slooffiae
c97cb7a6c9ebb46e3770a690678d2f8d	UNITE	Fungi_k	Fungi_k	k__Fungi; p__Fungi_k; c__Fungi_k; o__Fungi_k; f__Fungi_k; g__Fungi_k; s__Fungi_k	fig4_q20_PE_cutadapt_unite	Cutadapt	PE	PE	Cutadapt	Fungi_k	Fungi_k
0752dc88c365db47a824bafc2310dd10	UNITE	Candolleomyces	Candolleomyces_sulcatotuberculosus	k__Fungi; p__Basidiomycota; c__Agaricomycetes; o__Agaricales; f__Psathyrellaceae; g__Candolleomyces; s__Candolleomyces_sulcatotuberculosus	fig4_q20_PE_cutadapt_unite	Cutadapt	PE	PE	Cutadapt	Candolleomyces	Candolleomyces_sulcatotuberculosus
df30642ec969952fcdf4d28844df8343	UNITE	Ascomycota_p	Ascomycota_p	k__Fungi; p__Ascomycota; c__Ascomycota_p; o__Ascomycota_p; f__Ascomycota_p; g__Ascomycota_p; s__Ascomycota_p	fig4_q20_PE_cutadapt_unite	Cutadapt	PE	PE	Cutadapt	Ascomycota_p	Ascomycota_p
d121c3d0e035fe1d0b878d54314a0f3f	UNITE	Penicillium	Penicillium_sumatraense	k__Fungi; p__Ascomycota; c__Eurotiomycetes; o__Eurotiales; f__Aspergillaceae; g__Penicillium; s__Penicillium_sumatraense	fig4_q20_PE_cutadapt_unite	Cutadapt	PE	PE	Cutadapt	Penicillium	Penicillium_sumatraense
ec9d49717f5ec126ae4334e7cf55dc5c	UNITE	Ascomycota_p	Ascomycota_p	k__Fungi; p__Ascomycota; c__Ascomycota_p; o__Ascomycota_p; f__Ascomycota_p; g__Ascomycota_p; s__Ascomycota_p	fig4_q20_PE_cutadapt_unite	Cutadapt	PE	PE	Cutadapt	Ascomycota_p	Ascomycota_p
7040a2dcaf918f6a747f01f90867b3ea	UNITE	Ascomycota_p	Ascomycota_p	k__Fungi; p__Ascomycota; c__Ascomycota_p; o__Ascomycota_p; f__Ascomycota_p; g__Ascomycota_p; s__Ascomycota_p	fig4_q20_PE_cutadapt_unite	Cutadapt	PE	PE	Cutadapt	Ascomycota_p	Ascomycota_p
c112e1a48e0a652986fa8042932e4aba	UNITE	Ascomycota_p	Ascomycota_p	k__Fungi; p__Ascomycota; c__Ascomycota_p; o__Ascomycota_p; f__Ascomycota_p; g__Ascomycota_p; s__Ascomycota_p	fig4_q20_PE_cutadapt_unite	Cutadapt	PE	PE	Cutadapt	Ascomycota_p	Ascomycota_p
3dd71b10d0b8f04b121398f33b1ed917	UNITE	Fungi_k	Fungi_k	k__Fungi; p__Fungi_k; c__Fungi_k; o__Fungi_k; f__Fungi_k; g__Fungi_k; s__Fungi_k	fig4_q20_PE_cutadapt_unite	Cutadapt	PE	PE	Cutadapt	Fungi_k	Fungi_k
9ae2a0b56a08c0ec069c9b2e5a987df1	UNITE	Ascomycota_p	Ascomycota_p	k__Fungi; p__Ascomycota; c__Ascomycota_p; o__Ascomycota_p; f__Ascomycota_p; g__Ascomycota_p; s__Ascomycota_p	fig4_q20_PE_cutadapt_unite	Cutadapt	PE	PE	Cutadapt	Ascomycota_p	Ascomycota_p
93fea7c2c9ed7a874c452b6159d40d2a	UNITE	Ascomycota_p	Ascomycota_p	k__Fungi; p__Ascomycota; c__Ascomycota_p; o__Ascomycota_p; f__Ascomycota_p; g__Ascomycota_p; s__Ascomycota_p	fig4_q20_PE_cutadapt_unite	Cutadapt	PE	PE	Cutadapt	Ascomycota_p	Ascomycota_p
31560b5d879415f9d225ce0802e2fd05	UNITE	Ascomycota_p	Ascomycota_p	k__Fungi; p__Ascomycota; c__Ascomycota_p; o__Ascomycota_p; f__Ascomycota_p; g__Ascomycota_p; s__Ascomycota_p	fig4_q20_PE_cutadapt_unite	Cutadapt	PE	PE	Cutadapt	Ascomycota_p	Ascomycota_p
cba7e2526abc568cdf9b74db64253fcd	UNITE	Rhodotorula	Rhodotorula_mucilaginosa	k__Fungi; p__Basidiomycota; c__Microbotryomycetes; o__Sporidiobolales; f__Sporidiobolaceae; g__Rhodotorula; s__Rhodotorula_mucilaginosa	fig4_q20_PE_cutadapt_unite	Cutadapt	PE	PE	Cutadapt	Rhodotorula	Rhodotorula_mucilaginosa
763363ca587175a2a01b16bee819a51f	UNITE	Ascomycota_p	Ascomycota_p	k__Fungi; p__Ascomycota; c__Ascomycota_p; o__Ascomycota_p; f__Ascomycota_p; g__Ascomycota_p; s__Ascomycota_p	fig4_q20_PE_cutadapt_unite	Cutadapt	PE	PE	Cutadapt	Ascomycota_p	Ascomycota_p
42d8b80b62a028d308d496be03ddc17e	UNITE	Ascomycota_p	Ascomycota_p	k__Fungi; p__Ascomycota; c__Ascomycota_p; o__Ascomycota_p; f__Ascomycota_p; g__Ascomycota_p; s__Ascomycota_p	fig4_q20_PE_cutadapt_unite	Cutadapt	PE	PE	Cutadapt	Ascomycota_p	Ascomycota_p
fb7034b7e4ae776739fa3661b5089842	UNITE	Ascomycota_p	Ascomycota_p	k__Fungi; p__Ascomycota; c__Ascomycota_p; o__Ascomycota_p; f__Ascomycota_p; g__Ascomycota_p; s__Ascomycota_p	fig4_q20_PE_cutadapt_unite	Cutadapt	PE	PE	Cutadapt	Ascomycota_p	Ascomycota_p
fa80b39ca2cea9ec824ab8329503c0b6	UNITE	Candida	Candida_albicans	k__Fungi; p__Ascomycota; c__Saccharomycetes; o__Saccharomycetales; f__Saccharomycetales_fam_Incertae_sedis; g__Candida; s__Candida_albicans	fig4_q20_PE_cutadapt_unite	Cutadapt	PE	PE	Cutadapt	Candida	Candida_albicans
05a29d43e7926471622da8fb7de61e0d	UNITE	Ascomycota_p	Ascomycota_p	k__Fungi; p__Ascomycota; c__Ascomycota_p; o__Ascomycota_p; f__Ascomycota_p; g__Ascomycota_p; s__Ascomycota_p	fig4_q20_PE_cutadapt_unite	Cutadapt	PE	PE	Cutadapt	Ascomycota_p	Ascomycota_p
cceb7ee36727c84880c1b84ccd4f3adc	UNITE	Ascomycota_p	Ascomycota_p	k__Fungi; p__Ascomycota; c__Ascomycota_p; o__Ascomycota_p; f__Ascomycota_p; g__Ascomycota_p; s__Ascomycota_p	fig4_q20_PE_cutadapt_unite	Cutadapt	PE	PE	Cutadapt	Ascomycota_p	Ascomycota_p
30145686d304e71fdb7d7fa50e09e432	UNITE	Lecanorales_o	Lecanorales_o	k__Fungi; p__Ascomycota; c__Lecanoromycetes; o__Lecanorales; f__Lecanorales_o; g__Lecanorales_o; s__Lecanorales_o	fig4_q20_PE_cutadapt_unite	Cutadapt	PE	PE	Cutadapt	Lecanorales_o	Lecanorales_o
85306328b28868171608c7a174ef9714	UNITE	Fungi_k	Fungi_k	k__Fungi; p__Fungi_k; c__Fungi_k; o__Fungi_k; f__Fungi_k; g__Fungi_k; s__Fungi_k	fig4_q20_PE_cutadapt_unite	Cutadapt	PE	PE	Cutadapt	Fungi_k	Fungi_k
06dcdeaf8b7e48026a27971278d6783a	UNITE	Fungi_k	Fungi_k	k__Fungi; p__Fungi_k; c__Fungi_k; o__Fungi_k; f__Fungi_k; g__Fungi_k; s__Fungi_k	fig4_q20_PE_cutadapt_unite	Cutadapt	PE	PE	Cutadapt	Fungi_k	Fungi_k
59518884a6394f163c1fd8bf32724986	UNITE	Kazachstania	Kazachstania_servazzii	k__Fungi; p__Ascomycota; c__Saccharomycetes; o__Saccharomycetales; f__Saccharomycetaceae; g__Kazachstania; s__Kazachstania_servazzii	fig4_q20_PE_cutadapt_unite	Cutadapt	PE	PE	Cutadapt	Kazachstania	Kazachstania_servazzii
5c9f8d6b7494f52bdd0e37a9fba40be7	UNITE	Helotiales_o	Helotiales_o	k__Fungi; p__Ascomycota; c__Leotiomycetes; o__Helotiales; f__Helotiales_o; g__Helotiales_o; s__Helotiales_o	fig4_q20_PE_cutadapt_unite	Cutadapt	PE	PE	Cutadapt	Helotiales_o	Helotiales_o
55e72fb625f146ef1f9405078ed9eb83	UNITE	Aspergillus	Unclassified	k__Fungi; p__Ascomycota; c__Eurotiomycetes; o__Eurotiales; f__Aspergillaceae; g__Aspergillus; s__Aspergillus_g	fig4_q20_PE_cutadapt_unite	Cutadapt	PE	PE	Cutadapt	Aspergillus	Unclassified
7df5ea44dd745fc344db1c2cf3dad914	UNITE	Ascomycota_p	Ascomycota_p	k__Fungi; p__Ascomycota; c__Ascomycota_p; o__Ascomycota_p; f__Ascomycota_p; g__Ascomycota_p; s__Ascomycota_p	fig4_q20_PE_cutadapt_unite	Cutadapt	PE	PE	Cutadapt	Ascomycota_p	Ascomycota_p
8fe099ea85b1426f980cfbc7217317c0	UNITE	Ascomycota_p	Ascomycota_p	k__Fungi; p__Ascomycota; c__Ascomycota_p; o__Ascomycota_p; f__Ascomycota_p; g__Ascomycota_p; s__Ascomycota_p	fig4_q20_PE_cutadapt_unite	Cutadapt	PE	PE	Cutadapt	Ascomycota_p	Ascomycota_p
e3064899818d6e27aec934443a9804d2	UNITE	Asterostroma	Unclassified	k__Fungi; p__Basidiomycota; c__Agaricomycetes; o__Russulales; f__Peniophoraceae; g__Asterostroma; s__Asterostroma_g	fig4_q20_PE_cutadapt_unite	Cutadapt	PE	PE	Cutadapt	Asterostroma	Unclassified
3b6a50bec08bd3931952ed31f36ea1fa	UNITE	Ascomycota_p	Ascomycota_p	k__Fungi; p__Ascomycota; c__Ascomycota_p; o__Ascomycota_p; f__Ascomycota_p; g__Ascomycota_p; s__Ascomycota_p	fig4_q20_PE_cutadapt_unite	Cutadapt	PE	PE	Cutadapt	Ascomycota_p	Ascomycota_p
70cbce5d61cb2030b63c82c666f54081	UNITE	Ascomycota_p	Ascomycota_p	k__Fungi; p__Ascomycota; c__Ascomycota_p; o__Ascomycota_p; f__Ascomycota_p; g__Ascomycota_p; s__Ascomycota_p	fig4_q20_PE_cutadapt_unite	Cutadapt	PE	PE	Cutadapt	Ascomycota_p	Ascomycota_p
71859ab7f1603ff9b3d59324e492f605	UNITE	Cutaneotrichosporon	Cutaneotrichosporon_debeurmannianum	k__Fungi; p__Basidiomycota; c__Tremellomycetes; o__Trichosporonales; f__Trichosporonaceae; g__Cutaneotrichosporon; s__Cutaneotrichosporon_debeurmannianum	fig4_q20_PE_cutadapt_unite	Cutadapt	PE	PE	Cutadapt	Cutaneotrichosporon	Cutaneotrichosporon_debeurmannianum
6d1824cabce6d9f8ada12085fc62e3b5	UNITE	Trechispora	Unclassified	k__Fungi; p__Basidiomycota; c__Agaricomycetes; o__Trechisporales; f__Hydnodontaceae; g__Trechispora; s__Trechispora_g	fig4_q20_PE_cutadapt_unite	Cutadapt	PE	PE	Cutadapt	Trechispora	Unclassified
a0f3d0f291fd91622c1c6201dbd2ee9b	UNITE	Ascomycota_p	Ascomycota_p	k__Fungi; p__Ascomycota; c__Ascomycota_p; o__Ascomycota_p; f__Ascomycota_p; g__Ascomycota_p; s__Ascomycota_p	fig4_q20_PE_cutadapt_unite	Cutadapt	PE	PE	Cutadapt	Ascomycota_p	Ascomycota_p
505e8cc5528f6813a8ba55549fb87686	UNITE	Ascomycota_p	Ascomycota_p	k__Fungi; p__Ascomycota; c__Ascomycota_p; o__Ascomycota_p; f__Ascomycota_p; g__Ascomycota_p; s__Ascomycota_p	fig4_q20_PE_cutadapt_unite	Cutadapt	PE	PE	Cutadapt	Ascomycota_p	Ascomycota_p
95cba38e7659470f90eca3c6934caa1e	UNITE	Ascomycota_p	Ascomycota_p	k__Fungi; p__Ascomycota; c__Ascomycota_p; o__Ascomycota_p; f__Ascomycota_p; g__Ascomycota_p; s__Ascomycota_p	fig4_q20_PE_cutadapt_unite	Cutadapt	PE	PE	Cutadapt	Ascomycota_p	Ascomycota_p
bfa5eb72b6b527fd3f42d358351f70df	UNITE	Lecanorales_o	Lecanorales_o	k__Fungi; p__Ascomycota; c__Lecanoromycetes; o__Lecanorales; f__Lecanorales_o; g__Lecanorales_o; s__Lecanorales_o	fig4_q20_PE_cutadapt_unite	Cutadapt	PE	PE	Cutadapt	Lecanorales_o	Lecanorales_o
12f2f6a9a7cbb3ff7cd71234932b8205	UNITE	Ascomycota_p	Ascomycota_p	k__Fungi; p__Ascomycota; c__Ascomycota_p; o__Ascomycota_p; f__Ascomycota_p; g__Ascomycota_p; s__Ascomycota_p	fig4_q20_PE_cutadapt_unite	Cutadapt	PE	PE	Cutadapt	Ascomycota_p	Ascomycota_p
c0447e340233bf2670ca6ce846b113ed	UNITE	Cryptococcus	Cryptococcus_neoformans	k__Fungi; p__Basidiomycota; c__Tremellomycetes; o__Tremellales; f__Cryptococcaceae; g__Cryptococcus; s__Cryptococcus_neoformans	fig4_q20_PE_cutadapt_unite	Cutadapt	PE	PE	Cutadapt	Cryptococcus	Cryptococcus_neoformans
735b4ee401f3ba5f9cba26f586875eb9	UNITE	Fungi_k	Fungi_k	k__Fungi; p__Fungi_k; c__Fungi_k; o__Fungi_k; f__Fungi_k; g__Fungi_k; s__Fungi_k	fig4_q20_PE_cutadapt_unite	Cutadapt	PE	PE	Cutadapt	Fungi_k	Fungi_k
ab31fbe2d352b712591004902b64d498	UNITE	Ascomycota_p	Ascomycota_p	k__Fungi; p__Ascomycota; c__Ascomycota_p; o__Ascomycota_p; f__Ascomycota_p; g__Ascomycota_p; s__Ascomycota_p	fig4_q20_PE_cutadapt_unite	Cutadapt	PE	PE	Cutadapt	Ascomycota_p	Ascomycota_p
71945500e145bbbd3a73efe58b4df3e6	UNITE	Ascomycota_p	Ascomycota_p	k__Fungi; p__Ascomycota; c__Ascomycota_p; o__Ascomycota_p; f__Ascomycota_p; g__Ascomycota_p; s__Ascomycota_p	fig4_q20_PE_cutadapt_unite	Cutadapt	PE	PE	Cutadapt	Ascomycota_p	Ascomycota_p
0a830187c3805daf0287eb3179767638	UNITE	Ascomycota_p	Ascomycota_p	k__Fungi; p__Ascomycota; c__Ascomycota_p; o__Ascomycota_p; f__Ascomycota_p; g__Ascomycota_p; s__Ascomycota_p	fig4_q20_PE_cutadapt_unite	Cutadapt	PE	PE	Cutadapt	Ascomycota_p	Ascomycota_p
03adce78e88ff12a6e2bd982b4276941	UNITE	Ascomycota_p	Ascomycota_p	k__Fungi; p__Ascomycota; c__Ascomycota_p; o__Ascomycota_p; f__Ascomycota_p; g__Ascomycota_p; s__Ascomycota_p	fig4_q20_PE_cutadapt_unite	Cutadapt	PE	PE	Cutadapt	Ascomycota_p	Ascomycota_p
205ab5dacfd29a76e5283f8a2f1b2919	UNITE	Ascomycota_p	Ascomycota_p	k__Fungi; p__Ascomycota; c__Ascomycota_p; o__Ascomycota_p; f__Ascomycota_p; g__Ascomycota_p; s__Ascomycota_p	fig4_q20_PE_cutadapt_unite	Cutadapt	PE	PE	Cutadapt	Ascomycota_p	Ascomycota_p
2c484be9b08b9337d6451a774a820cc7	UNITE	Ascomycota_p	Ascomycota_p	k__Fungi; p__Ascomycota; c__Ascomycota_p; o__Ascomycota_p; f__Ascomycota_p; g__Ascomycota_p; s__Ascomycota_p	fig4_q20_PE_cutadapt_unite	Cutadapt	PE	PE	Cutadapt	Ascomycota_p	Ascomycota_p
02c332c3221a7fc18460f12ac0111d82	UNITE	Ascomycota_p	Ascomycota_p	k__Fungi; p__Ascomycota; c__Ascomycota_p; o__Ascomycota_p; f__Ascomycota_p; g__Ascomycota_p; s__Ascomycota_p	fig4_q20_PE_cutadapt_unite	Cutadapt	PE	PE	Cutadapt	Ascomycota_p	Ascomycota_p
727da6234c9362043da2e1abc6d319f7	UNITE	Ascomycota_p	Ascomycota_p	k__Fungi; p__Ascomycota; c__Ascomycota_p; o__Ascomycota_p; f__Ascomycota_p; g__Ascomycota_p; s__Ascomycota_p	fig4_q20_PE_cutadapt_unite	Cutadapt	PE	PE	Cutadapt	Ascomycota_p	Ascomycota_p
b4669d24d11cdccd9bd463a852d555bc	UNITE	Ascomycota_p	Ascomycota_p	k__Fungi; p__Ascomycota; c__Ascomycota_p; o__Ascomycota_p; f__Ascomycota_p; g__Ascomycota_p; s__Ascomycota_p	fig4_q20_PE_cutadapt_unite	Cutadapt	PE	PE	Cutadapt	Ascomycota_p	Ascomycota_p
1154f8dee7969c131cbd0a8fcadd4c40	UNITE	Ascomycota_p	Ascomycota_p	k__Fungi; p__Ascomycota; c__Ascomycota_p; o__Ascomycota_p; f__Ascomycota_p; g__Ascomycota_p; s__Ascomycota_p	fig4_q20_PE_cutadapt_unite	Cutadapt	PE	PE	Cutadapt	Ascomycota_p	Ascomycota_p
ddc938d077e73fa80d60433ea0f065b1	UNITE	Aspergillus	Aspergillus_fumigatus	k__Fungi; p__Ascomycota; c__Eurotiomycetes; o__Eurotiales; f__Aspergillaceae; g__Aspergillus; s__Aspergillus_fumigatus	fig4_q20_PE_cutadapt_unite	Cutadapt	PE	PE	Cutadapt	Aspergillus	Aspergillus_fumigatus
af9cef9bdf2ea4966fe74e7f66f4166d	UNITE	Ascomycota_p	Ascomycota_p	k__Fungi; p__Ascomycota; c__Ascomycota_p; o__Ascomycota_p; f__Ascomycota_p; g__Ascomycota_p; s__Ascomycota_p	fig4_q20_PE_cutadapt_unite	Cutadapt	PE	PE	Cutadapt	Ascomycota_p	Ascomycota_p
d934a39e0d71a2b5050db4496921bb9c	UNITE	Fungi_k	Fungi_k	k__Fungi; p__Fungi_k; c__Fungi_k; o__Fungi_k; f__Fungi_k; g__Fungi_k; s__Fungi_k	fig4_q20_PE_cutadapt_unite	Cutadapt	PE	PE	Cutadapt	Fungi_k	Fungi_k
2fbdf5a89725b2d9f30df08f41b4ad46	UNITE	Fungi_k	Fungi_k	k__Fungi; p__Fungi_k; c__Fungi_k; o__Fungi_k; f__Fungi_k; g__Fungi_k; s__Fungi_k	fig4_q20_PE_cutadapt_unite	Cutadapt	PE	PE	Cutadapt	Fungi_k	Fungi_k
8a04f1876109a8ff5839566f4fd606d6	UNITE	Fungi_k	Fungi_k	k__Fungi; p__Fungi_k; c__Fungi_k; o__Fungi_k; f__Fungi_k; g__Fungi_k; s__Fungi_k	fig4_q20_PE_cutadapt_unite	Cutadapt	PE	PE	Cutadapt	Fungi_k	Fungi_k
dce6cdf241c1820d8fd691f257ee721f	UNITE	Nigrospora	Unclassified	k__Fungi; p__Ascomycota; c__Sordariomycetes; o__Amphisphaeriales; f__Apiosporaceae; g__Nigrospora; s__Nigrospora_g	fig4_q20_PE_cutadapt_unite	Cutadapt	PE	PE	Cutadapt	Nigrospora	Unclassified
32743da7dde0b6ffb4f006884c7a7b8d	UNITE	Lecanoromycetes_c	Lecanoromycetes_c	k__Fungi; p__Ascomycota; c__Lecanoromycetes; o__Lecanoromycetes_c; f__Lecanoromycetes_c; g__Lecanoromycetes_c; s__Lecanoromycetes_c	fig4_q20_PE_cutadapt_unite	Cutadapt	PE	PE	Cutadapt	Lecanoromycetes_c	Lecanoromycetes_c
f3a42145228ac47bb4d37a0cdda6b1ee	UNITE	Fungi_k	Fungi_k	k__Fungi; p__Fungi_k; c__Fungi_k; o__Fungi_k; f__Fungi_k; g__Fungi_k; s__Fungi_k	fig4_q20_PE_cutadapt_unite	Cutadapt	PE	PE	Cutadapt	Fungi_k	Fungi_k
808efb1db93ed5c7b0852325f2fc07b1	UNITE	Komagataella	Komagataella_phaffii	k__Fungi; p__Ascomycota; c__Saccharomycetes; o__Saccharomycetales; f__Pichiaceae; g__Komagataella; s__Komagataella_phaffii	fig4_q20_PE_cutadapt_unite	Cutadapt	PE	PE	Cutadapt	Komagataella	Komagataella_phaffii
ec8817a9df86a0eeb249c443053142e7	UNITE	Irpex	Irpex_hydnoides	k__Fungi; p__Basidiomycota; c__Agaricomycetes; o__Polyporales; f__Irpicaceae; g__Irpex; s__Irpex_hydnoides	fig4_q20_PE_cutadapt_unite	Cutadapt	PE	PE	Cutadapt	Irpex	Irpex_hydnoides
4cec1c35ec0504a1e410d8aed292dd5e	UNITE	Fungi_k	Fungi_k	k__Fungi; p__Fungi_k; c__Fungi_k; o__Fungi_k; f__Fungi_k; g__Fungi_k; s__Fungi_k	fig4_q20_PE_cutadapt_unite	Cutadapt	PE	PE	Cutadapt	Fungi_k	Fungi_k
f6a521a0d8aa769735adaf5767c25c2a	UNITE	Cutaneotrichosporon	Cutaneotrichosporon_mucoides	k__Fungi; p__Basidiomycota; c__Tremellomycetes; o__Trichosporonales; f__Trichosporonaceae; g__Cutaneotrichosporon; s__Cutaneotrichosporon_mucoides	fig4_q20_PE_cutadapt_unite	Cutadapt	PE	PE	Cutadapt	Cutaneotrichosporon	Cutaneotrichosporon_mucoides
87d1bd5b2855b9f226ac0eb2cb071be7	UNITE	Ascomycota_p	Ascomycota_p	k__Fungi; p__Ascomycota; c__Ascomycota_p; o__Ascomycota_p; f__Ascomycota_p; g__Ascomycota_p; s__Ascomycota_p	fig4_q20_PE_cutadapt_unite	Cutadapt	PE	PE	Cutadapt	Ascomycota_p	Ascomycota_p
d6c8b47cc1bb5f8553022804cd24cea0	UNITE	Debaryomyces	Debaryomyces_delbrueckii	k__Fungi; p__Ascomycota; c__Saccharomycetes; o__Saccharomycetales; f__Debaryomycetaceae; g__Debaryomyces; s__Debaryomyces_delbrueckii	fig4_q20_PE_cutadapt_unite	Cutadapt	PE	PE	Cutadapt	Debaryomyces	Debaryomyces_delbrueckii
1b69e545bedbbe7f5b89775d7ef84275	UNITE	Fungi_k	Fungi_k	k__Fungi; p__Fungi_k; c__Fungi_k; o__Fungi_k; f__Fungi_k; g__Fungi_k; s__Fungi_k	fig4_q20_PE_cutadapt_unite	Cutadapt	PE	PE	Cutadapt	Fungi_k	Fungi_k
a2b8668ae960ed60cbfefdcafa35d5ef	UNITE	Pichia	Pichia_kudriavzevii	k__Fungi; p__Ascomycota; c__Saccharomycetes; o__Saccharomycetales; f__Pichiaceae; g__Pichia; s__Pichia_kudriavzevii	fig4_q20_PE_cutadapt_unite	Cutadapt	PE	PE	Cutadapt	Pichia	Pichia_kudriavzevii
9b465a6e0841bfbf5ea5022c737fb636	UNITE	Ascomycota_p	Ascomycota_p	k__Fungi; p__Ascomycota; c__Ascomycota_p; o__Ascomycota_p; f__Ascomycota_p; g__Ascomycota_p; s__Ascomycota_p	fig4_q20_PE_cutadapt_unite	Cutadapt	PE	PE	Cutadapt	Ascomycota_p	Ascomycota_p
68cf4b4b59982cc3e29ba6ce3db880c2	UNITE	Ascomycota_p	Ascomycota_p	k__Fungi; p__Ascomycota; c__Ascomycota_p; o__Ascomycota_p; f__Ascomycota_p; g__Ascomycota_p; s__Ascomycota_p	fig4_q20_PE_cutadapt_unite	Cutadapt	PE	PE	Cutadapt	Ascomycota_p	Ascomycota_p
1456ffbc28c1989ce1c63e81bb9f63af	UNITE	Mycosphaerella	Unclassified	k__Fungi; p__Ascomycota; c__Dothideomycetes; o__Mycosphaerellales; f__Mycosphaerellaceae; g__Mycosphaerella; s__Mycosphaerella_g	fig4_q20_PE_cutadapt_unite	Cutadapt	PE	PE	Cutadapt	Mycosphaerella	Unclassified
b82f9d330ad2b2c5e255d8af52e82b94	UNITE	Fungi_k	Fungi_k	k__Fungi; p__Fungi_k; c__Fungi_k; o__Fungi_k; f__Fungi_k; g__Fungi_k; s__Fungi_k	fig4_q20_PE_cutadapt_unite	Cutadapt	PE	PE	Cutadapt	Fungi_k	Fungi_k
e6fd0ca5e1ff2bc07426d361bf4a7867	UNITE	Fungi_k	Fungi_k	k__Fungi; p__Fungi_k; c__Fungi_k; o__Fungi_k; f__Fungi_k; g__Fungi_k; s__Fungi_k	fig4_q20_PE_cutadapt_unite	Cutadapt	PE	PE	Cutadapt	Fungi_k	Fungi_k
dca378344034475d8837d2a486ffe7cb	UNITE	Ascomycota_p	Ascomycota_p	k__Fungi; p__Ascomycota; c__Ascomycota_p; o__Ascomycota_p; f__Ascomycota_p; g__Ascomycota_p; s__Ascomycota_p	fig4_q20_PE_cutadapt_unite	Cutadapt	PE	PE	Cutadapt	Ascomycota_p	Ascomycota_p
55f94a753a4f27fc03739231cebbf40d	UNITE	Ascomycota_p	Ascomycota_p	k__Fungi; p__Ascomycota; c__Ascomycota_p; o__Ascomycota_p; f__Ascomycota_p; g__Ascomycota_p; s__Ascomycota_p	fig4_q20_PE_cutadapt_unite	Cutadapt	PE	PE	Cutadapt	Ascomycota_p	Ascomycota_p
c41d0d22037e23e4eb1db6f53cd44bea	UNITE	Cryptococcus	Cryptococcus_neoformans	k__Fungi; p__Basidiomycota; c__Tremellomycetes; o__Tremellales; f__Cryptococcaceae; g__Cryptococcus; s__Cryptococcus_neoformans	fig4_q20_PE_cutadapt_unite	Cutadapt	PE	PE	Cutadapt	Cryptococcus	Cryptococcus_neoformans
d95e3787c47d17378fa4ae962ec047c9	UNITE	Candida	Candida_albicans	k__Fungi; p__Ascomycota; c__Saccharomycetes; o__Saccharomycetales; f__Saccharomycetales_fam_Incertae_sedis; g__Candida; s__Candida_albicans	fig4_q20_PE_cutadapt_unite	Cutadapt	PE	PE	Cutadapt	Candida	Candida_albicans
080d5100561ec2c06ed6b12f04e6765e	UNITE	Fungi_k	Fungi_k	k__Fungi; p__Fungi_k; c__Fungi_k; o__Fungi_k; f__Fungi_k; g__Fungi_k; s__Fungi_k	fig4_q20_PE_cutadapt_unite	Cutadapt	PE	PE	Cutadapt	Fungi_k	Fungi_k
a2855c3e3e9ee30212331bfb461fa15d	UNITE	Ascomycota_p	Ascomycota_p	k__Fungi; p__Ascomycota; c__Ascomycota_p; o__Ascomycota_p; f__Ascomycota_p; g__Ascomycota_p; s__Ascomycota_p	fig4_q20_PE_cutadapt_unite	Cutadapt	PE	PE	Cutadapt	Ascomycota_p	Ascomycota_p
b191d950a9a65d52c43bd7aaa1c286ee	UNITE	Ascomycota_p	Ascomycota_p	k__Fungi; p__Ascomycota; c__Ascomycota_p; o__Ascomycota_p; f__Ascomycota_p; g__Ascomycota_p; s__Ascomycota_p	fig4_q20_PE_cutadapt_unite	Cutadapt	PE	PE	Cutadapt	Ascomycota_p	Ascomycota_p
cc08f8f31d340f9fcaa25592bf1a9325	UNITE	Malassezia	Unclassified	k__Fungi; p__Basidiomycota; c__Malasseziomycetes; o__Malasseziales; f__Malasseziaceae; g__Malassezia; s__Malassezia_g	fig4_q20_PE_cutadapt_unite	Cutadapt	PE	PE	Cutadapt	Malassezia	Unclassified
73893c73559817285246302cf5b1f21a	UNITE	Penicillium	Unclassified	k__Fungi; p__Ascomycota; c__Eurotiomycetes; o__Eurotiales; f__Aspergillaceae; g__Penicillium; s__Penicillium_g	fig4_q20_PE_cutadapt_unite	Cutadapt	PE	PE	Cutadapt	Penicillium	Unclassified
c243cd7ae36977e7b4c08f2dcbe765de	UNITE	Fungi_k	Fungi_k	k__Fungi; p__Fungi_k; c__Fungi_k; o__Fungi_k; f__Fungi_k; g__Fungi_k; s__Fungi_k	fig4_q20_PE_cutadapt_unite	Cutadapt	PE	PE	Cutadapt	Fungi_k	Fungi_k
cb10a86d6b17ba0f9f4c0db650f1d52c	UNITE	Didymellaceae_f	Didymellaceae_f	k__Fungi; p__Ascomycota; c__Dothideomycetes; o__Pleosporales; f__Didymellaceae; g__Didymellaceae_f; s__Didymellaceae_f	fig4_q20_PE_cutadapt_unite	Cutadapt	PE	PE	Cutadapt	Didymellaceae_f	Didymellaceae_f
bb9df888d0edd2d01f6b8ac2ba9dde38	UNITE	Fungi_k	Fungi_k	k__Fungi; p__Fungi_k; c__Fungi_k; o__Fungi_k; f__Fungi_k; g__Fungi_k; s__Fungi_k	fig4_q20_PE_cutadapt_unite	Cutadapt	PE	PE	Cutadapt	Fungi_k	Fungi_k
4539f96340bbdd30f7074996b09675d4	UNITE	Lecanoromycetes_c	Lecanoromycetes_c	k__Fungi; p__Ascomycota; c__Lecanoromycetes; o__Lecanoromycetes_c; f__Lecanoromycetes_c; g__Lecanoromycetes_c; s__Lecanoromycetes_c	fig4_q20_PE_cutadapt_unite	Cutadapt	PE	PE	Cutadapt	Lecanoromycetes_c	Lecanoromycetes_c
42bb6f630f2bd79922ca08b338b1340b	UNITE	Fungi_k	Fungi_k	k__Fungi; p__Fungi_k; c__Fungi_k; o__Fungi_k; f__Fungi_k; g__Fungi_k; s__Fungi_k	fig4_q20_PE_cutadapt_unite	Cutadapt	PE	PE	Cutadapt	Fungi_k	Fungi_k
86c1a1016f87627c316841d03b0347aa	UNITE	Saccharomyces	Unclassified	k__Fungi; p__Ascomycota; c__Saccharomycetes; o__Saccharomycetales; f__Saccharomycetaceae; g__Saccharomyces; s__Saccharomyces_g	fig4_q20_PE_cutadapt_unite	Cutadapt	PE	PE	Cutadapt	Saccharomyces	Unclassified
0da6aca562aa296a74110c76cfb20e95	UNITE	Gnomoniaceae_f	Gnomoniaceae_f	k__Fungi; p__Ascomycota; c__Sordariomycetes; o__Diaporthales; f__Gnomoniaceae; g__Gnomoniaceae_f; s__Gnomoniaceae_f	fig4_q20_PE_cutadapt_unite	Cutadapt	PE	PE	Cutadapt	Gnomoniaceae_f	Gnomoniaceae_f
6a85b597c165c35ce6800d5abf5bbf07	UNITE	Ascomycota_p	Ascomycota_p	k__Fungi; p__Ascomycota; c__Ascomycota_p; o__Ascomycota_p; f__Ascomycota_p; g__Ascomycota_p; s__Ascomycota_p	fig4_q20_PE_cutadapt_unite	Cutadapt	PE	PE	Cutadapt	Ascomycota_p	Ascomycota_p
eb280d3c9f9b72b9a987c894583394c9	UNITE	Ascomycota_p	Ascomycota_p	k__Fungi; p__Ascomycota; c__Ascomycota_p; o__Ascomycota_p; f__Ascomycota_p; g__Ascomycota_p; s__Ascomycota_p	fig4_q20_PE_cutadapt_unite	Cutadapt	PE	PE	Cutadapt	Ascomycota_p	Ascomycota_p
6b4f5c8380f7afe17131a564daab247a	UNITE	Cutaneotrichosporon	Cutaneotrichosporon_mucoides	k__Fungi; p__Basidiomycota; c__Tremellomycetes; o__Trichosporonales; f__Trichosporonaceae; g__Cutaneotrichosporon; s__Cutaneotrichosporon_mucoides	fig4_q20_PE_cutadapt_unite	Cutadapt	PE	PE	Cutadapt	Cutaneotrichosporon	Cutaneotrichosporon_mucoides
b08781976f9e9fcd6907ea42bfc40ce7	UNITE	Ascomycota_p	Ascomycota_p	k__Fungi; p__Ascomycota; c__Ascomycota_p; o__Ascomycota_p; f__Ascomycota_p; g__Ascomycota_p; s__Ascomycota_p	fig4_q20_PE_cutadapt_unite	Cutadapt	PE	PE	Cutadapt	Ascomycota_p	Ascomycota_p
abd60db5ca7dd95c7782bf8e826ce4bd	UNITE	Fungi_k	Fungi_k	k__Fungi; p__Fungi_k; c__Fungi_k; o__Fungi_k; f__Fungi_k; g__Fungi_k; s__Fungi_k	fig4_q20_PE_cutadapt_unite	Cutadapt	PE	PE	Cutadapt	Fungi_k	Fungi_k
d7829289d2c65ee05c8bc548262f7462	UNITE	Fungi_k	Fungi_k	k__Fungi; p__Fungi_k; c__Fungi_k; o__Fungi_k; f__Fungi_k; g__Fungi_k; s__Fungi_k	fig4_q20_PE_cutadapt_unite	Cutadapt	PE	PE	Cutadapt	Fungi_k	Fungi_k
cf67de0c1660116cbb49fdfe08f43ec7	UNITE	Candida	Candida_albicans	k__Fungi; p__Ascomycota; c__Saccharomycetes; o__Saccharomycetales; f__Saccharomycetales_fam_Incertae_sedis; g__Candida; s__Candida_albicans	fig4_q20_PE_cutadapt_unite	Cutadapt	PE	PE	Cutadapt	Candida	Candida_albicans
26f118e2e4997cc33c7b3c65fb658710	UNITE	Aspergillus	Aspergillus_fumigatus	k__Fungi; p__Ascomycota; c__Eurotiomycetes; o__Eurotiales; f__Aspergillaceae; g__Aspergillus; s__Aspergillus_fumigatus	fig4_q20_PE_cutadapt_unite	Cutadapt	PE	PE	Cutadapt	Aspergillus	Aspergillus_fumigatus
eed5e4d3a31942e1584d9ceffa60b00f	UNITE	Fungi_k	Fungi_k	k__Fungi; p__Fungi_k; c__Fungi_k; o__Fungi_k; f__Fungi_k; g__Fungi_k; s__Fungi_k	fig4_q20_PE_cutadapt_unite	Cutadapt	PE	PE	Cutadapt	Fungi_k	Fungi_k
e4b62c759765e5ea476798ea00b7145c	UNITE	Ascomycota_p	Ascomycota_p	k__Fungi; p__Ascomycota; c__Ascomycota_p; o__Ascomycota_p; f__Ascomycota_p; g__Ascomycota_p; s__Ascomycota_p	fig4_q20_PE_cutadapt_unite	Cutadapt	PE	PE	Cutadapt	Ascomycota_p	Ascomycota_p
6b8aaf1114108305afca11f0d57feed2	UNITE	Fungi_k	Fungi_k	k__Fungi; p__Fungi_k; c__Fungi_k; o__Fungi_k; f__Fungi_k; g__Fungi_k; s__Fungi_k	fig4_q20_PE_cutadapt_unite	Cutadapt	PE	PE	Cutadapt	Fungi_k	Fungi_k
e49a1c33bff01b0baad3885264c9e2dc	UNITE	Cryptococcus	Cryptococcus_neoformans	k__Fungi; p__Basidiomycota; c__Tremellomycetes; o__Tremellales; f__Cryptococcaceae; g__Cryptococcus; s__Cryptococcus_neoformans	fig4_q20_PE_cutadapt_unite	Cutadapt	PE	PE	Cutadapt	Cryptococcus	Cryptococcus_neoformans
cab80b01344b2892d9a7eb759f13c776	UNITE	Ascomycota_p	Ascomycota_p	k__Fungi; p__Ascomycota; c__Ascomycota_p; o__Ascomycota_p; f__Ascomycota_p; g__Ascomycota_p; s__Ascomycota_p	fig4_q20_PE_cutadapt_unite	Cutadapt	PE	PE	Cutadapt	Ascomycota_p	Ascomycota_p
30b16329ff6c395c2a4cfc8e6fcb799a	UNITE	Ascomycota_p	Ascomycota_p	k__Fungi; p__Ascomycota; c__Ascomycota_p; o__Ascomycota_p; f__Ascomycota_p; g__Ascomycota_p; s__Ascomycota_p	fig4_q20_PE_cutadapt_unite	Cutadapt	PE	PE	Cutadapt	Ascomycota_p	Ascomycota_p
91a2226a1404a1ddb6b84c2cb3e22ef9	UNITE	Ascomycota_p	Ascomycota_p	k__Fungi; p__Ascomycota; c__Ascomycota_p; o__Ascomycota_p; f__Ascomycota_p; g__Ascomycota_p; s__Ascomycota_p	fig4_q20_PE_cutadapt_unite	Cutadapt	PE	PE	Cutadapt	Ascomycota_p	Ascomycota_p
7bcc41bca6086b958c287e878aba801a	UNITE	Ascomycota_p	Ascomycota_p	k__Fungi; p__Ascomycota; c__Ascomycota_p; o__Ascomycota_p; f__Ascomycota_p; g__Ascomycota_p; s__Ascomycota_p	fig4_q20_PE_cutadapt_unite	Cutadapt	PE	PE	Cutadapt	Ascomycota_p	Ascomycota_p
ff34f3db7fbb3ad8306614c173ba2319	UNITE	Fungi_k	Fungi_k	k__Fungi; p__Fungi_k; c__Fungi_k; o__Fungi_k; f__Fungi_k; g__Fungi_k; s__Fungi_k	fig4_q20_PE_cutadapt_unite	Cutadapt	PE	PE	Cutadapt	Fungi_k	Fungi_k
d113cb0c70777652f1c5e5babc1945f8	UNITE	Pleosporales_o	Pleosporales_o	k__Fungi; p__Ascomycota; c__Dothideomycetes; o__Pleosporales; f__Pleosporales_o; g__Pleosporales_o; s__Pleosporales_o	fig4_q20_PE_cutadapt_unite	Cutadapt	PE	PE	Cutadapt	Pleosporales_o	Pleosporales_o
0e6108700c9a01c0be9929564a203813	UNITE	Leucosporidium	Leucosporidium_intermedium	k__Fungi; p__Basidiomycota; c__Microbotryomycetes; o__Leucosporidiales; f__Leucosporidiaceae; g__Leucosporidium; s__Leucosporidium_intermedium	fig4_q20_PE_cutadapt_unite	Cutadapt	PE	PE	Cutadapt	Leucosporidium	Leucosporidium_intermedium
533388903b34a5fd264b5621ff9da2dd	UNITE	Ascomycota_p	Ascomycota_p	k__Fungi; p__Ascomycota; c__Ascomycota_p; o__Ascomycota_p; f__Ascomycota_p; g__Ascomycota_p; s__Ascomycota_p	fig4_q20_PE_cutadapt_unite	Cutadapt	PE	PE	Cutadapt	Ascomycota_p	Ascomycota_p
1797597fabec15ebe972f68a03ce19cd	UNITE	Ascomycota_p	Ascomycota_p	k__Fungi; p__Ascomycota; c__Ascomycota_p; o__Ascomycota_p; f__Ascomycota_p; g__Ascomycota_p; s__Ascomycota_p	fig4_q20_PE_cutadapt_unite	Cutadapt	PE	PE	Cutadapt	Ascomycota_p	Ascomycota_p
1cfb9be7ca486afcfae835ecb3dfd32c	UNITE	Lecanorales_o	Lecanorales_o	k__Fungi; p__Ascomycota; c__Lecanoromycetes; o__Lecanorales; f__Lecanorales_o; g__Lecanorales_o; s__Lecanorales_o	fig4_q20_PE_cutadapt_unite	Cutadapt	PE	PE	Cutadapt	Lecanorales_o	Lecanorales_o
3c179d3523313fe7a2e2ea3ef9be1cab	UNITE	Fungi_k	Fungi_k	k__Fungi; p__Fungi_k; c__Fungi_k; o__Fungi_k; f__Fungi_k; g__Fungi_k; s__Fungi_k	fig4_q20_PE_cutadapt_unite	Cutadapt	PE	PE	Cutadapt	Fungi_k	Fungi_k
01517fb3b2efbc8638ba652cff74ea45	UNITE	Ascomycota_p	Ascomycota_p	k__Fungi; p__Ascomycota; c__Ascomycota_p; o__Ascomycota_p; f__Ascomycota_p; g__Ascomycota_p; s__Ascomycota_p	fig4_q20_PE_cutadapt_unite	Cutadapt	PE	PE	Cutadapt	Ascomycota_p	Ascomycota_p
62b08cca041da3e87b78b282c6b70ffa	UNITE	Fungi_k	Fungi_k	k__Fungi; p__Fungi_k; c__Fungi_k; o__Fungi_k; f__Fungi_k; g__Fungi_k; s__Fungi_k	fig4_q20_PE_cutadapt_unite	Cutadapt	PE	PE	Cutadapt	Fungi_k	Fungi_k
784787765efbbce1fdb6980c8b2d0d82	UNITE	Fungi_k	Fungi_k	k__Fungi; p__Fungi_k; c__Fungi_k; o__Fungi_k; f__Fungi_k; g__Fungi_k; s__Fungi_k	fig4_q20_PE_cutadapt_unite	Cutadapt	PE	PE	Cutadapt	Fungi_k	Fungi_k
dba663d8ae96cc529852817b3b3f367b	UNITE	Candida	Candida_albicans	k__Fungi; p__Ascomycota; c__Saccharomycetes; o__Saccharomycetales; f__Saccharomycetales_fam_Incertae_sedis; g__Candida; s__Candida_albicans	fig4_q20_PE_cutadapt_unite	Cutadapt	PE	PE	Cutadapt	Candida	Candida_albicans
b6049637e9edcb5f2f9707570c5fea70	UNITE	Aspergillaceae_f	Aspergillaceae_f	k__Fungi; p__Ascomycota; c__Eurotiomycetes; o__Eurotiales; f__Aspergillaceae; g__Aspergillaceae_f; s__Aspergillaceae_f	fig4_q20_PE_cutadapt_unite	Cutadapt	PE	PE	Cutadapt	Aspergillaceae_f	Aspergillaceae_f
0579fae15ec314635f7bfd4b794ca07d	UNITE	Ascomycota_p	Ascomycota_p	k__Fungi; p__Ascomycota; c__Ascomycota_p; o__Ascomycota_p; f__Ascomycota_p; g__Ascomycota_p; s__Ascomycota_p	fig4_q20_PE_cutadapt_unite	Cutadapt	PE	PE	Cutadapt	Ascomycota_p	Ascomycota_p
5be97541225209939e73ba16d328750a	UNITE	Neopyrenochaeta	Unclassified	k__Fungi; p__Ascomycota; c__Dothideomycetes; o__Pleosporales; f__Neopyrenochaetaceae; g__Neopyrenochaeta; s__Neopyrenochaeta_g	fig4_q20_PE_cutadapt_unite	Cutadapt	PE	PE	Cutadapt	Neopyrenochaeta	Unclassified
09d930f2ed87b3557b31fac73c4ec6ac	UNITE	Ascomycota_p	Ascomycota_p	k__Fungi; p__Ascomycota; c__Ascomycota_p; o__Ascomycota_p; f__Ascomycota_p; g__Ascomycota_p; s__Ascomycota_p	fig4_q20_PE_cutadapt_unite	Cutadapt	PE	PE	Cutadapt	Ascomycota_p	Ascomycota_p
b12ed4056a059a247c6bfdadddd6fad2	UNITE	Fungi_k	Fungi_k	k__Fungi; p__Fungi_k; c__Fungi_k; o__Fungi_k; f__Fungi_k; g__Fungi_k; s__Fungi_k	fig4_q20_PE_cutadapt_unite	Cutadapt	PE	PE	Cutadapt	Fungi_k	Fungi_k
414db13a7edea047edada196ef86d1db	UNITE	Ascomycota_p	Ascomycota_p	k__Fungi; p__Ascomycota; c__Ascomycota_p; o__Ascomycota_p; f__Ascomycota_p; g__Ascomycota_p; s__Ascomycota_p	fig4_q20_PE_cutadapt_unite	Cutadapt	PE	PE	Cutadapt	Ascomycota_p	Ascomycota_p
8c6d557c22bea487a508348e20b2f66c	UNITE	Fusarium	Fusarium_oxysporum	k__Fungi; p__Ascomycota; c__Sordariomycetes; o__Hypocreales; f__Nectriaceae; g__Fusarium; s__Fusarium_oxysporum	fig4_q20_PE_cutadapt_unite	Cutadapt	PE	PE	Cutadapt	Fusarium	Fusarium_oxysporum
a82e28cc9eb92a8a6dffdbde3bafcdd1	UNITE	Trechispora	Unclassified	k__Fungi; p__Basidiomycota; c__Agaricomycetes; o__Trechisporales; f__Hydnodontaceae; g__Trechispora; s__Trechispora_g	fig4_q20_PE_cutadapt_unite	Cutadapt	PE	PE	Cutadapt	Trechispora	Unclassified
3c3ad52280ae901c819f286ea37e0bb3	UNITE	Fungi_k	Fungi_k	k__Fungi; p__Fungi_k; c__Fungi_k; o__Fungi_k; f__Fungi_k; g__Fungi_k; s__Fungi_k	fig4_q20_PE_cutadapt_unite	Cutadapt	PE	PE	Cutadapt	Fungi_k	Fungi_k
febd6c7801730f9080e2d5b1a8883186	UNITE	Fungi_k	Fungi_k	k__Fungi; p__Fungi_k; c__Fungi_k; o__Fungi_k; f__Fungi_k; g__Fungi_k; s__Fungi_k	fig4_q20_PE_cutadapt_unite	Cutadapt	PE	PE	Cutadapt	Fungi_k	Fungi_k
870b996b7364a3020227bc4b918ba54f	UNITE	Fungi_k	Fungi_k	k__Fungi; p__Fungi_k; c__Fungi_k; o__Fungi_k; f__Fungi_k; g__Fungi_k; s__Fungi_k	fig4_q20_PE_cutadapt_unite	Cutadapt	PE	PE	Cutadapt	Fungi_k	Fungi_k
43da86f7221f3f1ae0c3c676f634c5b4	UNITE	Biscogniauxia	Biscogniauxia_atropunctata	k__Fungi; p__Ascomycota; c__Sordariomycetes; o__Xylariales; f__Graphostromataceae; g__Biscogniauxia; s__Biscogniauxia_atropunctata	fig4_q20_PE_cutadapt_unite	Cutadapt	PE	PE	Cutadapt	Biscogniauxia	Biscogniauxia_atropunctata
b71b6e97d898c9794bb80b4a58679c81	UNITE	Fungi_k	Fungi_k	k__Fungi; p__Fungi_k; c__Fungi_k; o__Fungi_k; f__Fungi_k; g__Fungi_k; s__Fungi_k	fig4_q20_PE_cutadapt_unite	Cutadapt	PE	PE	Cutadapt	Fungi_k	Fungi_k
8ca94a5429d980fe4a4af8c8abeea96f	UNITE	Cutaneotrichosporon	Cutaneotrichosporon_debeurmannianum	k__Fungi; p__Basidiomycota; c__Tremellomycetes; o__Trichosporonales; f__Trichosporonaceae; g__Cutaneotrichosporon; s__Cutaneotrichosporon_debeurmannianum	fig4_q20_PE_cutadapt_unite	Cutadapt	PE	PE	Cutadapt	Cutaneotrichosporon	Cutaneotrichosporon_debeurmannianum
db27875bac77493d68e0574f50fec6b8	UNITE	Fungi_k	Fungi_k	k__Fungi; p__Fungi_k; c__Fungi_k; o__Fungi_k; f__Fungi_k; g__Fungi_k; s__Fungi_k	fig4_q20_PE_cutadapt_unite	Cutadapt	PE	PE	Cutadapt	Fungi_k	Fungi_k
6a5dc5c1af3f771d468b04f61b6916d3	UNITE	Aspergillus	Aspergillus_fumigatus	k__Fungi; p__Ascomycota; c__Eurotiomycetes; o__Eurotiales; f__Aspergillaceae; g__Aspergillus; s__Aspergillus_fumigatus	fig4_q20_PE_cutadapt_unite	Cutadapt	PE	PE	Cutadapt	Aspergillus	Aspergillus_fumigatus
eca677b652afb80f02a64e9a83fef553	UNITE	Fungi_k	Fungi_k	k__Fungi; p__Fungi_k; c__Fungi_k; o__Fungi_k; f__Fungi_k; g__Fungi_k; s__Fungi_k	fig4_q20_PE_cutadapt_unite	Cutadapt	PE	PE	Cutadapt	Fungi_k	Fungi_k
db0ef5bf5a0990e3c19bc43772baf5c8	UNITE	Fungi_k	Fungi_k	k__Fungi; p__Fungi_k; c__Fungi_k; o__Fungi_k; f__Fungi_k; g__Fungi_k; s__Fungi_k	fig4_q20_PE_cutadapt_unite	Cutadapt	PE	PE	Cutadapt	Fungi_k	Fungi_k
c62cc042cc6a67f6ea1ed71ffd87d7c0	UNITE	Aspergillus	Aspergillus_fumigatus	k__Fungi; p__Ascomycota; c__Eurotiomycetes; o__Eurotiales; f__Aspergillaceae; g__Aspergillus; s__Aspergillus_fumigatus	fig4_q20_PE_cutadapt_unite	Cutadapt	PE	PE	Cutadapt	Aspergillus	Aspergillus_fumigatus
3d20affbd4fdca37e202d916e1b449e9	UNITE	Fungi_k	Fungi_k	k__Fungi; p__Fungi_k; c__Fungi_k; o__Fungi_k; f__Fungi_k; g__Fungi_k; s__Fungi_k	fig4_q20_PE_cutadapt_unite	Cutadapt	PE	PE	Cutadapt	Fungi_k	Fungi_k
f3777c7c1fa5423ac63e6e772595c637	UNITE	Candida	Candida_dubliniensis	k__Fungi; p__Ascomycota; c__Saccharomycetes; o__Saccharomycetales; f__Saccharomycetales_fam_Incertae_sedis; g__Candida; s__Candida_dubliniensis	fig4_q20_PE_cutadapt_unite	Cutadapt	PE	PE	Cutadapt	Candida	Candida_dubliniensis
b6bec96f103eb0545b217f1d657e4222	UNITE	Fungi_k	Fungi_k	k__Fungi; p__Fungi_k; c__Fungi_k; o__Fungi_k; f__Fungi_k; g__Fungi_k; s__Fungi_k	fig4_q20_PE_cutadapt_unite	Cutadapt	PE	PE	Cutadapt	Fungi_k	Fungi_k
b2e68d5fe99e43410ff0cb7ff1d1b7b1	UNITE	Fungi_k	Fungi_k	k__Fungi; p__Fungi_k; c__Fungi_k; o__Fungi_k; f__Fungi_k; g__Fungi_k; s__Fungi_k	fig4_q20_PE_cutadapt_unite	Cutadapt	PE	PE	Cutadapt	Fungi_k	Fungi_k
56400a68c14dd4ec158ee81d130bd69c	UNITE	Talaromyces	Talaromyces_purgamentorum	k__Fungi; p__Ascomycota; c__Eurotiomycetes; o__Eurotiales; f__Trichocomaceae; g__Talaromyces; s__Talaromyces_purgamentorum	fig4_q20_PE_cutadapt_unite	Cutadapt	PE	PE	Cutadapt	Talaromyces	Talaromyces_purgamentorum
4c66ae20b90bfd65449bcb4d6a759a03	UNITE	Candida	Candida_albicans	k__Fungi; p__Ascomycota; c__Saccharomycetes; o__Saccharomycetales; f__Saccharomycetales_fam_Incertae_sedis; g__Candida; s__Candida_albicans	fig4_q20_PE_cutadapt_unite	Cutadapt	PE	PE	Cutadapt	Candida	Candida_albicans
a0f0fd169551be4f1d94ff06f51c2ca9	UNITE	Ascomycota_p	Ascomycota_p	k__Fungi; p__Ascomycota; c__Ascomycota_p; o__Ascomycota_p; f__Ascomycota_p; g__Ascomycota_p; s__Ascomycota_p	fig4_q20_PE_cutadapt_unite	Cutadapt	PE	PE	Cutadapt	Ascomycota_p	Ascomycota_p
876475b4e5efdb58c11382a1e251651e	UNITE	Fungi_k	Fungi_k	k__Fungi; p__Fungi_k; c__Fungi_k; o__Fungi_k; f__Fungi_k; g__Fungi_k; s__Fungi_k	fig4_q20_PE_cutadapt_unite	Cutadapt	PE	PE	Cutadapt	Fungi_k	Fungi_k
02a08e7b3d2d977945313b9fb5d6cccc	UNITE	Fungi_k	Fungi_k	k__Fungi; p__Fungi_k; c__Fungi_k; o__Fungi_k; f__Fungi_k; g__Fungi_k; s__Fungi_k	fig4_q20_PE_cutadapt_unite	Cutadapt	PE	PE	Cutadapt	Fungi_k	Fungi_k
14fc77bb4fb1b62493910ff14198fb48	UNITE	Ascomycota_p	Ascomycota_p	k__Fungi; p__Ascomycota; c__Ascomycota_p; o__Ascomycota_p; f__Ascomycota_p; g__Ascomycota_p; s__Ascomycota_p	fig4_q20_PE_cutadapt_unite	Cutadapt	PE	PE	Cutadapt	Ascomycota_p	Ascomycota_p
d96eb67859f13de9303ee89dc461115d	UNITE	Fungi_k	Fungi_k	k__Fungi; p__Fungi_k; c__Fungi_k; o__Fungi_k; f__Fungi_k; g__Fungi_k; s__Fungi_k	fig4_q20_PE_cutadapt_unite	Cutadapt	PE	PE	Cutadapt	Fungi_k	Fungi_k
fc6c4e11383bfe07c738ed3d89340482	UNITE	Aspergillus	Aspergillus_ruber	k__Fungi; p__Ascomycota; c__Eurotiomycetes; o__Eurotiales; f__Aspergillaceae; g__Aspergillus; s__Aspergillus_ruber	fig4_q20_PE_cutadapt_unite	Cutadapt	PE	PE	Cutadapt	Aspergillus	Aspergillus_ruber
13e538015116992176a9c32705810203	UNITE	Fungi_k	Fungi_k	k__Fungi; p__Fungi_k; c__Fungi_k; o__Fungi_k; f__Fungi_k; g__Fungi_k; s__Fungi_k	fig4_q20_PE_cutadapt_unite	Cutadapt	PE	PE	Cutadapt	Fungi_k	Fungi_k
6401d7680fa55a18a47abe7d71030afd	UNITE	Nakaseomyces	Nakaseomyces_glabratus	k__Fungi; p__Ascomycota; c__Saccharomycetes; o__Saccharomycetales; f__Saccharomycetaceae; g__Nakaseomyces; s__Nakaseomyces_glabratus	fig4_q20_PE_cutadapt_unite	Cutadapt	PE	PE	Cutadapt	Nakaseomyces	Nakaseomyces_glabratus
7790111cbadc0f985b36480bbe110813	UNITE	Ascomycota_p	Ascomycota_p	k__Fungi; p__Ascomycota; c__Ascomycota_p; o__Ascomycota_p; f__Ascomycota_p; g__Ascomycota_p; s__Ascomycota_p	fig4_q20_PE_cutadapt_unite	Cutadapt	PE	PE	Cutadapt	Ascomycota_p	Ascomycota_p
62eb88ee0b056d637cf1dec297286385	UNITE	Fungi_k	Fungi_k	k__Fungi; p__Fungi_k; c__Fungi_k; o__Fungi_k; f__Fungi_k; g__Fungi_k; s__Fungi_k	fig4_q20_PE_cutadapt_unite	Cutadapt	PE	PE	Cutadapt	Fungi_k	Fungi_k
cf1bc020266efa2d5c932a805d5510ec	UNITE	Fungi_k	Fungi_k	k__Fungi; p__Fungi_k; c__Fungi_k; o__Fungi_k; f__Fungi_k; g__Fungi_k; s__Fungi_k	fig4_q20_PE_cutadapt_unite	Cutadapt	PE	PE	Cutadapt	Fungi_k	Fungi_k
48076d777be0f231b8ab42722e0d5ea9	UNITE	Ascomycota_p	Ascomycota_p	k__Fungi; p__Ascomycota; c__Ascomycota_p; o__Ascomycota_p; f__Ascomycota_p; g__Ascomycota_p; s__Ascomycota_p	fig4_q20_PE_cutadapt_unite	Cutadapt	PE	PE	Cutadapt	Ascomycota_p	Ascomycota_p
59b0265e4dc737bee8126e3b843b6011	UNITE	Cryptococcus	Cryptococcus_neoformans	k__Fungi; p__Basidiomycota; c__Tremellomycetes; o__Tremellales; f__Cryptococcaceae; g__Cryptococcus; s__Cryptococcus_neoformans	fig4_q20_PE_cutadapt_unite	Cutadapt	PE	PE	Cutadapt	Cryptococcus	Cryptococcus_neoformans
69d793556be28ee92a0658398e5b471c	UNITE	Ascomycota_p	Ascomycota_p	k__Fungi; p__Ascomycota; c__Ascomycota_p; o__Ascomycota_p; f__Ascomycota_p; g__Ascomycota_p; s__Ascomycota_p	fig4_q20_PE_cutadapt_unite	Cutadapt	PE	PE	Cutadapt	Ascomycota_p	Ascomycota_p
2609534e889775b071bd4877a3cbdb06	UNITE	Fungi_k	Fungi_k	k__Fungi; p__Fungi_k; c__Fungi_k; o__Fungi_k; f__Fungi_k; g__Fungi_k; s__Fungi_k	fig4_q20_PE_cutadapt_unite	Cutadapt	PE	PE	Cutadapt	Fungi_k	Fungi_k
3cb7182b23e66c4a1e3a662df7eff540	UNITE	Fungi_k	Fungi_k	k__Fungi; p__Fungi_k; c__Fungi_k; o__Fungi_k; f__Fungi_k; g__Fungi_k; s__Fungi_k	fig4_q20_PE_cutadapt_unite	Cutadapt	PE	PE	Cutadapt	Fungi_k	Fungi_k
eb7ae5701404f55c4858cac509cd1036	UNITE	Ascomycota_p	Ascomycota_p	k__Fungi; p__Ascomycota; c__Ascomycota_p; o__Ascomycota_p; f__Ascomycota_p; g__Ascomycota_p; s__Ascomycota_p	fig4_q20_PE_cutadapt_unite	Cutadapt	PE	PE	Cutadapt	Ascomycota_p	Ascomycota_p
d87f7398347353048cd513c0e7c0ce41	UNITE	Aureobasidium	Unclassified	k__Fungi; p__Ascomycota; c__Dothideomycetes; o__Dothideales; f__Saccotheciaceae; g__Aureobasidium; s__Aureobasidium_g	fig4_q20_PE_cutadapt_unite	Cutadapt	PE	PE	Cutadapt	Aureobasidium	Unclassified
b6f2dbe167d7ea6998779f966d282265	UNITE	Fungi_k	Fungi_k	k__Fungi; p__Fungi_k; c__Fungi_k; o__Fungi_k; f__Fungi_k; g__Fungi_k; s__Fungi_k	fig4_q20_PE_cutadapt_unite	Cutadapt	PE	PE	Cutadapt	Fungi_k	Fungi_k
c2b6527533c45ea91cdbd09c67e14420	UNITE	Penicillium	Penicillium_brevicompactum	k__Fungi; p__Ascomycota; c__Eurotiomycetes; o__Eurotiales; f__Aspergillaceae; g__Penicillium; s__Penicillium_brevicompactum	fig4_q20_PE_cutadapt_unite	Cutadapt	PE	PE	Cutadapt	Penicillium	Penicillium_brevicompactum
e6817e69ae599b8f04d17888f7b6ca9b	UNITE	Candida	Candida_albicans	k__Fungi; p__Ascomycota; c__Saccharomycetes; o__Saccharomycetales; f__Saccharomycetales_fam_Incertae_sedis; g__Candida; s__Candida_albicans	fig4_q20_PE_cutadapt_unite	Cutadapt	PE	PE	Cutadapt	Candida	Candida_albicans
2d3b44850570682e08688c29f56403cd	UNITE	Fungi_k	Fungi_k	k__Fungi; p__Fungi_k; c__Fungi_k; o__Fungi_k; f__Fungi_k; g__Fungi_k; s__Fungi_k	fig4_q20_PE_cutadapt_unite	Cutadapt	PE	PE	Cutadapt	Fungi_k	Fungi_k
97b1e3d578b831c37bc51c4217a4d4f1	UNITE	Fungi_k	Fungi_k	k__Fungi; p__Fungi_k; c__Fungi_k; o__Fungi_k; f__Fungi_k; g__Fungi_k; s__Fungi_k	fig4_q20_PE_cutadapt_unite	Cutadapt	PE	PE	Cutadapt	Fungi_k	Fungi_k
a4345c0686c98cd64b93c00a48d38d90	UNITE	Fungi_k	Fungi_k	k__Fungi; p__Fungi_k; c__Fungi_k; o__Fungi_k; f__Fungi_k; g__Fungi_k; s__Fungi_k	fig4_q20_PE_cutadapt_unite	Cutadapt	PE	PE	Cutadapt	Fungi_k	Fungi_k
b99ae1d666389da38cad26d7243004e9	UNITE	Ascomycota_p	Ascomycota_p	k__Fungi; p__Ascomycota; c__Ascomycota_p; o__Ascomycota_p; f__Ascomycota_p; g__Ascomycota_p; s__Ascomycota_p	fig4_q20_PE_cutadapt_unite	Cutadapt	PE	PE	Cutadapt	Ascomycota_p	Ascomycota_p
6e5724e8d6c2ad61bf6e6dc69c270239	UNITE	Ascomycota_p	Ascomycota_p	k__Fungi; p__Ascomycota; c__Ascomycota_p; o__Ascomycota_p; f__Ascomycota_p; g__Ascomycota_p; s__Ascomycota_p	fig4_q20_PE_cutadapt_unite	Cutadapt	PE	PE	Cutadapt	Ascomycota_p	Ascomycota_p
3fc64d4054e1ba29068b0e64f66a9df4	UNITE	Ascomycota_p	Ascomycota_p	k__Fungi; p__Ascomycota; c__Ascomycota_p; o__Ascomycota_p; f__Ascomycota_p; g__Ascomycota_p; s__Ascomycota_p	fig4_q20_PE_cutadapt_unite	Cutadapt	PE	PE	Cutadapt	Ascomycota_p	Ascomycota_p
85010e18a157eea8eb2c0de32ecea32f	UNITE	Sarocladium	Sarocladium_zeae	k__Fungi; p__Ascomycota; c__Sordariomycetes; o__Hypocreales; f__Sarocladiaceae; g__Sarocladium; s__Sarocladium_zeae	fig4_q20_PE_cutadapt_unite	Cutadapt	PE	PE	Cutadapt	Sarocladium	Sarocladium_zeae
dff53305db8c0edeebd63a7c55860b06	UNITE	Ascomycota_p	Ascomycota_p	k__Fungi; p__Ascomycota; c__Ascomycota_p; o__Ascomycota_p; f__Ascomycota_p; g__Ascomycota_p; s__Ascomycota_p	fig4_q20_PE_cutadapt_unite	Cutadapt	PE	PE	Cutadapt	Ascomycota_p	Ascomycota_p
80e541b8af41ac979a19ec8570ba6115	UNITE	Fungi_k	Fungi_k	k__Fungi; p__Fungi_k; c__Fungi_k; o__Fungi_k; f__Fungi_k; g__Fungi_k; s__Fungi_k	fig4_q20_PE_cutadapt_unite	Cutadapt	PE	PE	Cutadapt	Fungi_k	Fungi_k
75a160ad822662d2f519cfde7d31cd06	UNITE	Ascomycota_p	Ascomycota_p	k__Fungi; p__Ascomycota; c__Ascomycota_p; o__Ascomycota_p; f__Ascomycota_p; g__Ascomycota_p; s__Ascomycota_p	fig4_q20_PE_cutadapt_unite	Cutadapt	PE	PE	Cutadapt	Ascomycota_p	Ascomycota_p
c8dce878620b52b38172236f39acc7fa	UNITE	Fungi_k	Fungi_k	k__Fungi; p__Fungi_k; c__Fungi_k; o__Fungi_k; f__Fungi_k; g__Fungi_k; s__Fungi_k	fig4_q20_PE_cutadapt_unite	Cutadapt	PE	PE	Cutadapt	Fungi_k	Fungi_k
e964994d6f202441af10c435acc7d999	UNITE	Nakaseomyces	Nakaseomyces_glabratus	k__Fungi; p__Ascomycota; c__Saccharomycetes; o__Saccharomycetales; f__Saccharomycetaceae; g__Nakaseomyces; s__Nakaseomyces_glabratus	fig4_q20_PE_cutadapt_unite	Cutadapt	PE	PE	Cutadapt	Nakaseomyces	Nakaseomyces_glabratus
493f6991a7aac555ad9c841b1e46c0ec	UNITE	Ascomycota_p	Ascomycota_p	k__Fungi; p__Ascomycota; c__Ascomycota_p; o__Ascomycota_p; f__Ascomycota_p; g__Ascomycota_p; s__Ascomycota_p	fig4_q20_PE_cutadapt_unite	Cutadapt	PE	PE	Cutadapt	Ascomycota_p	Ascomycota_p
a63edff864bc2a9fbdfebdeaa599b649	UNITE	Fungi_k	Fungi_k	k__Fungi; p__Fungi_k; c__Fungi_k; o__Fungi_k; f__Fungi_k; g__Fungi_k; s__Fungi_k	fig4_q20_PE_cutadapt_unite	Cutadapt	PE	PE	Cutadapt	Fungi_k	Fungi_k
343617d9697538489da301c11a5d82b6	UNITE	Phlebia	Unclassified	k__Fungi; p__Basidiomycota; c__Agaricomycetes; o__Polyporales; f__Meruliaceae; g__Phlebia; s__Phlebia_g	fig4_q20_PE_cutadapt_unite	Cutadapt	PE	PE	Cutadapt	Phlebia	Unclassified
3ad5201997e575e30a33b0927c35159e	UNITE	Penicillium	Penicillium_sclerotiorum	k__Fungi; p__Ascomycota; c__Eurotiomycetes; o__Eurotiales; f__Aspergillaceae; g__Penicillium; s__Penicillium_sclerotiorum	fig4_q20_PE_cutadapt_unite	Cutadapt	PE	PE	Cutadapt	Penicillium	Penicillium_sclerotiorum
de9f5d789a08776f6e7ba581d784327c	UNITE	Fungi_k	Fungi_k	k__Fungi; p__Fungi_k; c__Fungi_k; o__Fungi_k; f__Fungi_k; g__Fungi_k; s__Fungi_k	fig4_q20_PE_cutadapt_unite	Cutadapt	PE	PE	Cutadapt	Fungi_k	Fungi_k
04531902e62b02b509d22639c6b624ac	UNITE	Neopyrenochaeta	Unclassified	k__Fungi; p__Ascomycota; c__Dothideomycetes; o__Pleosporales; f__Neopyrenochaetaceae; g__Neopyrenochaeta; s__Neopyrenochaeta_g	fig4_q20_PE_cutadapt_unite	Cutadapt	PE	PE	Cutadapt	Neopyrenochaeta	Unclassified
ba7510d311e4a8aef419d78ca383da83	UNITE	Stereaceae_f	Stereaceae_f	k__Fungi; p__Basidiomycota; c__Agaricomycetes; o__Russulales; f__Stereaceae; g__Stereaceae_f; s__Stereaceae_f	fig4_q20_PE_cutadapt_unite	Cutadapt	PE	PE	Cutadapt	Stereaceae_f	Stereaceae_f
3eaa552b715fdc7aa8d3485858928c6c	UNITE	Fungi_k	Fungi_k	k__Fungi; p__Fungi_k; c__Fungi_k; o__Fungi_k; f__Fungi_k; g__Fungi_k; s__Fungi_k	fig4_q20_PE_cutadapt_unite	Cutadapt	PE	PE	Cutadapt	Fungi_k	Fungi_k
3a527d6363a858cbdb36b1403f9f7df7	UNITE	Hannaella	Hannaella_oryzae	k__Fungi; p__Basidiomycota; c__Tremellomycetes; o__Tremellales; f__Bulleribasidiaceae; g__Hannaella; s__Hannaella_oryzae	fig4_q20_PE_cutadapt_unite	Cutadapt	PE	PE	Cutadapt	Hannaella	Hannaella_oryzae
6e6ea7eb9a05010549b1eb6b10e5b28a	UNITE	Helotiales_o	Helotiales_o	k__Fungi; p__Ascomycota; c__Leotiomycetes; o__Helotiales; f__Helotiales_o; g__Helotiales_o; s__Helotiales_o	fig4_q20_PE_cutadapt_unite	Cutadapt	PE	PE	Cutadapt	Helotiales_o	Helotiales_o
59ed919bc0ce42b586980174a6d16893	UNITE	Ascomycota_p	Ascomycota_p	k__Fungi; p__Ascomycota; c__Ascomycota_p; o__Ascomycota_p; f__Ascomycota_p; g__Ascomycota_p; s__Ascomycota_p	fig4_q20_PE_cutadapt_unite	Cutadapt	PE	PE	Cutadapt	Ascomycota_p	Ascomycota_p
8ab90bebb29c598d82a0357fb34b46a1	UNITE	Fungi_k	Fungi_k	k__Fungi; p__Fungi_k; c__Fungi_k; o__Fungi_k; f__Fungi_k; g__Fungi_k; s__Fungi_k	fig4_q20_PE_cutadapt_unite	Cutadapt	PE	PE	Cutadapt	Fungi_k	Fungi_k
fa5c3717c38ec0a0608200d65036bf26	UNITE	Fungi_k	Fungi_k	k__Fungi; p__Fungi_k; c__Fungi_k; o__Fungi_k; f__Fungi_k; g__Fungi_k; s__Fungi_k	fig4_q20_PE_cutadapt_unite	Cutadapt	PE	PE	Cutadapt	Fungi_k	Fungi_k
bbe28958239e369716d67bc7dbc701b4	UNITE	Fungi_k	Fungi_k	k__Fungi; p__Fungi_k; c__Fungi_k; o__Fungi_k; f__Fungi_k; g__Fungi_k; s__Fungi_k	fig4_q20_PE_cutadapt_unite	Cutadapt	PE	PE	Cutadapt	Fungi_k	Fungi_k
5e4b1923571b29530a629c7fba5ec555	UNITE	Phlebia	Unclassified	k__Fungi; p__Basidiomycota; c__Agaricomycetes; o__Polyporales; f__Meruliaceae; g__Phlebia; s__Phlebia_g	fig4_q20_PE_cutadapt_unite	Cutadapt	PE	PE	Cutadapt	Phlebia	Unclassified
7ecdaf0133e8f0ade887999e0877f287	UNITE	Fungi_k	Fungi_k	k__Fungi; p__Fungi_k; c__Fungi_k; o__Fungi_k; f__Fungi_k; g__Fungi_k; s__Fungi_k	fig4_q20_PE_cutadapt_unite	Cutadapt	PE	PE	Cutadapt	Fungi_k	Fungi_k
2881c8dcc461db66d6476faa81c6f034	UNITE	Cutaneotrichosporon	Cutaneotrichosporon_mucoides	k__Fungi; p__Basidiomycota; c__Tremellomycetes; o__Trichosporonales; f__Trichosporonaceae; g__Cutaneotrichosporon; s__Cutaneotrichosporon_mucoides	fig4_q20_PE_cutadapt_unite	Cutadapt	PE	PE	Cutadapt	Cutaneotrichosporon	Cutaneotrichosporon_mucoides
d16f2b6f389647abc71b88d4f95a1425	UNITE	Pleosporales_o	Pleosporales_o	k__Fungi; p__Ascomycota; c__Dothideomycetes; o__Pleosporales; f__Pleosporales_o; g__Pleosporales_o; s__Pleosporales_o	fig4_q20_PE_cutadapt_unite	Cutadapt	PE	PE	Cutadapt	Pleosporales_o	Pleosporales_o
7a10d75f3164deff71973636bb24d61a	UNITE	Fungi_k	Fungi_k	k__Fungi; p__Fungi_k; c__Fungi_k; o__Fungi_k; f__Fungi_k; g__Fungi_k; s__Fungi_k	fig4_q20_PE_cutadapt_unite	Cutadapt	PE	PE	Cutadapt	Fungi_k	Fungi_k
7ab119d39a4cfa246bc56173600c2ac9	UNITE	Fungi_k	Fungi_k	k__Fungi; p__Fungi_k; c__Fungi_k; o__Fungi_k; f__Fungi_k; g__Fungi_k; s__Fungi_k	fig4_q20_PE_cutadapt_unite	Cutadapt	PE	PE	Cutadapt	Fungi_k	Fungi_k
8bcd042eb6355d4e86e5590419facdbc	UNITE	Fungi_k	Fungi_k	k__Fungi; p__Fungi_k; c__Fungi_k; o__Fungi_k; f__Fungi_k; g__Fungi_k; s__Fungi_k	fig4_q20_PE_cutadapt_unite	Cutadapt	PE	PE	Cutadapt	Fungi_k	Fungi_k
9c22a054931e451debbfc78dcc021a1f	UNITE	Fungi_k	Fungi_k	k__Fungi; p__Fungi_k; c__Fungi_k; o__Fungi_k; f__Fungi_k; g__Fungi_k; s__Fungi_k	fig4_q20_PE_cutadapt_unite	Cutadapt	PE	PE	Cutadapt	Fungi_k	Fungi_k
4fdb9f84eb897b2069ee65ef0bf1e061	UNITE	Ascomycota_p	Ascomycota_p	k__Fungi; p__Ascomycota; c__Ascomycota_p; o__Ascomycota_p; f__Ascomycota_p; g__Ascomycota_p; s__Ascomycota_p	fig4_q20_PE_cutadapt_unite	Cutadapt	PE	PE	Cutadapt	Ascomycota_p	Ascomycota_p
05a56095084bcc3dde845c95ccb3f491	UNITE	Irpex	Irpex_hydnoides	k__Fungi; p__Basidiomycota; c__Agaricomycetes; o__Polyporales; f__Irpicaceae; g__Irpex; s__Irpex_hydnoides	fig4_q20_PE_cutadapt_unite	Cutadapt	PE	PE	Cutadapt	Irpex	Irpex_hydnoides
874450a33ecf28c395b152e094cbba5c	UNITE	Paraphoma	Paraphoma_rhaphiolepidis	k__Fungi; p__Ascomycota; c__Dothideomycetes; o__Pleosporales; f__Phaeosphaeriaceae; g__Paraphoma; s__Paraphoma_rhaphiolepidis	fig4_q20_PE_cutadapt_unite	Cutadapt	PE	PE	Cutadapt	Paraphoma	Paraphoma_rhaphiolepidis
ecb27c145358ad94558f0c105d455511	UNITE	Paraphoma	Paraphoma_rhaphiolepidis	k__Fungi; p__Ascomycota; c__Dothideomycetes; o__Pleosporales; f__Phaeosphaeriaceae; g__Paraphoma; s__Paraphoma_rhaphiolepidis	fig4_q20_PE_cutadapt_unite	Cutadapt	PE	PE	Cutadapt	Paraphoma	Paraphoma_rhaphiolepidis
826fb3b91a6b5579d3c4bf17b77982ae	UNITE	Cutaneotrichosporon	Cutaneotrichosporon_mucoides	k__Fungi; p__Basidiomycota; c__Tremellomycetes; o__Trichosporonales; f__Trichosporonaceae; g__Cutaneotrichosporon; s__Cutaneotrichosporon_mucoides	fig4_q20_PE_cutadapt_unite	Cutadapt	PE	PE	Cutadapt	Cutaneotrichosporon	Cutaneotrichosporon_mucoides
10eca292eb84a97e234c6e330e288bdd	UNITE	Pluteus	Unclassified	k__Fungi; p__Basidiomycota; c__Agaricomycetes; o__Agaricales; f__Pluteaceae; g__Pluteus; s__Pluteus_g	fig4_q20_PE_cutadapt_unite	Cutadapt	PE	PE	Cutadapt	Pluteus	Unclassified
838abc5f3fe16a8fd0df438f5088704d	UNITE	Fungi_k	Fungi_k	k__Fungi; p__Fungi_k; c__Fungi_k; o__Fungi_k; f__Fungi_k; g__Fungi_k; s__Fungi_k	fig4_q20_PE_cutadapt_unite	Cutadapt	PE	PE	Cutadapt	Fungi_k	Fungi_k
7ea105befe242b870ac3113605fef73a	UNITE	Fungi_k	Fungi_k	k__Fungi; p__Fungi_k; c__Fungi_k; o__Fungi_k; f__Fungi_k; g__Fungi_k; s__Fungi_k	fig4_q20_PE_cutadapt_unite	Cutadapt	PE	PE	Cutadapt	Fungi_k	Fungi_k
40210b03d60063aa9a1cb1a1c65fbb24	UNITE	Ascomycota_p	Ascomycota_p	k__Fungi; p__Ascomycota; c__Ascomycota_p; o__Ascomycota_p; f__Ascomycota_p; g__Ascomycota_p; s__Ascomycota_p	fig4_q20_PE_cutadapt_unite	Cutadapt	PE	PE	Cutadapt	Ascomycota_p	Ascomycota_p
b945b4fc83cc3c7350db9b639ff95cdb	UNITE	Hymenochaete	Hymenochaete_odontoides	k__Fungi; p__Basidiomycota; c__Agaricomycetes; o__Hymenochaetales; f__Hymenochaetaceae; g__Hymenochaete; s__Hymenochaete_odontoides	fig4_q20_PE_cutadapt_unite	Cutadapt	PE	PE	Cutadapt	Hymenochaete	Hymenochaete_odontoides
f8f66f00e3f4d16fd424b04bd2c32c3d	UNITE	Fungi_k	Fungi_k	k__Fungi; p__Fungi_k; c__Fungi_k; o__Fungi_k; f__Fungi_k; g__Fungi_k; s__Fungi_k	fig4_q20_PE_cutadapt_unite	Cutadapt	PE	PE	Cutadapt	Fungi_k	Fungi_k
885829ee0d831837d0e86f97b63251c9	UNITE	Phaeosphaeriaceae_f	Phaeosphaeriaceae_f	k__Fungi; p__Ascomycota; c__Dothideomycetes; o__Pleosporales; f__Phaeosphaeriaceae; g__Phaeosphaeriaceae_f; s__Phaeosphaeriaceae_f	fig4_q20_PE_cutadapt_unite	Cutadapt	PE	PE	Cutadapt	Phaeosphaeriaceae_f	Phaeosphaeriaceae_f
78d5bf582cb2fe9ea6cd971854c4bbce	UNITE	Cryptococcus	Cryptococcus_neoformans	k__Fungi; p__Basidiomycota; c__Tremellomycetes; o__Tremellales; f__Cryptococcaceae; g__Cryptococcus; s__Cryptococcus_neoformans	fig4_q20_PE_cutadapt_unite	Cutadapt	PE	PE	Cutadapt	Cryptococcus	Cryptococcus_neoformans
949b5a88e5a1307133bfbfbbb4309acc	UNITE	Kazachstania	Kazachstania_servazzii	k__Fungi; p__Ascomycota; c__Saccharomycetes; o__Saccharomycetales; f__Saccharomycetaceae; g__Kazachstania; s__Kazachstania_servazzii	fig4_q20_PE_cutadapt_unite	Cutadapt	PE	PE	Cutadapt	Kazachstania	Kazachstania_servazzii
1d819ed956fe66695c8533e01cda3c40	UNITE	Cutaneotrichosporon	Cutaneotrichosporon_mucoides	k__Fungi; p__Basidiomycota; c__Tremellomycetes; o__Trichosporonales; f__Trichosporonaceae; g__Cutaneotrichosporon; s__Cutaneotrichosporon_mucoides	fig4_q20_PE_cutadapt_unite	Cutadapt	PE	PE	Cutadapt	Cutaneotrichosporon	Cutaneotrichosporon_mucoides
bfe48bc109bc83adb4329dd720f13411	UNITE	Fungi_k	Fungi_k	k__Fungi; p__Fungi_k; c__Fungi_k; o__Fungi_k; f__Fungi_k; g__Fungi_k; s__Fungi_k	fig4_q20_PE_cutadapt_unite	Cutadapt	PE	PE	Cutadapt	Fungi_k	Fungi_k
f2317d2b58e57a17e2043c724f1bf120	UNITE	Cryptococcus	Cryptococcus_neoformans	k__Fungi; p__Basidiomycota; c__Tremellomycetes; o__Tremellales; f__Cryptococcaceae; g__Cryptococcus; s__Cryptococcus_neoformans	fig4_q20_PE_cutadapt_unite	Cutadapt	PE	PE	Cutadapt	Cryptococcus	Cryptococcus_neoformans
e5df968e1b748c53679a29497cedafc9	UNITE	Peniophoraceae_f	Peniophoraceae_f	k__Fungi; p__Basidiomycota; c__Agaricomycetes; o__Russulales; f__Peniophoraceae; g__Peniophoraceae_f; s__Peniophoraceae_f	fig4_q20_PE_cutadapt_unite	Cutadapt	PE	PE	Cutadapt	Peniophoraceae_f	Peniophoraceae_f
a43acb8918a5ce3d94ff925242d20b20	UNITE	Cutaneotrichosporon	Cutaneotrichosporon_mucoides	k__Fungi; p__Basidiomycota; c__Tremellomycetes; o__Trichosporonales; f__Trichosporonaceae; g__Cutaneotrichosporon; s__Cutaneotrichosporon_mucoides	fig4_q20_PE_cutadapt_unite	Cutadapt	PE	PE	Cutadapt	Cutaneotrichosporon	Cutaneotrichosporon_mucoides
9cfae492e1e3f63b413eb2f4f1d5eee6	UNITE	Coniothyrium	Coniothyrium_sidae	k__Fungi; p__Ascomycota; c__Dothideomycetes; o__Pleosporales; f__Coniothyriaceae; g__Coniothyrium; s__Coniothyrium_sidae	fig4_q20_PE_cutadapt_unite	Cutadapt	PE	PE	Cutadapt	Coniothyrium	Coniothyrium_sidae
09de61d81017f4d844ceb66d071f6718	UNITE	Fungi_k	Fungi_k	k__Fungi; p__Fungi_k; c__Fungi_k; o__Fungi_k; f__Fungi_k; g__Fungi_k; s__Fungi_k	fig4_q20_PE_cutadapt_unite	Cutadapt	PE	PE	Cutadapt	Fungi_k	Fungi_k
6dfc35432196227d5b54ad2cb544fa41	UNITE	Ascomycota_p	Ascomycota_p	k__Fungi; p__Ascomycota; c__Ascomycota_p; o__Ascomycota_p; f__Ascomycota_p; g__Ascomycota_p; s__Ascomycota_p	fig4_q20_PE_cutadapt_unite	Cutadapt	PE	PE	Cutadapt	Ascomycota_p	Ascomycota_p
d14317fde9b414445f21f37c9d7e44d4	UNITE	Ascomycota_p	Ascomycota_p	k__Fungi; p__Ascomycota; c__Ascomycota_p; o__Ascomycota_p; f__Ascomycota_p; g__Ascomycota_p; s__Ascomycota_p	fig4_q20_PE_cutadapt_unite	Cutadapt	PE	PE	Cutadapt	Ascomycota_p	Ascomycota_p
9dafdae447485a1c3b64cf210c30023a	UNITE	Fungi_k	Fungi_k	k__Fungi; p__Fungi_k; c__Fungi_k; o__Fungi_k; f__Fungi_k; g__Fungi_k; s__Fungi_k	fig4_q20_PE_cutadapt_unite	Cutadapt	PE	PE	Cutadapt	Fungi_k	Fungi_k
13938a532131c6422d6bd44980ee26ad	UNITE	Fungi_k	Fungi_k	k__Fungi; p__Fungi_k; c__Fungi_k; o__Fungi_k; f__Fungi_k; g__Fungi_k; s__Fungi_k	fig4_q20_PE_cutadapt_unite	Cutadapt	PE	PE	Cutadapt	Fungi_k	Fungi_k
44f63ce58e8859e2fd95aa59ec000aac	UNITE	Cryptococcus	Cryptococcus_neoformans	k__Fungi; p__Basidiomycota; c__Tremellomycetes; o__Tremellales; f__Cryptococcaceae; g__Cryptococcus; s__Cryptococcus_neoformans	fig4_q20_PE_cutadapt_unite	Cutadapt	PE	PE	Cutadapt	Cryptococcus	Cryptococcus_neoformans
e08b78852bed4afcea6b40d7010d60eb	UNITE	Exidia	Exidia_uvapassa	k__Fungi; p__Basidiomycota; c__Agaricomycetes; o__Auriculariales; f__Auriculariaceae; g__Exidia; s__Exidia_uvapassa	fig4_q20_PE_cutadapt_unite	Cutadapt	PE	PE	Cutadapt	Exidia	Exidia_uvapassa
a6c6c15f86c5acbde3a72761962a6161	UNITE	Peniophoraceae_f	Peniophoraceae_f	k__Fungi; p__Basidiomycota; c__Agaricomycetes; o__Russulales; f__Peniophoraceae; g__Peniophoraceae_f; s__Peniophoraceae_f	fig4_q20_PE_cutadapt_unite	Cutadapt	PE	PE	Cutadapt	Peniophoraceae_f	Peniophoraceae_f
4d5cb465f36e34a074f27d4dd53f2b2d	UNITE	Periconia	Periconia_celtidis	k__Fungi; p__Ascomycota; c__Dothideomycetes; o__Pleosporales; f__Periconiaceae; g__Periconia; s__Periconia_celtidis	fig4_q20_PE_cutadapt_unite	Cutadapt	PE	PE	Cutadapt	Periconia	Periconia_celtidis
55095aa38dc46f1e8131c392a0df9241	UNITE	Cryptococcus	Cryptococcus_neoformans	k__Fungi; p__Basidiomycota; c__Tremellomycetes; o__Tremellales; f__Cryptococcaceae; g__Cryptococcus; s__Cryptococcus_neoformans	fig4_q20_PE_cutadapt_unite	Cutadapt	PE	PE	Cutadapt	Cryptococcus	Cryptococcus_neoformans
dac3210b4954d95bc73cf68e7b24e601	UNITE	Pleosporales_o	Pleosporales_o	k__Fungi; p__Ascomycota; c__Dothideomycetes; o__Pleosporales; f__Pleosporales_o; g__Pleosporales_o; s__Pleosporales_o	fig4_q20_PE_cutadapt_unite	Cutadapt	PE	PE	Cutadapt	Pleosporales_o	Pleosporales_o
44b6ea5ad2db0f4f7eeaebad701b8ff3	UNITE	Polyporales_o	Polyporales_o	k__Fungi; p__Basidiomycota; c__Agaricomycetes; o__Polyporales; f__Polyporales_o; g__Polyporales_o; s__Polyporales_o	fig4_q20_PE_cutadapt_unite	Cutadapt	PE	PE	Cutadapt	Polyporales_o	Polyporales_o
013a0b22fa2570a9fca2281d979c43ce	UNITE	Peniophoraceae_f	Peniophoraceae_f	k__Fungi; p__Basidiomycota; c__Agaricomycetes; o__Russulales; f__Peniophoraceae; g__Peniophoraceae_f; s__Peniophoraceae_f	fig4_q20_PE_cutadapt_unite	Cutadapt	PE	PE	Cutadapt	Peniophoraceae_f	Peniophoraceae_f
3172b69504ea1e872af24e7b1e27224d	UNITE	Hyphodontia	Hyphodontia_tropica	k__Fungi; p__Basidiomycota; c__Agaricomycetes; o__Hymenochaetales; f__Schizoporaceae; g__Hyphodontia; s__Hyphodontia_tropica	fig4_q20_PE_cutadapt_unite	Cutadapt	PE	PE	Cutadapt	Hyphodontia	Hyphodontia_tropica
1621173d9b15df3ab3f26d4c7dd234c5	UNITE	Ascomycota_p	Ascomycota_p	k__Fungi; p__Ascomycota; c__Ascomycota_p; o__Ascomycota_p; f__Ascomycota_p; g__Ascomycota_p; s__Ascomycota_p	fig4_q20_PE_cutadapt_unite	Cutadapt	PE	PE	Cutadapt	Ascomycota_p	Ascomycota_p
22133c804d861d83fe6ea04c05e550cb	UNITE	Thelebolus	Unclassified	k__Fungi; p__Ascomycota; c__Leotiomycetes; o__Thelebolales; f__Thelebolaceae; g__Thelebolus; s__Thelebolus_g	fig4_q20_PE_cutadapt_unite	Cutadapt	PE	PE	Cutadapt	Thelebolus	Unclassified
1611fa31357d5d95b54e5ce6e67b7336	UNITE	Ascomycota_p	Ascomycota_p	k__Fungi; p__Ascomycota; c__Ascomycota_p; o__Ascomycota_p; f__Ascomycota_p; g__Ascomycota_p; s__Ascomycota_p	fig4_q20_PE_cutadapt_unite	Cutadapt	PE	PE	Cutadapt	Ascomycota_p	Ascomycota_p
e332c648f24c130c5f2d59d5449b40fc	UNITE	Fungi_k	Fungi_k	k__Fungi; p__Fungi_k; c__Fungi_k; o__Fungi_k; f__Fungi_k; g__Fungi_k; s__Fungi_k	fig4_q20_PE_cutadapt_unite	Cutadapt	PE	PE	Cutadapt	Fungi_k	Fungi_k
c2fb5f432519bf12ffcbe6f3babe8db9	UNITE	Fungi_k	Fungi_k	k__Fungi; p__Fungi_k; c__Fungi_k; o__Fungi_k; f__Fungi_k; g__Fungi_k; s__Fungi_k	fig4_q20_PE_cutadapt_unite	Cutadapt	PE	PE	Cutadapt	Fungi_k	Fungi_k
53e003cae5cc021112cb7b0c3ec680ec	UNITE	Fungi_k	Fungi_k	k__Fungi; p__Fungi_k; c__Fungi_k; o__Fungi_k; f__Fungi_k; g__Fungi_k; s__Fungi_k	fig4_q20_PE_cutadapt_unite	Cutadapt	PE	PE	Cutadapt	Fungi_k	Fungi_k
1caf3038387e5ec2fbe3b12374ffabad	UNITE	Paragibellulopsis	Paragibellulopsis_chrysanthemi	k__Fungi; p__Ascomycota; c__Sordariomycetes; o__Glomerellales; f__Plectosphaerellaceae; g__Paragibellulopsis; s__Paragibellulopsis_chrysanthemi	fig4_q20_PE_cutadapt_unite	Cutadapt	PE	PE	Cutadapt	Paragibellulopsis	Paragibellulopsis_chrysanthemi
59d799f495532ebead030eed7bf2f83b	UNITE	Cutaneotrichosporon	Cutaneotrichosporon_mucoides	k__Fungi; p__Basidiomycota; c__Tremellomycetes; o__Trichosporonales; f__Trichosporonaceae; g__Cutaneotrichosporon; s__Cutaneotrichosporon_mucoides	fig4_q20_PE_cutadapt_unite	Cutadapt	PE	PE	Cutadapt	Cutaneotrichosporon	Cutaneotrichosporon_mucoides
05bc9afc08b64748dca00ebba463b277	UNITE	Ascomycota_p	Ascomycota_p	k__Fungi; p__Ascomycota; c__Ascomycota_p; o__Ascomycota_p; f__Ascomycota_p; g__Ascomycota_p; s__Ascomycota_p	fig4_q20_PE_cutadapt_unite	Cutadapt	PE	PE	Cutadapt	Ascomycota_p	Ascomycota_p
b1ca15402a23230040fa88e3d6a11d2f	UNITE	Cutaneotrichosporon	Cutaneotrichosporon_mucoides	k__Fungi; p__Basidiomycota; c__Tremellomycetes; o__Trichosporonales; f__Trichosporonaceae; g__Cutaneotrichosporon; s__Cutaneotrichosporon_mucoides	fig4_q20_PE_cutadapt_unite	Cutadapt	PE	PE	Cutadapt	Cutaneotrichosporon	Cutaneotrichosporon_mucoides
4957da039270f4d9dd22369b1564cc19	UNITE	Fungi_k	Fungi_k	k__Fungi; p__Fungi_k; c__Fungi_k; o__Fungi_k; f__Fungi_k; g__Fungi_k; s__Fungi_k	fig4_q20_PE_cutadapt_unite	Cutadapt	PE	PE	Cutadapt	Fungi_k	Fungi_k
c8505e875d51d986f896f036a5e618b9	UNITE	Saccharomycetales_o	Saccharomycetales_o	k__Fungi; p__Ascomycota; c__Saccharomycetes; o__Saccharomycetales; f__Saccharomycetales_o; g__Saccharomycetales_o; s__Saccharomycetales_o	fig4_q20_PE_cutadapt_unite	Cutadapt	PE	PE	Cutadapt	Saccharomycetales_o	Saccharomycetales_o
95f1773c2a7d0ca13e927254c8112db1	UNITE	Cryptococcus	Cryptococcus_neoformans	k__Fungi; p__Basidiomycota; c__Tremellomycetes; o__Tremellales; f__Cryptococcaceae; g__Cryptococcus; s__Cryptococcus_neoformans	fig4_q20_PE_cutadapt_unite	Cutadapt	PE	PE	Cutadapt	Cryptococcus	Cryptococcus_neoformans
fb76d27379d6ef9ed89ed41710259908	UNITE	Fungi_k	Fungi_k	k__Fungi; p__Fungi_k; c__Fungi_k; o__Fungi_k; f__Fungi_k; g__Fungi_k; s__Fungi_k	fig4_q20_PE_cutadapt_unite	Cutadapt	PE	PE	Cutadapt	Fungi_k	Fungi_k
7af52fba2ca72fdd5d71deef24c61e8f	UNITE	Stereaceae_f	Stereaceae_f	k__Fungi; p__Basidiomycota; c__Agaricomycetes; o__Russulales; f__Stereaceae; g__Stereaceae_f; s__Stereaceae_f	fig4_q20_PE_cutadapt_unite	Cutadapt	PE	PE	Cutadapt	Stereaceae_f	Stereaceae_f
33dba7b0fe74ead03efdfb26e8f5b4c1	UNITE	Phanerochaete	Unclassified	k__Fungi; p__Basidiomycota; c__Agaricomycetes; o__Polyporales; f__Phanerochaetaceae; g__Phanerochaete; s__Phanerochaete_g	fig4_q20_PE_cutadapt_unite	Cutadapt	PE	PE	Cutadapt	Phanerochaete	Unclassified
e5d853208ee1048f3c1aa0c35964ff89	UNITE	Neosetophoma	Neosetophoma_guiyangensis	k__Fungi; p__Ascomycota; c__Dothideomycetes; o__Pleosporales; f__Phaeosphaeriaceae; g__Neosetophoma; s__Neosetophoma_guiyangensis	fig4_q20_PE_cutadapt_unite	Cutadapt	PE	PE	Cutadapt	Neosetophoma	Neosetophoma_guiyangensis
261aaef3e9f437880fed728e842bf3ce	UNITE	Mycoaciella	Mycoaciella_efibulata	k__Fungi; p__Basidiomycota; c__Agaricomycetes; o__Polyporales; f__Meruliaceae; g__Mycoaciella; s__Mycoaciella_efibulata	fig4_q20_PE_cutadapt_unite	Cutadapt	PE	PE	Cutadapt	Mycoaciella	Mycoaciella_efibulata
5a1347579b6378c186b1571a290bb9d4	UNITE	Trametes	Trametes_hirsuta	k__Fungi; p__Basidiomycota; c__Agaricomycetes; o__Polyporales; f__Polyporaceae; g__Trametes; s__Trametes_hirsuta	fig4_q20_PE_cutadapt_unite	Cutadapt	PE	PE	Cutadapt	Trametes	Trametes_hirsuta
87bb58fa78a3cd628677f1f4b6259b4f	UNITE	Sistotrema	Sistotrema_brinkmannii	k__Fungi; p__Basidiomycota; c__Agaricomycetes; o__Cantharellales; f__Hydnaceae; g__Sistotrema; s__Sistotrema_brinkmannii	fig4_q20_PE_cutadapt_unite	Cutadapt	PE	PE	Cutadapt	Sistotrema	Sistotrema_brinkmannii
52c2647fcfc1edfae9d7f91c8120c7be	UNITE	Agaricales_o	Agaricales_o	k__Fungi; p__Basidiomycota; c__Agaricomycetes; o__Agaricales; f__Agaricales_o; g__Agaricales_o; s__Agaricales_o	fig4_q20_PE_cutadapt_unite	Cutadapt	PE	PE	Cutadapt	Agaricales_o	Agaricales_o
f420cbde9cad909158433a2da2bc2724	UNITE	Butyrea	Butyrea_japonica	k__Fungi; p__Basidiomycota; c__Agaricomycetes; o__Polyporales; f__Steccherinaceae; g__Butyrea; s__Butyrea_japonica	fig4_q20_PE_cutadapt_unite	Cutadapt	PE	PE	Cutadapt	Butyrea	Butyrea_japonica
c9b656acfc99a5a40f2209f65d0c5b1d	UNITE	Leptospora	Unclassified	k__Fungi; p__Ascomycota; c__Dothideomycetes; o__Pleosporales; f__Phaeosphaeriaceae; g__Leptospora; s__Leptospora_g	fig4_q20_PE_cutadapt_unite	Cutadapt	PE	PE	Cutadapt	Leptospora	Unclassified
4161c7222171a84b64f908d3ea32728d	UNITE	Scopuloides	Scopuloides_hydnoides	k__Fungi; p__Basidiomycota; c__Agaricomycetes; o__Polyporales; f__Meruliaceae; g__Scopuloides; s__Scopuloides_hydnoides	fig4_q20_PE_cutadapt_unite	Cutadapt	PE	PE	Cutadapt	Scopuloides	Scopuloides_hydnoides
cea18ccd3dc789df8b36ab762cb54f5b	UNITE	Ascomycota_p	Ascomycota_p	k__Fungi; p__Ascomycota; c__Ascomycota_p; o__Ascomycota_p; f__Ascomycota_p; g__Ascomycota_p; s__Ascomycota_p	fig4_q20_PE_cutadapt_unite	Cutadapt	PE	PE	Cutadapt	Ascomycota_p	Ascomycota_p
c8c777b869ce2f3711dd9d93f592b50c	UNITE	Fungi_k	Fungi_k	k__Fungi; p__Fungi_k; c__Fungi_k; o__Fungi_k; f__Fungi_k; g__Fungi_k; s__Fungi_k	fig4_q20_PE_cutadapt_unite	Cutadapt	PE	PE	Cutadapt	Fungi_k	Fungi_k
4e64c1e73420427b8cb13f30a0a6ab7a	UNITE	Ascomycota_p	Ascomycota_p	k__Fungi; p__Ascomycota; c__Ascomycota_p; o__Ascomycota_p; f__Ascomycota_p; g__Ascomycota_p; s__Ascomycota_p	fig4_q20_PE_cutadapt_unite	Cutadapt	PE	PE	Cutadapt	Ascomycota_p	Ascomycota_p
72b67bfcae18678bf980eddd36a9771a	UNITE	Fungi_k	Fungi_k	k__Fungi; p__Fungi_k; c__Fungi_k; o__Fungi_k; f__Fungi_k; g__Fungi_k; s__Fungi_k	fig4_q20_PE_cutadapt_unite	Cutadapt	PE	PE	Cutadapt	Fungi_k	Fungi_k
286dcb58947ebd65c54731a7b31e1426	UNITE	Ascomycota_p	Ascomycota_p	k__Fungi; p__Ascomycota; c__Ascomycota_p; o__Ascomycota_p; f__Ascomycota_p; g__Ascomycota_p; s__Ascomycota_p	fig4_q20_PE_cutadapt_unite	Cutadapt	PE	PE	Cutadapt	Ascomycota_p	Ascomycota_p
ea682988cc2366bcca203b858e165dbf	UNITE	Ascomycota_p	Ascomycota_p	k__Fungi; p__Ascomycota; c__Ascomycota_p; o__Ascomycota_p; f__Ascomycota_p; g__Ascomycota_p; s__Ascomycota_p	fig4_q20_PE_cutadapt_unite	Cutadapt	PE	PE	Cutadapt	Ascomycota_p	Ascomycota_p
8fa026cd7de8b2de01e24a358b88be37	UNITE	Fungi_k	Fungi_k	k__Fungi; p__Fungi_k; c__Fungi_k; o__Fungi_k; f__Fungi_k; g__Fungi_k; s__Fungi_k	fig4_q20_PE_cutadapt_unite	Cutadapt	PE	PE	Cutadapt	Fungi_k	Fungi_k
4b54985ad5446341d5ff07722207c144	UNITE	Ascomycota_p	Ascomycota_p	k__Fungi; p__Ascomycota; c__Ascomycota_p; o__Ascomycota_p; f__Ascomycota_p; g__Ascomycota_p; s__Ascomycota_p	fig4_q20_PE_cutadapt_unite	Cutadapt	PE	PE	Cutadapt	Ascomycota_p	Ascomycota_p
63e821fd9fdbf2d8444cbd74ace0344b	UNITE	Fungi_k	Fungi_k	k__Fungi; p__Fungi_k; c__Fungi_k; o__Fungi_k; f__Fungi_k; g__Fungi_k; s__Fungi_k	fig4_q20_PE_cutadapt_unite	Cutadapt	PE	PE	Cutadapt	Fungi_k	Fungi_k
b9bf649979c8d63c1c961595bd9cbfb0	UNITE	Ascomycota_p	Ascomycota_p	k__Fungi; p__Ascomycota; c__Ascomycota_p; o__Ascomycota_p; f__Ascomycota_p; g__Ascomycota_p; s__Ascomycota_p	fig4_q20_PE_cutadapt_unite	Cutadapt	PE	PE	Cutadapt	Ascomycota_p	Ascomycota_p
54a9657d58d6908639ab20f13473c550	UNITE	Ascomycota_p	Ascomycota_p	k__Fungi; p__Ascomycota; c__Ascomycota_p; o__Ascomycota_p; f__Ascomycota_p; g__Ascomycota_p; s__Ascomycota_p	fig4_q20_PE_cutadapt_unite	Cutadapt	PE	PE	Cutadapt	Ascomycota_p	Ascomycota_p
61dac92d18153645f1b7803b725f026e	UNITE	Cryptococcus	Cryptococcus_neoformans	k__Fungi; p__Basidiomycota; c__Tremellomycetes; o__Tremellales; f__Cryptococcaceae; g__Cryptococcus; s__Cryptococcus_neoformans	fig4_q20_PE_cutadapt_unite	Cutadapt	PE	PE	Cutadapt	Cryptococcus	Cryptococcus_neoformans
2f59dd7e9fc446d7a14b08931d27996b	UNITE	Fungi_k	Fungi_k	k__Fungi; p__Fungi_k; c__Fungi_k; o__Fungi_k; f__Fungi_k; g__Fungi_k; s__Fungi_k	fig4_q20_PE_cutadapt_unite	Cutadapt	PE	PE	Cutadapt	Fungi_k	Fungi_k
72dd57beba4abec6d0d494eb0718bc12	UNITE	Trametes	Trametes_versicolor	k__Fungi; p__Basidiomycota; c__Agaricomycetes; o__Polyporales; f__Polyporaceae; g__Trametes; s__Trametes_versicolor	fig4_q20_PE_cutadapt_unite	Cutadapt	PE	PE	Cutadapt	Trametes	Trametes_versicolor
aa1c21768f0c6822b41cefe2fb555219	UNITE	Candida	Candida_albicans	k__Fungi; p__Ascomycota; c__Saccharomycetes; o__Saccharomycetales; f__Saccharomycetales_fam_Incertae_sedis; g__Candida; s__Candida_albicans	fig4_q20_PE_cutadapt_unite	Cutadapt	PE	PE	Cutadapt	Candida	Candida_albicans
c775e1e68ff04f34433731d8adc2836c	UNITE	Fungi_k	Fungi_k	k__Fungi; p__Fungi_k; c__Fungi_k; o__Fungi_k; f__Fungi_k; g__Fungi_k; s__Fungi_k	fig4_q20_PE_cutadapt_unite	Cutadapt	PE	PE	Cutadapt	Fungi_k	Fungi_k
489bc5e89193d4fe9dfdd84adf0546b3	UNITE	Mycoaciella	Mycoaciella_efibulata	k__Fungi; p__Basidiomycota; c__Agaricomycetes; o__Polyporales; f__Meruliaceae; g__Mycoaciella; s__Mycoaciella_efibulata	fig4_q20_PE_cutadapt_unite	Cutadapt	PE	PE	Cutadapt	Mycoaciella	Mycoaciella_efibulata
546d990a90f7a2a349d951836ff0f2fd	UNITE	Pleurotus	Pleurotus_ostreatus	k__Fungi; p__Basidiomycota; c__Agaricomycetes; o__Agaricales; f__Pleurotaceae; g__Pleurotus; s__Pleurotus_ostreatus	fig4_q20_PE_cutadapt_unite	Cutadapt	PE	PE	Cutadapt	Pleurotus	Pleurotus_ostreatus
af8682056a1a9eb428a421148900295c	UNITE	Fungi_k	Fungi_k	k__Fungi; p__Fungi_k; c__Fungi_k; o__Fungi_k; f__Fungi_k; g__Fungi_k; s__Fungi_k	fig4_q20_PE_cutadapt_unite	Cutadapt	PE	PE	Cutadapt	Fungi_k	Fungi_k
15f625a79a06fdc049afd9842e648080	UNITE	Irpex	Irpex_laceratus	k__Fungi; p__Basidiomycota; c__Agaricomycetes; o__Polyporales; f__Irpicaceae; g__Irpex; s__Irpex_laceratus	fig4_q20_PE_cutadapt_unite	Cutadapt	PE	PE	Cutadapt	Irpex	Irpex_laceratus
1e00172a134024897f0a1637e7f9f7eb	UNITE	Fungi_k	Fungi_k	k__Fungi; p__Fungi_k; c__Fungi_k; o__Fungi_k; f__Fungi_k; g__Fungi_k; s__Fungi_k	fig4_q20_PE_cutadapt_unite	Cutadapt	PE	PE	Cutadapt	Fungi_k	Fungi_k
6d384cafc19065cc87fda307fc5edc62	UNITE	Phlebia	Phlebia_acanthocystis	k__Fungi; p__Basidiomycota; c__Agaricomycetes; o__Polyporales; f__Meruliaceae; g__Phlebia; s__Phlebia_acanthocystis	fig4_q20_PE_cutadapt_unite	Cutadapt	PE	PE	Cutadapt	Phlebia	Phlebia_acanthocystis
a95bc4ccde33d49942cae98b507849d2	UNITE	Candida	Candida_albicans	k__Fungi; p__Ascomycota; c__Saccharomycetes; o__Saccharomycetales; f__Saccharomycetales_fam_Incertae_sedis; g__Candida; s__Candida_albicans	fig4_q20_PE_cutadapt_unite	Cutadapt	PE	PE	Cutadapt	Candida	Candida_albicans
5d5c68762a61289edf822ec0e8f464a8	UNITE	Candida	Candida_albicans	k__Fungi; p__Ascomycota; c__Saccharomycetes; o__Saccharomycetales; f__Saccharomycetales_fam_Incertae_sedis; g__Candida; s__Candida_albicans	fig4_q20_PE_cutadapt_unite	Cutadapt	PE	PE	Cutadapt	Candida	Candida_albicans
6a7f7a201bfc27f26a52596bb5f958db	UNITE	Hericiaceae_f	Hericiaceae_f	k__Fungi; p__Basidiomycota; c__Agaricomycetes; o__Russulales; f__Hericiaceae; g__Hericiaceae_f; s__Hericiaceae_f	fig4_q20_PE_cutadapt_unite	Cutadapt	PE	PE	Cutadapt	Hericiaceae_f	Hericiaceae_f
4f64f4d8332a80d95d2636365ec9ce6f	UNITE	Phanerochaete	Phanerochaete_cumulodentata	k__Fungi; p__Basidiomycota; c__Agaricomycetes; o__Polyporales; f__Phanerochaetaceae; g__Phanerochaete; s__Phanerochaete_cumulodentata	fig4_q20_PE_cutadapt_unite	Cutadapt	PE	PE	Cutadapt	Phanerochaete	Phanerochaete_cumulodentata
6d4463163d7baef1ffc030ac5434b8fa	UNITE	Mycoaciella	Mycoaciella_efibulata	k__Fungi; p__Basidiomycota; c__Agaricomycetes; o__Polyporales; f__Meruliaceae; g__Mycoaciella; s__Mycoaciella_efibulata	fig4_q20_PE_cutadapt_unite	Cutadapt	PE	PE	Cutadapt	Mycoaciella	Mycoaciella_efibulata
85cb2942a1f31a70093f7fd33e282c10	UNITE	Ophiosphaerella	Ophiosphaerella_aquatica	k__Fungi; p__Ascomycota; c__Dothideomycetes; o__Pleosporales; f__Phaeosphaeriaceae; g__Ophiosphaerella; s__Ophiosphaerella_aquatica	fig4_q20_PE_cutadapt_unite	Cutadapt	PE	PE	Cutadapt	Ophiosphaerella	Ophiosphaerella_aquatica
653186fd067372dd2084721fb1479f53	UNITE	Sertulicium	Unclassified	k__Fungi; p__Basidiomycota; c__Agaricomycetes; o__Trechisporales; f__Trechisporales_fam_Incertae_sedis; g__Sertulicium; s__Sertulicium_g	fig4_q20_PE_cutadapt_unite	Cutadapt	PE	PE	Cutadapt	Sertulicium	Unclassified
f24bad932a40bd5907b66928b249e6c4	UNITE	Peniophoraceae_f	Peniophoraceae_f	k__Fungi; p__Basidiomycota; c__Agaricomycetes; o__Russulales; f__Peniophoraceae; g__Peniophoraceae_f; s__Peniophoraceae_f	fig4_q20_PE_cutadapt_unite	Cutadapt	PE	PE	Cutadapt	Peniophoraceae_f	Peniophoraceae_f
33ea755d5d779ed211481b54b94a9919	UNITE	Stereaceae_f	Stereaceae_f	k__Fungi; p__Basidiomycota; c__Agaricomycetes; o__Russulales; f__Stereaceae; g__Stereaceae_f; s__Stereaceae_f	fig4_q20_PE_cutadapt_unite	Cutadapt	PE	PE	Cutadapt	Stereaceae_f	Stereaceae_f
467fd7fdc68ec2bc3ff68ce05b78ab34	UNITE	Irpicaceae_f	Irpicaceae_f	k__Fungi; p__Basidiomycota; c__Agaricomycetes; o__Polyporales; f__Irpicaceae; g__Irpicaceae_f; s__Irpicaceae_f	fig4_q20_PE_cutadapt_unite	Cutadapt	PE	PE	Cutadapt	Irpicaceae_f	Irpicaceae_f
51a982396cf2a0411b8d9b98cd55f672	UNITE	Ascomycota_p	Ascomycota_p	k__Fungi; p__Ascomycota; c__Ascomycota_p; o__Ascomycota_p; f__Ascomycota_p; g__Ascomycota_p; s__Ascomycota_p	fig4_q20_PE_cutadapt_unite	Cutadapt	PE	PE	Cutadapt	Ascomycota_p	Ascomycota_p
90a27fd125785b348bf5414901cb8f88	UNITE	Peniophoraceae_f	Peniophoraceae_f	k__Fungi; p__Basidiomycota; c__Agaricomycetes; o__Russulales; f__Peniophoraceae; g__Peniophoraceae_f; s__Peniophoraceae_f	fig4_q20_PE_cutadapt_unite	Cutadapt	PE	PE	Cutadapt	Peniophoraceae_f	Peniophoraceae_f
295bfd812f42f8f02cd0ba4418aad5d9	UNITE	Clitopilus	Unclassified	k__Fungi; p__Basidiomycota; c__Agaricomycetes; o__Agaricales; f__Entolomataceae; g__Clitopilus; s__Clitopilus_g	fig4_q20_PE_cutadapt_unite	Cutadapt	PE	PE	Cutadapt	Clitopilus	Unclassified
40c94f5b821ef65501c4b2efa39da6db	UNITE	Polyporales_o	Polyporales_o	k__Fungi; p__Basidiomycota; c__Agaricomycetes; o__Polyporales; f__Polyporales_o; g__Polyporales_o; s__Polyporales_o	fig4_q20_PE_cutadapt_unite	Cutadapt	PE	PE	Cutadapt	Polyporales_o	Polyporales_o
4cff35afcd49a22c48b68822945290d1	UNITE	Gnomoniaceae_f	Gnomoniaceae_f	k__Fungi; p__Ascomycota; c__Sordariomycetes; o__Diaporthales; f__Gnomoniaceae; g__Gnomoniaceae_f; s__Gnomoniaceae_f	fig4_q20_PE_cutadapt_unite	Cutadapt	PE	PE	Cutadapt	Gnomoniaceae_f	Gnomoniaceae_f
51a98b7c5c93c54bda10caad99c364b6	UNITE	Phlebiopsis	Phlebiopsis_gigantea	k__Fungi; p__Basidiomycota; c__Agaricomycetes; o__Polyporales; f__Phanerochaetaceae; g__Phlebiopsis; s__Phlebiopsis_gigantea	fig4_q20_PE_cutadapt_unite	Cutadapt	PE	PE	Cutadapt	Phlebiopsis	Phlebiopsis_gigantea
ea6e93c84843aa3cfe82790b7e8ee81d	UNITE	Xylodon	Xylodon_flaviporus	k__Fungi; p__Basidiomycota; c__Agaricomycetes; o__Hymenochaetales; f__Schizoporaceae; g__Xylodon; s__Xylodon_flaviporus	fig4_q20_PE_cutadapt_unite	Cutadapt	PE	PE	Cutadapt	Xylodon	Xylodon_flaviporus
b4d30608377b8ba0a2db046367b63098	UNITE	Ceratobasidiaceae_f	Ceratobasidiaceae_f	k__Fungi; p__Basidiomycota; c__Agaricomycetes; o__Cantharellales; f__Ceratobasidiaceae; g__Ceratobasidiaceae_f; s__Ceratobasidiaceae_f	fig4_q20_PE_cutadapt_unite	Cutadapt	PE	PE	Cutadapt	Ceratobasidiaceae_f	Ceratobasidiaceae_f
ff8927283a289e09e5c48a5cf7d76e7d	UNITE	Paraphoma	Paraphoma_rhaphiolepidis	k__Fungi; p__Ascomycota; c__Dothideomycetes; o__Pleosporales; f__Phaeosphaeriaceae; g__Paraphoma; s__Paraphoma_rhaphiolepidis	fig4_q20_PE_cutadapt_unite	Cutadapt	PE	PE	Cutadapt	Paraphoma	Paraphoma_rhaphiolepidis
651475140040092883fd5b3dd2f0873e	UNITE	Fungi_k	Fungi_k	k__Fungi; p__Fungi_k; c__Fungi_k; o__Fungi_k; f__Fungi_k; g__Fungi_k; s__Fungi_k	fig4_q20_PE_cutadapt_unite	Cutadapt	PE	PE	Cutadapt	Fungi_k	Fungi_k
6e260a5a65f2e47329e92f8d5caeda51	UNITE	Fungi_k	Fungi_k	k__Fungi; p__Fungi_k; c__Fungi_k; o__Fungi_k; f__Fungi_k; g__Fungi_k; s__Fungi_k	fig4_q20_PE_cutadapt_unite	Cutadapt	PE	PE	Cutadapt	Fungi_k	Fungi_k
2160c1fb0f78e07cbc5167d7ceeb23e0	UNITE	Lecanoromycetes_c	Lecanoromycetes_c	k__Fungi; p__Ascomycota; c__Lecanoromycetes; o__Lecanoromycetes_c; f__Lecanoromycetes_c; g__Lecanoromycetes_c; s__Lecanoromycetes_c	fig4_q20_PE_cutadapt_unite	Cutadapt	PE	PE	Cutadapt	Lecanoromycetes_c	Lecanoromycetes_c
3eab78c489c453c266d9f7f00ff7a306	UNITE	Ascomycota_p	Ascomycota_p	k__Fungi; p__Ascomycota; c__Ascomycota_p; o__Ascomycota_p; f__Ascomycota_p; g__Ascomycota_p; s__Ascomycota_p	fig4_q20_PE_cutadapt_unite	Cutadapt	PE	PE	Cutadapt	Ascomycota_p	Ascomycota_p
3ef930b55e2179db9e69a5023d604394	UNITE	Lecanoromycetes_c	Lecanoromycetes_c	k__Fungi; p__Ascomycota; c__Lecanoromycetes; o__Lecanoromycetes_c; f__Lecanoromycetes_c; g__Lecanoromycetes_c; s__Lecanoromycetes_c	fig4_q20_PE_cutadapt_unite	Cutadapt	PE	PE	Cutadapt	Lecanoromycetes_c	Lecanoromycetes_c
698241831931245ee5b614ffb602879b	UNITE	Fungi_k	Fungi_k	k__Fungi; p__Fungi_k; c__Fungi_k; o__Fungi_k; f__Fungi_k; g__Fungi_k; s__Fungi_k	fig4_q20_PE_cutadapt_unite	Cutadapt	PE	PE	Cutadapt	Fungi_k	Fungi_k
713d81a47c60f29f9ac478f9ed48fe0f	UNITE	Lecanoromycetes_c	Lecanoromycetes_c	k__Fungi; p__Ascomycota; c__Lecanoromycetes; o__Lecanoromycetes_c; f__Lecanoromycetes_c; g__Lecanoromycetes_c; s__Lecanoromycetes_c	fig4_q20_PE_cutadapt_unite	Cutadapt	PE	PE	Cutadapt	Lecanoromycetes_c	Lecanoromycetes_c
cf4fa2152a817be452f36c833693f1f3	UNITE	Ascomycota_p	Ascomycota_p	k__Fungi; p__Ascomycota; c__Ascomycota_p; o__Ascomycota_p; f__Ascomycota_p; g__Ascomycota_p; s__Ascomycota_p	fig4_q20_PE_cutadapt_unite	Cutadapt	PE	PE	Cutadapt	Ascomycota_p	Ascomycota_p
50629e38a5bac7973130accf256c91f1	UNITE	Fungi_k	Fungi_k	k__Fungi; p__Fungi_k; c__Fungi_k; o__Fungi_k; f__Fungi_k; g__Fungi_k; s__Fungi_k	fig4_q20_PE_cutadapt_unite	Cutadapt	PE	PE	Cutadapt	Fungi_k	Fungi_k
429bcc81ef1faa02997413b774540036	UNITE	Ascomycota_p	Ascomycota_p	k__Fungi; p__Ascomycota; c__Ascomycota_p; o__Ascomycota_p; f__Ascomycota_p; g__Ascomycota_p; s__Ascomycota_p	fig4_q20_PE_cutadapt_unite	Cutadapt	PE	PE	Cutadapt	Ascomycota_p	Ascomycota_p
c64847cfa36b0333b9f6d18a5e75bb41	UNITE	Ascomycota_p	Ascomycota_p	k__Fungi; p__Ascomycota; c__Ascomycota_p; o__Ascomycota_p; f__Ascomycota_p; g__Ascomycota_p; s__Ascomycota_p	fig4_q20_PE_cutadapt_unite	Cutadapt	PE	PE	Cutadapt	Ascomycota_p	Ascomycota_p
dbce73c8a1ab561d6f614ddf237a3797	UNITE	Fungi_k	Fungi_k	k__Fungi; p__Fungi_k; c__Fungi_k; o__Fungi_k; f__Fungi_k; g__Fungi_k; s__Fungi_k	fig4_q20_PE_cutadapt_unite	Cutadapt	PE	PE	Cutadapt	Fungi_k	Fungi_k
b1b56cea93a72ff60293ce9f58596645	UNITE	Ascomycota_p	Ascomycota_p	k__Fungi; p__Ascomycota; c__Ascomycota_p; o__Ascomycota_p; f__Ascomycota_p; g__Ascomycota_p; s__Ascomycota_p	fig4_q20_PE_cutadapt_unite	Cutadapt	PE	PE	Cutadapt	Ascomycota_p	Ascomycota_p
b65a2b82cd127c5e2a47ad8faa1b752a	UNITE	Fungi_k	Fungi_k	k__Fungi; p__Fungi_k; c__Fungi_k; o__Fungi_k; f__Fungi_k; g__Fungi_k; s__Fungi_k	fig4_q20_PE_cutadapt_unite	Cutadapt	PE	PE	Cutadapt	Fungi_k	Fungi_k
2bc30a5545badee22da1375355460f31	UNITE	Ascomycota_p	Ascomycota_p	k__Fungi; p__Ascomycota; c__Ascomycota_p; o__Ascomycota_p; f__Ascomycota_p; g__Ascomycota_p; s__Ascomycota_p	fig4_q20_PE_cutadapt_unite	Cutadapt	PE	PE	Cutadapt	Ascomycota_p	Ascomycota_p
6a488ebb19374e75ab8c1844bbafce8d	UNITE	Fungi_k	Fungi_k	k__Fungi; p__Fungi_k; c__Fungi_k; o__Fungi_k; f__Fungi_k; g__Fungi_k; s__Fungi_k	fig4_q20_PE_cutadapt_unite	Cutadapt	PE	PE	Cutadapt	Fungi_k	Fungi_k
63a2e674402c346299d4c1df81ed5836	UNITE	Arthrodermataceae_f	Arthrodermataceae_f	k__Fungi; p__Ascomycota; c__Eurotiomycetes; o__Onygenales; f__Arthrodermataceae; g__Arthrodermataceae_f; s__Arthrodermataceae_f	fig4_q20_PE_cutadapt_unite	Cutadapt	PE	PE	Cutadapt	Arthrodermataceae_f	Arthrodermataceae_f
bad85d945e752646a087d8f0bbad3e12	UNITE	Cryptococcus	Cryptococcus_neoformans	k__Fungi; p__Basidiomycota; c__Tremellomycetes; o__Tremellales; f__Cryptococcaceae; g__Cryptococcus; s__Cryptococcus_neoformans	fig4_q20_PE_cutadapt_unite	Cutadapt	PE	PE	Cutadapt	Cryptococcus	Cryptococcus_neoformans
e07035ca1a78a733b80b767ee1d87f86	UNITE	Saccharomyces	Unclassified	k__Fungi; p__Ascomycota; c__Saccharomycetes; o__Saccharomycetales; f__Saccharomycetaceae; g__Saccharomyces; s__Saccharomyces_g	fig4_q20_PE_cutadapt_unite	Cutadapt	PE	PE	Cutadapt	Saccharomyces	Unclassified
e112c29f1d4d30f93d6a4f997da66225	UNITE	Leptosillia	Unclassified	k__Fungi; p__Ascomycota; c__Sordariomycetes; o__Xylariales; f__Leptosilliaceae; g__Leptosillia; s__Leptosillia_g	fig4_q20_PE_cutadapt_unite	Cutadapt	PE	PE	Cutadapt	Leptosillia	Unclassified
a5d3ae1fbaa69186a9e9039292c6e302	UNITE	Pichia	Pichia_kudriavzevii	k__Fungi; p__Ascomycota; c__Saccharomycetes; o__Saccharomycetales; f__Pichiaceae; g__Pichia; s__Pichia_kudriavzevii	fig4_q20_PE_cutadapt_unite	Cutadapt	PE	PE	Cutadapt	Pichia	Pichia_kudriavzevii
5a76779a9b28c5e5452a22a45442766d	UNITE	Saccharomycetales_o	Saccharomycetales_o	k__Fungi; p__Ascomycota; c__Saccharomycetes; o__Saccharomycetales; f__Saccharomycetales_o; g__Saccharomycetales_o; s__Saccharomycetales_o	fig4_q20_PE_cutadapt_unite	Cutadapt	PE	PE	Cutadapt	Saccharomycetales_o	Saccharomycetales_o
3126603ce7da70b1f82edec8c3993711	UNITE	Dothideomycetes_c	Dothideomycetes_c	k__Fungi; p__Ascomycota; c__Dothideomycetes; o__Dothideomycetes_c; f__Dothideomycetes_c; g__Dothideomycetes_c; s__Dothideomycetes_c	fig4_q20_PE_cutadapt_unite	Cutadapt	PE	PE	Cutadapt	Dothideomycetes_c	Dothideomycetes_c
f7218976c1e3cfa5b3311810d216b38c	UNITE	Penicillium	Unclassified	k__Fungi; p__Ascomycota; c__Eurotiomycetes; o__Eurotiales; f__Aspergillaceae; g__Penicillium; s__Penicillium_g	fig4_q20_PE_cutadapt_unite	Cutadapt	PE	PE	Cutadapt	Penicillium	Unclassified
ae1c28c09e8a8dbacae3a27acfde87d6	UNITE	Schizophyllum	Schizophyllum_commune	k__Fungi; p__Basidiomycota; c__Agaricomycetes; o__Agaricales; f__Schizophyllaceae; g__Schizophyllum; s__Schizophyllum_commune	fig4_q20_PE_cutadapt_unite	Cutadapt	PE	PE	Cutadapt	Schizophyllum	Schizophyllum_commune
066d3a6a9990f7d9069cd4f072317dbe	UNITE	Schizophyllum	Schizophyllum_commune	k__Fungi; p__Basidiomycota; c__Agaricomycetes; o__Agaricales; f__Schizophyllaceae; g__Schizophyllum; s__Schizophyllum_commune	fig4_q20_PE_cutadapt_unite	Cutadapt	PE	PE	Cutadapt	Schizophyllum	Schizophyllum_commune
dbe4c02721914378ee2ed8912a91d64e	UNITE	Cystofilobasidium	Cystofilobasidium_capitatum	k__Fungi; p__Basidiomycota; c__Tremellomycetes; o__Cystofilobasidiales; f__Cystofilobasidiaceae; g__Cystofilobasidium; s__Cystofilobasidium_capitatum	fig4_q20_PE_cutadapt_unite	Cutadapt	PE	PE	Cutadapt	Cystofilobasidium	Cystofilobasidium_capitatum
0688c26b368b7fdfa3039ec0e57440b9	UNITE	Xylodon	Xylodon_exilis	k__Fungi; p__Basidiomycota; c__Agaricomycetes; o__Hymenochaetales; f__Schizoporaceae; g__Xylodon; s__Xylodon_exilis	fig4_q20_PE_cutadapt_unite	Cutadapt	PE	PE	Cutadapt	Xylodon	Xylodon_exilis
a0af600e9571d2458f95c090bdccea44	UNITE	Hyphodontia	Hyphodontia_tropica	k__Fungi; p__Basidiomycota; c__Agaricomycetes; o__Hymenochaetales; f__Schizoporaceae; g__Hyphodontia; s__Hyphodontia_tropica	fig4_q20_PE_cutadapt_unite	Cutadapt	PE	PE	Cutadapt	Hyphodontia	Hyphodontia_tropica
925459f9e4c80260242c0958f30b54e0	UNITE	Polyporales_o	Polyporales_o	k__Fungi; p__Basidiomycota; c__Agaricomycetes; o__Polyporales; f__Polyporales_o; g__Polyporales_o; s__Polyporales_o	fig4_q20_PE_cutadapt_unite	Cutadapt	PE	PE	Cutadapt	Polyporales_o	Polyporales_o
7d4e12dd159836405acad62046c8829b	UNITE	Fungi_k	Fungi_k	k__Fungi; p__Fungi_k; c__Fungi_k; o__Fungi_k; f__Fungi_k; g__Fungi_k; s__Fungi_k	fig4_q20_PE_cutadapt_unite	Cutadapt	PE	PE	Cutadapt	Fungi_k	Fungi_k
c49d0b7026b426e0ba1f838a9273ebf6	UNITE	Sporobolomyces	Sporobolomyces_ruberrimus	k__Fungi; p__Basidiomycota; c__Microbotryomycetes; o__Sporidiobolales; f__Sporidiobolaceae; g__Sporobolomyces; s__Sporobolomyces_ruberrimus	fig4_q20_PE_cutadapt_unite	Cutadapt	PE	PE	Cutadapt	Sporobolomyces	Sporobolomyces_ruberrimus
5a3d239f7ef2ab837d7336056dfb1edb	UNITE	Schizoporaceae_f	Schizoporaceae_f	k__Fungi; p__Basidiomycota; c__Agaricomycetes; o__Hymenochaetales; f__Schizoporaceae; g__Schizoporaceae_f; s__Schizoporaceae_f	fig4_q20_PE_cutadapt_unite	Cutadapt	PE	PE	Cutadapt	Schizoporaceae_f	Schizoporaceae_f
27675a9b515ab3c43fb581666f6398c1	UNITE	Amphisphaeriales_o	Amphisphaeriales_o	k__Fungi; p__Ascomycota; c__Sordariomycetes; o__Amphisphaeriales; f__Amphisphaeriales_o; g__Amphisphaeriales_o; s__Amphisphaeriales_o	fig4_q20_PE_cutadapt_unite	Cutadapt	PE	PE	Cutadapt	Amphisphaeriales_o	Amphisphaeriales_o
7cad0bdd816afb85c88fd63f1d036143	UNITE	Mollisia	Mollisia_cinerea	k__Fungi; p__Ascomycota; c__Leotiomycetes; o__Helotiales; f__Mollisiaceae; g__Mollisia; s__Mollisia_cinerea	fig4_q20_PE_cutadapt_unite	Cutadapt	PE	PE	Cutadapt	Mollisia	Mollisia_cinerea
5d9802182df7538d2c6be1cdfeb85659	UNITE	Peniophorella	Peniophorella_crystallifera	k__Fungi; p__Basidiomycota; c__Agaricomycetes; o__Hymenochaetales; f__Rickenellaceae; g__Peniophorella; s__Peniophorella_crystallifera	fig4_q20_PE_cutadapt_unite	Cutadapt	PE	PE	Cutadapt	Peniophorella	Peniophorella_crystallifera
c054c50e00ab77bb215bd00f935c0550	UNITE	Candolleomyces	Unclassified	k__Fungi; p__Basidiomycota; c__Agaricomycetes; o__Agaricales; f__Psathyrellaceae; g__Candolleomyces; s__Candolleomyces_g	fig4_q20_PE_cutadapt_unite	Cutadapt	PE	PE	Cutadapt	Candolleomyces	Unclassified
33dea5eef821c3979a5126d39932b903	UNITE	Stereaceae_f	Stereaceae_f	k__Fungi; p__Basidiomycota; c__Agaricomycetes; o__Russulales; f__Stereaceae; g__Stereaceae_f; s__Stereaceae_f	fig4_q20_PE_cutadapt_unite	Cutadapt	PE	PE	Cutadapt	Stereaceae_f	Stereaceae_f
72698b1fcb1822c8e37cdd124ada9b17	UNITE	Agaricomycetes_c	Agaricomycetes_c	k__Fungi; p__Basidiomycota; c__Agaricomycetes; o__Agaricomycetes_c; f__Agaricomycetes_c; g__Agaricomycetes_c; s__Agaricomycetes_c	fig4_q20_PE_cutadapt_unite	Cutadapt	PE	PE	Cutadapt	Agaricomycetes_c	Agaricomycetes_c
3da800126d9b7c1f05fa15feb7cd6c42	UNITE	Mycoaciella	Mycoaciella_efibulata	k__Fungi; p__Basidiomycota; c__Agaricomycetes; o__Polyporales; f__Meruliaceae; g__Mycoaciella; s__Mycoaciella_efibulata	fig4_q20_PE_cutadapt_unite	Cutadapt	PE	PE	Cutadapt	Mycoaciella	Mycoaciella_efibulata
5c51cdf8de3c7b6aa78fc4cf2bcaeab3	UNITE	Polyporales_o	Polyporales_o	k__Fungi; p__Basidiomycota; c__Agaricomycetes; o__Polyporales; f__Polyporales_o; g__Polyporales_o; s__Polyporales_o	fig4_q20_PE_cutadapt_unite	Cutadapt	PE	PE	Cutadapt	Polyporales_o	Polyporales_o
91fbfffaa8ea4d1f238535467464c8e6	UNITE	Candolleomyces	Candolleomyces_sulcatotuberculosus	k__Fungi; p__Basidiomycota; c__Agaricomycetes; o__Agaricales; f__Psathyrellaceae; g__Candolleomyces; s__Candolleomyces_sulcatotuberculosus	fig4_q20_PE_cutadapt_unite	Cutadapt	PE	PE	Cutadapt	Candolleomyces	Candolleomyces_sulcatotuberculosus
d12bec04329f5ff001a3f36842de4fcf	UNITE	Trechisporales_o	Trechisporales_o	k__Fungi; p__Basidiomycota; c__Agaricomycetes; o__Trechisporales; f__Trechisporales_o; g__Trechisporales_o; s__Trechisporales_o	fig4_q20_PE_cutadapt_unite	Cutadapt	PE	PE	Cutadapt	Trechisporales_o	Trechisporales_o
2ef1afa1f22282539202afd02e736199	UNITE	Peniophorella	Peniophorella_pubera	k__Fungi; p__Basidiomycota; c__Agaricomycetes; o__Hymenochaetales; f__Rickenellaceae; g__Peniophorella; s__Peniophorella_pubera	fig4_q20_PE_cutadapt_unite	Cutadapt	PE	PE	Cutadapt	Peniophorella	Peniophorella_pubera
6b37ace5f30e38cad6ca59d96f79d969	UNITE	Polyporales_o	Polyporales_o	k__Fungi; p__Basidiomycota; c__Agaricomycetes; o__Polyporales; f__Polyporales_o; g__Polyporales_o; s__Polyporales_o	fig4_q20_PE_cutadapt_unite	Cutadapt	PE	PE	Cutadapt	Polyporales_o	Polyporales_o
4b5579bef6f79e98d1ff9397bb7673ce	UNITE	Coprinopsis	Coprinopsis_urticicola	k__Fungi; p__Basidiomycota; c__Agaricomycetes; o__Agaricales; f__Psathyrellaceae; g__Coprinopsis; s__Coprinopsis_urticicola	fig4_q20_PE_cutadapt_unite	Cutadapt	PE	PE	Cutadapt	Coprinopsis	Coprinopsis_urticicola
b16db1fc7966f2e08f1492e3d2f0b4b2	UNITE	Ascomycota_p	Ascomycota_p	k__Fungi; p__Ascomycota; c__Ascomycota_p; o__Ascomycota_p; f__Ascomycota_p; g__Ascomycota_p; s__Ascomycota_p	fig4_q20_PE_cutadapt_unite	Cutadapt	PE	PE	Cutadapt	Ascomycota_p	Ascomycota_p
f8dfb2eaf616ca6fd27b85fafa01d333	UNITE	Fungi_k	Fungi_k	k__Fungi; p__Fungi_k; c__Fungi_k; o__Fungi_k; f__Fungi_k; g__Fungi_k; s__Fungi_k	fig4_q20_PE_cutadapt_unite	Cutadapt	PE	PE	Cutadapt	Fungi_k	Fungi_k
e8657b7595d5e8e4e50826f1c25b6aa6	UNITE	Ascomycota_p	Ascomycota_p	k__Fungi; p__Ascomycota; c__Ascomycota_p; o__Ascomycota_p; f__Ascomycota_p; g__Ascomycota_p; s__Ascomycota_p	fig4_q20_PE_cutadapt_unite	Cutadapt	PE	PE	Cutadapt	Ascomycota_p	Ascomycota_p
e8f7198381d65dc8753f199663cec60c	UNITE	Fungi_k	Fungi_k	k__Fungi; p__Fungi_k; c__Fungi_k; o__Fungi_k; f__Fungi_k; g__Fungi_k; s__Fungi_k	fig4_q20_PE_cutadapt_unite	Cutadapt	PE	PE	Cutadapt	Fungi_k	Fungi_k
05637633861c9529972320140cc64f60	UNITE	Fungi_k	Fungi_k	k__Fungi; p__Fungi_k; c__Fungi_k; o__Fungi_k; f__Fungi_k; g__Fungi_k; s__Fungi_k	fig4_q20_PE_cutadapt_unite	Cutadapt	PE	PE	Cutadapt	Fungi_k	Fungi_k
d24759e6ba7e7f4d6daa0a60270c817e	UNITE	Fungi_k	Fungi_k	k__Fungi; p__Fungi_k; c__Fungi_k; o__Fungi_k; f__Fungi_k; g__Fungi_k; s__Fungi_k	fig4_q20_PE_cutadapt_unite	Cutadapt	PE	PE	Cutadapt	Fungi_k	Fungi_k
94582dfd0163256b9ba66b217191b5d7	UNITE+BLAST	Candida	Candida_albicans	NA	fig4_q20_PE_cutadapt_unite	Cutadapt	PE	PE	Cutadapt	Candida	Candida_albicans
03de5f5896c6815c01fb82e636a2d449	UNITE+BLAST	Cutaneotrichosporon	Cutaneotrichosporon_mucoides	NA	fig4_q20_PE_cutadapt_unite	Cutadapt	PE	PE	Cutadapt	Cutaneotrichosporon	Cutaneotrichosporon_mucoides
a18789fb47a3a707fd63fa3b4051fac8	UNITE+BLAST	Cryptococcus	Cryptococcus_neoformans	NA	fig4_q20_PE_cutadapt_unite	Cutadapt	PE	PE	Cutadapt	Cryptococcus	Cryptococcus_neoformans
77af6915246bc6753bf0513efd3804c2	UNITE+BLAST	Penicillium	Unclassified	NA	fig4_q20_PE_cutadapt_unite	Cutadapt	PE	PE	Cutadapt	Penicillium	Unclassified
780933a320c8e557970d7d3bb1a87d12	UNITE+BLAST	Nakaseomyces	Nakaseomyces_glabratus	NA	fig4_q20_PE_cutadapt_unite	Cutadapt	PE	PE	Cutadapt	Nakaseomyces	Nakaseomyces_glabratus
0ea5c361d3337b625fb478ae11fb59bb	UNITE+BLAST	Saccharomyces	Saccharomyces_cerevisiae	NA	fig4_q20_PE_cutadapt_unite	Cutadapt	PE	PE	Cutadapt	Saccharomyces	Saccharomyces_cerevisiae
9fe16fd93ac73e9e4d58434fd4438af0	UNITE+BLAST	Ascomycota_p	Ascomycota_p	NA	fig4_q20_PE_cutadapt_unite	Cutadapt	PE	PE	Cutadapt	Ascomycota_p	Ascomycota_p
da3dbb64be8691d27645aa7b82caeba7	UNITE+BLAST	Aspergillus	Aspergillus_fumigatus	NA	fig4_q20_PE_cutadapt_unite	Cutadapt	PE	PE	Cutadapt	Aspergillus	Aspergillus_fumigatus
52abf2800a42f042af61ae60aca8d5fc	UNITE+BLAST	Candida	Candida_albicans	NA	fig4_q20_PE_cutadapt_unite	Cutadapt	PE	PE	Cutadapt	Candida	Candida_albicans
3b4e11535ad357e303ef9030433d4713	UNITE+BLAST	Ascomycota_p	Ascomycota_p	NA	fig4_q20_PE_cutadapt_unite	Cutadapt	PE	PE	Cutadapt	Ascomycota_p	Ascomycota_p
e44ef40252932c0964ad866230e82b21	UNITE+BLAST	Komagataella	Komagataella_phaffii	NA	fig4_q20_PE_cutadapt_unite	Cutadapt	PE	PE	Cutadapt	Komagataella	Komagataella_phaffii
61d8d693c2929788a39237ffcfa57ced	UNITE+BLAST	Fungi_k	Fungi_k	NA	fig4_q20_PE_cutadapt_unite	Cutadapt	PE	PE	Cutadapt	Fungi_k	Fungi_k
2e034c1aa05be4c5111594d8a3c15afd	UNITE+BLAST	Fungi_k	Fungi_k	NA	fig4_q20_PE_cutadapt_unite	Cutadapt	PE	PE	Cutadapt	Fungi_k	Fungi_k
fa49207aafe8816360a131aaed63c5c4	UNITE+BLAST	Cutaneotrichosporon	Cutaneotrichosporon_mucoides	NA	fig4_q20_PE_cutadapt_unite	Cutadapt	PE	PE	Cutadapt	Cutaneotrichosporon	Cutaneotrichosporon_mucoides
deb97cee17e99b323f1cbf412123cbe4	UNITE+BLAST	Ascomycota_p	Ascomycota_p	NA	fig4_q20_PE_cutadapt_unite	Cutadapt	PE	PE	Cutadapt	Ascomycota_p	Ascomycota_p
529773f8e657ea61f96deda99c494873	UNITE+BLAST	Ascomycota_p	Ascomycota_p	NA	fig4_q20_PE_cutadapt_unite	Cutadapt	PE	PE	Cutadapt	Ascomycota_p	Ascomycota_p
590132bd07b175817d210a561f31a4a7	UNITE+BLAST	Trichophyton	Trichophyton_mentagrophytes	NA	fig4_q20_PE_cutadapt_unite	Cutadapt	PE	PE	Cutadapt	Trichophyton	Trichophyton_mentagrophytes
c9a2dd5edf6fe21dc7d2e5b0e3e42e22	UNITE+BLAST	Cutaneotrichosporon	Cutaneotrichosporon_debeurmannianum	NA	fig4_q20_PE_cutadapt_unite	Cutadapt	PE	PE	Cutadapt	Cutaneotrichosporon	Cutaneotrichosporon_debeurmannianum
b8bd3043d0b693dc6b5b7d4ae86033f9	UNITE+BLAST	Candida	Candida_albicans	NA	fig4_q20_PE_cutadapt_unite	Cutadapt	PE	PE	Cutadapt	Candida	Candida_albicans
20724af4e0f4acaddd718dafdbd09bfa	UNITE+BLAST	Cutaneotrichosporon	Cutaneotrichosporon_mucoides	NA	fig4_q20_PE_cutadapt_unite	Cutadapt	PE	PE	Cutadapt	Cutaneotrichosporon	Cutaneotrichosporon_mucoides
f4d59f3582021edd31f8a66bfbe26d3f	UNITE+BLAST	Irpex	Irpex_hydnoides	NA	fig4_q20_PE_cutadapt_unite	Cutadapt	PE	PE	Cutadapt	Irpex	Irpex_hydnoides
905456212b0753912cb440d99f46a06a	UNITE+BLAST	Ascomycota_p	Ascomycota_p	NA	fig4_q20_PE_cutadapt_unite	Cutadapt	PE	PE	Cutadapt	Ascomycota_p	Ascomycota_p
c00e96a58a1ae48a395bb606dd9cffb5	UNITE+BLAST	Neopyrenochaeta	Unclassified	NA	fig4_q20_PE_cutadapt_unite	Cutadapt	PE	PE	Cutadapt	Neopyrenochaeta	Unclassified
7bc674b40d076f018a37dfafe8b2816b	UNITE+BLAST	Ascomycota_p	Ascomycota_p	NA	fig4_q20_PE_cutadapt_unite	Cutadapt	PE	PE	Cutadapt	Ascomycota_p	Ascomycota_p
b51b5ed103b9c82d0f30382550327fbd	UNITE+BLAST	Kazachstania	Kazachstania_servazzii	NA	fig4_q20_PE_cutadapt_unite	Cutadapt	PE	PE	Cutadapt	Kazachstania	Kazachstania_servazzii
483028ff24e4f601e06ded031e01d11a	UNITE+BLAST	Irpex	Irpex_laceratus	NA	fig4_q20_PE_cutadapt_unite	Cutadapt	PE	PE	Cutadapt	Irpex	Irpex_laceratus
cbc3861eff42f4b8102fa7270debb33b	UNITE+BLAST	Debaryomyces	Debaryomyces_delbrueckii	NA	fig4_q20_PE_cutadapt_unite	Cutadapt	PE	PE	Cutadapt	Debaryomyces	Debaryomyces_delbrueckii
5cc7803067c02af3c15f0c65dabd35ef	UNITE+BLAST	Dothideomycetes_c	Dothideomycetes_c	NA	fig4_q20_PE_cutadapt_unite	Cutadapt	PE	PE	Cutadapt	Dothideomycetes_c	Dothideomycetes_c
97549e4fa4e4837c3b81d3f01db97dea	UNITE+BLAST	Candida	Candida_albicans	NA	fig4_q20_PE_cutadapt_unite	Cutadapt	PE	PE	Cutadapt	Candida	Candida_albicans
6c6f38ebf80a8a9c7ca3c50dc2363d1f	UNITE+BLAST	Fungi_k	Fungi_k	NA	fig4_q20_PE_cutadapt_unite	Cutadapt	PE	PE	Cutadapt	Fungi_k	Fungi_k
7ab51b82ee043df208fbd659506c728d	UNITE+BLAST	Fusarium	Fusarium_keratoplasticum	NA	fig4_q20_PE_cutadapt_unite	Cutadapt	PE	PE	Cutadapt	Fusarium	Fusarium_keratoplasticum
708fe7d9660f6d64ee5ba7114357ed41	UNITE+BLAST	Nigrospora	Unclassified	NA	fig4_q20_PE_cutadapt_unite	Cutadapt	PE	PE	Cutadapt	Nigrospora	Unclassified
570f764a5084a41650f1c49d6f3fd466	UNITE+BLAST	Peniophoraceae_f	Peniophoraceae_f	NA	fig4_q20_PE_cutadapt_unite	Cutadapt	PE	PE	Cutadapt	Peniophoraceae_f	Peniophoraceae_f
69cad094d1f2f95bff94506e12821dd6	UNITE+BLAST	Didymellaceae_f	Didymellaceae_f	NA	fig4_q20_PE_cutadapt_unite	Cutadapt	PE	PE	Cutadapt	Didymellaceae_f	Didymellaceae_f
12bc1df8e5526b1c0c554f895543944a	UNITE+BLAST	Candida	Candida_albicans	NA	fig4_q20_PE_cutadapt_unite	Cutadapt	PE	PE	Cutadapt	Candida	Candida_albicans
62fabc748aba349f3ab0821df3e005b3	UNITE+BLAST	Stereaceae_f	Stereaceae_f	NA	fig4_q20_PE_cutadapt_unite	Cutadapt	PE	PE	Cutadapt	Stereaceae_f	Stereaceae_f
abda00a1053fab78918a5c5f282b90ec	UNITE+BLAST	Candida	Candida_albicans	NA	fig4_q20_PE_cutadapt_unite	Cutadapt	PE	PE	Cutadapt	Candida	Candida_albicans
e25bb45f33000148f4784fb8a0192a94	UNITE+BLAST	Saccharomyces	Saccharomyces_cerevisiae	NA	fig4_q20_PE_cutadapt_unite	Cutadapt	PE	PE	Cutadapt	Saccharomyces	Saccharomyces_cerevisiae
f3a40e2dc8515c8e668fe47d3b330794	UNITE+BLAST	Cutaneotrichosporon	Cutaneotrichosporon_mucoides	NA	fig4_q20_PE_cutadapt_unite	Cutadapt	PE	PE	Cutadapt	Cutaneotrichosporon	Cutaneotrichosporon_mucoides
01b9bca264d99ceaedcce67eeee0c285	UNITE+BLAST	Didymellaceae_f	Didymellaceae_f	NA	fig4_q20_PE_cutadapt_unite	Cutadapt	PE	PE	Cutadapt	Didymellaceae_f	Didymellaceae_f
fe5dd60487e397f73714f40f42953e76	UNITE+BLAST	Aspergillus	Aspergillus_ruber	NA	fig4_q20_PE_cutadapt_unite	Cutadapt	PE	PE	Cutadapt	Aspergillus	Aspergillus_ruber
639353bbf29e0f26b33b9c88db1892ec	UNITE+BLAST	Ascomycota_p	Ascomycota_p	NA	fig4_q20_PE_cutadapt_unite	Cutadapt	PE	PE	Cutadapt	Ascomycota_p	Ascomycota_p
8514469c4a82cfbc7c2f44e7df5a66fa	UNITE+BLAST	Bjerkandera	Bjerkandera_adusta	NA	fig4_q20_PE_cutadapt_unite	Cutadapt	PE	PE	Cutadapt	Bjerkandera	Bjerkandera_adusta
d15f326e40dfa3b854e7a256318ec321	UNITE+BLAST	Penicillium	Penicillium_brevicompactum	NA	fig4_q20_PE_cutadapt_unite	Cutadapt	PE	PE	Cutadapt	Penicillium	Penicillium_brevicompactum
a9f744b1b96b43b37db5e221ec38c5db	UNITE+BLAST	Mucor	Mucor_circinelloides	NA	fig4_q20_PE_cutadapt_unite	Cutadapt	PE	PE	Cutadapt	Mucor	Mucor_circinelloides
dd8b84b6c87fcecf8df76050b70b6a2e	UNITE+BLAST	Candolleomyces	Candolleomyces_subminutisporus	NA	fig4_q20_PE_cutadapt_unite	Cutadapt	PE	PE	Cutadapt	Candolleomyces	Candolleomyces_subminutisporus
e71bf72c6d1bb519189030844bbb6a8a	UNITE+BLAST	Bullera	Bullera_alba	NA	fig4_q20_PE_cutadapt_unite	Cutadapt	PE	PE	Cutadapt	Bullera	Bullera_alba
c42df08d0d30ffb92d0d536d020a4953	UNITE+BLAST	Fungi_k	Fungi_k	NA	fig4_q20_PE_cutadapt_unite	Cutadapt	PE	PE	Cutadapt	Fungi_k	Fungi_k
6c64590e8ec3b22dc5b0cc911ad3b68c	UNITE+BLAST	Ophiognomonia	Ophiognomonia_asiatica	NA	fig4_q20_PE_cutadapt_unite	Cutadapt	PE	PE	Cutadapt	Ophiognomonia	Ophiognomonia_asiatica
35a96f9e520fcaf4c32c441672576bdb	UNITE+BLAST	Irpex	Irpex_hydnoides	NA	fig4_q20_PE_cutadapt_unite	Cutadapt	PE	PE	Cutadapt	Irpex	Irpex_hydnoides
824cad1ad715206245b6959000cb619c	UNITE+BLAST	Agaricomycetes_c	Agaricomycetes_c	NA	fig4_q20_PE_cutadapt_unite	Cutadapt	PE	PE	Cutadapt	Agaricomycetes_c	Agaricomycetes_c
1062b08fe389426eacd44013d0f1f831	UNITE+BLAST	Ascomycota_p	Ascomycota_p	NA	fig4_q20_PE_cutadapt_unite	Cutadapt	PE	PE	Cutadapt	Ascomycota_p	Ascomycota_p
dc31d3cd1f368b6736b7ab377a9d3a9c	UNITE+BLAST	Peniophoraceae_f	Peniophoraceae_f	NA	fig4_q20_PE_cutadapt_unite	Cutadapt	PE	PE	Cutadapt	Peniophoraceae_f	Peniophoraceae_f
9d97a0af7f2ef9407934fbadfaacf8b5	UNITE+BLAST	Peniophoraceae_f	Peniophoraceae_f	NA	fig4_q20_PE_cutadapt_unite	Cutadapt	PE	PE	Cutadapt	Peniophoraceae_f	Peniophoraceae_f
a03ed4e1914bb72959ef2be3b31f7ac6	UNITE+BLAST	Hericiaceae_f	Hericiaceae_f	NA	fig4_q20_PE_cutadapt_unite	Cutadapt	PE	PE	Cutadapt	Hericiaceae_f	Hericiaceae_f
f6f5923d4dd3c8badbc2b3e5e4b02b91	UNITE+BLAST	Trametes	Trametes_pubescens	NA	fig4_q20_PE_cutadapt_unite	Cutadapt	PE	PE	Cutadapt	Trametes	Trametes_pubescens
7ca4a4a45a805841fa086a8ed97e5dad	UNITE+BLAST	Ascomycota_p	Ascomycota_p	NA	fig4_q20_PE_cutadapt_unite	Cutadapt	PE	PE	Cutadapt	Ascomycota_p	Ascomycota_p
ef95468ac58c379df3eb0f8355e0e00f	UNITE+BLAST	Irpex	Irpex_laceratus	NA	fig4_q20_PE_cutadapt_unite	Cutadapt	PE	PE	Cutadapt	Irpex	Irpex_laceratus
2e3950f5f6c1c1a1fb643cc894f2aec3	UNITE+BLAST	Daedaleopsis	Daedaleopsis_confragosa	NA	fig4_q20_PE_cutadapt_unite	Cutadapt	PE	PE	Cutadapt	Daedaleopsis	Daedaleopsis_confragosa
7b9d4a846cd904d4d91f697f90c6eb7e	UNITE+BLAST	Tilletiopsis	Tilletiopsis_washingtonensis	NA	fig4_q20_PE_cutadapt_unite	Cutadapt	PE	PE	Cutadapt	Tilletiopsis	Tilletiopsis_washingtonensis
ec242822fcc557e9339f089df02f97f0	UNITE+BLAST	Phanerochaete	Phanerochaete_livescens	NA	fig4_q20_PE_cutadapt_unite	Cutadapt	PE	PE	Cutadapt	Phanerochaete	Phanerochaete_livescens
b52eda8a4baa1b15ac8ec4d7522abcc8	UNITE+BLAST	Sporobolomyces	Sporobolomyces_ruberrimus	NA	fig4_q20_PE_cutadapt_unite	Cutadapt	PE	PE	Cutadapt	Sporobolomyces	Sporobolomyces_ruberrimus
c24918cc7ed3fc2a00ec08a58e24ef46	UNITE+BLAST	Hydnoporia	Hydnoporia_yasudae	NA	fig4_q20_PE_cutadapt_unite	Cutadapt	PE	PE	Cutadapt	Hydnoporia	Hydnoporia_yasudae
49e42f543450b3655fa635095b6a84e5	UNITE+BLAST	Ascomycota_p	Ascomycota_p	NA	fig4_q20_PE_cutadapt_unite	Cutadapt	PE	PE	Cutadapt	Ascomycota_p	Ascomycota_p
9a3542073661caa439f73c1873400ce8	UNITE+BLAST	Cutaneotrichosporon	Cutaneotrichosporon_mucoides	NA	fig4_q20_PE_cutadapt_unite	Cutadapt	PE	PE	Cutadapt	Cutaneotrichosporon	Cutaneotrichosporon_mucoides
22e477ea80b688324c819bfe250a03ec	UNITE+BLAST	Polyporales_o	Polyporales_o	NA	fig4_q20_PE_cutadapt_unite	Cutadapt	PE	PE	Cutadapt	Polyporales_o	Polyporales_o
b001fb61dd6f4db8b22dc8eeb9e3677e	UNITE+BLAST	Malassezia	Malassezia_sympodialis	NA	fig4_q20_PE_cutadapt_unite	Cutadapt	PE	PE	Cutadapt	Malassezia	Malassezia_sympodialis
a8dd4ea318c0f55bda76f7c49124254b	UNITE+BLAST	Schizophyllum	Schizophyllum_commune	NA	fig4_q20_PE_cutadapt_unite	Cutadapt	PE	PE	Cutadapt	Schizophyllum	Schizophyllum_commune
e6e622e0c9c574a045fd0dde7ab5a0a0	UNITE+BLAST	Candida	Candida_albicans	NA	fig4_q20_PE_cutadapt_unite	Cutadapt	PE	PE	Cutadapt	Candida	Candida_albicans
8aad4e3a6eaac9deac3f8ee96333eb1b	UNITE+BLAST	Crepidotus	Unclassified	NA	fig4_q20_PE_cutadapt_unite	Cutadapt	PE	PE	Cutadapt	Crepidotus	Unclassified
8c4c1e27aeb937396303d685b8e472a5	UNITE+BLAST	Sistotremastrum	Sistotremastrum_guttuliferum	NA	fig4_q20_PE_cutadapt_unite	Cutadapt	PE	PE	Cutadapt	Sistotremastrum	Sistotremastrum_guttuliferum
70ff98b81e41acd4ca4c6621e2d3a7ed	UNITE+BLAST	Pleosporales_o	Pleosporales_o	NA	fig4_q20_PE_cutadapt_unite	Cutadapt	PE	PE	Cutadapt	Pleosporales_o	Pleosporales_o
36bb7a251b8db804102d55924be7ceb7	UNITE+BLAST	Ceratobasidiaceae_f	Ceratobasidiaceae_f	NA	fig4_q20_PE_cutadapt_unite	Cutadapt	PE	PE	Cutadapt	Ceratobasidiaceae_f	Ceratobasidiaceae_f
3cf141483bd7591f4ba51ec258455287	UNITE+BLAST	Ascomycota_p	Ascomycota_p	NA	fig4_q20_PE_cutadapt_unite	Cutadapt	PE	PE	Cutadapt	Ascomycota_p	Ascomycota_p
8ac0b9cd95572afa972fdb20098f4502	UNITE+BLAST	Dothideomycetes_c	Dothideomycetes_c	NA	fig4_q20_PE_cutadapt_unite	Cutadapt	PE	PE	Cutadapt	Dothideomycetes_c	Dothideomycetes_c
7342e7108f710f266d9062bbf3415e43	UNITE+BLAST	Paragibellulopsis	Paragibellulopsis_chrysanthemi	NA	fig4_q20_PE_cutadapt_unite	Cutadapt	PE	PE	Cutadapt	Paragibellulopsis	Paragibellulopsis_chrysanthemi
27297b7c249900a4b843b2f365f2f58c	UNITE+BLAST	Irpex	Irpex_hydnoides	NA	fig4_q20_PE_cutadapt_unite	Cutadapt	PE	PE	Cutadapt	Irpex	Irpex_hydnoides
5f3fefa03a0182a5670fb3083e2ad7f9	UNITE+BLAST	Phlebiopsis	Unclassified	NA	fig4_q20_PE_cutadapt_unite	Cutadapt	PE	PE	Cutadapt	Phlebiopsis	Unclassified
b1164aaea169a7ee1f528b21fd52bce7	UNITE+BLAST	Ascomycota_p	Ascomycota_p	NA	fig4_q20_PE_cutadapt_unite	Cutadapt	PE	PE	Cutadapt	Ascomycota_p	Ascomycota_p
37fd731965ed9f30a073fd330c34f19b	UNITE+BLAST	Fungi_k	Fungi_k	NA	fig4_q20_PE_cutadapt_unite	Cutadapt	PE	PE	Cutadapt	Fungi_k	Fungi_k
01f7633d99821e693602dae45808d71c	UNITE+BLAST	Schizophyllum	Schizophyllum_commune	NA	fig4_q20_PE_cutadapt_unite	Cutadapt	PE	PE	Cutadapt	Schizophyllum	Schizophyllum_commune
7823e9cbfc207aa43d02f0fe7b042f1b	UNITE+BLAST	Biscogniauxia	Biscogniauxia_atropunctata	NA	fig4_q20_PE_cutadapt_unite	Cutadapt	PE	PE	Cutadapt	Biscogniauxia	Biscogniauxia_atropunctata
49bcc97c03a0653cb80f79c2c5f8b19a	UNITE+BLAST	Candida	Candida_dubliniensis	NA	fig4_q20_PE_cutadapt_unite	Cutadapt	PE	PE	Cutadapt	Candida	Candida_dubliniensis
280368cdff4f777ae988c6a3c9cca85f	UNITE+BLAST	Udeniomyces	Udeniomyces_pyricola	NA	fig4_q20_PE_cutadapt_unite	Cutadapt	PE	PE	Cutadapt	Udeniomyces	Udeniomyces_pyricola
87c1440d8bb908eca49371e3bade6a91	UNITE+BLAST	Mucor	Unclassified	NA	fig4_q20_PE_cutadapt_unite	Cutadapt	PE	PE	Cutadapt	Mucor	Unclassified
4c1a21b88f8f585d285a06ad0af7725c	UNITE+BLAST	Penicillium	Penicillium_sclerotiorum	NA	fig4_q20_PE_cutadapt_unite	Cutadapt	PE	PE	Cutadapt	Penicillium	Penicillium_sclerotiorum
c3ac7f9b16a282464bcef99f9a81543e	UNITE+BLAST	Penicillium	Unclassified	NA	fig4_q20_PE_cutadapt_unite	Cutadapt	PE	PE	Cutadapt	Penicillium	Unclassified
b84c5ce7ffdb045632be2f6b94323dfe	UNITE+BLAST	Cutaneotrichosporon	Cutaneotrichosporon_mucoides	NA	fig4_q20_PE_cutadapt_unite	Cutadapt	PE	PE	Cutadapt	Cutaneotrichosporon	Cutaneotrichosporon_mucoides
ed08fe04da925633f2c00f8cc1622edb	UNITE+BLAST	Steccherinum	Steccherinum_tenuissimum	NA	fig4_q20_PE_cutadapt_unite	Cutadapt	PE	PE	Cutadapt	Steccherinum	Steccherinum_tenuissimum
ccaa9026e396d4818dfe7b2a8a9ded99	UNITE+BLAST	Xylodon	Xylodon_flaviporus	NA	fig4_q20_PE_cutadapt_unite	Cutadapt	PE	PE	Cutadapt	Xylodon	Xylodon_flaviporus
7bc58b0abd5098f2ef0a61cd7d827443	UNITE+BLAST	Fungi_k	Fungi_k	NA	fig4_q20_PE_cutadapt_unite	Cutadapt	PE	PE	Cutadapt	Fungi_k	Fungi_k
4ecc63232ae7a35c72123a89208ccd2e	UNITE+BLAST	Fungi_k	Fungi_k	NA	fig4_q20_PE_cutadapt_unite	Cutadapt	PE	PE	Cutadapt	Fungi_k	Fungi_k
f1e26dc5de94e5ab231af0b5370bb2e2	UNITE+BLAST	Fungi_k	Fungi_k	NA	fig4_q20_PE_cutadapt_unite	Cutadapt	PE	PE	Cutadapt	Fungi_k	Fungi_k
d3cf17e7ddaf0b1aea15774633f30129	UNITE+BLAST	Cystobasidium	Cystobasidium_slooffiae	NA	fig4_q20_PE_cutadapt_unite	Cutadapt	PE	PE	Cutadapt	Cystobasidium	Cystobasidium_slooffiae
c4c056deff753f4ef06780b99493596f	UNITE+BLAST	Atheliales_o	Atheliales_o	NA	fig4_q20_PE_cutadapt_unite	Cutadapt	PE	PE	Cutadapt	Atheliales_o	Atheliales_o
3ee5b4735ff168cd1b6a7193563a859b	UNITE+BLAST	Peniophoraceae_f	Peniophoraceae_f	NA	fig4_q20_PE_cutadapt_unite	Cutadapt	PE	PE	Cutadapt	Peniophoraceae_f	Peniophoraceae_f
f45167fe9037171e98d058bf61f10146	UNITE+BLAST	Ceriporia	Ceriporia_nanlingensis	NA	fig4_q20_PE_cutadapt_unite	Cutadapt	PE	PE	Cutadapt	Ceriporia	Ceriporia_nanlingensis
ee7388dacc8e4b7870d607cc42b50b9d	UNITE+BLAST	Irpex	Irpex_laceratus	NA	fig4_q20_PE_cutadapt_unite	Cutadapt	PE	PE	Cutadapt	Irpex	Irpex_laceratus
2c24ade1f6d21508f680725d560471b9	UNITE+BLAST	Fungi_k	Fungi_k	NA	fig4_q20_PE_cutadapt_unite	Cutadapt	PE	PE	Cutadapt	Fungi_k	Fungi_k
665ad022321b70667403ddce0993eda4	UNITE+BLAST	Fungi_k	Fungi_k	NA	fig4_q20_PE_cutadapt_unite	Cutadapt	PE	PE	Cutadapt	Fungi_k	Fungi_k
e28b6e0bb0e64f81a0dd9d665d0459ef	UNITE+BLAST	Sporobolomyces	Sporobolomyces_carnicolor	NA	fig4_q20_PE_cutadapt_unite	Cutadapt	PE	PE	Cutadapt	Sporobolomyces	Sporobolomyces_carnicolor
c1c188f9bec8b8bdc4dcfebee1b40cb2	UNITE+BLAST	Trametes	Trametes_hirsuta	NA	fig4_q20_PE_cutadapt_unite	Cutadapt	PE	PE	Cutadapt	Trametes	Trametes_hirsuta
50f4af150db8ec540493d2a0bf932341	UNITE+BLAST	Fuscoporia	Fuscoporia_karsteniana	NA	fig4_q20_PE_cutadapt_unite	Cutadapt	PE	PE	Cutadapt	Fuscoporia	Fuscoporia_karsteniana
ed4824782d1a2a0df7b273a4267b408a	UNITE+BLAST	Sarocladium	Sarocladium_zeae	NA	fig4_q20_PE_cutadapt_unite	Cutadapt	PE	PE	Cutadapt	Sarocladium	Sarocladium_zeae
5dda9a089382440ef931ad4ff5e8ffbb	UNITE+BLAST	Irpex	Irpex_hydnoides	NA	fig4_q20_PE_cutadapt_unite	Cutadapt	PE	PE	Cutadapt	Irpex	Irpex_hydnoides
138ac92150209d94b9e015e7735368f1	UNITE+BLAST	Penicillium	Unclassified	NA	fig4_q20_PE_cutadapt_unite	Cutadapt	PE	PE	Cutadapt	Penicillium	Unclassified
e7e0a9fa9d6d243488cde1db10d25943	UNITE+BLAST	Candida	Candida_albicans	NA	fig4_q20_PE_cutadapt_unite	Cutadapt	PE	PE	Cutadapt	Candida	Candida_albicans
2995053d4cdadcaafad9308b84e0e4a8	UNITE+BLAST	Coprinopsis	Coprinopsis_urticicola	NA	fig4_q20_PE_cutadapt_unite	Cutadapt	PE	PE	Cutadapt	Coprinopsis	Coprinopsis_urticicola
248e2fe59d856b93e8bf1adcb9e172d4	UNITE+BLAST	Ascomycota_p	Ascomycota_p	NA	fig4_q20_PE_cutadapt_unite	Cutadapt	PE	PE	Cutadapt	Ascomycota_p	Ascomycota_p
ee5f92fb85239ef0e008d94c6caa3021	UNITE+BLAST	Absidia	Unclassified	NA	fig4_q20_PE_cutadapt_unite	Cutadapt	PE	PE	Cutadapt	Absidia	Unclassified
c6b37d0ce32b13674721bc28dce1eb28	UNITE+BLAST	Helotiales_o	Helotiales_o	NA	fig4_q20_PE_cutadapt_unite	Cutadapt	PE	PE	Cutadapt	Helotiales_o	Helotiales_o
91a7fbfb6202e3edbe0a45f2865e19c8	UNITE+BLAST	Talaromyces	Talaromyces_purgamentorum	NA	fig4_q20_PE_cutadapt_unite	Cutadapt	PE	PE	Cutadapt	Talaromyces	Talaromyces_purgamentorum
0a135d06258a4917295be19c2f72f676	UNITE+BLAST	Penicillium	Unclassified	NA	fig4_q20_PE_cutadapt_unite	Cutadapt	PE	PE	Cutadapt	Penicillium	Unclassified
50e29a0983b9c1a46afd399477503736	UNITE+BLAST	Fungi_k	Fungi_k	NA	fig4_q20_PE_cutadapt_unite	Cutadapt	PE	PE	Cutadapt	Fungi_k	Fungi_k
3251b8618a77585ac75c4825f24bdc34	UNITE+BLAST	Udeniomyces	Udeniomyces_pyricola	NA	fig4_q20_PE_cutadapt_unite	Cutadapt	PE	PE	Cutadapt	Udeniomyces	Udeniomyces_pyricola
0067abbe4f3ec2c8b1f93f21dab22215	UNITE+BLAST	Penicillium	Penicillium_sumatraense	NA	fig4_q20_PE_cutadapt_unite	Cutadapt	PE	PE	Cutadapt	Penicillium	Penicillium_sumatraense
0e00ccfc8a7aac1541f7536f41bc8369	UNITE+BLAST	Ceriporia	Ceriporia_nanlingensis	NA	fig4_q20_PE_cutadapt_unite	Cutadapt	PE	PE	Cutadapt	Ceriporia	Ceriporia_nanlingensis
bc6bcc69956b0d2e7c5a60ce32e14b65	UNITE+BLAST	Candida	Candida_albicans	NA	fig4_q20_PE_cutadapt_unite	Cutadapt	PE	PE	Cutadapt	Candida	Candida_albicans
a6d098b6b9b926e1aebfa0a5e6b8f122	UNITE+BLAST	Helotiales_o	Helotiales_o	NA	fig4_q20_PE_cutadapt_unite	Cutadapt	PE	PE	Cutadapt	Helotiales_o	Helotiales_o
044c0abf07903b8b4131f54e35a7c56b	UNITE+BLAST	Peniophoraceae_f	Peniophoraceae_f	NA	fig4_q20_PE_cutadapt_unite	Cutadapt	PE	PE	Cutadapt	Peniophoraceae_f	Peniophoraceae_f
68816968b3d097f59efc81d7e2e5709b	UNITE+BLAST	Suillus	Suillus_viscidus	NA	fig4_q20_PE_cutadapt_unite	Cutadapt	PE	PE	Cutadapt	Suillus	Suillus_viscidus
deaa18d8f1f0a68e77236fd060313b09	UNITE+BLAST	Aureobasidium	Aureobasidium_pullulans	NA	fig4_q20_PE_cutadapt_unite	Cutadapt	PE	PE	Cutadapt	Aureobasidium	Aureobasidium_pullulans
2fadc7fa01c6d1e87be809237590227f	UNITE+BLAST	Fungi_k	Fungi_k	NA	fig4_q20_PE_cutadapt_unite	Cutadapt	PE	PE	Cutadapt	Fungi_k	Fungi_k
80031c9738d7445f1f857a5681c053a2	UNITE+BLAST	Fungi_k	Fungi_k	NA	fig4_q20_PE_cutadapt_unite	Cutadapt	PE	PE	Cutadapt	Fungi_k	Fungi_k
b3eff3c2ad1ef978124d5f6e9bb038da	UNITE+BLAST	Aspergillus	Aspergillus_neotritici	NA	fig4_q20_PE_cutadapt_unite	Cutadapt	PE	PE	Cutadapt	Aspergillus	Aspergillus_neotritici
2b6bf177cf258974855eb3b9d419ffbc	UNITE+BLAST	Irpex	Irpex_laceratus	NA	fig4_q20_PE_cutadapt_unite	Cutadapt	PE	PE	Cutadapt	Irpex	Irpex_laceratus
b68330710b2ee120d528ed1888de0c19	UNITE+BLAST	Penicillium	Penicillium_flavigenum	NA	fig4_q20_PE_cutadapt_unite	Cutadapt	PE	PE	Cutadapt	Penicillium	Penicillium_flavigenum
31c5d2162fbc4550b1537c9a9bc92d55	UNITE+BLAST	Ascomycota_p	Ascomycota_p	NA	fig4_q20_PE_cutadapt_unite	Cutadapt	PE	PE	Cutadapt	Ascomycota_p	Ascomycota_p
e62da64a67447ad0575490684a5b2e91	UNITE+BLAST	Xeromyces	Xeromyces_bisporus	NA	fig4_q20_PE_cutadapt_unite	Cutadapt	PE	PE	Cutadapt	Xeromyces	Xeromyces_bisporus
84448bc0a8762b43632301f4c6d429eb	UNITE+BLAST	Rhizoplaca	Rhizoplaca_novomexicana	NA	fig4_q20_PE_cutadapt_unite	Cutadapt	PE	PE	Cutadapt	Rhizoplaca	Rhizoplaca_novomexicana
a3d5c4ddcd229676d01f4d84ceb4c269	UNITE+BLAST	Ascomycota_p	Ascomycota_p	NA	fig4_q20_PE_cutadapt_unite	Cutadapt	PE	PE	Cutadapt	Ascomycota_p	Ascomycota_p
0f2841458644573d5efdd928ad1b992f	UNITE+BLAST	Mucor	Mucor_circinelloides	NA	fig4_q20_PE_cutadapt_unite	Cutadapt	PE	PE	Cutadapt	Mucor	Mucor_circinelloides
b071af43257d5c4de2339fe5cbf735d2	UNITE+BLAST	Fungi_k	Fungi_k	NA	fig4_q20_PE_cutadapt_unite	Cutadapt	PE	PE	Cutadapt	Fungi_k	Fungi_k
216f8b39045b9b00c7f830736ee9bc59	UNITE+BLAST	Ascomycota_p	Ascomycota_p	NA	fig4_q20_PE_cutadapt_unite	Cutadapt	PE	PE	Cutadapt	Ascomycota_p	Ascomycota_p
63f1a87072986331d33badecc342608c	UNITE+BLAST	Fungi_k	Fungi_k	NA	fig4_q20_PE_cutadapt_unite	Cutadapt	PE	PE	Cutadapt	Fungi_k	Fungi_k
f49e5929ca3833c66e1441cdadb318b5	UNITE+BLAST	Ascomycota_p	Ascomycota_p	NA	fig4_q20_PE_cutadapt_unite	Cutadapt	PE	PE	Cutadapt	Ascomycota_p	Ascomycota_p
aea3e03e30b06124e1d93a28dd05f1e6	UNITE+BLAST	Ascomycota_p	Ascomycota_p	NA	fig4_q20_PE_cutadapt_unite	Cutadapt	PE	PE	Cutadapt	Ascomycota_p	Ascomycota_p
c55c882cd5b0311b9de7f084c67c9416	UNITE+BLAST	Ascomycota_p	Ascomycota_p	NA	fig4_q20_PE_cutadapt_unite	Cutadapt	PE	PE	Cutadapt	Ascomycota_p	Ascomycota_p
2abd97d819164ca22fea7fc261ffc6f7	UNITE+BLAST	Ascomycota_p	Ascomycota_p	NA	fig4_q20_PE_cutadapt_unite	Cutadapt	PE	PE	Cutadapt	Ascomycota_p	Ascomycota_p
a0fd778266947c5a5022b199532692d2	UNITE+BLAST	Ascomycota_p	Ascomycota_p	NA	fig4_q20_PE_cutadapt_unite	Cutadapt	PE	PE	Cutadapt	Ascomycota_p	Ascomycota_p
e0e9522799898c83f9f0e45ef54fe8b0	UNITE+BLAST	Fungi_k	Fungi_k	NA	fig4_q20_PE_cutadapt_unite	Cutadapt	PE	PE	Cutadapt	Fungi_k	Fungi_k
12bedaf58ec89b5e05c19ad026fdaf9c	UNITE+BLAST	Ascomycota_p	Ascomycota_p	NA	fig4_q20_PE_cutadapt_unite	Cutadapt	PE	PE	Cutadapt	Ascomycota_p	Ascomycota_p
ec5862344e2468f6db640be9b7b2db07	UNITE+BLAST	Fungi_k	Fungi_k	NA	fig4_q20_PE_cutadapt_unite	Cutadapt	PE	PE	Cutadapt	Fungi_k	Fungi_k
a6465fce89de2e231daebd63bfc0b190	UNITE+BLAST	Burgoa	Burgoa_verzuoliana	NA	fig4_q20_PE_cutadapt_unite	Cutadapt	PE	PE	Cutadapt	Burgoa	Burgoa_verzuoliana
3d70ec70dc3495e97569bc5f82356e79	UNITE+BLAST	Penicillium	Penicillium_brevicompactum	NA	fig4_q20_PE_cutadapt_unite	Cutadapt	PE	PE	Cutadapt	Penicillium	Penicillium_brevicompactum
d016750395fb04761d3346b6911b9ddb	UNITE+BLAST	Ascomycota_p	Ascomycota_p	NA	fig4_q20_PE_cutadapt_unite	Cutadapt	PE	PE	Cutadapt	Ascomycota_p	Ascomycota_p
b7af39848139236f0e6c6b805ac1e03a	UNITE+BLAST	Aspergillus	Aspergillus_fumigatus	NA	fig4_q20_PE_cutadapt_unite	Cutadapt	PE	PE	Cutadapt	Aspergillus	Aspergillus_fumigatus
ad9491bf7adf542567e36638860807a3	UNITE+BLAST	Asterostroma	Unclassified	NA	fig4_q20_PE_cutadapt_unite	Cutadapt	PE	PE	Cutadapt	Asterostroma	Unclassified
49571ba106c5eaf7edcc41ad9aabb51c	UNITE+BLAST	Penicillium	Unclassified	NA	fig4_q20_PE_cutadapt_unite	Cutadapt	PE	PE	Cutadapt	Penicillium	Unclassified
327ac8462f09dcda6956148eee117615	UNITE+BLAST	Cystobasidium	Cystobasidium_slooffiae	NA	fig4_q20_PE_cutadapt_unite	Cutadapt	PE	PE	Cutadapt	Cystobasidium	Cystobasidium_slooffiae
c97cb7a6c9ebb46e3770a690678d2f8d	UNITE+BLAST	Fungi_k	Fungi_k	NA	fig4_q20_PE_cutadapt_unite	Cutadapt	PE	PE	Cutadapt	Fungi_k	Fungi_k
0752dc88c365db47a824bafc2310dd10	UNITE+BLAST	Candolleomyces	Candolleomyces_sulcatotuberculosus	NA	fig4_q20_PE_cutadapt_unite	Cutadapt	PE	PE	Cutadapt	Candolleomyces	Candolleomyces_sulcatotuberculosus
df30642ec969952fcdf4d28844df8343	UNITE+BLAST	Ascomycota_p	Ascomycota_p	NA	fig4_q20_PE_cutadapt_unite	Cutadapt	PE	PE	Cutadapt	Ascomycota_p	Ascomycota_p
d121c3d0e035fe1d0b878d54314a0f3f	UNITE+BLAST	Penicillium	Penicillium_sumatraense	NA	fig4_q20_PE_cutadapt_unite	Cutadapt	PE	PE	Cutadapt	Penicillium	Penicillium_sumatraense
ec9d49717f5ec126ae4334e7cf55dc5c	UNITE+BLAST	Ascomycota_p	Ascomycota_p	NA	fig4_q20_PE_cutadapt_unite	Cutadapt	PE	PE	Cutadapt	Ascomycota_p	Ascomycota_p
7040a2dcaf918f6a747f01f90867b3ea	UNITE+BLAST	Ascomycota_p	Ascomycota_p	NA	fig4_q20_PE_cutadapt_unite	Cutadapt	PE	PE	Cutadapt	Ascomycota_p	Ascomycota_p
c112e1a48e0a652986fa8042932e4aba	UNITE+BLAST	Ascomycota_p	Ascomycota_p	NA	fig4_q20_PE_cutadapt_unite	Cutadapt	PE	PE	Cutadapt	Ascomycota_p	Ascomycota_p
3dd71b10d0b8f04b121398f33b1ed917	UNITE+BLAST	Fungi_k	Fungi_k	NA	fig4_q20_PE_cutadapt_unite	Cutadapt	PE	PE	Cutadapt	Fungi_k	Fungi_k
9ae2a0b56a08c0ec069c9b2e5a987df1	UNITE+BLAST	Ascomycota_p	Ascomycota_p	NA	fig4_q20_PE_cutadapt_unite	Cutadapt	PE	PE	Cutadapt	Ascomycota_p	Ascomycota_p
93fea7c2c9ed7a874c452b6159d40d2a	UNITE+BLAST	Ascomycota_p	Ascomycota_p	NA	fig4_q20_PE_cutadapt_unite	Cutadapt	PE	PE	Cutadapt	Ascomycota_p	Ascomycota_p
31560b5d879415f9d225ce0802e2fd05	UNITE+BLAST	Ascomycota_p	Ascomycota_p	NA	fig4_q20_PE_cutadapt_unite	Cutadapt	PE	PE	Cutadapt	Ascomycota_p	Ascomycota_p
cba7e2526abc568cdf9b74db64253fcd	UNITE+BLAST	Rhodotorula	Rhodotorula_mucilaginosa	NA	fig4_q20_PE_cutadapt_unite	Cutadapt	PE	PE	Cutadapt	Rhodotorula	Rhodotorula_mucilaginosa
763363ca587175a2a01b16bee819a51f	UNITE+BLAST	Ascomycota_p	Ascomycota_p	NA	fig4_q20_PE_cutadapt_unite	Cutadapt	PE	PE	Cutadapt	Ascomycota_p	Ascomycota_p
42d8b80b62a028d308d496be03ddc17e	UNITE+BLAST	Ascomycota_p	Ascomycota_p	NA	fig4_q20_PE_cutadapt_unite	Cutadapt	PE	PE	Cutadapt	Ascomycota_p	Ascomycota_p
fb7034b7e4ae776739fa3661b5089842	UNITE+BLAST	Ascomycota_p	Ascomycota_p	NA	fig4_q20_PE_cutadapt_unite	Cutadapt	PE	PE	Cutadapt	Ascomycota_p	Ascomycota_p
fa80b39ca2cea9ec824ab8329503c0b6	UNITE+BLAST	Candida	Candida_albicans	NA	fig4_q20_PE_cutadapt_unite	Cutadapt	PE	PE	Cutadapt	Candida	Candida_albicans
05a29d43e7926471622da8fb7de61e0d	UNITE+BLAST	Ascomycota_p	Ascomycota_p	NA	fig4_q20_PE_cutadapt_unite	Cutadapt	PE	PE	Cutadapt	Ascomycota_p	Ascomycota_p
cceb7ee36727c84880c1b84ccd4f3adc	UNITE+BLAST	Ascomycota_p	Ascomycota_p	NA	fig4_q20_PE_cutadapt_unite	Cutadapt	PE	PE	Cutadapt	Ascomycota_p	Ascomycota_p
30145686d304e71fdb7d7fa50e09e432	UNITE+BLAST	Lecanorales_o	Lecanorales_o	NA	fig4_q20_PE_cutadapt_unite	Cutadapt	PE	PE	Cutadapt	Lecanorales_o	Lecanorales_o
85306328b28868171608c7a174ef9714	UNITE+BLAST	Fungi_k	Fungi_k	NA	fig4_q20_PE_cutadapt_unite	Cutadapt	PE	PE	Cutadapt	Fungi_k	Fungi_k
06dcdeaf8b7e48026a27971278d6783a	UNITE+BLAST	Fungi_k	Fungi_k	NA	fig4_q20_PE_cutadapt_unite	Cutadapt	PE	PE	Cutadapt	Fungi_k	Fungi_k
59518884a6394f163c1fd8bf32724986	UNITE+BLAST	Kazachstania	Kazachstania_servazzii	NA	fig4_q20_PE_cutadapt_unite	Cutadapt	PE	PE	Cutadapt	Kazachstania	Kazachstania_servazzii
5c9f8d6b7494f52bdd0e37a9fba40be7	UNITE+BLAST	Helotiales_o	Helotiales_o	NA	fig4_q20_PE_cutadapt_unite	Cutadapt	PE	PE	Cutadapt	Helotiales_o	Helotiales_o
55e72fb625f146ef1f9405078ed9eb83	UNITE+BLAST	Aspergillus	Unclassified	NA	fig4_q20_PE_cutadapt_unite	Cutadapt	PE	PE	Cutadapt	Aspergillus	Unclassified
7df5ea44dd745fc344db1c2cf3dad914	UNITE+BLAST	Ascomycota_p	Ascomycota_p	NA	fig4_q20_PE_cutadapt_unite	Cutadapt	PE	PE	Cutadapt	Ascomycota_p	Ascomycota_p
8fe099ea85b1426f980cfbc7217317c0	UNITE+BLAST	Ascomycota_p	Ascomycota_p	NA	fig4_q20_PE_cutadapt_unite	Cutadapt	PE	PE	Cutadapt	Ascomycota_p	Ascomycota_p
e3064899818d6e27aec934443a9804d2	UNITE+BLAST	Asterostroma	Unclassified	NA	fig4_q20_PE_cutadapt_unite	Cutadapt	PE	PE	Cutadapt	Asterostroma	Unclassified
3b6a50bec08bd3931952ed31f36ea1fa	UNITE+BLAST	Ascomycota_p	Ascomycota_p	NA	fig4_q20_PE_cutadapt_unite	Cutadapt	PE	PE	Cutadapt	Ascomycota_p	Ascomycota_p
70cbce5d61cb2030b63c82c666f54081	UNITE+BLAST	Ascomycota_p	Ascomycota_p	NA	fig4_q20_PE_cutadapt_unite	Cutadapt	PE	PE	Cutadapt	Ascomycota_p	Ascomycota_p
71859ab7f1603ff9b3d59324e492f605	UNITE+BLAST	Cutaneotrichosporon	Cutaneotrichosporon_debeurmannianum	NA	fig4_q20_PE_cutadapt_unite	Cutadapt	PE	PE	Cutadapt	Cutaneotrichosporon	Cutaneotrichosporon_debeurmannianum
6d1824cabce6d9f8ada12085fc62e3b5	UNITE+BLAST	Trechispora	Unclassified	NA	fig4_q20_PE_cutadapt_unite	Cutadapt	PE	PE	Cutadapt	Trechispora	Unclassified
a0f3d0f291fd91622c1c6201dbd2ee9b	UNITE+BLAST	Ascomycota_p	Ascomycota_p	NA	fig4_q20_PE_cutadapt_unite	Cutadapt	PE	PE	Cutadapt	Ascomycota_p	Ascomycota_p
505e8cc5528f6813a8ba55549fb87686	UNITE+BLAST	Ascomycota_p	Ascomycota_p	NA	fig4_q20_PE_cutadapt_unite	Cutadapt	PE	PE	Cutadapt	Ascomycota_p	Ascomycota_p
95cba38e7659470f90eca3c6934caa1e	UNITE+BLAST	Ascomycota_p	Ascomycota_p	NA	fig4_q20_PE_cutadapt_unite	Cutadapt	PE	PE	Cutadapt	Ascomycota_p	Ascomycota_p
bfa5eb72b6b527fd3f42d358351f70df	UNITE+BLAST	Lecanorales_o	Lecanorales_o	NA	fig4_q20_PE_cutadapt_unite	Cutadapt	PE	PE	Cutadapt	Lecanorales_o	Lecanorales_o
12f2f6a9a7cbb3ff7cd71234932b8205	UNITE+BLAST	Ascomycota_p	Ascomycota_p	NA	fig4_q20_PE_cutadapt_unite	Cutadapt	PE	PE	Cutadapt	Ascomycota_p	Ascomycota_p
c0447e340233bf2670ca6ce846b113ed	UNITE+BLAST	Cryptococcus	Cryptococcus_neoformans	NA	fig4_q20_PE_cutadapt_unite	Cutadapt	PE	PE	Cutadapt	Cryptococcus	Cryptococcus_neoformans
735b4ee401f3ba5f9cba26f586875eb9	UNITE+BLAST	Fungi_k	Fungi_k	NA	fig4_q20_PE_cutadapt_unite	Cutadapt	PE	PE	Cutadapt	Fungi_k	Fungi_k
ab31fbe2d352b712591004902b64d498	UNITE+BLAST	Ascomycota_p	Ascomycota_p	NA	fig4_q20_PE_cutadapt_unite	Cutadapt	PE	PE	Cutadapt	Ascomycota_p	Ascomycota_p
71945500e145bbbd3a73efe58b4df3e6	UNITE+BLAST	Ascomycota_p	Ascomycota_p	NA	fig4_q20_PE_cutadapt_unite	Cutadapt	PE	PE	Cutadapt	Ascomycota_p	Ascomycota_p
0a830187c3805daf0287eb3179767638	UNITE+BLAST	Ascomycota_p	Ascomycota_p	NA	fig4_q20_PE_cutadapt_unite	Cutadapt	PE	PE	Cutadapt	Ascomycota_p	Ascomycota_p
03adce78e88ff12a6e2bd982b4276941	UNITE+BLAST	Ascomycota_p	Ascomycota_p	NA	fig4_q20_PE_cutadapt_unite	Cutadapt	PE	PE	Cutadapt	Ascomycota_p	Ascomycota_p
205ab5dacfd29a76e5283f8a2f1b2919	UNITE+BLAST	Ascomycota_p	Ascomycota_p	NA	fig4_q20_PE_cutadapt_unite	Cutadapt	PE	PE	Cutadapt	Ascomycota_p	Ascomycota_p
2c484be9b08b9337d6451a774a820cc7	UNITE+BLAST	Ascomycota_p	Ascomycota_p	NA	fig4_q20_PE_cutadapt_unite	Cutadapt	PE	PE	Cutadapt	Ascomycota_p	Ascomycota_p
02c332c3221a7fc18460f12ac0111d82	UNITE+BLAST	Ascomycota_p	Ascomycota_p	NA	fig4_q20_PE_cutadapt_unite	Cutadapt	PE	PE	Cutadapt	Ascomycota_p	Ascomycota_p
727da6234c9362043da2e1abc6d319f7	UNITE+BLAST	Ascomycota_p	Ascomycota_p	NA	fig4_q20_PE_cutadapt_unite	Cutadapt	PE	PE	Cutadapt	Ascomycota_p	Ascomycota_p
b4669d24d11cdccd9bd463a852d555bc	UNITE+BLAST	Ascomycota_p	Ascomycota_p	NA	fig4_q20_PE_cutadapt_unite	Cutadapt	PE	PE	Cutadapt	Ascomycota_p	Ascomycota_p
1154f8dee7969c131cbd0a8fcadd4c40	UNITE+BLAST	Ascomycota_p	Ascomycota_p	NA	fig4_q20_PE_cutadapt_unite	Cutadapt	PE	PE	Cutadapt	Ascomycota_p	Ascomycota_p
ddc938d077e73fa80d60433ea0f065b1	UNITE+BLAST	Aspergillus	Aspergillus_fumigatus	NA	fig4_q20_PE_cutadapt_unite	Cutadapt	PE	PE	Cutadapt	Aspergillus	Aspergillus_fumigatus
af9cef9bdf2ea4966fe74e7f66f4166d	UNITE+BLAST	Ascomycota_p	Ascomycota_p	NA	fig4_q20_PE_cutadapt_unite	Cutadapt	PE	PE	Cutadapt	Ascomycota_p	Ascomycota_p
d934a39e0d71a2b5050db4496921bb9c	UNITE+BLAST	Fungi_k	Fungi_k	NA	fig4_q20_PE_cutadapt_unite	Cutadapt	PE	PE	Cutadapt	Fungi_k	Fungi_k
2fbdf5a89725b2d9f30df08f41b4ad46	UNITE+BLAST	Fungi_k	Fungi_k	NA	fig4_q20_PE_cutadapt_unite	Cutadapt	PE	PE	Cutadapt	Fungi_k	Fungi_k
8a04f1876109a8ff5839566f4fd606d6	UNITE+BLAST	Fungi_k	Fungi_k	NA	fig4_q20_PE_cutadapt_unite	Cutadapt	PE	PE	Cutadapt	Fungi_k	Fungi_k
dce6cdf241c1820d8fd691f257ee721f	UNITE+BLAST	Nigrospora	Unclassified	NA	fig4_q20_PE_cutadapt_unite	Cutadapt	PE	PE	Cutadapt	Nigrospora	Unclassified
32743da7dde0b6ffb4f006884c7a7b8d	UNITE+BLAST	Lecanoromycetes_c	Lecanoromycetes_c	NA	fig4_q20_PE_cutadapt_unite	Cutadapt	PE	PE	Cutadapt	Lecanoromycetes_c	Lecanoromycetes_c
f3a42145228ac47bb4d37a0cdda6b1ee	UNITE+BLAST	Fungi_k	Fungi_k	NA	fig4_q20_PE_cutadapt_unite	Cutadapt	PE	PE	Cutadapt	Fungi_k	Fungi_k
808efb1db93ed5c7b0852325f2fc07b1	UNITE+BLAST	Komagataella	Komagataella_phaffii	NA	fig4_q20_PE_cutadapt_unite	Cutadapt	PE	PE	Cutadapt	Komagataella	Komagataella_phaffii
ec8817a9df86a0eeb249c443053142e7	UNITE+BLAST	Irpex	Irpex_hydnoides	NA	fig4_q20_PE_cutadapt_unite	Cutadapt	PE	PE	Cutadapt	Irpex	Irpex_hydnoides
4cec1c35ec0504a1e410d8aed292dd5e	UNITE+BLAST	Fungi_k	Fungi_k	NA	fig4_q20_PE_cutadapt_unite	Cutadapt	PE	PE	Cutadapt	Fungi_k	Fungi_k
f6a521a0d8aa769735adaf5767c25c2a	UNITE+BLAST	Cutaneotrichosporon	Cutaneotrichosporon_mucoides	NA	fig4_q20_PE_cutadapt_unite	Cutadapt	PE	PE	Cutadapt	Cutaneotrichosporon	Cutaneotrichosporon_mucoides
87d1bd5b2855b9f226ac0eb2cb071be7	UNITE+BLAST	Ascomycota_p	Ascomycota_p	NA	fig4_q20_PE_cutadapt_unite	Cutadapt	PE	PE	Cutadapt	Ascomycota_p	Ascomycota_p
d6c8b47cc1bb5f8553022804cd24cea0	UNITE+BLAST	Debaryomyces	Debaryomyces_delbrueckii	NA	fig4_q20_PE_cutadapt_unite	Cutadapt	PE	PE	Cutadapt	Debaryomyces	Debaryomyces_delbrueckii
1b69e545bedbbe7f5b89775d7ef84275	UNITE+BLAST	Fungi_k	Fungi_k	NA	fig4_q20_PE_cutadapt_unite	Cutadapt	PE	PE	Cutadapt	Fungi_k	Fungi_k
a2b8668ae960ed60cbfefdcafa35d5ef	UNITE+BLAST	Pichia	Pichia_kudriavzevii	NA	fig4_q20_PE_cutadapt_unite	Cutadapt	PE	PE	Cutadapt	Pichia	Pichia_kudriavzevii
9b465a6e0841bfbf5ea5022c737fb636	UNITE+BLAST	Ascomycota_p	Ascomycota_p	NA	fig4_q20_PE_cutadapt_unite	Cutadapt	PE	PE	Cutadapt	Ascomycota_p	Ascomycota_p
68cf4b4b59982cc3e29ba6ce3db880c2	UNITE+BLAST	Ascomycota_p	Ascomycota_p	NA	fig4_q20_PE_cutadapt_unite	Cutadapt	PE	PE	Cutadapt	Ascomycota_p	Ascomycota_p
1456ffbc28c1989ce1c63e81bb9f63af	UNITE+BLAST	Mycosphaerella	Unclassified	NA	fig4_q20_PE_cutadapt_unite	Cutadapt	PE	PE	Cutadapt	Mycosphaerella	Unclassified
b82f9d330ad2b2c5e255d8af52e82b94	UNITE+BLAST	Fungi_k	Fungi_k	NA	fig4_q20_PE_cutadapt_unite	Cutadapt	PE	PE	Cutadapt	Fungi_k	Fungi_k
e6fd0ca5e1ff2bc07426d361bf4a7867	UNITE+BLAST	Fungi_k	Fungi_k	NA	fig4_q20_PE_cutadapt_unite	Cutadapt	PE	PE	Cutadapt	Fungi_k	Fungi_k
dca378344034475d8837d2a486ffe7cb	UNITE+BLAST	Ascomycota_p	Ascomycota_p	NA	fig4_q20_PE_cutadapt_unite	Cutadapt	PE	PE	Cutadapt	Ascomycota_p	Ascomycota_p
55f94a753a4f27fc03739231cebbf40d	UNITE+BLAST	Ascomycota_p	Ascomycota_p	NA	fig4_q20_PE_cutadapt_unite	Cutadapt	PE	PE	Cutadapt	Ascomycota_p	Ascomycota_p
c41d0d22037e23e4eb1db6f53cd44bea	UNITE+BLAST	Cryptococcus	Cryptococcus_neoformans	NA	fig4_q20_PE_cutadapt_unite	Cutadapt	PE	PE	Cutadapt	Cryptococcus	Cryptococcus_neoformans
d95e3787c47d17378fa4ae962ec047c9	UNITE+BLAST	Candida	Candida_albicans	NA	fig4_q20_PE_cutadapt_unite	Cutadapt	PE	PE	Cutadapt	Candida	Candida_albicans
080d5100561ec2c06ed6b12f04e6765e	UNITE+BLAST	Fungi_k	Fungi_k	NA	fig4_q20_PE_cutadapt_unite	Cutadapt	PE	PE	Cutadapt	Fungi_k	Fungi_k
a2855c3e3e9ee30212331bfb461fa15d	UNITE+BLAST	Ascomycota_p	Ascomycota_p	NA	fig4_q20_PE_cutadapt_unite	Cutadapt	PE	PE	Cutadapt	Ascomycota_p	Ascomycota_p
b191d950a9a65d52c43bd7aaa1c286ee	UNITE+BLAST	Ascomycota_p	Ascomycota_p	NA	fig4_q20_PE_cutadapt_unite	Cutadapt	PE	PE	Cutadapt	Ascomycota_p	Ascomycota_p
cc08f8f31d340f9fcaa25592bf1a9325	UNITE+BLAST	Malassezia	Malassezia_globosa	NA	fig4_q20_PE_cutadapt_unite	Cutadapt	PE	PE	Cutadapt	Malassezia	Malassezia_globosa
73893c73559817285246302cf5b1f21a	UNITE+BLAST	Penicillium	Unclassified	NA	fig4_q20_PE_cutadapt_unite	Cutadapt	PE	PE	Cutadapt	Penicillium	Unclassified
c243cd7ae36977e7b4c08f2dcbe765de	UNITE+BLAST	Fungi_k	Fungi_k	NA	fig4_q20_PE_cutadapt_unite	Cutadapt	PE	PE	Cutadapt	Fungi_k	Fungi_k
cb10a86d6b17ba0f9f4c0db650f1d52c	UNITE+BLAST	Didymellaceae_f	Didymellaceae_f	NA	fig4_q20_PE_cutadapt_unite	Cutadapt	PE	PE	Cutadapt	Didymellaceae_f	Didymellaceae_f
bb9df888d0edd2d01f6b8ac2ba9dde38	UNITE+BLAST	Fungi_k	Fungi_k	NA	fig4_q20_PE_cutadapt_unite	Cutadapt	PE	PE	Cutadapt	Fungi_k	Fungi_k
4539f96340bbdd30f7074996b09675d4	UNITE+BLAST	Lecanoromycetes_c	Lecanoromycetes_c	NA	fig4_q20_PE_cutadapt_unite	Cutadapt	PE	PE	Cutadapt	Lecanoromycetes_c	Lecanoromycetes_c
42bb6f630f2bd79922ca08b338b1340b	UNITE+BLAST	Fungi_k	Fungi_k	NA	fig4_q20_PE_cutadapt_unite	Cutadapt	PE	PE	Cutadapt	Fungi_k	Fungi_k
86c1a1016f87627c316841d03b0347aa	UNITE+BLAST	Saccharomyces	Saccharomyces_kudriavzevii	NA	fig4_q20_PE_cutadapt_unite	Cutadapt	PE	PE	Cutadapt	Saccharomyces	Saccharomyces_kudriavzevii
0da6aca562aa296a74110c76cfb20e95	UNITE+BLAST	Gnomoniaceae_f	Gnomoniaceae_f	NA	fig4_q20_PE_cutadapt_unite	Cutadapt	PE	PE	Cutadapt	Gnomoniaceae_f	Gnomoniaceae_f
6a85b597c165c35ce6800d5abf5bbf07	UNITE+BLAST	Ascomycota_p	Ascomycota_p	NA	fig4_q20_PE_cutadapt_unite	Cutadapt	PE	PE	Cutadapt	Ascomycota_p	Ascomycota_p
eb280d3c9f9b72b9a987c894583394c9	UNITE+BLAST	Ascomycota_p	Ascomycota_p	NA	fig4_q20_PE_cutadapt_unite	Cutadapt	PE	PE	Cutadapt	Ascomycota_p	Ascomycota_p
6b4f5c8380f7afe17131a564daab247a	UNITE+BLAST	Cutaneotrichosporon	Cutaneotrichosporon_mucoides	NA	fig4_q20_PE_cutadapt_unite	Cutadapt	PE	PE	Cutadapt	Cutaneotrichosporon	Cutaneotrichosporon_mucoides
b08781976f9e9fcd6907ea42bfc40ce7	UNITE+BLAST	Ascomycota_p	Ascomycota_p	NA	fig4_q20_PE_cutadapt_unite	Cutadapt	PE	PE	Cutadapt	Ascomycota_p	Ascomycota_p
abd60db5ca7dd95c7782bf8e826ce4bd	UNITE+BLAST	Fungi_k	Fungi_k	NA	fig4_q20_PE_cutadapt_unite	Cutadapt	PE	PE	Cutadapt	Fungi_k	Fungi_k
d7829289d2c65ee05c8bc548262f7462	UNITE+BLAST	Fungi_k	Fungi_k	NA	fig4_q20_PE_cutadapt_unite	Cutadapt	PE	PE	Cutadapt	Fungi_k	Fungi_k
cf67de0c1660116cbb49fdfe08f43ec7	UNITE+BLAST	Candida	Candida_albicans	NA	fig4_q20_PE_cutadapt_unite	Cutadapt	PE	PE	Cutadapt	Candida	Candida_albicans
26f118e2e4997cc33c7b3c65fb658710	UNITE+BLAST	Aspergillus	Aspergillus_fumigatus	NA	fig4_q20_PE_cutadapt_unite	Cutadapt	PE	PE	Cutadapt	Aspergillus	Aspergillus_fumigatus
eed5e4d3a31942e1584d9ceffa60b00f	UNITE+BLAST	Fungi_k	Fungi_k	NA	fig4_q20_PE_cutadapt_unite	Cutadapt	PE	PE	Cutadapt	Fungi_k	Fungi_k
e4b62c759765e5ea476798ea00b7145c	UNITE+BLAST	Ascomycota_p	Ascomycota_p	NA	fig4_q20_PE_cutadapt_unite	Cutadapt	PE	PE	Cutadapt	Ascomycota_p	Ascomycota_p
6b8aaf1114108305afca11f0d57feed2	UNITE+BLAST	Fungi_k	Fungi_k	NA	fig4_q20_PE_cutadapt_unite	Cutadapt	PE	PE	Cutadapt	Fungi_k	Fungi_k
e49a1c33bff01b0baad3885264c9e2dc	UNITE+BLAST	Cryptococcus	Cryptococcus_neoformans	NA	fig4_q20_PE_cutadapt_unite	Cutadapt	PE	PE	Cutadapt	Cryptococcus	Cryptococcus_neoformans
cab80b01344b2892d9a7eb759f13c776	UNITE+BLAST	Ascomycota_p	Ascomycota_p	NA	fig4_q20_PE_cutadapt_unite	Cutadapt	PE	PE	Cutadapt	Ascomycota_p	Ascomycota_p
30b16329ff6c395c2a4cfc8e6fcb799a	UNITE+BLAST	Ascomycota_p	Ascomycota_p	NA	fig4_q20_PE_cutadapt_unite	Cutadapt	PE	PE	Cutadapt	Ascomycota_p	Ascomycota_p
91a2226a1404a1ddb6b84c2cb3e22ef9	UNITE+BLAST	Ascomycota_p	Ascomycota_p	NA	fig4_q20_PE_cutadapt_unite	Cutadapt	PE	PE	Cutadapt	Ascomycota_p	Ascomycota_p
7bcc41bca6086b958c287e878aba801a	UNITE+BLAST	Ascomycota_p	Ascomycota_p	NA	fig4_q20_PE_cutadapt_unite	Cutadapt	PE	PE	Cutadapt	Ascomycota_p	Ascomycota_p
ff34f3db7fbb3ad8306614c173ba2319	UNITE+BLAST	Fungi_k	Fungi_k	NA	fig4_q20_PE_cutadapt_unite	Cutadapt	PE	PE	Cutadapt	Fungi_k	Fungi_k
d113cb0c70777652f1c5e5babc1945f8	UNITE+BLAST	Pleosporales_o	Pleosporales_o	NA	fig4_q20_PE_cutadapt_unite	Cutadapt	PE	PE	Cutadapt	Pleosporales_o	Pleosporales_o
0e6108700c9a01c0be9929564a203813	UNITE+BLAST	Leucosporidium	Leucosporidium_intermedium	NA	fig4_q20_PE_cutadapt_unite	Cutadapt	PE	PE	Cutadapt	Leucosporidium	Leucosporidium_intermedium
533388903b34a5fd264b5621ff9da2dd	UNITE+BLAST	Ascomycota_p	Ascomycota_p	NA	fig4_q20_PE_cutadapt_unite	Cutadapt	PE	PE	Cutadapt	Ascomycota_p	Ascomycota_p
1797597fabec15ebe972f68a03ce19cd	UNITE+BLAST	Ascomycota_p	Ascomycota_p	NA	fig4_q20_PE_cutadapt_unite	Cutadapt	PE	PE	Cutadapt	Ascomycota_p	Ascomycota_p
1cfb9be7ca486afcfae835ecb3dfd32c	UNITE+BLAST	Lecanorales_o	Lecanorales_o	NA	fig4_q20_PE_cutadapt_unite	Cutadapt	PE	PE	Cutadapt	Lecanorales_o	Lecanorales_o
3c179d3523313fe7a2e2ea3ef9be1cab	UNITE+BLAST	Fungi_k	Fungi_k	NA	fig4_q20_PE_cutadapt_unite	Cutadapt	PE	PE	Cutadapt	Fungi_k	Fungi_k
01517fb3b2efbc8638ba652cff74ea45	UNITE+BLAST	Ascomycota_p	Ascomycota_p	NA	fig4_q20_PE_cutadapt_unite	Cutadapt	PE	PE	Cutadapt	Ascomycota_p	Ascomycota_p
62b08cca041da3e87b78b282c6b70ffa	UNITE+BLAST	Fungi_k	Fungi_k	NA	fig4_q20_PE_cutadapt_unite	Cutadapt	PE	PE	Cutadapt	Fungi_k	Fungi_k
784787765efbbce1fdb6980c8b2d0d82	UNITE+BLAST	Fungi_k	Fungi_k	NA	fig4_q20_PE_cutadapt_unite	Cutadapt	PE	PE	Cutadapt	Fungi_k	Fungi_k
dba663d8ae96cc529852817b3b3f367b	UNITE+BLAST	Candida	Candida_albicans	NA	fig4_q20_PE_cutadapt_unite	Cutadapt	PE	PE	Cutadapt	Candida	Candida_albicans
b6049637e9edcb5f2f9707570c5fea70	UNITE+BLAST	Aspergillaceae_f	Aspergillaceae_f	NA	fig4_q20_PE_cutadapt_unite	Cutadapt	PE	PE	Cutadapt	Aspergillaceae_f	Aspergillaceae_f
0579fae15ec314635f7bfd4b794ca07d	UNITE+BLAST	Ascomycota_p	Ascomycota_p	NA	fig4_q20_PE_cutadapt_unite	Cutadapt	PE	PE	Cutadapt	Ascomycota_p	Ascomycota_p
5be97541225209939e73ba16d328750a	UNITE+BLAST	Neopyrenochaeta	Unclassified	NA	fig4_q20_PE_cutadapt_unite	Cutadapt	PE	PE	Cutadapt	Neopyrenochaeta	Unclassified
09d930f2ed87b3557b31fac73c4ec6ac	UNITE+BLAST	Ascomycota_p	Ascomycota_p	NA	fig4_q20_PE_cutadapt_unite	Cutadapt	PE	PE	Cutadapt	Ascomycota_p	Ascomycota_p
b12ed4056a059a247c6bfdadddd6fad2	UNITE+BLAST	Fungi_k	Fungi_k	NA	fig4_q20_PE_cutadapt_unite	Cutadapt	PE	PE	Cutadapt	Fungi_k	Fungi_k
414db13a7edea047edada196ef86d1db	UNITE+BLAST	Ascomycota_p	Ascomycota_p	NA	fig4_q20_PE_cutadapt_unite	Cutadapt	PE	PE	Cutadapt	Ascomycota_p	Ascomycota_p
8c6d557c22bea487a508348e20b2f66c	UNITE+BLAST	Fusarium	Fusarium_oxysporum	NA	fig4_q20_PE_cutadapt_unite	Cutadapt	PE	PE	Cutadapt	Fusarium	Fusarium_oxysporum
a82e28cc9eb92a8a6dffdbde3bafcdd1	UNITE+BLAST	Trechispora	Unclassified	NA	fig4_q20_PE_cutadapt_unite	Cutadapt	PE	PE	Cutadapt	Trechispora	Unclassified
3c3ad52280ae901c819f286ea37e0bb3	UNITE+BLAST	Fungi_k	Fungi_k	NA	fig4_q20_PE_cutadapt_unite	Cutadapt	PE	PE	Cutadapt	Fungi_k	Fungi_k
febd6c7801730f9080e2d5b1a8883186	UNITE+BLAST	Fungi_k	Fungi_k	NA	fig4_q20_PE_cutadapt_unite	Cutadapt	PE	PE	Cutadapt	Fungi_k	Fungi_k
870b996b7364a3020227bc4b918ba54f	UNITE+BLAST	Fungi_k	Fungi_k	NA	fig4_q20_PE_cutadapt_unite	Cutadapt	PE	PE	Cutadapt	Fungi_k	Fungi_k
43da86f7221f3f1ae0c3c676f634c5b4	UNITE+BLAST	Biscogniauxia	Biscogniauxia_atropunctata	NA	fig4_q20_PE_cutadapt_unite	Cutadapt	PE	PE	Cutadapt	Biscogniauxia	Biscogniauxia_atropunctata
b71b6e97d898c9794bb80b4a58679c81	UNITE+BLAST	Fungi_k	Fungi_k	NA	fig4_q20_PE_cutadapt_unite	Cutadapt	PE	PE	Cutadapt	Fungi_k	Fungi_k
8ca94a5429d980fe4a4af8c8abeea96f	UNITE+BLAST	Cutaneotrichosporon	Cutaneotrichosporon_debeurmannianum	NA	fig4_q20_PE_cutadapt_unite	Cutadapt	PE	PE	Cutadapt	Cutaneotrichosporon	Cutaneotrichosporon_debeurmannianum
db27875bac77493d68e0574f50fec6b8	UNITE+BLAST	Fungi_k	Fungi_k	NA	fig4_q20_PE_cutadapt_unite	Cutadapt	PE	PE	Cutadapt	Fungi_k	Fungi_k
6a5dc5c1af3f771d468b04f61b6916d3	UNITE+BLAST	Aspergillus	Aspergillus_fumigatus	NA	fig4_q20_PE_cutadapt_unite	Cutadapt	PE	PE	Cutadapt	Aspergillus	Aspergillus_fumigatus
eca677b652afb80f02a64e9a83fef553	UNITE+BLAST	Fungi_k	Fungi_k	NA	fig4_q20_PE_cutadapt_unite	Cutadapt	PE	PE	Cutadapt	Fungi_k	Fungi_k
db0ef5bf5a0990e3c19bc43772baf5c8	UNITE+BLAST	Fungi_k	Fungi_k	NA	fig4_q20_PE_cutadapt_unite	Cutadapt	PE	PE	Cutadapt	Fungi_k	Fungi_k
c62cc042cc6a67f6ea1ed71ffd87d7c0	UNITE+BLAST	Aspergillus	Aspergillus_fumigatus	NA	fig4_q20_PE_cutadapt_unite	Cutadapt	PE	PE	Cutadapt	Aspergillus	Aspergillus_fumigatus
3d20affbd4fdca37e202d916e1b449e9	UNITE+BLAST	Fungi_k	Fungi_k	NA	fig4_q20_PE_cutadapt_unite	Cutadapt	PE	PE	Cutadapt	Fungi_k	Fungi_k
f3777c7c1fa5423ac63e6e772595c637	UNITE+BLAST	Candida	Candida_dubliniensis	NA	fig4_q20_PE_cutadapt_unite	Cutadapt	PE	PE	Cutadapt	Candida	Candida_dubliniensis
b6bec96f103eb0545b217f1d657e4222	UNITE+BLAST	Fungi_k	Fungi_k	NA	fig4_q20_PE_cutadapt_unite	Cutadapt	PE	PE	Cutadapt	Fungi_k	Fungi_k
b2e68d5fe99e43410ff0cb7ff1d1b7b1	UNITE+BLAST	Fungi_k	Fungi_k	NA	fig4_q20_PE_cutadapt_unite	Cutadapt	PE	PE	Cutadapt	Fungi_k	Fungi_k
56400a68c14dd4ec158ee81d130bd69c	UNITE+BLAST	Talaromyces	Talaromyces_purgamentorum	NA	fig4_q20_PE_cutadapt_unite	Cutadapt	PE	PE	Cutadapt	Talaromyces	Talaromyces_purgamentorum
4c66ae20b90bfd65449bcb4d6a759a03	UNITE+BLAST	Candida	Candida_albicans	NA	fig4_q20_PE_cutadapt_unite	Cutadapt	PE	PE	Cutadapt	Candida	Candida_albicans
a0f0fd169551be4f1d94ff06f51c2ca9	UNITE+BLAST	Ascomycota_p	Ascomycota_p	NA	fig4_q20_PE_cutadapt_unite	Cutadapt	PE	PE	Cutadapt	Ascomycota_p	Ascomycota_p
876475b4e5efdb58c11382a1e251651e	UNITE+BLAST	Fungi_k	Fungi_k	NA	fig4_q20_PE_cutadapt_unite	Cutadapt	PE	PE	Cutadapt	Fungi_k	Fungi_k
02a08e7b3d2d977945313b9fb5d6cccc	UNITE+BLAST	Fungi_k	Fungi_k	NA	fig4_q20_PE_cutadapt_unite	Cutadapt	PE	PE	Cutadapt	Fungi_k	Fungi_k
14fc77bb4fb1b62493910ff14198fb48	UNITE+BLAST	Ascomycota_p	Ascomycota_p	NA	fig4_q20_PE_cutadapt_unite	Cutadapt	PE	PE	Cutadapt	Ascomycota_p	Ascomycota_p
d96eb67859f13de9303ee89dc461115d	UNITE+BLAST	Fungi_k	Fungi_k	NA	fig4_q20_PE_cutadapt_unite	Cutadapt	PE	PE	Cutadapt	Fungi_k	Fungi_k
fc6c4e11383bfe07c738ed3d89340482	UNITE+BLAST	Aspergillus	Aspergillus_ruber	NA	fig4_q20_PE_cutadapt_unite	Cutadapt	PE	PE	Cutadapt	Aspergillus	Aspergillus_ruber
13e538015116992176a9c32705810203	UNITE+BLAST	Fungi_k	Fungi_k	NA	fig4_q20_PE_cutadapt_unite	Cutadapt	PE	PE	Cutadapt	Fungi_k	Fungi_k
6401d7680fa55a18a47abe7d71030afd	UNITE+BLAST	Nakaseomyces	Nakaseomyces_glabratus	NA	fig4_q20_PE_cutadapt_unite	Cutadapt	PE	PE	Cutadapt	Nakaseomyces	Nakaseomyces_glabratus
7790111cbadc0f985b36480bbe110813	UNITE+BLAST	Ascomycota_p	Ascomycota_p	NA	fig4_q20_PE_cutadapt_unite	Cutadapt	PE	PE	Cutadapt	Ascomycota_p	Ascomycota_p
62eb88ee0b056d637cf1dec297286385	UNITE+BLAST	Fungi_k	Fungi_k	NA	fig4_q20_PE_cutadapt_unite	Cutadapt	PE	PE	Cutadapt	Fungi_k	Fungi_k
cf1bc020266efa2d5c932a805d5510ec	UNITE+BLAST	Fungi_k	Fungi_k	NA	fig4_q20_PE_cutadapt_unite	Cutadapt	PE	PE	Cutadapt	Fungi_k	Fungi_k
48076d777be0f231b8ab42722e0d5ea9	UNITE+BLAST	Ascomycota_p	Ascomycota_p	NA	fig4_q20_PE_cutadapt_unite	Cutadapt	PE	PE	Cutadapt	Ascomycota_p	Ascomycota_p
59b0265e4dc737bee8126e3b843b6011	UNITE+BLAST	Cryptococcus	Cryptococcus_neoformans	NA	fig4_q20_PE_cutadapt_unite	Cutadapt	PE	PE	Cutadapt	Cryptococcus	Cryptococcus_neoformans
69d793556be28ee92a0658398e5b471c	UNITE+BLAST	Ascomycota_p	Ascomycota_p	NA	fig4_q20_PE_cutadapt_unite	Cutadapt	PE	PE	Cutadapt	Ascomycota_p	Ascomycota_p
2609534e889775b071bd4877a3cbdb06	UNITE+BLAST	Fungi_k	Fungi_k	NA	fig4_q20_PE_cutadapt_unite	Cutadapt	PE	PE	Cutadapt	Fungi_k	Fungi_k
3cb7182b23e66c4a1e3a662df7eff540	UNITE+BLAST	Fungi_k	Fungi_k	NA	fig4_q20_PE_cutadapt_unite	Cutadapt	PE	PE	Cutadapt	Fungi_k	Fungi_k
eb7ae5701404f55c4858cac509cd1036	UNITE+BLAST	Ascomycota_p	Ascomycota_p	NA	fig4_q20_PE_cutadapt_unite	Cutadapt	PE	PE	Cutadapt	Ascomycota_p	Ascomycota_p
d87f7398347353048cd513c0e7c0ce41	UNITE+BLAST	Aureobasidium	Aureobasidium_intercalariosporum	NA	fig4_q20_PE_cutadapt_unite	Cutadapt	PE	PE	Cutadapt	Aureobasidium	Aureobasidium_intercalariosporum
b6f2dbe167d7ea6998779f966d282265	UNITE+BLAST	Fungi_k	Fungi_k	NA	fig4_q20_PE_cutadapt_unite	Cutadapt	PE	PE	Cutadapt	Fungi_k	Fungi_k
c2b6527533c45ea91cdbd09c67e14420	UNITE+BLAST	Penicillium	Penicillium_brevicompactum	NA	fig4_q20_PE_cutadapt_unite	Cutadapt	PE	PE	Cutadapt	Penicillium	Penicillium_brevicompactum
e6817e69ae599b8f04d17888f7b6ca9b	UNITE+BLAST	Candida	Candida_albicans	NA	fig4_q20_PE_cutadapt_unite	Cutadapt	PE	PE	Cutadapt	Candida	Candida_albicans
2d3b44850570682e08688c29f56403cd	UNITE+BLAST	Fungi_k	Fungi_k	NA	fig4_q20_PE_cutadapt_unite	Cutadapt	PE	PE	Cutadapt	Fungi_k	Fungi_k
97b1e3d578b831c37bc51c4217a4d4f1	UNITE+BLAST	Fungi_k	Fungi_k	NA	fig4_q20_PE_cutadapt_unite	Cutadapt	PE	PE	Cutadapt	Fungi_k	Fungi_k
a4345c0686c98cd64b93c00a48d38d90	UNITE+BLAST	Fungi_k	Fungi_k	NA	fig4_q20_PE_cutadapt_unite	Cutadapt	PE	PE	Cutadapt	Fungi_k	Fungi_k
b99ae1d666389da38cad26d7243004e9	UNITE+BLAST	Ascomycota_p	Ascomycota_p	NA	fig4_q20_PE_cutadapt_unite	Cutadapt	PE	PE	Cutadapt	Ascomycota_p	Ascomycota_p
6e5724e8d6c2ad61bf6e6dc69c270239	UNITE+BLAST	Ascomycota_p	Ascomycota_p	NA	fig4_q20_PE_cutadapt_unite	Cutadapt	PE	PE	Cutadapt	Ascomycota_p	Ascomycota_p
3fc64d4054e1ba29068b0e64f66a9df4	UNITE+BLAST	Ascomycota_p	Ascomycota_p	NA	fig4_q20_PE_cutadapt_unite	Cutadapt	PE	PE	Cutadapt	Ascomycota_p	Ascomycota_p
85010e18a157eea8eb2c0de32ecea32f	UNITE+BLAST	Sarocladium	Sarocladium_zeae	NA	fig4_q20_PE_cutadapt_unite	Cutadapt	PE	PE	Cutadapt	Sarocladium	Sarocladium_zeae
dff53305db8c0edeebd63a7c55860b06	UNITE+BLAST	Ascomycota_p	Ascomycota_p	NA	fig4_q20_PE_cutadapt_unite	Cutadapt	PE	PE	Cutadapt	Ascomycota_p	Ascomycota_p
80e541b8af41ac979a19ec8570ba6115	UNITE+BLAST	Fungi_k	Fungi_k	NA	fig4_q20_PE_cutadapt_unite	Cutadapt	PE	PE	Cutadapt	Fungi_k	Fungi_k
75a160ad822662d2f519cfde7d31cd06	UNITE+BLAST	Ascomycota_p	Ascomycota_p	NA	fig4_q20_PE_cutadapt_unite	Cutadapt	PE	PE	Cutadapt	Ascomycota_p	Ascomycota_p
c8dce878620b52b38172236f39acc7fa	UNITE+BLAST	Fungi_k	Fungi_k	NA	fig4_q20_PE_cutadapt_unite	Cutadapt	PE	PE	Cutadapt	Fungi_k	Fungi_k
e964994d6f202441af10c435acc7d999	UNITE+BLAST	Nakaseomyces	Nakaseomyces_glabratus	NA	fig4_q20_PE_cutadapt_unite	Cutadapt	PE	PE	Cutadapt	Nakaseomyces	Nakaseomyces_glabratus
493f6991a7aac555ad9c841b1e46c0ec	UNITE+BLAST	Ascomycota_p	Ascomycota_p	NA	fig4_q20_PE_cutadapt_unite	Cutadapt	PE	PE	Cutadapt	Ascomycota_p	Ascomycota_p
a63edff864bc2a9fbdfebdeaa599b649	UNITE+BLAST	Fungi_k	Fungi_k	NA	fig4_q20_PE_cutadapt_unite	Cutadapt	PE	PE	Cutadapt	Fungi_k	Fungi_k
343617d9697538489da301c11a5d82b6	UNITE+BLAST	Phlebia	Unclassified	NA	fig4_q20_PE_cutadapt_unite	Cutadapt	PE	PE	Cutadapt	Phlebia	Unclassified
3ad5201997e575e30a33b0927c35159e	UNITE+BLAST	Penicillium	Penicillium_sclerotiorum	NA	fig4_q20_PE_cutadapt_unite	Cutadapt	PE	PE	Cutadapt	Penicillium	Penicillium_sclerotiorum
de9f5d789a08776f6e7ba581d784327c	UNITE+BLAST	Fungi_k	Fungi_k	NA	fig4_q20_PE_cutadapt_unite	Cutadapt	PE	PE	Cutadapt	Fungi_k	Fungi_k
04531902e62b02b509d22639c6b624ac	UNITE+BLAST	Neopyrenochaeta	Unclassified	NA	fig4_q20_PE_cutadapt_unite	Cutadapt	PE	PE	Cutadapt	Neopyrenochaeta	Unclassified
ba7510d311e4a8aef419d78ca383da83	UNITE+BLAST	Stereaceae_f	Stereaceae_f	NA	fig4_q20_PE_cutadapt_unite	Cutadapt	PE	PE	Cutadapt	Stereaceae_f	Stereaceae_f
3eaa552b715fdc7aa8d3485858928c6c	UNITE+BLAST	Fungi_k	Fungi_k	NA	fig4_q20_PE_cutadapt_unite	Cutadapt	PE	PE	Cutadapt	Fungi_k	Fungi_k
3a527d6363a858cbdb36b1403f9f7df7	UNITE+BLAST	Hannaella	Hannaella_oryzae	NA	fig4_q20_PE_cutadapt_unite	Cutadapt	PE	PE	Cutadapt	Hannaella	Hannaella_oryzae
6e6ea7eb9a05010549b1eb6b10e5b28a	UNITE+BLAST	Helotiales_o	Helotiales_o	NA	fig4_q20_PE_cutadapt_unite	Cutadapt	PE	PE	Cutadapt	Helotiales_o	Helotiales_o
59ed919bc0ce42b586980174a6d16893	UNITE+BLAST	Ascomycota_p	Ascomycota_p	NA	fig4_q20_PE_cutadapt_unite	Cutadapt	PE	PE	Cutadapt	Ascomycota_p	Ascomycota_p
8ab90bebb29c598d82a0357fb34b46a1	UNITE+BLAST	Fungi_k	Fungi_k	NA	fig4_q20_PE_cutadapt_unite	Cutadapt	PE	PE	Cutadapt	Fungi_k	Fungi_k
fa5c3717c38ec0a0608200d65036bf26	UNITE+BLAST	Fungi_k	Fungi_k	NA	fig4_q20_PE_cutadapt_unite	Cutadapt	PE	PE	Cutadapt	Fungi_k	Fungi_k
bbe28958239e369716d67bc7dbc701b4	UNITE+BLAST	Fungi_k	Fungi_k	NA	fig4_q20_PE_cutadapt_unite	Cutadapt	PE	PE	Cutadapt	Fungi_k	Fungi_k
5e4b1923571b29530a629c7fba5ec555	UNITE+BLAST	Phlebia	Unclassified	NA	fig4_q20_PE_cutadapt_unite	Cutadapt	PE	PE	Cutadapt	Phlebia	Unclassified
7ecdaf0133e8f0ade887999e0877f287	UNITE+BLAST	Fungi_k	Fungi_k	NA	fig4_q20_PE_cutadapt_unite	Cutadapt	PE	PE	Cutadapt	Fungi_k	Fungi_k
2881c8dcc461db66d6476faa81c6f034	UNITE+BLAST	Cutaneotrichosporon	Cutaneotrichosporon_mucoides	NA	fig4_q20_PE_cutadapt_unite	Cutadapt	PE	PE	Cutadapt	Cutaneotrichosporon	Cutaneotrichosporon_mucoides
d16f2b6f389647abc71b88d4f95a1425	UNITE+BLAST	Pleosporales_o	Pleosporales_o	NA	fig4_q20_PE_cutadapt_unite	Cutadapt	PE	PE	Cutadapt	Pleosporales_o	Pleosporales_o
7a10d75f3164deff71973636bb24d61a	UNITE+BLAST	Fungi_k	Fungi_k	NA	fig4_q20_PE_cutadapt_unite	Cutadapt	PE	PE	Cutadapt	Fungi_k	Fungi_k
7ab119d39a4cfa246bc56173600c2ac9	UNITE+BLAST	Fungi_k	Fungi_k	NA	fig4_q20_PE_cutadapt_unite	Cutadapt	PE	PE	Cutadapt	Fungi_k	Fungi_k
8bcd042eb6355d4e86e5590419facdbc	UNITE+BLAST	Fungi_k	Fungi_k	NA	fig4_q20_PE_cutadapt_unite	Cutadapt	PE	PE	Cutadapt	Fungi_k	Fungi_k
9c22a054931e451debbfc78dcc021a1f	UNITE+BLAST	Fungi_k	Fungi_k	NA	fig4_q20_PE_cutadapt_unite	Cutadapt	PE	PE	Cutadapt	Fungi_k	Fungi_k
4fdb9f84eb897b2069ee65ef0bf1e061	UNITE+BLAST	Ascomycota_p	Ascomycota_p	NA	fig4_q20_PE_cutadapt_unite	Cutadapt	PE	PE	Cutadapt	Ascomycota_p	Ascomycota_p
05a56095084bcc3dde845c95ccb3f491	UNITE+BLAST	Irpex	Irpex_hydnoides	NA	fig4_q20_PE_cutadapt_unite	Cutadapt	PE	PE	Cutadapt	Irpex	Irpex_hydnoides
874450a33ecf28c395b152e094cbba5c	UNITE+BLAST	Paraphoma	Paraphoma_rhaphiolepidis	NA	fig4_q20_PE_cutadapt_unite	Cutadapt	PE	PE	Cutadapt	Paraphoma	Paraphoma_rhaphiolepidis
ecb27c145358ad94558f0c105d455511	UNITE+BLAST	Paraphoma	Paraphoma_rhaphiolepidis	NA	fig4_q20_PE_cutadapt_unite	Cutadapt	PE	PE	Cutadapt	Paraphoma	Paraphoma_rhaphiolepidis
826fb3b91a6b5579d3c4bf17b77982ae	UNITE+BLAST	Cutaneotrichosporon	Cutaneotrichosporon_mucoides	NA	fig4_q20_PE_cutadapt_unite	Cutadapt	PE	PE	Cutadapt	Cutaneotrichosporon	Cutaneotrichosporon_mucoides
10eca292eb84a97e234c6e330e288bdd	UNITE+BLAST	Pluteus	Unclassified	NA	fig4_q20_PE_cutadapt_unite	Cutadapt	PE	PE	Cutadapt	Pluteus	Unclassified
838abc5f3fe16a8fd0df438f5088704d	UNITE+BLAST	Fungi_k	Fungi_k	NA	fig4_q20_PE_cutadapt_unite	Cutadapt	PE	PE	Cutadapt	Fungi_k	Fungi_k
7ea105befe242b870ac3113605fef73a	UNITE+BLAST	Fungi_k	Fungi_k	NA	fig4_q20_PE_cutadapt_unite	Cutadapt	PE	PE	Cutadapt	Fungi_k	Fungi_k
40210b03d60063aa9a1cb1a1c65fbb24	UNITE+BLAST	Ascomycota_p	Ascomycota_p	NA	fig4_q20_PE_cutadapt_unite	Cutadapt	PE	PE	Cutadapt	Ascomycota_p	Ascomycota_p
b945b4fc83cc3c7350db9b639ff95cdb	UNITE+BLAST	Hymenochaete	Hymenochaete_odontoides	NA	fig4_q20_PE_cutadapt_unite	Cutadapt	PE	PE	Cutadapt	Hymenochaete	Hymenochaete_odontoides
f8f66f00e3f4d16fd424b04bd2c32c3d	UNITE+BLAST	Fungi_k	Fungi_k	NA	fig4_q20_PE_cutadapt_unite	Cutadapt	PE	PE	Cutadapt	Fungi_k	Fungi_k
885829ee0d831837d0e86f97b63251c9	UNITE+BLAST	Phaeosphaeriaceae_f	Phaeosphaeriaceae_f	NA	fig4_q20_PE_cutadapt_unite	Cutadapt	PE	PE	Cutadapt	Phaeosphaeriaceae_f	Phaeosphaeriaceae_f
78d5bf582cb2fe9ea6cd971854c4bbce	UNITE+BLAST	Cryptococcus	Cryptococcus_neoformans	NA	fig4_q20_PE_cutadapt_unite	Cutadapt	PE	PE	Cutadapt	Cryptococcus	Cryptococcus_neoformans
949b5a88e5a1307133bfbfbbb4309acc	UNITE+BLAST	Kazachstania	Kazachstania_servazzii	NA	fig4_q20_PE_cutadapt_unite	Cutadapt	PE	PE	Cutadapt	Kazachstania	Kazachstania_servazzii
1d819ed956fe66695c8533e01cda3c40	UNITE+BLAST	Cutaneotrichosporon	Cutaneotrichosporon_mucoides	NA	fig4_q20_PE_cutadapt_unite	Cutadapt	PE	PE	Cutadapt	Cutaneotrichosporon	Cutaneotrichosporon_mucoides
bfe48bc109bc83adb4329dd720f13411	UNITE+BLAST	Fungi_k	Fungi_k	NA	fig4_q20_PE_cutadapt_unite	Cutadapt	PE	PE	Cutadapt	Fungi_k	Fungi_k
f2317d2b58e57a17e2043c724f1bf120	UNITE+BLAST	Cryptococcus	Cryptococcus_neoformans	NA	fig4_q20_PE_cutadapt_unite	Cutadapt	PE	PE	Cutadapt	Cryptococcus	Cryptococcus_neoformans
e5df968e1b748c53679a29497cedafc9	UNITE+BLAST	Peniophoraceae_f	Peniophoraceae_f	NA	fig4_q20_PE_cutadapt_unite	Cutadapt	PE	PE	Cutadapt	Peniophoraceae_f	Peniophoraceae_f
a43acb8918a5ce3d94ff925242d20b20	UNITE+BLAST	Cutaneotrichosporon	Cutaneotrichosporon_mucoides	NA	fig4_q20_PE_cutadapt_unite	Cutadapt	PE	PE	Cutadapt	Cutaneotrichosporon	Cutaneotrichosporon_mucoides
9cfae492e1e3f63b413eb2f4f1d5eee6	UNITE+BLAST	Coniothyrium	Coniothyrium_sidae	NA	fig4_q20_PE_cutadapt_unite	Cutadapt	PE	PE	Cutadapt	Coniothyrium	Coniothyrium_sidae
09de61d81017f4d844ceb66d071f6718	UNITE+BLAST	Fungi_k	Fungi_k	NA	fig4_q20_PE_cutadapt_unite	Cutadapt	PE	PE	Cutadapt	Fungi_k	Fungi_k
6dfc35432196227d5b54ad2cb544fa41	UNITE+BLAST	Ascomycota_p	Ascomycota_p	NA	fig4_q20_PE_cutadapt_unite	Cutadapt	PE	PE	Cutadapt	Ascomycota_p	Ascomycota_p
d14317fde9b414445f21f37c9d7e44d4	UNITE+BLAST	Ascomycota_p	Ascomycota_p	NA	fig4_q20_PE_cutadapt_unite	Cutadapt	PE	PE	Cutadapt	Ascomycota_p	Ascomycota_p
9dafdae447485a1c3b64cf210c30023a	UNITE+BLAST	Fungi_k	Fungi_k	NA	fig4_q20_PE_cutadapt_unite	Cutadapt	PE	PE	Cutadapt	Fungi_k	Fungi_k
13938a532131c6422d6bd44980ee26ad	UNITE+BLAST	Fungi_k	Fungi_k	NA	fig4_q20_PE_cutadapt_unite	Cutadapt	PE	PE	Cutadapt	Fungi_k	Fungi_k
44f63ce58e8859e2fd95aa59ec000aac	UNITE+BLAST	Cryptococcus	Cryptococcus_neoformans	NA	fig4_q20_PE_cutadapt_unite	Cutadapt	PE	PE	Cutadapt	Cryptococcus	Cryptococcus_neoformans
e08b78852bed4afcea6b40d7010d60eb	UNITE+BLAST	Exidia	Exidia_uvapassa	NA	fig4_q20_PE_cutadapt_unite	Cutadapt	PE	PE	Cutadapt	Exidia	Exidia_uvapassa
a6c6c15f86c5acbde3a72761962a6161	UNITE+BLAST	Peniophoraceae_f	Peniophoraceae_f	NA	fig4_q20_PE_cutadapt_unite	Cutadapt	PE	PE	Cutadapt	Peniophoraceae_f	Peniophoraceae_f
4d5cb465f36e34a074f27d4dd53f2b2d	UNITE+BLAST	Periconia	Periconia_celtidis	NA	fig4_q20_PE_cutadapt_unite	Cutadapt	PE	PE	Cutadapt	Periconia	Periconia_celtidis
55095aa38dc46f1e8131c392a0df9241	UNITE+BLAST	Cryptococcus	Cryptococcus_neoformans	NA	fig4_q20_PE_cutadapt_unite	Cutadapt	PE	PE	Cutadapt	Cryptococcus	Cryptococcus_neoformans
dac3210b4954d95bc73cf68e7b24e601	UNITE+BLAST	Pleosporales_o	Pleosporales_o	NA	fig4_q20_PE_cutadapt_unite	Cutadapt	PE	PE	Cutadapt	Pleosporales_o	Pleosporales_o
44b6ea5ad2db0f4f7eeaebad701b8ff3	UNITE+BLAST	Polyporales_o	Polyporales_o	NA	fig4_q20_PE_cutadapt_unite	Cutadapt	PE	PE	Cutadapt	Polyporales_o	Polyporales_o
013a0b22fa2570a9fca2281d979c43ce	UNITE+BLAST	Peniophoraceae_f	Peniophoraceae_f	NA	fig4_q20_PE_cutadapt_unite	Cutadapt	PE	PE	Cutadapt	Peniophoraceae_f	Peniophoraceae_f
3172b69504ea1e872af24e7b1e27224d	UNITE+BLAST	Hyphodontia	Hyphodontia_tropica	NA	fig4_q20_PE_cutadapt_unite	Cutadapt	PE	PE	Cutadapt	Hyphodontia	Hyphodontia_tropica
1621173d9b15df3ab3f26d4c7dd234c5	UNITE+BLAST	Ascomycota_p	Ascomycota_p	NA	fig4_q20_PE_cutadapt_unite	Cutadapt	PE	PE	Cutadapt	Ascomycota_p	Ascomycota_p
22133c804d861d83fe6ea04c05e550cb	UNITE+BLAST	Thelebolus	Unclassified	NA	fig4_q20_PE_cutadapt_unite	Cutadapt	PE	PE	Cutadapt	Thelebolus	Unclassified
1611fa31357d5d95b54e5ce6e67b7336	UNITE+BLAST	Ascomycota_p	Ascomycota_p	NA	fig4_q20_PE_cutadapt_unite	Cutadapt	PE	PE	Cutadapt	Ascomycota_p	Ascomycota_p
e332c648f24c130c5f2d59d5449b40fc	UNITE+BLAST	Fungi_k	Fungi_k	NA	fig4_q20_PE_cutadapt_unite	Cutadapt	PE	PE	Cutadapt	Fungi_k	Fungi_k
c2fb5f432519bf12ffcbe6f3babe8db9	UNITE+BLAST	Fungi_k	Fungi_k	NA	fig4_q20_PE_cutadapt_unite	Cutadapt	PE	PE	Cutadapt	Fungi_k	Fungi_k
53e003cae5cc021112cb7b0c3ec680ec	UNITE+BLAST	Fungi_k	Fungi_k	NA	fig4_q20_PE_cutadapt_unite	Cutadapt	PE	PE	Cutadapt	Fungi_k	Fungi_k
1caf3038387e5ec2fbe3b12374ffabad	UNITE+BLAST	Paragibellulopsis	Paragibellulopsis_chrysanthemi	NA	fig4_q20_PE_cutadapt_unite	Cutadapt	PE	PE	Cutadapt	Paragibellulopsis	Paragibellulopsis_chrysanthemi
59d799f495532ebead030eed7bf2f83b	UNITE+BLAST	Cutaneotrichosporon	Cutaneotrichosporon_mucoides	NA	fig4_q20_PE_cutadapt_unite	Cutadapt	PE	PE	Cutadapt	Cutaneotrichosporon	Cutaneotrichosporon_mucoides
05bc9afc08b64748dca00ebba463b277	UNITE+BLAST	Ascomycota_p	Ascomycota_p	NA	fig4_q20_PE_cutadapt_unite	Cutadapt	PE	PE	Cutadapt	Ascomycota_p	Ascomycota_p
b1ca15402a23230040fa88e3d6a11d2f	UNITE+BLAST	Cutaneotrichosporon	Cutaneotrichosporon_mucoides	NA	fig4_q20_PE_cutadapt_unite	Cutadapt	PE	PE	Cutadapt	Cutaneotrichosporon	Cutaneotrichosporon_mucoides
4957da039270f4d9dd22369b1564cc19	UNITE+BLAST	Fungi_k	Fungi_k	NA	fig4_q20_PE_cutadapt_unite	Cutadapt	PE	PE	Cutadapt	Fungi_k	Fungi_k
c8505e875d51d986f896f036a5e618b9	UNITE+BLAST	Saccharomycetales_o	Saccharomycetales_o	NA	fig4_q20_PE_cutadapt_unite	Cutadapt	PE	PE	Cutadapt	Saccharomycetales_o	Saccharomycetales_o
95f1773c2a7d0ca13e927254c8112db1	UNITE+BLAST	Cryptococcus	Cryptococcus_neoformans	NA	fig4_q20_PE_cutadapt_unite	Cutadapt	PE	PE	Cutadapt	Cryptococcus	Cryptococcus_neoformans
fb76d27379d6ef9ed89ed41710259908	UNITE+BLAST	Fungi_k	Fungi_k	NA	fig4_q20_PE_cutadapt_unite	Cutadapt	PE	PE	Cutadapt	Fungi_k	Fungi_k
7af52fba2ca72fdd5d71deef24c61e8f	UNITE+BLAST	Stereaceae_f	Stereaceae_f	NA	fig4_q20_PE_cutadapt_unite	Cutadapt	PE	PE	Cutadapt	Stereaceae_f	Stereaceae_f
33dba7b0fe74ead03efdfb26e8f5b4c1	UNITE+BLAST	Phanerochaete	Unclassified	NA	fig4_q20_PE_cutadapt_unite	Cutadapt	PE	PE	Cutadapt	Phanerochaete	Unclassified
e5d853208ee1048f3c1aa0c35964ff89	UNITE+BLAST	Neosetophoma	Neosetophoma_guiyangensis	NA	fig4_q20_PE_cutadapt_unite	Cutadapt	PE	PE	Cutadapt	Neosetophoma	Neosetophoma_guiyangensis
261aaef3e9f437880fed728e842bf3ce	UNITE+BLAST	Mycoaciella	Mycoaciella_efibulata	NA	fig4_q20_PE_cutadapt_unite	Cutadapt	PE	PE	Cutadapt	Mycoaciella	Mycoaciella_efibulata
5a1347579b6378c186b1571a290bb9d4	UNITE+BLAST	Trametes	Trametes_hirsuta	NA	fig4_q20_PE_cutadapt_unite	Cutadapt	PE	PE	Cutadapt	Trametes	Trametes_hirsuta
87bb58fa78a3cd628677f1f4b6259b4f	UNITE+BLAST	Sistotrema	Sistotrema_brinkmannii	NA	fig4_q20_PE_cutadapt_unite	Cutadapt	PE	PE	Cutadapt	Sistotrema	Sistotrema_brinkmannii
52c2647fcfc1edfae9d7f91c8120c7be	UNITE+BLAST	Agaricales_o	Agaricales_o	NA	fig4_q20_PE_cutadapt_unite	Cutadapt	PE	PE	Cutadapt	Agaricales_o	Agaricales_o
f420cbde9cad909158433a2da2bc2724	UNITE+BLAST	Butyrea	Butyrea_japonica	NA	fig4_q20_PE_cutadapt_unite	Cutadapt	PE	PE	Cutadapt	Butyrea	Butyrea_japonica
c9b656acfc99a5a40f2209f65d0c5b1d	UNITE+BLAST	Leptospora	Unclassified	NA	fig4_q20_PE_cutadapt_unite	Cutadapt	PE	PE	Cutadapt	Leptospora	Unclassified
4161c7222171a84b64f908d3ea32728d	UNITE+BLAST	Scopuloides	Scopuloides_hydnoides	NA	fig4_q20_PE_cutadapt_unite	Cutadapt	PE	PE	Cutadapt	Scopuloides	Scopuloides_hydnoides
cea18ccd3dc789df8b36ab762cb54f5b	UNITE+BLAST	Ascomycota_p	Ascomycota_p	NA	fig4_q20_PE_cutadapt_unite	Cutadapt	PE	PE	Cutadapt	Ascomycota_p	Ascomycota_p
c8c777b869ce2f3711dd9d93f592b50c	UNITE+BLAST	Fungi_k	Fungi_k	NA	fig4_q20_PE_cutadapt_unite	Cutadapt	PE	PE	Cutadapt	Fungi_k	Fungi_k
4e64c1e73420427b8cb13f30a0a6ab7a	UNITE+BLAST	Ascomycota_p	Ascomycota_p	NA	fig4_q20_PE_cutadapt_unite	Cutadapt	PE	PE	Cutadapt	Ascomycota_p	Ascomycota_p
72b67bfcae18678bf980eddd36a9771a	UNITE+BLAST	Fungi_k	Fungi_k	NA	fig4_q20_PE_cutadapt_unite	Cutadapt	PE	PE	Cutadapt	Fungi_k	Fungi_k
286dcb58947ebd65c54731a7b31e1426	UNITE+BLAST	Ascomycota_p	Ascomycota_p	NA	fig4_q20_PE_cutadapt_unite	Cutadapt	PE	PE	Cutadapt	Ascomycota_p	Ascomycota_p
ea682988cc2366bcca203b858e165dbf	UNITE+BLAST	Ascomycota_p	Ascomycota_p	NA	fig4_q20_PE_cutadapt_unite	Cutadapt	PE	PE	Cutadapt	Ascomycota_p	Ascomycota_p
8fa026cd7de8b2de01e24a358b88be37	UNITE+BLAST	Fungi_k	Fungi_k	NA	fig4_q20_PE_cutadapt_unite	Cutadapt	PE	PE	Cutadapt	Fungi_k	Fungi_k
4b54985ad5446341d5ff07722207c144	UNITE+BLAST	Ascomycota_p	Ascomycota_p	NA	fig4_q20_PE_cutadapt_unite	Cutadapt	PE	PE	Cutadapt	Ascomycota_p	Ascomycota_p
63e821fd9fdbf2d8444cbd74ace0344b	UNITE+BLAST	Fungi_k	Fungi_k	NA	fig4_q20_PE_cutadapt_unite	Cutadapt	PE	PE	Cutadapt	Fungi_k	Fungi_k
b9bf649979c8d63c1c961595bd9cbfb0	UNITE+BLAST	Ascomycota_p	Ascomycota_p	NA	fig4_q20_PE_cutadapt_unite	Cutadapt	PE	PE	Cutadapt	Ascomycota_p	Ascomycota_p
54a9657d58d6908639ab20f13473c550	UNITE+BLAST	Ascomycota_p	Ascomycota_p	NA	fig4_q20_PE_cutadapt_unite	Cutadapt	PE	PE	Cutadapt	Ascomycota_p	Ascomycota_p
61dac92d18153645f1b7803b725f026e	UNITE+BLAST	Cryptococcus	Cryptococcus_neoformans	NA	fig4_q20_PE_cutadapt_unite	Cutadapt	PE	PE	Cutadapt	Cryptococcus	Cryptococcus_neoformans
2f59dd7e9fc446d7a14b08931d27996b	UNITE+BLAST	Fungi_k	Fungi_k	NA	fig4_q20_PE_cutadapt_unite	Cutadapt	PE	PE	Cutadapt	Fungi_k	Fungi_k
72dd57beba4abec6d0d494eb0718bc12	UNITE+BLAST	Trametes	Trametes_versicolor	NA	fig4_q20_PE_cutadapt_unite	Cutadapt	PE	PE	Cutadapt	Trametes	Trametes_versicolor
aa1c21768f0c6822b41cefe2fb555219	UNITE+BLAST	Candida	Candida_albicans	NA	fig4_q20_PE_cutadapt_unite	Cutadapt	PE	PE	Cutadapt	Candida	Candida_albicans
c775e1e68ff04f34433731d8adc2836c	UNITE+BLAST	Fungi_k	Fungi_k	NA	fig4_q20_PE_cutadapt_unite	Cutadapt	PE	PE	Cutadapt	Fungi_k	Fungi_k
489bc5e89193d4fe9dfdd84adf0546b3	UNITE+BLAST	Mycoaciella	Mycoaciella_efibulata	NA	fig4_q20_PE_cutadapt_unite	Cutadapt	PE	PE	Cutadapt	Mycoaciella	Mycoaciella_efibulata
546d990a90f7a2a349d951836ff0f2fd	UNITE+BLAST	Pleurotus	Pleurotus_ostreatus	NA	fig4_q20_PE_cutadapt_unite	Cutadapt	PE	PE	Cutadapt	Pleurotus	Pleurotus_ostreatus
af8682056a1a9eb428a421148900295c	UNITE+BLAST	Fungi_k	Fungi_k	NA	fig4_q20_PE_cutadapt_unite	Cutadapt	PE	PE	Cutadapt	Fungi_k	Fungi_k
15f625a79a06fdc049afd9842e648080	UNITE+BLAST	Irpex	Irpex_laceratus	NA	fig4_q20_PE_cutadapt_unite	Cutadapt	PE	PE	Cutadapt	Irpex	Irpex_laceratus
1e00172a134024897f0a1637e7f9f7eb	UNITE+BLAST	Fungi_k	Fungi_k	NA	fig4_q20_PE_cutadapt_unite	Cutadapt	PE	PE	Cutadapt	Fungi_k	Fungi_k
6d384cafc19065cc87fda307fc5edc62	UNITE+BLAST	Phlebia	Phlebia_acanthocystis	NA	fig4_q20_PE_cutadapt_unite	Cutadapt	PE	PE	Cutadapt	Phlebia	Phlebia_acanthocystis
a95bc4ccde33d49942cae98b507849d2	UNITE+BLAST	Candida	Candida_albicans	NA	fig4_q20_PE_cutadapt_unite	Cutadapt	PE	PE	Cutadapt	Candida	Candida_albicans
5d5c68762a61289edf822ec0e8f464a8	UNITE+BLAST	Candida	Candida_albicans	NA	fig4_q20_PE_cutadapt_unite	Cutadapt	PE	PE	Cutadapt	Candida	Candida_albicans
6a7f7a201bfc27f26a52596bb5f958db	UNITE+BLAST	Hericiaceae_f	Hericiaceae_f	NA	fig4_q20_PE_cutadapt_unite	Cutadapt	PE	PE	Cutadapt	Hericiaceae_f	Hericiaceae_f
4f64f4d8332a80d95d2636365ec9ce6f	UNITE+BLAST	Phanerochaete	Phanerochaete_cumulodentata	NA	fig4_q20_PE_cutadapt_unite	Cutadapt	PE	PE	Cutadapt	Phanerochaete	Phanerochaete_cumulodentata
6d4463163d7baef1ffc030ac5434b8fa	UNITE+BLAST	Mycoaciella	Mycoaciella_efibulata	NA	fig4_q20_PE_cutadapt_unite	Cutadapt	PE	PE	Cutadapt	Mycoaciella	Mycoaciella_efibulata
85cb2942a1f31a70093f7fd33e282c10	UNITE+BLAST	Ophiosphaerella	Ophiosphaerella_aquatica	NA	fig4_q20_PE_cutadapt_unite	Cutadapt	PE	PE	Cutadapt	Ophiosphaerella	Ophiosphaerella_aquatica
653186fd067372dd2084721fb1479f53	UNITE+BLAST	Sertulicium	Unclassified	NA	fig4_q20_PE_cutadapt_unite	Cutadapt	PE	PE	Cutadapt	Sertulicium	Unclassified
f24bad932a40bd5907b66928b249e6c4	UNITE+BLAST	Peniophoraceae_f	Peniophoraceae_f	NA	fig4_q20_PE_cutadapt_unite	Cutadapt	PE	PE	Cutadapt	Peniophoraceae_f	Peniophoraceae_f
33ea755d5d779ed211481b54b94a9919	UNITE+BLAST	Stereaceae_f	Stereaceae_f	NA	fig4_q20_PE_cutadapt_unite	Cutadapt	PE	PE	Cutadapt	Stereaceae_f	Stereaceae_f
467fd7fdc68ec2bc3ff68ce05b78ab34	UNITE+BLAST	Irpicaceae_f	Irpicaceae_f	NA	fig4_q20_PE_cutadapt_unite	Cutadapt	PE	PE	Cutadapt	Irpicaceae_f	Irpicaceae_f
51a982396cf2a0411b8d9b98cd55f672	UNITE+BLAST	Ascomycota_p	Ascomycota_p	NA	fig4_q20_PE_cutadapt_unite	Cutadapt	PE	PE	Cutadapt	Ascomycota_p	Ascomycota_p
90a27fd125785b348bf5414901cb8f88	UNITE+BLAST	Peniophoraceae_f	Peniophoraceae_f	NA	fig4_q20_PE_cutadapt_unite	Cutadapt	PE	PE	Cutadapt	Peniophoraceae_f	Peniophoraceae_f
295bfd812f42f8f02cd0ba4418aad5d9	UNITE+BLAST	Clitopilus	Unclassified	NA	fig4_q20_PE_cutadapt_unite	Cutadapt	PE	PE	Cutadapt	Clitopilus	Unclassified
40c94f5b821ef65501c4b2efa39da6db	UNITE+BLAST	Polyporales_o	Polyporales_o	NA	fig4_q20_PE_cutadapt_unite	Cutadapt	PE	PE	Cutadapt	Polyporales_o	Polyporales_o
4cff35afcd49a22c48b68822945290d1	UNITE+BLAST	Gnomoniaceae_f	Gnomoniaceae_f	NA	fig4_q20_PE_cutadapt_unite	Cutadapt	PE	PE	Cutadapt	Gnomoniaceae_f	Gnomoniaceae_f
51a98b7c5c93c54bda10caad99c364b6	UNITE+BLAST	Phlebiopsis	Phlebiopsis_gigantea	NA	fig4_q20_PE_cutadapt_unite	Cutadapt	PE	PE	Cutadapt	Phlebiopsis	Phlebiopsis_gigantea
ea6e93c84843aa3cfe82790b7e8ee81d	UNITE+BLAST	Xylodon	Xylodon_flaviporus	NA	fig4_q20_PE_cutadapt_unite	Cutadapt	PE	PE	Cutadapt	Xylodon	Xylodon_flaviporus
b4d30608377b8ba0a2db046367b63098	UNITE+BLAST	Ceratobasidiaceae_f	Ceratobasidiaceae_f	NA	fig4_q20_PE_cutadapt_unite	Cutadapt	PE	PE	Cutadapt	Ceratobasidiaceae_f	Ceratobasidiaceae_f
ff8927283a289e09e5c48a5cf7d76e7d	UNITE+BLAST	Paraphoma	Paraphoma_rhaphiolepidis	NA	fig4_q20_PE_cutadapt_unite	Cutadapt	PE	PE	Cutadapt	Paraphoma	Paraphoma_rhaphiolepidis
651475140040092883fd5b3dd2f0873e	UNITE+BLAST	Fungi_k	Fungi_k	NA	fig4_q20_PE_cutadapt_unite	Cutadapt	PE	PE	Cutadapt	Fungi_k	Fungi_k
6e260a5a65f2e47329e92f8d5caeda51	UNITE+BLAST	Fungi_k	Fungi_k	NA	fig4_q20_PE_cutadapt_unite	Cutadapt	PE	PE	Cutadapt	Fungi_k	Fungi_k
2160c1fb0f78e07cbc5167d7ceeb23e0	UNITE+BLAST	Lecanoromycetes_c	Lecanoromycetes_c	NA	fig4_q20_PE_cutadapt_unite	Cutadapt	PE	PE	Cutadapt	Lecanoromycetes_c	Lecanoromycetes_c
3eab78c489c453c266d9f7f00ff7a306	UNITE+BLAST	Ascomycota_p	Ascomycota_p	NA	fig4_q20_PE_cutadapt_unite	Cutadapt	PE	PE	Cutadapt	Ascomycota_p	Ascomycota_p
3ef930b55e2179db9e69a5023d604394	UNITE+BLAST	Lecanoromycetes_c	Lecanoromycetes_c	NA	fig4_q20_PE_cutadapt_unite	Cutadapt	PE	PE	Cutadapt	Lecanoromycetes_c	Lecanoromycetes_c
698241831931245ee5b614ffb602879b	UNITE+BLAST	Fungi_k	Fungi_k	NA	fig4_q20_PE_cutadapt_unite	Cutadapt	PE	PE	Cutadapt	Fungi_k	Fungi_k
713d81a47c60f29f9ac478f9ed48fe0f	UNITE+BLAST	Lecanoromycetes_c	Lecanoromycetes_c	NA	fig4_q20_PE_cutadapt_unite	Cutadapt	PE	PE	Cutadapt	Lecanoromycetes_c	Lecanoromycetes_c
cf4fa2152a817be452f36c833693f1f3	UNITE+BLAST	Ascomycota_p	Ascomycota_p	NA	fig4_q20_PE_cutadapt_unite	Cutadapt	PE	PE	Cutadapt	Ascomycota_p	Ascomycota_p
50629e38a5bac7973130accf256c91f1	UNITE+BLAST	Fungi_k	Fungi_k	NA	fig4_q20_PE_cutadapt_unite	Cutadapt	PE	PE	Cutadapt	Fungi_k	Fungi_k
429bcc81ef1faa02997413b774540036	UNITE+BLAST	Ascomycota_p	Ascomycota_p	NA	fig4_q20_PE_cutadapt_unite	Cutadapt	PE	PE	Cutadapt	Ascomycota_p	Ascomycota_p
c64847cfa36b0333b9f6d18a5e75bb41	UNITE+BLAST	Ascomycota_p	Ascomycota_p	NA	fig4_q20_PE_cutadapt_unite	Cutadapt	PE	PE	Cutadapt	Ascomycota_p	Ascomycota_p
dbce73c8a1ab561d6f614ddf237a3797	UNITE+BLAST	Fungi_k	Fungi_k	NA	fig4_q20_PE_cutadapt_unite	Cutadapt	PE	PE	Cutadapt	Fungi_k	Fungi_k
b1b56cea93a72ff60293ce9f58596645	UNITE+BLAST	Ascomycota_p	Ascomycota_p	NA	fig4_q20_PE_cutadapt_unite	Cutadapt	PE	PE	Cutadapt	Ascomycota_p	Ascomycota_p
b65a2b82cd127c5e2a47ad8faa1b752a	UNITE+BLAST	Fungi_k	Fungi_k	NA	fig4_q20_PE_cutadapt_unite	Cutadapt	PE	PE	Cutadapt	Fungi_k	Fungi_k
2bc30a5545badee22da1375355460f31	UNITE+BLAST	Ascomycota_p	Ascomycota_p	NA	fig4_q20_PE_cutadapt_unite	Cutadapt	PE	PE	Cutadapt	Ascomycota_p	Ascomycota_p
6a488ebb19374e75ab8c1844bbafce8d	UNITE+BLAST	Fungi_k	Fungi_k	NA	fig4_q20_PE_cutadapt_unite	Cutadapt	PE	PE	Cutadapt	Fungi_k	Fungi_k
63a2e674402c346299d4c1df81ed5836	UNITE+BLAST	Arthrodermataceae_f	Arthrodermataceae_f	NA	fig4_q20_PE_cutadapt_unite	Cutadapt	PE	PE	Cutadapt	Arthrodermataceae_f	Arthrodermataceae_f
bad85d945e752646a087d8f0bbad3e12	UNITE+BLAST	Cryptococcus	Cryptococcus_neoformans	NA	fig4_q20_PE_cutadapt_unite	Cutadapt	PE	PE	Cutadapt	Cryptococcus	Cryptococcus_neoformans
e07035ca1a78a733b80b767ee1d87f86	UNITE+BLAST	Saccharomyces	Unclassified	NA	fig4_q20_PE_cutadapt_unite	Cutadapt	PE	PE	Cutadapt	Saccharomyces	Unclassified
e112c29f1d4d30f93d6a4f997da66225	UNITE+BLAST	Leptosillia	Leptosillia_cordylinea	NA	fig4_q20_PE_cutadapt_unite	Cutadapt	PE	PE	Cutadapt	Leptosillia	Leptosillia_cordylinea
a5d3ae1fbaa69186a9e9039292c6e302	UNITE+BLAST	Pichia	Pichia_kudriavzevii	NA	fig4_q20_PE_cutadapt_unite	Cutadapt	PE	PE	Cutadapt	Pichia	Pichia_kudriavzevii
5a76779a9b28c5e5452a22a45442766d	UNITE+BLAST	Saccharomycetales_o	Saccharomycetales_o	NA	fig4_q20_PE_cutadapt_unite	Cutadapt	PE	PE	Cutadapt	Saccharomycetales_o	Saccharomycetales_o
3126603ce7da70b1f82edec8c3993711	UNITE+BLAST	Dothideomycetes_c	Dothideomycetes_c	NA	fig4_q20_PE_cutadapt_unite	Cutadapt	PE	PE	Cutadapt	Dothideomycetes_c	Dothideomycetes_c
f7218976c1e3cfa5b3311810d216b38c	UNITE+BLAST	Penicillium	Unclassified	NA	fig4_q20_PE_cutadapt_unite	Cutadapt	PE	PE	Cutadapt	Penicillium	Unclassified
ae1c28c09e8a8dbacae3a27acfde87d6	UNITE+BLAST	Schizophyllum	Schizophyllum_commune	NA	fig4_q20_PE_cutadapt_unite	Cutadapt	PE	PE	Cutadapt	Schizophyllum	Schizophyllum_commune
066d3a6a9990f7d9069cd4f072317dbe	UNITE+BLAST	Schizophyllum	Schizophyllum_commune	NA	fig4_q20_PE_cutadapt_unite	Cutadapt	PE	PE	Cutadapt	Schizophyllum	Schizophyllum_commune
dbe4c02721914378ee2ed8912a91d64e	UNITE+BLAST	Cystofilobasidium	Cystofilobasidium_capitatum	NA	fig4_q20_PE_cutadapt_unite	Cutadapt	PE	PE	Cutadapt	Cystofilobasidium	Cystofilobasidium_capitatum
0688c26b368b7fdfa3039ec0e57440b9	UNITE+BLAST	Xylodon	Xylodon_exilis	NA	fig4_q20_PE_cutadapt_unite	Cutadapt	PE	PE	Cutadapt	Xylodon	Xylodon_exilis
a0af600e9571d2458f95c090bdccea44	UNITE+BLAST	Hyphodontia	Hyphodontia_tropica	NA	fig4_q20_PE_cutadapt_unite	Cutadapt	PE	PE	Cutadapt	Hyphodontia	Hyphodontia_tropica
925459f9e4c80260242c0958f30b54e0	UNITE+BLAST	Polyporales_o	Polyporales_o	NA	fig4_q20_PE_cutadapt_unite	Cutadapt	PE	PE	Cutadapt	Polyporales_o	Polyporales_o
7d4e12dd159836405acad62046c8829b	UNITE+BLAST	Fungi_k	Fungi_k	NA	fig4_q20_PE_cutadapt_unite	Cutadapt	PE	PE	Cutadapt	Fungi_k	Fungi_k
c49d0b7026b426e0ba1f838a9273ebf6	UNITE+BLAST	Sporobolomyces	Sporobolomyces_ruberrimus	NA	fig4_q20_PE_cutadapt_unite	Cutadapt	PE	PE	Cutadapt	Sporobolomyces	Sporobolomyces_ruberrimus
5a3d239f7ef2ab837d7336056dfb1edb	UNITE+BLAST	Schizoporaceae_f	Schizoporaceae_f	NA	fig4_q20_PE_cutadapt_unite	Cutadapt	PE	PE	Cutadapt	Schizoporaceae_f	Schizoporaceae_f
27675a9b515ab3c43fb581666f6398c1	UNITE+BLAST	Amphisphaeriales_o	Amphisphaeriales_o	NA	fig4_q20_PE_cutadapt_unite	Cutadapt	PE	PE	Cutadapt	Amphisphaeriales_o	Amphisphaeriales_o
7cad0bdd816afb85c88fd63f1d036143	UNITE+BLAST	Mollisia	Mollisia_cinerea	NA	fig4_q20_PE_cutadapt_unite	Cutadapt	PE	PE	Cutadapt	Mollisia	Mollisia_cinerea
5d9802182df7538d2c6be1cdfeb85659	UNITE+BLAST	Peniophorella	Peniophorella_crystallifera	NA	fig4_q20_PE_cutadapt_unite	Cutadapt	PE	PE	Cutadapt	Peniophorella	Peniophorella_crystallifera
c054c50e00ab77bb215bd00f935c0550	UNITE+BLAST	Candolleomyces	Unclassified	NA	fig4_q20_PE_cutadapt_unite	Cutadapt	PE	PE	Cutadapt	Candolleomyces	Unclassified
33dea5eef821c3979a5126d39932b903	UNITE+BLAST	Stereaceae_f	Stereaceae_f	NA	fig4_q20_PE_cutadapt_unite	Cutadapt	PE	PE	Cutadapt	Stereaceae_f	Stereaceae_f
72698b1fcb1822c8e37cdd124ada9b17	UNITE+BLAST	Agaricomycetes_c	Agaricomycetes_c	NA	fig4_q20_PE_cutadapt_unite	Cutadapt	PE	PE	Cutadapt	Agaricomycetes_c	Agaricomycetes_c
3da800126d9b7c1f05fa15feb7cd6c42	UNITE+BLAST	Mycoaciella	Mycoaciella_efibulata	NA	fig4_q20_PE_cutadapt_unite	Cutadapt	PE	PE	Cutadapt	Mycoaciella	Mycoaciella_efibulata
5c51cdf8de3c7b6aa78fc4cf2bcaeab3	UNITE+BLAST	Polyporales_o	Polyporales_o	NA	fig4_q20_PE_cutadapt_unite	Cutadapt	PE	PE	Cutadapt	Polyporales_o	Polyporales_o
91fbfffaa8ea4d1f238535467464c8e6	UNITE+BLAST	Candolleomyces	Candolleomyces_sulcatotuberculosus	NA	fig4_q20_PE_cutadapt_unite	Cutadapt	PE	PE	Cutadapt	Candolleomyces	Candolleomyces_sulcatotuberculosus
d12bec04329f5ff001a3f36842de4fcf	UNITE+BLAST	Trechisporales_o	Trechisporales_o	NA	fig4_q20_PE_cutadapt_unite	Cutadapt	PE	PE	Cutadapt	Trechisporales_o	Trechisporales_o
2ef1afa1f22282539202afd02e736199	UNITE+BLAST	Peniophorella	Peniophorella_pubera	NA	fig4_q20_PE_cutadapt_unite	Cutadapt	PE	PE	Cutadapt	Peniophorella	Peniophorella_pubera
6b37ace5f30e38cad6ca59d96f79d969	UNITE+BLAST	Polyporales_o	Polyporales_o	NA	fig4_q20_PE_cutadapt_unite	Cutadapt	PE	PE	Cutadapt	Polyporales_o	Polyporales_o
4b5579bef6f79e98d1ff9397bb7673ce	UNITE+BLAST	Coprinopsis	Coprinopsis_urticicola	NA	fig4_q20_PE_cutadapt_unite	Cutadapt	PE	PE	Cutadapt	Coprinopsis	Coprinopsis_urticicola
b16db1fc7966f2e08f1492e3d2f0b4b2	UNITE+BLAST	Ascomycota_p	Ascomycota_p	NA	fig4_q20_PE_cutadapt_unite	Cutadapt	PE	PE	Cutadapt	Ascomycota_p	Ascomycota_p
f8dfb2eaf616ca6fd27b85fafa01d333	UNITE+BLAST	Fungi_k	Fungi_k	NA	fig4_q20_PE_cutadapt_unite	Cutadapt	PE	PE	Cutadapt	Fungi_k	Fungi_k
e8657b7595d5e8e4e50826f1c25b6aa6	UNITE+BLAST	Ascomycota_p	Ascomycota_p	NA	fig4_q20_PE_cutadapt_unite	Cutadapt	PE	PE	Cutadapt	Ascomycota_p	Ascomycota_p
e8f7198381d65dc8753f199663cec60c	UNITE+BLAST	Fungi_k	Fungi_k	NA	fig4_q20_PE_cutadapt_unite	Cutadapt	PE	PE	Cutadapt	Fungi_k	Fungi_k
05637633861c9529972320140cc64f60	UNITE+BLAST	Fungi_k	Fungi_k	NA	fig4_q20_PE_cutadapt_unite	Cutadapt	PE	PE	Cutadapt	Fungi_k	Fungi_k
d24759e6ba7e7f4d6daa0a60270c817e	UNITE+BLAST	Fungi_k	Fungi_k	NA	fig4_q20_PE_cutadapt_unite	Cutadapt	PE	PE	Cutadapt	Fungi_k	Fungi_k
80656d9a953b600388a8d5b3284216b9	UNITE	Candida	Candida_albicans	k__Fungi; p__Ascomycota; c__Saccharomycetes; o__Saccharomycetales; f__Saccharomycetales_fam_Incertae_sedis; g__Candida; s__Candida_albicans	fig4_q20_PE_itsxpress_unite	ITSxpress	PE	PE	ITSxpress	Candida	Candida_albicans
6092927047fe7a692354e4fd7c745e4c	UNITE	Cutaneotrichosporon	Cutaneotrichosporon_mucoides	k__Fungi; p__Basidiomycota; c__Tremellomycetes; o__Trichosporonales; f__Trichosporonaceae; g__Cutaneotrichosporon; s__Cutaneotrichosporon_mucoides	fig4_q20_PE_itsxpress_unite	ITSxpress	PE	PE	ITSxpress	Cutaneotrichosporon	Cutaneotrichosporon_mucoides
301628c5f05bcb9636f353d42fcc04c6	UNITE	Cryptococcus	Cryptococcus_neoformans	k__Fungi; p__Basidiomycota; c__Tremellomycetes; o__Tremellales; f__Cryptococcaceae; g__Cryptococcus; s__Cryptococcus_neoformans	fig4_q20_PE_itsxpress_unite	ITSxpress	PE	PE	ITSxpress	Cryptococcus	Cryptococcus_neoformans
2d783fc0a24c9350fd6e4c008ade61f1	UNITE	Penicillium	Unclassified	k__Fungi; p__Ascomycota; c__Eurotiomycetes; o__Eurotiales; f__Aspergillaceae; g__Penicillium; s__Penicillium_g	fig4_q20_PE_itsxpress_unite	ITSxpress	PE	PE	ITSxpress	Penicillium	Unclassified
d6f3e15b67c356651253d4bfee7bb46f	UNITE	Nakaseomyces	Nakaseomyces_glabratus	k__Fungi; p__Ascomycota; c__Saccharomycetes; o__Saccharomycetales; f__Saccharomycetaceae; g__Nakaseomyces; s__Nakaseomyces_glabratus	fig4_q20_PE_itsxpress_unite	ITSxpress	PE	PE	ITSxpress	Nakaseomyces	Nakaseomyces_glabratus
315affd4c31c0bc2a94bf5db590086cd	UNITE	Saccharomyces	Saccharomyces_cerevisiae	k__Fungi; p__Ascomycota; c__Saccharomycetes; o__Saccharomycetales; f__Saccharomycetaceae; g__Saccharomyces; s__Saccharomyces_cerevisiae	fig4_q20_PE_itsxpress_unite	ITSxpress	PE	PE	ITSxpress	Saccharomyces	Saccharomyces_cerevisiae
e6042d9d33d4676b7a7d6c7d232be5b0	UNITE	Aspergillus	Aspergillus_fumigatus	k__Fungi; p__Ascomycota; c__Eurotiomycetes; o__Eurotiales; f__Aspergillaceae; g__Aspergillus; s__Aspergillus_fumigatus	fig4_q20_PE_itsxpress_unite	ITSxpress	PE	PE	ITSxpress	Aspergillus	Aspergillus_fumigatus
0d7f1fa221989e0cc733a52a1d979bfa	UNITE	Ascomycota_p	Ascomycota_p	k__Fungi; p__Ascomycota; c__Ascomycota_p; o__Ascomycota_p; f__Ascomycota_p; g__Ascomycota_p; s__Ascomycota_p	fig4_q20_PE_itsxpress_unite	ITSxpress	PE	PE	ITSxpress	Ascomycota_p	Ascomycota_p
9e9aed34ec9b46ddf8b4be25bd081d10	UNITE	Komagataella	Komagataella_phaffii	k__Fungi; p__Ascomycota; c__Saccharomycetes; o__Saccharomycetales; f__Pichiaceae; g__Komagataella; s__Komagataella_phaffii	fig4_q20_PE_itsxpress_unite	ITSxpress	PE	PE	ITSxpress	Komagataella	Komagataella_phaffii
1452b25fcc2cf988fd7ab91920806410	UNITE	Trichophyton	Trichophyton_mentagrophytes	k__Fungi; p__Ascomycota; c__Eurotiomycetes; o__Onygenales; f__Arthrodermataceae; g__Trichophyton; s__Trichophyton_mentagrophytes	fig4_q20_PE_itsxpress_unite	ITSxpress	PE	PE	ITSxpress	Trichophyton	Trichophyton_mentagrophytes
abc7679572c0b1ba3de8661e079cb062	UNITE	Cutaneotrichosporon	Cutaneotrichosporon_debeurmannianum	k__Fungi; p__Basidiomycota; c__Tremellomycetes; o__Trichosporonales; f__Trichosporonaceae; g__Cutaneotrichosporon; s__Cutaneotrichosporon_debeurmannianum	fig4_q20_PE_itsxpress_unite	ITSxpress	PE	PE	ITSxpress	Cutaneotrichosporon	Cutaneotrichosporon_debeurmannianum
e399dc7c0823811b06f9eea10fa4ea6c	UNITE	Cladosporium	Unclassified	k__Fungi; p__Ascomycota; c__Dothideomycetes; o__Cladosporiales; f__Cladosporiaceae; g__Cladosporium; s__Cladosporium_g	fig4_q20_PE_itsxpress_unite	ITSxpress	PE	PE	ITSxpress	Cladosporium	Unclassified
fd56d5d2d7ab0969f3ea9d3294133409	UNITE	Irpex	Irpex_hacksungii	k__Fungi; p__Basidiomycota; c__Agaricomycetes; o__Polyporales; f__Irpicaceae; g__Irpex; s__Irpex_hacksungii	fig4_q20_PE_itsxpress_unite	ITSxpress	PE	PE	ITSxpress	Irpex	Irpex_hacksungii
f0e7a828de05f103e1d9a98f56a3003b	UNITE	Pyrenochaeta	Unclassified	k__Fungi; p__Ascomycota; c__Dothideomycetes; o__Pleosporales; f__Cucurbitariaceae; g__Pyrenochaeta; s__Pyrenochaeta_g	fig4_q20_PE_itsxpress_unite	ITSxpress	PE	PE	ITSxpress	Pyrenochaeta	Unclassified
5fe8ba6be9294240d26f875ee767f4fe	UNITE	Kazachstania	Kazachstania_servazzii	k__Fungi; p__Ascomycota; c__Saccharomycetes; o__Saccharomycetales; f__Saccharomycetaceae; g__Kazachstania; s__Kazachstania_servazzii	fig4_q20_PE_itsxpress_unite	ITSxpress	PE	PE	ITSxpress	Kazachstania	Kazachstania_servazzii
2fac1bc2c61bb76209c62f3be67e15e8	UNITE	Irpex	Unclassified	k__Fungi; p__Basidiomycota; c__Agaricomycetes; o__Polyporales; f__Irpicaceae; g__Irpex; s__Irpex_g	fig4_q20_PE_itsxpress_unite	ITSxpress	PE	PE	ITSxpress	Irpex	Unclassified
0ed3a8becd603707260c02ce989b1e2d	UNITE	Debaryomyces	Debaryomyces_delbrueckii	k__Fungi; p__Ascomycota; c__Saccharomycetes; o__Saccharomycetales; f__Debaryomycetaceae; g__Debaryomyces; s__Debaryomyces_delbrueckii	fig4_q20_PE_itsxpress_unite	ITSxpress	PE	PE	ITSxpress	Debaryomyces	Debaryomyces_delbrueckii
a96b33c75863bb9141c51c3ee039fe7d	UNITE	Cladosporium	Cladosporium_salinae	k__Fungi; p__Ascomycota; c__Dothideomycetes; o__Cladosporiales; f__Cladosporiaceae; g__Cladosporium; s__Cladosporium_salinae	fig4_q20_PE_itsxpress_unite	ITSxpress	PE	PE	ITSxpress	Cladosporium	Cladosporium_salinae
ed3e9912ffac4094303328fb6a4ea10c	UNITE	Fusarium	Unclassified	k__Fungi; p__Ascomycota; c__Sordariomycetes; o__Hypocreales; f__Nectriaceae; g__Fusarium; s__Fusarium_g	fig4_q20_PE_itsxpress_unite	ITSxpress	PE	PE	ITSxpress	Fusarium	Unclassified
c3b3863baf308516d9bae664ff9843c6	UNITE	Nigrospora	Unclassified	k__Fungi; p__Ascomycota; c__Sordariomycetes; o__Amphisphaeriales; f__Apiosporaceae; g__Nigrospora; s__Nigrospora_g	fig4_q20_PE_itsxpress_unite	ITSxpress	PE	PE	ITSxpress	Nigrospora	Unclassified
ef2ebeb91f91b576bbd95b341aed051e	UNITE	Peniophoraceae_f	Peniophoraceae_f	k__Fungi; p__Basidiomycota; c__Agaricomycetes; o__Russulales; f__Peniophoraceae; g__Peniophoraceae_f; s__Peniophoraceae_f	fig4_q20_PE_itsxpress_unite	ITSxpress	PE	PE	ITSxpress	Peniophoraceae_f	Peniophoraceae_f
d5f4d4c61556cd9a88f8e7072585def2	UNITE	Epicoccum	Epicoccum_pimprinum	k__Fungi; p__Ascomycota; c__Dothideomycetes; o__Pleosporales; f__Didymellaceae; g__Epicoccum; s__Epicoccum_pimprinum	fig4_q20_PE_itsxpress_unite	ITSxpress	PE	PE	ITSxpress	Epicoccum	Epicoccum_pimprinum
e42387237c012c1ed92a8c7f9dd2e2eb	UNITE	Stereaceae_f	Stereaceae_f	k__Fungi; p__Basidiomycota; c__Agaricomycetes; o__Russulales; f__Stereaceae; g__Stereaceae_f; s__Stereaceae_f	fig4_q20_PE_itsxpress_unite	ITSxpress	PE	PE	ITSxpress	Stereaceae_f	Stereaceae_f
921f876dd61c8fdd639a56fbb16d7b6c	UNITE	Didymellaceae_f	Didymellaceae_f	k__Fungi; p__Ascomycota; c__Dothideomycetes; o__Pleosporales; f__Didymellaceae; g__Didymellaceae_f; s__Didymellaceae_f	fig4_q20_PE_itsxpress_unite	ITSxpress	PE	PE	ITSxpress	Didymellaceae_f	Didymellaceae_f
98906e38db8e05a595f3c0efb3021003	UNITE	Penicillium	Penicillium_patris-mei	k__Fungi; p__Ascomycota; c__Eurotiomycetes; o__Eurotiales; f__Aspergillaceae; g__Penicillium; s__Penicillium_patris-mei	fig4_q20_PE_itsxpress_unite	ITSxpress	PE	PE	ITSxpress	Penicillium	Penicillium_patris-mei
f1c57273935879d23965899d63727f74	UNITE	Aspergillus	Aspergillus_ruber	k__Fungi; p__Ascomycota; c__Eurotiomycetes; o__Eurotiales; f__Aspergillaceae; g__Aspergillus; s__Aspergillus_ruber	fig4_q20_PE_itsxpress_unite	ITSxpress	PE	PE	ITSxpress	Aspergillus	Aspergillus_ruber
558f634792c8b5cee619778f270e8ee0	UNITE	Saccharomyces	Saccharomyces_cerevisiae	k__Fungi; p__Ascomycota; c__Saccharomycetes; o__Saccharomycetales; f__Saccharomycetaceae; g__Saccharomyces; s__Saccharomyces_cerevisiae	fig4_q20_PE_itsxpress_unite	ITSxpress	PE	PE	ITSxpress	Saccharomyces	Saccharomyces_cerevisiae
37d4a335bf1d51f01582d9471a112681	UNITE	Bjerkandera	Bjerkandera_adusta	k__Fungi; p__Basidiomycota; c__Agaricomycetes; o__Polyporales; f__Phanerochaetaceae; g__Bjerkandera; s__Bjerkandera_adusta	fig4_q20_PE_itsxpress_unite	ITSxpress	PE	PE	ITSxpress	Bjerkandera	Bjerkandera_adusta
f806a2396402eab6244a8d52e08a9f7e	UNITE	Mucor	Mucor_circinelloides	k__Fungi; p__Mucoromycota; c__Mucoromycetes; o__Mucorales; f__Mucoraceae; g__Mucor; s__Mucor_circinelloides	fig4_q20_PE_itsxpress_unite	ITSxpress	PE	PE	ITSxpress	Mucor	Mucor_circinelloides
02d4c47b6b2f2c61e8e6fb701b5f4dea	UNITE	Bullera	Bullera_alba	k__Fungi; p__Basidiomycota; c__Tremellomycetes; o__Tremellales; f__Bulleraceae; g__Bullera; s__Bullera_alba	fig4_q20_PE_itsxpress_unite	ITSxpress	PE	PE	ITSxpress	Bullera	Bullera_alba
2bffa5bd228042e3fc0e3f30f48c6c13	UNITE	Candolleomyces	Candolleomyces_subminutisporus	k__Fungi; p__Basidiomycota; c__Agaricomycetes; o__Agaricales; f__Psathyrellaceae; g__Candolleomyces; s__Candolleomyces_subminutisporus	fig4_q20_PE_itsxpress_unite	ITSxpress	PE	PE	ITSxpress	Candolleomyces	Candolleomyces_subminutisporus
7904340b100395ea12dbea044726ee08	UNITE	Fungi_k	Fungi_k	k__Fungi; p__Fungi_k; c__Fungi_k; o__Fungi_k; f__Fungi_k; g__Fungi_k; s__Fungi_k	fig4_q20_PE_itsxpress_unite	ITSxpress	PE	PE	ITSxpress	Fungi_k	Fungi_k
4fe0a80f8c4b0a6cfc9a15c0926fd3f1	UNITE	Ophiognomonia	Unclassified	k__Fungi; p__Ascomycota; c__Sordariomycetes; o__Diaporthales; f__Gnomoniaceae; g__Ophiognomonia; s__Ophiognomonia_g	fig4_q20_PE_itsxpress_unite	ITSxpress	PE	PE	ITSxpress	Ophiognomonia	Unclassified
4f0eeafcb9177222412728e3822743a3	UNITE	Irpex	Irpex_hacksungii	k__Fungi; p__Basidiomycota; c__Agaricomycetes; o__Polyporales; f__Irpicaceae; g__Irpex; s__Irpex_hacksungii	fig4_q20_PE_itsxpress_unite	ITSxpress	PE	PE	ITSxpress	Irpex	Irpex_hacksungii
f4d47d9e9f949ba9f162bbf4faea2866	UNITE	Fungi_k	Fungi_k	k__Fungi; p__Fungi_k; c__Fungi_k; o__Fungi_k; f__Fungi_k; g__Fungi_k; s__Fungi_k	fig4_q20_PE_itsxpress_unite	ITSxpress	PE	PE	ITSxpress	Fungi_k	Fungi_k
db0a45e1bb8405ca1fe091daa37fd2ec	UNITE	Peniophoraceae_f	Peniophoraceae_f	k__Fungi; p__Basidiomycota; c__Agaricomycetes; o__Russulales; f__Peniophoraceae; g__Peniophoraceae_f; s__Peniophoraceae_f	fig4_q20_PE_itsxpress_unite	ITSxpress	PE	PE	ITSxpress	Peniophoraceae_f	Peniophoraceae_f
b2c6907b3db766724d2335436d7e33f4	UNITE	Peniophoraceae_f	Peniophoraceae_f	k__Fungi; p__Basidiomycota; c__Agaricomycetes; o__Russulales; f__Peniophoraceae; g__Peniophoraceae_f; s__Peniophoraceae_f	fig4_q20_PE_itsxpress_unite	ITSxpress	PE	PE	ITSxpress	Peniophoraceae_f	Peniophoraceae_f
0ad03262fa2155cc0cae6071e227df84	UNITE	Hericiaceae_f	Hericiaceae_f	k__Fungi; p__Basidiomycota; c__Agaricomycetes; o__Russulales; f__Hericiaceae; g__Hericiaceae_f; s__Hericiaceae_f	fig4_q20_PE_itsxpress_unite	ITSxpress	PE	PE	ITSxpress	Hericiaceae_f	Hericiaceae_f
3f4c30d9dbda2e4629b7ba6a41354eb0	UNITE	Trametes	Trametes_pubescens	k__Fungi; p__Basidiomycota; c__Agaricomycetes; o__Polyporales; f__Polyporaceae; g__Trametes; s__Trametes_pubescens	fig4_q20_PE_itsxpress_unite	ITSxpress	PE	PE	ITSxpress	Trametes	Trametes_pubescens
d2e25b6611bfc517eb12d22c4f1f0ac0	UNITE	Irpex	Irpex_laceratus	k__Fungi; p__Basidiomycota; c__Agaricomycetes; o__Polyporales; f__Irpicaceae; g__Irpex; s__Irpex_laceratus	fig4_q20_PE_itsxpress_unite	ITSxpress	PE	PE	ITSxpress	Irpex	Irpex_laceratus
f9bc2c7d2647a3b4e63ca4b721021da9	UNITE	Daedaleopsis	Daedaleopsis_confragosa	k__Fungi; p__Basidiomycota; c__Agaricomycetes; o__Polyporales; f__Polyporaceae; g__Daedaleopsis; s__Daedaleopsis_confragosa	fig4_q20_PE_itsxpress_unite	ITSxpress	PE	PE	ITSxpress	Daedaleopsis	Daedaleopsis_confragosa
ff0b3c0f2f9029863279aaec209a64b5	UNITE	Tilletiopsis	Tilletiopsis_washingtonensis	k__Fungi; p__Basidiomycota; c__Exobasidiomycetes; o__Entylomatales; f__Entylomataceae; g__Tilletiopsis; s__Tilletiopsis_washingtonensis	fig4_q20_PE_itsxpress_unite	ITSxpress	PE	PE	ITSxpress	Tilletiopsis	Tilletiopsis_washingtonensis
7bb64ea8b4df8344319d79a47d3a8afa	UNITE	Phanerochaete	Phanerochaete_livescens	k__Fungi; p__Basidiomycota; c__Agaricomycetes; o__Polyporales; f__Phanerochaetaceae; g__Phanerochaete; s__Phanerochaete_livescens	fig4_q20_PE_itsxpress_unite	ITSxpress	PE	PE	ITSxpress	Phanerochaete	Phanerochaete_livescens
17586e36e8ab48f597210c14bb4b14a1	UNITE	Sporobolomyces	Unclassified	k__Fungi; p__Basidiomycota; c__Microbotryomycetes; o__Sporidiobolales; f__Sporidiobolaceae; g__Sporobolomyces; s__Sporobolomyces_g	fig4_q20_PE_itsxpress_unite	ITSxpress	PE	PE	ITSxpress	Sporobolomyces	Unclassified
e10697f67b5d8c5ca3d33e56594068bf	UNITE	Rhizoplaca	Rhizoplaca_novomexicana	k__Fungi; p__Ascomycota; c__Lecanoromycetes; o__Lecanorales; f__Lecanoraceae; g__Rhizoplaca; s__Rhizoplaca_novomexicana	fig4_q20_PE_itsxpress_unite	ITSxpress	PE	PE	ITSxpress	Rhizoplaca	Rhizoplaca_novomexicana
6cf8e6273ab065c307d3712ac2dbfe1d	UNITE	Hymenochaetopsis	Hymenochaetopsis_yasudae	k__Fungi; p__Basidiomycota; c__Agaricomycetes; o__Hymenochaetales; f__Hymenochaetaceae; g__Hymenochaetopsis; s__Hymenochaetopsis_yasudae	fig4_q20_PE_itsxpress_unite	ITSxpress	PE	PE	ITSxpress	Hymenochaetopsis	Hymenochaetopsis_yasudae
44289e0d4bb76d7dc0006d54ac820fc1	UNITE	Irpex	Unclassified	k__Fungi; p__Basidiomycota; c__Agaricomycetes; o__Polyporales; f__Irpicaceae; g__Irpex; s__Irpex_g	fig4_q20_PE_itsxpress_unite	ITSxpress	PE	PE	ITSxpress	Irpex	Unclassified
6a018acae919ab5f0ca6dbedcb3ed281	UNITE	Polyporales_o	Polyporales_o	k__Fungi; p__Basidiomycota; c__Agaricomycetes; o__Polyporales; f__Polyporales_o; g__Polyporales_o; s__Polyporales_o	fig4_q20_PE_itsxpress_unite	ITSxpress	PE	PE	ITSxpress	Polyporales_o	Polyporales_o
77aef54800f91d2294bac5b9a9010594	UNITE	Malassezia	Malassezia_sympodialis	k__Fungi; p__Basidiomycota; c__Malasseziomycetes; o__Malasseziales; f__Malasseziaceae; g__Malassezia; s__Malassezia_sympodialis	fig4_q20_PE_itsxpress_unite	ITSxpress	PE	PE	ITSxpress	Malassezia	Malassezia_sympodialis
6b772c4a25b6812808e7bf2169afb415	UNITE	Schizophyllum	Schizophyllum_commune	k__Fungi; p__Basidiomycota; c__Agaricomycetes; o__Agaricales; f__Schizophyllaceae; g__Schizophyllum; s__Schizophyllum_commune	fig4_q20_PE_itsxpress_unite	ITSxpress	PE	PE	ITSxpress	Schizophyllum	Schizophyllum_commune
2f9d7e8bea9501d87407a5e5a59bf89b	UNITE	Pleosporales_o	Pleosporales_o	k__Fungi; p__Ascomycota; c__Dothideomycetes; o__Pleosporales; f__Pleosporales_o; g__Pleosporales_o; s__Pleosporales_o	fig4_q20_PE_itsxpress_unite	ITSxpress	PE	PE	ITSxpress	Pleosporales_o	Pleosporales_o
2b12210b988a471a2a2e6a89aee198f1	UNITE	Crepidotus	Unclassified	k__Fungi; p__Basidiomycota; c__Agaricomycetes; o__Agaricales; f__Crepidotaceae; g__Crepidotus; s__Crepidotus_g	fig4_q20_PE_itsxpress_unite	ITSxpress	PE	PE	ITSxpress	Crepidotus	Unclassified
aa449544b742da7c9fbfa39c0d3849fe	UNITE	Sistotremastrum	Sistotremastrum_guttuliferum	k__Fungi; p__Basidiomycota; c__Agaricomycetes; o__Trechisporales; f__Hydnodontaceae; g__Sistotremastrum; s__Sistotremastrum_guttuliferum	fig4_q20_PE_itsxpress_unite	ITSxpress	PE	PE	ITSxpress	Sistotremastrum	Sistotremastrum_guttuliferum
c4882dc60b49c95b93e46ef6e32dfc12	UNITE	Pleosporales_o	Pleosporales_o	k__Fungi; p__Ascomycota; c__Dothideomycetes; o__Pleosporales; f__Pleosporales_o; g__Pleosporales_o; s__Pleosporales_o	fig4_q20_PE_itsxpress_unite	ITSxpress	PE	PE	ITSxpress	Pleosporales_o	Pleosporales_o
2aa87d0ebccf12b39baf51d91e447b2d	UNITE	Thanatephorus	Unclassified	k__Fungi; p__Basidiomycota; c__Agaricomycetes; o__Cantharellales; f__Ceratobasidiaceae; g__Thanatephorus; s__Thanatephorus_g	fig4_q20_PE_itsxpress_unite	ITSxpress	PE	PE	ITSxpress	Thanatephorus	Unclassified
b51e89e740a3b7d99fc2112e7b30bc00	UNITE	Rhizoplaca	Rhizoplaca_novomexicana	k__Fungi; p__Ascomycota; c__Lecanoromycetes; o__Lecanorales; f__Lecanoraceae; g__Rhizoplaca; s__Rhizoplaca_novomexicana	fig4_q20_PE_itsxpress_unite	ITSxpress	PE	PE	ITSxpress	Rhizoplaca	Rhizoplaca_novomexicana
2a03599d48e1a5883a372e8a8261d445	UNITE	Paragibellulopsis	Paragibellulopsis_chrysanthemi	k__Fungi; p__Ascomycota; c__Sordariomycetes; o__Glomerellales; f__Plectosphaerellaceae; g__Paragibellulopsis; s__Paragibellulopsis_chrysanthemi	fig4_q20_PE_itsxpress_unite	ITSxpress	PE	PE	ITSxpress	Paragibellulopsis	Paragibellulopsis_chrysanthemi
f73a1a510817fc733ace7a6a70e7394e	UNITE	Irpex	Irpex_hacksungii	k__Fungi; p__Basidiomycota; c__Agaricomycetes; o__Polyporales; f__Irpicaceae; g__Irpex; s__Irpex_hacksungii	fig4_q20_PE_itsxpress_unite	ITSxpress	PE	PE	ITSxpress	Irpex	Irpex_hacksungii
590e0069dcd5441f47684045349cd9c2	UNITE	Cystobasidium	Cystobasidium_slooffiae	k__Fungi; p__Basidiomycota; c__Cystobasidiomycetes; o__Cystobasidiales; f__Cystobasidiaceae; g__Cystobasidium; s__Cystobasidium_slooffiae	fig4_q20_PE_itsxpress_unite	ITSxpress	PE	PE	ITSxpress	Cystobasidium	Cystobasidium_slooffiae
ee606ee0d5d5f1f998149031ddfd45fc	UNITE	Phlebiopsis	Unclassified	k__Fungi; p__Basidiomycota; c__Agaricomycetes; o__Polyporales; f__Phanerochaetaceae; g__Phlebiopsis; s__Phlebiopsis_g	fig4_q20_PE_itsxpress_unite	ITSxpress	PE	PE	ITSxpress	Phlebiopsis	Unclassified
69d7a7d7c05039ce3b5be70ffacc089f	UNITE	Biscogniauxia	Biscogniauxia_atropunctata	k__Fungi; p__Ascomycota; c__Sordariomycetes; o__Xylariales; f__Graphostromataceae; g__Biscogniauxia; s__Biscogniauxia_atropunctata	fig4_q20_PE_itsxpress_unite	ITSxpress	PE	PE	ITSxpress	Biscogniauxia	Biscogniauxia_atropunctata
ef7cf9848db5544fe03fb7d411336533	UNITE	Candida	Candida_dubliniensis	k__Fungi; p__Ascomycota; c__Saccharomycetes; o__Saccharomycetales; f__Saccharomycetales_fam_Incertae_sedis; g__Candida; s__Candida_dubliniensis	fig4_q20_PE_itsxpress_unite	ITSxpress	PE	PE	ITSxpress	Candida	Candida_dubliniensis
206ac16e519bcdd9dd9f8a782ddfd8df	UNITE	Schizophyllum	Schizophyllum_commune	k__Fungi; p__Basidiomycota; c__Agaricomycetes; o__Agaricales; f__Schizophyllaceae; g__Schizophyllum; s__Schizophyllum_commune	fig4_q20_PE_itsxpress_unite	ITSxpress	PE	PE	ITSxpress	Schizophyllum	Schizophyllum_commune
da93059e7d874e588773916cbcb5cebf	UNITE	Udeniomyces	Udeniomyces_pyricola	k__Fungi; p__Basidiomycota; c__Tremellomycetes; o__Cystofilobasidiales; f__Mrakiaceae; g__Udeniomyces; s__Udeniomyces_pyricola	fig4_q20_PE_itsxpress_unite	ITSxpress	PE	PE	ITSxpress	Udeniomyces	Udeniomyces_pyricola
8e98c860323a68e9904cf3320be00300	UNITE	Mucor	Mucor_nidicola	k__Fungi; p__Mucoromycota; c__Mucoromycetes; o__Mucorales; f__Mucoraceae; g__Mucor; s__Mucor_nidicola	fig4_q20_PE_itsxpress_unite	ITSxpress	PE	PE	ITSxpress	Mucor	Mucor_nidicola
5c3158d98ae7185c37026511e5dbdb2c	UNITE	Penicillium	Penicillium_sclerotiorum	k__Fungi; p__Ascomycota; c__Eurotiomycetes; o__Eurotiales; f__Aspergillaceae; g__Penicillium; s__Penicillium_sclerotiorum	fig4_q20_PE_itsxpress_unite	ITSxpress	PE	PE	ITSxpress	Penicillium	Penicillium_sclerotiorum
2e3204476045187561769297cb5deb63	UNITE	Steccherinum	Steccherinum_tenuissimum	k__Fungi; p__Basidiomycota; c__Agaricomycetes; o__Polyporales; f__Steccherinaceae; g__Steccherinum; s__Steccherinum_tenuissimum	fig4_q20_PE_itsxpress_unite	ITSxpress	PE	PE	ITSxpress	Steccherinum	Steccherinum_tenuissimum
ae02184daf687a68ede894e742c6be8e	UNITE	Xylodon	Xylodon_flaviporus	k__Fungi; p__Basidiomycota; c__Agaricomycetes; o__Hymenochaetales; f__Schizoporaceae; g__Xylodon; s__Xylodon_flaviporus	fig4_q20_PE_itsxpress_unite	ITSxpress	PE	PE	ITSxpress	Xylodon	Xylodon_flaviporus
84b9d21cc143333232f36f500ea60299	UNITE	Atheliales_o	Atheliales_o	k__Fungi; p__Basidiomycota; c__Agaricomycetes; o__Atheliales; f__Atheliales_o; g__Atheliales_o; s__Atheliales_o	fig4_q20_PE_itsxpress_unite	ITSxpress	PE	PE	ITSxpress	Atheliales_o	Atheliales_o
2d5f90f732790862f85983cf328a51bf	UNITE	Peniophoraceae_f	Peniophoraceae_f	k__Fungi; p__Basidiomycota; c__Agaricomycetes; o__Russulales; f__Peniophoraceae; g__Peniophoraceae_f; s__Peniophoraceae_f	fig4_q20_PE_itsxpress_unite	ITSxpress	PE	PE	ITSxpress	Peniophoraceae_f	Peniophoraceae_f
3f1585818ee2ca5d837a80074f225019	UNITE	Ceriporia	Ceriporia_nanlingensis	k__Fungi; p__Basidiomycota; c__Agaricomycetes; o__Polyporales; f__Irpicaceae; g__Ceriporia; s__Ceriporia_nanlingensis	fig4_q20_PE_itsxpress_unite	ITSxpress	PE	PE	ITSxpress	Ceriporia	Ceriporia_nanlingensis
dde3d9f44829488859e6425ff6f8dcd5	UNITE	Sporobolomyces	Sporobolomyces_carnicolor	k__Fungi; p__Basidiomycota; c__Microbotryomycetes; o__Sporidiobolales; f__Sporidiobolaceae; g__Sporobolomyces; s__Sporobolomyces_carnicolor	fig4_q20_PE_itsxpress_unite	ITSxpress	PE	PE	ITSxpress	Sporobolomyces	Sporobolomyces_carnicolor
6f1091e7efe7bc87c06bbea6642f1003	UNITE	Trametes	Trametes_hirsuta	k__Fungi; p__Basidiomycota; c__Agaricomycetes; o__Polyporales; f__Polyporaceae; g__Trametes; s__Trametes_hirsuta	fig4_q20_PE_itsxpress_unite	ITSxpress	PE	PE	ITSxpress	Trametes	Trametes_hirsuta
86033a0f68bf17feb67d641dd08a5e3b	UNITE	Fuscoporia	Fuscoporia_karsteniana	k__Fungi; p__Basidiomycota; c__Agaricomycetes; o__Hymenochaetales; f__Hymenochaetaceae; g__Fuscoporia; s__Fuscoporia_karsteniana	fig4_q20_PE_itsxpress_unite	ITSxpress	PE	PE	ITSxpress	Fuscoporia	Fuscoporia_karsteniana
2502cb3a6108ac2eaa7d36cba4a08694	UNITE	Sarocladium	Sarocladium_zeae	k__Fungi; p__Ascomycota; c__Sordariomycetes; o__Hypocreales; f__Sarocladiaceae; g__Sarocladium; s__Sarocladium_zeae	fig4_q20_PE_itsxpress_unite	ITSxpress	PE	PE	ITSxpress	Sarocladium	Sarocladium_zeae
f8d2f35ec8aba3368cfa9bdc9dc84831	UNITE	Irpex	Irpex_hacksungii	k__Fungi; p__Basidiomycota; c__Agaricomycetes; o__Polyporales; f__Irpicaceae; g__Irpex; s__Irpex_hacksungii	fig4_q20_PE_itsxpress_unite	ITSxpress	PE	PE	ITSxpress	Irpex	Irpex_hacksungii
44a05b01f5f5bea58a5e3a13e14d59fc	UNITE	Penicillium	Penicillium_citrinum	k__Fungi; p__Ascomycota; c__Eurotiomycetes; o__Eurotiales; f__Aspergillaceae; g__Penicillium; s__Penicillium_citrinum	fig4_q20_PE_itsxpress_unite	ITSxpress	PE	PE	ITSxpress	Penicillium	Penicillium_citrinum
8b51ec7a91f7832c1606fd6ce117a808	UNITE	Coprinopsis	Unclassified	k__Fungi; p__Basidiomycota; c__Agaricomycetes; o__Agaricales; f__Psathyrellaceae; g__Coprinopsis; s__Coprinopsis_g	fig4_q20_PE_itsxpress_unite	ITSxpress	PE	PE	ITSxpress	Coprinopsis	Unclassified
78385d9163bb208f3ee331d773e29f47	UNITE	Absidia	Unclassified	k__Fungi; p__Mucoromycota; c__Mucoromycetes; o__Mucorales; f__Cunninghamellaceae; g__Absidia; s__Absidia_g	fig4_q20_PE_itsxpress_unite	ITSxpress	PE	PE	ITSxpress	Absidia	Unclassified
98668f2433cc3fdfcf3c34e11d1ba521	UNITE	Helotiales_o	Helotiales_o	k__Fungi; p__Ascomycota; c__Leotiomycetes; o__Helotiales; f__Helotiales_o; g__Helotiales_o; s__Helotiales_o	fig4_q20_PE_itsxpress_unite	ITSxpress	PE	PE	ITSxpress	Helotiales_o	Helotiales_o
91ed5a72b201f13a385a89abeee5e191	UNITE	Talaromyces	Unclassified	k__Fungi; p__Ascomycota; c__Eurotiomycetes; o__Eurotiales; f__Trichocomaceae; g__Talaromyces; s__Talaromyces_g	fig4_q20_PE_itsxpress_unite	ITSxpress	PE	PE	ITSxpress	Talaromyces	Unclassified
70b3cf507c15b1c220effff995cdd1ca	UNITE	Udeniomyces	Udeniomyces_pyricola	k__Fungi; p__Basidiomycota; c__Tremellomycetes; o__Cystofilobasidiales; f__Mrakiaceae; g__Udeniomyces; s__Udeniomyces_pyricola	fig4_q20_PE_itsxpress_unite	ITSxpress	PE	PE	ITSxpress	Udeniomyces	Udeniomyces_pyricola
54f44042aa65835826eb2207758c96d9	UNITE	Penicillium	Penicillium_sumatraense	k__Fungi; p__Ascomycota; c__Eurotiomycetes; o__Eurotiales; f__Aspergillaceae; g__Penicillium; s__Penicillium_sumatraense	fig4_q20_PE_itsxpress_unite	ITSxpress	PE	PE	ITSxpress	Penicillium	Penicillium_sumatraense
e7ddd2dd4f8b00848ef50ae6da6bf400	UNITE	Ascomycota_p	Ascomycota_p	k__Fungi; p__Ascomycota; c__Ascomycota_p; o__Ascomycota_p; f__Ascomycota_p; g__Ascomycota_p; s__Ascomycota_p	fig4_q20_PE_itsxpress_unite	ITSxpress	PE	PE	ITSxpress	Ascomycota_p	Ascomycota_p
b4d73ceb6dbaecaf84dd2dcf34566fbc	UNITE	Ceriporia	Ceriporia_nanlingensis	k__Fungi; p__Basidiomycota; c__Agaricomycetes; o__Polyporales; f__Irpicaceae; g__Ceriporia; s__Ceriporia_nanlingensis	fig4_q20_PE_itsxpress_unite	ITSxpress	PE	PE	ITSxpress	Ceriporia	Ceriporia_nanlingensis
0ba4b040a2a556ef91e5ec66381abfaf	UNITE	Peniophoraceae_f	Peniophoraceae_f	k__Fungi; p__Basidiomycota; c__Agaricomycetes; o__Russulales; f__Peniophoraceae; g__Peniophoraceae_f; s__Peniophoraceae_f	fig4_q20_PE_itsxpress_unite	ITSxpress	PE	PE	ITSxpress	Peniophoraceae_f	Peniophoraceae_f
492e37f87b8dabd8e27df1474005bc0d	UNITE	Suillus	Suillus_viscidus	k__Fungi; p__Basidiomycota; c__Agaricomycetes; o__Boletales; f__Suillaceae; g__Suillus; s__Suillus_viscidus	fig4_q20_PE_itsxpress_unite	ITSxpress	PE	PE	ITSxpress	Suillus	Suillus_viscidus
90a30f03ca37989d3320d5abf225636d	UNITE	Aureobasidium	Aureobasidium_pullulans	k__Fungi; p__Ascomycota; c__Dothideomycetes; o__Dothideales; f__Saccotheciaceae; g__Aureobasidium; s__Aureobasidium_pullulans	fig4_q20_PE_itsxpress_unite	ITSxpress	PE	PE	ITSxpress	Aureobasidium	Aureobasidium_pullulans
4f6bba767820d950766bc71d6d15fec4	UNITE	Cryptococcus	Cryptococcus_neoformans	k__Fungi; p__Basidiomycota; c__Tremellomycetes; o__Tremellales; f__Cryptococcaceae; g__Cryptococcus; s__Cryptococcus_neoformans	fig4_q20_PE_itsxpress_unite	ITSxpress	PE	PE	ITSxpress	Cryptococcus	Cryptococcus_neoformans
b930655cdbda2d0f0758d5276c15600d	UNITE	Aspergillus	Aspergillus_neotritici	k__Fungi; p__Ascomycota; c__Eurotiomycetes; o__Eurotiales; f__Aspergillaceae; g__Aspergillus; s__Aspergillus_neotritici	fig4_q20_PE_itsxpress_unite	ITSxpress	PE	PE	ITSxpress	Aspergillus	Aspergillus_neotritici
b8b6019de3c607356ff1d4846d98a8df	UNITE	Xeromyces	Xeromyces_bisporus	k__Fungi; p__Ascomycota; c__Eurotiomycetes; o__Eurotiales; f__Aspergillaceae; g__Xeromyces; s__Xeromyces_bisporus	fig4_q20_PE_itsxpress_unite	ITSxpress	PE	PE	ITSxpress	Xeromyces	Xeromyces_bisporus
0db72d18219924f45026b9dfa92538ec	UNITE	Mucor	Mucor_circinelloides	k__Fungi; p__Mucoromycota; c__Mucoromycetes; o__Mucorales; f__Mucoraceae; g__Mucor; s__Mucor_circinelloides	fig4_q20_PE_itsxpress_unite	ITSxpress	PE	PE	ITSxpress	Mucor	Mucor_circinelloides
f9d217f428c665f6e44a09c08fe0c485	UNITE	Rhizoplaca	Rhizoplaca_novomexicana	k__Fungi; p__Ascomycota; c__Lecanoromycetes; o__Lecanorales; f__Lecanoraceae; g__Rhizoplaca; s__Rhizoplaca_novomexicana	fig4_q20_PE_itsxpress_unite	ITSxpress	PE	PE	ITSxpress	Rhizoplaca	Rhizoplaca_novomexicana
6143c50035fe5fc5272475693b56bdf1	UNITE	Fungi_k	Fungi_k	k__Fungi; p__Fungi_k; c__Fungi_k; o__Fungi_k; f__Fungi_k; g__Fungi_k; s__Fungi_k	fig4_q20_PE_itsxpress_unite	ITSxpress	PE	PE	ITSxpress	Fungi_k	Fungi_k
5e8d3c0601be4315ab09e921da2d328f	UNITE	Burgoa	Unclassified	k__Fungi; p__Basidiomycota; c__Agaricomycetes; o__Cantharellales; f__Hydnaceae; g__Burgoa; s__Burgoa_g	fig4_q20_PE_itsxpress_unite	ITSxpress	PE	PE	ITSxpress	Burgoa	Unclassified
3aff115ea9dc889997fec9ab39973349	UNITE	Fungi_k	Fungi_k	k__Fungi; p__Fungi_k; c__Fungi_k; o__Fungi_k; f__Fungi_k; g__Fungi_k; s__Fungi_k	fig4_q20_PE_itsxpress_unite	ITSxpress	PE	PE	ITSxpress	Fungi_k	Fungi_k
53097c9e9e3c7ba253dbf5ec95c930fc	UNITE	Candolleomyces	Unclassified	k__Fungi; p__Basidiomycota; c__Agaricomycetes; o__Agaricales; f__Psathyrellaceae; g__Candolleomyces; s__Candolleomyces_g	fig4_q20_PE_itsxpress_unite	ITSxpress	PE	PE	ITSxpress	Candolleomyces	Unclassified
97303e95cef301f28e3f0435d2289866	UNITE	Ascomycota_p	Ascomycota_p	k__Fungi; p__Ascomycota; c__Ascomycota_p; o__Ascomycota_p; f__Ascomycota_p; g__Ascomycota_p; s__Ascomycota_p	fig4_q20_PE_itsxpress_unite	ITSxpress	PE	PE	ITSxpress	Ascomycota_p	Ascomycota_p
0b16710fc341de52d3db3a987523142b	UNITE	Penicillium	Penicillium_sumatraense	k__Fungi; p__Ascomycota; c__Eurotiomycetes; o__Eurotiales; f__Aspergillaceae; g__Penicillium; s__Penicillium_sumatraense	fig4_q20_PE_itsxpress_unite	ITSxpress	PE	PE	ITSxpress	Penicillium	Penicillium_sumatraense
e7453690825c89a6aed267d0b3afd8fc	UNITE	Rhodotorula	Rhodotorula_mucilaginosa	k__Fungi; p__Basidiomycota; c__Microbotryomycetes; o__Sporidiobolales; f__Sporidiobolaceae; g__Rhodotorula; s__Rhodotorula_mucilaginosa	fig4_q20_PE_itsxpress_unite	ITSxpress	PE	PE	ITSxpress	Rhodotorula	Rhodotorula_mucilaginosa
88bfe70998cfd35a12a909620792688a	UNITE	Ascomycota_p	Ascomycota_p	k__Fungi; p__Ascomycota; c__Ascomycota_p; o__Ascomycota_p; f__Ascomycota_p; g__Ascomycota_p; s__Ascomycota_p	fig4_q20_PE_itsxpress_unite	ITSxpress	PE	PE	ITSxpress	Ascomycota_p	Ascomycota_p
19258a7686e049de551d076a284dea99	UNITE	Kazachstania	Kazachstania_servazzii	k__Fungi; p__Ascomycota; c__Saccharomycetes; o__Saccharomycetales; f__Saccharomycetaceae; g__Kazachstania; s__Kazachstania_servazzii	fig4_q20_PE_itsxpress_unite	ITSxpress	PE	PE	ITSxpress	Kazachstania	Kazachstania_servazzii
1b3753029acde9bf8c79555f4589fcb0	UNITE	Helotiales_o	Helotiales_o	k__Fungi; p__Ascomycota; c__Leotiomycetes; o__Helotiales; f__Helotiales_o; g__Helotiales_o; s__Helotiales_o	fig4_q20_PE_itsxpress_unite	ITSxpress	PE	PE	ITSxpress	Helotiales_o	Helotiales_o
d41474f8e49115abf6f296e3fee6b8b1	UNITE	Aspergillus	Unclassified	k__Fungi; p__Ascomycota; c__Eurotiomycetes; o__Eurotiales; f__Aspergillaceae; g__Aspergillus; s__Aspergillus_g	fig4_q20_PE_itsxpress_unite	ITSxpress	PE	PE	ITSxpress	Aspergillus	Unclassified
cf9ccf0ca27f56fd87e0d496ea54b7a2	UNITE	Fungi_k	Fungi_k	k__Fungi; p__Fungi_k; c__Fungi_k; o__Fungi_k; f__Fungi_k; g__Fungi_k; s__Fungi_k	fig4_q20_PE_itsxpress_unite	ITSxpress	PE	PE	ITSxpress	Fungi_k	Fungi_k
dbf377afa279cfc8e072e84b0bcb4f3f	UNITE	Trechispora	Unclassified	k__Fungi; p__Basidiomycota; c__Agaricomycetes; o__Trechisporales; f__Hydnodontaceae; g__Trechispora; s__Trechispora_g	fig4_q20_PE_itsxpress_unite	ITSxpress	PE	PE	ITSxpress	Trechispora	Unclassified
12da108a541069a69ac639ae2edcd700	UNITE	Candida	Candida_albicans	k__Fungi; p__Ascomycota; c__Saccharomycetes; o__Saccharomycetales; f__Saccharomycetales_fam_Incertae_sedis; g__Candida; s__Candida_albicans	fig4_q20_PE_itsxpress_unite	ITSxpress	PE	PE	ITSxpress	Candida	Candida_albicans
ebd61c5d3dace237f7a2a5bfb8d391ab	UNITE	Fungi_k	Fungi_k	k__Fungi; p__Fungi_k; c__Fungi_k; o__Fungi_k; f__Fungi_k; g__Fungi_k; s__Fungi_k	fig4_q20_PE_itsxpress_unite	ITSxpress	PE	PE	ITSxpress	Fungi_k	Fungi_k
307336b90220c9e62068fc5a324cd764	UNITE	Rhizoplaca	Rhizoplaca_novomexicana	k__Fungi; p__Ascomycota; c__Lecanoromycetes; o__Lecanorales; f__Lecanoraceae; g__Rhizoplaca; s__Rhizoplaca_novomexicana	fig4_q20_PE_itsxpress_unite	ITSxpress	PE	PE	ITSxpress	Rhizoplaca	Rhizoplaca_novomexicana
e8afdba12110f5899c03436c55249876	UNITE	Irpex	Irpex_hacksungii	k__Fungi; p__Basidiomycota; c__Agaricomycetes; o__Polyporales; f__Irpicaceae; g__Irpex; s__Irpex_hacksungii	fig4_q20_PE_itsxpress_unite	ITSxpress	PE	PE	ITSxpress	Irpex	Irpex_hacksungii
94530c8fa842d70b5abe7c813790b5b2	UNITE	Debaryomyces	Debaryomyces_delbrueckii	k__Fungi; p__Ascomycota; c__Saccharomycetes; o__Saccharomycetales; f__Debaryomycetaceae; g__Debaryomyces; s__Debaryomyces_delbrueckii	fig4_q20_PE_itsxpress_unite	ITSxpress	PE	PE	ITSxpress	Debaryomyces	Debaryomyces_delbrueckii
e132feac453bbe8e98e4f5550613e720	UNITE	Cryptococcus	Cryptococcus_neoformans	k__Fungi; p__Basidiomycota; c__Tremellomycetes; o__Tremellales; f__Cryptococcaceae; g__Cryptococcus; s__Cryptococcus_neoformans	fig4_q20_PE_itsxpress_unite	ITSxpress	PE	PE	ITSxpress	Cryptococcus	Cryptococcus_neoformans
bf5afd9666ef3dc3c2c777c514786f97	UNITE	Pichia	Pichia_kudriavzevii	k__Fungi; p__Ascomycota; c__Saccharomycetes; o__Saccharomycetales; f__Pichiaceae; g__Pichia; s__Pichia_kudriavzevii	fig4_q20_PE_itsxpress_unite	ITSxpress	PE	PE	ITSxpress	Pichia	Pichia_kudriavzevii
7759814383595a2d0ab1bf7b73171a44	UNITE	Malassezia	Malassezia_globosa	k__Fungi; p__Basidiomycota; c__Malasseziomycetes; o__Malasseziales; f__Malasseziaceae; g__Malassezia; s__Malassezia_globosa	fig4_q20_PE_itsxpress_unite	ITSxpress	PE	PE	ITSxpress	Malassezia	Malassezia_globosa
915c63e977ee6d732c5eb8192795f959	UNITE	Fungi_k	Fungi_k	k__Fungi; p__Fungi_k; c__Fungi_k; o__Fungi_k; f__Fungi_k; g__Fungi_k; s__Fungi_k	fig4_q20_PE_itsxpress_unite	ITSxpress	PE	PE	ITSxpress	Fungi_k	Fungi_k
5c36e4197af8694525d815e3fcfb8e1b	UNITE	Cutaneotrichosporon	Cutaneotrichosporon_mucoides	k__Fungi; p__Basidiomycota; c__Tremellomycetes; o__Trichosporonales; f__Trichosporonaceae; g__Cutaneotrichosporon; s__Cutaneotrichosporon_mucoides	fig4_q20_PE_itsxpress_unite	ITSxpress	PE	PE	ITSxpress	Cutaneotrichosporon	Cutaneotrichosporon_mucoides
ee6217a6ac1c382c5086ba8f01f9a6f5	UNITE	Nakaseomyces	Nakaseomyces_glabratus	k__Fungi; p__Ascomycota; c__Saccharomycetes; o__Saccharomycetales; f__Saccharomycetaceae; g__Nakaseomyces; s__Nakaseomyces_glabratus	fig4_q20_PE_itsxpress_unite	ITSxpress	PE	PE	ITSxpress	Nakaseomyces	Nakaseomyces_glabratus
b5d734bb65d33dbb443d7b92850825f8	UNITE	Nakaseomyces	Nakaseomyces_glabratus	k__Fungi; p__Ascomycota; c__Saccharomycetes; o__Saccharomycetales; f__Saccharomycetaceae; g__Nakaseomyces; s__Nakaseomyces_glabratus	fig4_q20_PE_itsxpress_unite	ITSxpress	PE	PE	ITSxpress	Nakaseomyces	Nakaseomyces_glabratus
4410fbb6f29093b48a07044682c46bde	UNITE	Nakaseomyces	Nakaseomyces_glabratus	k__Fungi; p__Ascomycota; c__Saccharomycetes; o__Saccharomycetales; f__Saccharomycetaceae; g__Nakaseomyces; s__Nakaseomyces_glabratus	fig4_q20_PE_itsxpress_unite	ITSxpress	PE	PE	ITSxpress	Nakaseomyces	Nakaseomyces_glabratus
57dff5e5f62d238d6f055b37452ac823	UNITE	Saccharomyces	Saccharomyces_cerevisiae	k__Fungi; p__Ascomycota; c__Saccharomycetes; o__Saccharomycetales; f__Saccharomycetaceae; g__Saccharomyces; s__Saccharomyces_cerevisiae	fig4_q20_PE_itsxpress_unite	ITSxpress	PE	PE	ITSxpress	Saccharomyces	Saccharomyces_cerevisiae
ef5b732f4220ffb4068dfff3f4590237	UNITE	Leucosporidium	Leucosporidium_intermedium	k__Fungi; p__Basidiomycota; c__Microbotryomycetes; o__Leucosporidiales; f__Leucosporidiaceae; g__Leucosporidium; s__Leucosporidium_intermedium	fig4_q20_PE_itsxpress_unite	ITSxpress	PE	PE	ITSxpress	Leucosporidium	Leucosporidium_intermedium
aa52e53101323b1d05f8c4c6834dd1e2	UNITE	Fusarium	Fusarium_oxysporum	k__Fungi; p__Ascomycota; c__Sordariomycetes; o__Hypocreales; f__Nectriaceae; g__Fusarium; s__Fusarium_oxysporum	fig4_q20_PE_itsxpress_unite	ITSxpress	PE	PE	ITSxpress	Fusarium	Fusarium_oxysporum
07b93f1e7b4522a701d9b3ef5874f881	UNITE	Trechispora	Unclassified	k__Fungi; p__Basidiomycota; c__Agaricomycetes; o__Trechisporales; f__Hydnodontaceae; g__Trechispora; s__Trechispora_g	fig4_q20_PE_itsxpress_unite	ITSxpress	PE	PE	ITSxpress	Trechispora	Unclassified
64ff5d05e3dad56364385a586b8236d4	UNITE	Pichia	Pichia_kudriavzevii	k__Fungi; p__Ascomycota; c__Saccharomycetes; o__Saccharomycetales; f__Pichiaceae; g__Pichia; s__Pichia_kudriavzevii	fig4_q20_PE_itsxpress_unite	ITSxpress	PE	PE	ITSxpress	Pichia	Pichia_kudriavzevii
2ce0943ee52455e0ef499cf2ef2d4e04	UNITE	Ascomycota_p	Ascomycota_p	k__Fungi; p__Ascomycota; c__Ascomycota_p; o__Ascomycota_p; f__Ascomycota_p; g__Ascomycota_p; s__Ascomycota_p	fig4_q20_PE_itsxpress_unite	ITSxpress	PE	PE	ITSxpress	Ascomycota_p	Ascomycota_p
bd796f04c04028b86ca7ece20df3e735	UNITE	Phlebia	Phlebia_acerina	k__Fungi; p__Basidiomycota; c__Agaricomycetes; o__Polyporales; f__Meruliaceae; g__Phlebia; s__Phlebia_acerina	fig4_q20_PE_itsxpress_unite	ITSxpress	PE	PE	ITSxpress	Phlebia	Phlebia_acerina
ad90f737406d7ec92b3e444e41d6ab49	UNITE	Stereaceae_f	Stereaceae_f	k__Fungi; p__Basidiomycota; c__Agaricomycetes; o__Russulales; f__Stereaceae; g__Stereaceae_f; s__Stereaceae_f	fig4_q20_PE_itsxpress_unite	ITSxpress	PE	PE	ITSxpress	Stereaceae_f	Stereaceae_f
29672ac01b5c6750735fed1907ddd347	UNITE	Hannaella	Hannaella_oryzae	k__Fungi; p__Basidiomycota; c__Tremellomycetes; o__Tremellales; f__Bulleribasidiaceae; g__Hannaella; s__Hannaella_oryzae	fig4_q20_PE_itsxpress_unite	ITSxpress	PE	PE	ITSxpress	Hannaella	Hannaella_oryzae
12ae8aec67f6e9580e434bbd62c83dcd	UNITE	Helotiales_o	Helotiales_o	k__Fungi; p__Ascomycota; c__Leotiomycetes; o__Helotiales; f__Helotiales_o; g__Helotiales_o; s__Helotiales_o	fig4_q20_PE_itsxpress_unite	ITSxpress	PE	PE	ITSxpress	Helotiales_o	Helotiales_o
d6e7806fe6c49f4c960a7210ce8b929b	UNITE	Phaeosphaeriaceae_f	Phaeosphaeriaceae_f	k__Fungi; p__Ascomycota; c__Dothideomycetes; o__Pleosporales; f__Phaeosphaeriaceae; g__Phaeosphaeriaceae_f; s__Phaeosphaeriaceae_f	fig4_q20_PE_itsxpress_unite	ITSxpress	PE	PE	ITSxpress	Phaeosphaeriaceae_f	Phaeosphaeriaceae_f
2dbcbbad059800b66cce2a8752f950b6	UNITE	Phlebia	Phlebia_rufa	k__Fungi; p__Basidiomycota; c__Agaricomycetes; o__Polyporales; f__Meruliaceae; g__Phlebia; s__Phlebia_rufa	fig4_q20_PE_itsxpress_unite	ITSxpress	PE	PE	ITSxpress	Phlebia	Phlebia_rufa
1f2562bcd89888cd5dc1ecfc90af6ca5	UNITE	Paraphoma	Unclassified	k__Fungi; p__Ascomycota; c__Dothideomycetes; o__Pleosporales; f__Phaeosphaeriaceae; g__Paraphoma; s__Paraphoma_g	fig4_q20_PE_itsxpress_unite	ITSxpress	PE	PE	ITSxpress	Paraphoma	Unclassified
cdd244abd5bf539f9d30cb7b2907eaa7	UNITE	Pleosporales_o	Pleosporales_o	k__Fungi; p__Ascomycota; c__Dothideomycetes; o__Pleosporales; f__Pleosporales_o; g__Pleosporales_o; s__Pleosporales_o	fig4_q20_PE_itsxpress_unite	ITSxpress	PE	PE	ITSxpress	Pleosporales_o	Pleosporales_o
5fd5a9eab2b0664e8973995690493bb7	UNITE	Irpex	Irpex_hacksungii	k__Fungi; p__Basidiomycota; c__Agaricomycetes; o__Polyporales; f__Irpicaceae; g__Irpex; s__Irpex_hacksungii	fig4_q20_PE_itsxpress_unite	ITSxpress	PE	PE	ITSxpress	Irpex	Irpex_hacksungii
60c4503cc5091926c0fe5039f5800884	UNITE	Paraphoma	Unclassified	k__Fungi; p__Ascomycota; c__Dothideomycetes; o__Pleosporales; f__Phaeosphaeriaceae; g__Paraphoma; s__Paraphoma_g	fig4_q20_PE_itsxpress_unite	ITSxpress	PE	PE	ITSxpress	Paraphoma	Unclassified
fdad38ba45d5b299528d74bce258e06a	UNITE	Pluteus	Unclassified	k__Fungi; p__Basidiomycota; c__Agaricomycetes; o__Agaricales; f__Pluteaceae; g__Pluteus; s__Pluteus_g	fig4_q20_PE_itsxpress_unite	ITSxpress	PE	PE	ITSxpress	Pluteus	Unclassified
ede209db473731ebfe17f1dbf1c88156	UNITE	Coniothyrium	Coniothyrium_sidae	k__Fungi; p__Ascomycota; c__Dothideomycetes; o__Pleosporales; f__Coniothyriaceae; g__Coniothyrium; s__Coniothyrium_sidae	fig4_q20_PE_itsxpress_unite	ITSxpress	PE	PE	ITSxpress	Coniothyrium	Coniothyrium_sidae
8399a27795b0fabe060cc35c9f316118	UNITE	Hymenochaete	Hymenochaete_odontoides	k__Fungi; p__Basidiomycota; c__Agaricomycetes; o__Hymenochaetales; f__Hymenochaetaceae; g__Hymenochaete; s__Hymenochaete_odontoides	fig4_q20_PE_itsxpress_unite	ITSxpress	PE	PE	ITSxpress	Hymenochaete	Hymenochaete_odontoides
99d42c21ca1a753040983bdb71b468f8	UNITE	Kazachstania	Kazachstania_servazzii	k__Fungi; p__Ascomycota; c__Saccharomycetes; o__Saccharomycetales; f__Saccharomycetaceae; g__Kazachstania; s__Kazachstania_servazzii	fig4_q20_PE_itsxpress_unite	ITSxpress	PE	PE	ITSxpress	Kazachstania	Kazachstania_servazzii
c5fc3fd35912da93c85f5c96bd65b76d	UNITE	Pleosporales_o	Pleosporales_o	k__Fungi; p__Ascomycota; c__Dothideomycetes; o__Pleosporales; f__Pleosporales_o; g__Pleosporales_o; s__Pleosporales_o	fig4_q20_PE_itsxpress_unite	ITSxpress	PE	PE	ITSxpress	Pleosporales_o	Pleosporales_o
006daa04951eb9299f5610b4c6c17dc5	UNITE	Basidiomycota_p	Basidiomycota_p	k__Fungi; p__Basidiomycota; c__Basidiomycota_p; o__Basidiomycota_p; f__Basidiomycota_p; g__Basidiomycota_p; s__Basidiomycota_p	fig4_q20_PE_itsxpress_unite	ITSxpress	PE	PE	ITSxpress	Basidiomycota_p	Basidiomycota_p
8e9957d6ceecc6150dc312ec6ef1b716	UNITE	Peniophoraceae_f	Peniophoraceae_f	k__Fungi; p__Basidiomycota; c__Agaricomycetes; o__Russulales; f__Peniophoraceae; g__Peniophoraceae_f; s__Peniophoraceae_f	fig4_q20_PE_itsxpress_unite	ITSxpress	PE	PE	ITSxpress	Peniophoraceae_f	Peniophoraceae_f
61126afa4733fbaeff0e31a74c4e98ba	UNITE	Ascomycota_p	Ascomycota_p	k__Fungi; p__Ascomycota; c__Ascomycota_p; o__Ascomycota_p; f__Ascomycota_p; g__Ascomycota_p; s__Ascomycota_p	fig4_q20_PE_itsxpress_unite	ITSxpress	PE	PE	ITSxpress	Ascomycota_p	Ascomycota_p
1bf9d2e36256be1150b1fc46095f0716	UNITE	Exidia	Exidia_uvapassa	k__Fungi; p__Basidiomycota; c__Agaricomycetes; o__Auriculariales; f__Auriculariaceae; g__Exidia; s__Exidia_uvapassa	fig4_q20_PE_itsxpress_unite	ITSxpress	PE	PE	ITSxpress	Exidia	Exidia_uvapassa
07a2672158a9694178ccf1ab878fb08e	UNITE	Peniophoraceae_f	Peniophoraceae_f	k__Fungi; p__Basidiomycota; c__Agaricomycetes; o__Russulales; f__Peniophoraceae; g__Peniophoraceae_f; s__Peniophoraceae_f	fig4_q20_PE_itsxpress_unite	ITSxpress	PE	PE	ITSxpress	Peniophoraceae_f	Peniophoraceae_f
04a58f1fa63710803570b8b5e2d3733e	UNITE	Periconia	Periconia_celtidis	k__Fungi; p__Ascomycota; c__Dothideomycetes; o__Pleosporales; f__Periconiaceae; g__Periconia; s__Periconia_celtidis	fig4_q20_PE_itsxpress_unite	ITSxpress	PE	PE	ITSxpress	Periconia	Periconia_celtidis
5f07fdf487c0bf4b18dc8e6534d559e0	UNITE	Basidiomycota_p	Basidiomycota_p	k__Fungi; p__Basidiomycota; c__Basidiomycota_p; o__Basidiomycota_p; f__Basidiomycota_p; g__Basidiomycota_p; s__Basidiomycota_p	fig4_q20_PE_itsxpress_unite	ITSxpress	PE	PE	ITSxpress	Basidiomycota_p	Basidiomycota_p
671e1c45b579b74ae01911c39f15f5ed	UNITE	Peniophoraceae_f	Peniophoraceae_f	k__Fungi; p__Basidiomycota; c__Agaricomycetes; o__Russulales; f__Peniophoraceae; g__Peniophoraceae_f; s__Peniophoraceae_f	fig4_q20_PE_itsxpress_unite	ITSxpress	PE	PE	ITSxpress	Peniophoraceae_f	Peniophoraceae_f
7c96432a999d02dd7f21cbbdf5ea202a	UNITE	Hyphodontia	Hyphodontia_tropica	k__Fungi; p__Basidiomycota; c__Agaricomycetes; o__Hymenochaetales; f__Schizoporaceae; g__Hyphodontia; s__Hyphodontia_tropica	fig4_q20_PE_itsxpress_unite	ITSxpress	PE	PE	ITSxpress	Hyphodontia	Hyphodontia_tropica
006332ce4ff87f6466c8309cd667b472	UNITE	Irpex	Irpex_hacksungii	k__Fungi; p__Basidiomycota; c__Agaricomycetes; o__Polyporales; f__Irpicaceae; g__Irpex; s__Irpex_hacksungii	fig4_q20_PE_itsxpress_unite	ITSxpress	PE	PE	ITSxpress	Irpex	Irpex_hacksungii
cb2c0e20773df56a36e2a0f9eabe0e2d	UNITE	Thelebolus	Unclassified	k__Fungi; p__Ascomycota; c__Leotiomycetes; o__Thelebolales; f__Thelebolaceae; g__Thelebolus; s__Thelebolus_g	fig4_q20_PE_itsxpress_unite	ITSxpress	PE	PE	ITSxpress	Thelebolus	Unclassified
c335aefb046c3a1f098bc46b7be0bff8	UNITE	Stereaceae_f	Stereaceae_f	k__Fungi; p__Basidiomycota; c__Agaricomycetes; o__Russulales; f__Stereaceae; g__Stereaceae_f; s__Stereaceae_f	fig4_q20_PE_itsxpress_unite	ITSxpress	PE	PE	ITSxpress	Stereaceae_f	Stereaceae_f
787f8227d35c58c25e5a1baaff22bcc5	UNITE	Phanerochaete	Unclassified	k__Fungi; p__Basidiomycota; c__Agaricomycetes; o__Polyporales; f__Phanerochaetaceae; g__Phanerochaete; s__Phanerochaete_g	fig4_q20_PE_itsxpress_unite	ITSxpress	PE	PE	ITSxpress	Phanerochaete	Unclassified
44f90264df134259ebc0896303d9a493	UNITE	Neosetophoma	Neosetophoma_guiyangensis	k__Fungi; p__Ascomycota; c__Dothideomycetes; o__Pleosporales; f__Phaeosphaeriaceae; g__Neosetophoma; s__Neosetophoma_guiyangensis	fig4_q20_PE_itsxpress_unite	ITSxpress	PE	PE	ITSxpress	Neosetophoma	Neosetophoma_guiyangensis
cf51d4a65c9fa59fbf840dc7445265d5	UNITE	Mycoaciella	Mycoaciella_efibulata	k__Fungi; p__Basidiomycota; c__Agaricomycetes; o__Polyporales; f__Meruliaceae; g__Mycoaciella; s__Mycoaciella_efibulata	fig4_q20_PE_itsxpress_unite	ITSxpress	PE	PE	ITSxpress	Mycoaciella	Mycoaciella_efibulata
358e5aeac803d1eb8da09407f491871c	UNITE	Trametes	Trametes_hirsuta	k__Fungi; p__Basidiomycota; c__Agaricomycetes; o__Polyporales; f__Polyporaceae; g__Trametes; s__Trametes_hirsuta	fig4_q20_PE_itsxpress_unite	ITSxpress	PE	PE	ITSxpress	Trametes	Trametes_hirsuta
6da5475f6575f181dd87a66917e36920	UNITE	Sistotrema	Sistotrema_brinkmannii	k__Fungi; p__Basidiomycota; c__Agaricomycetes; o__Cantharellales; f__Hydnaceae; g__Sistotrema; s__Sistotrema_brinkmannii	fig4_q20_PE_itsxpress_unite	ITSxpress	PE	PE	ITSxpress	Sistotrema	Sistotrema_brinkmannii
5043729794cc2c896d6e9a0f1626e20e	UNITE	Agaricales_o	Agaricales_o	k__Fungi; p__Basidiomycota; c__Agaricomycetes; o__Agaricales; f__Agaricales_o; g__Agaricales_o; s__Agaricales_o	fig4_q20_PE_itsxpress_unite	ITSxpress	PE	PE	ITSxpress	Agaricales_o	Agaricales_o
ca7267bef65439e30d72c01f2ab17865	UNITE	Butyrea	Butyrea_japonica	k__Fungi; p__Basidiomycota; c__Agaricomycetes; o__Polyporales; f__Steccherinaceae; g__Butyrea; s__Butyrea_japonica	fig4_q20_PE_itsxpress_unite	ITSxpress	PE	PE	ITSxpress	Butyrea	Butyrea_japonica
040c1e07de80d76e56f1d8b0b573ca34	UNITE	Leptospora	Unclassified	k__Fungi; p__Ascomycota; c__Dothideomycetes; o__Pleosporales; f__Phaeosphaeriaceae; g__Leptospora; s__Leptospora_g	fig4_q20_PE_itsxpress_unite	ITSxpress	PE	PE	ITSxpress	Leptospora	Unclassified
5c8e2d68a3058342eb5318f0efcfef0e	UNITE	Scopuloides	Scopuloides_hydnoides	k__Fungi; p__Basidiomycota; c__Agaricomycetes; o__Polyporales; f__Meruliaceae; g__Scopuloides; s__Scopuloides_hydnoides	fig4_q20_PE_itsxpress_unite	ITSxpress	PE	PE	ITSxpress	Scopuloides	Scopuloides_hydnoides
ad5b23f99209f0b603e0c87d6cd42113	UNITE	Trametes	Trametes_hirsuta	k__Fungi; p__Basidiomycota; c__Agaricomycetes; o__Polyporales; f__Polyporaceae; g__Trametes; s__Trametes_hirsuta	fig4_q20_PE_itsxpress_unite	ITSxpress	PE	PE	ITSxpress	Trametes	Trametes_hirsuta
6850c27dec2af54194264e1aebf97dcd	UNITE	Fungi_k	Fungi_k	k__Fungi; p__Fungi_k; c__Fungi_k; o__Fungi_k; f__Fungi_k; g__Fungi_k; s__Fungi_k	fig4_q20_PE_itsxpress_unite	ITSxpress	PE	PE	ITSxpress	Fungi_k	Fungi_k
542c250da51659a9eb63accee552bd58	UNITE	Trametes	Trametes_versicolor	k__Fungi; p__Basidiomycota; c__Agaricomycetes; o__Polyporales; f__Polyporaceae; g__Trametes; s__Trametes_versicolor	fig4_q20_PE_itsxpress_unite	ITSxpress	PE	PE	ITSxpress	Trametes	Trametes_versicolor
955540425e10bfa281031158fb849591	UNITE	Mycoaciella	Mycoaciella_efibulata	k__Fungi; p__Basidiomycota; c__Agaricomycetes; o__Polyporales; f__Meruliaceae; g__Mycoaciella; s__Mycoaciella_efibulata	fig4_q20_PE_itsxpress_unite	ITSxpress	PE	PE	ITSxpress	Mycoaciella	Mycoaciella_efibulata
61ac22dac6fb3801dc5ea4a2a0f37828	UNITE	Pleurotus	Unclassified	k__Fungi; p__Basidiomycota; c__Agaricomycetes; o__Agaricales; f__Pleurotaceae; g__Pleurotus; s__Pleurotus_g	fig4_q20_PE_itsxpress_unite	ITSxpress	PE	PE	ITSxpress	Pleurotus	Unclassified
e696a65744372846e5a5ad7901af11d5	UNITE	Fungi_k	Fungi_k	k__Fungi; p__Fungi_k; c__Fungi_k; o__Fungi_k; f__Fungi_k; g__Fungi_k; s__Fungi_k	fig4_q20_PE_itsxpress_unite	ITSxpress	PE	PE	ITSxpress	Fungi_k	Fungi_k
f4e14db83b8c8f27154cef63832ebf60	UNITE	Phlebia	Phlebia_acanthocystis	k__Fungi; p__Basidiomycota; c__Agaricomycetes; o__Polyporales; f__Meruliaceae; g__Phlebia; s__Phlebia_acanthocystis	fig4_q20_PE_itsxpress_unite	ITSxpress	PE	PE	ITSxpress	Phlebia	Phlebia_acanthocystis
ef7c4591e1b81a9863d21132d9f67bb6	UNITE	Hericiaceae_f	Hericiaceae_f	k__Fungi; p__Basidiomycota; c__Agaricomycetes; o__Russulales; f__Hericiaceae; g__Hericiaceae_f; s__Hericiaceae_f	fig4_q20_PE_itsxpress_unite	ITSxpress	PE	PE	ITSxpress	Hericiaceae_f	Hericiaceae_f
b8a24610670d3ac10f0d3befe6902222	UNITE	Phanerochaete	Phanerochaete_cumulodentata	k__Fungi; p__Basidiomycota; c__Agaricomycetes; o__Polyporales; f__Phanerochaetaceae; g__Phanerochaete; s__Phanerochaete_cumulodentata	fig4_q20_PE_itsxpress_unite	ITSxpress	PE	PE	ITSxpress	Phanerochaete	Phanerochaete_cumulodentata
f0547560c210f8f296ce2aa804c875d4	UNITE	Mycoaciella	Mycoaciella_efibulata	k__Fungi; p__Basidiomycota; c__Agaricomycetes; o__Polyporales; f__Meruliaceae; g__Mycoaciella; s__Mycoaciella_efibulata	fig4_q20_PE_itsxpress_unite	ITSxpress	PE	PE	ITSxpress	Mycoaciella	Mycoaciella_efibulata
026c5263ced8f41669b14f7ee3ab05a6	UNITE	Ophiosphaerella	Ophiosphaerella_chiangraiensis	k__Fungi; p__Ascomycota; c__Dothideomycetes; o__Pleosporales; f__Phaeosphaeriaceae; g__Ophiosphaerella; s__Ophiosphaerella_chiangraiensis	fig4_q20_PE_itsxpress_unite	ITSxpress	PE	PE	ITSxpress	Ophiosphaerella	Ophiosphaerella_chiangraiensis
cc6d7b7ac9f42ac1add61a4e92cca4d0	UNITE	Trechisporales_o	Trechisporales_o	k__Fungi; p__Basidiomycota; c__Agaricomycetes; o__Trechisporales; f__Trechisporales_o; g__Trechisporales_o; s__Trechisporales_o	fig4_q20_PE_itsxpress_unite	ITSxpress	PE	PE	ITSxpress	Trechisporales_o	Trechisporales_o
dc65b17281e536dc27c59066ed5cb2b8	UNITE	Peniophoraceae_f	Peniophoraceae_f	k__Fungi; p__Basidiomycota; c__Agaricomycetes; o__Russulales; f__Peniophoraceae; g__Peniophoraceae_f; s__Peniophoraceae_f	fig4_q20_PE_itsxpress_unite	ITSxpress	PE	PE	ITSxpress	Peniophoraceae_f	Peniophoraceae_f
19e8704f50ae86ef8705db9c3141d9da	UNITE	Hyphoderma	Hyphoderma_setigerum	k__Fungi; p__Basidiomycota; c__Agaricomycetes; o__Polyporales; f__Hyphodermataceae; g__Hyphoderma; s__Hyphoderma_setigerum	fig4_q20_PE_itsxpress_unite	ITSxpress	PE	PE	ITSxpress	Hyphoderma	Hyphoderma_setigerum
af27df91c11b097ab5c3f306fe0f535d	UNITE	Stereaceae_f	Stereaceae_f	k__Fungi; p__Basidiomycota; c__Agaricomycetes; o__Russulales; f__Stereaceae; g__Stereaceae_f; s__Stereaceae_f	fig4_q20_PE_itsxpress_unite	ITSxpress	PE	PE	ITSxpress	Stereaceae_f	Stereaceae_f
1a08b9d790491512c9b5ccdbebb31c4d	UNITE	Polyporales_o	Polyporales_o	k__Fungi; p__Basidiomycota; c__Agaricomycetes; o__Polyporales; f__Polyporales_o; g__Polyporales_o; s__Polyporales_o	fig4_q20_PE_itsxpress_unite	ITSxpress	PE	PE	ITSxpress	Polyporales_o	Polyporales_o
0e5c75d336000a526d2c07363fd305d0	UNITE	Peniophoraceae_f	Peniophoraceae_f	k__Fungi; p__Basidiomycota; c__Agaricomycetes; o__Russulales; f__Peniophoraceae; g__Peniophoraceae_f; s__Peniophoraceae_f	fig4_q20_PE_itsxpress_unite	ITSxpress	PE	PE	ITSxpress	Peniophoraceae_f	Peniophoraceae_f
d00e6d83defe1a30a8b325b1610196d3	UNITE	Clitopilus	Clitopilus_baronii	k__Fungi; p__Basidiomycota; c__Agaricomycetes; o__Agaricales; f__Entolomataceae; g__Clitopilus; s__Clitopilus_baronii	fig4_q20_PE_itsxpress_unite	ITSxpress	PE	PE	ITSxpress	Clitopilus	Clitopilus_baronii
7b0c2826eb7474c7abe104a585597010	UNITE	Ophiognomonia	Unclassified	k__Fungi; p__Ascomycota; c__Sordariomycetes; o__Diaporthales; f__Gnomoniaceae; g__Ophiognomonia; s__Ophiognomonia_g	fig4_q20_PE_itsxpress_unite	ITSxpress	PE	PE	ITSxpress	Ophiognomonia	Unclassified
168e27f59b5437d613141aaa2f916072	UNITE	Dipodascaceae_f	Dipodascaceae_f	k__Fungi; p__Ascomycota; c__Saccharomycetes; o__Saccharomycetales; f__Dipodascaceae; g__Dipodascaceae_f; s__Dipodascaceae_f	fig4_q20_PE_itsxpress_unite	ITSxpress	PE	PE	ITSxpress	Dipodascaceae_f	Dipodascaceae_f
bb441be8bdf01e38ec90a625715d3f96	UNITE	Phlebiopsis	Phlebiopsis_gigantea	k__Fungi; p__Basidiomycota; c__Agaricomycetes; o__Polyporales; f__Phanerochaetaceae; g__Phlebiopsis; s__Phlebiopsis_gigantea	fig4_q20_PE_itsxpress_unite	ITSxpress	PE	PE	ITSxpress	Phlebiopsis	Phlebiopsis_gigantea
06170a68f344fc34f5fbbd044733994e	UNITE	Xylodon	Xylodon_flaviporus	k__Fungi; p__Basidiomycota; c__Agaricomycetes; o__Hymenochaetales; f__Schizoporaceae; g__Xylodon; s__Xylodon_flaviporus	fig4_q20_PE_itsxpress_unite	ITSxpress	PE	PE	ITSxpress	Xylodon	Xylodon_flaviporus
82a2523cca06ea4da6692908c23a4d60	UNITE	Ceratobasidium	Unclassified	k__Fungi; p__Basidiomycota; c__Agaricomycetes; o__Cantharellales; f__Ceratobasidiaceae; g__Ceratobasidium; s__Ceratobasidium_g	fig4_q20_PE_itsxpress_unite	ITSxpress	PE	PE	ITSxpress	Ceratobasidium	Unclassified
ed1c2120a1da64cd9a0b5ea27488f1cd	UNITE	Paraphoma	Unclassified	k__Fungi; p__Ascomycota; c__Dothideomycetes; o__Pleosporales; f__Phaeosphaeriaceae; g__Paraphoma; s__Paraphoma_g	fig4_q20_PE_itsxpress_unite	ITSxpress	PE	PE	ITSxpress	Paraphoma	Unclassified
4a9eebc6771e1b0950879ee3dd5c5c70	UNITE	Aureobasidium	Aureobasidium_pullulans	k__Fungi; p__Ascomycota; c__Dothideomycetes; o__Dothideales; f__Saccotheciaceae; g__Aureobasidium; s__Aureobasidium_pullulans	fig4_q20_PE_itsxpress_unite	ITSxpress	PE	PE	ITSxpress	Aureobasidium	Aureobasidium_pullulans
d77de9b0c238f001eff17e8590bee7f3	UNITE	Fungi_k	Fungi_k	k__Fungi; p__Fungi_k; c__Fungi_k; o__Fungi_k; f__Fungi_k; g__Fungi_k; s__Fungi_k	fig4_q20_PE_itsxpress_unite	ITSxpress	PE	PE	ITSxpress	Fungi_k	Fungi_k
dcc55e98f520f9d97db040a6f18089ed	UNITE	Ramularia	Unclassified	k__Fungi; p__Ascomycota; c__Dothideomycetes; o__Mycosphaerellales; f__Mycosphaerellaceae; g__Ramularia; s__Ramularia_g	fig4_q20_PE_itsxpress_unite	ITSxpress	PE	PE	ITSxpress	Ramularia	Unclassified
ce09f92e8ab71b4062be2fcbf797fc29	UNITE	Leptosillia	Unclassified	k__Fungi; p__Ascomycota; c__Sordariomycetes; o__Xylariales; f__Leptosilliaceae; g__Leptosillia; s__Leptosillia_g	fig4_q20_PE_itsxpress_unite	ITSxpress	PE	PE	ITSxpress	Leptosillia	Unclassified
a8471a97a89292ee71b9e346420d69e1	UNITE	Alternaria	Unclassified	k__Fungi; p__Ascomycota; c__Dothideomycetes; o__Pleosporales; f__Pleosporaceae; g__Alternaria; s__Alternaria_g	fig4_q20_PE_itsxpress_unite	ITSxpress	PE	PE	ITSxpress	Alternaria	Unclassified
387de4923eb7c1950b022e185327224b	UNITE	Ascomycota_p	Ascomycota_p	k__Fungi; p__Ascomycota; c__Ascomycota_p; o__Ascomycota_p; f__Ascomycota_p; g__Ascomycota_p; s__Ascomycota_p	fig4_q20_PE_itsxpress_unite	ITSxpress	PE	PE	ITSxpress	Ascomycota_p	Ascomycota_p
36461ec46bb917ed47cd574fbefddef4	UNITE	Neodevriesiaceae_f	Neodevriesiaceae_f	k__Fungi; p__Ascomycota; c__Dothideomycetes; o__Mycosphaerellales; f__Neodevriesiaceae; g__Neodevriesiaceae_f; s__Neodevriesiaceae_f	fig4_q20_PE_itsxpress_unite	ITSxpress	PE	PE	ITSxpress	Neodevriesiaceae_f	Neodevriesiaceae_f
aad545465f7a3c7d608c87b57b176a31	UNITE	Xylodon	Xylodon_flaviporus	k__Fungi; p__Basidiomycota; c__Agaricomycetes; o__Hymenochaetales; f__Schizoporaceae; g__Xylodon; s__Xylodon_flaviporus	fig4_q20_PE_itsxpress_unite	ITSxpress	PE	PE	ITSxpress	Xylodon	Xylodon_flaviporus
6ab43771f8d50d4e9268e3421e3e927f	UNITE	Schizophyllum	Schizophyllum_commune	k__Fungi; p__Basidiomycota; c__Agaricomycetes; o__Agaricales; f__Schizophyllaceae; g__Schizophyllum; s__Schizophyllum_commune	fig4_q20_PE_itsxpress_unite	ITSxpress	PE	PE	ITSxpress	Schizophyllum	Schizophyllum_commune
6a0e3aee96bfc2772cd53575935a9820	UNITE	Alternaria	Unclassified	k__Fungi; p__Ascomycota; c__Dothideomycetes; o__Pleosporales; f__Pleosporaceae; g__Alternaria; s__Alternaria_g	fig4_q20_PE_itsxpress_unite	ITSxpress	PE	PE	ITSxpress	Alternaria	Unclassified
ba6f84c5a6c850e7dd2ac7ac28facbd6	UNITE	Schizophyllum	Schizophyllum_commune	k__Fungi; p__Basidiomycota; c__Agaricomycetes; o__Agaricales; f__Schizophyllaceae; g__Schizophyllum; s__Schizophyllum_commune	fig4_q20_PE_itsxpress_unite	ITSxpress	PE	PE	ITSxpress	Schizophyllum	Schizophyllum_commune
410fa9b2d1c246b2da10b7c1800aecfe	UNITE	Cystofilobasidium	Cystofilobasidium_capitatum	k__Fungi; p__Basidiomycota; c__Tremellomycetes; o__Cystofilobasidiales; f__Cystofilobasidiaceae; g__Cystofilobasidium; s__Cystofilobasidium_capitatum	fig4_q20_PE_itsxpress_unite	ITSxpress	PE	PE	ITSxpress	Cystofilobasidium	Cystofilobasidium_capitatum
9e0921e5bbd7ecf4d47f5134c8ca0d2a	UNITE	Ophiosphaerella	Ophiosphaerella_chiangraiensis	k__Fungi; p__Ascomycota; c__Dothideomycetes; o__Pleosporales; f__Phaeosphaeriaceae; g__Ophiosphaerella; s__Ophiosphaerella_chiangraiensis	fig4_q20_PE_itsxpress_unite	ITSxpress	PE	PE	ITSxpress	Ophiosphaerella	Ophiosphaerella_chiangraiensis
269110b876ccca673ccbec357552a076	UNITE	Xylodon	Xylodon_exilis	k__Fungi; p__Basidiomycota; c__Agaricomycetes; o__Hymenochaetales; f__Schizoporaceae; g__Xylodon; s__Xylodon_exilis	fig4_q20_PE_itsxpress_unite	ITSxpress	PE	PE	ITSxpress	Xylodon	Xylodon_exilis
77c50df4f2148df177a3936d185bcec2	UNITE	Hyphodontia	Hyphodontia_tropica	k__Fungi; p__Basidiomycota; c__Agaricomycetes; o__Hymenochaetales; f__Schizoporaceae; g__Hyphodontia; s__Hyphodontia_tropica	fig4_q20_PE_itsxpress_unite	ITSxpress	PE	PE	ITSxpress	Hyphodontia	Hyphodontia_tropica
63c9b0ae5186d4f240846adf2921d2a4	UNITE	Polyporales_o	Polyporales_o	k__Fungi; p__Basidiomycota; c__Agaricomycetes; o__Polyporales; f__Polyporales_o; g__Polyporales_o; s__Polyporales_o	fig4_q20_PE_itsxpress_unite	ITSxpress	PE	PE	ITSxpress	Polyporales_o	Polyporales_o
58912136ad5c68dae72bb4653a569b4d	UNITE	Pluteus	Pluteus_castroae	k__Fungi; p__Basidiomycota; c__Agaricomycetes; o__Agaricales; f__Pluteaceae; g__Pluteus; s__Pluteus_castroae	fig4_q20_PE_itsxpress_unite	ITSxpress	PE	PE	ITSxpress	Pluteus	Pluteus_castroae
d7517e7d7ccfcb017edef33e6825eda1	UNITE	Polyporales_o	Polyporales_o	k__Fungi; p__Basidiomycota; c__Agaricomycetes; o__Polyporales; f__Polyporales_o; g__Polyporales_o; s__Polyporales_o	fig4_q20_PE_itsxpress_unite	ITSxpress	PE	PE	ITSxpress	Polyporales_o	Polyporales_o
e88a98c4c0b539970aba2e9afdb652ff	UNITE	Sporobolomyces	Sporobolomyces_ruberrimus	k__Fungi; p__Basidiomycota; c__Microbotryomycetes; o__Sporidiobolales; f__Sporidiobolaceae; g__Sporobolomyces; s__Sporobolomyces_ruberrimus	fig4_q20_PE_itsxpress_unite	ITSxpress	PE	PE	ITSxpress	Sporobolomyces	Sporobolomyces_ruberrimus
427b2120e9fdcd3b20071ccba4e21cc3	UNITE	Schizoporaceae_f	Schizoporaceae_f	k__Fungi; p__Basidiomycota; c__Agaricomycetes; o__Hymenochaetales; f__Schizoporaceae; g__Schizoporaceae_f; s__Schizoporaceae_f	fig4_q20_PE_itsxpress_unite	ITSxpress	PE	PE	ITSxpress	Schizoporaceae_f	Schizoporaceae_f
1aa1322a555933d26756115adcdd8306	UNITE	Amphisphaeriales_o	Amphisphaeriales_o	k__Fungi; p__Ascomycota; c__Sordariomycetes; o__Amphisphaeriales; f__Amphisphaeriales_o; g__Amphisphaeriales_o; s__Amphisphaeriales_o	fig4_q20_PE_itsxpress_unite	ITSxpress	PE	PE	ITSxpress	Amphisphaeriales_o	Amphisphaeriales_o
0673e25cd741e9931970123bad8cd6ae	UNITE	Fungi_k	Fungi_k	k__Fungi; p__Fungi_k; c__Fungi_k; o__Fungi_k; f__Fungi_k; g__Fungi_k; s__Fungi_k	fig4_q20_PE_itsxpress_unite	ITSxpress	PE	PE	ITSxpress	Fungi_k	Fungi_k
f4fd6035608dbd454bc773ff604d85cc	UNITE	Peniophorella	Peniophorella_crystallifera	k__Fungi; p__Basidiomycota; c__Agaricomycetes; o__Hymenochaetales; f__Rickenellaceae; g__Peniophorella; s__Peniophorella_crystallifera	fig4_q20_PE_itsxpress_unite	ITSxpress	PE	PE	ITSxpress	Peniophorella	Peniophorella_crystallifera
b505a782b64eae6f885a9098ba8df509	UNITE	Candolleomyces	Unclassified	k__Fungi; p__Basidiomycota; c__Agaricomycetes; o__Agaricales; f__Psathyrellaceae; g__Candolleomyces; s__Candolleomyces_g	fig4_q20_PE_itsxpress_unite	ITSxpress	PE	PE	ITSxpress	Candolleomyces	Unclassified
9f3cfc4c1a3fbf21503b961819b2fcbf	UNITE	Coprinellus	Unclassified	k__Fungi; p__Basidiomycota; c__Agaricomycetes; o__Agaricales; f__Psathyrellaceae; g__Coprinellus; s__Coprinellus_g	fig4_q20_PE_itsxpress_unite	ITSxpress	PE	PE	ITSxpress	Coprinellus	Unclassified
7860959ab1ce8a841054c4d3d15221d0	UNITE	Stereaceae_f	Stereaceae_f	k__Fungi; p__Basidiomycota; c__Agaricomycetes; o__Russulales; f__Stereaceae; g__Stereaceae_f; s__Stereaceae_f	fig4_q20_PE_itsxpress_unite	ITSxpress	PE	PE	ITSxpress	Stereaceae_f	Stereaceae_f
7958aa59fd7588c60330ce6799597d81	UNITE	Agaricomycetes_c	Agaricomycetes_c	k__Fungi; p__Basidiomycota; c__Agaricomycetes; o__Agaricomycetes_c; f__Agaricomycetes_c; g__Agaricomycetes_c; s__Agaricomycetes_c	fig4_q20_PE_itsxpress_unite	ITSxpress	PE	PE	ITSxpress	Agaricomycetes_c	Agaricomycetes_c
d03b42d094fc26abc401a439481e5e12	UNITE	Diatrypaceae_f	Diatrypaceae_f	k__Fungi; p__Ascomycota; c__Sordariomycetes; o__Xylariales; f__Diatrypaceae; g__Diatrypaceae_f; s__Diatrypaceae_f	fig4_q20_PE_itsxpress_unite	ITSxpress	PE	PE	ITSxpress	Diatrypaceae_f	Diatrypaceae_f
257c7dbafd43e052b6ff952661ed50db	UNITE	Trametes	Unclassified	k__Fungi; p__Basidiomycota; c__Agaricomycetes; o__Polyporales; f__Polyporaceae; g__Trametes; s__Trametes_g	fig4_q20_PE_itsxpress_unite	ITSxpress	PE	PE	ITSxpress	Trametes	Unclassified
d06ee85ecbb1b97b12f84c0d16ead2e3	UNITE	Botrytis	Botrytis_caroliniana	k__Fungi; p__Ascomycota; c__Leotiomycetes; o__Helotiales; f__Sclerotiniaceae; g__Botrytis; s__Botrytis_caroliniana	fig4_q20_PE_itsxpress_unite	ITSxpress	PE	PE	ITSxpress	Botrytis	Botrytis_caroliniana
c0be5a766a77d1b40339c3847e707d78	UNITE	Mycoaciella	Mycoaciella_efibulata	k__Fungi; p__Basidiomycota; c__Agaricomycetes; o__Polyporales; f__Meruliaceae; g__Mycoaciella; s__Mycoaciella_efibulata	fig4_q20_PE_itsxpress_unite	ITSxpress	PE	PE	ITSxpress	Mycoaciella	Mycoaciella_efibulata
91026d5ecd0fdcfb7b364d2d0871d36d	UNITE	Polyporales_o	Polyporales_o	k__Fungi; p__Basidiomycota; c__Agaricomycetes; o__Polyporales; f__Polyporales_o; g__Polyporales_o; s__Polyporales_o	fig4_q20_PE_itsxpress_unite	ITSxpress	PE	PE	ITSxpress	Polyporales_o	Polyporales_o
c89bc141df239be15bf707bdd443fa11	UNITE	Dissoconium	Unclassified	k__Fungi; p__Ascomycota; c__Dothideomycetes; o__Mycosphaerellales; f__Dissoconiaceae; g__Dissoconium; s__Dissoconium_g	fig4_q20_PE_itsxpress_unite	ITSxpress	PE	PE	ITSxpress	Dissoconium	Unclassified
ed996026e58a8b1649b4a8b8976f7bac	UNITE	Candolleomyces	Unclassified	k__Fungi; p__Basidiomycota; c__Agaricomycetes; o__Agaricales; f__Psathyrellaceae; g__Candolleomyces; s__Candolleomyces_g	fig4_q20_PE_itsxpress_unite	ITSxpress	PE	PE	ITSxpress	Candolleomyces	Unclassified
78f1ff03d895408d0bbfc76f894befec	UNITE	Parastagonospora	Unclassified	k__Fungi; p__Ascomycota; c__Dothideomycetes; o__Pleosporales; f__Phaeosphaeriaceae; g__Parastagonospora; s__Parastagonospora_g	fig4_q20_PE_itsxpress_unite	ITSxpress	PE	PE	ITSxpress	Parastagonospora	Unclassified
9bfc8e9697969f1165a87662c168f423	UNITE	Sistotremastrum	Unclassified	k__Fungi; p__Basidiomycota; c__Agaricomycetes; o__Trechisporales; f__Hydnodontaceae; g__Sistotremastrum; s__Sistotremastrum_g	fig4_q20_PE_itsxpress_unite	ITSxpress	PE	PE	ITSxpress	Sistotremastrum	Unclassified
89213e5d64cafbad1947e54bdb84a3d6	UNITE	Peniophorella	Peniophorella_pubera	k__Fungi; p__Basidiomycota; c__Agaricomycetes; o__Hymenochaetales; f__Rickenellaceae; g__Peniophorella; s__Peniophorella_pubera	fig4_q20_PE_itsxpress_unite	ITSxpress	PE	PE	ITSxpress	Peniophorella	Peniophorella_pubera
69cd5398b6e9164003f09fa393e6f17b	UNITE	Polyporales_o	Polyporales_o	k__Fungi; p__Basidiomycota; c__Agaricomycetes; o__Polyporales; f__Polyporales_o; g__Polyporales_o; s__Polyporales_o	fig4_q20_PE_itsxpress_unite	ITSxpress	PE	PE	ITSxpress	Polyporales_o	Polyporales_o
74a06cbc0b620e28eca3ca122274f99c	UNITE	Coprinopsis	Coprinopsis_urticicola	k__Fungi; p__Basidiomycota; c__Agaricomycetes; o__Agaricales; f__Psathyrellaceae; g__Coprinopsis; s__Coprinopsis_urticicola	fig4_q20_PE_itsxpress_unite	ITSxpress	PE	PE	ITSxpress	Coprinopsis	Coprinopsis_urticicola
80656d9a953b600388a8d5b3284216b9	UNITE+BLAST	Candida	Candida_albicans	NA	fig4_q20_PE_itsxpress_unite	ITSxpress	PE	PE	ITSxpress	Candida	Candida_albicans
6092927047fe7a692354e4fd7c745e4c	UNITE+BLAST	Cutaneotrichosporon	Cutaneotrichosporon_mucoides	NA	fig4_q20_PE_itsxpress_unite	ITSxpress	PE	PE	ITSxpress	Cutaneotrichosporon	Cutaneotrichosporon_mucoides
301628c5f05bcb9636f353d42fcc04c6	UNITE+BLAST	Cryptococcus	Cryptococcus_neoformans	NA	fig4_q20_PE_itsxpress_unite	ITSxpress	PE	PE	ITSxpress	Cryptococcus	Cryptococcus_neoformans
2d783fc0a24c9350fd6e4c008ade61f1	UNITE+BLAST	Penicillium	Unclassified	NA	fig4_q20_PE_itsxpress_unite	ITSxpress	PE	PE	ITSxpress	Penicillium	Unclassified
d6f3e15b67c356651253d4bfee7bb46f	UNITE+BLAST	Nakaseomyces	Nakaseomyces_glabratus	NA	fig4_q20_PE_itsxpress_unite	ITSxpress	PE	PE	ITSxpress	Nakaseomyces	Nakaseomyces_glabratus
315affd4c31c0bc2a94bf5db590086cd	UNITE+BLAST	Saccharomyces	Saccharomyces_cerevisiae	NA	fig4_q20_PE_itsxpress_unite	ITSxpress	PE	PE	ITSxpress	Saccharomyces	Saccharomyces_cerevisiae
e6042d9d33d4676b7a7d6c7d232be5b0	UNITE+BLAST	Aspergillus	Aspergillus_fumigatus	NA	fig4_q20_PE_itsxpress_unite	ITSxpress	PE	PE	ITSxpress	Aspergillus	Aspergillus_fumigatus
0d7f1fa221989e0cc733a52a1d979bfa	UNITE+BLAST	Ascomycota_p	Ascomycota_p	NA	fig4_q20_PE_itsxpress_unite	ITSxpress	PE	PE	ITSxpress	Ascomycota_p	Ascomycota_p
9e9aed34ec9b46ddf8b4be25bd081d10	UNITE+BLAST	Komagataella	Komagataella_phaffii	NA	fig4_q20_PE_itsxpress_unite	ITSxpress	PE	PE	ITSxpress	Komagataella	Komagataella_phaffii
1452b25fcc2cf988fd7ab91920806410	UNITE+BLAST	Trichophyton	Trichophyton_mentagrophytes	NA	fig4_q20_PE_itsxpress_unite	ITSxpress	PE	PE	ITSxpress	Trichophyton	Trichophyton_mentagrophytes
abc7679572c0b1ba3de8661e079cb062	UNITE+BLAST	Cutaneotrichosporon	Cutaneotrichosporon_debeurmannianum	NA	fig4_q20_PE_itsxpress_unite	ITSxpress	PE	PE	ITSxpress	Cutaneotrichosporon	Cutaneotrichosporon_debeurmannianum
e399dc7c0823811b06f9eea10fa4ea6c	UNITE+BLAST	Cladosporium	Unclassified	NA	fig4_q20_PE_itsxpress_unite	ITSxpress	PE	PE	ITSxpress	Cladosporium	Unclassified
fd56d5d2d7ab0969f3ea9d3294133409	UNITE+BLAST	Irpex	Irpex_hacksungii	NA	fig4_q20_PE_itsxpress_unite	ITSxpress	PE	PE	ITSxpress	Irpex	Irpex_hacksungii
f0e7a828de05f103e1d9a98f56a3003b	UNITE+BLAST	Pyrenochaeta	Unclassified	NA	fig4_q20_PE_itsxpress_unite	ITSxpress	PE	PE	ITSxpress	Pyrenochaeta	Unclassified
5fe8ba6be9294240d26f875ee767f4fe	UNITE+BLAST	Kazachstania	Kazachstania_servazzii	NA	fig4_q20_PE_itsxpress_unite	ITSxpress	PE	PE	ITSxpress	Kazachstania	Kazachstania_servazzii
2fac1bc2c61bb76209c62f3be67e15e8	UNITE+BLAST	Irpex	Unclassified	NA	fig4_q20_PE_itsxpress_unite	ITSxpress	PE	PE	ITSxpress	Irpex	Unclassified
0ed3a8becd603707260c02ce989b1e2d	UNITE+BLAST	Debaryomyces	Debaryomyces_delbrueckii	NA	fig4_q20_PE_itsxpress_unite	ITSxpress	PE	PE	ITSxpress	Debaryomyces	Debaryomyces_delbrueckii
a96b33c75863bb9141c51c3ee039fe7d	UNITE+BLAST	Cladosporium	Cladosporium_salinae	NA	fig4_q20_PE_itsxpress_unite	ITSxpress	PE	PE	ITSxpress	Cladosporium	Cladosporium_salinae
ed3e9912ffac4094303328fb6a4ea10c	UNITE+BLAST	Fusarium	Fusarium_keratoplasticum	NA	fig4_q20_PE_itsxpress_unite	ITSxpress	PE	PE	ITSxpress	Fusarium	Fusarium_keratoplasticum
c3b3863baf308516d9bae664ff9843c6	UNITE+BLAST	Nigrospora	Unclassified	NA	fig4_q20_PE_itsxpress_unite	ITSxpress	PE	PE	ITSxpress	Nigrospora	Unclassified
ef2ebeb91f91b576bbd95b341aed051e	UNITE+BLAST	Peniophoraceae_f	Peniophoraceae_f	NA	fig4_q20_PE_itsxpress_unite	ITSxpress	PE	PE	ITSxpress	Peniophoraceae_f	Peniophoraceae_f
d5f4d4c61556cd9a88f8e7072585def2	UNITE+BLAST	Epicoccum	Epicoccum_pimprinum	NA	fig4_q20_PE_itsxpress_unite	ITSxpress	PE	PE	ITSxpress	Epicoccum	Epicoccum_pimprinum
e42387237c012c1ed92a8c7f9dd2e2eb	UNITE+BLAST	Stereaceae_f	Stereaceae_f	NA	fig4_q20_PE_itsxpress_unite	ITSxpress	PE	PE	ITSxpress	Stereaceae_f	Stereaceae_f
921f876dd61c8fdd639a56fbb16d7b6c	UNITE+BLAST	Didymellaceae_f	Didymellaceae_f	NA	fig4_q20_PE_itsxpress_unite	ITSxpress	PE	PE	ITSxpress	Didymellaceae_f	Didymellaceae_f
98906e38db8e05a595f3c0efb3021003	UNITE+BLAST	Penicillium	Penicillium_patris-mei	NA	fig4_q20_PE_itsxpress_unite	ITSxpress	PE	PE	ITSxpress	Penicillium	Penicillium_patris-mei
f1c57273935879d23965899d63727f74	UNITE+BLAST	Aspergillus	Aspergillus_ruber	NA	fig4_q20_PE_itsxpress_unite	ITSxpress	PE	PE	ITSxpress	Aspergillus	Aspergillus_ruber
558f634792c8b5cee619778f270e8ee0	UNITE+BLAST	Saccharomyces	Saccharomyces_cerevisiae	NA	fig4_q20_PE_itsxpress_unite	ITSxpress	PE	PE	ITSxpress	Saccharomyces	Saccharomyces_cerevisiae
37d4a335bf1d51f01582d9471a112681	UNITE+BLAST	Bjerkandera	Bjerkandera_adusta	NA	fig4_q20_PE_itsxpress_unite	ITSxpress	PE	PE	ITSxpress	Bjerkandera	Bjerkandera_adusta
f806a2396402eab6244a8d52e08a9f7e	UNITE+BLAST	Mucor	Mucor_circinelloides	NA	fig4_q20_PE_itsxpress_unite	ITSxpress	PE	PE	ITSxpress	Mucor	Mucor_circinelloides
02d4c47b6b2f2c61e8e6fb701b5f4dea	UNITE+BLAST	Bullera	Bullera_alba	NA	fig4_q20_PE_itsxpress_unite	ITSxpress	PE	PE	ITSxpress	Bullera	Bullera_alba
2bffa5bd228042e3fc0e3f30f48c6c13	UNITE+BLAST	Candolleomyces	Candolleomyces_subminutisporus	NA	fig4_q20_PE_itsxpress_unite	ITSxpress	PE	PE	ITSxpress	Candolleomyces	Candolleomyces_subminutisporus
7904340b100395ea12dbea044726ee08	UNITE+BLAST	Fungi_k	Fungi_k	NA	fig4_q20_PE_itsxpress_unite	ITSxpress	PE	PE	ITSxpress	Fungi_k	Fungi_k
4fe0a80f8c4b0a6cfc9a15c0926fd3f1	UNITE+BLAST	Ophiognomonia	Unclassified	NA	fig4_q20_PE_itsxpress_unite	ITSxpress	PE	PE	ITSxpress	Ophiognomonia	Unclassified
4f0eeafcb9177222412728e3822743a3	UNITE+BLAST	Irpex	Irpex_hacksungii	NA	fig4_q20_PE_itsxpress_unite	ITSxpress	PE	PE	ITSxpress	Irpex	Irpex_hacksungii
f4d47d9e9f949ba9f162bbf4faea2866	UNITE+BLAST	Fungi_k	Fungi_k	NA	fig4_q20_PE_itsxpress_unite	ITSxpress	PE	PE	ITSxpress	Fungi_k	Fungi_k
db0a45e1bb8405ca1fe091daa37fd2ec	UNITE+BLAST	Peniophoraceae_f	Peniophoraceae_f	NA	fig4_q20_PE_itsxpress_unite	ITSxpress	PE	PE	ITSxpress	Peniophoraceae_f	Peniophoraceae_f
b2c6907b3db766724d2335436d7e33f4	UNITE+BLAST	Peniophoraceae_f	Peniophoraceae_f	NA	fig4_q20_PE_itsxpress_unite	ITSxpress	PE	PE	ITSxpress	Peniophoraceae_f	Peniophoraceae_f
0ad03262fa2155cc0cae6071e227df84	UNITE+BLAST	Hericiaceae_f	Hericiaceae_f	NA	fig4_q20_PE_itsxpress_unite	ITSxpress	PE	PE	ITSxpress	Hericiaceae_f	Hericiaceae_f
3f4c30d9dbda2e4629b7ba6a41354eb0	UNITE+BLAST	Trametes	Trametes_pubescens	NA	fig4_q20_PE_itsxpress_unite	ITSxpress	PE	PE	ITSxpress	Trametes	Trametes_pubescens
d2e25b6611bfc517eb12d22c4f1f0ac0	UNITE+BLAST	Irpex	Irpex_laceratus	NA	fig4_q20_PE_itsxpress_unite	ITSxpress	PE	PE	ITSxpress	Irpex	Irpex_laceratus
f9bc2c7d2647a3b4e63ca4b721021da9	UNITE+BLAST	Daedaleopsis	Daedaleopsis_confragosa	NA	fig4_q20_PE_itsxpress_unite	ITSxpress	PE	PE	ITSxpress	Daedaleopsis	Daedaleopsis_confragosa
ff0b3c0f2f9029863279aaec209a64b5	UNITE+BLAST	Tilletiopsis	Tilletiopsis_washingtonensis	NA	fig4_q20_PE_itsxpress_unite	ITSxpress	PE	PE	ITSxpress	Tilletiopsis	Tilletiopsis_washingtonensis
7bb64ea8b4df8344319d79a47d3a8afa	UNITE+BLAST	Phanerochaete	Phanerochaete_livescens	NA	fig4_q20_PE_itsxpress_unite	ITSxpress	PE	PE	ITSxpress	Phanerochaete	Phanerochaete_livescens
17586e36e8ab48f597210c14bb4b14a1	UNITE+BLAST	Sporobolomyces	Sporobolomyces_phaffii	NA	fig4_q20_PE_itsxpress_unite	ITSxpress	PE	PE	ITSxpress	Sporobolomyces	Sporobolomyces_phaffii
e10697f67b5d8c5ca3d33e56594068bf	UNITE+BLAST	Rhizoplaca	Rhizoplaca_novomexicana	NA	fig4_q20_PE_itsxpress_unite	ITSxpress	PE	PE	ITSxpress	Rhizoplaca	Rhizoplaca_novomexicana
6cf8e6273ab065c307d3712ac2dbfe1d	UNITE+BLAST	Hymenochaetopsis	Hymenochaetopsis_yasudae	NA	fig4_q20_PE_itsxpress_unite	ITSxpress	PE	PE	ITSxpress	Hymenochaetopsis	Hymenochaetopsis_yasudae
44289e0d4bb76d7dc0006d54ac820fc1	UNITE+BLAST	Irpex	Unclassified	NA	fig4_q20_PE_itsxpress_unite	ITSxpress	PE	PE	ITSxpress	Irpex	Unclassified
6a018acae919ab5f0ca6dbedcb3ed281	UNITE+BLAST	Polyporales_o	Polyporales_o	NA	fig4_q20_PE_itsxpress_unite	ITSxpress	PE	PE	ITSxpress	Polyporales_o	Polyporales_o
77aef54800f91d2294bac5b9a9010594	UNITE+BLAST	Malassezia	Malassezia_sympodialis	NA	fig4_q20_PE_itsxpress_unite	ITSxpress	PE	PE	ITSxpress	Malassezia	Malassezia_sympodialis
6b772c4a25b6812808e7bf2169afb415	UNITE+BLAST	Schizophyllum	Schizophyllum_commune	NA	fig4_q20_PE_itsxpress_unite	ITSxpress	PE	PE	ITSxpress	Schizophyllum	Schizophyllum_commune
2f9d7e8bea9501d87407a5e5a59bf89b	UNITE+BLAST	Pleosporales_o	Pleosporales_o	NA	fig4_q20_PE_itsxpress_unite	ITSxpress	PE	PE	ITSxpress	Pleosporales_o	Pleosporales_o
2b12210b988a471a2a2e6a89aee198f1	UNITE+BLAST	Crepidotus	Unclassified	NA	fig4_q20_PE_itsxpress_unite	ITSxpress	PE	PE	ITSxpress	Crepidotus	Unclassified
aa449544b742da7c9fbfa39c0d3849fe	UNITE+BLAST	Sistotremastrum	Sistotremastrum_guttuliferum	NA	fig4_q20_PE_itsxpress_unite	ITSxpress	PE	PE	ITSxpress	Sistotremastrum	Sistotremastrum_guttuliferum
c4882dc60b49c95b93e46ef6e32dfc12	UNITE+BLAST	Pleosporales_o	Pleosporales_o	NA	fig4_q20_PE_itsxpress_unite	ITSxpress	PE	PE	ITSxpress	Pleosporales_o	Pleosporales_o
2aa87d0ebccf12b39baf51d91e447b2d	UNITE+BLAST	Thanatephorus	Unclassified	NA	fig4_q20_PE_itsxpress_unite	ITSxpress	PE	PE	ITSxpress	Thanatephorus	Unclassified
b51e89e740a3b7d99fc2112e7b30bc00	UNITE+BLAST	Rhizoplaca	Rhizoplaca_novomexicana	NA	fig4_q20_PE_itsxpress_unite	ITSxpress	PE	PE	ITSxpress	Rhizoplaca	Rhizoplaca_novomexicana
2a03599d48e1a5883a372e8a8261d445	UNITE+BLAST	Paragibellulopsis	Paragibellulopsis_chrysanthemi	NA	fig4_q20_PE_itsxpress_unite	ITSxpress	PE	PE	ITSxpress	Paragibellulopsis	Paragibellulopsis_chrysanthemi
f73a1a510817fc733ace7a6a70e7394e	UNITE+BLAST	Irpex	Irpex_hacksungii	NA	fig4_q20_PE_itsxpress_unite	ITSxpress	PE	PE	ITSxpress	Irpex	Irpex_hacksungii
590e0069dcd5441f47684045349cd9c2	UNITE+BLAST	Cystobasidium	Cystobasidium_slooffiae	NA	fig4_q20_PE_itsxpress_unite	ITSxpress	PE	PE	ITSxpress	Cystobasidium	Cystobasidium_slooffiae
ee606ee0d5d5f1f998149031ddfd45fc	UNITE+BLAST	Phlebiopsis	Unclassified	NA	fig4_q20_PE_itsxpress_unite	ITSxpress	PE	PE	ITSxpress	Phlebiopsis	Unclassified
69d7a7d7c05039ce3b5be70ffacc089f	UNITE+BLAST	Biscogniauxia	Biscogniauxia_atropunctata	NA	fig4_q20_PE_itsxpress_unite	ITSxpress	PE	PE	ITSxpress	Biscogniauxia	Biscogniauxia_atropunctata
ef7cf9848db5544fe03fb7d411336533	UNITE+BLAST	Candida	Candida_dubliniensis	NA	fig4_q20_PE_itsxpress_unite	ITSxpress	PE	PE	ITSxpress	Candida	Candida_dubliniensis
206ac16e519bcdd9dd9f8a782ddfd8df	UNITE+BLAST	Schizophyllum	Schizophyllum_commune	NA	fig4_q20_PE_itsxpress_unite	ITSxpress	PE	PE	ITSxpress	Schizophyllum	Schizophyllum_commune
da93059e7d874e588773916cbcb5cebf	UNITE+BLAST	Udeniomyces	Udeniomyces_pyricola	NA	fig4_q20_PE_itsxpress_unite	ITSxpress	PE	PE	ITSxpress	Udeniomyces	Udeniomyces_pyricola
8e98c860323a68e9904cf3320be00300	UNITE+BLAST	Mucor	Mucor_nidicola	NA	fig4_q20_PE_itsxpress_unite	ITSxpress	PE	PE	ITSxpress	Mucor	Mucor_nidicola
5c3158d98ae7185c37026511e5dbdb2c	UNITE+BLAST	Penicillium	Penicillium_sclerotiorum	NA	fig4_q20_PE_itsxpress_unite	ITSxpress	PE	PE	ITSxpress	Penicillium	Penicillium_sclerotiorum
2e3204476045187561769297cb5deb63	UNITE+BLAST	Steccherinum	Steccherinum_tenuissimum	NA	fig4_q20_PE_itsxpress_unite	ITSxpress	PE	PE	ITSxpress	Steccherinum	Steccherinum_tenuissimum
ae02184daf687a68ede894e742c6be8e	UNITE+BLAST	Xylodon	Xylodon_flaviporus	NA	fig4_q20_PE_itsxpress_unite	ITSxpress	PE	PE	ITSxpress	Xylodon	Xylodon_flaviporus
84b9d21cc143333232f36f500ea60299	UNITE+BLAST	Atheliales_o	Atheliales_o	NA	fig4_q20_PE_itsxpress_unite	ITSxpress	PE	PE	ITSxpress	Atheliales_o	Atheliales_o
2d5f90f732790862f85983cf328a51bf	UNITE+BLAST	Peniophoraceae_f	Peniophoraceae_f	NA	fig4_q20_PE_itsxpress_unite	ITSxpress	PE	PE	ITSxpress	Peniophoraceae_f	Peniophoraceae_f
3f1585818ee2ca5d837a80074f225019	UNITE+BLAST	Ceriporia	Ceriporia_nanlingensis	NA	fig4_q20_PE_itsxpress_unite	ITSxpress	PE	PE	ITSxpress	Ceriporia	Ceriporia_nanlingensis
dde3d9f44829488859e6425ff6f8dcd5	UNITE+BLAST	Sporobolomyces	Sporobolomyces_carnicolor	NA	fig4_q20_PE_itsxpress_unite	ITSxpress	PE	PE	ITSxpress	Sporobolomyces	Sporobolomyces_carnicolor
6f1091e7efe7bc87c06bbea6642f1003	UNITE+BLAST	Trametes	Trametes_hirsuta	NA	fig4_q20_PE_itsxpress_unite	ITSxpress	PE	PE	ITSxpress	Trametes	Trametes_hirsuta
86033a0f68bf17feb67d641dd08a5e3b	UNITE+BLAST	Fuscoporia	Fuscoporia_karsteniana	NA	fig4_q20_PE_itsxpress_unite	ITSxpress	PE	PE	ITSxpress	Fuscoporia	Fuscoporia_karsteniana
2502cb3a6108ac2eaa7d36cba4a08694	UNITE+BLAST	Sarocladium	Sarocladium_zeae	NA	fig4_q20_PE_itsxpress_unite	ITSxpress	PE	PE	ITSxpress	Sarocladium	Sarocladium_zeae
f8d2f35ec8aba3368cfa9bdc9dc84831	UNITE+BLAST	Irpex	Irpex_hacksungii	NA	fig4_q20_PE_itsxpress_unite	ITSxpress	PE	PE	ITSxpress	Irpex	Irpex_hacksungii
44a05b01f5f5bea58a5e3a13e14d59fc	UNITE+BLAST	Penicillium	Penicillium_citrinum	NA	fig4_q20_PE_itsxpress_unite	ITSxpress	PE	PE	ITSxpress	Penicillium	Penicillium_citrinum
8b51ec7a91f7832c1606fd6ce117a808	UNITE+BLAST	Coprinopsis	Unclassified	NA	fig4_q20_PE_itsxpress_unite	ITSxpress	PE	PE	ITSxpress	Coprinopsis	Unclassified
78385d9163bb208f3ee331d773e29f47	UNITE+BLAST	Absidia	Unclassified	NA	fig4_q20_PE_itsxpress_unite	ITSxpress	PE	PE	ITSxpress	Absidia	Unclassified
98668f2433cc3fdfcf3c34e11d1ba521	UNITE+BLAST	Helotiales_o	Helotiales_o	NA	fig4_q20_PE_itsxpress_unite	ITSxpress	PE	PE	ITSxpress	Helotiales_o	Helotiales_o
91ed5a72b201f13a385a89abeee5e191	UNITE+BLAST	Talaromyces	Talaromyces_tumuli	NA	fig4_q20_PE_itsxpress_unite	ITSxpress	PE	PE	ITSxpress	Talaromyces	Talaromyces_tumuli
70b3cf507c15b1c220effff995cdd1ca	UNITE+BLAST	Udeniomyces	Udeniomyces_pyricola	NA	fig4_q20_PE_itsxpress_unite	ITSxpress	PE	PE	ITSxpress	Udeniomyces	Udeniomyces_pyricola
54f44042aa65835826eb2207758c96d9	UNITE+BLAST	Penicillium	Penicillium_sumatraense	NA	fig4_q20_PE_itsxpress_unite	ITSxpress	PE	PE	ITSxpress	Penicillium	Penicillium_sumatraense
e7ddd2dd4f8b00848ef50ae6da6bf400	UNITE+BLAST	Ascomycota_p	Ascomycota_p	NA	fig4_q20_PE_itsxpress_unite	ITSxpress	PE	PE	ITSxpress	Ascomycota_p	Ascomycota_p
b4d73ceb6dbaecaf84dd2dcf34566fbc	UNITE+BLAST	Ceriporia	Ceriporia_nanlingensis	NA	fig4_q20_PE_itsxpress_unite	ITSxpress	PE	PE	ITSxpress	Ceriporia	Ceriporia_nanlingensis
0ba4b040a2a556ef91e5ec66381abfaf	UNITE+BLAST	Peniophoraceae_f	Peniophoraceae_f	NA	fig4_q20_PE_itsxpress_unite	ITSxpress	PE	PE	ITSxpress	Peniophoraceae_f	Peniophoraceae_f
492e37f87b8dabd8e27df1474005bc0d	UNITE+BLAST	Suillus	Suillus_viscidus	NA	fig4_q20_PE_itsxpress_unite	ITSxpress	PE	PE	ITSxpress	Suillus	Suillus_viscidus
90a30f03ca37989d3320d5abf225636d	UNITE+BLAST	Aureobasidium	Aureobasidium_pullulans	NA	fig4_q20_PE_itsxpress_unite	ITSxpress	PE	PE	ITSxpress	Aureobasidium	Aureobasidium_pullulans
4f6bba767820d950766bc71d6d15fec4	UNITE+BLAST	Cryptococcus	Cryptococcus_neoformans	NA	fig4_q20_PE_itsxpress_unite	ITSxpress	PE	PE	ITSxpress	Cryptococcus	Cryptococcus_neoformans
b930655cdbda2d0f0758d5276c15600d	UNITE+BLAST	Aspergillus	Aspergillus_neotritici	NA	fig4_q20_PE_itsxpress_unite	ITSxpress	PE	PE	ITSxpress	Aspergillus	Aspergillus_neotritici
b8b6019de3c607356ff1d4846d98a8df	UNITE+BLAST	Xeromyces	Xeromyces_bisporus	NA	fig4_q20_PE_itsxpress_unite	ITSxpress	PE	PE	ITSxpress	Xeromyces	Xeromyces_bisporus
0db72d18219924f45026b9dfa92538ec	UNITE+BLAST	Mucor	Mucor_circinelloides	NA	fig4_q20_PE_itsxpress_unite	ITSxpress	PE	PE	ITSxpress	Mucor	Mucor_circinelloides
f9d217f428c665f6e44a09c08fe0c485	UNITE+BLAST	Rhizoplaca	Rhizoplaca_novomexicana	NA	fig4_q20_PE_itsxpress_unite	ITSxpress	PE	PE	ITSxpress	Rhizoplaca	Rhizoplaca_novomexicana
6143c50035fe5fc5272475693b56bdf1	UNITE+BLAST	Fungi_k	Fungi_k	NA	fig4_q20_PE_itsxpress_unite	ITSxpress	PE	PE	ITSxpress	Fungi_k	Fungi_k
5e8d3c0601be4315ab09e921da2d328f	UNITE+BLAST	Burgoa	Unclassified	NA	fig4_q20_PE_itsxpress_unite	ITSxpress	PE	PE	ITSxpress	Burgoa	Unclassified
3aff115ea9dc889997fec9ab39973349	UNITE+BLAST	Fungi_k	Fungi_k	NA	fig4_q20_PE_itsxpress_unite	ITSxpress	PE	PE	ITSxpress	Fungi_k	Fungi_k
53097c9e9e3c7ba253dbf5ec95c930fc	UNITE+BLAST	Candolleomyces	Unclassified	NA	fig4_q20_PE_itsxpress_unite	ITSxpress	PE	PE	ITSxpress	Candolleomyces	Unclassified
97303e95cef301f28e3f0435d2289866	UNITE+BLAST	Ascomycota_p	Ascomycota_p	NA	fig4_q20_PE_itsxpress_unite	ITSxpress	PE	PE	ITSxpress	Ascomycota_p	Ascomycota_p
0b16710fc341de52d3db3a987523142b	UNITE+BLAST	Penicillium	Penicillium_sumatraense	NA	fig4_q20_PE_itsxpress_unite	ITSxpress	PE	PE	ITSxpress	Penicillium	Penicillium_sumatraense
e7453690825c89a6aed267d0b3afd8fc	UNITE+BLAST	Rhodotorula	Rhodotorula_mucilaginosa	NA	fig4_q20_PE_itsxpress_unite	ITSxpress	PE	PE	ITSxpress	Rhodotorula	Rhodotorula_mucilaginosa
88bfe70998cfd35a12a909620792688a	UNITE+BLAST	Ascomycota_p	Ascomycota_p	NA	fig4_q20_PE_itsxpress_unite	ITSxpress	PE	PE	ITSxpress	Ascomycota_p	Ascomycota_p
19258a7686e049de551d076a284dea99	UNITE+BLAST	Kazachstania	Kazachstania_servazzii	NA	fig4_q20_PE_itsxpress_unite	ITSxpress	PE	PE	ITSxpress	Kazachstania	Kazachstania_servazzii
1b3753029acde9bf8c79555f4589fcb0	UNITE+BLAST	Helotiales_o	Helotiales_o	NA	fig4_q20_PE_itsxpress_unite	ITSxpress	PE	PE	ITSxpress	Helotiales_o	Helotiales_o
d41474f8e49115abf6f296e3fee6b8b1	UNITE+BLAST	Aspergillus	Unclassified	NA	fig4_q20_PE_itsxpress_unite	ITSxpress	PE	PE	ITSxpress	Aspergillus	Unclassified
cf9ccf0ca27f56fd87e0d496ea54b7a2	UNITE+BLAST	Fungi_k	Fungi_k	NA	fig4_q20_PE_itsxpress_unite	ITSxpress	PE	PE	ITSxpress	Fungi_k	Fungi_k
dbf377afa279cfc8e072e84b0bcb4f3f	UNITE+BLAST	Trechispora	Unclassified	NA	fig4_q20_PE_itsxpress_unite	ITSxpress	PE	PE	ITSxpress	Trechispora	Unclassified
12da108a541069a69ac639ae2edcd700	UNITE+BLAST	Candida	Candida_albicans	NA	fig4_q20_PE_itsxpress_unite	ITSxpress	PE	PE	ITSxpress	Candida	Candida_albicans
ebd61c5d3dace237f7a2a5bfb8d391ab	UNITE+BLAST	Fungi_k	Fungi_k	NA	fig4_q20_PE_itsxpress_unite	ITSxpress	PE	PE	ITSxpress	Fungi_k	Fungi_k
307336b90220c9e62068fc5a324cd764	UNITE+BLAST	Rhizoplaca	Rhizoplaca_novomexicana	NA	fig4_q20_PE_itsxpress_unite	ITSxpress	PE	PE	ITSxpress	Rhizoplaca	Rhizoplaca_novomexicana
e8afdba12110f5899c03436c55249876	UNITE+BLAST	Irpex	Irpex_hacksungii	NA	fig4_q20_PE_itsxpress_unite	ITSxpress	PE	PE	ITSxpress	Irpex	Irpex_hacksungii
94530c8fa842d70b5abe7c813790b5b2	UNITE+BLAST	Debaryomyces	Debaryomyces_delbrueckii	NA	fig4_q20_PE_itsxpress_unite	ITSxpress	PE	PE	ITSxpress	Debaryomyces	Debaryomyces_delbrueckii
e132feac453bbe8e98e4f5550613e720	UNITE+BLAST	Cryptococcus	Cryptococcus_neoformans	NA	fig4_q20_PE_itsxpress_unite	ITSxpress	PE	PE	ITSxpress	Cryptococcus	Cryptococcus_neoformans
bf5afd9666ef3dc3c2c777c514786f97	UNITE+BLAST	Pichia	Pichia_kudriavzevii	NA	fig4_q20_PE_itsxpress_unite	ITSxpress	PE	PE	ITSxpress	Pichia	Pichia_kudriavzevii
7759814383595a2d0ab1bf7b73171a44	UNITE+BLAST	Malassezia	Malassezia_globosa	NA	fig4_q20_PE_itsxpress_unite	ITSxpress	PE	PE	ITSxpress	Malassezia	Malassezia_globosa
915c63e977ee6d732c5eb8192795f959	UNITE+BLAST	Fungi_k	Fungi_k	NA	fig4_q20_PE_itsxpress_unite	ITSxpress	PE	PE	ITSxpress	Fungi_k	Fungi_k
5c36e4197af8694525d815e3fcfb8e1b	UNITE+BLAST	Cutaneotrichosporon	Cutaneotrichosporon_mucoides	NA	fig4_q20_PE_itsxpress_unite	ITSxpress	PE	PE	ITSxpress	Cutaneotrichosporon	Cutaneotrichosporon_mucoides
ee6217a6ac1c382c5086ba8f01f9a6f5	UNITE+BLAST	Nakaseomyces	Nakaseomyces_glabratus	NA	fig4_q20_PE_itsxpress_unite	ITSxpress	PE	PE	ITSxpress	Nakaseomyces	Nakaseomyces_glabratus
b5d734bb65d33dbb443d7b92850825f8	UNITE+BLAST	Nakaseomyces	Nakaseomyces_glabratus	NA	fig4_q20_PE_itsxpress_unite	ITSxpress	PE	PE	ITSxpress	Nakaseomyces	Nakaseomyces_glabratus
4410fbb6f29093b48a07044682c46bde	UNITE+BLAST	Nakaseomyces	Nakaseomyces_glabratus	NA	fig4_q20_PE_itsxpress_unite	ITSxpress	PE	PE	ITSxpress	Nakaseomyces	Nakaseomyces_glabratus
57dff5e5f62d238d6f055b37452ac823	UNITE+BLAST	Saccharomyces	Saccharomyces_cerevisiae	NA	fig4_q20_PE_itsxpress_unite	ITSxpress	PE	PE	ITSxpress	Saccharomyces	Saccharomyces_cerevisiae
ef5b732f4220ffb4068dfff3f4590237	UNITE+BLAST	Leucosporidium	Leucosporidium_intermedium	NA	fig4_q20_PE_itsxpress_unite	ITSxpress	PE	PE	ITSxpress	Leucosporidium	Leucosporidium_intermedium
aa52e53101323b1d05f8c4c6834dd1e2	UNITE+BLAST	Fusarium	Fusarium_oxysporum	NA	fig4_q20_PE_itsxpress_unite	ITSxpress	PE	PE	ITSxpress	Fusarium	Fusarium_oxysporum
07b93f1e7b4522a701d9b3ef5874f881	UNITE+BLAST	Trechispora	Unclassified	NA	fig4_q20_PE_itsxpress_unite	ITSxpress	PE	PE	ITSxpress	Trechispora	Unclassified
64ff5d05e3dad56364385a586b8236d4	UNITE+BLAST	Pichia	Pichia_kudriavzevii	NA	fig4_q20_PE_itsxpress_unite	ITSxpress	PE	PE	ITSxpress	Pichia	Pichia_kudriavzevii
2ce0943ee52455e0ef499cf2ef2d4e04	UNITE+BLAST	Ascomycota_p	Ascomycota_p	NA	fig4_q20_PE_itsxpress_unite	ITSxpress	PE	PE	ITSxpress	Ascomycota_p	Ascomycota_p
bd796f04c04028b86ca7ece20df3e735	UNITE+BLAST	Phlebia	Phlebia_acerina	NA	fig4_q20_PE_itsxpress_unite	ITSxpress	PE	PE	ITSxpress	Phlebia	Phlebia_acerina
ad90f737406d7ec92b3e444e41d6ab49	UNITE+BLAST	Stereaceae_f	Stereaceae_f	NA	fig4_q20_PE_itsxpress_unite	ITSxpress	PE	PE	ITSxpress	Stereaceae_f	Stereaceae_f
29672ac01b5c6750735fed1907ddd347	UNITE+BLAST	Hannaella	Hannaella_oryzae	NA	fig4_q20_PE_itsxpress_unite	ITSxpress	PE	PE	ITSxpress	Hannaella	Hannaella_oryzae
12ae8aec67f6e9580e434bbd62c83dcd	UNITE+BLAST	Helotiales_o	Helotiales_o	NA	fig4_q20_PE_itsxpress_unite	ITSxpress	PE	PE	ITSxpress	Helotiales_o	Helotiales_o
d6e7806fe6c49f4c960a7210ce8b929b	UNITE+BLAST	Phaeosphaeriaceae_f	Phaeosphaeriaceae_f	NA	fig4_q20_PE_itsxpress_unite	ITSxpress	PE	PE	ITSxpress	Phaeosphaeriaceae_f	Phaeosphaeriaceae_f
2dbcbbad059800b66cce2a8752f950b6	UNITE+BLAST	Phlebia	Phlebia_rufa	NA	fig4_q20_PE_itsxpress_unite	ITSxpress	PE	PE	ITSxpress	Phlebia	Phlebia_rufa
1f2562bcd89888cd5dc1ecfc90af6ca5	UNITE+BLAST	Paraphoma	Paraphoma_chrysanthemicola	NA	fig4_q20_PE_itsxpress_unite	ITSxpress	PE	PE	ITSxpress	Paraphoma	Paraphoma_chrysanthemicola
cdd244abd5bf539f9d30cb7b2907eaa7	UNITE+BLAST	Pleosporales_o	Pleosporales_o	NA	fig4_q20_PE_itsxpress_unite	ITSxpress	PE	PE	ITSxpress	Pleosporales_o	Pleosporales_o
5fd5a9eab2b0664e8973995690493bb7	UNITE+BLAST	Irpex	Irpex_hacksungii	NA	fig4_q20_PE_itsxpress_unite	ITSxpress	PE	PE	ITSxpress	Irpex	Irpex_hacksungii
60c4503cc5091926c0fe5039f5800884	UNITE+BLAST	Paraphoma	Paraphoma_pye	NA	fig4_q20_PE_itsxpress_unite	ITSxpress	PE	PE	ITSxpress	Paraphoma	Paraphoma_pye
fdad38ba45d5b299528d74bce258e06a	UNITE+BLAST	Pluteus	Unclassified	NA	fig4_q20_PE_itsxpress_unite	ITSxpress	PE	PE	ITSxpress	Pluteus	Unclassified
ede209db473731ebfe17f1dbf1c88156	UNITE+BLAST	Coniothyrium	Coniothyrium_sidae	NA	fig4_q20_PE_itsxpress_unite	ITSxpress	PE	PE	ITSxpress	Coniothyrium	Coniothyrium_sidae
8399a27795b0fabe060cc35c9f316118	UNITE+BLAST	Hymenochaete	Hymenochaete_odontoides	NA	fig4_q20_PE_itsxpress_unite	ITSxpress	PE	PE	ITSxpress	Hymenochaete	Hymenochaete_odontoides
99d42c21ca1a753040983bdb71b468f8	UNITE+BLAST	Kazachstania	Kazachstania_servazzii	NA	fig4_q20_PE_itsxpress_unite	ITSxpress	PE	PE	ITSxpress	Kazachstania	Kazachstania_servazzii
c5fc3fd35912da93c85f5c96bd65b76d	UNITE+BLAST	Pleosporales_o	Pleosporales_o	NA	fig4_q20_PE_itsxpress_unite	ITSxpress	PE	PE	ITSxpress	Pleosporales_o	Pleosporales_o
006daa04951eb9299f5610b4c6c17dc5	UNITE+BLAST	Basidiomycota_p	Basidiomycota_p	NA	fig4_q20_PE_itsxpress_unite	ITSxpress	PE	PE	ITSxpress	Basidiomycota_p	Basidiomycota_p
8e9957d6ceecc6150dc312ec6ef1b716	UNITE+BLAST	Peniophoraceae_f	Peniophoraceae_f	NA	fig4_q20_PE_itsxpress_unite	ITSxpress	PE	PE	ITSxpress	Peniophoraceae_f	Peniophoraceae_f
61126afa4733fbaeff0e31a74c4e98ba	UNITE+BLAST	Ascomycota_p	Ascomycota_p	NA	fig4_q20_PE_itsxpress_unite	ITSxpress	PE	PE	ITSxpress	Ascomycota_p	Ascomycota_p
1bf9d2e36256be1150b1fc46095f0716	UNITE+BLAST	Exidia	Exidia_uvapassa	NA	fig4_q20_PE_itsxpress_unite	ITSxpress	PE	PE	ITSxpress	Exidia	Exidia_uvapassa
07a2672158a9694178ccf1ab878fb08e	UNITE+BLAST	Peniophoraceae_f	Peniophoraceae_f	NA	fig4_q20_PE_itsxpress_unite	ITSxpress	PE	PE	ITSxpress	Peniophoraceae_f	Peniophoraceae_f
04a58f1fa63710803570b8b5e2d3733e	UNITE+BLAST	Periconia	Periconia_celtidis	NA	fig4_q20_PE_itsxpress_unite	ITSxpress	PE	PE	ITSxpress	Periconia	Periconia_celtidis
5f07fdf487c0bf4b18dc8e6534d559e0	UNITE+BLAST	Basidiomycota_p	Basidiomycota_p	NA	fig4_q20_PE_itsxpress_unite	ITSxpress	PE	PE	ITSxpress	Basidiomycota_p	Basidiomycota_p
671e1c45b579b74ae01911c39f15f5ed	UNITE+BLAST	Peniophoraceae_f	Peniophoraceae_f	NA	fig4_q20_PE_itsxpress_unite	ITSxpress	PE	PE	ITSxpress	Peniophoraceae_f	Peniophoraceae_f
7c96432a999d02dd7f21cbbdf5ea202a	UNITE+BLAST	Hyphodontia	Hyphodontia_tropica	NA	fig4_q20_PE_itsxpress_unite	ITSxpress	PE	PE	ITSxpress	Hyphodontia	Hyphodontia_tropica
006332ce4ff87f6466c8309cd667b472	UNITE+BLAST	Irpex	Irpex_hacksungii	NA	fig4_q20_PE_itsxpress_unite	ITSxpress	PE	PE	ITSxpress	Irpex	Irpex_hacksungii
cb2c0e20773df56a36e2a0f9eabe0e2d	UNITE+BLAST	Thelebolus	Unclassified	NA	fig4_q20_PE_itsxpress_unite	ITSxpress	PE	PE	ITSxpress	Thelebolus	Unclassified
c335aefb046c3a1f098bc46b7be0bff8	UNITE+BLAST	Stereaceae_f	Stereaceae_f	NA	fig4_q20_PE_itsxpress_unite	ITSxpress	PE	PE	ITSxpress	Stereaceae_f	Stereaceae_f
787f8227d35c58c25e5a1baaff22bcc5	UNITE+BLAST	Phanerochaete	Unclassified	NA	fig4_q20_PE_itsxpress_unite	ITSxpress	PE	PE	ITSxpress	Phanerochaete	Unclassified
44f90264df134259ebc0896303d9a493	UNITE+BLAST	Neosetophoma	Neosetophoma_guiyangensis	NA	fig4_q20_PE_itsxpress_unite	ITSxpress	PE	PE	ITSxpress	Neosetophoma	Neosetophoma_guiyangensis
cf51d4a65c9fa59fbf840dc7445265d5	UNITE+BLAST	Mycoaciella	Mycoaciella_efibulata	NA	fig4_q20_PE_itsxpress_unite	ITSxpress	PE	PE	ITSxpress	Mycoaciella	Mycoaciella_efibulata
358e5aeac803d1eb8da09407f491871c	UNITE+BLAST	Trametes	Trametes_hirsuta	NA	fig4_q20_PE_itsxpress_unite	ITSxpress	PE	PE	ITSxpress	Trametes	Trametes_hirsuta
6da5475f6575f181dd87a66917e36920	UNITE+BLAST	Sistotrema	Sistotrema_brinkmannii	NA	fig4_q20_PE_itsxpress_unite	ITSxpress	PE	PE	ITSxpress	Sistotrema	Sistotrema_brinkmannii
5043729794cc2c896d6e9a0f1626e20e	UNITE+BLAST	Agaricales_o	Agaricales_o	NA	fig4_q20_PE_itsxpress_unite	ITSxpress	PE	PE	ITSxpress	Agaricales_o	Agaricales_o
ca7267bef65439e30d72c01f2ab17865	UNITE+BLAST	Butyrea	Butyrea_japonica	NA	fig4_q20_PE_itsxpress_unite	ITSxpress	PE	PE	ITSxpress	Butyrea	Butyrea_japonica
040c1e07de80d76e56f1d8b0b573ca34	UNITE+BLAST	Leptospora	Unclassified	NA	fig4_q20_PE_itsxpress_unite	ITSxpress	PE	PE	ITSxpress	Leptospora	Unclassified
5c8e2d68a3058342eb5318f0efcfef0e	UNITE+BLAST	Scopuloides	Scopuloides_hydnoides	NA	fig4_q20_PE_itsxpress_unite	ITSxpress	PE	PE	ITSxpress	Scopuloides	Scopuloides_hydnoides
ad5b23f99209f0b603e0c87d6cd42113	UNITE+BLAST	Trametes	Trametes_hirsuta	NA	fig4_q20_PE_itsxpress_unite	ITSxpress	PE	PE	ITSxpress	Trametes	Trametes_hirsuta
6850c27dec2af54194264e1aebf97dcd	UNITE+BLAST	Fungi_k	Fungi_k	NA	fig4_q20_PE_itsxpress_unite	ITSxpress	PE	PE	ITSxpress	Fungi_k	Fungi_k
542c250da51659a9eb63accee552bd58	UNITE+BLAST	Trametes	Trametes_versicolor	NA	fig4_q20_PE_itsxpress_unite	ITSxpress	PE	PE	ITSxpress	Trametes	Trametes_versicolor
955540425e10bfa281031158fb849591	UNITE+BLAST	Mycoaciella	Mycoaciella_efibulata	NA	fig4_q20_PE_itsxpress_unite	ITSxpress	PE	PE	ITSxpress	Mycoaciella	Mycoaciella_efibulata
61ac22dac6fb3801dc5ea4a2a0f37828	UNITE+BLAST	Pleurotus	Pleurotus_ostreatus	NA	fig4_q20_PE_itsxpress_unite	ITSxpress	PE	PE	ITSxpress	Pleurotus	Pleurotus_ostreatus
e696a65744372846e5a5ad7901af11d5	UNITE+BLAST	Fungi_k	Fungi_k	NA	fig4_q20_PE_itsxpress_unite	ITSxpress	PE	PE	ITSxpress	Fungi_k	Fungi_k
f4e14db83b8c8f27154cef63832ebf60	UNITE+BLAST	Phlebia	Phlebia_acanthocystis	NA	fig4_q20_PE_itsxpress_unite	ITSxpress	PE	PE	ITSxpress	Phlebia	Phlebia_acanthocystis
ef7c4591e1b81a9863d21132d9f67bb6	UNITE+BLAST	Hericiaceae_f	Hericiaceae_f	NA	fig4_q20_PE_itsxpress_unite	ITSxpress	PE	PE	ITSxpress	Hericiaceae_f	Hericiaceae_f
b8a24610670d3ac10f0d3befe6902222	UNITE+BLAST	Phanerochaete	Phanerochaete_cumulodentata	NA	fig4_q20_PE_itsxpress_unite	ITSxpress	PE	PE	ITSxpress	Phanerochaete	Phanerochaete_cumulodentata
f0547560c210f8f296ce2aa804c875d4	UNITE+BLAST	Mycoaciella	Mycoaciella_efibulata	NA	fig4_q20_PE_itsxpress_unite	ITSxpress	PE	PE	ITSxpress	Mycoaciella	Mycoaciella_efibulata
026c5263ced8f41669b14f7ee3ab05a6	UNITE+BLAST	Ophiosphaerella	Ophiosphaerella_chiangraiensis	NA	fig4_q20_PE_itsxpress_unite	ITSxpress	PE	PE	ITSxpress	Ophiosphaerella	Ophiosphaerella_chiangraiensis
cc6d7b7ac9f42ac1add61a4e92cca4d0	UNITE+BLAST	Trechisporales_o	Trechisporales_o	NA	fig4_q20_PE_itsxpress_unite	ITSxpress	PE	PE	ITSxpress	Trechisporales_o	Trechisporales_o
dc65b17281e536dc27c59066ed5cb2b8	UNITE+BLAST	Peniophoraceae_f	Peniophoraceae_f	NA	fig4_q20_PE_itsxpress_unite	ITSxpress	PE	PE	ITSxpress	Peniophoraceae_f	Peniophoraceae_f
19e8704f50ae86ef8705db9c3141d9da	UNITE+BLAST	Hyphoderma	Hyphoderma_setigerum	NA	fig4_q20_PE_itsxpress_unite	ITSxpress	PE	PE	ITSxpress	Hyphoderma	Hyphoderma_setigerum
af27df91c11b097ab5c3f306fe0f535d	UNITE+BLAST	Stereaceae_f	Stereaceae_f	NA	fig4_q20_PE_itsxpress_unite	ITSxpress	PE	PE	ITSxpress	Stereaceae_f	Stereaceae_f
1a08b9d790491512c9b5ccdbebb31c4d	UNITE+BLAST	Polyporales_o	Polyporales_o	NA	fig4_q20_PE_itsxpress_unite	ITSxpress	PE	PE	ITSxpress	Polyporales_o	Polyporales_o
0e5c75d336000a526d2c07363fd305d0	UNITE+BLAST	Peniophoraceae_f	Peniophoraceae_f	NA	fig4_q20_PE_itsxpress_unite	ITSxpress	PE	PE	ITSxpress	Peniophoraceae_f	Peniophoraceae_f
d00e6d83defe1a30a8b325b1610196d3	UNITE+BLAST	Clitopilus	Clitopilus_baronii	NA	fig4_q20_PE_itsxpress_unite	ITSxpress	PE	PE	ITSxpress	Clitopilus	Clitopilus_baronii
7b0c2826eb7474c7abe104a585597010	UNITE+BLAST	Ophiognomonia	Unclassified	NA	fig4_q20_PE_itsxpress_unite	ITSxpress	PE	PE	ITSxpress	Ophiognomonia	Unclassified
168e27f59b5437d613141aaa2f916072	UNITE+BLAST	Dipodascaceae_f	Dipodascaceae_f	NA	fig4_q20_PE_itsxpress_unite	ITSxpress	PE	PE	ITSxpress	Dipodascaceae_f	Dipodascaceae_f
bb441be8bdf01e38ec90a625715d3f96	UNITE+BLAST	Phlebiopsis	Phlebiopsis_gigantea	NA	fig4_q20_PE_itsxpress_unite	ITSxpress	PE	PE	ITSxpress	Phlebiopsis	Phlebiopsis_gigantea
06170a68f344fc34f5fbbd044733994e	UNITE+BLAST	Xylodon	Xylodon_flaviporus	NA	fig4_q20_PE_itsxpress_unite	ITSxpress	PE	PE	ITSxpress	Xylodon	Xylodon_flaviporus
82a2523cca06ea4da6692908c23a4d60	UNITE+BLAST	Ceratobasidium	Unclassified	NA	fig4_q20_PE_itsxpress_unite	ITSxpress	PE	PE	ITSxpress	Ceratobasidium	Unclassified
ed1c2120a1da64cd9a0b5ea27488f1cd	UNITE+BLAST	Paraphoma	Paraphoma_pye	NA	fig4_q20_PE_itsxpress_unite	ITSxpress	PE	PE	ITSxpress	Paraphoma	Paraphoma_pye
4a9eebc6771e1b0950879ee3dd5c5c70	UNITE+BLAST	Aureobasidium	Aureobasidium_pullulans	NA	fig4_q20_PE_itsxpress_unite	ITSxpress	PE	PE	ITSxpress	Aureobasidium	Aureobasidium_pullulans
d77de9b0c238f001eff17e8590bee7f3	UNITE+BLAST	Fungi_k	Fungi_k	NA	fig4_q20_PE_itsxpress_unite	ITSxpress	PE	PE	ITSxpress	Fungi_k	Fungi_k
dcc55e98f520f9d97db040a6f18089ed	UNITE+BLAST	Ramularia	Ramularia_eucalypti	NA	fig4_q20_PE_itsxpress_unite	ITSxpress	PE	PE	ITSxpress	Ramularia	Ramularia_eucalypti
ce09f92e8ab71b4062be2fcbf797fc29	UNITE+BLAST	Leptosillia	Unclassified	NA	fig4_q20_PE_itsxpress_unite	ITSxpress	PE	PE	ITSxpress	Leptosillia	Unclassified
a8471a97a89292ee71b9e346420d69e1	UNITE+BLAST	Alternaria	Unclassified	NA	fig4_q20_PE_itsxpress_unite	ITSxpress	PE	PE	ITSxpress	Alternaria	Unclassified
387de4923eb7c1950b022e185327224b	UNITE+BLAST	Ascomycota_p	Ascomycota_p	NA	fig4_q20_PE_itsxpress_unite	ITSxpress	PE	PE	ITSxpress	Ascomycota_p	Ascomycota_p
36461ec46bb917ed47cd574fbefddef4	UNITE+BLAST	Neodevriesiaceae_f	Neodevriesiaceae_f	NA	fig4_q20_PE_itsxpress_unite	ITSxpress	PE	PE	ITSxpress	Neodevriesiaceae_f	Neodevriesiaceae_f
aad545465f7a3c7d608c87b57b176a31	UNITE+BLAST	Xylodon	Xylodon_flaviporus	NA	fig4_q20_PE_itsxpress_unite	ITSxpress	PE	PE	ITSxpress	Xylodon	Xylodon_flaviporus
6ab43771f8d50d4e9268e3421e3e927f	UNITE+BLAST	Schizophyllum	Schizophyllum_commune	NA	fig4_q20_PE_itsxpress_unite	ITSxpress	PE	PE	ITSxpress	Schizophyllum	Schizophyllum_commune
6a0e3aee96bfc2772cd53575935a9820	UNITE+BLAST	Alternaria	Unclassified	NA	fig4_q20_PE_itsxpress_unite	ITSxpress	PE	PE	ITSxpress	Alternaria	Unclassified
ba6f84c5a6c850e7dd2ac7ac28facbd6	UNITE+BLAST	Schizophyllum	Schizophyllum_commune	NA	fig4_q20_PE_itsxpress_unite	ITSxpress	PE	PE	ITSxpress	Schizophyllum	Schizophyllum_commune
410fa9b2d1c246b2da10b7c1800aecfe	UNITE+BLAST	Cystofilobasidium	Cystofilobasidium_capitatum	NA	fig4_q20_PE_itsxpress_unite	ITSxpress	PE	PE	ITSxpress	Cystofilobasidium	Cystofilobasidium_capitatum
9e0921e5bbd7ecf4d47f5134c8ca0d2a	UNITE+BLAST	Ophiosphaerella	Ophiosphaerella_chiangraiensis	NA	fig4_q20_PE_itsxpress_unite	ITSxpress	PE	PE	ITSxpress	Ophiosphaerella	Ophiosphaerella_chiangraiensis
269110b876ccca673ccbec357552a076	UNITE+BLAST	Xylodon	Xylodon_exilis	NA	fig4_q20_PE_itsxpress_unite	ITSxpress	PE	PE	ITSxpress	Xylodon	Xylodon_exilis
77c50df4f2148df177a3936d185bcec2	UNITE+BLAST	Hyphodontia	Hyphodontia_tropica	NA	fig4_q20_PE_itsxpress_unite	ITSxpress	PE	PE	ITSxpress	Hyphodontia	Hyphodontia_tropica
63c9b0ae5186d4f240846adf2921d2a4	UNITE+BLAST	Polyporales_o	Polyporales_o	NA	fig4_q20_PE_itsxpress_unite	ITSxpress	PE	PE	ITSxpress	Polyporales_o	Polyporales_o
58912136ad5c68dae72bb4653a569b4d	UNITE+BLAST	Pluteus	Pluteus_castroae	NA	fig4_q20_PE_itsxpress_unite	ITSxpress	PE	PE	ITSxpress	Pluteus	Pluteus_castroae
d7517e7d7ccfcb017edef33e6825eda1	UNITE+BLAST	Polyporales_o	Polyporales_o	NA	fig4_q20_PE_itsxpress_unite	ITSxpress	PE	PE	ITSxpress	Polyporales_o	Polyporales_o
e88a98c4c0b539970aba2e9afdb652ff	UNITE+BLAST	Sporobolomyces	Sporobolomyces_ruberrimus	NA	fig4_q20_PE_itsxpress_unite	ITSxpress	PE	PE	ITSxpress	Sporobolomyces	Sporobolomyces_ruberrimus
427b2120e9fdcd3b20071ccba4e21cc3	UNITE+BLAST	Schizoporaceae_f	Schizoporaceae_f	NA	fig4_q20_PE_itsxpress_unite	ITSxpress	PE	PE	ITSxpress	Schizoporaceae_f	Schizoporaceae_f
1aa1322a555933d26756115adcdd8306	UNITE+BLAST	Amphisphaeriales_o	Amphisphaeriales_o	NA	fig4_q20_PE_itsxpress_unite	ITSxpress	PE	PE	ITSxpress	Amphisphaeriales_o	Amphisphaeriales_o
0673e25cd741e9931970123bad8cd6ae	UNITE+BLAST	Fungi_k	Fungi_k	NA	fig4_q20_PE_itsxpress_unite	ITSxpress	PE	PE	ITSxpress	Fungi_k	Fungi_k
f4fd6035608dbd454bc773ff604d85cc	UNITE+BLAST	Peniophorella	Peniophorella_crystallifera	NA	fig4_q20_PE_itsxpress_unite	ITSxpress	PE	PE	ITSxpress	Peniophorella	Peniophorella_crystallifera
b505a782b64eae6f885a9098ba8df509	UNITE+BLAST	Candolleomyces	Unclassified	NA	fig4_q20_PE_itsxpress_unite	ITSxpress	PE	PE	ITSxpress	Candolleomyces	Unclassified
9f3cfc4c1a3fbf21503b961819b2fcbf	UNITE+BLAST	Coprinellus	Unclassified	NA	fig4_q20_PE_itsxpress_unite	ITSxpress	PE	PE	ITSxpress	Coprinellus	Unclassified
7860959ab1ce8a841054c4d3d15221d0	UNITE+BLAST	Stereaceae_f	Stereaceae_f	NA	fig4_q20_PE_itsxpress_unite	ITSxpress	PE	PE	ITSxpress	Stereaceae_f	Stereaceae_f
7958aa59fd7588c60330ce6799597d81	UNITE+BLAST	Agaricomycetes_c	Agaricomycetes_c	NA	fig4_q20_PE_itsxpress_unite	ITSxpress	PE	PE	ITSxpress	Agaricomycetes_c	Agaricomycetes_c
d03b42d094fc26abc401a439481e5e12	UNITE+BLAST	Diatrypaceae_f	Diatrypaceae_f	NA	fig4_q20_PE_itsxpress_unite	ITSxpress	PE	PE	ITSxpress	Diatrypaceae_f	Diatrypaceae_f
257c7dbafd43e052b6ff952661ed50db	UNITE+BLAST	Trametes	Trametes_versicolor	NA	fig4_q20_PE_itsxpress_unite	ITSxpress	PE	PE	ITSxpress	Trametes	Trametes_versicolor
d06ee85ecbb1b97b12f84c0d16ead2e3	UNITE+BLAST	Botrytis	Botrytis_caroliniana	NA	fig4_q20_PE_itsxpress_unite	ITSxpress	PE	PE	ITSxpress	Botrytis	Botrytis_caroliniana
c0be5a766a77d1b40339c3847e707d78	UNITE+BLAST	Mycoaciella	Mycoaciella_efibulata	NA	fig4_q20_PE_itsxpress_unite	ITSxpress	PE	PE	ITSxpress	Mycoaciella	Mycoaciella_efibulata
91026d5ecd0fdcfb7b364d2d0871d36d	UNITE+BLAST	Polyporales_o	Polyporales_o	NA	fig4_q20_PE_itsxpress_unite	ITSxpress	PE	PE	ITSxpress	Polyporales_o	Polyporales_o
c89bc141df239be15bf707bdd443fa11	UNITE+BLAST	Dissoconium	Unclassified	NA	fig4_q20_PE_itsxpress_unite	ITSxpress	PE	PE	ITSxpress	Dissoconium	Unclassified
ed996026e58a8b1649b4a8b8976f7bac	UNITE+BLAST	Candolleomyces	Unclassified	NA	fig4_q20_PE_itsxpress_unite	ITSxpress	PE	PE	ITSxpress	Candolleomyces	Unclassified
78f1ff03d895408d0bbfc76f894befec	UNITE+BLAST	Parastagonospora	Unclassified	NA	fig4_q20_PE_itsxpress_unite	ITSxpress	PE	PE	ITSxpress	Parastagonospora	Unclassified
9bfc8e9697969f1165a87662c168f423	UNITE+BLAST	Sistotremastrum	Unclassified	NA	fig4_q20_PE_itsxpress_unite	ITSxpress	PE	PE	ITSxpress	Sistotremastrum	Unclassified
89213e5d64cafbad1947e54bdb84a3d6	UNITE+BLAST	Peniophorella	Peniophorella_pubera	NA	fig4_q20_PE_itsxpress_unite	ITSxpress	PE	PE	ITSxpress	Peniophorella	Peniophorella_pubera
69cd5398b6e9164003f09fa393e6f17b	UNITE+BLAST	Polyporales_o	Polyporales_o	NA	fig4_q20_PE_itsxpress_unite	ITSxpress	PE	PE	ITSxpress	Polyporales_o	Polyporales_o
74a06cbc0b620e28eca3ca122274f99c	UNITE+BLAST	Coprinopsis	Coprinopsis_urticicola	NA	fig4_q20_PE_itsxpress_unite	ITSxpress	PE	PE	ITSxpress	Coprinopsis	Coprinopsis_urticicola
72dd04cf016a807b3f0ed8e3b52565b4	UNITE	Candida	Candida_albicans	k__Fungi; p__Ascomycota; c__Saccharomycetes; o__Saccharomycetales; f__Saccharomycetales_fam_Incertae_sedis; g__Candida; s__Candida_albicans	fig4_q20_SE_cutadapt_unite	Cutadapt	SE	SE	Cutadapt	Candida	Candida_albicans
010b07e3b6da2a38547e45cd063dd63d	UNITE	Cutaneotrichosporon	Cutaneotrichosporon_mucoides	k__Fungi; p__Basidiomycota; c__Tremellomycetes; o__Trichosporonales; f__Trichosporonaceae; g__Cutaneotrichosporon; s__Cutaneotrichosporon_mucoides	fig4_q20_SE_cutadapt_unite	Cutadapt	SE	SE	Cutadapt	Cutaneotrichosporon	Cutaneotrichosporon_mucoides
5eb88a9a6282b223cd88dbc003040251	UNITE	Cryptococcus	Cryptococcus_neoformans	k__Fungi; p__Basidiomycota; c__Tremellomycetes; o__Tremellales; f__Cryptococcaceae; g__Cryptococcus; s__Cryptococcus_neoformans	fig4_q20_SE_cutadapt_unite	Cutadapt	SE	SE	Cutadapt	Cryptococcus	Cryptococcus_neoformans
ef2a10e078a78c78b0dfca20f3bc56d6	UNITE	Penicillium	Unclassified	k__Fungi; p__Ascomycota; c__Eurotiomycetes; o__Eurotiales; f__Aspergillaceae; g__Penicillium; s__Penicillium_g	fig4_q20_SE_cutadapt_unite	Cutadapt	SE	SE	Cutadapt	Penicillium	Unclassified
53926185040b69b43d226af323a0598e	UNITE	Nakaseomyces	Nakaseomyces_glabratus	k__Fungi; p__Ascomycota; c__Saccharomycetes; o__Saccharomycetales; f__Saccharomycetaceae; g__Nakaseomyces; s__Nakaseomyces_glabratus	fig4_q20_SE_cutadapt_unite	Cutadapt	SE	SE	Cutadapt	Nakaseomyces	Nakaseomyces_glabratus
55c1f51cc4845985dae3c90e77b5d5b1	UNITE	Saccharomyces	Saccharomyces_cerevisiae	k__Fungi; p__Ascomycota; c__Saccharomycetes; o__Saccharomycetales; f__Saccharomycetaceae; g__Saccharomyces; s__Saccharomyces_cerevisiae	fig4_q20_SE_cutadapt_unite	Cutadapt	SE	SE	Cutadapt	Saccharomyces	Saccharomyces_cerevisiae
567a9deab0960d0e2e0fb43ebc9b535e	UNITE	Ascomycota_p	Ascomycota_p	k__Fungi; p__Ascomycota; c__Ascomycota_p; o__Ascomycota_p; f__Ascomycota_p; g__Ascomycota_p; s__Ascomycota_p	fig4_q20_SE_cutadapt_unite	Cutadapt	SE	SE	Cutadapt	Ascomycota_p	Ascomycota_p
28b1e3694b1bcb9d577830df4fd6c876	UNITE	Aspergillus	Aspergillus_fumigatus	k__Fungi; p__Ascomycota; c__Eurotiomycetes; o__Eurotiales; f__Aspergillaceae; g__Aspergillus; s__Aspergillus_fumigatus	fig4_q20_SE_cutadapt_unite	Cutadapt	SE	SE	Cutadapt	Aspergillus	Aspergillus_fumigatus
1eb57cce3c3583ae58927522adab0277	UNITE	Ascomycota_p	Ascomycota_p	k__Fungi; p__Ascomycota; c__Ascomycota_p; o__Ascomycota_p; f__Ascomycota_p; g__Ascomycota_p; s__Ascomycota_p	fig4_q20_SE_cutadapt_unite	Cutadapt	SE	SE	Cutadapt	Ascomycota_p	Ascomycota_p
830623f85c074e3be00b07789c2ab817	UNITE	Komagataella	Komagataella_phaffii	k__Fungi; p__Ascomycota; c__Saccharomycetes; o__Saccharomycetales; f__Pichiaceae; g__Komagataella; s__Komagataella_phaffii	fig4_q20_SE_cutadapt_unite	Cutadapt	SE	SE	Cutadapt	Komagataella	Komagataella_phaffii
f52aa5980a9162ead1e2a406681ba1b7	UNITE	Fungi_k	Fungi_k	k__Fungi; p__Fungi_k; c__Fungi_k; o__Fungi_k; f__Fungi_k; g__Fungi_k; s__Fungi_k	fig4_q20_SE_cutadapt_unite	Cutadapt	SE	SE	Cutadapt	Fungi_k	Fungi_k
7ec84e73c19db6fd14a892be88d602d6	UNITE	Ascomycota_p	Ascomycota_p	k__Fungi; p__Ascomycota; c__Ascomycota_p; o__Ascomycota_p; f__Ascomycota_p; g__Ascomycota_p; s__Ascomycota_p	fig4_q20_SE_cutadapt_unite	Cutadapt	SE	SE	Cutadapt	Ascomycota_p	Ascomycota_p
23ce5b9dd49c380e94ec122f11c8077f	UNITE	Fungi_k	Fungi_k	k__Fungi; p__Fungi_k; c__Fungi_k; o__Fungi_k; f__Fungi_k; g__Fungi_k; s__Fungi_k	fig4_q20_SE_cutadapt_unite	Cutadapt	SE	SE	Cutadapt	Fungi_k	Fungi_k
cbf18da6c0f768134b965e6c94579fb5	UNITE	Ascomycota_p	Ascomycota_p	k__Fungi; p__Ascomycota; c__Ascomycota_p; o__Ascomycota_p; f__Ascomycota_p; g__Ascomycota_p; s__Ascomycota_p	fig4_q20_SE_cutadapt_unite	Cutadapt	SE	SE	Cutadapt	Ascomycota_p	Ascomycota_p
719c06db40daf054bc4b27a72600de75	UNITE	Cutaneotrichosporon	Cutaneotrichosporon_debeurmannianum	k__Fungi; p__Basidiomycota; c__Tremellomycetes; o__Trichosporonales; f__Trichosporonaceae; g__Cutaneotrichosporon; s__Cutaneotrichosporon_debeurmannianum	fig4_q20_SE_cutadapt_unite	Cutadapt	SE	SE	Cutadapt	Cutaneotrichosporon	Cutaneotrichosporon_debeurmannianum
9c6a6a6806ecf36a83eea035327a4777	UNITE	Trichophyton	Trichophyton_mentagrophytes	k__Fungi; p__Ascomycota; c__Eurotiomycetes; o__Onygenales; f__Arthrodermataceae; g__Trichophyton; s__Trichophyton_mentagrophytes	fig4_q20_SE_cutadapt_unite	Cutadapt	SE	SE	Cutadapt	Trichophyton	Trichophyton_mentagrophytes
5aa8bf9dfef378818c857e66263bb473	UNITE	Cladosporium	Cladosporium_herbarum	k__Fungi; p__Ascomycota; c__Dothideomycetes; o__Cladosporiales; f__Cladosporiaceae; g__Cladosporium; s__Cladosporium_herbarum	fig4_q20_SE_cutadapt_unite	Cutadapt	SE	SE	Cutadapt	Cladosporium	Cladosporium_herbarum
3454e06b84a4908c00458fd5cde8cfe4	UNITE	Irpex	Irpex_hacksungii	k__Fungi; p__Basidiomycota; c__Agaricomycetes; o__Polyporales; f__Irpicaceae; g__Irpex; s__Irpex_hacksungii	fig4_q20_SE_cutadapt_unite	Cutadapt	SE	SE	Cutadapt	Irpex	Irpex_hacksungii
65433fbabd7ad0e7fc93f8c3e8840b66	UNITE	Neopyrenochaeta	Unclassified	k__Fungi; p__Ascomycota; c__Dothideomycetes; o__Pleosporales; f__Neopyrenochaetaceae; g__Neopyrenochaeta; s__Neopyrenochaeta_g	fig4_q20_SE_cutadapt_unite	Cutadapt	SE	SE	Cutadapt	Neopyrenochaeta	Unclassified
d64a586df2febe320546417d9621d507	UNITE	Ascomycota_p	Ascomycota_p	k__Fungi; p__Ascomycota; c__Ascomycota_p; o__Ascomycota_p; f__Ascomycota_p; g__Ascomycota_p; s__Ascomycota_p	fig4_q20_SE_cutadapt_unite	Cutadapt	SE	SE	Cutadapt	Ascomycota_p	Ascomycota_p
2d5840001771d889fbe752a80463af2c	UNITE	Kazachstania	Kazachstania_servazzii	k__Fungi; p__Ascomycota; c__Saccharomycetes; o__Saccharomycetales; f__Saccharomycetaceae; g__Kazachstania; s__Kazachstania_servazzii	fig4_q20_SE_cutadapt_unite	Cutadapt	SE	SE	Cutadapt	Kazachstania	Kazachstania_servazzii
9dca25bcfb9f6faab9371fc6704b590a	UNITE	Irpex	Irpex_laceratus	k__Fungi; p__Basidiomycota; c__Agaricomycetes; o__Polyporales; f__Irpicaceae; g__Irpex; s__Irpex_laceratus	fig4_q20_SE_cutadapt_unite	Cutadapt	SE	SE	Cutadapt	Irpex	Irpex_laceratus
26c2e693490c7955c44b198bdf3e0088	UNITE	Debaryomyces	Debaryomyces_delbrueckii	k__Fungi; p__Ascomycota; c__Saccharomycetes; o__Saccharomycetales; f__Debaryomycetaceae; g__Debaryomyces; s__Debaryomyces_delbrueckii	fig4_q20_SE_cutadapt_unite	Cutadapt	SE	SE	Cutadapt	Debaryomyces	Debaryomyces_delbrueckii
99b9ce04c0575bc120dc13c27c6fbd61	UNITE	Cryptococcus	Cryptococcus_neoformans	k__Fungi; p__Basidiomycota; c__Tremellomycetes; o__Tremellales; f__Cryptococcaceae; g__Cryptococcus; s__Cryptococcus_neoformans	fig4_q20_SE_cutadapt_unite	Cutadapt	SE	SE	Cutadapt	Cryptococcus	Cryptococcus_neoformans
212a7f45c8b306a233e73d9c3263adb8	UNITE	Cladosporium	Unclassified	k__Fungi; p__Ascomycota; c__Dothideomycetes; o__Cladosporiales; f__Cladosporiaceae; g__Cladosporium; s__Cladosporium_g	fig4_q20_SE_cutadapt_unite	Cutadapt	SE	SE	Cutadapt	Cladosporium	Unclassified
9899e5944be6d8cfc566fec1d4cdf106	UNITE	Cryptococcus	Cryptococcus_neoformans	k__Fungi; p__Basidiomycota; c__Tremellomycetes; o__Tremellales; f__Cryptococcaceae; g__Cryptococcus; s__Cryptococcus_neoformans	fig4_q20_SE_cutadapt_unite	Cutadapt	SE	SE	Cutadapt	Cryptococcus	Cryptococcus_neoformans
852a848e6c1fce8ec025e60eb1d8ad45	UNITE	Cutaneotrichosporon	Cutaneotrichosporon_mucoides	k__Fungi; p__Basidiomycota; c__Tremellomycetes; o__Trichosporonales; f__Trichosporonaceae; g__Cutaneotrichosporon; s__Cutaneotrichosporon_mucoides	fig4_q20_SE_cutadapt_unite	Cutadapt	SE	SE	Cutadapt	Cutaneotrichosporon	Cutaneotrichosporon_mucoides
1c8bbb1b54f02065db91f0386a39e0ad	UNITE	Ascomycota_p	Ascomycota_p	k__Fungi; p__Ascomycota; c__Ascomycota_p; o__Ascomycota_p; f__Ascomycota_p; g__Ascomycota_p; s__Ascomycota_p	fig4_q20_SE_cutadapt_unite	Cutadapt	SE	SE	Cutadapt	Ascomycota_p	Ascomycota_p
2e39d48abc07a6ccc13a028ccde00e00	UNITE	Fusarium	Unclassified	k__Fungi; p__Ascomycota; c__Sordariomycetes; o__Hypocreales; f__Nectriaceae; g__Fusarium; s__Fusarium_g	fig4_q20_SE_cutadapt_unite	Cutadapt	SE	SE	Cutadapt	Fusarium	Unclassified
80d69bc60273cafc5a73ae55b234f7c9	UNITE	Nigrospora	Unclassified	k__Fungi; p__Ascomycota; c__Sordariomycetes; o__Amphisphaeriales; f__Apiosporaceae; g__Nigrospora; s__Nigrospora_g	fig4_q20_SE_cutadapt_unite	Cutadapt	SE	SE	Cutadapt	Nigrospora	Unclassified
e9158b4ef80d8a3ac9e727f88e44cb72	UNITE	Peniophoraceae_f	Peniophoraceae_f	k__Fungi; p__Basidiomycota; c__Agaricomycetes; o__Russulales; f__Peniophoraceae; g__Peniophoraceae_f; s__Peniophoraceae_f	fig4_q20_SE_cutadapt_unite	Cutadapt	SE	SE	Cutadapt	Peniophoraceae_f	Peniophoraceae_f
385c77a0d40dfabdc66dff6fc5e92f33	UNITE	Irpex	Irpex_laceratus	k__Fungi; p__Basidiomycota; c__Agaricomycetes; o__Polyporales; f__Irpicaceae; g__Irpex; s__Irpex_laceratus	fig4_q20_SE_cutadapt_unite	Cutadapt	SE	SE	Cutadapt	Irpex	Irpex_laceratus
e05fc0449f67499fe6ddec89784dbb5d	UNITE	Didymellaceae_f	Didymellaceae_f	k__Fungi; p__Ascomycota; c__Dothideomycetes; o__Pleosporales; f__Didymellaceae; g__Didymellaceae_f; s__Didymellaceae_f	fig4_q20_SE_cutadapt_unite	Cutadapt	SE	SE	Cutadapt	Didymellaceae_f	Didymellaceae_f
722fb57e17229696cb75e47ad882962f	UNITE	Stereaceae_f	Stereaceae_f	k__Fungi; p__Basidiomycota; c__Agaricomycetes; o__Russulales; f__Stereaceae; g__Stereaceae_f; s__Stereaceae_f	fig4_q20_SE_cutadapt_unite	Cutadapt	SE	SE	Cutadapt	Stereaceae_f	Stereaceae_f
a841082e3b16121e246a0a2ca1534c20	UNITE	Didymellaceae_f	Didymellaceae_f	k__Fungi; p__Ascomycota; c__Dothideomycetes; o__Pleosporales; f__Didymellaceae; g__Didymellaceae_f; s__Didymellaceae_f	fig4_q20_SE_cutadapt_unite	Cutadapt	SE	SE	Cutadapt	Didymellaceae_f	Didymellaceae_f
a5af3fc8194eb0b464eafe3cdb571633	UNITE	Saccharomyces	Saccharomyces_cerevisiae	k__Fungi; p__Ascomycota; c__Saccharomycetes; o__Saccharomycetales; f__Saccharomycetaceae; g__Saccharomyces; s__Saccharomyces_cerevisiae	fig4_q20_SE_cutadapt_unite	Cutadapt	SE	SE	Cutadapt	Saccharomyces	Saccharomyces_cerevisiae
628fa4d9864efdb099121fdc264211a5	UNITE	Penicillium	Penicillium_patris-mei	k__Fungi; p__Ascomycota; c__Eurotiomycetes; o__Eurotiales; f__Aspergillaceae; g__Penicillium; s__Penicillium_patris-mei	fig4_q20_SE_cutadapt_unite	Cutadapt	SE	SE	Cutadapt	Penicillium	Penicillium_patris-mei
fb1e99770074de04d7dff1b96c37c523	UNITE	Aspergillus	Unclassified	k__Fungi; p__Ascomycota; c__Eurotiomycetes; o__Eurotiales; f__Aspergillaceae; g__Aspergillus; s__Aspergillus_g	fig4_q20_SE_cutadapt_unite	Cutadapt	SE	SE	Cutadapt	Aspergillus	Unclassified
bfa6afd86523df0a5ddd44a01da73ddb	UNITE	Fungi_k	Fungi_k	k__Fungi; p__Fungi_k; c__Fungi_k; o__Fungi_k; f__Fungi_k; g__Fungi_k; s__Fungi_k	fig4_q20_SE_cutadapt_unite	Cutadapt	SE	SE	Cutadapt	Fungi_k	Fungi_k
dc4c92957db247364b6bca5eb5bd2b66	UNITE	Ascomycota_p	Ascomycota_p	k__Fungi; p__Ascomycota; c__Ascomycota_p; o__Ascomycota_p; f__Ascomycota_p; g__Ascomycota_p; s__Ascomycota_p	fig4_q20_SE_cutadapt_unite	Cutadapt	SE	SE	Cutadapt	Ascomycota_p	Ascomycota_p
442a16533e54a9749b2cc6af051e2025	UNITE	Schizophyllum	Schizophyllum_commune	k__Fungi; p__Basidiomycota; c__Agaricomycetes; o__Agaricales; f__Schizophyllaceae; g__Schizophyllum; s__Schizophyllum_commune	fig4_q20_SE_cutadapt_unite	Cutadapt	SE	SE	Cutadapt	Schizophyllum	Schizophyllum_commune
12cc799b99ed75d931516e3b1cc680ad	UNITE	Bjerkandera	Bjerkandera_adusta	k__Fungi; p__Basidiomycota; c__Agaricomycetes; o__Polyporales; f__Phanerochaetaceae; g__Bjerkandera; s__Bjerkandera_adusta	fig4_q20_SE_cutadapt_unite	Cutadapt	SE	SE	Cutadapt	Bjerkandera	Bjerkandera_adusta
af01a0d35b83bc29b5aed222ed1a3fa5	UNITE	Mucor	Mucor_circinelloides	k__Fungi; p__Mucoromycota; c__Mucoromycetes; o__Mucorales; f__Mucoraceae; g__Mucor; s__Mucor_circinelloides	fig4_q20_SE_cutadapt_unite	Cutadapt	SE	SE	Cutadapt	Mucor	Mucor_circinelloides
5a06576196c23f808bdfe0399228553a	UNITE	Candolleomyces	Candolleomyces_subminutisporus	k__Fungi; p__Basidiomycota; c__Agaricomycetes; o__Agaricales; f__Psathyrellaceae; g__Candolleomyces; s__Candolleomyces_subminutisporus	fig4_q20_SE_cutadapt_unite	Cutadapt	SE	SE	Cutadapt	Candolleomyces	Candolleomyces_subminutisporus
adda5ef25aa444e1e8e3dbf448184191	UNITE	Bullera	Bullera_alba	k__Fungi; p__Basidiomycota; c__Tremellomycetes; o__Tremellales; f__Bulleraceae; g__Bullera; s__Bullera_alba	fig4_q20_SE_cutadapt_unite	Cutadapt	SE	SE	Cutadapt	Bullera	Bullera_alba
4c2a20f52c5307c38f027444128a1e56	UNITE	Fungi_k	Fungi_k	k__Fungi; p__Fungi_k; c__Fungi_k; o__Fungi_k; f__Fungi_k; g__Fungi_k; s__Fungi_k	fig4_q20_SE_cutadapt_unite	Cutadapt	SE	SE	Cutadapt	Fungi_k	Fungi_k
d0b4254cf72c2997dd42ad82af681f04	UNITE	Cryptococcus	Cryptococcus_neoformans	k__Fungi; p__Basidiomycota; c__Tremellomycetes; o__Tremellales; f__Cryptococcaceae; g__Cryptococcus; s__Cryptococcus_neoformans	fig4_q20_SE_cutadapt_unite	Cutadapt	SE	SE	Cutadapt	Cryptococcus	Cryptococcus_neoformans
b6d153f4aa1b7adc86d16ea7f46db14a	UNITE	Ophiognomonia	Ophiognomonia_asiatica	k__Fungi; p__Ascomycota; c__Sordariomycetes; o__Diaporthales; f__Gnomoniaceae; g__Ophiognomonia; s__Ophiognomonia_asiatica	fig4_q20_SE_cutadapt_unite	Cutadapt	SE	SE	Cutadapt	Ophiognomonia	Ophiognomonia_asiatica
6d4528949a1b4da8c05713abbbd208fd	UNITE	Irpex	Irpex_hacksungii	k__Fungi; p__Basidiomycota; c__Agaricomycetes; o__Polyporales; f__Irpicaceae; g__Irpex; s__Irpex_hacksungii	fig4_q20_SE_cutadapt_unite	Cutadapt	SE	SE	Cutadapt	Irpex	Irpex_hacksungii
1a06f4d3b11bdcb6ad8457f0d779d84b	UNITE	Schizoporaceae_f	Schizoporaceae_f	k__Fungi; p__Basidiomycota; c__Agaricomycetes; o__Hymenochaetales; f__Schizoporaceae; g__Schizoporaceae_f; s__Schizoporaceae_f	fig4_q20_SE_cutadapt_unite	Cutadapt	SE	SE	Cutadapt	Schizoporaceae_f	Schizoporaceae_f
52ecfb22e1c990982f5951c06b4908b3	UNITE	Udeniomyces	Udeniomyces_pyricola	k__Fungi; p__Basidiomycota; c__Tremellomycetes; o__Cystofilobasidiales; f__Mrakiaceae; g__Udeniomyces; s__Udeniomyces_pyricola	fig4_q20_SE_cutadapt_unite	Cutadapt	SE	SE	Cutadapt	Udeniomyces	Udeniomyces_pyricola
b7b0fcf787b97ca7ed398fae36e66b47	UNITE	Fungi_k	Fungi_k	k__Fungi; p__Fungi_k; c__Fungi_k; o__Fungi_k; f__Fungi_k; g__Fungi_k; s__Fungi_k	fig4_q20_SE_cutadapt_unite	Cutadapt	SE	SE	Cutadapt	Fungi_k	Fungi_k
96089fcd4be16af3744dff9823059e84	UNITE	Peniophoraceae_f	Peniophoraceae_f	k__Fungi; p__Basidiomycota; c__Agaricomycetes; o__Russulales; f__Peniophoraceae; g__Peniophoraceae_f; s__Peniophoraceae_f	fig4_q20_SE_cutadapt_unite	Cutadapt	SE	SE	Cutadapt	Peniophoraceae_f	Peniophoraceae_f
00b0c1b2dd29f6dde895345a89eab2d4	UNITE	Peniophoraceae_f	Peniophoraceae_f	k__Fungi; p__Basidiomycota; c__Agaricomycetes; o__Russulales; f__Peniophoraceae; g__Peniophoraceae_f; s__Peniophoraceae_f	fig4_q20_SE_cutadapt_unite	Cutadapt	SE	SE	Cutadapt	Peniophoraceae_f	Peniophoraceae_f
d00069f184bac3614964ebeeb9e0c463	UNITE	Dentipellis	Dentipellis_fragilis	k__Fungi; p__Basidiomycota; c__Agaricomycetes; o__Russulales; f__Hericiaceae; g__Dentipellis; s__Dentipellis_fragilis	fig4_q20_SE_cutadapt_unite	Cutadapt	SE	SE	Cutadapt	Dentipellis	Dentipellis_fragilis
a98e7da7571b7fd9f95c9e1ddfda6826	UNITE	Trametes	Trametes_pubescens	k__Fungi; p__Basidiomycota; c__Agaricomycetes; o__Polyporales; f__Polyporaceae; g__Trametes; s__Trametes_pubescens	fig4_q20_SE_cutadapt_unite	Cutadapt	SE	SE	Cutadapt	Trametes	Trametes_pubescens
01bb26a8a1751eb3c5b4b7ecb7e47993	UNITE	Fungi_k	Fungi_k	k__Fungi; p__Fungi_k; c__Fungi_k; o__Fungi_k; f__Fungi_k; g__Fungi_k; s__Fungi_k	fig4_q20_SE_cutadapt_unite	Cutadapt	SE	SE	Cutadapt	Fungi_k	Fungi_k
98889d06c709abb06729cab49128dd46	UNITE	Daedaleopsis	Daedaleopsis_confragosa	k__Fungi; p__Basidiomycota; c__Agaricomycetes; o__Polyporales; f__Polyporaceae; g__Daedaleopsis; s__Daedaleopsis_confragosa	fig4_q20_SE_cutadapt_unite	Cutadapt	SE	SE	Cutadapt	Daedaleopsis	Daedaleopsis_confragosa
957a4979ef8eb030190ed5fa5f7c5e47	UNITE	Tilletiopsis	Tilletiopsis_washingtonensis	k__Fungi; p__Basidiomycota; c__Exobasidiomycetes; o__Entylomatales; f__Entylomataceae; g__Tilletiopsis; s__Tilletiopsis_washingtonensis	fig4_q20_SE_cutadapt_unite	Cutadapt	SE	SE	Cutadapt	Tilletiopsis	Tilletiopsis_washingtonensis
117e36b53921c2986d9b3bf373166f23	UNITE	Phanerochaete	Phanerochaete_livescens	k__Fungi; p__Basidiomycota; c__Agaricomycetes; o__Polyporales; f__Phanerochaetaceae; g__Phanerochaete; s__Phanerochaete_livescens	fig4_q20_SE_cutadapt_unite	Cutadapt	SE	SE	Cutadapt	Phanerochaete	Phanerochaete_livescens
2ec4fcc1eb3651a961c3fb1428c3433b	UNITE	Sporobolomyces	Unclassified	k__Fungi; p__Basidiomycota; c__Microbotryomycetes; o__Sporidiobolales; f__Sporidiobolaceae; g__Sporobolomyces; s__Sporobolomyces_g	fig4_q20_SE_cutadapt_unite	Cutadapt	SE	SE	Cutadapt	Sporobolomyces	Unclassified
380916886b4dd08f02461044249c308d	UNITE	Hymenochaetopsis	Hymenochaetopsis_yasudae	k__Fungi; p__Basidiomycota; c__Agaricomycetes; o__Hymenochaetales; f__Hymenochaetaceae; g__Hymenochaetopsis; s__Hymenochaetopsis_yasudae	fig4_q20_SE_cutadapt_unite	Cutadapt	SE	SE	Cutadapt	Hymenochaetopsis	Hymenochaetopsis_yasudae
4895bce8e320a5bf47a9ca23b5631654	UNITE	Ascomycota_p	Ascomycota_p	k__Fungi; p__Ascomycota; c__Ascomycota_p; o__Ascomycota_p; f__Ascomycota_p; g__Ascomycota_p; s__Ascomycota_p	fig4_q20_SE_cutadapt_unite	Cutadapt	SE	SE	Cutadapt	Ascomycota_p	Ascomycota_p
59f88c9bea61b29af23eed08c6f6a96e	UNITE	Polyporales_o	Polyporales_o	k__Fungi; p__Basidiomycota; c__Agaricomycetes; o__Polyporales; f__Polyporales_o; g__Polyporales_o; s__Polyporales_o	fig4_q20_SE_cutadapt_unite	Cutadapt	SE	SE	Cutadapt	Polyporales_o	Polyporales_o
816d201ed9172ccf13a16767c31c90c9	UNITE	Malassezia	Malassezia_sympodialis	k__Fungi; p__Basidiomycota; c__Malasseziomycetes; o__Malasseziales; f__Malasseziaceae; g__Malassezia; s__Malassezia_sympodialis	fig4_q20_SE_cutadapt_unite	Cutadapt	SE	SE	Cutadapt	Malassezia	Malassezia_sympodialis
9c44645f431c91d96352598dc69d9dd4	UNITE	Pleosporales_o	Pleosporales_o	k__Fungi; p__Ascomycota; c__Dothideomycetes; o__Pleosporales; f__Pleosporales_o; g__Pleosporales_o; s__Pleosporales_o	fig4_q20_SE_cutadapt_unite	Cutadapt	SE	SE	Cutadapt	Pleosporales_o	Pleosporales_o
705dc39cc2275d1e72dc907ff947628d	UNITE	Crepidotus	Unclassified	k__Fungi; p__Basidiomycota; c__Agaricomycetes; o__Agaricales; f__Crepidotaceae; g__Crepidotus; s__Crepidotus_g	fig4_q20_SE_cutadapt_unite	Cutadapt	SE	SE	Cutadapt	Crepidotus	Unclassified
46ec25c5075d54f6eb7678bf61e0d4b0	UNITE	Sistotremastrum	Sistotremastrum_guttuliferum	k__Fungi; p__Basidiomycota; c__Agaricomycetes; o__Trechisporales; f__Hydnodontaceae; g__Sistotremastrum; s__Sistotremastrum_guttuliferum	fig4_q20_SE_cutadapt_unite	Cutadapt	SE	SE	Cutadapt	Sistotremastrum	Sistotremastrum_guttuliferum
0dc05c777d2a965f0a5d08d7b7a56458	UNITE	Dothideomycetes_c	Dothideomycetes_c	k__Fungi; p__Ascomycota; c__Dothideomycetes; o__Dothideomycetes_c; f__Dothideomycetes_c; g__Dothideomycetes_c; s__Dothideomycetes_c	fig4_q20_SE_cutadapt_unite	Cutadapt	SE	SE	Cutadapt	Dothideomycetes_c	Dothideomycetes_c
0d2054ad18668ff06200cd375bad78fc	UNITE	Ceratobasidiaceae_f	Ceratobasidiaceae_f	k__Fungi; p__Basidiomycota; c__Agaricomycetes; o__Cantharellales; f__Ceratobasidiaceae; g__Ceratobasidiaceae_f; s__Ceratobasidiaceae_f	fig4_q20_SE_cutadapt_unite	Cutadapt	SE	SE	Cutadapt	Ceratobasidiaceae_f	Ceratobasidiaceae_f
15341b177fd17d7c5a13510e07a8a807	UNITE	Fungi_k	Fungi_k	k__Fungi; p__Fungi_k; c__Fungi_k; o__Fungi_k; f__Fungi_k; g__Fungi_k; s__Fungi_k	fig4_q20_SE_cutadapt_unite	Cutadapt	SE	SE	Cutadapt	Fungi_k	Fungi_k
b1b361c336fa35c9c85cc4d6e884e225	UNITE	Paragibellulopsis	Paragibellulopsis_chrysanthemi	k__Fungi; p__Ascomycota; c__Sordariomycetes; o__Glomerellales; f__Plectosphaerellaceae; g__Paragibellulopsis; s__Paragibellulopsis_chrysanthemi	fig4_q20_SE_cutadapt_unite	Cutadapt	SE	SE	Cutadapt	Paragibellulopsis	Paragibellulopsis_chrysanthemi
188f2c973193c37c726eb3e8437e22d6	UNITE	Irpex	Irpex_hacksungii	k__Fungi; p__Basidiomycota; c__Agaricomycetes; o__Polyporales; f__Irpicaceae; g__Irpex; s__Irpex_hacksungii	fig4_q20_SE_cutadapt_unite	Cutadapt	SE	SE	Cutadapt	Irpex	Irpex_hacksungii
d88567ebe660f0a6651f4846b34d71e2	UNITE	Cystobasidium	Cystobasidium_slooffiae	k__Fungi; p__Basidiomycota; c__Cystobasidiomycetes; o__Cystobasidiales; f__Cystobasidiaceae; g__Cystobasidium; s__Cystobasidium_slooffiae	fig4_q20_SE_cutadapt_unite	Cutadapt	SE	SE	Cutadapt	Cystobasidium	Cystobasidium_slooffiae
a35b5bb74ae271253c48bf3dc7eaf278	UNITE	Phlebiopsis	Unclassified	k__Fungi; p__Basidiomycota; c__Agaricomycetes; o__Polyporales; f__Phanerochaetaceae; g__Phlebiopsis; s__Phlebiopsis_g	fig4_q20_SE_cutadapt_unite	Cutadapt	SE	SE	Cutadapt	Phlebiopsis	Unclassified
6579df31fdeb07e99320f5c35e866053	UNITE	Biscogniauxia	Biscogniauxia_atropunctata	k__Fungi; p__Ascomycota; c__Sordariomycetes; o__Xylariales; f__Graphostromataceae; g__Biscogniauxia; s__Biscogniauxia_atropunctata	fig4_q20_SE_cutadapt_unite	Cutadapt	SE	SE	Cutadapt	Biscogniauxia	Biscogniauxia_atropunctata
460ee956051055b9917825569ff923c6	UNITE	Fungi_k	Fungi_k	k__Fungi; p__Fungi_k; c__Fungi_k; o__Fungi_k; f__Fungi_k; g__Fungi_k; s__Fungi_k	fig4_q20_SE_cutadapt_unite	Cutadapt	SE	SE	Cutadapt	Fungi_k	Fungi_k
10bd3d3bd7cf83389aa23b472f7e1b02	UNITE	Candida	Candida_dubliniensis	k__Fungi; p__Ascomycota; c__Saccharomycetes; o__Saccharomycetales; f__Saccharomycetales_fam_Incertae_sedis; g__Candida; s__Candida_dubliniensis	fig4_q20_SE_cutadapt_unite	Cutadapt	SE	SE	Cutadapt	Candida	Candida_dubliniensis
3d6bfcea85715e48dbcf0dd76406cc95	UNITE	Mucor	Mucor_nidicola	k__Fungi; p__Mucoromycota; c__Mucoromycetes; o__Mucorales; f__Mucoraceae; g__Mucor; s__Mucor_nidicola	fig4_q20_SE_cutadapt_unite	Cutadapt	SE	SE	Cutadapt	Mucor	Mucor_nidicola
661bf01ab3c55eee56f097097463b355	UNITE	Penicillium	Penicillium_sclerotiorum	k__Fungi; p__Ascomycota; c__Eurotiomycetes; o__Eurotiales; f__Aspergillaceae; g__Penicillium; s__Penicillium_sclerotiorum	fig4_q20_SE_cutadapt_unite	Cutadapt	SE	SE	Cutadapt	Penicillium	Penicillium_sclerotiorum
52e9f5f2067648d12ec4ece62907a916	UNITE	Steccherinum	Steccherinum_tenuissimum	k__Fungi; p__Basidiomycota; c__Agaricomycetes; o__Polyporales; f__Steccherinaceae; g__Steccherinum; s__Steccherinum_tenuissimum	fig4_q20_SE_cutadapt_unite	Cutadapt	SE	SE	Cutadapt	Steccherinum	Steccherinum_tenuissimum
17fd2c848707f61d8529a69db689f25d	UNITE	Xylodon	Xylodon_flaviporus	k__Fungi; p__Basidiomycota; c__Agaricomycetes; o__Hymenochaetales; f__Schizoporaceae; g__Xylodon; s__Xylodon_flaviporus	fig4_q20_SE_cutadapt_unite	Cutadapt	SE	SE	Cutadapt	Xylodon	Xylodon_flaviporus
9cb444debe2d75a0faae9e99b58b96cd	UNITE	Fungi_k	Fungi_k	k__Fungi; p__Fungi_k; c__Fungi_k; o__Fungi_k; f__Fungi_k; g__Fungi_k; s__Fungi_k	fig4_q20_SE_cutadapt_unite	Cutadapt	SE	SE	Cutadapt	Fungi_k	Fungi_k
f1e26dc5de94e5ab231af0b5370bb2e2	UNITE	Fungi_k	Fungi_k	k__Fungi; p__Fungi_k; c__Fungi_k; o__Fungi_k; f__Fungi_k; g__Fungi_k; s__Fungi_k	fig4_q20_SE_cutadapt_unite	Cutadapt	SE	SE	Cutadapt	Fungi_k	Fungi_k
aec4b0133013dab9debc4e68fe3659ff	UNITE	Peniophoraceae_f	Peniophoraceae_f	k__Fungi; p__Basidiomycota; c__Agaricomycetes; o__Russulales; f__Peniophoraceae; g__Peniophoraceae_f; s__Peniophoraceae_f	fig4_q20_SE_cutadapt_unite	Cutadapt	SE	SE	Cutadapt	Peniophoraceae_f	Peniophoraceae_f
30b0fb5596b860a51ac563e7ee8466cb	UNITE	Atheliales_o	Atheliales_o	k__Fungi; p__Basidiomycota; c__Agaricomycetes; o__Atheliales; f__Atheliales_o; g__Atheliales_o; s__Atheliales_o	fig4_q20_SE_cutadapt_unite	Cutadapt	SE	SE	Cutadapt	Atheliales_o	Atheliales_o
7f21c32326f029d0dc23b6548c9be2eb	UNITE	Ceriporia	Ceriporia_nanlingensis	k__Fungi; p__Basidiomycota; c__Agaricomycetes; o__Polyporales; f__Irpicaceae; g__Ceriporia; s__Ceriporia_nanlingensis	fig4_q20_SE_cutadapt_unite	Cutadapt	SE	SE	Cutadapt	Ceriporia	Ceriporia_nanlingensis
031b9c6bdcad084cb3a095a0d198cebd	UNITE	Fungi_k	Fungi_k	k__Fungi; p__Fungi_k; c__Fungi_k; o__Fungi_k; f__Fungi_k; g__Fungi_k; s__Fungi_k	fig4_q20_SE_cutadapt_unite	Cutadapt	SE	SE	Cutadapt	Fungi_k	Fungi_k
fb35ca8ff15793fd70c07633f55dad71	UNITE	Fungi_k	Fungi_k	k__Fungi; p__Fungi_k; c__Fungi_k; o__Fungi_k; f__Fungi_k; g__Fungi_k; s__Fungi_k	fig4_q20_SE_cutadapt_unite	Cutadapt	SE	SE	Cutadapt	Fungi_k	Fungi_k
ab7c9f9f3b22be975b8ce431693e3ece	UNITE	Sporobolomyces	Sporobolomyces_carnicolor	k__Fungi; p__Basidiomycota; c__Microbotryomycetes; o__Sporidiobolales; f__Sporidiobolaceae; g__Sporobolomyces; s__Sporobolomyces_carnicolor	fig4_q20_SE_cutadapt_unite	Cutadapt	SE	SE	Cutadapt	Sporobolomyces	Sporobolomyces_carnicolor
dfeb122bae0ce9f357229be0b4e90619	UNITE	Trametes	Trametes_hirsuta	k__Fungi; p__Basidiomycota; c__Agaricomycetes; o__Polyporales; f__Polyporaceae; g__Trametes; s__Trametes_hirsuta	fig4_q20_SE_cutadapt_unite	Cutadapt	SE	SE	Cutadapt	Trametes	Trametes_hirsuta
a84c1b186e95fc28c77e0c58812ca7e5	UNITE	Fuscoporia	Fuscoporia_karsteniana	k__Fungi; p__Basidiomycota; c__Agaricomycetes; o__Hymenochaetales; f__Hymenochaetaceae; g__Fuscoporia; s__Fuscoporia_karsteniana	fig4_q20_SE_cutadapt_unite	Cutadapt	SE	SE	Cutadapt	Fuscoporia	Fuscoporia_karsteniana
ff05b9a82953ffcc6645056118fff882	UNITE	Sarocladium	Sarocladium_zeae	k__Fungi; p__Ascomycota; c__Sordariomycetes; o__Hypocreales; f__Sarocladiaceae; g__Sarocladium; s__Sarocladium_zeae	fig4_q20_SE_cutadapt_unite	Cutadapt	SE	SE	Cutadapt	Sarocladium	Sarocladium_zeae
c159022850229d28f9c8462163c7d352	UNITE	Irpex	Irpex_hacksungii	k__Fungi; p__Basidiomycota; c__Agaricomycetes; o__Polyporales; f__Irpicaceae; g__Irpex; s__Irpex_hacksungii	fig4_q20_SE_cutadapt_unite	Cutadapt	SE	SE	Cutadapt	Irpex	Irpex_hacksungii
f99e1af2943587a660911231516d2b0d	UNITE	Penicillium	Penicillium_citrinum	k__Fungi; p__Ascomycota; c__Eurotiomycetes; o__Eurotiales; f__Aspergillaceae; g__Penicillium; s__Penicillium_citrinum	fig4_q20_SE_cutadapt_unite	Cutadapt	SE	SE	Cutadapt	Penicillium	Penicillium_citrinum
e99579856827fee5f22ab107b3a13376	UNITE	Fungi_k	Fungi_k	k__Fungi; p__Fungi_k; c__Fungi_k; o__Fungi_k; f__Fungi_k; g__Fungi_k; s__Fungi_k	fig4_q20_SE_cutadapt_unite	Cutadapt	SE	SE	Cutadapt	Fungi_k	Fungi_k
3cd81fadba0bfa954ab5979c1601a3f1	UNITE	Coprinopsis	Unclassified	k__Fungi; p__Basidiomycota; c__Agaricomycetes; o__Agaricales; f__Psathyrellaceae; g__Coprinopsis; s__Coprinopsis_g	fig4_q20_SE_cutadapt_unite	Cutadapt	SE	SE	Cutadapt	Coprinopsis	Unclassified
ee5f92fb85239ef0e008d94c6caa3021	UNITE	Absidia	Unclassified	k__Fungi; p__Mucoromycota; c__Mucoromycetes; o__Mucorales; f__Cunninghamellaceae; g__Absidia; s__Absidia_g	fig4_q20_SE_cutadapt_unite	Cutadapt	SE	SE	Cutadapt	Absidia	Unclassified
0f3757bb9559984673430e50398b09b4	UNITE	Helotiales_o	Helotiales_o	k__Fungi; p__Ascomycota; c__Leotiomycetes; o__Helotiales; f__Helotiales_o; g__Helotiales_o; s__Helotiales_o	fig4_q20_SE_cutadapt_unite	Cutadapt	SE	SE	Cutadapt	Helotiales_o	Helotiales_o
4932e029d9172067e8f5fd3ec92cf65f	UNITE	Talaromyces	Unclassified	k__Fungi; p__Ascomycota; c__Eurotiomycetes; o__Eurotiales; f__Trichocomaceae; g__Talaromyces; s__Talaromyces_g	fig4_q20_SE_cutadapt_unite	Cutadapt	SE	SE	Cutadapt	Talaromyces	Unclassified
00ee2a2c090f05308822650762e66a5b	UNITE	Fungi_k	Fungi_k	k__Fungi; p__Fungi_k; c__Fungi_k; o__Fungi_k; f__Fungi_k; g__Fungi_k; s__Fungi_k	fig4_q20_SE_cutadapt_unite	Cutadapt	SE	SE	Cutadapt	Fungi_k	Fungi_k
448deac40229a7efe42560189717e686	UNITE	Penicillium	Penicillium_sumatraense	k__Fungi; p__Ascomycota; c__Eurotiomycetes; o__Eurotiales; f__Aspergillaceae; g__Penicillium; s__Penicillium_sumatraense	fig4_q20_SE_cutadapt_unite	Cutadapt	SE	SE	Cutadapt	Penicillium	Penicillium_sumatraense
0fa00e784c08052273ca73e81a15e062	UNITE	Ceriporia	Ceriporia_nanlingensis	k__Fungi; p__Basidiomycota; c__Agaricomycetes; o__Polyporales; f__Irpicaceae; g__Ceriporia; s__Ceriporia_nanlingensis	fig4_q20_SE_cutadapt_unite	Cutadapt	SE	SE	Cutadapt	Ceriporia	Ceriporia_nanlingensis
d5e6579d4f59fbc7e5111623153c0dc6	UNITE	Helotiales_o	Helotiales_o	k__Fungi; p__Ascomycota; c__Leotiomycetes; o__Helotiales; f__Helotiales_o; g__Helotiales_o; s__Helotiales_o	fig4_q20_SE_cutadapt_unite	Cutadapt	SE	SE	Cutadapt	Helotiales_o	Helotiales_o
92ebee3e1d5e106289f51862c1333f71	UNITE	Peniophoraceae_f	Peniophoraceae_f	k__Fungi; p__Basidiomycota; c__Agaricomycetes; o__Russulales; f__Peniophoraceae; g__Peniophoraceae_f; s__Peniophoraceae_f	fig4_q20_SE_cutadapt_unite	Cutadapt	SE	SE	Cutadapt	Peniophoraceae_f	Peniophoraceae_f
7c26a2bc5ea2beb04c6da14fd04a67c3	UNITE	Suillus	Unclassified	k__Fungi; p__Basidiomycota; c__Agaricomycetes; o__Boletales; f__Suillaceae; g__Suillus; s__Suillus_g	fig4_q20_SE_cutadapt_unite	Cutadapt	SE	SE	Cutadapt	Suillus	Unclassified
ce2917ca97a6ed458f6df0078d2e50b8	UNITE	Aureobasidium	Aureobasidium_pullulans	k__Fungi; p__Ascomycota; c__Dothideomycetes; o__Dothideales; f__Saccotheciaceae; g__Aureobasidium; s__Aureobasidium_pullulans	fig4_q20_SE_cutadapt_unite	Cutadapt	SE	SE	Cutadapt	Aureobasidium	Aureobasidium_pullulans
b356543b7a64ebdabe2aacf2a2b4e4af	UNITE	Fungi_k	Fungi_k	k__Fungi; p__Fungi_k; c__Fungi_k; o__Fungi_k; f__Fungi_k; g__Fungi_k; s__Fungi_k	fig4_q20_SE_cutadapt_unite	Cutadapt	SE	SE	Cutadapt	Fungi_k	Fungi_k
338ebd69d5b03851738ff9768b025122	UNITE	Fungi_k	Fungi_k	k__Fungi; p__Fungi_k; c__Fungi_k; o__Fungi_k; f__Fungi_k; g__Fungi_k; s__Fungi_k	fig4_q20_SE_cutadapt_unite	Cutadapt	SE	SE	Cutadapt	Fungi_k	Fungi_k
80031c9738d7445f1f857a5681c053a2	UNITE	Fungi_k	Fungi_k	k__Fungi; p__Fungi_k; c__Fungi_k; o__Fungi_k; f__Fungi_k; g__Fungi_k; s__Fungi_k	fig4_q20_SE_cutadapt_unite	Cutadapt	SE	SE	Cutadapt	Fungi_k	Fungi_k
67f44c83f92569ef7a21c13966f48c49	UNITE	Aspergillus	Unclassified	k__Fungi; p__Ascomycota; c__Eurotiomycetes; o__Eurotiales; f__Aspergillaceae; g__Aspergillus; s__Aspergillus_g	fig4_q20_SE_cutadapt_unite	Cutadapt	SE	SE	Cutadapt	Aspergillus	Unclassified
87a6d0ce1c78b5cacb162bee4ec822d7	UNITE	Fungi_k	Fungi_k	k__Fungi; p__Fungi_k; c__Fungi_k; o__Fungi_k; f__Fungi_k; g__Fungi_k; s__Fungi_k	fig4_q20_SE_cutadapt_unite	Cutadapt	SE	SE	Cutadapt	Fungi_k	Fungi_k
9b61ba42a163f182fb0517d16e21353b	UNITE	Xeromyces	Xeromyces_bisporus	k__Fungi; p__Ascomycota; c__Eurotiomycetes; o__Eurotiales; f__Aspergillaceae; g__Xeromyces; s__Xeromyces_bisporus	fig4_q20_SE_cutadapt_unite	Cutadapt	SE	SE	Cutadapt	Xeromyces	Xeromyces_bisporus
6eee9ddd3be2fa1716629021008b521e	UNITE	Rhizoplaca	Rhizoplaca_novomexicana	k__Fungi; p__Ascomycota; c__Lecanoromycetes; o__Lecanorales; f__Lecanoraceae; g__Rhizoplaca; s__Rhizoplaca_novomexicana	fig4_q20_SE_cutadapt_unite	Cutadapt	SE	SE	Cutadapt	Rhizoplaca	Rhizoplaca_novomexicana
89b2c9df3eca133597ce82b96537e5cb	UNITE	Ascomycota_p	Ascomycota_p	k__Fungi; p__Ascomycota; c__Ascomycota_p; o__Ascomycota_p; f__Ascomycota_p; g__Ascomycota_p; s__Ascomycota_p	fig4_q20_SE_cutadapt_unite	Cutadapt	SE	SE	Cutadapt	Ascomycota_p	Ascomycota_p
96bf17ba3b4f9d5e0a21bebcbe3e6347	UNITE	Mucor	Mucor_circinelloides	k__Fungi; p__Mucoromycota; c__Mucoromycetes; o__Mucorales; f__Mucoraceae; g__Mucor; s__Mucor_circinelloides	fig4_q20_SE_cutadapt_unite	Cutadapt	SE	SE	Cutadapt	Mucor	Mucor_circinelloides
ec6e9c6d65a5399d0933b26589fe40db	UNITE	Fungi_k	Fungi_k	k__Fungi; p__Fungi_k; c__Fungi_k; o__Fungi_k; f__Fungi_k; g__Fungi_k; s__Fungi_k	fig4_q20_SE_cutadapt_unite	Cutadapt	SE	SE	Cutadapt	Fungi_k	Fungi_k
1081bb0a739150388231c3df65f909dc	UNITE	Ascomycota_p	Ascomycota_p	k__Fungi; p__Ascomycota; c__Ascomycota_p; o__Ascomycota_p; f__Ascomycota_p; g__Ascomycota_p; s__Ascomycota_p	fig4_q20_SE_cutadapt_unite	Cutadapt	SE	SE	Cutadapt	Ascomycota_p	Ascomycota_p
4941117af711ee0d06af22a61b399b2d	UNITE	Ascomycota_p	Ascomycota_p	k__Fungi; p__Ascomycota; c__Ascomycota_p; o__Ascomycota_p; f__Ascomycota_p; g__Ascomycota_p; s__Ascomycota_p	fig4_q20_SE_cutadapt_unite	Cutadapt	SE	SE	Cutadapt	Ascomycota_p	Ascomycota_p
6a9936467ea0ec25f21c078e03632613	UNITE	Candida	Candida_albicans	k__Fungi; p__Ascomycota; c__Saccharomycetes; o__Saccharomycetales; f__Saccharomycetales_fam_Incertae_sedis; g__Candida; s__Candida_albicans	fig4_q20_SE_cutadapt_unite	Cutadapt	SE	SE	Cutadapt	Candida	Candida_albicans
cb89054d5b3a2623ec486f0360d0ebd4	UNITE	Ascomycota_p	Ascomycota_p	k__Fungi; p__Ascomycota; c__Ascomycota_p; o__Ascomycota_p; f__Ascomycota_p; g__Ascomycota_p; s__Ascomycota_p	fig4_q20_SE_cutadapt_unite	Cutadapt	SE	SE	Cutadapt	Ascomycota_p	Ascomycota_p
2abd97d819164ca22fea7fc261ffc6f7	UNITE	Ascomycota_p	Ascomycota_p	k__Fungi; p__Ascomycota; c__Ascomycota_p; o__Ascomycota_p; f__Ascomycota_p; g__Ascomycota_p; s__Ascomycota_p	fig4_q20_SE_cutadapt_unite	Cutadapt	SE	SE	Cutadapt	Ascomycota_p	Ascomycota_p
35f06e1185ad3c6c3effe47fae6c598c	UNITE	Ascomycota_p	Ascomycota_p	k__Fungi; p__Ascomycota; c__Ascomycota_p; o__Ascomycota_p; f__Ascomycota_p; g__Ascomycota_p; s__Ascomycota_p	fig4_q20_SE_cutadapt_unite	Cutadapt	SE	SE	Cutadapt	Ascomycota_p	Ascomycota_p
ef625af92358d0ebe325ddb17b618ef9	UNITE	Fungi_k	Fungi_k	k__Fungi; p__Fungi_k; c__Fungi_k; o__Fungi_k; f__Fungi_k; g__Fungi_k; s__Fungi_k	fig4_q20_SE_cutadapt_unite	Cutadapt	SE	SE	Cutadapt	Fungi_k	Fungi_k
e82b717c2dd3e0adf38d29ca295ddd59	UNITE	Fungi_k	Fungi_k	k__Fungi; p__Fungi_k; c__Fungi_k; o__Fungi_k; f__Fungi_k; g__Fungi_k; s__Fungi_k	fig4_q20_SE_cutadapt_unite	Cutadapt	SE	SE	Cutadapt	Fungi_k	Fungi_k
a1ddc0359a09921a4282096b4bd79a1c	UNITE	Ascomycota_p	Ascomycota_p	k__Fungi; p__Ascomycota; c__Ascomycota_p; o__Ascomycota_p; f__Ascomycota_p; g__Ascomycota_p; s__Ascomycota_p	fig4_q20_SE_cutadapt_unite	Cutadapt	SE	SE	Cutadapt	Ascomycota_p	Ascomycota_p
59e40ac1498d94cbe3008b752b9b8303	UNITE	Ascomycota_p	Ascomycota_p	k__Fungi; p__Ascomycota; c__Ascomycota_p; o__Ascomycota_p; f__Ascomycota_p; g__Ascomycota_p; s__Ascomycota_p	fig4_q20_SE_cutadapt_unite	Cutadapt	SE	SE	Cutadapt	Ascomycota_p	Ascomycota_p
c2203519577ce726b6acdcbc0b212be6	UNITE	Hydnaceae_f	Hydnaceae_f	k__Fungi; p__Basidiomycota; c__Agaricomycetes; o__Cantharellales; f__Hydnaceae; g__Hydnaceae_f; s__Hydnaceae_f	fig4_q20_SE_cutadapt_unite	Cutadapt	SE	SE	Cutadapt	Hydnaceae_f	Hydnaceae_f
f3556e55c63ed4a9ecddd5ef5c6d9ae8	UNITE	Fungi_k	Fungi_k	k__Fungi; p__Fungi_k; c__Fungi_k; o__Fungi_k; f__Fungi_k; g__Fungi_k; s__Fungi_k	fig4_q20_SE_cutadapt_unite	Cutadapt	SE	SE	Cutadapt	Fungi_k	Fungi_k
c694e89dc307e53cba3c2902c5b6c85d	UNITE	Fungi_k	Fungi_k	k__Fungi; p__Fungi_k; c__Fungi_k; o__Fungi_k; f__Fungi_k; g__Fungi_k; s__Fungi_k	fig4_q20_SE_cutadapt_unite	Cutadapt	SE	SE	Cutadapt	Fungi_k	Fungi_k
c9cf851cc8b151e77a0a03db7e8e5217	UNITE	Cryptococcus	Cryptococcus_neoformans	k__Fungi; p__Basidiomycota; c__Tremellomycetes; o__Tremellales; f__Cryptococcaceae; g__Cryptococcus; s__Cryptococcus_neoformans	fig4_q20_SE_cutadapt_unite	Cutadapt	SE	SE	Cutadapt	Cryptococcus	Cryptococcus_neoformans
b52a1a66de4c1b1ac1df6e2151141f35	UNITE	Fungi_k	Fungi_k	k__Fungi; p__Fungi_k; c__Fungi_k; o__Fungi_k; f__Fungi_k; g__Fungi_k; s__Fungi_k	fig4_q20_SE_cutadapt_unite	Cutadapt	SE	SE	Cutadapt	Fungi_k	Fungi_k
bf60bfa70e65550fe55e453011d1dc47	UNITE	Fungi_k	Fungi_k	k__Fungi; p__Fungi_k; c__Fungi_k; o__Fungi_k; f__Fungi_k; g__Fungi_k; s__Fungi_k	fig4_q20_SE_cutadapt_unite	Cutadapt	SE	SE	Cutadapt	Fungi_k	Fungi_k
1b0ea89e8460365693bf9a78cd7193ef	UNITE	Fungi_k	Fungi_k	k__Fungi; p__Fungi_k; c__Fungi_k; o__Fungi_k; f__Fungi_k; g__Fungi_k; s__Fungi_k	fig4_q20_SE_cutadapt_unite	Cutadapt	SE	SE	Cutadapt	Fungi_k	Fungi_k
f9e0459672e12d102a630e4436ffb437	UNITE	Candolleomyces	Unclassified	k__Fungi; p__Basidiomycota; c__Agaricomycetes; o__Agaricales; f__Psathyrellaceae; g__Candolleomyces; s__Candolleomyces_g	fig4_q20_SE_cutadapt_unite	Cutadapt	SE	SE	Cutadapt	Candolleomyces	Unclassified
d17228a9992e50708dfe3ab981c02b40	UNITE	Ascomycota_p	Ascomycota_p	k__Fungi; p__Ascomycota; c__Ascomycota_p; o__Ascomycota_p; f__Ascomycota_p; g__Ascomycota_p; s__Ascomycota_p	fig4_q20_SE_cutadapt_unite	Cutadapt	SE	SE	Cutadapt	Ascomycota_p	Ascomycota_p
429ef104fcabfbb4b403c2c09309eadf	UNITE	Penicillium	Penicillium_sumatraense	k__Fungi; p__Ascomycota; c__Eurotiomycetes; o__Eurotiales; f__Aspergillaceae; g__Penicillium; s__Penicillium_sumatraense	fig4_q20_SE_cutadapt_unite	Cutadapt	SE	SE	Cutadapt	Penicillium	Penicillium_sumatraense
a65c458a2eaee29b99fc1cc9465e919e	UNITE	Ascomycota_p	Ascomycota_p	k__Fungi; p__Ascomycota; c__Ascomycota_p; o__Ascomycota_p; f__Ascomycota_p; g__Ascomycota_p; s__Ascomycota_p	fig4_q20_SE_cutadapt_unite	Cutadapt	SE	SE	Cutadapt	Ascomycota_p	Ascomycota_p
f995e145056827d946990165fee89f13	UNITE	Fungi_k	Fungi_k	k__Fungi; p__Fungi_k; c__Fungi_k; o__Fungi_k; f__Fungi_k; g__Fungi_k; s__Fungi_k	fig4_q20_SE_cutadapt_unite	Cutadapt	SE	SE	Cutadapt	Fungi_k	Fungi_k
6734e9cf02163049e17ba80c6b32c086	UNITE	Fungi_k	Fungi_k	k__Fungi; p__Fungi_k; c__Fungi_k; o__Fungi_k; f__Fungi_k; g__Fungi_k; s__Fungi_k	fig4_q20_SE_cutadapt_unite	Cutadapt	SE	SE	Cutadapt	Fungi_k	Fungi_k
0901d27d4685ab03d4aa96618f51bbc4	UNITE	Ascomycota_p	Ascomycota_p	k__Fungi; p__Ascomycota; c__Ascomycota_p; o__Ascomycota_p; f__Ascomycota_p; g__Ascomycota_p; s__Ascomycota_p	fig4_q20_SE_cutadapt_unite	Cutadapt	SE	SE	Cutadapt	Ascomycota_p	Ascomycota_p
d25e7da93e6b99dc8a029aa614772d33	UNITE	Ascomycota_p	Ascomycota_p	k__Fungi; p__Ascomycota; c__Ascomycota_p; o__Ascomycota_p; f__Ascomycota_p; g__Ascomycota_p; s__Ascomycota_p	fig4_q20_SE_cutadapt_unite	Cutadapt	SE	SE	Cutadapt	Ascomycota_p	Ascomycota_p
3055f49397f6797b6af3d93deaed571e	UNITE	Rhodotorula	Rhodotorula_mucilaginosa	k__Fungi; p__Basidiomycota; c__Microbotryomycetes; o__Sporidiobolales; f__Sporidiobolaceae; g__Rhodotorula; s__Rhodotorula_mucilaginosa	fig4_q20_SE_cutadapt_unite	Cutadapt	SE	SE	Cutadapt	Rhodotorula	Rhodotorula_mucilaginosa
6ea70f7a936fb3c83b92541a31d0699e	UNITE	Fungi_k	Fungi_k	k__Fungi; p__Fungi_k; c__Fungi_k; o__Fungi_k; f__Fungi_k; g__Fungi_k; s__Fungi_k	fig4_q20_SE_cutadapt_unite	Cutadapt	SE	SE	Cutadapt	Fungi_k	Fungi_k
90c790cd51b041fe427de8b5a8538108	UNITE	Ascomycota_p	Ascomycota_p	k__Fungi; p__Ascomycota; c__Ascomycota_p; o__Ascomycota_p; f__Ascomycota_p; g__Ascomycota_p; s__Ascomycota_p	fig4_q20_SE_cutadapt_unite	Cutadapt	SE	SE	Cutadapt	Ascomycota_p	Ascomycota_p
bd59c047dfd8722ab82188dd160d6676	UNITE	Ascomycota_p	Ascomycota_p	k__Fungi; p__Ascomycota; c__Ascomycota_p; o__Ascomycota_p; f__Ascomycota_p; g__Ascomycota_p; s__Ascomycota_p	fig4_q20_SE_cutadapt_unite	Cutadapt	SE	SE	Cutadapt	Ascomycota_p	Ascomycota_p
c73a84e1852214049db88e6e75e7fcd5	UNITE	Ascomycota_p	Ascomycota_p	k__Fungi; p__Ascomycota; c__Ascomycota_p; o__Ascomycota_p; f__Ascomycota_p; g__Ascomycota_p; s__Ascomycota_p	fig4_q20_SE_cutadapt_unite	Cutadapt	SE	SE	Cutadapt	Ascomycota_p	Ascomycota_p
c9e7884f1c2075801461d85650da4f8d	UNITE	Fungi_k	Fungi_k	k__Fungi; p__Fungi_k; c__Fungi_k; o__Fungi_k; f__Fungi_k; g__Fungi_k; s__Fungi_k	fig4_q20_SE_cutadapt_unite	Cutadapt	SE	SE	Cutadapt	Fungi_k	Fungi_k
b59d253253520539b9365d889477b441	UNITE	Fungi_k	Fungi_k	k__Fungi; p__Fungi_k; c__Fungi_k; o__Fungi_k; f__Fungi_k; g__Fungi_k; s__Fungi_k	fig4_q20_SE_cutadapt_unite	Cutadapt	SE	SE	Cutadapt	Fungi_k	Fungi_k
56b3fd0a76a57716fa9dc86ef499f86a	UNITE	Ascomycota_p	Ascomycota_p	k__Fungi; p__Ascomycota; c__Ascomycota_p; o__Ascomycota_p; f__Ascomycota_p; g__Ascomycota_p; s__Ascomycota_p	fig4_q20_SE_cutadapt_unite	Cutadapt	SE	SE	Cutadapt	Ascomycota_p	Ascomycota_p
593628bb9050300495d659b459fd5aa3	UNITE	Fungi_k	Fungi_k	k__Fungi; p__Fungi_k; c__Fungi_k; o__Fungi_k; f__Fungi_k; g__Fungi_k; s__Fungi_k	fig4_q20_SE_cutadapt_unite	Cutadapt	SE	SE	Cutadapt	Fungi_k	Fungi_k
21feee196968505b63639074b75a7d27	UNITE	Kazachstania	Kazachstania_servazzii	k__Fungi; p__Ascomycota; c__Saccharomycetes; o__Saccharomycetales; f__Saccharomycetaceae; g__Kazachstania; s__Kazachstania_servazzii	fig4_q20_SE_cutadapt_unite	Cutadapt	SE	SE	Cutadapt	Kazachstania	Kazachstania_servazzii
51274328fae601e51cb78952f19c2422	UNITE	Helotiales_o	Helotiales_o	k__Fungi; p__Ascomycota; c__Leotiomycetes; o__Helotiales; f__Helotiales_o; g__Helotiales_o; s__Helotiales_o	fig4_q20_SE_cutadapt_unite	Cutadapt	SE	SE	Cutadapt	Helotiales_o	Helotiales_o
28545e23c1f29aea79e54c2490f42375	UNITE	Ascomycota_p	Ascomycota_p	k__Fungi; p__Ascomycota; c__Ascomycota_p; o__Ascomycota_p; f__Ascomycota_p; g__Ascomycota_p; s__Ascomycota_p	fig4_q20_SE_cutadapt_unite	Cutadapt	SE	SE	Cutadapt	Ascomycota_p	Ascomycota_p
fcbc999ca804479fd39bdcaef8c7c1c0	UNITE	Aspergillus	Unclassified	k__Fungi; p__Ascomycota; c__Eurotiomycetes; o__Eurotiales; f__Aspergillaceae; g__Aspergillus; s__Aspergillus_g	fig4_q20_SE_cutadapt_unite	Cutadapt	SE	SE	Cutadapt	Aspergillus	Unclassified
0768181f519364a9439b4901c0812f7d	UNITE	Fungi_k	Fungi_k	k__Fungi; p__Fungi_k; c__Fungi_k; o__Fungi_k; f__Fungi_k; g__Fungi_k; s__Fungi_k	fig4_q20_SE_cutadapt_unite	Cutadapt	SE	SE	Cutadapt	Fungi_k	Fungi_k
c37e09b9fad0c4eba3557a245868649d	UNITE	Ascomycota_p	Ascomycota_p	k__Fungi; p__Ascomycota; c__Ascomycota_p; o__Ascomycota_p; f__Ascomycota_p; g__Ascomycota_p; s__Ascomycota_p	fig4_q20_SE_cutadapt_unite	Cutadapt	SE	SE	Cutadapt	Ascomycota_p	Ascomycota_p
c4f98e0590c3c3c748b905428148ad3a	UNITE	Fungi_k	Fungi_k	k__Fungi; p__Fungi_k; c__Fungi_k; o__Fungi_k; f__Fungi_k; g__Fungi_k; s__Fungi_k	fig4_q20_SE_cutadapt_unite	Cutadapt	SE	SE	Cutadapt	Fungi_k	Fungi_k
5508856d9d35057c551dd5960df94f40	UNITE	Fungi_k	Fungi_k	k__Fungi; p__Fungi_k; c__Fungi_k; o__Fungi_k; f__Fungi_k; g__Fungi_k; s__Fungi_k	fig4_q20_SE_cutadapt_unite	Cutadapt	SE	SE	Cutadapt	Fungi_k	Fungi_k
22381edf2faa88f0c0f8bece81941d9f	UNITE	Trechispora	Unclassified	k__Fungi; p__Basidiomycota; c__Agaricomycetes; o__Trechisporales; f__Hydnodontaceae; g__Trechispora; s__Trechispora_g	fig4_q20_SE_cutadapt_unite	Cutadapt	SE	SE	Cutadapt	Trechispora	Unclassified
b506688e1799c79d472e572c36c88f96	UNITE	Ascomycota_p	Ascomycota_p	k__Fungi; p__Ascomycota; c__Ascomycota_p; o__Ascomycota_p; f__Ascomycota_p; g__Ascomycota_p; s__Ascomycota_p	fig4_q20_SE_cutadapt_unite	Cutadapt	SE	SE	Cutadapt	Ascomycota_p	Ascomycota_p
6790f42c7414d04cbfca2d0bc9403137	UNITE	Fungi_k	Fungi_k	k__Fungi; p__Fungi_k; c__Fungi_k; o__Fungi_k; f__Fungi_k; g__Fungi_k; s__Fungi_k	fig4_q20_SE_cutadapt_unite	Cutadapt	SE	SE	Cutadapt	Fungi_k	Fungi_k
45abd68f253254c6fa3ef6981b6b7e84	UNITE	Fungi_k	Fungi_k	k__Fungi; p__Fungi_k; c__Fungi_k; o__Fungi_k; f__Fungi_k; g__Fungi_k; s__Fungi_k	fig4_q20_SE_cutadapt_unite	Cutadapt	SE	SE	Cutadapt	Fungi_k	Fungi_k
734b3bd502cf4e15ab36e06823ea19d1	UNITE	Fungi_k	Fungi_k	k__Fungi; p__Fungi_k; c__Fungi_k; o__Fungi_k; f__Fungi_k; g__Fungi_k; s__Fungi_k	fig4_q20_SE_cutadapt_unite	Cutadapt	SE	SE	Cutadapt	Fungi_k	Fungi_k
e2d6b080c35429edc1bf79320290191c	UNITE	Fungi_k	Fungi_k	k__Fungi; p__Fungi_k; c__Fungi_k; o__Fungi_k; f__Fungi_k; g__Fungi_k; s__Fungi_k	fig4_q20_SE_cutadapt_unite	Cutadapt	SE	SE	Cutadapt	Fungi_k	Fungi_k
4bc9878d9cb5210bbfa8e56b3f990fe1	UNITE	Ascomycota_p	Ascomycota_p	k__Fungi; p__Ascomycota; c__Ascomycota_p; o__Ascomycota_p; f__Ascomycota_p; g__Ascomycota_p; s__Ascomycota_p	fig4_q20_SE_cutadapt_unite	Cutadapt	SE	SE	Cutadapt	Ascomycota_p	Ascomycota_p
79b8b59b62b6bcd94537b80830d7f47d	UNITE	Fungi_k	Fungi_k	k__Fungi; p__Fungi_k; c__Fungi_k; o__Fungi_k; f__Fungi_k; g__Fungi_k; s__Fungi_k	fig4_q20_SE_cutadapt_unite	Cutadapt	SE	SE	Cutadapt	Fungi_k	Fungi_k
0d2a77295862dea2a5fc3940be192278	UNITE	Ascomycota_p	Ascomycota_p	k__Fungi; p__Ascomycota; c__Ascomycota_p; o__Ascomycota_p; f__Ascomycota_p; g__Ascomycota_p; s__Ascomycota_p	fig4_q20_SE_cutadapt_unite	Cutadapt	SE	SE	Cutadapt	Ascomycota_p	Ascomycota_p
0ae1e837235a2579609ba6290feae7d9	UNITE	Ascomycota_p	Ascomycota_p	k__Fungi; p__Ascomycota; c__Ascomycota_p; o__Ascomycota_p; f__Ascomycota_p; g__Ascomycota_p; s__Ascomycota_p	fig4_q20_SE_cutadapt_unite	Cutadapt	SE	SE	Cutadapt	Ascomycota_p	Ascomycota_p
690485dcc88ee46eafca88455c1350fb	UNITE	Fungi_k	Fungi_k	k__Fungi; p__Fungi_k; c__Fungi_k; o__Fungi_k; f__Fungi_k; g__Fungi_k; s__Fungi_k	fig4_q20_SE_cutadapt_unite	Cutadapt	SE	SE	Cutadapt	Fungi_k	Fungi_k
810614b36a07abd1a925d29282f91909	UNITE	Fungi_k	Fungi_k	k__Fungi; p__Fungi_k; c__Fungi_k; o__Fungi_k; f__Fungi_k; g__Fungi_k; s__Fungi_k	fig4_q20_SE_cutadapt_unite	Cutadapt	SE	SE	Cutadapt	Fungi_k	Fungi_k
ea7f5040ec9eea16e64fd85b2b7d0572	UNITE	Fungi_k	Fungi_k	k__Fungi; p__Fungi_k; c__Fungi_k; o__Fungi_k; f__Fungi_k; g__Fungi_k; s__Fungi_k	fig4_q20_SE_cutadapt_unite	Cutadapt	SE	SE	Cutadapt	Fungi_k	Fungi_k
25a303dbf5b2a6790682c1e63eb0bc86	UNITE	Fungi_k	Fungi_k	k__Fungi; p__Fungi_k; c__Fungi_k; o__Fungi_k; f__Fungi_k; g__Fungi_k; s__Fungi_k	fig4_q20_SE_cutadapt_unite	Cutadapt	SE	SE	Cutadapt	Fungi_k	Fungi_k
c736e249da125d2afbdc5153e798f4ff	UNITE	Fungi_k	Fungi_k	k__Fungi; p__Fungi_k; c__Fungi_k; o__Fungi_k; f__Fungi_k; g__Fungi_k; s__Fungi_k	fig4_q20_SE_cutadapt_unite	Cutadapt	SE	SE	Cutadapt	Fungi_k	Fungi_k
eb0a24cde4475b6ba4de24cc713e47bd	UNITE	Cryptococcus	Cryptococcus_neoformans	k__Fungi; p__Basidiomycota; c__Tremellomycetes; o__Tremellales; f__Cryptococcaceae; g__Cryptococcus; s__Cryptococcus_neoformans	fig4_q20_SE_cutadapt_unite	Cutadapt	SE	SE	Cutadapt	Cryptococcus	Cryptococcus_neoformans
424a42c649741aeff084e4e4be42d5e8	UNITE	Fungi_k	Fungi_k	k__Fungi; p__Fungi_k; c__Fungi_k; o__Fungi_k; f__Fungi_k; g__Fungi_k; s__Fungi_k	fig4_q20_SE_cutadapt_unite	Cutadapt	SE	SE	Cutadapt	Fungi_k	Fungi_k
7eb255283c6c52bd61ca80e88b608ef1	UNITE	Ascomycota_p	Ascomycota_p	k__Fungi; p__Ascomycota; c__Ascomycota_p; o__Ascomycota_p; f__Ascomycota_p; g__Ascomycota_p; s__Ascomycota_p	fig4_q20_SE_cutadapt_unite	Cutadapt	SE	SE	Cutadapt	Ascomycota_p	Ascomycota_p
464e19f539c8d48eeb059761e4076133	UNITE	Fungi_k	Fungi_k	k__Fungi; p__Fungi_k; c__Fungi_k; o__Fungi_k; f__Fungi_k; g__Fungi_k; s__Fungi_k	fig4_q20_SE_cutadapt_unite	Cutadapt	SE	SE	Cutadapt	Fungi_k	Fungi_k
1517c3efbe21dfb398ed386a41eebbb8	UNITE	Fungi_k	Fungi_k	k__Fungi; p__Fungi_k; c__Fungi_k; o__Fungi_k; f__Fungi_k; g__Fungi_k; s__Fungi_k	fig4_q20_SE_cutadapt_unite	Cutadapt	SE	SE	Cutadapt	Fungi_k	Fungi_k
c9724494bb18bcad90882e40457e048a	UNITE	Candida	Candida_albicans	k__Fungi; p__Ascomycota; c__Saccharomycetes; o__Saccharomycetales; f__Saccharomycetales_fam_Incertae_sedis; g__Candida; s__Candida_albicans	fig4_q20_SE_cutadapt_unite	Cutadapt	SE	SE	Cutadapt	Candida	Candida_albicans
1c99b355daab861d42ef02ad4aecd425	UNITE	Fungi_k	Fungi_k	k__Fungi; p__Fungi_k; c__Fungi_k; o__Fungi_k; f__Fungi_k; g__Fungi_k; s__Fungi_k	fig4_q20_SE_cutadapt_unite	Cutadapt	SE	SE	Cutadapt	Fungi_k	Fungi_k
40c28c9bd0d7ff3d3dd7bc907bd4743b	UNITE	Fungi_k	Fungi_k	k__Fungi; p__Fungi_k; c__Fungi_k; o__Fungi_k; f__Fungi_k; g__Fungi_k; s__Fungi_k	fig4_q20_SE_cutadapt_unite	Cutadapt	SE	SE	Cutadapt	Fungi_k	Fungi_k
3d5f170d59af5aa3757284a921c5a385	UNITE	Cutaneotrichosporon	Cutaneotrichosporon_mucoides	k__Fungi; p__Basidiomycota; c__Tremellomycetes; o__Trichosporonales; f__Trichosporonaceae; g__Cutaneotrichosporon; s__Cutaneotrichosporon_mucoides	fig4_q20_SE_cutadapt_unite	Cutadapt	SE	SE	Cutadapt	Cutaneotrichosporon	Cutaneotrichosporon_mucoides
a4d6aeda4e809ef4f25111f66e15a8ca	UNITE	Ascomycota_p	Ascomycota_p	k__Fungi; p__Ascomycota; c__Ascomycota_p; o__Ascomycota_p; f__Ascomycota_p; g__Ascomycota_p; s__Ascomycota_p	fig4_q20_SE_cutadapt_unite	Cutadapt	SE	SE	Cutadapt	Ascomycota_p	Ascomycota_p
621f2a9745265d827cc94a1d025b8a38	UNITE	Fungi_k	Fungi_k	k__Fungi; p__Fungi_k; c__Fungi_k; o__Fungi_k; f__Fungi_k; g__Fungi_k; s__Fungi_k	fig4_q20_SE_cutadapt_unite	Cutadapt	SE	SE	Cutadapt	Fungi_k	Fungi_k
d451ec00d290f5d04b65f2b8efdebc57	UNITE	Komagataella	Komagataella_phaffii	k__Fungi; p__Ascomycota; c__Saccharomycetes; o__Saccharomycetales; f__Pichiaceae; g__Komagataella; s__Komagataella_phaffii	fig4_q20_SE_cutadapt_unite	Cutadapt	SE	SE	Cutadapt	Komagataella	Komagataella_phaffii
4aae9ea7e4bfc0aaa35d3772535cb612	UNITE	Irpex	Irpex_hacksungii	k__Fungi; p__Basidiomycota; c__Agaricomycetes; o__Polyporales; f__Irpicaceae; g__Irpex; s__Irpex_hacksungii	fig4_q20_SE_cutadapt_unite	Cutadapt	SE	SE	Cutadapt	Irpex	Irpex_hacksungii
8fa01d73021156ed6e2382e0d80dec3a	UNITE	Candida	Candida_albicans	k__Fungi; p__Ascomycota; c__Saccharomycetes; o__Saccharomycetales; f__Saccharomycetales_fam_Incertae_sedis; g__Candida; s__Candida_albicans	fig4_q20_SE_cutadapt_unite	Cutadapt	SE	SE	Cutadapt	Candida	Candida_albicans
29555bd5b7d79e088911358e619af0af	UNITE	Fungi_k	Fungi_k	k__Fungi; p__Fungi_k; c__Fungi_k; o__Fungi_k; f__Fungi_k; g__Fungi_k; s__Fungi_k	fig4_q20_SE_cutadapt_unite	Cutadapt	SE	SE	Cutadapt	Fungi_k	Fungi_k
a264df5dbe2ffe5b564231684a02d56d	UNITE	Debaryomyces	Debaryomyces_delbrueckii	k__Fungi; p__Ascomycota; c__Saccharomycetes; o__Saccharomycetales; f__Debaryomycetaceae; g__Debaryomyces; s__Debaryomyces_delbrueckii	fig4_q20_SE_cutadapt_unite	Cutadapt	SE	SE	Cutadapt	Debaryomyces	Debaryomyces_delbrueckii
d3d0cebd4289cec189f3d8079a0de58e	UNITE	Candida	Candida_albicans	k__Fungi; p__Ascomycota; c__Saccharomycetes; o__Saccharomycetales; f__Saccharomycetales_fam_Incertae_sedis; g__Candida; s__Candida_albicans	fig4_q20_SE_cutadapt_unite	Cutadapt	SE	SE	Cutadapt	Candida	Candida_albicans
754268c86474386269e578a4eb485b8a	UNITE	Candida	Candida_albicans	k__Fungi; p__Ascomycota; c__Saccharomycetes; o__Saccharomycetales; f__Saccharomycetales_fam_Incertae_sedis; g__Candida; s__Candida_albicans	fig4_q20_SE_cutadapt_unite	Cutadapt	SE	SE	Cutadapt	Candida	Candida_albicans
4ff375ae9b66ece9a7f74f5a13354b9d	UNITE	Fungi_k	Fungi_k	k__Fungi; p__Fungi_k; c__Fungi_k; o__Fungi_k; f__Fungi_k; g__Fungi_k; s__Fungi_k	fig4_q20_SE_cutadapt_unite	Cutadapt	SE	SE	Cutadapt	Fungi_k	Fungi_k
8d3e05b052f65c88c539505f87882851	UNITE	Ascomycota_p	Ascomycota_p	k__Fungi; p__Ascomycota; c__Ascomycota_p; o__Ascomycota_p; f__Ascomycota_p; g__Ascomycota_p; s__Ascomycota_p	fig4_q20_SE_cutadapt_unite	Cutadapt	SE	SE	Cutadapt	Ascomycota_p	Ascomycota_p
e160892fa06aeac24cede5fd0d9fac0c	UNITE	Pichia	Pichia_kudriavzevii	k__Fungi; p__Ascomycota; c__Saccharomycetes; o__Saccharomycetales; f__Pichiaceae; g__Pichia; s__Pichia_kudriavzevii	fig4_q20_SE_cutadapt_unite	Cutadapt	SE	SE	Cutadapt	Pichia	Pichia_kudriavzevii
feb42ca1b6adcd738ff9ba386892f11e	UNITE	Penicillium	Unclassified	k__Fungi; p__Ascomycota; c__Eurotiomycetes; o__Eurotiales; f__Aspergillaceae; g__Penicillium; s__Penicillium_g	fig4_q20_SE_cutadapt_unite	Cutadapt	SE	SE	Cutadapt	Penicillium	Unclassified
2e723fe0c70769428c06e39a8f19d9d8	UNITE	Fungi_k	Fungi_k	k__Fungi; p__Fungi_k; c__Fungi_k; o__Fungi_k; f__Fungi_k; g__Fungi_k; s__Fungi_k	fig4_q20_SE_cutadapt_unite	Cutadapt	SE	SE	Cutadapt	Fungi_k	Fungi_k
315a14f72987afaafb1b8701eaa0b075	UNITE	Cryptococcus	Cryptococcus_neoformans	k__Fungi; p__Basidiomycota; c__Tremellomycetes; o__Tremellales; f__Cryptococcaceae; g__Cryptococcus; s__Cryptococcus_neoformans	fig4_q20_SE_cutadapt_unite	Cutadapt	SE	SE	Cutadapt	Cryptococcus	Cryptococcus_neoformans
644c895ef79df8c731420be73cf8b6c0	UNITE	Fungi_k	Fungi_k	k__Fungi; p__Fungi_k; c__Fungi_k; o__Fungi_k; f__Fungi_k; g__Fungi_k; s__Fungi_k	fig4_q20_SE_cutadapt_unite	Cutadapt	SE	SE	Cutadapt	Fungi_k	Fungi_k
80e1bf7ccd84a6512dc5cc240266fbbc	UNITE	Malassezia	Malassezia_globosa	k__Fungi; p__Basidiomycota; c__Malasseziomycetes; o__Malasseziales; f__Malasseziaceae; g__Malassezia; s__Malassezia_globosa	fig4_q20_SE_cutadapt_unite	Cutadapt	SE	SE	Cutadapt	Malassezia	Malassezia_globosa
26461f63a0aa3891866f330d837eb06e	UNITE	Ascomycota_p	Ascomycota_p	k__Fungi; p__Ascomycota; c__Ascomycota_p; o__Ascomycota_p; f__Ascomycota_p; g__Ascomycota_p; s__Ascomycota_p	fig4_q20_SE_cutadapt_unite	Cutadapt	SE	SE	Cutadapt	Ascomycota_p	Ascomycota_p
0b670ea5bad69a636e48836a55475086	UNITE	Fungi_k	Fungi_k	k__Fungi; p__Fungi_k; c__Fungi_k; o__Fungi_k; f__Fungi_k; g__Fungi_k; s__Fungi_k	fig4_q20_SE_cutadapt_unite	Cutadapt	SE	SE	Cutadapt	Fungi_k	Fungi_k
267cae1380db2b4584c9e1a67d952b7c	UNITE	Ascomycota_p	Ascomycota_p	k__Fungi; p__Ascomycota; c__Ascomycota_p; o__Ascomycota_p; f__Ascomycota_p; g__Ascomycota_p; s__Ascomycota_p	fig4_q20_SE_cutadapt_unite	Cutadapt	SE	SE	Cutadapt	Ascomycota_p	Ascomycota_p
9d85d8067d02e30a806463de2845ccdd	UNITE	Fungi_k	Fungi_k	k__Fungi; p__Fungi_k; c__Fungi_k; o__Fungi_k; f__Fungi_k; g__Fungi_k; s__Fungi_k	fig4_q20_SE_cutadapt_unite	Cutadapt	SE	SE	Cutadapt	Fungi_k	Fungi_k
14f563b611081c3d96a3656b7e727a14	UNITE	Ascomycota_p	Ascomycota_p	k__Fungi; p__Ascomycota; c__Ascomycota_p; o__Ascomycota_p; f__Ascomycota_p; g__Ascomycota_p; s__Ascomycota_p	fig4_q20_SE_cutadapt_unite	Cutadapt	SE	SE	Cutadapt	Ascomycota_p	Ascomycota_p
4e69eeb85eb9ec34c929b61a9a698d0e	UNITE	Saccharomyces	Unclassified	k__Fungi; p__Ascomycota; c__Saccharomycetes; o__Saccharomycetales; f__Saccharomycetaceae; g__Saccharomyces; s__Saccharomyces_g	fig4_q20_SE_cutadapt_unite	Cutadapt	SE	SE	Cutadapt	Saccharomyces	Unclassified
c4de8920d09cfcb35cb11ca9ed00200f	UNITE	Fungi_k	Fungi_k	k__Fungi; p__Fungi_k; c__Fungi_k; o__Fungi_k; f__Fungi_k; g__Fungi_k; s__Fungi_k	fig4_q20_SE_cutadapt_unite	Cutadapt	SE	SE	Cutadapt	Fungi_k	Fungi_k
78d85a0a8430d95559a3ab36a25e22d8	UNITE	Ascomycota_p	Ascomycota_p	k__Fungi; p__Ascomycota; c__Ascomycota_p; o__Ascomycota_p; f__Ascomycota_p; g__Ascomycota_p; s__Ascomycota_p	fig4_q20_SE_cutadapt_unite	Cutadapt	SE	SE	Cutadapt	Ascomycota_p	Ascomycota_p
7022c374ae44a6ea810bc3bc7018547c	UNITE	Fungi_k	Fungi_k	k__Fungi; p__Fungi_k; c__Fungi_k; o__Fungi_k; f__Fungi_k; g__Fungi_k; s__Fungi_k	fig4_q20_SE_cutadapt_unite	Cutadapt	SE	SE	Cutadapt	Fungi_k	Fungi_k
a920043b0a1f468a1d704fb1d44f1538	UNITE	Fungi_k	Fungi_k	k__Fungi; p__Fungi_k; c__Fungi_k; o__Fungi_k; f__Fungi_k; g__Fungi_k; s__Fungi_k	fig4_q20_SE_cutadapt_unite	Cutadapt	SE	SE	Cutadapt	Fungi_k	Fungi_k
260b8bebae425ab1944a3e6b09292088	UNITE	Fungi_k	Fungi_k	k__Fungi; p__Fungi_k; c__Fungi_k; o__Fungi_k; f__Fungi_k; g__Fungi_k; s__Fungi_k	fig4_q20_SE_cutadapt_unite	Cutadapt	SE	SE	Cutadapt	Fungi_k	Fungi_k
7afb59c70eff2cec5a071dd7c3ca79e0	UNITE	Ascomycota_p	Ascomycota_p	k__Fungi; p__Ascomycota; c__Ascomycota_p; o__Ascomycota_p; f__Ascomycota_p; g__Ascomycota_p; s__Ascomycota_p	fig4_q20_SE_cutadapt_unite	Cutadapt	SE	SE	Cutadapt	Ascomycota_p	Ascomycota_p
1d1e47a562efc72e0e1a703adb1156bc	UNITE	Ascomycota_p	Ascomycota_p	k__Fungi; p__Ascomycota; c__Ascomycota_p; o__Ascomycota_p; f__Ascomycota_p; g__Ascomycota_p; s__Ascomycota_p	fig4_q20_SE_cutadapt_unite	Cutadapt	SE	SE	Cutadapt	Ascomycota_p	Ascomycota_p
11472a6b13e3d38e37aa6d6f3b131991	UNITE	Fungi_k	Fungi_k	k__Fungi; p__Fungi_k; c__Fungi_k; o__Fungi_k; f__Fungi_k; g__Fungi_k; s__Fungi_k	fig4_q20_SE_cutadapt_unite	Cutadapt	SE	SE	Cutadapt	Fungi_k	Fungi_k
7243d6f6c59327bcf48abb33a65296e7	UNITE	Ascomycota_p	Ascomycota_p	k__Fungi; p__Ascomycota; c__Ascomycota_p; o__Ascomycota_p; f__Ascomycota_p; g__Ascomycota_p; s__Ascomycota_p	fig4_q20_SE_cutadapt_unite	Cutadapt	SE	SE	Cutadapt	Ascomycota_p	Ascomycota_p
5105a2d6db57cdbabd078e95db2396c5	UNITE	Fungi_k	Fungi_k	k__Fungi; p__Fungi_k; c__Fungi_k; o__Fungi_k; f__Fungi_k; g__Fungi_k; s__Fungi_k	fig4_q20_SE_cutadapt_unite	Cutadapt	SE	SE	Cutadapt	Fungi_k	Fungi_k
90aa0385993cdfbec9b8925a1163afb6	UNITE	Fungi_k	Fungi_k	k__Fungi; p__Fungi_k; c__Fungi_k; o__Fungi_k; f__Fungi_k; g__Fungi_k; s__Fungi_k	fig4_q20_SE_cutadapt_unite	Cutadapt	SE	SE	Cutadapt	Fungi_k	Fungi_k
955eb7ae0fe2a3213438ef5bec2de66e	UNITE	Fungi_k	Fungi_k	k__Fungi; p__Fungi_k; c__Fungi_k; o__Fungi_k; f__Fungi_k; g__Fungi_k; s__Fungi_k	fig4_q20_SE_cutadapt_unite	Cutadapt	SE	SE	Cutadapt	Fungi_k	Fungi_k
c97fecfe6785166d168fafdd986ee02f	UNITE	Fungi_k	Fungi_k	k__Fungi; p__Fungi_k; c__Fungi_k; o__Fungi_k; f__Fungi_k; g__Fungi_k; s__Fungi_k	fig4_q20_SE_cutadapt_unite	Cutadapt	SE	SE	Cutadapt	Fungi_k	Fungi_k
c0b1830e2feafc77fb275d5a16f99809	UNITE	Ascomycota_p	Ascomycota_p	k__Fungi; p__Ascomycota; c__Ascomycota_p; o__Ascomycota_p; f__Ascomycota_p; g__Ascomycota_p; s__Ascomycota_p	fig4_q20_SE_cutadapt_unite	Cutadapt	SE	SE	Cutadapt	Ascomycota_p	Ascomycota_p
5302560500e967552b1490312b4bb3b3	UNITE	Fungi_k	Fungi_k	k__Fungi; p__Fungi_k; c__Fungi_k; o__Fungi_k; f__Fungi_k; g__Fungi_k; s__Fungi_k	fig4_q20_SE_cutadapt_unite	Cutadapt	SE	SE	Cutadapt	Fungi_k	Fungi_k
f235e5de715614a0b7c2b48197a6a8ba	UNITE	Ascomycota_p	Ascomycota_p	k__Fungi; p__Ascomycota; c__Ascomycota_p; o__Ascomycota_p; f__Ascomycota_p; g__Ascomycota_p; s__Ascomycota_p	fig4_q20_SE_cutadapt_unite	Cutadapt	SE	SE	Cutadapt	Ascomycota_p	Ascomycota_p
8c82b71188e096be2feb08fd7d64d6a6	UNITE	Leucosporidium	Leucosporidium_intermedium	k__Fungi; p__Basidiomycota; c__Microbotryomycetes; o__Leucosporidiales; f__Leucosporidiaceae; g__Leucosporidium; s__Leucosporidium_intermedium	fig4_q20_SE_cutadapt_unite	Cutadapt	SE	SE	Cutadapt	Leucosporidium	Leucosporidium_intermedium
8578ebd1501eab5abc643bb43fb0b7e2	UNITE	Fungi_k	Fungi_k	k__Fungi; p__Fungi_k; c__Fungi_k; o__Fungi_k; f__Fungi_k; g__Fungi_k; s__Fungi_k	fig4_q20_SE_cutadapt_unite	Cutadapt	SE	SE	Cutadapt	Fungi_k	Fungi_k
5aa08add5073423bc935416fc4122a79	UNITE	Fungi_k	Fungi_k	k__Fungi; p__Fungi_k; c__Fungi_k; o__Fungi_k; f__Fungi_k; g__Fungi_k; s__Fungi_k	fig4_q20_SE_cutadapt_unite	Cutadapt	SE	SE	Cutadapt	Fungi_k	Fungi_k
75107df2ba22157d21ca3da014ea641a	UNITE	Ascomycota_p	Ascomycota_p	k__Fungi; p__Ascomycota; c__Ascomycota_p; o__Ascomycota_p; f__Ascomycota_p; g__Ascomycota_p; s__Ascomycota_p	fig4_q20_SE_cutadapt_unite	Cutadapt	SE	SE	Cutadapt	Ascomycota_p	Ascomycota_p
934f533a78b5de1479b59f1a682d064c	UNITE	Fungi_k	Fungi_k	k__Fungi; p__Fungi_k; c__Fungi_k; o__Fungi_k; f__Fungi_k; g__Fungi_k; s__Fungi_k	fig4_q20_SE_cutadapt_unite	Cutadapt	SE	SE	Cutadapt	Fungi_k	Fungi_k
2ebd8a5b8c3455f415eca2f216a9d915	UNITE	Ascomycota_p	Ascomycota_p	k__Fungi; p__Ascomycota; c__Ascomycota_p; o__Ascomycota_p; f__Ascomycota_p; g__Ascomycota_p; s__Ascomycota_p	fig4_q20_SE_cutadapt_unite	Cutadapt	SE	SE	Cutadapt	Ascomycota_p	Ascomycota_p
26c3adb423a4d6b98b84d34fa5beca3f	UNITE	Fungi_k	Fungi_k	k__Fungi; p__Fungi_k; c__Fungi_k; o__Fungi_k; f__Fungi_k; g__Fungi_k; s__Fungi_k	fig4_q20_SE_cutadapt_unite	Cutadapt	SE	SE	Cutadapt	Fungi_k	Fungi_k
fc7fa41febb165d9e2c1aa251fe03adb	UNITE	Ascomycota_p	Ascomycota_p	k__Fungi; p__Ascomycota; c__Ascomycota_p; o__Ascomycota_p; f__Ascomycota_p; g__Ascomycota_p; s__Ascomycota_p	fig4_q20_SE_cutadapt_unite	Cutadapt	SE	SE	Cutadapt	Ascomycota_p	Ascomycota_p
e09cee250683d1d9c0efe6766aea6426	UNITE	Ascomycota_p	Ascomycota_p	k__Fungi; p__Ascomycota; c__Ascomycota_p; o__Ascomycota_p; f__Ascomycota_p; g__Ascomycota_p; s__Ascomycota_p	fig4_q20_SE_cutadapt_unite	Cutadapt	SE	SE	Cutadapt	Ascomycota_p	Ascomycota_p
04054fce3ae97d78e67d2d454985add2	UNITE	Fungi_k	Fungi_k	k__Fungi; p__Fungi_k; c__Fungi_k; o__Fungi_k; f__Fungi_k; g__Fungi_k; s__Fungi_k	fig4_q20_SE_cutadapt_unite	Cutadapt	SE	SE	Cutadapt	Fungi_k	Fungi_k
8a52693c2a3066f0951f6e0ab114cf44	UNITE	Fungi_k	Fungi_k	k__Fungi; p__Fungi_k; c__Fungi_k; o__Fungi_k; f__Fungi_k; g__Fungi_k; s__Fungi_k	fig4_q20_SE_cutadapt_unite	Cutadapt	SE	SE	Cutadapt	Fungi_k	Fungi_k
96800d25db2a29d576ee27c9b1735e9f	UNITE	Fungi_k	Fungi_k	k__Fungi; p__Fungi_k; c__Fungi_k; o__Fungi_k; f__Fungi_k; g__Fungi_k; s__Fungi_k	fig4_q20_SE_cutadapt_unite	Cutadapt	SE	SE	Cutadapt	Fungi_k	Fungi_k
a9a8701bb82e83502dac035e738a9a66	UNITE	Fungi_k	Fungi_k	k__Fungi; p__Fungi_k; c__Fungi_k; o__Fungi_k; f__Fungi_k; g__Fungi_k; s__Fungi_k	fig4_q20_SE_cutadapt_unite	Cutadapt	SE	SE	Cutadapt	Fungi_k	Fungi_k
43b699344cd30824e9b375638111b901	UNITE	Fusarium	Fusarium_oxysporum	k__Fungi; p__Ascomycota; c__Sordariomycetes; o__Hypocreales; f__Nectriaceae; g__Fusarium; s__Fusarium_oxysporum	fig4_q20_SE_cutadapt_unite	Cutadapt	SE	SE	Cutadapt	Fusarium	Fusarium_oxysporum
f68813f6ebcb8f7323b15cb6dad97526	UNITE	Trechispora	Unclassified	k__Fungi; p__Basidiomycota; c__Agaricomycetes; o__Trechisporales; f__Hydnodontaceae; g__Trechispora; s__Trechispora_g	fig4_q20_SE_cutadapt_unite	Cutadapt	SE	SE	Cutadapt	Trechispora	Unclassified
091b9ab07282fb2810730607e7c73a6b	UNITE	Fungi_k	Fungi_k	k__Fungi; p__Fungi_k; c__Fungi_k; o__Fungi_k; f__Fungi_k; g__Fungi_k; s__Fungi_k	fig4_q20_SE_cutadapt_unite	Cutadapt	SE	SE	Cutadapt	Fungi_k	Fungi_k
6fbeed64732e5d21b16b552ce54cbdab	UNITE	Fungi_k	Fungi_k	k__Fungi; p__Fungi_k; c__Fungi_k; o__Fungi_k; f__Fungi_k; g__Fungi_k; s__Fungi_k	fig4_q20_SE_cutadapt_unite	Cutadapt	SE	SE	Cutadapt	Fungi_k	Fungi_k
725402e2a81677678ca9799ecc96fe7f	UNITE	Fungi_k	Fungi_k	k__Fungi; p__Fungi_k; c__Fungi_k; o__Fungi_k; f__Fungi_k; g__Fungi_k; s__Fungi_k	fig4_q20_SE_cutadapt_unite	Cutadapt	SE	SE	Cutadapt	Fungi_k	Fungi_k
870b996b7364a3020227bc4b918ba54f	UNITE	Fungi_k	Fungi_k	k__Fungi; p__Fungi_k; c__Fungi_k; o__Fungi_k; f__Fungi_k; g__Fungi_k; s__Fungi_k	fig4_q20_SE_cutadapt_unite	Cutadapt	SE	SE	Cutadapt	Fungi_k	Fungi_k
194c5d7ddd16e9c0363bffc3aef8ceb8	UNITE	Fungi_k	Fungi_k	k__Fungi; p__Fungi_k; c__Fungi_k; o__Fungi_k; f__Fungi_k; g__Fungi_k; s__Fungi_k	fig4_q20_SE_cutadapt_unite	Cutadapt	SE	SE	Cutadapt	Fungi_k	Fungi_k
85d8f5af58655f5e9a0875198e40a4cf	UNITE	Fungi_k	Fungi_k	k__Fungi; p__Fungi_k; c__Fungi_k; o__Fungi_k; f__Fungi_k; g__Fungi_k; s__Fungi_k	fig4_q20_SE_cutadapt_unite	Cutadapt	SE	SE	Cutadapt	Fungi_k	Fungi_k
eca677b652afb80f02a64e9a83fef553	UNITE	Fungi_k	Fungi_k	k__Fungi; p__Fungi_k; c__Fungi_k; o__Fungi_k; f__Fungi_k; g__Fungi_k; s__Fungi_k	fig4_q20_SE_cutadapt_unite	Cutadapt	SE	SE	Cutadapt	Fungi_k	Fungi_k
25d556970166dcb7050422023be88e22	UNITE	Fungi_k	Fungi_k	k__Fungi; p__Fungi_k; c__Fungi_k; o__Fungi_k; f__Fungi_k; g__Fungi_k; s__Fungi_k	fig4_q20_SE_cutadapt_unite	Cutadapt	SE	SE	Cutadapt	Fungi_k	Fungi_k
b818ea92d26b8c0d7b99eb77906b9e01	UNITE	Fungi_k	Fungi_k	k__Fungi; p__Fungi_k; c__Fungi_k; o__Fungi_k; f__Fungi_k; g__Fungi_k; s__Fungi_k	fig4_q20_SE_cutadapt_unite	Cutadapt	SE	SE	Cutadapt	Fungi_k	Fungi_k
7b3895e4ce4378f120ee488c628004dc	UNITE	Fungi_k	Fungi_k	k__Fungi; p__Fungi_k; c__Fungi_k; o__Fungi_k; f__Fungi_k; g__Fungi_k; s__Fungi_k	fig4_q20_SE_cutadapt_unite	Cutadapt	SE	SE	Cutadapt	Fungi_k	Fungi_k
615431307bb72c4d99dcb3c243d810db	UNITE	Fungi_k	Fungi_k	k__Fungi; p__Fungi_k; c__Fungi_k; o__Fungi_k; f__Fungi_k; g__Fungi_k; s__Fungi_k	fig4_q20_SE_cutadapt_unite	Cutadapt	SE	SE	Cutadapt	Fungi_k	Fungi_k
b67b81c102e2f5fa366b3d4d0869f235	UNITE	Fungi_k	Fungi_k	k__Fungi; p__Fungi_k; c__Fungi_k; o__Fungi_k; f__Fungi_k; g__Fungi_k; s__Fungi_k	fig4_q20_SE_cutadapt_unite	Cutadapt	SE	SE	Cutadapt	Fungi_k	Fungi_k
638e7ccf3419acc06aafd317364cba75	UNITE	Fungi_k	Fungi_k	k__Fungi; p__Fungi_k; c__Fungi_k; o__Fungi_k; f__Fungi_k; g__Fungi_k; s__Fungi_k	fig4_q20_SE_cutadapt_unite	Cutadapt	SE	SE	Cutadapt	Fungi_k	Fungi_k
cfa201d304dab9c66d991e37660ea7cd	UNITE	Fungi_k	Fungi_k	k__Fungi; p__Fungi_k; c__Fungi_k; o__Fungi_k; f__Fungi_k; g__Fungi_k; s__Fungi_k	fig4_q20_SE_cutadapt_unite	Cutadapt	SE	SE	Cutadapt	Fungi_k	Fungi_k
e2708925a7f42bb9e1f62f04f1ee3e26	UNITE	Lecanorales_o	Lecanorales_o	k__Fungi; p__Ascomycota; c__Lecanoromycetes; o__Lecanorales; f__Lecanorales_o; g__Lecanorales_o; s__Lecanorales_o	fig4_q20_SE_cutadapt_unite	Cutadapt	SE	SE	Cutadapt	Lecanorales_o	Lecanorales_o
0c71e40860c006ffbe35af9fd3d7727b	UNITE	Fungi_k	Fungi_k	k__Fungi; p__Fungi_k; c__Fungi_k; o__Fungi_k; f__Fungi_k; g__Fungi_k; s__Fungi_k	fig4_q20_SE_cutadapt_unite	Cutadapt	SE	SE	Cutadapt	Fungi_k	Fungi_k
b1b896a1775460c058fc891882a5bad8	UNITE	Ascomycota_p	Ascomycota_p	k__Fungi; p__Ascomycota; c__Ascomycota_p; o__Ascomycota_p; f__Ascomycota_p; g__Ascomycota_p; s__Ascomycota_p	fig4_q20_SE_cutadapt_unite	Cutadapt	SE	SE	Cutadapt	Ascomycota_p	Ascomycota_p
9b515710aedd7956e1b33b0f43a5da4d	UNITE	Ascomycota_p	Ascomycota_p	k__Fungi; p__Ascomycota; c__Ascomycota_p; o__Ascomycota_p; f__Ascomycota_p; g__Ascomycota_p; s__Ascomycota_p	fig4_q20_SE_cutadapt_unite	Cutadapt	SE	SE	Cutadapt	Ascomycota_p	Ascomycota_p
8f5b156b2473d6552ed30cec420b2b02	UNITE	Fungi_k	Fungi_k	k__Fungi; p__Fungi_k; c__Fungi_k; o__Fungi_k; f__Fungi_k; g__Fungi_k; s__Fungi_k	fig4_q20_SE_cutadapt_unite	Cutadapt	SE	SE	Cutadapt	Fungi_k	Fungi_k
ff7f232a0ba2b8cdee78935456caded9	UNITE	Fungi_k	Fungi_k	k__Fungi; p__Fungi_k; c__Fungi_k; o__Fungi_k; f__Fungi_k; g__Fungi_k; s__Fungi_k	fig4_q20_SE_cutadapt_unite	Cutadapt	SE	SE	Cutadapt	Fungi_k	Fungi_k
32be290b5fe51f5e4611e2e1a37fa1db	UNITE	Fungi_k	Fungi_k	k__Fungi; p__Fungi_k; c__Fungi_k; o__Fungi_k; f__Fungi_k; g__Fungi_k; s__Fungi_k	fig4_q20_SE_cutadapt_unite	Cutadapt	SE	SE	Cutadapt	Fungi_k	Fungi_k
119831b712be8db7b70c0d6d950624da	UNITE	Fungi_k	Fungi_k	k__Fungi; p__Fungi_k; c__Fungi_k; o__Fungi_k; f__Fungi_k; g__Fungi_k; s__Fungi_k	fig4_q20_SE_cutadapt_unite	Cutadapt	SE	SE	Cutadapt	Fungi_k	Fungi_k
ef25c954c06d510896f91b6ee3f9d1aa	UNITE	Fungi_k	Fungi_k	k__Fungi; p__Fungi_k; c__Fungi_k; o__Fungi_k; f__Fungi_k; g__Fungi_k; s__Fungi_k	fig4_q20_SE_cutadapt_unite	Cutadapt	SE	SE	Cutadapt	Fungi_k	Fungi_k
6a9c03927332a86761ef8140c19e76a2	UNITE	Fungi_k	Fungi_k	k__Fungi; p__Fungi_k; c__Fungi_k; o__Fungi_k; f__Fungi_k; g__Fungi_k; s__Fungi_k	fig4_q20_SE_cutadapt_unite	Cutadapt	SE	SE	Cutadapt	Fungi_k	Fungi_k
5cae4f6bc86eca0f1eedf3d66b889b17	UNITE	Fungi_k	Fungi_k	k__Fungi; p__Fungi_k; c__Fungi_k; o__Fungi_k; f__Fungi_k; g__Fungi_k; s__Fungi_k	fig4_q20_SE_cutadapt_unite	Cutadapt	SE	SE	Cutadapt	Fungi_k	Fungi_k
ba931772211836a80a6f9001b2507e01	UNITE	Fungi_k	Fungi_k	k__Fungi; p__Fungi_k; c__Fungi_k; o__Fungi_k; f__Fungi_k; g__Fungi_k; s__Fungi_k	fig4_q20_SE_cutadapt_unite	Cutadapt	SE	SE	Cutadapt	Fungi_k	Fungi_k
a536855c690075a22d2f70db5665151c	UNITE	Fungi_k	Fungi_k	k__Fungi; p__Fungi_k; c__Fungi_k; o__Fungi_k; f__Fungi_k; g__Fungi_k; s__Fungi_k	fig4_q20_SE_cutadapt_unite	Cutadapt	SE	SE	Cutadapt	Fungi_k	Fungi_k
b2d71c8a1835967453bd96a5aecac0d2	UNITE	Fungi_k	Fungi_k	k__Fungi; p__Fungi_k; c__Fungi_k; o__Fungi_k; f__Fungi_k; g__Fungi_k; s__Fungi_k	fig4_q20_SE_cutadapt_unite	Cutadapt	SE	SE	Cutadapt	Fungi_k	Fungi_k
fe389004a774f698876b52bcd5148b90	UNITE	Ascomycota_p	Ascomycota_p	k__Fungi; p__Ascomycota; c__Ascomycota_p; o__Ascomycota_p; f__Ascomycota_p; g__Ascomycota_p; s__Ascomycota_p	fig4_q20_SE_cutadapt_unite	Cutadapt	SE	SE	Cutadapt	Ascomycota_p	Ascomycota_p
56a66d4f4883495fe6e8252edcc6c71c	UNITE	Fungi_k	Fungi_k	k__Fungi; p__Fungi_k; c__Fungi_k; o__Fungi_k; f__Fungi_k; g__Fungi_k; s__Fungi_k	fig4_q20_SE_cutadapt_unite	Cutadapt	SE	SE	Cutadapt	Fungi_k	Fungi_k
ec20b845c0c4bc5fe101632d172a6d2a	UNITE	Cryptococcus	Cryptococcus_neoformans	k__Fungi; p__Basidiomycota; c__Tremellomycetes; o__Tremellales; f__Cryptococcaceae; g__Cryptococcus; s__Cryptococcus_neoformans	fig4_q20_SE_cutadapt_unite	Cutadapt	SE	SE	Cutadapt	Cryptococcus	Cryptococcus_neoformans
a0a05fb837d128e0f13ab3295773109e	UNITE	Fungi_k	Fungi_k	k__Fungi; p__Fungi_k; c__Fungi_k; o__Fungi_k; f__Fungi_k; g__Fungi_k; s__Fungi_k	fig4_q20_SE_cutadapt_unite	Cutadapt	SE	SE	Cutadapt	Fungi_k	Fungi_k
158508c453d93903d315196a844918ef	UNITE	Fungi_k	Fungi_k	k__Fungi; p__Fungi_k; c__Fungi_k; o__Fungi_k; f__Fungi_k; g__Fungi_k; s__Fungi_k	fig4_q20_SE_cutadapt_unite	Cutadapt	SE	SE	Cutadapt	Fungi_k	Fungi_k
6b364ee32451dd49784a71f534ef2bae	UNITE	Aspergillaceae_f	Aspergillaceae_f	k__Fungi; p__Ascomycota; c__Eurotiomycetes; o__Eurotiales; f__Aspergillaceae; g__Aspergillaceae_f; s__Aspergillaceae_f	fig4_q20_SE_cutadapt_unite	Cutadapt	SE	SE	Cutadapt	Aspergillaceae_f	Aspergillaceae_f
fb16acc3ac783ab7d6101776190a58e0	UNITE	Ascomycota_p	Ascomycota_p	k__Fungi; p__Ascomycota; c__Ascomycota_p; o__Ascomycota_p; f__Ascomycota_p; g__Ascomycota_p; s__Ascomycota_p	fig4_q20_SE_cutadapt_unite	Cutadapt	SE	SE	Cutadapt	Ascomycota_p	Ascomycota_p
e964994d6f202441af10c435acc7d999	UNITE	Nakaseomyces	Nakaseomyces_glabratus	k__Fungi; p__Ascomycota; c__Saccharomycetes; o__Saccharomycetales; f__Saccharomycetaceae; g__Nakaseomyces; s__Nakaseomyces_glabratus	fig4_q20_SE_cutadapt_unite	Cutadapt	SE	SE	Cutadapt	Nakaseomyces	Nakaseomyces_glabratus
5535856acc809af76ab3ddb22e9e211d	UNITE	Fungi_k	Fungi_k	k__Fungi; p__Fungi_k; c__Fungi_k; o__Fungi_k; f__Fungi_k; g__Fungi_k; s__Fungi_k	fig4_q20_SE_cutadapt_unite	Cutadapt	SE	SE	Cutadapt	Fungi_k	Fungi_k
9787c7e873499f9e560ca6b6422ce0e8	UNITE	Fungi_k	Fungi_k	k__Fungi; p__Fungi_k; c__Fungi_k; o__Fungi_k; f__Fungi_k; g__Fungi_k; s__Fungi_k	fig4_q20_SE_cutadapt_unite	Cutadapt	SE	SE	Cutadapt	Fungi_k	Fungi_k
1b7d4ee38520a8d71abb44031eecc577	UNITE	Fungi_k	Fungi_k	k__Fungi; p__Fungi_k; c__Fungi_k; o__Fungi_k; f__Fungi_k; g__Fungi_k; s__Fungi_k	fig4_q20_SE_cutadapt_unite	Cutadapt	SE	SE	Cutadapt	Fungi_k	Fungi_k
22b75b5c2a1c978878bc54274f7dffa6	UNITE	Ascomycota_p	Ascomycota_p	k__Fungi; p__Ascomycota; c__Ascomycota_p; o__Ascomycota_p; f__Ascomycota_p; g__Ascomycota_p; s__Ascomycota_p	fig4_q20_SE_cutadapt_unite	Cutadapt	SE	SE	Cutadapt	Ascomycota_p	Ascomycota_p
5f75d4aac0231ac26b212754cfe7bc3e	UNITE	Fungi_k	Fungi_k	k__Fungi; p__Fungi_k; c__Fungi_k; o__Fungi_k; f__Fungi_k; g__Fungi_k; s__Fungi_k	fig4_q20_SE_cutadapt_unite	Cutadapt	SE	SE	Cutadapt	Fungi_k	Fungi_k
6a84d445d0bc5b70a398f6fdf01eb66f	UNITE	Ascomycota_p	Ascomycota_p	k__Fungi; p__Ascomycota; c__Ascomycota_p; o__Ascomycota_p; f__Ascomycota_p; g__Ascomycota_p; s__Ascomycota_p	fig4_q20_SE_cutadapt_unite	Cutadapt	SE	SE	Cutadapt	Ascomycota_p	Ascomycota_p
299858db667f2d7fa90d17f8f1e54be0	UNITE	Fungi_k	Fungi_k	k__Fungi; p__Fungi_k; c__Fungi_k; o__Fungi_k; f__Fungi_k; g__Fungi_k; s__Fungi_k	fig4_q20_SE_cutadapt_unite	Cutadapt	SE	SE	Cutadapt	Fungi_k	Fungi_k
161c64a00b60cab9cd570cec0be8db0a	UNITE	Fungi_k	Fungi_k	k__Fungi; p__Fungi_k; c__Fungi_k; o__Fungi_k; f__Fungi_k; g__Fungi_k; s__Fungi_k	fig4_q20_SE_cutadapt_unite	Cutadapt	SE	SE	Cutadapt	Fungi_k	Fungi_k
708ed5611c17651ff5806fa18df950fa	UNITE	Ascomycota_p	Ascomycota_p	k__Fungi; p__Ascomycota; c__Ascomycota_p; o__Ascomycota_p; f__Ascomycota_p; g__Ascomycota_p; s__Ascomycota_p	fig4_q20_SE_cutadapt_unite	Cutadapt	SE	SE	Cutadapt	Ascomycota_p	Ascomycota_p
36a7dafd8a4806c2f7c373b5c9916b22	UNITE	Fungi_k	Fungi_k	k__Fungi; p__Fungi_k; c__Fungi_k; o__Fungi_k; f__Fungi_k; g__Fungi_k; s__Fungi_k	fig4_q20_SE_cutadapt_unite	Cutadapt	SE	SE	Cutadapt	Fungi_k	Fungi_k
3039df4ad5007ae4944976c043d3d432	UNITE	Fungi_k	Fungi_k	k__Fungi; p__Fungi_k; c__Fungi_k; o__Fungi_k; f__Fungi_k; g__Fungi_k; s__Fungi_k	fig4_q20_SE_cutadapt_unite	Cutadapt	SE	SE	Cutadapt	Fungi_k	Fungi_k
a56894c6c241a00138a745e9bf67a443	UNITE	Ascomycota_p	Ascomycota_p	k__Fungi; p__Ascomycota; c__Ascomycota_p; o__Ascomycota_p; f__Ascomycota_p; g__Ascomycota_p; s__Ascomycota_p	fig4_q20_SE_cutadapt_unite	Cutadapt	SE	SE	Cutadapt	Ascomycota_p	Ascomycota_p
c9e58beca8becb5fcc7e538ede488f9e	UNITE	Ascomycota_p	Ascomycota_p	k__Fungi; p__Ascomycota; c__Ascomycota_p; o__Ascomycota_p; f__Ascomycota_p; g__Ascomycota_p; s__Ascomycota_p	fig4_q20_SE_cutadapt_unite	Cutadapt	SE	SE	Cutadapt	Ascomycota_p	Ascomycota_p
e2b964f9c965bdcdf26553e425dbd793	UNITE	Fungi_k	Fungi_k	k__Fungi; p__Fungi_k; c__Fungi_k; o__Fungi_k; f__Fungi_k; g__Fungi_k; s__Fungi_k	fig4_q20_SE_cutadapt_unite	Cutadapt	SE	SE	Cutadapt	Fungi_k	Fungi_k
8965aa6d2863f5cb3cd73c6b457b8c10	UNITE	Fungi_k	Fungi_k	k__Fungi; p__Fungi_k; c__Fungi_k; o__Fungi_k; f__Fungi_k; g__Fungi_k; s__Fungi_k	fig4_q20_SE_cutadapt_unite	Cutadapt	SE	SE	Cutadapt	Fungi_k	Fungi_k
b96feb915f752cb0cac454b227ea516d	UNITE	Fungi_k	Fungi_k	k__Fungi; p__Fungi_k; c__Fungi_k; o__Fungi_k; f__Fungi_k; g__Fungi_k; s__Fungi_k	fig4_q20_SE_cutadapt_unite	Cutadapt	SE	SE	Cutadapt	Fungi_k	Fungi_k
247c8459db6ae8b1257380e69c42b883	UNITE	Penicillium	Unclassified	k__Fungi; p__Ascomycota; c__Eurotiomycetes; o__Eurotiales; f__Aspergillaceae; g__Penicillium; s__Penicillium_g	fig4_q20_SE_cutadapt_unite	Cutadapt	SE	SE	Cutadapt	Penicillium	Unclassified
dbd506df66b81dcdb231c7b21f39140b	UNITE	Phlebia	Phlebia_acerina	k__Fungi; p__Basidiomycota; c__Agaricomycetes; o__Polyporales; f__Meruliaceae; g__Phlebia; s__Phlebia_acerina	fig4_q20_SE_cutadapt_unite	Cutadapt	SE	SE	Cutadapt	Phlebia	Phlebia_acerina
c9a08cedfce3e1d4e0167bcd82f1eed8	UNITE	Fungi_k	Fungi_k	k__Fungi; p__Fungi_k; c__Fungi_k; o__Fungi_k; f__Fungi_k; g__Fungi_k; s__Fungi_k	fig4_q20_SE_cutadapt_unite	Cutadapt	SE	SE	Cutadapt	Fungi_k	Fungi_k
d1e17b274ba99de355a3817e54d6236e	UNITE	Stereaceae_f	Stereaceae_f	k__Fungi; p__Basidiomycota; c__Agaricomycetes; o__Russulales; f__Stereaceae; g__Stereaceae_f; s__Stereaceae_f	fig4_q20_SE_cutadapt_unite	Cutadapt	SE	SE	Cutadapt	Stereaceae_f	Stereaceae_f
5e1d83eccf923b1343d8824231f1bbe1	UNITE	Fungi_k	Fungi_k	k__Fungi; p__Fungi_k; c__Fungi_k; o__Fungi_k; f__Fungi_k; g__Fungi_k; s__Fungi_k	fig4_q20_SE_cutadapt_unite	Cutadapt	SE	SE	Cutadapt	Fungi_k	Fungi_k
43071ca5a252d644aa64b30a517cdb84	UNITE	Hannaella	Hannaella_oryzae	k__Fungi; p__Basidiomycota; c__Tremellomycetes; o__Tremellales; f__Bulleribasidiaceae; g__Hannaella; s__Hannaella_oryzae	fig4_q20_SE_cutadapt_unite	Cutadapt	SE	SE	Cutadapt	Hannaella	Hannaella_oryzae
5cf5a5092050bcd623fa6eb69cef27bc	UNITE	Helotiales_o	Helotiales_o	k__Fungi; p__Ascomycota; c__Leotiomycetes; o__Helotiales; f__Helotiales_o; g__Helotiales_o; s__Helotiales_o	fig4_q20_SE_cutadapt_unite	Cutadapt	SE	SE	Cutadapt	Helotiales_o	Helotiales_o
337831ba7d77685699981e28fb64cf23	UNITE	Ascomycota_p	Ascomycota_p	k__Fungi; p__Ascomycota; c__Ascomycota_p; o__Ascomycota_p; f__Ascomycota_p; g__Ascomycota_p; s__Ascomycota_p	fig4_q20_SE_cutadapt_unite	Cutadapt	SE	SE	Cutadapt	Ascomycota_p	Ascomycota_p
a8006bd4661f54caf04a33bfd953834d	UNITE	Fungi_k	Fungi_k	k__Fungi; p__Fungi_k; c__Fungi_k; o__Fungi_k; f__Fungi_k; g__Fungi_k; s__Fungi_k	fig4_q20_SE_cutadapt_unite	Cutadapt	SE	SE	Cutadapt	Fungi_k	Fungi_k
eb419687cb6c69004db4a72c323e21f8	UNITE	Fungi_k	Fungi_k	k__Fungi; p__Fungi_k; c__Fungi_k; o__Fungi_k; f__Fungi_k; g__Fungi_k; s__Fungi_k	fig4_q20_SE_cutadapt_unite	Cutadapt	SE	SE	Cutadapt	Fungi_k	Fungi_k
ab224c39466ee6d32bd0cb957ff3bf07	UNITE	Ascomycota_p	Ascomycota_p	k__Fungi; p__Ascomycota; c__Ascomycota_p; o__Ascomycota_p; f__Ascomycota_p; g__Ascomycota_p; s__Ascomycota_p	fig4_q20_SE_cutadapt_unite	Cutadapt	SE	SE	Cutadapt	Ascomycota_p	Ascomycota_p
5028db85c93296a70c563f0a3ef6eeb2	UNITE	Phlebia	Phlebia_acerina	k__Fungi; p__Basidiomycota; c__Agaricomycetes; o__Polyporales; f__Meruliaceae; g__Phlebia; s__Phlebia_acerina	fig4_q20_SE_cutadapt_unite	Cutadapt	SE	SE	Cutadapt	Phlebia	Phlebia_acerina
3b19d4888b7cb5cae6d71495a64c1f99	UNITE	Paraphoma	Unclassified	k__Fungi; p__Ascomycota; c__Dothideomycetes; o__Pleosporales; f__Phaeosphaeriaceae; g__Paraphoma; s__Paraphoma_g	fig4_q20_SE_cutadapt_unite	Cutadapt	SE	SE	Cutadapt	Paraphoma	Unclassified
5187486fe872390b9182d5481d070c1e	UNITE	Pleosporales_o	Pleosporales_o	k__Fungi; p__Ascomycota; c__Dothideomycetes; o__Pleosporales; f__Pleosporales_o; g__Pleosporales_o; s__Pleosporales_o	fig4_q20_SE_cutadapt_unite	Cutadapt	SE	SE	Cutadapt	Pleosporales_o	Pleosporales_o
58b2e2109c1625d12106aa0c3bbdc3d8	UNITE	Fungi_k	Fungi_k	k__Fungi; p__Fungi_k; c__Fungi_k; o__Fungi_k; f__Fungi_k; g__Fungi_k; s__Fungi_k	fig4_q20_SE_cutadapt_unite	Cutadapt	SE	SE	Cutadapt	Fungi_k	Fungi_k
70c24fbf5a1015511f7eeaa619943c09	UNITE	Fungi_k	Fungi_k	k__Fungi; p__Fungi_k; c__Fungi_k; o__Fungi_k; f__Fungi_k; g__Fungi_k; s__Fungi_k	fig4_q20_SE_cutadapt_unite	Cutadapt	SE	SE	Cutadapt	Fungi_k	Fungi_k
ccd9b87685ec477410a892a19c6f56e2	UNITE	Ascomycota_p	Ascomycota_p	k__Fungi; p__Ascomycota; c__Ascomycota_p; o__Ascomycota_p; f__Ascomycota_p; g__Ascomycota_p; s__Ascomycota_p	fig4_q20_SE_cutadapt_unite	Cutadapt	SE	SE	Cutadapt	Ascomycota_p	Ascomycota_p
ea97745628171c1b7140643a9f70461e	UNITE	Ascomycota_p	Ascomycota_p	k__Fungi; p__Ascomycota; c__Ascomycota_p; o__Ascomycota_p; f__Ascomycota_p; g__Ascomycota_p; s__Ascomycota_p	fig4_q20_SE_cutadapt_unite	Cutadapt	SE	SE	Cutadapt	Ascomycota_p	Ascomycota_p
3c9ae85851f407a4c95023d2f0cf58be	UNITE	Fungi_k	Fungi_k	k__Fungi; p__Fungi_k; c__Fungi_k; o__Fungi_k; f__Fungi_k; g__Fungi_k; s__Fungi_k	fig4_q20_SE_cutadapt_unite	Cutadapt	SE	SE	Cutadapt	Fungi_k	Fungi_k
6d536c0697e3374ffb3ec10414641759	UNITE	Metschnikowia	Unclassified	k__Fungi; p__Ascomycota; c__Saccharomycetes; o__Saccharomycetales; f__Metschnikowiaceae; g__Metschnikowia; s__Metschnikowia_g	fig4_q20_SE_cutadapt_unite	Cutadapt	SE	SE	Cutadapt	Metschnikowia	Unclassified
eb56c19be8e5fbe1c2a1ca33be8c1b24	UNITE	Fungi_k	Fungi_k	k__Fungi; p__Fungi_k; c__Fungi_k; o__Fungi_k; f__Fungi_k; g__Fungi_k; s__Fungi_k	fig4_q20_SE_cutadapt_unite	Cutadapt	SE	SE	Cutadapt	Fungi_k	Fungi_k
579ecb5e770eff08feca9199a9d1b0c7	UNITE	Rhizoplaca	Rhizoplaca_novomexicana	k__Fungi; p__Ascomycota; c__Lecanoromycetes; o__Lecanorales; f__Lecanoraceae; g__Rhizoplaca; s__Rhizoplaca_novomexicana	fig4_q20_SE_cutadapt_unite	Cutadapt	SE	SE	Cutadapt	Rhizoplaca	Rhizoplaca_novomexicana
cc56f99c558815f04df56c615a4708ea	UNITE	Irpex	Irpex_hacksungii	k__Fungi; p__Basidiomycota; c__Agaricomycetes; o__Polyporales; f__Irpicaceae; g__Irpex; s__Irpex_hacksungii	fig4_q20_SE_cutadapt_unite	Cutadapt	SE	SE	Cutadapt	Irpex	Irpex_hacksungii
93ca18c8326c68730665b16f4afc4c27	UNITE	Paraphoma	Paraphoma_rhaphiolepidis	k__Fungi; p__Ascomycota; c__Dothideomycetes; o__Pleosporales; f__Phaeosphaeriaceae; g__Paraphoma; s__Paraphoma_rhaphiolepidis	fig4_q20_SE_cutadapt_unite	Cutadapt	SE	SE	Cutadapt	Paraphoma	Paraphoma_rhaphiolepidis
240d740ef91d43f334788e266d661f7b	UNITE	Pluteus	Unclassified	k__Fungi; p__Basidiomycota; c__Agaricomycetes; o__Agaricales; f__Pluteaceae; g__Pluteus; s__Pluteus_g	fig4_q20_SE_cutadapt_unite	Cutadapt	SE	SE	Cutadapt	Pluteus	Unclassified
84b5c1c947a868e466363aca6892af10	UNITE	Coniothyrium	Coniothyrium_sidae	k__Fungi; p__Ascomycota; c__Dothideomycetes; o__Pleosporales; f__Coniothyriaceae; g__Coniothyrium; s__Coniothyrium_sidae	fig4_q20_SE_cutadapt_unite	Cutadapt	SE	SE	Cutadapt	Coniothyrium	Coniothyrium_sidae
b2d80c0c3ae31c0fa0081d4ec7136a6b	UNITE	Fungi_k	Fungi_k	k__Fungi; p__Fungi_k; c__Fungi_k; o__Fungi_k; f__Fungi_k; g__Fungi_k; s__Fungi_k	fig4_q20_SE_cutadapt_unite	Cutadapt	SE	SE	Cutadapt	Fungi_k	Fungi_k
2f43c6a7f9331f447cc24981f1887474	UNITE	Fungi_k	Fungi_k	k__Fungi; p__Fungi_k; c__Fungi_k; o__Fungi_k; f__Fungi_k; g__Fungi_k; s__Fungi_k	fig4_q20_SE_cutadapt_unite	Cutadapt	SE	SE	Cutadapt	Fungi_k	Fungi_k
034dd71309f0853471154f43bc02abd1	UNITE	Ascomycota_p	Ascomycota_p	k__Fungi; p__Ascomycota; c__Ascomycota_p; o__Ascomycota_p; f__Ascomycota_p; g__Ascomycota_p; s__Ascomycota_p	fig4_q20_SE_cutadapt_unite	Cutadapt	SE	SE	Cutadapt	Ascomycota_p	Ascomycota_p
d7fc1469409e75228a73f2e6c5a2a3c7	UNITE	Lecanoromycetes_c	Lecanoromycetes_c	k__Fungi; p__Ascomycota; c__Lecanoromycetes; o__Lecanoromycetes_c; f__Lecanoromycetes_c; g__Lecanoromycetes_c; s__Lecanoromycetes_c	fig4_q20_SE_cutadapt_unite	Cutadapt	SE	SE	Cutadapt	Lecanoromycetes_c	Lecanoromycetes_c
e43a7fd010f2b357ee8e0655e81440be	UNITE	Fungi_k	Fungi_k	k__Fungi; p__Fungi_k; c__Fungi_k; o__Fungi_k; f__Fungi_k; g__Fungi_k; s__Fungi_k	fig4_q20_SE_cutadapt_unite	Cutadapt	SE	SE	Cutadapt	Fungi_k	Fungi_k
66b54e2a443f697f121c66c80dc95df9	UNITE	Saccharomycetales_o	Saccharomycetales_o	k__Fungi; p__Ascomycota; c__Saccharomycetes; o__Saccharomycetales; f__Saccharomycetales_o; g__Saccharomycetales_o; s__Saccharomycetales_o	fig4_q20_SE_cutadapt_unite	Cutadapt	SE	SE	Cutadapt	Saccharomycetales_o	Saccharomycetales_o
fbea4bf29a9ade946b3674af59bbdb75	UNITE	Hymenochaete	Hymenochaete_odontoides	k__Fungi; p__Basidiomycota; c__Agaricomycetes; o__Hymenochaetales; f__Hymenochaetaceae; g__Hymenochaete; s__Hymenochaete_odontoides	fig4_q20_SE_cutadapt_unite	Cutadapt	SE	SE	Cutadapt	Hymenochaete	Hymenochaete_odontoides
9a8e760195cd584b7811142a27f29b00	UNITE	Fungi_k	Fungi_k	k__Fungi; p__Fungi_k; c__Fungi_k; o__Fungi_k; f__Fungi_k; g__Fungi_k; s__Fungi_k	fig4_q20_SE_cutadapt_unite	Cutadapt	SE	SE	Cutadapt	Fungi_k	Fungi_k
b7bfeefde3acfbb774c0c51ff1d9ab5a	UNITE	Phaeosphaeriaceae_f	Phaeosphaeriaceae_f	k__Fungi; p__Ascomycota; c__Dothideomycetes; o__Pleosporales; f__Phaeosphaeriaceae; g__Phaeosphaeriaceae_f; s__Phaeosphaeriaceae_f	fig4_q20_SE_cutadapt_unite	Cutadapt	SE	SE	Cutadapt	Phaeosphaeriaceae_f	Phaeosphaeriaceae_f
9a507bbaa2506b564c6ecc67ac11ca51	UNITE	Pleosporales_o	Pleosporales_o	k__Fungi; p__Ascomycota; c__Dothideomycetes; o__Pleosporales; f__Pleosporales_o; g__Pleosporales_o; s__Pleosporales_o	fig4_q20_SE_cutadapt_unite	Cutadapt	SE	SE	Cutadapt	Pleosporales_o	Pleosporales_o
d67ec88ac6b0a4537d390059cf1dac96	UNITE	Basidiomycota_p	Basidiomycota_p	k__Fungi; p__Basidiomycota; c__Basidiomycota_p; o__Basidiomycota_p; f__Basidiomycota_p; g__Basidiomycota_p; s__Basidiomycota_p	fig4_q20_SE_cutadapt_unite	Cutadapt	SE	SE	Cutadapt	Basidiomycota_p	Basidiomycota_p
24d7b4411285b730ba3e4413dd9c2988	UNITE	Peniophoraceae_f	Peniophoraceae_f	k__Fungi; p__Basidiomycota; c__Agaricomycetes; o__Russulales; f__Peniophoraceae; g__Peniophoraceae_f; s__Peniophoraceae_f	fig4_q20_SE_cutadapt_unite	Cutadapt	SE	SE	Cutadapt	Peniophoraceae_f	Peniophoraceae_f
8c9faa9e15875e19c83d12df14a5a3ff	UNITE	Ascomycota_p	Ascomycota_p	k__Fungi; p__Ascomycota; c__Ascomycota_p; o__Ascomycota_p; f__Ascomycota_p; g__Ascomycota_p; s__Ascomycota_p	fig4_q20_SE_cutadapt_unite	Cutadapt	SE	SE	Cutadapt	Ascomycota_p	Ascomycota_p
6976a055044853c7e68d7943cfd3806a	UNITE	Fungi_k	Fungi_k	k__Fungi; p__Fungi_k; c__Fungi_k; o__Fungi_k; f__Fungi_k; g__Fungi_k; s__Fungi_k	fig4_q20_SE_cutadapt_unite	Cutadapt	SE	SE	Cutadapt	Fungi_k	Fungi_k
57953a259caf82bc29a84735e0ceb763	UNITE	Fungi_k	Fungi_k	k__Fungi; p__Fungi_k; c__Fungi_k; o__Fungi_k; f__Fungi_k; g__Fungi_k; s__Fungi_k	fig4_q20_SE_cutadapt_unite	Cutadapt	SE	SE	Cutadapt	Fungi_k	Fungi_k
c3fa753391ecc001d88bbc94b9693dd6	UNITE	Ascomycota_p	Ascomycota_p	k__Fungi; p__Ascomycota; c__Ascomycota_p; o__Ascomycota_p; f__Ascomycota_p; g__Ascomycota_p; s__Ascomycota_p	fig4_q20_SE_cutadapt_unite	Cutadapt	SE	SE	Cutadapt	Ascomycota_p	Ascomycota_p
ccd031f4267764c6dbee39b62a142b1b	UNITE	Fungi_k	Fungi_k	k__Fungi; p__Fungi_k; c__Fungi_k; o__Fungi_k; f__Fungi_k; g__Fungi_k; s__Fungi_k	fig4_q20_SE_cutadapt_unite	Cutadapt	SE	SE	Cutadapt	Fungi_k	Fungi_k
a810f4bd2f53d48fc7f37e94bf363fc4	UNITE	Fungi_k	Fungi_k	k__Fungi; p__Fungi_k; c__Fungi_k; o__Fungi_k; f__Fungi_k; g__Fungi_k; s__Fungi_k	fig4_q20_SE_cutadapt_unite	Cutadapt	SE	SE	Cutadapt	Fungi_k	Fungi_k
0e3a92d5368de742d7e37a8b3d7f4bfa	UNITE	Arthrodermataceae_f	Arthrodermataceae_f	k__Fungi; p__Ascomycota; c__Eurotiomycetes; o__Onygenales; f__Arthrodermataceae; g__Arthrodermataceae_f; s__Arthrodermataceae_f	fig4_q20_SE_cutadapt_unite	Cutadapt	SE	SE	Cutadapt	Arthrodermataceae_f	Arthrodermataceae_f
d30bd92498a8cd6f581788d3c914949d	UNITE	Penicillium	Unclassified	k__Fungi; p__Ascomycota; c__Eurotiomycetes; o__Eurotiales; f__Aspergillaceae; g__Penicillium; s__Penicillium_g	fig4_q20_SE_cutadapt_unite	Cutadapt	SE	SE	Cutadapt	Penicillium	Unclassified
94c0d2deeddd5f1e709b971ddca5b96f	UNITE	Ascomycota_p	Ascomycota_p	k__Fungi; p__Ascomycota; c__Ascomycota_p; o__Ascomycota_p; f__Ascomycota_p; g__Ascomycota_p; s__Ascomycota_p	fig4_q20_SE_cutadapt_unite	Cutadapt	SE	SE	Cutadapt	Ascomycota_p	Ascomycota_p
94dddfcdc76df2a1fd9cc9fef269a37a	UNITE	Exidia	Exidia_uvapassa	k__Fungi; p__Basidiomycota; c__Agaricomycetes; o__Auriculariales; f__Auriculariaceae; g__Exidia; s__Exidia_uvapassa	fig4_q20_SE_cutadapt_unite	Cutadapt	SE	SE	Cutadapt	Exidia	Exidia_uvapassa
3ee47f1d98e4915c5a3a26a8c46c4890	UNITE	Peniophoraceae_f	Peniophoraceae_f	k__Fungi; p__Basidiomycota; c__Agaricomycetes; o__Russulales; f__Peniophoraceae; g__Peniophoraceae_f; s__Peniophoraceae_f	fig4_q20_SE_cutadapt_unite	Cutadapt	SE	SE	Cutadapt	Peniophoraceae_f	Peniophoraceae_f
6d5d5e8e8195643d12ad9f89722821ba	UNITE	Periconia	Periconia_celtidis	k__Fungi; p__Ascomycota; c__Dothideomycetes; o__Pleosporales; f__Periconiaceae; g__Periconia; s__Periconia_celtidis	fig4_q20_SE_cutadapt_unite	Cutadapt	SE	SE	Cutadapt	Periconia	Periconia_celtidis
4f6650e0c14cacd7abd09857e6585ff4	UNITE	Basidiomycota_p	Basidiomycota_p	k__Fungi; p__Basidiomycota; c__Basidiomycota_p; o__Basidiomycota_p; f__Basidiomycota_p; g__Basidiomycota_p; s__Basidiomycota_p	fig4_q20_SE_cutadapt_unite	Cutadapt	SE	SE	Cutadapt	Basidiomycota_p	Basidiomycota_p
d6cc98cce9c2687e7e03206bda7d9f64	UNITE	Peniophoraceae_f	Peniophoraceae_f	k__Fungi; p__Basidiomycota; c__Agaricomycetes; o__Russulales; f__Peniophoraceae; g__Peniophoraceae_f; s__Peniophoraceae_f	fig4_q20_SE_cutadapt_unite	Cutadapt	SE	SE	Cutadapt	Peniophoraceae_f	Peniophoraceae_f
ccf3654d7cb955da43f548b2d4a6463a	UNITE	Hyphodontia	Hyphodontia_tropica	k__Fungi; p__Basidiomycota; c__Agaricomycetes; o__Hymenochaetales; f__Schizoporaceae; g__Hyphodontia; s__Hyphodontia_tropica	fig4_q20_SE_cutadapt_unite	Cutadapt	SE	SE	Cutadapt	Hyphodontia	Hyphodontia_tropica
1540d97c8f1d072ae65b7a4c33585746	UNITE	Thelebolus	Unclassified	k__Fungi; p__Ascomycota; c__Leotiomycetes; o__Thelebolales; f__Thelebolaceae; g__Thelebolus; s__Thelebolus_g	fig4_q20_SE_cutadapt_unite	Cutadapt	SE	SE	Cutadapt	Thelebolus	Unclassified
7332820fcc90af10ffa68c99d5c2d874	UNITE	Ascomycota_p	Ascomycota_p	k__Fungi; p__Ascomycota; c__Ascomycota_p; o__Ascomycota_p; f__Ascomycota_p; g__Ascomycota_p; s__Ascomycota_p	fig4_q20_SE_cutadapt_unite	Cutadapt	SE	SE	Cutadapt	Ascomycota_p	Ascomycota_p
6e82328c42ba7c3e6116b76beafea40d	UNITE	Fungi_k	Fungi_k	k__Fungi; p__Fungi_k; c__Fungi_k; o__Fungi_k; f__Fungi_k; g__Fungi_k; s__Fungi_k	fig4_q20_SE_cutadapt_unite	Cutadapt	SE	SE	Cutadapt	Fungi_k	Fungi_k
05b496404be4e237c87028a88f649e1a	UNITE	Ascomycota_p	Ascomycota_p	k__Fungi; p__Ascomycota; c__Ascomycota_p; o__Ascomycota_p; f__Ascomycota_p; g__Ascomycota_p; s__Ascomycota_p	fig4_q20_SE_cutadapt_unite	Cutadapt	SE	SE	Cutadapt	Ascomycota_p	Ascomycota_p
bfd09568df5b64763bb30e17f8d02f3c	UNITE	Fungi_k	Fungi_k	k__Fungi; p__Fungi_k; c__Fungi_k; o__Fungi_k; f__Fungi_k; g__Fungi_k; s__Fungi_k	fig4_q20_SE_cutadapt_unite	Cutadapt	SE	SE	Cutadapt	Fungi_k	Fungi_k
0fb48a8ab7edb9fc5d7e0721fd6a71ed	UNITE	Fungi_k	Fungi_k	k__Fungi; p__Fungi_k; c__Fungi_k; o__Fungi_k; f__Fungi_k; g__Fungi_k; s__Fungi_k	fig4_q20_SE_cutadapt_unite	Cutadapt	SE	SE	Cutadapt	Fungi_k	Fungi_k
dd36eed9b61d37d408572443dac7a3cd	UNITE	Fungi_k	Fungi_k	k__Fungi; p__Fungi_k; c__Fungi_k; o__Fungi_k; f__Fungi_k; g__Fungi_k; s__Fungi_k	fig4_q20_SE_cutadapt_unite	Cutadapt	SE	SE	Cutadapt	Fungi_k	Fungi_k
b407c9e0ae8d92182c419ee74b4da114	UNITE	Fungi_k	Fungi_k	k__Fungi; p__Fungi_k; c__Fungi_k; o__Fungi_k; f__Fungi_k; g__Fungi_k; s__Fungi_k	fig4_q20_SE_cutadapt_unite	Cutadapt	SE	SE	Cutadapt	Fungi_k	Fungi_k
1c8aea5d6f2451aac5a804b66803af1e	UNITE	Fungi_k	Fungi_k	k__Fungi; p__Fungi_k; c__Fungi_k; o__Fungi_k; f__Fungi_k; g__Fungi_k; s__Fungi_k	fig4_q20_SE_cutadapt_unite	Cutadapt	SE	SE	Cutadapt	Fungi_k	Fungi_k
4d1c9fd884a315a755aa7c59427b2d62	UNITE	Phanerochaete	Unclassified	k__Fungi; p__Basidiomycota; c__Agaricomycetes; o__Polyporales; f__Phanerochaetaceae; g__Phanerochaete; s__Phanerochaete_g	fig4_q20_SE_cutadapt_unite	Cutadapt	SE	SE	Cutadapt	Phanerochaete	Unclassified
6e0e8ddf7043ec51d326dff163480dc7	UNITE	Neosetophoma	Neosetophoma_guiyangensis	k__Fungi; p__Ascomycota; c__Dothideomycetes; o__Pleosporales; f__Phaeosphaeriaceae; g__Neosetophoma; s__Neosetophoma_guiyangensis	fig4_q20_SE_cutadapt_unite	Cutadapt	SE	SE	Cutadapt	Neosetophoma	Neosetophoma_guiyangensis
f3668a5d3a3b9ae5ec04a62d6b276380	UNITE	Ascomycota_p	Ascomycota_p	k__Fungi; p__Ascomycota; c__Ascomycota_p; o__Ascomycota_p; f__Ascomycota_p; g__Ascomycota_p; s__Ascomycota_p	fig4_q20_SE_cutadapt_unite	Cutadapt	SE	SE	Cutadapt	Ascomycota_p	Ascomycota_p
3ca224352821ab4798e0ab4bb73ab267	UNITE	Mycoaciella	Mycoaciella_efibulata	k__Fungi; p__Basidiomycota; c__Agaricomycetes; o__Polyporales; f__Meruliaceae; g__Mycoaciella; s__Mycoaciella_efibulata	fig4_q20_SE_cutadapt_unite	Cutadapt	SE	SE	Cutadapt	Mycoaciella	Mycoaciella_efibulata
4829c7cee3b18ec5924817979293801f	UNITE	Sistotrema	Sistotrema_brinkmannii	k__Fungi; p__Basidiomycota; c__Agaricomycetes; o__Cantharellales; f__Hydnaceae; g__Sistotrema; s__Sistotrema_brinkmannii	fig4_q20_SE_cutadapt_unite	Cutadapt	SE	SE	Cutadapt	Sistotrema	Sistotrema_brinkmannii
b0ae62f3189358ff6ca6e936a7f09b21	UNITE	Trametes	Trametes_hirsuta	k__Fungi; p__Basidiomycota; c__Agaricomycetes; o__Polyporales; f__Polyporaceae; g__Trametes; s__Trametes_hirsuta	fig4_q20_SE_cutadapt_unite	Cutadapt	SE	SE	Cutadapt	Trametes	Trametes_hirsuta
397362a873a8f2418d7c6e6697262abc	UNITE	Agaricales_o	Agaricales_o	k__Fungi; p__Basidiomycota; c__Agaricomycetes; o__Agaricales; f__Agaricales_o; g__Agaricales_o; s__Agaricales_o	fig4_q20_SE_cutadapt_unite	Cutadapt	SE	SE	Cutadapt	Agaricales_o	Agaricales_o
c7e72cd68f619fbd50765269dd08f1d2	UNITE	Butyrea	Butyrea_japonica	k__Fungi; p__Basidiomycota; c__Agaricomycetes; o__Polyporales; f__Steccherinaceae; g__Butyrea; s__Butyrea_japonica	fig4_q20_SE_cutadapt_unite	Cutadapt	SE	SE	Cutadapt	Butyrea	Butyrea_japonica
c12e357adf22e7dfbf24ddb92f3e037b	UNITE	Leptospora	Unclassified	k__Fungi; p__Ascomycota; c__Dothideomycetes; o__Pleosporales; f__Phaeosphaeriaceae; g__Leptospora; s__Leptospora_g	fig4_q20_SE_cutadapt_unite	Cutadapt	SE	SE	Cutadapt	Leptospora	Unclassified
a5fb812775e585a48c8358419981538a	UNITE	Scopuloides	Unclassified	k__Fungi; p__Basidiomycota; c__Agaricomycetes; o__Polyporales; f__Meruliaceae; g__Scopuloides; s__Scopuloides_g	fig4_q20_SE_cutadapt_unite	Cutadapt	SE	SE	Cutadapt	Scopuloides	Unclassified
ef16d0695cbd2892a71d4e49c28bd4ea	UNITE	Trametes	Trametes_hirsuta	k__Fungi; p__Basidiomycota; c__Agaricomycetes; o__Polyporales; f__Polyporaceae; g__Trametes; s__Trametes_hirsuta	fig4_q20_SE_cutadapt_unite	Cutadapt	SE	SE	Cutadapt	Trametes	Trametes_hirsuta
59e39ce5b0fa28367628aaac73e3ace5	UNITE	Fungi_k	Fungi_k	k__Fungi; p__Fungi_k; c__Fungi_k; o__Fungi_k; f__Fungi_k; g__Fungi_k; s__Fungi_k	fig4_q20_SE_cutadapt_unite	Cutadapt	SE	SE	Cutadapt	Fungi_k	Fungi_k
a8667283551f577f6feb70486539d8d1	UNITE	Ascomycota_p	Ascomycota_p	k__Fungi; p__Ascomycota; c__Ascomycota_p; o__Ascomycota_p; f__Ascomycota_p; g__Ascomycota_p; s__Ascomycota_p	fig4_q20_SE_cutadapt_unite	Cutadapt	SE	SE	Cutadapt	Ascomycota_p	Ascomycota_p
9ab532e02e09a25a4e7fc6d767fa9aa1	UNITE	Fungi_k	Fungi_k	k__Fungi; p__Fungi_k; c__Fungi_k; o__Fungi_k; f__Fungi_k; g__Fungi_k; s__Fungi_k	fig4_q20_SE_cutadapt_unite	Cutadapt	SE	SE	Cutadapt	Fungi_k	Fungi_k
cc654ac138d65ef720d9e6927b4275cf	UNITE	Ascomycota_p	Ascomycota_p	k__Fungi; p__Ascomycota; c__Ascomycota_p; o__Ascomycota_p; f__Ascomycota_p; g__Ascomycota_p; s__Ascomycota_p	fig4_q20_SE_cutadapt_unite	Cutadapt	SE	SE	Cutadapt	Ascomycota_p	Ascomycota_p
e7d607347edf89506f50e84573edc326	UNITE	Ascomycota_p	Ascomycota_p	k__Fungi; p__Ascomycota; c__Ascomycota_p; o__Ascomycota_p; f__Ascomycota_p; g__Ascomycota_p; s__Ascomycota_p	fig4_q20_SE_cutadapt_unite	Cutadapt	SE	SE	Cutadapt	Ascomycota_p	Ascomycota_p
9382063e0b2044656cf90225daa688cc	UNITE	Ascomycota_p	Ascomycota_p	k__Fungi; p__Ascomycota; c__Ascomycota_p; o__Ascomycota_p; f__Ascomycota_p; g__Ascomycota_p; s__Ascomycota_p	fig4_q20_SE_cutadapt_unite	Cutadapt	SE	SE	Cutadapt	Ascomycota_p	Ascomycota_p
1f918dc743f502eb0290572adf274b34	UNITE	Fungi_k	Fungi_k	k__Fungi; p__Fungi_k; c__Fungi_k; o__Fungi_k; f__Fungi_k; g__Fungi_k; s__Fungi_k	fig4_q20_SE_cutadapt_unite	Cutadapt	SE	SE	Cutadapt	Fungi_k	Fungi_k
4951881ce90885c4c3b8b071badab83f	UNITE	Fungi_k	Fungi_k	k__Fungi; p__Fungi_k; c__Fungi_k; o__Fungi_k; f__Fungi_k; g__Fungi_k; s__Fungi_k	fig4_q20_SE_cutadapt_unite	Cutadapt	SE	SE	Cutadapt	Fungi_k	Fungi_k
43f18b9991f72cfc8bf12cbd1b48c96b	UNITE	Fungi_k	Fungi_k	k__Fungi; p__Fungi_k; c__Fungi_k; o__Fungi_k; f__Fungi_k; g__Fungi_k; s__Fungi_k	fig4_q20_SE_cutadapt_unite	Cutadapt	SE	SE	Cutadapt	Fungi_k	Fungi_k
1b2e8a0293b43f376c41093828fde254	UNITE	Trametes	Trametes_versicolor	k__Fungi; p__Basidiomycota; c__Agaricomycetes; o__Polyporales; f__Polyporaceae; g__Trametes; s__Trametes_versicolor	fig4_q20_SE_cutadapt_unite	Cutadapt	SE	SE	Cutadapt	Trametes	Trametes_versicolor
b7961057390a6c976529ef24c7f377f3	UNITE	Fungi_k	Fungi_k	k__Fungi; p__Fungi_k; c__Fungi_k; o__Fungi_k; f__Fungi_k; g__Fungi_k; s__Fungi_k	fig4_q20_SE_cutadapt_unite	Cutadapt	SE	SE	Cutadapt	Fungi_k	Fungi_k
29d62dfd66a91504472270a3fc584aad	UNITE	Saccharomyces	Unclassified	k__Fungi; p__Ascomycota; c__Saccharomycetes; o__Saccharomycetales; f__Saccharomycetaceae; g__Saccharomyces; s__Saccharomyces_g	fig4_q20_SE_cutadapt_unite	Cutadapt	SE	SE	Cutadapt	Saccharomyces	Unclassified
61645f9cde6903edbbd03f5235efd2d1	UNITE	Pleurotus	Pleurotus_ostreatus	k__Fungi; p__Basidiomycota; c__Agaricomycetes; o__Agaricales; f__Pleurotaceae; g__Pleurotus; s__Pleurotus_ostreatus	fig4_q20_SE_cutadapt_unite	Cutadapt	SE	SE	Cutadapt	Pleurotus	Pleurotus_ostreatus
ab4ff24c6768499d28626cb4e300616a	UNITE	Mycoaciella	Mycoaciella_efibulata	k__Fungi; p__Basidiomycota; c__Agaricomycetes; o__Polyporales; f__Meruliaceae; g__Mycoaciella; s__Mycoaciella_efibulata	fig4_q20_SE_cutadapt_unite	Cutadapt	SE	SE	Cutadapt	Mycoaciella	Mycoaciella_efibulata
4b3032f1ababa735f461201a632784c8	UNITE	Phlebia	Phlebia_acanthocystis	k__Fungi; p__Basidiomycota; c__Agaricomycetes; o__Polyporales; f__Meruliaceae; g__Phlebia; s__Phlebia_acanthocystis	fig4_q20_SE_cutadapt_unite	Cutadapt	SE	SE	Cutadapt	Phlebia	Phlebia_acanthocystis
fa6042518061af83ea6007686638c607	UNITE	Fungi_k	Fungi_k	k__Fungi; p__Fungi_k; c__Fungi_k; o__Fungi_k; f__Fungi_k; g__Fungi_k; s__Fungi_k	fig4_q20_SE_cutadapt_unite	Cutadapt	SE	SE	Cutadapt	Fungi_k	Fungi_k
0f360b09103c67271c91a7874e444b09	UNITE	Dentipellis	Dentipellis_fragilis	k__Fungi; p__Basidiomycota; c__Agaricomycetes; o__Russulales; f__Hericiaceae; g__Dentipellis; s__Dentipellis_fragilis	fig4_q20_SE_cutadapt_unite	Cutadapt	SE	SE	Cutadapt	Dentipellis	Dentipellis_fragilis
679ca3aecfbd02b0d7659b6327a70872	UNITE	Ascomycota_p	Ascomycota_p	k__Fungi; p__Ascomycota; c__Ascomycota_p; o__Ascomycota_p; f__Ascomycota_p; g__Ascomycota_p; s__Ascomycota_p	fig4_q20_SE_cutadapt_unite	Cutadapt	SE	SE	Cutadapt	Ascomycota_p	Ascomycota_p
16703d0a4083f43db27f62158cbd405a	UNITE	Ophiosphaerella	Ophiosphaerella_chiangraiensis	k__Fungi; p__Ascomycota; c__Dothideomycetes; o__Pleosporales; f__Phaeosphaeriaceae; g__Ophiosphaerella; s__Ophiosphaerella_chiangraiensis	fig4_q20_SE_cutadapt_unite	Cutadapt	SE	SE	Cutadapt	Ophiosphaerella	Ophiosphaerella_chiangraiensis
fed98bc28374334a8e2df19c0ed70b46	UNITE	Peniophoraceae_f	Peniophoraceae_f	k__Fungi; p__Basidiomycota; c__Agaricomycetes; o__Russulales; f__Peniophoraceae; g__Peniophoraceae_f; s__Peniophoraceae_f	fig4_q20_SE_cutadapt_unite	Cutadapt	SE	SE	Cutadapt	Peniophoraceae_f	Peniophoraceae_f
c7ddb05d44bb0ae81e055fa6ff76c7ad	UNITE	Phanerochaete	Phanerochaete_cumulodentata	k__Fungi; p__Basidiomycota; c__Agaricomycetes; o__Polyporales; f__Phanerochaetaceae; g__Phanerochaete; s__Phanerochaete_cumulodentata	fig4_q20_SE_cutadapt_unite	Cutadapt	SE	SE	Cutadapt	Phanerochaete	Phanerochaete_cumulodentata
88be853cbd81bb124d987055745dd220	UNITE	Trechisporales_o	Trechisporales_o	k__Fungi; p__Basidiomycota; c__Agaricomycetes; o__Trechisporales; f__Trechisporales_o; g__Trechisporales_o; s__Trechisporales_o	fig4_q20_SE_cutadapt_unite	Cutadapt	SE	SE	Cutadapt	Trechisporales_o	Trechisporales_o
f1997867c1a1b8dbf76c227712592c2b	UNITE	Mycoaciella	Mycoaciella_efibulata	k__Fungi; p__Basidiomycota; c__Agaricomycetes; o__Polyporales; f__Meruliaceae; g__Mycoaciella; s__Mycoaciella_efibulata	fig4_q20_SE_cutadapt_unite	Cutadapt	SE	SE	Cutadapt	Mycoaciella	Mycoaciella_efibulata
224d56ff798feaccbf5f4ce5eaf3ded3	UNITE	Stereaceae_f	Stereaceae_f	k__Fungi; p__Basidiomycota; c__Agaricomycetes; o__Russulales; f__Stereaceae; g__Stereaceae_f; s__Stereaceae_f	fig4_q20_SE_cutadapt_unite	Cutadapt	SE	SE	Cutadapt	Stereaceae_f	Stereaceae_f
b26396e1664e227b62d104f34fd92b40	UNITE	Hyphoderma	Hyphoderma_setigerum	k__Fungi; p__Basidiomycota; c__Agaricomycetes; o__Polyporales; f__Hyphodermataceae; g__Hyphoderma; s__Hyphoderma_setigerum	fig4_q20_SE_cutadapt_unite	Cutadapt	SE	SE	Cutadapt	Hyphoderma	Hyphoderma_setigerum
6ff253a77431f16f031f09943020be98	UNITE	Polyporales_o	Polyporales_o	k__Fungi; p__Basidiomycota; c__Agaricomycetes; o__Polyporales; f__Polyporales_o; g__Polyporales_o; s__Polyporales_o	fig4_q20_SE_cutadapt_unite	Cutadapt	SE	SE	Cutadapt	Polyporales_o	Polyporales_o
f948e144edae90d5a6361cefa3a96d1e	UNITE	Peniophoraceae_f	Peniophoraceae_f	k__Fungi; p__Basidiomycota; c__Agaricomycetes; o__Russulales; f__Peniophoraceae; g__Peniophoraceae_f; s__Peniophoraceae_f	fig4_q20_SE_cutadapt_unite	Cutadapt	SE	SE	Cutadapt	Peniophoraceae_f	Peniophoraceae_f
a554710d9573066da22c4a4f87f01d3a	UNITE	Clitopilus	Clitopilus_baronii	k__Fungi; p__Basidiomycota; c__Agaricomycetes; o__Agaricales; f__Entolomataceae; g__Clitopilus; s__Clitopilus_baronii	fig4_q20_SE_cutadapt_unite	Cutadapt	SE	SE	Cutadapt	Clitopilus	Clitopilus_baronii
dedfb065825f7af0f11dc63cd4a5b596	UNITE	Fungi_k	Fungi_k	k__Fungi; p__Fungi_k; c__Fungi_k; o__Fungi_k; f__Fungi_k; g__Fungi_k; s__Fungi_k	fig4_q20_SE_cutadapt_unite	Cutadapt	SE	SE	Cutadapt	Fungi_k	Fungi_k
8abbc3706d83fc336ad674b159566a26	UNITE	Ophiognomonia	Ophiognomonia_asiatica	k__Fungi; p__Ascomycota; c__Sordariomycetes; o__Diaporthales; f__Gnomoniaceae; g__Ophiognomonia; s__Ophiognomonia_asiatica	fig4_q20_SE_cutadapt_unite	Cutadapt	SE	SE	Cutadapt	Ophiognomonia	Ophiognomonia_asiatica
cc572ce0686826cfa6fa0474048bea08	UNITE	Phlebiopsis	Phlebiopsis_gigantea	k__Fungi; p__Basidiomycota; c__Agaricomycetes; o__Polyporales; f__Phanerochaetaceae; g__Phlebiopsis; s__Phlebiopsis_gigantea	fig4_q20_SE_cutadapt_unite	Cutadapt	SE	SE	Cutadapt	Phlebiopsis	Phlebiopsis_gigantea
a0e94e321165b221002d4815536f2eea	UNITE	Ceratobasidium	Unclassified	k__Fungi; p__Basidiomycota; c__Agaricomycetes; o__Cantharellales; f__Ceratobasidiaceae; g__Ceratobasidium; s__Ceratobasidium_g	fig4_q20_SE_cutadapt_unite	Cutadapt	SE	SE	Cutadapt	Ceratobasidium	Unclassified
17952accf0a19bde02e3576f0b21a02f	UNITE	Paraphoma	Unclassified	k__Fungi; p__Ascomycota; c__Dothideomycetes; o__Pleosporales; f__Phaeosphaeriaceae; g__Paraphoma; s__Paraphoma_g	fig4_q20_SE_cutadapt_unite	Cutadapt	SE	SE	Cutadapt	Paraphoma	Unclassified
ee7eded8ff16d52a1a8b95d1ac582d73	UNITE	Xylodon	Xylodon_flaviporus	k__Fungi; p__Basidiomycota; c__Agaricomycetes; o__Hymenochaetales; f__Schizoporaceae; g__Xylodon; s__Xylodon_flaviporus	fig4_q20_SE_cutadapt_unite	Cutadapt	SE	SE	Cutadapt	Xylodon	Xylodon_flaviporus
c2e2bbe0f275c3ae873e4c8011264301	UNITE	Fungi_k	Fungi_k	k__Fungi; p__Fungi_k; c__Fungi_k; o__Fungi_k; f__Fungi_k; g__Fungi_k; s__Fungi_k	fig4_q20_SE_cutadapt_unite	Cutadapt	SE	SE	Cutadapt	Fungi_k	Fungi_k
4bfd955490a13cf9d93564394b8053c5	UNITE	Ascomycota_p	Ascomycota_p	k__Fungi; p__Ascomycota; c__Ascomycota_p; o__Ascomycota_p; f__Ascomycota_p; g__Ascomycota_p; s__Ascomycota_p	fig4_q20_SE_cutadapt_unite	Cutadapt	SE	SE	Cutadapt	Ascomycota_p	Ascomycota_p
c2084f73dc59a63c76060a2d438c90dd	UNITE	Ascomycota_p	Ascomycota_p	k__Fungi; p__Ascomycota; c__Ascomycota_p; o__Ascomycota_p; f__Ascomycota_p; g__Ascomycota_p; s__Ascomycota_p	fig4_q20_SE_cutadapt_unite	Cutadapt	SE	SE	Cutadapt	Ascomycota_p	Ascomycota_p
588b3566dfb1cd5eec4c04e15e8a68e4	UNITE	Fungi_k	Fungi_k	k__Fungi; p__Fungi_k; c__Fungi_k; o__Fungi_k; f__Fungi_k; g__Fungi_k; s__Fungi_k	fig4_q20_SE_cutadapt_unite	Cutadapt	SE	SE	Cutadapt	Fungi_k	Fungi_k
ff27b8703c571d06a3bb9d893ed7daea	UNITE	Fungi_k	Fungi_k	k__Fungi; p__Fungi_k; c__Fungi_k; o__Fungi_k; f__Fungi_k; g__Fungi_k; s__Fungi_k	fig4_q20_SE_cutadapt_unite	Cutadapt	SE	SE	Cutadapt	Fungi_k	Fungi_k
31169ddba661462ce73f8c72d905380f	UNITE	Lecanoromycetes_c	Lecanoromycetes_c	k__Fungi; p__Ascomycota; c__Lecanoromycetes; o__Lecanoromycetes_c; f__Lecanoromycetes_c; g__Lecanoromycetes_c; s__Lecanoromycetes_c	fig4_q20_SE_cutadapt_unite	Cutadapt	SE	SE	Cutadapt	Lecanoromycetes_c	Lecanoromycetes_c
dd9306fa59efb8e9ea6247ed456a2325	UNITE	Ascomycota_p	Ascomycota_p	k__Fungi; p__Ascomycota; c__Ascomycota_p; o__Ascomycota_p; f__Ascomycota_p; g__Ascomycota_p; s__Ascomycota_p	fig4_q20_SE_cutadapt_unite	Cutadapt	SE	SE	Cutadapt	Ascomycota_p	Ascomycota_p
6f44fdcac884f9349154a511f9ec5467	UNITE	Fungi_k	Fungi_k	k__Fungi; p__Fungi_k; c__Fungi_k; o__Fungi_k; f__Fungi_k; g__Fungi_k; s__Fungi_k	fig4_q20_SE_cutadapt_unite	Cutadapt	SE	SE	Cutadapt	Fungi_k	Fungi_k
e98dc9729afccefe7d09d64fb570d0f7	UNITE	Fungi_k	Fungi_k	k__Fungi; p__Fungi_k; c__Fungi_k; o__Fungi_k; f__Fungi_k; g__Fungi_k; s__Fungi_k	fig4_q20_SE_cutadapt_unite	Cutadapt	SE	SE	Cutadapt	Fungi_k	Fungi_k
f94cceab17230de007f8fd723ae80e47	UNITE	Ascomycota_p	Ascomycota_p	k__Fungi; p__Ascomycota; c__Ascomycota_p; o__Ascomycota_p; f__Ascomycota_p; g__Ascomycota_p; s__Ascomycota_p	fig4_q20_SE_cutadapt_unite	Cutadapt	SE	SE	Cutadapt	Ascomycota_p	Ascomycota_p
891d74d20e746b1fb0158d4e1d1738cf	UNITE	Fungi_k	Fungi_k	k__Fungi; p__Fungi_k; c__Fungi_k; o__Fungi_k; f__Fungi_k; g__Fungi_k; s__Fungi_k	fig4_q20_SE_cutadapt_unite	Cutadapt	SE	SE	Cutadapt	Fungi_k	Fungi_k
e56ef4932dbe840d72fbf03dd085350e	UNITE	Fungi_k	Fungi_k	k__Fungi; p__Fungi_k; c__Fungi_k; o__Fungi_k; f__Fungi_k; g__Fungi_k; s__Fungi_k	fig4_q20_SE_cutadapt_unite	Cutadapt	SE	SE	Cutadapt	Fungi_k	Fungi_k
f6f997289cd3527af5c901a89ed81029	UNITE	Ascomycota_p	Ascomycota_p	k__Fungi; p__Ascomycota; c__Ascomycota_p; o__Ascomycota_p; f__Ascomycota_p; g__Ascomycota_p; s__Ascomycota_p	fig4_q20_SE_cutadapt_unite	Cutadapt	SE	SE	Cutadapt	Ascomycota_p	Ascomycota_p
210606b4fff7f1b545874ba7442c65b1	UNITE	Ascomycota_p	Ascomycota_p	k__Fungi; p__Ascomycota; c__Ascomycota_p; o__Ascomycota_p; f__Ascomycota_p; g__Ascomycota_p; s__Ascomycota_p	fig4_q20_SE_cutadapt_unite	Cutadapt	SE	SE	Cutadapt	Ascomycota_p	Ascomycota_p
75460142a37c38afe494aff9cc6ce051	UNITE	Fungi_k	Fungi_k	k__Fungi; p__Fungi_k; c__Fungi_k; o__Fungi_k; f__Fungi_k; g__Fungi_k; s__Fungi_k	fig4_q20_SE_cutadapt_unite	Cutadapt	SE	SE	Cutadapt	Fungi_k	Fungi_k
ccd3ca0ed71b6faaaccf15455d97d962	UNITE	Fungi_k	Fungi_k	k__Fungi; p__Fungi_k; c__Fungi_k; o__Fungi_k; f__Fungi_k; g__Fungi_k; s__Fungi_k	fig4_q20_SE_cutadapt_unite	Cutadapt	SE	SE	Cutadapt	Fungi_k	Fungi_k
88f640a131f23acf2803c6557908e825	UNITE	Ascomycota_p	Ascomycota_p	k__Fungi; p__Ascomycota; c__Ascomycota_p; o__Ascomycota_p; f__Ascomycota_p; g__Ascomycota_p; s__Ascomycota_p	fig4_q20_SE_cutadapt_unite	Cutadapt	SE	SE	Cutadapt	Ascomycota_p	Ascomycota_p
aff14a00453aec3e51788b5e8539956b	UNITE	Fungi_k	Fungi_k	k__Fungi; p__Fungi_k; c__Fungi_k; o__Fungi_k; f__Fungi_k; g__Fungi_k; s__Fungi_k	fig4_q20_SE_cutadapt_unite	Cutadapt	SE	SE	Cutadapt	Fungi_k	Fungi_k
24b8daa5b10dcf42144074fc7fbfb3d6	UNITE	Ascomycota_p	Ascomycota_p	k__Fungi; p__Ascomycota; c__Ascomycota_p; o__Ascomycota_p; f__Ascomycota_p; g__Ascomycota_p; s__Ascomycota_p	fig4_q20_SE_cutadapt_unite	Cutadapt	SE	SE	Cutadapt	Ascomycota_p	Ascomycota_p
127a250c366f54f7a8ff08616edff9c2	UNITE	Fungi_k	Fungi_k	k__Fungi; p__Fungi_k; c__Fungi_k; o__Fungi_k; f__Fungi_k; g__Fungi_k; s__Fungi_k	fig4_q20_SE_cutadapt_unite	Cutadapt	SE	SE	Cutadapt	Fungi_k	Fungi_k
fa57fefba85d6dff32089d0e358627f0	UNITE	Fungi_k	Fungi_k	k__Fungi; p__Fungi_k; c__Fungi_k; o__Fungi_k; f__Fungi_k; g__Fungi_k; s__Fungi_k	fig4_q20_SE_cutadapt_unite	Cutadapt	SE	SE	Cutadapt	Fungi_k	Fungi_k
1ad0453306a32c66b7332becae773259	UNITE	Rhizoplaca	Rhizoplaca_novomexicana	k__Fungi; p__Ascomycota; c__Lecanoromycetes; o__Lecanorales; f__Lecanoraceae; g__Rhizoplaca; s__Rhizoplaca_novomexicana	fig4_q20_SE_cutadapt_unite	Cutadapt	SE	SE	Cutadapt	Rhizoplaca	Rhizoplaca_novomexicana
9c70c6df883ccc8bc958aa9b237f3dcd	UNITE	Leptosillia	Unclassified	k__Fungi; p__Ascomycota; c__Sordariomycetes; o__Xylariales; f__Leptosilliaceae; g__Leptosillia; s__Leptosillia_g	fig4_q20_SE_cutadapt_unite	Cutadapt	SE	SE	Cutadapt	Leptosillia	Unclassified
6c1fc4704aa612ba09b1cc742f0c67b2	UNITE	Pichia	Pichia_kudriavzevii	k__Fungi; p__Ascomycota; c__Saccharomycetes; o__Saccharomycetales; f__Pichiaceae; g__Pichia; s__Pichia_kudriavzevii	fig4_q20_SE_cutadapt_unite	Cutadapt	SE	SE	Cutadapt	Pichia	Pichia_kudriavzevii
3e386a41fce9acea998443c7cd0b8976	UNITE	Dothideomycetes_c	Dothideomycetes_c	k__Fungi; p__Ascomycota; c__Dothideomycetes; o__Dothideomycetes_c; f__Dothideomycetes_c; g__Dothideomycetes_c; s__Dothideomycetes_c	fig4_q20_SE_cutadapt_unite	Cutadapt	SE	SE	Cutadapt	Dothideomycetes_c	Dothideomycetes_c
b3243e1a3accfd9f8cc3834cc9ca2539	UNITE	Saccharomycetales_o	Saccharomycetales_o	k__Fungi; p__Ascomycota; c__Saccharomycetes; o__Saccharomycetales; f__Saccharomycetales_o; g__Saccharomycetales_o; s__Saccharomycetales_o	fig4_q20_SE_cutadapt_unite	Cutadapt	SE	SE	Cutadapt	Saccharomycetales_o	Saccharomycetales_o
38b1cb46f1899335c80c5e172caaf2c2	UNITE	Schizophyllum	Schizophyllum_commune	k__Fungi; p__Basidiomycota; c__Agaricomycetes; o__Agaricales; f__Schizophyllaceae; g__Schizophyllum; s__Schizophyllum_commune	fig4_q20_SE_cutadapt_unite	Cutadapt	SE	SE	Cutadapt	Schizophyllum	Schizophyllum_commune
ab861263ab8cf4788c4354708ba995e6	UNITE	Schizophyllum	Schizophyllum_commune	k__Fungi; p__Basidiomycota; c__Agaricomycetes; o__Agaricales; f__Schizophyllaceae; g__Schizophyllum; s__Schizophyllum_commune	fig4_q20_SE_cutadapt_unite	Cutadapt	SE	SE	Cutadapt	Schizophyllum	Schizophyllum_commune
0d3edc0897c2b3a22e9e71d741ee679e	UNITE	Cystofilobasidium	Cystofilobasidium_capitatum	k__Fungi; p__Basidiomycota; c__Tremellomycetes; o__Cystofilobasidiales; f__Cystofilobasidiaceae; g__Cystofilobasidium; s__Cystofilobasidium_capitatum	fig4_q20_SE_cutadapt_unite	Cutadapt	SE	SE	Cutadapt	Cystofilobasidium	Cystofilobasidium_capitatum
bab512ce52e946dd049bf21f3f71d7f8	UNITE	Ophiosphaerella	Ophiosphaerella_chiangraiensis	k__Fungi; p__Ascomycota; c__Dothideomycetes; o__Pleosporales; f__Phaeosphaeriaceae; g__Ophiosphaerella; s__Ophiosphaerella_chiangraiensis	fig4_q20_SE_cutadapt_unite	Cutadapt	SE	SE	Cutadapt	Ophiosphaerella	Ophiosphaerella_chiangraiensis
3307422fad2c09efd87bd795d113550c	UNITE	Xylodon	Xylodon_exilis	k__Fungi; p__Basidiomycota; c__Agaricomycetes; o__Hymenochaetales; f__Schizoporaceae; g__Xylodon; s__Xylodon_exilis	fig4_q20_SE_cutadapt_unite	Cutadapt	SE	SE	Cutadapt	Xylodon	Xylodon_exilis
8d231a317ba8cf704dcdc9a1d5d1de99	UNITE	Polyporales_o	Polyporales_o	k__Fungi; p__Basidiomycota; c__Agaricomycetes; o__Polyporales; f__Polyporales_o; g__Polyporales_o; s__Polyporales_o	fig4_q20_SE_cutadapt_unite	Cutadapt	SE	SE	Cutadapt	Polyporales_o	Polyporales_o
f212910f88c465884b6e3ce383c1d163	UNITE	Hyphodontia	Hyphodontia_tropica	k__Fungi; p__Basidiomycota; c__Agaricomycetes; o__Hymenochaetales; f__Schizoporaceae; g__Hyphodontia; s__Hyphodontia_tropica	fig4_q20_SE_cutadapt_unite	Cutadapt	SE	SE	Cutadapt	Hyphodontia	Hyphodontia_tropica
103944e65cf9b9d2dac28c3bd3fabb2e	UNITE	Polyporales_o	Polyporales_o	k__Fungi; p__Basidiomycota; c__Agaricomycetes; o__Polyporales; f__Polyporales_o; g__Polyporales_o; s__Polyporales_o	fig4_q20_SE_cutadapt_unite	Cutadapt	SE	SE	Cutadapt	Polyporales_o	Polyporales_o
56c2041c40052605a6924e3e9ceef831	UNITE	Pluteus	Pluteus_castroae	k__Fungi; p__Basidiomycota; c__Agaricomycetes; o__Agaricales; f__Pluteaceae; g__Pluteus; s__Pluteus_castroae	fig4_q20_SE_cutadapt_unite	Cutadapt	SE	SE	Cutadapt	Pluteus	Pluteus_castroae
861e3c2d2e021bc75d515a994d56517e	UNITE	Mollisia	Unclassified	k__Fungi; p__Ascomycota; c__Leotiomycetes; o__Helotiales; f__Mollisiaceae; g__Mollisia; s__Mollisia_g	fig4_q20_SE_cutadapt_unite	Cutadapt	SE	SE	Cutadapt	Mollisia	Unclassified
44ea276590eb178c775e90e6d3a69238	UNITE	Amphisphaeriales_o	Amphisphaeriales_o	k__Fungi; p__Ascomycota; c__Sordariomycetes; o__Amphisphaeriales; f__Amphisphaeriales_o; g__Amphisphaeriales_o; s__Amphisphaeriales_o	fig4_q20_SE_cutadapt_unite	Cutadapt	SE	SE	Cutadapt	Amphisphaeriales_o	Amphisphaeriales_o
115c4ab3a2c4442ff28c495a79bd59ea	UNITE	Candolleomyces	Unclassified	k__Fungi; p__Basidiomycota; c__Agaricomycetes; o__Agaricales; f__Psathyrellaceae; g__Candolleomyces; s__Candolleomyces_g	fig4_q20_SE_cutadapt_unite	Cutadapt	SE	SE	Cutadapt	Candolleomyces	Unclassified
d06e13114c26fb411371fc6585f90fcc	UNITE	Schizoporaceae_f	Schizoporaceae_f	k__Fungi; p__Basidiomycota; c__Agaricomycetes; o__Hymenochaetales; f__Schizoporaceae; g__Schizoporaceae_f; s__Schizoporaceae_f	fig4_q20_SE_cutadapt_unite	Cutadapt	SE	SE	Cutadapt	Schizoporaceae_f	Schizoporaceae_f
9da0998852867aa3521b3fce0470f933	UNITE	Peniophorella	Peniophorella_crystallifera	k__Fungi; p__Basidiomycota; c__Agaricomycetes; o__Hymenochaetales; f__Rickenellaceae; g__Peniophorella; s__Peniophorella_crystallifera	fig4_q20_SE_cutadapt_unite	Cutadapt	SE	SE	Cutadapt	Peniophorella	Peniophorella_crystallifera
cd2d016625f7659f938c0f3d984dcfed	UNITE	Sporobolomyces	Sporobolomyces_ruberrimus	k__Fungi; p__Basidiomycota; c__Microbotryomycetes; o__Sporidiobolales; f__Sporidiobolaceae; g__Sporobolomyces; s__Sporobolomyces_ruberrimus	fig4_q20_SE_cutadapt_unite	Cutadapt	SE	SE	Cutadapt	Sporobolomyces	Sporobolomyces_ruberrimus
c208ad125626e378ec600060758c2b74	UNITE	Fungi_k	Fungi_k	k__Fungi; p__Fungi_k; c__Fungi_k; o__Fungi_k; f__Fungi_k; g__Fungi_k; s__Fungi_k	fig4_q20_SE_cutadapt_unite	Cutadapt	SE	SE	Cutadapt	Fungi_k	Fungi_k
f0affb04ad14d212d17e6dadefab055f	UNITE	Stereaceae_f	Stereaceae_f	k__Fungi; p__Basidiomycota; c__Agaricomycetes; o__Russulales; f__Stereaceae; g__Stereaceae_f; s__Stereaceae_f	fig4_q20_SE_cutadapt_unite	Cutadapt	SE	SE	Cutadapt	Stereaceae_f	Stereaceae_f
417ff10c1dde2640f0c95e9274677e6e	UNITE	Botryobasidium	Unclassified	k__Fungi; p__Basidiomycota; c__Agaricomycetes; o__Cantharellales; f__Botryobasidiaceae; g__Botryobasidium; s__Botryobasidium_g	fig4_q20_SE_cutadapt_unite	Cutadapt	SE	SE	Cutadapt	Botryobasidium	Unclassified
641f531733565284c1dd59890b5a5e83	UNITE	Trametes	Trametes_pubescens	k__Fungi; p__Basidiomycota; c__Agaricomycetes; o__Polyporales; f__Polyporaceae; g__Trametes; s__Trametes_pubescens	fig4_q20_SE_cutadapt_unite	Cutadapt	SE	SE	Cutadapt	Trametes	Trametes_pubescens
1498268fea63f9f27158b65ab52ae8ed	UNITE	Polyporales_o	Polyporales_o	k__Fungi; p__Basidiomycota; c__Agaricomycetes; o__Polyporales; f__Polyporales_o; g__Polyporales_o; s__Polyporales_o	fig4_q20_SE_cutadapt_unite	Cutadapt	SE	SE	Cutadapt	Polyporales_o	Polyporales_o
5d8ceac78519a012a4994ba03709767a	UNITE	Mycoaciella	Mycoaciella_efibulata	k__Fungi; p__Basidiomycota; c__Agaricomycetes; o__Polyporales; f__Meruliaceae; g__Mycoaciella; s__Mycoaciella_efibulata	fig4_q20_SE_cutadapt_unite	Cutadapt	SE	SE	Cutadapt	Mycoaciella	Mycoaciella_efibulata
daf9001a3300ede6912762d783d25c18	UNITE	Polyporales_o	Polyporales_o	k__Fungi; p__Basidiomycota; c__Agaricomycetes; o__Polyporales; f__Polyporales_o; g__Polyporales_o; s__Polyporales_o	fig4_q20_SE_cutadapt_unite	Cutadapt	SE	SE	Cutadapt	Polyporales_o	Polyporales_o
05697bc7833ce61e4a0e0ca5e59744b4	UNITE	Sistotremastrum	Unclassified	k__Fungi; p__Basidiomycota; c__Agaricomycetes; o__Trechisporales; f__Hydnodontaceae; g__Sistotremastrum; s__Sistotremastrum_g	fig4_q20_SE_cutadapt_unite	Cutadapt	SE	SE	Cutadapt	Sistotremastrum	Unclassified
120b958eec2e26323850dffc01440286	UNITE	Coprinopsis	Coprinopsis_urticicola	k__Fungi; p__Basidiomycota; c__Agaricomycetes; o__Agaricales; f__Psathyrellaceae; g__Coprinopsis; s__Coprinopsis_urticicola	fig4_q20_SE_cutadapt_unite	Cutadapt	SE	SE	Cutadapt	Coprinopsis	Coprinopsis_urticicola
f401ef7c85b3ea9e632f2b89384dcadf	UNITE	Peniophorella	Peniophorella_pubera	k__Fungi; p__Basidiomycota; c__Agaricomycetes; o__Hymenochaetales; f__Rickenellaceae; g__Peniophorella; s__Peniophorella_pubera	fig4_q20_SE_cutadapt_unite	Cutadapt	SE	SE	Cutadapt	Peniophorella	Peniophorella_pubera
aacdd1d59dacc3d196e6ad9d3bf8f7c6	UNITE	Phaeosphaeria	Unclassified	k__Fungi; p__Ascomycota; c__Dothideomycetes; o__Pleosporales; f__Phaeosphaeriaceae; g__Phaeosphaeria; s__Phaeosphaeria_g	fig4_q20_SE_cutadapt_unite	Cutadapt	SE	SE	Cutadapt	Phaeosphaeria	Unclassified
aa1b583b09e5b061d90381b8d2a27bba	UNITE	Candolleomyces	Unclassified	k__Fungi; p__Basidiomycota; c__Agaricomycetes; o__Agaricales; f__Psathyrellaceae; g__Candolleomyces; s__Candolleomyces_g	fig4_q20_SE_cutadapt_unite	Cutadapt	SE	SE	Cutadapt	Candolleomyces	Unclassified
ad19965cbabe7075d634d4d224ccbdd8	UNITE	Ascomycota_p	Ascomycota_p	k__Fungi; p__Ascomycota; c__Ascomycota_p; o__Ascomycota_p; f__Ascomycota_p; g__Ascomycota_p; s__Ascomycota_p	fig4_q20_SE_cutadapt_unite	Cutadapt	SE	SE	Cutadapt	Ascomycota_p	Ascomycota_p
70d60c1f3f6ba9ae04d78ef6f824c9b8	UNITE	Fungi_k	Fungi_k	k__Fungi; p__Fungi_k; c__Fungi_k; o__Fungi_k; f__Fungi_k; g__Fungi_k; s__Fungi_k	fig4_q20_SE_cutadapt_unite	Cutadapt	SE	SE	Cutadapt	Fungi_k	Fungi_k
fbafee6e870c3f3fba6661cb01215fcf	UNITE	Ascomycota_p	Ascomycota_p	k__Fungi; p__Ascomycota; c__Ascomycota_p; o__Ascomycota_p; f__Ascomycota_p; g__Ascomycota_p; s__Ascomycota_p	fig4_q20_SE_cutadapt_unite	Cutadapt	SE	SE	Cutadapt	Ascomycota_p	Ascomycota_p
a7c166e09c38af96a5fccc7a43c6065d	UNITE	Ascomycota_p	Ascomycota_p	k__Fungi; p__Ascomycota; c__Ascomycota_p; o__Ascomycota_p; f__Ascomycota_p; g__Ascomycota_p; s__Ascomycota_p	fig4_q20_SE_cutadapt_unite	Cutadapt	SE	SE	Cutadapt	Ascomycota_p	Ascomycota_p
291a78fb09fc52eec65489c0f9391ea3	UNITE	Fungi_k	Fungi_k	k__Fungi; p__Fungi_k; c__Fungi_k; o__Fungi_k; f__Fungi_k; g__Fungi_k; s__Fungi_k	fig4_q20_SE_cutadapt_unite	Cutadapt	SE	SE	Cutadapt	Fungi_k	Fungi_k
2c6441227b2140857c9c56378b37dfe1	UNITE	Ascomycota_p	Ascomycota_p	k__Fungi; p__Ascomycota; c__Ascomycota_p; o__Ascomycota_p; f__Ascomycota_p; g__Ascomycota_p; s__Ascomycota_p	fig4_q20_SE_cutadapt_unite	Cutadapt	SE	SE	Cutadapt	Ascomycota_p	Ascomycota_p
afaa4e0c7f3d16d7bb2ea085323eb65b	UNITE	Fungi_k	Fungi_k	k__Fungi; p__Fungi_k; c__Fungi_k; o__Fungi_k; f__Fungi_k; g__Fungi_k; s__Fungi_k	fig4_q20_SE_cutadapt_unite	Cutadapt	SE	SE	Cutadapt	Fungi_k	Fungi_k
ec4276f41a3a82838b695987e7bb5ed1	UNITE	Ascomycota_p	Ascomycota_p	k__Fungi; p__Ascomycota; c__Ascomycota_p; o__Ascomycota_p; f__Ascomycota_p; g__Ascomycota_p; s__Ascomycota_p	fig4_q20_SE_cutadapt_unite	Cutadapt	SE	SE	Cutadapt	Ascomycota_p	Ascomycota_p
89e1ad651414988ff45a48d32b96f8ef	UNITE	Fungi_k	Fungi_k	k__Fungi; p__Fungi_k; c__Fungi_k; o__Fungi_k; f__Fungi_k; g__Fungi_k; s__Fungi_k	fig4_q20_SE_cutadapt_unite	Cutadapt	SE	SE	Cutadapt	Fungi_k	Fungi_k
46af2089e83994319d971cbc29507615	UNITE	Fungi_k	Fungi_k	k__Fungi; p__Fungi_k; c__Fungi_k; o__Fungi_k; f__Fungi_k; g__Fungi_k; s__Fungi_k	fig4_q20_SE_cutadapt_unite	Cutadapt	SE	SE	Cutadapt	Fungi_k	Fungi_k
cdd4c8be3d7c15248e9dee490ecf867a	UNITE	Fungi_k	Fungi_k	k__Fungi; p__Fungi_k; c__Fungi_k; o__Fungi_k; f__Fungi_k; g__Fungi_k; s__Fungi_k	fig4_q20_SE_cutadapt_unite	Cutadapt	SE	SE	Cutadapt	Fungi_k	Fungi_k
cca066ec93ac3b58cb278c7a3039a50d	UNITE	Fungi_k	Fungi_k	k__Fungi; p__Fungi_k; c__Fungi_k; o__Fungi_k; f__Fungi_k; g__Fungi_k; s__Fungi_k	fig4_q20_SE_cutadapt_unite	Cutadapt	SE	SE	Cutadapt	Fungi_k	Fungi_k
72dd04cf016a807b3f0ed8e3b52565b4	UNITE+BLAST	Candida	Candida_albicans	NA	fig4_q20_SE_cutadapt_unite	Cutadapt	SE	SE	Cutadapt	Candida	Candida_albicans
010b07e3b6da2a38547e45cd063dd63d	UNITE+BLAST	Cutaneotrichosporon	Cutaneotrichosporon_mucoides	NA	fig4_q20_SE_cutadapt_unite	Cutadapt	SE	SE	Cutadapt	Cutaneotrichosporon	Cutaneotrichosporon_mucoides
5eb88a9a6282b223cd88dbc003040251	UNITE+BLAST	Cryptococcus	Cryptococcus_neoformans	NA	fig4_q20_SE_cutadapt_unite	Cutadapt	SE	SE	Cutadapt	Cryptococcus	Cryptococcus_neoformans
ef2a10e078a78c78b0dfca20f3bc56d6	UNITE+BLAST	Penicillium	Unclassified	NA	fig4_q20_SE_cutadapt_unite	Cutadapt	SE	SE	Cutadapt	Penicillium	Unclassified
53926185040b69b43d226af323a0598e	UNITE+BLAST	Nakaseomyces	Nakaseomyces_glabratus	NA	fig4_q20_SE_cutadapt_unite	Cutadapt	SE	SE	Cutadapt	Nakaseomyces	Nakaseomyces_glabratus
55c1f51cc4845985dae3c90e77b5d5b1	UNITE+BLAST	Saccharomyces	Saccharomyces_cerevisiae	NA	fig4_q20_SE_cutadapt_unite	Cutadapt	SE	SE	Cutadapt	Saccharomyces	Saccharomyces_cerevisiae
567a9deab0960d0e2e0fb43ebc9b535e	UNITE+BLAST	Ascomycota_p	Ascomycota_p	NA	fig4_q20_SE_cutadapt_unite	Cutadapt	SE	SE	Cutadapt	Ascomycota_p	Ascomycota_p
28b1e3694b1bcb9d577830df4fd6c876	UNITE+BLAST	Aspergillus	Aspergillus_fumigatus	NA	fig4_q20_SE_cutadapt_unite	Cutadapt	SE	SE	Cutadapt	Aspergillus	Aspergillus_fumigatus
1eb57cce3c3583ae58927522adab0277	UNITE+BLAST	Ascomycota_p	Ascomycota_p	NA	fig4_q20_SE_cutadapt_unite	Cutadapt	SE	SE	Cutadapt	Ascomycota_p	Ascomycota_p
830623f85c074e3be00b07789c2ab817	UNITE+BLAST	Komagataella	Komagataella_phaffii	NA	fig4_q20_SE_cutadapt_unite	Cutadapt	SE	SE	Cutadapt	Komagataella	Komagataella_phaffii
f52aa5980a9162ead1e2a406681ba1b7	UNITE+BLAST	Fungi_k	Fungi_k	NA	fig4_q20_SE_cutadapt_unite	Cutadapt	SE	SE	Cutadapt	Fungi_k	Fungi_k
7ec84e73c19db6fd14a892be88d602d6	UNITE+BLAST	Ascomycota_p	Ascomycota_p	NA	fig4_q20_SE_cutadapt_unite	Cutadapt	SE	SE	Cutadapt	Ascomycota_p	Ascomycota_p
23ce5b9dd49c380e94ec122f11c8077f	UNITE+BLAST	Fungi_k	Fungi_k	NA	fig4_q20_SE_cutadapt_unite	Cutadapt	SE	SE	Cutadapt	Fungi_k	Fungi_k
cbf18da6c0f768134b965e6c94579fb5	UNITE+BLAST	Ascomycota_p	Ascomycota_p	NA	fig4_q20_SE_cutadapt_unite	Cutadapt	SE	SE	Cutadapt	Ascomycota_p	Ascomycota_p
719c06db40daf054bc4b27a72600de75	UNITE+BLAST	Cutaneotrichosporon	Cutaneotrichosporon_debeurmannianum	NA	fig4_q20_SE_cutadapt_unite	Cutadapt	SE	SE	Cutadapt	Cutaneotrichosporon	Cutaneotrichosporon_debeurmannianum
9c6a6a6806ecf36a83eea035327a4777	UNITE+BLAST	Trichophyton	Trichophyton_mentagrophytes	NA	fig4_q20_SE_cutadapt_unite	Cutadapt	SE	SE	Cutadapt	Trichophyton	Trichophyton_mentagrophytes
5aa8bf9dfef378818c857e66263bb473	UNITE+BLAST	Cladosporium	Cladosporium_herbarum	NA	fig4_q20_SE_cutadapt_unite	Cutadapt	SE	SE	Cutadapt	Cladosporium	Cladosporium_herbarum
3454e06b84a4908c00458fd5cde8cfe4	UNITE+BLAST	Irpex	Irpex_hacksungii	NA	fig4_q20_SE_cutadapt_unite	Cutadapt	SE	SE	Cutadapt	Irpex	Irpex_hacksungii
65433fbabd7ad0e7fc93f8c3e8840b66	UNITE+BLAST	Neopyrenochaeta	Unclassified	NA	fig4_q20_SE_cutadapt_unite	Cutadapt	SE	SE	Cutadapt	Neopyrenochaeta	Unclassified
d64a586df2febe320546417d9621d507	UNITE+BLAST	Ascomycota_p	Ascomycota_p	NA	fig4_q20_SE_cutadapt_unite	Cutadapt	SE	SE	Cutadapt	Ascomycota_p	Ascomycota_p
2d5840001771d889fbe752a80463af2c	UNITE+BLAST	Kazachstania	Kazachstania_servazzii	NA	fig4_q20_SE_cutadapt_unite	Cutadapt	SE	SE	Cutadapt	Kazachstania	Kazachstania_servazzii
9dca25bcfb9f6faab9371fc6704b590a	UNITE+BLAST	Irpex	Irpex_laceratus	NA	fig4_q20_SE_cutadapt_unite	Cutadapt	SE	SE	Cutadapt	Irpex	Irpex_laceratus
26c2e693490c7955c44b198bdf3e0088	UNITE+BLAST	Debaryomyces	Debaryomyces_delbrueckii	NA	fig4_q20_SE_cutadapt_unite	Cutadapt	SE	SE	Cutadapt	Debaryomyces	Debaryomyces_delbrueckii
99b9ce04c0575bc120dc13c27c6fbd61	UNITE+BLAST	Cryptococcus	Cryptococcus_neoformans	NA	fig4_q20_SE_cutadapt_unite	Cutadapt	SE	SE	Cutadapt	Cryptococcus	Cryptococcus_neoformans
212a7f45c8b306a233e73d9c3263adb8	UNITE+BLAST	Cladosporium	Cladosporium_halotolerans	NA	fig4_q20_SE_cutadapt_unite	Cutadapt	SE	SE	Cutadapt	Cladosporium	Cladosporium_halotolerans
9899e5944be6d8cfc566fec1d4cdf106	UNITE+BLAST	Cryptococcus	Cryptococcus_neoformans	NA	fig4_q20_SE_cutadapt_unite	Cutadapt	SE	SE	Cutadapt	Cryptococcus	Cryptococcus_neoformans
852a848e6c1fce8ec025e60eb1d8ad45	UNITE+BLAST	Cutaneotrichosporon	Cutaneotrichosporon_mucoides	NA	fig4_q20_SE_cutadapt_unite	Cutadapt	SE	SE	Cutadapt	Cutaneotrichosporon	Cutaneotrichosporon_mucoides
1c8bbb1b54f02065db91f0386a39e0ad	UNITE+BLAST	Ascomycota_p	Ascomycota_p	NA	fig4_q20_SE_cutadapt_unite	Cutadapt	SE	SE	Cutadapt	Ascomycota_p	Ascomycota_p
2e39d48abc07a6ccc13a028ccde00e00	UNITE+BLAST	Fusarium	Fusarium_keratoplasticum	NA	fig4_q20_SE_cutadapt_unite	Cutadapt	SE	SE	Cutadapt	Fusarium	Fusarium_keratoplasticum
80d69bc60273cafc5a73ae55b234f7c9	UNITE+BLAST	Nigrospora	Unclassified	NA	fig4_q20_SE_cutadapt_unite	Cutadapt	SE	SE	Cutadapt	Nigrospora	Unclassified
e9158b4ef80d8a3ac9e727f88e44cb72	UNITE+BLAST	Peniophoraceae_f	Peniophoraceae_f	NA	fig4_q20_SE_cutadapt_unite	Cutadapt	SE	SE	Cutadapt	Peniophoraceae_f	Peniophoraceae_f
385c77a0d40dfabdc66dff6fc5e92f33	UNITE+BLAST	Irpex	Irpex_laceratus	NA	fig4_q20_SE_cutadapt_unite	Cutadapt	SE	SE	Cutadapt	Irpex	Irpex_laceratus
e05fc0449f67499fe6ddec89784dbb5d	UNITE+BLAST	Didymellaceae_f	Didymellaceae_f	NA	fig4_q20_SE_cutadapt_unite	Cutadapt	SE	SE	Cutadapt	Didymellaceae_f	Didymellaceae_f
722fb57e17229696cb75e47ad882962f	UNITE+BLAST	Stereaceae_f	Stereaceae_f	NA	fig4_q20_SE_cutadapt_unite	Cutadapt	SE	SE	Cutadapt	Stereaceae_f	Stereaceae_f
a841082e3b16121e246a0a2ca1534c20	UNITE+BLAST	Didymellaceae_f	Didymellaceae_f	NA	fig4_q20_SE_cutadapt_unite	Cutadapt	SE	SE	Cutadapt	Didymellaceae_f	Didymellaceae_f
a5af3fc8194eb0b464eafe3cdb571633	UNITE+BLAST	Saccharomyces	Saccharomyces_cerevisiae	NA	fig4_q20_SE_cutadapt_unite	Cutadapt	SE	SE	Cutadapt	Saccharomyces	Saccharomyces_cerevisiae
628fa4d9864efdb099121fdc264211a5	UNITE+BLAST	Penicillium	Penicillium_patris-mei	NA	fig4_q20_SE_cutadapt_unite	Cutadapt	SE	SE	Cutadapt	Penicillium	Penicillium_patris-mei
fb1e99770074de04d7dff1b96c37c523	UNITE+BLAST	Aspergillus	Unclassified	NA	fig4_q20_SE_cutadapt_unite	Cutadapt	SE	SE	Cutadapt	Aspergillus	Unclassified
bfa6afd86523df0a5ddd44a01da73ddb	UNITE+BLAST	Fungi_k	Fungi_k	NA	fig4_q20_SE_cutadapt_unite	Cutadapt	SE	SE	Cutadapt	Fungi_k	Fungi_k
dc4c92957db247364b6bca5eb5bd2b66	UNITE+BLAST	Ascomycota_p	Ascomycota_p	NA	fig4_q20_SE_cutadapt_unite	Cutadapt	SE	SE	Cutadapt	Ascomycota_p	Ascomycota_p
442a16533e54a9749b2cc6af051e2025	UNITE+BLAST	Schizophyllum	Schizophyllum_commune	NA	fig4_q20_SE_cutadapt_unite	Cutadapt	SE	SE	Cutadapt	Schizophyllum	Schizophyllum_commune
12cc799b99ed75d931516e3b1cc680ad	UNITE+BLAST	Bjerkandera	Bjerkandera_adusta	NA	fig4_q20_SE_cutadapt_unite	Cutadapt	SE	SE	Cutadapt	Bjerkandera	Bjerkandera_adusta
af01a0d35b83bc29b5aed222ed1a3fa5	UNITE+BLAST	Mucor	Mucor_circinelloides	NA	fig4_q20_SE_cutadapt_unite	Cutadapt	SE	SE	Cutadapt	Mucor	Mucor_circinelloides
5a06576196c23f808bdfe0399228553a	UNITE+BLAST	Candolleomyces	Candolleomyces_subminutisporus	NA	fig4_q20_SE_cutadapt_unite	Cutadapt	SE	SE	Cutadapt	Candolleomyces	Candolleomyces_subminutisporus
adda5ef25aa444e1e8e3dbf448184191	UNITE+BLAST	Bullera	Bullera_alba	NA	fig4_q20_SE_cutadapt_unite	Cutadapt	SE	SE	Cutadapt	Bullera	Bullera_alba
4c2a20f52c5307c38f027444128a1e56	UNITE+BLAST	Fungi_k	Fungi_k	NA	fig4_q20_SE_cutadapt_unite	Cutadapt	SE	SE	Cutadapt	Fungi_k	Fungi_k
d0b4254cf72c2997dd42ad82af681f04	UNITE+BLAST	Cryptococcus	Cryptococcus_neoformans	NA	fig4_q20_SE_cutadapt_unite	Cutadapt	SE	SE	Cutadapt	Cryptococcus	Cryptococcus_neoformans
b6d153f4aa1b7adc86d16ea7f46db14a	UNITE+BLAST	Ophiognomonia	Ophiognomonia_asiatica	NA	fig4_q20_SE_cutadapt_unite	Cutadapt	SE	SE	Cutadapt	Ophiognomonia	Ophiognomonia_asiatica
6d4528949a1b4da8c05713abbbd208fd	UNITE+BLAST	Irpex	Irpex_hacksungii	NA	fig4_q20_SE_cutadapt_unite	Cutadapt	SE	SE	Cutadapt	Irpex	Irpex_hacksungii
1a06f4d3b11bdcb6ad8457f0d779d84b	UNITE+BLAST	Schizoporaceae_f	Schizoporaceae_f	NA	fig4_q20_SE_cutadapt_unite	Cutadapt	SE	SE	Cutadapt	Schizoporaceae_f	Schizoporaceae_f
52ecfb22e1c990982f5951c06b4908b3	UNITE+BLAST	Udeniomyces	Udeniomyces_pyricola	NA	fig4_q20_SE_cutadapt_unite	Cutadapt	SE	SE	Cutadapt	Udeniomyces	Udeniomyces_pyricola
b7b0fcf787b97ca7ed398fae36e66b47	UNITE+BLAST	Fungi_k	Fungi_k	NA	fig4_q20_SE_cutadapt_unite	Cutadapt	SE	SE	Cutadapt	Fungi_k	Fungi_k
96089fcd4be16af3744dff9823059e84	UNITE+BLAST	Peniophoraceae_f	Peniophoraceae_f	NA	fig4_q20_SE_cutadapt_unite	Cutadapt	SE	SE	Cutadapt	Peniophoraceae_f	Peniophoraceae_f
00b0c1b2dd29f6dde895345a89eab2d4	UNITE+BLAST	Peniophoraceae_f	Peniophoraceae_f	NA	fig4_q20_SE_cutadapt_unite	Cutadapt	SE	SE	Cutadapt	Peniophoraceae_f	Peniophoraceae_f
d00069f184bac3614964ebeeb9e0c463	UNITE+BLAST	Dentipellis	Dentipellis_fragilis	NA	fig4_q20_SE_cutadapt_unite	Cutadapt	SE	SE	Cutadapt	Dentipellis	Dentipellis_fragilis
a98e7da7571b7fd9f95c9e1ddfda6826	UNITE+BLAST	Trametes	Trametes_pubescens	NA	fig4_q20_SE_cutadapt_unite	Cutadapt	SE	SE	Cutadapt	Trametes	Trametes_pubescens
01bb26a8a1751eb3c5b4b7ecb7e47993	UNITE+BLAST	Fungi_k	Fungi_k	NA	fig4_q20_SE_cutadapt_unite	Cutadapt	SE	SE	Cutadapt	Fungi_k	Fungi_k
98889d06c709abb06729cab49128dd46	UNITE+BLAST	Daedaleopsis	Daedaleopsis_confragosa	NA	fig4_q20_SE_cutadapt_unite	Cutadapt	SE	SE	Cutadapt	Daedaleopsis	Daedaleopsis_confragosa
957a4979ef8eb030190ed5fa5f7c5e47	UNITE+BLAST	Tilletiopsis	Tilletiopsis_washingtonensis	NA	fig4_q20_SE_cutadapt_unite	Cutadapt	SE	SE	Cutadapt	Tilletiopsis	Tilletiopsis_washingtonensis
117e36b53921c2986d9b3bf373166f23	UNITE+BLAST	Phanerochaete	Phanerochaete_livescens	NA	fig4_q20_SE_cutadapt_unite	Cutadapt	SE	SE	Cutadapt	Phanerochaete	Phanerochaete_livescens
2ec4fcc1eb3651a961c3fb1428c3433b	UNITE+BLAST	Sporobolomyces	Sporobolomyces_phaffii	NA	fig4_q20_SE_cutadapt_unite	Cutadapt	SE	SE	Cutadapt	Sporobolomyces	Sporobolomyces_phaffii
380916886b4dd08f02461044249c308d	UNITE+BLAST	Hymenochaetopsis	Hymenochaetopsis_yasudae	NA	fig4_q20_SE_cutadapt_unite	Cutadapt	SE	SE	Cutadapt	Hymenochaetopsis	Hymenochaetopsis_yasudae
4895bce8e320a5bf47a9ca23b5631654	UNITE+BLAST	Ascomycota_p	Ascomycota_p	NA	fig4_q20_SE_cutadapt_unite	Cutadapt	SE	SE	Cutadapt	Ascomycota_p	Ascomycota_p
59f88c9bea61b29af23eed08c6f6a96e	UNITE+BLAST	Polyporales_o	Polyporales_o	NA	fig4_q20_SE_cutadapt_unite	Cutadapt	SE	SE	Cutadapt	Polyporales_o	Polyporales_o
816d201ed9172ccf13a16767c31c90c9	UNITE+BLAST	Malassezia	Malassezia_sympodialis	NA	fig4_q20_SE_cutadapt_unite	Cutadapt	SE	SE	Cutadapt	Malassezia	Malassezia_sympodialis
9c44645f431c91d96352598dc69d9dd4	UNITE+BLAST	Pleosporales_o	Pleosporales_o	NA	fig4_q20_SE_cutadapt_unite	Cutadapt	SE	SE	Cutadapt	Pleosporales_o	Pleosporales_o
705dc39cc2275d1e72dc907ff947628d	UNITE+BLAST	Crepidotus	Unclassified	NA	fig4_q20_SE_cutadapt_unite	Cutadapt	SE	SE	Cutadapt	Crepidotus	Unclassified
46ec25c5075d54f6eb7678bf61e0d4b0	UNITE+BLAST	Sistotremastrum	Sistotremastrum_guttuliferum	NA	fig4_q20_SE_cutadapt_unite	Cutadapt	SE	SE	Cutadapt	Sistotremastrum	Sistotremastrum_guttuliferum
0dc05c777d2a965f0a5d08d7b7a56458	UNITE+BLAST	Dothideomycetes_c	Dothideomycetes_c	NA	fig4_q20_SE_cutadapt_unite	Cutadapt	SE	SE	Cutadapt	Dothideomycetes_c	Dothideomycetes_c
0d2054ad18668ff06200cd375bad78fc	UNITE+BLAST	Ceratobasidiaceae_f	Ceratobasidiaceae_f	NA	fig4_q20_SE_cutadapt_unite	Cutadapt	SE	SE	Cutadapt	Ceratobasidiaceae_f	Ceratobasidiaceae_f
15341b177fd17d7c5a13510e07a8a807	UNITE+BLAST	Fungi_k	Fungi_k	NA	fig4_q20_SE_cutadapt_unite	Cutadapt	SE	SE	Cutadapt	Fungi_k	Fungi_k
b1b361c336fa35c9c85cc4d6e884e225	UNITE+BLAST	Paragibellulopsis	Paragibellulopsis_chrysanthemi	NA	fig4_q20_SE_cutadapt_unite	Cutadapt	SE	SE	Cutadapt	Paragibellulopsis	Paragibellulopsis_chrysanthemi
188f2c973193c37c726eb3e8437e22d6	UNITE+BLAST	Irpex	Irpex_hacksungii	NA	fig4_q20_SE_cutadapt_unite	Cutadapt	SE	SE	Cutadapt	Irpex	Irpex_hacksungii
d88567ebe660f0a6651f4846b34d71e2	UNITE+BLAST	Cystobasidium	Cystobasidium_slooffiae	NA	fig4_q20_SE_cutadapt_unite	Cutadapt	SE	SE	Cutadapt	Cystobasidium	Cystobasidium_slooffiae
a35b5bb74ae271253c48bf3dc7eaf278	UNITE+BLAST	Phlebiopsis	Unclassified	NA	fig4_q20_SE_cutadapt_unite	Cutadapt	SE	SE	Cutadapt	Phlebiopsis	Unclassified
6579df31fdeb07e99320f5c35e866053	UNITE+BLAST	Biscogniauxia	Biscogniauxia_atropunctata	NA	fig4_q20_SE_cutadapt_unite	Cutadapt	SE	SE	Cutadapt	Biscogniauxia	Biscogniauxia_atropunctata
460ee956051055b9917825569ff923c6	UNITE+BLAST	Fungi_k	Fungi_k	NA	fig4_q20_SE_cutadapt_unite	Cutadapt	SE	SE	Cutadapt	Fungi_k	Fungi_k
10bd3d3bd7cf83389aa23b472f7e1b02	UNITE+BLAST	Candida	Candida_dubliniensis	NA	fig4_q20_SE_cutadapt_unite	Cutadapt	SE	SE	Cutadapt	Candida	Candida_dubliniensis
3d6bfcea85715e48dbcf0dd76406cc95	UNITE+BLAST	Mucor	Mucor_nidicola	NA	fig4_q20_SE_cutadapt_unite	Cutadapt	SE	SE	Cutadapt	Mucor	Mucor_nidicola
661bf01ab3c55eee56f097097463b355	UNITE+BLAST	Penicillium	Penicillium_sclerotiorum	NA	fig4_q20_SE_cutadapt_unite	Cutadapt	SE	SE	Cutadapt	Penicillium	Penicillium_sclerotiorum
52e9f5f2067648d12ec4ece62907a916	UNITE+BLAST	Steccherinum	Steccherinum_tenuissimum	NA	fig4_q20_SE_cutadapt_unite	Cutadapt	SE	SE	Cutadapt	Steccherinum	Steccherinum_tenuissimum
17fd2c848707f61d8529a69db689f25d	UNITE+BLAST	Xylodon	Xylodon_flaviporus	NA	fig4_q20_SE_cutadapt_unite	Cutadapt	SE	SE	Cutadapt	Xylodon	Xylodon_flaviporus
9cb444debe2d75a0faae9e99b58b96cd	UNITE+BLAST	Fungi_k	Fungi_k	NA	fig4_q20_SE_cutadapt_unite	Cutadapt	SE	SE	Cutadapt	Fungi_k	Fungi_k
f1e26dc5de94e5ab231af0b5370bb2e2	UNITE+BLAST	Fungi_k	Fungi_k	NA	fig4_q20_SE_cutadapt_unite	Cutadapt	SE	SE	Cutadapt	Fungi_k	Fungi_k
aec4b0133013dab9debc4e68fe3659ff	UNITE+BLAST	Peniophoraceae_f	Peniophoraceae_f	NA	fig4_q20_SE_cutadapt_unite	Cutadapt	SE	SE	Cutadapt	Peniophoraceae_f	Peniophoraceae_f
30b0fb5596b860a51ac563e7ee8466cb	UNITE+BLAST	Atheliales_o	Atheliales_o	NA	fig4_q20_SE_cutadapt_unite	Cutadapt	SE	SE	Cutadapt	Atheliales_o	Atheliales_o
7f21c32326f029d0dc23b6548c9be2eb	UNITE+BLAST	Ceriporia	Ceriporia_nanlingensis	NA	fig4_q20_SE_cutadapt_unite	Cutadapt	SE	SE	Cutadapt	Ceriporia	Ceriporia_nanlingensis
031b9c6bdcad084cb3a095a0d198cebd	UNITE+BLAST	Fungi_k	Fungi_k	NA	fig4_q20_SE_cutadapt_unite	Cutadapt	SE	SE	Cutadapt	Fungi_k	Fungi_k
fb35ca8ff15793fd70c07633f55dad71	UNITE+BLAST	Fungi_k	Fungi_k	NA	fig4_q20_SE_cutadapt_unite	Cutadapt	SE	SE	Cutadapt	Fungi_k	Fungi_k
ab7c9f9f3b22be975b8ce431693e3ece	UNITE+BLAST	Sporobolomyces	Sporobolomyces_carnicolor	NA	fig4_q20_SE_cutadapt_unite	Cutadapt	SE	SE	Cutadapt	Sporobolomyces	Sporobolomyces_carnicolor
dfeb122bae0ce9f357229be0b4e90619	UNITE+BLAST	Trametes	Trametes_hirsuta	NA	fig4_q20_SE_cutadapt_unite	Cutadapt	SE	SE	Cutadapt	Trametes	Trametes_hirsuta
a84c1b186e95fc28c77e0c58812ca7e5	UNITE+BLAST	Fuscoporia	Fuscoporia_karsteniana	NA	fig4_q20_SE_cutadapt_unite	Cutadapt	SE	SE	Cutadapt	Fuscoporia	Fuscoporia_karsteniana
ff05b9a82953ffcc6645056118fff882	UNITE+BLAST	Sarocladium	Sarocladium_zeae	NA	fig4_q20_SE_cutadapt_unite	Cutadapt	SE	SE	Cutadapt	Sarocladium	Sarocladium_zeae
c159022850229d28f9c8462163c7d352	UNITE+BLAST	Irpex	Irpex_hacksungii	NA	fig4_q20_SE_cutadapt_unite	Cutadapt	SE	SE	Cutadapt	Irpex	Irpex_hacksungii
f99e1af2943587a660911231516d2b0d	UNITE+BLAST	Penicillium	Penicillium_citrinum	NA	fig4_q20_SE_cutadapt_unite	Cutadapt	SE	SE	Cutadapt	Penicillium	Penicillium_citrinum
e99579856827fee5f22ab107b3a13376	UNITE+BLAST	Fungi_k	Fungi_k	NA	fig4_q20_SE_cutadapt_unite	Cutadapt	SE	SE	Cutadapt	Fungi_k	Fungi_k
3cd81fadba0bfa954ab5979c1601a3f1	UNITE+BLAST	Coprinopsis	Unclassified	NA	fig4_q20_SE_cutadapt_unite	Cutadapt	SE	SE	Cutadapt	Coprinopsis	Unclassified
ee5f92fb85239ef0e008d94c6caa3021	UNITE+BLAST	Absidia	Unclassified	NA	fig4_q20_SE_cutadapt_unite	Cutadapt	SE	SE	Cutadapt	Absidia	Unclassified
0f3757bb9559984673430e50398b09b4	UNITE+BLAST	Helotiales_o	Helotiales_o	NA	fig4_q20_SE_cutadapt_unite	Cutadapt	SE	SE	Cutadapt	Helotiales_o	Helotiales_o
4932e029d9172067e8f5fd3ec92cf65f	UNITE+BLAST	Talaromyces	Talaromyces_adpressus	NA	fig4_q20_SE_cutadapt_unite	Cutadapt	SE	SE	Cutadapt	Talaromyces	Talaromyces_adpressus
00ee2a2c090f05308822650762e66a5b	UNITE+BLAST	Fungi_k	Fungi_k	NA	fig4_q20_SE_cutadapt_unite	Cutadapt	SE	SE	Cutadapt	Fungi_k	Fungi_k
448deac40229a7efe42560189717e686	UNITE+BLAST	Penicillium	Penicillium_sumatraense	NA	fig4_q20_SE_cutadapt_unite	Cutadapt	SE	SE	Cutadapt	Penicillium	Penicillium_sumatraense
0fa00e784c08052273ca73e81a15e062	UNITE+BLAST	Ceriporia	Ceriporia_nanlingensis	NA	fig4_q20_SE_cutadapt_unite	Cutadapt	SE	SE	Cutadapt	Ceriporia	Ceriporia_nanlingensis
d5e6579d4f59fbc7e5111623153c0dc6	UNITE+BLAST	Helotiales_o	Helotiales_o	NA	fig4_q20_SE_cutadapt_unite	Cutadapt	SE	SE	Cutadapt	Helotiales_o	Helotiales_o
92ebee3e1d5e106289f51862c1333f71	UNITE+BLAST	Peniophoraceae_f	Peniophoraceae_f	NA	fig4_q20_SE_cutadapt_unite	Cutadapt	SE	SE	Cutadapt	Peniophoraceae_f	Peniophoraceae_f
7c26a2bc5ea2beb04c6da14fd04a67c3	UNITE+BLAST	Suillus	Unclassified	NA	fig4_q20_SE_cutadapt_unite	Cutadapt	SE	SE	Cutadapt	Suillus	Unclassified
ce2917ca97a6ed458f6df0078d2e50b8	UNITE+BLAST	Aureobasidium	Aureobasidium_pullulans	NA	fig4_q20_SE_cutadapt_unite	Cutadapt	SE	SE	Cutadapt	Aureobasidium	Aureobasidium_pullulans
b356543b7a64ebdabe2aacf2a2b4e4af	UNITE+BLAST	Fungi_k	Fungi_k	NA	fig4_q20_SE_cutadapt_unite	Cutadapt	SE	SE	Cutadapt	Fungi_k	Fungi_k
338ebd69d5b03851738ff9768b025122	UNITE+BLAST	Fungi_k	Fungi_k	NA	fig4_q20_SE_cutadapt_unite	Cutadapt	SE	SE	Cutadapt	Fungi_k	Fungi_k
80031c9738d7445f1f857a5681c053a2	UNITE+BLAST	Fungi_k	Fungi_k	NA	fig4_q20_SE_cutadapt_unite	Cutadapt	SE	SE	Cutadapt	Fungi_k	Fungi_k
67f44c83f92569ef7a21c13966f48c49	UNITE+BLAST	Aspergillus	Unclassified	NA	fig4_q20_SE_cutadapt_unite	Cutadapt	SE	SE	Cutadapt	Aspergillus	Unclassified
87a6d0ce1c78b5cacb162bee4ec822d7	UNITE+BLAST	Fungi_k	Fungi_k	NA	fig4_q20_SE_cutadapt_unite	Cutadapt	SE	SE	Cutadapt	Fungi_k	Fungi_k
9b61ba42a163f182fb0517d16e21353b	UNITE+BLAST	Xeromyces	Xeromyces_bisporus	NA	fig4_q20_SE_cutadapt_unite	Cutadapt	SE	SE	Cutadapt	Xeromyces	Xeromyces_bisporus
6eee9ddd3be2fa1716629021008b521e	UNITE+BLAST	Rhizoplaca	Rhizoplaca_novomexicana	NA	fig4_q20_SE_cutadapt_unite	Cutadapt	SE	SE	Cutadapt	Rhizoplaca	Rhizoplaca_novomexicana
89b2c9df3eca133597ce82b96537e5cb	UNITE+BLAST	Ascomycota_p	Ascomycota_p	NA	fig4_q20_SE_cutadapt_unite	Cutadapt	SE	SE	Cutadapt	Ascomycota_p	Ascomycota_p
96bf17ba3b4f9d5e0a21bebcbe3e6347	UNITE+BLAST	Mucor	Mucor_circinelloides	NA	fig4_q20_SE_cutadapt_unite	Cutadapt	SE	SE	Cutadapt	Mucor	Mucor_circinelloides
ec6e9c6d65a5399d0933b26589fe40db	UNITE+BLAST	Fungi_k	Fungi_k	NA	fig4_q20_SE_cutadapt_unite	Cutadapt	SE	SE	Cutadapt	Fungi_k	Fungi_k
1081bb0a739150388231c3df65f909dc	UNITE+BLAST	Ascomycota_p	Ascomycota_p	NA	fig4_q20_SE_cutadapt_unite	Cutadapt	SE	SE	Cutadapt	Ascomycota_p	Ascomycota_p
4941117af711ee0d06af22a61b399b2d	UNITE+BLAST	Ascomycota_p	Ascomycota_p	NA	fig4_q20_SE_cutadapt_unite	Cutadapt	SE	SE	Cutadapt	Ascomycota_p	Ascomycota_p
6a9936467ea0ec25f21c078e03632613	UNITE+BLAST	Candida	Candida_albicans	NA	fig4_q20_SE_cutadapt_unite	Cutadapt	SE	SE	Cutadapt	Candida	Candida_albicans
cb89054d5b3a2623ec486f0360d0ebd4	UNITE+BLAST	Ascomycota_p	Ascomycota_p	NA	fig4_q20_SE_cutadapt_unite	Cutadapt	SE	SE	Cutadapt	Ascomycota_p	Ascomycota_p
2abd97d819164ca22fea7fc261ffc6f7	UNITE+BLAST	Ascomycota_p	Ascomycota_p	NA	fig4_q20_SE_cutadapt_unite	Cutadapt	SE	SE	Cutadapt	Ascomycota_p	Ascomycota_p
35f06e1185ad3c6c3effe47fae6c598c	UNITE+BLAST	Ascomycota_p	Ascomycota_p	NA	fig4_q20_SE_cutadapt_unite	Cutadapt	SE	SE	Cutadapt	Ascomycota_p	Ascomycota_p
ef625af92358d0ebe325ddb17b618ef9	UNITE+BLAST	Fungi_k	Fungi_k	NA	fig4_q20_SE_cutadapt_unite	Cutadapt	SE	SE	Cutadapt	Fungi_k	Fungi_k
e82b717c2dd3e0adf38d29ca295ddd59	UNITE+BLAST	Fungi_k	Fungi_k	NA	fig4_q20_SE_cutadapt_unite	Cutadapt	SE	SE	Cutadapt	Fungi_k	Fungi_k
a1ddc0359a09921a4282096b4bd79a1c	UNITE+BLAST	Ascomycota_p	Ascomycota_p	NA	fig4_q20_SE_cutadapt_unite	Cutadapt	SE	SE	Cutadapt	Ascomycota_p	Ascomycota_p
59e40ac1498d94cbe3008b752b9b8303	UNITE+BLAST	Ascomycota_p	Ascomycota_p	NA	fig4_q20_SE_cutadapt_unite	Cutadapt	SE	SE	Cutadapt	Ascomycota_p	Ascomycota_p
c2203519577ce726b6acdcbc0b212be6	UNITE+BLAST	Hydnaceae_f	Hydnaceae_f	NA	fig4_q20_SE_cutadapt_unite	Cutadapt	SE	SE	Cutadapt	Hydnaceae_f	Hydnaceae_f
f3556e55c63ed4a9ecddd5ef5c6d9ae8	UNITE+BLAST	Fungi_k	Fungi_k	NA	fig4_q20_SE_cutadapt_unite	Cutadapt	SE	SE	Cutadapt	Fungi_k	Fungi_k
c694e89dc307e53cba3c2902c5b6c85d	UNITE+BLAST	Fungi_k	Fungi_k	NA	fig4_q20_SE_cutadapt_unite	Cutadapt	SE	SE	Cutadapt	Fungi_k	Fungi_k
c9cf851cc8b151e77a0a03db7e8e5217	UNITE+BLAST	Cryptococcus	Cryptococcus_neoformans	NA	fig4_q20_SE_cutadapt_unite	Cutadapt	SE	SE	Cutadapt	Cryptococcus	Cryptococcus_neoformans
b52a1a66de4c1b1ac1df6e2151141f35	UNITE+BLAST	Fungi_k	Fungi_k	NA	fig4_q20_SE_cutadapt_unite	Cutadapt	SE	SE	Cutadapt	Fungi_k	Fungi_k
bf60bfa70e65550fe55e453011d1dc47	UNITE+BLAST	Fungi_k	Fungi_k	NA	fig4_q20_SE_cutadapt_unite	Cutadapt	SE	SE	Cutadapt	Fungi_k	Fungi_k
1b0ea89e8460365693bf9a78cd7193ef	UNITE+BLAST	Fungi_k	Fungi_k	NA	fig4_q20_SE_cutadapt_unite	Cutadapt	SE	SE	Cutadapt	Fungi_k	Fungi_k
f9e0459672e12d102a630e4436ffb437	UNITE+BLAST	Candolleomyces	Unclassified	NA	fig4_q20_SE_cutadapt_unite	Cutadapt	SE	SE	Cutadapt	Candolleomyces	Unclassified
d17228a9992e50708dfe3ab981c02b40	UNITE+BLAST	Ascomycota_p	Ascomycota_p	NA	fig4_q20_SE_cutadapt_unite	Cutadapt	SE	SE	Cutadapt	Ascomycota_p	Ascomycota_p
429ef104fcabfbb4b403c2c09309eadf	UNITE+BLAST	Penicillium	Penicillium_sumatraense	NA	fig4_q20_SE_cutadapt_unite	Cutadapt	SE	SE	Cutadapt	Penicillium	Penicillium_sumatraense
a65c458a2eaee29b99fc1cc9465e919e	UNITE+BLAST	Ascomycota_p	Ascomycota_p	NA	fig4_q20_SE_cutadapt_unite	Cutadapt	SE	SE	Cutadapt	Ascomycota_p	Ascomycota_p
f995e145056827d946990165fee89f13	UNITE+BLAST	Fungi_k	Fungi_k	NA	fig4_q20_SE_cutadapt_unite	Cutadapt	SE	SE	Cutadapt	Fungi_k	Fungi_k
6734e9cf02163049e17ba80c6b32c086	UNITE+BLAST	Fungi_k	Fungi_k	NA	fig4_q20_SE_cutadapt_unite	Cutadapt	SE	SE	Cutadapt	Fungi_k	Fungi_k
0901d27d4685ab03d4aa96618f51bbc4	UNITE+BLAST	Ascomycota_p	Ascomycota_p	NA	fig4_q20_SE_cutadapt_unite	Cutadapt	SE	SE	Cutadapt	Ascomycota_p	Ascomycota_p
d25e7da93e6b99dc8a029aa614772d33	UNITE+BLAST	Ascomycota_p	Ascomycota_p	NA	fig4_q20_SE_cutadapt_unite	Cutadapt	SE	SE	Cutadapt	Ascomycota_p	Ascomycota_p
3055f49397f6797b6af3d93deaed571e	UNITE+BLAST	Rhodotorula	Rhodotorula_mucilaginosa	NA	fig4_q20_SE_cutadapt_unite	Cutadapt	SE	SE	Cutadapt	Rhodotorula	Rhodotorula_mucilaginosa
6ea70f7a936fb3c83b92541a31d0699e	UNITE+BLAST	Fungi_k	Fungi_k	NA	fig4_q20_SE_cutadapt_unite	Cutadapt	SE	SE	Cutadapt	Fungi_k	Fungi_k
90c790cd51b041fe427de8b5a8538108	UNITE+BLAST	Ascomycota_p	Ascomycota_p	NA	fig4_q20_SE_cutadapt_unite	Cutadapt	SE	SE	Cutadapt	Ascomycota_p	Ascomycota_p
bd59c047dfd8722ab82188dd160d6676	UNITE+BLAST	Ascomycota_p	Ascomycota_p	NA	fig4_q20_SE_cutadapt_unite	Cutadapt	SE	SE	Cutadapt	Ascomycota_p	Ascomycota_p
c73a84e1852214049db88e6e75e7fcd5	UNITE+BLAST	Ascomycota_p	Ascomycota_p	NA	fig4_q20_SE_cutadapt_unite	Cutadapt	SE	SE	Cutadapt	Ascomycota_p	Ascomycota_p
c9e7884f1c2075801461d85650da4f8d	UNITE+BLAST	Fungi_k	Fungi_k	NA	fig4_q20_SE_cutadapt_unite	Cutadapt	SE	SE	Cutadapt	Fungi_k	Fungi_k
b59d253253520539b9365d889477b441	UNITE+BLAST	Fungi_k	Fungi_k	NA	fig4_q20_SE_cutadapt_unite	Cutadapt	SE	SE	Cutadapt	Fungi_k	Fungi_k
56b3fd0a76a57716fa9dc86ef499f86a	UNITE+BLAST	Ascomycota_p	Ascomycota_p	NA	fig4_q20_SE_cutadapt_unite	Cutadapt	SE	SE	Cutadapt	Ascomycota_p	Ascomycota_p
593628bb9050300495d659b459fd5aa3	UNITE+BLAST	Fungi_k	Fungi_k	NA	fig4_q20_SE_cutadapt_unite	Cutadapt	SE	SE	Cutadapt	Fungi_k	Fungi_k
21feee196968505b63639074b75a7d27	UNITE+BLAST	Kazachstania	Kazachstania_servazzii	NA	fig4_q20_SE_cutadapt_unite	Cutadapt	SE	SE	Cutadapt	Kazachstania	Kazachstania_servazzii
51274328fae601e51cb78952f19c2422	UNITE+BLAST	Helotiales_o	Helotiales_o	NA	fig4_q20_SE_cutadapt_unite	Cutadapt	SE	SE	Cutadapt	Helotiales_o	Helotiales_o
28545e23c1f29aea79e54c2490f42375	UNITE+BLAST	Ascomycota_p	Ascomycota_p	NA	fig4_q20_SE_cutadapt_unite	Cutadapt	SE	SE	Cutadapt	Ascomycota_p	Ascomycota_p
fcbc999ca804479fd39bdcaef8c7c1c0	UNITE+BLAST	Aspergillus	Unclassified	NA	fig4_q20_SE_cutadapt_unite	Cutadapt	SE	SE	Cutadapt	Aspergillus	Unclassified
0768181f519364a9439b4901c0812f7d	UNITE+BLAST	Fungi_k	Fungi_k	NA	fig4_q20_SE_cutadapt_unite	Cutadapt	SE	SE	Cutadapt	Fungi_k	Fungi_k
c37e09b9fad0c4eba3557a245868649d	UNITE+BLAST	Ascomycota_p	Ascomycota_p	NA	fig4_q20_SE_cutadapt_unite	Cutadapt	SE	SE	Cutadapt	Ascomycota_p	Ascomycota_p
c4f98e0590c3c3c748b905428148ad3a	UNITE+BLAST	Fungi_k	Fungi_k	NA	fig4_q20_SE_cutadapt_unite	Cutadapt	SE	SE	Cutadapt	Fungi_k	Fungi_k
5508856d9d35057c551dd5960df94f40	UNITE+BLAST	Fungi_k	Fungi_k	NA	fig4_q20_SE_cutadapt_unite	Cutadapt	SE	SE	Cutadapt	Fungi_k	Fungi_k
22381edf2faa88f0c0f8bece81941d9f	UNITE+BLAST	Trechispora	Unclassified	NA	fig4_q20_SE_cutadapt_unite	Cutadapt	SE	SE	Cutadapt	Trechispora	Unclassified
b506688e1799c79d472e572c36c88f96	UNITE+BLAST	Ascomycota_p	Ascomycota_p	NA	fig4_q20_SE_cutadapt_unite	Cutadapt	SE	SE	Cutadapt	Ascomycota_p	Ascomycota_p
6790f42c7414d04cbfca2d0bc9403137	UNITE+BLAST	Fungi_k	Fungi_k	NA	fig4_q20_SE_cutadapt_unite	Cutadapt	SE	SE	Cutadapt	Fungi_k	Fungi_k
45abd68f253254c6fa3ef6981b6b7e84	UNITE+BLAST	Fungi_k	Fungi_k	NA	fig4_q20_SE_cutadapt_unite	Cutadapt	SE	SE	Cutadapt	Fungi_k	Fungi_k
734b3bd502cf4e15ab36e06823ea19d1	UNITE+BLAST	Fungi_k	Fungi_k	NA	fig4_q20_SE_cutadapt_unite	Cutadapt	SE	SE	Cutadapt	Fungi_k	Fungi_k
e2d6b080c35429edc1bf79320290191c	UNITE+BLAST	Fungi_k	Fungi_k	NA	fig4_q20_SE_cutadapt_unite	Cutadapt	SE	SE	Cutadapt	Fungi_k	Fungi_k
4bc9878d9cb5210bbfa8e56b3f990fe1	UNITE+BLAST	Ascomycota_p	Ascomycota_p	NA	fig4_q20_SE_cutadapt_unite	Cutadapt	SE	SE	Cutadapt	Ascomycota_p	Ascomycota_p
79b8b59b62b6bcd94537b80830d7f47d	UNITE+BLAST	Fungi_k	Fungi_k	NA	fig4_q20_SE_cutadapt_unite	Cutadapt	SE	SE	Cutadapt	Fungi_k	Fungi_k
0d2a77295862dea2a5fc3940be192278	UNITE+BLAST	Ascomycota_p	Ascomycota_p	NA	fig4_q20_SE_cutadapt_unite	Cutadapt	SE	SE	Cutadapt	Ascomycota_p	Ascomycota_p
0ae1e837235a2579609ba6290feae7d9	UNITE+BLAST	Ascomycota_p	Ascomycota_p	NA	fig4_q20_SE_cutadapt_unite	Cutadapt	SE	SE	Cutadapt	Ascomycota_p	Ascomycota_p
690485dcc88ee46eafca88455c1350fb	UNITE+BLAST	Fungi_k	Fungi_k	NA	fig4_q20_SE_cutadapt_unite	Cutadapt	SE	SE	Cutadapt	Fungi_k	Fungi_k
810614b36a07abd1a925d29282f91909	UNITE+BLAST	Fungi_k	Fungi_k	NA	fig4_q20_SE_cutadapt_unite	Cutadapt	SE	SE	Cutadapt	Fungi_k	Fungi_k
ea7f5040ec9eea16e64fd85b2b7d0572	UNITE+BLAST	Fungi_k	Fungi_k	NA	fig4_q20_SE_cutadapt_unite	Cutadapt	SE	SE	Cutadapt	Fungi_k	Fungi_k
25a303dbf5b2a6790682c1e63eb0bc86	UNITE+BLAST	Fungi_k	Fungi_k	NA	fig4_q20_SE_cutadapt_unite	Cutadapt	SE	SE	Cutadapt	Fungi_k	Fungi_k
c736e249da125d2afbdc5153e798f4ff	UNITE+BLAST	Fungi_k	Fungi_k	NA	fig4_q20_SE_cutadapt_unite	Cutadapt	SE	SE	Cutadapt	Fungi_k	Fungi_k
eb0a24cde4475b6ba4de24cc713e47bd	UNITE+BLAST	Cryptococcus	Cryptococcus_neoformans	NA	fig4_q20_SE_cutadapt_unite	Cutadapt	SE	SE	Cutadapt	Cryptococcus	Cryptococcus_neoformans
424a42c649741aeff084e4e4be42d5e8	UNITE+BLAST	Fungi_k	Fungi_k	NA	fig4_q20_SE_cutadapt_unite	Cutadapt	SE	SE	Cutadapt	Fungi_k	Fungi_k
7eb255283c6c52bd61ca80e88b608ef1	UNITE+BLAST	Ascomycota_p	Ascomycota_p	NA	fig4_q20_SE_cutadapt_unite	Cutadapt	SE	SE	Cutadapt	Ascomycota_p	Ascomycota_p
464e19f539c8d48eeb059761e4076133	UNITE+BLAST	Fungi_k	Fungi_k	NA	fig4_q20_SE_cutadapt_unite	Cutadapt	SE	SE	Cutadapt	Fungi_k	Fungi_k
1517c3efbe21dfb398ed386a41eebbb8	UNITE+BLAST	Fungi_k	Fungi_k	NA	fig4_q20_SE_cutadapt_unite	Cutadapt	SE	SE	Cutadapt	Fungi_k	Fungi_k
c9724494bb18bcad90882e40457e048a	UNITE+BLAST	Candida	Candida_albicans	NA	fig4_q20_SE_cutadapt_unite	Cutadapt	SE	SE	Cutadapt	Candida	Candida_albicans
1c99b355daab861d42ef02ad4aecd425	UNITE+BLAST	Fungi_k	Fungi_k	NA	fig4_q20_SE_cutadapt_unite	Cutadapt	SE	SE	Cutadapt	Fungi_k	Fungi_k
40c28c9bd0d7ff3d3dd7bc907bd4743b	UNITE+BLAST	Fungi_k	Fungi_k	NA	fig4_q20_SE_cutadapt_unite	Cutadapt	SE	SE	Cutadapt	Fungi_k	Fungi_k
3d5f170d59af5aa3757284a921c5a385	UNITE+BLAST	Cutaneotrichosporon	Cutaneotrichosporon_mucoides	NA	fig4_q20_SE_cutadapt_unite	Cutadapt	SE	SE	Cutadapt	Cutaneotrichosporon	Cutaneotrichosporon_mucoides
a4d6aeda4e809ef4f25111f66e15a8ca	UNITE+BLAST	Ascomycota_p	Ascomycota_p	NA	fig4_q20_SE_cutadapt_unite	Cutadapt	SE	SE	Cutadapt	Ascomycota_p	Ascomycota_p
621f2a9745265d827cc94a1d025b8a38	UNITE+BLAST	Fungi_k	Fungi_k	NA	fig4_q20_SE_cutadapt_unite	Cutadapt	SE	SE	Cutadapt	Fungi_k	Fungi_k
d451ec00d290f5d04b65f2b8efdebc57	UNITE+BLAST	Komagataella	Komagataella_phaffii	NA	fig4_q20_SE_cutadapt_unite	Cutadapt	SE	SE	Cutadapt	Komagataella	Komagataella_phaffii
4aae9ea7e4bfc0aaa35d3772535cb612	UNITE+BLAST	Irpex	Irpex_hacksungii	NA	fig4_q20_SE_cutadapt_unite	Cutadapt	SE	SE	Cutadapt	Irpex	Irpex_hacksungii
8fa01d73021156ed6e2382e0d80dec3a	UNITE+BLAST	Candida	Candida_albicans	NA	fig4_q20_SE_cutadapt_unite	Cutadapt	SE	SE	Cutadapt	Candida	Candida_albicans
29555bd5b7d79e088911358e619af0af	UNITE+BLAST	Fungi_k	Fungi_k	NA	fig4_q20_SE_cutadapt_unite	Cutadapt	SE	SE	Cutadapt	Fungi_k	Fungi_k
a264df5dbe2ffe5b564231684a02d56d	UNITE+BLAST	Debaryomyces	Debaryomyces_delbrueckii	NA	fig4_q20_SE_cutadapt_unite	Cutadapt	SE	SE	Cutadapt	Debaryomyces	Debaryomyces_delbrueckii
d3d0cebd4289cec189f3d8079a0de58e	UNITE+BLAST	Candida	Candida_albicans	NA	fig4_q20_SE_cutadapt_unite	Cutadapt	SE	SE	Cutadapt	Candida	Candida_albicans
754268c86474386269e578a4eb485b8a	UNITE+BLAST	Candida	Candida_albicans	NA	fig4_q20_SE_cutadapt_unite	Cutadapt	SE	SE	Cutadapt	Candida	Candida_albicans
4ff375ae9b66ece9a7f74f5a13354b9d	UNITE+BLAST	Fungi_k	Fungi_k	NA	fig4_q20_SE_cutadapt_unite	Cutadapt	SE	SE	Cutadapt	Fungi_k	Fungi_k
8d3e05b052f65c88c539505f87882851	UNITE+BLAST	Ascomycota_p	Ascomycota_p	NA	fig4_q20_SE_cutadapt_unite	Cutadapt	SE	SE	Cutadapt	Ascomycota_p	Ascomycota_p
e160892fa06aeac24cede5fd0d9fac0c	UNITE+BLAST	Pichia	Pichia_kudriavzevii	NA	fig4_q20_SE_cutadapt_unite	Cutadapt	SE	SE	Cutadapt	Pichia	Pichia_kudriavzevii
feb42ca1b6adcd738ff9ba386892f11e	UNITE+BLAST	Penicillium	Unclassified	NA	fig4_q20_SE_cutadapt_unite	Cutadapt	SE	SE	Cutadapt	Penicillium	Unclassified
2e723fe0c70769428c06e39a8f19d9d8	UNITE+BLAST	Fungi_k	Fungi_k	NA	fig4_q20_SE_cutadapt_unite	Cutadapt	SE	SE	Cutadapt	Fungi_k	Fungi_k
315a14f72987afaafb1b8701eaa0b075	UNITE+BLAST	Cryptococcus	Cryptococcus_neoformans	NA	fig4_q20_SE_cutadapt_unite	Cutadapt	SE	SE	Cutadapt	Cryptococcus	Cryptococcus_neoformans
644c895ef79df8c731420be73cf8b6c0	UNITE+BLAST	Fungi_k	Fungi_k	NA	fig4_q20_SE_cutadapt_unite	Cutadapt	SE	SE	Cutadapt	Fungi_k	Fungi_k
80e1bf7ccd84a6512dc5cc240266fbbc	UNITE+BLAST	Malassezia	Malassezia_globosa	NA	fig4_q20_SE_cutadapt_unite	Cutadapt	SE	SE	Cutadapt	Malassezia	Malassezia_globosa
26461f63a0aa3891866f330d837eb06e	UNITE+BLAST	Ascomycota_p	Ascomycota_p	NA	fig4_q20_SE_cutadapt_unite	Cutadapt	SE	SE	Cutadapt	Ascomycota_p	Ascomycota_p
0b670ea5bad69a636e48836a55475086	UNITE+BLAST	Fungi_k	Fungi_k	NA	fig4_q20_SE_cutadapt_unite	Cutadapt	SE	SE	Cutadapt	Fungi_k	Fungi_k
267cae1380db2b4584c9e1a67d952b7c	UNITE+BLAST	Ascomycota_p	Ascomycota_p	NA	fig4_q20_SE_cutadapt_unite	Cutadapt	SE	SE	Cutadapt	Ascomycota_p	Ascomycota_p
9d85d8067d02e30a806463de2845ccdd	UNITE+BLAST	Fungi_k	Fungi_k	NA	fig4_q20_SE_cutadapt_unite	Cutadapt	SE	SE	Cutadapt	Fungi_k	Fungi_k
14f563b611081c3d96a3656b7e727a14	UNITE+BLAST	Ascomycota_p	Ascomycota_p	NA	fig4_q20_SE_cutadapt_unite	Cutadapt	SE	SE	Cutadapt	Ascomycota_p	Ascomycota_p
4e69eeb85eb9ec34c929b61a9a698d0e	UNITE+BLAST	Saccharomyces	Saccharomyces_kudriavzevii	NA	fig4_q20_SE_cutadapt_unite	Cutadapt	SE	SE	Cutadapt	Saccharomyces	Saccharomyces_kudriavzevii
c4de8920d09cfcb35cb11ca9ed00200f	UNITE+BLAST	Fungi_k	Fungi_k	NA	fig4_q20_SE_cutadapt_unite	Cutadapt	SE	SE	Cutadapt	Fungi_k	Fungi_k
78d85a0a8430d95559a3ab36a25e22d8	UNITE+BLAST	Ascomycota_p	Ascomycota_p	NA	fig4_q20_SE_cutadapt_unite	Cutadapt	SE	SE	Cutadapt	Ascomycota_p	Ascomycota_p
7022c374ae44a6ea810bc3bc7018547c	UNITE+BLAST	Fungi_k	Fungi_k	NA	fig4_q20_SE_cutadapt_unite	Cutadapt	SE	SE	Cutadapt	Fungi_k	Fungi_k
a920043b0a1f468a1d704fb1d44f1538	UNITE+BLAST	Fungi_k	Fungi_k	NA	fig4_q20_SE_cutadapt_unite	Cutadapt	SE	SE	Cutadapt	Fungi_k	Fungi_k
260b8bebae425ab1944a3e6b09292088	UNITE+BLAST	Fungi_k	Fungi_k	NA	fig4_q20_SE_cutadapt_unite	Cutadapt	SE	SE	Cutadapt	Fungi_k	Fungi_k
7afb59c70eff2cec5a071dd7c3ca79e0	UNITE+BLAST	Ascomycota_p	Ascomycota_p	NA	fig4_q20_SE_cutadapt_unite	Cutadapt	SE	SE	Cutadapt	Ascomycota_p	Ascomycota_p
1d1e47a562efc72e0e1a703adb1156bc	UNITE+BLAST	Ascomycota_p	Ascomycota_p	NA	fig4_q20_SE_cutadapt_unite	Cutadapt	SE	SE	Cutadapt	Ascomycota_p	Ascomycota_p
11472a6b13e3d38e37aa6d6f3b131991	UNITE+BLAST	Fungi_k	Fungi_k	NA	fig4_q20_SE_cutadapt_unite	Cutadapt	SE	SE	Cutadapt	Fungi_k	Fungi_k
7243d6f6c59327bcf48abb33a65296e7	UNITE+BLAST	Ascomycota_p	Ascomycota_p	NA	fig4_q20_SE_cutadapt_unite	Cutadapt	SE	SE	Cutadapt	Ascomycota_p	Ascomycota_p
5105a2d6db57cdbabd078e95db2396c5	UNITE+BLAST	Fungi_k	Fungi_k	NA	fig4_q20_SE_cutadapt_unite	Cutadapt	SE	SE	Cutadapt	Fungi_k	Fungi_k
90aa0385993cdfbec9b8925a1163afb6	UNITE+BLAST	Fungi_k	Fungi_k	NA	fig4_q20_SE_cutadapt_unite	Cutadapt	SE	SE	Cutadapt	Fungi_k	Fungi_k
955eb7ae0fe2a3213438ef5bec2de66e	UNITE+BLAST	Fungi_k	Fungi_k	NA	fig4_q20_SE_cutadapt_unite	Cutadapt	SE	SE	Cutadapt	Fungi_k	Fungi_k
c97fecfe6785166d168fafdd986ee02f	UNITE+BLAST	Fungi_k	Fungi_k	NA	fig4_q20_SE_cutadapt_unite	Cutadapt	SE	SE	Cutadapt	Fungi_k	Fungi_k
c0b1830e2feafc77fb275d5a16f99809	UNITE+BLAST	Ascomycota_p	Ascomycota_p	NA	fig4_q20_SE_cutadapt_unite	Cutadapt	SE	SE	Cutadapt	Ascomycota_p	Ascomycota_p
5302560500e967552b1490312b4bb3b3	UNITE+BLAST	Fungi_k	Fungi_k	NA	fig4_q20_SE_cutadapt_unite	Cutadapt	SE	SE	Cutadapt	Fungi_k	Fungi_k
f235e5de715614a0b7c2b48197a6a8ba	UNITE+BLAST	Ascomycota_p	Ascomycota_p	NA	fig4_q20_SE_cutadapt_unite	Cutadapt	SE	SE	Cutadapt	Ascomycota_p	Ascomycota_p
8c82b71188e096be2feb08fd7d64d6a6	UNITE+BLAST	Leucosporidium	Leucosporidium_intermedium	NA	fig4_q20_SE_cutadapt_unite	Cutadapt	SE	SE	Cutadapt	Leucosporidium	Leucosporidium_intermedium
8578ebd1501eab5abc643bb43fb0b7e2	UNITE+BLAST	Fungi_k	Fungi_k	NA	fig4_q20_SE_cutadapt_unite	Cutadapt	SE	SE	Cutadapt	Fungi_k	Fungi_k
5aa08add5073423bc935416fc4122a79	UNITE+BLAST	Fungi_k	Fungi_k	NA	fig4_q20_SE_cutadapt_unite	Cutadapt	SE	SE	Cutadapt	Fungi_k	Fungi_k
75107df2ba22157d21ca3da014ea641a	UNITE+BLAST	Ascomycota_p	Ascomycota_p	NA	fig4_q20_SE_cutadapt_unite	Cutadapt	SE	SE	Cutadapt	Ascomycota_p	Ascomycota_p
934f533a78b5de1479b59f1a682d064c	UNITE+BLAST	Fungi_k	Fungi_k	NA	fig4_q20_SE_cutadapt_unite	Cutadapt	SE	SE	Cutadapt	Fungi_k	Fungi_k
2ebd8a5b8c3455f415eca2f216a9d915	UNITE+BLAST	Ascomycota_p	Ascomycota_p	NA	fig4_q20_SE_cutadapt_unite	Cutadapt	SE	SE	Cutadapt	Ascomycota_p	Ascomycota_p
26c3adb423a4d6b98b84d34fa5beca3f	UNITE+BLAST	Fungi_k	Fungi_k	NA	fig4_q20_SE_cutadapt_unite	Cutadapt	SE	SE	Cutadapt	Fungi_k	Fungi_k
fc7fa41febb165d9e2c1aa251fe03adb	UNITE+BLAST	Ascomycota_p	Ascomycota_p	NA	fig4_q20_SE_cutadapt_unite	Cutadapt	SE	SE	Cutadapt	Ascomycota_p	Ascomycota_p
e09cee250683d1d9c0efe6766aea6426	UNITE+BLAST	Ascomycota_p	Ascomycota_p	NA	fig4_q20_SE_cutadapt_unite	Cutadapt	SE	SE	Cutadapt	Ascomycota_p	Ascomycota_p
04054fce3ae97d78e67d2d454985add2	UNITE+BLAST	Fungi_k	Fungi_k	NA	fig4_q20_SE_cutadapt_unite	Cutadapt	SE	SE	Cutadapt	Fungi_k	Fungi_k
8a52693c2a3066f0951f6e0ab114cf44	UNITE+BLAST	Fungi_k	Fungi_k	NA	fig4_q20_SE_cutadapt_unite	Cutadapt	SE	SE	Cutadapt	Fungi_k	Fungi_k
96800d25db2a29d576ee27c9b1735e9f	UNITE+BLAST	Fungi_k	Fungi_k	NA	fig4_q20_SE_cutadapt_unite	Cutadapt	SE	SE	Cutadapt	Fungi_k	Fungi_k
a9a8701bb82e83502dac035e738a9a66	UNITE+BLAST	Fungi_k	Fungi_k	NA	fig4_q20_SE_cutadapt_unite	Cutadapt	SE	SE	Cutadapt	Fungi_k	Fungi_k
43b699344cd30824e9b375638111b901	UNITE+BLAST	Fusarium	Fusarium_oxysporum	NA	fig4_q20_SE_cutadapt_unite	Cutadapt	SE	SE	Cutadapt	Fusarium	Fusarium_oxysporum
f68813f6ebcb8f7323b15cb6dad97526	UNITE+BLAST	Trechispora	Unclassified	NA	fig4_q20_SE_cutadapt_unite	Cutadapt	SE	SE	Cutadapt	Trechispora	Unclassified
091b9ab07282fb2810730607e7c73a6b	UNITE+BLAST	Fungi_k	Fungi_k	NA	fig4_q20_SE_cutadapt_unite	Cutadapt	SE	SE	Cutadapt	Fungi_k	Fungi_k
6fbeed64732e5d21b16b552ce54cbdab	UNITE+BLAST	Fungi_k	Fungi_k	NA	fig4_q20_SE_cutadapt_unite	Cutadapt	SE	SE	Cutadapt	Fungi_k	Fungi_k
725402e2a81677678ca9799ecc96fe7f	UNITE+BLAST	Fungi_k	Fungi_k	NA	fig4_q20_SE_cutadapt_unite	Cutadapt	SE	SE	Cutadapt	Fungi_k	Fungi_k
870b996b7364a3020227bc4b918ba54f	UNITE+BLAST	Fungi_k	Fungi_k	NA	fig4_q20_SE_cutadapt_unite	Cutadapt	SE	SE	Cutadapt	Fungi_k	Fungi_k
194c5d7ddd16e9c0363bffc3aef8ceb8	UNITE+BLAST	Fungi_k	Fungi_k	NA	fig4_q20_SE_cutadapt_unite	Cutadapt	SE	SE	Cutadapt	Fungi_k	Fungi_k
85d8f5af58655f5e9a0875198e40a4cf	UNITE+BLAST	Fungi_k	Fungi_k	NA	fig4_q20_SE_cutadapt_unite	Cutadapt	SE	SE	Cutadapt	Fungi_k	Fungi_k
eca677b652afb80f02a64e9a83fef553	UNITE+BLAST	Fungi_k	Fungi_k	NA	fig4_q20_SE_cutadapt_unite	Cutadapt	SE	SE	Cutadapt	Fungi_k	Fungi_k
25d556970166dcb7050422023be88e22	UNITE+BLAST	Fungi_k	Fungi_k	NA	fig4_q20_SE_cutadapt_unite	Cutadapt	SE	SE	Cutadapt	Fungi_k	Fungi_k
b818ea92d26b8c0d7b99eb77906b9e01	UNITE+BLAST	Fungi_k	Fungi_k	NA	fig4_q20_SE_cutadapt_unite	Cutadapt	SE	SE	Cutadapt	Fungi_k	Fungi_k
7b3895e4ce4378f120ee488c628004dc	UNITE+BLAST	Fungi_k	Fungi_k	NA	fig4_q20_SE_cutadapt_unite	Cutadapt	SE	SE	Cutadapt	Fungi_k	Fungi_k
615431307bb72c4d99dcb3c243d810db	UNITE+BLAST	Fungi_k	Fungi_k	NA	fig4_q20_SE_cutadapt_unite	Cutadapt	SE	SE	Cutadapt	Fungi_k	Fungi_k
b67b81c102e2f5fa366b3d4d0869f235	UNITE+BLAST	Fungi_k	Fungi_k	NA	fig4_q20_SE_cutadapt_unite	Cutadapt	SE	SE	Cutadapt	Fungi_k	Fungi_k
638e7ccf3419acc06aafd317364cba75	UNITE+BLAST	Fungi_k	Fungi_k	NA	fig4_q20_SE_cutadapt_unite	Cutadapt	SE	SE	Cutadapt	Fungi_k	Fungi_k
cfa201d304dab9c66d991e37660ea7cd	UNITE+BLAST	Fungi_k	Fungi_k	NA	fig4_q20_SE_cutadapt_unite	Cutadapt	SE	SE	Cutadapt	Fungi_k	Fungi_k
e2708925a7f42bb9e1f62f04f1ee3e26	UNITE+BLAST	Lecanorales_o	Lecanorales_o	NA	fig4_q20_SE_cutadapt_unite	Cutadapt	SE	SE	Cutadapt	Lecanorales_o	Lecanorales_o
0c71e40860c006ffbe35af9fd3d7727b	UNITE+BLAST	Fungi_k	Fungi_k	NA	fig4_q20_SE_cutadapt_unite	Cutadapt	SE	SE	Cutadapt	Fungi_k	Fungi_k
b1b896a1775460c058fc891882a5bad8	UNITE+BLAST	Ascomycota_p	Ascomycota_p	NA	fig4_q20_SE_cutadapt_unite	Cutadapt	SE	SE	Cutadapt	Ascomycota_p	Ascomycota_p
9b515710aedd7956e1b33b0f43a5da4d	UNITE+BLAST	Ascomycota_p	Ascomycota_p	NA	fig4_q20_SE_cutadapt_unite	Cutadapt	SE	SE	Cutadapt	Ascomycota_p	Ascomycota_p
8f5b156b2473d6552ed30cec420b2b02	UNITE+BLAST	Fungi_k	Fungi_k	NA	fig4_q20_SE_cutadapt_unite	Cutadapt	SE	SE	Cutadapt	Fungi_k	Fungi_k
ff7f232a0ba2b8cdee78935456caded9	UNITE+BLAST	Fungi_k	Fungi_k	NA	fig4_q20_SE_cutadapt_unite	Cutadapt	SE	SE	Cutadapt	Fungi_k	Fungi_k
32be290b5fe51f5e4611e2e1a37fa1db	UNITE+BLAST	Fungi_k	Fungi_k	NA	fig4_q20_SE_cutadapt_unite	Cutadapt	SE	SE	Cutadapt	Fungi_k	Fungi_k
119831b712be8db7b70c0d6d950624da	UNITE+BLAST	Fungi_k	Fungi_k	NA	fig4_q20_SE_cutadapt_unite	Cutadapt	SE	SE	Cutadapt	Fungi_k	Fungi_k
ef25c954c06d510896f91b6ee3f9d1aa	UNITE+BLAST	Fungi_k	Fungi_k	NA	fig4_q20_SE_cutadapt_unite	Cutadapt	SE	SE	Cutadapt	Fungi_k	Fungi_k
6a9c03927332a86761ef8140c19e76a2	UNITE+BLAST	Fungi_k	Fungi_k	NA	fig4_q20_SE_cutadapt_unite	Cutadapt	SE	SE	Cutadapt	Fungi_k	Fungi_k
5cae4f6bc86eca0f1eedf3d66b889b17	UNITE+BLAST	Fungi_k	Fungi_k	NA	fig4_q20_SE_cutadapt_unite	Cutadapt	SE	SE	Cutadapt	Fungi_k	Fungi_k
ba931772211836a80a6f9001b2507e01	UNITE+BLAST	Fungi_k	Fungi_k	NA	fig4_q20_SE_cutadapt_unite	Cutadapt	SE	SE	Cutadapt	Fungi_k	Fungi_k
a536855c690075a22d2f70db5665151c	UNITE+BLAST	Fungi_k	Fungi_k	NA	fig4_q20_SE_cutadapt_unite	Cutadapt	SE	SE	Cutadapt	Fungi_k	Fungi_k
b2d71c8a1835967453bd96a5aecac0d2	UNITE+BLAST	Fungi_k	Fungi_k	NA	fig4_q20_SE_cutadapt_unite	Cutadapt	SE	SE	Cutadapt	Fungi_k	Fungi_k
fe389004a774f698876b52bcd5148b90	UNITE+BLAST	Ascomycota_p	Ascomycota_p	NA	fig4_q20_SE_cutadapt_unite	Cutadapt	SE	SE	Cutadapt	Ascomycota_p	Ascomycota_p
56a66d4f4883495fe6e8252edcc6c71c	UNITE+BLAST	Fungi_k	Fungi_k	NA	fig4_q20_SE_cutadapt_unite	Cutadapt	SE	SE	Cutadapt	Fungi_k	Fungi_k
ec20b845c0c4bc5fe101632d172a6d2a	UNITE+BLAST	Cryptococcus	Cryptococcus_neoformans	NA	fig4_q20_SE_cutadapt_unite	Cutadapt	SE	SE	Cutadapt	Cryptococcus	Cryptococcus_neoformans
a0a05fb837d128e0f13ab3295773109e	UNITE+BLAST	Fungi_k	Fungi_k	NA	fig4_q20_SE_cutadapt_unite	Cutadapt	SE	SE	Cutadapt	Fungi_k	Fungi_k
158508c453d93903d315196a844918ef	UNITE+BLAST	Fungi_k	Fungi_k	NA	fig4_q20_SE_cutadapt_unite	Cutadapt	SE	SE	Cutadapt	Fungi_k	Fungi_k
6b364ee32451dd49784a71f534ef2bae	UNITE+BLAST	Aspergillaceae_f	Aspergillaceae_f	NA	fig4_q20_SE_cutadapt_unite	Cutadapt	SE	SE	Cutadapt	Aspergillaceae_f	Aspergillaceae_f
fb16acc3ac783ab7d6101776190a58e0	UNITE+BLAST	Ascomycota_p	Ascomycota_p	NA	fig4_q20_SE_cutadapt_unite	Cutadapt	SE	SE	Cutadapt	Ascomycota_p	Ascomycota_p
e964994d6f202441af10c435acc7d999	UNITE+BLAST	Nakaseomyces	Nakaseomyces_glabratus	NA	fig4_q20_SE_cutadapt_unite	Cutadapt	SE	SE	Cutadapt	Nakaseomyces	Nakaseomyces_glabratus
5535856acc809af76ab3ddb22e9e211d	UNITE+BLAST	Fungi_k	Fungi_k	NA	fig4_q20_SE_cutadapt_unite	Cutadapt	SE	SE	Cutadapt	Fungi_k	Fungi_k
9787c7e873499f9e560ca6b6422ce0e8	UNITE+BLAST	Fungi_k	Fungi_k	NA	fig4_q20_SE_cutadapt_unite	Cutadapt	SE	SE	Cutadapt	Fungi_k	Fungi_k
1b7d4ee38520a8d71abb44031eecc577	UNITE+BLAST	Fungi_k	Fungi_k	NA	fig4_q20_SE_cutadapt_unite	Cutadapt	SE	SE	Cutadapt	Fungi_k	Fungi_k
22b75b5c2a1c978878bc54274f7dffa6	UNITE+BLAST	Ascomycota_p	Ascomycota_p	NA	fig4_q20_SE_cutadapt_unite	Cutadapt	SE	SE	Cutadapt	Ascomycota_p	Ascomycota_p
5f75d4aac0231ac26b212754cfe7bc3e	UNITE+BLAST	Fungi_k	Fungi_k	NA	fig4_q20_SE_cutadapt_unite	Cutadapt	SE	SE	Cutadapt	Fungi_k	Fungi_k
6a84d445d0bc5b70a398f6fdf01eb66f	UNITE+BLAST	Ascomycota_p	Ascomycota_p	NA	fig4_q20_SE_cutadapt_unite	Cutadapt	SE	SE	Cutadapt	Ascomycota_p	Ascomycota_p
299858db667f2d7fa90d17f8f1e54be0	UNITE+BLAST	Fungi_k	Fungi_k	NA	fig4_q20_SE_cutadapt_unite	Cutadapt	SE	SE	Cutadapt	Fungi_k	Fungi_k
161c64a00b60cab9cd570cec0be8db0a	UNITE+BLAST	Fungi_k	Fungi_k	NA	fig4_q20_SE_cutadapt_unite	Cutadapt	SE	SE	Cutadapt	Fungi_k	Fungi_k
708ed5611c17651ff5806fa18df950fa	UNITE+BLAST	Ascomycota_p	Ascomycota_p	NA	fig4_q20_SE_cutadapt_unite	Cutadapt	SE	SE	Cutadapt	Ascomycota_p	Ascomycota_p
36a7dafd8a4806c2f7c373b5c9916b22	UNITE+BLAST	Fungi_k	Fungi_k	NA	fig4_q20_SE_cutadapt_unite	Cutadapt	SE	SE	Cutadapt	Fungi_k	Fungi_k
3039df4ad5007ae4944976c043d3d432	UNITE+BLAST	Fungi_k	Fungi_k	NA	fig4_q20_SE_cutadapt_unite	Cutadapt	SE	SE	Cutadapt	Fungi_k	Fungi_k
a56894c6c241a00138a745e9bf67a443	UNITE+BLAST	Ascomycota_p	Ascomycota_p	NA	fig4_q20_SE_cutadapt_unite	Cutadapt	SE	SE	Cutadapt	Ascomycota_p	Ascomycota_p
c9e58beca8becb5fcc7e538ede488f9e	UNITE+BLAST	Ascomycota_p	Ascomycota_p	NA	fig4_q20_SE_cutadapt_unite	Cutadapt	SE	SE	Cutadapt	Ascomycota_p	Ascomycota_p
e2b964f9c965bdcdf26553e425dbd793	UNITE+BLAST	Fungi_k	Fungi_k	NA	fig4_q20_SE_cutadapt_unite	Cutadapt	SE	SE	Cutadapt	Fungi_k	Fungi_k
8965aa6d2863f5cb3cd73c6b457b8c10	UNITE+BLAST	Fungi_k	Fungi_k	NA	fig4_q20_SE_cutadapt_unite	Cutadapt	SE	SE	Cutadapt	Fungi_k	Fungi_k
b96feb915f752cb0cac454b227ea516d	UNITE+BLAST	Fungi_k	Fungi_k	NA	fig4_q20_SE_cutadapt_unite	Cutadapt	SE	SE	Cutadapt	Fungi_k	Fungi_k
247c8459db6ae8b1257380e69c42b883	UNITE+BLAST	Penicillium	Unclassified	NA	fig4_q20_SE_cutadapt_unite	Cutadapt	SE	SE	Cutadapt	Penicillium	Unclassified
dbd506df66b81dcdb231c7b21f39140b	UNITE+BLAST	Phlebia	Phlebia_acerina	NA	fig4_q20_SE_cutadapt_unite	Cutadapt	SE	SE	Cutadapt	Phlebia	Phlebia_acerina
c9a08cedfce3e1d4e0167bcd82f1eed8	UNITE+BLAST	Fungi_k	Fungi_k	NA	fig4_q20_SE_cutadapt_unite	Cutadapt	SE	SE	Cutadapt	Fungi_k	Fungi_k
d1e17b274ba99de355a3817e54d6236e	UNITE+BLAST	Stereaceae_f	Stereaceae_f	NA	fig4_q20_SE_cutadapt_unite	Cutadapt	SE	SE	Cutadapt	Stereaceae_f	Stereaceae_f
5e1d83eccf923b1343d8824231f1bbe1	UNITE+BLAST	Fungi_k	Fungi_k	NA	fig4_q20_SE_cutadapt_unite	Cutadapt	SE	SE	Cutadapt	Fungi_k	Fungi_k
43071ca5a252d644aa64b30a517cdb84	UNITE+BLAST	Hannaella	Hannaella_oryzae	NA	fig4_q20_SE_cutadapt_unite	Cutadapt	SE	SE	Cutadapt	Hannaella	Hannaella_oryzae
5cf5a5092050bcd623fa6eb69cef27bc	UNITE+BLAST	Helotiales_o	Helotiales_o	NA	fig4_q20_SE_cutadapt_unite	Cutadapt	SE	SE	Cutadapt	Helotiales_o	Helotiales_o
337831ba7d77685699981e28fb64cf23	UNITE+BLAST	Ascomycota_p	Ascomycota_p	NA	fig4_q20_SE_cutadapt_unite	Cutadapt	SE	SE	Cutadapt	Ascomycota_p	Ascomycota_p
a8006bd4661f54caf04a33bfd953834d	UNITE+BLAST	Fungi_k	Fungi_k	NA	fig4_q20_SE_cutadapt_unite	Cutadapt	SE	SE	Cutadapt	Fungi_k	Fungi_k
eb419687cb6c69004db4a72c323e21f8	UNITE+BLAST	Fungi_k	Fungi_k	NA	fig4_q20_SE_cutadapt_unite	Cutadapt	SE	SE	Cutadapt	Fungi_k	Fungi_k
ab224c39466ee6d32bd0cb957ff3bf07	UNITE+BLAST	Ascomycota_p	Ascomycota_p	NA	fig4_q20_SE_cutadapt_unite	Cutadapt	SE	SE	Cutadapt	Ascomycota_p	Ascomycota_p
5028db85c93296a70c563f0a3ef6eeb2	UNITE+BLAST	Phlebia	Phlebia_acerina	NA	fig4_q20_SE_cutadapt_unite	Cutadapt	SE	SE	Cutadapt	Phlebia	Phlebia_acerina
3b19d4888b7cb5cae6d71495a64c1f99	UNITE+BLAST	Paraphoma	Paraphoma_chrysanthemicola	NA	fig4_q20_SE_cutadapt_unite	Cutadapt	SE	SE	Cutadapt	Paraphoma	Paraphoma_chrysanthemicola
5187486fe872390b9182d5481d070c1e	UNITE+BLAST	Pleosporales_o	Pleosporales_o	NA	fig4_q20_SE_cutadapt_unite	Cutadapt	SE	SE	Cutadapt	Pleosporales_o	Pleosporales_o
58b2e2109c1625d12106aa0c3bbdc3d8	UNITE+BLAST	Fungi_k	Fungi_k	NA	fig4_q20_SE_cutadapt_unite	Cutadapt	SE	SE	Cutadapt	Fungi_k	Fungi_k
70c24fbf5a1015511f7eeaa619943c09	UNITE+BLAST	Fungi_k	Fungi_k	NA	fig4_q20_SE_cutadapt_unite	Cutadapt	SE	SE	Cutadapt	Fungi_k	Fungi_k
ccd9b87685ec477410a892a19c6f56e2	UNITE+BLAST	Ascomycota_p	Ascomycota_p	NA	fig4_q20_SE_cutadapt_unite	Cutadapt	SE	SE	Cutadapt	Ascomycota_p	Ascomycota_p
ea97745628171c1b7140643a9f70461e	UNITE+BLAST	Ascomycota_p	Ascomycota_p	NA	fig4_q20_SE_cutadapt_unite	Cutadapt	SE	SE	Cutadapt	Ascomycota_p	Ascomycota_p
3c9ae85851f407a4c95023d2f0cf58be	UNITE+BLAST	Fungi_k	Fungi_k	NA	fig4_q20_SE_cutadapt_unite	Cutadapt	SE	SE	Cutadapt	Fungi_k	Fungi_k
6d536c0697e3374ffb3ec10414641759	UNITE+BLAST	Metschnikowia	Unclassified	NA	fig4_q20_SE_cutadapt_unite	Cutadapt	SE	SE	Cutadapt	Metschnikowia	Unclassified
eb56c19be8e5fbe1c2a1ca33be8c1b24	UNITE+BLAST	Fungi_k	Fungi_k	NA	fig4_q20_SE_cutadapt_unite	Cutadapt	SE	SE	Cutadapt	Fungi_k	Fungi_k
579ecb5e770eff08feca9199a9d1b0c7	UNITE+BLAST	Rhizoplaca	Rhizoplaca_novomexicana	NA	fig4_q20_SE_cutadapt_unite	Cutadapt	SE	SE	Cutadapt	Rhizoplaca	Rhizoplaca_novomexicana
cc56f99c558815f04df56c615a4708ea	UNITE+BLAST	Irpex	Irpex_hacksungii	NA	fig4_q20_SE_cutadapt_unite	Cutadapt	SE	SE	Cutadapt	Irpex	Irpex_hacksungii
93ca18c8326c68730665b16f4afc4c27	UNITE+BLAST	Paraphoma	Paraphoma_rhaphiolepidis	NA	fig4_q20_SE_cutadapt_unite	Cutadapt	SE	SE	Cutadapt	Paraphoma	Paraphoma_rhaphiolepidis
240d740ef91d43f334788e266d661f7b	UNITE+BLAST	Pluteus	Unclassified	NA	fig4_q20_SE_cutadapt_unite	Cutadapt	SE	SE	Cutadapt	Pluteus	Unclassified
84b5c1c947a868e466363aca6892af10	UNITE+BLAST	Coniothyrium	Coniothyrium_sidae	NA	fig4_q20_SE_cutadapt_unite	Cutadapt	SE	SE	Cutadapt	Coniothyrium	Coniothyrium_sidae
b2d80c0c3ae31c0fa0081d4ec7136a6b	UNITE+BLAST	Fungi_k	Fungi_k	NA	fig4_q20_SE_cutadapt_unite	Cutadapt	SE	SE	Cutadapt	Fungi_k	Fungi_k
2f43c6a7f9331f447cc24981f1887474	UNITE+BLAST	Fungi_k	Fungi_k	NA	fig4_q20_SE_cutadapt_unite	Cutadapt	SE	SE	Cutadapt	Fungi_k	Fungi_k
034dd71309f0853471154f43bc02abd1	UNITE+BLAST	Ascomycota_p	Ascomycota_p	NA	fig4_q20_SE_cutadapt_unite	Cutadapt	SE	SE	Cutadapt	Ascomycota_p	Ascomycota_p
d7fc1469409e75228a73f2e6c5a2a3c7	UNITE+BLAST	Lecanoromycetes_c	Lecanoromycetes_c	NA	fig4_q20_SE_cutadapt_unite	Cutadapt	SE	SE	Cutadapt	Lecanoromycetes_c	Lecanoromycetes_c
e43a7fd010f2b357ee8e0655e81440be	UNITE+BLAST	Fungi_k	Fungi_k	NA	fig4_q20_SE_cutadapt_unite	Cutadapt	SE	SE	Cutadapt	Fungi_k	Fungi_k
66b54e2a443f697f121c66c80dc95df9	UNITE+BLAST	Saccharomycetales_o	Saccharomycetales_o	NA	fig4_q20_SE_cutadapt_unite	Cutadapt	SE	SE	Cutadapt	Saccharomycetales_o	Saccharomycetales_o
fbea4bf29a9ade946b3674af59bbdb75	UNITE+BLAST	Hymenochaete	Hymenochaete_odontoides	NA	fig4_q20_SE_cutadapt_unite	Cutadapt	SE	SE	Cutadapt	Hymenochaete	Hymenochaete_odontoides
9a8e760195cd584b7811142a27f29b00	UNITE+BLAST	Fungi_k	Fungi_k	NA	fig4_q20_SE_cutadapt_unite	Cutadapt	SE	SE	Cutadapt	Fungi_k	Fungi_k
b7bfeefde3acfbb774c0c51ff1d9ab5a	UNITE+BLAST	Phaeosphaeriaceae_f	Phaeosphaeriaceae_f	NA	fig4_q20_SE_cutadapt_unite	Cutadapt	SE	SE	Cutadapt	Phaeosphaeriaceae_f	Phaeosphaeriaceae_f
9a507bbaa2506b564c6ecc67ac11ca51	UNITE+BLAST	Pleosporales_o	Pleosporales_o	NA	fig4_q20_SE_cutadapt_unite	Cutadapt	SE	SE	Cutadapt	Pleosporales_o	Pleosporales_o
d67ec88ac6b0a4537d390059cf1dac96	UNITE+BLAST	Basidiomycota_p	Basidiomycota_p	NA	fig4_q20_SE_cutadapt_unite	Cutadapt	SE	SE	Cutadapt	Basidiomycota_p	Basidiomycota_p
24d7b4411285b730ba3e4413dd9c2988	UNITE+BLAST	Peniophoraceae_f	Peniophoraceae_f	NA	fig4_q20_SE_cutadapt_unite	Cutadapt	SE	SE	Cutadapt	Peniophoraceae_f	Peniophoraceae_f
8c9faa9e15875e19c83d12df14a5a3ff	UNITE+BLAST	Ascomycota_p	Ascomycota_p	NA	fig4_q20_SE_cutadapt_unite	Cutadapt	SE	SE	Cutadapt	Ascomycota_p	Ascomycota_p
6976a055044853c7e68d7943cfd3806a	UNITE+BLAST	Fungi_k	Fungi_k	NA	fig4_q20_SE_cutadapt_unite	Cutadapt	SE	SE	Cutadapt	Fungi_k	Fungi_k
57953a259caf82bc29a84735e0ceb763	UNITE+BLAST	Fungi_k	Fungi_k	NA	fig4_q20_SE_cutadapt_unite	Cutadapt	SE	SE	Cutadapt	Fungi_k	Fungi_k
c3fa753391ecc001d88bbc94b9693dd6	UNITE+BLAST	Ascomycota_p	Ascomycota_p	NA	fig4_q20_SE_cutadapt_unite	Cutadapt	SE	SE	Cutadapt	Ascomycota_p	Ascomycota_p
ccd031f4267764c6dbee39b62a142b1b	UNITE+BLAST	Fungi_k	Fungi_k	NA	fig4_q20_SE_cutadapt_unite	Cutadapt	SE	SE	Cutadapt	Fungi_k	Fungi_k
a810f4bd2f53d48fc7f37e94bf363fc4	UNITE+BLAST	Fungi_k	Fungi_k	NA	fig4_q20_SE_cutadapt_unite	Cutadapt	SE	SE	Cutadapt	Fungi_k	Fungi_k
0e3a92d5368de742d7e37a8b3d7f4bfa	UNITE+BLAST	Arthrodermataceae_f	Arthrodermataceae_f	NA	fig4_q20_SE_cutadapt_unite	Cutadapt	SE	SE	Cutadapt	Arthrodermataceae_f	Arthrodermataceae_f
d30bd92498a8cd6f581788d3c914949d	UNITE+BLAST	Penicillium	Unclassified	NA	fig4_q20_SE_cutadapt_unite	Cutadapt	SE	SE	Cutadapt	Penicillium	Unclassified
94c0d2deeddd5f1e709b971ddca5b96f	UNITE+BLAST	Ascomycota_p	Ascomycota_p	NA	fig4_q20_SE_cutadapt_unite	Cutadapt	SE	SE	Cutadapt	Ascomycota_p	Ascomycota_p
94dddfcdc76df2a1fd9cc9fef269a37a	UNITE+BLAST	Exidia	Exidia_uvapassa	NA	fig4_q20_SE_cutadapt_unite	Cutadapt	SE	SE	Cutadapt	Exidia	Exidia_uvapassa
3ee47f1d98e4915c5a3a26a8c46c4890	UNITE+BLAST	Peniophoraceae_f	Peniophoraceae_f	NA	fig4_q20_SE_cutadapt_unite	Cutadapt	SE	SE	Cutadapt	Peniophoraceae_f	Peniophoraceae_f
6d5d5e8e8195643d12ad9f89722821ba	UNITE+BLAST	Periconia	Periconia_celtidis	NA	fig4_q20_SE_cutadapt_unite	Cutadapt	SE	SE	Cutadapt	Periconia	Periconia_celtidis
4f6650e0c14cacd7abd09857e6585ff4	UNITE+BLAST	Basidiomycota_p	Basidiomycota_p	NA	fig4_q20_SE_cutadapt_unite	Cutadapt	SE	SE	Cutadapt	Basidiomycota_p	Basidiomycota_p
d6cc98cce9c2687e7e03206bda7d9f64	UNITE+BLAST	Peniophoraceae_f	Peniophoraceae_f	NA	fig4_q20_SE_cutadapt_unite	Cutadapt	SE	SE	Cutadapt	Peniophoraceae_f	Peniophoraceae_f
ccf3654d7cb955da43f548b2d4a6463a	UNITE+BLAST	Hyphodontia	Hyphodontia_tropica	NA	fig4_q20_SE_cutadapt_unite	Cutadapt	SE	SE	Cutadapt	Hyphodontia	Hyphodontia_tropica
1540d97c8f1d072ae65b7a4c33585746	UNITE+BLAST	Thelebolus	Unclassified	NA	fig4_q20_SE_cutadapt_unite	Cutadapt	SE	SE	Cutadapt	Thelebolus	Unclassified
7332820fcc90af10ffa68c99d5c2d874	UNITE+BLAST	Ascomycota_p	Ascomycota_p	NA	fig4_q20_SE_cutadapt_unite	Cutadapt	SE	SE	Cutadapt	Ascomycota_p	Ascomycota_p
6e82328c42ba7c3e6116b76beafea40d	UNITE+BLAST	Fungi_k	Fungi_k	NA	fig4_q20_SE_cutadapt_unite	Cutadapt	SE	SE	Cutadapt	Fungi_k	Fungi_k
05b496404be4e237c87028a88f649e1a	UNITE+BLAST	Ascomycota_p	Ascomycota_p	NA	fig4_q20_SE_cutadapt_unite	Cutadapt	SE	SE	Cutadapt	Ascomycota_p	Ascomycota_p
bfd09568df5b64763bb30e17f8d02f3c	UNITE+BLAST	Fungi_k	Fungi_k	NA	fig4_q20_SE_cutadapt_unite	Cutadapt	SE	SE	Cutadapt	Fungi_k	Fungi_k
0fb48a8ab7edb9fc5d7e0721fd6a71ed	UNITE+BLAST	Fungi_k	Fungi_k	NA	fig4_q20_SE_cutadapt_unite	Cutadapt	SE	SE	Cutadapt	Fungi_k	Fungi_k
dd36eed9b61d37d408572443dac7a3cd	UNITE+BLAST	Fungi_k	Fungi_k	NA	fig4_q20_SE_cutadapt_unite	Cutadapt	SE	SE	Cutadapt	Fungi_k	Fungi_k
b407c9e0ae8d92182c419ee74b4da114	UNITE+BLAST	Fungi_k	Fungi_k	NA	fig4_q20_SE_cutadapt_unite	Cutadapt	SE	SE	Cutadapt	Fungi_k	Fungi_k
1c8aea5d6f2451aac5a804b66803af1e	UNITE+BLAST	Fungi_k	Fungi_k	NA	fig4_q20_SE_cutadapt_unite	Cutadapt	SE	SE	Cutadapt	Fungi_k	Fungi_k
4d1c9fd884a315a755aa7c59427b2d62	UNITE+BLAST	Phanerochaete	Unclassified	NA	fig4_q20_SE_cutadapt_unite	Cutadapt	SE	SE	Cutadapt	Phanerochaete	Unclassified
6e0e8ddf7043ec51d326dff163480dc7	UNITE+BLAST	Neosetophoma	Neosetophoma_guiyangensis	NA	fig4_q20_SE_cutadapt_unite	Cutadapt	SE	SE	Cutadapt	Neosetophoma	Neosetophoma_guiyangensis
f3668a5d3a3b9ae5ec04a62d6b276380	UNITE+BLAST	Ascomycota_p	Ascomycota_p	NA	fig4_q20_SE_cutadapt_unite	Cutadapt	SE	SE	Cutadapt	Ascomycota_p	Ascomycota_p
3ca224352821ab4798e0ab4bb73ab267	UNITE+BLAST	Mycoaciella	Mycoaciella_efibulata	NA	fig4_q20_SE_cutadapt_unite	Cutadapt	SE	SE	Cutadapt	Mycoaciella	Mycoaciella_efibulata
4829c7cee3b18ec5924817979293801f	UNITE+BLAST	Sistotrema	Sistotrema_brinkmannii	NA	fig4_q20_SE_cutadapt_unite	Cutadapt	SE	SE	Cutadapt	Sistotrema	Sistotrema_brinkmannii
b0ae62f3189358ff6ca6e936a7f09b21	UNITE+BLAST	Trametes	Trametes_hirsuta	NA	fig4_q20_SE_cutadapt_unite	Cutadapt	SE	SE	Cutadapt	Trametes	Trametes_hirsuta
397362a873a8f2418d7c6e6697262abc	UNITE+BLAST	Agaricales_o	Agaricales_o	NA	fig4_q20_SE_cutadapt_unite	Cutadapt	SE	SE	Cutadapt	Agaricales_o	Agaricales_o
c7e72cd68f619fbd50765269dd08f1d2	UNITE+BLAST	Butyrea	Butyrea_japonica	NA	fig4_q20_SE_cutadapt_unite	Cutadapt	SE	SE	Cutadapt	Butyrea	Butyrea_japonica
c12e357adf22e7dfbf24ddb92f3e037b	UNITE+BLAST	Leptospora	Unclassified	NA	fig4_q20_SE_cutadapt_unite	Cutadapt	SE	SE	Cutadapt	Leptospora	Unclassified
a5fb812775e585a48c8358419981538a	UNITE+BLAST	Scopuloides	Unclassified	NA	fig4_q20_SE_cutadapt_unite	Cutadapt	SE	SE	Cutadapt	Scopuloides	Unclassified
ef16d0695cbd2892a71d4e49c28bd4ea	UNITE+BLAST	Trametes	Trametes_hirsuta	NA	fig4_q20_SE_cutadapt_unite	Cutadapt	SE	SE	Cutadapt	Trametes	Trametes_hirsuta
59e39ce5b0fa28367628aaac73e3ace5	UNITE+BLAST	Fungi_k	Fungi_k	NA	fig4_q20_SE_cutadapt_unite	Cutadapt	SE	SE	Cutadapt	Fungi_k	Fungi_k
a8667283551f577f6feb70486539d8d1	UNITE+BLAST	Ascomycota_p	Ascomycota_p	NA	fig4_q20_SE_cutadapt_unite	Cutadapt	SE	SE	Cutadapt	Ascomycota_p	Ascomycota_p
9ab532e02e09a25a4e7fc6d767fa9aa1	UNITE+BLAST	Fungi_k	Fungi_k	NA	fig4_q20_SE_cutadapt_unite	Cutadapt	SE	SE	Cutadapt	Fungi_k	Fungi_k
cc654ac138d65ef720d9e6927b4275cf	UNITE+BLAST	Ascomycota_p	Ascomycota_p	NA	fig4_q20_SE_cutadapt_unite	Cutadapt	SE	SE	Cutadapt	Ascomycota_p	Ascomycota_p
e7d607347edf89506f50e84573edc326	UNITE+BLAST	Ascomycota_p	Ascomycota_p	NA	fig4_q20_SE_cutadapt_unite	Cutadapt	SE	SE	Cutadapt	Ascomycota_p	Ascomycota_p
9382063e0b2044656cf90225daa688cc	UNITE+BLAST	Ascomycota_p	Ascomycota_p	NA	fig4_q20_SE_cutadapt_unite	Cutadapt	SE	SE	Cutadapt	Ascomycota_p	Ascomycota_p
1f918dc743f502eb0290572adf274b34	UNITE+BLAST	Fungi_k	Fungi_k	NA	fig4_q20_SE_cutadapt_unite	Cutadapt	SE	SE	Cutadapt	Fungi_k	Fungi_k
4951881ce90885c4c3b8b071badab83f	UNITE+BLAST	Fungi_k	Fungi_k	NA	fig4_q20_SE_cutadapt_unite	Cutadapt	SE	SE	Cutadapt	Fungi_k	Fungi_k
43f18b9991f72cfc8bf12cbd1b48c96b	UNITE+BLAST	Fungi_k	Fungi_k	NA	fig4_q20_SE_cutadapt_unite	Cutadapt	SE	SE	Cutadapt	Fungi_k	Fungi_k
1b2e8a0293b43f376c41093828fde254	UNITE+BLAST	Trametes	Trametes_versicolor	NA	fig4_q20_SE_cutadapt_unite	Cutadapt	SE	SE	Cutadapt	Trametes	Trametes_versicolor
b7961057390a6c976529ef24c7f377f3	UNITE+BLAST	Fungi_k	Fungi_k	NA	fig4_q20_SE_cutadapt_unite	Cutadapt	SE	SE	Cutadapt	Fungi_k	Fungi_k
29d62dfd66a91504472270a3fc584aad	UNITE+BLAST	Saccharomyces	Unclassified	NA	fig4_q20_SE_cutadapt_unite	Cutadapt	SE	SE	Cutadapt	Saccharomyces	Unclassified
61645f9cde6903edbbd03f5235efd2d1	UNITE+BLAST	Pleurotus	Pleurotus_ostreatus	NA	fig4_q20_SE_cutadapt_unite	Cutadapt	SE	SE	Cutadapt	Pleurotus	Pleurotus_ostreatus
ab4ff24c6768499d28626cb4e300616a	UNITE+BLAST	Mycoaciella	Mycoaciella_efibulata	NA	fig4_q20_SE_cutadapt_unite	Cutadapt	SE	SE	Cutadapt	Mycoaciella	Mycoaciella_efibulata
4b3032f1ababa735f461201a632784c8	UNITE+BLAST	Phlebia	Phlebia_acanthocystis	NA	fig4_q20_SE_cutadapt_unite	Cutadapt	SE	SE	Cutadapt	Phlebia	Phlebia_acanthocystis
fa6042518061af83ea6007686638c607	UNITE+BLAST	Fungi_k	Fungi_k	NA	fig4_q20_SE_cutadapt_unite	Cutadapt	SE	SE	Cutadapt	Fungi_k	Fungi_k
0f360b09103c67271c91a7874e444b09	UNITE+BLAST	Dentipellis	Dentipellis_fragilis	NA	fig4_q20_SE_cutadapt_unite	Cutadapt	SE	SE	Cutadapt	Dentipellis	Dentipellis_fragilis
679ca3aecfbd02b0d7659b6327a70872	UNITE+BLAST	Ascomycota_p	Ascomycota_p	NA	fig4_q20_SE_cutadapt_unite	Cutadapt	SE	SE	Cutadapt	Ascomycota_p	Ascomycota_p
16703d0a4083f43db27f62158cbd405a	UNITE+BLAST	Ophiosphaerella	Ophiosphaerella_chiangraiensis	NA	fig4_q20_SE_cutadapt_unite	Cutadapt	SE	SE	Cutadapt	Ophiosphaerella	Ophiosphaerella_chiangraiensis
fed98bc28374334a8e2df19c0ed70b46	UNITE+BLAST	Peniophoraceae_f	Peniophoraceae_f	NA	fig4_q20_SE_cutadapt_unite	Cutadapt	SE	SE	Cutadapt	Peniophoraceae_f	Peniophoraceae_f
c7ddb05d44bb0ae81e055fa6ff76c7ad	UNITE+BLAST	Phanerochaete	Phanerochaete_cumulodentata	NA	fig4_q20_SE_cutadapt_unite	Cutadapt	SE	SE	Cutadapt	Phanerochaete	Phanerochaete_cumulodentata
88be853cbd81bb124d987055745dd220	UNITE+BLAST	Trechisporales_o	Trechisporales_o	NA	fig4_q20_SE_cutadapt_unite	Cutadapt	SE	SE	Cutadapt	Trechisporales_o	Trechisporales_o
f1997867c1a1b8dbf76c227712592c2b	UNITE+BLAST	Mycoaciella	Mycoaciella_efibulata	NA	fig4_q20_SE_cutadapt_unite	Cutadapt	SE	SE	Cutadapt	Mycoaciella	Mycoaciella_efibulata
224d56ff798feaccbf5f4ce5eaf3ded3	UNITE+BLAST	Stereaceae_f	Stereaceae_f	NA	fig4_q20_SE_cutadapt_unite	Cutadapt	SE	SE	Cutadapt	Stereaceae_f	Stereaceae_f
b26396e1664e227b62d104f34fd92b40	UNITE+BLAST	Hyphoderma	Hyphoderma_setigerum	NA	fig4_q20_SE_cutadapt_unite	Cutadapt	SE	SE	Cutadapt	Hyphoderma	Hyphoderma_setigerum
6ff253a77431f16f031f09943020be98	UNITE+BLAST	Polyporales_o	Polyporales_o	NA	fig4_q20_SE_cutadapt_unite	Cutadapt	SE	SE	Cutadapt	Polyporales_o	Polyporales_o
f948e144edae90d5a6361cefa3a96d1e	UNITE+BLAST	Peniophoraceae_f	Peniophoraceae_f	NA	fig4_q20_SE_cutadapt_unite	Cutadapt	SE	SE	Cutadapt	Peniophoraceae_f	Peniophoraceae_f
a554710d9573066da22c4a4f87f01d3a	UNITE+BLAST	Clitopilus	Clitopilus_baronii	NA	fig4_q20_SE_cutadapt_unite	Cutadapt	SE	SE	Cutadapt	Clitopilus	Clitopilus_baronii
dedfb065825f7af0f11dc63cd4a5b596	UNITE+BLAST	Fungi_k	Fungi_k	NA	fig4_q20_SE_cutadapt_unite	Cutadapt	SE	SE	Cutadapt	Fungi_k	Fungi_k
8abbc3706d83fc336ad674b159566a26	UNITE+BLAST	Ophiognomonia	Ophiognomonia_asiatica	NA	fig4_q20_SE_cutadapt_unite	Cutadapt	SE	SE	Cutadapt	Ophiognomonia	Ophiognomonia_asiatica
cc572ce0686826cfa6fa0474048bea08	UNITE+BLAST	Phlebiopsis	Phlebiopsis_gigantea	NA	fig4_q20_SE_cutadapt_unite	Cutadapt	SE	SE	Cutadapt	Phlebiopsis	Phlebiopsis_gigantea
a0e94e321165b221002d4815536f2eea	UNITE+BLAST	Ceratobasidium	Unclassified	NA	fig4_q20_SE_cutadapt_unite	Cutadapt	SE	SE	Cutadapt	Ceratobasidium	Unclassified
17952accf0a19bde02e3576f0b21a02f	UNITE+BLAST	Paraphoma	Paraphoma_pye	NA	fig4_q20_SE_cutadapt_unite	Cutadapt	SE	SE	Cutadapt	Paraphoma	Paraphoma_pye
ee7eded8ff16d52a1a8b95d1ac582d73	UNITE+BLAST	Xylodon	Xylodon_flaviporus	NA	fig4_q20_SE_cutadapt_unite	Cutadapt	SE	SE	Cutadapt	Xylodon	Xylodon_flaviporus
c2e2bbe0f275c3ae873e4c8011264301	UNITE+BLAST	Fungi_k	Fungi_k	NA	fig4_q20_SE_cutadapt_unite	Cutadapt	SE	SE	Cutadapt	Fungi_k	Fungi_k
4bfd955490a13cf9d93564394b8053c5	UNITE+BLAST	Ascomycota_p	Ascomycota_p	NA	fig4_q20_SE_cutadapt_unite	Cutadapt	SE	SE	Cutadapt	Ascomycota_p	Ascomycota_p
c2084f73dc59a63c76060a2d438c90dd	UNITE+BLAST	Ascomycota_p	Ascomycota_p	NA	fig4_q20_SE_cutadapt_unite	Cutadapt	SE	SE	Cutadapt	Ascomycota_p	Ascomycota_p
588b3566dfb1cd5eec4c04e15e8a68e4	UNITE+BLAST	Fungi_k	Fungi_k	NA	fig4_q20_SE_cutadapt_unite	Cutadapt	SE	SE	Cutadapt	Fungi_k	Fungi_k
ff27b8703c571d06a3bb9d893ed7daea	UNITE+BLAST	Fungi_k	Fungi_k	NA	fig4_q20_SE_cutadapt_unite	Cutadapt	SE	SE	Cutadapt	Fungi_k	Fungi_k
31169ddba661462ce73f8c72d905380f	UNITE+BLAST	Lecanoromycetes_c	Lecanoromycetes_c	NA	fig4_q20_SE_cutadapt_unite	Cutadapt	SE	SE	Cutadapt	Lecanoromycetes_c	Lecanoromycetes_c
dd9306fa59efb8e9ea6247ed456a2325	UNITE+BLAST	Ascomycota_p	Ascomycota_p	NA	fig4_q20_SE_cutadapt_unite	Cutadapt	SE	SE	Cutadapt	Ascomycota_p	Ascomycota_p
6f44fdcac884f9349154a511f9ec5467	UNITE+BLAST	Fungi_k	Fungi_k	NA	fig4_q20_SE_cutadapt_unite	Cutadapt	SE	SE	Cutadapt	Fungi_k	Fungi_k
e98dc9729afccefe7d09d64fb570d0f7	UNITE+BLAST	Fungi_k	Fungi_k	NA	fig4_q20_SE_cutadapt_unite	Cutadapt	SE	SE	Cutadapt	Fungi_k	Fungi_k
f94cceab17230de007f8fd723ae80e47	UNITE+BLAST	Ascomycota_p	Ascomycota_p	NA	fig4_q20_SE_cutadapt_unite	Cutadapt	SE	SE	Cutadapt	Ascomycota_p	Ascomycota_p
891d74d20e746b1fb0158d4e1d1738cf	UNITE+BLAST	Fungi_k	Fungi_k	NA	fig4_q20_SE_cutadapt_unite	Cutadapt	SE	SE	Cutadapt	Fungi_k	Fungi_k
e56ef4932dbe840d72fbf03dd085350e	UNITE+BLAST	Fungi_k	Fungi_k	NA	fig4_q20_SE_cutadapt_unite	Cutadapt	SE	SE	Cutadapt	Fungi_k	Fungi_k
f6f997289cd3527af5c901a89ed81029	UNITE+BLAST	Ascomycota_p	Ascomycota_p	NA	fig4_q20_SE_cutadapt_unite	Cutadapt	SE	SE	Cutadapt	Ascomycota_p	Ascomycota_p
210606b4fff7f1b545874ba7442c65b1	UNITE+BLAST	Ascomycota_p	Ascomycota_p	NA	fig4_q20_SE_cutadapt_unite	Cutadapt	SE	SE	Cutadapt	Ascomycota_p	Ascomycota_p
75460142a37c38afe494aff9cc6ce051	UNITE+BLAST	Fungi_k	Fungi_k	NA	fig4_q20_SE_cutadapt_unite	Cutadapt	SE	SE	Cutadapt	Fungi_k	Fungi_k
ccd3ca0ed71b6faaaccf15455d97d962	UNITE+BLAST	Fungi_k	Fungi_k	NA	fig4_q20_SE_cutadapt_unite	Cutadapt	SE	SE	Cutadapt	Fungi_k	Fungi_k
88f640a131f23acf2803c6557908e825	UNITE+BLAST	Ascomycota_p	Ascomycota_p	NA	fig4_q20_SE_cutadapt_unite	Cutadapt	SE	SE	Cutadapt	Ascomycota_p	Ascomycota_p
aff14a00453aec3e51788b5e8539956b	UNITE+BLAST	Fungi_k	Fungi_k	NA	fig4_q20_SE_cutadapt_unite	Cutadapt	SE	SE	Cutadapt	Fungi_k	Fungi_k
24b8daa5b10dcf42144074fc7fbfb3d6	UNITE+BLAST	Ascomycota_p	Ascomycota_p	NA	fig4_q20_SE_cutadapt_unite	Cutadapt	SE	SE	Cutadapt	Ascomycota_p	Ascomycota_p
127a250c366f54f7a8ff08616edff9c2	UNITE+BLAST	Fungi_k	Fungi_k	NA	fig4_q20_SE_cutadapt_unite	Cutadapt	SE	SE	Cutadapt	Fungi_k	Fungi_k
fa57fefba85d6dff32089d0e358627f0	UNITE+BLAST	Fungi_k	Fungi_k	NA	fig4_q20_SE_cutadapt_unite	Cutadapt	SE	SE	Cutadapt	Fungi_k	Fungi_k
1ad0453306a32c66b7332becae773259	UNITE+BLAST	Rhizoplaca	Rhizoplaca_novomexicana	NA	fig4_q20_SE_cutadapt_unite	Cutadapt	SE	SE	Cutadapt	Rhizoplaca	Rhizoplaca_novomexicana
9c70c6df883ccc8bc958aa9b237f3dcd	UNITE+BLAST	Leptosillia	Leptosillia_cordylinea	NA	fig4_q20_SE_cutadapt_unite	Cutadapt	SE	SE	Cutadapt	Leptosillia	Leptosillia_cordylinea
6c1fc4704aa612ba09b1cc742f0c67b2	UNITE+BLAST	Pichia	Pichia_kudriavzevii	NA	fig4_q20_SE_cutadapt_unite	Cutadapt	SE	SE	Cutadapt	Pichia	Pichia_kudriavzevii
3e386a41fce9acea998443c7cd0b8976	UNITE+BLAST	Dothideomycetes_c	Dothideomycetes_c	NA	fig4_q20_SE_cutadapt_unite	Cutadapt	SE	SE	Cutadapt	Dothideomycetes_c	Dothideomycetes_c
b3243e1a3accfd9f8cc3834cc9ca2539	UNITE+BLAST	Saccharomycetales_o	Saccharomycetales_o	NA	fig4_q20_SE_cutadapt_unite	Cutadapt	SE	SE	Cutadapt	Saccharomycetales_o	Saccharomycetales_o
38b1cb46f1899335c80c5e172caaf2c2	UNITE+BLAST	Schizophyllum	Schizophyllum_commune	NA	fig4_q20_SE_cutadapt_unite	Cutadapt	SE	SE	Cutadapt	Schizophyllum	Schizophyllum_commune
ab861263ab8cf4788c4354708ba995e6	UNITE+BLAST	Schizophyllum	Schizophyllum_commune	NA	fig4_q20_SE_cutadapt_unite	Cutadapt	SE	SE	Cutadapt	Schizophyllum	Schizophyllum_commune
0d3edc0897c2b3a22e9e71d741ee679e	UNITE+BLAST	Cystofilobasidium	Cystofilobasidium_capitatum	NA	fig4_q20_SE_cutadapt_unite	Cutadapt	SE	SE	Cutadapt	Cystofilobasidium	Cystofilobasidium_capitatum
bab512ce52e946dd049bf21f3f71d7f8	UNITE+BLAST	Ophiosphaerella	Ophiosphaerella_chiangraiensis	NA	fig4_q20_SE_cutadapt_unite	Cutadapt	SE	SE	Cutadapt	Ophiosphaerella	Ophiosphaerella_chiangraiensis
3307422fad2c09efd87bd795d113550c	UNITE+BLAST	Xylodon	Xylodon_exilis	NA	fig4_q20_SE_cutadapt_unite	Cutadapt	SE	SE	Cutadapt	Xylodon	Xylodon_exilis
8d231a317ba8cf704dcdc9a1d5d1de99	UNITE+BLAST	Polyporales_o	Polyporales_o	NA	fig4_q20_SE_cutadapt_unite	Cutadapt	SE	SE	Cutadapt	Polyporales_o	Polyporales_o
f212910f88c465884b6e3ce383c1d163	UNITE+BLAST	Hyphodontia	Hyphodontia_tropica	NA	fig4_q20_SE_cutadapt_unite	Cutadapt	SE	SE	Cutadapt	Hyphodontia	Hyphodontia_tropica
103944e65cf9b9d2dac28c3bd3fabb2e	UNITE+BLAST	Polyporales_o	Polyporales_o	NA	fig4_q20_SE_cutadapt_unite	Cutadapt	SE	SE	Cutadapt	Polyporales_o	Polyporales_o
56c2041c40052605a6924e3e9ceef831	UNITE+BLAST	Pluteus	Pluteus_castroae	NA	fig4_q20_SE_cutadapt_unite	Cutadapt	SE	SE	Cutadapt	Pluteus	Pluteus_castroae
861e3c2d2e021bc75d515a994d56517e	UNITE+BLAST	Mollisia	Unclassified	NA	fig4_q20_SE_cutadapt_unite	Cutadapt	SE	SE	Cutadapt	Mollisia	Unclassified
44ea276590eb178c775e90e6d3a69238	UNITE+BLAST	Amphisphaeriales_o	Amphisphaeriales_o	NA	fig4_q20_SE_cutadapt_unite	Cutadapt	SE	SE	Cutadapt	Amphisphaeriales_o	Amphisphaeriales_o
115c4ab3a2c4442ff28c495a79bd59ea	UNITE+BLAST	Candolleomyces	Candolleomyces_luridus	NA	fig4_q20_SE_cutadapt_unite	Cutadapt	SE	SE	Cutadapt	Candolleomyces	Candolleomyces_luridus
d06e13114c26fb411371fc6585f90fcc	UNITE+BLAST	Schizoporaceae_f	Schizoporaceae_f	NA	fig4_q20_SE_cutadapt_unite	Cutadapt	SE	SE	Cutadapt	Schizoporaceae_f	Schizoporaceae_f
9da0998852867aa3521b3fce0470f933	UNITE+BLAST	Peniophorella	Peniophorella_crystallifera	NA	fig4_q20_SE_cutadapt_unite	Cutadapt	SE	SE	Cutadapt	Peniophorella	Peniophorella_crystallifera
cd2d016625f7659f938c0f3d984dcfed	UNITE+BLAST	Sporobolomyces	Sporobolomyces_ruberrimus	NA	fig4_q20_SE_cutadapt_unite	Cutadapt	SE	SE	Cutadapt	Sporobolomyces	Sporobolomyces_ruberrimus
c208ad125626e378ec600060758c2b74	UNITE+BLAST	Fungi_k	Fungi_k	NA	fig4_q20_SE_cutadapt_unite	Cutadapt	SE	SE	Cutadapt	Fungi_k	Fungi_k
f0affb04ad14d212d17e6dadefab055f	UNITE+BLAST	Stereaceae_f	Stereaceae_f	NA	fig4_q20_SE_cutadapt_unite	Cutadapt	SE	SE	Cutadapt	Stereaceae_f	Stereaceae_f
417ff10c1dde2640f0c95e9274677e6e	UNITE+BLAST	Botryobasidium	Unclassified	NA	fig4_q20_SE_cutadapt_unite	Cutadapt	SE	SE	Cutadapt	Botryobasidium	Unclassified
641f531733565284c1dd59890b5a5e83	UNITE+BLAST	Trametes	Trametes_pubescens	NA	fig4_q20_SE_cutadapt_unite	Cutadapt	SE	SE	Cutadapt	Trametes	Trametes_pubescens
1498268fea63f9f27158b65ab52ae8ed	UNITE+BLAST	Polyporales_o	Polyporales_o	NA	fig4_q20_SE_cutadapt_unite	Cutadapt	SE	SE	Cutadapt	Polyporales_o	Polyporales_o
5d8ceac78519a012a4994ba03709767a	UNITE+BLAST	Mycoaciella	Mycoaciella_efibulata	NA	fig4_q20_SE_cutadapt_unite	Cutadapt	SE	SE	Cutadapt	Mycoaciella	Mycoaciella_efibulata
daf9001a3300ede6912762d783d25c18	UNITE+BLAST	Polyporales_o	Polyporales_o	NA	fig4_q20_SE_cutadapt_unite	Cutadapt	SE	SE	Cutadapt	Polyporales_o	Polyporales_o
05697bc7833ce61e4a0e0ca5e59744b4	UNITE+BLAST	Sistotremastrum	Unclassified	NA	fig4_q20_SE_cutadapt_unite	Cutadapt	SE	SE	Cutadapt	Sistotremastrum	Unclassified
120b958eec2e26323850dffc01440286	UNITE+BLAST	Coprinopsis	Coprinopsis_urticicola	NA	fig4_q20_SE_cutadapt_unite	Cutadapt	SE	SE	Cutadapt	Coprinopsis	Coprinopsis_urticicola
f401ef7c85b3ea9e632f2b89384dcadf	UNITE+BLAST	Peniophorella	Peniophorella_pubera	NA	fig4_q20_SE_cutadapt_unite	Cutadapt	SE	SE	Cutadapt	Peniophorella	Peniophorella_pubera
aacdd1d59dacc3d196e6ad9d3bf8f7c6	UNITE+BLAST	Phaeosphaeria	Unclassified	NA	fig4_q20_SE_cutadapt_unite	Cutadapt	SE	SE	Cutadapt	Phaeosphaeria	Unclassified
aa1b583b09e5b061d90381b8d2a27bba	UNITE+BLAST	Candolleomyces	Unclassified	NA	fig4_q20_SE_cutadapt_unite	Cutadapt	SE	SE	Cutadapt	Candolleomyces	Unclassified
ad19965cbabe7075d634d4d224ccbdd8	UNITE+BLAST	Ascomycota_p	Ascomycota_p	NA	fig4_q20_SE_cutadapt_unite	Cutadapt	SE	SE	Cutadapt	Ascomycota_p	Ascomycota_p
70d60c1f3f6ba9ae04d78ef6f824c9b8	UNITE+BLAST	Fungi_k	Fungi_k	NA	fig4_q20_SE_cutadapt_unite	Cutadapt	SE	SE	Cutadapt	Fungi_k	Fungi_k
fbafee6e870c3f3fba6661cb01215fcf	UNITE+BLAST	Ascomycota_p	Ascomycota_p	NA	fig4_q20_SE_cutadapt_unite	Cutadapt	SE	SE	Cutadapt	Ascomycota_p	Ascomycota_p
a7c166e09c38af96a5fccc7a43c6065d	UNITE+BLAST	Ascomycota_p	Ascomycota_p	NA	fig4_q20_SE_cutadapt_unite	Cutadapt	SE	SE	Cutadapt	Ascomycota_p	Ascomycota_p
291a78fb09fc52eec65489c0f9391ea3	UNITE+BLAST	Fungi_k	Fungi_k	NA	fig4_q20_SE_cutadapt_unite	Cutadapt	SE	SE	Cutadapt	Fungi_k	Fungi_k
2c6441227b2140857c9c56378b37dfe1	UNITE+BLAST	Ascomycota_p	Ascomycota_p	NA	fig4_q20_SE_cutadapt_unite	Cutadapt	SE	SE	Cutadapt	Ascomycota_p	Ascomycota_p
afaa4e0c7f3d16d7bb2ea085323eb65b	UNITE+BLAST	Fungi_k	Fungi_k	NA	fig4_q20_SE_cutadapt_unite	Cutadapt	SE	SE	Cutadapt	Fungi_k	Fungi_k
ec4276f41a3a82838b695987e7bb5ed1	UNITE+BLAST	Ascomycota_p	Ascomycota_p	NA	fig4_q20_SE_cutadapt_unite	Cutadapt	SE	SE	Cutadapt	Ascomycota_p	Ascomycota_p
89e1ad651414988ff45a48d32b96f8ef	UNITE+BLAST	Fungi_k	Fungi_k	NA	fig4_q20_SE_cutadapt_unite	Cutadapt	SE	SE	Cutadapt	Fungi_k	Fungi_k
46af2089e83994319d971cbc29507615	UNITE+BLAST	Fungi_k	Fungi_k	NA	fig4_q20_SE_cutadapt_unite	Cutadapt	SE	SE	Cutadapt	Fungi_k	Fungi_k
cdd4c8be3d7c15248e9dee490ecf867a	UNITE+BLAST	Fungi_k	Fungi_k	NA	fig4_q20_SE_cutadapt_unite	Cutadapt	SE	SE	Cutadapt	Fungi_k	Fungi_k
cca066ec93ac3b58cb278c7a3039a50d	UNITE+BLAST	Fungi_k	Fungi_k	NA	fig4_q20_SE_cutadapt_unite	Cutadapt	SE	SE	Cutadapt	Fungi_k	Fungi_k
80656d9a953b600388a8d5b3284216b9	UNITE	Candida	Candida_albicans	k__Fungi; p__Ascomycota; c__Saccharomycetes; o__Saccharomycetales; f__Saccharomycetales_fam_Incertae_sedis; g__Candida; s__Candida_albicans	fig4_q20_SE_itsxpress_unite	ITSxpress	SE	SE	ITSxpress	Candida	Candida_albicans
6092927047fe7a692354e4fd7c745e4c	UNITE	Cutaneotrichosporon	Cutaneotrichosporon_mucoides	k__Fungi; p__Basidiomycota; c__Tremellomycetes; o__Trichosporonales; f__Trichosporonaceae; g__Cutaneotrichosporon; s__Cutaneotrichosporon_mucoides	fig4_q20_SE_itsxpress_unite	ITSxpress	SE	SE	ITSxpress	Cutaneotrichosporon	Cutaneotrichosporon_mucoides
d0dd260d0fe8cfb01289969e39422e98	UNITE	Cryptococcus	Cryptococcus_neoformans	k__Fungi; p__Basidiomycota; c__Tremellomycetes; o__Tremellales; f__Cryptococcaceae; g__Cryptococcus; s__Cryptococcus_neoformans	fig4_q20_SE_itsxpress_unite	ITSxpress	SE	SE	ITSxpress	Cryptococcus	Cryptococcus_neoformans
2d783fc0a24c9350fd6e4c008ade61f1	UNITE	Penicillium	Unclassified	k__Fungi; p__Ascomycota; c__Eurotiomycetes; o__Eurotiales; f__Aspergillaceae; g__Penicillium; s__Penicillium_g	fig4_q20_SE_itsxpress_unite	ITSxpress	SE	SE	ITSxpress	Penicillium	Unclassified
83da93600831577d6f76875ba26d9661	UNITE	Nakaseomyces	Nakaseomyces_glabratus	k__Fungi; p__Ascomycota; c__Saccharomycetes; o__Saccharomycetales; f__Saccharomycetaceae; g__Nakaseomyces; s__Nakaseomyces_glabratus	fig4_q20_SE_itsxpress_unite	ITSxpress	SE	SE	ITSxpress	Nakaseomyces	Nakaseomyces_glabratus
ec1984762c2def53d14e8559d502eb63	UNITE	Saccharomyces	Saccharomyces_cerevisiae	k__Fungi; p__Ascomycota; c__Saccharomycetes; o__Saccharomycetales; f__Saccharomycetaceae; g__Saccharomyces; s__Saccharomyces_cerevisiae	fig4_q20_SE_itsxpress_unite	ITSxpress	SE	SE	ITSxpress	Saccharomyces	Saccharomyces_cerevisiae
e6042d9d33d4676b7a7d6c7d232be5b0	UNITE	Aspergillus	Aspergillus_fumigatus	k__Fungi; p__Ascomycota; c__Eurotiomycetes; o__Eurotiales; f__Aspergillaceae; g__Aspergillus; s__Aspergillus_fumigatus	fig4_q20_SE_itsxpress_unite	ITSxpress	SE	SE	ITSxpress	Aspergillus	Aspergillus_fumigatus
0d7f1fa221989e0cc733a52a1d979bfa	UNITE	Ascomycota_p	Ascomycota_p	k__Fungi; p__Ascomycota; c__Ascomycota_p; o__Ascomycota_p; f__Ascomycota_p; g__Ascomycota_p; s__Ascomycota_p	fig4_q20_SE_itsxpress_unite	ITSxpress	SE	SE	ITSxpress	Ascomycota_p	Ascomycota_p
9e9aed34ec9b46ddf8b4be25bd081d10	UNITE	Komagataella	Komagataella_phaffii	k__Fungi; p__Ascomycota; c__Saccharomycetes; o__Saccharomycetales; f__Pichiaceae; g__Komagataella; s__Komagataella_phaffii	fig4_q20_SE_itsxpress_unite	ITSxpress	SE	SE	ITSxpress	Komagataella	Komagataella_phaffii
6ad6916c8792e0521d8ebf5ef3aeed16	UNITE	Trichophyton	Trichophyton_mentagrophytes	k__Fungi; p__Ascomycota; c__Eurotiomycetes; o__Onygenales; f__Arthrodermataceae; g__Trichophyton; s__Trichophyton_mentagrophytes	fig4_q20_SE_itsxpress_unite	ITSxpress	SE	SE	ITSxpress	Trichophyton	Trichophyton_mentagrophytes
abc7679572c0b1ba3de8661e079cb062	UNITE	Cutaneotrichosporon	Cutaneotrichosporon_debeurmannianum	k__Fungi; p__Basidiomycota; c__Tremellomycetes; o__Trichosporonales; f__Trichosporonaceae; g__Cutaneotrichosporon; s__Cutaneotrichosporon_debeurmannianum	fig4_q20_SE_itsxpress_unite	ITSxpress	SE	SE	ITSxpress	Cutaneotrichosporon	Cutaneotrichosporon_debeurmannianum
e399dc7c0823811b06f9eea10fa4ea6c	UNITE	Cladosporium	Unclassified	k__Fungi; p__Ascomycota; c__Dothideomycetes; o__Cladosporiales; f__Cladosporiaceae; g__Cladosporium; s__Cladosporium_g	fig4_q20_SE_itsxpress_unite	ITSxpress	SE	SE	ITSxpress	Cladosporium	Unclassified
20737c9d81433cafb2c8d460c8527fc2	UNITE	Irpex	Irpex_hacksungii	k__Fungi; p__Basidiomycota; c__Agaricomycetes; o__Polyporales; f__Irpicaceae; g__Irpex; s__Irpex_hacksungii	fig4_q20_SE_itsxpress_unite	ITSxpress	SE	SE	ITSxpress	Irpex	Irpex_hacksungii
f0e7a828de05f103e1d9a98f56a3003b	UNITE	Pyrenochaeta	Unclassified	k__Fungi; p__Ascomycota; c__Dothideomycetes; o__Pleosporales; f__Cucurbitariaceae; g__Pyrenochaeta; s__Pyrenochaeta_g	fig4_q20_SE_itsxpress_unite	ITSxpress	SE	SE	ITSxpress	Pyrenochaeta	Unclassified
c20373be96723055fe98fb270fa1644f	UNITE	Kazachstania	Kazachstania_servazzii	k__Fungi; p__Ascomycota; c__Saccharomycetes; o__Saccharomycetales; f__Saccharomycetaceae; g__Kazachstania; s__Kazachstania_servazzii	fig4_q20_SE_itsxpress_unite	ITSxpress	SE	SE	ITSxpress	Kazachstania	Kazachstania_servazzii
816f82f1c4b9b20db5c8823dd52cb136	UNITE	Irpex	Irpex_laceratus	k__Fungi; p__Basidiomycota; c__Agaricomycetes; o__Polyporales; f__Irpicaceae; g__Irpex; s__Irpex_laceratus	fig4_q20_SE_itsxpress_unite	ITSxpress	SE	SE	ITSxpress	Irpex	Irpex_laceratus
826fd5dc6426f46bdf51bdc001f5e8f4	UNITE	Debaryomyces	Debaryomyces_delbrueckii	k__Fungi; p__Ascomycota; c__Saccharomycetes; o__Saccharomycetales; f__Debaryomycetaceae; g__Debaryomyces; s__Debaryomyces_delbrueckii	fig4_q20_SE_itsxpress_unite	ITSxpress	SE	SE	ITSxpress	Debaryomyces	Debaryomyces_delbrueckii
a96b33c75863bb9141c51c3ee039fe7d	UNITE	Cladosporium	Cladosporium_salinae	k__Fungi; p__Ascomycota; c__Dothideomycetes; o__Cladosporiales; f__Cladosporiaceae; g__Cladosporium; s__Cladosporium_salinae	fig4_q20_SE_itsxpress_unite	ITSxpress	SE	SE	ITSxpress	Cladosporium	Cladosporium_salinae
ed3e9912ffac4094303328fb6a4ea10c	UNITE	Fusarium	Unclassified	k__Fungi; p__Ascomycota; c__Sordariomycetes; o__Hypocreales; f__Nectriaceae; g__Fusarium; s__Fusarium_g	fig4_q20_SE_itsxpress_unite	ITSxpress	SE	SE	ITSxpress	Fusarium	Unclassified
c3b3863baf308516d9bae664ff9843c6	UNITE	Nigrospora	Unclassified	k__Fungi; p__Ascomycota; c__Sordariomycetes; o__Amphisphaeriales; f__Apiosporaceae; g__Nigrospora; s__Nigrospora_g	fig4_q20_SE_itsxpress_unite	ITSxpress	SE	SE	ITSxpress	Nigrospora	Unclassified
950d50b0de25bc9dca465fb972fc90ce	UNITE	Peniophoraceae_f	Peniophoraceae_f	k__Fungi; p__Basidiomycota; c__Agaricomycetes; o__Russulales; f__Peniophoraceae; g__Peniophoraceae_f; s__Peniophoraceae_f	fig4_q20_SE_itsxpress_unite	ITSxpress	SE	SE	ITSxpress	Peniophoraceae_f	Peniophoraceae_f
897a37c049e111f2e2792037d2fc6c37	UNITE	Irpex	Irpex_laceratus	k__Fungi; p__Basidiomycota; c__Agaricomycetes; o__Polyporales; f__Irpicaceae; g__Irpex; s__Irpex_laceratus	fig4_q20_SE_itsxpress_unite	ITSxpress	SE	SE	ITSxpress	Irpex	Irpex_laceratus
d5f4d4c61556cd9a88f8e7072585def2	UNITE	Epicoccum	Epicoccum_pimprinum	k__Fungi; p__Ascomycota; c__Dothideomycetes; o__Pleosporales; f__Didymellaceae; g__Epicoccum; s__Epicoccum_pimprinum	fig4_q20_SE_itsxpress_unite	ITSxpress	SE	SE	ITSxpress	Epicoccum	Epicoccum_pimprinum
b69023c2fa4f941f5e3dd0b8992986a6	UNITE	Stereaceae_f	Stereaceae_f	k__Fungi; p__Basidiomycota; c__Agaricomycetes; o__Russulales; f__Stereaceae; g__Stereaceae_f; s__Stereaceae_f	fig4_q20_SE_itsxpress_unite	ITSxpress	SE	SE	ITSxpress	Stereaceae_f	Stereaceae_f
913d6a6c7d51c84d30e4c47c884c6d07	UNITE	Ascomycota_p	Ascomycota_p	k__Fungi; p__Ascomycota; c__Ascomycota_p; o__Ascomycota_p; f__Ascomycota_p; g__Ascomycota_p; s__Ascomycota_p	fig4_q20_SE_itsxpress_unite	ITSxpress	SE	SE	ITSxpress	Ascomycota_p	Ascomycota_p
921f876dd61c8fdd639a56fbb16d7b6c	UNITE	Didymellaceae_f	Didymellaceae_f	k__Fungi; p__Ascomycota; c__Dothideomycetes; o__Pleosporales; f__Didymellaceae; g__Didymellaceae_f; s__Didymellaceae_f	fig4_q20_SE_itsxpress_unite	ITSxpress	SE	SE	ITSxpress	Didymellaceae_f	Didymellaceae_f
98906e38db8e05a595f3c0efb3021003	UNITE	Penicillium	Penicillium_patris-mei	k__Fungi; p__Ascomycota; c__Eurotiomycetes; o__Eurotiales; f__Aspergillaceae; g__Penicillium; s__Penicillium_patris-mei	fig4_q20_SE_itsxpress_unite	ITSxpress	SE	SE	ITSxpress	Penicillium	Penicillium_patris-mei
f1c57273935879d23965899d63727f74	UNITE	Aspergillus	Aspergillus_ruber	k__Fungi; p__Ascomycota; c__Eurotiomycetes; o__Eurotiales; f__Aspergillaceae; g__Aspergillus; s__Aspergillus_ruber	fig4_q20_SE_itsxpress_unite	ITSxpress	SE	SE	ITSxpress	Aspergillus	Aspergillus_ruber
b9c4559032ad8182443254a9dcf649dc	UNITE	Saccharomyces	Saccharomyces_cerevisiae	k__Fungi; p__Ascomycota; c__Saccharomycetes; o__Saccharomycetales; f__Saccharomycetaceae; g__Saccharomyces; s__Saccharomyces_cerevisiae	fig4_q20_SE_itsxpress_unite	ITSxpress	SE	SE	ITSxpress	Saccharomyces	Saccharomyces_cerevisiae
b940c7f16e902dd4f7b022ba34403921	UNITE	Schizophyllum	Schizophyllum_commune	k__Fungi; p__Basidiomycota; c__Agaricomycetes; o__Agaricales; f__Schizophyllaceae; g__Schizophyllum; s__Schizophyllum_commune	fig4_q20_SE_itsxpress_unite	ITSxpress	SE	SE	ITSxpress	Schizophyllum	Schizophyllum_commune
ca611572ed9359dd66fcb0cff64534b9	UNITE	Bjerkandera	Bjerkandera_adusta	k__Fungi; p__Basidiomycota; c__Agaricomycetes; o__Polyporales; f__Phanerochaetaceae; g__Bjerkandera; s__Bjerkandera_adusta	fig4_q20_SE_itsxpress_unite	ITSxpress	SE	SE	ITSxpress	Bjerkandera	Bjerkandera_adusta
31fe6db9ce878dc354cb87b45c498d9e	UNITE	Mucor	Mucor_circinelloides	k__Fungi; p__Mucoromycota; c__Mucoromycetes; o__Mucorales; f__Mucoraceae; g__Mucor; s__Mucor_circinelloides	fig4_q20_SE_itsxpress_unite	ITSxpress	SE	SE	ITSxpress	Mucor	Mucor_circinelloides
4404a71ee8b8a868175be7a2bf9a30df	UNITE	Bullera	Bullera_alba	k__Fungi; p__Basidiomycota; c__Tremellomycetes; o__Tremellales; f__Bulleraceae; g__Bullera; s__Bullera_alba	fig4_q20_SE_itsxpress_unite	ITSxpress	SE	SE	ITSxpress	Bullera	Bullera_alba
dd71353a2d00bf3451a122a46a5e631e	UNITE	Candolleomyces	Candolleomyces_subminutisporus	k__Fungi; p__Basidiomycota; c__Agaricomycetes; o__Agaricales; f__Psathyrellaceae; g__Candolleomyces; s__Candolleomyces_subminutisporus	fig4_q20_SE_itsxpress_unite	ITSxpress	SE	SE	ITSxpress	Candolleomyces	Candolleomyces_subminutisporus
64a421accf97b206b9b5685b98f5362b	UNITE	Fungi_k	Fungi_k	k__Fungi; p__Fungi_k; c__Fungi_k; o__Fungi_k; f__Fungi_k; g__Fungi_k; s__Fungi_k	fig4_q20_SE_itsxpress_unite	ITSxpress	SE	SE	ITSxpress	Fungi_k	Fungi_k
4fe0a80f8c4b0a6cfc9a15c0926fd3f1	UNITE	Ophiognomonia	Unclassified	k__Fungi; p__Ascomycota; c__Sordariomycetes; o__Diaporthales; f__Gnomoniaceae; g__Ophiognomonia; s__Ophiognomonia_g	fig4_q20_SE_itsxpress_unite	ITSxpress	SE	SE	ITSxpress	Ophiognomonia	Unclassified
5db7d119f68cc612f70048a57d68fc13	UNITE	Irpex	Irpex_hacksungii	k__Fungi; p__Basidiomycota; c__Agaricomycetes; o__Polyporales; f__Irpicaceae; g__Irpex; s__Irpex_hacksungii	fig4_q20_SE_itsxpress_unite	ITSxpress	SE	SE	ITSxpress	Irpex	Irpex_hacksungii
b046f251007bcf28da1ecc6ab7bdac42	UNITE	Fungi_k	Fungi_k	k__Fungi; p__Fungi_k; c__Fungi_k; o__Fungi_k; f__Fungi_k; g__Fungi_k; s__Fungi_k	fig4_q20_SE_itsxpress_unite	ITSxpress	SE	SE	ITSxpress	Fungi_k	Fungi_k
05dcbd64ea8517b09449bf3ddd4a83dd	UNITE	Udeniomyces	Udeniomyces_pyricola	k__Fungi; p__Basidiomycota; c__Tremellomycetes; o__Cystofilobasidiales; f__Mrakiaceae; g__Udeniomyces; s__Udeniomyces_pyricola	fig4_q20_SE_itsxpress_unite	ITSxpress	SE	SE	ITSxpress	Udeniomyces	Udeniomyces_pyricola
54c185729a43db8910321baddfea8807	UNITE	Peniophoraceae_f	Peniophoraceae_f	k__Fungi; p__Basidiomycota; c__Agaricomycetes; o__Russulales; f__Peniophoraceae; g__Peniophoraceae_f; s__Peniophoraceae_f	fig4_q20_SE_itsxpress_unite	ITSxpress	SE	SE	ITSxpress	Peniophoraceae_f	Peniophoraceae_f
5dc59752d7c7ad5bdc3b142a17e36f9d	UNITE	Peniophoraceae_f	Peniophoraceae_f	k__Fungi; p__Basidiomycota; c__Agaricomycetes; o__Russulales; f__Peniophoraceae; g__Peniophoraceae_f; s__Peniophoraceae_f	fig4_q20_SE_itsxpress_unite	ITSxpress	SE	SE	ITSxpress	Peniophoraceae_f	Peniophoraceae_f
b5b9c2526e8ef4a0423d48453db784ce	UNITE	Hericiaceae_f	Hericiaceae_f	k__Fungi; p__Basidiomycota; c__Agaricomycetes; o__Russulales; f__Hericiaceae; g__Hericiaceae_f; s__Hericiaceae_f	fig4_q20_SE_itsxpress_unite	ITSxpress	SE	SE	ITSxpress	Hericiaceae_f	Hericiaceae_f
19781955f7dc8059d72ca67fe69742f4	UNITE	Trametes	Trametes_pubescens	k__Fungi; p__Basidiomycota; c__Agaricomycetes; o__Polyporales; f__Polyporaceae; g__Trametes; s__Trametes_pubescens	fig4_q20_SE_itsxpress_unite	ITSxpress	SE	SE	ITSxpress	Trametes	Trametes_pubescens
a9862003c339ee2dd8dbc924014edc86	UNITE	Daedaleopsis	Daedaleopsis_confragosa	k__Fungi; p__Basidiomycota; c__Agaricomycetes; o__Polyporales; f__Polyporaceae; g__Daedaleopsis; s__Daedaleopsis_confragosa	fig4_q20_SE_itsxpress_unite	ITSxpress	SE	SE	ITSxpress	Daedaleopsis	Daedaleopsis_confragosa
7bcfb3ade16f38b45a1df52d34d64c4e	UNITE	Tilletiopsis	Tilletiopsis_washingtonensis	k__Fungi; p__Basidiomycota; c__Exobasidiomycetes; o__Entylomatales; f__Entylomataceae; g__Tilletiopsis; s__Tilletiopsis_washingtonensis	fig4_q20_SE_itsxpress_unite	ITSxpress	SE	SE	ITSxpress	Tilletiopsis	Tilletiopsis_washingtonensis
fa4787cdae91213d04dc949409061c56	UNITE	Phanerochaete	Phanerochaete_livescens	k__Fungi; p__Basidiomycota; c__Agaricomycetes; o__Polyporales; f__Phanerochaetaceae; g__Phanerochaete; s__Phanerochaete_livescens	fig4_q20_SE_itsxpress_unite	ITSxpress	SE	SE	ITSxpress	Phanerochaete	Phanerochaete_livescens
e8f9c25e55b59219535e215c1b148c4d	UNITE	Ascomycota_p	Ascomycota_p	k__Fungi; p__Ascomycota; c__Ascomycota_p; o__Ascomycota_p; f__Ascomycota_p; g__Ascomycota_p; s__Ascomycota_p	fig4_q20_SE_itsxpress_unite	ITSxpress	SE	SE	ITSxpress	Ascomycota_p	Ascomycota_p
5caba2baca9ecddfad50b0b99c30129a	UNITE	Sporobolomyces	Unclassified	k__Fungi; p__Basidiomycota; c__Microbotryomycetes; o__Sporidiobolales; f__Sporidiobolaceae; g__Sporobolomyces; s__Sporobolomyces_g	fig4_q20_SE_itsxpress_unite	ITSxpress	SE	SE	ITSxpress	Sporobolomyces	Unclassified
838e5d450e7b14351a28fa2e38461e84	UNITE	Hymenochaetopsis	Hymenochaetopsis_yasudae	k__Fungi; p__Basidiomycota; c__Agaricomycetes; o__Hymenochaetales; f__Hymenochaetaceae; g__Hymenochaetopsis; s__Hymenochaetopsis_yasudae	fig4_q20_SE_itsxpress_unite	ITSxpress	SE	SE	ITSxpress	Hymenochaetopsis	Hymenochaetopsis_yasudae
3ccc75f00bd3d144ceaa0391c4349da4	UNITE	Polyporales_o	Polyporales_o	k__Fungi; p__Basidiomycota; c__Agaricomycetes; o__Polyporales; f__Polyporales_o; g__Polyporales_o; s__Polyporales_o	fig4_q20_SE_itsxpress_unite	ITSxpress	SE	SE	ITSxpress	Polyporales_o	Polyporales_o
0fd1d727176f466547928eba1e93d32c	UNITE	Malassezia	Malassezia_sympodialis	k__Fungi; p__Basidiomycota; c__Malasseziomycetes; o__Malasseziales; f__Malasseziaceae; g__Malassezia; s__Malassezia_sympodialis	fig4_q20_SE_itsxpress_unite	ITSxpress	SE	SE	ITSxpress	Malassezia	Malassezia_sympodialis
2f9d7e8bea9501d87407a5e5a59bf89b	UNITE	Pleosporales_o	Pleosporales_o	k__Fungi; p__Ascomycota; c__Dothideomycetes; o__Pleosporales; f__Pleosporales_o; g__Pleosporales_o; s__Pleosporales_o	fig4_q20_SE_itsxpress_unite	ITSxpress	SE	SE	ITSxpress	Pleosporales_o	Pleosporales_o
f99cd28f84efab0680f5b5f07811d773	UNITE	Crepidotus	Unclassified	k__Fungi; p__Basidiomycota; c__Agaricomycetes; o__Agaricales; f__Crepidotaceae; g__Crepidotus; s__Crepidotus_g	fig4_q20_SE_itsxpress_unite	ITSxpress	SE	SE	ITSxpress	Crepidotus	Unclassified
b2769ea727b650b52882aab180cf5d4e	UNITE	Sistotremastrum	Sistotremastrum_guttuliferum	k__Fungi; p__Basidiomycota; c__Agaricomycetes; o__Trechisporales; f__Hydnodontaceae; g__Sistotremastrum; s__Sistotremastrum_guttuliferum	fig4_q20_SE_itsxpress_unite	ITSxpress	SE	SE	ITSxpress	Sistotremastrum	Sistotremastrum_guttuliferum
c4882dc60b49c95b93e46ef6e32dfc12	UNITE	Pleosporales_o	Pleosporales_o	k__Fungi; p__Ascomycota; c__Dothideomycetes; o__Pleosporales; f__Pleosporales_o; g__Pleosporales_o; s__Pleosporales_o	fig4_q20_SE_itsxpress_unite	ITSxpress	SE	SE	ITSxpress	Pleosporales_o	Pleosporales_o
0191681120840e940a5629f6f9c23e63	UNITE	Ceratobasidiaceae_f	Ceratobasidiaceae_f	k__Fungi; p__Basidiomycota; c__Agaricomycetes; o__Cantharellales; f__Ceratobasidiaceae; g__Ceratobasidiaceae_f; s__Ceratobasidiaceae_f	fig4_q20_SE_itsxpress_unite	ITSxpress	SE	SE	ITSxpress	Ceratobasidiaceae_f	Ceratobasidiaceae_f
2a03599d48e1a5883a372e8a8261d445	UNITE	Paragibellulopsis	Paragibellulopsis_chrysanthemi	k__Fungi; p__Ascomycota; c__Sordariomycetes; o__Glomerellales; f__Plectosphaerellaceae; g__Paragibellulopsis; s__Paragibellulopsis_chrysanthemi	fig4_q20_SE_itsxpress_unite	ITSxpress	SE	SE	ITSxpress	Paragibellulopsis	Paragibellulopsis_chrysanthemi
c3017cee759791c63e9536350bd70e59	UNITE	Irpex	Irpex_hacksungii	k__Fungi; p__Basidiomycota; c__Agaricomycetes; o__Polyporales; f__Irpicaceae; g__Irpex; s__Irpex_hacksungii	fig4_q20_SE_itsxpress_unite	ITSxpress	SE	SE	ITSxpress	Irpex	Irpex_hacksungii
8424931b6de8bfc1cc5bc36b87754fe9	UNITE	Cystobasidium	Cystobasidium_slooffiae	k__Fungi; p__Basidiomycota; c__Cystobasidiomycetes; o__Cystobasidiales; f__Cystobasidiaceae; g__Cystobasidium; s__Cystobasidium_slooffiae	fig4_q20_SE_itsxpress_unite	ITSxpress	SE	SE	ITSxpress	Cystobasidium	Cystobasidium_slooffiae
3b4804e27a65e63fcb5e309dd023eb58	UNITE	Phlebiopsis	Unclassified	k__Fungi; p__Basidiomycota; c__Agaricomycetes; o__Polyporales; f__Phanerochaetaceae; g__Phlebiopsis; s__Phlebiopsis_g	fig4_q20_SE_itsxpress_unite	ITSxpress	SE	SE	ITSxpress	Phlebiopsis	Unclassified
69d7a7d7c05039ce3b5be70ffacc089f	UNITE	Biscogniauxia	Biscogniauxia_atropunctata	k__Fungi; p__Ascomycota; c__Sordariomycetes; o__Xylariales; f__Graphostromataceae; g__Biscogniauxia; s__Biscogniauxia_atropunctata	fig4_q20_SE_itsxpress_unite	ITSxpress	SE	SE	ITSxpress	Biscogniauxia	Biscogniauxia_atropunctata
ef7cf9848db5544fe03fb7d411336533	UNITE	Candida	Candida_dubliniensis	k__Fungi; p__Ascomycota; c__Saccharomycetes; o__Saccharomycetales; f__Saccharomycetales_fam_Incertae_sedis; g__Candida; s__Candida_dubliniensis	fig4_q20_SE_itsxpress_unite	ITSxpress	SE	SE	ITSxpress	Candida	Candida_dubliniensis
2e73001a9be64e290563c8eec53be808	UNITE	Mucor	Mucor_nidicola	k__Fungi; p__Mucoromycota; c__Mucoromycetes; o__Mucorales; f__Mucoraceae; g__Mucor; s__Mucor_nidicola	fig4_q20_SE_itsxpress_unite	ITSxpress	SE	SE	ITSxpress	Mucor	Mucor_nidicola
5c3158d98ae7185c37026511e5dbdb2c	UNITE	Penicillium	Penicillium_sclerotiorum	k__Fungi; p__Ascomycota; c__Eurotiomycetes; o__Eurotiales; f__Aspergillaceae; g__Penicillium; s__Penicillium_sclerotiorum	fig4_q20_SE_itsxpress_unite	ITSxpress	SE	SE	ITSxpress	Penicillium	Penicillium_sclerotiorum
f9f6a23a053f51e186449e05d98261ce	UNITE	Steccherinum	Steccherinum_tenuissimum	k__Fungi; p__Basidiomycota; c__Agaricomycetes; o__Polyporales; f__Steccherinaceae; g__Steccherinum; s__Steccherinum_tenuissimum	fig4_q20_SE_itsxpress_unite	ITSxpress	SE	SE	ITSxpress	Steccherinum	Steccherinum_tenuissimum
dd8e55d527cabd71ce88988dc06eb8aa	UNITE	Xylodon	Xylodon_flaviporus	k__Fungi; p__Basidiomycota; c__Agaricomycetes; o__Hymenochaetales; f__Schizoporaceae; g__Xylodon; s__Xylodon_flaviporus	fig4_q20_SE_itsxpress_unite	ITSxpress	SE	SE	ITSxpress	Xylodon	Xylodon_flaviporus
508bc8790f22bd6e6e7d77dbf30759fa	UNITE	Cryptococcus	Cryptococcus_neoformans	k__Fungi; p__Basidiomycota; c__Tremellomycetes; o__Tremellales; f__Cryptococcaceae; g__Cryptococcus; s__Cryptococcus_neoformans	fig4_q20_SE_itsxpress_unite	ITSxpress	SE	SE	ITSxpress	Cryptococcus	Cryptococcus_neoformans
2b3947738a14174fa55da284e5156ce1	UNITE	Atheliales_o	Atheliales_o	k__Fungi; p__Basidiomycota; c__Agaricomycetes; o__Atheliales; f__Atheliales_o; g__Atheliales_o; s__Atheliales_o	fig4_q20_SE_itsxpress_unite	ITSxpress	SE	SE	ITSxpress	Atheliales_o	Atheliales_o
8030ebf24e656af8149aa73dc4f958ea	UNITE	Peniophoraceae_f	Peniophoraceae_f	k__Fungi; p__Basidiomycota; c__Agaricomycetes; o__Russulales; f__Peniophoraceae; g__Peniophoraceae_f; s__Peniophoraceae_f	fig4_q20_SE_itsxpress_unite	ITSxpress	SE	SE	ITSxpress	Peniophoraceae_f	Peniophoraceae_f
ab0d77b1519583edbf1bed05b8691759	UNITE	Ceriporia	Ceriporia_nanlingensis	k__Fungi; p__Basidiomycota; c__Agaricomycetes; o__Polyporales; f__Irpicaceae; g__Ceriporia; s__Ceriporia_nanlingensis	fig4_q20_SE_itsxpress_unite	ITSxpress	SE	SE	ITSxpress	Ceriporia	Ceriporia_nanlingensis
22a3bd58cea56c64d6c04ce292d4536f	UNITE	Sporobolomyces	Sporobolomyces_carnicolor	k__Fungi; p__Basidiomycota; c__Microbotryomycetes; o__Sporidiobolales; f__Sporidiobolaceae; g__Sporobolomyces; s__Sporobolomyces_carnicolor	fig4_q20_SE_itsxpress_unite	ITSxpress	SE	SE	ITSxpress	Sporobolomyces	Sporobolomyces_carnicolor
22e6624e26f54bfb3113b73634ac85ed	UNITE	Trametes	Trametes_hirsuta	k__Fungi; p__Basidiomycota; c__Agaricomycetes; o__Polyporales; f__Polyporaceae; g__Trametes; s__Trametes_hirsuta	fig4_q20_SE_itsxpress_unite	ITSxpress	SE	SE	ITSxpress	Trametes	Trametes_hirsuta
06a0c0a16a03d41b0e21de876ccd4a1a	UNITE	Fuscoporia	Fuscoporia_karsteniana	k__Fungi; p__Basidiomycota; c__Agaricomycetes; o__Hymenochaetales; f__Hymenochaetaceae; g__Fuscoporia; s__Fuscoporia_karsteniana	fig4_q20_SE_itsxpress_unite	ITSxpress	SE	SE	ITSxpress	Fuscoporia	Fuscoporia_karsteniana
2502cb3a6108ac2eaa7d36cba4a08694	UNITE	Sarocladium	Sarocladium_zeae	k__Fungi; p__Ascomycota; c__Sordariomycetes; o__Hypocreales; f__Sarocladiaceae; g__Sarocladium; s__Sarocladium_zeae	fig4_q20_SE_itsxpress_unite	ITSxpress	SE	SE	ITSxpress	Sarocladium	Sarocladium_zeae
bdd1298dc4d310e6e8843d32e7d3ccf2	UNITE	Irpex	Irpex_hacksungii	k__Fungi; p__Basidiomycota; c__Agaricomycetes; o__Polyporales; f__Irpicaceae; g__Irpex; s__Irpex_hacksungii	fig4_q20_SE_itsxpress_unite	ITSxpress	SE	SE	ITSxpress	Irpex	Irpex_hacksungii
44a05b01f5f5bea58a5e3a13e14d59fc	UNITE	Penicillium	Penicillium_citrinum	k__Fungi; p__Ascomycota; c__Eurotiomycetes; o__Eurotiales; f__Aspergillaceae; g__Penicillium; s__Penicillium_citrinum	fig4_q20_SE_itsxpress_unite	ITSxpress	SE	SE	ITSxpress	Penicillium	Penicillium_citrinum
668fa3bfa87c1f99cd925cf397f33b9d	UNITE	Coprinopsis	Unclassified	k__Fungi; p__Basidiomycota; c__Agaricomycetes; o__Agaricales; f__Psathyrellaceae; g__Coprinopsis; s__Coprinopsis_g	fig4_q20_SE_itsxpress_unite	ITSxpress	SE	SE	ITSxpress	Coprinopsis	Unclassified
78385d9163bb208f3ee331d773e29f47	UNITE	Absidia	Unclassified	k__Fungi; p__Mucoromycota; c__Mucoromycetes; o__Mucorales; f__Cunninghamellaceae; g__Absidia; s__Absidia_g	fig4_q20_SE_itsxpress_unite	ITSxpress	SE	SE	ITSxpress	Absidia	Unclassified
98668f2433cc3fdfcf3c34e11d1ba521	UNITE	Helotiales_o	Helotiales_o	k__Fungi; p__Ascomycota; c__Leotiomycetes; o__Helotiales; f__Helotiales_o; g__Helotiales_o; s__Helotiales_o	fig4_q20_SE_itsxpress_unite	ITSxpress	SE	SE	ITSxpress	Helotiales_o	Helotiales_o
91ed5a72b201f13a385a89abeee5e191	UNITE	Talaromyces	Unclassified	k__Fungi; p__Ascomycota; c__Eurotiomycetes; o__Eurotiales; f__Trichocomaceae; g__Talaromyces; s__Talaromyces_g	fig4_q20_SE_itsxpress_unite	ITSxpress	SE	SE	ITSxpress	Talaromyces	Unclassified
54f44042aa65835826eb2207758c96d9	UNITE	Penicillium	Penicillium_sumatraense	k__Fungi; p__Ascomycota; c__Eurotiomycetes; o__Eurotiales; f__Aspergillaceae; g__Penicillium; s__Penicillium_sumatraense	fig4_q20_SE_itsxpress_unite	ITSxpress	SE	SE	ITSxpress	Penicillium	Penicillium_sumatraense
e7ddd2dd4f8b00848ef50ae6da6bf400	UNITE	Ascomycota_p	Ascomycota_p	k__Fungi; p__Ascomycota; c__Ascomycota_p; o__Ascomycota_p; f__Ascomycota_p; g__Ascomycota_p; s__Ascomycota_p	fig4_q20_SE_itsxpress_unite	ITSxpress	SE	SE	ITSxpress	Ascomycota_p	Ascomycota_p
c67a5fd1ce96bcf6942bea2f1111936a	UNITE	Ceriporia	Ceriporia_nanlingensis	k__Fungi; p__Basidiomycota; c__Agaricomycetes; o__Polyporales; f__Irpicaceae; g__Ceriporia; s__Ceriporia_nanlingensis	fig4_q20_SE_itsxpress_unite	ITSxpress	SE	SE	ITSxpress	Ceriporia	Ceriporia_nanlingensis
416459bd47d3ee053c27c919d17b7758	UNITE	Peniophoraceae_f	Peniophoraceae_f	k__Fungi; p__Basidiomycota; c__Agaricomycetes; o__Russulales; f__Peniophoraceae; g__Peniophoraceae_f; s__Peniophoraceae_f	fig4_q20_SE_itsxpress_unite	ITSxpress	SE	SE	ITSxpress	Peniophoraceae_f	Peniophoraceae_f
05d6255f92dbd4b2b793b809c524de21	UNITE	Suillus	Unclassified	k__Fungi; p__Basidiomycota; c__Agaricomycetes; o__Boletales; f__Suillaceae; g__Suillus; s__Suillus_g	fig4_q20_SE_itsxpress_unite	ITSxpress	SE	SE	ITSxpress	Suillus	Unclassified
90a30f03ca37989d3320d5abf225636d	UNITE	Aureobasidium	Aureobasidium_pullulans	k__Fungi; p__Ascomycota; c__Dothideomycetes; o__Dothideales; f__Saccotheciaceae; g__Aureobasidium; s__Aureobasidium_pullulans	fig4_q20_SE_itsxpress_unite	ITSxpress	SE	SE	ITSxpress	Aureobasidium	Aureobasidium_pullulans
b930655cdbda2d0f0758d5276c15600d	UNITE	Aspergillus	Aspergillus_neotritici	k__Fungi; p__Ascomycota; c__Eurotiomycetes; o__Eurotiales; f__Aspergillaceae; g__Aspergillus; s__Aspergillus_neotritici	fig4_q20_SE_itsxpress_unite	ITSxpress	SE	SE	ITSxpress	Aspergillus	Aspergillus_neotritici
a0ccfed95b0637c91f74ee17fd6e7627	UNITE	Xeromyces	Xeromyces_bisporus	k__Fungi; p__Ascomycota; c__Eurotiomycetes; o__Eurotiales; f__Aspergillaceae; g__Xeromyces; s__Xeromyces_bisporus	fig4_q20_SE_itsxpress_unite	ITSxpress	SE	SE	ITSxpress	Xeromyces	Xeromyces_bisporus
461408f78553b3df306b093f8114a076	UNITE	Mucor	Mucor_circinelloides	k__Fungi; p__Mucoromycota; c__Mucoromycetes; o__Mucorales; f__Mucoraceae; g__Mucor; s__Mucor_circinelloides	fig4_q20_SE_itsxpress_unite	ITSxpress	SE	SE	ITSxpress	Mucor	Mucor_circinelloides
e76ba80fe55d469a2f7883dffea1e3a2	UNITE	Ascomycota_p	Ascomycota_p	k__Fungi; p__Ascomycota; c__Ascomycota_p; o__Ascomycota_p; f__Ascomycota_p; g__Ascomycota_p; s__Ascomycota_p	fig4_q20_SE_itsxpress_unite	ITSxpress	SE	SE	ITSxpress	Ascomycota_p	Ascomycota_p
6143c50035fe5fc5272475693b56bdf1	UNITE	Fungi_k	Fungi_k	k__Fungi; p__Fungi_k; c__Fungi_k; o__Fungi_k; f__Fungi_k; g__Fungi_k; s__Fungi_k	fig4_q20_SE_itsxpress_unite	ITSxpress	SE	SE	ITSxpress	Fungi_k	Fungi_k
a52cdca0457164d0daa612a0ea60543e	UNITE	Hydnaceae_f	Hydnaceae_f	k__Fungi; p__Basidiomycota; c__Agaricomycetes; o__Cantharellales; f__Hydnaceae; g__Hydnaceae_f; s__Hydnaceae_f	fig4_q20_SE_itsxpress_unite	ITSxpress	SE	SE	ITSxpress	Hydnaceae_f	Hydnaceae_f
3aff115ea9dc889997fec9ab39973349	UNITE	Fungi_k	Fungi_k	k__Fungi; p__Fungi_k; c__Fungi_k; o__Fungi_k; f__Fungi_k; g__Fungi_k; s__Fungi_k	fig4_q20_SE_itsxpress_unite	ITSxpress	SE	SE	ITSxpress	Fungi_k	Fungi_k
c3f0dd8fd4b6dd5006fabc5bcc3a6487	UNITE	Candolleomyces	Unclassified	k__Fungi; p__Basidiomycota; c__Agaricomycetes; o__Agaricales; f__Psathyrellaceae; g__Candolleomyces; s__Candolleomyces_g	fig4_q20_SE_itsxpress_unite	ITSxpress	SE	SE	ITSxpress	Candolleomyces	Unclassified
97303e95cef301f28e3f0435d2289866	UNITE	Ascomycota_p	Ascomycota_p	k__Fungi; p__Ascomycota; c__Ascomycota_p; o__Ascomycota_p; f__Ascomycota_p; g__Ascomycota_p; s__Ascomycota_p	fig4_q20_SE_itsxpress_unite	ITSxpress	SE	SE	ITSxpress	Ascomycota_p	Ascomycota_p
0b16710fc341de52d3db3a987523142b	UNITE	Penicillium	Penicillium_sumatraense	k__Fungi; p__Ascomycota; c__Eurotiomycetes; o__Eurotiales; f__Aspergillaceae; g__Penicillium; s__Penicillium_sumatraense	fig4_q20_SE_itsxpress_unite	ITSxpress	SE	SE	ITSxpress	Penicillium	Penicillium_sumatraense
42d420e7d403c74c113556d3aa5f7d95	UNITE	Rhodotorula	Rhodotorula_mucilaginosa	k__Fungi; p__Basidiomycota; c__Microbotryomycetes; o__Sporidiobolales; f__Sporidiobolaceae; g__Rhodotorula; s__Rhodotorula_mucilaginosa	fig4_q20_SE_itsxpress_unite	ITSxpress	SE	SE	ITSxpress	Rhodotorula	Rhodotorula_mucilaginosa
88bfe70998cfd35a12a909620792688a	UNITE	Ascomycota_p	Ascomycota_p	k__Fungi; p__Ascomycota; c__Ascomycota_p; o__Ascomycota_p; f__Ascomycota_p; g__Ascomycota_p; s__Ascomycota_p	fig4_q20_SE_itsxpress_unite	ITSxpress	SE	SE	ITSxpress	Ascomycota_p	Ascomycota_p
8a99e0cf4cc750c183d0799756d96ad0	UNITE	Kazachstania	Kazachstania_servazzii	k__Fungi; p__Ascomycota; c__Saccharomycetes; o__Saccharomycetales; f__Saccharomycetaceae; g__Kazachstania; s__Kazachstania_servazzii	fig4_q20_SE_itsxpress_unite	ITSxpress	SE	SE	ITSxpress	Kazachstania	Kazachstania_servazzii
1b3753029acde9bf8c79555f4589fcb0	UNITE	Helotiales_o	Helotiales_o	k__Fungi; p__Ascomycota; c__Leotiomycetes; o__Helotiales; f__Helotiales_o; g__Helotiales_o; s__Helotiales_o	fig4_q20_SE_itsxpress_unite	ITSxpress	SE	SE	ITSxpress	Helotiales_o	Helotiales_o
d41474f8e49115abf6f296e3fee6b8b1	UNITE	Aspergillus	Unclassified	k__Fungi; p__Ascomycota; c__Eurotiomycetes; o__Eurotiales; f__Aspergillaceae; g__Aspergillus; s__Aspergillus_g	fig4_q20_SE_itsxpress_unite	ITSxpress	SE	SE	ITSxpress	Aspergillus	Unclassified
12da108a541069a69ac639ae2edcd700	UNITE	Candida	Candida_albicans	k__Fungi; p__Ascomycota; c__Saccharomycetes; o__Saccharomycetales; f__Saccharomycetales_fam_Incertae_sedis; g__Candida; s__Candida_albicans	fig4_q20_SE_itsxpress_unite	ITSxpress	SE	SE	ITSxpress	Candida	Candida_albicans
287262dba4d69007a0d2f229a8d6e234	UNITE	Fungi_k	Fungi_k	k__Fungi; p__Fungi_k; c__Fungi_k; o__Fungi_k; f__Fungi_k; g__Fungi_k; s__Fungi_k	fig4_q20_SE_itsxpress_unite	ITSxpress	SE	SE	ITSxpress	Fungi_k	Fungi_k
99db2e59f1430fe920de9f1dfaf6827b	UNITE	Trechispora	Unclassified	k__Fungi; p__Basidiomycota; c__Agaricomycetes; o__Trechisporales; f__Hydnodontaceae; g__Trechispora; s__Trechispora_g	fig4_q20_SE_itsxpress_unite	ITSxpress	SE	SE	ITSxpress	Trechispora	Unclassified
cadc4e9f5f1990bd77f040b0e7bc7ebd	UNITE	Fungi_k	Fungi_k	k__Fungi; p__Fungi_k; c__Fungi_k; o__Fungi_k; f__Fungi_k; g__Fungi_k; s__Fungi_k	fig4_q20_SE_itsxpress_unite	ITSxpress	SE	SE	ITSxpress	Fungi_k	Fungi_k
467a1a0fe603e21da0ad3925a4a2040e	UNITE	Ascomycota_p	Ascomycota_p	k__Fungi; p__Ascomycota; c__Ascomycota_p; o__Ascomycota_p; f__Ascomycota_p; g__Ascomycota_p; s__Ascomycota_p	fig4_q20_SE_itsxpress_unite	ITSxpress	SE	SE	ITSxpress	Ascomycota_p	Ascomycota_p
1a947799bb1e2fa52ae4560b796f282e	UNITE	Nakaseomyces	Nakaseomyces_glabratus	k__Fungi; p__Ascomycota; c__Saccharomycetes; o__Saccharomycetales; f__Saccharomycetaceae; g__Nakaseomyces; s__Nakaseomyces_glabratus	fig4_q20_SE_itsxpress_unite	ITSxpress	SE	SE	ITSxpress	Nakaseomyces	Nakaseomyces_glabratus
d05459c8d61194d8dcde4757fe7ae0fb	UNITE	Candida	Candida_albicans	k__Fungi; p__Ascomycota; c__Saccharomycetes; o__Saccharomycetales; f__Saccharomycetales_fam_Incertae_sedis; g__Candida; s__Candida_albicans	fig4_q20_SE_itsxpress_unite	ITSxpress	SE	SE	ITSxpress	Candida	Candida_albicans
b228b4d00e715499fdce32e16b3f5a74	UNITE	Irpex	Irpex_hacksungii	k__Fungi; p__Basidiomycota; c__Agaricomycetes; o__Polyporales; f__Irpicaceae; g__Irpex; s__Irpex_hacksungii	fig4_q20_SE_itsxpress_unite	ITSxpress	SE	SE	ITSxpress	Irpex	Irpex_hacksungii
1a3a25327947f82ebb909ce5f5832571	UNITE	Debaryomyces	Debaryomyces_delbrueckii	k__Fungi; p__Ascomycota; c__Saccharomycetes; o__Saccharomycetales; f__Debaryomycetaceae; g__Debaryomyces; s__Debaryomyces_delbrueckii	fig4_q20_SE_itsxpress_unite	ITSxpress	SE	SE	ITSxpress	Debaryomyces	Debaryomyces_delbrueckii
4633194a0263db268947d953c3df2544	UNITE	Cryptococcus	Cryptococcus_neoformans	k__Fungi; p__Basidiomycota; c__Tremellomycetes; o__Tremellales; f__Cryptococcaceae; g__Cryptococcus; s__Cryptococcus_neoformans	fig4_q20_SE_itsxpress_unite	ITSxpress	SE	SE	ITSxpress	Cryptococcus	Cryptococcus_neoformans
6bc0377ff54d84a0270fdb17ac5ddf05	UNITE	Malassezia	Malassezia_globosa	k__Fungi; p__Basidiomycota; c__Malasseziomycetes; o__Malasseziales; f__Malasseziaceae; g__Malassezia; s__Malassezia_globosa	fig4_q20_SE_itsxpress_unite	ITSxpress	SE	SE	ITSxpress	Malassezia	Malassezia_globosa
bf5afd9666ef3dc3c2c777c514786f97	UNITE	Pichia	Pichia_kudriavzevii	k__Fungi; p__Ascomycota; c__Saccharomycetes; o__Saccharomycetales; f__Pichiaceae; g__Pichia; s__Pichia_kudriavzevii	fig4_q20_SE_itsxpress_unite	ITSxpress	SE	SE	ITSxpress	Pichia	Pichia_kudriavzevii
7bae5c3eda249b5e319a1c10b526375b	UNITE	Penicillium	Unclassified	k__Fungi; p__Ascomycota; c__Eurotiomycetes; o__Eurotiales; f__Aspergillaceae; g__Penicillium; s__Penicillium_g	fig4_q20_SE_itsxpress_unite	ITSxpress	SE	SE	ITSxpress	Penicillium	Unclassified
d97e529002843bf4f22d9f84f696902d	UNITE	Cutaneotrichosporon	Cutaneotrichosporon_mucoides	k__Fungi; p__Basidiomycota; c__Tremellomycetes; o__Trichosporonales; f__Trichosporonaceae; g__Cutaneotrichosporon; s__Cutaneotrichosporon_mucoides	fig4_q20_SE_itsxpress_unite	ITSxpress	SE	SE	ITSxpress	Cutaneotrichosporon	Cutaneotrichosporon_mucoides
0adfbaa4d24ec21c5bd7da91cc36bf83	UNITE	Fungi_k	Fungi_k	k__Fungi; p__Fungi_k; c__Fungi_k; o__Fungi_k; f__Fungi_k; g__Fungi_k; s__Fungi_k	fig4_q20_SE_itsxpress_unite	ITSxpress	SE	SE	ITSxpress	Fungi_k	Fungi_k
5c36e4197af8694525d815e3fcfb8e1b	UNITE	Cutaneotrichosporon	Cutaneotrichosporon_mucoides	k__Fungi; p__Basidiomycota; c__Tremellomycetes; o__Trichosporonales; f__Trichosporonaceae; g__Cutaneotrichosporon; s__Cutaneotrichosporon_mucoides	fig4_q20_SE_itsxpress_unite	ITSxpress	SE	SE	ITSxpress	Cutaneotrichosporon	Cutaneotrichosporon_mucoides
57dff5e5f62d238d6f055b37452ac823	UNITE	Saccharomyces	Saccharomyces_cerevisiae	k__Fungi; p__Ascomycota; c__Saccharomycetes; o__Saccharomycetales; f__Saccharomycetaceae; g__Saccharomyces; s__Saccharomyces_cerevisiae	fig4_q20_SE_itsxpress_unite	ITSxpress	SE	SE	ITSxpress	Saccharomyces	Saccharomyces_cerevisiae
ef5b732f4220ffb4068dfff3f4590237	UNITE	Leucosporidium	Leucosporidium_intermedium	k__Fungi; p__Basidiomycota; c__Microbotryomycetes; o__Leucosporidiales; f__Leucosporidiaceae; g__Leucosporidium; s__Leucosporidium_intermedium	fig4_q20_SE_itsxpress_unite	ITSxpress	SE	SE	ITSxpress	Leucosporidium	Leucosporidium_intermedium
aa52e53101323b1d05f8c4c6834dd1e2	UNITE	Fusarium	Fusarium_oxysporum	k__Fungi; p__Ascomycota; c__Sordariomycetes; o__Hypocreales; f__Nectriaceae; g__Fusarium; s__Fusarium_oxysporum	fig4_q20_SE_itsxpress_unite	ITSxpress	SE	SE	ITSxpress	Fusarium	Fusarium_oxysporum
0fdc8bc75eb918dcdf72a96e854a694e	UNITE	Trechispora	Unclassified	k__Fungi; p__Basidiomycota; c__Agaricomycetes; o__Trechisporales; f__Hydnodontaceae; g__Trechispora; s__Trechispora_g	fig4_q20_SE_itsxpress_unite	ITSxpress	SE	SE	ITSxpress	Trechispora	Unclassified
64ff5d05e3dad56364385a586b8236d4	UNITE	Pichia	Pichia_kudriavzevii	k__Fungi; p__Ascomycota; c__Saccharomycetes; o__Saccharomycetales; f__Pichiaceae; g__Pichia; s__Pichia_kudriavzevii	fig4_q20_SE_itsxpress_unite	ITSxpress	SE	SE	ITSxpress	Pichia	Pichia_kudriavzevii
2ce0943ee52455e0ef499cf2ef2d4e04	UNITE	Ascomycota_p	Ascomycota_p	k__Fungi; p__Ascomycota; c__Ascomycota_p; o__Ascomycota_p; f__Ascomycota_p; g__Ascomycota_p; s__Ascomycota_p	fig4_q20_SE_itsxpress_unite	ITSxpress	SE	SE	ITSxpress	Ascomycota_p	Ascomycota_p
3c251e4ab957b4744ba14e78227fd569	UNITE	Ascomycota_p	Ascomycota_p	k__Fungi; p__Ascomycota; c__Ascomycota_p; o__Ascomycota_p; f__Ascomycota_p; g__Ascomycota_p; s__Ascomycota_p	fig4_q20_SE_itsxpress_unite	ITSxpress	SE	SE	ITSxpress	Ascomycota_p	Ascomycota_p
0f501f42f168efedff8209067a2ccc06	UNITE	Phlebia	Phlebia_acerina	k__Fungi; p__Basidiomycota; c__Agaricomycetes; o__Polyporales; f__Meruliaceae; g__Phlebia; s__Phlebia_acerina	fig4_q20_SE_itsxpress_unite	ITSxpress	SE	SE	ITSxpress	Phlebia	Phlebia_acerina
e1824953c4f6846e8527e3e52997573d	UNITE	Stereaceae_f	Stereaceae_f	k__Fungi; p__Basidiomycota; c__Agaricomycetes; o__Russulales; f__Stereaceae; g__Stereaceae_f; s__Stereaceae_f	fig4_q20_SE_itsxpress_unite	ITSxpress	SE	SE	ITSxpress	Stereaceae_f	Stereaceae_f
29672ac01b5c6750735fed1907ddd347	UNITE	Hannaella	Hannaella_oryzae	k__Fungi; p__Basidiomycota; c__Tremellomycetes; o__Tremellales; f__Bulleribasidiaceae; g__Hannaella; s__Hannaella_oryzae	fig4_q20_SE_itsxpress_unite	ITSxpress	SE	SE	ITSxpress	Hannaella	Hannaella_oryzae
12ae8aec67f6e9580e434bbd62c83dcd	UNITE	Helotiales_o	Helotiales_o	k__Fungi; p__Ascomycota; c__Leotiomycetes; o__Helotiales; f__Helotiales_o; g__Helotiales_o; s__Helotiales_o	fig4_q20_SE_itsxpress_unite	ITSxpress	SE	SE	ITSxpress	Helotiales_o	Helotiales_o
efd82533963fb288f116c97705e40ede	UNITE	Phlebia	Unclassified	k__Fungi; p__Basidiomycota; c__Agaricomycetes; o__Polyporales; f__Meruliaceae; g__Phlebia; s__Phlebia_g	fig4_q20_SE_itsxpress_unite	ITSxpress	SE	SE	ITSxpress	Phlebia	Unclassified
d6e7806fe6c49f4c960a7210ce8b929b	UNITE	Phaeosphaeriaceae_f	Phaeosphaeriaceae_f	k__Fungi; p__Ascomycota; c__Dothideomycetes; o__Pleosporales; f__Phaeosphaeriaceae; g__Phaeosphaeriaceae_f; s__Phaeosphaeriaceae_f	fig4_q20_SE_itsxpress_unite	ITSxpress	SE	SE	ITSxpress	Phaeosphaeriaceae_f	Phaeosphaeriaceae_f
f92a6f85062448c90ca17f26c5777cb0	UNITE	Basidiomycota_p	Basidiomycota_p	k__Fungi; p__Basidiomycota; c__Basidiomycota_p; o__Basidiomycota_p; f__Basidiomycota_p; g__Basidiomycota_p; s__Basidiomycota_p	fig4_q20_SE_itsxpress_unite	ITSxpress	SE	SE	ITSxpress	Basidiomycota_p	Basidiomycota_p
1f2562bcd89888cd5dc1ecfc90af6ca5	UNITE	Paraphoma	Unclassified	k__Fungi; p__Ascomycota; c__Dothideomycetes; o__Pleosporales; f__Phaeosphaeriaceae; g__Paraphoma; s__Paraphoma_g	fig4_q20_SE_itsxpress_unite	ITSxpress	SE	SE	ITSxpress	Paraphoma	Unclassified
cdd244abd5bf539f9d30cb7b2907eaa7	UNITE	Pleosporales_o	Pleosporales_o	k__Fungi; p__Ascomycota; c__Dothideomycetes; o__Pleosporales; f__Pleosporales_o; g__Pleosporales_o; s__Pleosporales_o	fig4_q20_SE_itsxpress_unite	ITSxpress	SE	SE	ITSxpress	Pleosporales_o	Pleosporales_o
7786a01bd4219ab71a63750426db7244	UNITE	Irpex	Irpex_hacksungii	k__Fungi; p__Basidiomycota; c__Agaricomycetes; o__Polyporales; f__Irpicaceae; g__Irpex; s__Irpex_hacksungii	fig4_q20_SE_itsxpress_unite	ITSxpress	SE	SE	ITSxpress	Irpex	Irpex_hacksungii
60c4503cc5091926c0fe5039f5800884	UNITE	Paraphoma	Unclassified	k__Fungi; p__Ascomycota; c__Dothideomycetes; o__Pleosporales; f__Phaeosphaeriaceae; g__Paraphoma; s__Paraphoma_g	fig4_q20_SE_itsxpress_unite	ITSxpress	SE	SE	ITSxpress	Paraphoma	Unclassified
ede209db473731ebfe17f1dbf1c88156	UNITE	Coniothyrium	Coniothyrium_sidae	k__Fungi; p__Ascomycota; c__Dothideomycetes; o__Pleosporales; f__Coniothyriaceae; g__Coniothyrium; s__Coniothyrium_sidae	fig4_q20_SE_itsxpress_unite	ITSxpress	SE	SE	ITSxpress	Coniothyrium	Coniothyrium_sidae
56bd90154fccd93f3ae9a9c168a3d352	UNITE	Pluteus	Unclassified	k__Fungi; p__Basidiomycota; c__Agaricomycetes; o__Agaricales; f__Pluteaceae; g__Pluteus; s__Pluteus_g	fig4_q20_SE_itsxpress_unite	ITSxpress	SE	SE	ITSxpress	Pluteus	Unclassified
61352d1986de0e531503621118f45b90	UNITE	Hymenochaete	Hymenochaete_odontoides	k__Fungi; p__Basidiomycota; c__Agaricomycetes; o__Hymenochaetales; f__Hymenochaetaceae; g__Hymenochaete; s__Hymenochaete_odontoides	fig4_q20_SE_itsxpress_unite	ITSxpress	SE	SE	ITSxpress	Hymenochaete	Hymenochaete_odontoides
c5fc3fd35912da93c85f5c96bd65b76d	UNITE	Pleosporales_o	Pleosporales_o	k__Fungi; p__Ascomycota; c__Dothideomycetes; o__Pleosporales; f__Pleosporales_o; g__Pleosporales_o; s__Pleosporales_o	fig4_q20_SE_itsxpress_unite	ITSxpress	SE	SE	ITSxpress	Pleosporales_o	Pleosporales_o
a5a3ef9cd6b81c4902db04c8fbf42ada	UNITE	Peniophoraceae_f	Peniophoraceae_f	k__Fungi; p__Basidiomycota; c__Agaricomycetes; o__Russulales; f__Peniophoraceae; g__Peniophoraceae_f; s__Peniophoraceae_f	fig4_q20_SE_itsxpress_unite	ITSxpress	SE	SE	ITSxpress	Peniophoraceae_f	Peniophoraceae_f
61126afa4733fbaeff0e31a74c4e98ba	UNITE	Ascomycota_p	Ascomycota_p	k__Fungi; p__Ascomycota; c__Ascomycota_p; o__Ascomycota_p; f__Ascomycota_p; g__Ascomycota_p; s__Ascomycota_p	fig4_q20_SE_itsxpress_unite	ITSxpress	SE	SE	ITSxpress	Ascomycota_p	Ascomycota_p
b9971e7ed6a896d4364494eb339d9aab	UNITE	Exidia	Exidia_uvapassa	k__Fungi; p__Basidiomycota; c__Agaricomycetes; o__Auriculariales; f__Auriculariaceae; g__Exidia; s__Exidia_uvapassa	fig4_q20_SE_itsxpress_unite	ITSxpress	SE	SE	ITSxpress	Exidia	Exidia_uvapassa
1b0e91eb4d0ab35ac3472b26d4207b8d	UNITE	Peniophoraceae_f	Peniophoraceae_f	k__Fungi; p__Basidiomycota; c__Agaricomycetes; o__Russulales; f__Peniophoraceae; g__Peniophoraceae_f; s__Peniophoraceae_f	fig4_q20_SE_itsxpress_unite	ITSxpress	SE	SE	ITSxpress	Peniophoraceae_f	Peniophoraceae_f
04a58f1fa63710803570b8b5e2d3733e	UNITE	Periconia	Periconia_celtidis	k__Fungi; p__Ascomycota; c__Dothideomycetes; o__Pleosporales; f__Periconiaceae; g__Periconia; s__Periconia_celtidis	fig4_q20_SE_itsxpress_unite	ITSxpress	SE	SE	ITSxpress	Periconia	Periconia_celtidis
bc735706b2cac9f5c1211164aed408a6	UNITE	Basidiomycota_p	Basidiomycota_p	k__Fungi; p__Basidiomycota; c__Basidiomycota_p; o__Basidiomycota_p; f__Basidiomycota_p; g__Basidiomycota_p; s__Basidiomycota_p	fig4_q20_SE_itsxpress_unite	ITSxpress	SE	SE	ITSxpress	Basidiomycota_p	Basidiomycota_p
8e25974e8e7a661b1c1d180b4101cfce	UNITE	Peniophoraceae_f	Peniophoraceae_f	k__Fungi; p__Basidiomycota; c__Agaricomycetes; o__Russulales; f__Peniophoraceae; g__Peniophoraceae_f; s__Peniophoraceae_f	fig4_q20_SE_itsxpress_unite	ITSxpress	SE	SE	ITSxpress	Peniophoraceae_f	Peniophoraceae_f
061f5ddd4c902be6adec1f0e62e8f2f4	UNITE	Hyphodontia	Hyphodontia_tropica	k__Fungi; p__Basidiomycota; c__Agaricomycetes; o__Hymenochaetales; f__Schizoporaceae; g__Hyphodontia; s__Hyphodontia_tropica	fig4_q20_SE_itsxpress_unite	ITSxpress	SE	SE	ITSxpress	Hyphodontia	Hyphodontia_tropica
cb2c0e20773df56a36e2a0f9eabe0e2d	UNITE	Thelebolus	Unclassified	k__Fungi; p__Ascomycota; c__Leotiomycetes; o__Thelebolales; f__Thelebolaceae; g__Thelebolus; s__Thelebolus_g	fig4_q20_SE_itsxpress_unite	ITSxpress	SE	SE	ITSxpress	Thelebolus	Unclassified
9b348dda321c3c7240c36962ca827b97	UNITE	Fungi_k	Fungi_k	k__Fungi; p__Fungi_k; c__Fungi_k; o__Fungi_k; f__Fungi_k; g__Fungi_k; s__Fungi_k	fig4_q20_SE_itsxpress_unite	ITSxpress	SE	SE	ITSxpress	Fungi_k	Fungi_k
44f90264df134259ebc0896303d9a493	UNITE	Neosetophoma	Neosetophoma_guiyangensis	k__Fungi; p__Ascomycota; c__Dothideomycetes; o__Pleosporales; f__Phaeosphaeriaceae; g__Neosetophoma; s__Neosetophoma_guiyangensis	fig4_q20_SE_itsxpress_unite	ITSxpress	SE	SE	ITSxpress	Neosetophoma	Neosetophoma_guiyangensis
ac5f58eb564aba9ebbf608a7c30f3ee1	UNITE	Phanerochaete	Unclassified	k__Fungi; p__Basidiomycota; c__Agaricomycetes; o__Polyporales; f__Phanerochaetaceae; g__Phanerochaete; s__Phanerochaete_g	fig4_q20_SE_itsxpress_unite	ITSxpress	SE	SE	ITSxpress	Phanerochaete	Unclassified
29ef50e61eafd8ec49fa6292da0e3dca	UNITE	Mycoaciella	Mycoaciella_efibulata	k__Fungi; p__Basidiomycota; c__Agaricomycetes; o__Polyporales; f__Meruliaceae; g__Mycoaciella; s__Mycoaciella_efibulata	fig4_q20_SE_itsxpress_unite	ITSxpress	SE	SE	ITSxpress	Mycoaciella	Mycoaciella_efibulata
e41e471e043e714cdac6ad0eecc8cdf5	UNITE	Agaricales_o	Agaricales_o	k__Fungi; p__Basidiomycota; c__Agaricomycetes; o__Agaricales; f__Agaricales_o; g__Agaricales_o; s__Agaricales_o	fig4_q20_SE_itsxpress_unite	ITSxpress	SE	SE	ITSxpress	Agaricales_o	Agaricales_o
a6f2328646e39b677ef9b36fb9d0fe1f	UNITE	Sistotrema	Sistotrema_brinkmannii	k__Fungi; p__Basidiomycota; c__Agaricomycetes; o__Cantharellales; f__Hydnaceae; g__Sistotrema; s__Sistotrema_brinkmannii	fig4_q20_SE_itsxpress_unite	ITSxpress	SE	SE	ITSxpress	Sistotrema	Sistotrema_brinkmannii
e52555860813ba428db5125f3f1bcfc3	UNITE	Trametes	Trametes_hirsuta	k__Fungi; p__Basidiomycota; c__Agaricomycetes; o__Polyporales; f__Polyporaceae; g__Trametes; s__Trametes_hirsuta	fig4_q20_SE_itsxpress_unite	ITSxpress	SE	SE	ITSxpress	Trametes	Trametes_hirsuta
040c1e07de80d76e56f1d8b0b573ca34	UNITE	Leptospora	Unclassified	k__Fungi; p__Ascomycota; c__Dothideomycetes; o__Pleosporales; f__Phaeosphaeriaceae; g__Leptospora; s__Leptospora_g	fig4_q20_SE_itsxpress_unite	ITSxpress	SE	SE	ITSxpress	Leptospora	Unclassified
1dca3eeb6a114d7c75d945b4c787c3c6	UNITE	Butyrea	Butyrea_japonica	k__Fungi; p__Basidiomycota; c__Agaricomycetes; o__Polyporales; f__Steccherinaceae; g__Butyrea; s__Butyrea_japonica	fig4_q20_SE_itsxpress_unite	ITSxpress	SE	SE	ITSxpress	Butyrea	Butyrea_japonica
2cf4c915f873b95edee25be8e58fb36c	UNITE	Scopuloides	Unclassified	k__Fungi; p__Basidiomycota; c__Agaricomycetes; o__Polyporales; f__Meruliaceae; g__Scopuloides; s__Scopuloides_g	fig4_q20_SE_itsxpress_unite	ITSxpress	SE	SE	ITSxpress	Scopuloides	Unclassified
8f430b4358071fffd96016bca9f08ac0	UNITE	Trametes	Trametes_hirsuta	k__Fungi; p__Basidiomycota; c__Agaricomycetes; o__Polyporales; f__Polyporaceae; g__Trametes; s__Trametes_hirsuta	fig4_q20_SE_itsxpress_unite	ITSxpress	SE	SE	ITSxpress	Trametes	Trametes_hirsuta
0f8830963d0007509b4256e7708c4537	UNITE	Fungi_k	Fungi_k	k__Fungi; p__Fungi_k; c__Fungi_k; o__Fungi_k; f__Fungi_k; g__Fungi_k; s__Fungi_k	fig4_q20_SE_itsxpress_unite	ITSxpress	SE	SE	ITSxpress	Fungi_k	Fungi_k
f2303e6f6a3249de1bbcb777452ec808	UNITE	Trametes	Trametes_versicolor	k__Fungi; p__Basidiomycota; c__Agaricomycetes; o__Polyporales; f__Polyporaceae; g__Trametes; s__Trametes_versicolor	fig4_q20_SE_itsxpress_unite	ITSxpress	SE	SE	ITSxpress	Trametes	Trametes_versicolor
3f44577f73ab9162efce5c7fb027b424	UNITE	Mycoaciella	Mycoaciella_efibulata	k__Fungi; p__Basidiomycota; c__Agaricomycetes; o__Polyporales; f__Meruliaceae; g__Mycoaciella; s__Mycoaciella_efibulata	fig4_q20_SE_itsxpress_unite	ITSxpress	SE	SE	ITSxpress	Mycoaciella	Mycoaciella_efibulata
79267446d41d9eede7d4641c3f59b86e	UNITE	Pleurotus	Unclassified	k__Fungi; p__Basidiomycota; c__Agaricomycetes; o__Agaricales; f__Pleurotaceae; g__Pleurotus; s__Pleurotus_g	fig4_q20_SE_itsxpress_unite	ITSxpress	SE	SE	ITSxpress	Pleurotus	Unclassified
7427e344a3b803c9806e8626c0012ce9	UNITE	Phlebia	Phlebia_acanthocystis	k__Fungi; p__Basidiomycota; c__Agaricomycetes; o__Polyporales; f__Meruliaceae; g__Phlebia; s__Phlebia_acanthocystis	fig4_q20_SE_itsxpress_unite	ITSxpress	SE	SE	ITSxpress	Phlebia	Phlebia_acanthocystis
e696a65744372846e5a5ad7901af11d5	UNITE	Fungi_k	Fungi_k	k__Fungi; p__Fungi_k; c__Fungi_k; o__Fungi_k; f__Fungi_k; g__Fungi_k; s__Fungi_k	fig4_q20_SE_itsxpress_unite	ITSxpress	SE	SE	ITSxpress	Fungi_k	Fungi_k
5bca0c643641a8a1dc9257cb476a4350	UNITE	Hericiaceae_f	Hericiaceae_f	k__Fungi; p__Basidiomycota; c__Agaricomycetes; o__Russulales; f__Hericiaceae; g__Hericiaceae_f; s__Hericiaceae_f	fig4_q20_SE_itsxpress_unite	ITSxpress	SE	SE	ITSxpress	Hericiaceae_f	Hericiaceae_f
026c5263ced8f41669b14f7ee3ab05a6	UNITE	Ophiosphaerella	Ophiosphaerella_chiangraiensis	k__Fungi; p__Ascomycota; c__Dothideomycetes; o__Pleosporales; f__Phaeosphaeriaceae; g__Ophiosphaerella; s__Ophiosphaerella_chiangraiensis	fig4_q20_SE_itsxpress_unite	ITSxpress	SE	SE	ITSxpress	Ophiosphaerella	Ophiosphaerella_chiangraiensis
ef4979826d864561698d80e1ef8e1f26	UNITE	Phanerochaete	Phanerochaete_cumulodentata	k__Fungi; p__Basidiomycota; c__Agaricomycetes; o__Polyporales; f__Phanerochaetaceae; g__Phanerochaete; s__Phanerochaete_cumulodentata	fig4_q20_SE_itsxpress_unite	ITSxpress	SE	SE	ITSxpress	Phanerochaete	Phanerochaete_cumulodentata
16abe59764bca0b5a4207799f0194527	UNITE	Trechisporales_o	Trechisporales_o	k__Fungi; p__Basidiomycota; c__Agaricomycetes; o__Trechisporales; f__Trechisporales_o; g__Trechisporales_o; s__Trechisporales_o	fig4_q20_SE_itsxpress_unite	ITSxpress	SE	SE	ITSxpress	Trechisporales_o	Trechisporales_o
68dabd57307987843582c72e68a2476d	UNITE	Mycoaciella	Mycoaciella_efibulata	k__Fungi; p__Basidiomycota; c__Agaricomycetes; o__Polyporales; f__Meruliaceae; g__Mycoaciella; s__Mycoaciella_efibulata	fig4_q20_SE_itsxpress_unite	ITSxpress	SE	SE	ITSxpress	Mycoaciella	Mycoaciella_efibulata
442ab96d28f454ce78c630de3babe890	UNITE	Peniophoraceae_f	Peniophoraceae_f	k__Fungi; p__Basidiomycota; c__Agaricomycetes; o__Russulales; f__Peniophoraceae; g__Peniophoraceae_f; s__Peniophoraceae_f	fig4_q20_SE_itsxpress_unite	ITSxpress	SE	SE	ITSxpress	Peniophoraceae_f	Peniophoraceae_f
5cf59bf73d9d0377920b66b458d34daa	UNITE	Stereaceae_f	Stereaceae_f	k__Fungi; p__Basidiomycota; c__Agaricomycetes; o__Russulales; f__Stereaceae; g__Stereaceae_f; s__Stereaceae_f	fig4_q20_SE_itsxpress_unite	ITSxpress	SE	SE	ITSxpress	Stereaceae_f	Stereaceae_f
56dd3123fef44895b66ffa154dcef3fd	UNITE	Hyphoderma	Hyphoderma_setigerum	k__Fungi; p__Basidiomycota; c__Agaricomycetes; o__Polyporales; f__Hyphodermataceae; g__Hyphoderma; s__Hyphoderma_setigerum	fig4_q20_SE_itsxpress_unite	ITSxpress	SE	SE	ITSxpress	Hyphoderma	Hyphoderma_setigerum
b824e4d927813dd5b4c64fa745487857	UNITE	Polyporales_o	Polyporales_o	k__Fungi; p__Basidiomycota; c__Agaricomycetes; o__Polyporales; f__Polyporales_o; g__Polyporales_o; s__Polyporales_o	fig4_q20_SE_itsxpress_unite	ITSxpress	SE	SE	ITSxpress	Polyporales_o	Polyporales_o
6a6ced4c67f0e53846c66a3878c89679	UNITE	Peniophoraceae_f	Peniophoraceae_f	k__Fungi; p__Basidiomycota; c__Agaricomycetes; o__Russulales; f__Peniophoraceae; g__Peniophoraceae_f; s__Peniophoraceae_f	fig4_q20_SE_itsxpress_unite	ITSxpress	SE	SE	ITSxpress	Peniophoraceae_f	Peniophoraceae_f
70025ad4639606e16dea1984c10d1e5f	UNITE	Clitopilus	Clitopilus_baronii	k__Fungi; p__Basidiomycota; c__Agaricomycetes; o__Agaricales; f__Entolomataceae; g__Clitopilus; s__Clitopilus_baronii	fig4_q20_SE_itsxpress_unite	ITSxpress	SE	SE	ITSxpress	Clitopilus	Clitopilus_baronii
7b0c2826eb7474c7abe104a585597010	UNITE	Ophiognomonia	Unclassified	k__Fungi; p__Ascomycota; c__Sordariomycetes; o__Diaporthales; f__Gnomoniaceae; g__Ophiognomonia; s__Ophiognomonia_g	fig4_q20_SE_itsxpress_unite	ITSxpress	SE	SE	ITSxpress	Ophiognomonia	Unclassified
168e27f59b5437d613141aaa2f916072	UNITE	Dipodascaceae_f	Dipodascaceae_f	k__Fungi; p__Ascomycota; c__Saccharomycetes; o__Saccharomycetales; f__Dipodascaceae; g__Dipodascaceae_f; s__Dipodascaceae_f	fig4_q20_SE_itsxpress_unite	ITSxpress	SE	SE	ITSxpress	Dipodascaceae_f	Dipodascaceae_f
ed1c2120a1da64cd9a0b5ea27488f1cd	UNITE	Paraphoma	Unclassified	k__Fungi; p__Ascomycota; c__Dothideomycetes; o__Pleosporales; f__Phaeosphaeriaceae; g__Paraphoma; s__Paraphoma_g	fig4_q20_SE_itsxpress_unite	ITSxpress	SE	SE	ITSxpress	Paraphoma	Unclassified
99e63fe25fa4ee8bc4e2a4bcd0ad77fa	UNITE	Ceratobasidium	Unclassified	k__Fungi; p__Basidiomycota; c__Agaricomycetes; o__Cantharellales; f__Ceratobasidiaceae; g__Ceratobasidium; s__Ceratobasidium_g	fig4_q20_SE_itsxpress_unite	ITSxpress	SE	SE	ITSxpress	Ceratobasidium	Unclassified
98931596f0356707dc1093ebb37e9669	UNITE	Phlebiopsis	Phlebiopsis_gigantea	k__Fungi; p__Basidiomycota; c__Agaricomycetes; o__Polyporales; f__Phanerochaetaceae; g__Phlebiopsis; s__Phlebiopsis_gigantea	fig4_q20_SE_itsxpress_unite	ITSxpress	SE	SE	ITSxpress	Phlebiopsis	Phlebiopsis_gigantea
3b1e3bee5d6ff21b4b0c0f956304b8d6	UNITE	Xylodon	Xylodon_flaviporus	k__Fungi; p__Basidiomycota; c__Agaricomycetes; o__Hymenochaetales; f__Schizoporaceae; g__Xylodon; s__Xylodon_flaviporus	fig4_q20_SE_itsxpress_unite	ITSxpress	SE	SE	ITSxpress	Xylodon	Xylodon_flaviporus
4a9eebc6771e1b0950879ee3dd5c5c70	UNITE	Aureobasidium	Aureobasidium_pullulans	k__Fungi; p__Ascomycota; c__Dothideomycetes; o__Dothideales; f__Saccotheciaceae; g__Aureobasidium; s__Aureobasidium_pullulans	fig4_q20_SE_itsxpress_unite	ITSxpress	SE	SE	ITSxpress	Aureobasidium	Aureobasidium_pullulans
5ff4ba68c58f439132951ac2836f4148	UNITE	Fungi_k	Fungi_k	k__Fungi; p__Fungi_k; c__Fungi_k; o__Fungi_k; f__Fungi_k; g__Fungi_k; s__Fungi_k	fig4_q20_SE_itsxpress_unite	ITSxpress	SE	SE	ITSxpress	Fungi_k	Fungi_k
dcc55e98f520f9d97db040a6f18089ed	UNITE	Ramularia	Unclassified	k__Fungi; p__Ascomycota; c__Dothideomycetes; o__Mycosphaerellales; f__Mycosphaerellaceae; g__Ramularia; s__Ramularia_g	fig4_q20_SE_itsxpress_unite	ITSxpress	SE	SE	ITSxpress	Ramularia	Unclassified
a8471a97a89292ee71b9e346420d69e1	UNITE	Alternaria	Unclassified	k__Fungi; p__Ascomycota; c__Dothideomycetes; o__Pleosporales; f__Pleosporaceae; g__Alternaria; s__Alternaria_g	fig4_q20_SE_itsxpress_unite	ITSxpress	SE	SE	ITSxpress	Alternaria	Unclassified
ce09f92e8ab71b4062be2fcbf797fc29	UNITE	Leptosillia	Unclassified	k__Fungi; p__Ascomycota; c__Sordariomycetes; o__Xylariales; f__Leptosilliaceae; g__Leptosillia; s__Leptosillia_g	fig4_q20_SE_itsxpress_unite	ITSxpress	SE	SE	ITSxpress	Leptosillia	Unclassified
387de4923eb7c1950b022e185327224b	UNITE	Ascomycota_p	Ascomycota_p	k__Fungi; p__Ascomycota; c__Ascomycota_p; o__Ascomycota_p; f__Ascomycota_p; g__Ascomycota_p; s__Ascomycota_p	fig4_q20_SE_itsxpress_unite	ITSxpress	SE	SE	ITSxpress	Ascomycota_p	Ascomycota_p
36461ec46bb917ed47cd574fbefddef4	UNITE	Neodevriesiaceae_f	Neodevriesiaceae_f	k__Fungi; p__Ascomycota; c__Dothideomycetes; o__Mycosphaerellales; f__Neodevriesiaceae; g__Neodevriesiaceae_f; s__Neodevriesiaceae_f	fig4_q20_SE_itsxpress_unite	ITSxpress	SE	SE	ITSxpress	Neodevriesiaceae_f	Neodevriesiaceae_f
6a0e3aee96bfc2772cd53575935a9820	UNITE	Alternaria	Unclassified	k__Fungi; p__Ascomycota; c__Dothideomycetes; o__Pleosporales; f__Pleosporaceae; g__Alternaria; s__Alternaria_g	fig4_q20_SE_itsxpress_unite	ITSxpress	SE	SE	ITSxpress	Alternaria	Unclassified
b4a8a1f40ecc093214c054a7af48b735	UNITE	Schizophyllum	Schizophyllum_commune	k__Fungi; p__Basidiomycota; c__Agaricomycetes; o__Agaricales; f__Schizophyllaceae; g__Schizophyllum; s__Schizophyllum_commune	fig4_q20_SE_itsxpress_unite	ITSxpress	SE	SE	ITSxpress	Schizophyllum	Schizophyllum_commune
930b8a3cd5c6bff069c9063a99cd4afc	UNITE	Xylodon	Xylodon_flaviporus	k__Fungi; p__Basidiomycota; c__Agaricomycetes; o__Hymenochaetales; f__Schizoporaceae; g__Xylodon; s__Xylodon_flaviporus	fig4_q20_SE_itsxpress_unite	ITSxpress	SE	SE	ITSxpress	Xylodon	Xylodon_flaviporus
8f49b9d94608f4db3a83e066440a1940	UNITE	Cystofilobasidium	Cystofilobasidium_capitatum	k__Fungi; p__Basidiomycota; c__Tremellomycetes; o__Cystofilobasidiales; f__Cystofilobasidiaceae; g__Cystofilobasidium; s__Cystofilobasidium_capitatum	fig4_q20_SE_itsxpress_unite	ITSxpress	SE	SE	ITSxpress	Cystofilobasidium	Cystofilobasidium_capitatum
e2e8f8a61f71f233f0988be837ebde76	UNITE	Schizophyllum	Schizophyllum_commune	k__Fungi; p__Basidiomycota; c__Agaricomycetes; o__Agaricales; f__Schizophyllaceae; g__Schizophyllum; s__Schizophyllum_commune	fig4_q20_SE_itsxpress_unite	ITSxpress	SE	SE	ITSxpress	Schizophyllum	Schizophyllum_commune
5abc90d2b893634cb4e369cb1b289c56	UNITE	Xylodon	Xylodon_exilis	k__Fungi; p__Basidiomycota; c__Agaricomycetes; o__Hymenochaetales; f__Schizoporaceae; g__Xylodon; s__Xylodon_exilis	fig4_q20_SE_itsxpress_unite	ITSxpress	SE	SE	ITSxpress	Xylodon	Xylodon_exilis
97453ab30a3666143045f217f306c8ce	UNITE	Hyphodontia	Hyphodontia_tropica	k__Fungi; p__Basidiomycota; c__Agaricomycetes; o__Hymenochaetales; f__Schizoporaceae; g__Hyphodontia; s__Hyphodontia_tropica	fig4_q20_SE_itsxpress_unite	ITSxpress	SE	SE	ITSxpress	Hyphodontia	Hyphodontia_tropica
9e0921e5bbd7ecf4d47f5134c8ca0d2a	UNITE	Ophiosphaerella	Ophiosphaerella_chiangraiensis	k__Fungi; p__Ascomycota; c__Dothideomycetes; o__Pleosporales; f__Phaeosphaeriaceae; g__Ophiosphaerella; s__Ophiosphaerella_chiangraiensis	fig4_q20_SE_itsxpress_unite	ITSxpress	SE	SE	ITSxpress	Ophiosphaerella	Ophiosphaerella_chiangraiensis
67ac12c36ed74bf4b2ab4e260b63d49b	UNITE	Polyporales_o	Polyporales_o	k__Fungi; p__Basidiomycota; c__Agaricomycetes; o__Polyporales; f__Polyporales_o; g__Polyporales_o; s__Polyporales_o	fig4_q20_SE_itsxpress_unite	ITSxpress	SE	SE	ITSxpress	Polyporales_o	Polyporales_o
9a5e816b64a377469b4612b58111273e	UNITE	Polyporales_o	Polyporales_o	k__Fungi; p__Basidiomycota; c__Agaricomycetes; o__Polyporales; f__Polyporales_o; g__Polyporales_o; s__Polyporales_o	fig4_q20_SE_itsxpress_unite	ITSxpress	SE	SE	ITSxpress	Polyporales_o	Polyporales_o
6f34c4e55147d909ea49aec08ad12131	UNITE	Pluteus	Pluteus_castroae	k__Fungi; p__Basidiomycota; c__Agaricomycetes; o__Agaricales; f__Pluteaceae; g__Pluteus; s__Pluteus_castroae	fig4_q20_SE_itsxpress_unite	ITSxpress	SE	SE	ITSxpress	Pluteus	Pluteus_castroae
6e798e8bc9548a371c93ba316db79db7	UNITE	Schizoporaceae_f	Schizoporaceae_f	k__Fungi; p__Basidiomycota; c__Agaricomycetes; o__Hymenochaetales; f__Schizoporaceae; g__Schizoporaceae_f; s__Schizoporaceae_f	fig4_q20_SE_itsxpress_unite	ITSxpress	SE	SE	ITSxpress	Schizoporaceae_f	Schizoporaceae_f
ade857cfb8ef5522b94a08582fd1f830	UNITE	Candolleomyces	Unclassified	k__Fungi; p__Basidiomycota; c__Agaricomycetes; o__Agaricales; f__Psathyrellaceae; g__Candolleomyces; s__Candolleomyces_g	fig4_q20_SE_itsxpress_unite	ITSxpress	SE	SE	ITSxpress	Candolleomyces	Unclassified
12c2997f0d90a475f5ebdb10a5bc0738	UNITE	Peniophorella	Peniophorella_crystallifera	k__Fungi; p__Basidiomycota; c__Agaricomycetes; o__Hymenochaetales; f__Rickenellaceae; g__Peniophorella; s__Peniophorella_crystallifera	fig4_q20_SE_itsxpress_unite	ITSxpress	SE	SE	ITSxpress	Peniophorella	Peniophorella_crystallifera
d5a162c1881d5469ff29b9b9f460e83b	UNITE	Ascomycota_p	Ascomycota_p	k__Fungi; p__Ascomycota; c__Ascomycota_p; o__Ascomycota_p; f__Ascomycota_p; g__Ascomycota_p; s__Ascomycota_p	fig4_q20_SE_itsxpress_unite	ITSxpress	SE	SE	ITSxpress	Ascomycota_p	Ascomycota_p
c522712a9fcdfa1fb6cfe40fc5b9cd9d	UNITE	Sporobolomyces	Sporobolomyces_ruberrimus	k__Fungi; p__Basidiomycota; c__Microbotryomycetes; o__Sporidiobolales; f__Sporidiobolaceae; g__Sporobolomyces; s__Sporobolomyces_ruberrimus	fig4_q20_SE_itsxpress_unite	ITSxpress	SE	SE	ITSxpress	Sporobolomyces	Sporobolomyces_ruberrimus
1aa1322a555933d26756115adcdd8306	UNITE	Amphisphaeriales_o	Amphisphaeriales_o	k__Fungi; p__Ascomycota; c__Sordariomycetes; o__Amphisphaeriales; f__Amphisphaeriales_o; g__Amphisphaeriales_o; s__Amphisphaeriales_o	fig4_q20_SE_itsxpress_unite	ITSxpress	SE	SE	ITSxpress	Amphisphaeriales_o	Amphisphaeriales_o
83655ec6fed41d9301498ede33f9fe72	UNITE	Stereaceae_f	Stereaceae_f	k__Fungi; p__Basidiomycota; c__Agaricomycetes; o__Russulales; f__Stereaceae; g__Stereaceae_f; s__Stereaceae_f	fig4_q20_SE_itsxpress_unite	ITSxpress	SE	SE	ITSxpress	Stereaceae_f	Stereaceae_f
6a61a350e7bb425e4a7e3b25c45451ba	UNITE	Botryobasidium	Unclassified	k__Fungi; p__Basidiomycota; c__Agaricomycetes; o__Cantharellales; f__Botryobasidiaceae; g__Botryobasidium; s__Botryobasidium_g	fig4_q20_SE_itsxpress_unite	ITSxpress	SE	SE	ITSxpress	Botryobasidium	Unclassified
adddbb74b1a69c541419b3c1ae222b0b	UNITE	Coprinellus	Unclassified	k__Fungi; p__Basidiomycota; c__Agaricomycetes; o__Agaricales; f__Psathyrellaceae; g__Coprinellus; s__Coprinellus_g	fig4_q20_SE_itsxpress_unite	ITSxpress	SE	SE	ITSxpress	Coprinellus	Unclassified
d06ee85ecbb1b97b12f84c0d16ead2e3	UNITE	Botrytis	Botrytis_caroliniana	k__Fungi; p__Ascomycota; c__Leotiomycetes; o__Helotiales; f__Sclerotiniaceae; g__Botrytis; s__Botrytis_caroliniana	fig4_q20_SE_itsxpress_unite	ITSxpress	SE	SE	ITSxpress	Botrytis	Botrytis_caroliniana
d03b42d094fc26abc401a439481e5e12	UNITE	Diatrypaceae_f	Diatrypaceae_f	k__Fungi; p__Ascomycota; c__Sordariomycetes; o__Xylariales; f__Diatrypaceae; g__Diatrypaceae_f; s__Diatrypaceae_f	fig4_q20_SE_itsxpress_unite	ITSxpress	SE	SE	ITSxpress	Diatrypaceae_f	Diatrypaceae_f
ac2a41d13de2fdfe15a3f03b5f738401	UNITE	Trametes	Trametes_pubescens	k__Fungi; p__Basidiomycota; c__Agaricomycetes; o__Polyporales; f__Polyporaceae; g__Trametes; s__Trametes_pubescens	fig4_q20_SE_itsxpress_unite	ITSxpress	SE	SE	ITSxpress	Trametes	Trametes_pubescens
8e0a7cf611e2ea31a051956de91b5e05	UNITE	Mycoaciella	Mycoaciella_efibulata	k__Fungi; p__Basidiomycota; c__Agaricomycetes; o__Polyporales; f__Meruliaceae; g__Mycoaciella; s__Mycoaciella_efibulata	fig4_q20_SE_itsxpress_unite	ITSxpress	SE	SE	ITSxpress	Mycoaciella	Mycoaciella_efibulata
f9f91a446fab387b809e7566d97ae0ea	UNITE	Polyporales_o	Polyporales_o	k__Fungi; p__Basidiomycota; c__Agaricomycetes; o__Polyporales; f__Polyporales_o; g__Polyporales_o; s__Polyporales_o	fig4_q20_SE_itsxpress_unite	ITSxpress	SE	SE	ITSxpress	Polyporales_o	Polyporales_o
66c79def06f0cc568a831f7334ed3eda	UNITE	Coprinopsis	Coprinopsis_urticicola	k__Fungi; p__Basidiomycota; c__Agaricomycetes; o__Agaricales; f__Psathyrellaceae; g__Coprinopsis; s__Coprinopsis_urticicola	fig4_q20_SE_itsxpress_unite	ITSxpress	SE	SE	ITSxpress	Coprinopsis	Coprinopsis_urticicola
4bdd63f3ce013725020177990c0f88b4	UNITE	Candolleomyces	Unclassified	k__Fungi; p__Basidiomycota; c__Agaricomycetes; o__Agaricales; f__Psathyrellaceae; g__Candolleomyces; s__Candolleomyces_g	fig4_q20_SE_itsxpress_unite	ITSxpress	SE	SE	ITSxpress	Candolleomyces	Unclassified
676abaa08ae3e87d0d6ca4eec8171cb4	UNITE	Peniophorella	Peniophorella_pubera	k__Fungi; p__Basidiomycota; c__Agaricomycetes; o__Hymenochaetales; f__Rickenellaceae; g__Peniophorella; s__Peniophorella_pubera	fig4_q20_SE_itsxpress_unite	ITSxpress	SE	SE	ITSxpress	Peniophorella	Peniophorella_pubera
c89bc141df239be15bf707bdd443fa11	UNITE	Dissoconium	Unclassified	k__Fungi; p__Ascomycota; c__Dothideomycetes; o__Mycosphaerellales; f__Dissoconiaceae; g__Dissoconium; s__Dissoconium_g	fig4_q20_SE_itsxpress_unite	ITSxpress	SE	SE	ITSxpress	Dissoconium	Unclassified
78f1ff03d895408d0bbfc76f894befec	UNITE	Parastagonospora	Unclassified	k__Fungi; p__Ascomycota; c__Dothideomycetes; o__Pleosporales; f__Phaeosphaeriaceae; g__Parastagonospora; s__Parastagonospora_g	fig4_q20_SE_itsxpress_unite	ITSxpress	SE	SE	ITSxpress	Parastagonospora	Unclassified
92773ca624ac5e50008077f8db4af76f	UNITE	Sistotremastrum	Unclassified	k__Fungi; p__Basidiomycota; c__Agaricomycetes; o__Trechisporales; f__Hydnodontaceae; g__Sistotremastrum; s__Sistotremastrum_g	fig4_q20_SE_itsxpress_unite	ITSxpress	SE	SE	ITSxpress	Sistotremastrum	Unclassified
f8b9d66d9e1a866ff5a14ad5c8c4991a	UNITE	Polyporales_o	Polyporales_o	k__Fungi; p__Basidiomycota; c__Agaricomycetes; o__Polyporales; f__Polyporales_o; g__Polyporales_o; s__Polyporales_o	fig4_q20_SE_itsxpress_unite	ITSxpress	SE	SE	ITSxpress	Polyporales_o	Polyporales_o
80656d9a953b600388a8d5b3284216b9	UNITE+BLAST	Candida	Candida_albicans	NA	fig4_q20_SE_itsxpress_unite	ITSxpress	SE	SE	ITSxpress	Candida	Candida_albicans
6092927047fe7a692354e4fd7c745e4c	UNITE+BLAST	Cutaneotrichosporon	Cutaneotrichosporon_mucoides	NA	fig4_q20_SE_itsxpress_unite	ITSxpress	SE	SE	ITSxpress	Cutaneotrichosporon	Cutaneotrichosporon_mucoides
d0dd260d0fe8cfb01289969e39422e98	UNITE+BLAST	Cryptococcus	Cryptococcus_neoformans	NA	fig4_q20_SE_itsxpress_unite	ITSxpress	SE	SE	ITSxpress	Cryptococcus	Cryptococcus_neoformans
2d783fc0a24c9350fd6e4c008ade61f1	UNITE+BLAST	Penicillium	Unclassified	NA	fig4_q20_SE_itsxpress_unite	ITSxpress	SE	SE	ITSxpress	Penicillium	Unclassified
83da93600831577d6f76875ba26d9661	UNITE+BLAST	Nakaseomyces	Nakaseomyces_glabratus	NA	fig4_q20_SE_itsxpress_unite	ITSxpress	SE	SE	ITSxpress	Nakaseomyces	Nakaseomyces_glabratus
ec1984762c2def53d14e8559d502eb63	UNITE+BLAST	Saccharomyces	Saccharomyces_cerevisiae	NA	fig4_q20_SE_itsxpress_unite	ITSxpress	SE	SE	ITSxpress	Saccharomyces	Saccharomyces_cerevisiae
e6042d9d33d4676b7a7d6c7d232be5b0	UNITE+BLAST	Aspergillus	Aspergillus_fumigatus	NA	fig4_q20_SE_itsxpress_unite	ITSxpress	SE	SE	ITSxpress	Aspergillus	Aspergillus_fumigatus
0d7f1fa221989e0cc733a52a1d979bfa	UNITE+BLAST	Ascomycota_p	Ascomycota_p	NA	fig4_q20_SE_itsxpress_unite	ITSxpress	SE	SE	ITSxpress	Ascomycota_p	Ascomycota_p
9e9aed34ec9b46ddf8b4be25bd081d10	UNITE+BLAST	Komagataella	Komagataella_phaffii	NA	fig4_q20_SE_itsxpress_unite	ITSxpress	SE	SE	ITSxpress	Komagataella	Komagataella_phaffii
6ad6916c8792e0521d8ebf5ef3aeed16	UNITE+BLAST	Trichophyton	Trichophyton_mentagrophytes	NA	fig4_q20_SE_itsxpress_unite	ITSxpress	SE	SE	ITSxpress	Trichophyton	Trichophyton_mentagrophytes
abc7679572c0b1ba3de8661e079cb062	UNITE+BLAST	Cutaneotrichosporon	Cutaneotrichosporon_debeurmannianum	NA	fig4_q20_SE_itsxpress_unite	ITSxpress	SE	SE	ITSxpress	Cutaneotrichosporon	Cutaneotrichosporon_debeurmannianum
e399dc7c0823811b06f9eea10fa4ea6c	UNITE+BLAST	Cladosporium	Unclassified	NA	fig4_q20_SE_itsxpress_unite	ITSxpress	SE	SE	ITSxpress	Cladosporium	Unclassified
20737c9d81433cafb2c8d460c8527fc2	UNITE+BLAST	Irpex	Irpex_hacksungii	NA	fig4_q20_SE_itsxpress_unite	ITSxpress	SE	SE	ITSxpress	Irpex	Irpex_hacksungii
f0e7a828de05f103e1d9a98f56a3003b	UNITE+BLAST	Pyrenochaeta	Unclassified	NA	fig4_q20_SE_itsxpress_unite	ITSxpress	SE	SE	ITSxpress	Pyrenochaeta	Unclassified
c20373be96723055fe98fb270fa1644f	UNITE+BLAST	Kazachstania	Kazachstania_servazzii	NA	fig4_q20_SE_itsxpress_unite	ITSxpress	SE	SE	ITSxpress	Kazachstania	Kazachstania_servazzii
816f82f1c4b9b20db5c8823dd52cb136	UNITE+BLAST	Irpex	Irpex_laceratus	NA	fig4_q20_SE_itsxpress_unite	ITSxpress	SE	SE	ITSxpress	Irpex	Irpex_laceratus
826fd5dc6426f46bdf51bdc001f5e8f4	UNITE+BLAST	Debaryomyces	Debaryomyces_delbrueckii	NA	fig4_q20_SE_itsxpress_unite	ITSxpress	SE	SE	ITSxpress	Debaryomyces	Debaryomyces_delbrueckii
a96b33c75863bb9141c51c3ee039fe7d	UNITE+BLAST	Cladosporium	Cladosporium_salinae	NA	fig4_q20_SE_itsxpress_unite	ITSxpress	SE	SE	ITSxpress	Cladosporium	Cladosporium_salinae
ed3e9912ffac4094303328fb6a4ea10c	UNITE+BLAST	Fusarium	Fusarium_keratoplasticum	NA	fig4_q20_SE_itsxpress_unite	ITSxpress	SE	SE	ITSxpress	Fusarium	Fusarium_keratoplasticum
c3b3863baf308516d9bae664ff9843c6	UNITE+BLAST	Nigrospora	Unclassified	NA	fig4_q20_SE_itsxpress_unite	ITSxpress	SE	SE	ITSxpress	Nigrospora	Unclassified
950d50b0de25bc9dca465fb972fc90ce	UNITE+BLAST	Peniophoraceae_f	Peniophoraceae_f	NA	fig4_q20_SE_itsxpress_unite	ITSxpress	SE	SE	ITSxpress	Peniophoraceae_f	Peniophoraceae_f
897a37c049e111f2e2792037d2fc6c37	UNITE+BLAST	Irpex	Irpex_laceratus	NA	fig4_q20_SE_itsxpress_unite	ITSxpress	SE	SE	ITSxpress	Irpex	Irpex_laceratus
d5f4d4c61556cd9a88f8e7072585def2	UNITE+BLAST	Epicoccum	Epicoccum_pimprinum	NA	fig4_q20_SE_itsxpress_unite	ITSxpress	SE	SE	ITSxpress	Epicoccum	Epicoccum_pimprinum
b69023c2fa4f941f5e3dd0b8992986a6	UNITE+BLAST	Stereaceae_f	Stereaceae_f	NA	fig4_q20_SE_itsxpress_unite	ITSxpress	SE	SE	ITSxpress	Stereaceae_f	Stereaceae_f
913d6a6c7d51c84d30e4c47c884c6d07	UNITE+BLAST	Ascomycota_p	Ascomycota_p	NA	fig4_q20_SE_itsxpress_unite	ITSxpress	SE	SE	ITSxpress	Ascomycota_p	Ascomycota_p
921f876dd61c8fdd639a56fbb16d7b6c	UNITE+BLAST	Didymellaceae_f	Didymellaceae_f	NA	fig4_q20_SE_itsxpress_unite	ITSxpress	SE	SE	ITSxpress	Didymellaceae_f	Didymellaceae_f
98906e38db8e05a595f3c0efb3021003	UNITE+BLAST	Penicillium	Penicillium_patris-mei	NA	fig4_q20_SE_itsxpress_unite	ITSxpress	SE	SE	ITSxpress	Penicillium	Penicillium_patris-mei
f1c57273935879d23965899d63727f74	UNITE+BLAST	Aspergillus	Aspergillus_ruber	NA	fig4_q20_SE_itsxpress_unite	ITSxpress	SE	SE	ITSxpress	Aspergillus	Aspergillus_ruber
b9c4559032ad8182443254a9dcf649dc	UNITE+BLAST	Saccharomyces	Saccharomyces_cerevisiae	NA	fig4_q20_SE_itsxpress_unite	ITSxpress	SE	SE	ITSxpress	Saccharomyces	Saccharomyces_cerevisiae
b940c7f16e902dd4f7b022ba34403921	UNITE+BLAST	Schizophyllum	Schizophyllum_commune	NA	fig4_q20_SE_itsxpress_unite	ITSxpress	SE	SE	ITSxpress	Schizophyllum	Schizophyllum_commune
ca611572ed9359dd66fcb0cff64534b9	UNITE+BLAST	Bjerkandera	Bjerkandera_adusta	NA	fig4_q20_SE_itsxpress_unite	ITSxpress	SE	SE	ITSxpress	Bjerkandera	Bjerkandera_adusta
31fe6db9ce878dc354cb87b45c498d9e	UNITE+BLAST	Mucor	Mucor_circinelloides	NA	fig4_q20_SE_itsxpress_unite	ITSxpress	SE	SE	ITSxpress	Mucor	Mucor_circinelloides
4404a71ee8b8a868175be7a2bf9a30df	UNITE+BLAST	Bullera	Bullera_alba	NA	fig4_q20_SE_itsxpress_unite	ITSxpress	SE	SE	ITSxpress	Bullera	Bullera_alba
dd71353a2d00bf3451a122a46a5e631e	UNITE+BLAST	Candolleomyces	Candolleomyces_subminutisporus	NA	fig4_q20_SE_itsxpress_unite	ITSxpress	SE	SE	ITSxpress	Candolleomyces	Candolleomyces_subminutisporus
64a421accf97b206b9b5685b98f5362b	UNITE+BLAST	Fungi_k	Fungi_k	NA	fig4_q20_SE_itsxpress_unite	ITSxpress	SE	SE	ITSxpress	Fungi_k	Fungi_k
4fe0a80f8c4b0a6cfc9a15c0926fd3f1	UNITE+BLAST	Ophiognomonia	Unclassified	NA	fig4_q20_SE_itsxpress_unite	ITSxpress	SE	SE	ITSxpress	Ophiognomonia	Unclassified
5db7d119f68cc612f70048a57d68fc13	UNITE+BLAST	Irpex	Irpex_hacksungii	NA	fig4_q20_SE_itsxpress_unite	ITSxpress	SE	SE	ITSxpress	Irpex	Irpex_hacksungii
b046f251007bcf28da1ecc6ab7bdac42	UNITE+BLAST	Fungi_k	Fungi_k	NA	fig4_q20_SE_itsxpress_unite	ITSxpress	SE	SE	ITSxpress	Fungi_k	Fungi_k
05dcbd64ea8517b09449bf3ddd4a83dd	UNITE+BLAST	Udeniomyces	Udeniomyces_pyricola	NA	fig4_q20_SE_itsxpress_unite	ITSxpress	SE	SE	ITSxpress	Udeniomyces	Udeniomyces_pyricola
54c185729a43db8910321baddfea8807	UNITE+BLAST	Peniophoraceae_f	Peniophoraceae_f	NA	fig4_q20_SE_itsxpress_unite	ITSxpress	SE	SE	ITSxpress	Peniophoraceae_f	Peniophoraceae_f
5dc59752d7c7ad5bdc3b142a17e36f9d	UNITE+BLAST	Peniophoraceae_f	Peniophoraceae_f	NA	fig4_q20_SE_itsxpress_unite	ITSxpress	SE	SE	ITSxpress	Peniophoraceae_f	Peniophoraceae_f
b5b9c2526e8ef4a0423d48453db784ce	UNITE+BLAST	Hericiaceae_f	Hericiaceae_f	NA	fig4_q20_SE_itsxpress_unite	ITSxpress	SE	SE	ITSxpress	Hericiaceae_f	Hericiaceae_f
19781955f7dc8059d72ca67fe69742f4	UNITE+BLAST	Trametes	Trametes_pubescens	NA	fig4_q20_SE_itsxpress_unite	ITSxpress	SE	SE	ITSxpress	Trametes	Trametes_pubescens
a9862003c339ee2dd8dbc924014edc86	UNITE+BLAST	Daedaleopsis	Daedaleopsis_confragosa	NA	fig4_q20_SE_itsxpress_unite	ITSxpress	SE	SE	ITSxpress	Daedaleopsis	Daedaleopsis_confragosa
7bcfb3ade16f38b45a1df52d34d64c4e	UNITE+BLAST	Tilletiopsis	Tilletiopsis_washingtonensis	NA	fig4_q20_SE_itsxpress_unite	ITSxpress	SE	SE	ITSxpress	Tilletiopsis	Tilletiopsis_washingtonensis
fa4787cdae91213d04dc949409061c56	UNITE+BLAST	Phanerochaete	Phanerochaete_livescens	NA	fig4_q20_SE_itsxpress_unite	ITSxpress	SE	SE	ITSxpress	Phanerochaete	Phanerochaete_livescens
e8f9c25e55b59219535e215c1b148c4d	UNITE+BLAST	Ascomycota_p	Ascomycota_p	NA	fig4_q20_SE_itsxpress_unite	ITSxpress	SE	SE	ITSxpress	Ascomycota_p	Ascomycota_p
5caba2baca9ecddfad50b0b99c30129a	UNITE+BLAST	Sporobolomyces	Sporobolomyces_phaffii	NA	fig4_q20_SE_itsxpress_unite	ITSxpress	SE	SE	ITSxpress	Sporobolomyces	Sporobolomyces_phaffii
838e5d450e7b14351a28fa2e38461e84	UNITE+BLAST	Hymenochaetopsis	Hymenochaetopsis_yasudae	NA	fig4_q20_SE_itsxpress_unite	ITSxpress	SE	SE	ITSxpress	Hymenochaetopsis	Hymenochaetopsis_yasudae
3ccc75f00bd3d144ceaa0391c4349da4	UNITE+BLAST	Polyporales_o	Polyporales_o	NA	fig4_q20_SE_itsxpress_unite	ITSxpress	SE	SE	ITSxpress	Polyporales_o	Polyporales_o
0fd1d727176f466547928eba1e93d32c	UNITE+BLAST	Malassezia	Malassezia_sympodialis	NA	fig4_q20_SE_itsxpress_unite	ITSxpress	SE	SE	ITSxpress	Malassezia	Malassezia_sympodialis
2f9d7e8bea9501d87407a5e5a59bf89b	UNITE+BLAST	Pleosporales_o	Pleosporales_o	NA	fig4_q20_SE_itsxpress_unite	ITSxpress	SE	SE	ITSxpress	Pleosporales_o	Pleosporales_o
f99cd28f84efab0680f5b5f07811d773	UNITE+BLAST	Crepidotus	Unclassified	NA	fig4_q20_SE_itsxpress_unite	ITSxpress	SE	SE	ITSxpress	Crepidotus	Unclassified
b2769ea727b650b52882aab180cf5d4e	UNITE+BLAST	Sistotremastrum	Sistotremastrum_guttuliferum	NA	fig4_q20_SE_itsxpress_unite	ITSxpress	SE	SE	ITSxpress	Sistotremastrum	Sistotremastrum_guttuliferum
c4882dc60b49c95b93e46ef6e32dfc12	UNITE+BLAST	Pleosporales_o	Pleosporales_o	NA	fig4_q20_SE_itsxpress_unite	ITSxpress	SE	SE	ITSxpress	Pleosporales_o	Pleosporales_o
0191681120840e940a5629f6f9c23e63	UNITE+BLAST	Ceratobasidiaceae_f	Ceratobasidiaceae_f	NA	fig4_q20_SE_itsxpress_unite	ITSxpress	SE	SE	ITSxpress	Ceratobasidiaceae_f	Ceratobasidiaceae_f
2a03599d48e1a5883a372e8a8261d445	UNITE+BLAST	Paragibellulopsis	Paragibellulopsis_chrysanthemi	NA	fig4_q20_SE_itsxpress_unite	ITSxpress	SE	SE	ITSxpress	Paragibellulopsis	Paragibellulopsis_chrysanthemi
c3017cee759791c63e9536350bd70e59	UNITE+BLAST	Irpex	Irpex_hacksungii	NA	fig4_q20_SE_itsxpress_unite	ITSxpress	SE	SE	ITSxpress	Irpex	Irpex_hacksungii
8424931b6de8bfc1cc5bc36b87754fe9	UNITE+BLAST	Cystobasidium	Cystobasidium_slooffiae	NA	fig4_q20_SE_itsxpress_unite	ITSxpress	SE	SE	ITSxpress	Cystobasidium	Cystobasidium_slooffiae
3b4804e27a65e63fcb5e309dd023eb58	UNITE+BLAST	Phlebiopsis	Unclassified	NA	fig4_q20_SE_itsxpress_unite	ITSxpress	SE	SE	ITSxpress	Phlebiopsis	Unclassified
69d7a7d7c05039ce3b5be70ffacc089f	UNITE+BLAST	Biscogniauxia	Biscogniauxia_atropunctata	NA	fig4_q20_SE_itsxpress_unite	ITSxpress	SE	SE	ITSxpress	Biscogniauxia	Biscogniauxia_atropunctata
ef7cf9848db5544fe03fb7d411336533	UNITE+BLAST	Candida	Candida_dubliniensis	NA	fig4_q20_SE_itsxpress_unite	ITSxpress	SE	SE	ITSxpress	Candida	Candida_dubliniensis
2e73001a9be64e290563c8eec53be808	UNITE+BLAST	Mucor	Mucor_nidicola	NA	fig4_q20_SE_itsxpress_unite	ITSxpress	SE	SE	ITSxpress	Mucor	Mucor_nidicola
5c3158d98ae7185c37026511e5dbdb2c	UNITE+BLAST	Penicillium	Penicillium_sclerotiorum	NA	fig4_q20_SE_itsxpress_unite	ITSxpress	SE	SE	ITSxpress	Penicillium	Penicillium_sclerotiorum
f9f6a23a053f51e186449e05d98261ce	UNITE+BLAST	Steccherinum	Steccherinum_tenuissimum	NA	fig4_q20_SE_itsxpress_unite	ITSxpress	SE	SE	ITSxpress	Steccherinum	Steccherinum_tenuissimum
dd8e55d527cabd71ce88988dc06eb8aa	UNITE+BLAST	Xylodon	Xylodon_flaviporus	NA	fig4_q20_SE_itsxpress_unite	ITSxpress	SE	SE	ITSxpress	Xylodon	Xylodon_flaviporus
508bc8790f22bd6e6e7d77dbf30759fa	UNITE+BLAST	Cryptococcus	Cryptococcus_neoformans	NA	fig4_q20_SE_itsxpress_unite	ITSxpress	SE	SE	ITSxpress	Cryptococcus	Cryptococcus_neoformans
2b3947738a14174fa55da284e5156ce1	UNITE+BLAST	Atheliales_o	Atheliales_o	NA	fig4_q20_SE_itsxpress_unite	ITSxpress	SE	SE	ITSxpress	Atheliales_o	Atheliales_o
8030ebf24e656af8149aa73dc4f958ea	UNITE+BLAST	Peniophoraceae_f	Peniophoraceae_f	NA	fig4_q20_SE_itsxpress_unite	ITSxpress	SE	SE	ITSxpress	Peniophoraceae_f	Peniophoraceae_f
ab0d77b1519583edbf1bed05b8691759	UNITE+BLAST	Ceriporia	Ceriporia_nanlingensis	NA	fig4_q20_SE_itsxpress_unite	ITSxpress	SE	SE	ITSxpress	Ceriporia	Ceriporia_nanlingensis
22a3bd58cea56c64d6c04ce292d4536f	UNITE+BLAST	Sporobolomyces	Sporobolomyces_carnicolor	NA	fig4_q20_SE_itsxpress_unite	ITSxpress	SE	SE	ITSxpress	Sporobolomyces	Sporobolomyces_carnicolor
22e6624e26f54bfb3113b73634ac85ed	UNITE+BLAST	Trametes	Trametes_hirsuta	NA	fig4_q20_SE_itsxpress_unite	ITSxpress	SE	SE	ITSxpress	Trametes	Trametes_hirsuta
06a0c0a16a03d41b0e21de876ccd4a1a	UNITE+BLAST	Fuscoporia	Fuscoporia_karsteniana	NA	fig4_q20_SE_itsxpress_unite	ITSxpress	SE	SE	ITSxpress	Fuscoporia	Fuscoporia_karsteniana
2502cb3a6108ac2eaa7d36cba4a08694	UNITE+BLAST	Sarocladium	Sarocladium_zeae	NA	fig4_q20_SE_itsxpress_unite	ITSxpress	SE	SE	ITSxpress	Sarocladium	Sarocladium_zeae
bdd1298dc4d310e6e8843d32e7d3ccf2	UNITE+BLAST	Irpex	Irpex_hacksungii	NA	fig4_q20_SE_itsxpress_unite	ITSxpress	SE	SE	ITSxpress	Irpex	Irpex_hacksungii
44a05b01f5f5bea58a5e3a13e14d59fc	UNITE+BLAST	Penicillium	Penicillium_citrinum	NA	fig4_q20_SE_itsxpress_unite	ITSxpress	SE	SE	ITSxpress	Penicillium	Penicillium_citrinum
668fa3bfa87c1f99cd925cf397f33b9d	UNITE+BLAST	Coprinopsis	Unclassified	NA	fig4_q20_SE_itsxpress_unite	ITSxpress	SE	SE	ITSxpress	Coprinopsis	Unclassified
78385d9163bb208f3ee331d773e29f47	UNITE+BLAST	Absidia	Unclassified	NA	fig4_q20_SE_itsxpress_unite	ITSxpress	SE	SE	ITSxpress	Absidia	Unclassified
98668f2433cc3fdfcf3c34e11d1ba521	UNITE+BLAST	Helotiales_o	Helotiales_o	NA	fig4_q20_SE_itsxpress_unite	ITSxpress	SE	SE	ITSxpress	Helotiales_o	Helotiales_o
91ed5a72b201f13a385a89abeee5e191	UNITE+BLAST	Talaromyces	Talaromyces_tumuli	NA	fig4_q20_SE_itsxpress_unite	ITSxpress	SE	SE	ITSxpress	Talaromyces	Talaromyces_tumuli
54f44042aa65835826eb2207758c96d9	UNITE+BLAST	Penicillium	Penicillium_sumatraense	NA	fig4_q20_SE_itsxpress_unite	ITSxpress	SE	SE	ITSxpress	Penicillium	Penicillium_sumatraense
e7ddd2dd4f8b00848ef50ae6da6bf400	UNITE+BLAST	Ascomycota_p	Ascomycota_p	NA	fig4_q20_SE_itsxpress_unite	ITSxpress	SE	SE	ITSxpress	Ascomycota_p	Ascomycota_p
c67a5fd1ce96bcf6942bea2f1111936a	UNITE+BLAST	Ceriporia	Ceriporia_nanlingensis	NA	fig4_q20_SE_itsxpress_unite	ITSxpress	SE	SE	ITSxpress	Ceriporia	Ceriporia_nanlingensis
416459bd47d3ee053c27c919d17b7758	UNITE+BLAST	Peniophoraceae_f	Peniophoraceae_f	NA	fig4_q20_SE_itsxpress_unite	ITSxpress	SE	SE	ITSxpress	Peniophoraceae_f	Peniophoraceae_f
05d6255f92dbd4b2b793b809c524de21	UNITE+BLAST	Suillus	Unclassified	NA	fig4_q20_SE_itsxpress_unite	ITSxpress	SE	SE	ITSxpress	Suillus	Unclassified
90a30f03ca37989d3320d5abf225636d	UNITE+BLAST	Aureobasidium	Aureobasidium_pullulans	NA	fig4_q20_SE_itsxpress_unite	ITSxpress	SE	SE	ITSxpress	Aureobasidium	Aureobasidium_pullulans
b930655cdbda2d0f0758d5276c15600d	UNITE+BLAST	Aspergillus	Aspergillus_neotritici	NA	fig4_q20_SE_itsxpress_unite	ITSxpress	SE	SE	ITSxpress	Aspergillus	Aspergillus_neotritici
a0ccfed95b0637c91f74ee17fd6e7627	UNITE+BLAST	Xeromyces	Xeromyces_bisporus	NA	fig4_q20_SE_itsxpress_unite	ITSxpress	SE	SE	ITSxpress	Xeromyces	Xeromyces_bisporus
461408f78553b3df306b093f8114a076	UNITE+BLAST	Mucor	Mucor_circinelloides	NA	fig4_q20_SE_itsxpress_unite	ITSxpress	SE	SE	ITSxpress	Mucor	Mucor_circinelloides
e76ba80fe55d469a2f7883dffea1e3a2	UNITE+BLAST	Ascomycota_p	Ascomycota_p	NA	fig4_q20_SE_itsxpress_unite	ITSxpress	SE	SE	ITSxpress	Ascomycota_p	Ascomycota_p
6143c50035fe5fc5272475693b56bdf1	UNITE+BLAST	Fungi_k	Fungi_k	NA	fig4_q20_SE_itsxpress_unite	ITSxpress	SE	SE	ITSxpress	Fungi_k	Fungi_k
a52cdca0457164d0daa612a0ea60543e	UNITE+BLAST	Hydnaceae_f	Hydnaceae_f	NA	fig4_q20_SE_itsxpress_unite	ITSxpress	SE	SE	ITSxpress	Hydnaceae_f	Hydnaceae_f
3aff115ea9dc889997fec9ab39973349	UNITE+BLAST	Fungi_k	Fungi_k	NA	fig4_q20_SE_itsxpress_unite	ITSxpress	SE	SE	ITSxpress	Fungi_k	Fungi_k
c3f0dd8fd4b6dd5006fabc5bcc3a6487	UNITE+BLAST	Candolleomyces	Unclassified	NA	fig4_q20_SE_itsxpress_unite	ITSxpress	SE	SE	ITSxpress	Candolleomyces	Unclassified
97303e95cef301f28e3f0435d2289866	UNITE+BLAST	Ascomycota_p	Ascomycota_p	NA	fig4_q20_SE_itsxpress_unite	ITSxpress	SE	SE	ITSxpress	Ascomycota_p	Ascomycota_p
0b16710fc341de52d3db3a987523142b	UNITE+BLAST	Penicillium	Penicillium_sumatraense	NA	fig4_q20_SE_itsxpress_unite	ITSxpress	SE	SE	ITSxpress	Penicillium	Penicillium_sumatraense
42d420e7d403c74c113556d3aa5f7d95	UNITE+BLAST	Rhodotorula	Rhodotorula_mucilaginosa	NA	fig4_q20_SE_itsxpress_unite	ITSxpress	SE	SE	ITSxpress	Rhodotorula	Rhodotorula_mucilaginosa
88bfe70998cfd35a12a909620792688a	UNITE+BLAST	Ascomycota_p	Ascomycota_p	NA	fig4_q20_SE_itsxpress_unite	ITSxpress	SE	SE	ITSxpress	Ascomycota_p	Ascomycota_p
8a99e0cf4cc750c183d0799756d96ad0	UNITE+BLAST	Kazachstania	Kazachstania_servazzii	NA	fig4_q20_SE_itsxpress_unite	ITSxpress	SE	SE	ITSxpress	Kazachstania	Kazachstania_servazzii
1b3753029acde9bf8c79555f4589fcb0	UNITE+BLAST	Helotiales_o	Helotiales_o	NA	fig4_q20_SE_itsxpress_unite	ITSxpress	SE	SE	ITSxpress	Helotiales_o	Helotiales_o
d41474f8e49115abf6f296e3fee6b8b1	UNITE+BLAST	Aspergillus	Unclassified	NA	fig4_q20_SE_itsxpress_unite	ITSxpress	SE	SE	ITSxpress	Aspergillus	Unclassified
12da108a541069a69ac639ae2edcd700	UNITE+BLAST	Candida	Candida_albicans	NA	fig4_q20_SE_itsxpress_unite	ITSxpress	SE	SE	ITSxpress	Candida	Candida_albicans
287262dba4d69007a0d2f229a8d6e234	UNITE+BLAST	Fungi_k	Fungi_k	NA	fig4_q20_SE_itsxpress_unite	ITSxpress	SE	SE	ITSxpress	Fungi_k	Fungi_k
99db2e59f1430fe920de9f1dfaf6827b	UNITE+BLAST	Trechispora	Unclassified	NA	fig4_q20_SE_itsxpress_unite	ITSxpress	SE	SE	ITSxpress	Trechispora	Unclassified
cadc4e9f5f1990bd77f040b0e7bc7ebd	UNITE+BLAST	Fungi_k	Fungi_k	NA	fig4_q20_SE_itsxpress_unite	ITSxpress	SE	SE	ITSxpress	Fungi_k	Fungi_k
467a1a0fe603e21da0ad3925a4a2040e	UNITE+BLAST	Ascomycota_p	Ascomycota_p	NA	fig4_q20_SE_itsxpress_unite	ITSxpress	SE	SE	ITSxpress	Ascomycota_p	Ascomycota_p
1a947799bb1e2fa52ae4560b796f282e	UNITE+BLAST	Nakaseomyces	Nakaseomyces_glabratus	NA	fig4_q20_SE_itsxpress_unite	ITSxpress	SE	SE	ITSxpress	Nakaseomyces	Nakaseomyces_glabratus
d05459c8d61194d8dcde4757fe7ae0fb	UNITE+BLAST	Candida	Candida_albicans	NA	fig4_q20_SE_itsxpress_unite	ITSxpress	SE	SE	ITSxpress	Candida	Candida_albicans
b228b4d00e715499fdce32e16b3f5a74	UNITE+BLAST	Irpex	Irpex_hacksungii	NA	fig4_q20_SE_itsxpress_unite	ITSxpress	SE	SE	ITSxpress	Irpex	Irpex_hacksungii
1a3a25327947f82ebb909ce5f5832571	UNITE+BLAST	Debaryomyces	Debaryomyces_delbrueckii	NA	fig4_q20_SE_itsxpress_unite	ITSxpress	SE	SE	ITSxpress	Debaryomyces	Debaryomyces_delbrueckii
4633194a0263db268947d953c3df2544	UNITE+BLAST	Cryptococcus	Cryptococcus_neoformans	NA	fig4_q20_SE_itsxpress_unite	ITSxpress	SE	SE	ITSxpress	Cryptococcus	Cryptococcus_neoformans
6bc0377ff54d84a0270fdb17ac5ddf05	UNITE+BLAST	Malassezia	Malassezia_globosa	NA	fig4_q20_SE_itsxpress_unite	ITSxpress	SE	SE	ITSxpress	Malassezia	Malassezia_globosa
bf5afd9666ef3dc3c2c777c514786f97	UNITE+BLAST	Pichia	Pichia_kudriavzevii	NA	fig4_q20_SE_itsxpress_unite	ITSxpress	SE	SE	ITSxpress	Pichia	Pichia_kudriavzevii
7bae5c3eda249b5e319a1c10b526375b	UNITE+BLAST	Penicillium	Unclassified	NA	fig4_q20_SE_itsxpress_unite	ITSxpress	SE	SE	ITSxpress	Penicillium	Unclassified
d97e529002843bf4f22d9f84f696902d	UNITE+BLAST	Cutaneotrichosporon	Cutaneotrichosporon_mucoides	NA	fig4_q20_SE_itsxpress_unite	ITSxpress	SE	SE	ITSxpress	Cutaneotrichosporon	Cutaneotrichosporon_mucoides
0adfbaa4d24ec21c5bd7da91cc36bf83	UNITE+BLAST	Fungi_k	Fungi_k	NA	fig4_q20_SE_itsxpress_unite	ITSxpress	SE	SE	ITSxpress	Fungi_k	Fungi_k
5c36e4197af8694525d815e3fcfb8e1b	UNITE+BLAST	Cutaneotrichosporon	Cutaneotrichosporon_mucoides	NA	fig4_q20_SE_itsxpress_unite	ITSxpress	SE	SE	ITSxpress	Cutaneotrichosporon	Cutaneotrichosporon_mucoides
57dff5e5f62d238d6f055b37452ac823	UNITE+BLAST	Saccharomyces	Saccharomyces_cerevisiae	NA	fig4_q20_SE_itsxpress_unite	ITSxpress	SE	SE	ITSxpress	Saccharomyces	Saccharomyces_cerevisiae
ef5b732f4220ffb4068dfff3f4590237	UNITE+BLAST	Leucosporidium	Leucosporidium_intermedium	NA	fig4_q20_SE_itsxpress_unite	ITSxpress	SE	SE	ITSxpress	Leucosporidium	Leucosporidium_intermedium
aa52e53101323b1d05f8c4c6834dd1e2	UNITE+BLAST	Fusarium	Fusarium_oxysporum	NA	fig4_q20_SE_itsxpress_unite	ITSxpress	SE	SE	ITSxpress	Fusarium	Fusarium_oxysporum
0fdc8bc75eb918dcdf72a96e854a694e	UNITE+BLAST	Trechispora	Unclassified	NA	fig4_q20_SE_itsxpress_unite	ITSxpress	SE	SE	ITSxpress	Trechispora	Unclassified
64ff5d05e3dad56364385a586b8236d4	UNITE+BLAST	Pichia	Pichia_kudriavzevii	NA	fig4_q20_SE_itsxpress_unite	ITSxpress	SE	SE	ITSxpress	Pichia	Pichia_kudriavzevii
2ce0943ee52455e0ef499cf2ef2d4e04	UNITE+BLAST	Ascomycota_p	Ascomycota_p	NA	fig4_q20_SE_itsxpress_unite	ITSxpress	SE	SE	ITSxpress	Ascomycota_p	Ascomycota_p
3c251e4ab957b4744ba14e78227fd569	UNITE+BLAST	Ascomycota_p	Ascomycota_p	NA	fig4_q20_SE_itsxpress_unite	ITSxpress	SE	SE	ITSxpress	Ascomycota_p	Ascomycota_p
0f501f42f168efedff8209067a2ccc06	UNITE+BLAST	Phlebia	Phlebia_acerina	NA	fig4_q20_SE_itsxpress_unite	ITSxpress	SE	SE	ITSxpress	Phlebia	Phlebia_acerina
e1824953c4f6846e8527e3e52997573d	UNITE+BLAST	Stereaceae_f	Stereaceae_f	NA	fig4_q20_SE_itsxpress_unite	ITSxpress	SE	SE	ITSxpress	Stereaceae_f	Stereaceae_f
29672ac01b5c6750735fed1907ddd347	UNITE+BLAST	Hannaella	Hannaella_oryzae	NA	fig4_q20_SE_itsxpress_unite	ITSxpress	SE	SE	ITSxpress	Hannaella	Hannaella_oryzae
12ae8aec67f6e9580e434bbd62c83dcd	UNITE+BLAST	Helotiales_o	Helotiales_o	NA	fig4_q20_SE_itsxpress_unite	ITSxpress	SE	SE	ITSxpress	Helotiales_o	Helotiales_o
efd82533963fb288f116c97705e40ede	UNITE+BLAST	Phlebia	Unclassified	NA	fig4_q20_SE_itsxpress_unite	ITSxpress	SE	SE	ITSxpress	Phlebia	Unclassified
d6e7806fe6c49f4c960a7210ce8b929b	UNITE+BLAST	Phaeosphaeriaceae_f	Phaeosphaeriaceae_f	NA	fig4_q20_SE_itsxpress_unite	ITSxpress	SE	SE	ITSxpress	Phaeosphaeriaceae_f	Phaeosphaeriaceae_f
f92a6f85062448c90ca17f26c5777cb0	UNITE+BLAST	Basidiomycota_p	Basidiomycota_p	NA	fig4_q20_SE_itsxpress_unite	ITSxpress	SE	SE	ITSxpress	Basidiomycota_p	Basidiomycota_p
1f2562bcd89888cd5dc1ecfc90af6ca5	UNITE+BLAST	Paraphoma	Paraphoma_chrysanthemicola	NA	fig4_q20_SE_itsxpress_unite	ITSxpress	SE	SE	ITSxpress	Paraphoma	Paraphoma_chrysanthemicola
cdd244abd5bf539f9d30cb7b2907eaa7	UNITE+BLAST	Pleosporales_o	Pleosporales_o	NA	fig4_q20_SE_itsxpress_unite	ITSxpress	SE	SE	ITSxpress	Pleosporales_o	Pleosporales_o
7786a01bd4219ab71a63750426db7244	UNITE+BLAST	Irpex	Irpex_hacksungii	NA	fig4_q20_SE_itsxpress_unite	ITSxpress	SE	SE	ITSxpress	Irpex	Irpex_hacksungii
60c4503cc5091926c0fe5039f5800884	UNITE+BLAST	Paraphoma	Paraphoma_pye	NA	fig4_q20_SE_itsxpress_unite	ITSxpress	SE	SE	ITSxpress	Paraphoma	Paraphoma_pye
ede209db473731ebfe17f1dbf1c88156	UNITE+BLAST	Coniothyrium	Coniothyrium_sidae	NA	fig4_q20_SE_itsxpress_unite	ITSxpress	SE	SE	ITSxpress	Coniothyrium	Coniothyrium_sidae
56bd90154fccd93f3ae9a9c168a3d352	UNITE+BLAST	Pluteus	Unclassified	NA	fig4_q20_SE_itsxpress_unite	ITSxpress	SE	SE	ITSxpress	Pluteus	Unclassified
61352d1986de0e531503621118f45b90	UNITE+BLAST	Hymenochaete	Hymenochaete_odontoides	NA	fig4_q20_SE_itsxpress_unite	ITSxpress	SE	SE	ITSxpress	Hymenochaete	Hymenochaete_odontoides
c5fc3fd35912da93c85f5c96bd65b76d	UNITE+BLAST	Pleosporales_o	Pleosporales_o	NA	fig4_q20_SE_itsxpress_unite	ITSxpress	SE	SE	ITSxpress	Pleosporales_o	Pleosporales_o
a5a3ef9cd6b81c4902db04c8fbf42ada	UNITE+BLAST	Peniophoraceae_f	Peniophoraceae_f	NA	fig4_q20_SE_itsxpress_unite	ITSxpress	SE	SE	ITSxpress	Peniophoraceae_f	Peniophoraceae_f
61126afa4733fbaeff0e31a74c4e98ba	UNITE+BLAST	Ascomycota_p	Ascomycota_p	NA	fig4_q20_SE_itsxpress_unite	ITSxpress	SE	SE	ITSxpress	Ascomycota_p	Ascomycota_p
b9971e7ed6a896d4364494eb339d9aab	UNITE+BLAST	Exidia	Exidia_uvapassa	NA	fig4_q20_SE_itsxpress_unite	ITSxpress	SE	SE	ITSxpress	Exidia	Exidia_uvapassa
1b0e91eb4d0ab35ac3472b26d4207b8d	UNITE+BLAST	Peniophoraceae_f	Peniophoraceae_f	NA	fig4_q20_SE_itsxpress_unite	ITSxpress	SE	SE	ITSxpress	Peniophoraceae_f	Peniophoraceae_f
04a58f1fa63710803570b8b5e2d3733e	UNITE+BLAST	Periconia	Periconia_celtidis	NA	fig4_q20_SE_itsxpress_unite	ITSxpress	SE	SE	ITSxpress	Periconia	Periconia_celtidis
bc735706b2cac9f5c1211164aed408a6	UNITE+BLAST	Basidiomycota_p	Basidiomycota_p	NA	fig4_q20_SE_itsxpress_unite	ITSxpress	SE	SE	ITSxpress	Basidiomycota_p	Basidiomycota_p
8e25974e8e7a661b1c1d180b4101cfce	UNITE+BLAST	Peniophoraceae_f	Peniophoraceae_f	NA	fig4_q20_SE_itsxpress_unite	ITSxpress	SE	SE	ITSxpress	Peniophoraceae_f	Peniophoraceae_f
061f5ddd4c902be6adec1f0e62e8f2f4	UNITE+BLAST	Hyphodontia	Hyphodontia_tropica	NA	fig4_q20_SE_itsxpress_unite	ITSxpress	SE	SE	ITSxpress	Hyphodontia	Hyphodontia_tropica
cb2c0e20773df56a36e2a0f9eabe0e2d	UNITE+BLAST	Thelebolus	Unclassified	NA	fig4_q20_SE_itsxpress_unite	ITSxpress	SE	SE	ITSxpress	Thelebolus	Unclassified
9b348dda321c3c7240c36962ca827b97	UNITE+BLAST	Fungi_k	Fungi_k	NA	fig4_q20_SE_itsxpress_unite	ITSxpress	SE	SE	ITSxpress	Fungi_k	Fungi_k
44f90264df134259ebc0896303d9a493	UNITE+BLAST	Neosetophoma	Neosetophoma_guiyangensis	NA	fig4_q20_SE_itsxpress_unite	ITSxpress	SE	SE	ITSxpress	Neosetophoma	Neosetophoma_guiyangensis
ac5f58eb564aba9ebbf608a7c30f3ee1	UNITE+BLAST	Phanerochaete	Unclassified	NA	fig4_q20_SE_itsxpress_unite	ITSxpress	SE	SE	ITSxpress	Phanerochaete	Unclassified
29ef50e61eafd8ec49fa6292da0e3dca	UNITE+BLAST	Mycoaciella	Mycoaciella_efibulata	NA	fig4_q20_SE_itsxpress_unite	ITSxpress	SE	SE	ITSxpress	Mycoaciella	Mycoaciella_efibulata
e41e471e043e714cdac6ad0eecc8cdf5	UNITE+BLAST	Agaricales_o	Agaricales_o	NA	fig4_q20_SE_itsxpress_unite	ITSxpress	SE	SE	ITSxpress	Agaricales_o	Agaricales_o
a6f2328646e39b677ef9b36fb9d0fe1f	UNITE+BLAST	Sistotrema	Sistotrema_brinkmannii	NA	fig4_q20_SE_itsxpress_unite	ITSxpress	SE	SE	ITSxpress	Sistotrema	Sistotrema_brinkmannii
e52555860813ba428db5125f3f1bcfc3	UNITE+BLAST	Trametes	Trametes_hirsuta	NA	fig4_q20_SE_itsxpress_unite	ITSxpress	SE	SE	ITSxpress	Trametes	Trametes_hirsuta
040c1e07de80d76e56f1d8b0b573ca34	UNITE+BLAST	Leptospora	Unclassified	NA	fig4_q20_SE_itsxpress_unite	ITSxpress	SE	SE	ITSxpress	Leptospora	Unclassified
1dca3eeb6a114d7c75d945b4c787c3c6	UNITE+BLAST	Butyrea	Butyrea_japonica	NA	fig4_q20_SE_itsxpress_unite	ITSxpress	SE	SE	ITSxpress	Butyrea	Butyrea_japonica
2cf4c915f873b95edee25be8e58fb36c	UNITE+BLAST	Scopuloides	Unclassified	NA	fig4_q20_SE_itsxpress_unite	ITSxpress	SE	SE	ITSxpress	Scopuloides	Unclassified
8f430b4358071fffd96016bca9f08ac0	UNITE+BLAST	Trametes	Trametes_hirsuta	NA	fig4_q20_SE_itsxpress_unite	ITSxpress	SE	SE	ITSxpress	Trametes	Trametes_hirsuta
0f8830963d0007509b4256e7708c4537	UNITE+BLAST	Fungi_k	Fungi_k	NA	fig4_q20_SE_itsxpress_unite	ITSxpress	SE	SE	ITSxpress	Fungi_k	Fungi_k
f2303e6f6a3249de1bbcb777452ec808	UNITE+BLAST	Trametes	Trametes_versicolor	NA	fig4_q20_SE_itsxpress_unite	ITSxpress	SE	SE	ITSxpress	Trametes	Trametes_versicolor
3f44577f73ab9162efce5c7fb027b424	UNITE+BLAST	Mycoaciella	Mycoaciella_efibulata	NA	fig4_q20_SE_itsxpress_unite	ITSxpress	SE	SE	ITSxpress	Mycoaciella	Mycoaciella_efibulata
79267446d41d9eede7d4641c3f59b86e	UNITE+BLAST	Pleurotus	Pleurotus_ostreatus	NA	fig4_q20_SE_itsxpress_unite	ITSxpress	SE	SE	ITSxpress	Pleurotus	Pleurotus_ostreatus
7427e344a3b803c9806e8626c0012ce9	UNITE+BLAST	Phlebia	Phlebia_acanthocystis	NA	fig4_q20_SE_itsxpress_unite	ITSxpress	SE	SE	ITSxpress	Phlebia	Phlebia_acanthocystis
e696a65744372846e5a5ad7901af11d5	UNITE+BLAST	Fungi_k	Fungi_k	NA	fig4_q20_SE_itsxpress_unite	ITSxpress	SE	SE	ITSxpress	Fungi_k	Fungi_k
5bca0c643641a8a1dc9257cb476a4350	UNITE+BLAST	Hericiaceae_f	Hericiaceae_f	NA	fig4_q20_SE_itsxpress_unite	ITSxpress	SE	SE	ITSxpress	Hericiaceae_f	Hericiaceae_f
026c5263ced8f41669b14f7ee3ab05a6	UNITE+BLAST	Ophiosphaerella	Ophiosphaerella_chiangraiensis	NA	fig4_q20_SE_itsxpress_unite	ITSxpress	SE	SE	ITSxpress	Ophiosphaerella	Ophiosphaerella_chiangraiensis
ef4979826d864561698d80e1ef8e1f26	UNITE+BLAST	Phanerochaete	Phanerochaete_cumulodentata	NA	fig4_q20_SE_itsxpress_unite	ITSxpress	SE	SE	ITSxpress	Phanerochaete	Phanerochaete_cumulodentata
16abe59764bca0b5a4207799f0194527	UNITE+BLAST	Trechisporales_o	Trechisporales_o	NA	fig4_q20_SE_itsxpress_unite	ITSxpress	SE	SE	ITSxpress	Trechisporales_o	Trechisporales_o
68dabd57307987843582c72e68a2476d	UNITE+BLAST	Mycoaciella	Mycoaciella_efibulata	NA	fig4_q20_SE_itsxpress_unite	ITSxpress	SE	SE	ITSxpress	Mycoaciella	Mycoaciella_efibulata
442ab96d28f454ce78c630de3babe890	UNITE+BLAST	Peniophoraceae_f	Peniophoraceae_f	NA	fig4_q20_SE_itsxpress_unite	ITSxpress	SE	SE	ITSxpress	Peniophoraceae_f	Peniophoraceae_f
5cf59bf73d9d0377920b66b458d34daa	UNITE+BLAST	Stereaceae_f	Stereaceae_f	NA	fig4_q20_SE_itsxpress_unite	ITSxpress	SE	SE	ITSxpress	Stereaceae_f	Stereaceae_f
56dd3123fef44895b66ffa154dcef3fd	UNITE+BLAST	Hyphoderma	Hyphoderma_setigerum	NA	fig4_q20_SE_itsxpress_unite	ITSxpress	SE	SE	ITSxpress	Hyphoderma	Hyphoderma_setigerum
b824e4d927813dd5b4c64fa745487857	UNITE+BLAST	Polyporales_o	Polyporales_o	NA	fig4_q20_SE_itsxpress_unite	ITSxpress	SE	SE	ITSxpress	Polyporales_o	Polyporales_o
6a6ced4c67f0e53846c66a3878c89679	UNITE+BLAST	Peniophoraceae_f	Peniophoraceae_f	NA	fig4_q20_SE_itsxpress_unite	ITSxpress	SE	SE	ITSxpress	Peniophoraceae_f	Peniophoraceae_f
70025ad4639606e16dea1984c10d1e5f	UNITE+BLAST	Clitopilus	Clitopilus_baronii	NA	fig4_q20_SE_itsxpress_unite	ITSxpress	SE	SE	ITSxpress	Clitopilus	Clitopilus_baronii
7b0c2826eb7474c7abe104a585597010	UNITE+BLAST	Ophiognomonia	Unclassified	NA	fig4_q20_SE_itsxpress_unite	ITSxpress	SE	SE	ITSxpress	Ophiognomonia	Unclassified
168e27f59b5437d613141aaa2f916072	UNITE+BLAST	Dipodascaceae_f	Dipodascaceae_f	NA	fig4_q20_SE_itsxpress_unite	ITSxpress	SE	SE	ITSxpress	Dipodascaceae_f	Dipodascaceae_f
ed1c2120a1da64cd9a0b5ea27488f1cd	UNITE+BLAST	Paraphoma	Paraphoma_pye	NA	fig4_q20_SE_itsxpress_unite	ITSxpress	SE	SE	ITSxpress	Paraphoma	Paraphoma_pye
99e63fe25fa4ee8bc4e2a4bcd0ad77fa	UNITE+BLAST	Ceratobasidium	Unclassified	NA	fig4_q20_SE_itsxpress_unite	ITSxpress	SE	SE	ITSxpress	Ceratobasidium	Unclassified
98931596f0356707dc1093ebb37e9669	UNITE+BLAST	Phlebiopsis	Phlebiopsis_gigantea	NA	fig4_q20_SE_itsxpress_unite	ITSxpress	SE	SE	ITSxpress	Phlebiopsis	Phlebiopsis_gigantea
3b1e3bee5d6ff21b4b0c0f956304b8d6	UNITE+BLAST	Xylodon	Xylodon_flaviporus	NA	fig4_q20_SE_itsxpress_unite	ITSxpress	SE	SE	ITSxpress	Xylodon	Xylodon_flaviporus
4a9eebc6771e1b0950879ee3dd5c5c70	UNITE+BLAST	Aureobasidium	Aureobasidium_pullulans	NA	fig4_q20_SE_itsxpress_unite	ITSxpress	SE	SE	ITSxpress	Aureobasidium	Aureobasidium_pullulans
5ff4ba68c58f439132951ac2836f4148	UNITE+BLAST	Fungi_k	Fungi_k	NA	fig4_q20_SE_itsxpress_unite	ITSxpress	SE	SE	ITSxpress	Fungi_k	Fungi_k
dcc55e98f520f9d97db040a6f18089ed	UNITE+BLAST	Ramularia	Ramularia_eucalypti	NA	fig4_q20_SE_itsxpress_unite	ITSxpress	SE	SE	ITSxpress	Ramularia	Ramularia_eucalypti
a8471a97a89292ee71b9e346420d69e1	UNITE+BLAST	Alternaria	Unclassified	NA	fig4_q20_SE_itsxpress_unite	ITSxpress	SE	SE	ITSxpress	Alternaria	Unclassified
ce09f92e8ab71b4062be2fcbf797fc29	UNITE+BLAST	Leptosillia	Unclassified	NA	fig4_q20_SE_itsxpress_unite	ITSxpress	SE	SE	ITSxpress	Leptosillia	Unclassified
387de4923eb7c1950b022e185327224b	UNITE+BLAST	Ascomycota_p	Ascomycota_p	NA	fig4_q20_SE_itsxpress_unite	ITSxpress	SE	SE	ITSxpress	Ascomycota_p	Ascomycota_p
36461ec46bb917ed47cd574fbefddef4	UNITE+BLAST	Neodevriesiaceae_f	Neodevriesiaceae_f	NA	fig4_q20_SE_itsxpress_unite	ITSxpress	SE	SE	ITSxpress	Neodevriesiaceae_f	Neodevriesiaceae_f
6a0e3aee96bfc2772cd53575935a9820	UNITE+BLAST	Alternaria	Unclassified	NA	fig4_q20_SE_itsxpress_unite	ITSxpress	SE	SE	ITSxpress	Alternaria	Unclassified
b4a8a1f40ecc093214c054a7af48b735	UNITE+BLAST	Schizophyllum	Schizophyllum_commune	NA	fig4_q20_SE_itsxpress_unite	ITSxpress	SE	SE	ITSxpress	Schizophyllum	Schizophyllum_commune
930b8a3cd5c6bff069c9063a99cd4afc	UNITE+BLAST	Xylodon	Xylodon_flaviporus	NA	fig4_q20_SE_itsxpress_unite	ITSxpress	SE	SE	ITSxpress	Xylodon	Xylodon_flaviporus
8f49b9d94608f4db3a83e066440a1940	UNITE+BLAST	Cystofilobasidium	Cystofilobasidium_capitatum	NA	fig4_q20_SE_itsxpress_unite	ITSxpress	SE	SE	ITSxpress	Cystofilobasidium	Cystofilobasidium_capitatum
e2e8f8a61f71f233f0988be837ebde76	UNITE+BLAST	Schizophyllum	Schizophyllum_commune	NA	fig4_q20_SE_itsxpress_unite	ITSxpress	SE	SE	ITSxpress	Schizophyllum	Schizophyllum_commune
5abc90d2b893634cb4e369cb1b289c56	UNITE+BLAST	Xylodon	Xylodon_exilis	NA	fig4_q20_SE_itsxpress_unite	ITSxpress	SE	SE	ITSxpress	Xylodon	Xylodon_exilis
97453ab30a3666143045f217f306c8ce	UNITE+BLAST	Hyphodontia	Hyphodontia_tropica	NA	fig4_q20_SE_itsxpress_unite	ITSxpress	SE	SE	ITSxpress	Hyphodontia	Hyphodontia_tropica
9e0921e5bbd7ecf4d47f5134c8ca0d2a	UNITE+BLAST	Ophiosphaerella	Ophiosphaerella_chiangraiensis	NA	fig4_q20_SE_itsxpress_unite	ITSxpress	SE	SE	ITSxpress	Ophiosphaerella	Ophiosphaerella_chiangraiensis
67ac12c36ed74bf4b2ab4e260b63d49b	UNITE+BLAST	Polyporales_o	Polyporales_o	NA	fig4_q20_SE_itsxpress_unite	ITSxpress	SE	SE	ITSxpress	Polyporales_o	Polyporales_o
9a5e816b64a377469b4612b58111273e	UNITE+BLAST	Polyporales_o	Polyporales_o	NA	fig4_q20_SE_itsxpress_unite	ITSxpress	SE	SE	ITSxpress	Polyporales_o	Polyporales_o
6f34c4e55147d909ea49aec08ad12131	UNITE+BLAST	Pluteus	Pluteus_castroae	NA	fig4_q20_SE_itsxpress_unite	ITSxpress	SE	SE	ITSxpress	Pluteus	Pluteus_castroae
6e798e8bc9548a371c93ba316db79db7	UNITE+BLAST	Schizoporaceae_f	Schizoporaceae_f	NA	fig4_q20_SE_itsxpress_unite	ITSxpress	SE	SE	ITSxpress	Schizoporaceae_f	Schizoporaceae_f
ade857cfb8ef5522b94a08582fd1f830	UNITE+BLAST	Candolleomyces	Unclassified	NA	fig4_q20_SE_itsxpress_unite	ITSxpress	SE	SE	ITSxpress	Candolleomyces	Unclassified
12c2997f0d90a475f5ebdb10a5bc0738	UNITE+BLAST	Peniophorella	Peniophorella_crystallifera	NA	fig4_q20_SE_itsxpress_unite	ITSxpress	SE	SE	ITSxpress	Peniophorella	Peniophorella_crystallifera
d5a162c1881d5469ff29b9b9f460e83b	UNITE+BLAST	Ascomycota_p	Ascomycota_p	NA	fig4_q20_SE_itsxpress_unite	ITSxpress	SE	SE	ITSxpress	Ascomycota_p	Ascomycota_p
c522712a9fcdfa1fb6cfe40fc5b9cd9d	UNITE+BLAST	Sporobolomyces	Sporobolomyces_ruberrimus	NA	fig4_q20_SE_itsxpress_unite	ITSxpress	SE	SE	ITSxpress	Sporobolomyces	Sporobolomyces_ruberrimus
1aa1322a555933d26756115adcdd8306	UNITE+BLAST	Amphisphaeriales_o	Amphisphaeriales_o	NA	fig4_q20_SE_itsxpress_unite	ITSxpress	SE	SE	ITSxpress	Amphisphaeriales_o	Amphisphaeriales_o
83655ec6fed41d9301498ede33f9fe72	UNITE+BLAST	Stereaceae_f	Stereaceae_f	NA	fig4_q20_SE_itsxpress_unite	ITSxpress	SE	SE	ITSxpress	Stereaceae_f	Stereaceae_f
6a61a350e7bb425e4a7e3b25c45451ba	UNITE+BLAST	Botryobasidium	Unclassified	NA	fig4_q20_SE_itsxpress_unite	ITSxpress	SE	SE	ITSxpress	Botryobasidium	Unclassified
adddbb74b1a69c541419b3c1ae222b0b	UNITE+BLAST	Coprinellus	Unclassified	NA	fig4_q20_SE_itsxpress_unite	ITSxpress	SE	SE	ITSxpress	Coprinellus	Unclassified
d06ee85ecbb1b97b12f84c0d16ead2e3	UNITE+BLAST	Botrytis	Botrytis_caroliniana	NA	fig4_q20_SE_itsxpress_unite	ITSxpress	SE	SE	ITSxpress	Botrytis	Botrytis_caroliniana
d03b42d094fc26abc401a439481e5e12	UNITE+BLAST	Diatrypaceae_f	Diatrypaceae_f	NA	fig4_q20_SE_itsxpress_unite	ITSxpress	SE	SE	ITSxpress	Diatrypaceae_f	Diatrypaceae_f
ac2a41d13de2fdfe15a3f03b5f738401	UNITE+BLAST	Trametes	Trametes_pubescens	NA	fig4_q20_SE_itsxpress_unite	ITSxpress	SE	SE	ITSxpress	Trametes	Trametes_pubescens
8e0a7cf611e2ea31a051956de91b5e05	UNITE+BLAST	Mycoaciella	Mycoaciella_efibulata	NA	fig4_q20_SE_itsxpress_unite	ITSxpress	SE	SE	ITSxpress	Mycoaciella	Mycoaciella_efibulata
f9f91a446fab387b809e7566d97ae0ea	UNITE+BLAST	Polyporales_o	Polyporales_o	NA	fig4_q20_SE_itsxpress_unite	ITSxpress	SE	SE	ITSxpress	Polyporales_o	Polyporales_o
66c79def06f0cc568a831f7334ed3eda	UNITE+BLAST	Coprinopsis	Coprinopsis_urticicola	NA	fig4_q20_SE_itsxpress_unite	ITSxpress	SE	SE	ITSxpress	Coprinopsis	Coprinopsis_urticicola
4bdd63f3ce013725020177990c0f88b4	UNITE+BLAST	Candolleomyces	Unclassified	NA	fig4_q20_SE_itsxpress_unite	ITSxpress	SE	SE	ITSxpress	Candolleomyces	Unclassified
676abaa08ae3e87d0d6ca4eec8171cb4	UNITE+BLAST	Peniophorella	Peniophorella_pubera	NA	fig4_q20_SE_itsxpress_unite	ITSxpress	SE	SE	ITSxpress	Peniophorella	Peniophorella_pubera
c89bc141df239be15bf707bdd443fa11	UNITE+BLAST	Dissoconium	Unclassified	NA	fig4_q20_SE_itsxpress_unite	ITSxpress	SE	SE	ITSxpress	Dissoconium	Unclassified
78f1ff03d895408d0bbfc76f894befec	UNITE+BLAST	Parastagonospora	Unclassified	NA	fig4_q20_SE_itsxpress_unite	ITSxpress	SE	SE	ITSxpress	Parastagonospora	Unclassified
92773ca624ac5e50008077f8db4af76f	UNITE+BLAST	Sistotremastrum	Unclassified	NA	fig4_q20_SE_itsxpress_unite	ITSxpress	SE	SE	ITSxpress	Sistotremastrum	Unclassified
f8b9d66d9e1a866ff5a14ad5c8c4991a	UNITE+BLAST	Polyporales_o	Polyporales_o	NA	fig4_q20_SE_itsxpress_unite	ITSxpress	SE	SE	ITSxpress	Polyporales_o	Polyporales_o
